Episode,Score,Total Steps,Death,Epsilon
1, 0, 4, Status.WALL, 1.0
2, 0, 5, Status.WALL, 0.995
3, 0, 21, Status.WALL, 0.990025
4, 0, 15, Status.WALL, 0.985074875
5, 0, 23, Status.WALL, 0.9801495006250001
6, 1, 15, Status.WALL, 0.9752487531218751
7, 0, 19, Status.WALL, 0.9703725093562657
8, 0, 8, Status.WALL, 0.9655206468094844
9, 0, 5, Status.WALL, 0.960693043575437
10, 0, 26, Status.WALL, 0.9558895783575597
11, 0, 15, Status.WALL, 0.9511101304657719
12, 0, 8, Status.WALL, 0.946354579813443
13, 0, 11, Status.WALL, 0.9416228069143757
14, 0, 8, Status.WALL, 0.9369146928798039
15, 0, 10, Status.WALL, 0.9322301194154049
16, 0, 30, Status.WALL, 0.9275689688183278
17, 0, 31, Status.WALL, 0.9229311239742362
18, 0, 8, Status.WALL, 0.918316468354365
19, 0, 10, Status.WALL, 0.9137248860125932
20, 1, 13, Status.WALL, 0.9091562615825302
21, 0, 15, Status.WALL, 0.9046104802746175
22, 0, 6, Status.WALL, 0.9000874278732445
23, 0, 8, Status.WALL, 0.8955869907338783
24, 0, 11, Status.WALL, 0.8911090557802088
25, 0, 11, Status.WALL, 0.8866535105013078
26, 0, 21, Status.WALL, 0.8822202429488013
27, 0, 5, Status.WALL, 0.8778091417340573
28, 0, 14, Status.WALL, 0.8734200960253871
29, 0, 19, Status.WALL, 0.8690529955452602
30, 0, 16, Status.WALL, 0.8647077305675338
31, 0, 23, Status.WALL, 0.8603841919146962
32, 0, 6, Status.WALL, 0.8560822709551227
33, 0, 5, Status.WALL, 0.851801859600347
34, 0, 13, Status.WALL, 0.8475428503023453
35, 0, 12, Status.WALL, 0.8433051360508336
36, 1, 7, Status.SNAKE, 0.8390886103705794
37, 0, 55, Status.WALL, 0.8348931673187264
38, 1, 23, Status.SNAKE, 0.8307187014821328
39, 0, 9, Status.WALL, 0.8265651079747222
40, 0, 11, Status.WALL, 0.8224322824348486
41, 0, 11, Status.WALL, 0.8183201210226743
42, 0, 4, Status.WALL, 0.8142285204175609
43, 0, 10, Status.WALL, 0.810157377815473
44, 0, 11, Status.WALL, 0.8061065909263957
45, 0, 20, Status.WALL, 0.8020760579717637
46, 0, 8, Status.WALL, 0.798065677681905
47, 0, 15, Status.WALL, 0.7940753492934954
48, 0, 36, Status.WALL, 0.7901049725470279
49, 0, 20, Status.WALL, 0.7861544476842928
50, 1, 17, Status.WALL, 0.7822236754458713
51, 1, 10, Status.WALL, 0.778312557068642
52, 0, 13, Status.WALL, 0.7744209942832988
53, 1, 14, Status.SNAKE, 0.7705488893118823
54, 0, 13, Status.WALL, 0.7666961448653229
55, 1, 16, Status.WALL, 0.7628626641409962
56, 0, 12, Status.WALL, 0.7590483508202912
57, 0, 4, Status.WALL, 0.7552531090661897
58, 0, 18, Status.WALL, 0.7514768435208588
59, 0, 15, Status.WALL, 0.7477194593032545
60, 0, 48, Status.WALL, 0.7439808620067382
61, 0, 6, Status.WALL, 0.7402609576967045
62, 0, 10, Status.WALL, 0.736559652908221
63, 1, 16, Status.SNAKE, 0.7328768546436799
64, 1, 16, Status.WALL, 0.7292124703704616
65, 0, 9, Status.WALL, 0.7255664080186093
66, 0, 11, Status.WALL, 0.7219385759785162
67, 1, 9, Status.WALL, 0.7183288830986236
68, 0, 9, Status.WALL, 0.7147372386831305
69, 0, 6, Status.WALL, 0.7111635524897149
70, 2, 11, Status.WALL, 0.7076077347272662
71, 0, 11, Status.WALL, 0.7040696960536299
72, 1, 40, Status.WALL, 0.7005493475733617
73, 2, 53, Status.WALL, 0.697046600835495
74, 1, 8, Status.WALL, 0.6935613678313175
75, 0, 11, Status.WALL, 0.6900935609921609
76, 0, 20, Status.WALL, 0.6866430931872001
77, 0, 6, Status.WALL, 0.6832098777212641
78, 0, 5, Status.WALL, 0.6797938283326578
79, 0, 40, Status.WALL, 0.6763948591909945
80, 1, 49, Status.WALL, 0.6730128848950395
81, 1, 17, Status.WALL, 0.6696478204705644
82, 2, 41, Status.WALL, 0.6662995813682115
83, 0, 14, Status.WALL, 0.6629680834613705
84, 1, 17, Status.SNAKE, 0.6596532430440636
85, 1, 21, Status.WALL, 0.6563549768288433
86, 0, 7, Status.WALL, 0.653073201944699
87, 0, 12, Status.WALL, 0.6498078359349755
88, 1, 20, Status.SNAKE, 0.6465587967553006
89, 2, 22, Status.WALL, 0.6433260027715241
90, 0, 13, Status.WALL, 0.6401093727576664
91, 0, 19, Status.WALL, 0.6369088258938781
92, 1, 44, Status.SNAKE, 0.6337242817644086
93, 1, 16, Status.SNAKE, 0.6305556603555866
94, 0, 17, Status.WALL, 0.6274028820538087
95, 0, 9, Status.WALL, 0.6242658676435396
96, 0, 11, Status.WALL, 0.6211445383053219
97, 0, 7, Status.WALL, 0.6180388156137953
98, 1, 9, Status.SNAKE, 0.6149486215357263
99, 0, 13, Status.WALL, 0.6118738784280476
100, 1, 15, Status.WALL, 0.6088145090359074
101, 1, 54, Status.SNAKE, 0.6057704364907278
102, 1, 31, Status.WALL, 0.6027415843082742
103, 0, 8, Status.WALL, 0.5997278763867329
104, 0, 29, Status.WALL, 0.5967292370047992
105, 2, 24, Status.WALL, 0.5937455908197752
106, 0, 9, Status.WALL, 0.5907768628656763
107, 0, 14, Status.WALL, 0.5878229785513479
108, 0, 27, Status.WALL, 0.5848838636585911
109, 1, 26, Status.WALL, 0.5819594443402982
110, 1, 29, Status.SNAKE, 0.5790496471185967
111, 0, 12, Status.WALL, 0.5761543988830038
112, 1, 6, Status.WALL, 0.5732736268885887
113, 3, 35, Status.WALL, 0.5704072587541458
114, 1, 9, Status.WALL, 0.567555222460375
115, 2, 17, Status.WALL, 0.5647174463480732
116, 0, 6, Status.WALL, 0.5618938591163328
117, 1, 28, Status.SNAKE, 0.5590843898207511
118, 1, 11, Status.SNAKE, 0.5562889678716474
119, 1, 32, Status.WALL, 0.5535075230322891
120, 0, 12, Status.WALL, 0.5507399854171277
121, 0, 19, Status.WALL, 0.547986285490042
122, 0, 12, Status.WALL, 0.5452463540625918
123, 1, 15, Status.WALL, 0.5425201222922789
124, 3, 22, Status.SNAKE, 0.5398075216808175
125, 1, 7, Status.WALL, 0.5371084840724134
126, 0, 19, Status.WALL, 0.5344229416520513
127, 1, 20, Status.SNAKE, 0.531750826943791
128, 2, 24, Status.SNAKE, 0.5290920728090721
129, 4, 20, Status.SNAKE, 0.5264466124450268
130, 1, 21, Status.WALL, 0.5238143793828016
131, 0, 5, Status.WALL, 0.5211953074858876
132, 0, 8, Status.WALL, 0.5185893309484582
133, 0, 31, Status.WALL, 0.5159963842937159
134, 1, 46, Status.SNAKE, 0.5134164023722473
135, 2, 46, Status.WALL, 0.510849320360386
136, 1, 9, Status.SNAKE, 0.5082950737585841
137, 0, 27, Status.WALL, 0.5057535983897912
138, 0, 6, Status.WALL, 0.5032248303978422
139, 2, 32, Status.SNAKE, 0.500708706245853
140, 0, 16, Status.WALL, 0.4982051627146237
141, 1, 10, Status.WALL, 0.49571413690105054
142, 1, 11, Status.SNAKE, 0.4932355662165453
143, 1, 23, Status.SNAKE, 0.4907693883854626
144, 0, 8, Status.WALL, 0.4883155414435353
145, 0, 30, Status.WALL, 0.4858739637363176
146, 0, 9, Status.WALL, 0.483444593917636
147, 1, 15, Status.WALL, 0.4810273709480478
148, 0, 11, Status.WALL, 0.47862223409330756
149, 1, 21, Status.WALL, 0.47622912292284103
150, 2, 103, Status.WALL, 0.4738479773082268
151, 0, 8, Status.WALL, 0.47147873742168567
152, 1, 30, Status.SNAKE, 0.46912134373457726
153, 2, 36, Status.WALL, 0.46677573701590436
154, 0, 14, Status.WALL, 0.46444185833082485
155, 1, 15, Status.SNAKE, 0.46211964903917074
156, 0, 6, Status.WALL, 0.4598090507939749
157, 0, 29, Status.WALL, 0.457510005540005
158, 0, 14, Status.WALL, 0.45522245551230495
159, 1, 10, Status.WALL, 0.4529463432347434
160, 3, 25, Status.SNAKE, 0.4506816115185697
161, 1, 7, Status.SNAKE, 0.4484282034609769
162, 5, 40, Status.WALL, 0.446186062443672
163, 1, 23, Status.SNAKE, 0.4439551321314536
164, 1, 13, Status.SNAKE, 0.4417353564707963
165, 0, 6, Status.WALL, 0.43952667968844233
166, 5, 59, Status.SNAKE, 0.43732904629000013
167, 0, 6, Status.WALL, 0.4351424010585501
168, 0, 14, Status.WALL, 0.43296668905325736
169, 0, 13, Status.WALL, 0.43080185560799106
170, 1, 35, Status.SNAKE, 0.4286478463299511
171, 0, 5, Status.WALL, 0.42650460709830135
172, 0, 14, Status.WALL, 0.42437208406280985
173, 0, 5, Status.WALL, 0.4222502236424958
174, 2, 16, Status.WALL, 0.42013897252428334
175, 1, 6, Status.WALL, 0.4180382776616619
176, 2, 40, Status.SNAKE, 0.4159480862733536
177, 2, 13, Status.WALL, 0.41386834584198684
178, 1, 4, Status.SNAKE, 0.4117990041127769
179, 0, 22, Status.WALL, 0.40974000909221303
180, 2, 33, Status.SNAKE, 0.40769130904675194
181, 1, 5, Status.WALL, 0.40565285250151817
182, 1, 4, Status.WALL, 0.4036245882390106
183, 0, 13, Status.WALL, 0.4016064652978155
184, 3, 17, Status.SNAKE, 0.3995984329713264
185, 1, 5, Status.WALL, 0.3976004408064698
186, 0, 6, Status.WALL, 0.39561243860243744
187, 3, 9, Status.WALL, 0.3936343764094253
188, 2, 18, Status.WALL, 0.39166620452737816
189, 3, 30, Status.SNAKE, 0.3897078735047413
190, 0, 20, Status.WALL, 0.3877593341372176
191, 1, 10, Status.SNAKE, 0.3858205374665315
192, 2, 22, Status.WALL, 0.38389143477919885
193, 0, 6, Status.WALL, 0.3819719776053028
194, 1, 12, Status.WALL, 0.3800621177172763
195, 1, 13, Status.SNAKE, 0.37816180712868996
196, 2, 30, Status.WALL, 0.37627099809304654
197, 1, 7, Status.WALL, 0.3743896431025813
198, 1, 12, Status.SNAKE, 0.37251769488706843
199, 1, 53, Status.WALL, 0.3706551064126331
200, 2, 32, Status.WALL, 0.36880183088056995
201, 2, 31, Status.SNAKE, 0.3669578217261671
202, 1, 10, Status.WALL, 0.36512303261753626
203, 1, 20, Status.WALL, 0.3632974174544486
204, 2, 19, Status.SNAKE, 0.3614809303671764
205, 1, 17, Status.SNAKE, 0.3596735257153405
206, 1, 10, Status.WALL, 0.3578751580867638
207, 3, 33, Status.SNAKE, 0.35608578229633
208, 0, 15, Status.WALL, 0.3543053533848483
209, 1, 26, Status.SNAKE, 0.35253382661792404
210, 2, 21, Status.SNAKE, 0.3507711574848344
211, 2, 27, Status.SNAKE, 0.34901730169741024
212, 1, 9, Status.SNAKE, 0.3472722151889232
213, 2, 56, Status.WALL, 0.3455358541129786
214, 0, 6, Status.WALL, 0.3438081748424137
215, 0, 5, Status.WALL, 0.3420891339682016
216, 1, 17, Status.SNAKE, 0.3403786882983606
217, 3, 21, Status.SNAKE, 0.3386767948568688
218, 2, 39, Status.WALL, 0.33698341088258443
219, 1, 8, Status.WALL, 0.3352984938281715
220, 2, 20, Status.WALL, 0.33362200135903064
221, 0, 8, Status.WALL, 0.33195389135223546
222, 0, 12, Status.WALL, 0.3302941218954743
223, 2, 15, Status.WALL, 0.32864265128599696
224, 0, 8, Status.WALL, 0.326999438029567
225, 0, 7, Status.WALL, 0.3253644408394192
226, 4, 57, Status.SNAKE, 0.3237376186352221
227, 4, 21, Status.WALL, 0.322118930542046
228, 2, 39, Status.WALL, 0.32050833588933575
229, 2, 6, Status.SNAKE, 0.31890579420988907
230, 0, 13, Status.WALL, 0.3173112652388396
231, 1, 33, Status.WALL, 0.3157247089126454
232, 3, 16, Status.SNAKE, 0.3141460853680822
233, 1, 7, Status.WALL, 0.3125753549412418
234, 0, 8, Status.WALL, 0.31101247816653554
235, 1, 9, Status.WALL, 0.30945741577570285
236, 2, 16, Status.SNAKE, 0.3079101286968243
237, 1, 15, Status.SNAKE, 0.3063705780533402
238, 1, 7, Status.WALL, 0.30483872516307353
239, 3, 23, Status.WALL, 0.3033145315372582
240, 1, 18, Status.SNAKE, 0.3017979588795719
241, 0, 5, Status.WALL, 0.30028896908517405
242, 2, 23, Status.SNAKE, 0.2987875242397482
243, 3, 29, Status.SNAKE, 0.29729358661854943
244, 1, 6, Status.SNAKE, 0.29580711868545667
245, 3, 20, Status.SNAKE, 0.2943280830920294
246, 1, 6, Status.SNAKE, 0.29285644267656924
247, 2, 27, Status.SNAKE, 0.2913921604631864
248, 4, 20, Status.SNAKE, 0.28993519966087045
249, 0, 8, Status.WALL, 0.2884855236625661
250, 3, 27, Status.SNAKE, 0.28704309604425327
251, 1, 21, Status.WALL, 0.285607880564032
252, 7, 50, Status.SNAKE, 0.28417984116121187
253, 7, 35, Status.SNAKE, 0.2827589419554058
254, 1, 27, Status.WALL, 0.28134514724562876
255, 2, 17, Status.WALL, 0.2799384215094006
256, 5, 60, Status.WALL, 0.27853872940185365
257, 2, 25, Status.SNAKE, 0.27714603575484437
258, 1, 12, Status.WALL, 0.2757603055760701
259, 3, 29, Status.SNAKE, 0.2743815040481898
260, 1, 7, Status.SNAKE, 0.2730095965279488
261, 1, 13, Status.WALL, 0.27164454854530906
262, 0, 21, Status.WALL, 0.2702863258025825
263, 2, 8, Status.WALL, 0.2689348941735696
264, 1, 16, Status.WALL, 0.26759021970270175
265, 3, 43, Status.WALL, 0.2662522686041882
266, 5, 39, Status.SNAKE, 0.2649210072611673
267, 1, 9, Status.SNAKE, 0.26359640222486147
268, 1, 3, Status.SNAKE, 0.26227842021373715
269, 1, 15, Status.SNAKE, 0.2609670281126685
270, 4, 19, Status.SNAKE, 0.25966219297210513
271, 3, 41, Status.SNAKE, 0.2583638820072446
272, 1, 8, Status.WALL, 0.2570720625972084
273, 2, 25, Status.WALL, 0.25578670228422234
274, 2, 11, Status.WALL, 0.25450776877280124
275, 2, 29, Status.WALL, 0.2532352299289372
276, 2, 24, Status.WALL, 0.2519690537792925
277, 2, 12, Status.WALL, 0.2507092085103961
278, 2, 23, Status.SNAKE, 0.2494556624678441
279, 2, 20, Status.SNAKE, 0.24820838415550486
280, 1, 11, Status.SNAKE, 0.24696734223472733
281, 1, 25, Status.SNAKE, 0.2457325055235537
282, 2, 22, Status.WALL, 0.24450384299593592
283, 3, 14, Status.SNAKE, 0.24328132378095624
284, 2, 29, Status.SNAKE, 0.24206491716205145
285, 6, 54, Status.SNAKE, 0.2408545925762412
286, 2, 30, Status.SNAKE, 0.23965031961336
287, 1, 6, Status.SNAKE, 0.2384520680152932
288, 4, 40, Status.WALL, 0.23725980767521673
289, 2, 24, Status.SNAKE, 0.23607350863684065
290, 0, 13, Status.WALL, 0.23489314109365644
291, 0, 6, Status.WALL, 0.23371867538818816
292, 1, 18, Status.SNAKE, 0.23255008201124722
293, 5, 71, Status.WALL, 0.231387331601191
294, 1, 8, Status.WALL, 0.23023039494318503
295, 2, 31, Status.SNAKE, 0.2290792429684691
296, 0, 5, Status.WALL, 0.22793384675362674
297, 2, 16, Status.SNAKE, 0.22679417751985861
298, 0, 8, Status.WALL, 0.22566020663225933
299, 1, 10, Status.SNAKE, 0.22453190559909803
300, 4, 28, Status.SNAKE, 0.22340924607110255
301, 1, 12, Status.SNAKE, 0.22229219984074702
302, 1, 3, Status.SNAKE, 0.2211807388415433
303, 3, 24, Status.WALL, 0.22007483514733558
304, 1, 20, Status.WALL, 0.2189744609715989
305, 2, 14, Status.WALL, 0.2178795886667409
306, 1, 12, Status.SNAKE, 0.2167901907234072
307, 5, 31, Status.SNAKE, 0.21570623976979014
308, 1, 9, Status.WALL, 0.21462770857094118
309, 7, 37, Status.WALL, 0.21355457002808648
310, 0, 6, Status.WALL, 0.21248679717794605
311, 1, 10, Status.SNAKE, 0.21142436319205632
312, 1, 11, Status.SNAKE, 0.21036724137609603
313, 1, 15, Status.WALL, 0.20931540516921554
314, 4, 21, Status.WALL, 0.20826882814336947
315, 3, 13, Status.SNAKE, 0.20722748400265262
316, 3, 21, Status.WALL, 0.20619134658263935
317, 2, 18, Status.WALL, 0.20516038984972615
318, 2, 6, Status.SNAKE, 0.2041345879004775
319, 3, 22, Status.WALL, 0.2031139149609751
320, 3, 46, Status.SNAKE, 0.20209834538617025
321, 4, 41, Status.SNAKE, 0.2010878536592394
322, 1, 19, Status.SNAKE, 0.2000824143909432
323, 1, 23, Status.SNAKE, 0.19908200231898848
324, 1, 23, Status.SNAKE, 0.19808659230739353
325, 4, 62, Status.SNAKE, 0.19709615934585656
326, 2, 15, Status.WALL, 0.19611067854912728
327, 4, 26, Status.SNAKE, 0.19513012515638165
328, 5, 56, Status.WALL, 0.19415447453059972
329, 3, 48, Status.WALL, 0.19318370215794672
330, 5, 48, Status.WALL, 0.192217783647157
331, 1, 27, Status.SNAKE, 0.1912566947289212
332, 2, 31, Status.WALL, 0.1903004112552766
333, 0, 13, Status.WALL, 0.18934890919900021
334, 8, 57, Status.SNAKE, 0.18840216465300522
335, 3, 19, Status.SNAKE, 0.18746015382974018
336, 1, 9, Status.SNAKE, 0.1865228530605915
337, 4, 44, Status.SNAKE, 0.18559023879528855
338, 3, 52, Status.WALL, 0.1846622876013121
339, 0, 8, Status.WALL, 0.18373897616330553
340, 3, 40, Status.SNAKE, 0.182820281282489
341, 0, 14, Status.WALL, 0.18190617987607657
342, 2, 9, Status.SNAKE, 0.18099664897669618
343, 1, 25, Status.SNAKE, 0.1800916657318127
344, 11, 75, Status.SNAKE, 0.17919120740315364
345, 3, 34, Status.WALL, 0.17829525136613786
346, 2, 27, Status.SNAKE, 0.17740377510930716
347, 6, 36, Status.WALL, 0.17651675623376062
348, 3, 31, Status.WALL, 0.1756341724525918
349, 0, 9, Status.WALL, 0.17475600159032884
350, 5, 36, Status.SNAKE, 0.17388222158237718
351, 0, 8, Status.WALL, 0.1730128104744653
352, 1, 13, Status.WALL, 0.17214774642209296
353, 0, 9, Status.WALL, 0.1712870076899825
354, 2, 12, Status.SNAKE, 0.17043057265153258
355, 1, 10, Status.WALL, 0.16957841978827493
356, 2, 18, Status.WALL, 0.16873052768933355
357, 2, 18, Status.WALL, 0.1678868750508869
358, 2, 18, Status.SNAKE, 0.16704744067563246
359, 2, 10, Status.SNAKE, 0.1662122034722543
360, 2, 18, Status.WALL, 0.16538114245489302
361, 3, 40, Status.SNAKE, 0.16455423674261854
362, 4, 48, Status.SNAKE, 0.16373146555890544
363, 1, 3, Status.SNAKE, 0.16291280823111093
364, 6, 62, Status.WALL, 0.16209824418995536
365, 2, 13, Status.SNAKE, 0.16128775296900558
366, 1, 11, Status.SNAKE, 0.16048131420416054
367, 3, 29, Status.SNAKE, 0.15967890763313974
368, 5, 29, Status.WALL, 0.15888051309497406
369, 4, 23, Status.SNAKE, 0.1580861105294992
370, 5, 42, Status.SNAKE, 0.1572956799768517
371, 7, 62, Status.SNAKE, 0.15650920157696743
372, 7, 62, Status.SNAKE, 0.1557266555690826
373, 2, 12, Status.WALL, 0.1549480222912372
374, 7, 30, Status.SNAKE, 0.15417328217978102
375, 6, 42, Status.SNAKE, 0.1534024157688821
376, 3, 34, Status.SNAKE, 0.1526354036900377
377, 1, 17, Status.SNAKE, 0.1518722266715875
378, 3, 29, Status.WALL, 0.15111286553822956
379, 1, 18, Status.SNAKE, 0.15035730121053842
380, 4, 41, Status.SNAKE, 0.14960551470448571
381, 4, 39, Status.WALL, 0.14885748713096328
382, 6, 47, Status.SNAKE, 0.14811319969530845
383, 1, 15, Status.WALL, 0.1473726336968319
384, 1, 11, Status.WALL, 0.14663577052834775
385, 0, 8, Status.WALL, 0.14590259167570602
386, 2, 17, Status.SNAKE, 0.1451730787173275
387, 9, 105, Status.SNAKE, 0.14444721332374086
388, 1, 7, Status.SNAKE, 0.14372497725712216
389, 5, 38, Status.SNAKE, 0.14300635237083656
390, 1, 16, Status.SNAKE, 0.14229132060898236
391, 4, 44, Status.WALL, 0.14157986400593744
392, 1, 30, Status.SNAKE, 0.14087196468590776
393, 3, 31, Status.SNAKE, 0.14016760486247823
394, 4, 36, Status.SNAKE, 0.13946676683816583
395, 6, 34, Status.WALL, 0.138769433003975
396, 2, 21, Status.SNAKE, 0.13807558583895513
397, 2, 18, Status.WALL, 0.13738520790976036
398, 0, 5, Status.WALL, 0.13669828187021155
399, 4, 41, Status.SNAKE, 0.13601479046086049
400, 4, 29, Status.WALL, 0.1353347165085562
401, 1, 6, Status.SNAKE, 0.1346580429260134
402, 1, 11, Status.SNAKE, 0.13398475271138335
403, 2, 11, Status.SNAKE, 0.13331482894782642
404, 1, 15, Status.WALL, 0.13264825480308728
405, 5, 43, Status.SNAKE, 0.13198501352907185
406, 9, 86, Status.WALL, 0.1313250884614265
407, 4, 38, Status.SNAKE, 0.13066846301911936
408, 3, 30, Status.SNAKE, 0.13001512070402377
409, 2, 11, Status.SNAKE, 0.12936504510050365
410, 3, 23, Status.SNAKE, 0.12871821987500112
411, 1, 8, Status.WALL, 0.12807462877562611
412, 5, 43, Status.WALL, 0.12743425563174798
413, 2, 22, Status.SNAKE, 0.12679708435358925
414, 1, 11, Status.WALL, 0.1261630989318213
415, 0, 8, Status.WALL, 0.1255322834371622
416, 1, 8, Status.WALL, 0.12490462201997637
417, 2, 23, Status.WALL, 0.1242800989098765
418, 14, 104, Status.SNAKE, 0.12365869841532712
419, 7, 60, Status.WALL, 0.12304040492325048
420, 5, 33, Status.SNAKE, 0.12242520289863423
421, 8, 59, Status.SNAKE, 0.12181307688414106
422, 5, 27, Status.SNAKE, 0.12120401149972035
423, 7, 35, Status.WALL, 0.12059799144222175
424, 3, 24, Status.WALL, 0.11999500148501063
425, 3, 22, Status.WALL, 0.11939502647758558
426, 2, 24, Status.SNAKE, 0.11879805134519765
427, 2, 20, Status.SNAKE, 0.11820406108847166
428, 3, 29, Status.WALL, 0.1176130407830293
429, 5, 56, Status.WALL, 0.11702497557911415
430, 3, 18, Status.SNAKE, 0.11643985070121858
431, 1, 10, Status.WALL, 0.11585765144771248
432, 4, 35, Status.SNAKE, 0.11527836319047392
433, 5, 59, Status.WALL, 0.11470197137452155
434, 5, 26, Status.SNAKE, 0.11412846151764894
435, 0, 9, Status.WALL, 0.1135578192100607
436, 8, 87, Status.SNAKE, 0.11299003011401039
437, 3, 24, Status.SNAKE, 0.11242507996344034
438, 1, 8, Status.SNAKE, 0.11186295456362313
439, 3, 24, Status.SNAKE, 0.11130363979080501
440, 3, 19, Status.SNAKE, 0.11074712159185099
441, 1, 18, Status.WALL, 0.11019338598389174
442, 5, 34, Status.SNAKE, 0.10964241905397228
443, 6, 55, Status.SNAKE, 0.10909420695870241
444, 3, 36, Status.SNAKE, 0.1085487359239089
445, 1, 12, Status.WALL, 0.10800599224428936
446, 1, 9, Status.WALL, 0.10746596228306791
447, 1, 23, Status.WALL, 0.10692863247165257
448, 11, 95, Status.SNAKE, 0.1063939893092943
449, 0, 9, Status.WALL, 0.10586201936274783
450, 4, 32, Status.SNAKE, 0.10533270926593409
451, 5, 61, Status.SNAKE, 0.10480604571960442
452, 1, 6, Status.SNAKE, 0.1042820154910064
453, 6, 22, Status.WALL, 0.10376060541355137
454, 1, 9, Status.SNAKE, 0.1032418023864836
455, 1, 7, Status.WALL, 0.10272559337455119
456, 2, 14, Status.SNAKE, 0.10221196540767843
457, 1, 15, Status.SNAKE, 0.10170090558064004
458, 4, 44, Status.WALL, 0.10119240105273684
459, 2, 12, Status.SNAKE, 0.10068643904747315
460, 4, 18, Status.SNAKE, 0.10018300685223579
461, 3, 29, Status.SNAKE, 0.0996820918179746
462, 5, 36, Status.SNAKE, 0.09918368135888474
463, 1, 4, Status.SNAKE, 0.09868776295209031
464, 1, 10, Status.WALL, 0.09819432413732986
465, 1, 11, Status.WALL, 0.09770335251664321
466, 3, 25, Status.SNAKE, 0.09721483575406
467, 1, 8, Status.WALL, 0.09672876157528969
468, 1, 8, Status.WALL, 0.09624511776741324
469, 14, 109, Status.SNAKE, 0.09576389217857617
470, 7, 48, Status.SNAKE, 0.09528507271768329
471, 4, 24, Status.SNAKE, 0.09480864735409487
472, 6, 35, Status.SNAKE, 0.0943346041173244
473, 1, 24, Status.WALL, 0.09386293109673778
474, 2, 16, Status.WALL, 0.09339361644125409
475, 14, 117, Status.WALL, 0.09292664835904782
476, 5, 42, Status.WALL, 0.09246201511725258
477, 11, 95, Status.WALL, 0.09199970504166631
478, 9, 81, Status.SNAKE, 0.09153970651645797
479, 3, 23, Status.SNAKE, 0.09108200798387568
480, 2, 14, Status.SNAKE, 0.0906265979439563
481, 10, 97, Status.SNAKE, 0.09017346495423652
482, 7, 46, Status.SNAKE, 0.08972259762946533
483, 4, 30, Status.SNAKE, 0.089273984641318
484, 5, 26, Status.SNAKE, 0.0888276147181114
485, 2, 13, Status.SNAKE, 0.08838347664452084
486, 3, 15, Status.SNAKE, 0.08794155926129824
487, 7, 52, Status.SNAKE, 0.08750185146499175
488, 4, 28, Status.WALL, 0.08706434220766679
489, 0, 5, Status.WALL, 0.08662902049662846
490, 5, 39, Status.SNAKE, 0.08619587539414532
491, 1, 5, Status.SNAKE, 0.08576489601717459
492, 3, 19, Status.SNAKE, 0.08533607153708872
493, 3, 33, Status.SNAKE, 0.08490939117940327
494, 4, 31, Status.SNAKE, 0.08448484422350626
495, 4, 44, Status.SNAKE, 0.08406242000238873
496, 1, 13, Status.WALL, 0.08364210790237678
497, 16, 92, Status.WALL, 0.0832238973628649
498, 6, 58, Status.SNAKE, 0.08280777787605056
499, 11, 60, Status.WALL, 0.08239373898667031
500, 5, 38, Status.SNAKE, 0.08198177029173696
501, 0, 10, Status.WALL, 0.08157186144027828
502, 2, 19, Status.SNAKE, 0.0811640021330769
503, 2, 14, Status.WALL, 0.08075818212241151
504, 6, 46, Status.SNAKE, 0.08035439121179945
505, 3, 13, Status.SNAKE, 0.07995261925574046
506, 1, 5, Status.SNAKE, 0.07955285615946175
507, 12, 72, Status.SNAKE, 0.07915509187866444
508, 9, 61, Status.SNAKE, 0.07875931641927113
509, 5, 47, Status.WALL, 0.07836551983717477
510, 1, 9, Status.WALL, 0.07797369223798889
511, 2, 18, Status.WALL, 0.07758382377679894
512, 3, 15, Status.WALL, 0.07719590465791494
513, 6, 61, Status.SNAKE, 0.07680992513462537
514, 11, 63, Status.SNAKE, 0.07642587550895225
515, 4, 18, Status.WALL, 0.07604374613140748
516, 4, 39, Status.WALL, 0.07566352740075044
517, 3, 29, Status.WALL, 0.07528520976374668
518, 2, 16, Status.WALL, 0.07490878371492794
519, 8, 53, Status.SNAKE, 0.0745342397963533
520, 1, 13, Status.WALL, 0.07416156859737154
521, 1, 14, Status.WALL, 0.07379076075438468
522, 4, 43, Status.WALL, 0.07342180695061275
523, 3, 15, Status.WALL, 0.07305469791585968
524, 8, 56, Status.SNAKE, 0.07268942442628039
525, 8, 78, Status.SNAKE, 0.07232597730414898
526, 7, 52, Status.WALL, 0.07196434741762824
527, 1, 3, Status.SNAKE, 0.0716045256805401
528, 6, 63, Status.SNAKE, 0.0712465030521374
529, 2, 18, Status.SNAKE, 0.0708902705368767
530, 1, 25, Status.SNAKE, 0.07053581918419231
531, 3, 20, Status.SNAKE, 0.07018314008827135
532, 1, 8, Status.SNAKE, 0.06983222438783
533, 4, 26, Status.SNAKE, 0.06948306326589085
534, 2, 20, Status.SNAKE, 0.0691356479495614
535, 5, 38, Status.SNAKE, 0.06878996970981359
536, 4, 16, Status.SNAKE, 0.06844601986126451
537, 3, 20, Status.SNAKE, 0.06810378976195819
538, 5, 54, Status.SNAKE, 0.0677632708131484
539, 2, 12, Status.WALL, 0.06742445445908266
540, 4, 36, Status.WALL, 0.06708733218678724
541, 0, 6, Status.WALL, 0.0667518955258533
542, 6, 45, Status.SNAKE, 0.06641813604822402
543, 9, 57, Status.SNAKE, 0.0660860453679829
544, 1, 5, Status.SNAKE, 0.06575561514114299
545, 5, 43, Status.SNAKE, 0.06542683706543727
546, 8, 81, Status.SNAKE, 0.06509970288011008
547, 3, 22, Status.SNAKE, 0.06477420436570952
548, 4, 39, Status.WALL, 0.06445033334388098
549, 6, 48, Status.SNAKE, 0.06412808167716157
550, 2, 19, Status.WALL, 0.06380744126877576
551, 4, 34, Status.WALL, 0.06348840406243188
552, 2, 20, Status.SNAKE, 0.06317096204211972
553, 1, 11, Status.WALL, 0.06285510723190912
554, 4, 25, Status.SNAKE, 0.06254083169574957
555, 7, 33, Status.SNAKE, 0.062228127537270826
556, 6, 36, Status.WALL, 0.06191698689958447
557, 2, 16, Status.SNAKE, 0.061607401965086545
558, 7, 48, Status.SNAKE, 0.06129936495526111
559, 4, 49, Status.SNAKE, 0.0609928681304848
560, 2, 7, Status.WALL, 0.060687903789832374
561, 10, 63, Status.SNAKE, 0.06038446427088321
562, 9, 75, Status.WALL, 0.06008254194952879
563, 12, 74, Status.SNAKE, 0.05978212923978115
564, 2, 9, Status.SNAKE, 0.05948321859358224
565, 9, 69, Status.SNAKE, 0.05918580250061433
566, 9, 56, Status.SNAKE, 0.058889873488111255
567, 2, 23, Status.WALL, 0.058595424120670696
568, 6, 58, Status.WALL, 0.05830244700006734
569, 7, 40, Status.WALL, 0.058010934765067
570, 6, 51, Status.WALL, 0.05772088009124167
571, 4, 43, Status.WALL, 0.05743227569078546
572, 2, 14, Status.WALL, 0.05714511431233153
573, 8, 56, Status.SNAKE, 0.05685938874076987
574, 3, 7, Status.SNAKE, 0.056575091797066025
575, 10, 50, Status.SNAKE, 0.056292216338080694
576, 4, 25, Status.SNAKE, 0.05601075525639029
577, 3, 38, Status.SNAKE, 0.05573070148010834
578, 8, 48, Status.SNAKE, 0.0554520479727078
579, 9, 68, Status.SNAKE, 0.05517478773284426
580, 9, 75, Status.SNAKE, 0.05489891379418004
581, 3, 24, Status.WALL, 0.05462441922520914
582, 8, 81, Status.SNAKE, 0.0543512971290831
583, 8, 69, Status.WALL, 0.05407954064343768
584, 12, 84, Status.SNAKE, 0.05380914294022049
585, 5, 31, Status.SNAKE, 0.05354009722551939
586, 4, 27, Status.SNAKE, 0.05327239673939179
587, 1, 15, Status.WALL, 0.053006034755694834
588, 7, 52, Status.SNAKE, 0.052741004581916356
589, 3, 16, Status.SNAKE, 0.052477299559006776
590, 2, 8, Status.SNAKE, 0.052214913061211746
591, 5, 28, Status.SNAKE, 0.05195383849590569
592, 3, 14, Status.WALL, 0.05169406930342616
593, 5, 37, Status.SNAKE, 0.05143559895690903
594, 5, 27, Status.SNAKE, 0.051178420962124486
595, 4, 31, Status.SNAKE, 0.05092252885731386
596, 7, 77, Status.WALL, 0.05066791621302729
597, 2, 12, Status.WALL, 0.05041457663196215
598, 3, 23, Status.SNAKE, 0.050162503748802344
599, 1, 8, Status.WALL, 0.049911691230058335
600, 1, 7, Status.WALL, 0.04966213277390804
601, 8, 67, Status.SNAKE, 0.0494138221100385
602, 4, 29, Status.SNAKE, 0.04916675299948831
603, 0, 7, Status.WALL, 0.04892091923449087
604, 7, 50, Status.SNAKE, 0.04867631463831842
605, 1, 7, Status.SNAKE, 0.048432933065126825
606, 1, 8, Status.SNAKE, 0.048190768399801194
607, 2, 10, Status.WALL, 0.04794981455780219
608, 8, 50, Status.SNAKE, 0.04771006548501318
609, 3, 25, Status.SNAKE, 0.047471515157588115
610, 2, 14, Status.SNAKE, 0.047234157581800176
611, 3, 20, Status.SNAKE, 0.046997986793891174
612, 2, 13, Status.SNAKE, 0.04676299685992172
613, 9, 50, Status.SNAKE, 0.04652918187562211
614, 5, 28, Status.SNAKE, 0.046296535966244
615, 7, 57, Status.SNAKE, 0.046065053286412784
616, 6, 43, Status.SNAKE, 0.04583472801998072
617, 8, 46, Status.SNAKE, 0.045605554379880814
618, 4, 26, Status.SNAKE, 0.04537752660798141
619, 3, 25, Status.SNAKE, 0.0451506389749415
620, 3, 21, Status.SNAKE, 0.044924885780066794
621, 4, 26, Status.WALL, 0.04470026135116646
622, 8, 66, Status.SNAKE, 0.04447676004441063
623, 5, 38, Status.SNAKE, 0.04425437624418858
624, 7, 47, Status.SNAKE, 0.04403310436296763
625, 7, 35, Status.SNAKE, 0.043812938841152796
626, 1, 7, Status.WALL, 0.04359387414694703
627, 9, 77, Status.SNAKE, 0.043375904776212296
628, 8, 46, Status.WALL, 0.043159025252331236
629, 4, 32, Status.SNAKE, 0.04294323012606958
630, 7, 53, Status.SNAKE, 0.04272851397543923
631, 5, 32, Status.SNAKE, 0.04251487140556204
632, 10, 82, Status.WALL, 0.04230229704853423
633, 11, 86, Status.SNAKE, 0.04209078556329156
634, 3, 27, Status.SNAKE, 0.0418803316354751
635, 5, 28, Status.SNAKE, 0.041670929977297724
636, 4, 33, Status.WALL, 0.04146257532741124
637, 7, 41, Status.SNAKE, 0.04125526245077418
638, 4, 28, Status.SNAKE, 0.04104898613852031
639, 11, 84, Status.SNAKE, 0.04084374120782771
640, 9, 63, Status.WALL, 0.04063952250178857
641, 3, 17, Status.WALL, 0.04043632488927963
642, 3, 25, Status.SNAKE, 0.04023414326483323
643, 16, 122, Status.SNAKE, 0.040032972548509065
644, 12, 89, Status.SNAKE, 0.03983280768576652
645, 11, 119, Status.SNAKE, 0.03963364364733769
646, 4, 22, Status.SNAKE, 0.039435475429100995
647, 10, 70, Status.SNAKE, 0.03923829805195549
648, 5, 36, Status.SNAKE, 0.03904210656169572
649, 10, 78, Status.WALL, 0.03884689602888724
650, 9, 71, Status.SNAKE, 0.0386526615487428
651, 2, 7, Status.SNAKE, 0.03845939824099909
652, 5, 47, Status.WALL, 0.03826710124979409
653, 9, 59, Status.SNAKE, 0.038075765743545126
654, 7, 73, Status.SNAKE, 0.0378853869148274
655, 3, 29, Status.WALL, 0.03769595998025326
656, 8, 60, Status.SNAKE, 0.03750748018035199
657, 6, 34, Status.SNAKE, 0.037319942779450235
658, 2, 21, Status.SNAKE, 0.037133343065552986
659, 12, 69, Status.SNAKE, 0.03694767635022522
660, 4, 34, Status.WALL, 0.036762937968474095
661, 11, 84, Status.SNAKE, 0.03657912327863173
662, 3, 26, Status.WALL, 0.036396227662238566
663, 2, 11, Status.SNAKE, 0.03621424652392737
664, 8, 50, Status.SNAKE, 0.036033175291307735
665, 3, 13, Status.WALL, 0.03585300941485119
666, 7, 63, Status.SNAKE, 0.035673744367776934
667, 10, 79, Status.SNAKE, 0.03549537564593805
668, 11, 78, Status.SNAKE, 0.035317898767708356
669, 5, 45, Status.SNAKE, 0.03514130927386981
670, 13, 94, Status.WALL, 0.03496560272750046
671, 3, 28, Status.SNAKE, 0.03479077471386296
672, 4, 24, Status.SNAKE, 0.03461682084029365
673, 11, 79, Status.SNAKE, 0.034443736736092176
674, 9, 51, Status.SNAKE, 0.034271518052411715
675, 1, 7, Status.WALL, 0.034100160462149656
676, 11, 76, Status.WALL, 0.03392965965983891
677, 6, 60, Status.SNAKE, 0.033760011361539714
678, 1, 5, Status.SNAKE, 0.03359121130473201
679, 8, 44, Status.SNAKE, 0.033423255248208356
680, 1, 15, Status.WALL, 0.03325613897196732
681, 10, 53, Status.SNAKE, 0.03308985827710748
682, 1, 8, Status.SNAKE, 0.032924408985721944
683, 5, 42, Status.SNAKE, 0.03275978694079333
684, 4, 33, Status.WALL, 0.032595988006089364
685, 11, 100, Status.SNAKE, 0.032433008066058915
686, 10, 73, Status.SNAKE, 0.03227084302572862
687, 3, 31, Status.SNAKE, 0.032109488810599975
688, 2, 16, Status.SNAKE, 0.031948941366546975
689, 8, 59, Status.SNAKE, 0.03178919665971424
690, 18, 127, Status.WALL, 0.03163025067641567
691, 8, 49, Status.SNAKE, 0.03147209942303359
692, 4, 27, Status.SNAKE, 0.03131473892591842
693, 9, 66, Status.SNAKE, 0.031158165231288826
694, 22, 126, Status.SNAKE, 0.03100237440513238
695, 5, 22, Status.WALL, 0.030847362533106718
696, 2, 15, Status.WALL, 0.030693125720441184
697, 1, 12, Status.SNAKE, 0.030539660091838977
698, 5, 34, Status.SNAKE, 0.03038696179137978
699, 2, 14, Status.SNAKE, 0.030235026982422884
700, 5, 31, Status.SNAKE, 0.030083851847510768
701, 8, 43, Status.SNAKE, 0.029933432588273214
702, 7, 45, Status.SNAKE, 0.029783765425331846
703, 14, 85, Status.SNAKE, 0.029634846598205186
704, 13, 86, Status.SNAKE, 0.02948667236521416
705, 12, 82, Status.SNAKE, 0.029339239003388088
706, 18, 159, Status.SNAKE, 0.029192542808371146
707, 9, 56, Status.SNAKE, 0.02904658009432929
708, 9, 43, Status.SNAKE, 0.028901347193857643
709, 15, 100, Status.SNAKE, 0.028756840457888354
710, 8, 69, Status.SNAKE, 0.02861305625559891
711, 1, 7, Status.SNAKE, 0.028469990974320916
712, 13, 82, Status.SNAKE, 0.02832764101944931
713, 13, 85, Status.SNAKE, 0.028186002814352063
714, 9, 49, Status.SNAKE, 0.0280450728002803
715, 17, 125, Status.SNAKE, 0.0279048474362789
716, 5, 32, Status.SNAKE, 0.027765323199097504
717, 14, 103, Status.SNAKE, 0.027626496583102015
718, 2, 31, Status.SNAKE, 0.027488364100186506
719, 4, 37, Status.WALL, 0.027350922279685573
720, 5, 35, Status.WALL, 0.027214167668287145
721, 14, 80, Status.SNAKE, 0.02707809682994571
722, 15, 85, Status.SNAKE, 0.02694270634579598
723, 7, 43, Status.SNAKE, 0.026807992814067
724, 5, 25, Status.SNAKE, 0.026673952849996664
725, 4, 16, Status.WALL, 0.02654058308574668
726, 5, 27, Status.WALL, 0.026407880170317945
727, 5, 41, Status.WALL, 0.026275840769466357
728, 1, 10, Status.WALL, 0.026144461565619025
729, 9, 59, Status.SNAKE, 0.02601373925779093
730, 4, 29, Status.WALL, 0.025883670561501974
731, 13, 91, Status.SNAKE, 0.025754252208694463
732, 10, 59, Status.SNAKE, 0.02562548094765099
733, 6, 36, Status.SNAKE, 0.025497353542912736
734, 1, 7, Status.SNAKE, 0.02536986677519817
735, 7, 45, Status.SNAKE, 0.02524301744132218
736, 7, 55, Status.SNAKE, 0.025116802354115567
737, 11, 62, Status.SNAKE, 0.024991218342344988
738, 11, 50, Status.SNAKE, 0.024866262250633264
739, 3, 15, Status.SNAKE, 0.024741930939380097
740, 7, 45, Status.SNAKE, 0.024618221284683196
741, 1, 8, Status.WALL, 0.02449513017825978
742, 1, 15, Status.WALL, 0.02437265452736848
743, 14, 74, Status.SNAKE, 0.024250791254731636
744, 13, 70, Status.SNAKE, 0.024129537298457977
745, 10, 65, Status.WALL, 0.024008889611965685
746, 8, 44, Status.SNAKE, 0.023888845163905856
747, 6, 28, Status.WALL, 0.023769400938086327
748, 8, 39, Status.SNAKE, 0.023650553933395897
749, 6, 46, Status.SNAKE, 0.023532301163728918
750, 9, 46, Status.SNAKE, 0.023414639657910272
751, 2, 26, Status.SNAKE, 0.023297566459620722
752, 7, 48, Status.SNAKE, 0.023181078627322618
753, 3, 18, Status.WALL, 0.023065173234186005
754, 5, 41, Status.WALL, 0.022949847368015076
755, 17, 108, Status.SNAKE, 0.022835098131175
756, 8, 52, Status.SNAKE, 0.022720922640519125
757, 10, 75, Status.SNAKE, 0.02260731802731653
758, 8, 55, Status.SNAKE, 0.022494281437179946
759, 4, 29, Status.WALL, 0.022381810029994047
760, 5, 31, Status.SNAKE, 0.022269900979844076
761, 1, 9, Status.WALL, 0.022158551474944856
762, 9, 67, Status.SNAKE, 0.022047758717570132
763, 9, 51, Status.SNAKE, 0.021937519923982282
764, 18, 115, Status.SNAKE, 0.021827832324362372
765, 16, 80, Status.WALL, 0.02171869316274056
766, 11, 75, Status.SNAKE, 0.021610099696926857
767, 6, 32, Status.SNAKE, 0.021502049198442223
768, 13, 74, Status.SNAKE, 0.021394538952450012
769, 7, 38, Status.WALL, 0.02128756625768776
770, 2, 16, Status.WALL, 0.021181128426399323
771, 8, 41, Status.SNAKE, 0.021075222784267326
772, 3, 10, Status.WALL, 0.020969846670345987
773, 10, 69, Status.SNAKE, 0.020864997436994256
774, 4, 26, Status.WALL, 0.020760672449809284
775, 6, 38, Status.SNAKE, 0.020656869087560238
776, 6, 45, Status.SNAKE, 0.020553584742122436
777, 5, 19, Status.SNAKE, 0.020450816818411825
778, 16, 97, Status.WALL, 0.020348562734319765
779, 13, 88, Status.SNAKE, 0.020246819920648168
780, 5, 36, Status.SNAKE, 0.020145585821044927
781, 7, 57, Status.SNAKE, 0.020044857891939702
782, 20, 143, Status.WALL, 0.019944633602480003
783, 1, 24, Status.WALL, 0.019844910434467605
784, 5, 22, Status.SNAKE, 0.019745685882295267
785, 6, 47, Status.SNAKE, 0.01964695745288379
786, 9, 54, Status.SNAKE, 0.01954872266561937
787, 7, 56, Status.WALL, 0.019450979052291272
788, 2, 15, Status.SNAKE, 0.019353724157029815
789, 3, 17, Status.WALL, 0.019256955536244666
790, 12, 51, Status.SNAKE, 0.019160670758563442
791, 6, 22, Status.SNAKE, 0.019064867404770626
792, 11, 52, Status.SNAKE, 0.018969543067746772
793, 12, 66, Status.SNAKE, 0.018874695352408037
794, 8, 51, Status.WALL, 0.018780321875645996
795, 10, 78, Status.SNAKE, 0.018686420266267767
796, 10, 70, Status.SNAKE, 0.018592988164936427
797, 11, 80, Status.SNAKE, 0.018500023224111744
798, 11, 58, Status.SNAKE, 0.018407523107991184
799, 14, 98, Status.SNAKE, 0.01831548549245123
800, 14, 93, Status.SNAKE, 0.018223908064988973
801, 6, 49, Status.WALL, 0.018132788524664028
802, 6, 28, Status.SNAKE, 0.018042124582040707
803, 3, 21, Status.SNAKE, 0.017951913959130504
804, 3, 24, Status.SNAKE, 0.01786215438933485
805, 7, 45, Status.SNAKE, 0.017772843617388175
806, 12, 77, Status.SNAKE, 0.017683979399301233
807, 3, 24, Status.SNAKE, 0.017595559502304726
808, 9, 51, Status.SNAKE, 0.0175075817047932
809, 8, 37, Status.SNAKE, 0.017420043796269234
810, 14, 73, Status.SNAKE, 0.017332943577287888
811, 13, 67, Status.SNAKE, 0.01724627885940145
812, 3, 21, Status.SNAKE, 0.017160047465104442
813, 6, 33, Status.SNAKE, 0.01707424722777892
814, 7, 46, Status.SNAKE, 0.016988875991640028
815, 6, 48, Status.SNAKE, 0.016903931611681827
816, 3, 24, Status.WALL, 0.01681941195362342
817, 1, 6, Status.SNAKE, 0.016735314893855303
818, 12, 76, Status.SNAKE, 0.016651638319386028
819, 7, 43, Status.SNAKE, 0.0165683801277891
820, 3, 28, Status.SNAKE, 0.016485538227150154
821, 9, 69, Status.SNAKE, 0.0164031105360144
822, 8, 68, Status.SNAKE, 0.01632109498333433
823, 3, 13, Status.WALL, 0.016239489508417658
824, 6, 51, Status.SNAKE, 0.01615829206087557
825, 11, 84, Status.SNAKE, 0.01607750060057119
826, 12, 43, Status.SNAKE, 0.015997113097568336
827, 9, 46, Status.SNAKE, 0.015917127532080494
828, 7, 51, Status.SNAKE, 0.01583754189442009
829, 10, 95, Status.SNAKE, 0.01575835418494799
830, 4, 21, Status.SNAKE, 0.01567956241402325
831, 1, 11, Status.WALL, 0.015601164601953134
832, 7, 49, Status.SNAKE, 0.015523158778943369
833, 15, 103, Status.SNAKE, 0.015445542985048652
834, 9, 34, Status.SNAKE, 0.015368315270123408
835, 9, 48, Status.SNAKE, 0.01529147369377279
836, 8, 44, Status.WALL, 0.015215016325303928
837, 3, 35, Status.SNAKE, 0.015138941243677408
838, 7, 54, Status.SNAKE, 0.01506324653745902
839, 5, 39, Status.SNAKE, 0.014987930304771725
840, 12, 69, Status.SNAKE, 0.014912990653247866
841, 7, 37, Status.WALL, 0.014838425699981627
842, 10, 82, Status.SNAKE, 0.01476423357148172
843, 10, 77, Status.WALL, 0.014690412403624311
844, 2, 14, Status.SNAKE, 0.01461696034160619
845, 3, 16, Status.SNAKE, 0.014543875539898159
846, 11, 66, Status.SNAKE, 0.014471156162198668
847, 16, 123, Status.SNAKE, 0.014398800381387675
848, 14, 80, Status.WALL, 0.014326806379480736
849, 10, 74, Status.SNAKE, 0.014255172347583332
850, 6, 45, Status.SNAKE, 0.014183896485845416
851, 2, 7, Status.SNAKE, 0.014112977003416188
852, 8, 31, Status.SNAKE, 0.014042412118399107
853, 11, 83, Status.SNAKE, 0.013972200057807112
854, 1, 6, Status.SNAKE, 0.013902339057518077
855, 5, 29, Status.SNAKE, 0.013832827362230486
856, 7, 53, Status.SNAKE, 0.013763663225419333
857, 10, 81, Status.WALL, 0.013694844909292236
858, 2, 12, Status.SNAKE, 0.013626370684745774
859, 2, 22, Status.SNAKE, 0.013558238831322046
860, 13, 71, Status.SNAKE, 0.013490447637165436
861, 8, 42, Status.SNAKE, 0.013422995398979608
862, 1, 3, Status.SNAKE, 0.01335588042198471
863, 9, 86, Status.SNAKE, 0.013289101019874787
864, 9, 61, Status.SNAKE, 0.013222655514775413
865, 18, 123, Status.SNAKE, 0.013156542237201536
866, 9, 66, Status.SNAKE, 0.013090759526015528
867, 11, 90, Status.SNAKE, 0.01302530572838545
868, 8, 64, Status.SNAKE, 0.012960179199743523
869, 5, 48, Status.SNAKE, 0.012895378303744804
870, 4, 28, Status.SNAKE, 0.01283090141222608
871, 11, 94, Status.WALL, 0.012766746905164949
872, 17, 137, Status.SNAKE, 0.012702913170639124
873, 2, 19, Status.SNAKE, 0.012639398604785928
874, 3, 22, Status.SNAKE, 0.012576201611761997
875, 10, 64, Status.SNAKE, 0.012513320603703188
876, 13, 99, Status.SNAKE, 0.012450754000684672
877, 7, 41, Status.SNAKE, 0.012388500230681249
878, 1, 20, Status.SNAKE, 0.012326557729527843
879, 7, 36, Status.SNAKE, 0.012264924940880204
880, 12, 89, Status.SNAKE, 0.012203600316175803
881, 16, 101, Status.SNAKE, 0.012142582314594924
882, 3, 11, Status.SNAKE, 0.01208186940302195
883, 11, 94, Status.WALL, 0.01202146005600684
884, 4, 25, Status.SNAKE, 0.011961352755726806
885, 13, 98, Status.SNAKE, 0.01190154599194817
886, 8, 51, Status.SNAKE, 0.01184203826198843
887, 3, 18, Status.SNAKE, 0.011782828070678488
888, 6, 27, Status.SNAKE, 0.011723913930325095
889, 5, 43, Status.SNAKE, 0.01166529436067347
890, 6, 40, Status.SNAKE, 0.011606967888870102
891, 5, 32, Status.WALL, 0.01154893304942575
892, 18, 116, Status.SNAKE, 0.011491188384178622
893, 4, 18, Status.WALL, 0.011433732442257729
894, 7, 40, Status.WALL, 0.01137656378004644
895, 14, 123, Status.SNAKE, 0.011319680961146208
896, 6, 44, Status.WALL, 0.011263082556340478
897, 12, 90, Status.SNAKE, 0.011206767143558775
898, 7, 46, Status.WALL, 0.011150733307840981
899, 2, 22, Status.SNAKE, 0.011094979641301777
900, 18, 122, Status.SNAKE, 0.011039504743095268
901, 10, 63, Status.SNAKE, 0.01098430721937979
902, 13, 106, Status.SNAKE, 0.010929385683282892
903, 7, 45, Status.SNAKE, 0.010874738754866477
904, 13, 96, Status.SNAKE, 0.010820365061092144
905, 3, 25, Status.SNAKE, 0.010766263235786683
906, 10, 47, Status.SNAKE, 0.01071243191960775
907, 8, 57, Status.SNAKE, 0.010658869760009713
908, 3, 18, Status.SNAKE, 0.010605575411209664
909, 14, 96, Status.SNAKE, 0.010552547534153616
910, 5, 35, Status.SNAKE, 0.010499784796482848
911, 11, 84, Status.SNAKE, 0.010447285872500434
912, 2, 19, Status.WALL, 0.01039504944313793
913, 9, 70, Status.SNAKE, 0.010343074195922241
914, 7, 29, Status.SNAKE, 0.01029135882494263
915, 6, 43, Status.SNAKE, 0.010239902030817916
916, 5, 23, Status.WALL, 0.010188702520663827
917, 7, 51, Status.SNAKE, 0.010137759008060509
918, 18, 128, Status.SNAKE, 0.010087070213020206
919, 3, 16, Status.SNAKE, 0.010036634861955105
920, 5, 45, Status.SNAKE, 0.01
921, 10, 46, Status.WALL, 0.01
922, 7, 57, Status.SNAKE, 0.01
923, 12, 79, Status.SNAKE, 0.01
924, 6, 44, Status.SNAKE, 0.01
925, 9, 53, Status.SNAKE, 0.01
926, 7, 51, Status.WALL, 0.01
927, 13, 102, Status.WALL, 0.01
928, 18, 130, Status.SNAKE, 0.01
929, 15, 87, Status.SNAKE, 0.01
930, 1, 13, Status.WALL, 0.01
931, 12, 109, Status.WALL, 0.01
932, 2, 20, Status.WALL, 0.01
933, 15, 87, Status.SNAKE, 0.01
934, 6, 42, Status.SNAKE, 0.01
935, 5, 36, Status.WALL, 0.01
936, 14, 100, Status.WALL, 0.01
937, 13, 110, Status.SNAKE, 0.01
938, 4, 33, Status.SNAKE, 0.01
939, 9, 51, Status.SNAKE, 0.01
940, 7, 55, Status.SNAKE, 0.01
941, 4, 17, Status.SNAKE, 0.01
942, 6, 30, Status.SNAKE, 0.01
943, 16, 109, Status.WALL, 0.01
944, 19, 108, Status.SNAKE, 0.01
945, 2, 8, Status.WALL, 0.01
946, 9, 68, Status.SNAKE, 0.01
947, 4, 22, Status.SNAKE, 0.01
948, 16, 117, Status.SNAKE, 0.01
949, 1, 7, Status.WALL, 0.01
950, 7, 56, Status.SNAKE, 0.01
951, 7, 44, Status.SNAKE, 0.01
952, 21, 133, Status.SNAKE, 0.01
953, 8, 36, Status.WALL, 0.01
954, 2, 16, Status.WALL, 0.01
955, 9, 55, Status.SNAKE, 0.01
956, 9, 44, Status.SNAKE, 0.01
957, 7, 57, Status.SNAKE, 0.01
958, 14, 93, Status.SNAKE, 0.01
959, 5, 30, Status.SNAKE, 0.01
960, 11, 106, Status.SNAKE, 0.01
961, 4, 41, Status.WALL, 0.01
962, 3, 16, Status.SNAKE, 0.01
963, 5, 33, Status.SNAKE, 0.01
964, 4, 37, Status.SNAKE, 0.01
965, 5, 22, Status.SNAKE, 0.01
966, 16, 107, Status.WALL, 0.01
967, 7, 39, Status.SNAKE, 0.01
968, 5, 34, Status.SNAKE, 0.01
969, 11, 70, Status.SNAKE, 0.01
970, 10, 56, Status.SNAKE, 0.01
971, 5, 34, Status.SNAKE, 0.01
972, 16, 134, Status.SNAKE, 0.01
973, 6, 38, Status.SNAKE, 0.01
974, 1, 4, Status.SNAKE, 0.01
975, 10, 82, Status.SNAKE, 0.01
976, 5, 34, Status.SNAKE, 0.01
977, 16, 91, Status.SNAKE, 0.01
978, 4, 21, Status.SNAKE, 0.01
979, 3, 16, Status.SNAKE, 0.01
980, 4, 23, Status.SNAKE, 0.01
981, 8, 59, Status.SNAKE, 0.01
982, 5, 29, Status.WALL, 0.01
983, 6, 46, Status.SNAKE, 0.01
984, 9, 72, Status.SNAKE, 0.01
985, 9, 69, Status.SNAKE, 0.01
986, 9, 50, Status.SNAKE, 0.01
987, 7, 50, Status.SNAKE, 0.01
988, 10, 79, Status.SNAKE, 0.01
989, 8, 45, Status.SNAKE, 0.01
990, 6, 41, Status.SNAKE, 0.01
991, 1, 7, Status.WALL, 0.01
992, 7, 35, Status.SNAKE, 0.01
993, 11, 89, Status.SNAKE, 0.01
994, 11, 87, Status.SNAKE, 0.01
995, 8, 58, Status.WALL, 0.01
996, 1, 8, Status.SNAKE, 0.01
997, 8, 61, Status.SNAKE, 0.01
998, 2, 13, Status.WALL, 0.01
999, 13, 75, Status.SNAKE, 0.01
1000, 15, 137, Status.WALL, 0.01
1001, 5, 46, Status.SNAKE, 0.01
1002, 8, 47, Status.SNAKE, 0.01
1003, 9, 71, Status.WALL, 0.01
1004, 9, 70, Status.SNAKE, 0.01
1005, 8, 64, Status.SNAKE, 0.01
1006, 0, 4, Status.WALL, 0.01
1007, 2, 4, Status.SNAKE, 0.01
1008, 12, 92, Status.SNAKE, 0.01
1009, 13, 83, Status.SNAKE, 0.01
1010, 11, 70, Status.WALL, 0.01
1011, 9, 81, Status.SNAKE, 0.01
1012, 11, 65, Status.WALL, 0.01
1013, 5, 27, Status.SNAKE, 0.01
1014, 11, 101, Status.SNAKE, 0.01
1015, 11, 74, Status.SNAKE, 0.01
1016, 4, 37, Status.WALL, 0.01
1017, 3, 24, Status.SNAKE, 0.01
1018, 3, 16, Status.WALL, 0.01
1019, 4, 39, Status.SNAKE, 0.01
1020, 6, 43, Status.WALL, 0.01
1021, 10, 68, Status.SNAKE, 0.01
1022, 3, 21, Status.SNAKE, 0.01
1023, 16, 109, Status.SNAKE, 0.01
1024, 8, 40, Status.SNAKE, 0.01
1025, 3, 24, Status.SNAKE, 0.01
1026, 8, 72, Status.SNAKE, 0.01
1027, 15, 91, Status.WALL, 0.01
1028, 1, 9, Status.WALL, 0.01
1029, 1, 3, Status.SNAKE, 0.01
1030, 8, 52, Status.SNAKE, 0.01
1031, 11, 106, Status.SNAKE, 0.01
1032, 7, 73, Status.SNAKE, 0.01
1033, 6, 27, Status.SNAKE, 0.01
1034, 4, 28, Status.SNAKE, 0.01
1035, 5, 48, Status.WALL, 0.01
1036, 1, 7, Status.WALL, 0.01
1037, 9, 51, Status.SNAKE, 0.01
1038, 2, 13, Status.SNAKE, 0.01
1039, 7, 36, Status.WALL, 0.01
1040, 11, 72, Status.SNAKE, 0.01
1041, 6, 34, Status.SNAKE, 0.01
1042, 9, 59, Status.SNAKE, 0.01
1043, 9, 54, Status.SNAKE, 0.01
1044, 15, 102, Status.SNAKE, 0.01
1045, 4, 27, Status.WALL, 0.01
1046, 4, 23, Status.SNAKE, 0.01
1047, 2, 14, Status.WALL, 0.01
1048, 12, 98, Status.SNAKE, 0.01
1049, 16, 134, Status.SNAKE, 0.01
1050, 7, 72, Status.SNAKE, 0.01
1051, 6, 40, Status.WALL, 0.01
1052, 9, 58, Status.SNAKE, 0.01
1053, 7, 49, Status.WALL, 0.01
1054, 13, 85, Status.SNAKE, 0.01
1055, 21, 126, Status.SNAKE, 0.01
1056, 15, 118, Status.SNAKE, 0.01
1057, 10, 77, Status.SNAKE, 0.01
1058, 7, 45, Status.SNAKE, 0.01
1059, 11, 71, Status.SNAKE, 0.01
1060, 11, 85, Status.SNAKE, 0.01
1061, 25, 140, Status.SNAKE, 0.01
1062, 4, 24, Status.SNAKE, 0.01
1063, 6, 26, Status.SNAKE, 0.01
1064, 3, 16, Status.SNAKE, 0.01
1065, 1, 5, Status.SNAKE, 0.01
1066, 13, 76, Status.WALL, 0.01
1067, 12, 91, Status.SNAKE, 0.01
1068, 13, 107, Status.WALL, 0.01
1069, 13, 76, Status.SNAKE, 0.01
1070, 6, 29, Status.WALL, 0.01
1071, 3, 22, Status.SNAKE, 0.01
1072, 7, 52, Status.SNAKE, 0.01
1073, 3, 32, Status.SNAKE, 0.01
1074, 5, 44, Status.SNAKE, 0.01
1075, 3, 21, Status.SNAKE, 0.01
1076, 7, 40, Status.SNAKE, 0.01
1077, 9, 67, Status.SNAKE, 0.01
1078, 8, 63, Status.WALL, 0.01
1079, 5, 55, Status.SNAKE, 0.01
1080, 12, 72, Status.SNAKE, 0.01
1081, 2, 13, Status.WALL, 0.01
1082, 10, 90, Status.SNAKE, 0.01
1083, 5, 36, Status.SNAKE, 0.01
1084, 5, 39, Status.SNAKE, 0.01
1085, 19, 114, Status.SNAKE, 0.01
1086, 10, 57, Status.WALL, 0.01
1087, 8, 34, Status.SNAKE, 0.01
1088, 4, 12, Status.WALL, 0.01
1089, 8, 42, Status.SNAKE, 0.01
1090, 1, 10, Status.SNAKE, 0.01
1091, 9, 54, Status.SNAKE, 0.01
1092, 7, 45, Status.SNAKE, 0.01
1093, 7, 49, Status.WALL, 0.01
1094, 8, 67, Status.SNAKE, 0.01
1095, 11, 82, Status.WALL, 0.01
1096, 13, 80, Status.SNAKE, 0.01
1097, 13, 67, Status.SNAKE, 0.01
1098, 10, 83, Status.SNAKE, 0.01
1099, 15, 90, Status.SNAKE, 0.01
1100, 6, 41, Status.SNAKE, 0.01
1101, 5, 43, Status.SNAKE, 0.01
1102, 8, 66, Status.SNAKE, 0.01
1103, 13, 86, Status.SNAKE, 0.01
1104, 2, 7, Status.WALL, 0.01
1105, 7, 46, Status.WALL, 0.01
1106, 7, 43, Status.SNAKE, 0.01
1107, 5, 27, Status.SNAKE, 0.01
1108, 7, 54, Status.SNAKE, 0.01
1109, 9, 43, Status.SNAKE, 0.01
1110, 9, 45, Status.SNAKE, 0.01
1111, 4, 16, Status.SNAKE, 0.01
1112, 11, 75, Status.SNAKE, 0.01
1113, 16, 99, Status.SNAKE, 0.01
1114, 14, 101, Status.SNAKE, 0.01
1115, 8, 53, Status.SNAKE, 0.01
1116, 5, 38, Status.SNAKE, 0.01
1117, 11, 72, Status.WALL, 0.01
1118, 12, 75, Status.SNAKE, 0.01
1119, 9, 58, Status.SNAKE, 0.01
1120, 7, 53, Status.SNAKE, 0.01
1121, 10, 56, Status.SNAKE, 0.01
1122, 7, 47, Status.WALL, 0.01
1123, 9, 76, Status.SNAKE, 0.01
1124, 5, 28, Status.SNAKE, 0.01
1125, 17, 100, Status.SNAKE, 0.01
1126, 18, 137, Status.SNAKE, 0.01
1127, 9, 48, Status.SNAKE, 0.01
1128, 8, 63, Status.SNAKE, 0.01
1129, 12, 78, Status.SNAKE, 0.01
1130, 13, 84, Status.SNAKE, 0.01
1131, 13, 100, Status.WALL, 0.01
1132, 8, 62, Status.SNAKE, 0.01
1133, 7, 36, Status.SNAKE, 0.01
1134, 11, 67, Status.WALL, 0.01
1135, 8, 49, Status.SNAKE, 0.01
1136, 13, 86, Status.SNAKE, 0.01
1137, 14, 89, Status.SNAKE, 0.01
1138, 7, 52, Status.SNAKE, 0.01
1139, 8, 56, Status.SNAKE, 0.01
1140, 4, 46, Status.WALL, 0.01
1141, 4, 29, Status.SNAKE, 0.01
1142, 7, 58, Status.WALL, 0.01
1143, 9, 53, Status.SNAKE, 0.01
1144, 4, 23, Status.WALL, 0.01
1145, 3, 17, Status.WALL, 0.01
1146, 5, 39, Status.SNAKE, 0.01
1147, 5, 43, Status.WALL, 0.01
1148, 10, 79, Status.WALL, 0.01
1149, 6, 37, Status.SNAKE, 0.01
1150, 14, 78, Status.SNAKE, 0.01
1151, 12, 64, Status.SNAKE, 0.01
1152, 7, 31, Status.SNAKE, 0.01
1153, 10, 64, Status.SNAKE, 0.01
1154, 7, 60, Status.WALL, 0.01
1155, 1, 7, Status.SNAKE, 0.01
1156, 10, 69, Status.SNAKE, 0.01
1157, 8, 60, Status.SNAKE, 0.01
1158, 10, 72, Status.WALL, 0.01
1159, 13, 89, Status.SNAKE, 0.01
1160, 11, 96, Status.SNAKE, 0.01
1161, 13, 100, Status.SNAKE, 0.01
1162, 10, 71, Status.SNAKE, 0.01
1163, 6, 30, Status.SNAKE, 0.01
1164, 13, 57, Status.SNAKE, 0.01
1165, 5, 37, Status.SNAKE, 0.01
1166, 16, 147, Status.SNAKE, 0.01
1167, 5, 27, Status.SNAKE, 0.01
1168, 2, 5, Status.SNAKE, 0.01
1169, 5, 23, Status.SNAKE, 0.01
1170, 12, 85, Status.SNAKE, 0.01
1171, 10, 82, Status.WALL, 0.01
1172, 14, 109, Status.SNAKE, 0.01
1173, 3, 23, Status.SNAKE, 0.01
1174, 15, 114, Status.SNAKE, 0.01
1175, 11, 86, Status.SNAKE, 0.01
1176, 15, 97, Status.WALL, 0.01
1177, 4, 22, Status.SNAKE, 0.01
1178, 1, 6, Status.SNAKE, 0.01
1179, 9, 71, Status.SNAKE, 0.01
1180, 8, 46, Status.SNAKE, 0.01
1181, 6, 48, Status.SNAKE, 0.01
1182, 5, 37, Status.SNAKE, 0.01
1183, 4, 16, Status.SNAKE, 0.01
1184, 7, 60, Status.SNAKE, 0.01
1185, 6, 42, Status.SNAKE, 0.01
1186, 11, 77, Status.SNAKE, 0.01
1187, 1, 8, Status.SNAKE, 0.01
1188, 13, 93, Status.SNAKE, 0.01
1189, 11, 85, Status.SNAKE, 0.01
1190, 10, 72, Status.SNAKE, 0.01
1191, 10, 67, Status.SNAKE, 0.01
1192, 11, 65, Status.SNAKE, 0.01
1193, 7, 45, Status.SNAKE, 0.01
1194, 6, 35, Status.SNAKE, 0.01
1195, 15, 110, Status.SNAKE, 0.01
1196, 14, 100, Status.SNAKE, 0.01
1197, 15, 117, Status.SNAKE, 0.01
1198, 6, 22, Status.SNAKE, 0.01
1199, 7, 41, Status.SNAKE, 0.01
1200, 11, 65, Status.SNAKE, 0.01
1201, 15, 126, Status.SNAKE, 0.01
1202, 8, 70, Status.SNAKE, 0.01
1203, 7, 64, Status.SNAKE, 0.01
1204, 3, 15, Status.WALL, 0.01
1205, 2, 17, Status.WALL, 0.01
1206, 5, 31, Status.SNAKE, 0.01
1207, 3, 29, Status.WALL, 0.01
1208, 6, 40, Status.SNAKE, 0.01
1209, 3, 24, Status.SNAKE, 0.01
1210, 4, 18, Status.SNAKE, 0.01
1211, 7, 49, Status.WALL, 0.01
1212, 12, 78, Status.SNAKE, 0.01
1213, 10, 68, Status.SNAKE, 0.01
1214, 5, 37, Status.SNAKE, 0.01
1215, 17, 131, Status.SNAKE, 0.01
1216, 8, 66, Status.SNAKE, 0.01
1217, 9, 66, Status.SNAKE, 0.01
1218, 13, 77, Status.WALL, 0.01
1219, 8, 54, Status.SNAKE, 0.01
1220, 13, 95, Status.WALL, 0.01
1221, 18, 140, Status.SNAKE, 0.01
1222, 5, 28, Status.SNAKE, 0.01
1223, 10, 76, Status.SNAKE, 0.01
1224, 11, 80, Status.SNAKE, 0.01
1225, 5, 40, Status.WALL, 0.01
1226, 9, 46, Status.SNAKE, 0.01
1227, 12, 105, Status.WALL, 0.01
1228, 4, 38, Status.WALL, 0.01
1229, 5, 33, Status.WALL, 0.01
1230, 9, 70, Status.SNAKE, 0.01
1231, 8, 58, Status.WALL, 0.01
1232, 3, 20, Status.WALL, 0.01
1233, 8, 52, Status.WALL, 0.01
1234, 0, 8, Status.WALL, 0.01
1235, 18, 140, Status.WALL, 0.01
1236, 15, 124, Status.SNAKE, 0.01
1237, 10, 59, Status.SNAKE, 0.01
1238, 5, 26, Status.SNAKE, 0.01
1239, 2, 5, Status.SNAKE, 0.01
1240, 7, 59, Status.WALL, 0.01
1241, 1, 13, Status.WALL, 0.01
1242, 8, 66, Status.SNAKE, 0.01
1243, 2, 16, Status.SNAKE, 0.01
1244, 6, 47, Status.SNAKE, 0.01
1245, 6, 31, Status.SNAKE, 0.01
1246, 7, 54, Status.WALL, 0.01
1247, 2, 20, Status.SNAKE, 0.01
1248, 5, 14, Status.WALL, 0.01
1249, 3, 24, Status.SNAKE, 0.01
1250, 4, 34, Status.WALL, 0.01
1251, 6, 39, Status.SNAKE, 0.01
1252, 16, 122, Status.SNAKE, 0.01
1253, 9, 55, Status.SNAKE, 0.01
1254, 12, 87, Status.SNAKE, 0.01
1255, 7, 41, Status.SNAKE, 0.01
1256, 3, 24, Status.SNAKE, 0.01
1257, 11, 84, Status.SNAKE, 0.01
1258, 20, 130, Status.SNAKE, 0.01
1259, 12, 87, Status.SNAKE, 0.01
1260, 11, 81, Status.SNAKE, 0.01
1261, 10, 71, Status.SNAKE, 0.01
1262, 7, 34, Status.WALL, 0.01
1263, 7, 38, Status.SNAKE, 0.01
1264, 7, 52, Status.WALL, 0.01
1265, 8, 48, Status.SNAKE, 0.01
1266, 5, 26, Status.SNAKE, 0.01
1267, 5, 36, Status.SNAKE, 0.01
1268, 2, 8, Status.SNAKE, 0.01
1269, 0, 11, Status.WALL, 0.01
1270, 2, 22, Status.SNAKE, 0.01
1271, 6, 31, Status.WALL, 0.01
1272, 16, 110, Status.SNAKE, 0.01
1273, 1, 7, Status.WALL, 0.01
1274, 9, 66, Status.SNAKE, 0.01
1275, 10, 53, Status.WALL, 0.01
1276, 5, 34, Status.SNAKE, 0.01
1277, 9, 65, Status.SNAKE, 0.01
1278, 6, 35, Status.SNAKE, 0.01
1279, 1, 8, Status.SNAKE, 0.01
1280, 8, 82, Status.SNAKE, 0.01
1281, 5, 31, Status.SNAKE, 0.01
1282, 14, 133, Status.SNAKE, 0.01
1283, 12, 107, Status.WALL, 0.01
1284, 9, 69, Status.SNAKE, 0.01
1285, 6, 60, Status.WALL, 0.01
1286, 10, 61, Status.SNAKE, 0.01
1287, 3, 27, Status.SNAKE, 0.01
1288, 8, 60, Status.SNAKE, 0.01
1289, 6, 43, Status.SNAKE, 0.01
1290, 6, 49, Status.SNAKE, 0.01
1291, 15, 103, Status.SNAKE, 0.01
1292, 5, 37, Status.WALL, 0.01
1293, 12, 60, Status.SNAKE, 0.01
1294, 5, 31, Status.SNAKE, 0.01
1295, 1, 5, Status.SNAKE, 0.01
1296, 8, 82, Status.SNAKE, 0.01
1297, 3, 15, Status.SNAKE, 0.01
1298, 16, 98, Status.SNAKE, 0.01
1299, 3, 29, Status.SNAKE, 0.01
1300, 3, 16, Status.SNAKE, 0.01
1301, 6, 37, Status.SNAKE, 0.01
1302, 2, 18, Status.SNAKE, 0.01
1303, 4, 36, Status.WALL, 0.01
1304, 4, 26, Status.SNAKE, 0.01
1305, 5, 43, Status.SNAKE, 0.01
1306, 7, 44, Status.WALL, 0.01
1307, 6, 41, Status.SNAKE, 0.01
1308, 14, 86, Status.SNAKE, 0.01
1309, 2, 12, Status.SNAKE, 0.01
1310, 4, 21, Status.SNAKE, 0.01
1311, 1, 7, Status.SNAKE, 0.01
1312, 6, 33, Status.SNAKE, 0.01
1313, 13, 77, Status.WALL, 0.01
1314, 2, 14, Status.SNAKE, 0.01
1315, 11, 79, Status.SNAKE, 0.01
1316, 12, 82, Status.SNAKE, 0.01
1317, 3, 13, Status.WALL, 0.01
1318, 11, 101, Status.SNAKE, 0.01
1319, 8, 80, Status.SNAKE, 0.01
1320, 3, 16, Status.SNAKE, 0.01
1321, 13, 107, Status.WALL, 0.01
1322, 11, 98, Status.SNAKE, 0.01
1323, 5, 37, Status.SNAKE, 0.01
1324, 4, 20, Status.SNAKE, 0.01
1325, 6, 51, Status.SNAKE, 0.01
1326, 10, 54, Status.SNAKE, 0.01
1327, 2, 19, Status.SNAKE, 0.01
1328, 6, 47, Status.SNAKE, 0.01
1329, 3, 32, Status.SNAKE, 0.01
1330, 5, 30, Status.WALL, 0.01
1331, 10, 61, Status.SNAKE, 0.01
1332, 18, 125, Status.SNAKE, 0.01
1333, 5, 42, Status.WALL, 0.01
1334, 5, 33, Status.SNAKE, 0.01
1335, 4, 35, Status.SNAKE, 0.01
1336, 7, 39, Status.SNAKE, 0.01
1337, 10, 66, Status.SNAKE, 0.01
1338, 12, 81, Status.SNAKE, 0.01
1339, 7, 48, Status.SNAKE, 0.01
1340, 3, 21, Status.SNAKE, 0.01
1341, 1, 9, Status.WALL, 0.01
1342, 13, 102, Status.SNAKE, 0.01
1343, 8, 66, Status.SNAKE, 0.01
1344, 7, 43, Status.SNAKE, 0.01
1345, 16, 138, Status.SNAKE, 0.01
1346, 7, 68, Status.WALL, 0.01
1347, 8, 55, Status.SNAKE, 0.01
1348, 6, 58, Status.WALL, 0.01
1349, 9, 62, Status.SNAKE, 0.01
1350, 6, 49, Status.SNAKE, 0.01
1351, 10, 82, Status.SNAKE, 0.01
1352, 12, 71, Status.SNAKE, 0.01
1353, 4, 32, Status.SNAKE, 0.01
1354, 6, 54, Status.SNAKE, 0.01
1355, 8, 57, Status.WALL, 0.01
1356, 1, 3, Status.SNAKE, 0.01
1357, 2, 8, Status.WALL, 0.01
1358, 3, 15, Status.SNAKE, 0.01
1359, 4, 24, Status.SNAKE, 0.01
1360, 8, 70, Status.WALL, 0.01
1361, 2, 7, Status.SNAKE, 0.01
1362, 6, 65, Status.SNAKE, 0.01
1363, 12, 86, Status.SNAKE, 0.01
1364, 9, 58, Status.WALL, 0.01
1365, 7, 29, Status.SNAKE, 0.01
1366, 13, 126, Status.SNAKE, 0.01
1367, 1, 7, Status.SNAKE, 0.01
1368, 5, 34, Status.SNAKE, 0.01
1369, 21, 160, Status.WALL, 0.01
1370, 6, 58, Status.WALL, 0.01
1371, 13, 72, Status.SNAKE, 0.01
1372, 2, 13, Status.SNAKE, 0.01
1373, 6, 52, Status.SNAKE, 0.01
1374, 1, 4, Status.SNAKE, 0.01
1375, 1, 8, Status.WALL, 0.01
1376, 12, 103, Status.SNAKE, 0.01
1377, 10, 107, Status.SNAKE, 0.01
1378, 1, 3, Status.SNAKE, 0.01
1379, 12, 85, Status.SNAKE, 0.01
1380, 7, 56, Status.WALL, 0.01
1381, 15, 117, Status.SNAKE, 0.01
1382, 3, 23, Status.SNAKE, 0.01
1383, 3, 25, Status.SNAKE, 0.01
1384, 4, 22, Status.SNAKE, 0.01
1385, 9, 72, Status.SNAKE, 0.01
1386, 7, 20, Status.WALL, 0.01
1387, 9, 56, Status.SNAKE, 0.01
1388, 9, 69, Status.SNAKE, 0.01
1389, 8, 52, Status.WALL, 0.01
1390, 4, 41, Status.SNAKE, 0.01
1391, 9, 79, Status.SNAKE, 0.01
1392, 13, 106, Status.SNAKE, 0.01
1393, 10, 61, Status.SNAKE, 0.01
1394, 4, 35, Status.WALL, 0.01
1395, 12, 82, Status.SNAKE, 0.01
1396, 12, 87, Status.WALL, 0.01
1397, 3, 16, Status.SNAKE, 0.01
1398, 7, 40, Status.SNAKE, 0.01
1399, 10, 73, Status.WALL, 0.01
1400, 14, 115, Status.SNAKE, 0.01
1401, 3, 24, Status.SNAKE, 0.01
1402, 10, 62, Status.SNAKE, 0.01
1403, 11, 88, Status.SNAKE, 0.01
1404, 4, 16, Status.SNAKE, 0.01
1405, 7, 52, Status.SNAKE, 0.01
1406, 4, 36, Status.SNAKE, 0.01
1407, 3, 16, Status.SNAKE, 0.01
1408, 6, 42, Status.SNAKE, 0.01
1409, 6, 35, Status.SNAKE, 0.01
1410, 7, 50, Status.SNAKE, 0.01
1411, 4, 40, Status.SNAKE, 0.01
1412, 14, 124, Status.SNAKE, 0.01
1413, 5, 48, Status.SNAKE, 0.01
1414, 12, 103, Status.WALL, 0.01
1415, 14, 71, Status.SNAKE, 0.01
1416, 11, 64, Status.SNAKE, 0.01
1417, 6, 39, Status.SNAKE, 0.01
1418, 6, 38, Status.SNAKE, 0.01
1419, 7, 50, Status.SNAKE, 0.01
1420, 8, 44, Status.SNAKE, 0.01
1421, 4, 20, Status.WALL, 0.01
1422, 6, 32, Status.WALL, 0.01
1423, 3, 20, Status.WALL, 0.01
1424, 3, 24, Status.SNAKE, 0.01
1425, 9, 53, Status.SNAKE, 0.01
1426, 14, 87, Status.SNAKE, 0.01
1427, 11, 86, Status.SNAKE, 0.01
1428, 1, 6, Status.SNAKE, 0.01
1429, 7, 66, Status.WALL, 0.01
1430, 9, 61, Status.SNAKE, 0.01
1431, 5, 26, Status.SNAKE, 0.01
1432, 6, 50, Status.WALL, 0.01
1433, 12, 82, Status.SNAKE, 0.01
1434, 2, 18, Status.WALL, 0.01
1435, 10, 54, Status.SNAKE, 0.01
1436, 14, 90, Status.WALL, 0.01
1437, 6, 40, Status.SNAKE, 0.01
1438, 3, 15, Status.SNAKE, 0.01
1439, 7, 41, Status.SNAKE, 0.01
1440, 4, 36, Status.WALL, 0.01
1441, 5, 40, Status.SNAKE, 0.01
1442, 8, 42, Status.SNAKE, 0.01
1443, 11, 79, Status.SNAKE, 0.01
1444, 11, 73, Status.SNAKE, 0.01
1445, 2, 5, Status.SNAKE, 0.01
1446, 2, 14, Status.SNAKE, 0.01
1447, 10, 76, Status.SNAKE, 0.01
1448, 9, 69, Status.SNAKE, 0.01
1449, 11, 90, Status.SNAKE, 0.01
1450, 1, 11, Status.WALL, 0.01
1451, 4, 26, Status.SNAKE, 0.01
1452, 11, 76, Status.SNAKE, 0.01
1453, 21, 176, Status.WALL, 0.01
1454, 3, 24, Status.SNAKE, 0.01
1455, 9, 73, Status.SNAKE, 0.01
1456, 9, 63, Status.SNAKE, 0.01
1457, 5, 31, Status.WALL, 0.01
1458, 4, 34, Status.SNAKE, 0.01
1459, 9, 64, Status.SNAKE, 0.01
1460, 7, 51, Status.WALL, 0.01
1461, 12, 81, Status.SNAKE, 0.01
1462, 8, 44, Status.SNAKE, 0.01
1463, 3, 18, Status.SNAKE, 0.01
1464, 11, 68, Status.SNAKE, 0.01
1465, 8, 50, Status.SNAKE, 0.01
1466, 13, 78, Status.SNAKE, 0.01
1467, 13, 106, Status.SNAKE, 0.01
1468, 9, 62, Status.WALL, 0.01
1469, 12, 79, Status.WALL, 0.01
1470, 5, 57, Status.SNAKE, 0.01
1471, 7, 30, Status.SNAKE, 0.01
1472, 4, 36, Status.WALL, 0.01
1473, 3, 24, Status.SNAKE, 0.01
1474, 9, 59, Status.SNAKE, 0.01
1475, 10, 69, Status.SNAKE, 0.01
1476, 5, 41, Status.SNAKE, 0.01
1477, 5, 34, Status.SNAKE, 0.01
1478, 7, 30, Status.SNAKE, 0.01
1479, 13, 86, Status.WALL, 0.01
1480, 10, 60, Status.SNAKE, 0.01
1481, 6, 25, Status.SNAKE, 0.01
1482, 1, 3, Status.SNAKE, 0.01
1483, 11, 79, Status.SNAKE, 0.01
1484, 3, 12, Status.WALL, 0.01
1485, 3, 30, Status.WALL, 0.01
1486, 6, 31, Status.SNAKE, 0.01
1487, 10, 72, Status.WALL, 0.01
1488, 8, 67, Status.SNAKE, 0.01
1489, 1, 3, Status.SNAKE, 0.01
1490, 4, 25, Status.SNAKE, 0.01
1491, 6, 44, Status.SNAKE, 0.01
1492, 6, 45, Status.SNAKE, 0.01
1493, 5, 30, Status.SNAKE, 0.01
1494, 12, 100, Status.SNAKE, 0.01
1495, 19, 154, Status.SNAKE, 0.01
1496, 8, 53, Status.SNAKE, 0.01
1497, 11, 92, Status.SNAKE, 0.01
1498, 7, 43, Status.WALL, 0.01
1499, 9, 91, Status.SNAKE, 0.01
1500, 9, 47, Status.SNAKE, 0.01
1501, 15, 117, Status.SNAKE, 0.01
1502, 7, 30, Status.SNAKE, 0.01
1503, 7, 46, Status.SNAKE, 0.01
1504, 5, 38, Status.SNAKE, 0.01
1505, 4, 25, Status.SNAKE, 0.01
1506, 12, 76, Status.SNAKE, 0.01
1507, 5, 20, Status.SNAKE, 0.01
1508, 5, 29, Status.SNAKE, 0.01
1509, 4, 18, Status.SNAKE, 0.01
1510, 12, 91, Status.SNAKE, 0.01
1511, 11, 76, Status.SNAKE, 0.01
1512, 11, 68, Status.SNAKE, 0.01
1513, 5, 38, Status.SNAKE, 0.01
1514, 13, 93, Status.SNAKE, 0.01
1515, 9, 59, Status.SNAKE, 0.01
1516, 1, 11, Status.WALL, 0.01
1517, 6, 58, Status.SNAKE, 0.01
1518, 11, 61, Status.SNAKE, 0.01
1519, 2, 9, Status.SNAKE, 0.01
1520, 10, 67, Status.SNAKE, 0.01
1521, 6, 27, Status.SNAKE, 0.01
1522, 18, 123, Status.SNAKE, 0.01
1523, 5, 26, Status.SNAKE, 0.01
1524, 15, 81, Status.SNAKE, 0.01
1525, 9, 74, Status.SNAKE, 0.01
1526, 2, 14, Status.SNAKE, 0.01
1527, 4, 18, Status.WALL, 0.01
1528, 14, 104, Status.SNAKE, 0.01
1529, 3, 13, Status.SNAKE, 0.01
1530, 12, 71, Status.SNAKE, 0.01
1531, 13, 82, Status.SNAKE, 0.01
1532, 7, 40, Status.SNAKE, 0.01
1533, 9, 62, Status.SNAKE, 0.01
1534, 20, 143, Status.WALL, 0.01
1535, 6, 59, Status.SNAKE, 0.01
1536, 15, 95, Status.SNAKE, 0.01
1537, 10, 50, Status.SNAKE, 0.01
1538, 2, 20, Status.SNAKE, 0.01
1539, 12, 74, Status.SNAKE, 0.01
1540, 6, 43, Status.SNAKE, 0.01
1541, 5, 46, Status.WALL, 0.01
1542, 7, 55, Status.WALL, 0.01
1543, 7, 64, Status.WALL, 0.01
1544, 9, 54, Status.SNAKE, 0.01
1545, 11, 62, Status.SNAKE, 0.01
1546, 12, 81, Status.SNAKE, 0.01
1547, 3, 21, Status.WALL, 0.01
1548, 1, 10, Status.WALL, 0.01
1549, 9, 47, Status.SNAKE, 0.01
1550, 10, 87, Status.SNAKE, 0.01
1551, 15, 96, Status.SNAKE, 0.01
1552, 9, 58, Status.SNAKE, 0.01
1553, 11, 84, Status.SNAKE, 0.01
1554, 8, 54, Status.SNAKE, 0.01
1555, 11, 50, Status.SNAKE, 0.01
1556, 11, 86, Status.SNAKE, 0.01
1557, 7, 28, Status.SNAKE, 0.01
1558, 10, 57, Status.SNAKE, 0.01
1559, 6, 44, Status.SNAKE, 0.01
1560, 1, 8, Status.SNAKE, 0.01
1561, 15, 98, Status.SNAKE, 0.01
1562, 6, 51, Status.SNAKE, 0.01
1563, 12, 94, Status.SNAKE, 0.01
1564, 16, 130, Status.SNAKE, 0.01
1565, 7, 39, Status.SNAKE, 0.01
1566, 13, 97, Status.SNAKE, 0.01
1567, 7, 70, Status.SNAKE, 0.01
1568, 1, 19, Status.WALL, 0.01
1569, 12, 84, Status.SNAKE, 0.01
1570, 16, 127, Status.SNAKE, 0.01
1571, 9, 74, Status.SNAKE, 0.01
1572, 9, 65, Status.SNAKE, 0.01
1573, 15, 127, Status.SNAKE, 0.01
1574, 15, 118, Status.WALL, 0.01
1575, 12, 83, Status.SNAKE, 0.01
1576, 17, 116, Status.SNAKE, 0.01
1577, 1, 3, Status.SNAKE, 0.01
1578, 5, 38, Status.SNAKE, 0.01
1579, 15, 117, Status.WALL, 0.01
1580, 9, 58, Status.WALL, 0.01
1581, 17, 105, Status.SNAKE, 0.01
1582, 4, 18, Status.SNAKE, 0.01
1583, 12, 79, Status.SNAKE, 0.01
1584, 9, 55, Status.SNAKE, 0.01
1585, 6, 55, Status.WALL, 0.01
1586, 14, 107, Status.SNAKE, 0.01
1587, 11, 89, Status.SNAKE, 0.01
1588, 4, 32, Status.SNAKE, 0.01
1589, 5, 28, Status.SNAKE, 0.01
1590, 12, 76, Status.SNAKE, 0.01
1591, 8, 53, Status.WALL, 0.01
1592, 16, 117, Status.SNAKE, 0.01
1593, 5, 43, Status.SNAKE, 0.01
1594, 8, 75, Status.SNAKE, 0.01
1595, 14, 113, Status.SNAKE, 0.01
1596, 6, 43, Status.WALL, 0.01
1597, 10, 77, Status.SNAKE, 0.01
1598, 9, 60, Status.SNAKE, 0.01
1599, 2, 15, Status.WALL, 0.01
1600, 5, 35, Status.SNAKE, 0.01
1601, 11, 74, Status.SNAKE, 0.01
1602, 6, 42, Status.SNAKE, 0.01
1603, 5, 33, Status.SNAKE, 0.01
1604, 12, 86, Status.SNAKE, 0.01
1605, 5, 36, Status.WALL, 0.01
1606, 9, 66, Status.SNAKE, 0.01
1607, 5, 48, Status.WALL, 0.01
1608, 10, 68, Status.SNAKE, 0.01
1609, 17, 135, Status.SNAKE, 0.01
1610, 5, 31, Status.SNAKE, 0.01
1611, 13, 102, Status.SNAKE, 0.01
1612, 4, 38, Status.SNAKE, 0.01
1613, 4, 39, Status.WALL, 0.01
1614, 12, 82, Status.SNAKE, 0.01
1615, 2, 15, Status.SNAKE, 0.01
1616, 13, 77, Status.SNAKE, 0.01
1617, 9, 52, Status.SNAKE, 0.01
1618, 14, 101, Status.WALL, 0.01
1619, 3, 22, Status.SNAKE, 0.01
1620, 6, 37, Status.SNAKE, 0.01
1621, 12, 96, Status.SNAKE, 0.01
1622, 3, 19, Status.SNAKE, 0.01
1623, 1, 12, Status.WALL, 0.01
1624, 3, 20, Status.WALL, 0.01
1625, 3, 22, Status.WALL, 0.01
1626, 7, 45, Status.SNAKE, 0.01
1627, 8, 63, Status.SNAKE, 0.01
1628, 9, 39, Status.SNAKE, 0.01
1629, 12, 98, Status.SNAKE, 0.01
1630, 9, 73, Status.SNAKE, 0.01
1631, 10, 83, Status.SNAKE, 0.01
1632, 8, 58, Status.SNAKE, 0.01
1633, 12, 70, Status.SNAKE, 0.01
1634, 13, 90, Status.SNAKE, 0.01
1635, 15, 96, Status.SNAKE, 0.01
1636, 4, 21, Status.SNAKE, 0.01
1637, 13, 92, Status.WALL, 0.01
1638, 8, 49, Status.WALL, 0.01
1639, 9, 77, Status.SNAKE, 0.01
1640, 20, 112, Status.WALL, 0.01
1641, 6, 47, Status.WALL, 0.01
1642, 0, 5, Status.WALL, 0.01
1643, 6, 33, Status.SNAKE, 0.01
1644, 5, 30, Status.WALL, 0.01
1645, 10, 75, Status.SNAKE, 0.01
1646, 4, 28, Status.SNAKE, 0.01
1647, 19, 117, Status.SNAKE, 0.01
1648, 8, 45, Status.WALL, 0.01
1649, 13, 79, Status.SNAKE, 0.01
1650, 13, 116, Status.WALL, 0.01
1651, 10, 72, Status.SNAKE, 0.01
1652, 7, 51, Status.SNAKE, 0.01
1653, 16, 109, Status.SNAKE, 0.01
1654, 8, 46, Status.SNAKE, 0.01
1655, 8, 46, Status.SNAKE, 0.01
1656, 11, 68, Status.SNAKE, 0.01
1657, 10, 84, Status.SNAKE, 0.01
1658, 12, 67, Status.SNAKE, 0.01
1659, 4, 24, Status.SNAKE, 0.01
1660, 7, 51, Status.SNAKE, 0.01
1661, 8, 41, Status.SNAKE, 0.01
1662, 4, 26, Status.WALL, 0.01
1663, 1, 8, Status.WALL, 0.01
1664, 5, 36, Status.SNAKE, 0.01
1665, 4, 24, Status.WALL, 0.01
1666, 10, 55, Status.WALL, 0.01
1667, 3, 20, Status.WALL, 0.01
1668, 13, 136, Status.SNAKE, 0.01
1669, 17, 103, Status.WALL, 0.01
1670, 11, 90, Status.SNAKE, 0.01
1671, 6, 35, Status.SNAKE, 0.01
1672, 15, 77, Status.SNAKE, 0.01
1673, 8, 62, Status.SNAKE, 0.01
1674, 0, 10, Status.WALL, 0.01
1675, 12, 75, Status.SNAKE, 0.01
1676, 9, 53, Status.SNAKE, 0.01
1677, 7, 49, Status.SNAKE, 0.01
1678, 8, 49, Status.SNAKE, 0.01
1679, 7, 78, Status.SNAKE, 0.01
1680, 10, 58, Status.SNAKE, 0.01
1681, 13, 87, Status.SNAKE, 0.01
1682, 7, 51, Status.SNAKE, 0.01
1683, 3, 24, Status.SNAKE, 0.01
1684, 6, 29, Status.SNAKE, 0.01
1685, 9, 49, Status.SNAKE, 0.01
1686, 5, 29, Status.SNAKE, 0.01
1687, 14, 103, Status.SNAKE, 0.01
1688, 8, 55, Status.SNAKE, 0.01
1689, 10, 78, Status.SNAKE, 0.01
1690, 16, 92, Status.SNAKE, 0.01
1691, 10, 70, Status.WALL, 0.01
1692, 16, 98, Status.SNAKE, 0.01
1693, 9, 81, Status.SNAKE, 0.01
1694, 15, 94, Status.SNAKE, 0.01
1695, 8, 41, Status.WALL, 0.01
1696, 4, 25, Status.SNAKE, 0.01
1697, 14, 101, Status.SNAKE, 0.01
1698, 7, 36, Status.SNAKE, 0.01
1699, 10, 58, Status.SNAKE, 0.01
1700, 13, 113, Status.SNAKE, 0.01
1701, 3, 21, Status.SNAKE, 0.01
1702, 9, 59, Status.SNAKE, 0.01
1703, 5, 58, Status.SNAKE, 0.01
1704, 2, 11, Status.WALL, 0.01
1705, 14, 85, Status.WALL, 0.01
1706, 6, 27, Status.SNAKE, 0.01
1707, 6, 46, Status.WALL, 0.01
1708, 13, 84, Status.SNAKE, 0.01
1709, 2, 10, Status.WALL, 0.01
1710, 2, 9, Status.SNAKE, 0.01
1711, 7, 42, Status.SNAKE, 0.01
1712, 11, 95, Status.SNAKE, 0.01
1713, 5, 31, Status.SNAKE, 0.01
1714, 5, 30, Status.SNAKE, 0.01
1715, 15, 111, Status.SNAKE, 0.01
1716, 14, 93, Status.SNAKE, 0.01
1717, 7, 52, Status.WALL, 0.01
1718, 8, 51, Status.SNAKE, 0.01
1719, 4, 33, Status.SNAKE, 0.01
1720, 5, 32, Status.WALL, 0.01
1721, 9, 69, Status.SNAKE, 0.01
1722, 8, 76, Status.SNAKE, 0.01
1723, 15, 96, Status.SNAKE, 0.01
1724, 9, 58, Status.SNAKE, 0.01
1725, 9, 51, Status.SNAKE, 0.01
1726, 4, 24, Status.SNAKE, 0.01
1727, 7, 59, Status.SNAKE, 0.01
1728, 10, 59, Status.SNAKE, 0.01
1729, 8, 47, Status.SNAKE, 0.01
1730, 14, 83, Status.SNAKE, 0.01
1731, 12, 89, Status.WALL, 0.01
1732, 3, 16, Status.SNAKE, 0.01
1733, 11, 64, Status.WALL, 0.01
1734, 10, 71, Status.SNAKE, 0.01
1735, 5, 36, Status.SNAKE, 0.01
1736, 9, 60, Status.WALL, 0.01
1737, 10, 61, Status.SNAKE, 0.01
1738, 2, 18, Status.WALL, 0.01
1739, 12, 97, Status.SNAKE, 0.01
1740, 5, 42, Status.SNAKE, 0.01
1741, 5, 34, Status.WALL, 0.01
1742, 15, 112, Status.SNAKE, 0.01
1743, 15, 96, Status.SNAKE, 0.01
1744, 16, 119, Status.SNAKE, 0.01
1745, 10, 75, Status.SNAKE, 0.01
1746, 6, 33, Status.SNAKE, 0.01
1747, 10, 73, Status.SNAKE, 0.01
1748, 7, 55, Status.SNAKE, 0.01
1749, 7, 42, Status.SNAKE, 0.01
1750, 7, 45, Status.SNAKE, 0.01
1751, 6, 48, Status.SNAKE, 0.01
1752, 7, 41, Status.SNAKE, 0.01
1753, 13, 79, Status.SNAKE, 0.01
1754, 9, 47, Status.SNAKE, 0.01
1755, 8, 46, Status.WALL, 0.01
1756, 11, 96, Status.SNAKE, 0.01
1757, 19, 112, Status.SNAKE, 0.01
1758, 11, 79, Status.SNAKE, 0.01
1759, 7, 72, Status.SNAKE, 0.01
1760, 7, 38, Status.SNAKE, 0.01
1761, 7, 45, Status.SNAKE, 0.01
1762, 3, 33, Status.WALL, 0.01
1763, 1, 8, Status.WALL, 0.01
1764, 9, 58, Status.SNAKE, 0.01
1765, 9, 36, Status.WALL, 0.01
1766, 11, 61, Status.SNAKE, 0.01
1767, 7, 35, Status.SNAKE, 0.01
1768, 9, 56, Status.SNAKE, 0.01
1769, 8, 41, Status.SNAKE, 0.01
1770, 11, 81, Status.SNAKE, 0.01
1771, 13, 81, Status.SNAKE, 0.01
1772, 5, 34, Status.SNAKE, 0.01
1773, 8, 53, Status.WALL, 0.01
1774, 4, 22, Status.WALL, 0.01
1775, 2, 13, Status.SNAKE, 0.01
1776, 16, 140, Status.SNAKE, 0.01
1777, 10, 60, Status.SNAKE, 0.01
1778, 2, 14, Status.SNAKE, 0.01
1779, 9, 43, Status.SNAKE, 0.01
1780, 1, 8, Status.WALL, 0.01
1781, 12, 76, Status.SNAKE, 0.01
1782, 6, 42, Status.SNAKE, 0.01
1783, 18, 122, Status.SNAKE, 0.01
1784, 12, 83, Status.SNAKE, 0.01
1785, 5, 33, Status.SNAKE, 0.01
1786, 3, 7, Status.SNAKE, 0.01
1787, 4, 20, Status.SNAKE, 0.01
1788, 4, 20, Status.SNAKE, 0.01
1789, 7, 36, Status.SNAKE, 0.01
1790, 11, 54, Status.SNAKE, 0.01
1791, 9, 55, Status.WALL, 0.01
1792, 8, 59, Status.WALL, 0.01
1793, 16, 116, Status.SNAKE, 0.01
1794, 2, 16, Status.SNAKE, 0.01
1795, 10, 62, Status.SNAKE, 0.01
1796, 6, 35, Status.WALL, 0.01
1797, 8, 66, Status.SNAKE, 0.01
1798, 3, 26, Status.WALL, 0.01
1799, 9, 58, Status.WALL, 0.01
1800, 7, 63, Status.SNAKE, 0.01
1801, 10, 67, Status.SNAKE, 0.01
1802, 1, 8, Status.SNAKE, 0.01
1803, 6, 43, Status.SNAKE, 0.01
1804, 2, 17, Status.WALL, 0.01
1805, 4, 18, Status.SNAKE, 0.01
1806, 1, 8, Status.SNAKE, 0.01
1807, 6, 47, Status.SNAKE, 0.01
1808, 16, 87, Status.SNAKE, 0.01
1809, 3, 14, Status.SNAKE, 0.01
1810, 2, 19, Status.SNAKE, 0.01
1811, 6, 42, Status.WALL, 0.01
1812, 5, 49, Status.WALL, 0.01
1813, 4, 34, Status.WALL, 0.01
1814, 4, 31, Status.SNAKE, 0.01
1815, 3, 28, Status.SNAKE, 0.01
1816, 8, 33, Status.SNAKE, 0.01
1817, 13, 89, Status.SNAKE, 0.01
1818, 6, 57, Status.SNAKE, 0.01
1819, 9, 69, Status.SNAKE, 0.01
1820, 11, 67, Status.SNAKE, 0.01
1821, 6, 58, Status.SNAKE, 0.01
1822, 9, 69, Status.SNAKE, 0.01
1823, 9, 85, Status.SNAKE, 0.01
1824, 7, 54, Status.SNAKE, 0.01
1825, 8, 57, Status.SNAKE, 0.01
1826, 9, 73, Status.SNAKE, 0.01
1827, 7, 54, Status.SNAKE, 0.01
1828, 2, 19, Status.SNAKE, 0.01
1829, 8, 47, Status.SNAKE, 0.01
1830, 7, 29, Status.SNAKE, 0.01
1831, 13, 58, Status.SNAKE, 0.01
1832, 11, 85, Status.SNAKE, 0.01
1833, 7, 44, Status.SNAKE, 0.01
1834, 10, 63, Status.SNAKE, 0.01
1835, 5, 42, Status.SNAKE, 0.01
1836, 8, 51, Status.SNAKE, 0.01
1837, 1, 3, Status.SNAKE, 0.01
1838, 6, 29, Status.WALL, 0.01
1839, 7, 48, Status.SNAKE, 0.01
1840, 10, 66, Status.SNAKE, 0.01
1841, 5, 36, Status.SNAKE, 0.01
1842, 13, 107, Status.SNAKE, 0.01
1843, 2, 19, Status.SNAKE, 0.01
1844, 7, 48, Status.SNAKE, 0.01
1845, 12, 63, Status.SNAKE, 0.01
1846, 7, 50, Status.WALL, 0.01
1847, 11, 87, Status.SNAKE, 0.01
1848, 8, 67, Status.SNAKE, 0.01
1849, 11, 97, Status.SNAKE, 0.01
1850, 5, 38, Status.SNAKE, 0.01
1851, 14, 89, Status.SNAKE, 0.01
1852, 10, 55, Status.WALL, 0.01
1853, 14, 108, Status.SNAKE, 0.01
1854, 13, 92, Status.SNAKE, 0.01
1855, 13, 72, Status.SNAKE, 0.01
1856, 12, 84, Status.SNAKE, 0.01
1857, 8, 64, Status.SNAKE, 0.01
1858, 17, 100, Status.SNAKE, 0.01
1859, 5, 45, Status.SNAKE, 0.01
1860, 5, 39, Status.WALL, 0.01
1861, 6, 64, Status.SNAKE, 0.01
1862, 11, 77, Status.WALL, 0.01
1863, 12, 80, Status.SNAKE, 0.01
1864, 21, 125, Status.SNAKE, 0.01
1865, 7, 42, Status.SNAKE, 0.01
1866, 12, 84, Status.SNAKE, 0.01
1867, 11, 76, Status.SNAKE, 0.01
1868, 5, 45, Status.SNAKE, 0.01
1869, 7, 45, Status.SNAKE, 0.01
1870, 2, 13, Status.SNAKE, 0.01
1871, 7, 34, Status.SNAKE, 0.01
1872, 4, 30, Status.SNAKE, 0.01
1873, 10, 60, Status.WALL, 0.01
1874, 8, 66, Status.SNAKE, 0.01
1875, 10, 64, Status.SNAKE, 0.01
1876, 2, 15, Status.SNAKE, 0.01
1877, 5, 56, Status.SNAKE, 0.01
1878, 10, 55, Status.SNAKE, 0.01
1879, 9, 59, Status.SNAKE, 0.01
1880, 11, 76, Status.WALL, 0.01
1881, 9, 63, Status.SNAKE, 0.01
1882, 11, 67, Status.SNAKE, 0.01
1883, 12, 82, Status.SNAKE, 0.01
1884, 10, 61, Status.SNAKE, 0.01
1885, 7, 47, Status.SNAKE, 0.01
1886, 9, 52, Status.SNAKE, 0.01
1887, 13, 78, Status.SNAKE, 0.01
1888, 11, 75, Status.SNAKE, 0.01
1889, 5, 39, Status.WALL, 0.01
1890, 9, 62, Status.SNAKE, 0.01
1891, 11, 72, Status.SNAKE, 0.01
1892, 4, 27, Status.SNAKE, 0.01
1893, 10, 72, Status.SNAKE, 0.01
1894, 9, 55, Status.SNAKE, 0.01
1895, 8, 56, Status.SNAKE, 0.01
1896, 4, 28, Status.SNAKE, 0.01
1897, 3, 16, Status.SNAKE, 0.01
1898, 7, 29, Status.SNAKE, 0.01
1899, 2, 14, Status.SNAKE, 0.01
1900, 7, 38, Status.SNAKE, 0.01
1901, 5, 32, Status.SNAKE, 0.01
1902, 5, 28, Status.SNAKE, 0.01
1903, 1, 11, Status.WALL, 0.01
1904, 9, 76, Status.SNAKE, 0.01
1905, 10, 84, Status.WALL, 0.01
1906, 10, 58, Status.SNAKE, 0.01
1907, 11, 92, Status.SNAKE, 0.01
1908, 5, 21, Status.WALL, 0.01
1909, 15, 92, Status.SNAKE, 0.01
1910, 4, 29, Status.SNAKE, 0.01
1911, 15, 84, Status.WALL, 0.01
1912, 9, 77, Status.SNAKE, 0.01
1913, 13, 77, Status.SNAKE, 0.01
1914, 4, 26, Status.SNAKE, 0.01
1915, 12, 69, Status.WALL, 0.01
1916, 11, 86, Status.SNAKE, 0.01
1917, 15, 101, Status.WALL, 0.01
1918, 5, 34, Status.SNAKE, 0.01
1919, 14, 94, Status.WALL, 0.01
1920, 18, 113, Status.WALL, 0.01
1921, 13, 84, Status.SNAKE, 0.01
1922, 13, 95, Status.SNAKE, 0.01
1923, 9, 51, Status.SNAKE, 0.01
1924, 1, 8, Status.WALL, 0.01
1925, 13, 71, Status.SNAKE, 0.01
1926, 12, 86, Status.SNAKE, 0.01
1927, 11, 76, Status.SNAKE, 0.01
1928, 7, 51, Status.SNAKE, 0.01
1929, 14, 96, Status.SNAKE, 0.01
1930, 5, 34, Status.SNAKE, 0.01
1931, 9, 49, Status.SNAKE, 0.01
1932, 2, 5, Status.SNAKE, 0.01
1933, 4, 36, Status.SNAKE, 0.01
1934, 11, 98, Status.SNAKE, 0.01
1935, 13, 110, Status.SNAKE, 0.01
1936, 18, 122, Status.WALL, 0.01
1937, 15, 124, Status.SNAKE, 0.01
1938, 4, 21, Status.SNAKE, 0.01
1939, 1, 5, Status.SNAKE, 0.01
1940, 15, 98, Status.WALL, 0.01
1941, 16, 123, Status.SNAKE, 0.01
1942, 7, 52, Status.SNAKE, 0.01
1943, 9, 56, Status.SNAKE, 0.01
1944, 1, 6, Status.WALL, 0.01
1945, 5, 28, Status.SNAKE, 0.01
1946, 9, 52, Status.SNAKE, 0.01
1947, 13, 98, Status.WALL, 0.01
1948, 9, 57, Status.SNAKE, 0.01
1949, 14, 95, Status.SNAKE, 0.01
1950, 15, 149, Status.SNAKE, 0.01
1951, 11, 73, Status.SNAKE, 0.01
1952, 11, 83, Status.SNAKE, 0.01
1953, 2, 22, Status.SNAKE, 0.01
1954, 9, 60, Status.SNAKE, 0.01
1955, 14, 109, Status.SNAKE, 0.01
1956, 9, 51, Status.SNAKE, 0.01
1957, 3, 15, Status.SNAKE, 0.01
1958, 2, 12, Status.SNAKE, 0.01
1959, 2, 22, Status.SNAKE, 0.01
1960, 11, 90, Status.SNAKE, 0.01
1961, 1, 3, Status.SNAKE, 0.01
1962, 5, 33, Status.WALL, 0.01
1963, 3, 13, Status.SNAKE, 0.01
1964, 4, 45, Status.WALL, 0.01
1965, 7, 35, Status.SNAKE, 0.01
1966, 14, 137, Status.SNAKE, 0.01
1967, 1, 6, Status.SNAKE, 0.01
1968, 6, 33, Status.SNAKE, 0.01
1969, 5, 37, Status.WALL, 0.01
1970, 8, 98, Status.SNAKE, 0.01
1971, 8, 49, Status.SNAKE, 0.01
1972, 5, 61, Status.SNAKE, 0.01
1973, 9, 75, Status.SNAKE, 0.01
1974, 1, 3, Status.SNAKE, 0.01
1975, 8, 40, Status.WALL, 0.01
1976, 6, 35, Status.SNAKE, 0.01
1977, 8, 40, Status.SNAKE, 0.01
1978, 11, 48, Status.SNAKE, 0.01
1979, 10, 71, Status.SNAKE, 0.01
1980, 11, 84, Status.SNAKE, 0.01
1981, 9, 59, Status.SNAKE, 0.01
1982, 11, 65, Status.SNAKE, 0.01
1983, 7, 53, Status.SNAKE, 0.01
1984, 9, 84, Status.SNAKE, 0.01
1985, 3, 11, Status.SNAKE, 0.01
1986, 3, 31, Status.SNAKE, 0.01
1987, 5, 36, Status.SNAKE, 0.01
1988, 9, 66, Status.SNAKE, 0.01
1989, 12, 113, Status.SNAKE, 0.01
1990, 7, 31, Status.SNAKE, 0.01
1991, 7, 61, Status.SNAKE, 0.01
1992, 9, 75, Status.SNAKE, 0.01
1993, 16, 123, Status.SNAKE, 0.01
1994, 10, 76, Status.SNAKE, 0.01
1995, 14, 82, Status.SNAKE, 0.01
1996, 9, 72, Status.SNAKE, 0.01
1997, 16, 132, Status.SNAKE, 0.01
1998, 8, 49, Status.SNAKE, 0.01
1999, 7, 56, Status.SNAKE, 0.01
2000, 12, 76, Status.SNAKE, 0.01
2001, 2, 8, Status.SNAKE, 0.01
2002, 9, 77, Status.SNAKE, 0.01
2003, 7, 62, Status.SNAKE, 0.01
2004, 7, 58, Status.SNAKE, 0.01
2005, 11, 100, Status.SNAKE, 0.01
2006, 5, 31, Status.WALL, 0.01
2007, 15, 99, Status.SNAKE, 0.01
2008, 2, 13, Status.SNAKE, 0.01
2009, 5, 37, Status.SNAKE, 0.01
2010, 6, 35, Status.SNAKE, 0.01
2011, 9, 52, Status.SNAKE, 0.01
2012, 8, 41, Status.SNAKE, 0.01
2013, 8, 58, Status.SNAKE, 0.01
2014, 6, 27, Status.SNAKE, 0.01
2015, 8, 31, Status.WALL, 0.01
2016, 0, 6, Status.WALL, 0.01
2017, 13, 101, Status.SNAKE, 0.01
2018, 10, 80, Status.SNAKE, 0.01
2019, 10, 81, Status.SNAKE, 0.01
2020, 7, 52, Status.SNAKE, 0.01
2021, 5, 19, Status.SNAKE, 0.01
2022, 5, 30, Status.SNAKE, 0.01
2023, 2, 16, Status.SNAKE, 0.01
2024, 2, 17, Status.WALL, 0.01
2025, 12, 98, Status.SNAKE, 0.01
2026, 8, 66, Status.SNAKE, 0.01
2027, 8, 52, Status.SNAKE, 0.01
2028, 5, 31, Status.SNAKE, 0.01
2029, 6, 49, Status.WALL, 0.01
2030, 5, 38, Status.SNAKE, 0.01
2031, 5, 34, Status.SNAKE, 0.01
2032, 7, 58, Status.SNAKE, 0.01
2033, 9, 50, Status.SNAKE, 0.01
2034, 10, 63, Status.SNAKE, 0.01
2035, 18, 130, Status.SNAKE, 0.01
2036, 17, 116, Status.WALL, 0.01
2037, 3, 28, Status.SNAKE, 0.01
2038, 9, 66, Status.SNAKE, 0.01
2039, 11, 80, Status.SNAKE, 0.01
2040, 7, 50, Status.SNAKE, 0.01
2041, 5, 21, Status.SNAKE, 0.01
2042, 0, 6, Status.WALL, 0.01
2043, 5, 34, Status.WALL, 0.01
2044, 6, 41, Status.WALL, 0.01
2045, 9, 45, Status.SNAKE, 0.01
2046, 6, 34, Status.SNAKE, 0.01
2047, 7, 47, Status.SNAKE, 0.01
2048, 14, 107, Status.WALL, 0.01
2049, 14, 88, Status.SNAKE, 0.01
2050, 11, 80, Status.SNAKE, 0.01
2051, 7, 42, Status.SNAKE, 0.01
2052, 8, 59, Status.SNAKE, 0.01
2053, 2, 13, Status.SNAKE, 0.01
2054, 2, 3, Status.SNAKE, 0.01
2055, 13, 93, Status.WALL, 0.01
2056, 7, 61, Status.SNAKE, 0.01
2057, 10, 66, Status.SNAKE, 0.01
2058, 11, 88, Status.SNAKE, 0.01
2059, 8, 46, Status.SNAKE, 0.01
2060, 14, 105, Status.WALL, 0.01
2061, 5, 35, Status.SNAKE, 0.01
2062, 14, 107, Status.SNAKE, 0.01
2063, 3, 16, Status.SNAKE, 0.01
2064, 3, 18, Status.WALL, 0.01
2065, 10, 76, Status.WALL, 0.01
2066, 11, 63, Status.SNAKE, 0.01
2067, 1, 7, Status.SNAKE, 0.01
2068, 2, 5, Status.SNAKE, 0.01
2069, 8, 61, Status.WALL, 0.01
2070, 16, 105, Status.SNAKE, 0.01
2071, 14, 130, Status.SNAKE, 0.01
2072, 9, 79, Status.SNAKE, 0.01
2073, 10, 77, Status.SNAKE, 0.01
2074, 6, 62, Status.SNAKE, 0.01
2075, 11, 91, Status.SNAKE, 0.01
2076, 19, 152, Status.SNAKE, 0.01
2077, 1, 7, Status.SNAKE, 0.01
2078, 9, 57, Status.SNAKE, 0.01
2079, 3, 10, Status.WALL, 0.01
2080, 15, 83, Status.SNAKE, 0.01
2081, 9, 58, Status.SNAKE, 0.01
2082, 3, 29, Status.SNAKE, 0.01
2083, 9, 51, Status.SNAKE, 0.01
2084, 8, 45, Status.SNAKE, 0.01
2085, 8, 46, Status.SNAKE, 0.01
2086, 8, 60, Status.SNAKE, 0.01
2087, 3, 16, Status.WALL, 0.01
2088, 10, 74, Status.SNAKE, 0.01
2089, 12, 94, Status.SNAKE, 0.01
2090, 7, 43, Status.SNAKE, 0.01
2091, 5, 31, Status.SNAKE, 0.01
2092, 7, 52, Status.WALL, 0.01
2093, 7, 48, Status.SNAKE, 0.01
2094, 11, 79, Status.SNAKE, 0.01
2095, 6, 42, Status.SNAKE, 0.01
2096, 10, 70, Status.SNAKE, 0.01
2097, 9, 50, Status.SNAKE, 0.01
2098, 3, 23, Status.SNAKE, 0.01
2099, 13, 108, Status.SNAKE, 0.01
2100, 9, 83, Status.SNAKE, 0.01
2101, 5, 41, Status.WALL, 0.01
2102, 6, 44, Status.SNAKE, 0.01
2103, 6, 43, Status.SNAKE, 0.01
2104, 4, 17, Status.SNAKE, 0.01
2105, 12, 58, Status.SNAKE, 0.01
2106, 2, 20, Status.SNAKE, 0.01
2107, 9, 54, Status.SNAKE, 0.01
2108, 1, 7, Status.SNAKE, 0.01
2109, 10, 67, Status.WALL, 0.01
2110, 1, 6, Status.SNAKE, 0.01
2111, 8, 61, Status.SNAKE, 0.01
2112, 17, 103, Status.SNAKE, 0.01
2113, 7, 56, Status.SNAKE, 0.01
2114, 9, 68, Status.SNAKE, 0.01
2115, 4, 24, Status.SNAKE, 0.01
2116, 10, 62, Status.WALL, 0.01
2117, 7, 40, Status.SNAKE, 0.01
2118, 2, 12, Status.SNAKE, 0.01
2119, 12, 67, Status.WALL, 0.01
2120, 5, 35, Status.WALL, 0.01
2121, 6, 33, Status.SNAKE, 0.01
2122, 10, 72, Status.SNAKE, 0.01
2123, 5, 36, Status.SNAKE, 0.01
2124, 5, 44, Status.SNAKE, 0.01
2125, 5, 25, Status.SNAKE, 0.01
2126, 20, 149, Status.SNAKE, 0.01
2127, 3, 18, Status.SNAKE, 0.01
2128, 4, 22, Status.SNAKE, 0.01
2129, 8, 38, Status.SNAKE, 0.01
2130, 12, 102, Status.SNAKE, 0.01
2131, 10, 68, Status.SNAKE, 0.01
2132, 10, 71, Status.WALL, 0.01
2133, 7, 38, Status.WALL, 0.01
2134, 6, 61, Status.SNAKE, 0.01
2135, 4, 31, Status.SNAKE, 0.01
2136, 7, 54, Status.SNAKE, 0.01
2137, 1, 5, Status.SNAKE, 0.01
2138, 7, 25, Status.SNAKE, 0.01
2139, 6, 42, Status.SNAKE, 0.01
2140, 7, 49, Status.SNAKE, 0.01
2141, 14, 106, Status.SNAKE, 0.01
2142, 6, 30, Status.SNAKE, 0.01
2143, 10, 63, Status.SNAKE, 0.01
2144, 11, 85, Status.SNAKE, 0.01
2145, 5, 23, Status.SNAKE, 0.01
2146, 7, 36, Status.SNAKE, 0.01
2147, 9, 69, Status.SNAKE, 0.01
2148, 16, 100, Status.SNAKE, 0.01
2149, 16, 95, Status.SNAKE, 0.01
2150, 7, 43, Status.SNAKE, 0.01
2151, 10, 54, Status.WALL, 0.01
2152, 4, 24, Status.WALL, 0.01
2153, 10, 64, Status.SNAKE, 0.01
2154, 3, 11, Status.SNAKE, 0.01
2155, 17, 114, Status.SNAKE, 0.01
2156, 11, 100, Status.SNAKE, 0.01
2157, 18, 125, Status.WALL, 0.01
2158, 15, 94, Status.SNAKE, 0.01
2159, 6, 50, Status.SNAKE, 0.01
2160, 6, 27, Status.SNAKE, 0.01
2161, 8, 51, Status.SNAKE, 0.01
2162, 16, 123, Status.SNAKE, 0.01
2163, 3, 22, Status.SNAKE, 0.01
2164, 9, 52, Status.WALL, 0.01
2165, 4, 27, Status.SNAKE, 0.01
2166, 10, 55, Status.SNAKE, 0.01
2167, 4, 15, Status.WALL, 0.01
2168, 7, 46, Status.WALL, 0.01
2169, 11, 62, Status.SNAKE, 0.01
2170, 6, 41, Status.SNAKE, 0.01
2171, 6, 33, Status.SNAKE, 0.01
2172, 7, 40, Status.SNAKE, 0.01
2173, 1, 5, Status.SNAKE, 0.01
2174, 7, 41, Status.SNAKE, 0.01
2175, 12, 89, Status.SNAKE, 0.01
2176, 11, 74, Status.SNAKE, 0.01
2177, 11, 76, Status.SNAKE, 0.01
2178, 6, 56, Status.SNAKE, 0.01
2179, 1, 6, Status.SNAKE, 0.01
2180, 9, 65, Status.SNAKE, 0.01
2181, 6, 46, Status.WALL, 0.01
2182, 9, 48, Status.WALL, 0.01
2183, 6, 54, Status.WALL, 0.01
2184, 9, 51, Status.SNAKE, 0.01
2185, 2, 12, Status.SNAKE, 0.01
2186, 5, 41, Status.WALL, 0.01
2187, 13, 111, Status.SNAKE, 0.01
2188, 7, 42, Status.SNAKE, 0.01
2189, 11, 64, Status.SNAKE, 0.01
2190, 2, 12, Status.SNAKE, 0.01
2191, 6, 40, Status.SNAKE, 0.01
2192, 2, 18, Status.SNAKE, 0.01
2193, 5, 27, Status.SNAKE, 0.01
2194, 16, 100, Status.SNAKE, 0.01
2195, 13, 85, Status.SNAKE, 0.01
2196, 8, 48, Status.SNAKE, 0.01
2197, 7, 36, Status.SNAKE, 0.01
2198, 7, 46, Status.SNAKE, 0.01
2199, 18, 163, Status.SNAKE, 0.01
2200, 11, 59, Status.WALL, 0.01
2201, 4, 29, Status.SNAKE, 0.01
2202, 6, 32, Status.SNAKE, 0.01
2203, 12, 92, Status.SNAKE, 0.01
2204, 4, 26, Status.WALL, 0.01
2205, 7, 38, Status.SNAKE, 0.01
2206, 12, 86, Status.SNAKE, 0.01
2207, 5, 36, Status.WALL, 0.01
2208, 8, 59, Status.SNAKE, 0.01
2209, 12, 69, Status.WALL, 0.01
2210, 5, 32, Status.SNAKE, 0.01
2211, 10, 54, Status.SNAKE, 0.01
2212, 16, 132, Status.SNAKE, 0.01
2213, 12, 70, Status.WALL, 0.01
2214, 12, 76, Status.SNAKE, 0.01
2215, 6, 32, Status.SNAKE, 0.01
2216, 9, 80, Status.SNAKE, 0.01
2217, 5, 45, Status.SNAKE, 0.01
2218, 3, 28, Status.WALL, 0.01
2219, 9, 56, Status.SNAKE, 0.01
2220, 5, 46, Status.SNAKE, 0.01
2221, 14, 87, Status.SNAKE, 0.01
2222, 10, 55, Status.SNAKE, 0.01
2223, 10, 78, Status.SNAKE, 0.01
2224, 5, 35, Status.SNAKE, 0.01
2225, 11, 76, Status.SNAKE, 0.01
2226, 7, 38, Status.WALL, 0.01
2227, 3, 22, Status.WALL, 0.01
2228, 5, 39, Status.WALL, 0.01
2229, 6, 38, Status.WALL, 0.01
2230, 10, 74, Status.SNAKE, 0.01
2231, 10, 72, Status.SNAKE, 0.01
2232, 12, 60, Status.WALL, 0.01
2233, 3, 23, Status.WALL, 0.01
2234, 7, 54, Status.SNAKE, 0.01
2235, 4, 42, Status.SNAKE, 0.01
2236, 12, 65, Status.SNAKE, 0.01
2237, 5, 37, Status.SNAKE, 0.01
2238, 1, 6, Status.SNAKE, 0.01
2239, 4, 22, Status.SNAKE, 0.01
2240, 20, 134, Status.SNAKE, 0.01
2241, 5, 39, Status.SNAKE, 0.01
2242, 11, 80, Status.SNAKE, 0.01
2243, 5, 28, Status.SNAKE, 0.01
2244, 2, 14, Status.SNAKE, 0.01
2245, 10, 92, Status.SNAKE, 0.01
2246, 2, 14, Status.SNAKE, 0.01
2247, 9, 64, Status.WALL, 0.01
2248, 16, 114, Status.SNAKE, 0.01
2249, 2, 9, Status.SNAKE, 0.01
2250, 6, 54, Status.SNAKE, 0.01
2251, 1, 6, Status.WALL, 0.01
2252, 15, 124, Status.SNAKE, 0.01
2253, 8, 69, Status.SNAKE, 0.01
2254, 9, 62, Status.WALL, 0.01
2255, 10, 67, Status.WALL, 0.01
2256, 0, 5, Status.WALL, 0.01
2257, 5, 36, Status.SNAKE, 0.01
2258, 11, 67, Status.SNAKE, 0.01
2259, 1, 6, Status.WALL, 0.01
2260, 2, 19, Status.SNAKE, 0.01
2261, 12, 75, Status.SNAKE, 0.01
2262, 17, 132, Status.SNAKE, 0.01
2263, 14, 115, Status.SNAKE, 0.01
2264, 11, 91, Status.WALL, 0.01
2265, 9, 64, Status.SNAKE, 0.01
2266, 8, 43, Status.SNAKE, 0.01
2267, 6, 44, Status.SNAKE, 0.01
2268, 2, 22, Status.SNAKE, 0.01
2269, 9, 80, Status.WALL, 0.01
2270, 4, 31, Status.SNAKE, 0.01
2271, 4, 21, Status.SNAKE, 0.01
2272, 10, 79, Status.SNAKE, 0.01
2273, 2, 12, Status.SNAKE, 0.01
2274, 11, 97, Status.SNAKE, 0.01
2275, 5, 39, Status.SNAKE, 0.01
2276, 2, 21, Status.SNAKE, 0.01
2277, 1, 10, Status.WALL, 0.01
2278, 4, 23, Status.WALL, 0.01
2279, 11, 60, Status.SNAKE, 0.01
2280, 1, 10, Status.WALL, 0.01
2281, 10, 76, Status.SNAKE, 0.01
2282, 10, 56, Status.SNAKE, 0.01
2283, 7, 69, Status.SNAKE, 0.01
2284, 8, 38, Status.SNAKE, 0.01
2285, 9, 55, Status.SNAKE, 0.01
2286, 5, 44, Status.SNAKE, 0.01
2287, 13, 101, Status.SNAKE, 0.01
2288, 16, 114, Status.SNAKE, 0.01
2289, 0, 6, Status.WALL, 0.01
2290, 7, 57, Status.WALL, 0.01
2291, 5, 32, Status.SNAKE, 0.01
2292, 12, 73, Status.WALL, 0.01
2293, 5, 25, Status.SNAKE, 0.01
2294, 7, 54, Status.SNAKE, 0.01
2295, 5, 35, Status.SNAKE, 0.01
2296, 5, 34, Status.SNAKE, 0.01
2297, 2, 19, Status.SNAKE, 0.01
2298, 5, 28, Status.SNAKE, 0.01
2299, 11, 79, Status.SNAKE, 0.01
2300, 5, 30, Status.SNAKE, 0.01
2301, 5, 36, Status.WALL, 0.01
2302, 4, 33, Status.SNAKE, 0.01
2303, 8, 41, Status.WALL, 0.01
2304, 14, 115, Status.SNAKE, 0.01
2305, 13, 115, Status.WALL, 0.01
2306, 2, 24, Status.WALL, 0.01
2307, 5, 37, Status.SNAKE, 0.01
2308, 2, 7, Status.WALL, 0.01
2309, 6, 38, Status.SNAKE, 0.01
2310, 13, 79, Status.SNAKE, 0.01
2311, 5, 39, Status.SNAKE, 0.01
2312, 1, 5, Status.WALL, 0.01
2313, 9, 53, Status.SNAKE, 0.01
2314, 11, 66, Status.SNAKE, 0.01
2315, 5, 24, Status.SNAKE, 0.01
2316, 14, 106, Status.SNAKE, 0.01
2317, 10, 59, Status.SNAKE, 0.01
2318, 3, 20, Status.SNAKE, 0.01
2319, 2, 12, Status.SNAKE, 0.01
2320, 6, 46, Status.WALL, 0.01
2321, 19, 127, Status.SNAKE, 0.01
2322, 11, 76, Status.SNAKE, 0.01
2323, 9, 61, Status.SNAKE, 0.01
2324, 14, 92, Status.WALL, 0.01
2325, 12, 109, Status.SNAKE, 0.01
2326, 7, 38, Status.SNAKE, 0.01
2327, 10, 67, Status.SNAKE, 0.01
2328, 12, 87, Status.WALL, 0.01
2329, 16, 109, Status.SNAKE, 0.01
2330, 6, 50, Status.WALL, 0.01
2331, 8, 63, Status.SNAKE, 0.01
2332, 10, 66, Status.SNAKE, 0.01
2333, 7, 43, Status.SNAKE, 0.01
2334, 9, 58, Status.SNAKE, 0.01
2335, 6, 37, Status.WALL, 0.01
2336, 14, 107, Status.SNAKE, 0.01
2337, 6, 42, Status.SNAKE, 0.01
2338, 1, 7, Status.WALL, 0.01
2339, 7, 44, Status.SNAKE, 0.01
2340, 12, 84, Status.SNAKE, 0.01
2341, 12, 78, Status.SNAKE, 0.01
2342, 2, 19, Status.SNAKE, 0.01
2343, 6, 38, Status.SNAKE, 0.01
2344, 11, 62, Status.WALL, 0.01
2345, 5, 28, Status.SNAKE, 0.01
2346, 7, 56, Status.SNAKE, 0.01
2347, 4, 22, Status.SNAKE, 0.01
2348, 2, 15, Status.SNAKE, 0.01
2349, 9, 67, Status.SNAKE, 0.01
2350, 16, 116, Status.SNAKE, 0.01
2351, 11, 81, Status.SNAKE, 0.01
2352, 1, 10, Status.SNAKE, 0.01
2353, 12, 77, Status.SNAKE, 0.01
2354, 5, 39, Status.SNAKE, 0.01
2355, 5, 35, Status.WALL, 0.01
2356, 11, 90, Status.SNAKE, 0.01
2357, 6, 32, Status.SNAKE, 0.01
2358, 14, 98, Status.SNAKE, 0.01
2359, 5, 33, Status.SNAKE, 0.01
2360, 15, 115, Status.SNAKE, 0.01
2361, 9, 48, Status.WALL, 0.01
2362, 6, 52, Status.SNAKE, 0.01
2363, 16, 86, Status.WALL, 0.01
2364, 1, 5, Status.SNAKE, 0.01
2365, 14, 123, Status.SNAKE, 0.01
2366, 9, 46, Status.WALL, 0.01
2367, 3, 35, Status.SNAKE, 0.01
2368, 4, 20, Status.SNAKE, 0.01
2369, 4, 45, Status.SNAKE, 0.01
2370, 7, 40, Status.SNAKE, 0.01
2371, 8, 68, Status.WALL, 0.01
2372, 10, 60, Status.SNAKE, 0.01
2373, 10, 53, Status.SNAKE, 0.01
2374, 11, 63, Status.SNAKE, 0.01
2375, 4, 32, Status.SNAKE, 0.01
2376, 8, 47, Status.SNAKE, 0.01
2377, 12, 73, Status.SNAKE, 0.01
2378, 5, 49, Status.SNAKE, 0.01
2379, 4, 26, Status.SNAKE, 0.01
2380, 14, 124, Status.SNAKE, 0.01
2381, 18, 108, Status.SNAKE, 0.01
2382, 9, 54, Status.SNAKE, 0.01
2383, 9, 77, Status.WALL, 0.01
2384, 1, 10, Status.WALL, 0.01
2385, 12, 90, Status.SNAKE, 0.01
2386, 7, 28, Status.SNAKE, 0.01
2387, 2, 20, Status.WALL, 0.01
2388, 13, 101, Status.SNAKE, 0.01
2389, 19, 97, Status.SNAKE, 0.01
2390, 16, 87, Status.SNAKE, 0.01
2391, 5, 48, Status.WALL, 0.01
2392, 11, 84, Status.SNAKE, 0.01
2393, 9, 83, Status.SNAKE, 0.01
2394, 5, 36, Status.SNAKE, 0.01
2395, 7, 48, Status.SNAKE, 0.01
2396, 5, 48, Status.SNAKE, 0.01
2397, 5, 37, Status.WALL, 0.01
2398, 12, 89, Status.WALL, 0.01
2399, 19, 114, Status.SNAKE, 0.01
2400, 13, 101, Status.SNAKE, 0.01
2401, 5, 34, Status.SNAKE, 0.01
2402, 4, 32, Status.SNAKE, 0.01
2403, 7, 38, Status.SNAKE, 0.01
2404, 14, 87, Status.SNAKE, 0.01
2405, 8, 57, Status.SNAKE, 0.01
2406, 1, 10, Status.WALL, 0.01
2407, 12, 76, Status.SNAKE, 0.01
2408, 11, 68, Status.SNAKE, 0.01
2409, 4, 41, Status.SNAKE, 0.01
2410, 1, 9, Status.WALL, 0.01
2411, 13, 93, Status.WALL, 0.01
2412, 4, 26, Status.WALL, 0.01
2413, 12, 81, Status.SNAKE, 0.01
2414, 6, 31, Status.SNAKE, 0.01
2415, 11, 91, Status.SNAKE, 0.01
2416, 6, 35, Status.SNAKE, 0.01
2417, 9, 46, Status.SNAKE, 0.01
2418, 10, 65, Status.SNAKE, 0.01
2419, 4, 23, Status.SNAKE, 0.01
2420, 8, 27, Status.SNAKE, 0.01
2421, 10, 76, Status.SNAKE, 0.01
2422, 1, 7, Status.SNAKE, 0.01
2423, 7, 55, Status.SNAKE, 0.01
2424, 11, 70, Status.SNAKE, 0.01
2425, 12, 70, Status.SNAKE, 0.01
2426, 14, 89, Status.SNAKE, 0.01
2427, 2, 19, Status.SNAKE, 0.01
2428, 1, 6, Status.SNAKE, 0.01
2429, 3, 18, Status.SNAKE, 0.01
2430, 7, 58, Status.SNAKE, 0.01
2431, 8, 54, Status.SNAKE, 0.01
2432, 13, 101, Status.SNAKE, 0.01
2433, 7, 42, Status.SNAKE, 0.01
2434, 11, 97, Status.WALL, 0.01
2435, 3, 11, Status.SNAKE, 0.01
2436, 13, 96, Status.SNAKE, 0.01
2437, 9, 67, Status.SNAKE, 0.01
2438, 6, 49, Status.SNAKE, 0.01
2439, 9, 73, Status.SNAKE, 0.01
2440, 13, 69, Status.SNAKE, 0.01
2441, 9, 68, Status.SNAKE, 0.01
2442, 12, 92, Status.WALL, 0.01
2443, 4, 29, Status.SNAKE, 0.01
2444, 6, 20, Status.WALL, 0.01
2445, 8, 60, Status.SNAKE, 0.01
2446, 9, 40, Status.SNAKE, 0.01
2447, 10, 64, Status.WALL, 0.01
2448, 11, 71, Status.SNAKE, 0.01
2449, 10, 69, Status.SNAKE, 0.01
2450, 3, 16, Status.SNAKE, 0.01
2451, 9, 64, Status.WALL, 0.01
2452, 7, 36, Status.SNAKE, 0.01
2453, 1, 10, Status.WALL, 0.01
2454, 1, 8, Status.WALL, 0.01
2455, 15, 95, Status.SNAKE, 0.01
2456, 13, 93, Status.SNAKE, 0.01
2457, 1, 8, Status.SNAKE, 0.01
2458, 8, 54, Status.SNAKE, 0.01
2459, 12, 67, Status.WALL, 0.01
2460, 5, 43, Status.SNAKE, 0.01
2461, 8, 55, Status.SNAKE, 0.01
2462, 17, 114, Status.SNAKE, 0.01
2463, 15, 99, Status.SNAKE, 0.01
2464, 17, 100, Status.SNAKE, 0.01
2465, 7, 72, Status.SNAKE, 0.01
2466, 14, 96, Status.SNAKE, 0.01
2467, 6, 49, Status.SNAKE, 0.01
2468, 17, 118, Status.SNAKE, 0.01
2469, 4, 26, Status.SNAKE, 0.01
2470, 0, 4, Status.WALL, 0.01
2471, 9, 49, Status.SNAKE, 0.01
2472, 12, 72, Status.SNAKE, 0.01
2473, 13, 89, Status.SNAKE, 0.01
2474, 6, 64, Status.SNAKE, 0.01
2475, 7, 52, Status.WALL, 0.01
2476, 5, 54, Status.SNAKE, 0.01
2477, 13, 79, Status.SNAKE, 0.01
2478, 6, 23, Status.SNAKE, 0.01
2479, 2, 23, Status.SNAKE, 0.01
2480, 9, 67, Status.SNAKE, 0.01
2481, 5, 35, Status.SNAKE, 0.01
2482, 13, 112, Status.SNAKE, 0.01
2483, 7, 57, Status.SNAKE, 0.01
2484, 5, 30, Status.SNAKE, 0.01
2485, 9, 60, Status.SNAKE, 0.01
2486, 1, 7, Status.SNAKE, 0.01
2487, 17, 103, Status.SNAKE, 0.01
2488, 8, 70, Status.WALL, 0.01
2489, 9, 60, Status.SNAKE, 0.01
2490, 11, 94, Status.SNAKE, 0.01
2491, 8, 63, Status.SNAKE, 0.01
2492, 9, 70, Status.SNAKE, 0.01
2493, 5, 44, Status.SNAKE, 0.01
2494, 1, 7, Status.SNAKE, 0.01
2495, 10, 55, Status.WALL, 0.01
2496, 18, 129, Status.SNAKE, 0.01
2497, 8, 65, Status.SNAKE, 0.01
2498, 10, 85, Status.SNAKE, 0.01
2499, 9, 50, Status.SNAKE, 0.01
2500, 14, 91, Status.SNAKE, 0.01
2501, 6, 38, Status.SNAKE, 0.01
2502, 10, 50, Status.SNAKE, 0.01
2503, 7, 58, Status.SNAKE, 0.01
2504, 18, 152, Status.SNAKE, 0.01
2505, 6, 26, Status.SNAKE, 0.01
2506, 11, 72, Status.SNAKE, 0.01
2507, 8, 50, Status.SNAKE, 0.01
2508, 6, 33, Status.SNAKE, 0.01
2509, 6, 40, Status.SNAKE, 0.01
2510, 4, 20, Status.SNAKE, 0.01
2511, 1, 6, Status.WALL, 0.01
2512, 13, 80, Status.SNAKE, 0.01
2513, 1, 8, Status.WALL, 0.01
2514, 3, 21, Status.SNAKE, 0.01
2515, 8, 52, Status.SNAKE, 0.01
2516, 6, 39, Status.SNAKE, 0.01
2517, 8, 48, Status.SNAKE, 0.01
2518, 10, 68, Status.SNAKE, 0.01
2519, 5, 26, Status.SNAKE, 0.01
2520, 11, 70, Status.SNAKE, 0.01
2521, 10, 78, Status.SNAKE, 0.01
2522, 9, 78, Status.SNAKE, 0.01
2523, 4, 31, Status.SNAKE, 0.01
2524, 16, 117, Status.SNAKE, 0.01
2525, 1, 7, Status.SNAKE, 0.01
2526, 8, 60, Status.SNAKE, 0.01
2527, 10, 58, Status.SNAKE, 0.01
2528, 10, 54, Status.SNAKE, 0.01
2529, 4, 32, Status.SNAKE, 0.01
2530, 2, 16, Status.SNAKE, 0.01
2531, 5, 47, Status.SNAKE, 0.01
2532, 1, 6, Status.SNAKE, 0.01
2533, 1, 8, Status.SNAKE, 0.01
2534, 15, 99, Status.WALL, 0.01
2535, 14, 89, Status.SNAKE, 0.01
2536, 3, 21, Status.SNAKE, 0.01
2537, 1, 6, Status.SNAKE, 0.01
2538, 9, 61, Status.SNAKE, 0.01
2539, 3, 31, Status.SNAKE, 0.01
2540, 18, 125, Status.SNAKE, 0.01
2541, 5, 34, Status.SNAKE, 0.01
2542, 7, 37, Status.SNAKE, 0.01
2543, 12, 74, Status.SNAKE, 0.01
2544, 16, 124, Status.WALL, 0.01
2545, 2, 11, Status.SNAKE, 0.01
2546, 5, 35, Status.SNAKE, 0.01
2547, 4, 19, Status.SNAKE, 0.01
2548, 15, 117, Status.SNAKE, 0.01
2549, 18, 162, Status.SNAKE, 0.01
2550, 9, 106, Status.SNAKE, 0.01
2551, 9, 56, Status.SNAKE, 0.01
2552, 10, 60, Status.SNAKE, 0.01
2553, 3, 13, Status.WALL, 0.01
2554, 13, 107, Status.WALL, 0.01
2555, 4, 21, Status.SNAKE, 0.01
2556, 1, 8, Status.SNAKE, 0.01
2557, 6, 56, Status.SNAKE, 0.01
2558, 11, 81, Status.SNAKE, 0.01
2559, 5, 22, Status.SNAKE, 0.01
2560, 17, 122, Status.SNAKE, 0.01
2561, 11, 81, Status.SNAKE, 0.01
2562, 2, 15, Status.WALL, 0.01
2563, 2, 11, Status.SNAKE, 0.01
2564, 8, 43, Status.WALL, 0.01
2565, 14, 122, Status.SNAKE, 0.01
2566, 8, 64, Status.SNAKE, 0.01
2567, 4, 23, Status.WALL, 0.01
2568, 9, 56, Status.SNAKE, 0.01
2569, 14, 103, Status.SNAKE, 0.01
2570, 1, 6, Status.SNAKE, 0.01
2571, 12, 63, Status.SNAKE, 0.01
2572, 6, 27, Status.SNAKE, 0.01
2573, 2, 10, Status.SNAKE, 0.01
2574, 4, 19, Status.SNAKE, 0.01
2575, 4, 35, Status.SNAKE, 0.01
2576, 10, 62, Status.SNAKE, 0.01
2577, 10, 76, Status.SNAKE, 0.01
2578, 5, 38, Status.SNAKE, 0.01
2579, 18, 151, Status.WALL, 0.01
2580, 2, 13, Status.SNAKE, 0.01
2581, 15, 91, Status.SNAKE, 0.01
2582, 7, 52, Status.SNAKE, 0.01
2583, 8, 54, Status.SNAKE, 0.01
2584, 1, 8, Status.SNAKE, 0.01
2585, 15, 117, Status.WALL, 0.01
2586, 5, 44, Status.WALL, 0.01
2587, 12, 100, Status.SNAKE, 0.01
2588, 10, 78, Status.SNAKE, 0.01
2589, 6, 38, Status.WALL, 0.01
2590, 1, 18, Status.SNAKE, 0.01
2591, 13, 100, Status.SNAKE, 0.01
2592, 12, 103, Status.SNAKE, 0.01
2593, 11, 66, Status.SNAKE, 0.01
2594, 1, 3, Status.SNAKE, 0.01
2595, 1, 8, Status.SNAKE, 0.01
2596, 6, 37, Status.SNAKE, 0.01
2597, 5, 25, Status.SNAKE, 0.01
2598, 5, 51, Status.SNAKE, 0.01
2599, 8, 63, Status.SNAKE, 0.01
2600, 19, 124, Status.SNAKE, 0.01
2601, 7, 58, Status.SNAKE, 0.01
2602, 4, 19, Status.SNAKE, 0.01
2603, 8, 71, Status.SNAKE, 0.01
2604, 12, 55, Status.WALL, 0.01
2605, 8, 60, Status.SNAKE, 0.01
2606, 8, 69, Status.SNAKE, 0.01
2607, 2, 19, Status.SNAKE, 0.01
2608, 8, 68, Status.SNAKE, 0.01
2609, 4, 27, Status.SNAKE, 0.01
2610, 6, 39, Status.WALL, 0.01
2611, 4, 28, Status.SNAKE, 0.01
2612, 10, 65, Status.SNAKE, 0.01
2613, 11, 78, Status.SNAKE, 0.01
2614, 16, 110, Status.WALL, 0.01
2615, 5, 40, Status.SNAKE, 0.01
2616, 5, 33, Status.SNAKE, 0.01
2617, 4, 45, Status.SNAKE, 0.01
2618, 6, 26, Status.SNAKE, 0.01
2619, 4, 25, Status.SNAKE, 0.01
2620, 1, 9, Status.WALL, 0.01
2621, 3, 29, Status.SNAKE, 0.01
2622, 9, 64, Status.WALL, 0.01
2623, 5, 40, Status.SNAKE, 0.01
2624, 5, 33, Status.SNAKE, 0.01
2625, 14, 105, Status.SNAKE, 0.01
2626, 13, 93, Status.SNAKE, 0.01
2627, 6, 51, Status.SNAKE, 0.01
2628, 16, 115, Status.SNAKE, 0.01
2629, 10, 67, Status.SNAKE, 0.01
2630, 10, 59, Status.SNAKE, 0.01
2631, 2, 21, Status.SNAKE, 0.01
2632, 11, 108, Status.SNAKE, 0.01
2633, 1, 5, Status.SNAKE, 0.01
2634, 3, 19, Status.SNAKE, 0.01
2635, 10, 62, Status.SNAKE, 0.01
2636, 4, 33, Status.SNAKE, 0.01
2637, 11, 62, Status.SNAKE, 0.01
2638, 1, 3, Status.SNAKE, 0.01
2639, 3, 15, Status.SNAKE, 0.01
2640, 13, 100, Status.SNAKE, 0.01
2641, 5, 34, Status.SNAKE, 0.01
2642, 18, 101, Status.SNAKE, 0.01
2643, 9, 73, Status.SNAKE, 0.01
2644, 17, 113, Status.SNAKE, 0.01
2645, 14, 81, Status.WALL, 0.01
2646, 2, 9, Status.SNAKE, 0.01
2647, 18, 120, Status.WALL, 0.01
2648, 5, 31, Status.SNAKE, 0.01
2649, 14, 65, Status.SNAKE, 0.01
2650, 11, 73, Status.SNAKE, 0.01
2651, 8, 62, Status.SNAKE, 0.01
2652, 11, 75, Status.WALL, 0.01
2653, 10, 72, Status.SNAKE, 0.01
2654, 4, 32, Status.WALL, 0.01
2655, 10, 72, Status.WALL, 0.01
2656, 11, 85, Status.SNAKE, 0.01
2657, 2, 5, Status.SNAKE, 0.01
2658, 15, 99, Status.SNAKE, 0.01
2659, 3, 14, Status.SNAKE, 0.01
2660, 6, 54, Status.WALL, 0.01
2661, 7, 44, Status.SNAKE, 0.01
2662, 2, 18, Status.SNAKE, 0.01
2663, 3, 14, Status.SNAKE, 0.01
2664, 4, 26, Status.SNAKE, 0.01
2665, 2, 12, Status.WALL, 0.01
2666, 7, 51, Status.SNAKE, 0.01
2667, 7, 36, Status.SNAKE, 0.01
2668, 9, 67, Status.SNAKE, 0.01
2669, 4, 17, Status.SNAKE, 0.01
2670, 8, 68, Status.SNAKE, 0.01
2671, 4, 24, Status.WALL, 0.01
2672, 8, 73, Status.SNAKE, 0.01
2673, 19, 129, Status.SNAKE, 0.01
2674, 7, 64, Status.SNAKE, 0.01
2675, 11, 82, Status.WALL, 0.01
2676, 3, 19, Status.SNAKE, 0.01
2677, 5, 55, Status.SNAKE, 0.01
2678, 4, 27, Status.SNAKE, 0.01
2679, 13, 116, Status.SNAKE, 0.01
2680, 1, 6, Status.SNAKE, 0.01
2681, 11, 74, Status.SNAKE, 0.01
2682, 12, 74, Status.SNAKE, 0.01
2683, 5, 31, Status.SNAKE, 0.01
2684, 8, 53, Status.WALL, 0.01
2685, 13, 97, Status.SNAKE, 0.01
2686, 8, 40, Status.SNAKE, 0.01
2687, 10, 69, Status.SNAKE, 0.01
2688, 7, 50, Status.WALL, 0.01
2689, 12, 90, Status.WALL, 0.01
2690, 12, 62, Status.SNAKE, 0.01
2691, 9, 53, Status.SNAKE, 0.01
2692, 15, 108, Status.SNAKE, 0.01
2693, 3, 19, Status.SNAKE, 0.01
2694, 10, 64, Status.SNAKE, 0.01
2695, 9, 50, Status.SNAKE, 0.01
2696, 3, 15, Status.SNAKE, 0.01
2697, 8, 44, Status.SNAKE, 0.01
2698, 13, 124, Status.SNAKE, 0.01
2699, 7, 45, Status.SNAKE, 0.01
2700, 6, 35, Status.SNAKE, 0.01
2701, 10, 56, Status.SNAKE, 0.01
2702, 18, 112, Status.WALL, 0.01
2703, 7, 32, Status.SNAKE, 0.01
2704, 3, 21, Status.SNAKE, 0.01
2705, 15, 90, Status.SNAKE, 0.01
2706, 2, 11, Status.SNAKE, 0.01
2707, 8, 69, Status.SNAKE, 0.01
2708, 8, 44, Status.SNAKE, 0.01
2709, 6, 45, Status.SNAKE, 0.01
2710, 5, 16, Status.SNAKE, 0.01
2711, 5, 26, Status.SNAKE, 0.01
2712, 17, 129, Status.SNAKE, 0.01
2713, 2, 22, Status.SNAKE, 0.01
2714, 3, 21, Status.SNAKE, 0.01
2715, 6, 37, Status.SNAKE, 0.01
2716, 4, 26, Status.SNAKE, 0.01
2717, 2, 19, Status.SNAKE, 0.01
2718, 14, 89, Status.WALL, 0.01
2719, 13, 78, Status.SNAKE, 0.01
2720, 10, 83, Status.SNAKE, 0.01
2721, 13, 72, Status.WALL, 0.01
2722, 8, 46, Status.SNAKE, 0.01
2723, 1, 9, Status.WALL, 0.01
2724, 7, 45, Status.WALL, 0.01
2725, 16, 145, Status.SNAKE, 0.01
2726, 9, 68, Status.SNAKE, 0.01
2727, 5, 23, Status.SNAKE, 0.01
2728, 12, 74, Status.WALL, 0.01
2729, 16, 126, Status.SNAKE, 0.01
2730, 9, 60, Status.WALL, 0.01
2731, 15, 121, Status.SNAKE, 0.01
2732, 10, 63, Status.SNAKE, 0.01
2733, 5, 32, Status.SNAKE, 0.01
2734, 11, 115, Status.SNAKE, 0.01
2735, 11, 60, Status.SNAKE, 0.01
2736, 1, 17, Status.WALL, 0.01
2737, 9, 41, Status.SNAKE, 0.01
2738, 8, 60, Status.SNAKE, 0.01
2739, 4, 46, Status.SNAKE, 0.01
2740, 8, 43, Status.SNAKE, 0.01
2741, 1, 9, Status.WALL, 0.01
2742, 8, 46, Status.SNAKE, 0.01
2743, 6, 39, Status.SNAKE, 0.01
2744, 9, 83, Status.WALL, 0.01
2745, 2, 20, Status.SNAKE, 0.01
2746, 3, 18, Status.SNAKE, 0.01
2747, 11, 81, Status.SNAKE, 0.01
2748, 5, 42, Status.SNAKE, 0.01
2749, 10, 62, Status.SNAKE, 0.01
2750, 7, 41, Status.SNAKE, 0.01
2751, 3, 20, Status.SNAKE, 0.01
2752, 6, 38, Status.SNAKE, 0.01
2753, 16, 112, Status.SNAKE, 0.01
2754, 10, 52, Status.SNAKE, 0.01
2755, 1, 5, Status.SNAKE, 0.01
2756, 14, 89, Status.SNAKE, 0.01
2757, 7, 51, Status.SNAKE, 0.01
2758, 1, 3, Status.SNAKE, 0.01
2759, 6, 41, Status.SNAKE, 0.01
2760, 4, 42, Status.WALL, 0.01
2761, 12, 86, Status.SNAKE, 0.01
2762, 9, 58, Status.SNAKE, 0.01
2763, 11, 54, Status.SNAKE, 0.01
2764, 2, 8, Status.WALL, 0.01
2765, 7, 55, Status.WALL, 0.01
2766, 11, 88, Status.SNAKE, 0.01
2767, 6, 28, Status.SNAKE, 0.01
2768, 12, 88, Status.SNAKE, 0.01
2769, 10, 61, Status.SNAKE, 0.01
2770, 9, 49, Status.WALL, 0.01
2771, 4, 30, Status.SNAKE, 0.01
2772, 3, 22, Status.WALL, 0.01
2773, 14, 93, Status.WALL, 0.01
2774, 4, 25, Status.WALL, 0.01
2775, 7, 54, Status.SNAKE, 0.01
2776, 8, 62, Status.SNAKE, 0.01
2777, 1, 9, Status.SNAKE, 0.01
2778, 2, 22, Status.SNAKE, 0.01
2779, 7, 57, Status.SNAKE, 0.01
2780, 3, 20, Status.SNAKE, 0.01
2781, 6, 33, Status.SNAKE, 0.01
2782, 7, 52, Status.SNAKE, 0.01
2783, 2, 10, Status.WALL, 0.01
2784, 1, 5, Status.SNAKE, 0.01
2785, 6, 34, Status.SNAKE, 0.01
2786, 15, 110, Status.SNAKE, 0.01
2787, 11, 68, Status.SNAKE, 0.01
2788, 12, 80, Status.SNAKE, 0.01
2789, 7, 58, Status.SNAKE, 0.01
2790, 11, 75, Status.SNAKE, 0.01
2791, 3, 29, Status.WALL, 0.01
2792, 6, 25, Status.SNAKE, 0.01
2793, 15, 104, Status.SNAKE, 0.01
2794, 11, 65, Status.SNAKE, 0.01
2795, 7, 40, Status.SNAKE, 0.01
2796, 7, 40, Status.SNAKE, 0.01
2797, 10, 67, Status.SNAKE, 0.01
2798, 1, 6, Status.SNAKE, 0.01
2799, 8, 66, Status.SNAKE, 0.01
2800, 18, 163, Status.SNAKE, 0.01
2801, 3, 23, Status.SNAKE, 0.01
2802, 11, 74, Status.SNAKE, 0.01
2803, 11, 96, Status.SNAKE, 0.01
2804, 10, 61, Status.SNAKE, 0.01
2805, 10, 68, Status.SNAKE, 0.01
2806, 11, 68, Status.SNAKE, 0.01
2807, 10, 63, Status.SNAKE, 0.01
2808, 6, 47, Status.SNAKE, 0.01
2809, 9, 68, Status.WALL, 0.01
2810, 12, 62, Status.WALL, 0.01
2811, 15, 107, Status.SNAKE, 0.01
2812, 1, 6, Status.SNAKE, 0.01
2813, 5, 31, Status.SNAKE, 0.01
2814, 8, 44, Status.SNAKE, 0.01
2815, 6, 54, Status.SNAKE, 0.01
2816, 19, 150, Status.WALL, 0.01
2817, 5, 35, Status.WALL, 0.01
2818, 2, 10, Status.WALL, 0.01
2819, 8, 47, Status.SNAKE, 0.01
2820, 9, 44, Status.SNAKE, 0.01
2821, 10, 81, Status.SNAKE, 0.01
2822, 7, 63, Status.SNAKE, 0.01
2823, 6, 39, Status.SNAKE, 0.01
2824, 8, 73, Status.SNAKE, 0.01
2825, 9, 56, Status.SNAKE, 0.01
2826, 2, 20, Status.SNAKE, 0.01
2827, 13, 80, Status.WALL, 0.01
2828, 12, 79, Status.SNAKE, 0.01
2829, 15, 86, Status.SNAKE, 0.01
2830, 15, 121, Status.WALL, 0.01
2831, 22, 135, Status.SNAKE, 0.01
2832, 12, 74, Status.WALL, 0.01
2833, 17, 86, Status.SNAKE, 0.01
2834, 8, 66, Status.SNAKE, 0.01
2835, 6, 22, Status.SNAKE, 0.01
2836, 10, 65, Status.WALL, 0.01
2837, 11, 87, Status.SNAKE, 0.01
2838, 11, 61, Status.SNAKE, 0.01
2839, 7, 62, Status.SNAKE, 0.01
2840, 9, 72, Status.SNAKE, 0.01
2841, 11, 68, Status.WALL, 0.01
2842, 8, 62, Status.SNAKE, 0.01
2843, 15, 79, Status.SNAKE, 0.01
2844, 4, 27, Status.SNAKE, 0.01
2845, 3, 24, Status.SNAKE, 0.01
2846, 15, 111, Status.SNAKE, 0.01
2847, 3, 25, Status.SNAKE, 0.01
2848, 9, 69, Status.SNAKE, 0.01
2849, 10, 74, Status.WALL, 0.01
2850, 6, 31, Status.SNAKE, 0.01
2851, 9, 81, Status.SNAKE, 0.01
2852, 12, 97, Status.SNAKE, 0.01
2853, 2, 17, Status.WALL, 0.01
2854, 14, 133, Status.SNAKE, 0.01
2855, 11, 84, Status.SNAKE, 0.01
2856, 4, 26, Status.WALL, 0.01
2857, 5, 42, Status.SNAKE, 0.01
2858, 7, 43, Status.WALL, 0.01
2859, 11, 90, Status.SNAKE, 0.01
2860, 13, 99, Status.SNAKE, 0.01
2861, 7, 55, Status.SNAKE, 0.01
2862, 13, 94, Status.SNAKE, 0.01
2863, 5, 14, Status.SNAKE, 0.01
2864, 3, 10, Status.WALL, 0.01
2865, 1, 3, Status.SNAKE, 0.01
2866, 13, 102, Status.SNAKE, 0.01
2867, 16, 92, Status.SNAKE, 0.01
2868, 2, 18, Status.WALL, 0.01
2869, 4, 24, Status.SNAKE, 0.01
2870, 7, 59, Status.SNAKE, 0.01
2871, 7, 46, Status.SNAKE, 0.01
2872, 3, 18, Status.SNAKE, 0.01
2873, 10, 69, Status.SNAKE, 0.01
2874, 3, 23, Status.WALL, 0.01
2875, 14, 102, Status.SNAKE, 0.01
2876, 9, 51, Status.SNAKE, 0.01
2877, 18, 131, Status.SNAKE, 0.01
2878, 10, 67, Status.SNAKE, 0.01
2879, 5, 44, Status.WALL, 0.01
2880, 10, 69, Status.SNAKE, 0.01
2881, 3, 18, Status.WALL, 0.01
2882, 16, 133, Status.SNAKE, 0.01
2883, 1, 3, Status.SNAKE, 0.01
2884, 8, 54, Status.SNAKE, 0.01
2885, 16, 97, Status.SNAKE, 0.01
2886, 3, 28, Status.SNAKE, 0.01
2887, 8, 51, Status.WALL, 0.01
2888, 1, 5, Status.SNAKE, 0.01
2889, 2, 10, Status.WALL, 0.01
2890, 4, 26, Status.SNAKE, 0.01
2891, 1, 8, Status.SNAKE, 0.01
2892, 14, 84, Status.SNAKE, 0.01
2893, 16, 113, Status.WALL, 0.01
2894, 5, 45, Status.WALL, 0.01
2895, 5, 31, Status.SNAKE, 0.01
2896, 17, 119, Status.SNAKE, 0.01
2897, 5, 38, Status.SNAKE, 0.01
2898, 18, 113, Status.WALL, 0.01
2899, 12, 72, Status.WALL, 0.01
2900, 1, 5, Status.SNAKE, 0.01
2901, 9, 67, Status.SNAKE, 0.01
2902, 7, 36, Status.WALL, 0.01
2903, 6, 47, Status.SNAKE, 0.01
2904, 16, 93, Status.SNAKE, 0.01
2905, 7, 42, Status.SNAKE, 0.01
2906, 7, 46, Status.SNAKE, 0.01
2907, 11, 90, Status.SNAKE, 0.01
2908, 7, 57, Status.SNAKE, 0.01
2909, 18, 115, Status.SNAKE, 0.01
2910, 4, 17, Status.SNAKE, 0.01
2911, 8, 50, Status.SNAKE, 0.01
2912, 11, 66, Status.SNAKE, 0.01
2913, 9, 64, Status.WALL, 0.01
2914, 6, 37, Status.SNAKE, 0.01
2915, 11, 79, Status.SNAKE, 0.01
2916, 1, 9, Status.WALL, 0.01
2917, 12, 100, Status.WALL, 0.01
2918, 2, 22, Status.WALL, 0.01
2919, 14, 100, Status.SNAKE, 0.01
2920, 5, 43, Status.WALL, 0.01
2921, 7, 54, Status.SNAKE, 0.01
2922, 15, 140, Status.SNAKE, 0.01
2923, 15, 115, Status.WALL, 0.01
2924, 9, 76, Status.SNAKE, 0.01
2925, 2, 14, Status.WALL, 0.01
2926, 1, 5, Status.SNAKE, 0.01
2927, 14, 94, Status.SNAKE, 0.01
2928, 16, 95, Status.SNAKE, 0.01
2929, 6, 37, Status.SNAKE, 0.01
2930, 7, 50, Status.SNAKE, 0.01
2931, 13, 109, Status.SNAKE, 0.01
2932, 12, 87, Status.SNAKE, 0.01
2933, 7, 35, Status.SNAKE, 0.01
2934, 11, 79, Status.SNAKE, 0.01
2935, 10, 68, Status.SNAKE, 0.01
2936, 14, 96, Status.SNAKE, 0.01
2937, 13, 87, Status.SNAKE, 0.01
2938, 7, 69, Status.SNAKE, 0.01
2939, 7, 33, Status.SNAKE, 0.01
2940, 9, 72, Status.WALL, 0.01
2941, 7, 43, Status.SNAKE, 0.01
2942, 8, 65, Status.SNAKE, 0.01
2943, 0, 6, Status.WALL, 0.01
2944, 10, 77, Status.SNAKE, 0.01
2945, 1, 7, Status.SNAKE, 0.01
2946, 15, 98, Status.SNAKE, 0.01
2947, 10, 65, Status.SNAKE, 0.01
2948, 7, 49, Status.SNAKE, 0.01
2949, 4, 25, Status.SNAKE, 0.01
2950, 11, 54, Status.SNAKE, 0.01
2951, 8, 81, Status.SNAKE, 0.01
2952, 7, 56, Status.SNAKE, 0.01
2953, 5, 45, Status.SNAKE, 0.01
2954, 8, 60, Status.WALL, 0.01
2955, 5, 48, Status.WALL, 0.01
2956, 2, 12, Status.SNAKE, 0.01
2957, 8, 69, Status.SNAKE, 0.01
2958, 15, 114, Status.SNAKE, 0.01
2959, 12, 58, Status.SNAKE, 0.01
2960, 12, 72, Status.SNAKE, 0.01
2961, 14, 95, Status.SNAKE, 0.01
2962, 11, 82, Status.SNAKE, 0.01
2963, 7, 47, Status.SNAKE, 0.01
2964, 2, 20, Status.SNAKE, 0.01
2965, 16, 116, Status.SNAKE, 0.01
2966, 3, 24, Status.SNAKE, 0.01
2967, 6, 38, Status.SNAKE, 0.01
2968, 16, 113, Status.SNAKE, 0.01
2969, 10, 81, Status.SNAKE, 0.01
2970, 7, 40, Status.SNAKE, 0.01
2971, 1, 9, Status.SNAKE, 0.01
2972, 6, 37, Status.SNAKE, 0.01
2973, 23, 147, Status.SNAKE, 0.01
2974, 1, 3, Status.SNAKE, 0.01
2975, 8, 55, Status.SNAKE, 0.01
2976, 9, 71, Status.SNAKE, 0.01
2977, 12, 100, Status.WALL, 0.01
2978, 5, 27, Status.SNAKE, 0.01
2979, 16, 78, Status.SNAKE, 0.01
2980, 5, 32, Status.SNAKE, 0.01
2981, 10, 69, Status.WALL, 0.01
2982, 16, 113, Status.SNAKE, 0.01
2983, 11, 80, Status.SNAKE, 0.01
2984, 12, 93, Status.SNAKE, 0.01
2985, 7, 46, Status.SNAKE, 0.01
2986, 14, 127, Status.SNAKE, 0.01
2987, 11, 70, Status.WALL, 0.01
2988, 10, 83, Status.SNAKE, 0.01
2989, 3, 17, Status.SNAKE, 0.01
2990, 16, 136, Status.SNAKE, 0.01
2991, 7, 56, Status.SNAKE, 0.01
2992, 6, 36, Status.SNAKE, 0.01
2993, 16, 91, Status.SNAKE, 0.01
2994, 6, 41, Status.SNAKE, 0.01
2995, 17, 96, Status.WALL, 0.01
2996, 13, 74, Status.SNAKE, 0.01
2997, 10, 56, Status.SNAKE, 0.01
2998, 1, 10, Status.SNAKE, 0.01
2999, 5, 26, Status.SNAKE, 0.01
3000, 7, 36, Status.SNAKE, 0.01
3001, 5, 33, Status.WALL, 0.01
3002, 7, 26, Status.SNAKE, 0.01
3003, 1, 3, Status.SNAKE, 0.01
3004, 11, 77, Status.SNAKE, 0.01
3005, 11, 67, Status.SNAKE, 0.01
3006, 5, 40, Status.SNAKE, 0.01
3007, 17, 125, Status.WALL, 0.01
3008, 0, 4, Status.WALL, 0.01
3009, 15, 83, Status.SNAKE, 0.01
3010, 12, 93, Status.SNAKE, 0.01
3011, 3, 32, Status.WALL, 0.01
3012, 6, 42, Status.SNAKE, 0.01
3013, 9, 62, Status.WALL, 0.01
3014, 7, 65, Status.WALL, 0.01
3015, 14, 69, Status.SNAKE, 0.01
3016, 14, 97, Status.SNAKE, 0.01
3017, 11, 83, Status.SNAKE, 0.01
3018, 6, 32, Status.SNAKE, 0.01
3019, 6, 49, Status.SNAKE, 0.01
3020, 8, 48, Status.SNAKE, 0.01
3021, 9, 66, Status.SNAKE, 0.01
3022, 10, 79, Status.SNAKE, 0.01
3023, 10, 61, Status.SNAKE, 0.01
3024, 7, 36, Status.SNAKE, 0.01
3025, 8, 59, Status.SNAKE, 0.01
3026, 8, 50, Status.SNAKE, 0.01
3027, 8, 56, Status.SNAKE, 0.01
3028, 6, 55, Status.SNAKE, 0.01
3029, 6, 46, Status.SNAKE, 0.01
3030, 11, 68, Status.SNAKE, 0.01
3031, 12, 84, Status.SNAKE, 0.01
3032, 11, 54, Status.SNAKE, 0.01
3033, 4, 16, Status.SNAKE, 0.01
3034, 8, 44, Status.WALL, 0.01
3035, 13, 61, Status.SNAKE, 0.01
3036, 6, 44, Status.SNAKE, 0.01
3037, 5, 42, Status.SNAKE, 0.01
3038, 11, 76, Status.SNAKE, 0.01
3039, 7, 47, Status.WALL, 0.01
3040, 3, 26, Status.SNAKE, 0.01
3041, 14, 83, Status.WALL, 0.01
3042, 7, 43, Status.SNAKE, 0.01
3043, 13, 82, Status.WALL, 0.01
3044, 5, 43, Status.SNAKE, 0.01
3045, 11, 97, Status.SNAKE, 0.01
3046, 2, 7, Status.SNAKE, 0.01
3047, 10, 60, Status.SNAKE, 0.01
3048, 17, 154, Status.SNAKE, 0.01
3049, 11, 88, Status.SNAKE, 0.01
3050, 13, 84, Status.WALL, 0.01
3051, 9, 59, Status.SNAKE, 0.01
3052, 5, 31, Status.SNAKE, 0.01
3053, 5, 32, Status.WALL, 0.01
3054, 5, 35, Status.WALL, 0.01
3055, 3, 16, Status.SNAKE, 0.01
3056, 5, 41, Status.SNAKE, 0.01
3057, 9, 66, Status.SNAKE, 0.01
3058, 2, 12, Status.WALL, 0.01
3059, 13, 92, Status.SNAKE, 0.01
3060, 18, 126, Status.SNAKE, 0.01
3061, 15, 100, Status.SNAKE, 0.01
3062, 4, 22, Status.SNAKE, 0.01
3063, 11, 106, Status.SNAKE, 0.01
3064, 14, 120, Status.SNAKE, 0.01
3065, 7, 41, Status.SNAKE, 0.01
3066, 12, 74, Status.WALL, 0.01
3067, 13, 71, Status.SNAKE, 0.01
3068, 11, 59, Status.SNAKE, 0.01
3069, 15, 106, Status.SNAKE, 0.01
3070, 2, 21, Status.WALL, 0.01
3071, 13, 88, Status.SNAKE, 0.01
3072, 14, 85, Status.SNAKE, 0.01
3073, 12, 69, Status.SNAKE, 0.01
3074, 5, 30, Status.SNAKE, 0.01
3075, 11, 67, Status.WALL, 0.01
3076, 8, 66, Status.SNAKE, 0.01
3077, 6, 30, Status.SNAKE, 0.01
3078, 11, 100, Status.WALL, 0.01
3079, 3, 25, Status.SNAKE, 0.01
3080, 5, 52, Status.SNAKE, 0.01
3081, 15, 74, Status.SNAKE, 0.01
3082, 15, 109, Status.WALL, 0.01
3083, 7, 54, Status.SNAKE, 0.01
3084, 8, 60, Status.SNAKE, 0.01
3085, 21, 142, Status.WALL, 0.01
3086, 17, 141, Status.SNAKE, 0.01
3087, 13, 86, Status.WALL, 0.01
3088, 15, 119, Status.SNAKE, 0.01
3089, 12, 123, Status.SNAKE, 0.01
3090, 7, 48, Status.WALL, 0.01
3091, 1, 5, Status.SNAKE, 0.01
3092, 1, 3, Status.SNAKE, 0.01
3093, 4, 26, Status.SNAKE, 0.01
3094, 5, 31, Status.SNAKE, 0.01
3095, 7, 50, Status.SNAKE, 0.01
3096, 6, 42, Status.SNAKE, 0.01
3097, 6, 55, Status.SNAKE, 0.01
3098, 16, 102, Status.WALL, 0.01
3099, 3, 16, Status.SNAKE, 0.01
3100, 16, 122, Status.SNAKE, 0.01
3101, 10, 71, Status.SNAKE, 0.01
3102, 13, 117, Status.SNAKE, 0.01
3103, 4, 22, Status.WALL, 0.01
3104, 7, 46, Status.SNAKE, 0.01
3105, 5, 28, Status.SNAKE, 0.01
3106, 8, 62, Status.WALL, 0.01
3107, 9, 53, Status.WALL, 0.01
3108, 7, 39, Status.SNAKE, 0.01
3109, 12, 70, Status.SNAKE, 0.01
3110, 14, 103, Status.SNAKE, 0.01
3111, 10, 74, Status.SNAKE, 0.01
3112, 10, 68, Status.SNAKE, 0.01
3113, 11, 75, Status.SNAKE, 0.01
3114, 6, 41, Status.WALL, 0.01
3115, 15, 92, Status.SNAKE, 0.01
3116, 7, 59, Status.SNAKE, 0.01
3117, 8, 63, Status.SNAKE, 0.01
3118, 16, 149, Status.SNAKE, 0.01
3119, 14, 101, Status.WALL, 0.01
3120, 2, 21, Status.SNAKE, 0.01
3121, 2, 13, Status.SNAKE, 0.01
3122, 4, 18, Status.SNAKE, 0.01
3123, 1, 8, Status.WALL, 0.01
3124, 2, 23, Status.SNAKE, 0.01
3125, 10, 48, Status.SNAKE, 0.01
3126, 11, 64, Status.SNAKE, 0.01
3127, 11, 75, Status.SNAKE, 0.01
3128, 11, 67, Status.SNAKE, 0.01
3129, 6, 36, Status.SNAKE, 0.01
3130, 10, 74, Status.SNAKE, 0.01
3131, 9, 57, Status.SNAKE, 0.01
3132, 4, 26, Status.SNAKE, 0.01
3133, 15, 94, Status.SNAKE, 0.01
3134, 7, 50, Status.SNAKE, 0.01
3135, 8, 62, Status.SNAKE, 0.01
3136, 11, 60, Status.SNAKE, 0.01
3137, 2, 10, Status.SNAKE, 0.01
3138, 20, 153, Status.WALL, 0.01
3139, 6, 49, Status.SNAKE, 0.01
3140, 8, 73, Status.WALL, 0.01
3141, 1, 6, Status.SNAKE, 0.01
3142, 4, 32, Status.WALL, 0.01
3143, 5, 53, Status.SNAKE, 0.01
3144, 7, 55, Status.SNAKE, 0.01
3145, 9, 58, Status.SNAKE, 0.01
3146, 4, 42, Status.WALL, 0.01
3147, 5, 43, Status.WALL, 0.01
3148, 21, 160, Status.SNAKE, 0.01
3149, 9, 62, Status.SNAKE, 0.01
3150, 7, 41, Status.SNAKE, 0.01
3151, 0, 5, Status.WALL, 0.01
3152, 3, 21, Status.WALL, 0.01
3153, 1, 5, Status.SNAKE, 0.01
3154, 3, 17, Status.SNAKE, 0.01
3155, 5, 46, Status.SNAKE, 0.01
3156, 8, 44, Status.SNAKE, 0.01
3157, 9, 50, Status.SNAKE, 0.01
3158, 13, 95, Status.WALL, 0.01
3159, 7, 46, Status.WALL, 0.01
3160, 1, 6, Status.WALL, 0.01
3161, 10, 75, Status.SNAKE, 0.01
3162, 4, 26, Status.WALL, 0.01
3163, 9, 54, Status.WALL, 0.01
3164, 2, 17, Status.SNAKE, 0.01
3165, 15, 135, Status.SNAKE, 0.01
3166, 9, 56, Status.WALL, 0.01
3167, 8, 56, Status.SNAKE, 0.01
3168, 7, 51, Status.SNAKE, 0.01
3169, 10, 77, Status.SNAKE, 0.01
3170, 21, 142, Status.SNAKE, 0.01
3171, 17, 141, Status.WALL, 0.01
3172, 12, 84, Status.SNAKE, 0.01
3173, 12, 82, Status.WALL, 0.01
3174, 5, 34, Status.SNAKE, 0.01
3175, 1, 10, Status.WALL, 0.01
3176, 13, 101, Status.SNAKE, 0.01
3177, 6, 32, Status.WALL, 0.01
3178, 4, 34, Status.SNAKE, 0.01
3179, 4, 30, Status.SNAKE, 0.01
3180, 8, 66, Status.SNAKE, 0.01
3181, 11, 68, Status.SNAKE, 0.01
3182, 4, 22, Status.SNAKE, 0.01
3183, 7, 48, Status.SNAKE, 0.01
3184, 5, 22, Status.SNAKE, 0.01
3185, 11, 86, Status.SNAKE, 0.01
3186, 2, 10, Status.SNAKE, 0.01
3187, 2, 12, Status.SNAKE, 0.01
3188, 2, 26, Status.WALL, 0.01
3189, 6, 32, Status.SNAKE, 0.01
3190, 8, 65, Status.SNAKE, 0.01
3191, 6, 46, Status.SNAKE, 0.01
3192, 4, 35, Status.WALL, 0.01
3193, 1, 8, Status.SNAKE, 0.01
3194, 7, 33, Status.SNAKE, 0.01
3195, 4, 20, Status.SNAKE, 0.01
3196, 1, 8, Status.WALL, 0.01
3197, 7, 56, Status.SNAKE, 0.01
3198, 7, 30, Status.SNAKE, 0.01
3199, 19, 158, Status.WALL, 0.01
3200, 6, 36, Status.SNAKE, 0.01
3201, 7, 40, Status.SNAKE, 0.01
3202, 11, 85, Status.WALL, 0.01
3203, 9, 69, Status.SNAKE, 0.01
3204, 4, 34, Status.SNAKE, 0.01
3205, 8, 57, Status.SNAKE, 0.01
3206, 14, 129, Status.SNAKE, 0.01
3207, 8, 49, Status.SNAKE, 0.01
3208, 5, 41, Status.SNAKE, 0.01
3209, 5, 19, Status.SNAKE, 0.01
3210, 7, 64, Status.SNAKE, 0.01
3211, 13, 84, Status.WALL, 0.01
3212, 5, 35, Status.SNAKE, 0.01
3213, 17, 97, Status.SNAKE, 0.01
3214, 9, 64, Status.SNAKE, 0.01
3215, 5, 42, Status.SNAKE, 0.01
3216, 4, 30, Status.WALL, 0.01
3217, 7, 60, Status.SNAKE, 0.01
3218, 9, 74, Status.WALL, 0.01
3219, 16, 133, Status.SNAKE, 0.01
3220, 6, 45, Status.SNAKE, 0.01
3221, 15, 115, Status.SNAKE, 0.01
3222, 9, 55, Status.SNAKE, 0.01
3223, 11, 96, Status.WALL, 0.01
3224, 7, 43, Status.WALL, 0.01
3225, 5, 43, Status.SNAKE, 0.01
3226, 1, 5, Status.SNAKE, 0.01
3227, 11, 85, Status.SNAKE, 0.01
3228, 3, 23, Status.SNAKE, 0.01
3229, 2, 21, Status.SNAKE, 0.01
3230, 5, 22, Status.SNAKE, 0.01
3231, 7, 28, Status.SNAKE, 0.01
3232, 9, 72, Status.SNAKE, 0.01
3233, 7, 66, Status.SNAKE, 0.01
3234, 6, 34, Status.SNAKE, 0.01
3235, 10, 75, Status.SNAKE, 0.01
3236, 3, 28, Status.SNAKE, 0.01
3237, 1, 9, Status.WALL, 0.01
3238, 7, 58, Status.WALL, 0.01
3239, 17, 96, Status.SNAKE, 0.01
3240, 10, 79, Status.SNAKE, 0.01
3241, 10, 86, Status.WALL, 0.01
3242, 14, 98, Status.SNAKE, 0.01
3243, 10, 60, Status.SNAKE, 0.01
3244, 4, 32, Status.SNAKE, 0.01
3245, 10, 58, Status.SNAKE, 0.01
3246, 9, 73, Status.SNAKE, 0.01
3247, 9, 54, Status.SNAKE, 0.01
3248, 13, 91, Status.SNAKE, 0.01
3249, 6, 63, Status.SNAKE, 0.01
3250, 6, 44, Status.SNAKE, 0.01
3251, 7, 70, Status.WALL, 0.01
3252, 1, 3, Status.SNAKE, 0.01
3253, 10, 66, Status.SNAKE, 0.01
3254, 11, 88, Status.SNAKE, 0.01
3255, 9, 58, Status.WALL, 0.01
3256, 7, 45, Status.SNAKE, 0.01
3257, 6, 42, Status.SNAKE, 0.01
3258, 9, 43, Status.SNAKE, 0.01
3259, 7, 37, Status.SNAKE, 0.01
3260, 9, 63, Status.SNAKE, 0.01
3261, 3, 19, Status.SNAKE, 0.01
3262, 10, 76, Status.SNAKE, 0.01
3263, 7, 52, Status.WALL, 0.01
3264, 16, 116, Status.SNAKE, 0.01
3265, 5, 26, Status.SNAKE, 0.01
3266, 9, 74, Status.SNAKE, 0.01
3267, 10, 89, Status.SNAKE, 0.01
3268, 8, 50, Status.WALL, 0.01
3269, 10, 66, Status.SNAKE, 0.01
3270, 1, 5, Status.SNAKE, 0.01
3271, 5, 25, Status.SNAKE, 0.01
3272, 9, 59, Status.SNAKE, 0.01
3273, 10, 87, Status.SNAKE, 0.01
3274, 10, 75, Status.SNAKE, 0.01
3275, 12, 61, Status.SNAKE, 0.01
3276, 9, 32, Status.SNAKE, 0.01
3277, 6, 35, Status.WALL, 0.01
3278, 7, 40, Status.SNAKE, 0.01
3279, 9, 72, Status.SNAKE, 0.01
3280, 10, 55, Status.SNAKE, 0.01
3281, 3, 13, Status.SNAKE, 0.01
3282, 8, 47, Status.SNAKE, 0.01
3283, 7, 34, Status.SNAKE, 0.01
3284, 7, 43, Status.SNAKE, 0.01
3285, 1, 8, Status.SNAKE, 0.01
3286, 6, 36, Status.SNAKE, 0.01
3287, 9, 48, Status.SNAKE, 0.01
3288, 14, 92, Status.SNAKE, 0.01
3289, 1, 7, Status.SNAKE, 0.01
3290, 6, 51, Status.WALL, 0.01
3291, 15, 113, Status.SNAKE, 0.01
3292, 5, 31, Status.SNAKE, 0.01
3293, 9, 69, Status.SNAKE, 0.01
3294, 6, 35, Status.WALL, 0.01
3295, 3, 24, Status.WALL, 0.01
3296, 7, 55, Status.SNAKE, 0.01
3297, 11, 96, Status.WALL, 0.01
3298, 18, 143, Status.SNAKE, 0.01
3299, 7, 68, Status.SNAKE, 0.01
3300, 9, 49, Status.SNAKE, 0.01
3301, 7, 48, Status.SNAKE, 0.01
3302, 16, 86, Status.SNAKE, 0.01
3303, 4, 26, Status.SNAKE, 0.01
3304, 9, 73, Status.SNAKE, 0.01
3305, 3, 16, Status.WALL, 0.01
3306, 14, 113, Status.SNAKE, 0.01
3307, 11, 70, Status.SNAKE, 0.01
3308, 3, 21, Status.SNAKE, 0.01
3309, 6, 54, Status.SNAKE, 0.01
3310, 11, 88, Status.SNAKE, 0.01
3311, 10, 100, Status.SNAKE, 0.01
3312, 5, 33, Status.SNAKE, 0.01
3313, 10, 57, Status.SNAKE, 0.01
3314, 4, 28, Status.WALL, 0.01
3315, 8, 58, Status.SNAKE, 0.01
3316, 4, 34, Status.SNAKE, 0.01
3317, 1, 7, Status.SNAKE, 0.01
3318, 6, 32, Status.SNAKE, 0.01
3319, 2, 11, Status.SNAKE, 0.01
3320, 8, 50, Status.SNAKE, 0.01
3321, 2, 24, Status.WALL, 0.01
3322, 13, 94, Status.SNAKE, 0.01
3323, 9, 54, Status.SNAKE, 0.01
3324, 17, 147, Status.SNAKE, 0.01
3325, 8, 63, Status.SNAKE, 0.01
3326, 12, 82, Status.SNAKE, 0.01
3327, 15, 110, Status.SNAKE, 0.01
3328, 15, 126, Status.SNAKE, 0.01
3329, 7, 44, Status.SNAKE, 0.01
3330, 12, 126, Status.SNAKE, 0.01
3331, 5, 25, Status.SNAKE, 0.01
3332, 13, 80, Status.SNAKE, 0.01
3333, 9, 54, Status.SNAKE, 0.01
3334, 9, 77, Status.SNAKE, 0.01
3335, 6, 45, Status.SNAKE, 0.01
3336, 1, 15, Status.SNAKE, 0.01
3337, 10, 77, Status.WALL, 0.01
3338, 10, 51, Status.WALL, 0.01
3339, 10, 78, Status.SNAKE, 0.01
3340, 8, 52, Status.SNAKE, 0.01
3341, 4, 27, Status.SNAKE, 0.01
3342, 9, 53, Status.SNAKE, 0.01
3343, 9, 55, Status.SNAKE, 0.01
3344, 9, 51, Status.SNAKE, 0.01
3345, 4, 24, Status.SNAKE, 0.01
3346, 1, 6, Status.SNAKE, 0.01
3347, 7, 48, Status.SNAKE, 0.01
3348, 17, 99, Status.WALL, 0.01
3349, 7, 51, Status.SNAKE, 0.01
3350, 14, 92, Status.SNAKE, 0.01
3351, 10, 44, Status.SNAKE, 0.01
3352, 2, 17, Status.SNAKE, 0.01
3353, 4, 31, Status.SNAKE, 0.01
3354, 8, 57, Status.SNAKE, 0.01
3355, 3, 11, Status.SNAKE, 0.01
3356, 7, 42, Status.SNAKE, 0.01
3357, 18, 126, Status.SNAKE, 0.01
3358, 10, 86, Status.SNAKE, 0.01
3359, 4, 33, Status.SNAKE, 0.01
3360, 7, 33, Status.SNAKE, 0.01
3361, 1, 3, Status.SNAKE, 0.01
3362, 8, 35, Status.SNAKE, 0.01
3363, 8, 51, Status.SNAKE, 0.01
3364, 9, 51, Status.WALL, 0.01
3365, 13, 90, Status.SNAKE, 0.01
3366, 1, 13, Status.WALL, 0.01
3367, 14, 88, Status.SNAKE, 0.01
3368, 8, 41, Status.SNAKE, 0.01
3369, 3, 12, Status.SNAKE, 0.01
3370, 10, 65, Status.SNAKE, 0.01
3371, 16, 113, Status.SNAKE, 0.01
3372, 4, 18, Status.SNAKE, 0.01
3373, 10, 74, Status.SNAKE, 0.01
3374, 6, 38, Status.WALL, 0.01
3375, 5, 30, Status.SNAKE, 0.01
3376, 18, 104, Status.SNAKE, 0.01
3377, 10, 65, Status.WALL, 0.01
3378, 10, 61, Status.SNAKE, 0.01
3379, 12, 61, Status.SNAKE, 0.01
3380, 10, 75, Status.SNAKE, 0.01
3381, 5, 43, Status.SNAKE, 0.01
3382, 2, 16, Status.SNAKE, 0.01
3383, 2, 10, Status.WALL, 0.01
3384, 2, 14, Status.WALL, 0.01
3385, 0, 7, Status.WALL, 0.01
3386, 9, 61, Status.SNAKE, 0.01
3387, 7, 49, Status.SNAKE, 0.01
3388, 14, 112, Status.SNAKE, 0.01
3389, 6, 44, Status.SNAKE, 0.01
3390, 9, 48, Status.SNAKE, 0.01
3391, 5, 38, Status.SNAKE, 0.01
3392, 9, 76, Status.SNAKE, 0.01
3393, 6, 49, Status.SNAKE, 0.01
3394, 7, 51, Status.SNAKE, 0.01
3395, 9, 48, Status.SNAKE, 0.01
3396, 4, 24, Status.WALL, 0.01
3397, 7, 34, Status.SNAKE, 0.01
3398, 9, 51, Status.SNAKE, 0.01
3399, 14, 123, Status.SNAKE, 0.01
3400, 5, 24, Status.WALL, 0.01
3401, 7, 56, Status.SNAKE, 0.01
3402, 5, 25, Status.SNAKE, 0.01
3403, 11, 79, Status.SNAKE, 0.01
3404, 9, 64, Status.SNAKE, 0.01
3405, 2, 16, Status.SNAKE, 0.01
3406, 10, 68, Status.SNAKE, 0.01
3407, 1, 8, Status.SNAKE, 0.01
3408, 1, 8, Status.WALL, 0.01
3409, 18, 88, Status.SNAKE, 0.01
3410, 14, 90, Status.SNAKE, 0.01
3411, 2, 18, Status.WALL, 0.01
3412, 7, 48, Status.SNAKE, 0.01
3413, 13, 90, Status.WALL, 0.01
3414, 12, 85, Status.SNAKE, 0.01
3415, 9, 59, Status.SNAKE, 0.01
3416, 10, 67, Status.WALL, 0.01
3417, 8, 45, Status.SNAKE, 0.01
3418, 6, 41, Status.SNAKE, 0.01
3419, 3, 26, Status.SNAKE, 0.01
3420, 18, 121, Status.SNAKE, 0.01
3421, 7, 49, Status.WALL, 0.01
3422, 2, 12, Status.SNAKE, 0.01
3423, 8, 59, Status.SNAKE, 0.01
3424, 9, 59, Status.SNAKE, 0.01
3425, 9, 30, Status.SNAKE, 0.01
3426, 1, 10, Status.WALL, 0.01
3427, 4, 17, Status.SNAKE, 0.01
3428, 15, 96, Status.SNAKE, 0.01
3429, 8, 41, Status.SNAKE, 0.01
3430, 6, 47, Status.SNAKE, 0.01
3431, 13, 86, Status.WALL, 0.01
3432, 9, 54, Status.WALL, 0.01
3433, 2, 26, Status.WALL, 0.01
3434, 10, 92, Status.SNAKE, 0.01
3435, 2, 16, Status.WALL, 0.01
3436, 7, 57, Status.SNAKE, 0.01
3437, 4, 23, Status.SNAKE, 0.01
3438, 5, 22, Status.SNAKE, 0.01
3439, 16, 102, Status.SNAKE, 0.01
3440, 8, 72, Status.SNAKE, 0.01
3441, 10, 101, Status.SNAKE, 0.01
3442, 5, 35, Status.WALL, 0.01
3443, 16, 109, Status.SNAKE, 0.01
3444, 1, 6, Status.SNAKE, 0.01
3445, 5, 33, Status.WALL, 0.01
3446, 2, 15, Status.SNAKE, 0.01
3447, 1, 6, Status.WALL, 0.01
3448, 7, 60, Status.SNAKE, 0.01
3449, 13, 79, Status.WALL, 0.01
3450, 6, 41, Status.WALL, 0.01
3451, 15, 116, Status.SNAKE, 0.01
3452, 3, 32, Status.SNAKE, 0.01
3453, 12, 115, Status.SNAKE, 0.01
3454, 6, 24, Status.SNAKE, 0.01
3455, 6, 43, Status.SNAKE, 0.01
3456, 12, 73, Status.SNAKE, 0.01
3457, 13, 90, Status.WALL, 0.01
3458, 10, 82, Status.SNAKE, 0.01
3459, 17, 113, Status.SNAKE, 0.01
3460, 7, 39, Status.SNAKE, 0.01
3461, 5, 47, Status.WALL, 0.01
3462, 8, 66, Status.SNAKE, 0.01
3463, 12, 84, Status.SNAKE, 0.01
3464, 1, 10, Status.WALL, 0.01
3465, 4, 25, Status.WALL, 0.01
3466, 7, 55, Status.SNAKE, 0.01
3467, 14, 109, Status.SNAKE, 0.01
3468, 9, 64, Status.WALL, 0.01
3469, 3, 8, Status.SNAKE, 0.01
3470, 13, 115, Status.SNAKE, 0.01
3471, 6, 36, Status.SNAKE, 0.01
3472, 9, 73, Status.SNAKE, 0.01
3473, 18, 126, Status.SNAKE, 0.01
3474, 3, 14, Status.SNAKE, 0.01
3475, 10, 71, Status.SNAKE, 0.01
3476, 7, 32, Status.SNAKE, 0.01
3477, 15, 97, Status.SNAKE, 0.01
3478, 12, 73, Status.SNAKE, 0.01
3479, 0, 7, Status.WALL, 0.01
3480, 1, 7, Status.SNAKE, 0.01
3481, 1, 8, Status.SNAKE, 0.01
3482, 13, 90, Status.SNAKE, 0.01
3483, 6, 62, Status.SNAKE, 0.01
3484, 1, 3, Status.SNAKE, 0.01
3485, 5, 28, Status.SNAKE, 0.01
3486, 1, 5, Status.SNAKE, 0.01
3487, 1, 10, Status.WALL, 0.01
3488, 11, 79, Status.SNAKE, 0.01
3489, 10, 79, Status.WALL, 0.01
3490, 15, 102, Status.SNAKE, 0.01
3491, 10, 62, Status.SNAKE, 0.01
3492, 8, 32, Status.SNAKE, 0.01
3493, 15, 86, Status.SNAKE, 0.01
3494, 8, 66, Status.WALL, 0.01
3495, 10, 87, Status.WALL, 0.01
3496, 8, 57, Status.SNAKE, 0.01
3497, 3, 16, Status.SNAKE, 0.01
3498, 3, 26, Status.SNAKE, 0.01
3499, 6, 41, Status.WALL, 0.01
3500, 3, 18, Status.SNAKE, 0.01
3501, 7, 55, Status.SNAKE, 0.01
3502, 13, 93, Status.SNAKE, 0.01
3503, 7, 51, Status.SNAKE, 0.01
3504, 9, 65, Status.SNAKE, 0.01
3505, 4, 25, Status.SNAKE, 0.01
3506, 10, 60, Status.SNAKE, 0.01
3507, 4, 26, Status.SNAKE, 0.01
3508, 10, 45, Status.SNAKE, 0.01
3509, 14, 121, Status.WALL, 0.01
3510, 8, 72, Status.WALL, 0.01
3511, 11, 79, Status.SNAKE, 0.01
3512, 1, 8, Status.SNAKE, 0.01
3513, 5, 32, Status.WALL, 0.01
3514, 6, 50, Status.SNAKE, 0.01
3515, 9, 71, Status.SNAKE, 0.01
3516, 10, 97, Status.SNAKE, 0.01
3517, 1, 10, Status.WALL, 0.01
3518, 11, 69, Status.SNAKE, 0.01
3519, 9, 49, Status.SNAKE, 0.01
3520, 1, 3, Status.SNAKE, 0.01
3521, 9, 62, Status.WALL, 0.01
3522, 10, 64, Status.SNAKE, 0.01
3523, 2, 14, Status.WALL, 0.01
3524, 4, 27, Status.WALL, 0.01
3525, 5, 13, Status.SNAKE, 0.01
3526, 15, 94, Status.SNAKE, 0.01
3527, 7, 55, Status.SNAKE, 0.01
3528, 11, 88, Status.SNAKE, 0.01
3529, 11, 84, Status.SNAKE, 0.01
3530, 12, 87, Status.SNAKE, 0.01
3531, 11, 78, Status.SNAKE, 0.01
3532, 10, 81, Status.SNAKE, 0.01
3533, 6, 39, Status.SNAKE, 0.01
3534, 13, 102, Status.SNAKE, 0.01
3535, 3, 31, Status.SNAKE, 0.01
3536, 5, 22, Status.SNAKE, 0.01
3537, 6, 48, Status.WALL, 0.01
3538, 3, 22, Status.WALL, 0.01
3539, 9, 72, Status.SNAKE, 0.01
3540, 8, 53, Status.SNAKE, 0.01
3541, 2, 10, Status.SNAKE, 0.01
3542, 7, 59, Status.WALL, 0.01
3543, 5, 48, Status.SNAKE, 0.01
3544, 13, 79, Status.SNAKE, 0.01
3545, 7, 25, Status.SNAKE, 0.01
3546, 11, 108, Status.SNAKE, 0.01
3547, 7, 62, Status.WALL, 0.01
3548, 8, 72, Status.SNAKE, 0.01
3549, 6, 36, Status.WALL, 0.01
3550, 5, 35, Status.SNAKE, 0.01
3551, 6, 42, Status.SNAKE, 0.01
3552, 19, 140, Status.SNAKE, 0.01
3553, 17, 143, Status.SNAKE, 0.01
3554, 12, 107, Status.SNAKE, 0.01
3555, 13, 90, Status.SNAKE, 0.01
3556, 9, 66, Status.SNAKE, 0.01
3557, 6, 35, Status.SNAKE, 0.01
3558, 11, 103, Status.SNAKE, 0.01
3559, 6, 40, Status.SNAKE, 0.01
3560, 9, 79, Status.SNAKE, 0.01
3561, 4, 26, Status.SNAKE, 0.01
3562, 13, 102, Status.SNAKE, 0.01
3563, 8, 54, Status.SNAKE, 0.01
3564, 8, 64, Status.SNAKE, 0.01
3565, 8, 46, Status.WALL, 0.01
3566, 9, 65, Status.SNAKE, 0.01
3567, 1, 10, Status.WALL, 0.01
3568, 10, 77, Status.SNAKE, 0.01
3569, 3, 8, Status.SNAKE, 0.01
3570, 15, 101, Status.SNAKE, 0.01
3571, 3, 15, Status.SNAKE, 0.01
3572, 12, 94, Status.SNAKE, 0.01
3573, 15, 102, Status.SNAKE, 0.01
3574, 6, 47, Status.SNAKE, 0.01
3575, 6, 39, Status.SNAKE, 0.01
3576, 4, 30, Status.SNAKE, 0.01
3577, 13, 88, Status.SNAKE, 0.01
3578, 12, 62, Status.SNAKE, 0.01
3579, 9, 58, Status.SNAKE, 0.01
3580, 8, 53, Status.SNAKE, 0.01
3581, 4, 28, Status.WALL, 0.01
3582, 11, 92, Status.SNAKE, 0.01
3583, 4, 23, Status.WALL, 0.01
3584, 8, 62, Status.SNAKE, 0.01
3585, 7, 42, Status.SNAKE, 0.01
3586, 5, 18, Status.SNAKE, 0.01
3587, 1, 10, Status.WALL, 0.01
3588, 15, 93, Status.SNAKE, 0.01
3589, 4, 33, Status.WALL, 0.01
3590, 5, 39, Status.SNAKE, 0.01
3591, 6, 59, Status.WALL, 0.01
3592, 5, 54, Status.WALL, 0.01
3593, 6, 40, Status.SNAKE, 0.01
3594, 3, 26, Status.SNAKE, 0.01
3595, 11, 68, Status.SNAKE, 0.01
3596, 2, 10, Status.WALL, 0.01
3597, 1, 5, Status.SNAKE, 0.01
3598, 1, 3, Status.SNAKE, 0.01
3599, 7, 80, Status.WALL, 0.01
3600, 9, 62, Status.SNAKE, 0.01
3601, 17, 105, Status.WALL, 0.01
3602, 8, 81, Status.SNAKE, 0.01
3603, 1, 5, Status.SNAKE, 0.01
3604, 7, 44, Status.SNAKE, 0.01
3605, 13, 93, Status.SNAKE, 0.01
3606, 7, 34, Status.SNAKE, 0.01
3607, 5, 37, Status.SNAKE, 0.01
3608, 1, 5, Status.SNAKE, 0.01
3609, 8, 71, Status.WALL, 0.01
3610, 7, 53, Status.SNAKE, 0.01
3611, 10, 71, Status.SNAKE, 0.01
3612, 11, 73, Status.SNAKE, 0.01
3613, 1, 16, Status.WALL, 0.01
3614, 3, 23, Status.SNAKE, 0.01
3615, 7, 40, Status.WALL, 0.01
3616, 14, 70, Status.SNAKE, 0.01
3617, 11, 87, Status.WALL, 0.01
3618, 6, 36, Status.SNAKE, 0.01
3619, 19, 133, Status.WALL, 0.01
3620, 5, 22, Status.SNAKE, 0.01
3621, 11, 68, Status.SNAKE, 0.01
3622, 2, 12, Status.SNAKE, 0.01
3623, 11, 79, Status.SNAKE, 0.01
3624, 3, 15, Status.SNAKE, 0.01
3625, 3, 35, Status.SNAKE, 0.01
3626, 7, 50, Status.WALL, 0.01
3627, 11, 85, Status.SNAKE, 0.01
3628, 13, 94, Status.WALL, 0.01
3629, 2, 19, Status.SNAKE, 0.01
3630, 4, 32, Status.SNAKE, 0.01
3631, 2, 17, Status.SNAKE, 0.01
3632, 21, 145, Status.WALL, 0.01
3633, 1, 9, Status.WALL, 0.01
3634, 4, 32, Status.SNAKE, 0.01
3635, 6, 44, Status.SNAKE, 0.01
3636, 4, 21, Status.SNAKE, 0.01
3637, 9, 57, Status.SNAKE, 0.01
3638, 4, 31, Status.SNAKE, 0.01
3639, 8, 52, Status.WALL, 0.01
3640, 4, 21, Status.WALL, 0.01
3641, 3, 24, Status.WALL, 0.01
3642, 11, 50, Status.SNAKE, 0.01
3643, 3, 24, Status.WALL, 0.01
3644, 18, 136, Status.SNAKE, 0.01
3645, 1, 10, Status.WALL, 0.01
3646, 7, 48, Status.SNAKE, 0.01
3647, 8, 47, Status.SNAKE, 0.01
3648, 5, 29, Status.SNAKE, 0.01
3649, 1, 5, Status.SNAKE, 0.01
3650, 5, 19, Status.SNAKE, 0.01
3651, 7, 60, Status.SNAKE, 0.01
3652, 11, 64, Status.SNAKE, 0.01
3653, 5, 39, Status.SNAKE, 0.01
3654, 3, 22, Status.SNAKE, 0.01
3655, 7, 37, Status.SNAKE, 0.01
3656, 5, 49, Status.SNAKE, 0.01
3657, 3, 29, Status.SNAKE, 0.01
3658, 2, 19, Status.WALL, 0.01
3659, 5, 17, Status.SNAKE, 0.01
3660, 1, 7, Status.SNAKE, 0.01
3661, 6, 42, Status.WALL, 0.01
3662, 2, 11, Status.SNAKE, 0.01
3663, 16, 91, Status.SNAKE, 0.01
3664, 1, 5, Status.SNAKE, 0.01
3665, 5, 36, Status.SNAKE, 0.01
3666, 0, 4, Status.WALL, 0.01
3667, 9, 60, Status.SNAKE, 0.01
3668, 3, 14, Status.SNAKE, 0.01
3669, 4, 18, Status.SNAKE, 0.01
3670, 8, 60, Status.SNAKE, 0.01
3671, 6, 43, Status.SNAKE, 0.01
3672, 13, 91, Status.SNAKE, 0.01
3673, 8, 49, Status.SNAKE, 0.01
3674, 8, 54, Status.SNAKE, 0.01
3675, 4, 20, Status.SNAKE, 0.01
3676, 18, 140, Status.SNAKE, 0.01
3677, 4, 21, Status.SNAKE, 0.01
3678, 6, 41, Status.SNAKE, 0.01
3679, 14, 89, Status.WALL, 0.01
3680, 7, 40, Status.SNAKE, 0.01
3681, 12, 103, Status.SNAKE, 0.01
3682, 3, 22, Status.SNAKE, 0.01
3683, 15, 106, Status.SNAKE, 0.01
3684, 7, 58, Status.WALL, 0.01
3685, 1, 3, Status.SNAKE, 0.01
3686, 9, 73, Status.SNAKE, 0.01
3687, 2, 23, Status.WALL, 0.01
3688, 8, 32, Status.SNAKE, 0.01
3689, 1, 5, Status.SNAKE, 0.01
3690, 10, 59, Status.SNAKE, 0.01
3691, 13, 122, Status.SNAKE, 0.01
3692, 11, 95, Status.WALL, 0.01
3693, 16, 127, Status.SNAKE, 0.01
3694, 11, 85, Status.SNAKE, 0.01
3695, 5, 28, Status.SNAKE, 0.01
3696, 3, 26, Status.WALL, 0.01
3697, 2, 27, Status.SNAKE, 0.01
3698, 3, 17, Status.SNAKE, 0.01
3699, 7, 43, Status.SNAKE, 0.01
3700, 2, 15, Status.WALL, 0.01
3701, 10, 78, Status.SNAKE, 0.01
3702, 7, 55, Status.WALL, 0.01
3703, 8, 50, Status.SNAKE, 0.01
3704, 12, 76, Status.SNAKE, 0.01
3705, 9, 74, Status.SNAKE, 0.01
3706, 3, 22, Status.SNAKE, 0.01
3707, 1, 8, Status.WALL, 0.01
3708, 5, 43, Status.SNAKE, 0.01
3709, 8, 66, Status.WALL, 0.01
3710, 6, 33, Status.WALL, 0.01
3711, 6, 41, Status.WALL, 0.01
3712, 11, 79, Status.SNAKE, 0.01
3713, 6, 38, Status.SNAKE, 0.01
3714, 11, 63, Status.SNAKE, 0.01
3715, 9, 61, Status.SNAKE, 0.01
3716, 17, 104, Status.WALL, 0.01
3717, 14, 95, Status.WALL, 0.01
3718, 5, 40, Status.SNAKE, 0.01
3719, 12, 92, Status.WALL, 0.01
3720, 8, 83, Status.SNAKE, 0.01
3721, 7, 36, Status.SNAKE, 0.01
3722, 5, 24, Status.SNAKE, 0.01
3723, 7, 55, Status.WALL, 0.01
3724, 11, 68, Status.SNAKE, 0.01
3725, 2, 20, Status.WALL, 0.01
3726, 10, 78, Status.SNAKE, 0.01
3727, 5, 31, Status.SNAKE, 0.01
3728, 6, 44, Status.SNAKE, 0.01
3729, 5, 30, Status.SNAKE, 0.01
3730, 6, 33, Status.SNAKE, 0.01
3731, 12, 77, Status.SNAKE, 0.01
3732, 6, 47, Status.SNAKE, 0.01
3733, 11, 55, Status.SNAKE, 0.01
3734, 9, 62, Status.SNAKE, 0.01
3735, 6, 57, Status.SNAKE, 0.01
3736, 10, 50, Status.SNAKE, 0.01
3737, 11, 84, Status.WALL, 0.01
3738, 11, 78, Status.SNAKE, 0.01
3739, 2, 21, Status.SNAKE, 0.01
3740, 5, 50, Status.WALL, 0.01
3741, 4, 42, Status.WALL, 0.01
3742, 8, 42, Status.SNAKE, 0.01
3743, 1, 6, Status.SNAKE, 0.01
3744, 11, 78, Status.SNAKE, 0.01
3745, 17, 141, Status.SNAKE, 0.01
3746, 1, 8, Status.SNAKE, 0.01
3747, 5, 46, Status.WALL, 0.01
3748, 16, 125, Status.SNAKE, 0.01
3749, 10, 82, Status.WALL, 0.01
3750, 1, 8, Status.WALL, 0.01
3751, 9, 61, Status.SNAKE, 0.01
3752, 9, 66, Status.SNAKE, 0.01
3753, 13, 100, Status.SNAKE, 0.01
3754, 3, 24, Status.SNAKE, 0.01
3755, 1, 5, Status.WALL, 0.01
3756, 0, 9, Status.WALL, 0.01
3757, 10, 64, Status.SNAKE, 0.01
3758, 3, 27, Status.SNAKE, 0.01
3759, 16, 95, Status.SNAKE, 0.01
3760, 5, 43, Status.SNAKE, 0.01
3761, 7, 36, Status.WALL, 0.01
3762, 4, 19, Status.WALL, 0.01
3763, 6, 62, Status.SNAKE, 0.01
3764, 3, 17, Status.WALL, 0.01
3765, 8, 47, Status.SNAKE, 0.01
3766, 2, 19, Status.SNAKE, 0.01
3767, 10, 78, Status.SNAKE, 0.01
3768, 9, 65, Status.WALL, 0.01
3769, 4, 29, Status.SNAKE, 0.01
3770, 7, 34, Status.WALL, 0.01
3771, 7, 39, Status.SNAKE, 0.01
3772, 4, 13, Status.SNAKE, 0.01
3773, 7, 68, Status.SNAKE, 0.01
3774, 7, 55, Status.SNAKE, 0.01
3775, 13, 76, Status.SNAKE, 0.01
3776, 4, 43, Status.WALL, 0.01
3777, 2, 14, Status.SNAKE, 0.01
3778, 17, 83, Status.SNAKE, 0.01
3779, 5, 38, Status.SNAKE, 0.01
3780, 11, 66, Status.SNAKE, 0.01
3781, 11, 75, Status.SNAKE, 0.01
3782, 13, 98, Status.WALL, 0.01
3783, 9, 62, Status.SNAKE, 0.01
3784, 3, 20, Status.SNAKE, 0.01
3785, 4, 28, Status.SNAKE, 0.01
3786, 8, 49, Status.SNAKE, 0.01
3787, 8, 47, Status.SNAKE, 0.01
3788, 4, 18, Status.WALL, 0.01
3789, 2, 15, Status.SNAKE, 0.01
3790, 14, 87, Status.WALL, 0.01
3791, 1, 18, Status.WALL, 0.01
3792, 1, 10, Status.WALL, 0.01
3793, 4, 26, Status.SNAKE, 0.01
3794, 1, 10, Status.WALL, 0.01
3795, 6, 36, Status.SNAKE, 0.01
3796, 6, 51, Status.SNAKE, 0.01
3797, 11, 77, Status.SNAKE, 0.01
3798, 9, 76, Status.SNAKE, 0.01
3799, 3, 14, Status.SNAKE, 0.01
3800, 11, 90, Status.SNAKE, 0.01
3801, 8, 51, Status.SNAKE, 0.01
3802, 5, 38, Status.SNAKE, 0.01
3803, 7, 48, Status.SNAKE, 0.01
3804, 9, 58, Status.SNAKE, 0.01
3805, 7, 34, Status.SNAKE, 0.01
3806, 16, 112, Status.SNAKE, 0.01
3807, 9, 59, Status.WALL, 0.01
3808, 7, 31, Status.SNAKE, 0.01
3809, 6, 41, Status.SNAKE, 0.01
3810, 5, 34, Status.SNAKE, 0.01
3811, 9, 71, Status.WALL, 0.01
3812, 7, 41, Status.SNAKE, 0.01
3813, 18, 110, Status.SNAKE, 0.01
3814, 10, 70, Status.SNAKE, 0.01
3815, 17, 112, Status.SNAKE, 0.01
3816, 1, 8, Status.WALL, 0.01
3817, 5, 29, Status.SNAKE, 0.01
3818, 10, 52, Status.SNAKE, 0.01
3819, 1, 7, Status.WALL, 0.01
3820, 9, 49, Status.SNAKE, 0.01
3821, 12, 82, Status.SNAKE, 0.01
3822, 6, 36, Status.SNAKE, 0.01
3823, 3, 24, Status.SNAKE, 0.01
3824, 11, 82, Status.SNAKE, 0.01
3825, 7, 37, Status.SNAKE, 0.01
3826, 15, 72, Status.SNAKE, 0.01
3827, 8, 78, Status.SNAKE, 0.01
3828, 11, 83, Status.SNAKE, 0.01
3829, 13, 77, Status.SNAKE, 0.01
3830, 12, 65, Status.SNAKE, 0.01
3831, 7, 42, Status.SNAKE, 0.01
3832, 5, 31, Status.SNAKE, 0.01
3833, 9, 77, Status.SNAKE, 0.01
3834, 9, 54, Status.SNAKE, 0.01
3835, 6, 42, Status.SNAKE, 0.01
3836, 4, 27, Status.SNAKE, 0.01
3837, 2, 7, Status.WALL, 0.01
3838, 11, 66, Status.SNAKE, 0.01
3839, 6, 53, Status.WALL, 0.01
3840, 2, 18, Status.WALL, 0.01
3841, 7, 46, Status.SNAKE, 0.01
3842, 6, 30, Status.SNAKE, 0.01
3843, 7, 55, Status.SNAKE, 0.01
3844, 9, 65, Status.SNAKE, 0.01
3845, 14, 87, Status.SNAKE, 0.01
3846, 5, 17, Status.SNAKE, 0.01
3847, 4, 22, Status.SNAKE, 0.01
3848, 21, 153, Status.SNAKE, 0.01
3849, 10, 68, Status.SNAKE, 0.01
3850, 2, 12, Status.SNAKE, 0.01
3851, 5, 40, Status.SNAKE, 0.01
3852, 3, 37, Status.WALL, 0.01
3853, 3, 28, Status.WALL, 0.01
3854, 1, 5, Status.SNAKE, 0.01
3855, 7, 44, Status.SNAKE, 0.01
3856, 24, 143, Status.SNAKE, 0.01
3857, 7, 32, Status.SNAKE, 0.01
3858, 14, 98, Status.SNAKE, 0.01
3859, 7, 39, Status.WALL, 0.01
3860, 3, 18, Status.SNAKE, 0.01
3861, 5, 34, Status.WALL, 0.01
3862, 10, 69, Status.SNAKE, 0.01
3863, 2, 15, Status.SNAKE, 0.01
3864, 3, 21, Status.SNAKE, 0.01
3865, 14, 69, Status.WALL, 0.01
3866, 13, 93, Status.SNAKE, 0.01
3867, 10, 53, Status.SNAKE, 0.01
3868, 16, 94, Status.SNAKE, 0.01
3869, 11, 75, Status.SNAKE, 0.01
3870, 5, 28, Status.SNAKE, 0.01
3871, 8, 55, Status.SNAKE, 0.01
3872, 14, 107, Status.SNAKE, 0.01
3873, 14, 100, Status.WALL, 0.01
3874, 9, 67, Status.SNAKE, 0.01
3875, 15, 83, Status.SNAKE, 0.01
3876, 19, 140, Status.SNAKE, 0.01
3877, 3, 20, Status.WALL, 0.01
3878, 14, 111, Status.SNAKE, 0.01
3879, 10, 82, Status.WALL, 0.01
3880, 1, 5, Status.SNAKE, 0.01
3881, 14, 109, Status.SNAKE, 0.01
3882, 4, 28, Status.WALL, 0.01
3883, 17, 131, Status.SNAKE, 0.01
3884, 1, 5, Status.SNAKE, 0.01
3885, 14, 101, Status.SNAKE, 0.01
3886, 4, 19, Status.WALL, 0.01
3887, 5, 30, Status.SNAKE, 0.01
3888, 13, 90, Status.SNAKE, 0.01
3889, 12, 93, Status.SNAKE, 0.01
3890, 14, 110, Status.SNAKE, 0.01
3891, 12, 86, Status.SNAKE, 0.01
3892, 9, 78, Status.SNAKE, 0.01
3893, 13, 95, Status.SNAKE, 0.01
3894, 6, 24, Status.SNAKE, 0.01
3895, 11, 65, Status.SNAKE, 0.01
3896, 17, 98, Status.SNAKE, 0.01
3897, 9, 72, Status.SNAKE, 0.01
3898, 11, 58, Status.SNAKE, 0.01
3899, 16, 93, Status.SNAKE, 0.01
3900, 13, 72, Status.SNAKE, 0.01
3901, 11, 78, Status.SNAKE, 0.01
3902, 4, 22, Status.SNAKE, 0.01
3903, 9, 61, Status.SNAKE, 0.01
3904, 4, 24, Status.SNAKE, 0.01
3905, 12, 73, Status.WALL, 0.01
3906, 19, 132, Status.WALL, 0.01
3907, 13, 75, Status.WALL, 0.01
3908, 9, 73, Status.SNAKE, 0.01
3909, 7, 46, Status.SNAKE, 0.01
3910, 13, 90, Status.WALL, 0.01
3911, 14, 65, Status.SNAKE, 0.01
3912, 5, 29, Status.SNAKE, 0.01
3913, 9, 54, Status.SNAKE, 0.01
3914, 6, 40, Status.SNAKE, 0.01
3915, 16, 118, Status.SNAKE, 0.01
3916, 8, 58, Status.SNAKE, 0.01
3917, 8, 50, Status.SNAKE, 0.01
3918, 1, 11, Status.WALL, 0.01
3919, 10, 59, Status.SNAKE, 0.01
3920, 8, 74, Status.SNAKE, 0.01
3921, 18, 138, Status.SNAKE, 0.01
3922, 11, 75, Status.SNAKE, 0.01
3923, 1, 5, Status.SNAKE, 0.01
3924, 6, 44, Status.WALL, 0.01
3925, 3, 21, Status.WALL, 0.01
3926, 10, 58, Status.SNAKE, 0.01
3927, 14, 68, Status.WALL, 0.01
3928, 6, 37, Status.SNAKE, 0.01
3929, 9, 85, Status.SNAKE, 0.01
3930, 1, 8, Status.WALL, 0.01
3931, 9, 61, Status.SNAKE, 0.01
3932, 2, 15, Status.WALL, 0.01
3933, 10, 63, Status.SNAKE, 0.01
3934, 2, 21, Status.WALL, 0.01
3935, 8, 53, Status.SNAKE, 0.01
3936, 6, 50, Status.WALL, 0.01
3937, 11, 83, Status.SNAKE, 0.01
3938, 3, 24, Status.WALL, 0.01
3939, 15, 98, Status.SNAKE, 0.01
3940, 10, 73, Status.SNAKE, 0.01
3941, 6, 47, Status.WALL, 0.01
3942, 1, 5, Status.SNAKE, 0.01
3943, 17, 119, Status.SNAKE, 0.01
3944, 1, 7, Status.WALL, 0.01
3945, 3, 15, Status.SNAKE, 0.01
3946, 10, 82, Status.SNAKE, 0.01
3947, 16, 110, Status.SNAKE, 0.01
3948, 10, 55, Status.SNAKE, 0.01
3949, 3, 21, Status.SNAKE, 0.01
3950, 15, 117, Status.SNAKE, 0.01
3951, 10, 54, Status.SNAKE, 0.01
3952, 10, 60, Status.SNAKE, 0.01
3953, 17, 124, Status.SNAKE, 0.01
3954, 10, 64, Status.SNAKE, 0.01
3955, 15, 96, Status.SNAKE, 0.01
3956, 10, 48, Status.SNAKE, 0.01
3957, 6, 46, Status.SNAKE, 0.01
3958, 5, 25, Status.SNAKE, 0.01
3959, 9, 63, Status.SNAKE, 0.01
3960, 9, 64, Status.SNAKE, 0.01
3961, 16, 95, Status.SNAKE, 0.01
3962, 5, 32, Status.SNAKE, 0.01
3963, 2, 16, Status.SNAKE, 0.01
3964, 5, 23, Status.SNAKE, 0.01
3965, 9, 63, Status.WALL, 0.01
3966, 10, 77, Status.SNAKE, 0.01
3967, 6, 47, Status.SNAKE, 0.01
3968, 11, 79, Status.SNAKE, 0.01
3969, 5, 28, Status.SNAKE, 0.01
3970, 14, 115, Status.SNAKE, 0.01
3971, 16, 97, Status.WALL, 0.01
3972, 8, 48, Status.WALL, 0.01
3973, 9, 60, Status.SNAKE, 0.01
3974, 7, 48, Status.WALL, 0.01
3975, 5, 30, Status.SNAKE, 0.01
3976, 9, 66, Status.WALL, 0.01
3977, 0, 5, Status.WALL, 0.01
3978, 6, 44, Status.SNAKE, 0.01
3979, 10, 74, Status.SNAKE, 0.01
3980, 8, 60, Status.SNAKE, 0.01
3981, 13, 98, Status.SNAKE, 0.01
3982, 8, 46, Status.SNAKE, 0.01
3983, 11, 63, Status.SNAKE, 0.01
3984, 9, 59, Status.SNAKE, 0.01
3985, 10, 79, Status.WALL, 0.01
3986, 1, 8, Status.SNAKE, 0.01
3987, 11, 73, Status.SNAKE, 0.01
3988, 2, 25, Status.WALL, 0.01
3989, 22, 144, Status.SNAKE, 0.01
3990, 13, 87, Status.SNAKE, 0.01
3991, 4, 27, Status.SNAKE, 0.01
3992, 12, 108, Status.SNAKE, 0.01
3993, 8, 45, Status.SNAKE, 0.01
3994, 13, 72, Status.SNAKE, 0.01
3995, 4, 32, Status.SNAKE, 0.01
3996, 2, 11, Status.SNAKE, 0.01
3997, 4, 21, Status.SNAKE, 0.01
3998, 11, 72, Status.SNAKE, 0.01
3999, 8, 59, Status.SNAKE, 0.01
4000, 5, 26, Status.SNAKE, 0.01
4001, 4, 18, Status.SNAKE, 0.01
4002, 6, 44, Status.SNAKE, 0.01
4003, 13, 94, Status.SNAKE, 0.01
4004, 12, 103, Status.SNAKE, 0.01
4005, 10, 79, Status.SNAKE, 0.01
4006, 6, 52, Status.SNAKE, 0.01
4007, 11, 72, Status.WALL, 0.01
4008, 19, 117, Status.SNAKE, 0.01
4009, 12, 83, Status.SNAKE, 0.01
4010, 4, 33, Status.SNAKE, 0.01
4011, 18, 138, Status.SNAKE, 0.01
4012, 13, 91, Status.SNAKE, 0.01
4013, 3, 11, Status.SNAKE, 0.01
4014, 6, 38, Status.SNAKE, 0.01
4015, 14, 119, Status.SNAKE, 0.01
4016, 6, 64, Status.WALL, 0.01
4017, 8, 60, Status.SNAKE, 0.01
4018, 4, 21, Status.SNAKE, 0.01
4019, 18, 134, Status.SNAKE, 0.01
4020, 8, 66, Status.SNAKE, 0.01
4021, 10, 60, Status.SNAKE, 0.01
4022, 1, 9, Status.WALL, 0.01
4023, 5, 19, Status.SNAKE, 0.01
4024, 16, 122, Status.SNAKE, 0.01
4025, 12, 102, Status.WALL, 0.01
4026, 6, 39, Status.SNAKE, 0.01
4027, 9, 87, Status.SNAKE, 0.01
4028, 14, 113, Status.SNAKE, 0.01
4029, 6, 35, Status.WALL, 0.01
4030, 9, 68, Status.SNAKE, 0.01
4031, 5, 25, Status.SNAKE, 0.01
4032, 15, 107, Status.SNAKE, 0.01
4033, 17, 121, Status.SNAKE, 0.01
4034, 3, 17, Status.SNAKE, 0.01
4035, 3, 23, Status.SNAKE, 0.01
4036, 11, 85, Status.SNAKE, 0.01
4037, 8, 52, Status.SNAKE, 0.01
4038, 3, 26, Status.SNAKE, 0.01
4039, 18, 135, Status.SNAKE, 0.01
4040, 1, 3, Status.SNAKE, 0.01
4041, 9, 55, Status.SNAKE, 0.01
4042, 15, 90, Status.WALL, 0.01
4043, 7, 51, Status.SNAKE, 0.01
4044, 7, 54, Status.SNAKE, 0.01
4045, 8, 55, Status.SNAKE, 0.01
4046, 14, 104, Status.SNAKE, 0.01
4047, 8, 42, Status.SNAKE, 0.01
4048, 17, 137, Status.SNAKE, 0.01
4049, 12, 71, Status.SNAKE, 0.01
4050, 13, 89, Status.SNAKE, 0.01
4051, 1, 7, Status.SNAKE, 0.01
4052, 6, 36, Status.SNAKE, 0.01
4053, 5, 39, Status.SNAKE, 0.01
4054, 9, 66, Status.WALL, 0.01
4055, 11, 84, Status.SNAKE, 0.01
4056, 10, 70, Status.SNAKE, 0.01
4057, 16, 98, Status.SNAKE, 0.01
4058, 7, 53, Status.WALL, 0.01
4059, 6, 43, Status.SNAKE, 0.01
4060, 6, 59, Status.SNAKE, 0.01
4061, 7, 46, Status.SNAKE, 0.01
4062, 14, 89, Status.SNAKE, 0.01
4063, 3, 21, Status.SNAKE, 0.01
4064, 4, 19, Status.SNAKE, 0.01
4065, 9, 67, Status.SNAKE, 0.01
4066, 13, 84, Status.WALL, 0.01
4067, 11, 67, Status.SNAKE, 0.01
4068, 13, 93, Status.WALL, 0.01
4069, 5, 32, Status.SNAKE, 0.01
4070, 8, 58, Status.SNAKE, 0.01
4071, 6, 38, Status.SNAKE, 0.01
4072, 4, 23, Status.SNAKE, 0.01
4073, 11, 87, Status.SNAKE, 0.01
4074, 7, 47, Status.SNAKE, 0.01
4075, 3, 16, Status.SNAKE, 0.01
4076, 14, 110, Status.WALL, 0.01
4077, 11, 81, Status.SNAKE, 0.01
4078, 4, 27, Status.SNAKE, 0.01
4079, 7, 44, Status.SNAKE, 0.01
4080, 7, 44, Status.WALL, 0.01
4081, 5, 37, Status.SNAKE, 0.01
4082, 11, 105, Status.SNAKE, 0.01
4083, 4, 35, Status.SNAKE, 0.01
4084, 12, 63, Status.SNAKE, 0.01
4085, 11, 83, Status.SNAKE, 0.01
4086, 6, 50, Status.SNAKE, 0.01
4087, 4, 21, Status.SNAKE, 0.01
4088, 3, 19, Status.SNAKE, 0.01
4089, 11, 73, Status.SNAKE, 0.01
4090, 2, 23, Status.WALL, 0.01
4091, 11, 95, Status.SNAKE, 0.01
4092, 14, 106, Status.SNAKE, 0.01
4093, 2, 15, Status.SNAKE, 0.01
4094, 7, 39, Status.SNAKE, 0.01
4095, 8, 40, Status.SNAKE, 0.01
4096, 19, 159, Status.SNAKE, 0.01
4097, 2, 12, Status.SNAKE, 0.01
4098, 9, 69, Status.SNAKE, 0.01
4099, 6, 48, Status.SNAKE, 0.01
4100, 9, 65, Status.SNAKE, 0.01
4101, 5, 33, Status.SNAKE, 0.01
4102, 13, 62, Status.SNAKE, 0.01
4103, 8, 55, Status.SNAKE, 0.01
4104, 6, 41, Status.SNAKE, 0.01
4105, 13, 108, Status.SNAKE, 0.01
4106, 10, 96, Status.SNAKE, 0.01
4107, 14, 86, Status.WALL, 0.01
4108, 5, 28, Status.WALL, 0.01
4109, 3, 13, Status.WALL, 0.01
4110, 20, 127, Status.SNAKE, 0.01
4111, 5, 47, Status.SNAKE, 0.01
4112, 11, 57, Status.SNAKE, 0.01
4113, 9, 73, Status.SNAKE, 0.01
4114, 4, 21, Status.SNAKE, 0.01
4115, 3, 39, Status.SNAKE, 0.01
4116, 7, 47, Status.SNAKE, 0.01
4117, 14, 111, Status.SNAKE, 0.01
4118, 8, 47, Status.SNAKE, 0.01
4119, 9, 59, Status.SNAKE, 0.01
4120, 6, 45, Status.WALL, 0.01
4121, 10, 72, Status.SNAKE, 0.01
4122, 15, 110, Status.SNAKE, 0.01
4123, 11, 81, Status.WALL, 0.01
4124, 11, 68, Status.SNAKE, 0.01
4125, 7, 38, Status.SNAKE, 0.01
4126, 22, 126, Status.SNAKE, 0.01
4127, 1, 12, Status.WALL, 0.01
4128, 9, 64, Status.SNAKE, 0.01
4129, 5, 30, Status.SNAKE, 0.01
4130, 1, 6, Status.SNAKE, 0.01
4131, 9, 61, Status.SNAKE, 0.01
4132, 5, 28, Status.WALL, 0.01
4133, 11, 67, Status.SNAKE, 0.01
4134, 15, 103, Status.SNAKE, 0.01
4135, 4, 34, Status.WALL, 0.01
4136, 11, 68, Status.SNAKE, 0.01
4137, 3, 33, Status.SNAKE, 0.01
4138, 8, 37, Status.SNAKE, 0.01
4139, 12, 95, Status.SNAKE, 0.01
4140, 18, 126, Status.SNAKE, 0.01
4141, 13, 90, Status.SNAKE, 0.01
4142, 7, 46, Status.WALL, 0.01
4143, 3, 19, Status.WALL, 0.01
4144, 3, 22, Status.SNAKE, 0.01
4145, 8, 79, Status.SNAKE, 0.01
4146, 3, 17, Status.WALL, 0.01
4147, 1, 4, Status.SNAKE, 0.01
4148, 12, 69, Status.SNAKE, 0.01
4149, 16, 126, Status.SNAKE, 0.01
4150, 2, 10, Status.SNAKE, 0.01
4151, 14, 91, Status.SNAKE, 0.01
4152, 5, 34, Status.SNAKE, 0.01
4153, 11, 91, Status.WALL, 0.01
4154, 5, 37, Status.SNAKE, 0.01
4155, 13, 104, Status.SNAKE, 0.01
4156, 12, 80, Status.SNAKE, 0.01
4157, 10, 74, Status.SNAKE, 0.01
4158, 17, 134, Status.SNAKE, 0.01
4159, 10, 84, Status.SNAKE, 0.01
4160, 5, 24, Status.SNAKE, 0.01
4161, 8, 49, Status.SNAKE, 0.01
4162, 1, 5, Status.SNAKE, 0.01
4163, 7, 52, Status.SNAKE, 0.01
4164, 12, 95, Status.SNAKE, 0.01
4165, 8, 67, Status.SNAKE, 0.01
4166, 5, 36, Status.SNAKE, 0.01
4167, 5, 36, Status.SNAKE, 0.01
4168, 17, 108, Status.WALL, 0.01
4169, 3, 17, Status.SNAKE, 0.01
4170, 5, 30, Status.SNAKE, 0.01
4171, 10, 71, Status.SNAKE, 0.01
4172, 18, 141, Status.WALL, 0.01
4173, 4, 26, Status.SNAKE, 0.01
4174, 8, 68, Status.WALL, 0.01
4175, 8, 54, Status.SNAKE, 0.01
4176, 6, 45, Status.WALL, 0.01
4177, 2, 27, Status.WALL, 0.01
4178, 10, 77, Status.WALL, 0.01
4179, 14, 92, Status.SNAKE, 0.01
4180, 4, 26, Status.SNAKE, 0.01
4181, 13, 102, Status.SNAKE, 0.01
4182, 2, 16, Status.SNAKE, 0.01
4183, 8, 54, Status.WALL, 0.01
4184, 12, 69, Status.SNAKE, 0.01
4185, 6, 30, Status.SNAKE, 0.01
4186, 14, 120, Status.SNAKE, 0.01
4187, 8, 53, Status.SNAKE, 0.01
4188, 13, 104, Status.SNAKE, 0.01
4189, 8, 47, Status.SNAKE, 0.01
4190, 14, 80, Status.SNAKE, 0.01
4191, 13, 102, Status.SNAKE, 0.01
4192, 6, 50, Status.SNAKE, 0.01
4193, 8, 54, Status.SNAKE, 0.01
4194, 1, 3, Status.SNAKE, 0.01
4195, 8, 55, Status.SNAKE, 0.01
4196, 11, 73, Status.SNAKE, 0.01
4197, 1, 9, Status.SNAKE, 0.01
4198, 2, 21, Status.WALL, 0.01
4199, 8, 58, Status.WALL, 0.01
4200, 5, 35, Status.SNAKE, 0.01
4201, 8, 77, Status.SNAKE, 0.01
4202, 2, 14, Status.WALL, 0.01
4203, 7, 53, Status.SNAKE, 0.01
4204, 11, 92, Status.SNAKE, 0.01
4205, 9, 49, Status.SNAKE, 0.01
4206, 8, 64, Status.SNAKE, 0.01
4207, 9, 47, Status.SNAKE, 0.01
4208, 12, 78, Status.SNAKE, 0.01
4209, 12, 89, Status.SNAKE, 0.01
4210, 5, 37, Status.SNAKE, 0.01
4211, 11, 82, Status.WALL, 0.01
4212, 4, 24, Status.WALL, 0.01
4213, 5, 40, Status.WALL, 0.01
4214, 11, 66, Status.SNAKE, 0.01
4215, 10, 76, Status.WALL, 0.01
4216, 3, 14, Status.SNAKE, 0.01
4217, 15, 120, Status.SNAKE, 0.01
4218, 13, 91, Status.SNAKE, 0.01
4219, 8, 57, Status.SNAKE, 0.01
4220, 4, 30, Status.SNAKE, 0.01
4221, 16, 109, Status.SNAKE, 0.01
4222, 8, 54, Status.WALL, 0.01
4223, 10, 72, Status.SNAKE, 0.01
4224, 8, 60, Status.SNAKE, 0.01
4225, 9, 57, Status.SNAKE, 0.01
4226, 4, 24, Status.WALL, 0.01
4227, 22, 136, Status.SNAKE, 0.01
4228, 5, 43, Status.SNAKE, 0.01
4229, 10, 65, Status.SNAKE, 0.01
4230, 9, 55, Status.SNAKE, 0.01
4231, 6, 58, Status.SNAKE, 0.01
4232, 10, 68, Status.SNAKE, 0.01
4233, 2, 12, Status.SNAKE, 0.01
4234, 8, 62, Status.SNAKE, 0.01
4235, 5, 39, Status.SNAKE, 0.01
4236, 8, 63, Status.SNAKE, 0.01
4237, 5, 19, Status.SNAKE, 0.01
4238, 13, 109, Status.SNAKE, 0.01
4239, 6, 52, Status.SNAKE, 0.01
4240, 7, 60, Status.SNAKE, 0.01
4241, 16, 125, Status.SNAKE, 0.01
4242, 4, 26, Status.SNAKE, 0.01
4243, 8, 60, Status.SNAKE, 0.01
4244, 3, 26, Status.SNAKE, 0.01
4245, 11, 66, Status.SNAKE, 0.01
4246, 8, 50, Status.WALL, 0.01
4247, 8, 60, Status.SNAKE, 0.01
4248, 8, 60, Status.WALL, 0.01
4249, 6, 45, Status.SNAKE, 0.01
4250, 7, 42, Status.SNAKE, 0.01
4251, 6, 56, Status.WALL, 0.01
4252, 16, 108, Status.SNAKE, 0.01
4253, 13, 81, Status.SNAKE, 0.01
4254, 2, 13, Status.SNAKE, 0.01
4255, 5, 22, Status.SNAKE, 0.01
4256, 6, 32, Status.SNAKE, 0.01
4257, 11, 92, Status.SNAKE, 0.01
4258, 2, 14, Status.WALL, 0.01
4259, 12, 79, Status.SNAKE, 0.01
4260, 15, 122, Status.SNAKE, 0.01
4261, 5, 18, Status.SNAKE, 0.01
4262, 6, 33, Status.SNAKE, 0.01
4263, 10, 82, Status.WALL, 0.01
4264, 13, 96, Status.SNAKE, 0.01
4265, 9, 63, Status.WALL, 0.01
4266, 13, 86, Status.SNAKE, 0.01
4267, 9, 62, Status.SNAKE, 0.01
4268, 8, 73, Status.WALL, 0.01
4269, 17, 129, Status.SNAKE, 0.01
4270, 7, 51, Status.WALL, 0.01
4271, 3, 28, Status.WALL, 0.01
4272, 6, 35, Status.SNAKE, 0.01
4273, 19, 118, Status.SNAKE, 0.01
4274, 8, 59, Status.SNAKE, 0.01
4275, 11, 58, Status.SNAKE, 0.01
4276, 13, 58, Status.SNAKE, 0.01
4277, 9, 56, Status.SNAKE, 0.01
4278, 1, 6, Status.WALL, 0.01
4279, 14, 102, Status.WALL, 0.01
4280, 13, 81, Status.SNAKE, 0.01
4281, 7, 44, Status.WALL, 0.01
4282, 2, 7, Status.WALL, 0.01
4283, 22, 136, Status.SNAKE, 0.01
4284, 9, 57, Status.SNAKE, 0.01
4285, 8, 56, Status.SNAKE, 0.01
4286, 11, 89, Status.SNAKE, 0.01
4287, 5, 29, Status.SNAKE, 0.01
4288, 14, 114, Status.SNAKE, 0.01
4289, 7, 65, Status.WALL, 0.01
4290, 6, 47, Status.SNAKE, 0.01
4291, 3, 25, Status.SNAKE, 0.01
4292, 5, 32, Status.SNAKE, 0.01
4293, 4, 24, Status.SNAKE, 0.01
4294, 3, 14, Status.SNAKE, 0.01
4295, 5, 33, Status.SNAKE, 0.01
4296, 3, 21, Status.SNAKE, 0.01
4297, 14, 86, Status.SNAKE, 0.01
4298, 19, 132, Status.SNAKE, 0.01
4299, 14, 80, Status.SNAKE, 0.01
4300, 15, 109, Status.WALL, 0.01
4301, 8, 86, Status.SNAKE, 0.01
4302, 10, 57, Status.SNAKE, 0.01
4303, 13, 64, Status.SNAKE, 0.01
4304, 11, 69, Status.SNAKE, 0.01
4305, 15, 90, Status.SNAKE, 0.01
4306, 12, 97, Status.SNAKE, 0.01
4307, 16, 113, Status.SNAKE, 0.01
4308, 9, 61, Status.SNAKE, 0.01
4309, 8, 54, Status.SNAKE, 0.01
4310, 2, 17, Status.WALL, 0.01
4311, 5, 36, Status.SNAKE, 0.01
4312, 17, 111, Status.SNAKE, 0.01
4313, 12, 83, Status.WALL, 0.01
4314, 15, 96, Status.SNAKE, 0.01
4315, 14, 108, Status.SNAKE, 0.01
4316, 17, 118, Status.SNAKE, 0.01
4317, 13, 98, Status.WALL, 0.01
4318, 9, 55, Status.SNAKE, 0.01
4319, 15, 115, Status.SNAKE, 0.01
4320, 7, 55, Status.SNAKE, 0.01
4321, 4, 16, Status.SNAKE, 0.01
4322, 12, 82, Status.SNAKE, 0.01
4323, 10, 63, Status.SNAKE, 0.01
4324, 1, 6, Status.WALL, 0.01
4325, 8, 33, Status.SNAKE, 0.01
4326, 5, 30, Status.WALL, 0.01
4327, 6, 39, Status.SNAKE, 0.01
4328, 11, 85, Status.SNAKE, 0.01
4329, 11, 89, Status.SNAKE, 0.01
4330, 15, 79, Status.SNAKE, 0.01
4331, 6, 38, Status.SNAKE, 0.01
4332, 7, 39, Status.SNAKE, 0.01
4333, 15, 132, Status.SNAKE, 0.01
4334, 10, 75, Status.SNAKE, 0.01
4335, 10, 88, Status.SNAKE, 0.01
4336, 7, 48, Status.SNAKE, 0.01
4337, 13, 79, Status.SNAKE, 0.01
4338, 7, 40, Status.SNAKE, 0.01
4339, 2, 18, Status.SNAKE, 0.01
4340, 14, 127, Status.SNAKE, 0.01
4341, 12, 80, Status.WALL, 0.01
4342, 8, 35, Status.SNAKE, 0.01
4343, 3, 13, Status.SNAKE, 0.01
4344, 10, 68, Status.SNAKE, 0.01
4345, 9, 56, Status.SNAKE, 0.01
4346, 11, 80, Status.SNAKE, 0.01
4347, 10, 61, Status.WALL, 0.01
4348, 10, 63, Status.SNAKE, 0.01
4349, 12, 73, Status.WALL, 0.01
4350, 10, 55, Status.SNAKE, 0.01
4351, 12, 85, Status.SNAKE, 0.01
4352, 10, 58, Status.SNAKE, 0.01
4353, 18, 156, Status.SNAKE, 0.01
4354, 5, 48, Status.SNAKE, 0.01
4355, 1, 13, Status.WALL, 0.01
4356, 8, 53, Status.WALL, 0.01
4357, 10, 59, Status.WALL, 0.01
4358, 1, 10, Status.WALL, 0.01
4359, 16, 78, Status.SNAKE, 0.01
4360, 16, 108, Status.SNAKE, 0.01
4361, 15, 140, Status.WALL, 0.01
4362, 4, 24, Status.WALL, 0.01
4363, 8, 58, Status.SNAKE, 0.01
4364, 13, 82, Status.SNAKE, 0.01
4365, 11, 76, Status.SNAKE, 0.01
4366, 6, 28, Status.SNAKE, 0.01
4367, 13, 55, Status.SNAKE, 0.01
4368, 13, 78, Status.SNAKE, 0.01
4369, 4, 38, Status.SNAKE, 0.01
4370, 0, 11, Status.WALL, 0.01
4371, 8, 63, Status.WALL, 0.01
4372, 6, 62, Status.SNAKE, 0.01
4373, 19, 141, Status.SNAKE, 0.01
4374, 5, 21, Status.WALL, 0.01
4375, 7, 48, Status.SNAKE, 0.01
4376, 3, 17, Status.SNAKE, 0.01
4377, 8, 45, Status.SNAKE, 0.01
4378, 9, 67, Status.SNAKE, 0.01
4379, 13, 96, Status.WALL, 0.01
4380, 12, 72, Status.WALL, 0.01
4381, 11, 82, Status.SNAKE, 0.01
4382, 16, 116, Status.SNAKE, 0.01
4383, 5, 45, Status.SNAKE, 0.01
4384, 10, 69, Status.WALL, 0.01
4385, 14, 89, Status.SNAKE, 0.01
4386, 6, 38, Status.SNAKE, 0.01
4387, 3, 18, Status.SNAKE, 0.01
4388, 2, 17, Status.SNAKE, 0.01
4389, 1, 13, Status.SNAKE, 0.01
4390, 4, 28, Status.WALL, 0.01
4391, 12, 76, Status.SNAKE, 0.01
4392, 2, 7, Status.SNAKE, 0.01
4393, 3, 21, Status.SNAKE, 0.01
4394, 7, 42, Status.SNAKE, 0.01
4395, 8, 56, Status.WALL, 0.01
4396, 13, 78, Status.WALL, 0.01
4397, 6, 45, Status.SNAKE, 0.01
4398, 16, 121, Status.SNAKE, 0.01
4399, 12, 99, Status.WALL, 0.01
4400, 12, 75, Status.SNAKE, 0.01
4401, 2, 16, Status.SNAKE, 0.01
4402, 18, 123, Status.SNAKE, 0.01
4403, 12, 80, Status.WALL, 0.01
4404, 14, 90, Status.SNAKE, 0.01
4405, 13, 98, Status.SNAKE, 0.01
4406, 5, 41, Status.SNAKE, 0.01
4407, 9, 55, Status.SNAKE, 0.01
4408, 22, 145, Status.SNAKE, 0.01
4409, 15, 129, Status.SNAKE, 0.01
4410, 3, 27, Status.WALL, 0.01
4411, 6, 42, Status.SNAKE, 0.01
4412, 12, 84, Status.SNAKE, 0.01
4413, 4, 22, Status.SNAKE, 0.01
4414, 6, 28, Status.SNAKE, 0.01
4415, 10, 63, Status.SNAKE, 0.01
4416, 3, 15, Status.WALL, 0.01
4417, 9, 51, Status.SNAKE, 0.01
4418, 15, 88, Status.SNAKE, 0.01
4419, 11, 69, Status.SNAKE, 0.01
4420, 13, 81, Status.SNAKE, 0.01
4421, 12, 70, Status.SNAKE, 0.01
4422, 5, 36, Status.SNAKE, 0.01
4423, 3, 22, Status.SNAKE, 0.01
4424, 10, 66, Status.SNAKE, 0.01
4425, 6, 40, Status.WALL, 0.01
4426, 12, 86, Status.WALL, 0.01
4427, 3, 28, Status.WALL, 0.01
4428, 7, 43, Status.SNAKE, 0.01
4429, 6, 53, Status.SNAKE, 0.01
4430, 10, 81, Status.SNAKE, 0.01
4431, 17, 132, Status.SNAKE, 0.01
4432, 8, 53, Status.SNAKE, 0.01
4433, 21, 120, Status.SNAKE, 0.01
4434, 14, 74, Status.SNAKE, 0.01
4435, 5, 33, Status.SNAKE, 0.01
4436, 11, 82, Status.SNAKE, 0.01
4437, 6, 33, Status.SNAKE, 0.01
4438, 14, 98, Status.SNAKE, 0.01
4439, 9, 72, Status.SNAKE, 0.01
4440, 6, 46, Status.SNAKE, 0.01
4441, 14, 77, Status.SNAKE, 0.01
4442, 7, 42, Status.SNAKE, 0.01
4443, 3, 23, Status.WALL, 0.01
4444, 9, 56, Status.SNAKE, 0.01
4445, 7, 56, Status.SNAKE, 0.01
4446, 10, 64, Status.SNAKE, 0.01
4447, 7, 53, Status.SNAKE, 0.01
4448, 5, 29, Status.SNAKE, 0.01
4449, 11, 68, Status.SNAKE, 0.01
4450, 9, 69, Status.SNAKE, 0.01
4451, 9, 48, Status.SNAKE, 0.01
4452, 12, 78, Status.SNAKE, 0.01
4453, 2, 10, Status.WALL, 0.01
4454, 22, 147, Status.SNAKE, 0.01
4455, 17, 97, Status.SNAKE, 0.01
4456, 5, 32, Status.SNAKE, 0.01
4457, 3, 15, Status.SNAKE, 0.01
4458, 13, 79, Status.SNAKE, 0.01
4459, 10, 75, Status.SNAKE, 0.01
4460, 3, 8, Status.SNAKE, 0.01
4461, 8, 62, Status.SNAKE, 0.01
4462, 4, 33, Status.SNAKE, 0.01
4463, 6, 33, Status.SNAKE, 0.01
4464, 6, 38, Status.SNAKE, 0.01
4465, 15, 86, Status.WALL, 0.01
4466, 9, 50, Status.SNAKE, 0.01
4467, 1, 8, Status.WALL, 0.01
4468, 8, 63, Status.WALL, 0.01
4469, 1, 5, Status.SNAKE, 0.01
4470, 7, 60, Status.SNAKE, 0.01
4471, 13, 86, Status.SNAKE, 0.01
4472, 10, 66, Status.WALL, 0.01
4473, 9, 48, Status.SNAKE, 0.01
4474, 6, 45, Status.SNAKE, 0.01
4475, 6, 44, Status.SNAKE, 0.01
4476, 10, 64, Status.SNAKE, 0.01
4477, 7, 41, Status.SNAKE, 0.01
4478, 1, 5, Status.SNAKE, 0.01
4479, 3, 22, Status.SNAKE, 0.01
4480, 8, 78, Status.SNAKE, 0.01
4481, 2, 19, Status.WALL, 0.01
4482, 2, 11, Status.WALL, 0.01
4483, 2, 11, Status.SNAKE, 0.01
4484, 11, 81, Status.SNAKE, 0.01
4485, 11, 66, Status.SNAKE, 0.01
4486, 14, 92, Status.SNAKE, 0.01
4487, 7, 47, Status.SNAKE, 0.01
4488, 2, 14, Status.WALL, 0.01
4489, 6, 38, Status.WALL, 0.01
4490, 11, 64, Status.WALL, 0.01
4491, 11, 71, Status.WALL, 0.01
4492, 10, 80, Status.SNAKE, 0.01
4493, 8, 42, Status.SNAKE, 0.01
4494, 5, 48, Status.SNAKE, 0.01
4495, 7, 36, Status.SNAKE, 0.01
4496, 5, 44, Status.WALL, 0.01
4497, 4, 23, Status.SNAKE, 0.01
4498, 3, 15, Status.SNAKE, 0.01
4499, 10, 62, Status.SNAKE, 0.01
4500, 12, 77, Status.WALL, 0.01
4501, 13, 78, Status.SNAKE, 0.01
4502, 9, 58, Status.SNAKE, 0.01
4503, 9, 61, Status.SNAKE, 0.01
4504, 2, 16, Status.SNAKE, 0.01
4505, 10, 84, Status.SNAKE, 0.01
4506, 4, 33, Status.SNAKE, 0.01
4507, 7, 41, Status.SNAKE, 0.01
4508, 2, 14, Status.WALL, 0.01
4509, 15, 80, Status.SNAKE, 0.01
4510, 17, 121, Status.SNAKE, 0.01
4511, 7, 46, Status.SNAKE, 0.01
4512, 16, 109, Status.SNAKE, 0.01
4513, 13, 74, Status.SNAKE, 0.01
4514, 7, 47, Status.SNAKE, 0.01
4515, 9, 52, Status.SNAKE, 0.01
4516, 6, 50, Status.SNAKE, 0.01
4517, 13, 84, Status.SNAKE, 0.01
4518, 15, 124, Status.SNAKE, 0.01
4519, 9, 42, Status.SNAKE, 0.01
4520, 1, 10, Status.WALL, 0.01
4521, 13, 95, Status.SNAKE, 0.01
4522, 5, 43, Status.SNAKE, 0.01
4523, 11, 76, Status.SNAKE, 0.01
4524, 3, 30, Status.SNAKE, 0.01
4525, 9, 58, Status.SNAKE, 0.01
4526, 13, 57, Status.SNAKE, 0.01
4527, 15, 101, Status.WALL, 0.01
4528, 14, 107, Status.SNAKE, 0.01
4529, 2, 15, Status.WALL, 0.01
4530, 6, 53, Status.SNAKE, 0.01
4531, 17, 126, Status.SNAKE, 0.01
4532, 9, 50, Status.SNAKE, 0.01
4533, 11, 70, Status.SNAKE, 0.01
4534, 4, 34, Status.SNAKE, 0.01
4535, 14, 77, Status.SNAKE, 0.01
4536, 14, 99, Status.SNAKE, 0.01
4537, 11, 67, Status.SNAKE, 0.01
4538, 2, 7, Status.WALL, 0.01
4539, 4, 27, Status.SNAKE, 0.01
4540, 5, 29, Status.SNAKE, 0.01
4541, 5, 21, Status.SNAKE, 0.01
4542, 9, 68, Status.SNAKE, 0.01
4543, 2, 25, Status.WALL, 0.01
4544, 8, 42, Status.SNAKE, 0.01
4545, 9, 44, Status.SNAKE, 0.01
4546, 4, 29, Status.SNAKE, 0.01
4547, 9, 68, Status.WALL, 0.01
4548, 3, 29, Status.SNAKE, 0.01
4549, 12, 81, Status.SNAKE, 0.01
4550, 11, 77, Status.SNAKE, 0.01
4551, 2, 11, Status.SNAKE, 0.01
4552, 5, 23, Status.SNAKE, 0.01
4553, 7, 61, Status.SNAKE, 0.01
4554, 9, 57, Status.SNAKE, 0.01
4555, 6, 33, Status.SNAKE, 0.01
4556, 2, 8, Status.WALL, 0.01
4557, 1, 5, Status.SNAKE, 0.01
4558, 13, 74, Status.SNAKE, 0.01
4559, 8, 60, Status.WALL, 0.01
4560, 10, 88, Status.WALL, 0.01
4561, 5, 40, Status.SNAKE, 0.01
4562, 11, 67, Status.SNAKE, 0.01
4563, 4, 33, Status.SNAKE, 0.01
4564, 7, 41, Status.SNAKE, 0.01
4565, 6, 45, Status.SNAKE, 0.01
4566, 18, 147, Status.SNAKE, 0.01
4567, 6, 49, Status.SNAKE, 0.01
4568, 6, 58, Status.WALL, 0.01
4569, 3, 16, Status.WALL, 0.01
4570, 10, 65, Status.SNAKE, 0.01
4571, 3, 16, Status.SNAKE, 0.01
4572, 8, 57, Status.SNAKE, 0.01
4573, 11, 57, Status.SNAKE, 0.01
4574, 4, 19, Status.SNAKE, 0.01
4575, 12, 78, Status.WALL, 0.01
4576, 14, 93, Status.SNAKE, 0.01
4577, 12, 80, Status.SNAKE, 0.01
4578, 5, 28, Status.SNAKE, 0.01
4579, 2, 13, Status.WALL, 0.01
4580, 16, 126, Status.SNAKE, 0.01
4581, 5, 55, Status.SNAKE, 0.01
4582, 14, 114, Status.SNAKE, 0.01
4583, 11, 65, Status.WALL, 0.01
4584, 5, 50, Status.SNAKE, 0.01
4585, 12, 87, Status.SNAKE, 0.01
4586, 5, 37, Status.SNAKE, 0.01
4587, 9, 53, Status.SNAKE, 0.01
4588, 5, 35, Status.SNAKE, 0.01
4589, 8, 51, Status.SNAKE, 0.01
4590, 13, 80, Status.WALL, 0.01
4591, 6, 44, Status.SNAKE, 0.01
4592, 6, 56, Status.WALL, 0.01
4593, 5, 48, Status.SNAKE, 0.01
4594, 1, 8, Status.WALL, 0.01
4595, 12, 66, Status.WALL, 0.01
4596, 6, 36, Status.SNAKE, 0.01
4597, 5, 34, Status.WALL, 0.01
4598, 8, 52, Status.SNAKE, 0.01
4599, 9, 42, Status.SNAKE, 0.01
4600, 14, 110, Status.SNAKE, 0.01
4601, 6, 28, Status.WALL, 0.01
4602, 1, 3, Status.SNAKE, 0.01
4603, 11, 73, Status.SNAKE, 0.01
4604, 7, 42, Status.SNAKE, 0.01
4605, 2, 14, Status.WALL, 0.01
4606, 2, 17, Status.WALL, 0.01
4607, 8, 67, Status.SNAKE, 0.01
4608, 21, 130, Status.SNAKE, 0.01
4609, 8, 37, Status.SNAKE, 0.01
4610, 5, 37, Status.SNAKE, 0.01
4611, 17, 114, Status.SNAKE, 0.01
4612, 11, 69, Status.SNAKE, 0.01
4613, 4, 27, Status.SNAKE, 0.01
4614, 9, 78, Status.SNAKE, 0.01
4615, 2, 10, Status.WALL, 0.01
4616, 1, 12, Status.WALL, 0.01
4617, 13, 94, Status.SNAKE, 0.01
4618, 6, 55, Status.SNAKE, 0.01
4619, 11, 85, Status.SNAKE, 0.01
4620, 3, 20, Status.WALL, 0.01
4621, 15, 98, Status.SNAKE, 0.01
4622, 3, 20, Status.WALL, 0.01
4623, 8, 52, Status.SNAKE, 0.01
4624, 2, 16, Status.SNAKE, 0.01
4625, 11, 75, Status.SNAKE, 0.01
4626, 12, 48, Status.SNAKE, 0.01
4627, 2, 20, Status.SNAKE, 0.01
4628, 5, 22, Status.SNAKE, 0.01
4629, 6, 32, Status.SNAKE, 0.01
4630, 11, 66, Status.SNAKE, 0.01
4631, 12, 57, Status.SNAKE, 0.01
4632, 14, 89, Status.SNAKE, 0.01
4633, 13, 92, Status.SNAKE, 0.01
4634, 6, 49, Status.SNAKE, 0.01
4635, 5, 33, Status.WALL, 0.01
4636, 13, 88, Status.SNAKE, 0.01
4637, 15, 96, Status.SNAKE, 0.01
4638, 7, 54, Status.SNAKE, 0.01
4639, 1, 7, Status.WALL, 0.01
4640, 1, 3, Status.SNAKE, 0.01
4641, 7, 44, Status.SNAKE, 0.01
4642, 4, 25, Status.SNAKE, 0.01
4643, 10, 76, Status.SNAKE, 0.01
4644, 10, 96, Status.SNAKE, 0.01
4645, 6, 39, Status.SNAKE, 0.01
4646, 6, 42, Status.SNAKE, 0.01
4647, 9, 59, Status.WALL, 0.01
4648, 2, 17, Status.WALL, 0.01
4649, 8, 83, Status.SNAKE, 0.01
4650, 10, 57, Status.SNAKE, 0.01
4651, 15, 120, Status.SNAKE, 0.01
4652, 6, 44, Status.SNAKE, 0.01
4653, 8, 44, Status.SNAKE, 0.01
4654, 15, 94, Status.SNAKE, 0.01
4655, 9, 49, Status.SNAKE, 0.01
4656, 11, 73, Status.SNAKE, 0.01
4657, 7, 73, Status.SNAKE, 0.01
4658, 11, 91, Status.SNAKE, 0.01
4659, 8, 62, Status.SNAKE, 0.01
4660, 3, 19, Status.SNAKE, 0.01
4661, 7, 50, Status.SNAKE, 0.01
4662, 6, 40, Status.SNAKE, 0.01
4663, 4, 24, Status.WALL, 0.01
4664, 15, 105, Status.SNAKE, 0.01
4665, 11, 96, Status.WALL, 0.01
4666, 9, 78, Status.SNAKE, 0.01
4667, 12, 88, Status.SNAKE, 0.01
4668, 7, 40, Status.SNAKE, 0.01
4669, 6, 25, Status.SNAKE, 0.01
4670, 5, 19, Status.SNAKE, 0.01
4671, 5, 34, Status.SNAKE, 0.01
4672, 3, 24, Status.SNAKE, 0.01
4673, 7, 47, Status.SNAKE, 0.01
4674, 12, 91, Status.SNAKE, 0.01
4675, 11, 85, Status.SNAKE, 0.01
4676, 1, 13, Status.WALL, 0.01
4677, 15, 114, Status.SNAKE, 0.01
4678, 8, 76, Status.SNAKE, 0.01
4679, 12, 76, Status.WALL, 0.01
4680, 4, 33, Status.SNAKE, 0.01
4681, 15, 126, Status.SNAKE, 0.01
4682, 8, 58, Status.SNAKE, 0.01
4683, 7, 39, Status.SNAKE, 0.01
4684, 13, 91, Status.SNAKE, 0.01
4685, 8, 48, Status.WALL, 0.01
4686, 11, 63, Status.SNAKE, 0.01
4687, 7, 44, Status.WALL, 0.01
4688, 9, 59, Status.SNAKE, 0.01
4689, 6, 23, Status.SNAKE, 0.01
4690, 7, 35, Status.SNAKE, 0.01
4691, 10, 72, Status.SNAKE, 0.01
4692, 6, 37, Status.SNAKE, 0.01
4693, 9, 57, Status.SNAKE, 0.01
4694, 5, 29, Status.WALL, 0.01
4695, 12, 83, Status.WALL, 0.01
4696, 22, 146, Status.SNAKE, 0.01
4697, 5, 40, Status.SNAKE, 0.01
4698, 20, 159, Status.SNAKE, 0.01
4699, 9, 83, Status.SNAKE, 0.01
4700, 16, 95, Status.SNAKE, 0.01
4701, 11, 71, Status.SNAKE, 0.01
4702, 1, 7, Status.WALL, 0.01
4703, 10, 89, Status.WALL, 0.01
4704, 2, 15, Status.SNAKE, 0.01
4705, 8, 43, Status.WALL, 0.01
4706, 19, 123, Status.SNAKE, 0.01
4707, 3, 14, Status.SNAKE, 0.01
4708, 8, 44, Status.SNAKE, 0.01
4709, 14, 88, Status.SNAKE, 0.01
4710, 14, 86, Status.SNAKE, 0.01
4711, 4, 31, Status.SNAKE, 0.01
4712, 14, 92, Status.WALL, 0.01
4713, 9, 60, Status.SNAKE, 0.01
4714, 2, 19, Status.SNAKE, 0.01
4715, 5, 32, Status.SNAKE, 0.01
4716, 6, 35, Status.SNAKE, 0.01
4717, 13, 90, Status.SNAKE, 0.01
4718, 12, 78, Status.WALL, 0.01
4719, 5, 34, Status.SNAKE, 0.01
4720, 10, 63, Status.SNAKE, 0.01
4721, 6, 46, Status.WALL, 0.01
4722, 14, 97, Status.SNAKE, 0.01
4723, 5, 51, Status.SNAKE, 0.01
4724, 1, 3, Status.SNAKE, 0.01
4725, 6, 21, Status.WALL, 0.01
4726, 3, 20, Status.WALL, 0.01
4727, 5, 32, Status.WALL, 0.01
4728, 7, 40, Status.SNAKE, 0.01
4729, 5, 23, Status.SNAKE, 0.01
4730, 2, 12, Status.SNAKE, 0.01
4731, 3, 23, Status.SNAKE, 0.01
4732, 10, 63, Status.SNAKE, 0.01
4733, 9, 79, Status.SNAKE, 0.01
4734, 18, 125, Status.SNAKE, 0.01
4735, 5, 36, Status.SNAKE, 0.01
4736, 2, 18, Status.SNAKE, 0.01
4737, 7, 42, Status.SNAKE, 0.01
4738, 15, 79, Status.SNAKE, 0.01
4739, 1, 5, Status.SNAKE, 0.01
4740, 6, 32, Status.WALL, 0.01
4741, 13, 114, Status.SNAKE, 0.01
4742, 0, 6, Status.WALL, 0.01
4743, 2, 9, Status.WALL, 0.01
4744, 13, 78, Status.WALL, 0.01
4745, 3, 30, Status.SNAKE, 0.01
4746, 2, 20, Status.SNAKE, 0.01
4747, 12, 83, Status.WALL, 0.01
4748, 8, 64, Status.SNAKE, 0.01
4749, 6, 55, Status.SNAKE, 0.01
4750, 11, 80, Status.SNAKE, 0.01
4751, 7, 55, Status.SNAKE, 0.01
4752, 10, 45, Status.SNAKE, 0.01
4753, 8, 58, Status.SNAKE, 0.01
4754, 9, 50, Status.SNAKE, 0.01
4755, 1, 3, Status.SNAKE, 0.01
4756, 8, 63, Status.SNAKE, 0.01
4757, 3, 23, Status.SNAKE, 0.01
4758, 11, 85, Status.SNAKE, 0.01
4759, 8, 45, Status.SNAKE, 0.01
4760, 5, 31, Status.WALL, 0.01
4761, 19, 153, Status.SNAKE, 0.01
4762, 7, 38, Status.SNAKE, 0.01
4763, 11, 75, Status.SNAKE, 0.01
4764, 14, 95, Status.WALL, 0.01
4765, 5, 46, Status.SNAKE, 0.01
4766, 10, 83, Status.SNAKE, 0.01
4767, 9, 72, Status.WALL, 0.01
4768, 9, 46, Status.SNAKE, 0.01
4769, 11, 68, Status.SNAKE, 0.01
4770, 4, 28, Status.SNAKE, 0.01
4771, 12, 69, Status.WALL, 0.01
4772, 5, 32, Status.SNAKE, 0.01
4773, 13, 94, Status.SNAKE, 0.01
4774, 2, 17, Status.SNAKE, 0.01
4775, 8, 64, Status.WALL, 0.01
4776, 7, 36, Status.SNAKE, 0.01
4777, 7, 43, Status.SNAKE, 0.01
4778, 15, 121, Status.SNAKE, 0.01
4779, 11, 66, Status.SNAKE, 0.01
4780, 10, 64, Status.SNAKE, 0.01
4781, 11, 64, Status.SNAKE, 0.01
4782, 8, 53, Status.SNAKE, 0.01
4783, 1, 7, Status.WALL, 0.01
4784, 5, 36, Status.SNAKE, 0.01
4785, 15, 96, Status.SNAKE, 0.01
4786, 10, 56, Status.SNAKE, 0.01
4787, 9, 68, Status.SNAKE, 0.01
4788, 7, 65, Status.SNAKE, 0.01
4789, 8, 51, Status.SNAKE, 0.01
4790, 2, 17, Status.WALL, 0.01
4791, 3, 26, Status.WALL, 0.01
4792, 6, 43, Status.SNAKE, 0.01
4793, 5, 45, Status.WALL, 0.01
4794, 3, 28, Status.WALL, 0.01
4795, 5, 21, Status.SNAKE, 0.01
4796, 5, 61, Status.SNAKE, 0.01
4797, 6, 37, Status.SNAKE, 0.01
4798, 10, 56, Status.SNAKE, 0.01
4799, 11, 75, Status.SNAKE, 0.01
4800, 7, 34, Status.WALL, 0.01
4801, 13, 92, Status.SNAKE, 0.01
4802, 16, 125, Status.SNAKE, 0.01
4803, 5, 30, Status.SNAKE, 0.01
4804, 10, 75, Status.SNAKE, 0.01
4805, 5, 37, Status.SNAKE, 0.01
4806, 10, 44, Status.SNAKE, 0.01
4807, 11, 75, Status.SNAKE, 0.01
4808, 11, 90, Status.SNAKE, 0.01
4809, 7, 51, Status.SNAKE, 0.01
4810, 20, 138, Status.SNAKE, 0.01
4811, 6, 49, Status.SNAKE, 0.01
4812, 10, 78, Status.SNAKE, 0.01
4813, 2, 13, Status.SNAKE, 0.01
4814, 13, 79, Status.SNAKE, 0.01
4815, 3, 16, Status.WALL, 0.01
4816, 11, 73, Status.SNAKE, 0.01
4817, 8, 26, Status.SNAKE, 0.01
4818, 7, 51, Status.SNAKE, 0.01
4819, 13, 99, Status.SNAKE, 0.01
4820, 17, 135, Status.SNAKE, 0.01
4821, 10, 53, Status.SNAKE, 0.01
4822, 9, 66, Status.SNAKE, 0.01
4823, 8, 55, Status.SNAKE, 0.01
4824, 17, 103, Status.SNAKE, 0.01
4825, 12, 98, Status.WALL, 0.01
4826, 5, 33, Status.SNAKE, 0.01
4827, 17, 135, Status.SNAKE, 0.01
4828, 8, 45, Status.WALL, 0.01
4829, 3, 33, Status.WALL, 0.01
4830, 13, 90, Status.SNAKE, 0.01
4831, 9, 58, Status.WALL, 0.01
4832, 12, 90, Status.SNAKE, 0.01
4833, 1, 3, Status.SNAKE, 0.01
4834, 4, 23, Status.SNAKE, 0.01
4835, 21, 141, Status.SNAKE, 0.01
4836, 11, 97, Status.SNAKE, 0.01
4837, 13, 101, Status.WALL, 0.01
4838, 9, 45, Status.SNAKE, 0.01
4839, 13, 102, Status.SNAKE, 0.01
4840, 8, 48, Status.SNAKE, 0.01
4841, 1, 5, Status.SNAKE, 0.01
4842, 8, 57, Status.SNAKE, 0.01
4843, 2, 14, Status.SNAKE, 0.01
4844, 7, 50, Status.SNAKE, 0.01
4845, 10, 64, Status.SNAKE, 0.01
4846, 17, 125, Status.SNAKE, 0.01
4847, 14, 104, Status.SNAKE, 0.01
4848, 8, 70, Status.SNAKE, 0.01
4849, 17, 145, Status.SNAKE, 0.01
4850, 14, 119, Status.WALL, 0.01
4851, 11, 72, Status.SNAKE, 0.01
4852, 7, 45, Status.SNAKE, 0.01
4853, 10, 63, Status.SNAKE, 0.01
4854, 5, 30, Status.SNAKE, 0.01
4855, 4, 25, Status.SNAKE, 0.01
4856, 1, 5, Status.SNAKE, 0.01
4857, 5, 43, Status.SNAKE, 0.01
4858, 8, 65, Status.SNAKE, 0.01
4859, 14, 104, Status.SNAKE, 0.01
4860, 10, 81, Status.SNAKE, 0.01
4861, 1, 10, Status.WALL, 0.01
4862, 9, 64, Status.SNAKE, 0.01
4863, 12, 80, Status.WALL, 0.01
4864, 7, 53, Status.WALL, 0.01
4865, 9, 80, Status.SNAKE, 0.01
4866, 9, 60, Status.SNAKE, 0.01
4867, 10, 77, Status.SNAKE, 0.01
4868, 10, 70, Status.SNAKE, 0.01
4869, 5, 48, Status.SNAKE, 0.01
4870, 3, 18, Status.SNAKE, 0.01
4871, 7, 53, Status.SNAKE, 0.01
4872, 11, 74, Status.WALL, 0.01
4873, 15, 129, Status.SNAKE, 0.01
4874, 3, 23, Status.WALL, 0.01
4875, 4, 30, Status.SNAKE, 0.01
4876, 9, 73, Status.SNAKE, 0.01
4877, 12, 89, Status.SNAKE, 0.01
4878, 9, 71, Status.SNAKE, 0.01
4879, 10, 65, Status.WALL, 0.01
4880, 17, 105, Status.SNAKE, 0.01
4881, 12, 96, Status.SNAKE, 0.01
4882, 7, 56, Status.SNAKE, 0.01
4883, 17, 123, Status.SNAKE, 0.01
4884, 12, 72, Status.SNAKE, 0.01
4885, 2, 10, Status.WALL, 0.01
4886, 10, 81, Status.SNAKE, 0.01
4887, 5, 13, Status.SNAKE, 0.01
4888, 2, 16, Status.WALL, 0.01
4889, 12, 77, Status.SNAKE, 0.01
4890, 10, 74, Status.SNAKE, 0.01
4891, 11, 79, Status.SNAKE, 0.01
4892, 14, 104, Status.SNAKE, 0.01
4893, 10, 92, Status.WALL, 0.01
4894, 4, 30, Status.WALL, 0.01
4895, 8, 53, Status.SNAKE, 0.01
4896, 8, 56, Status.SNAKE, 0.01
4897, 10, 82, Status.SNAKE, 0.01
4898, 16, 113, Status.SNAKE, 0.01
4899, 5, 41, Status.SNAKE, 0.01
4900, 6, 47, Status.WALL, 0.01
4901, 5, 35, Status.SNAKE, 0.01
4902, 8, 68, Status.SNAKE, 0.01
4903, 1, 13, Status.WALL, 0.01
4904, 12, 74, Status.WALL, 0.01
4905, 6, 47, Status.SNAKE, 0.01
4906, 17, 113, Status.SNAKE, 0.01
4907, 10, 76, Status.SNAKE, 0.01
4908, 1, 3, Status.SNAKE, 0.01
4909, 11, 90, Status.SNAKE, 0.01
4910, 4, 22, Status.WALL, 0.01
4911, 15, 110, Status.SNAKE, 0.01
4912, 1, 7, Status.SNAKE, 0.01
4913, 4, 32, Status.SNAKE, 0.01
4914, 14, 100, Status.SNAKE, 0.01
4915, 4, 18, Status.SNAKE, 0.01
4916, 12, 90, Status.SNAKE, 0.01
4917, 6, 53, Status.SNAKE, 0.01
4918, 5, 33, Status.WALL, 0.01
4919, 5, 39, Status.SNAKE, 0.01
4920, 7, 68, Status.SNAKE, 0.01
4921, 5, 29, Status.WALL, 0.01
4922, 2, 25, Status.WALL, 0.01
4923, 6, 55, Status.SNAKE, 0.01
4924, 4, 39, Status.SNAKE, 0.01
4925, 7, 54, Status.SNAKE, 0.01
4926, 6, 44, Status.SNAKE, 0.01
4927, 2, 16, Status.WALL, 0.01
4928, 1, 10, Status.WALL, 0.01
4929, 12, 89, Status.SNAKE, 0.01
4930, 11, 62, Status.SNAKE, 0.01
4931, 7, 31, Status.SNAKE, 0.01
4932, 13, 82, Status.SNAKE, 0.01
4933, 13, 78, Status.WALL, 0.01
4934, 11, 85, Status.SNAKE, 0.01
4935, 4, 18, Status.SNAKE, 0.01
4936, 12, 66, Status.SNAKE, 0.01
4937, 9, 55, Status.SNAKE, 0.01
4938, 13, 117, Status.SNAKE, 0.01
4939, 5, 46, Status.WALL, 0.01
4940, 2, 10, Status.WALL, 0.01
4941, 12, 87, Status.SNAKE, 0.01
4942, 19, 192, Status.SNAKE, 0.01
4943, 3, 18, Status.SNAKE, 0.01
4944, 6, 54, Status.SNAKE, 0.01
4945, 1, 6, Status.WALL, 0.01
4946, 10, 60, Status.SNAKE, 0.01
4947, 8, 27, Status.SNAKE, 0.01
4948, 14, 105, Status.WALL, 0.01
4949, 5, 43, Status.SNAKE, 0.01
4950, 8, 53, Status.SNAKE, 0.01
4951, 8, 76, Status.SNAKE, 0.01
4952, 13, 96, Status.SNAKE, 0.01
4953, 6, 40, Status.SNAKE, 0.01
4954, 7, 59, Status.SNAKE, 0.01
4955, 11, 71, Status.WALL, 0.01
4956, 4, 22, Status.SNAKE, 0.01
4957, 13, 113, Status.SNAKE, 0.01
4958, 2, 16, Status.WALL, 0.01
4959, 14, 114, Status.WALL, 0.01
4960, 9, 47, Status.SNAKE, 0.01
4961, 7, 38, Status.WALL, 0.01
4962, 12, 92, Status.SNAKE, 0.01
4963, 3, 24, Status.SNAKE, 0.01
4964, 19, 151, Status.SNAKE, 0.01
4965, 15, 98, Status.SNAKE, 0.01
4966, 7, 58, Status.WALL, 0.01
4967, 4, 25, Status.SNAKE, 0.01
4968, 12, 97, Status.SNAKE, 0.01
4969, 10, 78, Status.SNAKE, 0.01
4970, 16, 140, Status.SNAKE, 0.01
4971, 10, 65, Status.SNAKE, 0.01
4972, 12, 105, Status.SNAKE, 0.01
4973, 10, 69, Status.SNAKE, 0.01
4974, 2, 8, Status.WALL, 0.01
4975, 16, 109, Status.SNAKE, 0.01
4976, 6, 41, Status.WALL, 0.01
4977, 5, 34, Status.SNAKE, 0.01
4978, 12, 71, Status.SNAKE, 0.01
4979, 10, 71, Status.SNAKE, 0.01
4980, 6, 48, Status.WALL, 0.01
4981, 12, 107, Status.SNAKE, 0.01
4982, 10, 68, Status.SNAKE, 0.01
4983, 7, 41, Status.SNAKE, 0.01
4984, 2, 9, Status.SNAKE, 0.01
4985, 7, 42, Status.SNAKE, 0.01
4986, 11, 72, Status.SNAKE, 0.01
4987, 11, 84, Status.SNAKE, 0.01
4988, 14, 88, Status.SNAKE, 0.01
4989, 4, 19, Status.SNAKE, 0.01
4990, 6, 33, Status.WALL, 0.01
4991, 7, 68, Status.WALL, 0.01
4992, 10, 69, Status.WALL, 0.01
4993, 2, 14, Status.WALL, 0.01
4994, 8, 60, Status.SNAKE, 0.01
4995, 12, 92, Status.SNAKE, 0.01
4996, 5, 35, Status.SNAKE, 0.01
4997, 8, 57, Status.SNAKE, 0.01
4998, 4, 24, Status.SNAKE, 0.01
4999, 3, 15, Status.SNAKE, 0.01
5000, 16, 99, Status.SNAKE, 0.01
5001, 13, 103, Status.SNAKE, 0.01
5002, 5, 24, Status.WALL, 0.01
5003, 7, 42, Status.SNAKE, 0.01
5004, 7, 51, Status.SNAKE, 0.01
5005, 11, 68, Status.SNAKE, 0.01
5006, 7, 42, Status.SNAKE, 0.01
5007, 7, 42, Status.SNAKE, 0.01
5008, 9, 63, Status.WALL, 0.01
5009, 18, 118, Status.SNAKE, 0.01
5010, 9, 62, Status.SNAKE, 0.01
5011, 7, 40, Status.SNAKE, 0.01
5012, 12, 92, Status.SNAKE, 0.01
5013, 4, 43, Status.WALL, 0.01
5014, 3, 15, Status.SNAKE, 0.01
5015, 16, 123, Status.SNAKE, 0.01
5016, 1, 5, Status.SNAKE, 0.01
5017, 2, 10, Status.SNAKE, 0.01
5018, 5, 25, Status.SNAKE, 0.01
5019, 3, 14, Status.SNAKE, 0.01
5020, 3, 18, Status.SNAKE, 0.01
5021, 11, 85, Status.SNAKE, 0.01
5022, 7, 59, Status.SNAKE, 0.01
5023, 11, 69, Status.SNAKE, 0.01
5024, 6, 47, Status.SNAKE, 0.01
5025, 8, 44, Status.SNAKE, 0.01
5026, 4, 40, Status.SNAKE, 0.01
5027, 9, 72, Status.SNAKE, 0.01
5028, 7, 50, Status.SNAKE, 0.01
5029, 1, 17, Status.SNAKE, 0.01
5030, 9, 78, Status.SNAKE, 0.01
5031, 5, 32, Status.SNAKE, 0.01
5032, 6, 41, Status.SNAKE, 0.01
5033, 4, 27, Status.SNAKE, 0.01
5034, 9, 44, Status.SNAKE, 0.01
5035, 1, 5, Status.SNAKE, 0.01
5036, 7, 68, Status.SNAKE, 0.01
5037, 7, 35, Status.SNAKE, 0.01
5038, 11, 78, Status.SNAKE, 0.01
5039, 17, 124, Status.SNAKE, 0.01
5040, 9, 75, Status.SNAKE, 0.01
5041, 9, 59, Status.SNAKE, 0.01
5042, 2, 8, Status.SNAKE, 0.01
5043, 9, 63, Status.SNAKE, 0.01
5044, 4, 32, Status.SNAKE, 0.01
5045, 1, 9, Status.SNAKE, 0.01
5046, 5, 38, Status.SNAKE, 0.01
5047, 13, 121, Status.SNAKE, 0.01
5048, 21, 126, Status.SNAKE, 0.01
5049, 1, 10, Status.SNAKE, 0.01
5050, 10, 62, Status.SNAKE, 0.01
5051, 13, 112, Status.SNAKE, 0.01
5052, 6, 47, Status.SNAKE, 0.01
5053, 9, 80, Status.WALL, 0.01
5054, 8, 69, Status.SNAKE, 0.01
5055, 5, 50, Status.SNAKE, 0.01
5056, 4, 31, Status.SNAKE, 0.01
5057, 6, 38, Status.SNAKE, 0.01
5058, 11, 88, Status.WALL, 0.01
5059, 1, 7, Status.SNAKE, 0.01
5060, 8, 52, Status.SNAKE, 0.01
5061, 2, 21, Status.SNAKE, 0.01
5062, 7, 39, Status.SNAKE, 0.01
5063, 10, 91, Status.SNAKE, 0.01
5064, 1, 8, Status.SNAKE, 0.01
5065, 10, 91, Status.SNAKE, 0.01
5066, 1, 5, Status.SNAKE, 0.01
5067, 18, 139, Status.SNAKE, 0.01
5068, 9, 63, Status.SNAKE, 0.01
5069, 3, 22, Status.SNAKE, 0.01
5070, 2, 10, Status.WALL, 0.01
5071, 5, 54, Status.WALL, 0.01
5072, 7, 59, Status.SNAKE, 0.01
5073, 7, 42, Status.SNAKE, 0.01
5074, 8, 69, Status.SNAKE, 0.01
5075, 3, 12, Status.WALL, 0.01
5076, 3, 27, Status.SNAKE, 0.01
5077, 10, 70, Status.SNAKE, 0.01
5078, 4, 22, Status.SNAKE, 0.01
5079, 1, 16, Status.SNAKE, 0.01
5080, 9, 48, Status.SNAKE, 0.01
5081, 13, 85, Status.SNAKE, 0.01
5082, 5, 36, Status.SNAKE, 0.01
5083, 11, 99, Status.SNAKE, 0.01
5084, 14, 105, Status.SNAKE, 0.01
5085, 7, 44, Status.SNAKE, 0.01
5086, 8, 59, Status.SNAKE, 0.01
5087, 9, 75, Status.SNAKE, 0.01
5088, 5, 36, Status.WALL, 0.01
5089, 10, 82, Status.SNAKE, 0.01
5090, 8, 45, Status.WALL, 0.01
5091, 13, 107, Status.SNAKE, 0.01
5092, 15, 85, Status.SNAKE, 0.01
5093, 11, 68, Status.SNAKE, 0.01
5094, 9, 74, Status.SNAKE, 0.01
5095, 8, 58, Status.SNAKE, 0.01
5096, 6, 28, Status.SNAKE, 0.01
5097, 6, 47, Status.SNAKE, 0.01
5098, 9, 65, Status.WALL, 0.01
5099, 11, 88, Status.SNAKE, 0.01
5100, 14, 91, Status.SNAKE, 0.01
5101, 12, 102, Status.SNAKE, 0.01
5102, 15, 121, Status.SNAKE, 0.01
5103, 9, 54, Status.SNAKE, 0.01
5104, 19, 108, Status.SNAKE, 0.01
5105, 5, 28, Status.SNAKE, 0.01
5106, 14, 97, Status.SNAKE, 0.01
5107, 7, 58, Status.SNAKE, 0.01
5108, 6, 50, Status.SNAKE, 0.01
5109, 10, 69, Status.SNAKE, 0.01
5110, 4, 25, Status.SNAKE, 0.01
5111, 11, 76, Status.SNAKE, 0.01
5112, 7, 57, Status.SNAKE, 0.01
5113, 10, 68, Status.WALL, 0.01
5114, 15, 111, Status.SNAKE, 0.01
5115, 8, 57, Status.SNAKE, 0.01
5116, 8, 63, Status.SNAKE, 0.01
5117, 6, 43, Status.WALL, 0.01
5118, 8, 59, Status.SNAKE, 0.01
5119, 1, 3, Status.SNAKE, 0.01
5120, 12, 96, Status.WALL, 0.01
5121, 3, 10, Status.SNAKE, 0.01
5122, 13, 107, Status.WALL, 0.01
5123, 8, 85, Status.WALL, 0.01
5124, 9, 66, Status.SNAKE, 0.01
5125, 12, 103, Status.SNAKE, 0.01
5126, 9, 88, Status.SNAKE, 0.01
5127, 10, 82, Status.SNAKE, 0.01
5128, 11, 71, Status.SNAKE, 0.01
5129, 8, 69, Status.WALL, 0.01
5130, 12, 87, Status.SNAKE, 0.01
5131, 14, 98, Status.SNAKE, 0.01
5132, 2, 9, Status.SNAKE, 0.01
5133, 1, 7, Status.SNAKE, 0.01
5134, 12, 113, Status.SNAKE, 0.01
5135, 6, 52, Status.WALL, 0.01
5136, 15, 144, Status.WALL, 0.01
5137, 12, 68, Status.SNAKE, 0.01
5138, 11, 92, Status.SNAKE, 0.01
5139, 12, 99, Status.SNAKE, 0.01
5140, 8, 64, Status.SNAKE, 0.01
5141, 5, 33, Status.SNAKE, 0.01
5142, 13, 83, Status.SNAKE, 0.01
5143, 7, 65, Status.SNAKE, 0.01
5144, 6, 40, Status.SNAKE, 0.01
5145, 5, 35, Status.SNAKE, 0.01
5146, 7, 28, Status.SNAKE, 0.01
5147, 15, 91, Status.SNAKE, 0.01
5148, 18, 128, Status.SNAKE, 0.01
5149, 11, 75, Status.SNAKE, 0.01
5150, 9, 59, Status.SNAKE, 0.01
5151, 9, 79, Status.WALL, 0.01
5152, 18, 154, Status.SNAKE, 0.01
5153, 2, 23, Status.WALL, 0.01
5154, 3, 19, Status.WALL, 0.01
5155, 5, 33, Status.SNAKE, 0.01
5156, 9, 71, Status.SNAKE, 0.01
5157, 2, 18, Status.WALL, 0.01
5158, 9, 57, Status.WALL, 0.01
5159, 3, 24, Status.SNAKE, 0.01
5160, 7, 38, Status.SNAKE, 0.01
5161, 7, 46, Status.SNAKE, 0.01
5162, 5, 47, Status.SNAKE, 0.01
5163, 7, 40, Status.SNAKE, 0.01
5164, 7, 61, Status.WALL, 0.01
5165, 1, 5, Status.WALL, 0.01
5166, 10, 67, Status.SNAKE, 0.01
5167, 7, 55, Status.SNAKE, 0.01
5168, 12, 87, Status.SNAKE, 0.01
5169, 7, 46, Status.SNAKE, 0.01
5170, 2, 18, Status.WALL, 0.01
5171, 10, 102, Status.SNAKE, 0.01
5172, 7, 53, Status.SNAKE, 0.01
5173, 6, 40, Status.SNAKE, 0.01
5174, 7, 53, Status.SNAKE, 0.01
5175, 0, 5, Status.WALL, 0.01
5176, 6, 48, Status.SNAKE, 0.01
5177, 10, 91, Status.SNAKE, 0.01
5178, 11, 75, Status.SNAKE, 0.01
5179, 5, 44, Status.SNAKE, 0.01
5180, 14, 106, Status.SNAKE, 0.01
5181, 14, 80, Status.SNAKE, 0.01
5182, 6, 25, Status.SNAKE, 0.01
5183, 3, 24, Status.SNAKE, 0.01
5184, 10, 76, Status.SNAKE, 0.01
5185, 14, 87, Status.SNAKE, 0.01
5186, 12, 72, Status.SNAKE, 0.01
5187, 9, 75, Status.WALL, 0.01
5188, 9, 69, Status.SNAKE, 0.01
5189, 7, 51, Status.SNAKE, 0.01
5190, 3, 32, Status.SNAKE, 0.01
5191, 4, 26, Status.SNAKE, 0.01
5192, 8, 46, Status.SNAKE, 0.01
5193, 9, 72, Status.SNAKE, 0.01
5194, 6, 34, Status.SNAKE, 0.01
5195, 15, 83, Status.SNAKE, 0.01
5196, 8, 57, Status.SNAKE, 0.01
5197, 12, 99, Status.SNAKE, 0.01
5198, 10, 72, Status.SNAKE, 0.01
5199, 15, 97, Status.WALL, 0.01
5200, 7, 41, Status.WALL, 0.01
5201, 8, 71, Status.SNAKE, 0.01
5202, 5, 24, Status.SNAKE, 0.01
5203, 10, 106, Status.WALL, 0.01
5204, 2, 26, Status.WALL, 0.01
5205, 6, 53, Status.SNAKE, 0.01
5206, 13, 91, Status.SNAKE, 0.01
5207, 1, 5, Status.SNAKE, 0.01
5208, 5, 40, Status.SNAKE, 0.01
5209, 1, 5, Status.SNAKE, 0.01
5210, 1, 8, Status.WALL, 0.01
5211, 8, 57, Status.WALL, 0.01
5212, 10, 78, Status.SNAKE, 0.01
5213, 4, 22, Status.SNAKE, 0.01
5214, 10, 89, Status.SNAKE, 0.01
5215, 13, 82, Status.SNAKE, 0.01
5216, 2, 24, Status.SNAKE, 0.01
5217, 13, 112, Status.WALL, 0.01
5218, 14, 101, Status.SNAKE, 0.01
5219, 17, 113, Status.SNAKE, 0.01
5220, 7, 53, Status.SNAKE, 0.01
5221, 6, 36, Status.SNAKE, 0.01
5222, 14, 100, Status.WALL, 0.01
5223, 14, 139, Status.SNAKE, 0.01
5224, 8, 38, Status.SNAKE, 0.01
5225, 19, 130, Status.SNAKE, 0.01
5226, 7, 62, Status.SNAKE, 0.01
5227, 13, 93, Status.SNAKE, 0.01
5228, 5, 45, Status.SNAKE, 0.01
5229, 7, 74, Status.SNAKE, 0.01
5230, 5, 37, Status.WALL, 0.01
5231, 9, 67, Status.SNAKE, 0.01
5232, 5, 44, Status.WALL, 0.01
5233, 11, 99, Status.SNAKE, 0.01
5234, 12, 90, Status.SNAKE, 0.01
5235, 5, 31, Status.SNAKE, 0.01
5236, 4, 25, Status.WALL, 0.01
5237, 20, 126, Status.SNAKE, 0.01
5238, 8, 71, Status.SNAKE, 0.01
5239, 7, 45, Status.WALL, 0.01
5240, 7, 49, Status.SNAKE, 0.01
5241, 9, 58, Status.SNAKE, 0.01
5242, 7, 51, Status.WALL, 0.01
5243, 3, 38, Status.WALL, 0.01
5244, 11, 72, Status.SNAKE, 0.01
5245, 7, 25, Status.WALL, 0.01
5246, 15, 134, Status.SNAKE, 0.01
5247, 4, 20, Status.SNAKE, 0.01
5248, 4, 22, Status.SNAKE, 0.01
5249, 7, 41, Status.SNAKE, 0.01
5250, 4, 34, Status.WALL, 0.01
5251, 1, 10, Status.WALL, 0.01
5252, 10, 82, Status.SNAKE, 0.01
5253, 7, 55, Status.WALL, 0.01
5254, 11, 81, Status.SNAKE, 0.01
5255, 6, 36, Status.SNAKE, 0.01
5256, 10, 50, Status.SNAKE, 0.01
5257, 6, 48, Status.SNAKE, 0.01
5258, 4, 23, Status.SNAKE, 0.01
5259, 8, 57, Status.SNAKE, 0.01
5260, 7, 60, Status.SNAKE, 0.01
5261, 2, 11, Status.WALL, 0.01
5262, 11, 80, Status.SNAKE, 0.01
5263, 4, 39, Status.SNAKE, 0.01
5264, 7, 40, Status.SNAKE, 0.01
5265, 7, 41, Status.WALL, 0.01
5266, 8, 53, Status.SNAKE, 0.01
5267, 7, 57, Status.SNAKE, 0.01
5268, 6, 52, Status.SNAKE, 0.01
5269, 8, 59, Status.SNAKE, 0.01
5270, 3, 26, Status.WALL, 0.01
5271, 2, 27, Status.SNAKE, 0.01
5272, 13, 87, Status.SNAKE, 0.01
5273, 5, 30, Status.SNAKE, 0.01
5274, 11, 67, Status.SNAKE, 0.01
5275, 13, 101, Status.SNAKE, 0.01
5276, 17, 129, Status.SNAKE, 0.01
5277, 9, 46, Status.SNAKE, 0.01
5278, 13, 116, Status.SNAKE, 0.01
5279, 5, 44, Status.WALL, 0.01
5280, 11, 73, Status.WALL, 0.01
5281, 12, 78, Status.SNAKE, 0.01
5282, 3, 18, Status.SNAKE, 0.01
5283, 12, 81, Status.SNAKE, 0.01
5284, 5, 18, Status.SNAKE, 0.01
5285, 10, 61, Status.SNAKE, 0.01
5286, 11, 88, Status.WALL, 0.01
5287, 3, 32, Status.SNAKE, 0.01
5288, 8, 46, Status.SNAKE, 0.01
5289, 15, 107, Status.SNAKE, 0.01
5290, 1, 3, Status.SNAKE, 0.01
5291, 16, 119, Status.WALL, 0.01
5292, 11, 84, Status.SNAKE, 0.01
5293, 10, 74, Status.SNAKE, 0.01
5294, 9, 55, Status.SNAKE, 0.01
5295, 13, 123, Status.WALL, 0.01
5296, 8, 52, Status.SNAKE, 0.01
5297, 11, 61, Status.SNAKE, 0.01
5298, 11, 73, Status.SNAKE, 0.01
5299, 11, 57, Status.WALL, 0.01
5300, 9, 60, Status.SNAKE, 0.01
5301, 4, 28, Status.SNAKE, 0.01
5302, 11, 96, Status.SNAKE, 0.01
5303, 7, 44, Status.SNAKE, 0.01
5304, 5, 24, Status.SNAKE, 0.01
5305, 13, 83, Status.SNAKE, 0.01
5306, 11, 109, Status.WALL, 0.01
5307, 13, 113, Status.WALL, 0.01
5308, 9, 61, Status.SNAKE, 0.01
5309, 2, 10, Status.SNAKE, 0.01
5310, 13, 88, Status.SNAKE, 0.01
5311, 5, 32, Status.SNAKE, 0.01
5312, 6, 42, Status.WALL, 0.01
5313, 3, 18, Status.SNAKE, 0.01
5314, 11, 97, Status.SNAKE, 0.01
5315, 14, 99, Status.SNAKE, 0.01
5316, 8, 42, Status.WALL, 0.01
5317, 9, 65, Status.SNAKE, 0.01
5318, 13, 71, Status.SNAKE, 0.01
5319, 10, 54, Status.SNAKE, 0.01
5320, 5, 40, Status.WALL, 0.01
5321, 12, 91, Status.SNAKE, 0.01
5322, 15, 120, Status.SNAKE, 0.01
5323, 2, 20, Status.SNAKE, 0.01
5324, 11, 79, Status.SNAKE, 0.01
5325, 13, 90, Status.SNAKE, 0.01
5326, 4, 24, Status.SNAKE, 0.01
5327, 10, 87, Status.WALL, 0.01
5328, 5, 34, Status.SNAKE, 0.01
5329, 6, 43, Status.SNAKE, 0.01
5330, 11, 102, Status.WALL, 0.01
5331, 13, 116, Status.SNAKE, 0.01
5332, 1, 3, Status.SNAKE, 0.01
5333, 3, 21, Status.SNAKE, 0.01
5334, 1, 5, Status.SNAKE, 0.01
5335, 4, 14, Status.SNAKE, 0.01
5336, 10, 85, Status.SNAKE, 0.01
5337, 17, 127, Status.SNAKE, 0.01
5338, 12, 81, Status.SNAKE, 0.01
5339, 17, 106, Status.SNAKE, 0.01
5340, 2, 19, Status.WALL, 0.01
5341, 8, 63, Status.SNAKE, 0.01
5342, 8, 56, Status.SNAKE, 0.01
5343, 6, 48, Status.SNAKE, 0.01
5344, 5, 30, Status.SNAKE, 0.01
5345, 20, 147, Status.SNAKE, 0.01
5346, 13, 97, Status.SNAKE, 0.01
5347, 13, 101, Status.SNAKE, 0.01
5348, 8, 65, Status.SNAKE, 0.01
5349, 3, 30, Status.WALL, 0.01
5350, 16, 133, Status.SNAKE, 0.01
5351, 9, 65, Status.SNAKE, 0.01
5352, 11, 57, Status.SNAKE, 0.01
5353, 3, 47, Status.WALL, 0.01
5354, 9, 45, Status.WALL, 0.01
5355, 3, 31, Status.WALL, 0.01
5356, 7, 46, Status.SNAKE, 0.01
5357, 13, 81, Status.SNAKE, 0.01
5358, 3, 22, Status.WALL, 0.01
5359, 13, 104, Status.WALL, 0.01
5360, 6, 63, Status.SNAKE, 0.01
5361, 0, 4, Status.WALL, 0.01
5362, 7, 61, Status.SNAKE, 0.01
5363, 10, 77, Status.SNAKE, 0.01
5364, 6, 39, Status.SNAKE, 0.01
5365, 6, 50, Status.SNAKE, 0.01
5366, 8, 62, Status.SNAKE, 0.01
5367, 3, 26, Status.SNAKE, 0.01
5368, 13, 77, Status.SNAKE, 0.01
5369, 5, 35, Status.WALL, 0.01
5370, 7, 44, Status.SNAKE, 0.01
5371, 13, 110, Status.SNAKE, 0.01
5372, 7, 60, Status.SNAKE, 0.01
5373, 1, 13, Status.WALL, 0.01
5374, 10, 66, Status.SNAKE, 0.01
5375, 9, 66, Status.SNAKE, 0.01
5376, 9, 73, Status.SNAKE, 0.01
5377, 4, 31, Status.SNAKE, 0.01
5378, 3, 31, Status.SNAKE, 0.01
5379, 6, 48, Status.SNAKE, 0.01
5380, 9, 43, Status.SNAKE, 0.01
5381, 14, 92, Status.SNAKE, 0.01
5382, 18, 114, Status.SNAKE, 0.01
5383, 14, 103, Status.SNAKE, 0.01
5384, 3, 11, Status.WALL, 0.01
5385, 5, 42, Status.SNAKE, 0.01
5386, 6, 55, Status.WALL, 0.01
5387, 6, 26, Status.SNAKE, 0.01
5388, 17, 131, Status.WALL, 0.01
5389, 7, 43, Status.SNAKE, 0.01
5390, 8, 63, Status.SNAKE, 0.01
5391, 9, 85, Status.SNAKE, 0.01
5392, 17, 149, Status.SNAKE, 0.01
5393, 11, 97, Status.SNAKE, 0.01
5394, 13, 121, Status.WALL, 0.01
5395, 9, 74, Status.SNAKE, 0.01
5396, 14, 110, Status.SNAKE, 0.01
5397, 14, 92, Status.SNAKE, 0.01
5398, 16, 93, Status.SNAKE, 0.01
5399, 3, 26, Status.SNAKE, 0.01
5400, 8, 49, Status.SNAKE, 0.01
5401, 14, 107, Status.SNAKE, 0.01
5402, 8, 61, Status.SNAKE, 0.01
5403, 5, 34, Status.WALL, 0.01
5404, 8, 38, Status.SNAKE, 0.01
5405, 1, 8, Status.SNAKE, 0.01
5406, 4, 40, Status.WALL, 0.01
5407, 10, 71, Status.SNAKE, 0.01
5408, 4, 23, Status.SNAKE, 0.01
5409, 9, 62, Status.SNAKE, 0.01
5410, 6, 67, Status.WALL, 0.01
5411, 7, 62, Status.SNAKE, 0.01
5412, 20, 136, Status.SNAKE, 0.01
5413, 9, 67, Status.SNAKE, 0.01
5414, 11, 76, Status.SNAKE, 0.01
5415, 2, 13, Status.WALL, 0.01
5416, 5, 33, Status.SNAKE, 0.01
5417, 13, 93, Status.SNAKE, 0.01
5418, 7, 62, Status.SNAKE, 0.01
5419, 10, 79, Status.SNAKE, 0.01
5420, 9, 57, Status.SNAKE, 0.01
5421, 14, 118, Status.SNAKE, 0.01
5422, 9, 48, Status.SNAKE, 0.01
5423, 10, 73, Status.SNAKE, 0.01
5424, 4, 21, Status.WALL, 0.01
5425, 15, 113, Status.SNAKE, 0.01
5426, 8, 48, Status.SNAKE, 0.01
5427, 6, 46, Status.SNAKE, 0.01
5428, 2, 17, Status.SNAKE, 0.01
5429, 11, 94, Status.SNAKE, 0.01
5430, 15, 133, Status.WALL, 0.01
5431, 7, 55, Status.SNAKE, 0.01
5432, 6, 44, Status.SNAKE, 0.01
5433, 3, 19, Status.SNAKE, 0.01
5434, 7, 49, Status.WALL, 0.01
5435, 2, 13, Status.WALL, 0.01
5436, 7, 65, Status.SNAKE, 0.01
5437, 14, 94, Status.SNAKE, 0.01
5438, 17, 107, Status.SNAKE, 0.01
5439, 5, 32, Status.SNAKE, 0.01
5440, 6, 47, Status.SNAKE, 0.01
5441, 20, 137, Status.SNAKE, 0.01
5442, 16, 115, Status.SNAKE, 0.01
5443, 15, 81, Status.SNAKE, 0.01
5444, 18, 153, Status.SNAKE, 0.01
5445, 9, 69, Status.SNAKE, 0.01
5446, 3, 26, Status.WALL, 0.01
5447, 15, 113, Status.SNAKE, 0.01
5448, 2, 15, Status.SNAKE, 0.01
5449, 5, 21, Status.SNAKE, 0.01
5450, 5, 29, Status.SNAKE, 0.01
5451, 10, 67, Status.SNAKE, 0.01
5452, 14, 93, Status.SNAKE, 0.01
5453, 8, 61, Status.SNAKE, 0.01
5454, 5, 28, Status.WALL, 0.01
5455, 13, 81, Status.SNAKE, 0.01
5456, 11, 79, Status.WALL, 0.01
5457, 3, 33, Status.WALL, 0.01
5458, 3, 20, Status.WALL, 0.01
5459, 7, 50, Status.SNAKE, 0.01
5460, 8, 51, Status.SNAKE, 0.01
5461, 12, 87, Status.SNAKE, 0.01
5462, 5, 49, Status.SNAKE, 0.01
5463, 9, 60, Status.WALL, 0.01
5464, 8, 56, Status.SNAKE, 0.01
5465, 13, 93, Status.SNAKE, 0.01
5466, 1, 10, Status.WALL, 0.01
5467, 17, 133, Status.WALL, 0.01
5468, 23, 131, Status.SNAKE, 0.01
5469, 9, 67, Status.SNAKE, 0.01
5470, 16, 102, Status.SNAKE, 0.01
5471, 6, 54, Status.SNAKE, 0.01
5472, 3, 23, Status.WALL, 0.01
5473, 21, 155, Status.SNAKE, 0.01
5474, 2, 20, Status.WALL, 0.01
5475, 7, 49, Status.WALL, 0.01
5476, 6, 34, Status.SNAKE, 0.01
5477, 8, 45, Status.SNAKE, 0.01
5478, 16, 111, Status.SNAKE, 0.01
5479, 9, 73, Status.WALL, 0.01
5480, 7, 59, Status.WALL, 0.01
5481, 14, 129, Status.SNAKE, 0.01
5482, 7, 50, Status.SNAKE, 0.01
5483, 12, 80, Status.SNAKE, 0.01
5484, 6, 39, Status.WALL, 0.01
5485, 16, 109, Status.SNAKE, 0.01
5486, 5, 29, Status.SNAKE, 0.01
5487, 2, 16, Status.SNAKE, 0.01
5488, 1, 8, Status.WALL, 0.01
5489, 1, 5, Status.SNAKE, 0.01
5490, 7, 34, Status.WALL, 0.01
5491, 15, 122, Status.SNAKE, 0.01
5492, 19, 130, Status.SNAKE, 0.01
5493, 4, 18, Status.SNAKE, 0.01
5494, 11, 84, Status.SNAKE, 0.01
5495, 7, 52, Status.SNAKE, 0.01
5496, 9, 76, Status.SNAKE, 0.01
5497, 4, 38, Status.SNAKE, 0.01
5498, 12, 67, Status.SNAKE, 0.01
5499, 3, 27, Status.WALL, 0.01
5500, 9, 59, Status.SNAKE, 0.01
5501, 7, 62, Status.SNAKE, 0.01
5502, 4, 30, Status.SNAKE, 0.01
5503, 5, 26, Status.WALL, 0.01
5504, 11, 106, Status.SNAKE, 0.01
5505, 15, 132, Status.SNAKE, 0.01
5506, 12, 104, Status.SNAKE, 0.01
5507, 8, 55, Status.SNAKE, 0.01
5508, 20, 129, Status.WALL, 0.01
5509, 0, 7, Status.WALL, 0.01
5510, 9, 68, Status.SNAKE, 0.01
5511, 6, 38, Status.SNAKE, 0.01
5512, 13, 113, Status.WALL, 0.01
5513, 12, 75, Status.SNAKE, 0.01
5514, 5, 37, Status.SNAKE, 0.01
5515, 2, 15, Status.SNAKE, 0.01
5516, 8, 56, Status.SNAKE, 0.01
5517, 13, 68, Status.SNAKE, 0.01
5518, 9, 71, Status.SNAKE, 0.01
5519, 10, 72, Status.WALL, 0.01
5520, 14, 94, Status.SNAKE, 0.01
5521, 5, 38, Status.SNAKE, 0.01
5522, 14, 82, Status.SNAKE, 0.01
5523, 6, 51, Status.SNAKE, 0.01
5524, 8, 70, Status.WALL, 0.01
5525, 5, 29, Status.SNAKE, 0.01
5526, 2, 23, Status.SNAKE, 0.01
5527, 10, 63, Status.SNAKE, 0.01
5528, 7, 65, Status.WALL, 0.01
5529, 10, 82, Status.SNAKE, 0.01
5530, 16, 122, Status.SNAKE, 0.01
5531, 2, 15, Status.SNAKE, 0.01
5532, 12, 74, Status.SNAKE, 0.01
5533, 2, 14, Status.SNAKE, 0.01
5534, 10, 86, Status.WALL, 0.01
5535, 11, 73, Status.SNAKE, 0.01
5536, 6, 41, Status.WALL, 0.01
5537, 9, 80, Status.WALL, 0.01
5538, 5, 35, Status.SNAKE, 0.01
5539, 6, 33, Status.SNAKE, 0.01
5540, 3, 18, Status.SNAKE, 0.01
5541, 8, 49, Status.SNAKE, 0.01
5542, 3, 20, Status.SNAKE, 0.01
5543, 10, 65, Status.WALL, 0.01
5544, 7, 33, Status.WALL, 0.01
5545, 4, 33, Status.WALL, 0.01
5546, 8, 63, Status.WALL, 0.01
5547, 7, 52, Status.SNAKE, 0.01
5548, 7, 46, Status.SNAKE, 0.01
5549, 7, 55, Status.SNAKE, 0.01
5550, 18, 104, Status.WALL, 0.01
5551, 3, 11, Status.SNAKE, 0.01
5552, 10, 58, Status.WALL, 0.01
5553, 2, 9, Status.SNAKE, 0.01
5554, 2, 17, Status.SNAKE, 0.01
5555, 14, 123, Status.SNAKE, 0.01
5556, 9, 83, Status.SNAKE, 0.01
5557, 15, 108, Status.SNAKE, 0.01
5558, 12, 106, Status.WALL, 0.01
5559, 6, 47, Status.SNAKE, 0.01
5560, 5, 30, Status.SNAKE, 0.01
5561, 6, 36, Status.WALL, 0.01
5562, 1, 3, Status.SNAKE, 0.01
5563, 9, 96, Status.SNAKE, 0.01
5564, 6, 37, Status.SNAKE, 0.01
5565, 13, 118, Status.SNAKE, 0.01
5566, 21, 149, Status.SNAKE, 0.01
5567, 7, 56, Status.SNAKE, 0.01
5568, 1, 4, Status.SNAKE, 0.01
5569, 21, 157, Status.SNAKE, 0.01
5570, 13, 96, Status.SNAKE, 0.01
5571, 9, 55, Status.SNAKE, 0.01
5572, 10, 81, Status.SNAKE, 0.01
5573, 2, 12, Status.WALL, 0.01
5574, 9, 75, Status.WALL, 0.01
5575, 13, 103, Status.SNAKE, 0.01
5576, 7, 42, Status.SNAKE, 0.01
5577, 7, 39, Status.WALL, 0.01
5578, 2, 18, Status.SNAKE, 0.01
5579, 11, 78, Status.SNAKE, 0.01
5580, 10, 85, Status.WALL, 0.01
5581, 1, 10, Status.WALL, 0.01
5582, 11, 85, Status.SNAKE, 0.01
5583, 9, 76, Status.SNAKE, 0.01
5584, 13, 100, Status.SNAKE, 0.01
5585, 10, 69, Status.WALL, 0.01
5586, 11, 59, Status.SNAKE, 0.01
5587, 6, 43, Status.SNAKE, 0.01
5588, 11, 79, Status.SNAKE, 0.01
5589, 14, 92, Status.SNAKE, 0.01
5590, 8, 43, Status.SNAKE, 0.01
5591, 6, 34, Status.SNAKE, 0.01
5592, 17, 116, Status.WALL, 0.01
5593, 12, 98, Status.SNAKE, 0.01
5594, 9, 65, Status.WALL, 0.01
5595, 5, 30, Status.SNAKE, 0.01
5596, 10, 71, Status.SNAKE, 0.01
5597, 5, 32, Status.SNAKE, 0.01
5598, 17, 130, Status.SNAKE, 0.01
5599, 11, 62, Status.SNAKE, 0.01
5600, 15, 89, Status.SNAKE, 0.01
5601, 5, 46, Status.WALL, 0.01
5602, 7, 50, Status.WALL, 0.01
5603, 8, 57, Status.SNAKE, 0.01
5604, 9, 80, Status.SNAKE, 0.01
5605, 5, 29, Status.SNAKE, 0.01
5606, 2, 19, Status.WALL, 0.01
5607, 4, 32, Status.SNAKE, 0.01
5608, 12, 91, Status.SNAKE, 0.01
5609, 11, 56, Status.SNAKE, 0.01
5610, 7, 39, Status.SNAKE, 0.01
5611, 6, 47, Status.SNAKE, 0.01
5612, 6, 46, Status.WALL, 0.01
5613, 13, 85, Status.SNAKE, 0.01
5614, 10, 62, Status.SNAKE, 0.01
5615, 4, 42, Status.SNAKE, 0.01
5616, 4, 47, Status.SNAKE, 0.01
5617, 6, 33, Status.WALL, 0.01
5618, 2, 16, Status.WALL, 0.01
5619, 10, 65, Status.SNAKE, 0.01
5620, 1, 6, Status.WALL, 0.01
5621, 16, 112, Status.SNAKE, 0.01
5622, 9, 43, Status.SNAKE, 0.01
5623, 5, 30, Status.WALL, 0.01
5624, 22, 108, Status.SNAKE, 0.01
5625, 15, 97, Status.SNAKE, 0.01
5626, 4, 27, Status.SNAKE, 0.01
5627, 7, 75, Status.SNAKE, 0.01
5628, 2, 9, Status.SNAKE, 0.01
5629, 1, 6, Status.SNAKE, 0.01
5630, 9, 70, Status.SNAKE, 0.01
5631, 6, 42, Status.SNAKE, 0.01
5632, 9, 60, Status.SNAKE, 0.01
5633, 5, 60, Status.SNAKE, 0.01
5634, 11, 80, Status.SNAKE, 0.01
5635, 9, 65, Status.SNAKE, 0.01
5636, 1, 11, Status.SNAKE, 0.01
5637, 3, 21, Status.SNAKE, 0.01
5638, 6, 48, Status.SNAKE, 0.01
5639, 11, 77, Status.WALL, 0.01
5640, 9, 69, Status.SNAKE, 0.01
5641, 5, 31, Status.WALL, 0.01
5642, 11, 75, Status.SNAKE, 0.01
5643, 1, 3, Status.SNAKE, 0.01
5644, 8, 55, Status.SNAKE, 0.01
5645, 9, 52, Status.SNAKE, 0.01
5646, 5, 20, Status.SNAKE, 0.01
5647, 1, 5, Status.SNAKE, 0.01
5648, 1, 10, Status.WALL, 0.01
5649, 8, 55, Status.SNAKE, 0.01
5650, 12, 78, Status.SNAKE, 0.01
5651, 13, 89, Status.SNAKE, 0.01
5652, 3, 25, Status.WALL, 0.01
5653, 5, 23, Status.SNAKE, 0.01
5654, 8, 47, Status.SNAKE, 0.01
5655, 11, 60, Status.SNAKE, 0.01
5656, 11, 66, Status.SNAKE, 0.01
5657, 7, 47, Status.SNAKE, 0.01
5658, 6, 30, Status.SNAKE, 0.01
5659, 9, 66, Status.SNAKE, 0.01
5660, 1, 8, Status.WALL, 0.01
5661, 11, 114, Status.SNAKE, 0.01
5662, 8, 56, Status.WALL, 0.01
5663, 12, 78, Status.SNAKE, 0.01
5664, 5, 21, Status.SNAKE, 0.01
5665, 6, 28, Status.SNAKE, 0.01
5666, 17, 135, Status.SNAKE, 0.01
5667, 14, 102, Status.SNAKE, 0.01
5668, 18, 108, Status.SNAKE, 0.01
5669, 12, 85, Status.SNAKE, 0.01
5670, 8, 56, Status.SNAKE, 0.01
5671, 6, 44, Status.WALL, 0.01
5672, 2, 14, Status.SNAKE, 0.01
5673, 10, 73, Status.SNAKE, 0.01
5674, 8, 47, Status.WALL, 0.01
5675, 11, 82, Status.SNAKE, 0.01
5676, 2, 12, Status.WALL, 0.01
5677, 1, 5, Status.SNAKE, 0.01
5678, 11, 79, Status.SNAKE, 0.01
5679, 13, 97, Status.SNAKE, 0.01
5680, 2, 20, Status.WALL, 0.01
5681, 10, 51, Status.SNAKE, 0.01
5682, 14, 112, Status.SNAKE, 0.01
5683, 7, 50, Status.SNAKE, 0.01
5684, 7, 52, Status.SNAKE, 0.01
5685, 21, 173, Status.SNAKE, 0.01
5686, 19, 108, Status.WALL, 0.01
5687, 3, 22, Status.SNAKE, 0.01
5688, 13, 123, Status.SNAKE, 0.01
5689, 2, 20, Status.WALL, 0.01
5690, 13, 95, Status.SNAKE, 0.01
5691, 8, 56, Status.SNAKE, 0.01
5692, 9, 64, Status.SNAKE, 0.01
5693, 4, 24, Status.SNAKE, 0.01
5694, 8, 66, Status.SNAKE, 0.01
5695, 9, 57, Status.SNAKE, 0.01
5696, 21, 139, Status.SNAKE, 0.01
5697, 11, 73, Status.SNAKE, 0.01
5698, 10, 59, Status.SNAKE, 0.01
5699, 8, 28, Status.SNAKE, 0.01
5700, 4, 23, Status.WALL, 0.01
5701, 9, 69, Status.SNAKE, 0.01
5702, 5, 26, Status.SNAKE, 0.01
5703, 14, 91, Status.SNAKE, 0.01
5704, 14, 111, Status.SNAKE, 0.01
5705, 10, 55, Status.WALL, 0.01
5706, 1, 10, Status.WALL, 0.01
5707, 7, 53, Status.WALL, 0.01
5708, 9, 76, Status.SNAKE, 0.01
5709, 4, 29, Status.SNAKE, 0.01
5710, 1, 3, Status.SNAKE, 0.01
5711, 13, 89, Status.WALL, 0.01
5712, 13, 110, Status.SNAKE, 0.01
5713, 10, 60, Status.SNAKE, 0.01
5714, 6, 55, Status.SNAKE, 0.01
5715, 10, 53, Status.SNAKE, 0.01
5716, 4, 21, Status.SNAKE, 0.01
5717, 18, 73, Status.SNAKE, 0.01
5718, 12, 67, Status.SNAKE, 0.01
5719, 12, 82, Status.SNAKE, 0.01
5720, 9, 83, Status.SNAKE, 0.01
5721, 8, 40, Status.SNAKE, 0.01
5722, 9, 63, Status.SNAKE, 0.01
5723, 2, 12, Status.SNAKE, 0.01
5724, 10, 73, Status.WALL, 0.01
5725, 12, 72, Status.SNAKE, 0.01
5726, 10, 96, Status.SNAKE, 0.01
5727, 15, 85, Status.SNAKE, 0.01
5728, 11, 68, Status.SNAKE, 0.01
5729, 6, 45, Status.SNAKE, 0.01
5730, 6, 42, Status.WALL, 0.01
5731, 18, 113, Status.SNAKE, 0.01
5732, 13, 77, Status.SNAKE, 0.01
5733, 2, 10, Status.WALL, 0.01
5734, 11, 78, Status.SNAKE, 0.01
5735, 7, 47, Status.SNAKE, 0.01
5736, 15, 87, Status.SNAKE, 0.01
5737, 5, 41, Status.SNAKE, 0.01
5738, 2, 16, Status.SNAKE, 0.01
5739, 8, 38, Status.WALL, 0.01
5740, 1, 16, Status.WALL, 0.01
5741, 3, 10, Status.SNAKE, 0.01
5742, 10, 69, Status.WALL, 0.01
5743, 4, 15, Status.SNAKE, 0.01
5744, 9, 58, Status.SNAKE, 0.01
5745, 9, 64, Status.WALL, 0.01
5746, 6, 50, Status.SNAKE, 0.01
5747, 5, 34, Status.WALL, 0.01
5748, 1, 5, Status.SNAKE, 0.01
5749, 4, 21, Status.WALL, 0.01
5750, 5, 35, Status.SNAKE, 0.01
5751, 14, 107, Status.SNAKE, 0.01
5752, 1, 10, Status.WALL, 0.01
5753, 7, 40, Status.SNAKE, 0.01
5754, 9, 55, Status.SNAKE, 0.01
5755, 4, 15, Status.SNAKE, 0.01
5756, 7, 54, Status.SNAKE, 0.01
5757, 9, 56, Status.SNAKE, 0.01
5758, 5, 27, Status.SNAKE, 0.01
5759, 1, 20, Status.WALL, 0.01
5760, 9, 88, Status.SNAKE, 0.01
5761, 9, 71, Status.SNAKE, 0.01
5762, 10, 78, Status.WALL, 0.01
5763, 6, 54, Status.SNAKE, 0.01
5764, 1, 8, Status.WALL, 0.01
5765, 5, 34, Status.SNAKE, 0.01
5766, 2, 15, Status.WALL, 0.01
5767, 6, 41, Status.SNAKE, 0.01
5768, 12, 80, Status.SNAKE, 0.01
5769, 1, 12, Status.WALL, 0.01
5770, 6, 43, Status.SNAKE, 0.01
5771, 17, 134, Status.SNAKE, 0.01
5772, 10, 81, Status.WALL, 0.01
5773, 15, 87, Status.WALL, 0.01
5774, 10, 52, Status.SNAKE, 0.01
5775, 11, 74, Status.WALL, 0.01
5776, 18, 130, Status.SNAKE, 0.01
5777, 3, 20, Status.SNAKE, 0.01
5778, 12, 101, Status.SNAKE, 0.01
5779, 6, 41, Status.SNAKE, 0.01
5780, 5, 31, Status.SNAKE, 0.01
5781, 11, 73, Status.SNAKE, 0.01
5782, 6, 47, Status.WALL, 0.01
5783, 7, 63, Status.SNAKE, 0.01
5784, 8, 59, Status.SNAKE, 0.01
5785, 6, 29, Status.SNAKE, 0.01
5786, 14, 89, Status.SNAKE, 0.01
5787, 22, 155, Status.SNAKE, 0.01
5788, 5, 32, Status.WALL, 0.01
5789, 6, 42, Status.WALL, 0.01
5790, 1, 11, Status.WALL, 0.01
5791, 12, 118, Status.SNAKE, 0.01
5792, 10, 70, Status.SNAKE, 0.01
5793, 6, 48, Status.WALL, 0.01
5794, 4, 30, Status.WALL, 0.01
5795, 19, 129, Status.SNAKE, 0.01
5796, 8, 54, Status.SNAKE, 0.01
5797, 4, 26, Status.SNAKE, 0.01
5798, 7, 55, Status.SNAKE, 0.01
5799, 13, 86, Status.SNAKE, 0.01
5800, 9, 66, Status.WALL, 0.01
5801, 7, 42, Status.SNAKE, 0.01
5802, 19, 114, Status.SNAKE, 0.01
5803, 3, 19, Status.SNAKE, 0.01
5804, 8, 46, Status.WALL, 0.01
5805, 20, 145, Status.SNAKE, 0.01
5806, 9, 64, Status.SNAKE, 0.01
5807, 8, 53, Status.SNAKE, 0.01
5808, 13, 100, Status.SNAKE, 0.01
5809, 7, 51, Status.SNAKE, 0.01
5810, 12, 80, Status.SNAKE, 0.01
5811, 6, 33, Status.SNAKE, 0.01
5812, 8, 60, Status.SNAKE, 0.01
5813, 8, 58, Status.SNAKE, 0.01
5814, 9, 63, Status.SNAKE, 0.01
5815, 5, 23, Status.SNAKE, 0.01
5816, 3, 11, Status.SNAKE, 0.01
5817, 12, 101, Status.SNAKE, 0.01
5818, 12, 107, Status.SNAKE, 0.01
5819, 16, 132, Status.SNAKE, 0.01
5820, 17, 102, Status.SNAKE, 0.01
5821, 15, 100, Status.SNAKE, 0.01
5822, 8, 70, Status.SNAKE, 0.01
5823, 5, 27, Status.WALL, 0.01
5824, 10, 68, Status.SNAKE, 0.01
5825, 7, 47, Status.SNAKE, 0.01
5826, 9, 86, Status.SNAKE, 0.01
5827, 6, 30, Status.SNAKE, 0.01
5828, 9, 68, Status.SNAKE, 0.01
5829, 2, 14, Status.SNAKE, 0.01
5830, 4, 37, Status.SNAKE, 0.01
5831, 6, 26, Status.SNAKE, 0.01
5832, 4, 17, Status.WALL, 0.01
5833, 9, 50, Status.SNAKE, 0.01
5834, 9, 70, Status.SNAKE, 0.01
5835, 12, 73, Status.SNAKE, 0.01
5836, 5, 36, Status.WALL, 0.01
5837, 9, 49, Status.SNAKE, 0.01
5838, 5, 26, Status.SNAKE, 0.01
5839, 13, 80, Status.SNAKE, 0.01
5840, 13, 100, Status.SNAKE, 0.01
5841, 15, 126, Status.SNAKE, 0.01
5842, 10, 79, Status.WALL, 0.01
5843, 1, 3, Status.SNAKE, 0.01
5844, 3, 17, Status.WALL, 0.01
5845, 9, 44, Status.SNAKE, 0.01
5846, 22, 117, Status.SNAKE, 0.01
5847, 8, 54, Status.WALL, 0.01
5848, 13, 84, Status.SNAKE, 0.01
5849, 4, 21, Status.SNAKE, 0.01
5850, 10, 63, Status.SNAKE, 0.01
5851, 1, 12, Status.SNAKE, 0.01
5852, 10, 79, Status.SNAKE, 0.01
5853, 3, 10, Status.WALL, 0.01
5854, 11, 72, Status.SNAKE, 0.01
5855, 13, 111, Status.SNAKE, 0.01
5856, 3, 14, Status.SNAKE, 0.01
5857, 12, 75, Status.SNAKE, 0.01
5858, 6, 21, Status.SNAKE, 0.01
5859, 9, 64, Status.SNAKE, 0.01
5860, 10, 82, Status.SNAKE, 0.01
5861, 13, 86, Status.SNAKE, 0.01
5862, 8, 45, Status.SNAKE, 0.01
5863, 13, 93, Status.SNAKE, 0.01
5864, 9, 48, Status.SNAKE, 0.01
5865, 1, 8, Status.WALL, 0.01
5866, 4, 23, Status.SNAKE, 0.01
5867, 8, 63, Status.WALL, 0.01
5868, 8, 51, Status.SNAKE, 0.01
5869, 6, 46, Status.SNAKE, 0.01
5870, 4, 11, Status.SNAKE, 0.01
5871, 1, 3, Status.SNAKE, 0.01
5872, 1, 10, Status.WALL, 0.01
5873, 20, 140, Status.SNAKE, 0.01
5874, 14, 98, Status.SNAKE, 0.01
5875, 1, 13, Status.WALL, 0.01
5876, 13, 99, Status.SNAKE, 0.01
5877, 5, 44, Status.SNAKE, 0.01
5878, 5, 25, Status.SNAKE, 0.01
5879, 2, 15, Status.SNAKE, 0.01
5880, 2, 22, Status.WALL, 0.01
5881, 9, 76, Status.WALL, 0.01
5882, 10, 69, Status.SNAKE, 0.01
5883, 14, 130, Status.SNAKE, 0.01
5884, 2, 19, Status.SNAKE, 0.01
5885, 3, 17, Status.SNAKE, 0.01
5886, 6, 36, Status.SNAKE, 0.01
5887, 12, 55, Status.SNAKE, 0.01
5888, 11, 78, Status.SNAKE, 0.01
5889, 8, 53, Status.SNAKE, 0.01
5890, 8, 37, Status.SNAKE, 0.01
5891, 3, 18, Status.WALL, 0.01
5892, 5, 19, Status.SNAKE, 0.01
5893, 17, 107, Status.SNAKE, 0.01
5894, 8, 48, Status.WALL, 0.01
5895, 2, 21, Status.SNAKE, 0.01
5896, 11, 59, Status.SNAKE, 0.01
5897, 2, 18, Status.SNAKE, 0.01
5898, 7, 42, Status.SNAKE, 0.01
5899, 11, 95, Status.SNAKE, 0.01
5900, 13, 77, Status.SNAKE, 0.01
5901, 9, 56, Status.SNAKE, 0.01
5902, 9, 93, Status.SNAKE, 0.01
5903, 12, 92, Status.SNAKE, 0.01
5904, 5, 41, Status.SNAKE, 0.01
5905, 7, 50, Status.SNAKE, 0.01
5906, 12, 82, Status.SNAKE, 0.01
5907, 3, 18, Status.SNAKE, 0.01
5908, 13, 84, Status.SNAKE, 0.01
5909, 20, 129, Status.SNAKE, 0.01
5910, 10, 64, Status.SNAKE, 0.01
5911, 9, 74, Status.SNAKE, 0.01
5912, 18, 117, Status.SNAKE, 0.01
5913, 7, 41, Status.SNAKE, 0.01
5914, 3, 21, Status.WALL, 0.01
5915, 16, 115, Status.WALL, 0.01
5916, 12, 94, Status.SNAKE, 0.01
5917, 20, 133, Status.SNAKE, 0.01
5918, 20, 110, Status.SNAKE, 0.01
5919, 7, 25, Status.SNAKE, 0.01
5920, 4, 28, Status.SNAKE, 0.01
5921, 4, 34, Status.SNAKE, 0.01
5922, 2, 13, Status.SNAKE, 0.01
5923, 2, 11, Status.SNAKE, 0.01
5924, 10, 92, Status.SNAKE, 0.01
5925, 10, 78, Status.SNAKE, 0.01
5926, 5, 34, Status.SNAKE, 0.01
5927, 8, 55, Status.SNAKE, 0.01
5928, 5, 19, Status.WALL, 0.01
5929, 14, 95, Status.SNAKE, 0.01
5930, 6, 51, Status.SNAKE, 0.01
5931, 12, 83, Status.SNAKE, 0.01
5932, 8, 64, Status.SNAKE, 0.01
5933, 7, 50, Status.SNAKE, 0.01
5934, 9, 47, Status.SNAKE, 0.01
5935, 16, 110, Status.SNAKE, 0.01
5936, 17, 135, Status.SNAKE, 0.01
5937, 7, 35, Status.SNAKE, 0.01
5938, 6, 36, Status.SNAKE, 0.01
5939, 11, 89, Status.WALL, 0.01
5940, 12, 100, Status.SNAKE, 0.01
5941, 11, 93, Status.WALL, 0.01
5942, 12, 69, Status.SNAKE, 0.01
5943, 7, 61, Status.SNAKE, 0.01
5944, 5, 35, Status.SNAKE, 0.01
5945, 5, 53, Status.SNAKE, 0.01
5946, 6, 37, Status.SNAKE, 0.01
5947, 1, 3, Status.SNAKE, 0.01
5948, 7, 60, Status.SNAKE, 0.01
5949, 8, 49, Status.SNAKE, 0.01
5950, 0, 4, Status.WALL, 0.01
5951, 9, 63, Status.SNAKE, 0.01
5952, 4, 26, Status.SNAKE, 0.01
5953, 10, 88, Status.WALL, 0.01
5954, 1, 10, Status.WALL, 0.01
5955, 4, 22, Status.WALL, 0.01
5956, 13, 104, Status.SNAKE, 0.01
5957, 5, 42, Status.SNAKE, 0.01
5958, 13, 103, Status.SNAKE, 0.01
5959, 5, 30, Status.SNAKE, 0.01
5960, 5, 40, Status.SNAKE, 0.01
5961, 9, 58, Status.SNAKE, 0.01
5962, 1, 5, Status.SNAKE, 0.01
5963, 6, 71, Status.SNAKE, 0.01
5964, 16, 115, Status.SNAKE, 0.01
5965, 3, 26, Status.SNAKE, 0.01
5966, 11, 103, Status.SNAKE, 0.01
5967, 12, 88, Status.SNAKE, 0.01
5968, 7, 31, Status.SNAKE, 0.01
5969, 4, 25, Status.SNAKE, 0.01
5970, 8, 45, Status.SNAKE, 0.01
5971, 1, 8, Status.WALL, 0.01
5972, 4, 26, Status.SNAKE, 0.01
5973, 5, 37, Status.SNAKE, 0.01
5974, 2, 12, Status.SNAKE, 0.01
5975, 11, 88, Status.SNAKE, 0.01
5976, 9, 60, Status.WALL, 0.01
5977, 8, 80, Status.WALL, 0.01
5978, 12, 66, Status.SNAKE, 0.01
5979, 10, 67, Status.WALL, 0.01
5980, 9, 72, Status.WALL, 0.01
5981, 6, 44, Status.SNAKE, 0.01
5982, 9, 89, Status.SNAKE, 0.01
5983, 12, 73, Status.SNAKE, 0.01
5984, 15, 106, Status.SNAKE, 0.01
5985, 12, 102, Status.SNAKE, 0.01
5986, 12, 73, Status.SNAKE, 0.01
5987, 13, 87, Status.SNAKE, 0.01
5988, 2, 21, Status.SNAKE, 0.01
5989, 11, 90, Status.SNAKE, 0.01
5990, 12, 90, Status.SNAKE, 0.01
5991, 10, 62, Status.SNAKE, 0.01
5992, 10, 71, Status.SNAKE, 0.01
5993, 5, 57, Status.WALL, 0.01
5994, 8, 77, Status.SNAKE, 0.01
5995, 10, 66, Status.SNAKE, 0.01
5996, 7, 55, Status.SNAKE, 0.01
5997, 10, 54, Status.SNAKE, 0.01
5998, 10, 49, Status.SNAKE, 0.01
5999, 7, 39, Status.SNAKE, 0.01
6000, 13, 105, Status.SNAKE, 0.01
6001, 8, 60, Status.SNAKE, 0.01
6002, 19, 109, Status.SNAKE, 0.01
6003, 15, 93, Status.SNAKE, 0.01
6004, 14, 66, Status.SNAKE, 0.01
6005, 15, 122, Status.SNAKE, 0.01
6006, 5, 51, Status.SNAKE, 0.01
6007, 10, 83, Status.SNAKE, 0.01
6008, 5, 30, Status.SNAKE, 0.01
6009, 6, 34, Status.SNAKE, 0.01
6010, 10, 51, Status.SNAKE, 0.01
6011, 6, 59, Status.SNAKE, 0.01
6012, 8, 62, Status.SNAKE, 0.01
6013, 5, 31, Status.WALL, 0.01
6014, 5, 51, Status.WALL, 0.01
6015, 7, 55, Status.WALL, 0.01
6016, 1, 6, Status.WALL, 0.01
6017, 0, 4, Status.WALL, 0.01
6018, 15, 96, Status.SNAKE, 0.01
6019, 8, 57, Status.WALL, 0.01
6020, 1, 6, Status.WALL, 0.01
6021, 0, 4, Status.WALL, 0.01
6022, 14, 81, Status.SNAKE, 0.01
6023, 6, 38, Status.SNAKE, 0.01
6024, 2, 8, Status.WALL, 0.01
6025, 2, 20, Status.WALL, 0.01
6026, 7, 55, Status.SNAKE, 0.01
6027, 7, 66, Status.WALL, 0.01
6028, 14, 109, Status.WALL, 0.01
6029, 10, 60, Status.SNAKE, 0.01
6030, 3, 27, Status.WALL, 0.01
6031, 6, 30, Status.SNAKE, 0.01
6032, 6, 40, Status.WALL, 0.01
6033, 15, 123, Status.SNAKE, 0.01
6034, 19, 140, Status.SNAKE, 0.01
6035, 13, 115, Status.SNAKE, 0.01
6036, 1, 7, Status.WALL, 0.01
6037, 4, 20, Status.SNAKE, 0.01
6038, 1, 5, Status.SNAKE, 0.01
6039, 3, 20, Status.SNAKE, 0.01
6040, 10, 58, Status.WALL, 0.01
6041, 12, 89, Status.WALL, 0.01
6042, 3, 28, Status.SNAKE, 0.01
6043, 5, 35, Status.SNAKE, 0.01
6044, 8, 72, Status.SNAKE, 0.01
6045, 4, 27, Status.WALL, 0.01
6046, 5, 38, Status.SNAKE, 0.01
6047, 5, 34, Status.SNAKE, 0.01
6048, 10, 76, Status.SNAKE, 0.01
6049, 4, 26, Status.SNAKE, 0.01
6050, 10, 71, Status.SNAKE, 0.01
6051, 11, 95, Status.WALL, 0.01
6052, 13, 95, Status.WALL, 0.01
6053, 1, 8, Status.WALL, 0.01
6054, 15, 161, Status.SNAKE, 0.01
6055, 11, 61, Status.SNAKE, 0.01
6056, 1, 8, Status.WALL, 0.01
6057, 6, 45, Status.SNAKE, 0.01
6058, 8, 48, Status.SNAKE, 0.01
6059, 9, 67, Status.SNAKE, 0.01
6060, 2, 17, Status.SNAKE, 0.01
6061, 1, 5, Status.SNAKE, 0.01
6062, 7, 35, Status.SNAKE, 0.01
6063, 13, 107, Status.SNAKE, 0.01
6064, 5, 31, Status.SNAKE, 0.01
6065, 4, 22, Status.SNAKE, 0.01
6066, 8, 68, Status.WALL, 0.01
6067, 8, 45, Status.WALL, 0.01
6068, 11, 65, Status.SNAKE, 0.01
6069, 3, 25, Status.SNAKE, 0.01
6070, 9, 69, Status.SNAKE, 0.01
6071, 1, 7, Status.WALL, 0.01
6072, 11, 75, Status.SNAKE, 0.01
6073, 9, 44, Status.SNAKE, 0.01
6074, 6, 34, Status.SNAKE, 0.01
6075, 8, 41, Status.SNAKE, 0.01
6076, 10, 67, Status.SNAKE, 0.01
6077, 4, 31, Status.SNAKE, 0.01
6078, 4, 24, Status.WALL, 0.01
6079, 7, 39, Status.SNAKE, 0.01
6080, 7, 37, Status.WALL, 0.01
6081, 9, 74, Status.SNAKE, 0.01
6082, 13, 100, Status.WALL, 0.01
6083, 12, 83, Status.SNAKE, 0.01
6084, 11, 89, Status.SNAKE, 0.01
6085, 7, 44, Status.SNAKE, 0.01
6086, 9, 48, Status.WALL, 0.01
6087, 11, 78, Status.SNAKE, 0.01
6088, 11, 53, Status.WALL, 0.01
6089, 7, 44, Status.WALL, 0.01
6090, 8, 63, Status.WALL, 0.01
6091, 6, 47, Status.WALL, 0.01
6092, 4, 29, Status.SNAKE, 0.01
6093, 5, 37, Status.WALL, 0.01
6094, 7, 41, Status.SNAKE, 0.01
6095, 7, 44, Status.SNAKE, 0.01
6096, 8, 75, Status.SNAKE, 0.01
6097, 9, 43, Status.WALL, 0.01
6098, 7, 54, Status.SNAKE, 0.01
6099, 13, 103, Status.WALL, 0.01
6100, 5, 44, Status.SNAKE, 0.01
6101, 6, 50, Status.WALL, 0.01
6102, 4, 28, Status.WALL, 0.01
6103, 7, 56, Status.SNAKE, 0.01
6104, 2, 21, Status.SNAKE, 0.01
6105, 5, 36, Status.SNAKE, 0.01
6106, 1, 10, Status.WALL, 0.01
6107, 13, 80, Status.SNAKE, 0.01
6108, 2, 17, Status.SNAKE, 0.01
6109, 9, 46, Status.SNAKE, 0.01
6110, 10, 77, Status.SNAKE, 0.01
6111, 4, 52, Status.SNAKE, 0.01
6112, 5, 47, Status.SNAKE, 0.01
6113, 13, 113, Status.WALL, 0.01
6114, 6, 34, Status.SNAKE, 0.01
6115, 9, 85, Status.SNAKE, 0.01
6116, 12, 76, Status.SNAKE, 0.01
6117, 10, 42, Status.SNAKE, 0.01
6118, 9, 62, Status.SNAKE, 0.01
6119, 15, 98, Status.SNAKE, 0.01
6120, 5, 27, Status.SNAKE, 0.01
6121, 12, 102, Status.SNAKE, 0.01
6122, 3, 35, Status.WALL, 0.01
6123, 3, 18, Status.SNAKE, 0.01
6124, 2, 8, Status.SNAKE, 0.01
6125, 7, 61, Status.SNAKE, 0.01
6126, 9, 55, Status.WALL, 0.01
6127, 8, 57, Status.SNAKE, 0.01
6128, 5, 37, Status.WALL, 0.01
6129, 14, 113, Status.SNAKE, 0.01
6130, 5, 42, Status.SNAKE, 0.01
6131, 13, 84, Status.SNAKE, 0.01
6132, 9, 62, Status.SNAKE, 0.01
6133, 5, 32, Status.SNAKE, 0.01
6134, 6, 30, Status.SNAKE, 0.01
6135, 9, 58, Status.SNAKE, 0.01
6136, 10, 47, Status.SNAKE, 0.01
6137, 3, 15, Status.SNAKE, 0.01
6138, 10, 86, Status.SNAKE, 0.01
6139, 7, 36, Status.WALL, 0.01
6140, 4, 32, Status.WALL, 0.01
6141, 9, 59, Status.SNAKE, 0.01
6142, 4, 25, Status.SNAKE, 0.01
6143, 11, 70, Status.WALL, 0.01
6144, 7, 42, Status.SNAKE, 0.01
6145, 9, 67, Status.SNAKE, 0.01
6146, 9, 64, Status.WALL, 0.01
6147, 10, 65, Status.SNAKE, 0.01
6148, 11, 61, Status.SNAKE, 0.01
6149, 2, 12, Status.WALL, 0.01
6150, 14, 80, Status.SNAKE, 0.01
6151, 7, 56, Status.WALL, 0.01
6152, 11, 86, Status.SNAKE, 0.01
6153, 1, 5, Status.SNAKE, 0.01
6154, 3, 20, Status.SNAKE, 0.01
6155, 4, 31, Status.SNAKE, 0.01
6156, 3, 10, Status.SNAKE, 0.01
6157, 12, 84, Status.WALL, 0.01
6158, 12, 65, Status.WALL, 0.01
6159, 1, 8, Status.WALL, 0.01
6160, 7, 54, Status.SNAKE, 0.01
6161, 11, 78, Status.SNAKE, 0.01
6162, 14, 100, Status.WALL, 0.01
6163, 11, 67, Status.SNAKE, 0.01
6164, 5, 38, Status.SNAKE, 0.01
6165, 7, 42, Status.SNAKE, 0.01
6166, 11, 66, Status.SNAKE, 0.01
6167, 3, 28, Status.SNAKE, 0.01
6168, 4, 18, Status.SNAKE, 0.01
6169, 15, 97, Status.SNAKE, 0.01
6170, 9, 63, Status.SNAKE, 0.01
6171, 11, 51, Status.SNAKE, 0.01
6172, 10, 57, Status.SNAKE, 0.01
6173, 17, 81, Status.SNAKE, 0.01
6174, 3, 20, Status.SNAKE, 0.01
6175, 11, 65, Status.SNAKE, 0.01
6176, 5, 37, Status.SNAKE, 0.01
6177, 21, 138, Status.SNAKE, 0.01
6178, 4, 20, Status.SNAKE, 0.01
6179, 16, 139, Status.SNAKE, 0.01
6180, 14, 82, Status.SNAKE, 0.01
6181, 3, 32, Status.SNAKE, 0.01
6182, 11, 74, Status.SNAKE, 0.01
6183, 6, 36, Status.SNAKE, 0.01
6184, 12, 84, Status.SNAKE, 0.01
6185, 13, 92, Status.SNAKE, 0.01
6186, 8, 67, Status.SNAKE, 0.01
6187, 8, 53, Status.WALL, 0.01
6188, 9, 72, Status.SNAKE, 0.01
6189, 9, 72, Status.SNAKE, 0.01
6190, 15, 104, Status.SNAKE, 0.01
6191, 4, 19, Status.SNAKE, 0.01
6192, 3, 19, Status.WALL, 0.01
6193, 11, 68, Status.SNAKE, 0.01
6194, 2, 17, Status.SNAKE, 0.01
6195, 10, 66, Status.SNAKE, 0.01
6196, 8, 49, Status.WALL, 0.01
6197, 8, 43, Status.WALL, 0.01
6198, 11, 98, Status.SNAKE, 0.01
6199, 9, 69, Status.SNAKE, 0.01
6200, 15, 103, Status.WALL, 0.01
6201, 2, 14, Status.WALL, 0.01
6202, 6, 45, Status.SNAKE, 0.01
6203, 10, 66, Status.WALL, 0.01
6204, 12, 110, Status.SNAKE, 0.01
6205, 13, 88, Status.SNAKE, 0.01
6206, 4, 33, Status.SNAKE, 0.01
6207, 1, 21, Status.WALL, 0.01
6208, 20, 147, Status.SNAKE, 0.01
6209, 8, 57, Status.SNAKE, 0.01
6210, 11, 52, Status.WALL, 0.01
6211, 13, 69, Status.SNAKE, 0.01
6212, 9, 73, Status.WALL, 0.01
6213, 7, 65, Status.SNAKE, 0.01
6214, 12, 94, Status.SNAKE, 0.01
6215, 12, 85, Status.SNAKE, 0.01
6216, 4, 30, Status.SNAKE, 0.01
6217, 5, 38, Status.WALL, 0.01
6218, 7, 46, Status.SNAKE, 0.01
6219, 1, 7, Status.SNAKE, 0.01
6220, 20, 146, Status.WALL, 0.01
6221, 14, 108, Status.SNAKE, 0.01
6222, 16, 145, Status.SNAKE, 0.01
6223, 11, 79, Status.SNAKE, 0.01
6224, 5, 41, Status.SNAKE, 0.01
6225, 16, 81, Status.SNAKE, 0.01
6226, 7, 64, Status.WALL, 0.01
6227, 9, 61, Status.SNAKE, 0.01
6228, 12, 99, Status.SNAKE, 0.01
6229, 13, 97, Status.SNAKE, 0.01
6230, 18, 129, Status.WALL, 0.01
6231, 4, 19, Status.SNAKE, 0.01
6232, 7, 28, Status.SNAKE, 0.01
6233, 18, 157, Status.WALL, 0.01
6234, 8, 60, Status.SNAKE, 0.01
6235, 2, 10, Status.WALL, 0.01
6236, 3, 26, Status.WALL, 0.01
6237, 9, 40, Status.SNAKE, 0.01
6238, 1, 11, Status.WALL, 0.01
6239, 11, 73, Status.WALL, 0.01
6240, 1, 6, Status.SNAKE, 0.01
6241, 9, 74, Status.SNAKE, 0.01
6242, 9, 49, Status.SNAKE, 0.01
6243, 9, 54, Status.SNAKE, 0.01
6244, 18, 127, Status.SNAKE, 0.01
6245, 11, 103, Status.SNAKE, 0.01
6246, 12, 100, Status.SNAKE, 0.01
6247, 1, 7, Status.WALL, 0.01
6248, 8, 37, Status.SNAKE, 0.01
6249, 8, 41, Status.SNAKE, 0.01
6250, 11, 90, Status.SNAKE, 0.01
6251, 8, 45, Status.SNAKE, 0.01
6252, 5, 40, Status.SNAKE, 0.01
6253, 1, 7, Status.SNAKE, 0.01
6254, 3, 26, Status.SNAKE, 0.01
6255, 11, 68, Status.SNAKE, 0.01
6256, 6, 38, Status.SNAKE, 0.01
6257, 7, 40, Status.SNAKE, 0.01
6258, 15, 90, Status.SNAKE, 0.01
6259, 3, 22, Status.WALL, 0.01
6260, 15, 97, Status.SNAKE, 0.01
6261, 6, 44, Status.WALL, 0.01
6262, 10, 54, Status.SNAKE, 0.01
6263, 9, 66, Status.SNAKE, 0.01
6264, 18, 132, Status.SNAKE, 0.01
6265, 8, 46, Status.WALL, 0.01
6266, 2, 6, Status.SNAKE, 0.01
6267, 3, 20, Status.SNAKE, 0.01
6268, 3, 25, Status.SNAKE, 0.01
6269, 9, 54, Status.SNAKE, 0.01
6270, 2, 25, Status.SNAKE, 0.01
6271, 6, 24, Status.SNAKE, 0.01
6272, 6, 43, Status.SNAKE, 0.01
6273, 6, 46, Status.SNAKE, 0.01
6274, 8, 60, Status.SNAKE, 0.01
6275, 8, 33, Status.SNAKE, 0.01
6276, 12, 94, Status.SNAKE, 0.01
6277, 7, 68, Status.SNAKE, 0.01
6278, 11, 80, Status.SNAKE, 0.01
6279, 5, 39, Status.SNAKE, 0.01
6280, 17, 113, Status.SNAKE, 0.01
6281, 18, 124, Status.SNAKE, 0.01
6282, 8, 40, Status.SNAKE, 0.01
6283, 11, 76, Status.SNAKE, 0.01
6284, 20, 116, Status.SNAKE, 0.01
6285, 10, 59, Status.SNAKE, 0.01
6286, 22, 145, Status.SNAKE, 0.01
6287, 17, 108, Status.SNAKE, 0.01
6288, 13, 80, Status.SNAKE, 0.01
6289, 14, 106, Status.WALL, 0.01
6290, 11, 68, Status.SNAKE, 0.01
6291, 8, 67, Status.SNAKE, 0.01
6292, 15, 87, Status.SNAKE, 0.01
6293, 11, 80, Status.SNAKE, 0.01
6294, 8, 40, Status.SNAKE, 0.01
6295, 7, 43, Status.SNAKE, 0.01
6296, 10, 74, Status.SNAKE, 0.01
6297, 10, 46, Status.SNAKE, 0.01
6298, 13, 112, Status.SNAKE, 0.01
6299, 17, 119, Status.SNAKE, 0.01
6300, 15, 106, Status.SNAKE, 0.01
6301, 12, 84, Status.SNAKE, 0.01
6302, 15, 79, Status.SNAKE, 0.01
6303, 12, 87, Status.SNAKE, 0.01
6304, 2, 14, Status.WALL, 0.01
6305, 12, 77, Status.SNAKE, 0.01
6306, 9, 57, Status.SNAKE, 0.01
6307, 13, 91, Status.SNAKE, 0.01
6308, 2, 16, Status.WALL, 0.01
6309, 3, 14, Status.WALL, 0.01
6310, 7, 53, Status.SNAKE, 0.01
6311, 6, 39, Status.WALL, 0.01
6312, 12, 85, Status.SNAKE, 0.01
6313, 5, 38, Status.SNAKE, 0.01
6314, 15, 109, Status.SNAKE, 0.01
6315, 8, 49, Status.SNAKE, 0.01
6316, 11, 56, Status.SNAKE, 0.01
6317, 12, 87, Status.SNAKE, 0.01
6318, 6, 36, Status.SNAKE, 0.01
6319, 15, 125, Status.SNAKE, 0.01
6320, 9, 58, Status.WALL, 0.01
6321, 11, 74, Status.SNAKE, 0.01
6322, 20, 127, Status.SNAKE, 0.01
6323, 7, 36, Status.SNAKE, 0.01
6324, 13, 68, Status.SNAKE, 0.01
6325, 13, 116, Status.WALL, 0.01
6326, 5, 32, Status.SNAKE, 0.01
6327, 11, 96, Status.SNAKE, 0.01
6328, 1, 7, Status.WALL, 0.01
6329, 9, 67, Status.SNAKE, 0.01
6330, 3, 40, Status.WALL, 0.01
6331, 6, 25, Status.SNAKE, 0.01
6332, 4, 21, Status.SNAKE, 0.01
6333, 8, 58, Status.SNAKE, 0.01
6334, 4, 43, Status.WALL, 0.01
6335, 12, 85, Status.SNAKE, 0.01
6336, 7, 50, Status.SNAKE, 0.01
6337, 11, 61, Status.SNAKE, 0.01
6338, 7, 76, Status.WALL, 0.01
6339, 10, 68, Status.WALL, 0.01
6340, 3, 32, Status.WALL, 0.01
6341, 11, 57, Status.SNAKE, 0.01
6342, 4, 24, Status.SNAKE, 0.01
6343, 20, 137, Status.WALL, 0.01
6344, 11, 75, Status.SNAKE, 0.01
6345, 11, 73, Status.SNAKE, 0.01
6346, 3, 19, Status.SNAKE, 0.01
6347, 10, 50, Status.SNAKE, 0.01
6348, 11, 78, Status.SNAKE, 0.01
6349, 14, 92, Status.WALL, 0.01
6350, 7, 57, Status.SNAKE, 0.01
6351, 16, 101, Status.SNAKE, 0.01
6352, 17, 100, Status.SNAKE, 0.01
6353, 11, 77, Status.WALL, 0.01
6354, 10, 67, Status.SNAKE, 0.01
6355, 12, 97, Status.SNAKE, 0.01
6356, 14, 106, Status.WALL, 0.01
6357, 7, 60, Status.WALL, 0.01
6358, 8, 44, Status.SNAKE, 0.01
6359, 4, 27, Status.SNAKE, 0.01
6360, 18, 127, Status.SNAKE, 0.01
6361, 11, 57, Status.SNAKE, 0.01
6362, 9, 63, Status.WALL, 0.01
6363, 7, 43, Status.WALL, 0.01
6364, 3, 16, Status.SNAKE, 0.01
6365, 6, 38, Status.SNAKE, 0.01
6366, 8, 51, Status.WALL, 0.01
6367, 7, 56, Status.WALL, 0.01
6368, 12, 88, Status.WALL, 0.01
6369, 4, 24, Status.SNAKE, 0.01
6370, 6, 50, Status.SNAKE, 0.01
6371, 7, 45, Status.SNAKE, 0.01
6372, 8, 55, Status.WALL, 0.01
6373, 9, 86, Status.SNAKE, 0.01
6374, 7, 54, Status.SNAKE, 0.01
6375, 10, 96, Status.SNAKE, 0.01
6376, 5, 35, Status.SNAKE, 0.01
6377, 8, 43, Status.SNAKE, 0.01
6378, 4, 31, Status.SNAKE, 0.01
6379, 17, 127, Status.SNAKE, 0.01
6380, 12, 84, Status.WALL, 0.01
6381, 21, 162, Status.SNAKE, 0.01
6382, 10, 71, Status.SNAKE, 0.01
6383, 12, 79, Status.WALL, 0.01
6384, 2, 3, Status.SNAKE, 0.01
6385, 5, 36, Status.SNAKE, 0.01
6386, 8, 42, Status.SNAKE, 0.01
6387, 12, 53, Status.SNAKE, 0.01
6388, 8, 55, Status.SNAKE, 0.01
6389, 13, 91, Status.SNAKE, 0.01
6390, 10, 84, Status.SNAKE, 0.01
6391, 6, 30, Status.SNAKE, 0.01
6392, 7, 55, Status.SNAKE, 0.01
6393, 6, 36, Status.SNAKE, 0.01
6394, 10, 77, Status.SNAKE, 0.01
6395, 12, 84, Status.SNAKE, 0.01
6396, 4, 35, Status.SNAKE, 0.01
6397, 8, 48, Status.SNAKE, 0.01
6398, 5, 38, Status.SNAKE, 0.01
6399, 1, 3, Status.SNAKE, 0.01
6400, 9, 71, Status.SNAKE, 0.01
6401, 10, 81, Status.SNAKE, 0.01
6402, 9, 34, Status.SNAKE, 0.01
6403, 12, 93, Status.SNAKE, 0.01
6404, 6, 39, Status.SNAKE, 0.01
6405, 3, 18, Status.SNAKE, 0.01
6406, 2, 14, Status.SNAKE, 0.01
6407, 8, 62, Status.WALL, 0.01
6408, 10, 50, Status.SNAKE, 0.01
6409, 6, 51, Status.SNAKE, 0.01
6410, 8, 45, Status.WALL, 0.01
6411, 7, 48, Status.SNAKE, 0.01
6412, 14, 86, Status.SNAKE, 0.01
6413, 18, 154, Status.SNAKE, 0.01
6414, 15, 112, Status.WALL, 0.01
6415, 10, 66, Status.SNAKE, 0.01
6416, 17, 136, Status.SNAKE, 0.01
6417, 12, 79, Status.SNAKE, 0.01
6418, 8, 45, Status.SNAKE, 0.01
6419, 11, 67, Status.SNAKE, 0.01
6420, 8, 64, Status.WALL, 0.01
6421, 8, 41, Status.WALL, 0.01
6422, 9, 64, Status.SNAKE, 0.01
6423, 7, 58, Status.SNAKE, 0.01
6424, 9, 60, Status.SNAKE, 0.01
6425, 11, 91, Status.SNAKE, 0.01
6426, 18, 120, Status.SNAKE, 0.01
6427, 10, 63, Status.WALL, 0.01
6428, 17, 135, Status.WALL, 0.01
6429, 5, 40, Status.SNAKE, 0.01
6430, 18, 118, Status.SNAKE, 0.01
6431, 4, 24, Status.SNAKE, 0.01
6432, 9, 49, Status.SNAKE, 0.01
6433, 9, 73, Status.SNAKE, 0.01
6434, 5, 31, Status.SNAKE, 0.01
6435, 11, 87, Status.SNAKE, 0.01
6436, 9, 46, Status.SNAKE, 0.01
6437, 9, 62, Status.SNAKE, 0.01
6438, 26, 175, Status.SNAKE, 0.01
6439, 7, 46, Status.SNAKE, 0.01
6440, 11, 69, Status.SNAKE, 0.01
6441, 11, 55, Status.WALL, 0.01
6442, 6, 52, Status.SNAKE, 0.01
6443, 4, 20, Status.SNAKE, 0.01
6444, 7, 55, Status.SNAKE, 0.01
6445, 12, 88, Status.SNAKE, 0.01
6446, 7, 33, Status.SNAKE, 0.01
6447, 6, 59, Status.SNAKE, 0.01
6448, 16, 122, Status.SNAKE, 0.01
6449, 16, 103, Status.SNAKE, 0.01
6450, 14, 93, Status.WALL, 0.01
6451, 12, 83, Status.SNAKE, 0.01
6452, 4, 19, Status.SNAKE, 0.01
6453, 1, 7, Status.WALL, 0.01
6454, 7, 40, Status.WALL, 0.01
6455, 16, 132, Status.SNAKE, 0.01
6456, 10, 82, Status.SNAKE, 0.01
6457, 6, 34, Status.SNAKE, 0.01
6458, 14, 80, Status.SNAKE, 0.01
6459, 9, 73, Status.SNAKE, 0.01
6460, 10, 58, Status.SNAKE, 0.01
6461, 8, 37, Status.WALL, 0.01
6462, 2, 23, Status.SNAKE, 0.01
6463, 13, 112, Status.SNAKE, 0.01
6464, 2, 17, Status.SNAKE, 0.01
6465, 9, 52, Status.SNAKE, 0.01
6466, 6, 39, Status.SNAKE, 0.01
6467, 4, 19, Status.SNAKE, 0.01
6468, 14, 101, Status.SNAKE, 0.01
6469, 5, 36, Status.SNAKE, 0.01
6470, 10, 66, Status.WALL, 0.01
6471, 6, 32, Status.SNAKE, 0.01
6472, 11, 86, Status.SNAKE, 0.01
6473, 11, 69, Status.SNAKE, 0.01
6474, 11, 53, Status.SNAKE, 0.01
6475, 3, 17, Status.SNAKE, 0.01
6476, 4, 24, Status.WALL, 0.01
6477, 5, 33, Status.SNAKE, 0.01
6478, 6, 44, Status.SNAKE, 0.01
6479, 9, 60, Status.SNAKE, 0.01
6480, 10, 72, Status.SNAKE, 0.01
6481, 19, 153, Status.SNAKE, 0.01
6482, 1, 3, Status.SNAKE, 0.01
6483, 1, 10, Status.WALL, 0.01
6484, 12, 77, Status.SNAKE, 0.01
6485, 7, 58, Status.SNAKE, 0.01
6486, 1, 8, Status.WALL, 0.01
6487, 8, 52, Status.SNAKE, 0.01
6488, 3, 27, Status.SNAKE, 0.01
6489, 3, 14, Status.SNAKE, 0.01
6490, 9, 60, Status.SNAKE, 0.01
6491, 2, 16, Status.SNAKE, 0.01
6492, 7, 57, Status.SNAKE, 0.01
6493, 5, 21, Status.SNAKE, 0.01
6494, 11, 66, Status.WALL, 0.01
6495, 4, 29, Status.WALL, 0.01
6496, 5, 41, Status.SNAKE, 0.01
6497, 9, 74, Status.SNAKE, 0.01
6498, 6, 41, Status.SNAKE, 0.01
6499, 9, 70, Status.SNAKE, 0.01
6500, 15, 128, Status.SNAKE, 0.01
6501, 15, 77, Status.WALL, 0.01
6502, 7, 45, Status.SNAKE, 0.01
6503, 12, 66, Status.WALL, 0.01
6504, 15, 127, Status.SNAKE, 0.01
6505, 1, 8, Status.SNAKE, 0.01
6506, 4, 42, Status.WALL, 0.01
6507, 13, 81, Status.WALL, 0.01
6508, 9, 42, Status.SNAKE, 0.01
6509, 12, 50, Status.SNAKE, 0.01
6510, 6, 48, Status.SNAKE, 0.01
6511, 11, 84, Status.SNAKE, 0.01
6512, 5, 24, Status.SNAKE, 0.01
6513, 10, 83, Status.WALL, 0.01
6514, 10, 81, Status.WALL, 0.01
6515, 18, 132, Status.SNAKE, 0.01
6516, 9, 54, Status.SNAKE, 0.01
6517, 6, 46, Status.WALL, 0.01
6518, 7, 70, Status.WALL, 0.01
6519, 8, 46, Status.WALL, 0.01
6520, 5, 30, Status.SNAKE, 0.01
6521, 11, 58, Status.SNAKE, 0.01
6522, 8, 51, Status.SNAKE, 0.01
6523, 8, 71, Status.WALL, 0.01
6524, 2, 16, Status.SNAKE, 0.01
6525, 8, 42, Status.SNAKE, 0.01
6526, 12, 94, Status.SNAKE, 0.01
6527, 3, 27, Status.SNAKE, 0.01
6528, 1, 7, Status.SNAKE, 0.01
6529, 13, 88, Status.SNAKE, 0.01
6530, 8, 60, Status.WALL, 0.01
6531, 10, 64, Status.SNAKE, 0.01
6532, 8, 56, Status.SNAKE, 0.01
6533, 3, 16, Status.SNAKE, 0.01
6534, 13, 101, Status.SNAKE, 0.01
6535, 7, 53, Status.WALL, 0.01
6536, 6, 34, Status.WALL, 0.01
6537, 13, 91, Status.WALL, 0.01
6538, 3, 19, Status.SNAKE, 0.01
6539, 13, 80, Status.SNAKE, 0.01
6540, 4, 27, Status.SNAKE, 0.01
6541, 1, 5, Status.SNAKE, 0.01
6542, 1, 9, Status.WALL, 0.01
6543, 8, 61, Status.SNAKE, 0.01
6544, 12, 110, Status.SNAKE, 0.01
6545, 6, 42, Status.SNAKE, 0.01
6546, 6, 29, Status.WALL, 0.01
6547, 18, 115, Status.SNAKE, 0.01
6548, 1, 8, Status.WALL, 0.01
6549, 15, 111, Status.SNAKE, 0.01
6550, 15, 91, Status.SNAKE, 0.01
6551, 8, 70, Status.SNAKE, 0.01
6552, 7, 41, Status.SNAKE, 0.01
6553, 5, 49, Status.WALL, 0.01
6554, 10, 75, Status.SNAKE, 0.01
6555, 4, 21, Status.SNAKE, 0.01
6556, 7, 48, Status.WALL, 0.01
6557, 1, 3, Status.SNAKE, 0.01
6558, 10, 56, Status.SNAKE, 0.01
6559, 6, 39, Status.SNAKE, 0.01
6560, 14, 114, Status.SNAKE, 0.01
6561, 8, 45, Status.SNAKE, 0.01
6562, 7, 44, Status.SNAKE, 0.01
6563, 15, 113, Status.WALL, 0.01
6564, 2, 19, Status.WALL, 0.01
6565, 1, 3, Status.SNAKE, 0.01
6566, 10, 47, Status.SNAKE, 0.01
6567, 7, 64, Status.WALL, 0.01
6568, 10, 74, Status.SNAKE, 0.01
6569, 3, 15, Status.WALL, 0.01
6570, 8, 51, Status.SNAKE, 0.01
6571, 3, 25, Status.SNAKE, 0.01
6572, 14, 114, Status.SNAKE, 0.01
6573, 4, 32, Status.SNAKE, 0.01
6574, 5, 39, Status.SNAKE, 0.01
6575, 1, 9, Status.SNAKE, 0.01
6576, 7, 40, Status.WALL, 0.01
6577, 6, 34, Status.SNAKE, 0.01
6578, 14, 123, Status.SNAKE, 0.01
6579, 5, 27, Status.SNAKE, 0.01
6580, 4, 30, Status.SNAKE, 0.01
6581, 5, 31, Status.WALL, 0.01
6582, 10, 46, Status.SNAKE, 0.01
6583, 15, 117, Status.SNAKE, 0.01
6584, 3, 26, Status.WALL, 0.01
6585, 14, 94, Status.SNAKE, 0.01
6586, 8, 54, Status.SNAKE, 0.01
6587, 5, 32, Status.SNAKE, 0.01
6588, 6, 45, Status.SNAKE, 0.01
6589, 12, 75, Status.SNAKE, 0.01
6590, 14, 141, Status.WALL, 0.01
6591, 7, 44, Status.SNAKE, 0.01
6592, 8, 67, Status.WALL, 0.01
6593, 9, 65, Status.WALL, 0.01
6594, 8, 63, Status.WALL, 0.01
6595, 11, 95, Status.SNAKE, 0.01
6596, 7, 33, Status.SNAKE, 0.01
6597, 12, 95, Status.SNAKE, 0.01
6598, 14, 99, Status.WALL, 0.01
6599, 8, 77, Status.SNAKE, 0.01
6600, 11, 90, Status.SNAKE, 0.01
6601, 11, 77, Status.SNAKE, 0.01
6602, 22, 163, Status.SNAKE, 0.01
6603, 9, 52, Status.SNAKE, 0.01
6604, 12, 83, Status.WALL, 0.01
6605, 13, 81, Status.WALL, 0.01
6606, 11, 94, Status.SNAKE, 0.01
6607, 11, 56, Status.SNAKE, 0.01
6608, 11, 82, Status.WALL, 0.01
6609, 11, 92, Status.SNAKE, 0.01
6610, 13, 104, Status.SNAKE, 0.01
6611, 11, 84, Status.SNAKE, 0.01
6612, 16, 100, Status.SNAKE, 0.01
6613, 6, 45, Status.SNAKE, 0.01
6614, 1, 5, Status.SNAKE, 0.01
6615, 2, 12, Status.SNAKE, 0.01
6616, 8, 62, Status.SNAKE, 0.01
6617, 5, 45, Status.SNAKE, 0.01
6618, 7, 66, Status.SNAKE, 0.01
6619, 10, 64, Status.SNAKE, 0.01
6620, 7, 62, Status.SNAKE, 0.01
6621, 14, 100, Status.SNAKE, 0.01
6622, 10, 38, Status.SNAKE, 0.01
6623, 7, 46, Status.SNAKE, 0.01
6624, 10, 41, Status.SNAKE, 0.01
6625, 8, 50, Status.WALL, 0.01
6626, 12, 91, Status.SNAKE, 0.01
6627, 16, 93, Status.SNAKE, 0.01
6628, 7, 41, Status.SNAKE, 0.01
6629, 14, 77, Status.SNAKE, 0.01
6630, 9, 53, Status.WALL, 0.01
6631, 10, 56, Status.SNAKE, 0.01
6632, 3, 30, Status.SNAKE, 0.01
6633, 13, 83, Status.SNAKE, 0.01
6634, 10, 84, Status.SNAKE, 0.01
6635, 10, 61, Status.WALL, 0.01
6636, 2, 18, Status.WALL, 0.01
6637, 9, 66, Status.WALL, 0.01
6638, 17, 100, Status.SNAKE, 0.01
6639, 5, 20, Status.SNAKE, 0.01
6640, 8, 61, Status.SNAKE, 0.01
6641, 6, 47, Status.WALL, 0.01
6642, 5, 32, Status.SNAKE, 0.01
6643, 1, 9, Status.WALL, 0.01
6644, 9, 88, Status.SNAKE, 0.01
6645, 3, 16, Status.SNAKE, 0.01
6646, 7, 60, Status.SNAKE, 0.01
6647, 14, 93, Status.SNAKE, 0.01
6648, 9, 67, Status.WALL, 0.01
6649, 12, 79, Status.SNAKE, 0.01
6650, 18, 118, Status.SNAKE, 0.01
6651, 7, 37, Status.SNAKE, 0.01
6652, 16, 120, Status.SNAKE, 0.01
6653, 2, 19, Status.SNAKE, 0.01
6654, 6, 47, Status.WALL, 0.01
6655, 13, 72, Status.SNAKE, 0.01
6656, 3, 13, Status.SNAKE, 0.01
6657, 11, 81, Status.SNAKE, 0.01
6658, 7, 40, Status.WALL, 0.01
6659, 17, 80, Status.SNAKE, 0.01
6660, 9, 77, Status.SNAKE, 0.01
6661, 11, 73, Status.SNAKE, 0.01
6662, 7, 57, Status.SNAKE, 0.01
6663, 8, 58, Status.SNAKE, 0.01
6664, 5, 27, Status.SNAKE, 0.01
6665, 12, 115, Status.SNAKE, 0.01
6666, 5, 26, Status.SNAKE, 0.01
6667, 1, 5, Status.SNAKE, 0.01
6668, 3, 10, Status.WALL, 0.01
6669, 1, 5, Status.SNAKE, 0.01
6670, 3, 29, Status.SNAKE, 0.01
6671, 13, 98, Status.WALL, 0.01
6672, 12, 97, Status.SNAKE, 0.01
6673, 15, 110, Status.SNAKE, 0.01
6674, 10, 69, Status.SNAKE, 0.01
6675, 14, 99, Status.WALL, 0.01
6676, 10, 79, Status.SNAKE, 0.01
6677, 3, 25, Status.SNAKE, 0.01
6678, 1, 3, Status.SNAKE, 0.01
6679, 8, 35, Status.SNAKE, 0.01
6680, 13, 89, Status.SNAKE, 0.01
6681, 8, 55, Status.SNAKE, 0.01
6682, 11, 62, Status.WALL, 0.01
6683, 0, 7, Status.WALL, 0.01
6684, 15, 95, Status.SNAKE, 0.01
6685, 8, 62, Status.SNAKE, 0.01
6686, 13, 71, Status.SNAKE, 0.01
6687, 11, 92, Status.SNAKE, 0.01
6688, 15, 128, Status.SNAKE, 0.01
6689, 9, 70, Status.SNAKE, 0.01
6690, 9, 77, Status.SNAKE, 0.01
6691, 9, 75, Status.SNAKE, 0.01
6692, 3, 16, Status.SNAKE, 0.01
6693, 10, 41, Status.SNAKE, 0.01
6694, 9, 44, Status.SNAKE, 0.01
6695, 15, 96, Status.SNAKE, 0.01
6696, 1, 7, Status.WALL, 0.01
6697, 9, 61, Status.WALL, 0.01
6698, 9, 41, Status.SNAKE, 0.01
6699, 9, 59, Status.SNAKE, 0.01
6700, 5, 29, Status.SNAKE, 0.01
6701, 12, 65, Status.SNAKE, 0.01
6702, 14, 104, Status.SNAKE, 0.01
6703, 7, 39, Status.SNAKE, 0.01
6704, 9, 60, Status.SNAKE, 0.01
6705, 15, 106, Status.SNAKE, 0.01
6706, 2, 13, Status.SNAKE, 0.01
6707, 9, 57, Status.SNAKE, 0.01
6708, 12, 55, Status.SNAKE, 0.01
6709, 10, 69, Status.SNAKE, 0.01
6710, 9, 64, Status.SNAKE, 0.01
6711, 9, 65, Status.SNAKE, 0.01
6712, 5, 29, Status.SNAKE, 0.01
6713, 7, 29, Status.SNAKE, 0.01
6714, 18, 106, Status.SNAKE, 0.01
6715, 6, 42, Status.SNAKE, 0.01
6716, 13, 90, Status.WALL, 0.01
6717, 6, 60, Status.WALL, 0.01
6718, 7, 38, Status.SNAKE, 0.01
6719, 5, 21, Status.SNAKE, 0.01
6720, 2, 22, Status.WALL, 0.01
6721, 8, 62, Status.SNAKE, 0.01
6722, 8, 46, Status.SNAKE, 0.01
6723, 10, 72, Status.SNAKE, 0.01
6724, 4, 17, Status.WALL, 0.01
6725, 10, 79, Status.SNAKE, 0.01
6726, 11, 84, Status.SNAKE, 0.01
6727, 5, 35, Status.WALL, 0.01
6728, 10, 65, Status.SNAKE, 0.01
6729, 16, 104, Status.SNAKE, 0.01
6730, 5, 21, Status.WALL, 0.01
6731, 19, 123, Status.SNAKE, 0.01
6732, 12, 75, Status.SNAKE, 0.01
6733, 8, 52, Status.SNAKE, 0.01
6734, 6, 49, Status.WALL, 0.01
6735, 15, 113, Status.SNAKE, 0.01
6736, 14, 80, Status.SNAKE, 0.01
6737, 8, 46, Status.SNAKE, 0.01
6738, 9, 68, Status.SNAKE, 0.01
6739, 16, 105, Status.SNAKE, 0.01
6740, 12, 108, Status.SNAKE, 0.01
6741, 6, 46, Status.SNAKE, 0.01
6742, 17, 102, Status.SNAKE, 0.01
6743, 11, 78, Status.SNAKE, 0.01
6744, 6, 58, Status.SNAKE, 0.01
6745, 3, 17, Status.SNAKE, 0.01
6746, 3, 10, Status.WALL, 0.01
6747, 1, 5, Status.SNAKE, 0.01
6748, 7, 40, Status.SNAKE, 0.01
6749, 1, 13, Status.WALL, 0.01
6750, 4, 27, Status.SNAKE, 0.01
6751, 5, 36, Status.SNAKE, 0.01
6752, 8, 54, Status.SNAKE, 0.01
6753, 14, 84, Status.SNAKE, 0.01
6754, 5, 39, Status.SNAKE, 0.01
6755, 8, 45, Status.SNAKE, 0.01
6756, 8, 64, Status.SNAKE, 0.01
6757, 8, 45, Status.SNAKE, 0.01
6758, 11, 77, Status.SNAKE, 0.01
6759, 7, 28, Status.SNAKE, 0.01
6760, 16, 109, Status.WALL, 0.01
6761, 12, 78, Status.SNAKE, 0.01
6762, 15, 74, Status.SNAKE, 0.01
6763, 9, 54, Status.SNAKE, 0.01
6764, 19, 137, Status.SNAKE, 0.01
6765, 10, 81, Status.SNAKE, 0.01
6766, 15, 108, Status.WALL, 0.01
6767, 11, 93, Status.SNAKE, 0.01
6768, 14, 80, Status.SNAKE, 0.01
6769, 6, 48, Status.WALL, 0.01
6770, 5, 26, Status.SNAKE, 0.01
6771, 10, 77, Status.SNAKE, 0.01
6772, 7, 56, Status.SNAKE, 0.01
6773, 13, 82, Status.WALL, 0.01
6774, 10, 65, Status.SNAKE, 0.01
6775, 12, 98, Status.SNAKE, 0.01
6776, 10, 73, Status.SNAKE, 0.01
6777, 8, 67, Status.WALL, 0.01
6778, 5, 39, Status.SNAKE, 0.01
6779, 4, 25, Status.SNAKE, 0.01
6780, 12, 104, Status.SNAKE, 0.01
6781, 11, 84, Status.WALL, 0.01
6782, 1, 5, Status.SNAKE, 0.01
6783, 5, 30, Status.SNAKE, 0.01
6784, 12, 96, Status.SNAKE, 0.01
6785, 9, 62, Status.SNAKE, 0.01
6786, 8, 60, Status.WALL, 0.01
6787, 5, 25, Status.SNAKE, 0.01
6788, 6, 51, Status.SNAKE, 0.01
6789, 5, 34, Status.SNAKE, 0.01
6790, 1, 5, Status.SNAKE, 0.01
6791, 4, 30, Status.WALL, 0.01
6792, 5, 32, Status.SNAKE, 0.01
6793, 8, 53, Status.SNAKE, 0.01
6794, 21, 149, Status.SNAKE, 0.01
6795, 3, 14, Status.SNAKE, 0.01
6796, 12, 88, Status.SNAKE, 0.01
6797, 1, 5, Status.SNAKE, 0.01
6798, 12, 84, Status.WALL, 0.01
6799, 9, 54, Status.SNAKE, 0.01
6800, 13, 82, Status.SNAKE, 0.01
6801, 7, 54, Status.SNAKE, 0.01
6802, 3, 26, Status.WALL, 0.01
6803, 12, 76, Status.WALL, 0.01
6804, 12, 62, Status.WALL, 0.01
6805, 12, 86, Status.WALL, 0.01
6806, 7, 32, Status.SNAKE, 0.01
6807, 13, 82, Status.SNAKE, 0.01
6808, 3, 10, Status.SNAKE, 0.01
6809, 6, 42, Status.SNAKE, 0.01
6810, 14, 132, Status.SNAKE, 0.01
6811, 11, 65, Status.WALL, 0.01
6812, 13, 94, Status.SNAKE, 0.01
6813, 10, 63, Status.SNAKE, 0.01
6814, 8, 81, Status.SNAKE, 0.01
6815, 6, 48, Status.SNAKE, 0.01
6816, 8, 52, Status.SNAKE, 0.01
6817, 10, 58, Status.WALL, 0.01
6818, 11, 71, Status.WALL, 0.01
6819, 3, 11, Status.SNAKE, 0.01
6820, 6, 53, Status.SNAKE, 0.01
6821, 5, 26, Status.SNAKE, 0.01
6822, 18, 129, Status.SNAKE, 0.01
6823, 8, 52, Status.SNAKE, 0.01
6824, 11, 67, Status.SNAKE, 0.01
6825, 6, 43, Status.WALL, 0.01
6826, 8, 57, Status.SNAKE, 0.01
6827, 4, 30, Status.SNAKE, 0.01
6828, 5, 25, Status.SNAKE, 0.01
6829, 10, 75, Status.SNAKE, 0.01
6830, 7, 58, Status.SNAKE, 0.01
6831, 13, 96, Status.SNAKE, 0.01
6832, 12, 88, Status.SNAKE, 0.01
6833, 8, 76, Status.WALL, 0.01
6834, 7, 35, Status.SNAKE, 0.01
6835, 10, 91, Status.SNAKE, 0.01
6836, 9, 53, Status.SNAKE, 0.01
6837, 1, 5, Status.SNAKE, 0.01
6838, 6, 35, Status.SNAKE, 0.01
6839, 1, 10, Status.WALL, 0.01
6840, 2, 21, Status.WALL, 0.01
6841, 5, 44, Status.WALL, 0.01
6842, 13, 92, Status.SNAKE, 0.01
6843, 7, 50, Status.WALL, 0.01
6844, 10, 78, Status.WALL, 0.01
6845, 9, 78, Status.WALL, 0.01
6846, 10, 82, Status.WALL, 0.01
6847, 5, 23, Status.SNAKE, 0.01
6848, 13, 80, Status.SNAKE, 0.01
6849, 2, 11, Status.SNAKE, 0.01
6850, 2, 17, Status.SNAKE, 0.01
6851, 25, 151, Status.SNAKE, 0.01
6852, 9, 56, Status.SNAKE, 0.01
6853, 10, 82, Status.WALL, 0.01
6854, 11, 73, Status.SNAKE, 0.01
6855, 15, 106, Status.SNAKE, 0.01
6856, 1, 7, Status.WALL, 0.01
6857, 12, 111, Status.SNAKE, 0.01
6858, 9, 76, Status.SNAKE, 0.01
6859, 1, 3, Status.SNAKE, 0.01
6860, 4, 22, Status.WALL, 0.01
6861, 7, 54, Status.WALL, 0.01
6862, 1, 8, Status.SNAKE, 0.01
6863, 3, 29, Status.SNAKE, 0.01
6864, 15, 111, Status.SNAKE, 0.01
6865, 15, 122, Status.SNAKE, 0.01
6866, 14, 114, Status.SNAKE, 0.01
6867, 4, 15, Status.WALL, 0.01
6868, 13, 86, Status.SNAKE, 0.01
6869, 14, 97, Status.SNAKE, 0.01
6870, 3, 10, Status.SNAKE, 0.01
6871, 10, 66, Status.SNAKE, 0.01
6872, 7, 43, Status.SNAKE, 0.01
6873, 7, 59, Status.SNAKE, 0.01
6874, 10, 54, Status.SNAKE, 0.01
6875, 11, 67, Status.SNAKE, 0.01
6876, 12, 80, Status.SNAKE, 0.01
6877, 5, 34, Status.WALL, 0.01
6878, 6, 47, Status.SNAKE, 0.01
6879, 3, 20, Status.SNAKE, 0.01
6880, 7, 39, Status.SNAKE, 0.01
6881, 15, 136, Status.SNAKE, 0.01
6882, 12, 99, Status.SNAKE, 0.01
6883, 17, 109, Status.SNAKE, 0.01
6884, 11, 87, Status.SNAKE, 0.01
6885, 4, 19, Status.SNAKE, 0.01
6886, 7, 34, Status.SNAKE, 0.01
6887, 7, 37, Status.SNAKE, 0.01
6888, 7, 39, Status.SNAKE, 0.01
6889, 15, 103, Status.SNAKE, 0.01
6890, 4, 24, Status.SNAKE, 0.01
6891, 5, 50, Status.SNAKE, 0.01
6892, 2, 10, Status.WALL, 0.01
6893, 18, 134, Status.WALL, 0.01
6894, 2, 7, Status.SNAKE, 0.01
6895, 9, 47, Status.SNAKE, 0.01
6896, 11, 89, Status.SNAKE, 0.01
6897, 4, 37, Status.SNAKE, 0.01
6898, 10, 67, Status.SNAKE, 0.01
6899, 16, 98, Status.SNAKE, 0.01
6900, 15, 113, Status.SNAKE, 0.01
6901, 13, 85, Status.SNAKE, 0.01
6902, 13, 81, Status.SNAKE, 0.01
6903, 11, 91, Status.SNAKE, 0.01
6904, 5, 45, Status.SNAKE, 0.01
6905, 10, 62, Status.SNAKE, 0.01
6906, 17, 134, Status.SNAKE, 0.01
6907, 2, 18, Status.WALL, 0.01
6908, 8, 53, Status.SNAKE, 0.01
6909, 13, 92, Status.SNAKE, 0.01
6910, 7, 51, Status.SNAKE, 0.01
6911, 10, 81, Status.SNAKE, 0.01
6912, 9, 52, Status.SNAKE, 0.01
6913, 3, 33, Status.SNAKE, 0.01
6914, 5, 28, Status.WALL, 0.01
6915, 8, 59, Status.WALL, 0.01
6916, 7, 47, Status.SNAKE, 0.01
6917, 5, 38, Status.SNAKE, 0.01
6918, 4, 44, Status.SNAKE, 0.01
6919, 6, 36, Status.WALL, 0.01
6920, 12, 67, Status.SNAKE, 0.01
6921, 13, 98, Status.SNAKE, 0.01
6922, 9, 76, Status.SNAKE, 0.01
6923, 4, 24, Status.SNAKE, 0.01
6924, 5, 45, Status.SNAKE, 0.01
6925, 15, 111, Status.SNAKE, 0.01
6926, 5, 32, Status.SNAKE, 0.01
6927, 8, 70, Status.SNAKE, 0.01
6928, 8, 47, Status.SNAKE, 0.01
6929, 2, 16, Status.SNAKE, 0.01
6930, 4, 32, Status.SNAKE, 0.01
6931, 9, 71, Status.SNAKE, 0.01
6932, 2, 11, Status.SNAKE, 0.01
6933, 3, 19, Status.WALL, 0.01
6934, 15, 114, Status.SNAKE, 0.01
6935, 12, 82, Status.SNAKE, 0.01
6936, 9, 62, Status.SNAKE, 0.01
6937, 15, 141, Status.SNAKE, 0.01
6938, 6, 55, Status.SNAKE, 0.01
6939, 14, 78, Status.SNAKE, 0.01
6940, 8, 64, Status.SNAKE, 0.01
6941, 2, 6, Status.SNAKE, 0.01
6942, 4, 25, Status.SNAKE, 0.01
6943, 7, 47, Status.SNAKE, 0.01
6944, 7, 61, Status.SNAKE, 0.01
6945, 1, 8, Status.SNAKE, 0.01
6946, 7, 28, Status.SNAKE, 0.01
6947, 4, 35, Status.SNAKE, 0.01
6948, 5, 34, Status.SNAKE, 0.01
6949, 11, 83, Status.SNAKE, 0.01
6950, 4, 39, Status.WALL, 0.01
6951, 7, 73, Status.SNAKE, 0.01
6952, 5, 25, Status.SNAKE, 0.01
6953, 8, 42, Status.SNAKE, 0.01
6954, 14, 114, Status.SNAKE, 0.01
6955, 7, 52, Status.SNAKE, 0.01
6956, 4, 26, Status.WALL, 0.01
6957, 6, 38, Status.SNAKE, 0.01
6958, 5, 20, Status.SNAKE, 0.01
6959, 6, 41, Status.SNAKE, 0.01
6960, 13, 100, Status.SNAKE, 0.01
6961, 12, 69, Status.SNAKE, 0.01
6962, 11, 89, Status.SNAKE, 0.01
6963, 9, 66, Status.SNAKE, 0.01
6964, 9, 55, Status.SNAKE, 0.01
6965, 20, 116, Status.SNAKE, 0.01
6966, 13, 82, Status.SNAKE, 0.01
6967, 6, 54, Status.WALL, 0.01
6968, 5, 41, Status.SNAKE, 0.01
6969, 7, 59, Status.SNAKE, 0.01
6970, 5, 51, Status.SNAKE, 0.01
6971, 9, 75, Status.SNAKE, 0.01
6972, 5, 47, Status.SNAKE, 0.01
6973, 10, 77, Status.WALL, 0.01
6974, 10, 76, Status.SNAKE, 0.01
6975, 7, 55, Status.WALL, 0.01
6976, 14, 92, Status.SNAKE, 0.01
6977, 16, 123, Status.SNAKE, 0.01
6978, 5, 38, Status.SNAKE, 0.01
6979, 10, 71, Status.SNAKE, 0.01
6980, 11, 79, Status.SNAKE, 0.01
6981, 3, 23, Status.SNAKE, 0.01
6982, 8, 47, Status.SNAKE, 0.01
6983, 12, 101, Status.SNAKE, 0.01
6984, 2, 16, Status.WALL, 0.01
6985, 15, 136, Status.SNAKE, 0.01
6986, 9, 67, Status.SNAKE, 0.01
6987, 7, 54, Status.SNAKE, 0.01
6988, 1, 7, Status.WALL, 0.01
6989, 11, 95, Status.SNAKE, 0.01
6990, 3, 22, Status.SNAKE, 0.01
6991, 6, 36, Status.SNAKE, 0.01
6992, 9, 66, Status.SNAKE, 0.01
6993, 10, 69, Status.SNAKE, 0.01
6994, 14, 110, Status.WALL, 0.01
6995, 16, 127, Status.SNAKE, 0.01
6996, 9, 67, Status.SNAKE, 0.01
6997, 19, 136, Status.SNAKE, 0.01
6998, 5, 54, Status.WALL, 0.01
6999, 10, 80, Status.WALL, 0.01
7000, 1, 3, Status.SNAKE, 0.01
7001, 12, 113, Status.SNAKE, 0.01
7002, 7, 74, Status.SNAKE, 0.01
7003, 6, 46, Status.SNAKE, 0.01
7004, 9, 38, Status.SNAKE, 0.01
7005, 12, 85, Status.SNAKE, 0.01
7006, 12, 99, Status.SNAKE, 0.01
7007, 8, 66, Status.SNAKE, 0.01
7008, 2, 20, Status.SNAKE, 0.01
7009, 5, 40, Status.SNAKE, 0.01
7010, 11, 57, Status.SNAKE, 0.01
7011, 5, 37, Status.WALL, 0.01
7012, 3, 26, Status.WALL, 0.01
7013, 9, 59, Status.SNAKE, 0.01
7014, 3, 21, Status.WALL, 0.01
7015, 8, 59, Status.WALL, 0.01
7016, 8, 48, Status.SNAKE, 0.01
7017, 13, 89, Status.SNAKE, 0.01
7018, 4, 30, Status.WALL, 0.01
7019, 12, 72, Status.SNAKE, 0.01
7020, 7, 39, Status.SNAKE, 0.01
7021, 10, 85, Status.SNAKE, 0.01
7022, 11, 55, Status.SNAKE, 0.01
7023, 17, 119, Status.SNAKE, 0.01
7024, 4, 17, Status.WALL, 0.01
7025, 13, 100, Status.WALL, 0.01
7026, 9, 91, Status.SNAKE, 0.01
7027, 6, 45, Status.SNAKE, 0.01
7028, 8, 60, Status.SNAKE, 0.01
7029, 12, 73, Status.SNAKE, 0.01
7030, 11, 66, Status.SNAKE, 0.01
7031, 8, 37, Status.SNAKE, 0.01
7032, 10, 78, Status.SNAKE, 0.01
7033, 12, 81, Status.SNAKE, 0.01
7034, 12, 97, Status.WALL, 0.01
7035, 4, 23, Status.SNAKE, 0.01
7036, 15, 132, Status.SNAKE, 0.01
7037, 3, 20, Status.SNAKE, 0.01
7038, 17, 121, Status.SNAKE, 0.01
7039, 9, 49, Status.SNAKE, 0.01
7040, 5, 24, Status.SNAKE, 0.01
7041, 8, 62, Status.SNAKE, 0.01
7042, 1, 3, Status.SNAKE, 0.01
7043, 13, 89, Status.WALL, 0.01
7044, 11, 63, Status.WALL, 0.01
7045, 2, 22, Status.SNAKE, 0.01
7046, 9, 71, Status.SNAKE, 0.01
7047, 4, 34, Status.SNAKE, 0.01
7048, 12, 65, Status.SNAKE, 0.01
7049, 8, 46, Status.SNAKE, 0.01
7050, 11, 64, Status.SNAKE, 0.01
7051, 4, 10, Status.SNAKE, 0.01
7052, 6, 40, Status.SNAKE, 0.01
7053, 8, 71, Status.SNAKE, 0.01
7054, 2, 21, Status.SNAKE, 0.01
7055, 10, 55, Status.SNAKE, 0.01
7056, 9, 62, Status.SNAKE, 0.01
7057, 2, 21, Status.SNAKE, 0.01
7058, 4, 15, Status.SNAKE, 0.01
7059, 1, 10, Status.WALL, 0.01
7060, 9, 91, Status.SNAKE, 0.01
7061, 9, 52, Status.SNAKE, 0.01
7062, 7, 62, Status.SNAKE, 0.01
7063, 12, 69, Status.SNAKE, 0.01
7064, 8, 65, Status.SNAKE, 0.01
7065, 3, 21, Status.SNAKE, 0.01
7066, 6, 49, Status.SNAKE, 0.01
7067, 8, 68, Status.WALL, 0.01
7068, 5, 26, Status.SNAKE, 0.01
7069, 11, 68, Status.SNAKE, 0.01
7070, 5, 39, Status.SNAKE, 0.01
7071, 1, 5, Status.SNAKE, 0.01
7072, 6, 47, Status.SNAKE, 0.01
7073, 9, 76, Status.SNAKE, 0.01
7074, 4, 27, Status.SNAKE, 0.01
7075, 6, 46, Status.SNAKE, 0.01
7076, 10, 59, Status.SNAKE, 0.01
7077, 8, 58, Status.SNAKE, 0.01
7078, 9, 63, Status.WALL, 0.01
7079, 12, 66, Status.SNAKE, 0.01
7080, 13, 100, Status.SNAKE, 0.01
7081, 1, 10, Status.WALL, 0.01
7082, 2, 13, Status.WALL, 0.01
7083, 13, 91, Status.SNAKE, 0.01
7084, 15, 104, Status.SNAKE, 0.01
7085, 1, 3, Status.SNAKE, 0.01
7086, 2, 15, Status.WALL, 0.01
7087, 9, 79, Status.SNAKE, 0.01
7088, 10, 56, Status.SNAKE, 0.01
7089, 5, 34, Status.SNAKE, 0.01
7090, 7, 52, Status.SNAKE, 0.01
7091, 11, 71, Status.SNAKE, 0.01
7092, 13, 105, Status.SNAKE, 0.01
7093, 15, 114, Status.SNAKE, 0.01
7094, 16, 104, Status.SNAKE, 0.01
7095, 3, 26, Status.WALL, 0.01
7096, 7, 49, Status.SNAKE, 0.01
7097, 8, 52, Status.SNAKE, 0.01
7098, 8, 44, Status.SNAKE, 0.01
7099, 1, 5, Status.SNAKE, 0.01
7100, 8, 61, Status.SNAKE, 0.01
7101, 15, 85, Status.SNAKE, 0.01
7102, 3, 19, Status.SNAKE, 0.01
7103, 8, 39, Status.SNAKE, 0.01
7104, 7, 52, Status.SNAKE, 0.01
7105, 2, 9, Status.SNAKE, 0.01
7106, 8, 42, Status.WALL, 0.01
7107, 6, 37, Status.SNAKE, 0.01
7108, 7, 50, Status.WALL, 0.01
7109, 6, 49, Status.SNAKE, 0.01
7110, 4, 24, Status.WALL, 0.01
7111, 4, 28, Status.WALL, 0.01
7112, 9, 70, Status.SNAKE, 0.01
7113, 7, 54, Status.SNAKE, 0.01
7114, 2, 16, Status.SNAKE, 0.01
7115, 12, 74, Status.WALL, 0.01
7116, 12, 85, Status.SNAKE, 0.01
7117, 7, 66, Status.SNAKE, 0.01
7118, 6, 55, Status.SNAKE, 0.01
7119, 1, 3, Status.SNAKE, 0.01
7120, 10, 76, Status.SNAKE, 0.01
7121, 9, 68, Status.SNAKE, 0.01
7122, 2, 6, Status.SNAKE, 0.01
7123, 21, 155, Status.SNAKE, 0.01
7124, 1, 5, Status.SNAKE, 0.01
7125, 6, 43, Status.SNAKE, 0.01
7126, 7, 68, Status.WALL, 0.01
7127, 1, 10, Status.WALL, 0.01
7128, 5, 52, Status.SNAKE, 0.01
7129, 8, 48, Status.SNAKE, 0.01
7130, 10, 67, Status.SNAKE, 0.01
7131, 16, 129, Status.SNAKE, 0.01
7132, 10, 80, Status.WALL, 0.01
7133, 6, 37, Status.SNAKE, 0.01
7134, 10, 88, Status.SNAKE, 0.01
7135, 11, 82, Status.SNAKE, 0.01
7136, 9, 74, Status.SNAKE, 0.01
7137, 5, 17, Status.SNAKE, 0.01
7138, 3, 11, Status.SNAKE, 0.01
7139, 19, 121, Status.SNAKE, 0.01
7140, 11, 72, Status.SNAKE, 0.01
7141, 11, 68, Status.WALL, 0.01
7142, 12, 78, Status.WALL, 0.01
7143, 14, 110, Status.WALL, 0.01
7144, 11, 86, Status.SNAKE, 0.01
7145, 5, 35, Status.WALL, 0.01
7146, 9, 60, Status.SNAKE, 0.01
7147, 14, 107, Status.SNAKE, 0.01
7148, 12, 119, Status.SNAKE, 0.01
7149, 6, 47, Status.SNAKE, 0.01
7150, 4, 29, Status.WALL, 0.01
7151, 9, 51, Status.SNAKE, 0.01
7152, 12, 110, Status.SNAKE, 0.01
7153, 5, 36, Status.SNAKE, 0.01
7154, 2, 16, Status.SNAKE, 0.01
7155, 7, 47, Status.SNAKE, 0.01
7156, 12, 99, Status.SNAKE, 0.01
7157, 3, 10, Status.WALL, 0.01
7158, 12, 113, Status.SNAKE, 0.01
7159, 7, 43, Status.SNAKE, 0.01
7160, 8, 41, Status.SNAKE, 0.01
7161, 4, 28, Status.SNAKE, 0.01
7162, 8, 52, Status.WALL, 0.01
7163, 4, 18, Status.SNAKE, 0.01
7164, 8, 49, Status.WALL, 0.01
7165, 4, 20, Status.WALL, 0.01
7166, 11, 78, Status.SNAKE, 0.01
7167, 5, 23, Status.SNAKE, 0.01
7168, 11, 84, Status.SNAKE, 0.01
7169, 5, 31, Status.SNAKE, 0.01
7170, 6, 31, Status.SNAKE, 0.01
7171, 5, 27, Status.SNAKE, 0.01
7172, 11, 84, Status.WALL, 0.01
7173, 11, 95, Status.SNAKE, 0.01
7174, 4, 27, Status.SNAKE, 0.01
7175, 8, 46, Status.SNAKE, 0.01
7176, 7, 47, Status.SNAKE, 0.01
7177, 10, 43, Status.SNAKE, 0.01
7178, 10, 58, Status.SNAKE, 0.01
7179, 12, 86, Status.SNAKE, 0.01
7180, 8, 65, Status.SNAKE, 0.01
7181, 16, 133, Status.WALL, 0.01
7182, 9, 59, Status.SNAKE, 0.01
7183, 3, 33, Status.SNAKE, 0.01
7184, 15, 78, Status.SNAKE, 0.01
7185, 11, 67, Status.SNAKE, 0.01
7186, 11, 61, Status.SNAKE, 0.01
7187, 4, 31, Status.SNAKE, 0.01
7188, 5, 41, Status.WALL, 0.01
7189, 14, 85, Status.SNAKE, 0.01
7190, 2, 16, Status.SNAKE, 0.01
7191, 11, 60, Status.SNAKE, 0.01
7192, 5, 47, Status.SNAKE, 0.01
7193, 4, 26, Status.SNAKE, 0.01
7194, 14, 92, Status.SNAKE, 0.01
7195, 14, 90, Status.SNAKE, 0.01
7196, 6, 47, Status.SNAKE, 0.01
7197, 8, 67, Status.SNAKE, 0.01
7198, 6, 48, Status.SNAKE, 0.01
7199, 5, 35, Status.SNAKE, 0.01
7200, 16, 118, Status.SNAKE, 0.01
7201, 6, 52, Status.SNAKE, 0.01
7202, 9, 63, Status.SNAKE, 0.01
7203, 8, 56, Status.SNAKE, 0.01
7204, 9, 91, Status.SNAKE, 0.01
7205, 9, 59, Status.SNAKE, 0.01
7206, 11, 82, Status.SNAKE, 0.01
7207, 16, 153, Status.SNAKE, 0.01
7208, 8, 56, Status.WALL, 0.01
7209, 3, 22, Status.SNAKE, 0.01
7210, 7, 42, Status.WALL, 0.01
7211, 7, 40, Status.SNAKE, 0.01
7212, 3, 14, Status.WALL, 0.01
7213, 3, 31, Status.SNAKE, 0.01
7214, 2, 9, Status.SNAKE, 0.01
7215, 8, 42, Status.SNAKE, 0.01
7216, 11, 88, Status.WALL, 0.01
7217, 13, 94, Status.SNAKE, 0.01
7218, 9, 67, Status.SNAKE, 0.01
7219, 1, 6, Status.WALL, 0.01
7220, 5, 22, Status.WALL, 0.01
7221, 6, 37, Status.SNAKE, 0.01
7222, 8, 32, Status.SNAKE, 0.01
7223, 8, 50, Status.SNAKE, 0.01
7224, 9, 49, Status.SNAKE, 0.01
7225, 9, 66, Status.SNAKE, 0.01
7226, 7, 42, Status.SNAKE, 0.01
7227, 3, 14, Status.SNAKE, 0.01
7228, 1, 5, Status.SNAKE, 0.01
7229, 6, 25, Status.SNAKE, 0.01
7230, 12, 76, Status.SNAKE, 0.01
7231, 12, 66, Status.WALL, 0.01
7232, 7, 35, Status.WALL, 0.01
7233, 5, 36, Status.WALL, 0.01
7234, 11, 70, Status.WALL, 0.01
7235, 9, 64, Status.SNAKE, 0.01
7236, 13, 86, Status.WALL, 0.01
7237, 8, 55, Status.SNAKE, 0.01
7238, 7, 56, Status.SNAKE, 0.01
7239, 14, 112, Status.SNAKE, 0.01
7240, 12, 81, Status.SNAKE, 0.01
7241, 13, 122, Status.SNAKE, 0.01
7242, 7, 35, Status.SNAKE, 0.01
7243, 14, 84, Status.SNAKE, 0.01
7244, 4, 16, Status.SNAKE, 0.01
7245, 11, 56, Status.SNAKE, 0.01
7246, 19, 153, Status.SNAKE, 0.01
7247, 3, 22, Status.SNAKE, 0.01
7248, 8, 55, Status.WALL, 0.01
7249, 8, 44, Status.SNAKE, 0.01
7250, 9, 62, Status.WALL, 0.01
7251, 14, 92, Status.WALL, 0.01
7252, 7, 35, Status.SNAKE, 0.01
7253, 1, 3, Status.SNAKE, 0.01
7254, 5, 42, Status.SNAKE, 0.01
7255, 8, 46, Status.SNAKE, 0.01
7256, 10, 71, Status.WALL, 0.01
7257, 10, 76, Status.SNAKE, 0.01
7258, 4, 37, Status.SNAKE, 0.01
7259, 5, 40, Status.WALL, 0.01
7260, 10, 50, Status.SNAKE, 0.01
7261, 14, 113, Status.SNAKE, 0.01
7262, 9, 75, Status.SNAKE, 0.01
7263, 6, 36, Status.SNAKE, 0.01
7264, 12, 83, Status.SNAKE, 0.01
7265, 12, 88, Status.SNAKE, 0.01
7266, 2, 16, Status.SNAKE, 0.01
7267, 10, 66, Status.SNAKE, 0.01
7268, 7, 37, Status.SNAKE, 0.01
7269, 14, 111, Status.SNAKE, 0.01
7270, 8, 52, Status.SNAKE, 0.01
7271, 10, 74, Status.SNAKE, 0.01
7272, 10, 77, Status.WALL, 0.01
7273, 5, 50, Status.WALL, 0.01
7274, 17, 103, Status.SNAKE, 0.01
7275, 6, 65, Status.SNAKE, 0.01
7276, 15, 93, Status.WALL, 0.01
7277, 9, 52, Status.SNAKE, 0.01
7278, 17, 121, Status.WALL, 0.01
7279, 6, 53, Status.SNAKE, 0.01
7280, 6, 38, Status.SNAKE, 0.01
7281, 5, 26, Status.SNAKE, 0.01
7282, 1, 14, Status.SNAKE, 0.01
7283, 3, 19, Status.SNAKE, 0.01
7284, 8, 68, Status.SNAKE, 0.01
7285, 3, 20, Status.WALL, 0.01
7286, 9, 49, Status.SNAKE, 0.01
7287, 11, 61, Status.SNAKE, 0.01
7288, 8, 55, Status.WALL, 0.01
7289, 6, 32, Status.SNAKE, 0.01
7290, 9, 62, Status.SNAKE, 0.01
7291, 8, 67, Status.SNAKE, 0.01
7292, 14, 78, Status.WALL, 0.01
7293, 10, 62, Status.SNAKE, 0.01
7294, 4, 11, Status.SNAKE, 0.01
7295, 7, 52, Status.SNAKE, 0.01
7296, 3, 26, Status.SNAKE, 0.01
7297, 5, 26, Status.WALL, 0.01
7298, 1, 13, Status.WALL, 0.01
7299, 13, 69, Status.SNAKE, 0.01
7300, 13, 65, Status.SNAKE, 0.01
7301, 13, 76, Status.SNAKE, 0.01
7302, 6, 43, Status.WALL, 0.01
7303, 2, 8, Status.SNAKE, 0.01
7304, 12, 72, Status.WALL, 0.01
7305, 4, 23, Status.SNAKE, 0.01
7306, 14, 99, Status.SNAKE, 0.01
7307, 8, 65, Status.SNAKE, 0.01
7308, 11, 73, Status.SNAKE, 0.01
7309, 15, 82, Status.SNAKE, 0.01
7310, 1, 10, Status.WALL, 0.01
7311, 12, 77, Status.SNAKE, 0.01
7312, 13, 85, Status.SNAKE, 0.01
7313, 18, 97, Status.SNAKE, 0.01
7314, 15, 97, Status.SNAKE, 0.01
7315, 13, 106, Status.SNAKE, 0.01
7316, 11, 64, Status.SNAKE, 0.01
7317, 3, 25, Status.WALL, 0.01
7318, 8, 51, Status.SNAKE, 0.01
7319, 2, 26, Status.WALL, 0.01
7320, 10, 67, Status.SNAKE, 0.01
7321, 4, 29, Status.WALL, 0.01
7322, 3, 21, Status.SNAKE, 0.01
7323, 22, 141, Status.SNAKE, 0.01
7324, 9, 67, Status.SNAKE, 0.01
7325, 15, 113, Status.SNAKE, 0.01
7326, 17, 121, Status.SNAKE, 0.01
7327, 16, 106, Status.WALL, 0.01
7328, 2, 24, Status.WALL, 0.01
7329, 3, 27, Status.WALL, 0.01
7330, 10, 59, Status.SNAKE, 0.01
7331, 7, 58, Status.SNAKE, 0.01
7332, 13, 83, Status.SNAKE, 0.01
7333, 5, 30, Status.SNAKE, 0.01
7334, 7, 50, Status.SNAKE, 0.01
7335, 10, 61, Status.SNAKE, 0.01
7336, 20, 128, Status.SNAKE, 0.01
7337, 2, 34, Status.WALL, 0.01
7338, 17, 133, Status.SNAKE, 0.01
7339, 9, 78, Status.WALL, 0.01
7340, 14, 89, Status.SNAKE, 0.01
7341, 5, 21, Status.SNAKE, 0.01
7342, 2, 15, Status.SNAKE, 0.01
7343, 11, 83, Status.SNAKE, 0.01
7344, 11, 56, Status.WALL, 0.01
7345, 5, 52, Status.SNAKE, 0.01
7346, 3, 19, Status.SNAKE, 0.01
7347, 3, 16, Status.SNAKE, 0.01
7348, 11, 68, Status.SNAKE, 0.01
7349, 14, 85, Status.WALL, 0.01
7350, 6, 38, Status.SNAKE, 0.01
7351, 10, 88, Status.SNAKE, 0.01
7352, 9, 83, Status.SNAKE, 0.01
7353, 1, 3, Status.SNAKE, 0.01
7354, 18, 142, Status.WALL, 0.01
7355, 6, 31, Status.SNAKE, 0.01
7356, 8, 40, Status.WALL, 0.01
7357, 5, 34, Status.SNAKE, 0.01
7358, 5, 40, Status.SNAKE, 0.01
7359, 17, 99, Status.SNAKE, 0.01
7360, 5, 27, Status.WALL, 0.01
7361, 14, 87, Status.SNAKE, 0.01
7362, 4, 24, Status.SNAKE, 0.01
7363, 6, 32, Status.SNAKE, 0.01
7364, 9, 51, Status.SNAKE, 0.01
7365, 13, 90, Status.SNAKE, 0.01
7366, 7, 41, Status.WALL, 0.01
7367, 13, 90, Status.SNAKE, 0.01
7368, 3, 41, Status.SNAKE, 0.01
7369, 11, 76, Status.SNAKE, 0.01
7370, 10, 59, Status.SNAKE, 0.01
7371, 3, 26, Status.SNAKE, 0.01
7372, 8, 46, Status.SNAKE, 0.01
7373, 1, 3, Status.SNAKE, 0.01
7374, 9, 68, Status.SNAKE, 0.01
7375, 1, 7, Status.SNAKE, 0.01
7376, 2, 13, Status.SNAKE, 0.01
7377, 8, 49, Status.SNAKE, 0.01
7378, 17, 123, Status.SNAKE, 0.01
7379, 7, 55, Status.SNAKE, 0.01
7380, 7, 38, Status.SNAKE, 0.01
7381, 5, 21, Status.SNAKE, 0.01
7382, 5, 31, Status.SNAKE, 0.01
7383, 4, 36, Status.SNAKE, 0.01
7384, 10, 33, Status.SNAKE, 0.01
7385, 2, 12, Status.WALL, 0.01
7386, 6, 44, Status.WALL, 0.01
7387, 1, 3, Status.SNAKE, 0.01
7388, 5, 24, Status.SNAKE, 0.01
7389, 8, 70, Status.WALL, 0.01
7390, 12, 79, Status.SNAKE, 0.01
7391, 1, 10, Status.WALL, 0.01
7392, 10, 80, Status.SNAKE, 0.01
7393, 15, 107, Status.SNAKE, 0.01
7394, 7, 41, Status.SNAKE, 0.01
7395, 7, 34, Status.SNAKE, 0.01
7396, 15, 103, Status.SNAKE, 0.01
7397, 13, 103, Status.WALL, 0.01
7398, 7, 58, Status.SNAKE, 0.01
7399, 7, 44, Status.SNAKE, 0.01
7400, 3, 25, Status.SNAKE, 0.01
7401, 8, 68, Status.WALL, 0.01
7402, 10, 62, Status.SNAKE, 0.01
7403, 8, 70, Status.WALL, 0.01
7404, 0, 4, Status.WALL, 0.01
7405, 9, 65, Status.SNAKE, 0.01
7406, 6, 45, Status.SNAKE, 0.01
7407, 6, 48, Status.WALL, 0.01
7408, 5, 25, Status.SNAKE, 0.01
7409, 9, 77, Status.SNAKE, 0.01
7410, 8, 56, Status.WALL, 0.01
7411, 12, 66, Status.SNAKE, 0.01
7412, 5, 40, Status.WALL, 0.01
7413, 15, 109, Status.SNAKE, 0.01
7414, 7, 69, Status.WALL, 0.01
7415, 0, 4, Status.WALL, 0.01
7416, 14, 107, Status.SNAKE, 0.01
7417, 12, 87, Status.SNAKE, 0.01
7418, 7, 53, Status.SNAKE, 0.01
7419, 7, 56, Status.SNAKE, 0.01
7420, 6, 43, Status.SNAKE, 0.01
7421, 1, 3, Status.SNAKE, 0.01
7422, 2, 17, Status.SNAKE, 0.01
7423, 3, 16, Status.SNAKE, 0.01
7424, 5, 37, Status.SNAKE, 0.01
7425, 14, 96, Status.SNAKE, 0.01
7426, 10, 80, Status.SNAKE, 0.01
7427, 20, 162, Status.SNAKE, 0.01
7428, 1, 3, Status.SNAKE, 0.01
7429, 7, 32, Status.SNAKE, 0.01
7430, 13, 85, Status.SNAKE, 0.01
7431, 2, 12, Status.WALL, 0.01
7432, 12, 90, Status.SNAKE, 0.01
7433, 10, 45, Status.SNAKE, 0.01
7434, 13, 91, Status.WALL, 0.01
7435, 10, 42, Status.SNAKE, 0.01
7436, 11, 70, Status.SNAKE, 0.01
7437, 9, 63, Status.SNAKE, 0.01
7438, 2, 15, Status.SNAKE, 0.01
7439, 12, 80, Status.SNAKE, 0.01
7440, 15, 114, Status.SNAKE, 0.01
7441, 7, 42, Status.SNAKE, 0.01
7442, 18, 135, Status.SNAKE, 0.01
7443, 7, 46, Status.WALL, 0.01
7444, 2, 15, Status.SNAKE, 0.01
7445, 6, 57, Status.SNAKE, 0.01
7446, 5, 45, Status.SNAKE, 0.01
7447, 17, 119, Status.SNAKE, 0.01
7448, 9, 61, Status.SNAKE, 0.01
7449, 8, 58, Status.SNAKE, 0.01
7450, 8, 55, Status.SNAKE, 0.01
7451, 4, 46, Status.WALL, 0.01
7452, 7, 55, Status.SNAKE, 0.01
7453, 5, 27, Status.WALL, 0.01
7454, 7, 43, Status.SNAKE, 0.01
7455, 19, 157, Status.SNAKE, 0.01
7456, 10, 81, Status.SNAKE, 0.01
7457, 5, 35, Status.SNAKE, 0.01
7458, 8, 66, Status.SNAKE, 0.01
7459, 7, 54, Status.SNAKE, 0.01
7460, 8, 66, Status.SNAKE, 0.01
7461, 6, 38, Status.SNAKE, 0.01
7462, 3, 22, Status.SNAKE, 0.01
7463, 9, 80, Status.SNAKE, 0.01
7464, 5, 43, Status.WALL, 0.01
7465, 4, 20, Status.SNAKE, 0.01
7466, 15, 76, Status.SNAKE, 0.01
7467, 3, 16, Status.SNAKE, 0.01
7468, 6, 30, Status.SNAKE, 0.01
7469, 16, 102, Status.SNAKE, 0.01
7470, 9, 73, Status.SNAKE, 0.01
7471, 2, 16, Status.SNAKE, 0.01
7472, 10, 71, Status.SNAKE, 0.01
7473, 3, 8, Status.SNAKE, 0.01
7474, 2, 17, Status.SNAKE, 0.01
7475, 13, 104, Status.SNAKE, 0.01
7476, 15, 77, Status.SNAKE, 0.01
7477, 9, 56, Status.WALL, 0.01
7478, 15, 86, Status.SNAKE, 0.01
7479, 15, 100, Status.SNAKE, 0.01
7480, 13, 101, Status.SNAKE, 0.01
7481, 10, 54, Status.SNAKE, 0.01
7482, 12, 87, Status.SNAKE, 0.01
7483, 4, 16, Status.SNAKE, 0.01
7484, 9, 78, Status.WALL, 0.01
7485, 6, 44, Status.SNAKE, 0.01
7486, 12, 106, Status.WALL, 0.01
7487, 10, 64, Status.SNAKE, 0.01
7488, 5, 41, Status.SNAKE, 0.01
7489, 7, 54, Status.SNAKE, 0.01
7490, 7, 62, Status.SNAKE, 0.01
7491, 1, 10, Status.WALL, 0.01
7492, 3, 22, Status.SNAKE, 0.01
7493, 10, 66, Status.SNAKE, 0.01
7494, 3, 20, Status.WALL, 0.01
7495, 13, 115, Status.WALL, 0.01
7496, 4, 21, Status.SNAKE, 0.01
7497, 7, 54, Status.SNAKE, 0.01
7498, 4, 29, Status.SNAKE, 0.01
7499, 6, 44, Status.SNAKE, 0.01
7500, 15, 102, Status.SNAKE, 0.01
7501, 6, 44, Status.WALL, 0.01
7502, 11, 38, Status.SNAKE, 0.01
7503, 2, 12, Status.SNAKE, 0.01
7504, 4, 21, Status.SNAKE, 0.01
7505, 4, 43, Status.SNAKE, 0.01
7506, 5, 41, Status.WALL, 0.01
7507, 2, 5, Status.SNAKE, 0.01
7508, 18, 143, Status.SNAKE, 0.01
7509, 2, 21, Status.SNAKE, 0.01
7510, 11, 81, Status.SNAKE, 0.01
7511, 5, 32, Status.SNAKE, 0.01
7512, 16, 107, Status.SNAKE, 0.01
7513, 17, 123, Status.SNAKE, 0.01
7514, 14, 92, Status.SNAKE, 0.01
7515, 2, 18, Status.WALL, 0.01
7516, 2, 19, Status.WALL, 0.01
7517, 15, 86, Status.SNAKE, 0.01
7518, 10, 74, Status.SNAKE, 0.01
7519, 7, 53, Status.SNAKE, 0.01
7520, 1, 8, Status.WALL, 0.01
7521, 9, 68, Status.SNAKE, 0.01
7522, 13, 111, Status.SNAKE, 0.01
7523, 13, 91, Status.SNAKE, 0.01
7524, 4, 32, Status.WALL, 0.01
7525, 14, 104, Status.SNAKE, 0.01
7526, 12, 104, Status.SNAKE, 0.01
7527, 1, 5, Status.SNAKE, 0.01
7528, 8, 50, Status.WALL, 0.01
7529, 8, 55, Status.SNAKE, 0.01
7530, 15, 90, Status.WALL, 0.01
7531, 8, 47, Status.SNAKE, 0.01
7532, 10, 74, Status.SNAKE, 0.01
7533, 2, 18, Status.WALL, 0.01
7534, 8, 79, Status.SNAKE, 0.01
7535, 3, 13, Status.SNAKE, 0.01
7536, 3, 28, Status.WALL, 0.01
7537, 4, 33, Status.WALL, 0.01
7538, 4, 23, Status.SNAKE, 0.01
7539, 15, 93, Status.SNAKE, 0.01
7540, 3, 25, Status.WALL, 0.01
7541, 2, 22, Status.SNAKE, 0.01
7542, 7, 45, Status.WALL, 0.01
7543, 8, 63, Status.SNAKE, 0.01
7544, 2, 11, Status.WALL, 0.01
7545, 14, 91, Status.SNAKE, 0.01
7546, 10, 64, Status.SNAKE, 0.01
7547, 12, 63, Status.SNAKE, 0.01
7548, 3, 25, Status.SNAKE, 0.01
7549, 9, 88, Status.WALL, 0.01
7550, 9, 70, Status.SNAKE, 0.01
7551, 7, 50, Status.WALL, 0.01
7552, 2, 9, Status.WALL, 0.01
7553, 5, 38, Status.SNAKE, 0.01
7554, 12, 84, Status.WALL, 0.01
7555, 12, 110, Status.SNAKE, 0.01
7556, 1, 10, Status.WALL, 0.01
7557, 10, 75, Status.SNAKE, 0.01
7558, 13, 107, Status.SNAKE, 0.01
7559, 1, 10, Status.WALL, 0.01
7560, 10, 60, Status.SNAKE, 0.01
7561, 8, 76, Status.SNAKE, 0.01
7562, 8, 61, Status.SNAKE, 0.01
7563, 4, 19, Status.SNAKE, 0.01
7564, 7, 66, Status.SNAKE, 0.01
7565, 9, 79, Status.WALL, 0.01
7566, 8, 52, Status.SNAKE, 0.01
7567, 3, 22, Status.SNAKE, 0.01
7568, 5, 40, Status.SNAKE, 0.01
7569, 2, 18, Status.WALL, 0.01
7570, 6, 51, Status.SNAKE, 0.01
7571, 8, 46, Status.SNAKE, 0.01
7572, 11, 79, Status.SNAKE, 0.01
7573, 9, 59, Status.WALL, 0.01
7574, 5, 40, Status.SNAKE, 0.01
7575, 9, 64, Status.SNAKE, 0.01
7576, 2, 15, Status.WALL, 0.01
7577, 5, 37, Status.WALL, 0.01
7578, 12, 63, Status.WALL, 0.01
7579, 7, 58, Status.SNAKE, 0.01
7580, 20, 128, Status.SNAKE, 0.01
7581, 3, 8, Status.WALL, 0.01
7582, 16, 99, Status.SNAKE, 0.01
7583, 12, 67, Status.SNAKE, 0.01
7584, 13, 87, Status.WALL, 0.01
7585, 14, 100, Status.SNAKE, 0.01
7586, 10, 65, Status.WALL, 0.01
7587, 1, 8, Status.SNAKE, 0.01
7588, 4, 40, Status.WALL, 0.01
7589, 1, 8, Status.WALL, 0.01
7590, 11, 89, Status.SNAKE, 0.01
7591, 1, 3, Status.SNAKE, 0.01
7592, 21, 130, Status.SNAKE, 0.01
7593, 7, 48, Status.SNAKE, 0.01
7594, 10, 69, Status.SNAKE, 0.01
7595, 16, 112, Status.SNAKE, 0.01
7596, 12, 79, Status.SNAKE, 0.01
7597, 5, 27, Status.SNAKE, 0.01
7598, 6, 33, Status.SNAKE, 0.01
7599, 15, 91, Status.WALL, 0.01
7600, 6, 34, Status.WALL, 0.01
7601, 4, 27, Status.SNAKE, 0.01
7602, 4, 23, Status.SNAKE, 0.01
7603, 6, 42, Status.SNAKE, 0.01
7604, 10, 87, Status.SNAKE, 0.01
7605, 2, 8, Status.SNAKE, 0.01
7606, 3, 28, Status.WALL, 0.01
7607, 12, 79, Status.SNAKE, 0.01
7608, 8, 66, Status.SNAKE, 0.01
7609, 5, 47, Status.SNAKE, 0.01
7610, 4, 23, Status.SNAKE, 0.01
7611, 9, 70, Status.SNAKE, 0.01
7612, 4, 22, Status.WALL, 0.01
7613, 16, 85, Status.SNAKE, 0.01
7614, 2, 6, Status.SNAKE, 0.01
7615, 13, 99, Status.SNAKE, 0.01
7616, 8, 61, Status.SNAKE, 0.01
7617, 9, 79, Status.SNAKE, 0.01
7618, 3, 26, Status.SNAKE, 0.01
7619, 7, 48, Status.WALL, 0.01
7620, 9, 68, Status.SNAKE, 0.01
7621, 8, 49, Status.SNAKE, 0.01
7622, 4, 29, Status.SNAKE, 0.01
7623, 12, 99, Status.SNAKE, 0.01
7624, 13, 98, Status.SNAKE, 0.01
7625, 4, 30, Status.SNAKE, 0.01
7626, 19, 126, Status.SNAKE, 0.01
7627, 8, 65, Status.SNAKE, 0.01
7628, 5, 28, Status.WALL, 0.01
7629, 1, 3, Status.SNAKE, 0.01
7630, 16, 130, Status.SNAKE, 0.01
7631, 5, 32, Status.WALL, 0.01
7632, 16, 89, Status.SNAKE, 0.01
7633, 5, 64, Status.WALL, 0.01
7634, 4, 23, Status.SNAKE, 0.01
7635, 1, 9, Status.WALL, 0.01
7636, 3, 26, Status.WALL, 0.01
7637, 12, 67, Status.SNAKE, 0.01
7638, 10, 82, Status.WALL, 0.01
7639, 3, 23, Status.SNAKE, 0.01
7640, 14, 122, Status.SNAKE, 0.01
7641, 6, 36, Status.SNAKE, 0.01
7642, 11, 87, Status.SNAKE, 0.01
7643, 4, 30, Status.WALL, 0.01
7644, 4, 56, Status.SNAKE, 0.01
7645, 10, 78, Status.SNAKE, 0.01
7646, 9, 68, Status.SNAKE, 0.01
7647, 2, 13, Status.SNAKE, 0.01
7648, 3, 22, Status.WALL, 0.01
7649, 10, 82, Status.SNAKE, 0.01
7650, 10, 91, Status.WALL, 0.01
7651, 6, 43, Status.SNAKE, 0.01
7652, 3, 27, Status.SNAKE, 0.01
7653, 12, 82, Status.SNAKE, 0.01
7654, 4, 38, Status.SNAKE, 0.01
7655, 15, 121, Status.SNAKE, 0.01
7656, 12, 85, Status.SNAKE, 0.01
7657, 5, 47, Status.SNAKE, 0.01
7658, 14, 80, Status.SNAKE, 0.01
7659, 7, 49, Status.SNAKE, 0.01
7660, 8, 58, Status.SNAKE, 0.01
7661, 5, 35, Status.SNAKE, 0.01
7662, 15, 94, Status.SNAKE, 0.01
7663, 5, 37, Status.WALL, 0.01
7664, 9, 94, Status.SNAKE, 0.01
7665, 6, 61, Status.SNAKE, 0.01
7666, 7, 48, Status.SNAKE, 0.01
7667, 14, 100, Status.SNAKE, 0.01
7668, 5, 34, Status.SNAKE, 0.01
7669, 14, 121, Status.SNAKE, 0.01
7670, 8, 43, Status.WALL, 0.01
7671, 16, 106, Status.WALL, 0.01
7672, 2, 13, Status.SNAKE, 0.01
7673, 7, 48, Status.SNAKE, 0.01
7674, 6, 43, Status.SNAKE, 0.01
7675, 12, 104, Status.WALL, 0.01
7676, 2, 18, Status.WALL, 0.01
7677, 7, 37, Status.SNAKE, 0.01
7678, 8, 61, Status.SNAKE, 0.01
7679, 17, 93, Status.SNAKE, 0.01
7680, 9, 73, Status.SNAKE, 0.01
7681, 8, 36, Status.SNAKE, 0.01
7682, 1, 6, Status.SNAKE, 0.01
7683, 5, 26, Status.SNAKE, 0.01
7684, 3, 12, Status.SNAKE, 0.01
7685, 6, 37, Status.SNAKE, 0.01
7686, 19, 121, Status.SNAKE, 0.01
7687, 10, 68, Status.SNAKE, 0.01
7688, 10, 48, Status.SNAKE, 0.01
7689, 12, 77, Status.WALL, 0.01
7690, 11, 82, Status.SNAKE, 0.01
7691, 4, 31, Status.SNAKE, 0.01
7692, 0, 6, Status.WALL, 0.01
7693, 6, 39, Status.SNAKE, 0.01
7694, 8, 55, Status.SNAKE, 0.01
7695, 5, 32, Status.SNAKE, 0.01
7696, 4, 36, Status.SNAKE, 0.01
7697, 19, 120, Status.SNAKE, 0.01
7698, 1, 6, Status.SNAKE, 0.01
7699, 13, 82, Status.SNAKE, 0.01
7700, 2, 8, Status.WALL, 0.01
7701, 7, 65, Status.WALL, 0.01
7702, 9, 51, Status.SNAKE, 0.01
7703, 7, 42, Status.SNAKE, 0.01
7704, 1, 10, Status.WALL, 0.01
7705, 6, 48, Status.WALL, 0.01
7706, 4, 31, Status.SNAKE, 0.01
7707, 9, 60, Status.SNAKE, 0.01
7708, 1, 7, Status.SNAKE, 0.01
7709, 12, 81, Status.SNAKE, 0.01
7710, 14, 93, Status.SNAKE, 0.01
7711, 1, 6, Status.SNAKE, 0.01
7712, 10, 79, Status.WALL, 0.01
7713, 9, 72, Status.SNAKE, 0.01
7714, 7, 30, Status.SNAKE, 0.01
7715, 9, 64, Status.SNAKE, 0.01
7716, 6, 39, Status.WALL, 0.01
7717, 8, 66, Status.SNAKE, 0.01
7718, 13, 72, Status.WALL, 0.01
7719, 13, 107, Status.SNAKE, 0.01
7720, 9, 87, Status.SNAKE, 0.01
7721, 9, 67, Status.SNAKE, 0.01
7722, 6, 50, Status.SNAKE, 0.01
7723, 5, 33, Status.SNAKE, 0.01
7724, 8, 47, Status.SNAKE, 0.01
7725, 15, 87, Status.SNAKE, 0.01
7726, 6, 56, Status.WALL, 0.01
7727, 13, 112, Status.SNAKE, 0.01
7728, 16, 126, Status.SNAKE, 0.01
7729, 14, 116, Status.SNAKE, 0.01
7730, 8, 46, Status.SNAKE, 0.01
7731, 7, 36, Status.SNAKE, 0.01
7732, 2, 13, Status.WALL, 0.01
7733, 3, 25, Status.SNAKE, 0.01
7734, 9, 73, Status.WALL, 0.01
7735, 18, 101, Status.SNAKE, 0.01
7736, 8, 62, Status.SNAKE, 0.01
7737, 10, 54, Status.SNAKE, 0.01
7738, 10, 75, Status.SNAKE, 0.01
7739, 5, 50, Status.SNAKE, 0.01
7740, 2, 16, Status.WALL, 0.01
7741, 15, 122, Status.SNAKE, 0.01
7742, 12, 99, Status.SNAKE, 0.01
7743, 2, 5, Status.SNAKE, 0.01
7744, 1, 7, Status.SNAKE, 0.01
7745, 11, 62, Status.SNAKE, 0.01
7746, 3, 27, Status.WALL, 0.01
7747, 8, 67, Status.SNAKE, 0.01
7748, 7, 41, Status.SNAKE, 0.01
7749, 2, 14, Status.SNAKE, 0.01
7750, 13, 87, Status.SNAKE, 0.01
7751, 8, 52, Status.WALL, 0.01
7752, 4, 17, Status.SNAKE, 0.01
7753, 11, 68, Status.SNAKE, 0.01
7754, 1, 3, Status.SNAKE, 0.01
7755, 3, 14, Status.SNAKE, 0.01
7756, 16, 104, Status.SNAKE, 0.01
7757, 3, 18, Status.SNAKE, 0.01
7758, 10, 54, Status.SNAKE, 0.01
7759, 12, 91, Status.SNAKE, 0.01
7760, 1, 8, Status.WALL, 0.01
7761, 18, 141, Status.SNAKE, 0.01
7762, 7, 39, Status.WALL, 0.01
7763, 4, 29, Status.WALL, 0.01
7764, 15, 106, Status.SNAKE, 0.01
7765, 9, 44, Status.SNAKE, 0.01
7766, 7, 55, Status.SNAKE, 0.01
7767, 13, 95, Status.SNAKE, 0.01
7768, 7, 40, Status.WALL, 0.01
7769, 2, 7, Status.SNAKE, 0.01
7770, 28, 257, Status.SNAKE, 0.01
7771, 14, 119, Status.SNAKE, 0.01
7772, 18, 136, Status.WALL, 0.01
7773, 3, 22, Status.SNAKE, 0.01
7774, 14, 141, Status.SNAKE, 0.01
7775, 13, 106, Status.SNAKE, 0.01
7776, 3, 11, Status.SNAKE, 0.01
7777, 7, 41, Status.WALL, 0.01
7778, 11, 66, Status.SNAKE, 0.01
7779, 12, 87, Status.SNAKE, 0.01
7780, 5, 28, Status.WALL, 0.01
7781, 14, 103, Status.SNAKE, 0.01
7782, 5, 31, Status.SNAKE, 0.01
7783, 4, 32, Status.WALL, 0.01
7784, 3, 24, Status.WALL, 0.01
7785, 8, 80, Status.SNAKE, 0.01
7786, 8, 75, Status.SNAKE, 0.01
7787, 1, 5, Status.SNAKE, 0.01
7788, 6, 29, Status.SNAKE, 0.01
7789, 11, 87, Status.SNAKE, 0.01
7790, 5, 43, Status.SNAKE, 0.01
7791, 17, 112, Status.SNAKE, 0.01
7792, 5, 41, Status.WALL, 0.01
7793, 13, 115, Status.SNAKE, 0.01
7794, 5, 40, Status.WALL, 0.01
7795, 5, 41, Status.SNAKE, 0.01
7796, 2, 18, Status.WALL, 0.01
7797, 8, 52, Status.SNAKE, 0.01
7798, 20, 130, Status.SNAKE, 0.01
7799, 14, 71, Status.SNAKE, 0.01
7800, 6, 40, Status.SNAKE, 0.01
7801, 3, 15, Status.WALL, 0.01
7802, 4, 25, Status.WALL, 0.01
7803, 12, 96, Status.WALL, 0.01
7804, 14, 67, Status.WALL, 0.01
7805, 1, 8, Status.SNAKE, 0.01
7806, 10, 71, Status.SNAKE, 0.01
7807, 8, 46, Status.SNAKE, 0.01
7808, 1, 10, Status.WALL, 0.01
7809, 16, 107, Status.SNAKE, 0.01
7810, 10, 78, Status.SNAKE, 0.01
7811, 4, 38, Status.WALL, 0.01
7812, 4, 29, Status.SNAKE, 0.01
7813, 6, 40, Status.SNAKE, 0.01
7814, 2, 16, Status.WALL, 0.01
7815, 8, 55, Status.SNAKE, 0.01
7816, 9, 58, Status.SNAKE, 0.01
7817, 6, 47, Status.SNAKE, 0.01
7818, 8, 46, Status.SNAKE, 0.01
7819, 18, 118, Status.SNAKE, 0.01
7820, 5, 33, Status.SNAKE, 0.01
7821, 16, 98, Status.SNAKE, 0.01
7822, 20, 144, Status.WALL, 0.01
7823, 9, 63, Status.WALL, 0.01
7824, 2, 16, Status.SNAKE, 0.01
7825, 6, 70, Status.WALL, 0.01
7826, 5, 43, Status.SNAKE, 0.01
7827, 8, 62, Status.SNAKE, 0.01
7828, 14, 102, Status.WALL, 0.01
7829, 1, 3, Status.SNAKE, 0.01
7830, 5, 22, Status.SNAKE, 0.01
7831, 9, 44, Status.SNAKE, 0.01
7832, 3, 16, Status.WALL, 0.01
7833, 2, 23, Status.SNAKE, 0.01
7834, 10, 67, Status.WALL, 0.01
7835, 12, 82, Status.WALL, 0.01
7836, 5, 35, Status.SNAKE, 0.01
7837, 9, 52, Status.SNAKE, 0.01
7838, 15, 103, Status.SNAKE, 0.01
7839, 12, 75, Status.SNAKE, 0.01
7840, 7, 39, Status.SNAKE, 0.01
7841, 4, 26, Status.SNAKE, 0.01
7842, 13, 75, Status.SNAKE, 0.01
7843, 6, 52, Status.WALL, 0.01
7844, 5, 36, Status.WALL, 0.01
7845, 9, 76, Status.SNAKE, 0.01
7846, 14, 86, Status.SNAKE, 0.01
7847, 13, 85, Status.SNAKE, 0.01
7848, 7, 43, Status.SNAKE, 0.01
7849, 10, 52, Status.WALL, 0.01
7850, 11, 71, Status.SNAKE, 0.01
7851, 20, 148, Status.SNAKE, 0.01
7852, 5, 58, Status.SNAKE, 0.01
7853, 9, 75, Status.SNAKE, 0.01
7854, 7, 44, Status.SNAKE, 0.01
7855, 1, 5, Status.SNAKE, 0.01
7856, 3, 28, Status.SNAKE, 0.01
7857, 5, 27, Status.SNAKE, 0.01
7858, 1, 5, Status.SNAKE, 0.01
7859, 11, 70, Status.SNAKE, 0.01
7860, 3, 24, Status.SNAKE, 0.01
7861, 6, 44, Status.SNAKE, 0.01
7862, 7, 59, Status.WALL, 0.01
7863, 23, 172, Status.WALL, 0.01
7864, 14, 89, Status.WALL, 0.01
7865, 9, 54, Status.SNAKE, 0.01
7866, 11, 79, Status.SNAKE, 0.01
7867, 6, 45, Status.SNAKE, 0.01
7868, 11, 84, Status.WALL, 0.01
7869, 2, 17, Status.WALL, 0.01
7870, 12, 85, Status.SNAKE, 0.01
7871, 9, 60, Status.WALL, 0.01
7872, 10, 72, Status.SNAKE, 0.01
7873, 11, 73, Status.SNAKE, 0.01
7874, 15, 113, Status.WALL, 0.01
7875, 10, 64, Status.SNAKE, 0.01
7876, 2, 14, Status.SNAKE, 0.01
7877, 18, 120, Status.SNAKE, 0.01
7878, 3, 23, Status.WALL, 0.01
7879, 1, 10, Status.WALL, 0.01
7880, 9, 85, Status.WALL, 0.01
7881, 10, 69, Status.WALL, 0.01
7882, 5, 32, Status.SNAKE, 0.01
7883, 6, 55, Status.SNAKE, 0.01
7884, 2, 18, Status.SNAKE, 0.01
7885, 0, 5, Status.WALL, 0.01
7886, 21, 123, Status.SNAKE, 0.01
7887, 11, 82, Status.SNAKE, 0.01
7888, 5, 30, Status.WALL, 0.01
7889, 5, 34, Status.SNAKE, 0.01
7890, 8, 55, Status.SNAKE, 0.01
7891, 7, 51, Status.SNAKE, 0.01
7892, 14, 118, Status.SNAKE, 0.01
7893, 18, 122, Status.SNAKE, 0.01
7894, 10, 78, Status.SNAKE, 0.01
7895, 4, 20, Status.SNAKE, 0.01
7896, 8, 50, Status.SNAKE, 0.01
7897, 7, 47, Status.SNAKE, 0.01
7898, 14, 109, Status.SNAKE, 0.01
7899, 6, 46, Status.SNAKE, 0.01
7900, 8, 63, Status.SNAKE, 0.01
7901, 14, 77, Status.WALL, 0.01
7902, 11, 79, Status.SNAKE, 0.01
7903, 7, 46, Status.SNAKE, 0.01
7904, 11, 79, Status.SNAKE, 0.01
7905, 14, 111, Status.SNAKE, 0.01
7906, 7, 33, Status.SNAKE, 0.01
7907, 4, 27, Status.SNAKE, 0.01
7908, 7, 50, Status.SNAKE, 0.01
7909, 10, 57, Status.SNAKE, 0.01
7910, 8, 68, Status.SNAKE, 0.01
7911, 7, 42, Status.SNAKE, 0.01
7912, 2, 13, Status.WALL, 0.01
7913, 14, 114, Status.SNAKE, 0.01
7914, 10, 78, Status.SNAKE, 0.01
7915, 2, 7, Status.SNAKE, 0.01
7916, 7, 50, Status.SNAKE, 0.01
7917, 3, 24, Status.WALL, 0.01
7918, 17, 121, Status.SNAKE, 0.01
7919, 1, 10, Status.WALL, 0.01
7920, 13, 98, Status.SNAKE, 0.01
7921, 9, 75, Status.SNAKE, 0.01
7922, 13, 92, Status.SNAKE, 0.01
7923, 6, 35, Status.SNAKE, 0.01
7924, 10, 72, Status.SNAKE, 0.01
7925, 2, 8, Status.SNAKE, 0.01
7926, 5, 27, Status.SNAKE, 0.01
7927, 11, 81, Status.SNAKE, 0.01
7928, 11, 92, Status.SNAKE, 0.01
7929, 17, 120, Status.WALL, 0.01
7930, 18, 100, Status.WALL, 0.01
7931, 4, 46, Status.SNAKE, 0.01
7932, 2, 15, Status.WALL, 0.01
7933, 4, 23, Status.SNAKE, 0.01
7934, 5, 36, Status.SNAKE, 0.01
7935, 5, 16, Status.SNAKE, 0.01
7936, 4, 29, Status.WALL, 0.01
7937, 11, 92, Status.SNAKE, 0.01
7938, 15, 130, Status.SNAKE, 0.01
7939, 8, 65, Status.SNAKE, 0.01
7940, 16, 106, Status.SNAKE, 0.01
7941, 8, 67, Status.SNAKE, 0.01
7942, 4, 25, Status.SNAKE, 0.01
7943, 2, 18, Status.SNAKE, 0.01
7944, 6, 40, Status.WALL, 0.01
7945, 6, 45, Status.SNAKE, 0.01
7946, 14, 86, Status.SNAKE, 0.01
7947, 8, 58, Status.SNAKE, 0.01
7948, 9, 73, Status.SNAKE, 0.01
7949, 8, 57, Status.SNAKE, 0.01
7950, 6, 46, Status.SNAKE, 0.01
7951, 9, 45, Status.SNAKE, 0.01
7952, 9, 68, Status.SNAKE, 0.01
7953, 8, 37, Status.WALL, 0.01
7954, 0, 4, Status.WALL, 0.01
7955, 19, 130, Status.SNAKE, 0.01
7956, 2, 7, Status.SNAKE, 0.01
7957, 14, 87, Status.SNAKE, 0.01
7958, 8, 62, Status.WALL, 0.01
7959, 20, 110, Status.WALL, 0.01
7960, 3, 22, Status.SNAKE, 0.01
7961, 6, 43, Status.SNAKE, 0.01
7962, 17, 99, Status.SNAKE, 0.01
7963, 4, 25, Status.SNAKE, 0.01
7964, 10, 74, Status.WALL, 0.01
7965, 5, 31, Status.WALL, 0.01
7966, 1, 5, Status.SNAKE, 0.01
7967, 3, 17, Status.SNAKE, 0.01
7968, 4, 22, Status.WALL, 0.01
7969, 4, 24, Status.SNAKE, 0.01
7970, 5, 34, Status.SNAKE, 0.01
7971, 4, 22, Status.SNAKE, 0.01
7972, 11, 97, Status.SNAKE, 0.01
7973, 8, 76, Status.SNAKE, 0.01
7974, 9, 65, Status.SNAKE, 0.01
7975, 7, 41, Status.SNAKE, 0.01
7976, 2, 21, Status.SNAKE, 0.01
7977, 15, 132, Status.SNAKE, 0.01
7978, 5, 51, Status.WALL, 0.01
7979, 1, 3, Status.SNAKE, 0.01
7980, 5, 25, Status.SNAKE, 0.01
7981, 14, 106, Status.SNAKE, 0.01
7982, 10, 72, Status.SNAKE, 0.01
7983, 9, 58, Status.SNAKE, 0.01
7984, 9, 71, Status.WALL, 0.01
7985, 5, 24, Status.SNAKE, 0.01
7986, 7, 41, Status.SNAKE, 0.01
7987, 3, 20, Status.SNAKE, 0.01
7988, 1, 9, Status.SNAKE, 0.01
7989, 7, 57, Status.SNAKE, 0.01
7990, 10, 60, Status.SNAKE, 0.01
7991, 11, 71, Status.SNAKE, 0.01
7992, 11, 88, Status.SNAKE, 0.01
7993, 5, 18, Status.SNAKE, 0.01
7994, 12, 60, Status.WALL, 0.01
7995, 13, 104, Status.SNAKE, 0.01
7996, 8, 52, Status.SNAKE, 0.01
7997, 8, 39, Status.SNAKE, 0.01
7998, 5, 32, Status.SNAKE, 0.01
7999, 6, 48, Status.SNAKE, 0.01
8000, 8, 54, Status.SNAKE, 0.01
8001, 10, 62, Status.SNAKE, 0.01
8002, 7, 57, Status.SNAKE, 0.01
8003, 1, 10, Status.WALL, 0.01
8004, 11, 119, Status.SNAKE, 0.01
8005, 1, 13, Status.WALL, 0.01
8006, 14, 115, Status.SNAKE, 0.01
8007, 7, 55, Status.SNAKE, 0.01
8008, 3, 18, Status.SNAKE, 0.01
8009, 3, 19, Status.WALL, 0.01
8010, 6, 38, Status.WALL, 0.01
8011, 3, 15, Status.SNAKE, 0.01
8012, 21, 119, Status.SNAKE, 0.01
8013, 5, 36, Status.SNAKE, 0.01
8014, 13, 121, Status.SNAKE, 0.01
8015, 13, 97, Status.SNAKE, 0.01
8016, 15, 111, Status.WALL, 0.01
8017, 12, 88, Status.WALL, 0.01
8018, 2, 11, Status.SNAKE, 0.01
8019, 13, 94, Status.SNAKE, 0.01
8020, 3, 13, Status.SNAKE, 0.01
8021, 18, 132, Status.SNAKE, 0.01
8022, 12, 101, Status.SNAKE, 0.01
8023, 10, 64, Status.WALL, 0.01
8024, 17, 113, Status.SNAKE, 0.01
8025, 7, 55, Status.WALL, 0.01
8026, 14, 117, Status.SNAKE, 0.01
8027, 11, 82, Status.SNAKE, 0.01
8028, 6, 46, Status.SNAKE, 0.01
8029, 18, 110, Status.SNAKE, 0.01
8030, 13, 83, Status.WALL, 0.01
8031, 7, 41, Status.SNAKE, 0.01
8032, 6, 41, Status.SNAKE, 0.01
8033, 15, 94, Status.WALL, 0.01
8034, 8, 54, Status.SNAKE, 0.01
8035, 15, 100, Status.WALL, 0.01
8036, 5, 32, Status.SNAKE, 0.01
8037, 7, 43, Status.SNAKE, 0.01
8038, 6, 46, Status.WALL, 0.01
8039, 14, 134, Status.WALL, 0.01
8040, 4, 20, Status.SNAKE, 0.01
8041, 5, 40, Status.SNAKE, 0.01
8042, 3, 24, Status.WALL, 0.01
8043, 1, 5, Status.SNAKE, 0.01
8044, 8, 59, Status.SNAKE, 0.01
8045, 1, 3, Status.SNAKE, 0.01
8046, 2, 21, Status.SNAKE, 0.01
8047, 4, 30, Status.SNAKE, 0.01
8048, 3, 27, Status.SNAKE, 0.01
8049, 5, 47, Status.SNAKE, 0.01
8050, 7, 54, Status.SNAKE, 0.01
8051, 7, 40, Status.WALL, 0.01
8052, 11, 74, Status.WALL, 0.01
8053, 13, 95, Status.WALL, 0.01
8054, 4, 21, Status.SNAKE, 0.01
8055, 3, 20, Status.SNAKE, 0.01
8056, 4, 31, Status.WALL, 0.01
8057, 2, 14, Status.WALL, 0.01
8058, 1, 4, Status.WALL, 0.01
8059, 10, 83, Status.SNAKE, 0.01
8060, 10, 79, Status.SNAKE, 0.01
8061, 10, 50, Status.WALL, 0.01
8062, 7, 37, Status.SNAKE, 0.01
8063, 4, 23, Status.SNAKE, 0.01
8064, 8, 73, Status.SNAKE, 0.01
8065, 3, 17, Status.SNAKE, 0.01
8066, 3, 28, Status.SNAKE, 0.01
8067, 9, 61, Status.SNAKE, 0.01
8068, 11, 78, Status.WALL, 0.01
8069, 4, 31, Status.WALL, 0.01
8070, 4, 47, Status.SNAKE, 0.01
8071, 7, 52, Status.SNAKE, 0.01
8072, 6, 39, Status.WALL, 0.01
8073, 12, 82, Status.SNAKE, 0.01
8074, 15, 86, Status.SNAKE, 0.01
8075, 2, 16, Status.SNAKE, 0.01
8076, 15, 107, Status.SNAKE, 0.01
8077, 19, 132, Status.SNAKE, 0.01
8078, 4, 20, Status.WALL, 0.01
8079, 15, 108, Status.SNAKE, 0.01
8080, 13, 97, Status.WALL, 0.01
8081, 7, 52, Status.SNAKE, 0.01
8082, 2, 20, Status.SNAKE, 0.01
8083, 10, 74, Status.SNAKE, 0.01
8084, 11, 58, Status.SNAKE, 0.01
8085, 14, 97, Status.SNAKE, 0.01
8086, 9, 84, Status.SNAKE, 0.01
8087, 1, 7, Status.WALL, 0.01
8088, 12, 75, Status.SNAKE, 0.01
8089, 9, 71, Status.WALL, 0.01
8090, 6, 46, Status.SNAKE, 0.01
8091, 20, 178, Status.SNAKE, 0.01
8092, 8, 57, Status.SNAKE, 0.01
8093, 3, 21, Status.WALL, 0.01
8094, 1, 10, Status.WALL, 0.01
8095, 10, 83, Status.SNAKE, 0.01
8096, 9, 63, Status.SNAKE, 0.01
8097, 6, 41, Status.SNAKE, 0.01
8098, 8, 58, Status.SNAKE, 0.01
8099, 3, 23, Status.SNAKE, 0.01
8100, 2, 17, Status.SNAKE, 0.01
8101, 8, 52, Status.SNAKE, 0.01
8102, 7, 48, Status.SNAKE, 0.01
8103, 2, 18, Status.SNAKE, 0.01
8104, 9, 64, Status.SNAKE, 0.01
8105, 6, 36, Status.SNAKE, 0.01
8106, 4, 30, Status.SNAKE, 0.01
8107, 2, 10, Status.SNAKE, 0.01
8108, 9, 66, Status.SNAKE, 0.01
8109, 2, 11, Status.SNAKE, 0.01
8110, 9, 78, Status.SNAKE, 0.01
8111, 6, 51, Status.SNAKE, 0.01
8112, 12, 83, Status.SNAKE, 0.01
8113, 6, 50, Status.SNAKE, 0.01
8114, 9, 66, Status.SNAKE, 0.01
8115, 12, 88, Status.SNAKE, 0.01
8116, 13, 99, Status.SNAKE, 0.01
8117, 1, 10, Status.WALL, 0.01
8118, 2, 15, Status.WALL, 0.01
8119, 13, 96, Status.SNAKE, 0.01
8120, 6, 54, Status.SNAKE, 0.01
8121, 12, 63, Status.SNAKE, 0.01
8122, 13, 90, Status.WALL, 0.01
8123, 7, 58, Status.SNAKE, 0.01
8124, 14, 104, Status.SNAKE, 0.01
8125, 10, 45, Status.SNAKE, 0.01
8126, 2, 14, Status.SNAKE, 0.01
8127, 13, 97, Status.SNAKE, 0.01
8128, 10, 88, Status.SNAKE, 0.01
8129, 10, 83, Status.SNAKE, 0.01
8130, 1, 5, Status.SNAKE, 0.01
8131, 7, 46, Status.WALL, 0.01
8132, 7, 44, Status.SNAKE, 0.01
8133, 9, 65, Status.SNAKE, 0.01
8134, 11, 82, Status.SNAKE, 0.01
8135, 4, 34, Status.SNAKE, 0.01
8136, 7, 68, Status.SNAKE, 0.01
8137, 15, 105, Status.SNAKE, 0.01
8138, 12, 82, Status.WALL, 0.01
8139, 10, 79, Status.SNAKE, 0.01
8140, 16, 137, Status.SNAKE, 0.01
8141, 17, 82, Status.SNAKE, 0.01
8142, 14, 115, Status.SNAKE, 0.01
8143, 11, 87, Status.SNAKE, 0.01
8144, 8, 53, Status.SNAKE, 0.01
8145, 19, 142, Status.SNAKE, 0.01
8146, 3, 25, Status.WALL, 0.01
8147, 17, 126, Status.SNAKE, 0.01
8148, 5, 44, Status.WALL, 0.01
8149, 7, 26, Status.SNAKE, 0.01
8150, 2, 24, Status.WALL, 0.01
8151, 12, 80, Status.SNAKE, 0.01
8152, 9, 76, Status.WALL, 0.01
8153, 16, 100, Status.SNAKE, 0.01
8154, 1, 10, Status.WALL, 0.01
8155, 4, 31, Status.SNAKE, 0.01
8156, 10, 63, Status.WALL, 0.01
8157, 2, 6, Status.SNAKE, 0.01
8158, 7, 46, Status.SNAKE, 0.01
8159, 6, 36, Status.SNAKE, 0.01
8160, 6, 33, Status.SNAKE, 0.01
8161, 11, 75, Status.SNAKE, 0.01
8162, 5, 38, Status.SNAKE, 0.01
8163, 8, 73, Status.SNAKE, 0.01
8164, 9, 47, Status.SNAKE, 0.01
8165, 10, 58, Status.SNAKE, 0.01
8166, 11, 76, Status.SNAKE, 0.01
8167, 8, 76, Status.SNAKE, 0.01
8168, 17, 118, Status.SNAKE, 0.01
8169, 7, 34, Status.SNAKE, 0.01
8170, 19, 131, Status.SNAKE, 0.01
8171, 13, 98, Status.SNAKE, 0.01
8172, 11, 58, Status.SNAKE, 0.01
8173, 6, 45, Status.SNAKE, 0.01
8174, 10, 77, Status.WALL, 0.01
8175, 3, 12, Status.WALL, 0.01
8176, 4, 14, Status.WALL, 0.01
8177, 6, 42, Status.SNAKE, 0.01
8178, 5, 45, Status.SNAKE, 0.01
8179, 11, 81, Status.WALL, 0.01
8180, 5, 24, Status.SNAKE, 0.01
8181, 1, 5, Status.SNAKE, 0.01
8182, 6, 35, Status.WALL, 0.01
8183, 12, 75, Status.SNAKE, 0.01
8184, 5, 38, Status.SNAKE, 0.01
8185, 7, 38, Status.SNAKE, 0.01
8186, 10, 47, Status.SNAKE, 0.01
8187, 13, 90, Status.SNAKE, 0.01
8188, 1, 3, Status.SNAKE, 0.01
8189, 2, 11, Status.SNAKE, 0.01
8190, 4, 14, Status.WALL, 0.01
8191, 7, 32, Status.SNAKE, 0.01
8192, 12, 90, Status.SNAKE, 0.01
8193, 14, 114, Status.SNAKE, 0.01
8194, 12, 86, Status.SNAKE, 0.01
8195, 14, 100, Status.SNAKE, 0.01
8196, 9, 55, Status.SNAKE, 0.01
8197, 3, 18, Status.WALL, 0.01
8198, 5, 22, Status.SNAKE, 0.01
8199, 2, 19, Status.SNAKE, 0.01
8200, 2, 22, Status.WALL, 0.01
8201, 12, 80, Status.SNAKE, 0.01
8202, 6, 38, Status.WALL, 0.01
8203, 12, 85, Status.SNAKE, 0.01
8204, 13, 82, Status.SNAKE, 0.01
8205, 11, 94, Status.SNAKE, 0.01
8206, 8, 52, Status.SNAKE, 0.01
8207, 11, 79, Status.SNAKE, 0.01
8208, 4, 25, Status.WALL, 0.01
8209, 14, 121, Status.SNAKE, 0.01
8210, 22, 150, Status.SNAKE, 0.01
8211, 16, 103, Status.SNAKE, 0.01
8212, 7, 32, Status.SNAKE, 0.01
8213, 6, 50, Status.WALL, 0.01
8214, 8, 63, Status.SNAKE, 0.01
8215, 5, 35, Status.SNAKE, 0.01
8216, 11, 62, Status.SNAKE, 0.01
8217, 7, 42, Status.WALL, 0.01
8218, 7, 38, Status.WALL, 0.01
8219, 6, 30, Status.SNAKE, 0.01
8220, 9, 74, Status.WALL, 0.01
8221, 9, 66, Status.SNAKE, 0.01
8222, 9, 56, Status.WALL, 0.01
8223, 1, 11, Status.SNAKE, 0.01
8224, 4, 21, Status.WALL, 0.01
8225, 13, 102, Status.WALL, 0.01
8226, 6, 39, Status.SNAKE, 0.01
8227, 17, 132, Status.WALL, 0.01
8228, 11, 91, Status.SNAKE, 0.01
8229, 5, 32, Status.SNAKE, 0.01
8230, 10, 66, Status.WALL, 0.01
8231, 5, 24, Status.SNAKE, 0.01
8232, 17, 119, Status.SNAKE, 0.01
8233, 7, 52, Status.SNAKE, 0.01
8234, 12, 95, Status.SNAKE, 0.01
8235, 8, 73, Status.SNAKE, 0.01
8236, 3, 21, Status.SNAKE, 0.01
8237, 7, 39, Status.SNAKE, 0.01
8238, 4, 31, Status.WALL, 0.01
8239, 3, 34, Status.SNAKE, 0.01
8240, 9, 88, Status.SNAKE, 0.01
8241, 15, 107, Status.SNAKE, 0.01
8242, 2, 17, Status.SNAKE, 0.01
8243, 7, 63, Status.WALL, 0.01
8244, 8, 45, Status.SNAKE, 0.01
8245, 2, 10, Status.SNAKE, 0.01
8246, 15, 97, Status.SNAKE, 0.01
8247, 4, 13, Status.SNAKE, 0.01
8248, 18, 158, Status.SNAKE, 0.01
8249, 7, 43, Status.SNAKE, 0.01
8250, 3, 30, Status.SNAKE, 0.01
8251, 10, 72, Status.SNAKE, 0.01
8252, 8, 56, Status.SNAKE, 0.01
8253, 9, 68, Status.SNAKE, 0.01
8254, 7, 48, Status.WALL, 0.01
8255, 10, 69, Status.WALL, 0.01
8256, 11, 104, Status.WALL, 0.01
8257, 3, 34, Status.WALL, 0.01
8258, 10, 62, Status.SNAKE, 0.01
8259, 5, 49, Status.SNAKE, 0.01
8260, 8, 53, Status.SNAKE, 0.01
8261, 3, 30, Status.WALL, 0.01
8262, 3, 18, Status.SNAKE, 0.01
8263, 13, 87, Status.SNAKE, 0.01
8264, 11, 95, Status.SNAKE, 0.01
8265, 1, 3, Status.SNAKE, 0.01
8266, 10, 59, Status.WALL, 0.01
8267, 3, 19, Status.SNAKE, 0.01
8268, 5, 37, Status.SNAKE, 0.01
8269, 3, 15, Status.SNAKE, 0.01
8270, 3, 29, Status.WALL, 0.01
8271, 10, 81, Status.WALL, 0.01
8272, 3, 36, Status.SNAKE, 0.01
8273, 10, 63, Status.SNAKE, 0.01
8274, 7, 58, Status.WALL, 0.01
8275, 7, 42, Status.SNAKE, 0.01
8276, 9, 53, Status.SNAKE, 0.01
8277, 5, 29, Status.SNAKE, 0.01
8278, 8, 44, Status.SNAKE, 0.01
8279, 7, 41, Status.WALL, 0.01
8280, 7, 69, Status.SNAKE, 0.01
8281, 13, 90, Status.WALL, 0.01
8282, 15, 120, Status.SNAKE, 0.01
8283, 22, 145, Status.SNAKE, 0.01
8284, 8, 50, Status.SNAKE, 0.01
8285, 6, 36, Status.SNAKE, 0.01
8286, 6, 29, Status.WALL, 0.01
8287, 9, 58, Status.SNAKE, 0.01
8288, 11, 76, Status.SNAKE, 0.01
8289, 14, 90, Status.SNAKE, 0.01
8290, 10, 57, Status.SNAKE, 0.01
8291, 6, 31, Status.SNAKE, 0.01
8292, 14, 108, Status.SNAKE, 0.01
8293, 8, 58, Status.SNAKE, 0.01
8294, 11, 79, Status.SNAKE, 0.01
8295, 6, 49, Status.SNAKE, 0.01
8296, 5, 29, Status.SNAKE, 0.01
8297, 12, 71, Status.SNAKE, 0.01
8298, 4, 24, Status.WALL, 0.01
8299, 17, 108, Status.SNAKE, 0.01
8300, 3, 18, Status.SNAKE, 0.01
8301, 12, 112, Status.SNAKE, 0.01
8302, 10, 84, Status.SNAKE, 0.01
8303, 17, 100, Status.SNAKE, 0.01
8304, 14, 97, Status.SNAKE, 0.01
8305, 2, 16, Status.WALL, 0.01
8306, 4, 24, Status.SNAKE, 0.01
8307, 12, 71, Status.SNAKE, 0.01
8308, 14, 99, Status.SNAKE, 0.01
8309, 7, 48, Status.SNAKE, 0.01
8310, 22, 152, Status.SNAKE, 0.01
8311, 9, 70, Status.SNAKE, 0.01
8312, 19, 119, Status.SNAKE, 0.01
8313, 8, 50, Status.SNAKE, 0.01
8314, 9, 46, Status.SNAKE, 0.01
8315, 7, 41, Status.SNAKE, 0.01
8316, 16, 117, Status.SNAKE, 0.01
8317, 15, 128, Status.SNAKE, 0.01
8318, 1, 5, Status.SNAKE, 0.01
8319, 14, 95, Status.SNAKE, 0.01
8320, 11, 61, Status.SNAKE, 0.01
8321, 3, 21, Status.SNAKE, 0.01
8322, 7, 51, Status.SNAKE, 0.01
8323, 8, 67, Status.SNAKE, 0.01
8324, 13, 92, Status.SNAKE, 0.01
8325, 9, 47, Status.SNAKE, 0.01
8326, 3, 33, Status.WALL, 0.01
8327, 5, 39, Status.SNAKE, 0.01
8328, 5, 35, Status.SNAKE, 0.01
8329, 5, 39, Status.SNAKE, 0.01
8330, 11, 96, Status.SNAKE, 0.01
8331, 9, 64, Status.SNAKE, 0.01
8332, 14, 83, Status.SNAKE, 0.01
8333, 14, 112, Status.SNAKE, 0.01
8334, 7, 66, Status.SNAKE, 0.01
8335, 9, 53, Status.SNAKE, 0.01
8336, 12, 101, Status.SNAKE, 0.01
8337, 15, 105, Status.SNAKE, 0.01
8338, 23, 137, Status.SNAKE, 0.01
8339, 7, 55, Status.SNAKE, 0.01
8340, 12, 92, Status.SNAKE, 0.01
8341, 7, 49, Status.SNAKE, 0.01
8342, 14, 144, Status.SNAKE, 0.01
8343, 5, 24, Status.SNAKE, 0.01
8344, 11, 71, Status.SNAKE, 0.01
8345, 7, 45, Status.SNAKE, 0.01
8346, 11, 73, Status.SNAKE, 0.01
8347, 10, 44, Status.SNAKE, 0.01
8348, 5, 29, Status.SNAKE, 0.01
8349, 10, 77, Status.WALL, 0.01
8350, 13, 78, Status.SNAKE, 0.01
8351, 10, 64, Status.SNAKE, 0.01
8352, 13, 107, Status.SNAKE, 0.01
8353, 8, 48, Status.SNAKE, 0.01
8354, 2, 16, Status.WALL, 0.01
8355, 8, 56, Status.SNAKE, 0.01
8356, 9, 84, Status.SNAKE, 0.01
8357, 11, 81, Status.SNAKE, 0.01
8358, 3, 12, Status.WALL, 0.01
8359, 19, 134, Status.SNAKE, 0.01
8360, 1, 6, Status.SNAKE, 0.01
8361, 7, 43, Status.SNAKE, 0.01
8362, 8, 44, Status.SNAKE, 0.01
8363, 12, 76, Status.SNAKE, 0.01
8364, 3, 24, Status.SNAKE, 0.01
8365, 3, 16, Status.SNAKE, 0.01
8366, 4, 21, Status.SNAKE, 0.01
8367, 10, 77, Status.WALL, 0.01
8368, 11, 72, Status.SNAKE, 0.01
8369, 2, 26, Status.SNAKE, 0.01
8370, 9, 64, Status.WALL, 0.01
8371, 11, 80, Status.SNAKE, 0.01
8372, 8, 56, Status.SNAKE, 0.01
8373, 9, 56, Status.SNAKE, 0.01
8374, 3, 20, Status.WALL, 0.01
8375, 3, 40, Status.WALL, 0.01
8376, 4, 39, Status.SNAKE, 0.01
8377, 21, 136, Status.SNAKE, 0.01
8378, 18, 143, Status.WALL, 0.01
8379, 7, 52, Status.SNAKE, 0.01
8380, 14, 101, Status.SNAKE, 0.01
8381, 8, 59, Status.SNAKE, 0.01
8382, 8, 64, Status.SNAKE, 0.01
8383, 10, 48, Status.SNAKE, 0.01
8384, 6, 37, Status.SNAKE, 0.01
8385, 8, 78, Status.SNAKE, 0.01
8386, 7, 49, Status.SNAKE, 0.01
8387, 8, 60, Status.SNAKE, 0.01
8388, 14, 78, Status.WALL, 0.01
8389, 2, 16, Status.WALL, 0.01
8390, 7, 52, Status.SNAKE, 0.01
8391, 8, 66, Status.SNAKE, 0.01
8392, 13, 93, Status.SNAKE, 0.01
8393, 8, 45, Status.SNAKE, 0.01
8394, 5, 27, Status.WALL, 0.01
8395, 3, 14, Status.WALL, 0.01
8396, 2, 9, Status.WALL, 0.01
8397, 12, 74, Status.WALL, 0.01
8398, 14, 108, Status.SNAKE, 0.01
8399, 7, 59, Status.WALL, 0.01
8400, 7, 33, Status.SNAKE, 0.01
8401, 15, 110, Status.SNAKE, 0.01
8402, 3, 24, Status.SNAKE, 0.01
8403, 8, 48, Status.SNAKE, 0.01
8404, 14, 100, Status.SNAKE, 0.01
8405, 11, 74, Status.SNAKE, 0.01
8406, 4, 26, Status.SNAKE, 0.01
8407, 6, 41, Status.SNAKE, 0.01
8408, 2, 23, Status.WALL, 0.01
8409, 14, 126, Status.SNAKE, 0.01
8410, 10, 82, Status.SNAKE, 0.01
8411, 11, 71, Status.SNAKE, 0.01
8412, 6, 29, Status.WALL, 0.01
8413, 7, 37, Status.SNAKE, 0.01
8414, 8, 57, Status.SNAKE, 0.01
8415, 8, 48, Status.SNAKE, 0.01
8416, 6, 28, Status.SNAKE, 0.01
8417, 10, 54, Status.SNAKE, 0.01
8418, 2, 25, Status.WALL, 0.01
8419, 8, 49, Status.SNAKE, 0.01
8420, 8, 49, Status.SNAKE, 0.01
8421, 10, 69, Status.WALL, 0.01
8422, 19, 144, Status.SNAKE, 0.01
8423, 15, 135, Status.SNAKE, 0.01
8424, 8, 44, Status.SNAKE, 0.01
8425, 13, 90, Status.SNAKE, 0.01
8426, 10, 65, Status.WALL, 0.01
8427, 11, 52, Status.SNAKE, 0.01
8428, 5, 39, Status.SNAKE, 0.01
8429, 7, 49, Status.SNAKE, 0.01
8430, 15, 94, Status.WALL, 0.01
8431, 7, 48, Status.SNAKE, 0.01
8432, 11, 104, Status.SNAKE, 0.01
8433, 9, 80, Status.SNAKE, 0.01
8434, 8, 54, Status.WALL, 0.01
8435, 3, 14, Status.WALL, 0.01
8436, 11, 59, Status.SNAKE, 0.01
8437, 15, 84, Status.SNAKE, 0.01
8438, 10, 67, Status.SNAKE, 0.01
8439, 7, 54, Status.WALL, 0.01
8440, 1, 10, Status.WALL, 0.01
8441, 7, 52, Status.SNAKE, 0.01
8442, 12, 69, Status.SNAKE, 0.01
8443, 6, 40, Status.SNAKE, 0.01
8444, 14, 113, Status.SNAKE, 0.01
8445, 10, 66, Status.WALL, 0.01
8446, 13, 116, Status.SNAKE, 0.01
8447, 8, 57, Status.SNAKE, 0.01
8448, 5, 29, Status.SNAKE, 0.01
8449, 19, 125, Status.SNAKE, 0.01
8450, 5, 38, Status.SNAKE, 0.01
8451, 12, 96, Status.SNAKE, 0.01
8452, 18, 128, Status.SNAKE, 0.01
8453, 8, 56, Status.SNAKE, 0.01
8454, 6, 37, Status.WALL, 0.01
8455, 12, 72, Status.SNAKE, 0.01
8456, 14, 132, Status.SNAKE, 0.01
8457, 8, 69, Status.SNAKE, 0.01
8458, 17, 128, Status.SNAKE, 0.01
8459, 15, 116, Status.SNAKE, 0.01
8460, 3, 32, Status.SNAKE, 0.01
8461, 10, 61, Status.WALL, 0.01
8462, 11, 95, Status.SNAKE, 0.01
8463, 8, 68, Status.SNAKE, 0.01
8464, 1, 8, Status.WALL, 0.01
8465, 13, 97, Status.SNAKE, 0.01
8466, 11, 83, Status.SNAKE, 0.01
8467, 6, 33, Status.SNAKE, 0.01
8468, 8, 73, Status.SNAKE, 0.01
8469, 3, 9, Status.SNAKE, 0.01
8470, 8, 63, Status.SNAKE, 0.01
8471, 10, 52, Status.WALL, 0.01
8472, 11, 83, Status.SNAKE, 0.01
8473, 1, 3, Status.SNAKE, 0.01
8474, 12, 91, Status.SNAKE, 0.01
8475, 9, 68, Status.SNAKE, 0.01
8476, 12, 95, Status.SNAKE, 0.01
8477, 9, 50, Status.SNAKE, 0.01
8478, 11, 76, Status.SNAKE, 0.01
8479, 16, 134, Status.SNAKE, 0.01
8480, 2, 17, Status.SNAKE, 0.01
8481, 11, 94, Status.SNAKE, 0.01
8482, 8, 59, Status.WALL, 0.01
8483, 16, 129, Status.SNAKE, 0.01
8484, 15, 107, Status.SNAKE, 0.01
8485, 3, 17, Status.SNAKE, 0.01
8486, 10, 63, Status.SNAKE, 0.01
8487, 21, 132, Status.SNAKE, 0.01
8488, 10, 65, Status.SNAKE, 0.01
8489, 16, 120, Status.SNAKE, 0.01
8490, 13, 87, Status.WALL, 0.01
8491, 4, 27, Status.WALL, 0.01
8492, 8, 54, Status.SNAKE, 0.01
8493, 1, 3, Status.SNAKE, 0.01
8494, 3, 26, Status.SNAKE, 0.01
8495, 12, 75, Status.SNAKE, 0.01
8496, 8, 49, Status.SNAKE, 0.01
8497, 6, 43, Status.SNAKE, 0.01
8498, 10, 78, Status.SNAKE, 0.01
8499, 3, 26, Status.SNAKE, 0.01
8500, 10, 69, Status.SNAKE, 0.01
8501, 8, 81, Status.SNAKE, 0.01
8502, 12, 86, Status.SNAKE, 0.01
8503, 8, 48, Status.SNAKE, 0.01
8504, 9, 68, Status.SNAKE, 0.01
8505, 10, 59, Status.SNAKE, 0.01
8506, 9, 76, Status.WALL, 0.01
8507, 7, 45, Status.SNAKE, 0.01
8508, 20, 131, Status.WALL, 0.01
8509, 2, 27, Status.SNAKE, 0.01
8510, 18, 120, Status.SNAKE, 0.01
8511, 5, 33, Status.SNAKE, 0.01
8512, 13, 101, Status.SNAKE, 0.01
8513, 2, 19, Status.WALL, 0.01
8514, 12, 65, Status.WALL, 0.01
8515, 8, 53, Status.SNAKE, 0.01
8516, 16, 115, Status.SNAKE, 0.01
8517, 9, 74, Status.SNAKE, 0.01
8518, 4, 14, Status.SNAKE, 0.01
8519, 12, 79, Status.SNAKE, 0.01
8520, 13, 94, Status.WALL, 0.01
8521, 3, 25, Status.WALL, 0.01
8522, 9, 76, Status.WALL, 0.01
8523, 7, 63, Status.SNAKE, 0.01
8524, 6, 24, Status.SNAKE, 0.01
8525, 5, 23, Status.SNAKE, 0.01
8526, 7, 34, Status.WALL, 0.01
8527, 8, 48, Status.WALL, 0.01
8528, 17, 89, Status.SNAKE, 0.01
8529, 8, 43, Status.SNAKE, 0.01
8530, 11, 73, Status.SNAKE, 0.01
8531, 3, 28, Status.SNAKE, 0.01
8532, 7, 54, Status.SNAKE, 0.01
8533, 11, 78, Status.SNAKE, 0.01
8534, 7, 50, Status.SNAKE, 0.01
8535, 17, 153, Status.SNAKE, 0.01
8536, 4, 29, Status.SNAKE, 0.01
8537, 15, 107, Status.SNAKE, 0.01
8538, 11, 91, Status.SNAKE, 0.01
8539, 12, 118, Status.SNAKE, 0.01
8540, 15, 115, Status.WALL, 0.01
8541, 1, 7, Status.SNAKE, 0.01
8542, 4, 36, Status.SNAKE, 0.01
8543, 11, 102, Status.SNAKE, 0.01
8544, 7, 53, Status.SNAKE, 0.01
8545, 5, 46, Status.WALL, 0.01
8546, 1, 8, Status.WALL, 0.01
8547, 8, 45, Status.SNAKE, 0.01
8548, 5, 52, Status.WALL, 0.01
8549, 4, 26, Status.SNAKE, 0.01
8550, 6, 41, Status.SNAKE, 0.01
8551, 8, 62, Status.SNAKE, 0.01
8552, 16, 145, Status.SNAKE, 0.01
8553, 6, 42, Status.SNAKE, 0.01
8554, 3, 17, Status.SNAKE, 0.01
8555, 16, 101, Status.SNAKE, 0.01
8556, 20, 129, Status.WALL, 0.01
8557, 10, 57, Status.SNAKE, 0.01
8558, 11, 81, Status.SNAKE, 0.01
8559, 18, 134, Status.SNAKE, 0.01
8560, 8, 78, Status.SNAKE, 0.01
8561, 6, 47, Status.SNAKE, 0.01
8562, 13, 82, Status.SNAKE, 0.01
8563, 6, 33, Status.SNAKE, 0.01
8564, 8, 28, Status.SNAKE, 0.01
8565, 5, 24, Status.SNAKE, 0.01
8566, 4, 31, Status.WALL, 0.01
8567, 14, 71, Status.SNAKE, 0.01
8568, 13, 96, Status.WALL, 0.01
8569, 18, 130, Status.SNAKE, 0.01
8570, 11, 72, Status.SNAKE, 0.01
8571, 16, 116, Status.SNAKE, 0.01
8572, 3, 23, Status.SNAKE, 0.01
8573, 11, 95, Status.WALL, 0.01
8574, 6, 33, Status.WALL, 0.01
8575, 3, 43, Status.WALL, 0.01
8576, 6, 38, Status.WALL, 0.01
8577, 3, 26, Status.WALL, 0.01
8578, 9, 65, Status.SNAKE, 0.01
8579, 15, 105, Status.SNAKE, 0.01
8580, 3, 20, Status.WALL, 0.01
8581, 6, 48, Status.SNAKE, 0.01
8582, 7, 59, Status.SNAKE, 0.01
8583, 6, 35, Status.SNAKE, 0.01
8584, 13, 88, Status.WALL, 0.01
8585, 21, 192, Status.SNAKE, 0.01
8586, 12, 73, Status.SNAKE, 0.01
8587, 10, 67, Status.SNAKE, 0.01
8588, 12, 84, Status.SNAKE, 0.01
8589, 10, 60, Status.SNAKE, 0.01
8590, 7, 67, Status.SNAKE, 0.01
8591, 4, 27, Status.SNAKE, 0.01
8592, 8, 57, Status.SNAKE, 0.01
8593, 15, 78, Status.SNAKE, 0.01
8594, 9, 68, Status.SNAKE, 0.01
8595, 6, 54, Status.WALL, 0.01
8596, 16, 121, Status.SNAKE, 0.01
8597, 14, 90, Status.SNAKE, 0.01
8598, 14, 113, Status.SNAKE, 0.01
8599, 12, 90, Status.SNAKE, 0.01
8600, 7, 57, Status.SNAKE, 0.01
8601, 7, 49, Status.WALL, 0.01
8602, 12, 75, Status.SNAKE, 0.01
8603, 7, 56, Status.WALL, 0.01
8604, 9, 71, Status.SNAKE, 0.01
8605, 8, 49, Status.SNAKE, 0.01
8606, 5, 27, Status.SNAKE, 0.01
8607, 3, 24, Status.WALL, 0.01
8608, 6, 53, Status.SNAKE, 0.01
8609, 8, 57, Status.SNAKE, 0.01
8610, 10, 82, Status.SNAKE, 0.01
8611, 8, 55, Status.WALL, 0.01
8612, 12, 87, Status.SNAKE, 0.01
8613, 19, 114, Status.SNAKE, 0.01
8614, 10, 70, Status.SNAKE, 0.01
8615, 1, 5, Status.SNAKE, 0.01
8616, 5, 47, Status.SNAKE, 0.01
8617, 7, 45, Status.SNAKE, 0.01
8618, 9, 71, Status.SNAKE, 0.01
8619, 12, 72, Status.WALL, 0.01
8620, 8, 64, Status.SNAKE, 0.01
8621, 3, 18, Status.SNAKE, 0.01
8622, 13, 104, Status.SNAKE, 0.01
8623, 5, 42, Status.SNAKE, 0.01
8624, 3, 18, Status.WALL, 0.01
8625, 6, 34, Status.SNAKE, 0.01
8626, 4, 26, Status.SNAKE, 0.01
8627, 11, 63, Status.SNAKE, 0.01
8628, 6, 39, Status.SNAKE, 0.01
8629, 2, 24, Status.WALL, 0.01
8630, 13, 88, Status.SNAKE, 0.01
8631, 10, 78, Status.WALL, 0.01
8632, 6, 54, Status.SNAKE, 0.01
8633, 7, 45, Status.SNAKE, 0.01
8634, 10, 71, Status.WALL, 0.01
8635, 3, 12, Status.SNAKE, 0.01
8636, 6, 41, Status.SNAKE, 0.01
8637, 7, 63, Status.WALL, 0.01
8638, 10, 91, Status.SNAKE, 0.01
8639, 9, 54, Status.WALL, 0.01
8640, 9, 64, Status.SNAKE, 0.01
8641, 10, 79, Status.SNAKE, 0.01
8642, 6, 33, Status.SNAKE, 0.01
8643, 2, 28, Status.SNAKE, 0.01
8644, 8, 42, Status.SNAKE, 0.01
8645, 10, 58, Status.WALL, 0.01
8646, 8, 54, Status.WALL, 0.01
8647, 9, 67, Status.SNAKE, 0.01
8648, 12, 72, Status.WALL, 0.01
8649, 2, 19, Status.SNAKE, 0.01
8650, 2, 14, Status.SNAKE, 0.01
8651, 4, 16, Status.SNAKE, 0.01
8652, 12, 93, Status.SNAKE, 0.01
8653, 17, 110, Status.SNAKE, 0.01
8654, 13, 96, Status.SNAKE, 0.01
8655, 17, 119, Status.SNAKE, 0.01
8656, 7, 62, Status.SNAKE, 0.01
8657, 9, 49, Status.SNAKE, 0.01
8658, 13, 101, Status.WALL, 0.01
8659, 12, 89, Status.SNAKE, 0.01
8660, 3, 31, Status.SNAKE, 0.01
8661, 2, 21, Status.WALL, 0.01
8662, 10, 58, Status.WALL, 0.01
8663, 6, 49, Status.SNAKE, 0.01
8664, 11, 74, Status.SNAKE, 0.01
8665, 6, 42, Status.SNAKE, 0.01
8666, 4, 36, Status.WALL, 0.01
8667, 6, 32, Status.SNAKE, 0.01
8668, 1, 8, Status.SNAKE, 0.01
8669, 6, 28, Status.WALL, 0.01
8670, 11, 79, Status.SNAKE, 0.01
8671, 17, 122, Status.SNAKE, 0.01
8672, 6, 49, Status.SNAKE, 0.01
8673, 15, 111, Status.SNAKE, 0.01
8674, 15, 112, Status.SNAKE, 0.01
8675, 11, 81, Status.SNAKE, 0.01
8676, 14, 99, Status.WALL, 0.01
8677, 8, 75, Status.SNAKE, 0.01
8678, 24, 151, Status.SNAKE, 0.01
8679, 10, 69, Status.WALL, 0.01
8680, 4, 19, Status.WALL, 0.01
8681, 5, 39, Status.SNAKE, 0.01
8682, 10, 68, Status.SNAKE, 0.01
8683, 8, 54, Status.SNAKE, 0.01
8684, 9, 67, Status.SNAKE, 0.01
8685, 1, 6, Status.SNAKE, 0.01
8686, 20, 156, Status.SNAKE, 0.01
8687, 2, 15, Status.SNAKE, 0.01
8688, 4, 33, Status.WALL, 0.01
8689, 10, 77, Status.SNAKE, 0.01
8690, 5, 46, Status.WALL, 0.01
8691, 17, 109, Status.SNAKE, 0.01
8692, 9, 77, Status.SNAKE, 0.01
8693, 11, 54, Status.SNAKE, 0.01
8694, 11, 63, Status.SNAKE, 0.01
8695, 13, 78, Status.SNAKE, 0.01
8696, 14, 90, Status.SNAKE, 0.01
8697, 1, 9, Status.WALL, 0.01
8698, 17, 120, Status.SNAKE, 0.01
8699, 8, 37, Status.SNAKE, 0.01
8700, 16, 77, Status.SNAKE, 0.01
8701, 5, 24, Status.SNAKE, 0.01
8702, 4, 21, Status.SNAKE, 0.01
8703, 6, 52, Status.SNAKE, 0.01
8704, 6, 44, Status.SNAKE, 0.01
8705, 7, 41, Status.SNAKE, 0.01
8706, 16, 102, Status.SNAKE, 0.01
8707, 12, 83, Status.WALL, 0.01
8708, 9, 54, Status.SNAKE, 0.01
8709, 7, 44, Status.SNAKE, 0.01
8710, 2, 17, Status.SNAKE, 0.01
8711, 12, 65, Status.WALL, 0.01
8712, 1, 5, Status.SNAKE, 0.01
8713, 8, 46, Status.SNAKE, 0.01
8714, 11, 59, Status.SNAKE, 0.01
8715, 5, 40, Status.WALL, 0.01
8716, 6, 39, Status.SNAKE, 0.01
8717, 14, 76, Status.SNAKE, 0.01
8718, 12, 82, Status.SNAKE, 0.01
8719, 12, 80, Status.SNAKE, 0.01
8720, 2, 7, Status.SNAKE, 0.01
8721, 4, 20, Status.SNAKE, 0.01
8722, 7, 38, Status.SNAKE, 0.01
8723, 9, 61, Status.SNAKE, 0.01
8724, 5, 34, Status.WALL, 0.01
8725, 8, 60, Status.SNAKE, 0.01
8726, 16, 85, Status.SNAKE, 0.01
8727, 4, 17, Status.SNAKE, 0.01
8728, 2, 24, Status.SNAKE, 0.01
8729, 5, 32, Status.SNAKE, 0.01
8730, 3, 15, Status.SNAKE, 0.01
8731, 4, 28, Status.SNAKE, 0.01
8732, 4, 29, Status.WALL, 0.01
8733, 5, 40, Status.SNAKE, 0.01
8734, 14, 114, Status.SNAKE, 0.01
8735, 2, 18, Status.WALL, 0.01
8736, 2, 13, Status.WALL, 0.01
8737, 12, 68, Status.SNAKE, 0.01
8738, 6, 42, Status.WALL, 0.01
8739, 6, 76, Status.WALL, 0.01
8740, 12, 87, Status.WALL, 0.01
8741, 6, 54, Status.SNAKE, 0.01
8742, 5, 53, Status.SNAKE, 0.01
8743, 14, 86, Status.WALL, 0.01
8744, 12, 67, Status.SNAKE, 0.01
8745, 4, 23, Status.WALL, 0.01
8746, 1, 10, Status.WALL, 0.01
8747, 17, 97, Status.SNAKE, 0.01
8748, 9, 61, Status.SNAKE, 0.01
8749, 1, 3, Status.SNAKE, 0.01
8750, 4, 36, Status.SNAKE, 0.01
8751, 3, 14, Status.SNAKE, 0.01
8752, 8, 52, Status.SNAKE, 0.01
8753, 6, 27, Status.SNAKE, 0.01
8754, 15, 122, Status.SNAKE, 0.01
8755, 5, 29, Status.SNAKE, 0.01
8756, 15, 102, Status.SNAKE, 0.01
8757, 1, 10, Status.SNAKE, 0.01
8758, 9, 62, Status.WALL, 0.01
8759, 7, 50, Status.SNAKE, 0.01
8760, 1, 6, Status.SNAKE, 0.01
8761, 3, 10, Status.SNAKE, 0.01
8762, 3, 20, Status.SNAKE, 0.01
8763, 1, 9, Status.WALL, 0.01
8764, 6, 33, Status.SNAKE, 0.01
8765, 10, 59, Status.SNAKE, 0.01
8766, 16, 126, Status.SNAKE, 0.01
8767, 8, 57, Status.SNAKE, 0.01
8768, 7, 40, Status.SNAKE, 0.01
8769, 2, 14, Status.WALL, 0.01
8770, 3, 18, Status.SNAKE, 0.01
8771, 1, 13, Status.WALL, 0.01
8772, 3, 28, Status.WALL, 0.01
8773, 6, 36, Status.SNAKE, 0.01
8774, 4, 24, Status.SNAKE, 0.01
8775, 15, 112, Status.SNAKE, 0.01
8776, 7, 45, Status.SNAKE, 0.01
8777, 14, 93, Status.WALL, 0.01
8778, 10, 58, Status.SNAKE, 0.01
8779, 2, 16, Status.SNAKE, 0.01
8780, 2, 23, Status.WALL, 0.01
8781, 13, 89, Status.SNAKE, 0.01
8782, 8, 58, Status.SNAKE, 0.01
8783, 8, 74, Status.SNAKE, 0.01
8784, 2, 14, Status.SNAKE, 0.01
8785, 9, 48, Status.SNAKE, 0.01
8786, 2, 10, Status.WALL, 0.01
8787, 16, 138, Status.WALL, 0.01
8788, 7, 53, Status.SNAKE, 0.01
8789, 13, 109, Status.SNAKE, 0.01
8790, 8, 46, Status.SNAKE, 0.01
8791, 6, 34, Status.SNAKE, 0.01
8792, 10, 78, Status.SNAKE, 0.01
8793, 9, 70, Status.SNAKE, 0.01
8794, 4, 21, Status.SNAKE, 0.01
8795, 17, 112, Status.SNAKE, 0.01
8796, 4, 21, Status.SNAKE, 0.01
8797, 9, 66, Status.SNAKE, 0.01
8798, 3, 20, Status.SNAKE, 0.01
8799, 2, 20, Status.SNAKE, 0.01
8800, 12, 89, Status.WALL, 0.01
8801, 10, 54, Status.SNAKE, 0.01
8802, 2, 14, Status.WALL, 0.01
8803, 9, 70, Status.SNAKE, 0.01
8804, 13, 77, Status.SNAKE, 0.01
8805, 13, 110, Status.SNAKE, 0.01
8806, 11, 62, Status.SNAKE, 0.01
8807, 7, 48, Status.SNAKE, 0.01
8808, 14, 83, Status.SNAKE, 0.01
8809, 12, 72, Status.SNAKE, 0.01
8810, 18, 131, Status.SNAKE, 0.01
8811, 0, 4, Status.WALL, 0.01
8812, 2, 20, Status.WALL, 0.01
8813, 16, 114, Status.SNAKE, 0.01
8814, 3, 23, Status.SNAKE, 0.01
8815, 15, 98, Status.SNAKE, 0.01
8816, 9, 77, Status.SNAKE, 0.01
8817, 3, 31, Status.WALL, 0.01
8818, 8, 60, Status.SNAKE, 0.01
8819, 12, 68, Status.SNAKE, 0.01
8820, 11, 86, Status.SNAKE, 0.01
8821, 11, 86, Status.SNAKE, 0.01
8822, 2, 18, Status.SNAKE, 0.01
8823, 7, 51, Status.SNAKE, 0.01
8824, 14, 117, Status.SNAKE, 0.01
8825, 10, 64, Status.SNAKE, 0.01
8826, 11, 82, Status.SNAKE, 0.01
8827, 18, 151, Status.SNAKE, 0.01
8828, 10, 66, Status.SNAKE, 0.01
8829, 10, 67, Status.SNAKE, 0.01
8830, 3, 27, Status.SNAKE, 0.01
8831, 13, 74, Status.SNAKE, 0.01
8832, 5, 35, Status.SNAKE, 0.01
8833, 7, 41, Status.SNAKE, 0.01
8834, 2, 12, Status.SNAKE, 0.01
8835, 10, 48, Status.SNAKE, 0.01
8836, 13, 88, Status.SNAKE, 0.01
8837, 3, 21, Status.SNAKE, 0.01
8838, 7, 44, Status.SNAKE, 0.01
8839, 10, 79, Status.SNAKE, 0.01
8840, 5, 30, Status.SNAKE, 0.01
8841, 2, 20, Status.SNAKE, 0.01
8842, 8, 70, Status.SNAKE, 0.01
8843, 11, 62, Status.SNAKE, 0.01
8844, 18, 105, Status.SNAKE, 0.01
8845, 2, 17, Status.SNAKE, 0.01
8846, 6, 35, Status.SNAKE, 0.01
8847, 17, 109, Status.SNAKE, 0.01
8848, 1, 7, Status.WALL, 0.01
8849, 2, 14, Status.SNAKE, 0.01
8850, 12, 93, Status.SNAKE, 0.01
8851, 5, 42, Status.SNAKE, 0.01
8852, 6, 50, Status.WALL, 0.01
8853, 11, 97, Status.WALL, 0.01
8854, 8, 77, Status.WALL, 0.01
8855, 9, 65, Status.SNAKE, 0.01
8856, 12, 80, Status.SNAKE, 0.01
8857, 3, 24, Status.SNAKE, 0.01
8858, 5, 38, Status.WALL, 0.01
8859, 9, 51, Status.SNAKE, 0.01
8860, 11, 88, Status.SNAKE, 0.01
8861, 17, 123, Status.SNAKE, 0.01
8862, 6, 48, Status.SNAKE, 0.01
8863, 6, 38, Status.WALL, 0.01
8864, 5, 31, Status.SNAKE, 0.01
8865, 11, 109, Status.WALL, 0.01
8866, 4, 33, Status.SNAKE, 0.01
8867, 7, 51, Status.SNAKE, 0.01
8868, 6, 33, Status.WALL, 0.01
8869, 6, 38, Status.WALL, 0.01
8870, 13, 88, Status.SNAKE, 0.01
8871, 9, 74, Status.SNAKE, 0.01
8872, 7, 48, Status.SNAKE, 0.01
8873, 6, 22, Status.SNAKE, 0.01
8874, 6, 42, Status.SNAKE, 0.01
8875, 3, 18, Status.SNAKE, 0.01
8876, 6, 51, Status.WALL, 0.01
8877, 2, 20, Status.WALL, 0.01
8878, 8, 54, Status.WALL, 0.01
8879, 2, 16, Status.WALL, 0.01
8880, 10, 57, Status.SNAKE, 0.01
8881, 1, 5, Status.SNAKE, 0.01
8882, 3, 11, Status.SNAKE, 0.01
8883, 7, 34, Status.SNAKE, 0.01
8884, 4, 37, Status.SNAKE, 0.01
8885, 11, 90, Status.SNAKE, 0.01
8886, 12, 82, Status.WALL, 0.01
8887, 7, 45, Status.SNAKE, 0.01
8888, 15, 98, Status.SNAKE, 0.01
8889, 13, 87, Status.SNAKE, 0.01
8890, 9, 62, Status.SNAKE, 0.01
8891, 2, 16, Status.WALL, 0.01
8892, 12, 99, Status.SNAKE, 0.01
8893, 9, 71, Status.SNAKE, 0.01
8894, 1, 5, Status.SNAKE, 0.01
8895, 9, 63, Status.WALL, 0.01
8896, 6, 50, Status.SNAKE, 0.01
8897, 3, 14, Status.WALL, 0.01
8898, 7, 47, Status.SNAKE, 0.01
8899, 7, 54, Status.SNAKE, 0.01
8900, 1, 3, Status.SNAKE, 0.01
8901, 6, 48, Status.SNAKE, 0.01
8902, 10, 94, Status.SNAKE, 0.01
8903, 2, 7, Status.WALL, 0.01
8904, 10, 64, Status.SNAKE, 0.01
8905, 14, 97, Status.SNAKE, 0.01
8906, 3, 21, Status.SNAKE, 0.01
8907, 11, 92, Status.WALL, 0.01
8908, 18, 105, Status.SNAKE, 0.01
8909, 4, 16, Status.SNAKE, 0.01
8910, 19, 141, Status.WALL, 0.01
8911, 9, 67, Status.SNAKE, 0.01
8912, 6, 26, Status.SNAKE, 0.01
8913, 9, 66, Status.WALL, 0.01
8914, 11, 76, Status.SNAKE, 0.01
8915, 10, 87, Status.SNAKE, 0.01
8916, 7, 39, Status.SNAKE, 0.01
8917, 1, 15, Status.WALL, 0.01
8918, 8, 59, Status.SNAKE, 0.01
8919, 7, 47, Status.SNAKE, 0.01
8920, 6, 48, Status.SNAKE, 0.01
8921, 3, 19, Status.SNAKE, 0.01
8922, 5, 29, Status.SNAKE, 0.01
8923, 4, 34, Status.SNAKE, 0.01
8924, 3, 10, Status.SNAKE, 0.01
8925, 8, 51, Status.SNAKE, 0.01
8926, 2, 15, Status.SNAKE, 0.01
8927, 7, 56, Status.SNAKE, 0.01
8928, 16, 148, Status.SNAKE, 0.01
8929, 6, 46, Status.WALL, 0.01
8930, 16, 107, Status.SNAKE, 0.01
8931, 13, 110, Status.WALL, 0.01
8932, 7, 54, Status.WALL, 0.01
8933, 15, 117, Status.SNAKE, 0.01
8934, 15, 100, Status.SNAKE, 0.01
8935, 10, 67, Status.SNAKE, 0.01
8936, 10, 87, Status.SNAKE, 0.01
8937, 13, 114, Status.SNAKE, 0.01
8938, 10, 64, Status.SNAKE, 0.01
8939, 11, 67, Status.SNAKE, 0.01
8940, 10, 61, Status.SNAKE, 0.01
8941, 13, 81, Status.SNAKE, 0.01
8942, 16, 83, Status.SNAKE, 0.01
8943, 1, 8, Status.WALL, 0.01
8944, 3, 18, Status.WALL, 0.01
8945, 5, 46, Status.WALL, 0.01
8946, 4, 23, Status.WALL, 0.01
8947, 3, 20, Status.WALL, 0.01
8948, 6, 49, Status.SNAKE, 0.01
8949, 21, 137, Status.WALL, 0.01
8950, 5, 27, Status.WALL, 0.01
8951, 5, 27, Status.WALL, 0.01
8952, 9, 49, Status.SNAKE, 0.01
8953, 8, 52, Status.SNAKE, 0.01
8954, 1, 3, Status.SNAKE, 0.01
8955, 7, 54, Status.WALL, 0.01
8956, 13, 77, Status.SNAKE, 0.01
8957, 11, 86, Status.SNAKE, 0.01
8958, 11, 83, Status.SNAKE, 0.01
8959, 13, 76, Status.SNAKE, 0.01
8960, 15, 106, Status.WALL, 0.01
8961, 9, 41, Status.WALL, 0.01
8962, 4, 14, Status.SNAKE, 0.01
8963, 12, 77, Status.SNAKE, 0.01
8964, 14, 110, Status.WALL, 0.01
8965, 11, 78, Status.SNAKE, 0.01
8966, 9, 69, Status.SNAKE, 0.01
8967, 7, 57, Status.SNAKE, 0.01
8968, 11, 72, Status.SNAKE, 0.01
8969, 5, 24, Status.SNAKE, 0.01
8970, 6, 50, Status.SNAKE, 0.01
8971, 6, 34, Status.SNAKE, 0.01
8972, 20, 151, Status.SNAKE, 0.01
8973, 11, 61, Status.SNAKE, 0.01
8974, 6, 41, Status.SNAKE, 0.01
8975, 8, 38, Status.SNAKE, 0.01
8976, 18, 147, Status.SNAKE, 0.01
8977, 1, 10, Status.WALL, 0.01
8978, 13, 54, Status.SNAKE, 0.01
8979, 1, 9, Status.WALL, 0.01
8980, 7, 36, Status.WALL, 0.01
8981, 1, 3, Status.SNAKE, 0.01
8982, 10, 66, Status.SNAKE, 0.01
8983, 15, 80, Status.SNAKE, 0.01
8984, 14, 86, Status.SNAKE, 0.01
8985, 12, 90, Status.WALL, 0.01
8986, 5, 19, Status.SNAKE, 0.01
8987, 14, 109, Status.SNAKE, 0.01
8988, 13, 78, Status.SNAKE, 0.01
8989, 15, 94, Status.SNAKE, 0.01
8990, 11, 95, Status.SNAKE, 0.01
8991, 12, 83, Status.SNAKE, 0.01
8992, 16, 136, Status.SNAKE, 0.01
8993, 12, 99, Status.SNAKE, 0.01
8994, 5, 43, Status.SNAKE, 0.01
8995, 7, 40, Status.SNAKE, 0.01
8996, 6, 46, Status.SNAKE, 0.01
8997, 11, 59, Status.WALL, 0.01
8998, 13, 113, Status.SNAKE, 0.01
8999, 8, 77, Status.SNAKE, 0.01
9000, 10, 66, Status.WALL, 0.01
9001, 7, 48, Status.WALL, 0.01
9002, 9, 83, Status.SNAKE, 0.01
9003, 8, 68, Status.WALL, 0.01
9004, 10, 59, Status.SNAKE, 0.01
9005, 6, 27, Status.SNAKE, 0.01
9006, 15, 107, Status.SNAKE, 0.01
9007, 1, 13, Status.WALL, 0.01
9008, 8, 47, Status.SNAKE, 0.01
9009, 9, 75, Status.WALL, 0.01
9010, 13, 111, Status.SNAKE, 0.01
9011, 7, 57, Status.SNAKE, 0.01
9012, 6, 40, Status.SNAKE, 0.01
9013, 8, 62, Status.SNAKE, 0.01
9014, 3, 20, Status.SNAKE, 0.01
9015, 3, 26, Status.SNAKE, 0.01
9016, 5, 27, Status.SNAKE, 0.01
9017, 4, 29, Status.WALL, 0.01
9018, 13, 79, Status.SNAKE, 0.01
9019, 8, 76, Status.SNAKE, 0.01
9020, 6, 32, Status.SNAKE, 0.01
9021, 13, 76, Status.WALL, 0.01
9022, 3, 31, Status.SNAKE, 0.01
9023, 11, 101, Status.WALL, 0.01
9024, 5, 27, Status.SNAKE, 0.01
9025, 1, 5, Status.SNAKE, 0.01
9026, 12, 77, Status.SNAKE, 0.01
9027, 4, 40, Status.WALL, 0.01
9028, 7, 49, Status.SNAKE, 0.01
9029, 11, 56, Status.SNAKE, 0.01
9030, 7, 55, Status.SNAKE, 0.01
9031, 6, 30, Status.SNAKE, 0.01
9032, 19, 151, Status.SNAKE, 0.01
9033, 2, 9, Status.WALL, 0.01
9034, 3, 24, Status.SNAKE, 0.01
9035, 10, 74, Status.SNAKE, 0.01
9036, 10, 71, Status.WALL, 0.01
9037, 5, 29, Status.SNAKE, 0.01
9038, 3, 17, Status.WALL, 0.01
9039, 5, 35, Status.WALL, 0.01
9040, 6, 23, Status.SNAKE, 0.01
9041, 13, 102, Status.SNAKE, 0.01
9042, 5, 44, Status.SNAKE, 0.01
9043, 12, 72, Status.SNAKE, 0.01
9044, 3, 22, Status.SNAKE, 0.01
9045, 2, 7, Status.SNAKE, 0.01
9046, 8, 39, Status.SNAKE, 0.01
9047, 8, 36, Status.SNAKE, 0.01
9048, 5, 28, Status.SNAKE, 0.01
9049, 10, 59, Status.SNAKE, 0.01
9050, 6, 34, Status.SNAKE, 0.01
9051, 15, 96, Status.SNAKE, 0.01
9052, 10, 60, Status.SNAKE, 0.01
9053, 9, 68, Status.WALL, 0.01
9054, 3, 20, Status.SNAKE, 0.01
9055, 2, 20, Status.WALL, 0.01
9056, 2, 13, Status.SNAKE, 0.01
9057, 9, 59, Status.SNAKE, 0.01
9058, 22, 167, Status.SNAKE, 0.01
9059, 3, 16, Status.SNAKE, 0.01
9060, 3, 11, Status.SNAKE, 0.01
9061, 6, 38, Status.SNAKE, 0.01
9062, 15, 115, Status.SNAKE, 0.01
9063, 1, 21, Status.WALL, 0.01
9064, 5, 29, Status.SNAKE, 0.01
9065, 9, 63, Status.SNAKE, 0.01
9066, 20, 152, Status.SNAKE, 0.01
9067, 11, 72, Status.SNAKE, 0.01
9068, 5, 40, Status.SNAKE, 0.01
9069, 3, 29, Status.SNAKE, 0.01
9070, 10, 64, Status.WALL, 0.01
9071, 3, 25, Status.SNAKE, 0.01
9072, 9, 55, Status.SNAKE, 0.01
9073, 3, 27, Status.SNAKE, 0.01
9074, 8, 69, Status.SNAKE, 0.01
9075, 1, 3, Status.SNAKE, 0.01
9076, 6, 39, Status.SNAKE, 0.01
9077, 11, 58, Status.SNAKE, 0.01
9078, 16, 93, Status.SNAKE, 0.01
9079, 9, 54, Status.SNAKE, 0.01
9080, 3, 19, Status.SNAKE, 0.01
9081, 6, 33, Status.SNAKE, 0.01
9082, 2, 14, Status.WALL, 0.01
9083, 21, 136, Status.SNAKE, 0.01
9084, 11, 66, Status.SNAKE, 0.01
9085, 8, 83, Status.SNAKE, 0.01
9086, 5, 26, Status.WALL, 0.01
9087, 11, 50, Status.SNAKE, 0.01
9088, 9, 64, Status.SNAKE, 0.01
9089, 17, 127, Status.SNAKE, 0.01
9090, 6, 56, Status.SNAKE, 0.01
9091, 4, 28, Status.SNAKE, 0.01
9092, 7, 38, Status.SNAKE, 0.01
9093, 13, 98, Status.SNAKE, 0.01
9094, 5, 39, Status.SNAKE, 0.01
9095, 6, 44, Status.SNAKE, 0.01
9096, 8, 54, Status.SNAKE, 0.01
9097, 11, 81, Status.SNAKE, 0.01
9098, 4, 23, Status.SNAKE, 0.01
9099, 14, 122, Status.SNAKE, 0.01
9100, 4, 22, Status.SNAKE, 0.01
9101, 9, 55, Status.SNAKE, 0.01
9102, 4, 21, Status.WALL, 0.01
9103, 10, 66, Status.WALL, 0.01
9104, 11, 80, Status.SNAKE, 0.01
9105, 6, 53, Status.SNAKE, 0.01
9106, 2, 9, Status.SNAKE, 0.01
9107, 8, 53, Status.SNAKE, 0.01
9108, 11, 67, Status.SNAKE, 0.01
9109, 6, 26, Status.SNAKE, 0.01
9110, 12, 77, Status.SNAKE, 0.01
9111, 8, 53, Status.SNAKE, 0.01
9112, 1, 5, Status.SNAKE, 0.01
9113, 3, 14, Status.SNAKE, 0.01
9114, 21, 169, Status.SNAKE, 0.01
9115, 2, 11, Status.SNAKE, 0.01
9116, 11, 62, Status.SNAKE, 0.01
9117, 12, 103, Status.SNAKE, 0.01
9118, 12, 80, Status.SNAKE, 0.01
9119, 3, 24, Status.WALL, 0.01
9120, 9, 47, Status.SNAKE, 0.01
9121, 11, 81, Status.SNAKE, 0.01
9122, 2, 10, Status.SNAKE, 0.01
9123, 5, 44, Status.SNAKE, 0.01
9124, 2, 20, Status.SNAKE, 0.01
9125, 10, 68, Status.SNAKE, 0.01
9126, 8, 58, Status.SNAKE, 0.01
9127, 14, 78, Status.SNAKE, 0.01
9128, 6, 29, Status.SNAKE, 0.01
9129, 10, 68, Status.SNAKE, 0.01
9130, 12, 83, Status.SNAKE, 0.01
9131, 3, 18, Status.SNAKE, 0.01
9132, 6, 44, Status.SNAKE, 0.01
9133, 5, 37, Status.SNAKE, 0.01
9134, 10, 79, Status.SNAKE, 0.01
9135, 20, 124, Status.WALL, 0.01
9136, 9, 58, Status.SNAKE, 0.01
9137, 14, 79, Status.SNAKE, 0.01
9138, 9, 71, Status.SNAKE, 0.01
9139, 13, 72, Status.SNAKE, 0.01
9140, 4, 22, Status.SNAKE, 0.01
9141, 16, 118, Status.SNAKE, 0.01
9142, 8, 59, Status.SNAKE, 0.01
9143, 9, 58, Status.SNAKE, 0.01
9144, 15, 115, Status.SNAKE, 0.01
9145, 2, 15, Status.SNAKE, 0.01
9146, 18, 134, Status.SNAKE, 0.01
9147, 5, 39, Status.SNAKE, 0.01
9148, 8, 48, Status.SNAKE, 0.01
9149, 12, 83, Status.SNAKE, 0.01
9150, 11, 79, Status.SNAKE, 0.01
9151, 8, 37, Status.SNAKE, 0.01
9152, 9, 55, Status.SNAKE, 0.01
9153, 4, 21, Status.SNAKE, 0.01
9154, 8, 45, Status.SNAKE, 0.01
9155, 4, 15, Status.SNAKE, 0.01
9156, 12, 94, Status.SNAKE, 0.01
9157, 6, 41, Status.SNAKE, 0.01
9158, 2, 18, Status.SNAKE, 0.01
9159, 10, 93, Status.SNAKE, 0.01
9160, 13, 113, Status.SNAKE, 0.01
9161, 6, 52, Status.SNAKE, 0.01
9162, 3, 29, Status.SNAKE, 0.01
9163, 9, 61, Status.SNAKE, 0.01
9164, 4, 26, Status.WALL, 0.01
9165, 8, 55, Status.SNAKE, 0.01
9166, 6, 64, Status.SNAKE, 0.01
9167, 8, 51, Status.SNAKE, 0.01
9168, 10, 57, Status.SNAKE, 0.01
9169, 10, 71, Status.SNAKE, 0.01
9170, 10, 83, Status.SNAKE, 0.01
9171, 7, 40, Status.SNAKE, 0.01
9172, 15, 81, Status.SNAKE, 0.01
9173, 11, 80, Status.WALL, 0.01
9174, 13, 85, Status.SNAKE, 0.01
9175, 8, 38, Status.SNAKE, 0.01
9176, 10, 84, Status.SNAKE, 0.01
9177, 7, 59, Status.SNAKE, 0.01
9178, 9, 49, Status.SNAKE, 0.01
9179, 4, 33, Status.SNAKE, 0.01
9180, 2, 10, Status.WALL, 0.01
9181, 17, 118, Status.SNAKE, 0.01
9182, 12, 92, Status.SNAKE, 0.01
9183, 13, 88, Status.WALL, 0.01
9184, 6, 39, Status.SNAKE, 0.01
9185, 16, 106, Status.SNAKE, 0.01
9186, 9, 56, Status.SNAKE, 0.01
9187, 3, 19, Status.SNAKE, 0.01
9188, 11, 86, Status.SNAKE, 0.01
9189, 4, 26, Status.WALL, 0.01
9190, 6, 36, Status.SNAKE, 0.01
9191, 12, 100, Status.WALL, 0.01
9192, 11, 74, Status.SNAKE, 0.01
9193, 12, 99, Status.SNAKE, 0.01
9194, 7, 60, Status.WALL, 0.01
9195, 19, 140, Status.WALL, 0.01
9196, 8, 49, Status.SNAKE, 0.01
9197, 11, 93, Status.SNAKE, 0.01
9198, 2, 22, Status.WALL, 0.01
9199, 7, 48, Status.SNAKE, 0.01
9200, 14, 99, Status.SNAKE, 0.01
9201, 10, 58, Status.SNAKE, 0.01
9202, 13, 98, Status.SNAKE, 0.01
9203, 7, 40, Status.SNAKE, 0.01
9204, 16, 111, Status.SNAKE, 0.01
9205, 6, 40, Status.SNAKE, 0.01
9206, 4, 25, Status.SNAKE, 0.01
9207, 10, 71, Status.SNAKE, 0.01
9208, 9, 76, Status.SNAKE, 0.01
9209, 13, 91, Status.SNAKE, 0.01
9210, 9, 63, Status.SNAKE, 0.01
9211, 13, 92, Status.SNAKE, 0.01
9212, 15, 118, Status.SNAKE, 0.01
9213, 7, 58, Status.SNAKE, 0.01
9214, 5, 30, Status.SNAKE, 0.01
9215, 18, 87, Status.WALL, 0.01
9216, 9, 51, Status.SNAKE, 0.01
9217, 13, 84, Status.SNAKE, 0.01
9218, 11, 88, Status.SNAKE, 0.01
9219, 11, 77, Status.SNAKE, 0.01
9220, 4, 36, Status.SNAKE, 0.01
9221, 10, 48, Status.SNAKE, 0.01
9222, 15, 119, Status.SNAKE, 0.01
9223, 10, 80, Status.SNAKE, 0.01
9224, 13, 63, Status.SNAKE, 0.01
9225, 13, 81, Status.SNAKE, 0.01
9226, 10, 67, Status.SNAKE, 0.01
9227, 8, 47, Status.WALL, 0.01
9228, 12, 81, Status.SNAKE, 0.01
9229, 12, 71, Status.SNAKE, 0.01
9230, 6, 34, Status.SNAKE, 0.01
9231, 1, 14, Status.SNAKE, 0.01
9232, 15, 82, Status.SNAKE, 0.01
9233, 7, 40, Status.SNAKE, 0.01
9234, 9, 64, Status.WALL, 0.01
9235, 4, 24, Status.WALL, 0.01
9236, 3, 21, Status.WALL, 0.01
9237, 8, 51, Status.WALL, 0.01
9238, 9, 65, Status.SNAKE, 0.01
9239, 1, 5, Status.SNAKE, 0.01
9240, 8, 55, Status.SNAKE, 0.01
9241, 17, 93, Status.SNAKE, 0.01
9242, 4, 17, Status.SNAKE, 0.01
9243, 12, 75, Status.WALL, 0.01
9244, 6, 57, Status.SNAKE, 0.01
9245, 6, 29, Status.SNAKE, 0.01
9246, 7, 62, Status.WALL, 0.01
9247, 6, 31, Status.SNAKE, 0.01
9248, 8, 42, Status.WALL, 0.01
9249, 2, 17, Status.SNAKE, 0.01
9250, 11, 55, Status.WALL, 0.01
9251, 10, 75, Status.SNAKE, 0.01
9252, 8, 34, Status.SNAKE, 0.01
9253, 10, 73, Status.SNAKE, 0.01
9254, 11, 75, Status.WALL, 0.01
9255, 7, 38, Status.WALL, 0.01
9256, 13, 95, Status.SNAKE, 0.01
9257, 10, 61, Status.SNAKE, 0.01
9258, 11, 96, Status.SNAKE, 0.01
9259, 7, 36, Status.SNAKE, 0.01
9260, 8, 45, Status.SNAKE, 0.01
9261, 4, 27, Status.SNAKE, 0.01
9262, 1, 11, Status.WALL, 0.01
9263, 3, 17, Status.SNAKE, 0.01
9264, 9, 55, Status.WALL, 0.01
9265, 14, 82, Status.SNAKE, 0.01
9266, 7, 46, Status.SNAKE, 0.01
9267, 12, 77, Status.WALL, 0.01
9268, 6, 29, Status.SNAKE, 0.01
9269, 19, 125, Status.SNAKE, 0.01
9270, 13, 96, Status.SNAKE, 0.01
9271, 6, 30, Status.SNAKE, 0.01
9272, 5, 30, Status.SNAKE, 0.01
9273, 1, 5, Status.SNAKE, 0.01
9274, 11, 78, Status.SNAKE, 0.01
9275, 11, 58, Status.SNAKE, 0.01
9276, 8, 42, Status.WALL, 0.01
9277, 2, 13, Status.SNAKE, 0.01
9278, 14, 88, Status.SNAKE, 0.01
9279, 8, 58, Status.SNAKE, 0.01
9280, 16, 115, Status.WALL, 0.01
9281, 14, 79, Status.SNAKE, 0.01
9282, 9, 49, Status.SNAKE, 0.01
9283, 3, 17, Status.SNAKE, 0.01
9284, 11, 66, Status.SNAKE, 0.01
9285, 10, 75, Status.SNAKE, 0.01
9286, 10, 77, Status.SNAKE, 0.01
9287, 8, 47, Status.SNAKE, 0.01
9288, 9, 55, Status.SNAKE, 0.01
9289, 7, 40, Status.SNAKE, 0.01
9290, 7, 31, Status.WALL, 0.01
9291, 5, 31, Status.SNAKE, 0.01
9292, 9, 55, Status.SNAKE, 0.01
9293, 15, 123, Status.SNAKE, 0.01
9294, 7, 46, Status.SNAKE, 0.01
9295, 14, 97, Status.SNAKE, 0.01
9296, 16, 112, Status.SNAKE, 0.01
9297, 7, 73, Status.WALL, 0.01
9298, 15, 90, Status.SNAKE, 0.01
9299, 19, 112, Status.SNAKE, 0.01
9300, 11, 83, Status.SNAKE, 0.01
9301, 7, 57, Status.WALL, 0.01
9302, 10, 70, Status.SNAKE, 0.01
9303, 7, 55, Status.SNAKE, 0.01
9304, 11, 65, Status.SNAKE, 0.01
9305, 3, 13, Status.SNAKE, 0.01
9306, 15, 112, Status.SNAKE, 0.01
9307, 2, 16, Status.WALL, 0.01
9308, 11, 53, Status.SNAKE, 0.01
9309, 4, 28, Status.SNAKE, 0.01
9310, 14, 102, Status.SNAKE, 0.01
9311, 5, 33, Status.SNAKE, 0.01
9312, 13, 90, Status.SNAKE, 0.01
9313, 5, 50, Status.WALL, 0.01
9314, 14, 90, Status.SNAKE, 0.01
9315, 14, 85, Status.SNAKE, 0.01
9316, 7, 58, Status.SNAKE, 0.01
9317, 7, 62, Status.SNAKE, 0.01
9318, 4, 28, Status.WALL, 0.01
9319, 6, 38, Status.SNAKE, 0.01
9320, 11, 71, Status.SNAKE, 0.01
9321, 13, 81, Status.SNAKE, 0.01
9322, 17, 119, Status.SNAKE, 0.01
9323, 14, 97, Status.SNAKE, 0.01
9324, 5, 30, Status.SNAKE, 0.01
9325, 12, 77, Status.SNAKE, 0.01
9326, 10, 57, Status.WALL, 0.01
9327, 2, 17, Status.SNAKE, 0.01
9328, 16, 108, Status.SNAKE, 0.01
9329, 1, 7, Status.SNAKE, 0.01
9330, 8, 40, Status.WALL, 0.01
9331, 3, 40, Status.SNAKE, 0.01
9332, 9, 75, Status.SNAKE, 0.01
9333, 3, 22, Status.SNAKE, 0.01
9334, 1, 7, Status.WALL, 0.01
9335, 4, 27, Status.WALL, 0.01
9336, 14, 83, Status.WALL, 0.01
9337, 10, 92, Status.SNAKE, 0.01
9338, 11, 58, Status.SNAKE, 0.01
9339, 3, 13, Status.SNAKE, 0.01
9340, 7, 37, Status.WALL, 0.01
9341, 5, 28, Status.SNAKE, 0.01
9342, 2, 10, Status.SNAKE, 0.01
9343, 11, 74, Status.SNAKE, 0.01
9344, 14, 83, Status.SNAKE, 0.01
9345, 5, 32, Status.SNAKE, 0.01
9346, 9, 46, Status.WALL, 0.01
9347, 17, 128, Status.SNAKE, 0.01
9348, 2, 24, Status.WALL, 0.01
9349, 3, 22, Status.SNAKE, 0.01
9350, 7, 39, Status.SNAKE, 0.01
9351, 10, 56, Status.SNAKE, 0.01
9352, 11, 86, Status.WALL, 0.01
9353, 6, 35, Status.SNAKE, 0.01
9354, 7, 54, Status.WALL, 0.01
9355, 6, 45, Status.SNAKE, 0.01
9356, 1, 5, Status.SNAKE, 0.01
9357, 7, 43, Status.SNAKE, 0.01
9358, 12, 97, Status.WALL, 0.01
9359, 8, 42, Status.SNAKE, 0.01
9360, 16, 115, Status.WALL, 0.01
9361, 3, 21, Status.SNAKE, 0.01
9362, 2, 18, Status.SNAKE, 0.01
9363, 4, 27, Status.WALL, 0.01
9364, 10, 82, Status.WALL, 0.01
9365, 3, 32, Status.WALL, 0.01
9366, 12, 79, Status.SNAKE, 0.01
9367, 3, 20, Status.SNAKE, 0.01
9368, 8, 53, Status.SNAKE, 0.01
9369, 10, 65, Status.SNAKE, 0.01
9370, 7, 38, Status.WALL, 0.01
9371, 18, 155, Status.SNAKE, 0.01
9372, 6, 39, Status.SNAKE, 0.01
9373, 8, 49, Status.SNAKE, 0.01
9374, 12, 61, Status.SNAKE, 0.01
9375, 0, 4, Status.WALL, 0.01
9376, 14, 90, Status.SNAKE, 0.01
9377, 11, 68, Status.WALL, 0.01
9378, 13, 81, Status.SNAKE, 0.01
9379, 12, 96, Status.SNAKE, 0.01
9380, 9, 60, Status.SNAKE, 0.01
9381, 12, 68, Status.SNAKE, 0.01
9382, 16, 97, Status.SNAKE, 0.01
9383, 5, 28, Status.SNAKE, 0.01
9384, 9, 68, Status.SNAKE, 0.01
9385, 10, 75, Status.SNAKE, 0.01
9386, 6, 46, Status.SNAKE, 0.01
9387, 2, 11, Status.SNAKE, 0.01
9388, 15, 111, Status.SNAKE, 0.01
9389, 7, 30, Status.SNAKE, 0.01
9390, 12, 90, Status.WALL, 0.01
9391, 6, 40, Status.SNAKE, 0.01
9392, 7, 48, Status.WALL, 0.01
9393, 7, 42, Status.SNAKE, 0.01
9394, 3, 23, Status.SNAKE, 0.01
9395, 15, 114, Status.SNAKE, 0.01
9396, 13, 69, Status.WALL, 0.01
9397, 2, 16, Status.WALL, 0.01
9398, 9, 73, Status.SNAKE, 0.01
9399, 9, 46, Status.WALL, 0.01
9400, 12, 85, Status.SNAKE, 0.01
9401, 12, 88, Status.SNAKE, 0.01
9402, 8, 52, Status.SNAKE, 0.01
9403, 4, 13, Status.SNAKE, 0.01
9404, 9, 42, Status.SNAKE, 0.01
9405, 16, 131, Status.SNAKE, 0.01
9406, 12, 74, Status.SNAKE, 0.01
9407, 8, 50, Status.SNAKE, 0.01
9408, 8, 51, Status.SNAKE, 0.01
9409, 1, 17, Status.WALL, 0.01
9410, 7, 61, Status.SNAKE, 0.01
9411, 12, 70, Status.WALL, 0.01
9412, 7, 39, Status.WALL, 0.01
9413, 3, 15, Status.SNAKE, 0.01
9414, 12, 94, Status.SNAKE, 0.01
9415, 7, 32, Status.SNAKE, 0.01
9416, 3, 23, Status.WALL, 0.01
9417, 16, 111, Status.SNAKE, 0.01
9418, 1, 3, Status.SNAKE, 0.01
9419, 12, 69, Status.SNAKE, 0.01
9420, 12, 95, Status.SNAKE, 0.01
9421, 3, 21, Status.SNAKE, 0.01
9422, 11, 86, Status.SNAKE, 0.01
9423, 10, 54, Status.SNAKE, 0.01
9424, 6, 31, Status.WALL, 0.01
9425, 15, 87, Status.SNAKE, 0.01
9426, 6, 27, Status.WALL, 0.01
9427, 11, 80, Status.SNAKE, 0.01
9428, 6, 54, Status.WALL, 0.01
9429, 14, 104, Status.SNAKE, 0.01
9430, 5, 27, Status.SNAKE, 0.01
9431, 3, 27, Status.SNAKE, 0.01
9432, 10, 80, Status.WALL, 0.01
9433, 15, 117, Status.SNAKE, 0.01
9434, 16, 72, Status.WALL, 0.01
9435, 3, 14, Status.SNAKE, 0.01
9436, 14, 108, Status.SNAKE, 0.01
9437, 5, 44, Status.WALL, 0.01
9438, 5, 32, Status.SNAKE, 0.01
9439, 8, 67, Status.WALL, 0.01
9440, 9, 77, Status.SNAKE, 0.01
9441, 9, 67, Status.SNAKE, 0.01
9442, 1, 3, Status.SNAKE, 0.01
9443, 16, 89, Status.SNAKE, 0.01
9444, 14, 112, Status.SNAKE, 0.01
9445, 7, 59, Status.WALL, 0.01
9446, 9, 50, Status.SNAKE, 0.01
9447, 9, 48, Status.SNAKE, 0.01
9448, 17, 112, Status.SNAKE, 0.01
9449, 10, 71, Status.SNAKE, 0.01
9450, 4, 25, Status.SNAKE, 0.01
9451, 13, 107, Status.SNAKE, 0.01
9452, 11, 79, Status.SNAKE, 0.01
9453, 12, 71, Status.SNAKE, 0.01
9454, 2, 11, Status.SNAKE, 0.01
9455, 8, 59, Status.SNAKE, 0.01
9456, 7, 46, Status.SNAKE, 0.01
9457, 5, 29, Status.SNAKE, 0.01
9458, 18, 156, Status.SNAKE, 0.01
9459, 12, 103, Status.SNAKE, 0.01
9460, 16, 117, Status.WALL, 0.01
9461, 8, 43, Status.SNAKE, 0.01
9462, 19, 114, Status.SNAKE, 0.01
9463, 12, 72, Status.SNAKE, 0.01
9464, 11, 67, Status.SNAKE, 0.01
9465, 8, 50, Status.SNAKE, 0.01
9466, 2, 14, Status.SNAKE, 0.01
9467, 8, 39, Status.SNAKE, 0.01
9468, 3, 22, Status.SNAKE, 0.01
9469, 7, 41, Status.SNAKE, 0.01
9470, 11, 77, Status.SNAKE, 0.01
9471, 9, 46, Status.SNAKE, 0.01
9472, 4, 29, Status.WALL, 0.01
9473, 8, 52, Status.SNAKE, 0.01
9474, 1, 5, Status.SNAKE, 0.01
9475, 8, 49, Status.SNAKE, 0.01
9476, 11, 69, Status.WALL, 0.01
9477, 13, 95, Status.SNAKE, 0.01
9478, 11, 75, Status.SNAKE, 0.01
9479, 10, 63, Status.WALL, 0.01
9480, 6, 43, Status.SNAKE, 0.01
9481, 12, 68, Status.SNAKE, 0.01
9482, 12, 74, Status.SNAKE, 0.01
9483, 23, 152, Status.SNAKE, 0.01
9484, 5, 33, Status.SNAKE, 0.01
9485, 6, 33, Status.SNAKE, 0.01
9486, 3, 13, Status.SNAKE, 0.01
9487, 10, 66, Status.SNAKE, 0.01
9488, 21, 126, Status.SNAKE, 0.01
9489, 12, 67, Status.SNAKE, 0.01
9490, 8, 39, Status.SNAKE, 0.01
9491, 4, 16, Status.WALL, 0.01
9492, 10, 86, Status.WALL, 0.01
9493, 6, 29, Status.SNAKE, 0.01
9494, 12, 76, Status.SNAKE, 0.01
9495, 12, 66, Status.SNAKE, 0.01
9496, 2, 19, Status.WALL, 0.01
9497, 14, 88, Status.SNAKE, 0.01
9498, 4, 33, Status.SNAKE, 0.01
9499, 10, 52, Status.SNAKE, 0.01
9500, 6, 36, Status.WALL, 0.01
9501, 10, 48, Status.SNAKE, 0.01
9502, 10, 64, Status.SNAKE, 0.01
9503, 8, 55, Status.WALL, 0.01
9504, 5, 26, Status.SNAKE, 0.01
9505, 4, 20, Status.WALL, 0.01
9506, 15, 88, Status.SNAKE, 0.01
9507, 2, 13, Status.SNAKE, 0.01
9508, 13, 73, Status.SNAKE, 0.01
9509, 3, 27, Status.SNAKE, 0.01
9510, 4, 24, Status.SNAKE, 0.01
9511, 2, 20, Status.WALL, 0.01
9512, 5, 32, Status.WALL, 0.01
9513, 11, 66, Status.SNAKE, 0.01
9514, 11, 91, Status.WALL, 0.01
9515, 14, 104, Status.SNAKE, 0.01
9516, 4, 19, Status.WALL, 0.01
9517, 5, 21, Status.SNAKE, 0.01
9518, 4, 24, Status.SNAKE, 0.01
9519, 14, 71, Status.SNAKE, 0.01
9520, 8, 58, Status.SNAKE, 0.01
9521, 9, 62, Status.SNAKE, 0.01
9522, 1, 8, Status.WALL, 0.01
9523, 9, 79, Status.WALL, 0.01
9524, 14, 103, Status.SNAKE, 0.01
9525, 12, 99, Status.WALL, 0.01
9526, 10, 77, Status.SNAKE, 0.01
9527, 9, 52, Status.SNAKE, 0.01
9528, 7, 31, Status.SNAKE, 0.01
9529, 9, 68, Status.SNAKE, 0.01
9530, 3, 33, Status.WALL, 0.01
9531, 11, 79, Status.WALL, 0.01
9532, 13, 75, Status.WALL, 0.01
9533, 9, 78, Status.SNAKE, 0.01
9534, 14, 105, Status.WALL, 0.01
9535, 7, 59, Status.SNAKE, 0.01
9536, 11, 83, Status.SNAKE, 0.01
9537, 12, 86, Status.SNAKE, 0.01
9538, 4, 27, Status.SNAKE, 0.01
9539, 9, 57, Status.SNAKE, 0.01
9540, 14, 109, Status.SNAKE, 0.01
9541, 12, 81, Status.SNAKE, 0.01
9542, 13, 106, Status.WALL, 0.01
9543, 9, 67, Status.SNAKE, 0.01
9544, 10, 68, Status.SNAKE, 0.01
9545, 5, 41, Status.SNAKE, 0.01
9546, 12, 77, Status.SNAKE, 0.01
9547, 7, 48, Status.WALL, 0.01
9548, 15, 90, Status.WALL, 0.01
9549, 1, 11, Status.WALL, 0.01
9550, 2, 18, Status.WALL, 0.01
9551, 8, 56, Status.SNAKE, 0.01
9552, 14, 99, Status.WALL, 0.01
9553, 3, 14, Status.WALL, 0.01
9554, 5, 41, Status.WALL, 0.01
9555, 8, 52, Status.SNAKE, 0.01
9556, 4, 25, Status.SNAKE, 0.01
9557, 21, 154, Status.SNAKE, 0.01
9558, 15, 77, Status.WALL, 0.01
9559, 17, 109, Status.SNAKE, 0.01
9560, 12, 82, Status.WALL, 0.01
9561, 12, 117, Status.SNAKE, 0.01
9562, 7, 74, Status.WALL, 0.01
9563, 15, 138, Status.SNAKE, 0.01
9564, 6, 36, Status.WALL, 0.01
9565, 1, 3, Status.SNAKE, 0.01
9566, 3, 21, Status.SNAKE, 0.01
9567, 10, 63, Status.SNAKE, 0.01
9568, 9, 59, Status.SNAKE, 0.01
9569, 13, 99, Status.SNAKE, 0.01
9570, 11, 56, Status.SNAKE, 0.01
9571, 17, 115, Status.WALL, 0.01
9572, 10, 54, Status.SNAKE, 0.01
9573, 9, 56, Status.SNAKE, 0.01
9574, 10, 56, Status.SNAKE, 0.01
9575, 13, 77, Status.SNAKE, 0.01
9576, 7, 58, Status.WALL, 0.01
9577, 9, 62, Status.WALL, 0.01
9578, 3, 16, Status.SNAKE, 0.01
9579, 5, 30, Status.SNAKE, 0.01
9580, 16, 102, Status.SNAKE, 0.01
9581, 6, 36, Status.WALL, 0.01
9582, 12, 79, Status.SNAKE, 0.01
9583, 13, 77, Status.SNAKE, 0.01
9584, 13, 98, Status.SNAKE, 0.01
9585, 8, 50, Status.SNAKE, 0.01
9586, 6, 51, Status.SNAKE, 0.01
9587, 7, 61, Status.SNAKE, 0.01
9588, 10, 64, Status.SNAKE, 0.01
9589, 8, 63, Status.SNAKE, 0.01
9590, 5, 32, Status.SNAKE, 0.01
9591, 12, 93, Status.SNAKE, 0.01
9592, 1, 9, Status.WALL, 0.01
9593, 8, 68, Status.SNAKE, 0.01
9594, 7, 60, Status.SNAKE, 0.01
9595, 10, 66, Status.SNAKE, 0.01
9596, 13, 92, Status.WALL, 0.01
9597, 11, 73, Status.SNAKE, 0.01
9598, 11, 93, Status.SNAKE, 0.01
9599, 8, 57, Status.SNAKE, 0.01
9600, 10, 74, Status.SNAKE, 0.01
9601, 21, 169, Status.SNAKE, 0.01
9602, 9, 64, Status.SNAKE, 0.01
9603, 9, 73, Status.SNAKE, 0.01
9604, 12, 74, Status.SNAKE, 0.01
9605, 11, 61, Status.SNAKE, 0.01
9606, 5, 33, Status.SNAKE, 0.01
9607, 4, 27, Status.SNAKE, 0.01
9608, 3, 23, Status.SNAKE, 0.01
9609, 15, 110, Status.SNAKE, 0.01
9610, 4, 26, Status.SNAKE, 0.01
9611, 10, 72, Status.SNAKE, 0.01
9612, 12, 80, Status.SNAKE, 0.01
9613, 9, 70, Status.SNAKE, 0.01
9614, 9, 59, Status.WALL, 0.01
9615, 5, 45, Status.SNAKE, 0.01
9616, 12, 85, Status.SNAKE, 0.01
9617, 5, 29, Status.SNAKE, 0.01
9618, 8, 47, Status.SNAKE, 0.01
9619, 8, 63, Status.SNAKE, 0.01
9620, 11, 79, Status.SNAKE, 0.01
9621, 4, 22, Status.SNAKE, 0.01
9622, 1, 3, Status.SNAKE, 0.01
9623, 9, 49, Status.SNAKE, 0.01
9624, 2, 14, Status.SNAKE, 0.01
9625, 3, 13, Status.SNAKE, 0.01
9626, 7, 48, Status.SNAKE, 0.01
9627, 9, 60, Status.SNAKE, 0.01
9628, 12, 76, Status.SNAKE, 0.01
9629, 2, 15, Status.SNAKE, 0.01
9630, 5, 30, Status.SNAKE, 0.01
9631, 3, 16, Status.WALL, 0.01
9632, 4, 28, Status.WALL, 0.01
9633, 9, 44, Status.SNAKE, 0.01
9634, 6, 42, Status.SNAKE, 0.01
9635, 11, 95, Status.SNAKE, 0.01
9636, 8, 56, Status.SNAKE, 0.01
9637, 12, 95, Status.WALL, 0.01
9638, 6, 51, Status.SNAKE, 0.01
9639, 13, 83, Status.WALL, 0.01
9640, 1, 14, Status.SNAKE, 0.01
9641, 14, 82, Status.SNAKE, 0.01
9642, 9, 64, Status.SNAKE, 0.01
9643, 7, 48, Status.WALL, 0.01
9644, 6, 37, Status.SNAKE, 0.01
9645, 8, 49, Status.SNAKE, 0.01
9646, 6, 44, Status.SNAKE, 0.01
9647, 13, 114, Status.WALL, 0.01
9648, 10, 75, Status.SNAKE, 0.01
9649, 5, 40, Status.WALL, 0.01
9650, 15, 104, Status.SNAKE, 0.01
9651, 9, 53, Status.SNAKE, 0.01
9652, 3, 16, Status.WALL, 0.01
9653, 11, 80, Status.SNAKE, 0.01
9654, 9, 75, Status.SNAKE, 0.01
9655, 15, 91, Status.SNAKE, 0.01
9656, 1, 6, Status.WALL, 0.01
9657, 12, 86, Status.SNAKE, 0.01
9658, 10, 76, Status.SNAKE, 0.01
9659, 9, 80, Status.SNAKE, 0.01
9660, 13, 93, Status.WALL, 0.01
9661, 4, 25, Status.SNAKE, 0.01
9662, 2, 17, Status.SNAKE, 0.01
9663, 11, 55, Status.WALL, 0.01
9664, 15, 124, Status.SNAKE, 0.01
9665, 10, 57, Status.SNAKE, 0.01
9666, 8, 74, Status.WALL, 0.01
9667, 15, 89, Status.SNAKE, 0.01
9668, 6, 37, Status.SNAKE, 0.01
9669, 8, 60, Status.SNAKE, 0.01
9670, 7, 54, Status.SNAKE, 0.01
9671, 5, 27, Status.SNAKE, 0.01
9672, 10, 59, Status.SNAKE, 0.01
9673, 14, 114, Status.SNAKE, 0.01
9674, 9, 71, Status.SNAKE, 0.01
9675, 13, 98, Status.SNAKE, 0.01
9676, 18, 148, Status.SNAKE, 0.01
9677, 8, 63, Status.SNAKE, 0.01
9678, 0, 9, Status.WALL, 0.01
9679, 10, 61, Status.SNAKE, 0.01
9680, 6, 36, Status.WALL, 0.01
9681, 5, 31, Status.SNAKE, 0.01
9682, 15, 105, Status.SNAKE, 0.01
9683, 7, 50, Status.SNAKE, 0.01
9684, 7, 56, Status.WALL, 0.01
9685, 2, 15, Status.SNAKE, 0.01
9686, 5, 57, Status.SNAKE, 0.01
9687, 5, 30, Status.WALL, 0.01
9688, 3, 23, Status.SNAKE, 0.01
9689, 10, 84, Status.WALL, 0.01
9690, 8, 66, Status.SNAKE, 0.01
9691, 13, 97, Status.WALL, 0.01
9692, 22, 151, Status.WALL, 0.01
9693, 2, 16, Status.WALL, 0.01
9694, 17, 98, Status.SNAKE, 0.01
9695, 10, 46, Status.SNAKE, 0.01
9696, 9, 81, Status.SNAKE, 0.01
9697, 8, 80, Status.SNAKE, 0.01
9698, 6, 44, Status.WALL, 0.01
9699, 8, 76, Status.SNAKE, 0.01
9700, 6, 42, Status.SNAKE, 0.01
9701, 5, 44, Status.WALL, 0.01
9702, 5, 38, Status.WALL, 0.01
9703, 12, 79, Status.SNAKE, 0.01
9704, 3, 26, Status.WALL, 0.01
9705, 1, 11, Status.WALL, 0.01
9706, 6, 30, Status.SNAKE, 0.01
9707, 5, 31, Status.SNAKE, 0.01
9708, 12, 61, Status.SNAKE, 0.01
9709, 14, 107, Status.SNAKE, 0.01
9710, 8, 54, Status.WALL, 0.01
9711, 5, 35, Status.SNAKE, 0.01
9712, 1, 8, Status.WALL, 0.01
9713, 7, 46, Status.SNAKE, 0.01
9714, 13, 83, Status.SNAKE, 0.01
9715, 10, 82, Status.SNAKE, 0.01
9716, 3, 28, Status.WALL, 0.01
9717, 4, 28, Status.SNAKE, 0.01
9718, 4, 40, Status.SNAKE, 0.01
9719, 9, 61, Status.SNAKE, 0.01
9720, 3, 15, Status.SNAKE, 0.01
9721, 3, 26, Status.WALL, 0.01
9722, 17, 169, Status.SNAKE, 0.01
9723, 14, 87, Status.SNAKE, 0.01
9724, 5, 42, Status.SNAKE, 0.01
9725, 6, 45, Status.SNAKE, 0.01
9726, 4, 41, Status.SNAKE, 0.01
9727, 5, 48, Status.SNAKE, 0.01
9728, 1, 7, Status.SNAKE, 0.01
9729, 6, 50, Status.SNAKE, 0.01
9730, 7, 67, Status.WALL, 0.01
9731, 11, 66, Status.SNAKE, 0.01
9732, 11, 73, Status.SNAKE, 0.01
9733, 2, 19, Status.SNAKE, 0.01
9734, 6, 34, Status.SNAKE, 0.01
9735, 12, 90, Status.SNAKE, 0.01
9736, 6, 45, Status.SNAKE, 0.01
9737, 18, 135, Status.SNAKE, 0.01
9738, 8, 68, Status.WALL, 0.01
9739, 11, 56, Status.WALL, 0.01
9740, 5, 32, Status.SNAKE, 0.01
9741, 4, 27, Status.WALL, 0.01
9742, 13, 78, Status.SNAKE, 0.01
9743, 14, 112, Status.SNAKE, 0.01
9744, 3, 26, Status.SNAKE, 0.01
9745, 8, 58, Status.SNAKE, 0.01
9746, 5, 31, Status.SNAKE, 0.01
9747, 12, 104, Status.SNAKE, 0.01
9748, 11, 62, Status.WALL, 0.01
9749, 6, 41, Status.SNAKE, 0.01
9750, 19, 132, Status.SNAKE, 0.01
9751, 9, 76, Status.WALL, 0.01
9752, 19, 93, Status.SNAKE, 0.01
9753, 7, 25, Status.WALL, 0.01
9754, 6, 52, Status.SNAKE, 0.01
9755, 13, 100, Status.SNAKE, 0.01
9756, 10, 64, Status.WALL, 0.01
9757, 9, 49, Status.SNAKE, 0.01
9758, 3, 26, Status.WALL, 0.01
9759, 8, 37, Status.WALL, 0.01
9760, 14, 106, Status.SNAKE, 0.01
9761, 9, 81, Status.SNAKE, 0.01
9762, 3, 26, Status.WALL, 0.01
9763, 16, 131, Status.SNAKE, 0.01
9764, 19, 147, Status.SNAKE, 0.01
9765, 1, 8, Status.WALL, 0.01
9766, 5, 38, Status.SNAKE, 0.01
9767, 13, 101, Status.SNAKE, 0.01
9768, 8, 46, Status.WALL, 0.01
9769, 9, 62, Status.SNAKE, 0.01
9770, 1, 7, Status.SNAKE, 0.01
9771, 12, 94, Status.SNAKE, 0.01
9772, 7, 54, Status.WALL, 0.01
9773, 13, 90, Status.WALL, 0.01
9774, 12, 121, Status.SNAKE, 0.01
9775, 14, 110, Status.SNAKE, 0.01
9776, 6, 34, Status.SNAKE, 0.01
9777, 1, 10, Status.WALL, 0.01
9778, 11, 93, Status.SNAKE, 0.01
9779, 11, 77, Status.SNAKE, 0.01
9780, 13, 125, Status.SNAKE, 0.01
9781, 4, 25, Status.WALL, 0.01
9782, 17, 109, Status.SNAKE, 0.01
9783, 7, 59, Status.SNAKE, 0.01
9784, 2, 12, Status.SNAKE, 0.01
9785, 4, 26, Status.SNAKE, 0.01
9786, 24, 177, Status.SNAKE, 0.01
9787, 16, 129, Status.SNAKE, 0.01
9788, 2, 22, Status.WALL, 0.01
9789, 1, 5, Status.SNAKE, 0.01
9790, 7, 59, Status.SNAKE, 0.01
9791, 13, 92, Status.WALL, 0.01
9792, 7, 51, Status.SNAKE, 0.01
9793, 20, 163, Status.SNAKE, 0.01
9794, 14, 112, Status.SNAKE, 0.01
9795, 3, 38, Status.WALL, 0.01
9796, 10, 83, Status.WALL, 0.01
9797, 15, 126, Status.WALL, 0.01
9798, 7, 40, Status.SNAKE, 0.01
9799, 6, 43, Status.SNAKE, 0.01
9800, 11, 88, Status.SNAKE, 0.01
9801, 3, 16, Status.SNAKE, 0.01
9802, 16, 140, Status.SNAKE, 0.01
9803, 7, 60, Status.WALL, 0.01
9804, 7, 41, Status.SNAKE, 0.01
9805, 2, 20, Status.WALL, 0.01
9806, 16, 113, Status.SNAKE, 0.01
9807, 10, 86, Status.WALL, 0.01
9808, 6, 33, Status.SNAKE, 0.01
9809, 1, 8, Status.SNAKE, 0.01
9810, 13, 114, Status.WALL, 0.01
9811, 2, 11, Status.SNAKE, 0.01
9812, 9, 58, Status.SNAKE, 0.01
9813, 2, 16, Status.SNAKE, 0.01
9814, 13, 110, Status.SNAKE, 0.01
9815, 10, 80, Status.SNAKE, 0.01
9816, 8, 50, Status.SNAKE, 0.01
9817, 6, 53, Status.SNAKE, 0.01
9818, 5, 42, Status.SNAKE, 0.01
9819, 7, 70, Status.SNAKE, 0.01
9820, 6, 51, Status.SNAKE, 0.01
9821, 14, 77, Status.SNAKE, 0.01
9822, 17, 118, Status.SNAKE, 0.01
9823, 1, 6, Status.SNAKE, 0.01
9824, 12, 69, Status.SNAKE, 0.01
9825, 17, 121, Status.SNAKE, 0.01
9826, 8, 56, Status.SNAKE, 0.01
9827, 14, 127, Status.SNAKE, 0.01
9828, 11, 82, Status.SNAKE, 0.01
9829, 6, 24, Status.SNAKE, 0.01
9830, 5, 59, Status.WALL, 0.01
9831, 12, 82, Status.WALL, 0.01
9832, 3, 11, Status.SNAKE, 0.01
9833, 1, 3, Status.SNAKE, 0.01
9834, 7, 74, Status.SNAKE, 0.01
9835, 8, 47, Status.WALL, 0.01
9836, 10, 67, Status.SNAKE, 0.01
9837, 7, 53, Status.SNAKE, 0.01
9838, 11, 84, Status.SNAKE, 0.01
9839, 9, 66, Status.SNAKE, 0.01
9840, 11, 97, Status.SNAKE, 0.01
9841, 10, 87, Status.WALL, 0.01
9842, 12, 94, Status.SNAKE, 0.01
9843, 10, 78, Status.SNAKE, 0.01
9844, 17, 113, Status.SNAKE, 0.01
9845, 4, 31, Status.SNAKE, 0.01
9846, 12, 65, Status.SNAKE, 0.01
9847, 7, 51, Status.SNAKE, 0.01
9848, 6, 39, Status.WALL, 0.01
9849, 3, 23, Status.SNAKE, 0.01
9850, 5, 52, Status.WALL, 0.01
9851, 14, 80, Status.SNAKE, 0.01
9852, 8, 63, Status.SNAKE, 0.01
9853, 9, 45, Status.SNAKE, 0.01
9854, 13, 107, Status.WALL, 0.01
9855, 7, 51, Status.SNAKE, 0.01
9856, 10, 64, Status.SNAKE, 0.01
9857, 5, 37, Status.SNAKE, 0.01
9858, 11, 72, Status.SNAKE, 0.01
9859, 8, 76, Status.WALL, 0.01
9860, 11, 80, Status.SNAKE, 0.01
9861, 3, 14, Status.WALL, 0.01
9862, 24, 167, Status.SNAKE, 0.01
9863, 10, 70, Status.SNAKE, 0.01
9864, 13, 104, Status.SNAKE, 0.01
9865, 6, 26, Status.SNAKE, 0.01
9866, 5, 21, Status.SNAKE, 0.01
9867, 6, 43, Status.SNAKE, 0.01
9868, 7, 60, Status.WALL, 0.01
9869, 1, 3, Status.SNAKE, 0.01
9870, 11, 61, Status.SNAKE, 0.01
9871, 12, 95, Status.SNAKE, 0.01
9872, 4, 26, Status.SNAKE, 0.01
9873, 2, 12, Status.SNAKE, 0.01
9874, 2, 15, Status.SNAKE, 0.01
9875, 7, 39, Status.SNAKE, 0.01
9876, 9, 65, Status.SNAKE, 0.01
9877, 11, 73, Status.SNAKE, 0.01
9878, 11, 77, Status.SNAKE, 0.01
9879, 11, 69, Status.SNAKE, 0.01
9880, 11, 116, Status.SNAKE, 0.01
9881, 3, 10, Status.SNAKE, 0.01
9882, 11, 70, Status.SNAKE, 0.01
9883, 5, 22, Status.SNAKE, 0.01
9884, 2, 14, Status.WALL, 0.01
9885, 4, 21, Status.SNAKE, 0.01
9886, 5, 35, Status.SNAKE, 0.01
9887, 10, 69, Status.SNAKE, 0.01
9888, 3, 16, Status.SNAKE, 0.01
9889, 5, 41, Status.WALL, 0.01
9890, 13, 90, Status.SNAKE, 0.01
9891, 12, 86, Status.SNAKE, 0.01
9892, 2, 27, Status.WALL, 0.01
9893, 14, 87, Status.WALL, 0.01
9894, 5, 36, Status.WALL, 0.01
9895, 4, 23, Status.SNAKE, 0.01
9896, 2, 20, Status.SNAKE, 0.01
9897, 15, 116, Status.SNAKE, 0.01
9898, 1, 10, Status.WALL, 0.01
9899, 3, 12, Status.WALL, 0.01
9900, 2, 20, Status.SNAKE, 0.01
9901, 8, 50, Status.SNAKE, 0.01
9902, 10, 80, Status.SNAKE, 0.01
9903, 3, 33, Status.SNAKE, 0.01
9904, 12, 91, Status.SNAKE, 0.01
9905, 7, 35, Status.SNAKE, 0.01
9906, 9, 53, Status.SNAKE, 0.01
9907, 7, 33, Status.SNAKE, 0.01
9908, 5, 37, Status.SNAKE, 0.01
9909, 9, 40, Status.SNAKE, 0.01
9910, 10, 79, Status.SNAKE, 0.01
9911, 14, 83, Status.SNAKE, 0.01
9912, 8, 73, Status.WALL, 0.01
9913, 6, 50, Status.SNAKE, 0.01
9914, 11, 99, Status.WALL, 0.01
9915, 3, 19, Status.SNAKE, 0.01
9916, 6, 35, Status.SNAKE, 0.01
9917, 2, 16, Status.SNAKE, 0.01
9918, 10, 84, Status.WALL, 0.01
9919, 14, 110, Status.SNAKE, 0.01
9920, 10, 60, Status.WALL, 0.01
9921, 14, 97, Status.WALL, 0.01
9922, 8, 64, Status.WALL, 0.01
9923, 1, 5, Status.SNAKE, 0.01
9924, 3, 21, Status.SNAKE, 0.01
9925, 12, 86, Status.SNAKE, 0.01
9926, 6, 49, Status.SNAKE, 0.01
9927, 6, 31, Status.SNAKE, 0.01
9928, 6, 45, Status.SNAKE, 0.01
9929, 12, 76, Status.WALL, 0.01
9930, 1, 5, Status.SNAKE, 0.01
9931, 13, 92, Status.SNAKE, 0.01
9932, 11, 105, Status.SNAKE, 0.01
9933, 2, 26, Status.WALL, 0.01
9934, 6, 62, Status.WALL, 0.01
9935, 3, 35, Status.SNAKE, 0.01
9936, 10, 73, Status.SNAKE, 0.01
9937, 7, 54, Status.SNAKE, 0.01
9938, 11, 66, Status.WALL, 0.01
9939, 10, 60, Status.SNAKE, 0.01
9940, 9, 46, Status.SNAKE, 0.01
9941, 3, 27, Status.WALL, 0.01
9942, 14, 101, Status.SNAKE, 0.01
9943, 7, 65, Status.SNAKE, 0.01
9944, 6, 38, Status.SNAKE, 0.01
9945, 6, 50, Status.SNAKE, 0.01
9946, 13, 110, Status.SNAKE, 0.01
9947, 13, 87, Status.SNAKE, 0.01
9948, 1, 5, Status.SNAKE, 0.01
9949, 7, 49, Status.SNAKE, 0.01
9950, 13, 96, Status.WALL, 0.01
9951, 6, 34, Status.SNAKE, 0.01
9952, 3, 20, Status.SNAKE, 0.01
9953, 5, 42, Status.SNAKE, 0.01
9954, 8, 54, Status.SNAKE, 0.01
9955, 15, 115, Status.SNAKE, 0.01
9956, 10, 97, Status.SNAKE, 0.01
9957, 10, 81, Status.SNAKE, 0.01
9958, 15, 93, Status.SNAKE, 0.01
9959, 5, 51, Status.SNAKE, 0.01
9960, 3, 8, Status.SNAKE, 0.01
9961, 7, 50, Status.WALL, 0.01
9962, 13, 90, Status.SNAKE, 0.01
9963, 9, 85, Status.SNAKE, 0.01
9964, 8, 61, Status.SNAKE, 0.01
9965, 5, 40, Status.SNAKE, 0.01
9966, 16, 124, Status.WALL, 0.01
9967, 9, 60, Status.SNAKE, 0.01
9968, 2, 12, Status.WALL, 0.01
9969, 13, 98, Status.SNAKE, 0.01
9970, 14, 114, Status.SNAKE, 0.01
9971, 12, 85, Status.SNAKE, 0.01
9972, 7, 44, Status.SNAKE, 0.01
9973, 2, 13, Status.SNAKE, 0.01
9974, 1, 9, Status.WALL, 0.01
9975, 12, 95, Status.SNAKE, 0.01
9976, 7, 43, Status.SNAKE, 0.01
9977, 19, 134, Status.SNAKE, 0.01
9978, 6, 49, Status.SNAKE, 0.01
9979, 1, 5, Status.SNAKE, 0.01
9980, 2, 20, Status.SNAKE, 0.01
9981, 1, 6, Status.SNAKE, 0.01
9982, 4, 20, Status.SNAKE, 0.01
9983, 8, 63, Status.SNAKE, 0.01
9984, 2, 20, Status.SNAKE, 0.01
9985, 11, 97, Status.SNAKE, 0.01
9986, 12, 85, Status.SNAKE, 0.01
9987, 10, 62, Status.SNAKE, 0.01
9988, 2, 21, Status.SNAKE, 0.01
9989, 14, 96, Status.SNAKE, 0.01
9990, 8, 52, Status.SNAKE, 0.01
9991, 8, 60, Status.SNAKE, 0.01
9992, 13, 92, Status.WALL, 0.01
9993, 5, 44, Status.SNAKE, 0.01
9994, 6, 28, Status.SNAKE, 0.01
9995, 7, 42, Status.SNAKE, 0.01
9996, 6, 54, Status.SNAKE, 0.01
9997, 12, 104, Status.SNAKE, 0.01
9998, 3, 23, Status.WALL, 0.01
9999, 4, 14, Status.WALL, 0.01
10000, 12, 101, Status.SNAKE, 0.01
