Episode,Score,Total Steps,Death,Epsilon
1, 0, 18, Status.WALL, 1.0
2, 0, 8, Status.WALL, 0.995
3, 0, 10, Status.WALL, 0.990025
4, 0, 9, Status.WALL, 0.985074875
5, 0, 6, Status.WALL, 0.9801495006250001
6, 0, 8, Status.WALL, 0.9752487531218751
7, 0, 14, Status.WALL, 0.9703725093562657
8, 2, 25, Status.WALL, 0.9655206468094844
9, 0, 15, Status.WALL, 0.960693043575437
10, 0, 6, Status.WALL, 0.9558895783575597
11, 0, 32, Status.WALL, 0.9511101304657719
12, 0, 6, Status.WALL, 0.946354579813443
13, 0, 28, Status.WALL, 0.9416228069143757
14, 0, 5, Status.WALL, 0.9369146928798039
15, 0, 9, Status.WALL, 0.9322301194154049
16, 0, 18, Status.WALL, 0.9275689688183278
17, 0, 23, Status.WALL, 0.9229311239742362
18, 0, 14, Status.WALL, 0.918316468354365
19, 0, 10, Status.WALL, 0.9137248860125932
20, 0, 8, Status.WALL, 0.9091562615825302
21, 1, 18, Status.SNAKE, 0.9046104802746175
22, 0, 26, Status.WALL, 0.9000874278732445
23, 0, 5, Status.WALL, 0.8955869907338783
24, 1, 6, Status.WALL, 0.8911090557802088
25, 1, 16, Status.SNAKE, 0.8866535105013078
26, 0, 7, Status.WALL, 0.8822202429488013
27, 0, 7, Status.WALL, 0.8778091417340573
28, 1, 15, Status.WALL, 0.8734200960253871
29, 0, 28, Status.WALL, 0.8690529955452602
30, 0, 6, Status.WALL, 0.8647077305675338
31, 0, 11, Status.WALL, 0.8603841919146962
32, 0, 6, Status.WALL, 0.8560822709551227
33, 1, 32, Status.WALL, 0.851801859600347
34, 0, 48, Status.WALL, 0.8475428503023453
35, 0, 7, Status.WALL, 0.8433051360508336
36, 1, 15, Status.WALL, 0.8390886103705794
37, 0, 5, Status.WALL, 0.8348931673187264
38, 0, 7, Status.WALL, 0.8307187014821328
39, 0, 13, Status.WALL, 0.8265651079747222
40, 0, 27, Status.WALL, 0.8224322824348486
41, 0, 10, Status.WALL, 0.8183201210226743
42, 0, 6, Status.WALL, 0.8142285204175609
43, 1, 31, Status.SNAKE, 0.810157377815473
44, 0, 19, Status.WALL, 0.8061065909263957
45, 0, 15, Status.WALL, 0.8020760579717637
46, 0, 21, Status.WALL, 0.798065677681905
47, 0, 31, Status.WALL, 0.7940753492934954
48, 1, 16, Status.SNAKE, 0.7901049725470279
49, 2, 7, Status.WALL, 0.7861544476842928
50, 1, 4, Status.WALL, 0.7822236754458713
51, 0, 8, Status.WALL, 0.778312557068642
52, 0, 13, Status.WALL, 0.7744209942832988
53, 0, 6, Status.WALL, 0.7705488893118823
54, 1, 10, Status.WALL, 0.7666961448653229
55, 0, 16, Status.WALL, 0.7628626641409962
56, 0, 10, Status.WALL, 0.7590483508202912
57, 1, 6, Status.SNAKE, 0.7552531090661897
58, 1, 29, Status.SNAKE, 0.7514768435208588
59, 1, 9, Status.SNAKE, 0.7477194593032545
60, 0, 16, Status.WALL, 0.7439808620067382
61, 1, 9, Status.WALL, 0.7402609576967045
62, 0, 7, Status.WALL, 0.736559652908221
63, 0, 31, Status.WALL, 0.7328768546436799
64, 0, 9, Status.WALL, 0.7292124703704616
65, 1, 5, Status.SNAKE, 0.7255664080186093
66, 0, 8, Status.WALL, 0.7219385759785162
67, 0, 12, Status.WALL, 0.7183288830986236
68, 2, 5, Status.WALL, 0.7147372386831305
69, 1, 5, Status.SNAKE, 0.7111635524897149
70, 0, 23, Status.WALL, 0.7076077347272662
71, 0, 37, Status.WALL, 0.7040696960536299
72, 0, 19, Status.WALL, 0.7005493475733617
73, 0, 6, Status.WALL, 0.697046600835495
74, 1, 14, Status.WALL, 0.6935613678313175
75, 1, 12, Status.WALL, 0.6900935609921609
76, 2, 23, Status.WALL, 0.6866430931872001
77, 0, 6, Status.WALL, 0.6832098777212641
78, 0, 14, Status.WALL, 0.6797938283326578
79, 0, 6, Status.WALL, 0.6763948591909945
80, 1, 11, Status.WALL, 0.6730128848950395
81, 1, 27, Status.WALL, 0.6696478204705644
82, 0, 11, Status.WALL, 0.6662995813682115
83, 2, 26, Status.WALL, 0.6629680834613705
84, 1, 6, Status.WALL, 0.6596532430440636
85, 0, 7, Status.WALL, 0.6563549768288433
86, 0, 8, Status.WALL, 0.653073201944699
87, 0, 8, Status.WALL, 0.6498078359349755
88, 0, 12, Status.WALL, 0.6465587967553006
89, 0, 13, Status.WALL, 0.6433260027715241
90, 0, 8, Status.WALL, 0.6401093727576664
91, 2, 27, Status.SNAKE, 0.6369088258938781
92, 1, 3, Status.SNAKE, 0.6337242817644086
93, 1, 9, Status.WALL, 0.6305556603555866
94, 1, 21, Status.SNAKE, 0.6274028820538087
95, 0, 6, Status.WALL, 0.6242658676435396
96, 0, 33, Status.WALL, 0.6211445383053219
97, 1, 12, Status.WALL, 0.6180388156137953
98, 1, 6, Status.SNAKE, 0.6149486215357263
99, 0, 7, Status.WALL, 0.6118738784280476
100, 1, 10, Status.WALL, 0.6088145090359074
101, 1, 13, Status.SNAKE, 0.6057704364907278
102, 1, 16, Status.WALL, 0.6027415843082742
103, 0, 8, Status.WALL, 0.5997278763867329
104, 1, 10, Status.WALL, 0.5967292370047992
105, 3, 15, Status.WALL, 0.5937455908197752
106, 1, 17, Status.WALL, 0.5907768628656763
107, 1, 25, Status.SNAKE, 0.5878229785513479
108, 0, 13, Status.WALL, 0.5848838636585911
109, 0, 16, Status.WALL, 0.5819594443402982
110, 1, 5, Status.SNAKE, 0.5790496471185967
111, 1, 15, Status.SNAKE, 0.5761543988830038
112, 0, 7, Status.WALL, 0.5732736268885887
113, 1, 6, Status.SNAKE, 0.5704072587541458
114, 2, 19, Status.SNAKE, 0.567555222460375
115, 3, 23, Status.SNAKE, 0.5647174463480732
116, 0, 41, Status.WALL, 0.5618938591163328
117, 1, 30, Status.WALL, 0.5590843898207511
118, 1, 26, Status.SNAKE, 0.5562889678716474
119, 0, 9, Status.WALL, 0.5535075230322891
120, 1, 7, Status.WALL, 0.5507399854171277
121, 0, 8, Status.WALL, 0.547986285490042
122, 2, 11, Status.SNAKE, 0.5452463540625918
123, 1, 28, Status.WALL, 0.5425201222922789
124, 1, 29, Status.WALL, 0.5398075216808175
125, 0, 10, Status.WALL, 0.5371084840724134
126, 0, 23, Status.WALL, 0.5344229416520513
127, 0, 12, Status.WALL, 0.531750826943791
128, 2, 32, Status.WALL, 0.5290920728090721
129, 1, 13, Status.WALL, 0.5264466124450268
130, 1, 16, Status.SNAKE, 0.5238143793828016
131, 1, 11, Status.SNAKE, 0.5211953074858876
132, 2, 15, Status.WALL, 0.5185893309484582
133, 1, 30, Status.WALL, 0.5159963842937159
134, 1, 24, Status.SNAKE, 0.5134164023722473
135, 3, 40, Status.SNAKE, 0.510849320360386
136, 0, 34, Status.WALL, 0.5082950737585841
137, 2, 21, Status.WALL, 0.5057535983897912
138, 1, 8, Status.SNAKE, 0.5032248303978422
139, 0, 10, Status.WALL, 0.500708706245853
140, 0, 5, Status.WALL, 0.4982051627146237
141, 1, 14, Status.SNAKE, 0.49571413690105054
142, 0, 15, Status.WALL, 0.4932355662165453
143, 0, 16, Status.WALL, 0.4907693883854626
144, 3, 28, Status.WALL, 0.4883155414435353
145, 0, 10, Status.WALL, 0.4858739637363176
146, 1, 22, Status.SNAKE, 0.483444593917636
147, 0, 9, Status.WALL, 0.4810273709480478
148, 0, 11, Status.WALL, 0.47862223409330756
149, 1, 18, Status.WALL, 0.47622912292284103
150, 1, 23, Status.WALL, 0.4738479773082268
151, 0, 10, Status.WALL, 0.47147873742168567
152, 1, 7, Status.SNAKE, 0.46912134373457726
153, 1, 16, Status.SNAKE, 0.46677573701590436
154, 1, 7, Status.SNAKE, 0.46444185833082485
155, 1, 6, Status.WALL, 0.46211964903917074
156, 0, 14, Status.WALL, 0.4598090507939749
157, 0, 4, Status.WALL, 0.457510005540005
158, 0, 6, Status.WALL, 0.45522245551230495
159, 4, 21, Status.SNAKE, 0.4529463432347434
160, 0, 17, Status.WALL, 0.4506816115185697
161, 2, 15, Status.SNAKE, 0.4484282034609769
162, 1, 14, Status.WALL, 0.446186062443672
163, 3, 15, Status.SNAKE, 0.4439551321314536
164, 1, 31, Status.WALL, 0.4417353564707963
165, 1, 8, Status.SNAKE, 0.43952667968844233
166, 1, 15, Status.SNAKE, 0.43732904629000013
167, 3, 43, Status.WALL, 0.4351424010585501
168, 0, 8, Status.WALL, 0.43296668905325736
169, 3, 35, Status.SNAKE, 0.43080185560799106
170, 0, 6, Status.WALL, 0.4286478463299511
171, 1, 17, Status.WALL, 0.42650460709830135
172, 0, 11, Status.WALL, 0.42437208406280985
173, 1, 14, Status.SNAKE, 0.4222502236424958
174, 2, 19, Status.WALL, 0.42013897252428334
175, 2, 16, Status.WALL, 0.4180382776616619
176, 4, 55, Status.WALL, 0.4159480862733536
177, 1, 24, Status.SNAKE, 0.41386834584198684
178, 0, 8, Status.WALL, 0.4117990041127769
179, 0, 9, Status.WALL, 0.40974000909221303
180, 1, 15, Status.SNAKE, 0.40769130904675194
181, 1, 22, Status.WALL, 0.40565285250151817
182, 1, 8, Status.WALL, 0.4036245882390106
183, 1, 12, Status.SNAKE, 0.4016064652978155
184, 1, 21, Status.WALL, 0.3995984329713264
185, 0, 8, Status.WALL, 0.3976004408064698
186, 1, 26, Status.SNAKE, 0.39561243860243744
187, 3, 52, Status.WALL, 0.3936343764094253
188, 0, 8, Status.WALL, 0.39166620452737816
189, 0, 11, Status.WALL, 0.3897078735047413
190, 1, 21, Status.WALL, 0.3877593341372176
191, 2, 7, Status.SNAKE, 0.3858205374665315
192, 3, 31, Status.WALL, 0.38389143477919885
193, 0, 9, Status.WALL, 0.3819719776053028
194, 1, 10, Status.SNAKE, 0.3800621177172763
195, 1, 30, Status.WALL, 0.37816180712868996
196, 0, 10, Status.WALL, 0.37627099809304654
197, 3, 36, Status.WALL, 0.3743896431025813
198, 1, 19, Status.WALL, 0.37251769488706843
199, 1, 17, Status.SNAKE, 0.3706551064126331
200, 1, 11, Status.WALL, 0.36880183088056995
201, 0, 14, Status.WALL, 0.3669578217261671
202, 1, 12, Status.SNAKE, 0.36512303261753626
203, 0, 13, Status.WALL, 0.3632974174544486
204, 5, 32, Status.WALL, 0.3614809303671764
205, 1, 22, Status.WALL, 0.3596735257153405
206, 3, 22, Status.SNAKE, 0.3578751580867638
207, 1, 7, Status.WALL, 0.35608578229633
208, 2, 17, Status.WALL, 0.3543053533848483
209, 1, 11, Status.WALL, 0.35253382661792404
210, 2, 23, Status.WALL, 0.3507711574848344
211, 3, 38, Status.SNAKE, 0.34901730169741024
212, 1, 8, Status.WALL, 0.3472722151889232
213, 0, 12, Status.WALL, 0.3455358541129786
214, 2, 19, Status.SNAKE, 0.3438081748424137
215, 1, 12, Status.SNAKE, 0.3420891339682016
216, 2, 7, Status.WALL, 0.3403786882983606
217, 1, 20, Status.WALL, 0.3386767948568688
218, 1, 22, Status.SNAKE, 0.33698341088258443
219, 2, 33, Status.WALL, 0.3352984938281715
220, 1, 8, Status.WALL, 0.33362200135903064
221, 4, 52, Status.SNAKE, 0.33195389135223546
222, 2, 28, Status.SNAKE, 0.3302941218954743
223, 4, 30, Status.SNAKE, 0.32864265128599696
224, 0, 6, Status.WALL, 0.326999438029567
225, 1, 19, Status.WALL, 0.3253644408394192
226, 0, 7, Status.WALL, 0.3237376186352221
227, 1, 5, Status.SNAKE, 0.322118930542046
228, 2, 17, Status.WALL, 0.32050833588933575
229, 0, 8, Status.WALL, 0.31890579420988907
230, 1, 12, Status.SNAKE, 0.3173112652388396
231, 5, 28, Status.SNAKE, 0.3157247089126454
232, 1, 8, Status.WALL, 0.3141460853680822
233, 1, 5, Status.WALL, 0.3125753549412418
234, 2, 26, Status.WALL, 0.31101247816653554
235, 0, 11, Status.WALL, 0.30945741577570285
236, 4, 35, Status.SNAKE, 0.3079101286968243
237, 3, 44, Status.WALL, 0.3063705780533402
238, 3, 30, Status.WALL, 0.30483872516307353
239, 1, 16, Status.WALL, 0.3033145315372582
240, 2, 10, Status.WALL, 0.3017979588795719
241, 0, 6, Status.WALL, 0.30028896908517405
242, 1, 9, Status.WALL, 0.2987875242397482
243, 1, 10, Status.WALL, 0.29729358661854943
244, 2, 24, Status.WALL, 0.29580711868545667
245, 0, 10, Status.WALL, 0.2943280830920294
246, 1, 11, Status.WALL, 0.29285644267656924
247, 2, 19, Status.SNAKE, 0.2913921604631864
248, 3, 25, Status.SNAKE, 0.28993519966087045
249, 0, 12, Status.WALL, 0.2884855236625661
250, 3, 22, Status.SNAKE, 0.28704309604425327
251, 5, 35, Status.SNAKE, 0.285607880564032
252, 3, 33, Status.SNAKE, 0.28417984116121187
253, 0, 18, Status.WALL, 0.2827589419554058
254, 1, 9, Status.WALL, 0.28134514724562876
255, 1, 7, Status.SNAKE, 0.2799384215094006
256, 2, 20, Status.SNAKE, 0.27853872940185365
257, 2, 7, Status.WALL, 0.27714603575484437
258, 3, 35, Status.SNAKE, 0.2757603055760701
259, 2, 26, Status.SNAKE, 0.2743815040481898
260, 1, 3, Status.SNAKE, 0.2730095965279488
261, 1, 9, Status.WALL, 0.27164454854530906
262, 6, 58, Status.WALL, 0.2702863258025825
263, 2, 25, Status.SNAKE, 0.2689348941735696
264, 0, 15, Status.WALL, 0.26759021970270175
265, 1, 25, Status.SNAKE, 0.2662522686041882
266, 0, 8, Status.WALL, 0.2649210072611673
267, 1, 15, Status.WALL, 0.26359640222486147
268, 7, 66, Status.WALL, 0.26227842021373715
269, 2, 31, Status.WALL, 0.2609670281126685
270, 0, 5, Status.WALL, 0.25966219297210513
271, 1, 8, Status.SNAKE, 0.2583638820072446
272, 1, 8, Status.WALL, 0.2570720625972084
273, 0, 6, Status.WALL, 0.25578670228422234
274, 1, 11, Status.SNAKE, 0.25450776877280124
275, 1, 14, Status.WALL, 0.2532352299289372
276, 0, 14, Status.WALL, 0.2519690537792925
277, 1, 24, Status.WALL, 0.2507092085103961
278, 0, 15, Status.WALL, 0.2494556624678441
279, 0, 7, Status.WALL, 0.24820838415550486
280, 2, 14, Status.SNAKE, 0.24696734223472733
281, 4, 29, Status.WALL, 0.2457325055235537
282, 3, 39, Status.WALL, 0.24450384299593592
283, 1, 6, Status.WALL, 0.24328132378095624
284, 1, 15, Status.WALL, 0.24206491716205145
285, 1, 11, Status.SNAKE, 0.2408545925762412
286, 2, 20, Status.WALL, 0.23965031961336
287, 2, 21, Status.SNAKE, 0.2384520680152932
288, 6, 35, Status.SNAKE, 0.23725980767521673
289, 2, 15, Status.WALL, 0.23607350863684065
290, 0, 12, Status.WALL, 0.23489314109365644
291, 0, 8, Status.WALL, 0.23371867538818816
292, 2, 17, Status.SNAKE, 0.23255008201124722
293, 5, 35, Status.WALL, 0.231387331601191
294, 3, 15, Status.SNAKE, 0.23023039494318503
295, 1, 28, Status.SNAKE, 0.2290792429684691
296, 7, 45, Status.SNAKE, 0.22793384675362674
297, 3, 39, Status.SNAKE, 0.22679417751985861
298, 1, 17, Status.SNAKE, 0.22566020663225933
299, 5, 20, Status.SNAKE, 0.22453190559909803
300, 3, 17, Status.SNAKE, 0.22340924607110255
301, 0, 7, Status.WALL, 0.22229219984074702
302, 5, 48, Status.SNAKE, 0.2211807388415433
303, 1, 10, Status.SNAKE, 0.22007483514733558
304, 2, 28, Status.WALL, 0.2189744609715989
305, 1, 12, Status.WALL, 0.2178795886667409
306, 2, 17, Status.SNAKE, 0.2167901907234072
307, 2, 21, Status.WALL, 0.21570623976979014
308, 2, 26, Status.SNAKE, 0.21462770857094118
309, 4, 19, Status.WALL, 0.21355457002808648
310, 1, 8, Status.WALL, 0.21248679717794605
311, 2, 10, Status.WALL, 0.21142436319205632
312, 1, 22, Status.SNAKE, 0.21036724137609603
313, 0, 4, Status.WALL, 0.20931540516921554
314, 2, 13, Status.SNAKE, 0.20826882814336947
315, 2, 17, Status.WALL, 0.20722748400265262
316, 5, 34, Status.WALL, 0.20619134658263935
317, 5, 50, Status.WALL, 0.20516038984972615
318, 2, 17, Status.SNAKE, 0.2041345879004775
319, 1, 5, Status.SNAKE, 0.2031139149609751
320, 2, 10, Status.SNAKE, 0.20209834538617025
321, 1, 10, Status.WALL, 0.2010878536592394
322, 3, 31, Status.WALL, 0.2000824143909432
323, 2, 17, Status.SNAKE, 0.19908200231898848
324, 8, 58, Status.WALL, 0.19808659230739353
325, 6, 49, Status.SNAKE, 0.19709615934585656
326, 15, 99, Status.SNAKE, 0.19611067854912728
327, 5, 29, Status.SNAKE, 0.19513012515638165
328, 3, 24, Status.WALL, 0.19415447453059972
329, 3, 29, Status.WALL, 0.19318370215794672
330, 2, 16, Status.SNAKE, 0.192217783647157
331, 9, 71, Status.SNAKE, 0.1912566947289212
332, 4, 50, Status.WALL, 0.1903004112552766
333, 1, 11, Status.WALL, 0.18934890919900021
334, 2, 17, Status.WALL, 0.18840216465300522
335, 1, 8, Status.WALL, 0.18746015382974018
336, 1, 11, Status.WALL, 0.1865228530605915
337, 1, 28, Status.WALL, 0.18559023879528855
338, 2, 38, Status.WALL, 0.1846622876013121
339, 3, 30, Status.SNAKE, 0.18373897616330553
340, 1, 10, Status.WALL, 0.182820281282489
341, 1, 6, Status.WALL, 0.18190617987607657
342, 1, 14, Status.SNAKE, 0.18099664897669618
343, 2, 18, Status.SNAKE, 0.1800916657318127
344, 8, 60, Status.SNAKE, 0.17919120740315364
345, 2, 18, Status.SNAKE, 0.17829525136613786
346, 3, 12, Status.WALL, 0.17740377510930716
347, 1, 9, Status.SNAKE, 0.17651675623376062
348, 5, 43, Status.SNAKE, 0.1756341724525918
349, 7, 74, Status.SNAKE, 0.17475600159032884
350, 5, 35, Status.SNAKE, 0.17388222158237718
351, 6, 48, Status.SNAKE, 0.1730128104744653
352, 6, 43, Status.SNAKE, 0.17214774642209296
353, 4, 27, Status.SNAKE, 0.1712870076899825
354, 2, 12, Status.WALL, 0.17043057265153258
355, 3, 21, Status.SNAKE, 0.16957841978827493
356, 2, 14, Status.SNAKE, 0.16873052768933355
357, 3, 10, Status.SNAKE, 0.1678868750508869
358, 1, 12, Status.WALL, 0.16704744067563246
359, 2, 10, Status.WALL, 0.1662122034722543
360, 7, 53, Status.SNAKE, 0.16538114245489302
361, 3, 38, Status.SNAKE, 0.16455423674261854
362, 9, 51, Status.SNAKE, 0.16373146555890544
363, 2, 12, Status.WALL, 0.16291280823111093
364, 6, 42, Status.WALL, 0.16209824418995536
365, 2, 19, Status.SNAKE, 0.16128775296900558
366, 0, 5, Status.WALL, 0.16048131420416054
367, 3, 15, Status.WALL, 0.15967890763313974
368, 5, 41, Status.SNAKE, 0.15888051309497406
369, 2, 11, Status.WALL, 0.1580861105294992
370, 1, 8, Status.SNAKE, 0.1572956799768517
371, 2, 13, Status.SNAKE, 0.15650920157696743
372, 5, 45, Status.WALL, 0.1557266555690826
373, 2, 25, Status.WALL, 0.1549480222912372
374, 5, 41, Status.SNAKE, 0.15417328217978102
375, 4, 21, Status.SNAKE, 0.1534024157688821
376, 6, 44, Status.SNAKE, 0.1526354036900377
377, 1, 6, Status.WALL, 0.1518722266715875
378, 5, 36, Status.WALL, 0.15111286553822956
379, 5, 36, Status.SNAKE, 0.15035730121053842
380, 7, 41, Status.SNAKE, 0.14960551470448571
381, 2, 26, Status.SNAKE, 0.14885748713096328
382, 2, 27, Status.WALL, 0.14811319969530845
383, 4, 25, Status.SNAKE, 0.1473726336968319
384, 5, 32, Status.SNAKE, 0.14663577052834775
385, 6, 55, Status.SNAKE, 0.14590259167570602
386, 0, 5, Status.WALL, 0.1451730787173275
387, 5, 44, Status.WALL, 0.14444721332374086
388, 3, 36, Status.WALL, 0.14372497725712216
389, 13, 82, Status.WALL, 0.14300635237083656
390, 1, 13, Status.SNAKE, 0.14229132060898236
391, 5, 27, Status.WALL, 0.14157986400593744
392, 7, 43, Status.SNAKE, 0.14087196468590776
393, 2, 9, Status.WALL, 0.14016760486247823
394, 7, 53, Status.WALL, 0.13946676683816583
395, 3, 31, Status.SNAKE, 0.138769433003975
396, 1, 5, Status.SNAKE, 0.13807558583895513
397, 4, 24, Status.WALL, 0.13738520790976036
398, 1, 8, Status.WALL, 0.13669828187021155
399, 10, 71, Status.SNAKE, 0.13601479046086049
400, 5, 40, Status.SNAKE, 0.1353347165085562
401, 6, 37, Status.SNAKE, 0.1346580429260134
402, 5, 38, Status.SNAKE, 0.13398475271138335
403, 7, 48, Status.SNAKE, 0.13331482894782642
404, 9, 67, Status.SNAKE, 0.13264825480308728
405, 5, 46, Status.SNAKE, 0.13198501352907185
406, 5, 28, Status.SNAKE, 0.1313250884614265
407, 1, 10, Status.WALL, 0.13066846301911936
408, 2, 10, Status.WALL, 0.13001512070402377
409, 3, 28, Status.SNAKE, 0.12936504510050365
410, 4, 29, Status.WALL, 0.12871821987500112
411, 2, 22, Status.SNAKE, 0.12807462877562611
412, 1, 7, Status.WALL, 0.12743425563174798
413, 4, 33, Status.WALL, 0.12679708435358925
414, 5, 33, Status.SNAKE, 0.1261630989318213
415, 1, 8, Status.SNAKE, 0.1255322834371622
416, 2, 21, Status.SNAKE, 0.12490462201997637
417, 1, 16, Status.SNAKE, 0.1242800989098765
418, 5, 20, Status.SNAKE, 0.12365869841532712
419, 10, 92, Status.SNAKE, 0.12304040492325048
420, 7, 28, Status.SNAKE, 0.12242520289863423
421, 5, 42, Status.SNAKE, 0.12181307688414106
422, 4, 30, Status.WALL, 0.12120401149972035
423, 3, 29, Status.WALL, 0.12059799144222175
424, 8, 60, Status.WALL, 0.11999500148501063
425, 3, 11, Status.WALL, 0.11939502647758558
426, 6, 49, Status.SNAKE, 0.11879805134519765
427, 0, 5, Status.WALL, 0.11820406108847166
428, 3, 28, Status.SNAKE, 0.1176130407830293
429, 1, 8, Status.WALL, 0.11702497557911415
430, 3, 26, Status.SNAKE, 0.11643985070121858
431, 4, 33, Status.SNAKE, 0.11585765144771248
432, 7, 49, Status.SNAKE, 0.11527836319047392
433, 2, 20, Status.SNAKE, 0.11470197137452155
434, 2, 10, Status.SNAKE, 0.11412846151764894
435, 4, 27, Status.SNAKE, 0.1135578192100607
436, 5, 60, Status.SNAKE, 0.11299003011401039
437, 3, 19, Status.SNAKE, 0.11242507996344034
438, 10, 70, Status.SNAKE, 0.11186295456362313
439, 3, 29, Status.SNAKE, 0.11130363979080501
440, 5, 38, Status.SNAKE, 0.11074712159185099
441, 1, 20, Status.WALL, 0.11019338598389174
442, 4, 35, Status.SNAKE, 0.10964241905397228
443, 2, 19, Status.SNAKE, 0.10909420695870241
444, 6, 36, Status.WALL, 0.1085487359239089
445, 3, 36, Status.SNAKE, 0.10800599224428936
446, 4, 35, Status.SNAKE, 0.10746596228306791
447, 3, 29, Status.SNAKE, 0.10692863247165257
448, 3, 24, Status.SNAKE, 0.1063939893092943
449, 9, 55, Status.WALL, 0.10586201936274783
450, 1, 8, Status.WALL, 0.10533270926593409
451, 2, 10, Status.SNAKE, 0.10480604571960442
452, 12, 118, Status.WALL, 0.1042820154910064
453, 3, 24, Status.WALL, 0.10376060541355137
454, 5, 59, Status.WALL, 0.1032418023864836
455, 3, 27, Status.SNAKE, 0.10272559337455119
456, 1, 23, Status.WALL, 0.10221196540767843
457, 3, 16, Status.SNAKE, 0.10170090558064004
458, 6, 55, Status.WALL, 0.10119240105273684
459, 4, 25, Status.WALL, 0.10068643904747315
460, 6, 31, Status.SNAKE, 0.10018300685223579
461, 4, 35, Status.SNAKE, 0.0996820918179746
462, 7, 53, Status.SNAKE, 0.09918368135888474
463, 5, 38, Status.SNAKE, 0.09868776295209031
464, 0, 4, Status.WALL, 0.09819432413732986
465, 2, 10, Status.SNAKE, 0.09770335251664321
466, 1, 13, Status.WALL, 0.09721483575406
467, 5, 24, Status.WALL, 0.09672876157528969
468, 5, 56, Status.SNAKE, 0.09624511776741324
469, 2, 14, Status.SNAKE, 0.09576389217857617
470, 2, 24, Status.SNAKE, 0.09528507271768329
471, 16, 97, Status.SNAKE, 0.09480864735409487
472, 9, 70, Status.SNAKE, 0.0943346041173244
473, 2, 13, Status.SNAKE, 0.09386293109673778
474, 4, 33, Status.SNAKE, 0.09339361644125409
475, 1, 6, Status.SNAKE, 0.09292664835904782
476, 1, 10, Status.SNAKE, 0.09246201511725258
477, 1, 13, Status.WALL, 0.09199970504166631
478, 3, 22, Status.WALL, 0.09153970651645797
479, 11, 67, Status.SNAKE, 0.09108200798387568
480, 3, 17, Status.WALL, 0.0906265979439563
481, 9, 55, Status.SNAKE, 0.09017346495423652
482, 1, 8, Status.WALL, 0.08972259762946533
483, 4, 25, Status.WALL, 0.089273984641318
484, 6, 42, Status.SNAKE, 0.0888276147181114
485, 3, 24, Status.WALL, 0.08838347664452084
486, 4, 36, Status.SNAKE, 0.08794155926129824
487, 3, 23, Status.SNAKE, 0.08750185146499175
488, 3, 29, Status.SNAKE, 0.08706434220766679
489, 12, 84, Status.SNAKE, 0.08662902049662846
490, 7, 64, Status.SNAKE, 0.08619587539414532
491, 6, 39, Status.SNAKE, 0.08576489601717459
492, 1, 10, Status.WALL, 0.08533607153708872
493, 1, 9, Status.WALL, 0.08490939117940327
494, 4, 24, Status.SNAKE, 0.08448484422350626
495, 7, 61, Status.SNAKE, 0.08406242000238873
496, 8, 66, Status.WALL, 0.08364210790237678
497, 3, 34, Status.WALL, 0.0832238973628649
498, 1, 7, Status.SNAKE, 0.08280777787605056
499, 5, 26, Status.SNAKE, 0.08239373898667031
500, 2, 8, Status.WALL, 0.08198177029173696
501, 3, 31, Status.WALL, 0.08157186144027828
502, 8, 68, Status.SNAKE, 0.0811640021330769
503, 5, 46, Status.SNAKE, 0.08075818212241151
504, 1, 17, Status.WALL, 0.08035439121179945
505, 10, 59, Status.SNAKE, 0.07995261925574046
506, 2, 18, Status.WALL, 0.07955285615946175
507, 1, 3, Status.SNAKE, 0.07915509187866444
508, 7, 50, Status.SNAKE, 0.07875931641927113
509, 6, 49, Status.WALL, 0.07836551983717477
510, 0, 8, Status.WALL, 0.07797369223798889
511, 8, 33, Status.SNAKE, 0.07758382377679894
512, 8, 71, Status.SNAKE, 0.07719590465791494
513, 1, 17, Status.WALL, 0.07680992513462537
514, 6, 38, Status.SNAKE, 0.07642587550895225
515, 1, 16, Status.WALL, 0.07604374613140748
516, 3, 15, Status.SNAKE, 0.07566352740075044
517, 10, 60, Status.SNAKE, 0.07528520976374668
518, 5, 42, Status.SNAKE, 0.07490878371492794
519, 3, 35, Status.SNAKE, 0.0745342397963533
520, 3, 21, Status.WALL, 0.07416156859737154
521, 5, 24, Status.SNAKE, 0.07379076075438468
522, 9, 69, Status.SNAKE, 0.07342180695061275
523, 9, 73, Status.WALL, 0.07305469791585968
524, 1, 6, Status.WALL, 0.07268942442628039
525, 11, 71, Status.WALL, 0.07232597730414898
526, 3, 19, Status.SNAKE, 0.07196434741762824
527, 8, 59, Status.SNAKE, 0.0716045256805401
528, 6, 43, Status.SNAKE, 0.0712465030521374
529, 3, 31, Status.WALL, 0.0708902705368767
530, 11, 68, Status.SNAKE, 0.07053581918419231
531, 0, 5, Status.WALL, 0.07018314008827135
532, 5, 30, Status.SNAKE, 0.06983222438783
533, 14, 87, Status.SNAKE, 0.06948306326589085
534, 5, 35, Status.WALL, 0.0691356479495614
535, 9, 74, Status.SNAKE, 0.06878996970981359
536, 5, 26, Status.SNAKE, 0.06844601986126451
537, 4, 27, Status.SNAKE, 0.06810378976195819
538, 2, 16, Status.WALL, 0.0677632708131484
539, 2, 8, Status.SNAKE, 0.06742445445908266
540, 7, 24, Status.SNAKE, 0.06708733218678724
541, 5, 46, Status.WALL, 0.0667518955258533
542, 2, 6, Status.WALL, 0.06641813604822402
543, 3, 20, Status.WALL, 0.0660860453679829
544, 2, 14, Status.SNAKE, 0.06575561514114299
545, 6, 35, Status.SNAKE, 0.06542683706543727
546, 8, 61, Status.SNAKE, 0.06509970288011008
547, 5, 47, Status.WALL, 0.06477420436570952
548, 1, 11, Status.WALL, 0.06445033334388098
549, 13, 99, Status.SNAKE, 0.06412808167716157
550, 10, 75, Status.WALL, 0.06380744126877576
551, 7, 33, Status.WALL, 0.06348840406243188
552, 3, 14, Status.SNAKE, 0.06317096204211972
553, 7, 63, Status.SNAKE, 0.06285510723190912
554, 0, 9, Status.WALL, 0.06254083169574957
555, 5, 29, Status.WALL, 0.062228127537270826
556, 7, 55, Status.SNAKE, 0.06191698689958447
557, 5, 13, Status.SNAKE, 0.061607401965086545
558, 3, 22, Status.WALL, 0.06129936495526111
559, 5, 34, Status.SNAKE, 0.0609928681304848
560, 1, 13, Status.WALL, 0.060687903789832374
561, 1, 21, Status.WALL, 0.06038446427088321
562, 8, 83, Status.SNAKE, 0.06008254194952879
563, 4, 37, Status.WALL, 0.05978212923978115
564, 11, 76, Status.SNAKE, 0.05948321859358224
565, 1, 24, Status.WALL, 0.05918580250061433
566, 8, 62, Status.SNAKE, 0.058889873488111255
567, 12, 92, Status.WALL, 0.058595424120670696
568, 10, 67, Status.WALL, 0.05830244700006734
569, 1, 6, Status.SNAKE, 0.058010934765067
570, 11, 61, Status.SNAKE, 0.05772088009124167
571, 1, 9, Status.WALL, 0.05743227569078546
572, 8, 55, Status.SNAKE, 0.05714511431233153
573, 5, 49, Status.WALL, 0.05685938874076987
574, 3, 22, Status.SNAKE, 0.056575091797066025
575, 14, 100, Status.SNAKE, 0.056292216338080694
576, 13, 104, Status.SNAKE, 0.05601075525639029
577, 7, 52, Status.SNAKE, 0.05573070148010834
578, 12, 82, Status.SNAKE, 0.0554520479727078
579, 1, 12, Status.SNAKE, 0.05517478773284426
580, 1, 5, Status.SNAKE, 0.05489891379418004
581, 1, 7, Status.SNAKE, 0.05462441922520914
582, 6, 34, Status.SNAKE, 0.0543512971290831
583, 3, 26, Status.WALL, 0.05407954064343768
584, 11, 92, Status.SNAKE, 0.05380914294022049
585, 1, 6, Status.SNAKE, 0.05354009722551939
586, 9, 74, Status.SNAKE, 0.05327239673939179
587, 3, 22, Status.SNAKE, 0.053006034755694834
588, 2, 15, Status.WALL, 0.052741004581916356
589, 6, 29, Status.SNAKE, 0.052477299559006776
590, 7, 51, Status.SNAKE, 0.052214913061211746
591, 10, 69, Status.SNAKE, 0.05195383849590569
592, 8, 54, Status.SNAKE, 0.05169406930342616
593, 3, 24, Status.SNAKE, 0.05143559895690903
594, 3, 28, Status.SNAKE, 0.051178420962124486
595, 1, 8, Status.WALL, 0.05092252885731386
596, 7, 42, Status.SNAKE, 0.05066791621302729
597, 4, 30, Status.WALL, 0.05041457663196215
598, 8, 38, Status.SNAKE, 0.050162503748802344
599, 1, 15, Status.SNAKE, 0.049911691230058335
600, 3, 22, Status.SNAKE, 0.04966213277390804
601, 2, 13, Status.WALL, 0.0494138221100385
602, 2, 18, Status.SNAKE, 0.04916675299948831
603, 16, 87, Status.SNAKE, 0.04892091923449087
604, 3, 23, Status.SNAKE, 0.04867631463831842
605, 1, 7, Status.SNAKE, 0.048432933065126825
606, 12, 70, Status.SNAKE, 0.048190768399801194
607, 14, 86, Status.SNAKE, 0.04794981455780219
608, 11, 91, Status.SNAKE, 0.04771006548501318
609, 12, 92, Status.SNAKE, 0.047471515157588115
610, 0, 7, Status.WALL, 0.047234157581800176
611, 3, 14, Status.WALL, 0.046997986793891174
612, 2, 18, Status.WALL, 0.04676299685992172
613, 4, 35, Status.SNAKE, 0.04652918187562211
614, 12, 109, Status.WALL, 0.046296535966244
615, 18, 126, Status.SNAKE, 0.046065053286412784
616, 2, 20, Status.SNAKE, 0.04583472801998072
617, 2, 8, Status.WALL, 0.045605554379880814
618, 8, 61, Status.SNAKE, 0.04537752660798141
619, 7, 54, Status.WALL, 0.0451506389749415
620, 2, 16, Status.SNAKE, 0.044924885780066794
621, 15, 101, Status.SNAKE, 0.04470026135116646
622, 1, 5, Status.SNAKE, 0.04447676004441063
623, 1, 7, Status.SNAKE, 0.04425437624418858
624, 17, 103, Status.WALL, 0.04403310436296763
625, 8, 45, Status.SNAKE, 0.043812938841152796
626, 14, 81, Status.SNAKE, 0.04359387414694703
627, 8, 54, Status.SNAKE, 0.043375904776212296
628, 5, 38, Status.SNAKE, 0.043159025252331236
629, 5, 32, Status.WALL, 0.04294323012606958
630, 1, 8, Status.SNAKE, 0.04272851397543923
631, 10, 67, Status.SNAKE, 0.04251487140556204
632, 3, 21, Status.SNAKE, 0.04230229704853423
633, 4, 19, Status.SNAKE, 0.04209078556329156
634, 1, 5, Status.SNAKE, 0.0418803316354751
635, 8, 44, Status.WALL, 0.041670929977297724
636, 9, 54, Status.SNAKE, 0.04146257532741124
637, 4, 23, Status.SNAKE, 0.04125526245077418
638, 3, 20, Status.SNAKE, 0.04104898613852031
639, 5, 35, Status.SNAKE, 0.04084374120782771
640, 2, 12, Status.SNAKE, 0.04063952250178857
641, 9, 49, Status.SNAKE, 0.04043632488927963
642, 2, 26, Status.SNAKE, 0.04023414326483323
643, 2, 16, Status.WALL, 0.040032972548509065
644, 6, 39, Status.WALL, 0.03983280768576652
645, 2, 22, Status.WALL, 0.03963364364733769
646, 2, 19, Status.SNAKE, 0.039435475429100995
647, 9, 52, Status.SNAKE, 0.03923829805195549
648, 4, 23, Status.SNAKE, 0.03904210656169572
649, 7, 37, Status.SNAKE, 0.03884689602888724
650, 17, 118, Status.SNAKE, 0.0386526615487428
651, 3, 19, Status.SNAKE, 0.03845939824099909
652, 1, 6, Status.WALL, 0.03826710124979409
653, 11, 65, Status.SNAKE, 0.038075765743545126
654, 14, 106, Status.SNAKE, 0.0378853869148274
655, 5, 19, Status.SNAKE, 0.03769595998025326
656, 5, 24, Status.WALL, 0.03750748018035199
657, 5, 38, Status.WALL, 0.037319942779450235
658, 5, 28, Status.SNAKE, 0.037133343065552986
659, 14, 74, Status.SNAKE, 0.03694767635022522
660, 5, 36, Status.SNAKE, 0.036762937968474095
661, 1, 10, Status.WALL, 0.03657912327863173
662, 5, 28, Status.SNAKE, 0.036396227662238566
663, 4, 43, Status.WALL, 0.03621424652392737
664, 5, 44, Status.SNAKE, 0.036033175291307735
665, 11, 65, Status.SNAKE, 0.03585300941485119
666, 2, 14, Status.SNAKE, 0.035673744367776934
667, 1, 5, Status.SNAKE, 0.03549537564593805
668, 2, 18, Status.SNAKE, 0.035317898767708356
669, 10, 49, Status.SNAKE, 0.03514130927386981
670, 1, 9, Status.WALL, 0.03496560272750046
671, 6, 29, Status.SNAKE, 0.03479077471386296
672, 4, 24, Status.SNAKE, 0.03461682084029365
673, 11, 72, Status.SNAKE, 0.034443736736092176
674, 5, 31, Status.SNAKE, 0.034271518052411715
675, 7, 67, Status.SNAKE, 0.034100160462149656
676, 2, 9, Status.SNAKE, 0.03392965965983891
677, 2, 19, Status.WALL, 0.033760011361539714
678, 12, 74, Status.WALL, 0.03359121130473201
679, 3, 26, Status.WALL, 0.033423255248208356
680, 9, 76, Status.SNAKE, 0.03325613897196732
681, 7, 46, Status.SNAKE, 0.03308985827710748
682, 11, 66, Status.SNAKE, 0.032924408985721944
683, 6, 31, Status.SNAKE, 0.03275978694079333
684, 5, 36, Status.SNAKE, 0.032595988006089364
685, 4, 41, Status.SNAKE, 0.032433008066058915
686, 8, 52, Status.SNAKE, 0.03227084302572862
687, 6, 38, Status.SNAKE, 0.032109488810599975
688, 3, 16, Status.SNAKE, 0.031948941366546975
689, 6, 39, Status.SNAKE, 0.03178919665971424
690, 3, 17, Status.SNAKE, 0.03163025067641567
691, 2, 15, Status.SNAKE, 0.03147209942303359
692, 6, 34, Status.SNAKE, 0.03131473892591842
693, 3, 26, Status.WALL, 0.031158165231288826
694, 13, 85, Status.SNAKE, 0.03100237440513238
695, 2, 17, Status.SNAKE, 0.030847362533106718
696, 11, 79, Status.SNAKE, 0.030693125720441184
697, 13, 62, Status.SNAKE, 0.030539660091838977
698, 11, 71, Status.WALL, 0.03038696179137978
699, 8, 74, Status.SNAKE, 0.030235026982422884
700, 6, 44, Status.SNAKE, 0.030083851847510768
701, 11, 73, Status.SNAKE, 0.029933432588273214
702, 3, 21, Status.SNAKE, 0.029783765425331846
703, 11, 94, Status.SNAKE, 0.029634846598205186
704, 6, 52, Status.SNAKE, 0.02948667236521416
705, 4, 36, Status.SNAKE, 0.029339239003388088
706, 4, 18, Status.WALL, 0.029192542808371146
707, 5, 31, Status.WALL, 0.02904658009432929
708, 8, 48, Status.WALL, 0.028901347193857643
709, 7, 42, Status.SNAKE, 0.028756840457888354
710, 1, 9, Status.WALL, 0.02861305625559891
711, 6, 51, Status.WALL, 0.028469990974320916
712, 3, 20, Status.WALL, 0.02832764101944931
713, 3, 23, Status.SNAKE, 0.028186002814352063
714, 7, 33, Status.SNAKE, 0.0280450728002803
715, 5, 44, Status.SNAKE, 0.0279048474362789
716, 9, 42, Status.SNAKE, 0.027765323199097504
717, 7, 62, Status.SNAKE, 0.027626496583102015
718, 2, 29, Status.WALL, 0.027488364100186506
719, 10, 63, Status.SNAKE, 0.027350922279685573
720, 2, 11, Status.SNAKE, 0.027214167668287145
721, 17, 121, Status.SNAKE, 0.02707809682994571
722, 4, 26, Status.WALL, 0.02694270634579598
723, 20, 116, Status.SNAKE, 0.026807992814067
724, 7, 48, Status.SNAKE, 0.026673952849996664
725, 7, 56, Status.SNAKE, 0.02654058308574668
726, 8, 35, Status.WALL, 0.026407880170317945
727, 1, 5, Status.SNAKE, 0.026275840769466357
728, 11, 56, Status.SNAKE, 0.026144461565619025
729, 11, 68, Status.WALL, 0.02601373925779093
730, 9, 69, Status.SNAKE, 0.025883670561501974
731, 14, 89, Status.SNAKE, 0.025754252208694463
732, 7, 36, Status.WALL, 0.02562548094765099
733, 9, 66, Status.SNAKE, 0.025497353542912736
734, 3, 10, Status.SNAKE, 0.02536986677519817
735, 7, 58, Status.WALL, 0.02524301744132218
736, 13, 100, Status.SNAKE, 0.025116802354115567
737, 3, 22, Status.WALL, 0.024991218342344988
738, 15, 91, Status.SNAKE, 0.024866262250633264
739, 4, 31, Status.WALL, 0.024741930939380097
740, 9, 59, Status.SNAKE, 0.024618221284683196
741, 12, 83, Status.SNAKE, 0.02449513017825978
742, 5, 29, Status.WALL, 0.02437265452736848
743, 1, 18, Status.WALL, 0.024250791254731636
744, 2, 9, Status.WALL, 0.024129537298457977
745, 4, 28, Status.SNAKE, 0.024008889611965685
746, 3, 22, Status.SNAKE, 0.023888845163905856
747, 6, 36, Status.SNAKE, 0.023769400938086327
748, 9, 66, Status.SNAKE, 0.023650553933395897
749, 9, 57, Status.WALL, 0.023532301163728918
750, 1, 5, Status.SNAKE, 0.023414639657910272
751, 4, 27, Status.SNAKE, 0.023297566459620722
752, 4, 32, Status.SNAKE, 0.023181078627322618
753, 17, 111, Status.SNAKE, 0.023065173234186005
754, 12, 72, Status.SNAKE, 0.022949847368015076
755, 9, 74, Status.SNAKE, 0.022835098131175
756, 8, 50, Status.WALL, 0.022720922640519125
757, 15, 100, Status.WALL, 0.02260731802731653
758, 1, 8, Status.WALL, 0.022494281437179946
759, 15, 85, Status.SNAKE, 0.022381810029994047
760, 6, 50, Status.SNAKE, 0.022269900979844076
761, 5, 51, Status.SNAKE, 0.022158551474944856
762, 12, 72, Status.SNAKE, 0.022047758717570132
763, 2, 14, Status.SNAKE, 0.021937519923982282
764, 11, 76, Status.SNAKE, 0.021827832324362372
765, 25, 171, Status.SNAKE, 0.02171869316274056
766, 3, 14, Status.WALL, 0.021610099696926857
767, 7, 30, Status.SNAKE, 0.021502049198442223
768, 4, 22, Status.SNAKE, 0.021394538952450012
769, 1, 5, Status.SNAKE, 0.02128756625768776
770, 11, 46, Status.SNAKE, 0.021181128426399323
771, 8, 57, Status.WALL, 0.021075222784267326
772, 8, 70, Status.SNAKE, 0.020969846670345987
773, 3, 27, Status.WALL, 0.020864997436994256
774, 8, 52, Status.SNAKE, 0.020760672449809284
775, 5, 33, Status.SNAKE, 0.020656869087560238
776, 8, 59, Status.WALL, 0.020553584742122436
777, 3, 18, Status.SNAKE, 0.020450816818411825
778, 2, 10, Status.SNAKE, 0.020348562734319765
779, 5, 35, Status.SNAKE, 0.020246819920648168
780, 4, 19, Status.SNAKE, 0.020145585821044927
781, 15, 127, Status.SNAKE, 0.020044857891939702
782, 10, 55, Status.WALL, 0.019944633602480003
783, 8, 50, Status.SNAKE, 0.019844910434467605
784, 12, 62, Status.SNAKE, 0.019745685882295267
785, 10, 64, Status.WALL, 0.01964695745288379
786, 5, 37, Status.SNAKE, 0.01954872266561937
787, 9, 57, Status.SNAKE, 0.019450979052291272
788, 3, 22, Status.SNAKE, 0.019353724157029815
789, 9, 41, Status.SNAKE, 0.019256955536244666
790, 9, 66, Status.WALL, 0.019160670758563442
791, 4, 32, Status.WALL, 0.019064867404770626
792, 3, 28, Status.SNAKE, 0.018969543067746772
793, 5, 26, Status.SNAKE, 0.018874695352408037
794, 11, 73, Status.SNAKE, 0.018780321875645996
795, 5, 29, Status.SNAKE, 0.018686420266267767
796, 1, 9, Status.WALL, 0.018592988164936427
797, 6, 41, Status.WALL, 0.018500023224111744
798, 8, 54, Status.WALL, 0.018407523107991184
799, 20, 131, Status.SNAKE, 0.01831548549245123
800, 10, 70, Status.SNAKE, 0.018223908064988973
801, 12, 76, Status.SNAKE, 0.018132788524664028
802, 3, 24, Status.SNAKE, 0.018042124582040707
803, 4, 25, Status.SNAKE, 0.017951913959130504
804, 6, 39, Status.SNAKE, 0.01786215438933485
805, 11, 72, Status.SNAKE, 0.017772843617388175
806, 7, 36, Status.SNAKE, 0.017683979399301233
807, 9, 59, Status.SNAKE, 0.017595559502304726
808, 8, 40, Status.SNAKE, 0.0175075817047932
809, 2, 12, Status.WALL, 0.017420043796269234
810, 1, 7, Status.WALL, 0.017332943577287888
811, 9, 66, Status.SNAKE, 0.01724627885940145
812, 8, 48, Status.SNAKE, 0.017160047465104442
813, 7, 43, Status.SNAKE, 0.01707424722777892
814, 4, 22, Status.SNAKE, 0.016988875991640028
815, 1, 6, Status.SNAKE, 0.016903931611681827
816, 8, 49, Status.SNAKE, 0.01681941195362342
817, 2, 17, Status.SNAKE, 0.016735314893855303
818, 6, 54, Status.SNAKE, 0.016651638319386028
819, 10, 69, Status.SNAKE, 0.0165683801277891
820, 7, 40, Status.SNAKE, 0.016485538227150154
821, 6, 34, Status.SNAKE, 0.0164031105360144
822, 10, 98, Status.WALL, 0.01632109498333433
823, 6, 48, Status.SNAKE, 0.016239489508417658
824, 5, 32, Status.SNAKE, 0.01615829206087557
825, 4, 25, Status.SNAKE, 0.01607750060057119
826, 3, 20, Status.WALL, 0.015997113097568336
827, 17, 119, Status.WALL, 0.015917127532080494
828, 7, 43, Status.SNAKE, 0.01583754189442009
829, 13, 71, Status.SNAKE, 0.01575835418494799
830, 7, 38, Status.SNAKE, 0.01567956241402325
831, 10, 60, Status.SNAKE, 0.015601164601953134
832, 3, 14, Status.WALL, 0.015523158778943369
833, 10, 45, Status.SNAKE, 0.015445542985048652
834, 5, 36, Status.SNAKE, 0.015368315270123408
835, 7, 36, Status.SNAKE, 0.01529147369377279
836, 14, 94, Status.SNAKE, 0.015215016325303928
837, 7, 52, Status.SNAKE, 0.015138941243677408
838, 10, 66, Status.WALL, 0.01506324653745902
839, 12, 59, Status.SNAKE, 0.014987930304771725
840, 6, 34, Status.SNAKE, 0.014912990653247866
841, 11, 54, Status.SNAKE, 0.014838425699981627
842, 5, 26, Status.SNAKE, 0.01476423357148172
843, 11, 55, Status.SNAKE, 0.014690412403624311
844, 1, 5, Status.SNAKE, 0.01461696034160619
845, 1, 5, Status.SNAKE, 0.014543875539898159
846, 7, 43, Status.SNAKE, 0.014471156162198668
847, 3, 14, Status.SNAKE, 0.014398800381387675
848, 10, 82, Status.SNAKE, 0.014326806379480736
849, 3, 15, Status.WALL, 0.014255172347583332
850, 2, 22, Status.SNAKE, 0.014183896485845416
851, 7, 50, Status.SNAKE, 0.014112977003416188
852, 8, 50, Status.SNAKE, 0.014042412118399107
853, 5, 32, Status.SNAKE, 0.013972200057807112
854, 1, 8, Status.SNAKE, 0.013902339057518077
855, 13, 80, Status.SNAKE, 0.013832827362230486
856, 8, 63, Status.SNAKE, 0.013763663225419333
857, 5, 24, Status.SNAKE, 0.013694844909292236
858, 16, 100, Status.SNAKE, 0.013626370684745774
859, 4, 15, Status.SNAKE, 0.013558238831322046
860, 5, 29, Status.SNAKE, 0.013490447637165436
861, 3, 25, Status.SNAKE, 0.013422995398979608
862, 10, 76, Status.SNAKE, 0.01335588042198471
863, 1, 13, Status.SNAKE, 0.013289101019874787
864, 14, 108, Status.SNAKE, 0.013222655514775413
865, 11, 65, Status.SNAKE, 0.013156542237201536
866, 5, 17, Status.SNAKE, 0.013090759526015528
867, 9, 57, Status.SNAKE, 0.01302530572838545
868, 10, 79, Status.SNAKE, 0.012960179199743523
869, 5, 40, Status.WALL, 0.012895378303744804
870, 8, 66, Status.WALL, 0.01283090141222608
871, 6, 49, Status.WALL, 0.012766746905164949
872, 1, 8, Status.WALL, 0.012702913170639124
873, 8, 63, Status.WALL, 0.012639398604785928
874, 9, 57, Status.SNAKE, 0.012576201611761997
875, 3, 11, Status.WALL, 0.012513320603703188
876, 13, 87, Status.SNAKE, 0.012450754000684672
877, 6, 36, Status.SNAKE, 0.012388500230681249
878, 11, 77, Status.SNAKE, 0.012326557729527843
879, 4, 18, Status.WALL, 0.012264924940880204
880, 4, 26, Status.SNAKE, 0.012203600316175803
881, 4, 29, Status.SNAKE, 0.012142582314594924
882, 9, 58, Status.SNAKE, 0.01208186940302195
883, 18, 87, Status.SNAKE, 0.01202146005600684
884, 3, 19, Status.SNAKE, 0.011961352755726806
885, 5, 40, Status.SNAKE, 0.01190154599194817
886, 1, 3, Status.SNAKE, 0.01184203826198843
887, 7, 55, Status.WALL, 0.011782828070678488
888, 11, 83, Status.SNAKE, 0.011723913930325095
889, 12, 86, Status.WALL, 0.01166529436067347
890, 3, 20, Status.WALL, 0.011606967888870102
891, 3, 20, Status.SNAKE, 0.01154893304942575
892, 18, 131, Status.SNAKE, 0.011491188384178622
893, 5, 41, Status.SNAKE, 0.011433732442257729
894, 12, 77, Status.SNAKE, 0.01137656378004644
895, 6, 56, Status.SNAKE, 0.011319680961146208
896, 12, 89, Status.SNAKE, 0.011263082556340478
897, 3, 17, Status.SNAKE, 0.011206767143558775
898, 15, 103, Status.SNAKE, 0.011150733307840981
899, 9, 57, Status.SNAKE, 0.011094979641301777
900, 9, 61, Status.WALL, 0.011039504743095268
901, 10, 53, Status.SNAKE, 0.01098430721937979
902, 13, 72, Status.SNAKE, 0.010929385683282892
903, 9, 68, Status.SNAKE, 0.010874738754866477
904, 10, 74, Status.WALL, 0.010820365061092144
905, 1, 7, Status.WALL, 0.010766263235786683
906, 5, 22, Status.SNAKE, 0.01071243191960775
907, 17, 107, Status.WALL, 0.010658869760009713
908, 12, 96, Status.SNAKE, 0.010605575411209664
909, 4, 20, Status.SNAKE, 0.010552547534153616
910, 4, 17, Status.SNAKE, 0.010499784796482848
911, 20, 94, Status.WALL, 0.010447285872500434
912, 9, 50, Status.SNAKE, 0.01039504944313793
913, 6, 45, Status.WALL, 0.010343074195922241
914, 7, 47, Status.SNAKE, 0.01029135882494263
915, 9, 46, Status.WALL, 0.010239902030817916
916, 10, 57, Status.SNAKE, 0.010188702520663827
917, 12, 81, Status.SNAKE, 0.010137759008060509
918, 5, 25, Status.SNAKE, 0.010087070213020206
919, 10, 63, Status.SNAKE, 0.010036634861955105
920, 15, 96, Status.SNAKE, 0.01
921, 2, 12, Status.SNAKE, 0.01
922, 14, 113, Status.SNAKE, 0.01
923, 11, 74, Status.SNAKE, 0.01
924, 10, 49, Status.SNAKE, 0.01
925, 12, 78, Status.SNAKE, 0.01
926, 12, 70, Status.WALL, 0.01
927, 5, 24, Status.SNAKE, 0.01
928, 10, 63, Status.SNAKE, 0.01
929, 8, 34, Status.WALL, 0.01
930, 9, 60, Status.SNAKE, 0.01
931, 8, 62, Status.SNAKE, 0.01
932, 10, 50, Status.SNAKE, 0.01
933, 11, 70, Status.SNAKE, 0.01
934, 10, 60, Status.SNAKE, 0.01
935, 5, 33, Status.SNAKE, 0.01
936, 6, 49, Status.WALL, 0.01
937, 11, 65, Status.SNAKE, 0.01
938, 11, 60, Status.WALL, 0.01
939, 8, 41, Status.SNAKE, 0.01
940, 12, 74, Status.SNAKE, 0.01
941, 17, 107, Status.SNAKE, 0.01
942, 11, 72, Status.SNAKE, 0.01
943, 8, 47, Status.SNAKE, 0.01
944, 4, 33, Status.SNAKE, 0.01
945, 10, 59, Status.SNAKE, 0.01
946, 6, 43, Status.SNAKE, 0.01
947, 2, 14, Status.WALL, 0.01
948, 9, 50, Status.SNAKE, 0.01
949, 9, 55, Status.SNAKE, 0.01
950, 8, 48, Status.SNAKE, 0.01
951, 16, 94, Status.WALL, 0.01
952, 18, 102, Status.SNAKE, 0.01
953, 4, 22, Status.SNAKE, 0.01
954, 6, 35, Status.SNAKE, 0.01
955, 3, 14, Status.WALL, 0.01
956, 12, 103, Status.SNAKE, 0.01
957, 8, 39, Status.SNAKE, 0.01
958, 19, 121, Status.SNAKE, 0.01
959, 15, 71, Status.WALL, 0.01
960, 16, 115, Status.SNAKE, 0.01
961, 7, 43, Status.SNAKE, 0.01
962, 11, 82, Status.WALL, 0.01
963, 3, 16, Status.SNAKE, 0.01
964, 4, 24, Status.SNAKE, 0.01
965, 5, 28, Status.WALL, 0.01
966, 9, 62, Status.SNAKE, 0.01
967, 14, 80, Status.SNAKE, 0.01
968, 10, 53, Status.SNAKE, 0.01
969, 9, 58, Status.WALL, 0.01
970, 11, 75, Status.SNAKE, 0.01
971, 11, 71, Status.SNAKE, 0.01
972, 4, 26, Status.SNAKE, 0.01
973, 7, 47, Status.SNAKE, 0.01
974, 14, 102, Status.SNAKE, 0.01
975, 15, 113, Status.SNAKE, 0.01
976, 5, 27, Status.SNAKE, 0.01
977, 3, 19, Status.SNAKE, 0.01
978, 6, 38, Status.SNAKE, 0.01
979, 6, 56, Status.WALL, 0.01
980, 10, 57, Status.SNAKE, 0.01
981, 16, 114, Status.SNAKE, 0.01
982, 10, 71, Status.WALL, 0.01
983, 1, 10, Status.WALL, 0.01
984, 5, 39, Status.SNAKE, 0.01
985, 7, 42, Status.SNAKE, 0.01
986, 7, 43, Status.WALL, 0.01
987, 4, 22, Status.SNAKE, 0.01
988, 5, 29, Status.SNAKE, 0.01
989, 5, 30, Status.SNAKE, 0.01
990, 16, 95, Status.SNAKE, 0.01
991, 13, 73, Status.SNAKE, 0.01
992, 2, 17, Status.SNAKE, 0.01
993, 13, 91, Status.SNAKE, 0.01
994, 9, 65, Status.SNAKE, 0.01
995, 5, 28, Status.SNAKE, 0.01
996, 13, 77, Status.WALL, 0.01
997, 5, 43, Status.SNAKE, 0.01
998, 10, 56, Status.SNAKE, 0.01
999, 7, 38, Status.SNAKE, 0.01
1000, 6, 43, Status.SNAKE, 0.01
1001, 18, 122, Status.SNAKE, 0.01
1002, 5, 34, Status.SNAKE, 0.01
1003, 8, 47, Status.WALL, 0.01
1004, 11, 73, Status.SNAKE, 0.01
1005, 23, 146, Status.SNAKE, 0.01
1006, 2, 14, Status.WALL, 0.01
1007, 6, 24, Status.WALL, 0.01
1008, 12, 70, Status.SNAKE, 0.01
1009, 7, 48, Status.SNAKE, 0.01
1010, 12, 89, Status.SNAKE, 0.01
1011, 2, 7, Status.SNAKE, 0.01
1012, 9, 50, Status.SNAKE, 0.01
1013, 10, 69, Status.SNAKE, 0.01
1014, 15, 81, Status.SNAKE, 0.01
1015, 14, 81, Status.SNAKE, 0.01
1016, 3, 20, Status.WALL, 0.01
1017, 9, 60, Status.SNAKE, 0.01
1018, 6, 41, Status.SNAKE, 0.01
1019, 6, 36, Status.SNAKE, 0.01
1020, 1, 7, Status.WALL, 0.01
1021, 6, 54, Status.SNAKE, 0.01
1022, 4, 15, Status.SNAKE, 0.01
1023, 8, 38, Status.SNAKE, 0.01
1024, 12, 93, Status.SNAKE, 0.01
1025, 4, 20, Status.WALL, 0.01
1026, 10, 83, Status.SNAKE, 0.01
1027, 20, 131, Status.SNAKE, 0.01
1028, 3, 24, Status.WALL, 0.01
1029, 8, 42, Status.SNAKE, 0.01
1030, 10, 51, Status.SNAKE, 0.01
1031, 10, 58, Status.SNAKE, 0.01
1032, 7, 47, Status.SNAKE, 0.01
1033, 8, 36, Status.WALL, 0.01
1034, 6, 25, Status.SNAKE, 0.01
1035, 14, 87, Status.SNAKE, 0.01
1036, 2, 7, Status.SNAKE, 0.01
1037, 5, 26, Status.SNAKE, 0.01
1038, 9, 57, Status.SNAKE, 0.01
1039, 21, 123, Status.SNAKE, 0.01
1040, 8, 41, Status.SNAKE, 0.01
1041, 15, 81, Status.SNAKE, 0.01
1042, 5, 30, Status.SNAKE, 0.01
1043, 8, 46, Status.WALL, 0.01
1044, 4, 14, Status.WALL, 0.01
1045, 8, 36, Status.SNAKE, 0.01
1046, 13, 82, Status.SNAKE, 0.01
1047, 5, 33, Status.SNAKE, 0.01
1048, 2, 5, Status.SNAKE, 0.01
1049, 7, 44, Status.SNAKE, 0.01
1050, 5, 32, Status.SNAKE, 0.01
1051, 14, 98, Status.SNAKE, 0.01
1052, 9, 70, Status.SNAKE, 0.01
1053, 2, 15, Status.SNAKE, 0.01
1054, 13, 68, Status.SNAKE, 0.01
1055, 19, 107, Status.SNAKE, 0.01
1056, 12, 110, Status.SNAKE, 0.01
1057, 7, 40, Status.SNAKE, 0.01
1058, 12, 100, Status.SNAKE, 0.01
1059, 12, 83, Status.SNAKE, 0.01
1060, 8, 53, Status.SNAKE, 0.01
1061, 15, 77, Status.SNAKE, 0.01
1062, 11, 71, Status.SNAKE, 0.01
1063, 15, 94, Status.SNAKE, 0.01
1064, 5, 22, Status.SNAKE, 0.01
1065, 13, 79, Status.SNAKE, 0.01
1066, 8, 57, Status.SNAKE, 0.01
1067, 6, 40, Status.WALL, 0.01
1068, 13, 91, Status.SNAKE, 0.01
1069, 8, 48, Status.WALL, 0.01
1070, 7, 33, Status.SNAKE, 0.01
1071, 8, 40, Status.WALL, 0.01
1072, 5, 23, Status.SNAKE, 0.01
1073, 15, 82, Status.SNAKE, 0.01
1074, 18, 125, Status.WALL, 0.01
1075, 5, 22, Status.SNAKE, 0.01
1076, 7, 27, Status.SNAKE, 0.01
1077, 10, 81, Status.SNAKE, 0.01
1078, 7, 45, Status.SNAKE, 0.01
1079, 8, 56, Status.WALL, 0.01
1080, 4, 21, Status.SNAKE, 0.01
1081, 11, 80, Status.SNAKE, 0.01
1082, 10, 48, Status.SNAKE, 0.01
1083, 21, 136, Status.SNAKE, 0.01
1084, 4, 20, Status.SNAKE, 0.01
1085, 10, 66, Status.SNAKE, 0.01
1086, 10, 69, Status.SNAKE, 0.01
1087, 11, 78, Status.SNAKE, 0.01
1088, 4, 26, Status.SNAKE, 0.01
1089, 5, 31, Status.SNAKE, 0.01
1090, 10, 61, Status.SNAKE, 0.01
1091, 13, 89, Status.SNAKE, 0.01
1092, 4, 18, Status.SNAKE, 0.01
1093, 17, 102, Status.WALL, 0.01
1094, 10, 61, Status.SNAKE, 0.01
1095, 13, 79, Status.SNAKE, 0.01
1096, 7, 41, Status.SNAKE, 0.01
1097, 19, 107, Status.SNAKE, 0.01
1098, 7, 48, Status.SNAKE, 0.01
1099, 5, 16, Status.SNAKE, 0.01
1100, 5, 20, Status.SNAKE, 0.01
1101, 11, 63, Status.SNAKE, 0.01
1102, 6, 39, Status.SNAKE, 0.01
1103, 4, 29, Status.SNAKE, 0.01
1104, 3, 19, Status.SNAKE, 0.01
1105, 6, 35, Status.SNAKE, 0.01
1106, 4, 22, Status.WALL, 0.01
1107, 15, 103, Status.SNAKE, 0.01
1108, 7, 65, Status.WALL, 0.01
1109, 8, 45, Status.SNAKE, 0.01
1110, 2, 19, Status.SNAKE, 0.01
1111, 5, 36, Status.SNAKE, 0.01
1112, 9, 69, Status.SNAKE, 0.01
1113, 14, 101, Status.SNAKE, 0.01
1114, 12, 74, Status.SNAKE, 0.01
1115, 4, 38, Status.SNAKE, 0.01
1116, 12, 65, Status.SNAKE, 0.01
1117, 12, 85, Status.SNAKE, 0.01
1118, 3, 22, Status.SNAKE, 0.01
1119, 15, 93, Status.SNAKE, 0.01
1120, 11, 58, Status.SNAKE, 0.01
1121, 10, 71, Status.WALL, 0.01
1122, 10, 67, Status.SNAKE, 0.01
1123, 12, 89, Status.WALL, 0.01
1124, 15, 99, Status.SNAKE, 0.01
1125, 7, 53, Status.SNAKE, 0.01
1126, 5, 41, Status.SNAKE, 0.01
1127, 2, 13, Status.SNAKE, 0.01
1128, 7, 42, Status.SNAKE, 0.01
1129, 21, 157, Status.SNAKE, 0.01
1130, 5, 22, Status.WALL, 0.01
1131, 9, 43, Status.SNAKE, 0.01
1132, 0, 7, Status.WALL, 0.01
1133, 17, 115, Status.SNAKE, 0.01
1134, 8, 34, Status.SNAKE, 0.01
1135, 8, 55, Status.SNAKE, 0.01
1136, 7, 53, Status.SNAKE, 0.01
1137, 15, 93, Status.SNAKE, 0.01
1138, 10, 62, Status.SNAKE, 0.01
1139, 13, 89, Status.SNAKE, 0.01
1140, 7, 43, Status.SNAKE, 0.01
1141, 4, 26, Status.SNAKE, 0.01
1142, 8, 46, Status.SNAKE, 0.01
1143, 18, 128, Status.SNAKE, 0.01
1144, 5, 46, Status.SNAKE, 0.01
1145, 5, 42, Status.SNAKE, 0.01
1146, 4, 25, Status.SNAKE, 0.01
1147, 15, 94, Status.SNAKE, 0.01
1148, 12, 75, Status.SNAKE, 0.01
1149, 5, 35, Status.SNAKE, 0.01
1150, 1, 7, Status.WALL, 0.01
1151, 9, 47, Status.SNAKE, 0.01
1152, 10, 54, Status.SNAKE, 0.01
1153, 5, 25, Status.SNAKE, 0.01
1154, 10, 74, Status.SNAKE, 0.01
1155, 2, 9, Status.WALL, 0.01
1156, 14, 104, Status.SNAKE, 0.01
1157, 2, 6, Status.SNAKE, 0.01
1158, 11, 75, Status.SNAKE, 0.01
1159, 3, 27, Status.WALL, 0.01
1160, 10, 68, Status.WALL, 0.01
1161, 12, 81, Status.SNAKE, 0.01
1162, 11, 64, Status.SNAKE, 0.01
1163, 9, 59, Status.SNAKE, 0.01
1164, 8, 53, Status.WALL, 0.01
1165, 8, 38, Status.SNAKE, 0.01
1166, 14, 83, Status.SNAKE, 0.01
1167, 11, 84, Status.SNAKE, 0.01
1168, 12, 63, Status.SNAKE, 0.01
1169, 9, 64, Status.SNAKE, 0.01
1170, 12, 103, Status.SNAKE, 0.01
1171, 6, 26, Status.SNAKE, 0.01
1172, 14, 88, Status.SNAKE, 0.01
1173, 11, 81, Status.SNAKE, 0.01
1174, 18, 131, Status.SNAKE, 0.01
1175, 8, 57, Status.SNAKE, 0.01
1176, 19, 116, Status.SNAKE, 0.01
1177, 10, 62, Status.SNAKE, 0.01
1178, 4, 19, Status.SNAKE, 0.01
1179, 3, 27, Status.WALL, 0.01
1180, 5, 45, Status.SNAKE, 0.01
1181, 13, 87, Status.SNAKE, 0.01
1182, 10, 70, Status.SNAKE, 0.01
1183, 9, 54, Status.SNAKE, 0.01
1184, 9, 43, Status.SNAKE, 0.01
1185, 20, 130, Status.SNAKE, 0.01
1186, 12, 58, Status.SNAKE, 0.01
1187, 7, 34, Status.WALL, 0.01
1188, 9, 53, Status.WALL, 0.01
1189, 1, 8, Status.WALL, 0.01
1190, 9, 85, Status.SNAKE, 0.01
1191, 13, 58, Status.SNAKE, 0.01
1192, 17, 120, Status.SNAKE, 0.01
1193, 9, 64, Status.SNAKE, 0.01
1194, 1, 7, Status.SNAKE, 0.01
1195, 2, 19, Status.SNAKE, 0.01
1196, 15, 94, Status.SNAKE, 0.01
1197, 5, 27, Status.SNAKE, 0.01
1198, 1, 3, Status.SNAKE, 0.01
1199, 6, 42, Status.WALL, 0.01
1200, 13, 91, Status.WALL, 0.01
1201, 8, 63, Status.WALL, 0.01
1202, 18, 121, Status.WALL, 0.01
1203, 21, 146, Status.SNAKE, 0.01
1204, 6, 52, Status.SNAKE, 0.01
1205, 6, 37, Status.SNAKE, 0.01
1206, 15, 99, Status.SNAKE, 0.01
1207, 8, 64, Status.SNAKE, 0.01
1208, 20, 145, Status.SNAKE, 0.01
1209, 8, 65, Status.SNAKE, 0.01
1210, 10, 86, Status.SNAKE, 0.01
1211, 11, 75, Status.SNAKE, 0.01
1212, 9, 56, Status.SNAKE, 0.01
1213, 3, 14, Status.WALL, 0.01
1214, 9, 44, Status.SNAKE, 0.01
1215, 2, 11, Status.SNAKE, 0.01
1216, 9, 56, Status.SNAKE, 0.01
1217, 7, 58, Status.SNAKE, 0.01
1218, 15, 92, Status.SNAKE, 0.01
1219, 8, 61, Status.SNAKE, 0.01
1220, 3, 24, Status.SNAKE, 0.01
1221, 5, 35, Status.SNAKE, 0.01
1222, 11, 93, Status.WALL, 0.01
1223, 4, 32, Status.SNAKE, 0.01
1224, 10, 70, Status.SNAKE, 0.01
1225, 4, 25, Status.WALL, 0.01
1226, 10, 75, Status.SNAKE, 0.01
1227, 5, 38, Status.SNAKE, 0.01
1228, 9, 75, Status.SNAKE, 0.01
1229, 9, 69, Status.SNAKE, 0.01
1230, 14, 89, Status.SNAKE, 0.01
1231, 14, 109, Status.SNAKE, 0.01
1232, 2, 5, Status.SNAKE, 0.01
1233, 2, 13, Status.WALL, 0.01
1234, 15, 102, Status.WALL, 0.01
1235, 13, 55, Status.WALL, 0.01
1236, 12, 75, Status.SNAKE, 0.01
1237, 16, 86, Status.SNAKE, 0.01
1238, 20, 166, Status.SNAKE, 0.01
1239, 5, 27, Status.SNAKE, 0.01
1240, 5, 24, Status.SNAKE, 0.01
1241, 4, 20, Status.SNAKE, 0.01
1242, 5, 29, Status.SNAKE, 0.01
1243, 15, 101, Status.WALL, 0.01
1244, 3, 34, Status.WALL, 0.01
1245, 5, 14, Status.WALL, 0.01
1246, 5, 34, Status.SNAKE, 0.01
1247, 9, 58, Status.SNAKE, 0.01
1248, 2, 13, Status.SNAKE, 0.01
1249, 13, 92, Status.SNAKE, 0.01
1250, 8, 65, Status.WALL, 0.01
1251, 14, 91, Status.SNAKE, 0.01
1252, 13, 102, Status.SNAKE, 0.01
1253, 0, 7, Status.WALL, 0.01
1254, 18, 142, Status.SNAKE, 0.01
1255, 3, 16, Status.SNAKE, 0.01
1256, 3, 23, Status.SNAKE, 0.01
1257, 7, 49, Status.SNAKE, 0.01
1258, 6, 52, Status.SNAKE, 0.01
1259, 9, 50, Status.SNAKE, 0.01
1260, 7, 72, Status.SNAKE, 0.01
1261, 7, 44, Status.SNAKE, 0.01
1262, 12, 70, Status.SNAKE, 0.01
1263, 6, 38, Status.WALL, 0.01
1264, 8, 56, Status.SNAKE, 0.01
1265, 7, 42, Status.SNAKE, 0.01
1266, 9, 50, Status.SNAKE, 0.01
1267, 3, 20, Status.SNAKE, 0.01
1268, 6, 43, Status.WALL, 0.01
1269, 15, 88, Status.WALL, 0.01
1270, 7, 44, Status.SNAKE, 0.01
1271, 15, 114, Status.SNAKE, 0.01
1272, 14, 123, Status.WALL, 0.01
1273, 3, 18, Status.SNAKE, 0.01
1274, 12, 77, Status.SNAKE, 0.01
1275, 12, 88, Status.WALL, 0.01
1276, 1, 5, Status.SNAKE, 0.01
1277, 5, 30, Status.SNAKE, 0.01
1278, 7, 29, Status.SNAKE, 0.01
1279, 17, 111, Status.SNAKE, 0.01
1280, 11, 77, Status.SNAKE, 0.01
1281, 6, 38, Status.SNAKE, 0.01
1282, 15, 96, Status.SNAKE, 0.01
1283, 14, 83, Status.WALL, 0.01
1284, 4, 27, Status.WALL, 0.01
1285, 5, 38, Status.SNAKE, 0.01
1286, 6, 21, Status.SNAKE, 0.01
1287, 13, 99, Status.SNAKE, 0.01
1288, 18, 154, Status.SNAKE, 0.01
1289, 5, 47, Status.SNAKE, 0.01
1290, 6, 43, Status.WALL, 0.01
1291, 7, 39, Status.SNAKE, 0.01
1292, 13, 88, Status.SNAKE, 0.01
1293, 1, 5, Status.SNAKE, 0.01
1294, 7, 49, Status.SNAKE, 0.01
1295, 1, 5, Status.SNAKE, 0.01
1296, 13, 106, Status.SNAKE, 0.01
1297, 12, 79, Status.SNAKE, 0.01
1298, 13, 101, Status.WALL, 0.01
1299, 13, 84, Status.SNAKE, 0.01
1300, 10, 61, Status.SNAKE, 0.01
1301, 11, 105, Status.SNAKE, 0.01
1302, 2, 19, Status.SNAKE, 0.01
1303, 14, 90, Status.SNAKE, 0.01
1304, 4, 33, Status.SNAKE, 0.01
1305, 14, 102, Status.SNAKE, 0.01
1306, 11, 79, Status.SNAKE, 0.01
1307, 7, 59, Status.SNAKE, 0.01
1308, 9, 69, Status.SNAKE, 0.01
1309, 10, 70, Status.SNAKE, 0.01
1310, 16, 125, Status.SNAKE, 0.01
1311, 12, 80, Status.SNAKE, 0.01
1312, 5, 28, Status.SNAKE, 0.01
1313, 16, 87, Status.SNAKE, 0.01
1314, 6, 43, Status.SNAKE, 0.01
1315, 3, 28, Status.WALL, 0.01
1316, 17, 118, Status.SNAKE, 0.01
1317, 5, 32, Status.WALL, 0.01
1318, 5, 32, Status.SNAKE, 0.01
1319, 10, 50, Status.SNAKE, 0.01
1320, 19, 120, Status.SNAKE, 0.01
1321, 15, 109, Status.SNAKE, 0.01
1322, 11, 80, Status.SNAKE, 0.01
1323, 2, 5, Status.SNAKE, 0.01
1324, 7, 48, Status.WALL, 0.01
1325, 7, 70, Status.WALL, 0.01
1326, 13, 98, Status.WALL, 0.01
1327, 3, 21, Status.WALL, 0.01
1328, 7, 40, Status.SNAKE, 0.01
1329, 4, 17, Status.WALL, 0.01
1330, 3, 24, Status.SNAKE, 0.01
1331, 8, 50, Status.SNAKE, 0.01
1332, 5, 28, Status.SNAKE, 0.01
1333, 8, 31, Status.SNAKE, 0.01
1334, 8, 56, Status.SNAKE, 0.01
1335, 13, 101, Status.SNAKE, 0.01
1336, 5, 28, Status.SNAKE, 0.01
1337, 2, 12, Status.SNAKE, 0.01
1338, 6, 39, Status.SNAKE, 0.01
1339, 6, 40, Status.WALL, 0.01
1340, 13, 97, Status.SNAKE, 0.01
1341, 9, 57, Status.SNAKE, 0.01
1342, 14, 112, Status.SNAKE, 0.01
1343, 16, 114, Status.SNAKE, 0.01
1344, 4, 20, Status.WALL, 0.01
1345, 4, 16, Status.SNAKE, 0.01
1346, 14, 79, Status.SNAKE, 0.01
1347, 8, 44, Status.SNAKE, 0.01
1348, 14, 80, Status.WALL, 0.01
1349, 1, 9, Status.WALL, 0.01
1350, 4, 17, Status.SNAKE, 0.01
1351, 10, 52, Status.WALL, 0.01
1352, 9, 75, Status.SNAKE, 0.01
1353, 3, 14, Status.WALL, 0.01
1354, 8, 78, Status.WALL, 0.01
1355, 5, 31, Status.SNAKE, 0.01
1356, 5, 32, Status.SNAKE, 0.01
1357, 15, 96, Status.SNAKE, 0.01
1358, 8, 41, Status.WALL, 0.01
1359, 14, 91, Status.SNAKE, 0.01
1360, 5, 32, Status.SNAKE, 0.01
1361, 3, 16, Status.SNAKE, 0.01
1362, 9, 45, Status.SNAKE, 0.01
1363, 10, 87, Status.SNAKE, 0.01
1364, 11, 75, Status.SNAKE, 0.01
1365, 7, 35, Status.SNAKE, 0.01
1366, 7, 38, Status.SNAKE, 0.01
1367, 10, 68, Status.SNAKE, 0.01
1368, 10, 49, Status.WALL, 0.01
1369, 15, 102, Status.SNAKE, 0.01
1370, 7, 32, Status.SNAKE, 0.01
1371, 12, 78, Status.SNAKE, 0.01
1372, 3, 24, Status.WALL, 0.01
1373, 3, 19, Status.SNAKE, 0.01
1374, 3, 18, Status.SNAKE, 0.01
1375, 12, 78, Status.SNAKE, 0.01
1376, 14, 94, Status.SNAKE, 0.01
1377, 9, 69, Status.WALL, 0.01
1378, 14, 88, Status.SNAKE, 0.01
1379, 13, 86, Status.SNAKE, 0.01
1380, 5, 28, Status.SNAKE, 0.01
1381, 18, 113, Status.SNAKE, 0.01
1382, 7, 47, Status.SNAKE, 0.01
1383, 6, 52, Status.SNAKE, 0.01
1384, 15, 116, Status.SNAKE, 0.01
1385, 7, 39, Status.SNAKE, 0.01
1386, 2, 16, Status.SNAKE, 0.01
1387, 9, 63, Status.SNAKE, 0.01
1388, 1, 3, Status.SNAKE, 0.01
1389, 12, 61, Status.SNAKE, 0.01
1390, 16, 90, Status.SNAKE, 0.01
1391, 13, 61, Status.SNAKE, 0.01
1392, 12, 69, Status.WALL, 0.01
1393, 9, 63, Status.SNAKE, 0.01
1394, 9, 81, Status.WALL, 0.01
1395, 6, 43, Status.SNAKE, 0.01
1396, 8, 45, Status.SNAKE, 0.01
1397, 11, 90, Status.WALL, 0.01
1398, 2, 7, Status.WALL, 0.01
1399, 7, 33, Status.SNAKE, 0.01
1400, 8, 66, Status.WALL, 0.01
1401, 17, 113, Status.SNAKE, 0.01
1402, 16, 128, Status.SNAKE, 0.01
1403, 15, 86, Status.SNAKE, 0.01
1404, 7, 76, Status.SNAKE, 0.01
1405, 3, 18, Status.WALL, 0.01
1406, 11, 100, Status.SNAKE, 0.01
1407, 9, 57, Status.SNAKE, 0.01
1408, 9, 46, Status.SNAKE, 0.01
1409, 10, 65, Status.WALL, 0.01
1410, 4, 28, Status.WALL, 0.01
1411, 3, 32, Status.WALL, 0.01
1412, 11, 95, Status.SNAKE, 0.01
1413, 11, 63, Status.SNAKE, 0.01
1414, 17, 89, Status.SNAKE, 0.01
1415, 8, 67, Status.SNAKE, 0.01
1416, 8, 43, Status.SNAKE, 0.01
1417, 11, 65, Status.SNAKE, 0.01
1418, 2, 16, Status.SNAKE, 0.01
1419, 17, 148, Status.SNAKE, 0.01
1420, 15, 92, Status.WALL, 0.01
1421, 11, 69, Status.SNAKE, 0.01
1422, 14, 78, Status.SNAKE, 0.01
1423, 7, 54, Status.SNAKE, 0.01
1424, 4, 26, Status.SNAKE, 0.01
1425, 2, 13, Status.SNAKE, 0.01
1426, 1, 5, Status.SNAKE, 0.01
1427, 0, 8, Status.WALL, 0.01
1428, 4, 25, Status.WALL, 0.01
1429, 15, 104, Status.SNAKE, 0.01
1430, 13, 94, Status.SNAKE, 0.01
1431, 11, 67, Status.SNAKE, 0.01
1432, 8, 56, Status.SNAKE, 0.01
1433, 6, 66, Status.SNAKE, 0.01
1434, 6, 25, Status.WALL, 0.01
1435, 0, 6, Status.WALL, 0.01
1436, 5, 27, Status.SNAKE, 0.01
1437, 9, 39, Status.SNAKE, 0.01
1438, 12, 70, Status.WALL, 0.01
1439, 13, 110, Status.SNAKE, 0.01
1440, 11, 70, Status.SNAKE, 0.01
1441, 17, 105, Status.SNAKE, 0.01
1442, 9, 73, Status.SNAKE, 0.01
1443, 10, 73, Status.SNAKE, 0.01
1444, 17, 95, Status.SNAKE, 0.01
1445, 6, 31, Status.SNAKE, 0.01
1446, 16, 112, Status.SNAKE, 0.01
1447, 8, 61, Status.SNAKE, 0.01
1448, 10, 55, Status.SNAKE, 0.01
1449, 14, 96, Status.SNAKE, 0.01
1450, 6, 32, Status.SNAKE, 0.01
1451, 5, 38, Status.SNAKE, 0.01
1452, 11, 84, Status.WALL, 0.01
1453, 14, 83, Status.SNAKE, 0.01
1454, 7, 27, Status.SNAKE, 0.01
1455, 3, 14, Status.SNAKE, 0.01
1456, 18, 112, Status.WALL, 0.01
1457, 12, 100, Status.WALL, 0.01
1458, 13, 103, Status.SNAKE, 0.01
1459, 14, 76, Status.SNAKE, 0.01
1460, 12, 80, Status.SNAKE, 0.01
1461, 1, 10, Status.WALL, 0.01
1462, 8, 68, Status.WALL, 0.01
1463, 11, 82, Status.SNAKE, 0.01
1464, 14, 89, Status.SNAKE, 0.01
1465, 10, 72, Status.WALL, 0.01
1466, 15, 105, Status.SNAKE, 0.01
1467, 14, 95, Status.SNAKE, 0.01
1468, 11, 86, Status.SNAKE, 0.01
1469, 3, 17, Status.SNAKE, 0.01
1470, 13, 109, Status.SNAKE, 0.01
1471, 19, 95, Status.WALL, 0.01
1472, 4, 35, Status.SNAKE, 0.01
1473, 9, 49, Status.SNAKE, 0.01
1474, 15, 85, Status.SNAKE, 0.01
1475, 6, 41, Status.SNAKE, 0.01
1476, 5, 29, Status.SNAKE, 0.01
1477, 9, 71, Status.SNAKE, 0.01
1478, 9, 57, Status.WALL, 0.01
1479, 5, 28, Status.SNAKE, 0.01
1480, 10, 72, Status.SNAKE, 0.01
1481, 1, 5, Status.SNAKE, 0.01
1482, 15, 112, Status.SNAKE, 0.01
1483, 15, 95, Status.SNAKE, 0.01
1484, 7, 30, Status.SNAKE, 0.01
1485, 1, 3, Status.SNAKE, 0.01
1486, 13, 113, Status.SNAKE, 0.01
1487, 9, 68, Status.SNAKE, 0.01
1488, 7, 61, Status.SNAKE, 0.01
1489, 1, 8, Status.WALL, 0.01
1490, 7, 58, Status.SNAKE, 0.01
1491, 4, 25, Status.SNAKE, 0.01
1492, 9, 70, Status.SNAKE, 0.01
1493, 14, 84, Status.SNAKE, 0.01
1494, 6, 51, Status.SNAKE, 0.01
1495, 17, 109, Status.SNAKE, 0.01
1496, 7, 31, Status.SNAKE, 0.01
1497, 14, 117, Status.SNAKE, 0.01
1498, 13, 109, Status.WALL, 0.01
1499, 12, 72, Status.SNAKE, 0.01
1500, 10, 60, Status.SNAKE, 0.01
1501, 1, 7, Status.WALL, 0.01
1502, 19, 122, Status.SNAKE, 0.01
1503, 10, 55, Status.SNAKE, 0.01
1504, 3, 13, Status.SNAKE, 0.01
1505, 7, 47, Status.SNAKE, 0.01
1506, 13, 108, Status.SNAKE, 0.01
1507, 16, 106, Status.WALL, 0.01
1508, 8, 51, Status.SNAKE, 0.01
1509, 5, 24, Status.SNAKE, 0.01
1510, 1, 8, Status.SNAKE, 0.01
1511, 2, 27, Status.WALL, 0.01
1512, 8, 56, Status.SNAKE, 0.01
1513, 11, 66, Status.SNAKE, 0.01
1514, 7, 46, Status.SNAKE, 0.01
1515, 7, 70, Status.WALL, 0.01
1516, 12, 94, Status.SNAKE, 0.01
1517, 4, 44, Status.WALL, 0.01
1518, 17, 126, Status.SNAKE, 0.01
1519, 14, 73, Status.SNAKE, 0.01
1520, 7, 48, Status.WALL, 0.01
1521, 1, 8, Status.SNAKE, 0.01
1522, 11, 76, Status.SNAKE, 0.01
1523, 10, 64, Status.SNAKE, 0.01
1524, 5, 20, Status.SNAKE, 0.01
1525, 5, 35, Status.SNAKE, 0.01
1526, 11, 55, Status.SNAKE, 0.01
1527, 2, 9, Status.WALL, 0.01
1528, 2, 15, Status.WALL, 0.01
1529, 9, 70, Status.SNAKE, 0.01
1530, 9, 51, Status.SNAKE, 0.01
1531, 2, 19, Status.SNAKE, 0.01
1532, 23, 164, Status.SNAKE, 0.01
1533, 15, 119, Status.SNAKE, 0.01
1534, 11, 68, Status.SNAKE, 0.01
1535, 11, 82, Status.SNAKE, 0.01
1536, 9, 46, Status.WALL, 0.01
1537, 5, 32, Status.WALL, 0.01
1538, 3, 28, Status.WALL, 0.01
1539, 11, 57, Status.WALL, 0.01
1540, 17, 137, Status.SNAKE, 0.01
1541, 6, 31, Status.SNAKE, 0.01
1542, 5, 32, Status.SNAKE, 0.01
1543, 12, 108, Status.SNAKE, 0.01
1544, 5, 30, Status.SNAKE, 0.01
1545, 8, 77, Status.SNAKE, 0.01
1546, 12, 76, Status.WALL, 0.01
1547, 11, 67, Status.SNAKE, 0.01
1548, 6, 51, Status.WALL, 0.01
1549, 4, 25, Status.WALL, 0.01
1550, 12, 91, Status.SNAKE, 0.01
1551, 10, 64, Status.WALL, 0.01
1552, 10, 73, Status.WALL, 0.01
1553, 7, 41, Status.SNAKE, 0.01
1554, 4, 26, Status.SNAKE, 0.01
1555, 5, 38, Status.SNAKE, 0.01
1556, 9, 70, Status.SNAKE, 0.01
1557, 8, 51, Status.SNAKE, 0.01
1558, 15, 153, Status.SNAKE, 0.01
1559, 12, 95, Status.WALL, 0.01
1560, 17, 125, Status.SNAKE, 0.01
1561, 10, 79, Status.SNAKE, 0.01
1562, 16, 82, Status.SNAKE, 0.01
1563, 12, 98, Status.SNAKE, 0.01
1564, 16, 92, Status.SNAKE, 0.01
1565, 11, 90, Status.SNAKE, 0.01
1566, 12, 80, Status.WALL, 0.01
1567, 10, 78, Status.SNAKE, 0.01
1568, 15, 111, Status.SNAKE, 0.01
1569, 1, 8, Status.WALL, 0.01
1570, 5, 27, Status.SNAKE, 0.01
1571, 6, 47, Status.SNAKE, 0.01
1572, 11, 67, Status.SNAKE, 0.01
1573, 8, 41, Status.SNAKE, 0.01
1574, 1, 5, Status.SNAKE, 0.01
1575, 6, 38, Status.WALL, 0.01
1576, 11, 75, Status.SNAKE, 0.01
1577, 4, 32, Status.SNAKE, 0.01
1578, 5, 23, Status.SNAKE, 0.01
1579, 3, 33, Status.SNAKE, 0.01
1580, 10, 83, Status.SNAKE, 0.01
1581, 13, 69, Status.SNAKE, 0.01
1582, 12, 83, Status.SNAKE, 0.01
1583, 18, 149, Status.SNAKE, 0.01
1584, 1, 5, Status.SNAKE, 0.01
1585, 3, 18, Status.SNAKE, 0.01
1586, 3, 28, Status.SNAKE, 0.01
1587, 6, 26, Status.SNAKE, 0.01
1588, 1, 10, Status.WALL, 0.01
1589, 9, 68, Status.SNAKE, 0.01
1590, 13, 91, Status.SNAKE, 0.01
1591, 2, 16, Status.SNAKE, 0.01
1592, 5, 31, Status.SNAKE, 0.01
1593, 3, 16, Status.SNAKE, 0.01
1594, 12, 102, Status.SNAKE, 0.01
1595, 7, 49, Status.WALL, 0.01
1596, 18, 150, Status.SNAKE, 0.01
1597, 4, 10, Status.SNAKE, 0.01
1598, 11, 67, Status.SNAKE, 0.01
1599, 8, 53, Status.SNAKE, 0.01
1600, 8, 55, Status.SNAKE, 0.01
1601, 3, 33, Status.WALL, 0.01
1602, 8, 47, Status.SNAKE, 0.01
1603, 15, 129, Status.SNAKE, 0.01
1604, 14, 82, Status.SNAKE, 0.01
1605, 10, 71, Status.SNAKE, 0.01
1606, 13, 82, Status.SNAKE, 0.01
1607, 7, 49, Status.WALL, 0.01
1608, 8, 57, Status.SNAKE, 0.01
1609, 12, 55, Status.SNAKE, 0.01
1610, 4, 26, Status.SNAKE, 0.01
1611, 7, 38, Status.SNAKE, 0.01
1612, 6, 30, Status.WALL, 0.01
1613, 5, 47, Status.SNAKE, 0.01
1614, 4, 28, Status.WALL, 0.01
1615, 5, 14, Status.WALL, 0.01
1616, 11, 78, Status.SNAKE, 0.01
1617, 6, 35, Status.WALL, 0.01
1618, 4, 29, Status.SNAKE, 0.01
1619, 10, 51, Status.SNAKE, 0.01
1620, 5, 41, Status.SNAKE, 0.01
1621, 13, 82, Status.SNAKE, 0.01
1622, 9, 79, Status.SNAKE, 0.01
1623, 9, 48, Status.SNAKE, 0.01
1624, 3, 15, Status.SNAKE, 0.01
1625, 17, 111, Status.SNAKE, 0.01
1626, 6, 67, Status.SNAKE, 0.01
1627, 3, 20, Status.SNAKE, 0.01
1628, 7, 44, Status.SNAKE, 0.01
1629, 12, 90, Status.SNAKE, 0.01
1630, 5, 20, Status.SNAKE, 0.01
1631, 9, 48, Status.SNAKE, 0.01
1632, 13, 75, Status.SNAKE, 0.01
1633, 3, 23, Status.SNAKE, 0.01
1634, 10, 70, Status.SNAKE, 0.01
1635, 10, 67, Status.SNAKE, 0.01
1636, 8, 51, Status.SNAKE, 0.01
1637, 11, 62, Status.SNAKE, 0.01
1638, 12, 74, Status.SNAKE, 0.01
1639, 4, 34, Status.WALL, 0.01
1640, 3, 16, Status.SNAKE, 0.01
1641, 5, 48, Status.WALL, 0.01
1642, 10, 58, Status.WALL, 0.01
1643, 9, 66, Status.SNAKE, 0.01
1644, 12, 85, Status.SNAKE, 0.01
1645, 7, 39, Status.SNAKE, 0.01
1646, 8, 53, Status.SNAKE, 0.01
1647, 16, 98, Status.SNAKE, 0.01
1648, 3, 23, Status.SNAKE, 0.01
1649, 7, 50, Status.SNAKE, 0.01
1650, 19, 133, Status.SNAKE, 0.01
1651, 12, 74, Status.SNAKE, 0.01
1652, 9, 85, Status.SNAKE, 0.01
1653, 9, 59, Status.SNAKE, 0.01
1654, 10, 80, Status.SNAKE, 0.01
1655, 12, 95, Status.SNAKE, 0.01
1656, 3, 35, Status.WALL, 0.01
1657, 15, 135, Status.SNAKE, 0.01
1658, 21, 162, Status.WALL, 0.01
1659, 16, 122, Status.SNAKE, 0.01
1660, 16, 93, Status.SNAKE, 0.01
1661, 7, 48, Status.SNAKE, 0.01
1662, 5, 29, Status.WALL, 0.01
1663, 4, 31, Status.SNAKE, 0.01
1664, 10, 70, Status.SNAKE, 0.01
1665, 5, 22, Status.WALL, 0.01
1666, 10, 81, Status.SNAKE, 0.01
1667, 4, 17, Status.WALL, 0.01
1668, 2, 9, Status.SNAKE, 0.01
1669, 5, 34, Status.SNAKE, 0.01
1670, 13, 102, Status.SNAKE, 0.01
1671, 1, 5, Status.SNAKE, 0.01
1672, 5, 22, Status.SNAKE, 0.01
1673, 2, 9, Status.SNAKE, 0.01
1674, 7, 59, Status.SNAKE, 0.01
1675, 9, 58, Status.SNAKE, 0.01
1676, 14, 90, Status.SNAKE, 0.01
1677, 6, 40, Status.WALL, 0.01
1678, 4, 32, Status.WALL, 0.01
1679, 9, 49, Status.SNAKE, 0.01
1680, 12, 74, Status.SNAKE, 0.01
1681, 1, 3, Status.SNAKE, 0.01
1682, 15, 90, Status.SNAKE, 0.01
1683, 14, 108, Status.SNAKE, 0.01
1684, 3, 26, Status.SNAKE, 0.01
1685, 7, 60, Status.SNAKE, 0.01
1686, 12, 101, Status.WALL, 0.01
1687, 1, 5, Status.SNAKE, 0.01
1688, 14, 97, Status.WALL, 0.01
1689, 10, 93, Status.SNAKE, 0.01
1690, 4, 36, Status.SNAKE, 0.01
1691, 1, 3, Status.SNAKE, 0.01
1692, 16, 88, Status.SNAKE, 0.01
1693, 8, 46, Status.WALL, 0.01
1694, 10, 70, Status.WALL, 0.01
1695, 7, 40, Status.SNAKE, 0.01
1696, 4, 27, Status.SNAKE, 0.01
1697, 5, 38, Status.SNAKE, 0.01
1698, 2, 10, Status.SNAKE, 0.01
1699, 14, 83, Status.SNAKE, 0.01
1700, 2, 24, Status.WALL, 0.01
1701, 6, 44, Status.SNAKE, 0.01
1702, 3, 17, Status.WALL, 0.01
1703, 10, 84, Status.WALL, 0.01
1704, 16, 118, Status.WALL, 0.01
1705, 4, 24, Status.SNAKE, 0.01
1706, 3, 23, Status.SNAKE, 0.01
1707, 14, 94, Status.SNAKE, 0.01
1708, 9, 78, Status.SNAKE, 0.01
1709, 11, 91, Status.WALL, 0.01
1710, 9, 73, Status.WALL, 0.01
1711, 14, 75, Status.SNAKE, 0.01
1712, 1, 5, Status.SNAKE, 0.01
1713, 5, 32, Status.WALL, 0.01
1714, 3, 15, Status.SNAKE, 0.01
1715, 5, 39, Status.WALL, 0.01
1716, 1, 7, Status.WALL, 0.01
1717, 4, 18, Status.SNAKE, 0.01
1718, 6, 29, Status.SNAKE, 0.01
1719, 7, 52, Status.SNAKE, 0.01
1720, 5, 22, Status.WALL, 0.01
1721, 10, 80, Status.SNAKE, 0.01
1722, 13, 95, Status.SNAKE, 0.01
1723, 7, 34, Status.WALL, 0.01
1724, 10, 71, Status.WALL, 0.01
1725, 16, 116, Status.SNAKE, 0.01
1726, 14, 103, Status.SNAKE, 0.01
1727, 10, 88, Status.SNAKE, 0.01
1728, 3, 26, Status.WALL, 0.01
1729, 16, 103, Status.SNAKE, 0.01
1730, 8, 60, Status.SNAKE, 0.01
1731, 10, 64, Status.SNAKE, 0.01
1732, 2, 10, Status.SNAKE, 0.01
1733, 9, 64, Status.SNAKE, 0.01
1734, 6, 58, Status.SNAKE, 0.01
1735, 12, 80, Status.WALL, 0.01
1736, 14, 84, Status.WALL, 0.01
1737, 4, 20, Status.SNAKE, 0.01
1738, 5, 35, Status.SNAKE, 0.01
1739, 10, 55, Status.WALL, 0.01
1740, 15, 129, Status.SNAKE, 0.01
1741, 10, 77, Status.SNAKE, 0.01
1742, 18, 149, Status.SNAKE, 0.01
1743, 15, 81, Status.SNAKE, 0.01
1744, 3, 16, Status.SNAKE, 0.01
1745, 7, 53, Status.SNAKE, 0.01
1746, 2, 11, Status.SNAKE, 0.01
1747, 3, 23, Status.WALL, 0.01
1748, 5, 25, Status.SNAKE, 0.01
1749, 12, 81, Status.SNAKE, 0.01
1750, 12, 87, Status.SNAKE, 0.01
1751, 3, 23, Status.SNAKE, 0.01
1752, 7, 50, Status.SNAKE, 0.01
1753, 3, 23, Status.WALL, 0.01
1754, 15, 109, Status.SNAKE, 0.01
1755, 8, 60, Status.SNAKE, 0.01
1756, 10, 76, Status.SNAKE, 0.01
1757, 13, 83, Status.SNAKE, 0.01
1758, 6, 53, Status.WALL, 0.01
1759, 7, 45, Status.SNAKE, 0.01
1760, 11, 66, Status.WALL, 0.01
1761, 9, 66, Status.SNAKE, 0.01
1762, 4, 20, Status.SNAKE, 0.01
1763, 12, 73, Status.SNAKE, 0.01
1764, 4, 32, Status.SNAKE, 0.01
1765, 1, 3, Status.SNAKE, 0.01
1766, 7, 50, Status.SNAKE, 0.01
1767, 9, 71, Status.SNAKE, 0.01
1768, 10, 58, Status.SNAKE, 0.01
1769, 0, 7, Status.WALL, 0.01
1770, 12, 92, Status.SNAKE, 0.01
1771, 7, 48, Status.SNAKE, 0.01
1772, 9, 69, Status.WALL, 0.01
1773, 11, 93, Status.SNAKE, 0.01
1774, 1, 10, Status.WALL, 0.01
1775, 9, 50, Status.SNAKE, 0.01
1776, 11, 75, Status.SNAKE, 0.01
1777, 12, 72, Status.SNAKE, 0.01
1778, 8, 47, Status.WALL, 0.01
1779, 13, 89, Status.SNAKE, 0.01
1780, 8, 53, Status.SNAKE, 0.01
1781, 13, 88, Status.SNAKE, 0.01
1782, 11, 74, Status.SNAKE, 0.01
1783, 16, 131, Status.SNAKE, 0.01
1784, 7, 40, Status.WALL, 0.01
1785, 12, 77, Status.WALL, 0.01
1786, 4, 37, Status.SNAKE, 0.01
1787, 9, 56, Status.SNAKE, 0.01
1788, 8, 53, Status.SNAKE, 0.01
1789, 19, 127, Status.WALL, 0.01
1790, 3, 18, Status.SNAKE, 0.01
1791, 6, 60, Status.SNAKE, 0.01
1792, 15, 113, Status.SNAKE, 0.01
1793, 2, 18, Status.SNAKE, 0.01
1794, 10, 55, Status.SNAKE, 0.01
1795, 11, 56, Status.SNAKE, 0.01
1796, 18, 131, Status.SNAKE, 0.01
1797, 9, 51, Status.SNAKE, 0.01
1798, 9, 67, Status.SNAKE, 0.01
1799, 2, 15, Status.SNAKE, 0.01
1800, 6, 40, Status.WALL, 0.01
1801, 9, 60, Status.WALL, 0.01
1802, 13, 82, Status.SNAKE, 0.01
1803, 13, 104, Status.SNAKE, 0.01
1804, 8, 45, Status.SNAKE, 0.01
1805, 5, 42, Status.SNAKE, 0.01
1806, 7, 44, Status.SNAKE, 0.01
1807, 15, 109, Status.SNAKE, 0.01
1808, 4, 22, Status.WALL, 0.01
1809, 6, 32, Status.SNAKE, 0.01
1810, 5, 42, Status.SNAKE, 0.01
1811, 6, 55, Status.SNAKE, 0.01
1812, 10, 69, Status.SNAKE, 0.01
1813, 4, 26, Status.SNAKE, 0.01
1814, 13, 79, Status.SNAKE, 0.01
1815, 17, 103, Status.WALL, 0.01
1816, 16, 117, Status.SNAKE, 0.01
1817, 5, 40, Status.WALL, 0.01
1818, 2, 5, Status.SNAKE, 0.01
1819, 18, 121, Status.SNAKE, 0.01
1820, 8, 39, Status.WALL, 0.01
1821, 4, 22, Status.SNAKE, 0.01
1822, 10, 91, Status.WALL, 0.01
1823, 12, 81, Status.SNAKE, 0.01
1824, 7, 49, Status.SNAKE, 0.01
1825, 8, 53, Status.SNAKE, 0.01
1826, 12, 82, Status.SNAKE, 0.01
1827, 15, 123, Status.SNAKE, 0.01
1828, 19, 156, Status.SNAKE, 0.01
1829, 1, 5, Status.WALL, 0.01
1830, 7, 66, Status.SNAKE, 0.01
1831, 18, 111, Status.SNAKE, 0.01
1832, 3, 16, Status.SNAKE, 0.01
1833, 10, 71, Status.SNAKE, 0.01
1834, 1, 8, Status.SNAKE, 0.01
1835, 9, 40, Status.SNAKE, 0.01
1836, 9, 46, Status.SNAKE, 0.01
1837, 7, 56, Status.SNAKE, 0.01
1838, 5, 52, Status.WALL, 0.01
1839, 14, 99, Status.SNAKE, 0.01
1840, 1, 6, Status.WALL, 0.01
1841, 12, 85, Status.SNAKE, 0.01
1842, 13, 72, Status.SNAKE, 0.01
1843, 8, 44, Status.SNAKE, 0.01
1844, 7, 45, Status.SNAKE, 0.01
1845, 5, 29, Status.SNAKE, 0.01
1846, 13, 117, Status.SNAKE, 0.01
1847, 3, 22, Status.SNAKE, 0.01
1848, 3, 14, Status.SNAKE, 0.01
1849, 6, 53, Status.SNAKE, 0.01
1850, 4, 21, Status.WALL, 0.01
1851, 8, 66, Status.SNAKE, 0.01
1852, 6, 39, Status.SNAKE, 0.01
1853, 8, 49, Status.WALL, 0.01
1854, 3, 12, Status.SNAKE, 0.01
1855, 9, 62, Status.WALL, 0.01
1856, 3, 16, Status.SNAKE, 0.01
1857, 11, 90, Status.SNAKE, 0.01
1858, 7, 56, Status.SNAKE, 0.01
1859, 10, 63, Status.SNAKE, 0.01
1860, 15, 89, Status.SNAKE, 0.01
1861, 9, 71, Status.SNAKE, 0.01
1862, 1, 21, Status.WALL, 0.01
1863, 2, 9, Status.WALL, 0.01
1864, 9, 60, Status.SNAKE, 0.01
1865, 4, 24, Status.WALL, 0.01
1866, 8, 54, Status.WALL, 0.01
1867, 12, 69, Status.SNAKE, 0.01
1868, 2, 17, Status.WALL, 0.01
1869, 19, 136, Status.SNAKE, 0.01
1870, 8, 54, Status.WALL, 0.01
1871, 9, 57, Status.SNAKE, 0.01
1872, 12, 80, Status.WALL, 0.01
1873, 11, 50, Status.SNAKE, 0.01
1874, 9, 52, Status.SNAKE, 0.01
1875, 6, 30, Status.WALL, 0.01
1876, 9, 65, Status.SNAKE, 0.01
1877, 9, 72, Status.SNAKE, 0.01
1878, 8, 59, Status.SNAKE, 0.01
1879, 1, 14, Status.WALL, 0.01
1880, 5, 40, Status.SNAKE, 0.01
1881, 14, 114, Status.SNAKE, 0.01
1882, 3, 16, Status.SNAKE, 0.01
1883, 12, 98, Status.SNAKE, 0.01
1884, 10, 73, Status.SNAKE, 0.01
1885, 15, 120, Status.WALL, 0.01
1886, 4, 22, Status.WALL, 0.01
1887, 10, 77, Status.WALL, 0.01
1888, 2, 11, Status.WALL, 0.01
1889, 3, 23, Status.SNAKE, 0.01
1890, 10, 90, Status.SNAKE, 0.01
1891, 9, 66, Status.WALL, 0.01
1892, 9, 65, Status.WALL, 0.01
1893, 10, 43, Status.SNAKE, 0.01
1894, 13, 93, Status.SNAKE, 0.01
1895, 1, 8, Status.SNAKE, 0.01
1896, 9, 62, Status.SNAKE, 0.01
1897, 14, 83, Status.SNAKE, 0.01
1898, 14, 92, Status.SNAKE, 0.01
1899, 10, 84, Status.WALL, 0.01
1900, 1, 8, Status.SNAKE, 0.01
1901, 13, 88, Status.SNAKE, 0.01
1902, 7, 41, Status.SNAKE, 0.01
1903, 11, 61, Status.SNAKE, 0.01
1904, 12, 84, Status.SNAKE, 0.01
1905, 8, 59, Status.SNAKE, 0.01
1906, 16, 114, Status.SNAKE, 0.01
1907, 15, 76, Status.WALL, 0.01
1908, 2, 18, Status.SNAKE, 0.01
1909, 4, 25, Status.SNAKE, 0.01
1910, 9, 52, Status.SNAKE, 0.01
1911, 9, 61, Status.SNAKE, 0.01
1912, 5, 37, Status.SNAKE, 0.01
1913, 7, 47, Status.SNAKE, 0.01
1914, 5, 27, Status.SNAKE, 0.01
1915, 9, 76, Status.SNAKE, 0.01
1916, 2, 9, Status.SNAKE, 0.01
1917, 13, 88, Status.SNAKE, 0.01
1918, 16, 107, Status.SNAKE, 0.01
1919, 8, 39, Status.SNAKE, 0.01
1920, 3, 21, Status.WALL, 0.01
1921, 16, 107, Status.WALL, 0.01
1922, 13, 105, Status.SNAKE, 0.01
1923, 1, 6, Status.SNAKE, 0.01
1924, 11, 79, Status.SNAKE, 0.01
1925, 14, 79, Status.SNAKE, 0.01
1926, 13, 84, Status.SNAKE, 0.01
1927, 7, 53, Status.SNAKE, 0.01
1928, 14, 113, Status.SNAKE, 0.01
1929, 12, 85, Status.SNAKE, 0.01
1930, 8, 61, Status.SNAKE, 0.01
1931, 13, 110, Status.WALL, 0.01
1932, 1, 7, Status.SNAKE, 0.01
1933, 5, 26, Status.SNAKE, 0.01
1934, 10, 56, Status.WALL, 0.01
1935, 1, 7, Status.SNAKE, 0.01
1936, 24, 145, Status.SNAKE, 0.01
1937, 6, 36, Status.SNAKE, 0.01
1938, 1, 5, Status.SNAKE, 0.01
1939, 11, 61, Status.SNAKE, 0.01
1940, 5, 56, Status.SNAKE, 0.01
1941, 6, 35, Status.WALL, 0.01
1942, 12, 77, Status.SNAKE, 0.01
1943, 6, 52, Status.WALL, 0.01
1944, 10, 73, Status.SNAKE, 0.01
1945, 3, 16, Status.SNAKE, 0.01
1946, 4, 17, Status.SNAKE, 0.01
1947, 8, 43, Status.SNAKE, 0.01
1948, 3, 18, Status.SNAKE, 0.01
1949, 4, 23, Status.SNAKE, 0.01
1950, 17, 132, Status.SNAKE, 0.01
1951, 10, 71, Status.SNAKE, 0.01
1952, 6, 41, Status.SNAKE, 0.01
1953, 4, 38, Status.WALL, 0.01
1954, 19, 165, Status.SNAKE, 0.01
1955, 6, 66, Status.SNAKE, 0.01
1956, 2, 11, Status.SNAKE, 0.01
1957, 9, 45, Status.SNAKE, 0.01
1958, 7, 65, Status.SNAKE, 0.01
1959, 1, 3, Status.SNAKE, 0.01
1960, 5, 41, Status.SNAKE, 0.01
1961, 13, 65, Status.SNAKE, 0.01
1962, 5, 27, Status.SNAKE, 0.01
1963, 4, 21, Status.SNAKE, 0.01
1964, 15, 89, Status.SNAKE, 0.01
1965, 4, 22, Status.SNAKE, 0.01
1966, 10, 89, Status.SNAKE, 0.01
1967, 0, 7, Status.WALL, 0.01
1968, 6, 46, Status.WALL, 0.01
1969, 18, 136, Status.SNAKE, 0.01
1970, 11, 71, Status.SNAKE, 0.01
1971, 1, 7, Status.SNAKE, 0.01
1972, 3, 23, Status.SNAKE, 0.01
1973, 5, 38, Status.SNAKE, 0.01
1974, 11, 57, Status.SNAKE, 0.01
1975, 10, 78, Status.WALL, 0.01
1976, 7, 40, Status.SNAKE, 0.01
1977, 7, 32, Status.SNAKE, 0.01
1978, 5, 29, Status.SNAKE, 0.01
1979, 6, 48, Status.SNAKE, 0.01
1980, 10, 56, Status.SNAKE, 0.01
1981, 19, 126, Status.SNAKE, 0.01
1982, 8, 58, Status.SNAKE, 0.01
1983, 4, 26, Status.WALL, 0.01
1984, 9, 64, Status.SNAKE, 0.01
1985, 8, 48, Status.SNAKE, 0.01
1986, 9, 81, Status.SNAKE, 0.01
1987, 6, 48, Status.SNAKE, 0.01
1988, 6, 32, Status.SNAKE, 0.01
1989, 5, 36, Status.SNAKE, 0.01
1990, 11, 85, Status.SNAKE, 0.01
1991, 12, 75, Status.SNAKE, 0.01
1992, 10, 70, Status.SNAKE, 0.01
1993, 6, 42, Status.SNAKE, 0.01
1994, 2, 25, Status.SNAKE, 0.01
1995, 6, 34, Status.SNAKE, 0.01
1996, 2, 15, Status.WALL, 0.01
1997, 4, 18, Status.SNAKE, 0.01
1998, 8, 45, Status.SNAKE, 0.01
1999, 13, 97, Status.SNAKE, 0.01
2000, 11, 51, Status.WALL, 0.01
2001, 9, 81, Status.SNAKE, 0.01
2002, 16, 90, Status.SNAKE, 0.01
2003, 7, 49, Status.SNAKE, 0.01
2004, 5, 29, Status.SNAKE, 0.01
2005, 3, 32, Status.SNAKE, 0.01
2006, 2, 15, Status.SNAKE, 0.01
2007, 4, 23, Status.WALL, 0.01
2008, 11, 59, Status.SNAKE, 0.01
2009, 11, 82, Status.SNAKE, 0.01
2010, 13, 92, Status.SNAKE, 0.01
2011, 12, 82, Status.SNAKE, 0.01
2012, 1, 10, Status.WALL, 0.01
2013, 8, 51, Status.SNAKE, 0.01
2014, 13, 89, Status.SNAKE, 0.01
2015, 15, 104, Status.WALL, 0.01
2016, 5, 21, Status.SNAKE, 0.01
2017, 5, 44, Status.SNAKE, 0.01
2018, 10, 64, Status.SNAKE, 0.01
2019, 7, 40, Status.SNAKE, 0.01
2020, 8, 62, Status.SNAKE, 0.01
2021, 14, 102, Status.WALL, 0.01
2022, 7, 38, Status.SNAKE, 0.01
2023, 8, 53, Status.SNAKE, 0.01
2024, 9, 38, Status.WALL, 0.01
2025, 10, 59, Status.SNAKE, 0.01
2026, 12, 82, Status.WALL, 0.01
2027, 11, 85, Status.SNAKE, 0.01
2028, 17, 109, Status.SNAKE, 0.01
2029, 2, 18, Status.SNAKE, 0.01
2030, 11, 84, Status.SNAKE, 0.01
2031, 8, 47, Status.SNAKE, 0.01
2032, 12, 101, Status.SNAKE, 0.01
2033, 4, 26, Status.WALL, 0.01
2034, 10, 74, Status.SNAKE, 0.01
2035, 2, 14, Status.SNAKE, 0.01
2036, 15, 83, Status.SNAKE, 0.01
2037, 8, 70, Status.WALL, 0.01
2038, 21, 156, Status.SNAKE, 0.01
2039, 6, 29, Status.WALL, 0.01
2040, 13, 94, Status.SNAKE, 0.01
2041, 11, 92, Status.WALL, 0.01
2042, 13, 100, Status.SNAKE, 0.01
2043, 5, 37, Status.WALL, 0.01
2044, 25, 174, Status.SNAKE, 0.01
2045, 6, 21, Status.SNAKE, 0.01
2046, 8, 55, Status.SNAKE, 0.01
2047, 11, 59, Status.SNAKE, 0.01
2048, 6, 49, Status.SNAKE, 0.01
2049, 15, 96, Status.WALL, 0.01
2050, 5, 39, Status.WALL, 0.01
2051, 1, 8, Status.WALL, 0.01
2052, 4, 26, Status.SNAKE, 0.01
2053, 7, 28, Status.SNAKE, 0.01
2054, 13, 62, Status.SNAKE, 0.01
2055, 1, 3, Status.SNAKE, 0.01
2056, 7, 55, Status.SNAKE, 0.01
2057, 11, 76, Status.SNAKE, 0.01
2058, 1, 3, Status.SNAKE, 0.01
2059, 7, 43, Status.SNAKE, 0.01
2060, 6, 29, Status.WALL, 0.01
2061, 6, 36, Status.SNAKE, 0.01
2062, 9, 62, Status.WALL, 0.01
2063, 10, 55, Status.SNAKE, 0.01
2064, 1, 5, Status.SNAKE, 0.01
2065, 3, 18, Status.SNAKE, 0.01
2066, 11, 93, Status.SNAKE, 0.01
2067, 8, 66, Status.WALL, 0.01
2068, 4, 40, Status.WALL, 0.01
2069, 13, 81, Status.SNAKE, 0.01
2070, 10, 79, Status.SNAKE, 0.01
2071, 5, 45, Status.SNAKE, 0.01
2072, 15, 98, Status.SNAKE, 0.01
2073, 3, 23, Status.WALL, 0.01
2074, 4, 27, Status.WALL, 0.01
2075, 15, 98, Status.SNAKE, 0.01
2076, 5, 23, Status.SNAKE, 0.01
2077, 1, 8, Status.SNAKE, 0.01
2078, 13, 74, Status.SNAKE, 0.01
2079, 3, 18, Status.SNAKE, 0.01
2080, 14, 96, Status.WALL, 0.01
2081, 1, 6, Status.WALL, 0.01
2082, 5, 42, Status.SNAKE, 0.01
2083, 12, 70, Status.WALL, 0.01
2084, 8, 36, Status.SNAKE, 0.01
2085, 13, 74, Status.WALL, 0.01
2086, 4, 22, Status.SNAKE, 0.01
2087, 13, 111, Status.SNAKE, 0.01
2088, 1, 8, Status.SNAKE, 0.01
2089, 6, 50, Status.SNAKE, 0.01
2090, 6, 46, Status.SNAKE, 0.01
2091, 7, 33, Status.SNAKE, 0.01
2092, 13, 86, Status.SNAKE, 0.01
2093, 9, 57, Status.WALL, 0.01
2094, 11, 68, Status.SNAKE, 0.01
2095, 10, 76, Status.SNAKE, 0.01
2096, 2, 20, Status.WALL, 0.01
2097, 8, 62, Status.SNAKE, 0.01
2098, 8, 47, Status.WALL, 0.01
2099, 8, 51, Status.SNAKE, 0.01
2100, 13, 89, Status.WALL, 0.01
2101, 9, 80, Status.SNAKE, 0.01
2102, 5, 31, Status.SNAKE, 0.01
2103, 2, 19, Status.SNAKE, 0.01
2104, 13, 85, Status.SNAKE, 0.01
2105, 11, 69, Status.SNAKE, 0.01
2106, 8, 48, Status.WALL, 0.01
2107, 13, 93, Status.SNAKE, 0.01
2108, 13, 88, Status.SNAKE, 0.01
2109, 10, 81, Status.SNAKE, 0.01
2110, 14, 89, Status.SNAKE, 0.01
2111, 3, 11, Status.SNAKE, 0.01
2112, 4, 13, Status.SNAKE, 0.01
2113, 1, 8, Status.SNAKE, 0.01
2114, 3, 24, Status.WALL, 0.01
2115, 16, 119, Status.SNAKE, 0.01
2116, 10, 64, Status.SNAKE, 0.01
2117, 18, 95, Status.WALL, 0.01
2118, 8, 48, Status.SNAKE, 0.01
2119, 11, 76, Status.WALL, 0.01
2120, 5, 35, Status.WALL, 0.01
2121, 7, 38, Status.WALL, 0.01
2122, 6, 37, Status.SNAKE, 0.01
2123, 16, 112, Status.SNAKE, 0.01
2124, 10, 66, Status.SNAKE, 0.01
2125, 16, 102, Status.SNAKE, 0.01
2126, 2, 15, Status.SNAKE, 0.01
2127, 8, 65, Status.SNAKE, 0.01
2128, 12, 73, Status.SNAKE, 0.01
2129, 12, 97, Status.SNAKE, 0.01
2130, 3, 18, Status.SNAKE, 0.01
2131, 8, 64, Status.SNAKE, 0.01
2132, 1, 8, Status.WALL, 0.01
2133, 12, 81, Status.SNAKE, 0.01
2134, 4, 23, Status.SNAKE, 0.01
2135, 6, 29, Status.SNAKE, 0.01
2136, 9, 61, Status.SNAKE, 0.01
2137, 16, 127, Status.SNAKE, 0.01
2138, 6, 54, Status.SNAKE, 0.01
2139, 10, 52, Status.SNAKE, 0.01
2140, 14, 110, Status.WALL, 0.01
2141, 2, 6, Status.SNAKE, 0.01
2142, 10, 77, Status.WALL, 0.01
2143, 7, 38, Status.WALL, 0.01
2144, 2, 19, Status.SNAKE, 0.01
2145, 10, 63, Status.SNAKE, 0.01
2146, 11, 62, Status.SNAKE, 0.01
2147, 4, 24, Status.SNAKE, 0.01
2148, 7, 43, Status.SNAKE, 0.01
2149, 4, 28, Status.WALL, 0.01
2150, 6, 33, Status.SNAKE, 0.01
2151, 1, 7, Status.WALL, 0.01
2152, 5, 52, Status.SNAKE, 0.01
2153, 5, 33, Status.SNAKE, 0.01
2154, 6, 35, Status.SNAKE, 0.01
2155, 8, 53, Status.SNAKE, 0.01
2156, 5, 29, Status.SNAKE, 0.01
2157, 12, 87, Status.SNAKE, 0.01
2158, 9, 63, Status.SNAKE, 0.01
2159, 13, 98, Status.WALL, 0.01
2160, 4, 23, Status.SNAKE, 0.01
2161, 10, 58, Status.SNAKE, 0.01
2162, 7, 65, Status.SNAKE, 0.01
2163, 4, 31, Status.SNAKE, 0.01
2164, 7, 39, Status.SNAKE, 0.01
2165, 5, 26, Status.SNAKE, 0.01
2166, 5, 41, Status.SNAKE, 0.01
2167, 3, 17, Status.SNAKE, 0.01
2168, 13, 89, Status.SNAKE, 0.01
2169, 12, 102, Status.WALL, 0.01
2170, 5, 36, Status.SNAKE, 0.01
2171, 10, 45, Status.SNAKE, 0.01
2172, 4, 30, Status.SNAKE, 0.01
2173, 7, 38, Status.SNAKE, 0.01
2174, 4, 33, Status.WALL, 0.01
2175, 15, 115, Status.SNAKE, 0.01
2176, 1, 7, Status.SNAKE, 0.01
2177, 9, 60, Status.SNAKE, 0.01
2178, 15, 102, Status.SNAKE, 0.01
2179, 12, 98, Status.SNAKE, 0.01
2180, 5, 47, Status.SNAKE, 0.01
2181, 11, 72, Status.SNAKE, 0.01
2182, 1, 10, Status.WALL, 0.01
2183, 9, 73, Status.SNAKE, 0.01
2184, 1, 5, Status.SNAKE, 0.01
2185, 9, 53, Status.SNAKE, 0.01
2186, 3, 20, Status.SNAKE, 0.01
2187, 9, 56, Status.SNAKE, 0.01
2188, 3, 41, Status.SNAKE, 0.01
2189, 16, 121, Status.SNAKE, 0.01
2190, 7, 44, Status.SNAKE, 0.01
2191, 7, 42, Status.SNAKE, 0.01
2192, 13, 104, Status.SNAKE, 0.01
2193, 10, 74, Status.SNAKE, 0.01
2194, 8, 49, Status.SNAKE, 0.01
2195, 13, 66, Status.WALL, 0.01
2196, 19, 120, Status.SNAKE, 0.01
2197, 7, 57, Status.SNAKE, 0.01
2198, 3, 18, Status.WALL, 0.01
2199, 1, 5, Status.SNAKE, 0.01
2200, 7, 32, Status.SNAKE, 0.01
2201, 15, 121, Status.WALL, 0.01
2202, 4, 33, Status.SNAKE, 0.01
2203, 4, 29, Status.WALL, 0.01
2204, 5, 35, Status.SNAKE, 0.01
2205, 6, 42, Status.SNAKE, 0.01
2206, 12, 55, Status.SNAKE, 0.01
2207, 5, 30, Status.SNAKE, 0.01
2208, 6, 34, Status.WALL, 0.01
2209, 11, 82, Status.SNAKE, 0.01
2210, 12, 91, Status.SNAKE, 0.01
2211, 8, 51, Status.SNAKE, 0.01
2212, 3, 16, Status.SNAKE, 0.01
2213, 7, 65, Status.WALL, 0.01
2214, 14, 79, Status.SNAKE, 0.01
2215, 14, 114, Status.WALL, 0.01
2216, 10, 60, Status.SNAKE, 0.01
2217, 13, 92, Status.SNAKE, 0.01
2218, 8, 48, Status.SNAKE, 0.01
2219, 11, 77, Status.SNAKE, 0.01
2220, 4, 16, Status.WALL, 0.01
2221, 2, 15, Status.SNAKE, 0.01
2222, 15, 73, Status.WALL, 0.01
2223, 12, 92, Status.SNAKE, 0.01
2224, 4, 26, Status.SNAKE, 0.01
2225, 12, 68, Status.SNAKE, 0.01
2226, 9, 60, Status.SNAKE, 0.01
2227, 13, 93, Status.SNAKE, 0.01
2228, 1, 3, Status.SNAKE, 0.01
2229, 2, 15, Status.SNAKE, 0.01
2230, 1, 8, Status.SNAKE, 0.01
2231, 9, 59, Status.SNAKE, 0.01
2232, 13, 81, Status.WALL, 0.01
2233, 6, 46, Status.SNAKE, 0.01
2234, 6, 48, Status.WALL, 0.01
2235, 10, 61, Status.SNAKE, 0.01
2236, 12, 73, Status.SNAKE, 0.01
2237, 8, 51, Status.SNAKE, 0.01
2238, 14, 78, Status.SNAKE, 0.01
2239, 16, 171, Status.SNAKE, 0.01
2240, 2, 14, Status.WALL, 0.01
2241, 16, 137, Status.WALL, 0.01
2242, 16, 88, Status.SNAKE, 0.01
2243, 5, 39, Status.SNAKE, 0.01
2244, 5, 45, Status.SNAKE, 0.01
2245, 11, 65, Status.SNAKE, 0.01
2246, 11, 84, Status.SNAKE, 0.01
2247, 1, 14, Status.WALL, 0.01
2248, 5, 46, Status.WALL, 0.01
2249, 11, 58, Status.SNAKE, 0.01
2250, 5, 34, Status.SNAKE, 0.01
2251, 8, 42, Status.SNAKE, 0.01
2252, 5, 34, Status.WALL, 0.01
2253, 6, 37, Status.SNAKE, 0.01
2254, 4, 28, Status.SNAKE, 0.01
2255, 12, 78, Status.SNAKE, 0.01
2256, 8, 64, Status.SNAKE, 0.01
2257, 14, 100, Status.SNAKE, 0.01
2258, 11, 57, Status.SNAKE, 0.01
2259, 11, 97, Status.SNAKE, 0.01
2260, 8, 68, Status.SNAKE, 0.01
2261, 16, 136, Status.SNAKE, 0.01
2262, 13, 103, Status.SNAKE, 0.01
2263, 4, 29, Status.WALL, 0.01
2264, 15, 122, Status.SNAKE, 0.01
2265, 10, 67, Status.SNAKE, 0.01
2266, 3, 14, Status.SNAKE, 0.01
2267, 13, 96, Status.SNAKE, 0.01
2268, 7, 57, Status.SNAKE, 0.01
2269, 7, 45, Status.WALL, 0.01
2270, 8, 59, Status.SNAKE, 0.01
2271, 8, 49, Status.SNAKE, 0.01
2272, 19, 123, Status.SNAKE, 0.01
2273, 6, 34, Status.WALL, 0.01
2274, 5, 24, Status.SNAKE, 0.01
2275, 5, 42, Status.SNAKE, 0.01
2276, 8, 65, Status.SNAKE, 0.01
2277, 2, 12, Status.WALL, 0.01
2278, 8, 54, Status.SNAKE, 0.01
2279, 11, 87, Status.SNAKE, 0.01
2280, 12, 89, Status.SNAKE, 0.01
2281, 7, 56, Status.SNAKE, 0.01
2282, 10, 62, Status.SNAKE, 0.01
2283, 4, 32, Status.WALL, 0.01
2284, 9, 48, Status.SNAKE, 0.01
2285, 13, 94, Status.WALL, 0.01
2286, 12, 88, Status.SNAKE, 0.01
2287, 4, 27, Status.SNAKE, 0.01
2288, 12, 77, Status.SNAKE, 0.01
2289, 13, 82, Status.SNAKE, 0.01
2290, 8, 57, Status.SNAKE, 0.01
2291, 16, 92, Status.SNAKE, 0.01
2292, 10, 50, Status.SNAKE, 0.01
2293, 2, 10, Status.WALL, 0.01
2294, 12, 75, Status.SNAKE, 0.01
2295, 11, 96, Status.SNAKE, 0.01
2296, 10, 59, Status.SNAKE, 0.01
2297, 5, 32, Status.SNAKE, 0.01
2298, 4, 28, Status.WALL, 0.01
2299, 1, 5, Status.SNAKE, 0.01
2300, 7, 27, Status.WALL, 0.01
2301, 3, 36, Status.WALL, 0.01
2302, 4, 40, Status.WALL, 0.01
2303, 9, 56, Status.WALL, 0.01
2304, 7, 37, Status.SNAKE, 0.01
2305, 10, 83, Status.SNAKE, 0.01
2306, 7, 45, Status.SNAKE, 0.01
2307, 13, 82, Status.SNAKE, 0.01
2308, 5, 33, Status.SNAKE, 0.01
2309, 11, 104, Status.SNAKE, 0.01
2310, 16, 111, Status.SNAKE, 0.01
2311, 15, 94, Status.SNAKE, 0.01
2312, 7, 35, Status.SNAKE, 0.01
2313, 16, 134, Status.SNAKE, 0.01
2314, 2, 11, Status.SNAKE, 0.01
2315, 11, 70, Status.SNAKE, 0.01
2316, 2, 13, Status.SNAKE, 0.01
2317, 18, 156, Status.SNAKE, 0.01
2318, 4, 24, Status.WALL, 0.01
2319, 8, 52, Status.SNAKE, 0.01
2320, 4, 33, Status.SNAKE, 0.01
2321, 8, 41, Status.SNAKE, 0.01
2322, 2, 11, Status.SNAKE, 0.01
2323, 10, 50, Status.SNAKE, 0.01
2324, 3, 28, Status.WALL, 0.01
2325, 6, 46, Status.SNAKE, 0.01
2326, 2, 19, Status.SNAKE, 0.01
2327, 8, 44, Status.SNAKE, 0.01
2328, 8, 80, Status.SNAKE, 0.01
2329, 11, 79, Status.SNAKE, 0.01
2330, 9, 68, Status.SNAKE, 0.01
2331, 9, 61, Status.SNAKE, 0.01
2332, 6, 36, Status.SNAKE, 0.01
2333, 18, 104, Status.SNAKE, 0.01
2334, 7, 48, Status.SNAKE, 0.01
2335, 6, 49, Status.SNAKE, 0.01
2336, 9, 61, Status.SNAKE, 0.01
2337, 1, 10, Status.WALL, 0.01
2338, 15, 87, Status.WALL, 0.01
2339, 7, 48, Status.SNAKE, 0.01
2340, 8, 35, Status.SNAKE, 0.01
2341, 9, 69, Status.SNAKE, 0.01
2342, 6, 47, Status.SNAKE, 0.01
2343, 8, 44, Status.SNAKE, 0.01
2344, 7, 31, Status.SNAKE, 0.01
2345, 9, 68, Status.SNAKE, 0.01
2346, 13, 112, Status.SNAKE, 0.01
2347, 6, 55, Status.SNAKE, 0.01
2348, 9, 50, Status.WALL, 0.01
2349, 9, 52, Status.SNAKE, 0.01
2350, 7, 48, Status.WALL, 0.01
2351, 12, 96, Status.WALL, 0.01
2352, 6, 35, Status.WALL, 0.01
2353, 8, 51, Status.SNAKE, 0.01
2354, 7, 36, Status.SNAKE, 0.01
2355, 4, 26, Status.SNAKE, 0.01
2356, 9, 56, Status.SNAKE, 0.01
2357, 9, 65, Status.SNAKE, 0.01
2358, 15, 86, Status.SNAKE, 0.01
2359, 13, 93, Status.SNAKE, 0.01
2360, 10, 66, Status.WALL, 0.01
2361, 13, 90, Status.SNAKE, 0.01
2362, 1, 3, Status.SNAKE, 0.01
2363, 7, 45, Status.WALL, 0.01
2364, 13, 81, Status.SNAKE, 0.01
2365, 6, 37, Status.SNAKE, 0.01
2366, 5, 35, Status.SNAKE, 0.01
2367, 2, 15, Status.SNAKE, 0.01
2368, 6, 32, Status.SNAKE, 0.01
2369, 10, 102, Status.SNAKE, 0.01
2370, 2, 3, Status.SNAKE, 0.01
2371, 3, 18, Status.SNAKE, 0.01
2372, 6, 42, Status.SNAKE, 0.01
2373, 2, 8, Status.SNAKE, 0.01
2374, 5, 20, Status.SNAKE, 0.01
2375, 6, 49, Status.SNAKE, 0.01
2376, 12, 82, Status.SNAKE, 0.01
2377, 16, 125, Status.SNAKE, 0.01
2378, 4, 25, Status.SNAKE, 0.01
2379, 6, 53, Status.WALL, 0.01
2380, 8, 53, Status.SNAKE, 0.01
2381, 7, 58, Status.SNAKE, 0.01
2382, 16, 93, Status.SNAKE, 0.01
2383, 6, 36, Status.WALL, 0.01
2384, 19, 123, Status.SNAKE, 0.01
2385, 12, 81, Status.WALL, 0.01
2386, 6, 60, Status.SNAKE, 0.01
2387, 1, 11, Status.WALL, 0.01
2388, 7, 51, Status.SNAKE, 0.01
2389, 3, 19, Status.SNAKE, 0.01
2390, 11, 79, Status.SNAKE, 0.01
2391, 1, 5, Status.SNAKE, 0.01
2392, 10, 88, Status.WALL, 0.01
2393, 1, 5, Status.SNAKE, 0.01
2394, 10, 64, Status.SNAKE, 0.01
2395, 3, 17, Status.SNAKE, 0.01
2396, 11, 101, Status.SNAKE, 0.01
2397, 16, 128, Status.SNAKE, 0.01
2398, 10, 96, Status.SNAKE, 0.01
2399, 14, 99, Status.SNAKE, 0.01
2400, 11, 81, Status.SNAKE, 0.01
2401, 11, 70, Status.WALL, 0.01
2402, 13, 109, Status.SNAKE, 0.01
2403, 11, 89, Status.SNAKE, 0.01
2404, 11, 81, Status.SNAKE, 0.01
2405, 7, 55, Status.SNAKE, 0.01
2406, 3, 19, Status.SNAKE, 0.01
2407, 1, 3, Status.SNAKE, 0.01
2408, 1, 3, Status.SNAKE, 0.01
2409, 3, 26, Status.SNAKE, 0.01
2410, 7, 58, Status.SNAKE, 0.01
2411, 4, 24, Status.SNAKE, 0.01
2412, 16, 94, Status.SNAKE, 0.01
2413, 7, 53, Status.SNAKE, 0.01
2414, 1, 10, Status.WALL, 0.01
2415, 5, 46, Status.WALL, 0.01
2416, 7, 54, Status.SNAKE, 0.01
2417, 5, 37, Status.SNAKE, 0.01
2418, 7, 60, Status.SNAKE, 0.01
2419, 12, 63, Status.SNAKE, 0.01
2420, 9, 73, Status.WALL, 0.01
2421, 7, 64, Status.SNAKE, 0.01
2422, 8, 63, Status.SNAKE, 0.01
2423, 9, 78, Status.WALL, 0.01
2424, 11, 84, Status.SNAKE, 0.01
2425, 7, 46, Status.SNAKE, 0.01
2426, 4, 23, Status.WALL, 0.01
2427, 10, 55, Status.SNAKE, 0.01
2428, 12, 77, Status.SNAKE, 0.01
2429, 14, 105, Status.SNAKE, 0.01
2430, 5, 44, Status.SNAKE, 0.01
2431, 3, 19, Status.SNAKE, 0.01
2432, 15, 92, Status.SNAKE, 0.01
2433, 7, 40, Status.SNAKE, 0.01
2434, 9, 56, Status.SNAKE, 0.01
2435, 13, 84, Status.SNAKE, 0.01
2436, 7, 39, Status.SNAKE, 0.01
2437, 9, 73, Status.SNAKE, 0.01
2438, 3, 22, Status.WALL, 0.01
2439, 1, 14, Status.WALL, 0.01
2440, 13, 57, Status.SNAKE, 0.01
2441, 10, 63, Status.SNAKE, 0.01
2442, 3, 17, Status.SNAKE, 0.01
2443, 2, 9, Status.SNAKE, 0.01
2444, 6, 35, Status.WALL, 0.01
2445, 7, 56, Status.WALL, 0.01
2446, 5, 35, Status.SNAKE, 0.01
2447, 12, 89, Status.SNAKE, 0.01
2448, 10, 92, Status.WALL, 0.01
2449, 11, 41, Status.SNAKE, 0.01
2450, 6, 34, Status.SNAKE, 0.01
2451, 6, 36, Status.SNAKE, 0.01
2452, 3, 12, Status.WALL, 0.01
2453, 17, 113, Status.SNAKE, 0.01
2454, 5, 37, Status.SNAKE, 0.01
2455, 12, 86, Status.SNAKE, 0.01
2456, 10, 63, Status.SNAKE, 0.01
2457, 4, 30, Status.WALL, 0.01
2458, 6, 29, Status.SNAKE, 0.01
2459, 8, 49, Status.SNAKE, 0.01
2460, 5, 35, Status.SNAKE, 0.01
2461, 14, 101, Status.WALL, 0.01
2462, 10, 52, Status.SNAKE, 0.01
2463, 15, 123, Status.WALL, 0.01
2464, 1, 8, Status.WALL, 0.01
2465, 5, 33, Status.WALL, 0.01
2466, 5, 36, Status.WALL, 0.01
2467, 9, 65, Status.SNAKE, 0.01
2468, 8, 68, Status.SNAKE, 0.01
2469, 10, 60, Status.SNAKE, 0.01
2470, 13, 109, Status.SNAKE, 0.01
2471, 3, 12, Status.SNAKE, 0.01
2472, 4, 18, Status.SNAKE, 0.01
2473, 13, 102, Status.SNAKE, 0.01
2474, 4, 32, Status.WALL, 0.01
2475, 8, 36, Status.WALL, 0.01
2476, 15, 101, Status.SNAKE, 0.01
2477, 7, 51, Status.SNAKE, 0.01
2478, 1, 3, Status.SNAKE, 0.01
2479, 7, 48, Status.SNAKE, 0.01
2480, 8, 73, Status.WALL, 0.01
2481, 7, 39, Status.SNAKE, 0.01
2482, 16, 84, Status.SNAKE, 0.01
2483, 14, 83, Status.SNAKE, 0.01
2484, 9, 55, Status.SNAKE, 0.01
2485, 5, 27, Status.SNAKE, 0.01
2486, 10, 74, Status.SNAKE, 0.01
2487, 3, 16, Status.WALL, 0.01
2488, 5, 30, Status.SNAKE, 0.01
2489, 13, 119, Status.SNAKE, 0.01
2490, 11, 84, Status.SNAKE, 0.01
2491, 1, 5, Status.SNAKE, 0.01
2492, 2, 16, Status.WALL, 0.01
2493, 11, 76, Status.SNAKE, 0.01
2494, 9, 51, Status.SNAKE, 0.01
2495, 7, 54, Status.SNAKE, 0.01
2496, 8, 64, Status.SNAKE, 0.01
2497, 10, 74, Status.WALL, 0.01
2498, 12, 98, Status.SNAKE, 0.01
2499, 11, 97, Status.SNAKE, 0.01
2500, 10, 57, Status.SNAKE, 0.01
2501, 3, 18, Status.SNAKE, 0.01
2502, 1, 8, Status.WALL, 0.01
2503, 2, 15, Status.SNAKE, 0.01
2504, 12, 72, Status.WALL, 0.01
2505, 12, 73, Status.SNAKE, 0.01
2506, 6, 24, Status.SNAKE, 0.01
2507, 2, 10, Status.WALL, 0.01
2508, 8, 52, Status.SNAKE, 0.01
2509, 11, 85, Status.SNAKE, 0.01
2510, 10, 64, Status.WALL, 0.01
2511, 6, 57, Status.SNAKE, 0.01
2512, 17, 125, Status.WALL, 0.01
2513, 12, 77, Status.WALL, 0.01
2514, 14, 122, Status.WALL, 0.01
2515, 2, 10, Status.SNAKE, 0.01
2516, 15, 110, Status.SNAKE, 0.01
2517, 12, 96, Status.SNAKE, 0.01
2518, 8, 50, Status.WALL, 0.01
2519, 7, 50, Status.SNAKE, 0.01
2520, 7, 54, Status.WALL, 0.01
2521, 9, 52, Status.SNAKE, 0.01
2522, 9, 69, Status.SNAKE, 0.01
2523, 11, 92, Status.SNAKE, 0.01
2524, 14, 71, Status.SNAKE, 0.01
2525, 12, 72, Status.SNAKE, 0.01
2526, 2, 8, Status.SNAKE, 0.01
2527, 12, 104, Status.SNAKE, 0.01
2528, 16, 108, Status.WALL, 0.01
2529, 4, 26, Status.SNAKE, 0.01
2530, 4, 31, Status.SNAKE, 0.01
2531, 11, 57, Status.SNAKE, 0.01
2532, 9, 71, Status.WALL, 0.01
2533, 5, 19, Status.SNAKE, 0.01
2534, 6, 36, Status.WALL, 0.01
2535, 10, 54, Status.SNAKE, 0.01
2536, 2, 17, Status.SNAKE, 0.01
2537, 9, 70, Status.SNAKE, 0.01
2538, 14, 88, Status.SNAKE, 0.01
2539, 6, 47, Status.SNAKE, 0.01
2540, 10, 49, Status.WALL, 0.01
2541, 7, 33, Status.WALL, 0.01
2542, 7, 47, Status.SNAKE, 0.01
2543, 11, 65, Status.SNAKE, 0.01
2544, 8, 43, Status.SNAKE, 0.01
2545, 14, 100, Status.SNAKE, 0.01
2546, 14, 97, Status.SNAKE, 0.01
2547, 12, 74, Status.WALL, 0.01
2548, 11, 68, Status.SNAKE, 0.01
2549, 9, 36, Status.SNAKE, 0.01
2550, 16, 112, Status.SNAKE, 0.01
2551, 17, 133, Status.SNAKE, 0.01
2552, 9, 66, Status.WALL, 0.01
2553, 12, 79, Status.SNAKE, 0.01
2554, 10, 61, Status.SNAKE, 0.01
2555, 15, 122, Status.SNAKE, 0.01
2556, 11, 49, Status.WALL, 0.01
2557, 12, 82, Status.SNAKE, 0.01
2558, 11, 87, Status.SNAKE, 0.01
2559, 16, 110, Status.SNAKE, 0.01
2560, 6, 23, Status.SNAKE, 0.01
2561, 4, 37, Status.WALL, 0.01
2562, 7, 61, Status.SNAKE, 0.01
2563, 12, 87, Status.SNAKE, 0.01
2564, 9, 63, Status.SNAKE, 0.01
2565, 3, 15, Status.WALL, 0.01
2566, 16, 145, Status.SNAKE, 0.01
2567, 11, 81, Status.SNAKE, 0.01
2568, 7, 42, Status.SNAKE, 0.01
2569, 9, 80, Status.SNAKE, 0.01
2570, 1, 5, Status.SNAKE, 0.01
2571, 5, 33, Status.WALL, 0.01
2572, 10, 73, Status.SNAKE, 0.01
2573, 17, 105, Status.SNAKE, 0.01
2574, 2, 14, Status.SNAKE, 0.01
2575, 15, 88, Status.SNAKE, 0.01
2576, 7, 55, Status.SNAKE, 0.01
2577, 13, 90, Status.SNAKE, 0.01
2578, 6, 32, Status.SNAKE, 0.01
2579, 9, 38, Status.SNAKE, 0.01
2580, 9, 67, Status.WALL, 0.01
2581, 4, 30, Status.SNAKE, 0.01
2582, 9, 58, Status.SNAKE, 0.01
2583, 2, 25, Status.WALL, 0.01
2584, 4, 25, Status.WALL, 0.01
2585, 7, 45, Status.SNAKE, 0.01
2586, 10, 74, Status.SNAKE, 0.01
2587, 8, 55, Status.WALL, 0.01
2588, 2, 18, Status.SNAKE, 0.01
2589, 3, 12, Status.WALL, 0.01
2590, 4, 20, Status.SNAKE, 0.01
2591, 4, 39, Status.WALL, 0.01
2592, 5, 38, Status.SNAKE, 0.01
2593, 4, 37, Status.WALL, 0.01
2594, 14, 117, Status.SNAKE, 0.01
2595, 1, 11, Status.WALL, 0.01
2596, 6, 28, Status.SNAKE, 0.01
2597, 11, 91, Status.SNAKE, 0.01
2598, 16, 110, Status.SNAKE, 0.01
2599, 7, 59, Status.SNAKE, 0.01
2600, 16, 119, Status.SNAKE, 0.01
2601, 13, 97, Status.SNAKE, 0.01
2602, 7, 50, Status.SNAKE, 0.01
2603, 12, 73, Status.SNAKE, 0.01
2604, 6, 42, Status.WALL, 0.01
2605, 15, 99, Status.SNAKE, 0.01
2606, 2, 21, Status.WALL, 0.01
2607, 4, 38, Status.SNAKE, 0.01
2608, 18, 88, Status.SNAKE, 0.01
2609, 7, 56, Status.SNAKE, 0.01
2610, 12, 102, Status.SNAKE, 0.01
2611, 12, 86, Status.SNAKE, 0.01
2612, 12, 80, Status.SNAKE, 0.01
2613, 3, 19, Status.SNAKE, 0.01
2614, 6, 37, Status.SNAKE, 0.01
2615, 14, 115, Status.SNAKE, 0.01
2616, 5, 37, Status.SNAKE, 0.01
2617, 11, 71, Status.SNAKE, 0.01
2618, 20, 144, Status.WALL, 0.01
2619, 16, 75, Status.SNAKE, 0.01
2620, 8, 58, Status.SNAKE, 0.01
2621, 10, 49, Status.SNAKE, 0.01
2622, 11, 73, Status.SNAKE, 0.01
2623, 3, 11, Status.SNAKE, 0.01
2624, 15, 108, Status.SNAKE, 0.01
2625, 5, 42, Status.SNAKE, 0.01
2626, 12, 77, Status.SNAKE, 0.01
2627, 2, 10, Status.SNAKE, 0.01
2628, 7, 50, Status.SNAKE, 0.01
2629, 7, 34, Status.SNAKE, 0.01
2630, 19, 131, Status.SNAKE, 0.01
2631, 6, 53, Status.SNAKE, 0.01
2632, 6, 36, Status.SNAKE, 0.01
2633, 2, 11, Status.WALL, 0.01
2634, 12, 74, Status.SNAKE, 0.01
2635, 9, 54, Status.SNAKE, 0.01
2636, 7, 60, Status.SNAKE, 0.01
2637, 3, 18, Status.WALL, 0.01
2638, 2, 7, Status.SNAKE, 0.01
2639, 3, 20, Status.SNAKE, 0.01
2640, 7, 34, Status.SNAKE, 0.01
2641, 7, 39, Status.SNAKE, 0.01
2642, 11, 83, Status.SNAKE, 0.01
2643, 3, 17, Status.WALL, 0.01
2644, 5, 35, Status.SNAKE, 0.01
2645, 15, 88, Status.WALL, 0.01
2646, 8, 37, Status.SNAKE, 0.01
2647, 10, 71, Status.SNAKE, 0.01
2648, 3, 22, Status.SNAKE, 0.01
2649, 4, 19, Status.SNAKE, 0.01
2650, 8, 42, Status.SNAKE, 0.01
2651, 12, 68, Status.SNAKE, 0.01
2652, 7, 50, Status.SNAKE, 0.01
2653, 12, 81, Status.SNAKE, 0.01
2654, 11, 67, Status.SNAKE, 0.01
2655, 9, 41, Status.SNAKE, 0.01
2656, 15, 114, Status.SNAKE, 0.01
2657, 4, 22, Status.WALL, 0.01
2658, 3, 13, Status.SNAKE, 0.01
2659, 12, 78, Status.SNAKE, 0.01
2660, 4, 38, Status.SNAKE, 0.01
2661, 8, 65, Status.SNAKE, 0.01
2662, 2, 12, Status.SNAKE, 0.01
2663, 5, 29, Status.SNAKE, 0.01
2664, 3, 15, Status.SNAKE, 0.01
2665, 10, 76, Status.SNAKE, 0.01
2666, 6, 35, Status.SNAKE, 0.01
2667, 3, 26, Status.SNAKE, 0.01
2668, 6, 33, Status.SNAKE, 0.01
2669, 1, 5, Status.SNAKE, 0.01
2670, 10, 73, Status.SNAKE, 0.01
2671, 11, 72, Status.SNAKE, 0.01
2672, 18, 124, Status.SNAKE, 0.01
2673, 21, 153, Status.SNAKE, 0.01
2674, 8, 39, Status.WALL, 0.01
2675, 13, 103, Status.SNAKE, 0.01
2676, 10, 70, Status.SNAKE, 0.01
2677, 3, 15, Status.SNAKE, 0.01
2678, 4, 21, Status.SNAKE, 0.01
2679, 14, 127, Status.WALL, 0.01
2680, 5, 29, Status.SNAKE, 0.01
2681, 8, 60, Status.WALL, 0.01
2682, 14, 80, Status.SNAKE, 0.01
2683, 16, 120, Status.SNAKE, 0.01
2684, 9, 67, Status.SNAKE, 0.01
2685, 7, 51, Status.WALL, 0.01
2686, 2, 16, Status.WALL, 0.01
2687, 15, 88, Status.SNAKE, 0.01
2688, 10, 77, Status.SNAKE, 0.01
2689, 16, 112, Status.SNAKE, 0.01
2690, 1, 10, Status.WALL, 0.01
2691, 1, 3, Status.SNAKE, 0.01
2692, 3, 21, Status.SNAKE, 0.01
2693, 9, 48, Status.SNAKE, 0.01
2694, 17, 126, Status.SNAKE, 0.01
2695, 2, 8, Status.SNAKE, 0.01
2696, 6, 39, Status.SNAKE, 0.01
2697, 11, 80, Status.SNAKE, 0.01
2698, 14, 82, Status.SNAKE, 0.01
2699, 11, 62, Status.SNAKE, 0.01
2700, 12, 78, Status.SNAKE, 0.01
2701, 12, 90, Status.SNAKE, 0.01
2702, 6, 32, Status.SNAKE, 0.01
2703, 21, 130, Status.SNAKE, 0.01
2704, 4, 40, Status.SNAKE, 0.01
2705, 10, 55, Status.SNAKE, 0.01
2706, 13, 93, Status.SNAKE, 0.01
2707, 7, 53, Status.SNAKE, 0.01
2708, 9, 58, Status.SNAKE, 0.01
2709, 8, 52, Status.SNAKE, 0.01
2710, 8, 51, Status.SNAKE, 0.01
2711, 8, 66, Status.SNAKE, 0.01
2712, 11, 78, Status.SNAKE, 0.01
2713, 5, 47, Status.SNAKE, 0.01
2714, 7, 54, Status.SNAKE, 0.01
2715, 15, 113, Status.WALL, 0.01
2716, 8, 58, Status.SNAKE, 0.01
2717, 2, 15, Status.SNAKE, 0.01
2718, 3, 29, Status.WALL, 0.01
2719, 2, 7, Status.SNAKE, 0.01
2720, 8, 56, Status.SNAKE, 0.01
2721, 6, 26, Status.SNAKE, 0.01
2722, 7, 36, Status.SNAKE, 0.01
2723, 3, 19, Status.SNAKE, 0.01
2724, 7, 66, Status.SNAKE, 0.01
2725, 5, 35, Status.SNAKE, 0.01
2726, 6, 34, Status.WALL, 0.01
2727, 2, 12, Status.SNAKE, 0.01
2728, 12, 59, Status.SNAKE, 0.01
2729, 16, 95, Status.SNAKE, 0.01
2730, 18, 92, Status.SNAKE, 0.01
2731, 7, 55, Status.SNAKE, 0.01
2732, 10, 68, Status.WALL, 0.01
2733, 1, 8, Status.SNAKE, 0.01
2734, 13, 101, Status.SNAKE, 0.01
2735, 8, 57, Status.SNAKE, 0.01
2736, 9, 59, Status.SNAKE, 0.01
2737, 5, 40, Status.SNAKE, 0.01
2738, 8, 57, Status.SNAKE, 0.01
2739, 8, 66, Status.SNAKE, 0.01
2740, 13, 89, Status.SNAKE, 0.01
2741, 7, 37, Status.SNAKE, 0.01
2742, 7, 45, Status.SNAKE, 0.01
2743, 8, 55, Status.WALL, 0.01
2744, 18, 118, Status.SNAKE, 0.01
2745, 16, 86, Status.SNAKE, 0.01
2746, 5, 31, Status.SNAKE, 0.01
2747, 6, 45, Status.SNAKE, 0.01
2748, 4, 21, Status.SNAKE, 0.01
2749, 18, 95, Status.SNAKE, 0.01
2750, 8, 43, Status.SNAKE, 0.01
2751, 7, 48, Status.SNAKE, 0.01
2752, 15, 115, Status.SNAKE, 0.01
2753, 6, 38, Status.SNAKE, 0.01
2754, 6, 52, Status.SNAKE, 0.01
2755, 9, 46, Status.SNAKE, 0.01
2756, 6, 43, Status.WALL, 0.01
2757, 10, 89, Status.SNAKE, 0.01
2758, 9, 63, Status.WALL, 0.01
2759, 4, 40, Status.SNAKE, 0.01
2760, 8, 47, Status.SNAKE, 0.01
2761, 2, 20, Status.SNAKE, 0.01
2762, 5, 24, Status.SNAKE, 0.01
2763, 3, 15, Status.SNAKE, 0.01
2764, 10, 49, Status.SNAKE, 0.01
2765, 10, 80, Status.SNAKE, 0.01
2766, 6, 25, Status.SNAKE, 0.01
2767, 12, 79, Status.SNAKE, 0.01
2768, 2, 14, Status.SNAKE, 0.01
2769, 15, 99, Status.SNAKE, 0.01
2770, 11, 79, Status.SNAKE, 0.01
2771, 2, 21, Status.SNAKE, 0.01
2772, 10, 65, Status.SNAKE, 0.01
2773, 12, 91, Status.SNAKE, 0.01
2774, 6, 56, Status.SNAKE, 0.01
2775, 11, 79, Status.SNAKE, 0.01
2776, 13, 99, Status.SNAKE, 0.01
2777, 10, 58, Status.SNAKE, 0.01
2778, 11, 78, Status.SNAKE, 0.01
2779, 3, 20, Status.SNAKE, 0.01
2780, 16, 124, Status.WALL, 0.01
2781, 10, 73, Status.SNAKE, 0.01
2782, 2, 16, Status.SNAKE, 0.01
2783, 3, 23, Status.WALL, 0.01
2784, 17, 147, Status.SNAKE, 0.01
2785, 3, 12, Status.SNAKE, 0.01
2786, 2, 21, Status.WALL, 0.01
2787, 17, 92, Status.SNAKE, 0.01
2788, 16, 81, Status.WALL, 0.01
2789, 10, 59, Status.SNAKE, 0.01
2790, 6, 39, Status.SNAKE, 0.01
2791, 13, 81, Status.SNAKE, 0.01
2792, 9, 66, Status.SNAKE, 0.01
2793, 6, 60, Status.SNAKE, 0.01
2794, 12, 95, Status.SNAKE, 0.01
2795, 11, 90, Status.SNAKE, 0.01
2796, 14, 121, Status.SNAKE, 0.01
2797, 2, 20, Status.SNAKE, 0.01
2798, 4, 22, Status.SNAKE, 0.01
2799, 13, 93, Status.WALL, 0.01
2800, 1, 8, Status.SNAKE, 0.01
2801, 8, 60, Status.WALL, 0.01
2802, 2, 12, Status.SNAKE, 0.01
2803, 13, 96, Status.SNAKE, 0.01
2804, 6, 43, Status.WALL, 0.01
2805, 5, 34, Status.SNAKE, 0.01
2806, 7, 35, Status.SNAKE, 0.01
2807, 15, 92, Status.SNAKE, 0.01
2808, 6, 43, Status.SNAKE, 0.01
2809, 8, 62, Status.SNAKE, 0.01
2810, 4, 29, Status.SNAKE, 0.01
2811, 13, 93, Status.SNAKE, 0.01
2812, 9, 67, Status.SNAKE, 0.01
2813, 12, 73, Status.SNAKE, 0.01
2814, 4, 21, Status.SNAKE, 0.01
2815, 15, 100, Status.SNAKE, 0.01
2816, 7, 51, Status.SNAKE, 0.01
2817, 16, 109, Status.SNAKE, 0.01
2818, 5, 29, Status.SNAKE, 0.01
2819, 11, 72, Status.SNAKE, 0.01
2820, 9, 79, Status.WALL, 0.01
2821, 1, 3, Status.SNAKE, 0.01
2822, 5, 39, Status.SNAKE, 0.01
2823, 16, 103, Status.SNAKE, 0.01
2824, 11, 107, Status.SNAKE, 0.01
2825, 2, 15, Status.SNAKE, 0.01
2826, 2, 13, Status.WALL, 0.01
2827, 12, 81, Status.SNAKE, 0.01
2828, 1, 5, Status.SNAKE, 0.01
2829, 5, 33, Status.SNAKE, 0.01
2830, 10, 62, Status.SNAKE, 0.01
2831, 2, 21, Status.SNAKE, 0.01
2832, 7, 54, Status.WALL, 0.01
2833, 7, 47, Status.SNAKE, 0.01
2834, 2, 7, Status.WALL, 0.01
2835, 2, 14, Status.SNAKE, 0.01
2836, 3, 18, Status.SNAKE, 0.01
2837, 5, 18, Status.SNAKE, 0.01
2838, 9, 64, Status.WALL, 0.01
2839, 7, 42, Status.SNAKE, 0.01
2840, 12, 69, Status.SNAKE, 0.01
2841, 10, 64, Status.SNAKE, 0.01
2842, 3, 19, Status.SNAKE, 0.01
2843, 5, 46, Status.WALL, 0.01
2844, 5, 23, Status.SNAKE, 0.01
2845, 6, 49, Status.SNAKE, 0.01
2846, 4, 31, Status.SNAKE, 0.01
2847, 13, 82, Status.SNAKE, 0.01
2848, 1, 8, Status.SNAKE, 0.01
2849, 8, 40, Status.SNAKE, 0.01
2850, 14, 87, Status.SNAKE, 0.01
2851, 11, 53, Status.SNAKE, 0.01
2852, 15, 124, Status.WALL, 0.01
2853, 10, 60, Status.SNAKE, 0.01
2854, 15, 97, Status.SNAKE, 0.01
2855, 5, 38, Status.SNAKE, 0.01
2856, 10, 67, Status.SNAKE, 0.01
2857, 11, 72, Status.SNAKE, 0.01
2858, 8, 36, Status.SNAKE, 0.01
2859, 12, 73, Status.WALL, 0.01
2860, 10, 81, Status.SNAKE, 0.01
2861, 11, 97, Status.SNAKE, 0.01
2862, 10, 66, Status.WALL, 0.01
2863, 22, 161, Status.WALL, 0.01
2864, 6, 48, Status.WALL, 0.01
2865, 2, 16, Status.SNAKE, 0.01
2866, 2, 12, Status.SNAKE, 0.01
2867, 7, 40, Status.SNAKE, 0.01
2868, 7, 33, Status.SNAKE, 0.01
2869, 9, 60, Status.SNAKE, 0.01
2870, 11, 67, Status.SNAKE, 0.01
2871, 2, 16, Status.SNAKE, 0.01
2872, 4, 36, Status.SNAKE, 0.01
2873, 19, 116, Status.SNAKE, 0.01
2874, 6, 53, Status.SNAKE, 0.01
2875, 16, 115, Status.SNAKE, 0.01
2876, 11, 69, Status.SNAKE, 0.01
2877, 6, 43, Status.SNAKE, 0.01
2878, 3, 28, Status.WALL, 0.01
2879, 11, 90, Status.SNAKE, 0.01
2880, 10, 49, Status.SNAKE, 0.01
2881, 12, 70, Status.SNAKE, 0.01
2882, 16, 102, Status.SNAKE, 0.01
2883, 9, 59, Status.SNAKE, 0.01
2884, 9, 45, Status.SNAKE, 0.01
2885, 6, 43, Status.SNAKE, 0.01
2886, 10, 80, Status.WALL, 0.01
2887, 9, 49, Status.SNAKE, 0.01
2888, 3, 12, Status.SNAKE, 0.01
2889, 11, 74, Status.WALL, 0.01
2890, 12, 78, Status.SNAKE, 0.01
2891, 4, 29, Status.SNAKE, 0.01
2892, 14, 84, Status.SNAKE, 0.01
2893, 9, 74, Status.SNAKE, 0.01
2894, 10, 61, Status.WALL, 0.01
2895, 7, 46, Status.SNAKE, 0.01
2896, 3, 21, Status.SNAKE, 0.01
2897, 15, 74, Status.SNAKE, 0.01
2898, 18, 150, Status.SNAKE, 0.01
2899, 6, 44, Status.SNAKE, 0.01
2900, 13, 87, Status.WALL, 0.01
2901, 5, 38, Status.SNAKE, 0.01
2902, 11, 54, Status.SNAKE, 0.01
2903, 14, 99, Status.SNAKE, 0.01
2904, 16, 132, Status.SNAKE, 0.01
2905, 6, 57, Status.WALL, 0.01
2906, 16, 84, Status.SNAKE, 0.01
2907, 4, 19, Status.SNAKE, 0.01
2908, 3, 17, Status.SNAKE, 0.01
2909, 10, 69, Status.SNAKE, 0.01
2910, 11, 80, Status.SNAKE, 0.01
2911, 8, 82, Status.SNAKE, 0.01
2912, 1, 10, Status.SNAKE, 0.01
2913, 4, 42, Status.SNAKE, 0.01
2914, 3, 13, Status.WALL, 0.01
2915, 4, 24, Status.SNAKE, 0.01
2916, 11, 58, Status.SNAKE, 0.01
2917, 4, 28, Status.SNAKE, 0.01
2918, 3, 22, Status.SNAKE, 0.01
2919, 16, 98, Status.WALL, 0.01
2920, 7, 49, Status.SNAKE, 0.01
2921, 4, 18, Status.WALL, 0.01
2922, 3, 22, Status.SNAKE, 0.01
2923, 2, 20, Status.SNAKE, 0.01
2924, 3, 14, Status.WALL, 0.01
2925, 5, 40, Status.SNAKE, 0.01
2926, 11, 76, Status.SNAKE, 0.01
2927, 18, 131, Status.WALL, 0.01
2928, 5, 31, Status.SNAKE, 0.01
2929, 5, 44, Status.SNAKE, 0.01
2930, 12, 84, Status.WALL, 0.01
2931, 5, 48, Status.SNAKE, 0.01
2932, 1, 7, Status.SNAKE, 0.01
2933, 9, 61, Status.SNAKE, 0.01
2934, 5, 70, Status.SNAKE, 0.01
2935, 14, 91, Status.SNAKE, 0.01
2936, 9, 63, Status.SNAKE, 0.01
2937, 8, 47, Status.WALL, 0.01
2938, 9, 59, Status.SNAKE, 0.01
2939, 3, 28, Status.SNAKE, 0.01
2940, 13, 104, Status.WALL, 0.01
2941, 5, 32, Status.WALL, 0.01
2942, 8, 64, Status.SNAKE, 0.01
2943, 16, 113, Status.SNAKE, 0.01
2944, 4, 23, Status.WALL, 0.01
2945, 1, 3, Status.SNAKE, 0.01
2946, 9, 44, Status.SNAKE, 0.01
2947, 6, 34, Status.SNAKE, 0.01
2948, 4, 31, Status.WALL, 0.01
2949, 4, 36, Status.SNAKE, 0.01
2950, 3, 16, Status.SNAKE, 0.01
2951, 12, 84, Status.WALL, 0.01
2952, 20, 123, Status.SNAKE, 0.01
2953, 11, 69, Status.SNAKE, 0.01
2954, 10, 75, Status.WALL, 0.01
2955, 4, 40, Status.SNAKE, 0.01
2956, 12, 77, Status.WALL, 0.01
2957, 10, 76, Status.SNAKE, 0.01
2958, 13, 66, Status.SNAKE, 0.01
2959, 1, 8, Status.WALL, 0.01
2960, 25, 198, Status.WALL, 0.01
2961, 8, 64, Status.SNAKE, 0.01
2962, 7, 39, Status.SNAKE, 0.01
2963, 4, 34, Status.SNAKE, 0.01
2964, 17, 144, Status.SNAKE, 0.01
2965, 9, 89, Status.SNAKE, 0.01
2966, 2, 13, Status.SNAKE, 0.01
2967, 1, 3, Status.SNAKE, 0.01
2968, 17, 87, Status.SNAKE, 0.01
2969, 4, 17, Status.WALL, 0.01
2970, 10, 71, Status.WALL, 0.01
2971, 7, 40, Status.SNAKE, 0.01
2972, 6, 33, Status.SNAKE, 0.01
2973, 23, 150, Status.SNAKE, 0.01
2974, 1, 5, Status.SNAKE, 0.01
2975, 13, 89, Status.SNAKE, 0.01
2976, 10, 78, Status.SNAKE, 0.01
2977, 3, 24, Status.WALL, 0.01
2978, 9, 72, Status.SNAKE, 0.01
2979, 18, 130, Status.SNAKE, 0.01
2980, 5, 40, Status.WALL, 0.01
2981, 9, 89, Status.SNAKE, 0.01
2982, 0, 9, Status.WALL, 0.01
2983, 1, 11, Status.SNAKE, 0.01
2984, 7, 45, Status.SNAKE, 0.01
2985, 8, 49, Status.SNAKE, 0.01
2986, 4, 26, Status.WALL, 0.01
2987, 5, 42, Status.WALL, 0.01
2988, 13, 62, Status.SNAKE, 0.01
2989, 7, 53, Status.SNAKE, 0.01
2990, 14, 107, Status.SNAKE, 0.01
2991, 7, 23, Status.WALL, 0.01
2992, 13, 73, Status.SNAKE, 0.01
2993, 12, 87, Status.SNAKE, 0.01
2994, 8, 67, Status.SNAKE, 0.01
2995, 18, 129, Status.SNAKE, 0.01
2996, 9, 46, Status.SNAKE, 0.01
2997, 8, 34, Status.SNAKE, 0.01
2998, 15, 111, Status.WALL, 0.01
2999, 13, 120, Status.SNAKE, 0.01
3000, 5, 33, Status.SNAKE, 0.01
3001, 8, 56, Status.SNAKE, 0.01
3002, 10, 53, Status.SNAKE, 0.01
3003, 12, 89, Status.SNAKE, 0.01
3004, 13, 84, Status.SNAKE, 0.01
3005, 10, 74, Status.SNAKE, 0.01
3006, 15, 93, Status.SNAKE, 0.01
3007, 14, 129, Status.WALL, 0.01
3008, 9, 70, Status.SNAKE, 0.01
3009, 10, 63, Status.WALL, 0.01
3010, 8, 49, Status.SNAKE, 0.01
3011, 4, 36, Status.SNAKE, 0.01
3012, 8, 56, Status.SNAKE, 0.01
3013, 6, 47, Status.SNAKE, 0.01
3014, 9, 77, Status.SNAKE, 0.01
3015, 6, 40, Status.SNAKE, 0.01
3016, 16, 111, Status.SNAKE, 0.01
3017, 0, 5, Status.WALL, 0.01
3018, 7, 56, Status.SNAKE, 0.01
3019, 8, 59, Status.SNAKE, 0.01
3020, 10, 64, Status.WALL, 0.01
3021, 7, 41, Status.SNAKE, 0.01
3022, 1, 9, Status.WALL, 0.01
3023, 8, 43, Status.WALL, 0.01
3024, 1, 5, Status.SNAKE, 0.01
3025, 9, 57, Status.SNAKE, 0.01
3026, 15, 87, Status.SNAKE, 0.01
3027, 3, 29, Status.WALL, 0.01
3028, 5, 37, Status.SNAKE, 0.01
3029, 13, 94, Status.SNAKE, 0.01
3030, 7, 62, Status.SNAKE, 0.01
3031, 5, 34, Status.SNAKE, 0.01
3032, 5, 34, Status.SNAKE, 0.01
3033, 10, 59, Status.SNAKE, 0.01
3034, 5, 40, Status.SNAKE, 0.01
3035, 1, 3, Status.SNAKE, 0.01
3036, 5, 37, Status.SNAKE, 0.01
3037, 14, 102, Status.SNAKE, 0.01
3038, 10, 92, Status.SNAKE, 0.01
3039, 1, 4, Status.SNAKE, 0.01
3040, 15, 132, Status.WALL, 0.01
3041, 11, 70, Status.WALL, 0.01
3042, 5, 40, Status.SNAKE, 0.01
3043, 7, 49, Status.WALL, 0.01
3044, 10, 86, Status.WALL, 0.01
3045, 7, 40, Status.WALL, 0.01
3046, 12, 78, Status.SNAKE, 0.01
3047, 13, 102, Status.SNAKE, 0.01
3048, 1, 10, Status.WALL, 0.01
3049, 8, 48, Status.SNAKE, 0.01
3050, 13, 110, Status.SNAKE, 0.01
3051, 11, 99, Status.SNAKE, 0.01
3052, 5, 31, Status.SNAKE, 0.01
3053, 10, 60, Status.SNAKE, 0.01
3054, 7, 68, Status.SNAKE, 0.01
3055, 9, 54, Status.SNAKE, 0.01
3056, 4, 24, Status.SNAKE, 0.01
3057, 7, 27, Status.SNAKE, 0.01
3058, 9, 45, Status.SNAKE, 0.01
3059, 9, 70, Status.SNAKE, 0.01
3060, 3, 16, Status.SNAKE, 0.01
3061, 7, 60, Status.SNAKE, 0.01
3062, 2, 14, Status.SNAKE, 0.01
3063, 7, 47, Status.SNAKE, 0.01
3064, 5, 31, Status.WALL, 0.01
3065, 12, 84, Status.SNAKE, 0.01
3066, 6, 46, Status.SNAKE, 0.01
3067, 14, 103, Status.SNAKE, 0.01
3068, 5, 38, Status.SNAKE, 0.01
3069, 9, 45, Status.SNAKE, 0.01
3070, 8, 78, Status.SNAKE, 0.01
3071, 7, 49, Status.SNAKE, 0.01
3072, 5, 42, Status.SNAKE, 0.01
3073, 11, 70, Status.SNAKE, 0.01
3074, 16, 101, Status.SNAKE, 0.01
3075, 3, 13, Status.SNAKE, 0.01
3076, 8, 68, Status.SNAKE, 0.01
3077, 1, 5, Status.SNAKE, 0.01
3078, 6, 33, Status.SNAKE, 0.01
3079, 5, 32, Status.SNAKE, 0.01
3080, 17, 129, Status.SNAKE, 0.01
3081, 12, 84, Status.SNAKE, 0.01
3082, 13, 98, Status.SNAKE, 0.01
3083, 8, 55, Status.SNAKE, 0.01
3084, 9, 61, Status.SNAKE, 0.01
3085, 11, 50, Status.WALL, 0.01
3086, 3, 20, Status.SNAKE, 0.01
3087, 21, 141, Status.SNAKE, 0.01
3088, 2, 21, Status.SNAKE, 0.01
3089, 2, 16, Status.SNAKE, 0.01
3090, 4, 50, Status.SNAKE, 0.01
3091, 10, 62, Status.SNAKE, 0.01
3092, 4, 23, Status.SNAKE, 0.01
3093, 7, 49, Status.SNAKE, 0.01
3094, 13, 102, Status.SNAKE, 0.01
3095, 12, 76, Status.SNAKE, 0.01
3096, 13, 81, Status.SNAKE, 0.01
3097, 8, 55, Status.SNAKE, 0.01
3098, 4, 13, Status.SNAKE, 0.01
3099, 7, 58, Status.SNAKE, 0.01
3100, 9, 50, Status.SNAKE, 0.01
3101, 7, 25, Status.SNAKE, 0.01
3102, 4, 28, Status.SNAKE, 0.01
3103, 12, 72, Status.WALL, 0.01
3104, 11, 86, Status.SNAKE, 0.01
3105, 11, 72, Status.WALL, 0.01
3106, 10, 68, Status.SNAKE, 0.01
3107, 6, 47, Status.SNAKE, 0.01
3108, 4, 25, Status.SNAKE, 0.01
3109, 6, 31, Status.SNAKE, 0.01
3110, 5, 18, Status.SNAKE, 0.01
3111, 6, 39, Status.SNAKE, 0.01
3112, 2, 13, Status.SNAKE, 0.01
3113, 14, 93, Status.SNAKE, 0.01
3114, 5, 32, Status.SNAKE, 0.01
3115, 15, 81, Status.SNAKE, 0.01
3116, 12, 97, Status.SNAKE, 0.01
3117, 9, 48, Status.SNAKE, 0.01
3118, 14, 102, Status.SNAKE, 0.01
3119, 9, 40, Status.WALL, 0.01
3120, 15, 91, Status.SNAKE, 0.01
3121, 6, 36, Status.SNAKE, 0.01
3122, 5, 39, Status.SNAKE, 0.01
3123, 14, 98, Status.SNAKE, 0.01
3124, 3, 21, Status.SNAKE, 0.01
3125, 16, 86, Status.SNAKE, 0.01
3126, 1, 6, Status.SNAKE, 0.01
3127, 7, 43, Status.SNAKE, 0.01
3128, 13, 94, Status.SNAKE, 0.01
3129, 24, 148, Status.SNAKE, 0.01
3130, 13, 79, Status.SNAKE, 0.01
3131, 13, 98, Status.WALL, 0.01
3132, 5, 43, Status.SNAKE, 0.01
3133, 2, 19, Status.SNAKE, 0.01
3134, 4, 25, Status.SNAKE, 0.01
3135, 15, 127, Status.SNAKE, 0.01
3136, 21, 149, Status.SNAKE, 0.01
3137, 9, 48, Status.SNAKE, 0.01
3138, 20, 127, Status.SNAKE, 0.01
3139, 8, 48, Status.SNAKE, 0.01
3140, 14, 100, Status.SNAKE, 0.01
3141, 17, 130, Status.SNAKE, 0.01
3142, 23, 162, Status.SNAKE, 0.01
3143, 8, 53, Status.SNAKE, 0.01
3144, 6, 51, Status.SNAKE, 0.01
3145, 12, 82, Status.WALL, 0.01
3146, 10, 50, Status.SNAKE, 0.01
3147, 6, 42, Status.SNAKE, 0.01
3148, 6, 44, Status.SNAKE, 0.01
3149, 5, 37, Status.SNAKE, 0.01
3150, 13, 64, Status.SNAKE, 0.01
3151, 8, 73, Status.SNAKE, 0.01
3152, 4, 27, Status.SNAKE, 0.01
3153, 9, 57, Status.WALL, 0.01
3154, 2, 21, Status.WALL, 0.01
3155, 9, 63, Status.SNAKE, 0.01
3156, 6, 51, Status.SNAKE, 0.01
3157, 5, 38, Status.WALL, 0.01
3158, 21, 132, Status.SNAKE, 0.01
3159, 13, 95, Status.SNAKE, 0.01
3160, 12, 93, Status.SNAKE, 0.01
3161, 10, 82, Status.SNAKE, 0.01
3162, 8, 63, Status.SNAKE, 0.01
3163, 12, 89, Status.SNAKE, 0.01
3164, 12, 91, Status.SNAKE, 0.01
3165, 1, 3, Status.SNAKE, 0.01
3166, 6, 38, Status.SNAKE, 0.01
3167, 10, 80, Status.SNAKE, 0.01
3168, 6, 40, Status.WALL, 0.01
3169, 6, 43, Status.WALL, 0.01
3170, 8, 35, Status.SNAKE, 0.01
3171, 7, 55, Status.SNAKE, 0.01
3172, 5, 29, Status.SNAKE, 0.01
3173, 13, 63, Status.SNAKE, 0.01
3174, 10, 78, Status.SNAKE, 0.01
3175, 9, 60, Status.SNAKE, 0.01
3176, 13, 83, Status.SNAKE, 0.01
3177, 10, 66, Status.SNAKE, 0.01
3178, 4, 44, Status.WALL, 0.01
3179, 12, 91, Status.SNAKE, 0.01
3180, 11, 70, Status.SNAKE, 0.01
3181, 18, 135, Status.SNAKE, 0.01
3182, 15, 90, Status.WALL, 0.01
3183, 13, 86, Status.WALL, 0.01
3184, 15, 103, Status.SNAKE, 0.01
3185, 5, 26, Status.WALL, 0.01
3186, 14, 100, Status.WALL, 0.01
3187, 9, 59, Status.WALL, 0.01
3188, 10, 69, Status.SNAKE, 0.01
3189, 4, 25, Status.WALL, 0.01
3190, 9, 82, Status.WALL, 0.01
3191, 12, 88, Status.SNAKE, 0.01
3192, 7, 36, Status.SNAKE, 0.01
3193, 6, 44, Status.WALL, 0.01
3194, 13, 83, Status.SNAKE, 0.01
3195, 10, 55, Status.WALL, 0.01
3196, 2, 29, Status.SNAKE, 0.01
3197, 13, 115, Status.SNAKE, 0.01
3198, 11, 90, Status.SNAKE, 0.01
3199, 5, 42, Status.SNAKE, 0.01
3200, 15, 108, Status.SNAKE, 0.01
3201, 9, 51, Status.WALL, 0.01
3202, 4, 38, Status.SNAKE, 0.01
3203, 2, 16, Status.SNAKE, 0.01
3204, 5, 31, Status.SNAKE, 0.01
3205, 10, 79, Status.SNAKE, 0.01
3206, 6, 32, Status.SNAKE, 0.01
3207, 9, 65, Status.SNAKE, 0.01
3208, 12, 80, Status.SNAKE, 0.01
3209, 8, 58, Status.SNAKE, 0.01
3210, 4, 34, Status.SNAKE, 0.01
3211, 10, 61, Status.SNAKE, 0.01
3212, 3, 24, Status.WALL, 0.01
3213, 3, 15, Status.SNAKE, 0.01
3214, 7, 48, Status.SNAKE, 0.01
3215, 6, 25, Status.SNAKE, 0.01
3216, 11, 82, Status.SNAKE, 0.01
3217, 15, 117, Status.SNAKE, 0.01
3218, 9, 59, Status.SNAKE, 0.01
3219, 6, 38, Status.WALL, 0.01
3220, 13, 83, Status.SNAKE, 0.01
3221, 5, 39, Status.SNAKE, 0.01
3222, 1, 7, Status.WALL, 0.01
3223, 6, 45, Status.SNAKE, 0.01
3224, 11, 75, Status.SNAKE, 0.01
3225, 4, 30, Status.SNAKE, 0.01
3226, 7, 43, Status.SNAKE, 0.01
3227, 3, 13, Status.SNAKE, 0.01
3228, 5, 40, Status.SNAKE, 0.01
3229, 10, 79, Status.SNAKE, 0.01
3230, 10, 84, Status.SNAKE, 0.01
3231, 17, 105, Status.WALL, 0.01
3232, 5, 33, Status.SNAKE, 0.01
3233, 10, 81, Status.SNAKE, 0.01
3234, 6, 44, Status.SNAKE, 0.01
3235, 14, 97, Status.SNAKE, 0.01
3236, 7, 43, Status.SNAKE, 0.01
3237, 12, 90, Status.SNAKE, 0.01
3238, 2, 11, Status.WALL, 0.01
3239, 14, 106, Status.SNAKE, 0.01
3240, 5, 19, Status.SNAKE, 0.01
3241, 9, 65, Status.SNAKE, 0.01
3242, 1, 14, Status.WALL, 0.01
3243, 13, 96, Status.SNAKE, 0.01
3244, 6, 43, Status.SNAKE, 0.01
3245, 10, 57, Status.SNAKE, 0.01
3246, 6, 47, Status.SNAKE, 0.01
3247, 11, 72, Status.SNAKE, 0.01
3248, 6, 35, Status.SNAKE, 0.01
3249, 1, 10, Status.WALL, 0.01
3250, 8, 49, Status.SNAKE, 0.01
3251, 4, 26, Status.SNAKE, 0.01
3252, 13, 72, Status.SNAKE, 0.01
3253, 4, 26, Status.SNAKE, 0.01
3254, 4, 28, Status.WALL, 0.01
3255, 4, 31, Status.SNAKE, 0.01
3256, 14, 108, Status.SNAKE, 0.01
3257, 9, 60, Status.SNAKE, 0.01
3258, 1, 9, Status.SNAKE, 0.01
3259, 14, 87, Status.SNAKE, 0.01
3260, 10, 85, Status.SNAKE, 0.01
3261, 11, 92, Status.SNAKE, 0.01
3262, 8, 51, Status.SNAKE, 0.01
3263, 8, 49, Status.SNAKE, 0.01
3264, 4, 27, Status.SNAKE, 0.01
3265, 11, 59, Status.SNAKE, 0.01
3266, 15, 118, Status.SNAKE, 0.01
3267, 2, 10, Status.SNAKE, 0.01
3268, 12, 66, Status.SNAKE, 0.01
3269, 11, 77, Status.SNAKE, 0.01
3270, 12, 78, Status.SNAKE, 0.01
3271, 10, 72, Status.SNAKE, 0.01
3272, 5, 20, Status.SNAKE, 0.01
3273, 23, 158, Status.SNAKE, 0.01
3274, 3, 18, Status.SNAKE, 0.01
3275, 13, 54, Status.SNAKE, 0.01
3276, 5, 58, Status.WALL, 0.01
3277, 7, 42, Status.WALL, 0.01
3278, 5, 35, Status.SNAKE, 0.01
3279, 13, 100, Status.SNAKE, 0.01
3280, 11, 77, Status.SNAKE, 0.01
3281, 15, 115, Status.SNAKE, 0.01
3282, 11, 64, Status.WALL, 0.01
3283, 8, 61, Status.SNAKE, 0.01
3284, 7, 42, Status.SNAKE, 0.01
3285, 13, 108, Status.SNAKE, 0.01
3286, 15, 115, Status.SNAKE, 0.01
3287, 13, 94, Status.WALL, 0.01
3288, 10, 87, Status.SNAKE, 0.01
3289, 16, 137, Status.WALL, 0.01
3290, 8, 49, Status.SNAKE, 0.01
3291, 7, 45, Status.SNAKE, 0.01
3292, 7, 49, Status.SNAKE, 0.01
3293, 13, 109, Status.SNAKE, 0.01
3294, 17, 112, Status.SNAKE, 0.01
3295, 8, 48, Status.SNAKE, 0.01
3296, 2, 18, Status.SNAKE, 0.01
3297, 6, 39, Status.WALL, 0.01
3298, 6, 39, Status.SNAKE, 0.01
3299, 7, 53, Status.SNAKE, 0.01
3300, 7, 56, Status.WALL, 0.01
3301, 9, 72, Status.SNAKE, 0.01
3302, 7, 39, Status.SNAKE, 0.01
3303, 7, 47, Status.SNAKE, 0.01
3304, 1, 8, Status.WALL, 0.01
3305, 8, 44, Status.SNAKE, 0.01
3306, 13, 106, Status.SNAKE, 0.01
3307, 5, 26, Status.SNAKE, 0.01
3308, 8, 50, Status.SNAKE, 0.01
3309, 6, 33, Status.SNAKE, 0.01
3310, 11, 57, Status.SNAKE, 0.01
3311, 4, 36, Status.SNAKE, 0.01
3312, 5, 28, Status.SNAKE, 0.01
3313, 13, 105, Status.SNAKE, 0.01
3314, 5, 42, Status.WALL, 0.01
3315, 15, 94, Status.SNAKE, 0.01
3316, 17, 125, Status.SNAKE, 0.01
3317, 2, 19, Status.SNAKE, 0.01
3318, 14, 91, Status.SNAKE, 0.01
3319, 9, 78, Status.SNAKE, 0.01
3320, 14, 115, Status.SNAKE, 0.01
3321, 9, 59, Status.SNAKE, 0.01
3322, 2, 14, Status.SNAKE, 0.01
3323, 15, 104, Status.SNAKE, 0.01
3324, 14, 118, Status.SNAKE, 0.01
3325, 7, 60, Status.SNAKE, 0.01
3326, 5, 35, Status.SNAKE, 0.01
3327, 9, 60, Status.WALL, 0.01
3328, 14, 103, Status.WALL, 0.01
3329, 7, 44, Status.SNAKE, 0.01
3330, 2, 16, Status.SNAKE, 0.01
3331, 12, 105, Status.SNAKE, 0.01
3332, 7, 46, Status.SNAKE, 0.01
3333, 15, 111, Status.SNAKE, 0.01
3334, 5, 33, Status.WALL, 0.01
3335, 12, 93, Status.WALL, 0.01
3336, 16, 97, Status.WALL, 0.01
3337, 7, 52, Status.SNAKE, 0.01
3338, 7, 39, Status.SNAKE, 0.01
3339, 17, 122, Status.SNAKE, 0.01
3340, 13, 131, Status.SNAKE, 0.01
3341, 14, 123, Status.WALL, 0.01
3342, 9, 41, Status.SNAKE, 0.01
3343, 9, 54, Status.SNAKE, 0.01
3344, 9, 65, Status.WALL, 0.01
3345, 14, 101, Status.SNAKE, 0.01
3346, 5, 21, Status.SNAKE, 0.01
3347, 1, 3, Status.SNAKE, 0.01
3348, 13, 94, Status.SNAKE, 0.01
3349, 15, 110, Status.SNAKE, 0.01
3350, 6, 39, Status.WALL, 0.01
3351, 16, 83, Status.SNAKE, 0.01
3352, 5, 42, Status.SNAKE, 0.01
3353, 7, 50, Status.SNAKE, 0.01
3354, 9, 62, Status.SNAKE, 0.01
3355, 11, 93, Status.SNAKE, 0.01
3356, 12, 65, Status.SNAKE, 0.01
3357, 16, 138, Status.SNAKE, 0.01
3358, 7, 38, Status.SNAKE, 0.01
3359, 14, 103, Status.SNAKE, 0.01
3360, 12, 58, Status.SNAKE, 0.01
3361, 8, 50, Status.SNAKE, 0.01
3362, 4, 28, Status.SNAKE, 0.01
3363, 9, 85, Status.WALL, 0.01
3364, 12, 61, Status.SNAKE, 0.01
3365, 13, 99, Status.SNAKE, 0.01
3366, 10, 55, Status.SNAKE, 0.01
3367, 6, 34, Status.SNAKE, 0.01
3368, 5, 22, Status.SNAKE, 0.01
3369, 6, 62, Status.SNAKE, 0.01
3370, 10, 73, Status.SNAKE, 0.01
3371, 8, 52, Status.SNAKE, 0.01
3372, 2, 8, Status.WALL, 0.01
3373, 8, 41, Status.SNAKE, 0.01
3374, 15, 121, Status.WALL, 0.01
3375, 19, 121, Status.SNAKE, 0.01
3376, 10, 42, Status.SNAKE, 0.01
3377, 6, 43, Status.SNAKE, 0.01
3378, 6, 60, Status.SNAKE, 0.01
3379, 15, 118, Status.SNAKE, 0.01
3380, 14, 91, Status.SNAKE, 0.01
3381, 8, 57, Status.SNAKE, 0.01
3382, 6, 43, Status.SNAKE, 0.01
3383, 17, 148, Status.SNAKE, 0.01
3384, 4, 26, Status.SNAKE, 0.01
3385, 16, 131, Status.SNAKE, 0.01
3386, 13, 84, Status.SNAKE, 0.01
3387, 14, 107, Status.SNAKE, 0.01
3388, 6, 47, Status.SNAKE, 0.01
3389, 6, 36, Status.SNAKE, 0.01
3390, 7, 48, Status.SNAKE, 0.01
3391, 11, 87, Status.SNAKE, 0.01
3392, 6, 45, Status.WALL, 0.01
3393, 13, 96, Status.SNAKE, 0.01
3394, 11, 85, Status.WALL, 0.01
3395, 5, 41, Status.SNAKE, 0.01
3396, 9, 82, Status.SNAKE, 0.01
3397, 10, 47, Status.SNAKE, 0.01
3398, 7, 40, Status.SNAKE, 0.01
3399, 6, 32, Status.WALL, 0.01
3400, 5, 42, Status.WALL, 0.01
3401, 11, 65, Status.WALL, 0.01
3402, 2, 14, Status.WALL, 0.01
3403, 15, 119, Status.SNAKE, 0.01
3404, 11, 55, Status.SNAKE, 0.01
3405, 13, 93, Status.SNAKE, 0.01
3406, 14, 130, Status.WALL, 0.01
3407, 12, 100, Status.SNAKE, 0.01
3408, 5, 38, Status.SNAKE, 0.01
3409, 17, 89, Status.SNAKE, 0.01
3410, 1, 5, Status.SNAKE, 0.01
3411, 9, 59, Status.SNAKE, 0.01
3412, 15, 90, Status.SNAKE, 0.01
3413, 10, 91, Status.SNAKE, 0.01
3414, 6, 38, Status.WALL, 0.01
3415, 8, 43, Status.SNAKE, 0.01
3416, 14, 102, Status.WALL, 0.01
3417, 5, 40, Status.SNAKE, 0.01
3418, 10, 70, Status.WALL, 0.01
3419, 6, 44, Status.WALL, 0.01
3420, 5, 52, Status.WALL, 0.01
3421, 10, 86, Status.WALL, 0.01
3422, 8, 40, Status.SNAKE, 0.01
3423, 7, 32, Status.SNAKE, 0.01
3424, 12, 79, Status.SNAKE, 0.01
3425, 5, 37, Status.SNAKE, 0.01
3426, 7, 57, Status.SNAKE, 0.01
3427, 12, 96, Status.SNAKE, 0.01
3428, 9, 56, Status.SNAKE, 0.01
3429, 10, 82, Status.SNAKE, 0.01
3430, 8, 63, Status.SNAKE, 0.01
3431, 5, 28, Status.SNAKE, 0.01
3432, 8, 66, Status.SNAKE, 0.01
3433, 10, 66, Status.SNAKE, 0.01
3434, 3, 25, Status.WALL, 0.01
3435, 15, 125, Status.SNAKE, 0.01
3436, 2, 24, Status.WALL, 0.01
3437, 13, 88, Status.SNAKE, 0.01
3438, 8, 62, Status.SNAKE, 0.01
3439, 6, 39, Status.SNAKE, 0.01
3440, 5, 28, Status.WALL, 0.01
3441, 8, 46, Status.SNAKE, 0.01
3442, 8, 67, Status.SNAKE, 0.01
3443, 4, 16, Status.SNAKE, 0.01
3444, 7, 44, Status.SNAKE, 0.01
3445, 2, 18, Status.SNAKE, 0.01
3446, 1, 5, Status.SNAKE, 0.01
3447, 11, 51, Status.WALL, 0.01
3448, 19, 135, Status.SNAKE, 0.01
3449, 1, 12, Status.SNAKE, 0.01
3450, 8, 50, Status.SNAKE, 0.01
3451, 1, 17, Status.WALL, 0.01
3452, 5, 28, Status.SNAKE, 0.01
3453, 2, 11, Status.SNAKE, 0.01
3454, 6, 43, Status.SNAKE, 0.01
3455, 1, 12, Status.WALL, 0.01
3456, 8, 73, Status.SNAKE, 0.01
3457, 13, 102, Status.WALL, 0.01
3458, 2, 18, Status.SNAKE, 0.01
3459, 10, 81, Status.SNAKE, 0.01
3460, 7, 51, Status.SNAKE, 0.01
3461, 6, 31, Status.SNAKE, 0.01
3462, 11, 90, Status.WALL, 0.01
3463, 10, 82, Status.SNAKE, 0.01
3464, 12, 83, Status.SNAKE, 0.01
3465, 12, 88, Status.SNAKE, 0.01
3466, 7, 40, Status.SNAKE, 0.01
3467, 10, 55, Status.SNAKE, 0.01
3468, 7, 67, Status.SNAKE, 0.01
3469, 13, 113, Status.WALL, 0.01
3470, 2, 5, Status.SNAKE, 0.01
3471, 8, 67, Status.SNAKE, 0.01
3472, 14, 122, Status.SNAKE, 0.01
3473, 10, 54, Status.SNAKE, 0.01
3474, 15, 119, Status.SNAKE, 0.01
3475, 8, 51, Status.SNAKE, 0.01
3476, 19, 162, Status.SNAKE, 0.01
3477, 10, 60, Status.SNAKE, 0.01
3478, 12, 99, Status.SNAKE, 0.01
3479, 13, 80, Status.WALL, 0.01
3480, 2, 15, Status.WALL, 0.01
3481, 7, 63, Status.SNAKE, 0.01
3482, 10, 74, Status.WALL, 0.01
3483, 4, 27, Status.SNAKE, 0.01
3484, 2, 14, Status.SNAKE, 0.01
3485, 3, 22, Status.SNAKE, 0.01
3486, 13, 69, Status.SNAKE, 0.01
3487, 10, 79, Status.SNAKE, 0.01
3488, 7, 39, Status.SNAKE, 0.01
3489, 2, 13, Status.SNAKE, 0.01
3490, 2, 14, Status.SNAKE, 0.01
3491, 12, 137, Status.SNAKE, 0.01
3492, 5, 22, Status.SNAKE, 0.01
3493, 17, 146, Status.SNAKE, 0.01
3494, 7, 40, Status.SNAKE, 0.01
3495, 20, 153, Status.SNAKE, 0.01
3496, 17, 108, Status.SNAKE, 0.01
3497, 6, 38, Status.WALL, 0.01
3498, 7, 46, Status.WALL, 0.01
3499, 6, 38, Status.SNAKE, 0.01
3500, 6, 28, Status.WALL, 0.01
3501, 4, 35, Status.WALL, 0.01
3502, 6, 28, Status.WALL, 0.01
3503, 12, 83, Status.SNAKE, 0.01
3504, 14, 115, Status.SNAKE, 0.01
3505, 13, 79, Status.WALL, 0.01
3506, 14, 110, Status.SNAKE, 0.01
3507, 7, 51, Status.SNAKE, 0.01
3508, 11, 67, Status.SNAKE, 0.01
3509, 6, 20, Status.WALL, 0.01
3510, 6, 25, Status.SNAKE, 0.01
3511, 10, 63, Status.SNAKE, 0.01
3512, 15, 97, Status.SNAKE, 0.01
3513, 10, 71, Status.WALL, 0.01
3514, 13, 99, Status.SNAKE, 0.01
3515, 8, 52, Status.WALL, 0.01
3516, 4, 27, Status.SNAKE, 0.01
3517, 12, 85, Status.SNAKE, 0.01
3518, 9, 84, Status.SNAKE, 0.01
3519, 13, 98, Status.SNAKE, 0.01
3520, 3, 19, Status.SNAKE, 0.01
3521, 10, 62, Status.SNAKE, 0.01
3522, 11, 83, Status.SNAKE, 0.01
3523, 5, 31, Status.SNAKE, 0.01
3524, 5, 31, Status.SNAKE, 0.01
3525, 1, 3, Status.SNAKE, 0.01
3526, 7, 48, Status.SNAKE, 0.01
3527, 17, 132, Status.SNAKE, 0.01
3528, 12, 98, Status.SNAKE, 0.01
3529, 11, 55, Status.SNAKE, 0.01
3530, 4, 27, Status.SNAKE, 0.01
3531, 18, 151, Status.SNAKE, 0.01
3532, 20, 96, Status.SNAKE, 0.01
3533, 9, 59, Status.SNAKE, 0.01
3534, 8, 80, Status.WALL, 0.01
3535, 5, 37, Status.SNAKE, 0.01
3536, 5, 35, Status.SNAKE, 0.01
3537, 9, 41, Status.SNAKE, 0.01
3538, 8, 54, Status.SNAKE, 0.01
3539, 3, 19, Status.SNAKE, 0.01
3540, 7, 51, Status.WALL, 0.01
3541, 5, 20, Status.SNAKE, 0.01
3542, 13, 95, Status.SNAKE, 0.01
3543, 2, 15, Status.SNAKE, 0.01
3544, 14, 78, Status.WALL, 0.01
3545, 10, 75, Status.WALL, 0.01
3546, 15, 75, Status.SNAKE, 0.01
3547, 2, 9, Status.SNAKE, 0.01
3548, 14, 109, Status.SNAKE, 0.01
3549, 9, 67, Status.SNAKE, 0.01
3550, 17, 104, Status.SNAKE, 0.01
3551, 7, 50, Status.SNAKE, 0.01
3552, 5, 32, Status.SNAKE, 0.01
3553, 8, 75, Status.WALL, 0.01
3554, 11, 78, Status.SNAKE, 0.01
3555, 12, 78, Status.SNAKE, 0.01
3556, 8, 47, Status.SNAKE, 0.01
3557, 11, 69, Status.SNAKE, 0.01
3558, 18, 105, Status.SNAKE, 0.01
3559, 16, 119, Status.SNAKE, 0.01
3560, 1, 3, Status.SNAKE, 0.01
3561, 10, 75, Status.SNAKE, 0.01
3562, 9, 68, Status.WALL, 0.01
3563, 14, 80, Status.WALL, 0.01
3564, 11, 63, Status.SNAKE, 0.01
3565, 14, 119, Status.SNAKE, 0.01
3566, 12, 75, Status.SNAKE, 0.01
3567, 8, 72, Status.SNAKE, 0.01
3568, 13, 94, Status.SNAKE, 0.01
3569, 17, 86, Status.SNAKE, 0.01
3570, 6, 52, Status.SNAKE, 0.01
3571, 15, 87, Status.SNAKE, 0.01
3572, 14, 87, Status.SNAKE, 0.01
3573, 7, 60, Status.SNAKE, 0.01
3574, 17, 119, Status.SNAKE, 0.01
3575, 8, 45, Status.SNAKE, 0.01
3576, 6, 34, Status.SNAKE, 0.01
3577, 9, 47, Status.SNAKE, 0.01
3578, 3, 18, Status.SNAKE, 0.01
3579, 1, 8, Status.SNAKE, 0.01
3580, 12, 92, Status.SNAKE, 0.01
3581, 13, 78, Status.SNAKE, 0.01
3582, 2, 21, Status.WALL, 0.01
3583, 10, 68, Status.SNAKE, 0.01
3584, 1, 10, Status.WALL, 0.01
3585, 5, 26, Status.SNAKE, 0.01
3586, 7, 44, Status.SNAKE, 0.01
3587, 17, 110, Status.SNAKE, 0.01
3588, 16, 112, Status.SNAKE, 0.01
3589, 5, 37, Status.SNAKE, 0.01
3590, 5, 32, Status.SNAKE, 0.01
3591, 1, 10, Status.WALL, 0.01
3592, 14, 84, Status.SNAKE, 0.01
3593, 7, 36, Status.SNAKE, 0.01
3594, 1, 6, Status.WALL, 0.01
3595, 11, 80, Status.SNAKE, 0.01
3596, 10, 74, Status.SNAKE, 0.01
3597, 7, 42, Status.SNAKE, 0.01
3598, 9, 67, Status.SNAKE, 0.01
3599, 12, 69, Status.SNAKE, 0.01
3600, 4, 33, Status.SNAKE, 0.01
3601, 10, 50, Status.SNAKE, 0.01
3602, 3, 19, Status.SNAKE, 0.01
3603, 6, 28, Status.WALL, 0.01
3604, 10, 61, Status.SNAKE, 0.01
3605, 18, 143, Status.SNAKE, 0.01
3606, 6, 39, Status.SNAKE, 0.01
3607, 16, 99, Status.SNAKE, 0.01
3608, 8, 52, Status.SNAKE, 0.01
3609, 4, 16, Status.SNAKE, 0.01
3610, 8, 54, Status.WALL, 0.01
3611, 5, 33, Status.SNAKE, 0.01
3612, 14, 84, Status.SNAKE, 0.01
3613, 8, 51, Status.SNAKE, 0.01
3614, 7, 37, Status.SNAKE, 0.01
3615, 13, 60, Status.SNAKE, 0.01
3616, 4, 18, Status.WALL, 0.01
3617, 8, 37, Status.SNAKE, 0.01
3618, 10, 59, Status.SNAKE, 0.01
3619, 12, 89, Status.SNAKE, 0.01
3620, 16, 112, Status.WALL, 0.01
3621, 6, 34, Status.SNAKE, 0.01
3622, 5, 23, Status.SNAKE, 0.01
3623, 1, 7, Status.SNAKE, 0.01
3624, 9, 43, Status.SNAKE, 0.01
3625, 12, 73, Status.SNAKE, 0.01
3626, 10, 62, Status.SNAKE, 0.01
3627, 4, 29, Status.SNAKE, 0.01
3628, 8, 46, Status.WALL, 0.01
3629, 14, 89, Status.WALL, 0.01
3630, 13, 113, Status.SNAKE, 0.01
3631, 8, 57, Status.WALL, 0.01
3632, 3, 22, Status.WALL, 0.01
3633, 17, 106, Status.SNAKE, 0.01
3634, 1, 12, Status.WALL, 0.01
3635, 4, 25, Status.SNAKE, 0.01
3636, 11, 73, Status.SNAKE, 0.01
3637, 9, 68, Status.WALL, 0.01
3638, 11, 67, Status.SNAKE, 0.01
3639, 5, 35, Status.SNAKE, 0.01
3640, 8, 48, Status.SNAKE, 0.01
3641, 6, 44, Status.SNAKE, 0.01
3642, 10, 60, Status.WALL, 0.01
3643, 13, 104, Status.SNAKE, 0.01
3644, 8, 87, Status.SNAKE, 0.01
3645, 1, 5, Status.SNAKE, 0.01
3646, 11, 88, Status.SNAKE, 0.01
3647, 9, 56, Status.SNAKE, 0.01
3648, 9, 91, Status.WALL, 0.01
3649, 3, 8, Status.SNAKE, 0.01
3650, 3, 18, Status.SNAKE, 0.01
3651, 1, 10, Status.WALL, 0.01
3652, 9, 81, Status.SNAKE, 0.01
3653, 4, 17, Status.WALL, 0.01
3654, 9, 52, Status.SNAKE, 0.01
3655, 6, 40, Status.SNAKE, 0.01
3656, 10, 74, Status.SNAKE, 0.01
3657, 13, 74, Status.SNAKE, 0.01
3658, 12, 71, Status.WALL, 0.01
3659, 6, 28, Status.SNAKE, 0.01
3660, 7, 44, Status.WALL, 0.01
3661, 12, 86, Status.SNAKE, 0.01
3662, 12, 97, Status.SNAKE, 0.01
3663, 9, 70, Status.SNAKE, 0.01
3664, 7, 38, Status.SNAKE, 0.01
3665, 12, 113, Status.SNAKE, 0.01
3666, 10, 61, Status.SNAKE, 0.01
3667, 9, 48, Status.SNAKE, 0.01
3668, 16, 94, Status.SNAKE, 0.01
3669, 16, 117, Status.SNAKE, 0.01
3670, 12, 76, Status.WALL, 0.01
3671, 11, 68, Status.SNAKE, 0.01
3672, 7, 51, Status.SNAKE, 0.01
3673, 1, 3, Status.SNAKE, 0.01
3674, 9, 72, Status.SNAKE, 0.01
3675, 20, 124, Status.SNAKE, 0.01
3676, 1, 5, Status.SNAKE, 0.01
3677, 8, 65, Status.SNAKE, 0.01
3678, 19, 115, Status.WALL, 0.01
3679, 12, 84, Status.SNAKE, 0.01
3680, 7, 49, Status.SNAKE, 0.01
3681, 21, 116, Status.WALL, 0.01
3682, 7, 59, Status.SNAKE, 0.01
3683, 5, 38, Status.SNAKE, 0.01
3684, 8, 51, Status.SNAKE, 0.01
3685, 3, 21, Status.SNAKE, 0.01
3686, 5, 26, Status.SNAKE, 0.01
3687, 9, 64, Status.SNAKE, 0.01
3688, 8, 47, Status.SNAKE, 0.01
3689, 16, 121, Status.WALL, 0.01
3690, 8, 51, Status.SNAKE, 0.01
3691, 4, 16, Status.SNAKE, 0.01
3692, 8, 68, Status.SNAKE, 0.01
3693, 11, 65, Status.SNAKE, 0.01
3694, 1, 5, Status.SNAKE, 0.01
3695, 5, 30, Status.SNAKE, 0.01
3696, 12, 77, Status.SNAKE, 0.01
3697, 6, 42, Status.WALL, 0.01
3698, 12, 63, Status.SNAKE, 0.01
3699, 5, 40, Status.SNAKE, 0.01
3700, 1, 11, Status.WALL, 0.01
3701, 6, 35, Status.SNAKE, 0.01
3702, 8, 69, Status.WALL, 0.01
3703, 14, 107, Status.WALL, 0.01
3704, 4, 30, Status.WALL, 0.01
3705, 16, 110, Status.SNAKE, 0.01
3706, 7, 51, Status.SNAKE, 0.01
3707, 5, 28, Status.SNAKE, 0.01
3708, 8, 50, Status.WALL, 0.01
3709, 10, 69, Status.SNAKE, 0.01
3710, 4, 11, Status.SNAKE, 0.01
3711, 12, 86, Status.SNAKE, 0.01
3712, 12, 64, Status.SNAKE, 0.01
3713, 23, 128, Status.SNAKE, 0.01
3714, 10, 54, Status.WALL, 0.01
3715, 9, 51, Status.SNAKE, 0.01
3716, 5, 34, Status.SNAKE, 0.01
3717, 9, 59, Status.SNAKE, 0.01
3718, 13, 113, Status.SNAKE, 0.01
3719, 7, 55, Status.SNAKE, 0.01
3720, 12, 61, Status.WALL, 0.01
3721, 7, 44, Status.SNAKE, 0.01
3722, 15, 74, Status.SNAKE, 0.01
3723, 1, 9, Status.SNAKE, 0.01
3724, 12, 73, Status.SNAKE, 0.01
3725, 8, 48, Status.SNAKE, 0.01
3726, 18, 101, Status.SNAKE, 0.01
3727, 11, 84, Status.WALL, 0.01
3728, 12, 67, Status.WALL, 0.01
3729, 2, 3, Status.SNAKE, 0.01
3730, 18, 102, Status.SNAKE, 0.01
3731, 9, 53, Status.SNAKE, 0.01
3732, 13, 69, Status.SNAKE, 0.01
3733, 14, 85, Status.SNAKE, 0.01
3734, 11, 94, Status.WALL, 0.01
3735, 16, 98, Status.WALL, 0.01
3736, 17, 116, Status.SNAKE, 0.01
3737, 10, 52, Status.SNAKE, 0.01
3738, 4, 26, Status.WALL, 0.01
3739, 15, 98, Status.SNAKE, 0.01
3740, 10, 53, Status.SNAKE, 0.01
3741, 7, 34, Status.SNAKE, 0.01
3742, 14, 98, Status.SNAKE, 0.01
3743, 15, 96, Status.SNAKE, 0.01
3744, 6, 36, Status.SNAKE, 0.01
3745, 7, 44, Status.SNAKE, 0.01
3746, 4, 26, Status.SNAKE, 0.01
3747, 9, 73, Status.SNAKE, 0.01
3748, 10, 39, Status.SNAKE, 0.01
3749, 1, 5, Status.SNAKE, 0.01
3750, 3, 17, Status.SNAKE, 0.01
3751, 12, 82, Status.SNAKE, 0.01
3752, 13, 82, Status.SNAKE, 0.01
3753, 3, 16, Status.SNAKE, 0.01
3754, 17, 128, Status.SNAKE, 0.01
3755, 5, 27, Status.SNAKE, 0.01
3756, 4, 48, Status.SNAKE, 0.01
3757, 8, 38, Status.SNAKE, 0.01
3758, 17, 103, Status.SNAKE, 0.01
3759, 1, 5, Status.SNAKE, 0.01
3760, 8, 50, Status.SNAKE, 0.01
3761, 17, 99, Status.SNAKE, 0.01
3762, 9, 66, Status.WALL, 0.01
3763, 3, 23, Status.SNAKE, 0.01
3764, 11, 99, Status.SNAKE, 0.01
3765, 20, 128, Status.SNAKE, 0.01
3766, 8, 78, Status.SNAKE, 0.01
3767, 12, 78, Status.SNAKE, 0.01
3768, 3, 22, Status.WALL, 0.01
3769, 19, 135, Status.SNAKE, 0.01
3770, 9, 45, Status.SNAKE, 0.01
3771, 7, 27, Status.WALL, 0.01
3772, 7, 32, Status.SNAKE, 0.01
3773, 9, 42, Status.SNAKE, 0.01
3774, 17, 110, Status.SNAKE, 0.01
3775, 14, 77, Status.WALL, 0.01
3776, 7, 33, Status.SNAKE, 0.01
3777, 9, 49, Status.SNAKE, 0.01
3778, 12, 100, Status.SNAKE, 0.01
3779, 7, 48, Status.SNAKE, 0.01
3780, 5, 46, Status.SNAKE, 0.01
3781, 9, 50, Status.WALL, 0.01
3782, 14, 104, Status.SNAKE, 0.01
3783, 18, 120, Status.SNAKE, 0.01
3784, 2, 18, Status.SNAKE, 0.01
3785, 3, 32, Status.SNAKE, 0.01
3786, 7, 45, Status.SNAKE, 0.01
3787, 13, 87, Status.SNAKE, 0.01
3788, 9, 53, Status.WALL, 0.01
3789, 8, 48, Status.SNAKE, 0.01
3790, 11, 59, Status.SNAKE, 0.01
3791, 6, 27, Status.SNAKE, 0.01
3792, 13, 62, Status.WALL, 0.01
3793, 12, 110, Status.SNAKE, 0.01
3794, 7, 38, Status.SNAKE, 0.01
3795, 6, 42, Status.WALL, 0.01
3796, 3, 24, Status.SNAKE, 0.01
3797, 8, 50, Status.SNAKE, 0.01
3798, 5, 33, Status.SNAKE, 0.01
3799, 16, 105, Status.SNAKE, 0.01
3800, 3, 20, Status.SNAKE, 0.01
3801, 7, 62, Status.WALL, 0.01
3802, 14, 84, Status.SNAKE, 0.01
3803, 6, 24, Status.WALL, 0.01
3804, 11, 61, Status.SNAKE, 0.01
3805, 10, 69, Status.SNAKE, 0.01
3806, 6, 39, Status.WALL, 0.01
3807, 12, 75, Status.SNAKE, 0.01
3808, 8, 52, Status.SNAKE, 0.01
3809, 1, 8, Status.WALL, 0.01
3810, 5, 41, Status.SNAKE, 0.01
3811, 4, 34, Status.WALL, 0.01
3812, 12, 76, Status.SNAKE, 0.01
3813, 12, 89, Status.SNAKE, 0.01
3814, 13, 94, Status.SNAKE, 0.01
3815, 8, 62, Status.SNAKE, 0.01
3816, 14, 102, Status.SNAKE, 0.01
3817, 6, 46, Status.SNAKE, 0.01
3818, 7, 59, Status.SNAKE, 0.01
3819, 2, 22, Status.WALL, 0.01
3820, 14, 87, Status.WALL, 0.01
3821, 1, 10, Status.WALL, 0.01
3822, 12, 88, Status.SNAKE, 0.01
3823, 4, 31, Status.SNAKE, 0.01
3824, 4, 37, Status.SNAKE, 0.01
3825, 11, 65, Status.SNAKE, 0.01
3826, 5, 43, Status.SNAKE, 0.01
3827, 12, 80, Status.SNAKE, 0.01
3828, 13, 93, Status.SNAKE, 0.01
3829, 5, 41, Status.SNAKE, 0.01
3830, 14, 67, Status.SNAKE, 0.01
3831, 1, 7, Status.WALL, 0.01
3832, 12, 88, Status.SNAKE, 0.01
3833, 8, 50, Status.SNAKE, 0.01
3834, 6, 46, Status.SNAKE, 0.01
3835, 7, 38, Status.SNAKE, 0.01
3836, 16, 102, Status.SNAKE, 0.01
3837, 12, 90, Status.SNAKE, 0.01
3838, 9, 80, Status.SNAKE, 0.01
3839, 12, 102, Status.WALL, 0.01
3840, 17, 126, Status.SNAKE, 0.01
3841, 7, 50, Status.WALL, 0.01
3842, 3, 29, Status.SNAKE, 0.01
3843, 3, 19, Status.SNAKE, 0.01
3844, 5, 38, Status.SNAKE, 0.01
3845, 20, 133, Status.SNAKE, 0.01
3846, 10, 60, Status.SNAKE, 0.01
3847, 5, 34, Status.SNAKE, 0.01
3848, 5, 37, Status.SNAKE, 0.01
3849, 1, 13, Status.WALL, 0.01
3850, 6, 32, Status.WALL, 0.01
3851, 6, 54, Status.SNAKE, 0.01
3852, 4, 24, Status.WALL, 0.01
3853, 8, 49, Status.SNAKE, 0.01
3854, 11, 84, Status.SNAKE, 0.01
3855, 16, 99, Status.SNAKE, 0.01
3856, 15, 118, Status.SNAKE, 0.01
3857, 11, 76, Status.SNAKE, 0.01
3858, 0, 4, Status.WALL, 0.01
3859, 5, 25, Status.SNAKE, 0.01
3860, 17, 108, Status.SNAKE, 0.01
3861, 11, 83, Status.SNAKE, 0.01
3862, 5, 32, Status.SNAKE, 0.01
3863, 6, 38, Status.SNAKE, 0.01
3864, 21, 156, Status.WALL, 0.01
3865, 3, 18, Status.SNAKE, 0.01
3866, 11, 78, Status.SNAKE, 0.01
3867, 4, 33, Status.SNAKE, 0.01
3868, 3, 24, Status.WALL, 0.01
3869, 4, 21, Status.SNAKE, 0.01
3870, 6, 36, Status.SNAKE, 0.01
3871, 6, 40, Status.SNAKE, 0.01
3872, 10, 41, Status.SNAKE, 0.01
3873, 7, 41, Status.SNAKE, 0.01
3874, 8, 62, Status.SNAKE, 0.01
3875, 2, 5, Status.SNAKE, 0.01
3876, 5, 38, Status.SNAKE, 0.01
3877, 12, 79, Status.SNAKE, 0.01
3878, 6, 42, Status.SNAKE, 0.01
3879, 9, 75, Status.SNAKE, 0.01
3880, 7, 47, Status.SNAKE, 0.01
3881, 19, 158, Status.SNAKE, 0.01
3882, 15, 87, Status.SNAKE, 0.01
3883, 9, 56, Status.SNAKE, 0.01
3884, 5, 16, Status.SNAKE, 0.01
3885, 19, 134, Status.WALL, 0.01
3886, 1, 8, Status.SNAKE, 0.01
3887, 6, 40, Status.SNAKE, 0.01
3888, 8, 63, Status.SNAKE, 0.01
3889, 3, 29, Status.WALL, 0.01
3890, 9, 67, Status.SNAKE, 0.01
3891, 6, 32, Status.SNAKE, 0.01
3892, 5, 34, Status.SNAKE, 0.01
3893, 9, 76, Status.SNAKE, 0.01
3894, 8, 54, Status.SNAKE, 0.01
3895, 7, 52, Status.SNAKE, 0.01
3896, 7, 46, Status.SNAKE, 0.01
3897, 13, 97, Status.SNAKE, 0.01
3898, 5, 26, Status.SNAKE, 0.01
3899, 10, 59, Status.SNAKE, 0.01
3900, 8, 56, Status.SNAKE, 0.01
3901, 4, 19, Status.SNAKE, 0.01
3902, 8, 44, Status.SNAKE, 0.01
3903, 12, 71, Status.WALL, 0.01
3904, 2, 23, Status.SNAKE, 0.01
3905, 4, 30, Status.SNAKE, 0.01
3906, 15, 97, Status.SNAKE, 0.01
3907, 10, 62, Status.SNAKE, 0.01
3908, 15, 120, Status.SNAKE, 0.01
3909, 11, 82, Status.SNAKE, 0.01
3910, 5, 39, Status.SNAKE, 0.01
3911, 5, 33, Status.SNAKE, 0.01
3912, 4, 26, Status.SNAKE, 0.01
3913, 3, 26, Status.SNAKE, 0.01
3914, 10, 60, Status.WALL, 0.01
3915, 4, 32, Status.SNAKE, 0.01
3916, 3, 16, Status.SNAKE, 0.01
3917, 1, 4, Status.SNAKE, 0.01
3918, 3, 22, Status.WALL, 0.01
3919, 9, 72, Status.SNAKE, 0.01
3920, 18, 135, Status.SNAKE, 0.01
3921, 10, 48, Status.SNAKE, 0.01
3922, 12, 80, Status.SNAKE, 0.01
3923, 8, 45, Status.SNAKE, 0.01
3924, 9, 51, Status.SNAKE, 0.01
3925, 4, 30, Status.SNAKE, 0.01
3926, 7, 41, Status.SNAKE, 0.01
3927, 4, 18, Status.SNAKE, 0.01
3928, 6, 34, Status.SNAKE, 0.01
3929, 13, 107, Status.SNAKE, 0.01
3930, 16, 104, Status.WALL, 0.01
3931, 6, 38, Status.SNAKE, 0.01
3932, 13, 97, Status.SNAKE, 0.01
3933, 1, 3, Status.SNAKE, 0.01
3934, 15, 126, Status.SNAKE, 0.01
3935, 11, 95, Status.SNAKE, 0.01
3936, 10, 66, Status.SNAKE, 0.01
3937, 10, 99, Status.SNAKE, 0.01
3938, 10, 84, Status.SNAKE, 0.01
3939, 2, 10, Status.SNAKE, 0.01
3940, 6, 39, Status.SNAKE, 0.01
3941, 13, 80, Status.SNAKE, 0.01
3942, 6, 54, Status.SNAKE, 0.01
3943, 3, 12, Status.SNAKE, 0.01
3944, 4, 27, Status.SNAKE, 0.01
3945, 9, 51, Status.SNAKE, 0.01
3946, 11, 88, Status.SNAKE, 0.01
3947, 9, 58, Status.SNAKE, 0.01
3948, 13, 90, Status.SNAKE, 0.01
3949, 2, 22, Status.WALL, 0.01
3950, 10, 68, Status.SNAKE, 0.01
3951, 12, 93, Status.SNAKE, 0.01
3952, 17, 119, Status.SNAKE, 0.01
3953, 12, 83, Status.SNAKE, 0.01
3954, 8, 60, Status.SNAKE, 0.01
3955, 15, 96, Status.SNAKE, 0.01
3956, 2, 19, Status.WALL, 0.01
3957, 6, 50, Status.SNAKE, 0.01
3958, 5, 29, Status.SNAKE, 0.01
3959, 17, 137, Status.SNAKE, 0.01
3960, 13, 79, Status.SNAKE, 0.01
3961, 13, 83, Status.WALL, 0.01
3962, 10, 66, Status.SNAKE, 0.01
3963, 10, 66, Status.SNAKE, 0.01
3964, 2, 21, Status.WALL, 0.01
3965, 7, 45, Status.SNAKE, 0.01
3966, 1, 3, Status.SNAKE, 0.01
3967, 8, 59, Status.SNAKE, 0.01
3968, 17, 115, Status.SNAKE, 0.01
3969, 11, 74, Status.SNAKE, 0.01
3970, 4, 14, Status.WALL, 0.01
3971, 13, 98, Status.SNAKE, 0.01
3972, 7, 53, Status.SNAKE, 0.01
3973, 7, 44, Status.SNAKE, 0.01
3974, 4, 32, Status.WALL, 0.01
3975, 6, 52, Status.SNAKE, 0.01
3976, 1, 7, Status.WALL, 0.01
3977, 10, 54, Status.WALL, 0.01
3978, 3, 15, Status.SNAKE, 0.01
3979, 13, 90, Status.SNAKE, 0.01
3980, 8, 48, Status.SNAKE, 0.01
3981, 14, 113, Status.SNAKE, 0.01
3982, 7, 40, Status.WALL, 0.01
3983, 10, 59, Status.WALL, 0.01
3984, 8, 59, Status.SNAKE, 0.01
3985, 4, 20, Status.SNAKE, 0.01
3986, 5, 39, Status.SNAKE, 0.01
3987, 8, 51, Status.SNAKE, 0.01
3988, 15, 122, Status.SNAKE, 0.01
3989, 6, 30, Status.WALL, 0.01
3990, 2, 16, Status.SNAKE, 0.01
3991, 8, 46, Status.SNAKE, 0.01
3992, 6, 44, Status.SNAKE, 0.01
3993, 5, 22, Status.SNAKE, 0.01
3994, 9, 64, Status.WALL, 0.01
3995, 7, 49, Status.WALL, 0.01
3996, 19, 136, Status.SNAKE, 0.01
3997, 15, 108, Status.WALL, 0.01
3998, 9, 67, Status.SNAKE, 0.01
3999, 2, 8, Status.SNAKE, 0.01
4000, 2, 10, Status.SNAKE, 0.01
4001, 7, 41, Status.WALL, 0.01
4002, 3, 14, Status.SNAKE, 0.01
4003, 15, 136, Status.SNAKE, 0.01
4004, 7, 47, Status.SNAKE, 0.01
4005, 3, 29, Status.WALL, 0.01
4006, 8, 76, Status.WALL, 0.01
4007, 5, 38, Status.SNAKE, 0.01
4008, 6, 50, Status.WALL, 0.01
4009, 17, 113, Status.SNAKE, 0.01
4010, 13, 98, Status.WALL, 0.01
4011, 6, 29, Status.WALL, 0.01
4012, 12, 86, Status.SNAKE, 0.01
4013, 12, 93, Status.SNAKE, 0.01
4014, 17, 116, Status.SNAKE, 0.01
4015, 14, 99, Status.SNAKE, 0.01
4016, 16, 83, Status.SNAKE, 0.01
4017, 0, 6, Status.WALL, 0.01
4018, 19, 108, Status.SNAKE, 0.01
4019, 17, 102, Status.SNAKE, 0.01
4020, 9, 78, Status.SNAKE, 0.01
4021, 18, 114, Status.SNAKE, 0.01
4022, 10, 62, Status.SNAKE, 0.01
4023, 13, 129, Status.SNAKE, 0.01
4024, 10, 71, Status.SNAKE, 0.01
4025, 10, 57, Status.SNAKE, 0.01
4026, 6, 35, Status.SNAKE, 0.01
4027, 14, 87, Status.SNAKE, 0.01
4028, 14, 117, Status.SNAKE, 0.01
4029, 7, 39, Status.WALL, 0.01
4030, 5, 36, Status.SNAKE, 0.01
4031, 7, 50, Status.SNAKE, 0.01
4032, 7, 51, Status.SNAKE, 0.01
4033, 3, 28, Status.SNAKE, 0.01
4034, 6, 46, Status.SNAKE, 0.01
4035, 15, 97, Status.SNAKE, 0.01
4036, 3, 24, Status.SNAKE, 0.01
4037, 6, 32, Status.SNAKE, 0.01
4038, 14, 83, Status.SNAKE, 0.01
4039, 9, 64, Status.SNAKE, 0.01
4040, 9, 69, Status.SNAKE, 0.01
4041, 9, 63, Status.SNAKE, 0.01
4042, 7, 53, Status.SNAKE, 0.01
4043, 17, 115, Status.SNAKE, 0.01
4044, 17, 89, Status.SNAKE, 0.01
4045, 9, 61, Status.SNAKE, 0.01
4046, 2, 10, Status.WALL, 0.01
4047, 8, 62, Status.SNAKE, 0.01
4048, 7, 39, Status.SNAKE, 0.01
4049, 13, 72, Status.SNAKE, 0.01
4050, 6, 25, Status.SNAKE, 0.01
4051, 11, 56, Status.SNAKE, 0.01
4052, 9, 53, Status.SNAKE, 0.01
4053, 10, 80, Status.WALL, 0.01
4054, 8, 40, Status.SNAKE, 0.01
4055, 2, 12, Status.SNAKE, 0.01
4056, 8, 66, Status.WALL, 0.01
4057, 6, 38, Status.WALL, 0.01
4058, 8, 42, Status.SNAKE, 0.01
4059, 5, 37, Status.SNAKE, 0.01
4060, 15, 108, Status.SNAKE, 0.01
4061, 9, 67, Status.SNAKE, 0.01
4062, 4, 16, Status.SNAKE, 0.01
4063, 9, 51, Status.SNAKE, 0.01
4064, 2, 11, Status.SNAKE, 0.01
4065, 2, 19, Status.SNAKE, 0.01
4066, 1, 8, Status.WALL, 0.01
4067, 7, 58, Status.WALL, 0.01
4068, 7, 46, Status.SNAKE, 0.01
4069, 7, 46, Status.WALL, 0.01
4070, 8, 34, Status.SNAKE, 0.01
4071, 9, 70, Status.SNAKE, 0.01
4072, 5, 41, Status.SNAKE, 0.01
4073, 2, 12, Status.SNAKE, 0.01
4074, 9, 58, Status.SNAKE, 0.01
4075, 2, 9, Status.SNAKE, 0.01
4076, 5, 34, Status.WALL, 0.01
4077, 3, 11, Status.SNAKE, 0.01
4078, 14, 103, Status.SNAKE, 0.01
4079, 7, 32, Status.WALL, 0.01
4080, 10, 62, Status.SNAKE, 0.01
4081, 6, 47, Status.SNAKE, 0.01
4082, 9, 51, Status.SNAKE, 0.01
4083, 2, 16, Status.WALL, 0.01
4084, 2, 7, Status.SNAKE, 0.01
4085, 7, 57, Status.SNAKE, 0.01
4086, 8, 52, Status.SNAKE, 0.01
4087, 3, 22, Status.SNAKE, 0.01
4088, 9, 42, Status.SNAKE, 0.01
4089, 12, 77, Status.SNAKE, 0.01
4090, 11, 63, Status.SNAKE, 0.01
4091, 8, 60, Status.WALL, 0.01
4092, 1, 7, Status.WALL, 0.01
4093, 8, 56, Status.WALL, 0.01
4094, 16, 128, Status.SNAKE, 0.01
4095, 13, 101, Status.WALL, 0.01
4096, 1, 8, Status.SNAKE, 0.01
4097, 9, 54, Status.WALL, 0.01
4098, 9, 66, Status.SNAKE, 0.01
4099, 5, 24, Status.SNAKE, 0.01
4100, 21, 133, Status.SNAKE, 0.01
4101, 4, 25, Status.WALL, 0.01
4102, 9, 64, Status.SNAKE, 0.01
4103, 15, 89, Status.SNAKE, 0.01
4104, 10, 72, Status.WALL, 0.01
4105, 12, 61, Status.SNAKE, 0.01
4106, 1, 9, Status.WALL, 0.01
4107, 7, 38, Status.SNAKE, 0.01
4108, 11, 58, Status.SNAKE, 0.01
4109, 7, 40, Status.SNAKE, 0.01
4110, 7, 47, Status.SNAKE, 0.01
4111, 4, 31, Status.SNAKE, 0.01
4112, 19, 112, Status.SNAKE, 0.01
4113, 6, 35, Status.SNAKE, 0.01
4114, 3, 9, Status.SNAKE, 0.01
4115, 10, 58, Status.WALL, 0.01
4116, 2, 16, Status.WALL, 0.01
4117, 8, 39, Status.SNAKE, 0.01
4118, 12, 78, Status.SNAKE, 0.01
4119, 2, 11, Status.SNAKE, 0.01
4120, 11, 67, Status.SNAKE, 0.01
4121, 6, 31, Status.SNAKE, 0.01
4122, 8, 37, Status.SNAKE, 0.01
4123, 13, 122, Status.SNAKE, 0.01
4124, 11, 77, Status.SNAKE, 0.01
4125, 5, 39, Status.SNAKE, 0.01
4126, 8, 48, Status.SNAKE, 0.01
4127, 9, 75, Status.SNAKE, 0.01
4128, 8, 51, Status.SNAKE, 0.01
4129, 18, 133, Status.SNAKE, 0.01
4130, 15, 86, Status.SNAKE, 0.01
4131, 15, 112, Status.SNAKE, 0.01
4132, 5, 28, Status.SNAKE, 0.01
4133, 3, 15, Status.SNAKE, 0.01
4134, 8, 52, Status.WALL, 0.01
4135, 7, 55, Status.WALL, 0.01
4136, 3, 18, Status.SNAKE, 0.01
4137, 6, 29, Status.SNAKE, 0.01
4138, 17, 107, Status.SNAKE, 0.01
4139, 7, 43, Status.SNAKE, 0.01
4140, 2, 23, Status.SNAKE, 0.01
4141, 7, 33, Status.WALL, 0.01
4142, 5, 42, Status.SNAKE, 0.01
4143, 8, 68, Status.SNAKE, 0.01
4144, 7, 51, Status.WALL, 0.01
4145, 5, 33, Status.SNAKE, 0.01
4146, 11, 76, Status.SNAKE, 0.01
4147, 9, 58, Status.SNAKE, 0.01
4148, 8, 65, Status.SNAKE, 0.01
4149, 5, 27, Status.SNAKE, 0.01
4150, 15, 103, Status.SNAKE, 0.01
4151, 2, 10, Status.WALL, 0.01
4152, 3, 8, Status.SNAKE, 0.01
4153, 6, 32, Status.SNAKE, 0.01
4154, 16, 141, Status.SNAKE, 0.01
4155, 10, 64, Status.SNAKE, 0.01
4156, 5, 34, Status.SNAKE, 0.01
4157, 4, 24, Status.WALL, 0.01
4158, 10, 61, Status.WALL, 0.01
4159, 10, 55, Status.SNAKE, 0.01
4160, 11, 73, Status.SNAKE, 0.01
4161, 6, 30, Status.SNAKE, 0.01
4162, 18, 145, Status.WALL, 0.01
4163, 9, 49, Status.SNAKE, 0.01
4164, 11, 70, Status.SNAKE, 0.01
4165, 13, 81, Status.SNAKE, 0.01
4166, 10, 54, Status.SNAKE, 0.01
4167, 3, 26, Status.SNAKE, 0.01
4168, 11, 61, Status.SNAKE, 0.01
4169, 5, 26, Status.SNAKE, 0.01
4170, 9, 66, Status.SNAKE, 0.01
4171, 5, 28, Status.SNAKE, 0.01
4172, 3, 27, Status.SNAKE, 0.01
4173, 5, 32, Status.SNAKE, 0.01
4174, 9, 73, Status.SNAKE, 0.01
4175, 3, 18, Status.SNAKE, 0.01
4176, 1, 8, Status.SNAKE, 0.01
4177, 1, 3, Status.SNAKE, 0.01
4178, 5, 32, Status.WALL, 0.01
4179, 10, 63, Status.WALL, 0.01
4180, 6, 45, Status.SNAKE, 0.01
4181, 12, 67, Status.SNAKE, 0.01
4182, 14, 69, Status.SNAKE, 0.01
4183, 11, 81, Status.SNAKE, 0.01
4184, 1, 7, Status.WALL, 0.01
4185, 2, 16, Status.SNAKE, 0.01
4186, 12, 75, Status.SNAKE, 0.01
4187, 7, 42, Status.SNAKE, 0.01
4188, 15, 71, Status.SNAKE, 0.01
4189, 7, 48, Status.SNAKE, 0.01
4190, 3, 22, Status.SNAKE, 0.01
4191, 1, 7, Status.WALL, 0.01
4192, 5, 38, Status.SNAKE, 0.01
4193, 12, 82, Status.WALL, 0.01
4194, 4, 23, Status.WALL, 0.01
4195, 15, 107, Status.WALL, 0.01
4196, 7, 54, Status.SNAKE, 0.01
4197, 13, 90, Status.SNAKE, 0.01
4198, 6, 51, Status.SNAKE, 0.01
4199, 15, 106, Status.SNAKE, 0.01
4200, 7, 43, Status.SNAKE, 0.01
4201, 12, 92, Status.SNAKE, 0.01
4202, 6, 32, Status.WALL, 0.01
4203, 1, 5, Status.SNAKE, 0.01
4204, 11, 60, Status.SNAKE, 0.01
4205, 14, 89, Status.WALL, 0.01
4206, 13, 77, Status.SNAKE, 0.01
4207, 15, 120, Status.SNAKE, 0.01
4208, 16, 92, Status.SNAKE, 0.01
4209, 7, 45, Status.SNAKE, 0.01
4210, 9, 64, Status.SNAKE, 0.01
4211, 15, 65, Status.SNAKE, 0.01
4212, 13, 95, Status.SNAKE, 0.01
4213, 6, 36, Status.SNAKE, 0.01
4214, 9, 65, Status.SNAKE, 0.01
4215, 10, 61, Status.SNAKE, 0.01
4216, 2, 10, Status.SNAKE, 0.01
4217, 12, 79, Status.SNAKE, 0.01
4218, 1, 3, Status.SNAKE, 0.01
4219, 12, 82, Status.SNAKE, 0.01
4220, 6, 35, Status.SNAKE, 0.01
4221, 14, 89, Status.SNAKE, 0.01
4222, 7, 46, Status.SNAKE, 0.01
4223, 22, 137, Status.SNAKE, 0.01
4224, 1, 8, Status.SNAKE, 0.01
4225, 1, 8, Status.SNAKE, 0.01
4226, 14, 77, Status.SNAKE, 0.01
4227, 10, 62, Status.SNAKE, 0.01
4228, 6, 39, Status.SNAKE, 0.01
4229, 3, 25, Status.WALL, 0.01
4230, 5, 20, Status.WALL, 0.01
4231, 10, 65, Status.SNAKE, 0.01
4232, 11, 57, Status.SNAKE, 0.01
4233, 4, 14, Status.SNAKE, 0.01
4234, 15, 95, Status.SNAKE, 0.01
4235, 7, 40, Status.WALL, 0.01
4236, 7, 58, Status.SNAKE, 0.01
4237, 11, 66, Status.SNAKE, 0.01
4238, 11, 49, Status.SNAKE, 0.01
4239, 5, 30, Status.SNAKE, 0.01
4240, 2, 14, Status.SNAKE, 0.01
4241, 10, 71, Status.SNAKE, 0.01
4242, 8, 52, Status.SNAKE, 0.01
4243, 13, 83, Status.WALL, 0.01
4244, 12, 86, Status.SNAKE, 0.01
4245, 5, 26, Status.SNAKE, 0.01
4246, 1, 19, Status.WALL, 0.01
4247, 6, 30, Status.SNAKE, 0.01
4248, 12, 82, Status.WALL, 0.01
4249, 8, 53, Status.SNAKE, 0.01
4250, 5, 32, Status.SNAKE, 0.01
4251, 12, 102, Status.SNAKE, 0.01
4252, 5, 28, Status.SNAKE, 0.01
4253, 7, 43, Status.SNAKE, 0.01
4254, 17, 140, Status.SNAKE, 0.01
4255, 7, 42, Status.SNAKE, 0.01
4256, 12, 94, Status.SNAKE, 0.01
4257, 6, 39, Status.WALL, 0.01
4258, 8, 51, Status.SNAKE, 0.01
4259, 15, 112, Status.SNAKE, 0.01
4260, 11, 77, Status.SNAKE, 0.01
4261, 7, 40, Status.SNAKE, 0.01
4262, 7, 65, Status.SNAKE, 0.01
4263, 6, 37, Status.SNAKE, 0.01
4264, 15, 100, Status.SNAKE, 0.01
4265, 7, 41, Status.SNAKE, 0.01
4266, 1, 3, Status.SNAKE, 0.01
4267, 13, 89, Status.SNAKE, 0.01
4268, 8, 45, Status.SNAKE, 0.01
4269, 8, 57, Status.WALL, 0.01
4270, 2, 12, Status.WALL, 0.01
4271, 2, 15, Status.SNAKE, 0.01
4272, 3, 22, Status.WALL, 0.01
4273, 3, 16, Status.SNAKE, 0.01
4274, 14, 92, Status.SNAKE, 0.01
4275, 7, 56, Status.SNAKE, 0.01
4276, 8, 53, Status.SNAKE, 0.01
4277, 9, 58, Status.WALL, 0.01
4278, 6, 33, Status.SNAKE, 0.01
4279, 6, 39, Status.SNAKE, 0.01
4280, 2, 12, Status.SNAKE, 0.01
4281, 10, 81, Status.SNAKE, 0.01
4282, 6, 37, Status.SNAKE, 0.01
4283, 16, 107, Status.SNAKE, 0.01
4284, 2, 8, Status.WALL, 0.01
4285, 6, 41, Status.SNAKE, 0.01
4286, 14, 93, Status.SNAKE, 0.01
4287, 12, 88, Status.SNAKE, 0.01
4288, 11, 84, Status.WALL, 0.01
4289, 9, 38, Status.SNAKE, 0.01
4290, 2, 10, Status.SNAKE, 0.01
4291, 12, 76, Status.SNAKE, 0.01
4292, 4, 24, Status.SNAKE, 0.01
4293, 13, 87, Status.SNAKE, 0.01
4294, 5, 40, Status.SNAKE, 0.01
4295, 4, 16, Status.SNAKE, 0.01
4296, 10, 77, Status.SNAKE, 0.01
4297, 18, 112, Status.SNAKE, 0.01
4298, 6, 41, Status.WALL, 0.01
4299, 16, 103, Status.SNAKE, 0.01
4300, 2, 15, Status.SNAKE, 0.01
4301, 9, 70, Status.SNAKE, 0.01
4302, 11, 104, Status.SNAKE, 0.01
4303, 10, 56, Status.WALL, 0.01
4304, 3, 32, Status.SNAKE, 0.01
4305, 13, 70, Status.WALL, 0.01
4306, 14, 116, Status.SNAKE, 0.01
4307, 8, 54, Status.WALL, 0.01
4308, 7, 28, Status.SNAKE, 0.01
4309, 11, 73, Status.SNAKE, 0.01
4310, 9, 60, Status.SNAKE, 0.01
4311, 11, 75, Status.SNAKE, 0.01
4312, 14, 84, Status.WALL, 0.01
4313, 2, 8, Status.SNAKE, 0.01
4314, 3, 20, Status.SNAKE, 0.01
4315, 8, 53, Status.SNAKE, 0.01
4316, 8, 33, Status.SNAKE, 0.01
4317, 5, 31, Status.SNAKE, 0.01
4318, 6, 47, Status.SNAKE, 0.01
4319, 6, 36, Status.SNAKE, 0.01
4320, 6, 47, Status.WALL, 0.01
4321, 10, 65, Status.SNAKE, 0.01
4322, 11, 64, Status.SNAKE, 0.01
4323, 1, 7, Status.SNAKE, 0.01
4324, 3, 21, Status.SNAKE, 0.01
4325, 8, 58, Status.SNAKE, 0.01
4326, 1, 9, Status.WALL, 0.01
4327, 2, 15, Status.SNAKE, 0.01
4328, 4, 38, Status.WALL, 0.01
4329, 5, 40, Status.SNAKE, 0.01
4330, 1, 5, Status.SNAKE, 0.01
4331, 9, 60, Status.SNAKE, 0.01
4332, 3, 22, Status.SNAKE, 0.01
4333, 17, 150, Status.SNAKE, 0.01
4334, 14, 87, Status.SNAKE, 0.01
4335, 3, 23, Status.SNAKE, 0.01
4336, 10, 62, Status.WALL, 0.01
4337, 18, 128, Status.SNAKE, 0.01
4338, 6, 36, Status.SNAKE, 0.01
4339, 10, 58, Status.SNAKE, 0.01
4340, 3, 15, Status.SNAKE, 0.01
4341, 3, 17, Status.SNAKE, 0.01
4342, 22, 148, Status.SNAKE, 0.01
4343, 9, 49, Status.SNAKE, 0.01
4344, 10, 60, Status.SNAKE, 0.01
4345, 10, 67, Status.SNAKE, 0.01
4346, 14, 102, Status.SNAKE, 0.01
4347, 11, 87, Status.SNAKE, 0.01
4348, 4, 21, Status.SNAKE, 0.01
4349, 4, 15, Status.SNAKE, 0.01
4350, 12, 94, Status.SNAKE, 0.01
4351, 17, 109, Status.SNAKE, 0.01
4352, 19, 120, Status.SNAKE, 0.01
4353, 2, 16, Status.SNAKE, 0.01
4354, 5, 26, Status.WALL, 0.01
4355, 5, 27, Status.SNAKE, 0.01
4356, 4, 24, Status.WALL, 0.01
4357, 17, 120, Status.SNAKE, 0.01
4358, 16, 107, Status.SNAKE, 0.01
4359, 5, 31, Status.WALL, 0.01
4360, 12, 86, Status.SNAKE, 0.01
4361, 1, 3, Status.SNAKE, 0.01
4362, 1, 8, Status.SNAKE, 0.01
4363, 10, 48, Status.WALL, 0.01
4364, 8, 59, Status.SNAKE, 0.01
4365, 5, 39, Status.WALL, 0.01
4366, 6, 34, Status.SNAKE, 0.01
4367, 8, 48, Status.SNAKE, 0.01
4368, 7, 46, Status.SNAKE, 0.01
4369, 4, 22, Status.SNAKE, 0.01
4370, 9, 60, Status.SNAKE, 0.01
4371, 10, 82, Status.SNAKE, 0.01
4372, 7, 49, Status.SNAKE, 0.01
4373, 8, 69, Status.SNAKE, 0.01
4374, 8, 73, Status.SNAKE, 0.01
4375, 7, 48, Status.SNAKE, 0.01
4376, 11, 97, Status.SNAKE, 0.01
4377, 1, 3, Status.SNAKE, 0.01
4378, 5, 33, Status.WALL, 0.01
4379, 1, 5, Status.WALL, 0.01
4380, 8, 51, Status.SNAKE, 0.01
4381, 1, 3, Status.SNAKE, 0.01
4382, 7, 64, Status.SNAKE, 0.01
4383, 8, 49, Status.SNAKE, 0.01
4384, 7, 27, Status.SNAKE, 0.01
4385, 2, 20, Status.SNAKE, 0.01
4386, 6, 39, Status.SNAKE, 0.01
4387, 12, 110, Status.SNAKE, 0.01
4388, 10, 70, Status.SNAKE, 0.01
4389, 9, 58, Status.SNAKE, 0.01
4390, 8, 58, Status.SNAKE, 0.01
4391, 10, 84, Status.SNAKE, 0.01
4392, 5, 37, Status.SNAKE, 0.01
4393, 11, 77, Status.SNAKE, 0.01
4394, 6, 32, Status.WALL, 0.01
4395, 13, 91, Status.SNAKE, 0.01
4396, 2, 20, Status.WALL, 0.01
4397, 4, 26, Status.WALL, 0.01
4398, 9, 67, Status.SNAKE, 0.01
4399, 1, 3, Status.SNAKE, 0.01
4400, 10, 79, Status.SNAKE, 0.01
4401, 10, 69, Status.SNAKE, 0.01
4402, 14, 75, Status.SNAKE, 0.01
4403, 11, 73, Status.SNAKE, 0.01
4404, 9, 62, Status.SNAKE, 0.01
4405, 9, 56, Status.WALL, 0.01
4406, 10, 68, Status.SNAKE, 0.01
4407, 14, 103, Status.SNAKE, 0.01
4408, 7, 35, Status.SNAKE, 0.01
4409, 20, 140, Status.SNAKE, 0.01
4410, 9, 78, Status.SNAKE, 0.01
4411, 1, 5, Status.SNAKE, 0.01
4412, 3, 21, Status.SNAKE, 0.01
4413, 7, 47, Status.SNAKE, 0.01
4414, 8, 54, Status.SNAKE, 0.01
4415, 3, 24, Status.SNAKE, 0.01
4416, 1, 7, Status.SNAKE, 0.01
4417, 11, 79, Status.WALL, 0.01
4418, 3, 23, Status.SNAKE, 0.01
4419, 9, 51, Status.SNAKE, 0.01
4420, 8, 50, Status.SNAKE, 0.01
4421, 4, 18, Status.SNAKE, 0.01
4422, 11, 58, Status.SNAKE, 0.01
4423, 7, 40, Status.SNAKE, 0.01
4424, 13, 75, Status.WALL, 0.01
4425, 11, 71, Status.WALL, 0.01
4426, 25, 171, Status.SNAKE, 0.01
4427, 3, 20, Status.SNAKE, 0.01
4428, 6, 38, Status.SNAKE, 0.01
4429, 11, 90, Status.SNAKE, 0.01
4430, 1, 12, Status.WALL, 0.01
4431, 8, 62, Status.WALL, 0.01
4432, 2, 15, Status.SNAKE, 0.01
4433, 5, 36, Status.SNAKE, 0.01
4434, 9, 49, Status.WALL, 0.01
4435, 6, 40, Status.SNAKE, 0.01
4436, 10, 64, Status.SNAKE, 0.01
4437, 5, 37, Status.WALL, 0.01
4438, 2, 17, Status.WALL, 0.01
4439, 9, 44, Status.SNAKE, 0.01
4440, 8, 45, Status.SNAKE, 0.01
4441, 3, 18, Status.SNAKE, 0.01
4442, 5, 35, Status.SNAKE, 0.01
4443, 20, 150, Status.SNAKE, 0.01
4444, 1, 5, Status.SNAKE, 0.01
4445, 10, 77, Status.SNAKE, 0.01
4446, 10, 69, Status.SNAKE, 0.01
4447, 12, 67, Status.SNAKE, 0.01
4448, 14, 117, Status.SNAKE, 0.01
4449, 11, 83, Status.SNAKE, 0.01
4450, 12, 72, Status.SNAKE, 0.01
4451, 17, 104, Status.SNAKE, 0.01
4452, 3, 27, Status.SNAKE, 0.01
4453, 12, 83, Status.WALL, 0.01
4454, 8, 48, Status.WALL, 0.01
4455, 6, 31, Status.SNAKE, 0.01
4456, 15, 106, Status.WALL, 0.01
4457, 9, 58, Status.WALL, 0.01
4458, 4, 38, Status.WALL, 0.01
4459, 13, 84, Status.WALL, 0.01
4460, 20, 168, Status.SNAKE, 0.01
4461, 17, 120, Status.SNAKE, 0.01
4462, 14, 116, Status.WALL, 0.01
4463, 7, 47, Status.SNAKE, 0.01
4464, 3, 23, Status.SNAKE, 0.01
4465, 10, 57, Status.SNAKE, 0.01
4466, 5, 31, Status.SNAKE, 0.01
4467, 5, 44, Status.SNAKE, 0.01
4468, 6, 50, Status.WALL, 0.01
4469, 12, 70, Status.SNAKE, 0.01
4470, 10, 70, Status.SNAKE, 0.01
4471, 12, 68, Status.SNAKE, 0.01
4472, 10, 36, Status.SNAKE, 0.01
4473, 7, 56, Status.WALL, 0.01
4474, 6, 54, Status.SNAKE, 0.01
4475, 12, 79, Status.SNAKE, 0.01
4476, 2, 9, Status.WALL, 0.01
4477, 9, 69, Status.SNAKE, 0.01
4478, 9, 55, Status.SNAKE, 0.01
4479, 10, 59, Status.SNAKE, 0.01
4480, 9, 53, Status.WALL, 0.01
4481, 3, 19, Status.WALL, 0.01
4482, 8, 70, Status.SNAKE, 0.01
4483, 2, 19, Status.SNAKE, 0.01
4484, 13, 77, Status.SNAKE, 0.01
4485, 10, 75, Status.SNAKE, 0.01
4486, 3, 18, Status.SNAKE, 0.01
4487, 4, 28, Status.SNAKE, 0.01
4488, 12, 89, Status.SNAKE, 0.01
4489, 9, 52, Status.SNAKE, 0.01
4490, 14, 72, Status.SNAKE, 0.01
4491, 10, 59, Status.SNAKE, 0.01
4492, 5, 34, Status.SNAKE, 0.01
4493, 10, 95, Status.WALL, 0.01
4494, 1, 10, Status.WALL, 0.01
4495, 15, 106, Status.SNAKE, 0.01
4496, 6, 22, Status.SNAKE, 0.01
4497, 4, 21, Status.SNAKE, 0.01
4498, 7, 37, Status.SNAKE, 0.01
4499, 21, 161, Status.WALL, 0.01
4500, 3, 14, Status.WALL, 0.01
4501, 5, 23, Status.SNAKE, 0.01
4502, 10, 53, Status.WALL, 0.01
4503, 10, 73, Status.SNAKE, 0.01
4504, 5, 22, Status.WALL, 0.01
4505, 2, 18, Status.WALL, 0.01
4506, 13, 86, Status.SNAKE, 0.01
4507, 6, 36, Status.SNAKE, 0.01
4508, 16, 108, Status.WALL, 0.01
4509, 6, 50, Status.SNAKE, 0.01
4510, 17, 126, Status.SNAKE, 0.01
4511, 8, 76, Status.WALL, 0.01
4512, 8, 44, Status.SNAKE, 0.01
4513, 10, 68, Status.SNAKE, 0.01
4514, 10, 42, Status.SNAKE, 0.01
4515, 19, 158, Status.SNAKE, 0.01
4516, 7, 33, Status.SNAKE, 0.01
4517, 8, 58, Status.SNAKE, 0.01
4518, 5, 23, Status.SNAKE, 0.01
4519, 2, 14, Status.WALL, 0.01
4520, 5, 28, Status.SNAKE, 0.01
4521, 10, 76, Status.SNAKE, 0.01
4522, 11, 60, Status.SNAKE, 0.01
4523, 12, 92, Status.SNAKE, 0.01
4524, 11, 64, Status.WALL, 0.01
4525, 6, 41, Status.SNAKE, 0.01
4526, 1, 20, Status.SNAKE, 0.01
4527, 1, 10, Status.SNAKE, 0.01
4528, 5, 25, Status.WALL, 0.01
4529, 8, 58, Status.WALL, 0.01
4530, 6, 41, Status.SNAKE, 0.01
4531, 11, 79, Status.SNAKE, 0.01
4532, 13, 96, Status.SNAKE, 0.01
4533, 7, 56, Status.SNAKE, 0.01
4534, 11, 81, Status.SNAKE, 0.01
4535, 15, 129, Status.SNAKE, 0.01
4536, 16, 95, Status.SNAKE, 0.01
4537, 5, 33, Status.SNAKE, 0.01
4538, 11, 74, Status.WALL, 0.01
4539, 11, 71, Status.SNAKE, 0.01
4540, 7, 54, Status.WALL, 0.01
4541, 15, 94, Status.WALL, 0.01
4542, 7, 31, Status.SNAKE, 0.01
4543, 6, 26, Status.SNAKE, 0.01
4544, 8, 73, Status.SNAKE, 0.01
4545, 9, 71, Status.SNAKE, 0.01
4546, 15, 70, Status.SNAKE, 0.01
4547, 3, 27, Status.WALL, 0.01
4548, 13, 93, Status.SNAKE, 0.01
4549, 5, 23, Status.SNAKE, 0.01
4550, 7, 34, Status.SNAKE, 0.01
4551, 10, 62, Status.WALL, 0.01
4552, 3, 12, Status.SNAKE, 0.01
4553, 7, 37, Status.SNAKE, 0.01
4554, 6, 47, Status.SNAKE, 0.01
4555, 14, 78, Status.WALL, 0.01
4556, 9, 58, Status.SNAKE, 0.01
4557, 10, 84, Status.SNAKE, 0.01
4558, 7, 40, Status.WALL, 0.01
4559, 7, 44, Status.SNAKE, 0.01
4560, 8, 34, Status.SNAKE, 0.01
4561, 11, 81, Status.SNAKE, 0.01
4562, 9, 88, Status.WALL, 0.01
4563, 13, 85, Status.SNAKE, 0.01
4564, 7, 48, Status.SNAKE, 0.01
4565, 12, 65, Status.SNAKE, 0.01
4566, 8, 54, Status.WALL, 0.01
4567, 10, 55, Status.SNAKE, 0.01
4568, 5, 34, Status.SNAKE, 0.01
4569, 2, 12, Status.SNAKE, 0.01
4570, 20, 140, Status.WALL, 0.01
4571, 10, 72, Status.SNAKE, 0.01
4572, 6, 42, Status.SNAKE, 0.01
4573, 10, 88, Status.SNAKE, 0.01
4574, 9, 46, Status.SNAKE, 0.01
4575, 8, 51, Status.SNAKE, 0.01
4576, 1, 7, Status.SNAKE, 0.01
4577, 5, 39, Status.SNAKE, 0.01
4578, 11, 113, Status.WALL, 0.01
4579, 6, 31, Status.SNAKE, 0.01
4580, 18, 121, Status.SNAKE, 0.01
4581, 8, 54, Status.SNAKE, 0.01
4582, 10, 54, Status.WALL, 0.01
4583, 9, 66, Status.SNAKE, 0.01
4584, 12, 83, Status.SNAKE, 0.01
4585, 9, 55, Status.WALL, 0.01
4586, 1, 5, Status.SNAKE, 0.01
4587, 11, 93, Status.SNAKE, 0.01
4588, 12, 73, Status.WALL, 0.01
4589, 6, 36, Status.WALL, 0.01
4590, 7, 58, Status.SNAKE, 0.01
4591, 18, 133, Status.SNAKE, 0.01
4592, 7, 42, Status.SNAKE, 0.01
4593, 6, 36, Status.SNAKE, 0.01
4594, 10, 72, Status.SNAKE, 0.01
4595, 3, 15, Status.SNAKE, 0.01
4596, 13, 99, Status.SNAKE, 0.01
4597, 4, 22, Status.WALL, 0.01
4598, 8, 73, Status.SNAKE, 0.01
4599, 8, 62, Status.SNAKE, 0.01
4600, 10, 86, Status.SNAKE, 0.01
4601, 9, 46, Status.SNAKE, 0.01
4602, 14, 99, Status.SNAKE, 0.01
4603, 18, 119, Status.SNAKE, 0.01
4604, 16, 121, Status.SNAKE, 0.01
4605, 20, 141, Status.SNAKE, 0.01
4606, 9, 43, Status.SNAKE, 0.01
4607, 1, 12, Status.SNAKE, 0.01
4608, 8, 45, Status.SNAKE, 0.01
4609, 3, 15, Status.SNAKE, 0.01
4610, 9, 55, Status.SNAKE, 0.01
4611, 21, 137, Status.SNAKE, 0.01
4612, 5, 33, Status.SNAKE, 0.01
4613, 9, 68, Status.SNAKE, 0.01
4614, 4, 31, Status.SNAKE, 0.01
4615, 5, 31, Status.SNAKE, 0.01
4616, 6, 45, Status.WALL, 0.01
4617, 3, 20, Status.SNAKE, 0.01
4618, 3, 20, Status.SNAKE, 0.01
4619, 9, 52, Status.SNAKE, 0.01
4620, 2, 13, Status.SNAKE, 0.01
4621, 1, 22, Status.WALL, 0.01
4622, 5, 24, Status.SNAKE, 0.01
4623, 17, 124, Status.SNAKE, 0.01
4624, 6, 60, Status.SNAKE, 0.01
4625, 8, 58, Status.WALL, 0.01
4626, 18, 140, Status.SNAKE, 0.01
4627, 15, 116, Status.SNAKE, 0.01
4628, 16, 101, Status.SNAKE, 0.01
4629, 3, 13, Status.SNAKE, 0.01
4630, 5, 22, Status.SNAKE, 0.01
4631, 15, 97, Status.SNAKE, 0.01
4632, 5, 25, Status.WALL, 0.01
4633, 15, 121, Status.SNAKE, 0.01
4634, 11, 85, Status.SNAKE, 0.01
4635, 6, 36, Status.SNAKE, 0.01
4636, 12, 94, Status.WALL, 0.01
4637, 5, 44, Status.SNAKE, 0.01
4638, 12, 78, Status.WALL, 0.01
4639, 11, 78, Status.SNAKE, 0.01
4640, 9, 60, Status.SNAKE, 0.01
4641, 14, 116, Status.SNAKE, 0.01
4642, 5, 27, Status.SNAKE, 0.01
4643, 17, 105, Status.SNAKE, 0.01
4644, 14, 104, Status.SNAKE, 0.01
4645, 12, 77, Status.SNAKE, 0.01
4646, 7, 46, Status.SNAKE, 0.01
4647, 12, 77, Status.SNAKE, 0.01
4648, 15, 120, Status.WALL, 0.01
4649, 7, 32, Status.WALL, 0.01
4650, 8, 63, Status.SNAKE, 0.01
4651, 9, 65, Status.SNAKE, 0.01
4652, 13, 81, Status.SNAKE, 0.01
4653, 3, 26, Status.SNAKE, 0.01
4654, 6, 45, Status.SNAKE, 0.01
4655, 11, 69, Status.SNAKE, 0.01
4656, 11, 77, Status.SNAKE, 0.01
4657, 6, 32, Status.SNAKE, 0.01
4658, 10, 50, Status.SNAKE, 0.01
4659, 14, 121, Status.WALL, 0.01
4660, 7, 41, Status.SNAKE, 0.01
4661, 13, 81, Status.WALL, 0.01
4662, 15, 107, Status.SNAKE, 0.01
4663, 9, 75, Status.SNAKE, 0.01
4664, 8, 57, Status.WALL, 0.01
4665, 7, 39, Status.SNAKE, 0.01
4666, 15, 100, Status.SNAKE, 0.01
4667, 14, 103, Status.SNAKE, 0.01
4668, 9, 52, Status.SNAKE, 0.01
4669, 8, 60, Status.WALL, 0.01
4670, 7, 41, Status.WALL, 0.01
4671, 12, 92, Status.SNAKE, 0.01
4672, 17, 96, Status.SNAKE, 0.01
4673, 10, 55, Status.SNAKE, 0.01
4674, 8, 52, Status.SNAKE, 0.01
4675, 11, 81, Status.SNAKE, 0.01
4676, 2, 22, Status.SNAKE, 0.01
4677, 8, 54, Status.SNAKE, 0.01
4678, 2, 11, Status.SNAKE, 0.01
4679, 7, 50, Status.SNAKE, 0.01
4680, 12, 73, Status.SNAKE, 0.01
4681, 12, 67, Status.SNAKE, 0.01
4682, 8, 59, Status.SNAKE, 0.01
4683, 4, 26, Status.WALL, 0.01
4684, 8, 50, Status.SNAKE, 0.01
4685, 12, 64, Status.WALL, 0.01
4686, 9, 56, Status.SNAKE, 0.01
4687, 7, 47, Status.SNAKE, 0.01
4688, 12, 89, Status.SNAKE, 0.01
4689, 1, 11, Status.SNAKE, 0.01
4690, 5, 29, Status.SNAKE, 0.01
4691, 3, 29, Status.SNAKE, 0.01
4692, 2, 21, Status.WALL, 0.01
4693, 4, 37, Status.WALL, 0.01
4694, 4, 21, Status.SNAKE, 0.01
4695, 3, 21, Status.WALL, 0.01
4696, 12, 102, Status.SNAKE, 0.01
4697, 1, 3, Status.SNAKE, 0.01
4698, 4, 26, Status.SNAKE, 0.01
4699, 10, 89, Status.SNAKE, 0.01
4700, 7, 38, Status.WALL, 0.01
4701, 1, 5, Status.SNAKE, 0.01
4702, 2, 19, Status.SNAKE, 0.01
4703, 15, 97, Status.SNAKE, 0.01
4704, 12, 90, Status.SNAKE, 0.01
4705, 8, 59, Status.WALL, 0.01
4706, 12, 89, Status.SNAKE, 0.01
4707, 13, 106, Status.SNAKE, 0.01
4708, 6, 46, Status.SNAKE, 0.01
4709, 13, 100, Status.SNAKE, 0.01
4710, 4, 24, Status.SNAKE, 0.01
4711, 10, 69, Status.WALL, 0.01
4712, 9, 78, Status.SNAKE, 0.01
4713, 9, 62, Status.SNAKE, 0.01
4714, 3, 13, Status.WALL, 0.01
4715, 1, 5, Status.SNAKE, 0.01
4716, 9, 61, Status.SNAKE, 0.01
4717, 14, 85, Status.SNAKE, 0.01
4718, 17, 104, Status.SNAKE, 0.01
4719, 10, 37, Status.SNAKE, 0.01
4720, 13, 81, Status.SNAKE, 0.01
4721, 5, 49, Status.SNAKE, 0.01
4722, 11, 90, Status.SNAKE, 0.01
4723, 8, 52, Status.SNAKE, 0.01
4724, 3, 22, Status.WALL, 0.01
4725, 3, 14, Status.WALL, 0.01
4726, 5, 40, Status.SNAKE, 0.01
4727, 1, 7, Status.SNAKE, 0.01
4728, 10, 69, Status.SNAKE, 0.01
4729, 3, 8, Status.SNAKE, 0.01
4730, 12, 94, Status.SNAKE, 0.01
4731, 16, 133, Status.WALL, 0.01
4732, 10, 75, Status.SNAKE, 0.01
4733, 14, 108, Status.SNAKE, 0.01
4734, 2, 16, Status.SNAKE, 0.01
4735, 1, 3, Status.SNAKE, 0.01
4736, 1, 3, Status.SNAKE, 0.01
4737, 5, 31, Status.SNAKE, 0.01
4738, 7, 45, Status.WALL, 0.01
4739, 2, 16, Status.SNAKE, 0.01
4740, 14, 107, Status.SNAKE, 0.01
4741, 5, 23, Status.WALL, 0.01
4742, 3, 22, Status.SNAKE, 0.01
4743, 18, 137, Status.WALL, 0.01
4744, 13, 97, Status.SNAKE, 0.01
4745, 8, 39, Status.SNAKE, 0.01
4746, 11, 94, Status.SNAKE, 0.01
4747, 6, 43, Status.WALL, 0.01
4748, 2, 13, Status.WALL, 0.01
4749, 11, 56, Status.SNAKE, 0.01
4750, 5, 32, Status.SNAKE, 0.01
4751, 2, 11, Status.WALL, 0.01
4752, 6, 42, Status.SNAKE, 0.01
4753, 9, 73, Status.SNAKE, 0.01
4754, 17, 124, Status.SNAKE, 0.01
4755, 9, 58, Status.SNAKE, 0.01
4756, 17, 140, Status.SNAKE, 0.01
4757, 9, 67, Status.SNAKE, 0.01
4758, 5, 19, Status.SNAKE, 0.01
4759, 8, 64, Status.SNAKE, 0.01
4760, 6, 35, Status.SNAKE, 0.01
4761, 1, 5, Status.SNAKE, 0.01
4762, 10, 61, Status.WALL, 0.01
4763, 12, 73, Status.SNAKE, 0.01
4764, 6, 21, Status.SNAKE, 0.01
4765, 9, 49, Status.SNAKE, 0.01
4766, 9, 40, Status.SNAKE, 0.01
4767, 13, 96, Status.SNAKE, 0.01
4768, 7, 42, Status.SNAKE, 0.01
4769, 14, 88, Status.SNAKE, 0.01
4770, 1, 5, Status.SNAKE, 0.01
4771, 4, 24, Status.SNAKE, 0.01
4772, 12, 106, Status.SNAKE, 0.01
4773, 13, 83, Status.SNAKE, 0.01
4774, 8, 61, Status.WALL, 0.01
4775, 2, 9, Status.SNAKE, 0.01
4776, 11, 98, Status.SNAKE, 0.01
4777, 15, 89, Status.SNAKE, 0.01
4778, 3, 20, Status.SNAKE, 0.01
4779, 5, 43, Status.SNAKE, 0.01
4780, 5, 43, Status.SNAKE, 0.01
4781, 11, 63, Status.SNAKE, 0.01
4782, 6, 44, Status.SNAKE, 0.01
4783, 7, 41, Status.SNAKE, 0.01
4784, 10, 63, Status.SNAKE, 0.01
4785, 10, 63, Status.SNAKE, 0.01
4786, 5, 24, Status.SNAKE, 0.01
4787, 13, 72, Status.WALL, 0.01
4788, 10, 67, Status.SNAKE, 0.01
4789, 4, 29, Status.SNAKE, 0.01
4790, 10, 68, Status.WALL, 0.01
4791, 8, 57, Status.WALL, 0.01
4792, 15, 91, Status.SNAKE, 0.01
4793, 3, 15, Status.SNAKE, 0.01
4794, 7, 46, Status.SNAKE, 0.01
4795, 4, 16, Status.SNAKE, 0.01
4796, 2, 10, Status.WALL, 0.01
4797, 6, 58, Status.WALL, 0.01
4798, 0, 4, Status.WALL, 0.01
4799, 0, 4, Status.WALL, 0.01
4800, 10, 68, Status.SNAKE, 0.01
4801, 12, 73, Status.SNAKE, 0.01
4802, 14, 86, Status.SNAKE, 0.01
4803, 13, 95, Status.SNAKE, 0.01
4804, 8, 51, Status.SNAKE, 0.01
4805, 5, 30, Status.SNAKE, 0.01
4806, 10, 58, Status.SNAKE, 0.01
4807, 8, 42, Status.WALL, 0.01
4808, 8, 70, Status.SNAKE, 0.01
4809, 21, 141, Status.SNAKE, 0.01
4810, 6, 39, Status.SNAKE, 0.01
4811, 6, 24, Status.SNAKE, 0.01
4812, 13, 116, Status.SNAKE, 0.01
4813, 11, 79, Status.SNAKE, 0.01
4814, 12, 78, Status.WALL, 0.01
4815, 4, 24, Status.SNAKE, 0.01
4816, 9, 54, Status.SNAKE, 0.01
4817, 6, 40, Status.SNAKE, 0.01
4818, 3, 15, Status.SNAKE, 0.01
4819, 17, 116, Status.SNAKE, 0.01
4820, 4, 31, Status.WALL, 0.01
4821, 3, 10, Status.SNAKE, 0.01
4822, 10, 80, Status.SNAKE, 0.01
4823, 14, 88, Status.SNAKE, 0.01
4824, 11, 88, Status.SNAKE, 0.01
4825, 5, 34, Status.SNAKE, 0.01
4826, 6, 45, Status.WALL, 0.01
4827, 7, 32, Status.WALL, 0.01
4828, 9, 61, Status.SNAKE, 0.01
4829, 7, 58, Status.SNAKE, 0.01
4830, 7, 50, Status.SNAKE, 0.01
4831, 5, 21, Status.SNAKE, 0.01
4832, 7, 51, Status.SNAKE, 0.01
4833, 12, 118, Status.SNAKE, 0.01
4834, 5, 32, Status.SNAKE, 0.01
4835, 9, 50, Status.WALL, 0.01
4836, 7, 32, Status.SNAKE, 0.01
4837, 19, 129, Status.SNAKE, 0.01
4838, 1, 9, Status.WALL, 0.01
4839, 10, 56, Status.SNAKE, 0.01
4840, 6, 42, Status.SNAKE, 0.01
4841, 7, 66, Status.SNAKE, 0.01
4842, 9, 53, Status.SNAKE, 0.01
4843, 12, 66, Status.SNAKE, 0.01
4844, 18, 141, Status.SNAKE, 0.01
4845, 13, 82, Status.WALL, 0.01
4846, 16, 132, Status.SNAKE, 0.01
4847, 5, 29, Status.SNAKE, 0.01
4848, 2, 12, Status.SNAKE, 0.01
4849, 4, 18, Status.SNAKE, 0.01
4850, 13, 86, Status.SNAKE, 0.01
4851, 19, 149, Status.SNAKE, 0.01
4852, 17, 108, Status.SNAKE, 0.01
4853, 11, 91, Status.SNAKE, 0.01
4854, 8, 59, Status.SNAKE, 0.01
4855, 2, 10, Status.WALL, 0.01
4856, 8, 47, Status.SNAKE, 0.01
4857, 4, 14, Status.SNAKE, 0.01
4858, 18, 168, Status.SNAKE, 0.01
4859, 12, 75, Status.SNAKE, 0.01
4860, 10, 79, Status.SNAKE, 0.01
4861, 3, 10, Status.SNAKE, 0.01
4862, 9, 56, Status.SNAKE, 0.01
4863, 16, 103, Status.SNAKE, 0.01
4864, 19, 128, Status.SNAKE, 0.01
4865, 6, 51, Status.SNAKE, 0.01
4866, 3, 16, Status.SNAKE, 0.01
4867, 14, 101, Status.SNAKE, 0.01
4868, 8, 73, Status.SNAKE, 0.01
4869, 1, 4, Status.SNAKE, 0.01
4870, 15, 130, Status.SNAKE, 0.01
4871, 11, 118, Status.SNAKE, 0.01
4872, 6, 42, Status.SNAKE, 0.01
4873, 7, 45, Status.WALL, 0.01
4874, 17, 120, Status.SNAKE, 0.01
4875, 8, 56, Status.SNAKE, 0.01
4876, 6, 51, Status.SNAKE, 0.01
4877, 7, 42, Status.SNAKE, 0.01
4878, 9, 64, Status.SNAKE, 0.01
4879, 4, 16, Status.WALL, 0.01
4880, 2, 11, Status.SNAKE, 0.01
4881, 7, 31, Status.SNAKE, 0.01
4882, 19, 124, Status.SNAKE, 0.01
4883, 15, 87, Status.SNAKE, 0.01
4884, 5, 39, Status.SNAKE, 0.01
4885, 2, 12, Status.SNAKE, 0.01
4886, 5, 32, Status.SNAKE, 0.01
4887, 12, 100, Status.SNAKE, 0.01
4888, 6, 40, Status.SNAKE, 0.01
4889, 22, 150, Status.SNAKE, 0.01
4890, 16, 87, Status.SNAKE, 0.01
4891, 7, 39, Status.SNAKE, 0.01
4892, 2, 13, Status.SNAKE, 0.01
4893, 10, 55, Status.SNAKE, 0.01
4894, 6, 34, Status.WALL, 0.01
4895, 13, 109, Status.SNAKE, 0.01
4896, 2, 20, Status.WALL, 0.01
4897, 11, 104, Status.SNAKE, 0.01
4898, 8, 53, Status.SNAKE, 0.01
4899, 6, 44, Status.SNAKE, 0.01
4900, 7, 42, Status.SNAKE, 0.01
4901, 4, 27, Status.SNAKE, 0.01
4902, 3, 28, Status.SNAKE, 0.01
4903, 6, 39, Status.SNAKE, 0.01
4904, 12, 86, Status.SNAKE, 0.01
4905, 9, 80, Status.SNAKE, 0.01
4906, 3, 25, Status.SNAKE, 0.01
4907, 13, 91, Status.SNAKE, 0.01
4908, 5, 30, Status.SNAKE, 0.01
4909, 6, 48, Status.SNAKE, 0.01
4910, 6, 40, Status.SNAKE, 0.01
4911, 10, 77, Status.WALL, 0.01
4912, 5, 33, Status.WALL, 0.01
4913, 14, 100, Status.SNAKE, 0.01
4914, 9, 61, Status.SNAKE, 0.01
4915, 12, 94, Status.SNAKE, 0.01
4916, 9, 64, Status.SNAKE, 0.01
4917, 7, 39, Status.SNAKE, 0.01
4918, 4, 24, Status.WALL, 0.01
4919, 8, 41, Status.SNAKE, 0.01
4920, 4, 33, Status.SNAKE, 0.01
4921, 10, 60, Status.WALL, 0.01
4922, 9, 74, Status.SNAKE, 0.01
4923, 12, 111, Status.SNAKE, 0.01
4924, 7, 58, Status.SNAKE, 0.01
4925, 9, 75, Status.WALL, 0.01
4926, 9, 43, Status.SNAKE, 0.01
4927, 12, 79, Status.WALL, 0.01
4928, 8, 55, Status.WALL, 0.01
4929, 11, 88, Status.SNAKE, 0.01
4930, 8, 49, Status.SNAKE, 0.01
4931, 2, 16, Status.SNAKE, 0.01
4932, 7, 40, Status.SNAKE, 0.01
4933, 9, 54, Status.SNAKE, 0.01
4934, 11, 88, Status.SNAKE, 0.01
4935, 2, 13, Status.SNAKE, 0.01
4936, 7, 62, Status.SNAKE, 0.01
4937, 4, 24, Status.SNAKE, 0.01
4938, 6, 49, Status.SNAKE, 0.01
4939, 13, 113, Status.SNAKE, 0.01
4940, 9, 61, Status.SNAKE, 0.01
4941, 9, 54, Status.SNAKE, 0.01
4942, 5, 21, Status.WALL, 0.01
4943, 9, 78, Status.WALL, 0.01
4944, 1, 10, Status.SNAKE, 0.01
4945, 4, 24, Status.SNAKE, 0.01
4946, 3, 20, Status.WALL, 0.01
4947, 10, 58, Status.SNAKE, 0.01
4948, 2, 10, Status.WALL, 0.01
4949, 3, 27, Status.SNAKE, 0.01
4950, 15, 112, Status.SNAKE, 0.01
4951, 3, 24, Status.SNAKE, 0.01
4952, 7, 44, Status.SNAKE, 0.01
4953, 11, 79, Status.SNAKE, 0.01
4954, 3, 28, Status.SNAKE, 0.01
4955, 2, 17, Status.SNAKE, 0.01
4956, 2, 14, Status.WALL, 0.01
4957, 10, 76, Status.SNAKE, 0.01
4958, 7, 51, Status.WALL, 0.01
4959, 4, 42, Status.SNAKE, 0.01
4960, 3, 21, Status.SNAKE, 0.01
4961, 5, 30, Status.SNAKE, 0.01
4962, 8, 61, Status.SNAKE, 0.01
4963, 2, 18, Status.SNAKE, 0.01
4964, 8, 46, Status.SNAKE, 0.01
4965, 15, 116, Status.WALL, 0.01
4966, 8, 40, Status.WALL, 0.01
4967, 6, 51, Status.SNAKE, 0.01
4968, 10, 65, Status.SNAKE, 0.01
4969, 7, 43, Status.SNAKE, 0.01
4970, 5, 28, Status.WALL, 0.01
4971, 6, 45, Status.SNAKE, 0.01
4972, 1, 7, Status.SNAKE, 0.01
4973, 12, 97, Status.SNAKE, 0.01
4974, 6, 57, Status.SNAKE, 0.01
4975, 6, 42, Status.SNAKE, 0.01
4976, 16, 105, Status.SNAKE, 0.01
4977, 5, 19, Status.SNAKE, 0.01
4978, 1, 6, Status.SNAKE, 0.01
4979, 1, 5, Status.WALL, 0.01
4980, 6, 41, Status.SNAKE, 0.01
4981, 7, 43, Status.WALL, 0.01
4982, 5, 49, Status.SNAKE, 0.01
4983, 10, 70, Status.SNAKE, 0.01
4984, 6, 39, Status.SNAKE, 0.01
4985, 8, 62, Status.SNAKE, 0.01
4986, 5, 39, Status.WALL, 0.01
4987, 17, 103, Status.SNAKE, 0.01
4988, 14, 97, Status.SNAKE, 0.01
4989, 10, 67, Status.SNAKE, 0.01
4990, 9, 43, Status.SNAKE, 0.01
4991, 10, 53, Status.WALL, 0.01
4992, 9, 40, Status.SNAKE, 0.01
4993, 5, 39, Status.SNAKE, 0.01
4994, 2, 8, Status.SNAKE, 0.01
4995, 8, 71, Status.SNAKE, 0.01
4996, 3, 22, Status.SNAKE, 0.01
4997, 10, 42, Status.SNAKE, 0.01
4998, 2, 7, Status.SNAKE, 0.01
4999, 10, 76, Status.SNAKE, 0.01
5000, 6, 42, Status.SNAKE, 0.01
5001, 6, 39, Status.WALL, 0.01
5002, 4, 20, Status.SNAKE, 0.01
5003, 11, 87, Status.SNAKE, 0.01
5004, 16, 110, Status.SNAKE, 0.01
5005, 10, 81, Status.SNAKE, 0.01
5006, 12, 91, Status.SNAKE, 0.01
5007, 14, 100, Status.SNAKE, 0.01
5008, 6, 46, Status.SNAKE, 0.01
5009, 5, 40, Status.SNAKE, 0.01
5010, 14, 66, Status.SNAKE, 0.01
5011, 8, 43, Status.WALL, 0.01
5012, 6, 35, Status.SNAKE, 0.01
5013, 10, 86, Status.SNAKE, 0.01
5014, 10, 49, Status.SNAKE, 0.01
5015, 7, 60, Status.WALL, 0.01
5016, 7, 44, Status.SNAKE, 0.01
5017, 9, 67, Status.SNAKE, 0.01
5018, 1, 16, Status.SNAKE, 0.01
5019, 9, 48, Status.SNAKE, 0.01
5020, 6, 54, Status.WALL, 0.01
5021, 3, 19, Status.WALL, 0.01
5022, 6, 24, Status.WALL, 0.01
5023, 4, 33, Status.WALL, 0.01
5024, 13, 78, Status.SNAKE, 0.01
5025, 9, 85, Status.SNAKE, 0.01
5026, 18, 128, Status.SNAKE, 0.01
5027, 2, 16, Status.WALL, 0.01
5028, 9, 51, Status.SNAKE, 0.01
5029, 5, 37, Status.SNAKE, 0.01
5030, 2, 20, Status.WALL, 0.01
5031, 9, 59, Status.WALL, 0.01
5032, 10, 76, Status.SNAKE, 0.01
5033, 10, 65, Status.SNAKE, 0.01
5034, 12, 99, Status.SNAKE, 0.01
5035, 11, 79, Status.SNAKE, 0.01
5036, 7, 43, Status.SNAKE, 0.01
5037, 2, 16, Status.SNAKE, 0.01
5038, 10, 63, Status.SNAKE, 0.01
5039, 3, 16, Status.SNAKE, 0.01
5040, 16, 114, Status.SNAKE, 0.01
5041, 1, 8, Status.SNAKE, 0.01
5042, 9, 58, Status.SNAKE, 0.01
5043, 5, 33, Status.WALL, 0.01
5044, 15, 93, Status.SNAKE, 0.01
5045, 11, 65, Status.SNAKE, 0.01
5046, 15, 101, Status.SNAKE, 0.01
5047, 11, 72, Status.SNAKE, 0.01
5048, 18, 117, Status.SNAKE, 0.01
5049, 9, 65, Status.WALL, 0.01
5050, 13, 95, Status.SNAKE, 0.01
5051, 9, 61, Status.SNAKE, 0.01
5052, 4, 23, Status.SNAKE, 0.01
5053, 4, 35, Status.SNAKE, 0.01
5054, 0, 5, Status.WALL, 0.01
5055, 1, 14, Status.SNAKE, 0.01
5056, 7, 34, Status.SNAKE, 0.01
5057, 6, 30, Status.SNAKE, 0.01
5058, 5, 31, Status.SNAKE, 0.01
5059, 5, 45, Status.SNAKE, 0.01
5060, 7, 33, Status.SNAKE, 0.01
5061, 8, 38, Status.SNAKE, 0.01
5062, 4, 21, Status.SNAKE, 0.01
5063, 6, 43, Status.SNAKE, 0.01
5064, 11, 86, Status.SNAKE, 0.01
5065, 8, 69, Status.WALL, 0.01
5066, 14, 76, Status.SNAKE, 0.01
5067, 1, 5, Status.SNAKE, 0.01
5068, 2, 12, Status.SNAKE, 0.01
5069, 4, 24, Status.SNAKE, 0.01
5070, 12, 65, Status.WALL, 0.01
5071, 10, 69, Status.SNAKE, 0.01
5072, 3, 21, Status.SNAKE, 0.01
5073, 16, 138, Status.SNAKE, 0.01
5074, 3, 26, Status.SNAKE, 0.01
5075, 6, 47, Status.SNAKE, 0.01
5076, 9, 48, Status.SNAKE, 0.01
5077, 11, 65, Status.SNAKE, 0.01
5078, 10, 68, Status.SNAKE, 0.01
5079, 7, 53, Status.SNAKE, 0.01
5080, 9, 59, Status.SNAKE, 0.01
5081, 7, 25, Status.SNAKE, 0.01
5082, 3, 12, Status.WALL, 0.01
5083, 5, 55, Status.SNAKE, 0.01
5084, 3, 13, Status.SNAKE, 0.01
5085, 14, 74, Status.SNAKE, 0.01
5086, 11, 82, Status.SNAKE, 0.01
5087, 7, 39, Status.WALL, 0.01
5088, 4, 25, Status.SNAKE, 0.01
5089, 9, 54, Status.SNAKE, 0.01
5090, 4, 29, Status.SNAKE, 0.01
5091, 1, 5, Status.SNAKE, 0.01
5092, 10, 85, Status.SNAKE, 0.01
5093, 14, 90, Status.SNAKE, 0.01
5094, 7, 42, Status.SNAKE, 0.01
5095, 10, 77, Status.SNAKE, 0.01
5096, 9, 58, Status.SNAKE, 0.01
5097, 4, 18, Status.SNAKE, 0.01
5098, 8, 49, Status.SNAKE, 0.01
5099, 19, 141, Status.SNAKE, 0.01
5100, 17, 109, Status.SNAKE, 0.01
5101, 17, 100, Status.SNAKE, 0.01
5102, 9, 67, Status.WALL, 0.01
5103, 3, 15, Status.SNAKE, 0.01
5104, 14, 79, Status.SNAKE, 0.01
5105, 5, 41, Status.SNAKE, 0.01
5106, 1, 8, Status.SNAKE, 0.01
5107, 1, 9, Status.WALL, 0.01
5108, 10, 77, Status.SNAKE, 0.01
5109, 3, 14, Status.WALL, 0.01
5110, 8, 53, Status.SNAKE, 0.01
5111, 3, 22, Status.WALL, 0.01
5112, 9, 47, Status.SNAKE, 0.01
5113, 10, 74, Status.SNAKE, 0.01
5114, 15, 85, Status.SNAKE, 0.01
5115, 9, 64, Status.SNAKE, 0.01
5116, 9, 68, Status.WALL, 0.01
5117, 4, 34, Status.WALL, 0.01
5118, 10, 61, Status.SNAKE, 0.01
5119, 18, 97, Status.SNAKE, 0.01
5120, 18, 111, Status.SNAKE, 0.01
5121, 9, 75, Status.SNAKE, 0.01
5122, 7, 48, Status.SNAKE, 0.01
5123, 8, 53, Status.SNAKE, 0.01
5124, 4, 33, Status.WALL, 0.01
5125, 4, 42, Status.SNAKE, 0.01
5126, 12, 95, Status.SNAKE, 0.01
5127, 3, 27, Status.WALL, 0.01
5128, 8, 45, Status.SNAKE, 0.01
5129, 6, 35, Status.SNAKE, 0.01
5130, 12, 65, Status.SNAKE, 0.01
5131, 9, 53, Status.SNAKE, 0.01
5132, 2, 13, Status.SNAKE, 0.01
5133, 10, 75, Status.SNAKE, 0.01
5134, 13, 91, Status.SNAKE, 0.01
5135, 5, 55, Status.SNAKE, 0.01
5136, 7, 70, Status.SNAKE, 0.01
5137, 4, 21, Status.WALL, 0.01
5138, 2, 15, Status.SNAKE, 0.01
5139, 15, 101, Status.SNAKE, 0.01
5140, 2, 27, Status.SNAKE, 0.01
5141, 11, 79, Status.SNAKE, 0.01
5142, 9, 59, Status.SNAKE, 0.01
5143, 9, 69, Status.SNAKE, 0.01
5144, 9, 48, Status.SNAKE, 0.01
5145, 7, 38, Status.SNAKE, 0.01
5146, 10, 84, Status.SNAKE, 0.01
5147, 4, 26, Status.SNAKE, 0.01
5148, 4, 22, Status.WALL, 0.01
5149, 7, 55, Status.SNAKE, 0.01
5150, 11, 66, Status.SNAKE, 0.01
5151, 6, 47, Status.WALL, 0.01
5152, 5, 31, Status.SNAKE, 0.01
5153, 14, 79, Status.SNAKE, 0.01
5154, 8, 60, Status.SNAKE, 0.01
5155, 3, 22, Status.WALL, 0.01
5156, 4, 31, Status.SNAKE, 0.01
5157, 9, 70, Status.WALL, 0.01
5158, 7, 48, Status.SNAKE, 0.01
5159, 9, 63, Status.SNAKE, 0.01
5160, 1, 3, Status.SNAKE, 0.01
5161, 8, 37, Status.SNAKE, 0.01
5162, 11, 84, Status.SNAKE, 0.01
5163, 8, 42, Status.SNAKE, 0.01
5164, 5, 41, Status.SNAKE, 0.01
5165, 11, 76, Status.SNAKE, 0.01
5166, 17, 123, Status.SNAKE, 0.01
5167, 14, 96, Status.SNAKE, 0.01
5168, 12, 85, Status.SNAKE, 0.01
5169, 6, 40, Status.SNAKE, 0.01
5170, 28, 236, Status.SNAKE, 0.01
5171, 3, 24, Status.WALL, 0.01
5172, 10, 79, Status.WALL, 0.01
5173, 4, 18, Status.SNAKE, 0.01
5174, 10, 74, Status.SNAKE, 0.01
5175, 1, 3, Status.SNAKE, 0.01
5176, 24, 143, Status.SNAKE, 0.01
5177, 7, 43, Status.SNAKE, 0.01
5178, 7, 35, Status.SNAKE, 0.01
5179, 6, 40, Status.SNAKE, 0.01
5180, 5, 48, Status.SNAKE, 0.01
5181, 14, 97, Status.SNAKE, 0.01
5182, 7, 64, Status.WALL, 0.01
5183, 9, 53, Status.SNAKE, 0.01
5184, 7, 43, Status.WALL, 0.01
5185, 6, 34, Status.SNAKE, 0.01
5186, 21, 112, Status.SNAKE, 0.01
5187, 15, 91, Status.SNAKE, 0.01
5188, 8, 52, Status.SNAKE, 0.01
5189, 9, 58, Status.WALL, 0.01
5190, 4, 25, Status.SNAKE, 0.01
5191, 5, 30, Status.SNAKE, 0.01
5192, 9, 67, Status.SNAKE, 0.01
5193, 16, 110, Status.SNAKE, 0.01
5194, 7, 53, Status.SNAKE, 0.01
5195, 10, 39, Status.SNAKE, 0.01
5196, 19, 133, Status.SNAKE, 0.01
5197, 3, 26, Status.SNAKE, 0.01
5198, 14, 96, Status.SNAKE, 0.01
5199, 2, 5, Status.SNAKE, 0.01
5200, 8, 70, Status.SNAKE, 0.01
5201, 6, 37, Status.SNAKE, 0.01
5202, 7, 31, Status.SNAKE, 0.01
5203, 13, 67, Status.SNAKE, 0.01
5204, 10, 96, Status.SNAKE, 0.01
5205, 15, 104, Status.SNAKE, 0.01
5206, 8, 43, Status.WALL, 0.01
5207, 9, 63, Status.SNAKE, 0.01
5208, 17, 112, Status.SNAKE, 0.01
5209, 7, 63, Status.WALL, 0.01
5210, 18, 118, Status.SNAKE, 0.01
5211, 7, 47, Status.SNAKE, 0.01
5212, 11, 67, Status.WALL, 0.01
5213, 9, 63, Status.SNAKE, 0.01
5214, 10, 72, Status.WALL, 0.01
5215, 11, 64, Status.SNAKE, 0.01
5216, 14, 92, Status.SNAKE, 0.01
5217, 10, 64, Status.WALL, 0.01
5218, 19, 122, Status.SNAKE, 0.01
5219, 9, 52, Status.SNAKE, 0.01
5220, 13, 64, Status.SNAKE, 0.01
5221, 13, 96, Status.SNAKE, 0.01
5222, 14, 94, Status.SNAKE, 0.01
5223, 13, 66, Status.SNAKE, 0.01
5224, 5, 49, Status.SNAKE, 0.01
5225, 6, 52, Status.SNAKE, 0.01
5226, 5, 28, Status.SNAKE, 0.01
5227, 6, 30, Status.SNAKE, 0.01
5228, 7, 49, Status.SNAKE, 0.01
5229, 7, 43, Status.SNAKE, 0.01
5230, 5, 50, Status.SNAKE, 0.01
5231, 3, 20, Status.SNAKE, 0.01
5232, 5, 27, Status.SNAKE, 0.01
5233, 16, 126, Status.WALL, 0.01
5234, 9, 72, Status.SNAKE, 0.01
5235, 11, 105, Status.SNAKE, 0.01
5236, 6, 28, Status.SNAKE, 0.01
5237, 11, 68, Status.SNAKE, 0.01
5238, 5, 24, Status.SNAKE, 0.01
5239, 6, 51, Status.SNAKE, 0.01
5240, 14, 126, Status.WALL, 0.01
5241, 1, 8, Status.SNAKE, 0.01
5242, 1, 5, Status.SNAKE, 0.01
5243, 14, 111, Status.SNAKE, 0.01
5244, 7, 40, Status.SNAKE, 0.01
5245, 2, 12, Status.SNAKE, 0.01
5246, 11, 85, Status.WALL, 0.01
5247, 12, 98, Status.SNAKE, 0.01
5248, 2, 18, Status.SNAKE, 0.01
5249, 2, 8, Status.SNAKE, 0.01
5250, 8, 60, Status.SNAKE, 0.01
5251, 11, 69, Status.SNAKE, 0.01
5252, 10, 65, Status.SNAKE, 0.01
5253, 9, 64, Status.WALL, 0.01
5254, 2, 15, Status.SNAKE, 0.01
5255, 9, 82, Status.WALL, 0.01
5256, 9, 53, Status.SNAKE, 0.01
5257, 14, 91, Status.SNAKE, 0.01
5258, 1, 14, Status.WALL, 0.01
5259, 13, 50, Status.SNAKE, 0.01
5260, 7, 49, Status.SNAKE, 0.01
5261, 7, 44, Status.WALL, 0.01
5262, 8, 46, Status.SNAKE, 0.01
5263, 22, 158, Status.WALL, 0.01
5264, 8, 63, Status.SNAKE, 0.01
5265, 7, 51, Status.SNAKE, 0.01
5266, 4, 32, Status.WALL, 0.01
5267, 5, 39, Status.SNAKE, 0.01
5268, 15, 108, Status.WALL, 0.01
5269, 5, 30, Status.SNAKE, 0.01
5270, 7, 52, Status.SNAKE, 0.01
5271, 5, 47, Status.WALL, 0.01
5272, 16, 112, Status.WALL, 0.01
5273, 6, 43, Status.SNAKE, 0.01
5274, 1, 8, Status.WALL, 0.01
5275, 5, 36, Status.WALL, 0.01
5276, 13, 113, Status.SNAKE, 0.01
5277, 2, 20, Status.WALL, 0.01
5278, 17, 129, Status.SNAKE, 0.01
5279, 11, 89, Status.SNAKE, 0.01
5280, 4, 23, Status.SNAKE, 0.01
5281, 9, 53, Status.WALL, 0.01
5282, 4, 26, Status.SNAKE, 0.01
5283, 5, 37, Status.SNAKE, 0.01
5284, 1, 7, Status.SNAKE, 0.01
5285, 9, 69, Status.SNAKE, 0.01
5286, 6, 41, Status.WALL, 0.01
5287, 16, 110, Status.SNAKE, 0.01
5288, 1, 8, Status.SNAKE, 0.01
5289, 10, 66, Status.SNAKE, 0.01
5290, 3, 22, Status.SNAKE, 0.01
5291, 5, 24, Status.SNAKE, 0.01
5292, 11, 67, Status.SNAKE, 0.01
5293, 11, 71, Status.SNAKE, 0.01
5294, 10, 77, Status.SNAKE, 0.01
5295, 2, 10, Status.WALL, 0.01
5296, 7, 41, Status.SNAKE, 0.01
5297, 14, 95, Status.SNAKE, 0.01
5298, 8, 61, Status.WALL, 0.01
5299, 9, 61, Status.SNAKE, 0.01
5300, 10, 64, Status.SNAKE, 0.01
5301, 6, 37, Status.WALL, 0.01
5302, 6, 52, Status.WALL, 0.01
5303, 5, 39, Status.SNAKE, 0.01
5304, 17, 122, Status.SNAKE, 0.01
5305, 17, 123, Status.SNAKE, 0.01
5306, 0, 4, Status.WALL, 0.01
5307, 11, 67, Status.SNAKE, 0.01
5308, 13, 112, Status.SNAKE, 0.01
5309, 4, 26, Status.SNAKE, 0.01
5310, 11, 76, Status.SNAKE, 0.01
5311, 1, 5, Status.SNAKE, 0.01
5312, 5, 38, Status.SNAKE, 0.01
5313, 6, 35, Status.WALL, 0.01
5314, 12, 77, Status.SNAKE, 0.01
5315, 2, 15, Status.WALL, 0.01
5316, 1, 8, Status.SNAKE, 0.01
5317, 5, 33, Status.SNAKE, 0.01
5318, 14, 117, Status.SNAKE, 0.01
5319, 7, 39, Status.SNAKE, 0.01
5320, 6, 42, Status.SNAKE, 0.01
5321, 15, 122, Status.SNAKE, 0.01
5322, 12, 91, Status.WALL, 0.01
5323, 5, 47, Status.WALL, 0.01
5324, 13, 85, Status.SNAKE, 0.01
5325, 6, 38, Status.SNAKE, 0.01
5326, 12, 96, Status.WALL, 0.01
5327, 13, 84, Status.SNAKE, 0.01
5328, 9, 50, Status.SNAKE, 0.01
5329, 17, 120, Status.SNAKE, 0.01
5330, 12, 100, Status.WALL, 0.01
5331, 11, 95, Status.WALL, 0.01
5332, 11, 72, Status.SNAKE, 0.01
5333, 8, 63, Status.WALL, 0.01
5334, 9, 53, Status.SNAKE, 0.01
5335, 15, 85, Status.WALL, 0.01
5336, 9, 53, Status.SNAKE, 0.01
5337, 18, 106, Status.SNAKE, 0.01
5338, 9, 61, Status.SNAKE, 0.01
5339, 15, 118, Status.SNAKE, 0.01
5340, 12, 96, Status.WALL, 0.01
5341, 13, 73, Status.SNAKE, 0.01
5342, 13, 106, Status.WALL, 0.01
5343, 5, 47, Status.SNAKE, 0.01
5344, 16, 123, Status.SNAKE, 0.01
5345, 1, 7, Status.WALL, 0.01
5346, 11, 69, Status.SNAKE, 0.01
5347, 3, 28, Status.WALL, 0.01
5348, 8, 65, Status.SNAKE, 0.01
5349, 9, 51, Status.SNAKE, 0.01
5350, 8, 49, Status.SNAKE, 0.01
5351, 7, 56, Status.SNAKE, 0.01
5352, 4, 31, Status.WALL, 0.01
5353, 7, 51, Status.SNAKE, 0.01
5354, 6, 46, Status.SNAKE, 0.01
5355, 5, 44, Status.SNAKE, 0.01
5356, 14, 120, Status.SNAKE, 0.01
5357, 1, 5, Status.SNAKE, 0.01
5358, 9, 63, Status.SNAKE, 0.01
5359, 21, 153, Status.WALL, 0.01
5360, 1, 8, Status.SNAKE, 0.01
5361, 15, 97, Status.SNAKE, 0.01
5362, 14, 76, Status.SNAKE, 0.01
5363, 10, 62, Status.SNAKE, 0.01
5364, 14, 90, Status.SNAKE, 0.01
5365, 15, 112, Status.SNAKE, 0.01
5366, 3, 28, Status.SNAKE, 0.01
5367, 19, 123, Status.SNAKE, 0.01
5368, 13, 102, Status.SNAKE, 0.01
5369, 5, 30, Status.SNAKE, 0.01
5370, 18, 130, Status.SNAKE, 0.01
5371, 13, 98, Status.SNAKE, 0.01
5372, 9, 42, Status.WALL, 0.01
5373, 3, 25, Status.WALL, 0.01
5374, 6, 35, Status.SNAKE, 0.01
5375, 3, 12, Status.SNAKE, 0.01
5376, 11, 89, Status.SNAKE, 0.01
5377, 5, 38, Status.SNAKE, 0.01
5378, 7, 52, Status.SNAKE, 0.01
5379, 5, 29, Status.SNAKE, 0.01
5380, 14, 88, Status.SNAKE, 0.01
5381, 5, 28, Status.SNAKE, 0.01
5382, 5, 33, Status.SNAKE, 0.01
5383, 3, 18, Status.SNAKE, 0.01
5384, 11, 52, Status.SNAKE, 0.01
5385, 12, 85, Status.SNAKE, 0.01
5386, 9, 63, Status.SNAKE, 0.01
5387, 11, 91, Status.SNAKE, 0.01
5388, 12, 83, Status.SNAKE, 0.01
5389, 5, 45, Status.SNAKE, 0.01
5390, 10, 63, Status.SNAKE, 0.01
5391, 8, 56, Status.SNAKE, 0.01
5392, 3, 33, Status.SNAKE, 0.01
5393, 13, 92, Status.SNAKE, 0.01
5394, 3, 15, Status.SNAKE, 0.01
5395, 4, 26, Status.SNAKE, 0.01
5396, 10, 76, Status.SNAKE, 0.01
5397, 10, 72, Status.SNAKE, 0.01
5398, 12, 66, Status.SNAKE, 0.01
5399, 1, 6, Status.SNAKE, 0.01
5400, 13, 100, Status.SNAKE, 0.01
5401, 12, 89, Status.SNAKE, 0.01
5402, 4, 28, Status.SNAKE, 0.01
5403, 6, 33, Status.SNAKE, 0.01
5404, 5, 31, Status.WALL, 0.01
5405, 12, 67, Status.SNAKE, 0.01
5406, 5, 61, Status.SNAKE, 0.01
5407, 8, 40, Status.SNAKE, 0.01
5408, 2, 17, Status.WALL, 0.01
5409, 8, 55, Status.SNAKE, 0.01
5410, 7, 31, Status.SNAKE, 0.01
5411, 9, 53, Status.SNAKE, 0.01
5412, 10, 57, Status.WALL, 0.01
5413, 7, 44, Status.SNAKE, 0.01
5414, 5, 27, Status.SNAKE, 0.01
5415, 3, 26, Status.SNAKE, 0.01
5416, 5, 24, Status.SNAKE, 0.01
5417, 15, 102, Status.SNAKE, 0.01
5418, 6, 39, Status.SNAKE, 0.01
5419, 11, 89, Status.SNAKE, 0.01
5420, 11, 86, Status.SNAKE, 0.01
5421, 8, 63, Status.SNAKE, 0.01
5422, 7, 38, Status.SNAKE, 0.01
5423, 12, 75, Status.SNAKE, 0.01
5424, 20, 140, Status.SNAKE, 0.01
5425, 3, 20, Status.SNAKE, 0.01
5426, 8, 52, Status.SNAKE, 0.01
5427, 3, 21, Status.SNAKE, 0.01
5428, 19, 119, Status.SNAKE, 0.01
5429, 14, 86, Status.SNAKE, 0.01
5430, 10, 66, Status.SNAKE, 0.01
5431, 15, 90, Status.WALL, 0.01
5432, 11, 75, Status.SNAKE, 0.01
5433, 2, 9, Status.WALL, 0.01
5434, 12, 103, Status.SNAKE, 0.01
5435, 10, 70, Status.WALL, 0.01
5436, 5, 46, Status.SNAKE, 0.01
5437, 9, 61, Status.WALL, 0.01
5438, 2, 11, Status.SNAKE, 0.01
5439, 2, 15, Status.SNAKE, 0.01
5440, 8, 52, Status.SNAKE, 0.01
5441, 13, 88, Status.SNAKE, 0.01
5442, 10, 81, Status.WALL, 0.01
5443, 3, 19, Status.SNAKE, 0.01
5444, 1, 8, Status.SNAKE, 0.01
5445, 6, 60, Status.SNAKE, 0.01
5446, 10, 82, Status.SNAKE, 0.01
5447, 14, 94, Status.SNAKE, 0.01
5448, 10, 71, Status.WALL, 0.01
5449, 9, 68, Status.SNAKE, 0.01
5450, 4, 31, Status.SNAKE, 0.01
5451, 7, 45, Status.SNAKE, 0.01
5452, 1, 13, Status.WALL, 0.01
5453, 12, 97, Status.SNAKE, 0.01
5454, 12, 92, Status.SNAKE, 0.01
5455, 10, 73, Status.SNAKE, 0.01
5456, 7, 65, Status.SNAKE, 0.01
5457, 6, 46, Status.SNAKE, 0.01
5458, 8, 46, Status.SNAKE, 0.01
5459, 12, 97, Status.SNAKE, 0.01
5460, 6, 39, Status.WALL, 0.01
5461, 6, 35, Status.WALL, 0.01
5462, 11, 105, Status.SNAKE, 0.01
5463, 17, 94, Status.SNAKE, 0.01
5464, 6, 40, Status.SNAKE, 0.01
5465, 1, 5, Status.SNAKE, 0.01
5466, 2, 21, Status.SNAKE, 0.01
5467, 11, 72, Status.SNAKE, 0.01
5468, 11, 48, Status.SNAKE, 0.01
5469, 12, 96, Status.SNAKE, 0.01
5470, 13, 107, Status.SNAKE, 0.01
5471, 5, 37, Status.SNAKE, 0.01
5472, 1, 8, Status.SNAKE, 0.01
5473, 10, 95, Status.SNAKE, 0.01
5474, 11, 71, Status.SNAKE, 0.01
5475, 12, 92, Status.SNAKE, 0.01
5476, 14, 87, Status.SNAKE, 0.01
5477, 5, 35, Status.SNAKE, 0.01
5478, 10, 70, Status.SNAKE, 0.01
5479, 7, 39, Status.WALL, 0.01
5480, 8, 71, Status.SNAKE, 0.01
5481, 10, 71, Status.SNAKE, 0.01
5482, 9, 72, Status.SNAKE, 0.01
5483, 12, 92, Status.SNAKE, 0.01
5484, 6, 35, Status.SNAKE, 0.01
5485, 1, 13, Status.WALL, 0.01
5486, 7, 60, Status.SNAKE, 0.01
5487, 10, 77, Status.SNAKE, 0.01
5488, 3, 9, Status.WALL, 0.01
5489, 9, 68, Status.WALL, 0.01
5490, 7, 48, Status.WALL, 0.01
5491, 9, 63, Status.WALL, 0.01
5492, 7, 43, Status.SNAKE, 0.01
5493, 9, 64, Status.SNAKE, 0.01
5494, 7, 37, Status.SNAKE, 0.01
5495, 1, 8, Status.SNAKE, 0.01
5496, 12, 73, Status.SNAKE, 0.01
5497, 6, 39, Status.SNAKE, 0.01
5498, 17, 114, Status.SNAKE, 0.01
5499, 5, 48, Status.SNAKE, 0.01
5500, 14, 84, Status.SNAKE, 0.01
5501, 4, 32, Status.SNAKE, 0.01
5502, 14, 87, Status.SNAKE, 0.01
5503, 2, 10, Status.SNAKE, 0.01
5504, 13, 69, Status.SNAKE, 0.01
5505, 6, 33, Status.SNAKE, 0.01
5506, 3, 16, Status.WALL, 0.01
5507, 11, 89, Status.SNAKE, 0.01
5508, 10, 68, Status.SNAKE, 0.01
5509, 4, 30, Status.SNAKE, 0.01
5510, 12, 56, Status.SNAKE, 0.01
5511, 11, 68, Status.WALL, 0.01
5512, 3, 16, Status.SNAKE, 0.01
5513, 8, 49, Status.SNAKE, 0.01
5514, 16, 106, Status.SNAKE, 0.01
5515, 5, 36, Status.SNAKE, 0.01
5516, 1, 7, Status.SNAKE, 0.01
5517, 7, 34, Status.SNAKE, 0.01
5518, 11, 72, Status.SNAKE, 0.01
5519, 10, 90, Status.WALL, 0.01
5520, 5, 23, Status.SNAKE, 0.01
5521, 10, 56, Status.SNAKE, 0.01
5522, 10, 45, Status.SNAKE, 0.01
5523, 4, 35, Status.SNAKE, 0.01
5524, 13, 97, Status.SNAKE, 0.01
5525, 11, 61, Status.SNAKE, 0.01
5526, 10, 66, Status.SNAKE, 0.01
5527, 17, 112, Status.SNAKE, 0.01
5528, 4, 30, Status.SNAKE, 0.01
5529, 2, 12, Status.WALL, 0.01
5530, 5, 51, Status.SNAKE, 0.01
5531, 5, 29, Status.SNAKE, 0.01
5532, 16, 110, Status.SNAKE, 0.01
5533, 16, 98, Status.SNAKE, 0.01
5534, 7, 45, Status.SNAKE, 0.01
5535, 5, 28, Status.SNAKE, 0.01
5536, 8, 44, Status.SNAKE, 0.01
5537, 10, 57, Status.SNAKE, 0.01
5538, 2, 17, Status.SNAKE, 0.01
5539, 20, 132, Status.SNAKE, 0.01
5540, 5, 37, Status.WALL, 0.01
5541, 10, 69, Status.WALL, 0.01
5542, 6, 43, Status.WALL, 0.01
5543, 11, 70, Status.SNAKE, 0.01
5544, 9, 62, Status.WALL, 0.01
5545, 5, 52, Status.SNAKE, 0.01
5546, 7, 54, Status.SNAKE, 0.01
5547, 19, 97, Status.SNAKE, 0.01
5548, 11, 91, Status.SNAKE, 0.01
5549, 7, 49, Status.WALL, 0.01
5550, 7, 41, Status.WALL, 0.01
5551, 15, 95, Status.SNAKE, 0.01
5552, 11, 70, Status.SNAKE, 0.01
5553, 9, 64, Status.SNAKE, 0.01
5554, 2, 16, Status.SNAKE, 0.01
5555, 16, 123, Status.SNAKE, 0.01
5556, 14, 100, Status.SNAKE, 0.01
5557, 11, 76, Status.WALL, 0.01
5558, 15, 92, Status.SNAKE, 0.01
5559, 8, 56, Status.SNAKE, 0.01
5560, 8, 34, Status.WALL, 0.01
5561, 10, 73, Status.SNAKE, 0.01
5562, 8, 70, Status.SNAKE, 0.01
5563, 14, 107, Status.SNAKE, 0.01
5564, 13, 76, Status.SNAKE, 0.01
5565, 9, 38, Status.WALL, 0.01
5566, 11, 85, Status.SNAKE, 0.01
5567, 6, 39, Status.SNAKE, 0.01
5568, 13, 84, Status.SNAKE, 0.01
5569, 6, 39, Status.SNAKE, 0.01
5570, 13, 99, Status.SNAKE, 0.01
5571, 7, 46, Status.SNAKE, 0.01
5572, 9, 70, Status.SNAKE, 0.01
5573, 8, 45, Status.WALL, 0.01
5574, 7, 48, Status.SNAKE, 0.01
5575, 5, 40, Status.SNAKE, 0.01
5576, 12, 115, Status.SNAKE, 0.01
5577, 7, 47, Status.SNAKE, 0.01
5578, 13, 73, Status.SNAKE, 0.01
5579, 21, 117, Status.SNAKE, 0.01
5580, 11, 78, Status.SNAKE, 0.01
5581, 15, 124, Status.WALL, 0.01
5582, 8, 37, Status.SNAKE, 0.01
5583, 7, 45, Status.SNAKE, 0.01
5584, 7, 47, Status.SNAKE, 0.01
5585, 9, 41, Status.WALL, 0.01
5586, 1, 5, Status.SNAKE, 0.01
5587, 10, 65, Status.SNAKE, 0.01
5588, 10, 51, Status.SNAKE, 0.01
5589, 13, 93, Status.WALL, 0.01
5590, 15, 110, Status.SNAKE, 0.01
5591, 7, 55, Status.SNAKE, 0.01
5592, 8, 53, Status.SNAKE, 0.01
5593, 16, 118, Status.WALL, 0.01
5594, 4, 26, Status.WALL, 0.01
5595, 6, 30, Status.SNAKE, 0.01
5596, 12, 77, Status.SNAKE, 0.01
5597, 7, 49, Status.SNAKE, 0.01
5598, 13, 74, Status.SNAKE, 0.01
5599, 5, 40, Status.WALL, 0.01
5600, 14, 135, Status.SNAKE, 0.01
5601, 9, 60, Status.SNAKE, 0.01
5602, 14, 114, Status.SNAKE, 0.01
5603, 7, 46, Status.SNAKE, 0.01
5604, 9, 77, Status.WALL, 0.01
5605, 9, 54, Status.WALL, 0.01
5606, 8, 38, Status.SNAKE, 0.01
5607, 13, 76, Status.WALL, 0.01
5608, 0, 11, Status.WALL, 0.01
5609, 5, 28, Status.SNAKE, 0.01
5610, 10, 74, Status.SNAKE, 0.01
5611, 5, 39, Status.SNAKE, 0.01
5612, 11, 80, Status.SNAKE, 0.01
5613, 11, 67, Status.SNAKE, 0.01
5614, 10, 74, Status.SNAKE, 0.01
5615, 2, 14, Status.SNAKE, 0.01
5616, 5, 45, Status.SNAKE, 0.01
5617, 1, 3, Status.SNAKE, 0.01
5618, 4, 24, Status.SNAKE, 0.01
5619, 11, 85, Status.WALL, 0.01
5620, 11, 87, Status.SNAKE, 0.01
5621, 9, 67, Status.SNAKE, 0.01
5622, 3, 24, Status.WALL, 0.01
5623, 7, 60, Status.WALL, 0.01
5624, 14, 86, Status.SNAKE, 0.01
5625, 6, 33, Status.WALL, 0.01
5626, 12, 77, Status.SNAKE, 0.01
5627, 5, 31, Status.SNAKE, 0.01
5628, 1, 11, Status.WALL, 0.01
5629, 10, 86, Status.SNAKE, 0.01
5630, 5, 36, Status.SNAKE, 0.01
5631, 7, 49, Status.SNAKE, 0.01
5632, 5, 25, Status.WALL, 0.01
5633, 9, 62, Status.SNAKE, 0.01
5634, 5, 42, Status.WALL, 0.01
5635, 9, 70, Status.SNAKE, 0.01
5636, 8, 89, Status.SNAKE, 0.01
5637, 7, 42, Status.WALL, 0.01
5638, 13, 107, Status.SNAKE, 0.01
5639, 5, 31, Status.SNAKE, 0.01
5640, 15, 81, Status.SNAKE, 0.01
5641, 5, 27, Status.SNAKE, 0.01
5642, 1, 5, Status.SNAKE, 0.01
5643, 6, 49, Status.SNAKE, 0.01
5644, 9, 66, Status.SNAKE, 0.01
5645, 1, 7, Status.SNAKE, 0.01
5646, 7, 52, Status.SNAKE, 0.01
5647, 5, 46, Status.SNAKE, 0.01
5648, 11, 75, Status.WALL, 0.01
5649, 5, 46, Status.WALL, 0.01
5650, 1, 8, Status.SNAKE, 0.01
5651, 7, 59, Status.SNAKE, 0.01
5652, 17, 127, Status.SNAKE, 0.01
5653, 8, 57, Status.SNAKE, 0.01
5654, 9, 69, Status.SNAKE, 0.01
5655, 5, 32, Status.SNAKE, 0.01
5656, 12, 118, Status.SNAKE, 0.01
5657, 11, 70, Status.SNAKE, 0.01
5658, 12, 98, Status.SNAKE, 0.01
5659, 13, 86, Status.SNAKE, 0.01
5660, 3, 19, Status.SNAKE, 0.01
5661, 12, 76, Status.SNAKE, 0.01
5662, 5, 21, Status.WALL, 0.01
5663, 5, 50, Status.SNAKE, 0.01
5664, 17, 119, Status.SNAKE, 0.01
5665, 8, 42, Status.SNAKE, 0.01
5666, 9, 53, Status.SNAKE, 0.01
5667, 13, 81, Status.SNAKE, 0.01
5668, 5, 23, Status.SNAKE, 0.01
5669, 11, 87, Status.SNAKE, 0.01
5670, 14, 88, Status.SNAKE, 0.01
5671, 2, 11, Status.SNAKE, 0.01
5672, 6, 33, Status.SNAKE, 0.01
5673, 6, 45, Status.SNAKE, 0.01
5674, 6, 45, Status.SNAKE, 0.01
5675, 19, 127, Status.SNAKE, 0.01
5676, 4, 25, Status.WALL, 0.01
5677, 3, 30, Status.SNAKE, 0.01
5678, 11, 64, Status.SNAKE, 0.01
5679, 9, 57, Status.SNAKE, 0.01
5680, 16, 107, Status.SNAKE, 0.01
5681, 4, 26, Status.WALL, 0.01
5682, 4, 45, Status.WALL, 0.01
5683, 5, 43, Status.SNAKE, 0.01
5684, 11, 98, Status.SNAKE, 0.01
5685, 6, 37, Status.SNAKE, 0.01
5686, 12, 63, Status.SNAKE, 0.01
5687, 16, 112, Status.SNAKE, 0.01
5688, 14, 91, Status.SNAKE, 0.01
5689, 16, 116, Status.SNAKE, 0.01
5690, 5, 30, Status.SNAKE, 0.01
5691, 9, 64, Status.SNAKE, 0.01
5692, 11, 68, Status.SNAKE, 0.01
5693, 14, 76, Status.SNAKE, 0.01
5694, 5, 42, Status.SNAKE, 0.01
5695, 1, 5, Status.SNAKE, 0.01
5696, 5, 38, Status.WALL, 0.01
5697, 8, 52, Status.SNAKE, 0.01
5698, 8, 46, Status.SNAKE, 0.01
5699, 5, 36, Status.WALL, 0.01
5700, 9, 40, Status.SNAKE, 0.01
5701, 10, 52, Status.SNAKE, 0.01
5702, 5, 30, Status.SNAKE, 0.01
5703, 13, 92, Status.SNAKE, 0.01
5704, 4, 35, Status.WALL, 0.01
5705, 2, 16, Status.SNAKE, 0.01
5706, 13, 84, Status.WALL, 0.01
5707, 15, 126, Status.WALL, 0.01
5708, 9, 59, Status.SNAKE, 0.01
5709, 10, 51, Status.SNAKE, 0.01
5710, 8, 41, Status.SNAKE, 0.01
5711, 16, 133, Status.SNAKE, 0.01
5712, 14, 111, Status.SNAKE, 0.01
5713, 15, 79, Status.SNAKE, 0.01
5714, 10, 51, Status.SNAKE, 0.01
5715, 7, 67, Status.WALL, 0.01
5716, 5, 42, Status.SNAKE, 0.01
5717, 5, 28, Status.SNAKE, 0.01
5718, 8, 68, Status.SNAKE, 0.01
5719, 7, 35, Status.SNAKE, 0.01
5720, 7, 44, Status.WALL, 0.01
5721, 6, 33, Status.SNAKE, 0.01
5722, 1, 5, Status.SNAKE, 0.01
5723, 9, 66, Status.SNAKE, 0.01
5724, 10, 66, Status.SNAKE, 0.01
5725, 14, 98, Status.SNAKE, 0.01
5726, 5, 28, Status.WALL, 0.01
5727, 5, 42, Status.SNAKE, 0.01
5728, 10, 85, Status.SNAKE, 0.01
5729, 11, 75, Status.SNAKE, 0.01
5730, 7, 57, Status.WALL, 0.01
5731, 6, 42, Status.SNAKE, 0.01
5732, 6, 45, Status.SNAKE, 0.01
5733, 6, 49, Status.SNAKE, 0.01
5734, 13, 79, Status.WALL, 0.01
5735, 5, 39, Status.SNAKE, 0.01
5736, 21, 135, Status.SNAKE, 0.01
5737, 15, 102, Status.SNAKE, 0.01
5738, 13, 92, Status.SNAKE, 0.01
5739, 3, 9, Status.WALL, 0.01
5740, 2, 15, Status.SNAKE, 0.01
5741, 2, 14, Status.WALL, 0.01
5742, 9, 87, Status.SNAKE, 0.01
5743, 6, 52, Status.WALL, 0.01
5744, 5, 46, Status.SNAKE, 0.01
5745, 6, 40, Status.SNAKE, 0.01
5746, 11, 66, Status.SNAKE, 0.01
5747, 5, 39, Status.SNAKE, 0.01
5748, 6, 53, Status.SNAKE, 0.01
5749, 12, 93, Status.WALL, 0.01
5750, 7, 34, Status.SNAKE, 0.01
5751, 8, 63, Status.SNAKE, 0.01
5752, 6, 39, Status.SNAKE, 0.01
5753, 4, 41, Status.WALL, 0.01
5754, 13, 107, Status.SNAKE, 0.01
5755, 13, 97, Status.SNAKE, 0.01
5756, 3, 30, Status.SNAKE, 0.01
5757, 10, 63, Status.WALL, 0.01
5758, 2, 4, Status.SNAKE, 0.01
5759, 9, 65, Status.SNAKE, 0.01
5760, 11, 78, Status.WALL, 0.01
5761, 15, 86, Status.SNAKE, 0.01
5762, 9, 72, Status.SNAKE, 0.01
5763, 6, 45, Status.SNAKE, 0.01
5764, 10, 60, Status.SNAKE, 0.01
5765, 5, 21, Status.SNAKE, 0.01
5766, 14, 99, Status.SNAKE, 0.01
5767, 11, 63, Status.SNAKE, 0.01
5768, 14, 80, Status.SNAKE, 0.01
5769, 3, 16, Status.WALL, 0.01
5770, 5, 14, Status.WALL, 0.01
5771, 7, 48, Status.SNAKE, 0.01
5772, 19, 122, Status.WALL, 0.01
5773, 9, 51, Status.SNAKE, 0.01
5774, 9, 39, Status.SNAKE, 0.01
5775, 6, 43, Status.SNAKE, 0.01
5776, 7, 51, Status.SNAKE, 0.01
5777, 8, 48, Status.SNAKE, 0.01
5778, 15, 91, Status.WALL, 0.01
5779, 8, 38, Status.SNAKE, 0.01
5780, 9, 62, Status.SNAKE, 0.01
5781, 3, 16, Status.SNAKE, 0.01
5782, 6, 29, Status.WALL, 0.01
5783, 5, 28, Status.WALL, 0.01
5784, 15, 106, Status.SNAKE, 0.01
5785, 7, 43, Status.SNAKE, 0.01
5786, 2, 19, Status.WALL, 0.01
5787, 6, 37, Status.SNAKE, 0.01
5788, 10, 64, Status.SNAKE, 0.01
5789, 16, 95, Status.SNAKE, 0.01
5790, 6, 54, Status.WALL, 0.01
5791, 20, 102, Status.SNAKE, 0.01
5792, 2, 16, Status.SNAKE, 0.01
5793, 9, 83, Status.SNAKE, 0.01
5794, 3, 24, Status.SNAKE, 0.01
5795, 10, 72, Status.SNAKE, 0.01
5796, 9, 67, Status.SNAKE, 0.01
5797, 12, 74, Status.SNAKE, 0.01
5798, 9, 46, Status.SNAKE, 0.01
5799, 15, 104, Status.SNAKE, 0.01
5800, 17, 114, Status.SNAKE, 0.01
5801, 10, 56, Status.SNAKE, 0.01
5802, 8, 62, Status.WALL, 0.01
5803, 9, 45, Status.SNAKE, 0.01
5804, 9, 56, Status.SNAKE, 0.01
5805, 10, 74, Status.SNAKE, 0.01
5806, 5, 34, Status.WALL, 0.01
5807, 4, 29, Status.WALL, 0.01
5808, 10, 47, Status.SNAKE, 0.01
5809, 2, 13, Status.WALL, 0.01
5810, 3, 19, Status.SNAKE, 0.01
5811, 4, 27, Status.SNAKE, 0.01
5812, 4, 27, Status.SNAKE, 0.01
5813, 7, 57, Status.SNAKE, 0.01
5814, 3, 29, Status.SNAKE, 0.01
5815, 14, 81, Status.SNAKE, 0.01
5816, 6, 40, Status.WALL, 0.01
5817, 15, 101, Status.SNAKE, 0.01
5818, 1, 8, Status.SNAKE, 0.01
5819, 3, 12, Status.WALL, 0.01
5820, 10, 78, Status.SNAKE, 0.01
5821, 18, 101, Status.SNAKE, 0.01
5822, 6, 41, Status.SNAKE, 0.01
5823, 12, 71, Status.SNAKE, 0.01
5824, 13, 96, Status.WALL, 0.01
5825, 9, 49, Status.SNAKE, 0.01
5826, 6, 40, Status.SNAKE, 0.01
5827, 8, 37, Status.SNAKE, 0.01
5828, 6, 49, Status.WALL, 0.01
5829, 5, 30, Status.SNAKE, 0.01
5830, 13, 82, Status.SNAKE, 0.01
5831, 1, 3, Status.SNAKE, 0.01
5832, 2, 22, Status.WALL, 0.01
5833, 11, 95, Status.WALL, 0.01
5834, 11, 81, Status.SNAKE, 0.01
5835, 6, 45, Status.WALL, 0.01
5836, 11, 85, Status.SNAKE, 0.01
5837, 10, 70, Status.SNAKE, 0.01
5838, 9, 67, Status.SNAKE, 0.01
5839, 3, 27, Status.SNAKE, 0.01
5840, 11, 72, Status.SNAKE, 0.01
5841, 5, 30, Status.WALL, 0.01
5842, 14, 87, Status.SNAKE, 0.01
5843, 8, 52, Status.WALL, 0.01
5844, 2, 11, Status.WALL, 0.01
5845, 13, 100, Status.SNAKE, 0.01
5846, 4, 22, Status.SNAKE, 0.01
5847, 13, 65, Status.SNAKE, 0.01
5848, 14, 111, Status.SNAKE, 0.01
5849, 14, 77, Status.SNAKE, 0.01
5850, 3, 16, Status.SNAKE, 0.01
5851, 18, 102, Status.SNAKE, 0.01
5852, 9, 49, Status.SNAKE, 0.01
5853, 10, 67, Status.SNAKE, 0.01
5854, 9, 66, Status.SNAKE, 0.01
5855, 7, 51, Status.SNAKE, 0.01
5856, 7, 54, Status.SNAKE, 0.01
5857, 2, 10, Status.WALL, 0.01
5858, 4, 27, Status.SNAKE, 0.01
5859, 7, 40, Status.SNAKE, 0.01
5860, 18, 107, Status.SNAKE, 0.01
5861, 10, 49, Status.SNAKE, 0.01
5862, 11, 81, Status.SNAKE, 0.01
5863, 20, 141, Status.SNAKE, 0.01
5864, 5, 28, Status.WALL, 0.01
5865, 10, 62, Status.WALL, 0.01
5866, 9, 55, Status.SNAKE, 0.01
5867, 1, 12, Status.WALL, 0.01
5868, 7, 57, Status.SNAKE, 0.01
5869, 9, 57, Status.SNAKE, 0.01
5870, 15, 84, Status.SNAKE, 0.01
5871, 6, 38, Status.SNAKE, 0.01
5872, 1, 6, Status.WALL, 0.01
5873, 4, 30, Status.SNAKE, 0.01
5874, 1, 3, Status.SNAKE, 0.01
5875, 14, 92, Status.WALL, 0.01
5876, 3, 25, Status.WALL, 0.01
5877, 8, 54, Status.WALL, 0.01
5878, 9, 54, Status.SNAKE, 0.01
5879, 3, 16, Status.WALL, 0.01
5880, 1, 8, Status.SNAKE, 0.01
5881, 10, 74, Status.WALL, 0.01
5882, 12, 75, Status.SNAKE, 0.01
5883, 8, 42, Status.SNAKE, 0.01
5884, 7, 38, Status.WALL, 0.01
5885, 3, 30, Status.SNAKE, 0.01
5886, 5, 32, Status.SNAKE, 0.01
5887, 3, 8, Status.SNAKE, 0.01
5888, 8, 58, Status.SNAKE, 0.01
5889, 1, 18, Status.WALL, 0.01
5890, 9, 58, Status.SNAKE, 0.01
5891, 2, 11, Status.SNAKE, 0.01
5892, 14, 94, Status.SNAKE, 0.01
5893, 9, 47, Status.SNAKE, 0.01
5894, 14, 101, Status.SNAKE, 0.01
5895, 8, 44, Status.SNAKE, 0.01
5896, 2, 14, Status.WALL, 0.01
5897, 12, 70, Status.SNAKE, 0.01
5898, 7, 66, Status.SNAKE, 0.01
5899, 10, 41, Status.SNAKE, 0.01
5900, 10, 56, Status.SNAKE, 0.01
5901, 10, 71, Status.SNAKE, 0.01
5902, 9, 50, Status.SNAKE, 0.01
5903, 8, 39, Status.SNAKE, 0.01
5904, 5, 42, Status.SNAKE, 0.01
5905, 5, 40, Status.SNAKE, 0.01
5906, 9, 69, Status.SNAKE, 0.01
5907, 13, 74, Status.SNAKE, 0.01
5908, 3, 17, Status.SNAKE, 0.01
5909, 7, 44, Status.SNAKE, 0.01
5910, 7, 40, Status.SNAKE, 0.01
5911, 9, 32, Status.SNAKE, 0.01
5912, 13, 110, Status.SNAKE, 0.01
5913, 19, 123, Status.SNAKE, 0.01
5914, 11, 84, Status.SNAKE, 0.01
5915, 2, 17, Status.SNAKE, 0.01
5916, 12, 70, Status.SNAKE, 0.01
5917, 8, 64, Status.SNAKE, 0.01
5918, 7, 65, Status.SNAKE, 0.01
5919, 7, 36, Status.SNAKE, 0.01
5920, 6, 37, Status.WALL, 0.01
5921, 4, 23, Status.SNAKE, 0.01
5922, 14, 102, Status.SNAKE, 0.01
5923, 5, 26, Status.SNAKE, 0.01
5924, 11, 69, Status.SNAKE, 0.01
5925, 6, 31, Status.SNAKE, 0.01
5926, 6, 39, Status.SNAKE, 0.01
5927, 13, 88, Status.SNAKE, 0.01
5928, 9, 36, Status.SNAKE, 0.01
5929, 11, 86, Status.SNAKE, 0.01
5930, 6, 37, Status.WALL, 0.01
5931, 7, 32, Status.SNAKE, 0.01
5932, 15, 104, Status.SNAKE, 0.01
5933, 6, 26, Status.SNAKE, 0.01
5934, 7, 40, Status.SNAKE, 0.01
5935, 12, 78, Status.SNAKE, 0.01
5936, 1, 5, Status.SNAKE, 0.01
5937, 15, 89, Status.SNAKE, 0.01
5938, 18, 129, Status.SNAKE, 0.01
5939, 9, 60, Status.SNAKE, 0.01
5940, 13, 68, Status.SNAKE, 0.01
5941, 4, 30, Status.SNAKE, 0.01
5942, 6, 35, Status.SNAKE, 0.01
5943, 8, 78, Status.WALL, 0.01
5944, 15, 75, Status.SNAKE, 0.01
5945, 0, 5, Status.WALL, 0.01
5946, 6, 21, Status.SNAKE, 0.01
5947, 5, 25, Status.SNAKE, 0.01
5948, 3, 20, Status.SNAKE, 0.01
5949, 13, 91, Status.WALL, 0.01
5950, 6, 38, Status.SNAKE, 0.01
5951, 10, 72, Status.SNAKE, 0.01
5952, 5, 32, Status.SNAKE, 0.01
5953, 10, 59, Status.SNAKE, 0.01
5954, 5, 34, Status.WALL, 0.01
5955, 15, 94, Status.WALL, 0.01
5956, 10, 68, Status.SNAKE, 0.01
5957, 9, 59, Status.WALL, 0.01
5958, 6, 28, Status.SNAKE, 0.01
5959, 11, 59, Status.SNAKE, 0.01
5960, 13, 92, Status.SNAKE, 0.01
5961, 5, 27, Status.SNAKE, 0.01
5962, 9, 52, Status.SNAKE, 0.01
5963, 14, 97, Status.SNAKE, 0.01
5964, 8, 55, Status.SNAKE, 0.01
5965, 12, 97, Status.SNAKE, 0.01
5966, 19, 123, Status.SNAKE, 0.01
5967, 11, 72, Status.SNAKE, 0.01
5968, 12, 98, Status.SNAKE, 0.01
5969, 17, 137, Status.SNAKE, 0.01
5970, 13, 86, Status.SNAKE, 0.01
5971, 5, 39, Status.SNAKE, 0.01
5972, 8, 67, Status.SNAKE, 0.01
5973, 13, 91, Status.WALL, 0.01
5974, 8, 47, Status.SNAKE, 0.01
5975, 6, 31, Status.SNAKE, 0.01
5976, 1, 3, Status.SNAKE, 0.01
5977, 19, 121, Status.SNAKE, 0.01
5978, 11, 81, Status.SNAKE, 0.01
5979, 17, 130, Status.SNAKE, 0.01
5980, 10, 60, Status.SNAKE, 0.01
5981, 6, 47, Status.WALL, 0.01
5982, 3, 28, Status.SNAKE, 0.01
5983, 22, 153, Status.SNAKE, 0.01
5984, 12, 87, Status.SNAKE, 0.01
5985, 5, 27, Status.SNAKE, 0.01
5986, 5, 45, Status.SNAKE, 0.01
5987, 2, 15, Status.SNAKE, 0.01
5988, 8, 52, Status.SNAKE, 0.01
5989, 8, 64, Status.WALL, 0.01
5990, 8, 44, Status.SNAKE, 0.01
5991, 3, 23, Status.SNAKE, 0.01
5992, 4, 23, Status.SNAKE, 0.01
5993, 8, 52, Status.SNAKE, 0.01
5994, 8, 42, Status.SNAKE, 0.01
5995, 7, 34, Status.SNAKE, 0.01
5996, 5, 58, Status.SNAKE, 0.01
5997, 10, 80, Status.SNAKE, 0.01
5998, 5, 42, Status.SNAKE, 0.01
5999, 8, 46, Status.WALL, 0.01
6000, 12, 76, Status.WALL, 0.01
6001, 15, 97, Status.SNAKE, 0.01
6002, 16, 109, Status.SNAKE, 0.01
6003, 20, 116, Status.SNAKE, 0.01
6004, 8, 55, Status.SNAKE, 0.01
6005, 8, 62, Status.SNAKE, 0.01
6006, 7, 42, Status.SNAKE, 0.01
6007, 18, 97, Status.SNAKE, 0.01
6008, 6, 51, Status.WALL, 0.01
6009, 4, 30, Status.SNAKE, 0.01
6010, 5, 37, Status.SNAKE, 0.01
6011, 3, 14, Status.SNAKE, 0.01
6012, 11, 104, Status.SNAKE, 0.01
6013, 12, 97, Status.SNAKE, 0.01
6014, 6, 39, Status.WALL, 0.01
6015, 11, 87, Status.WALL, 0.01
6016, 7, 37, Status.SNAKE, 0.01
6017, 2, 15, Status.SNAKE, 0.01
6018, 11, 62, Status.SNAKE, 0.01
6019, 6, 28, Status.WALL, 0.01
6020, 13, 59, Status.SNAKE, 0.01
6021, 9, 57, Status.SNAKE, 0.01
6022, 12, 79, Status.SNAKE, 0.01
6023, 3, 24, Status.SNAKE, 0.01
6024, 18, 105, Status.WALL, 0.01
6025, 7, 32, Status.SNAKE, 0.01
6026, 2, 16, Status.SNAKE, 0.01
6027, 5, 39, Status.SNAKE, 0.01
6028, 15, 121, Status.WALL, 0.01
6029, 5, 42, Status.SNAKE, 0.01
6030, 4, 29, Status.SNAKE, 0.01
6031, 11, 85, Status.WALL, 0.01
6032, 9, 73, Status.SNAKE, 0.01
6033, 8, 46, Status.SNAKE, 0.01
6034, 4, 18, Status.SNAKE, 0.01
6035, 15, 109, Status.SNAKE, 0.01
6036, 7, 36, Status.SNAKE, 0.01
6037, 5, 32, Status.SNAKE, 0.01
6038, 6, 35, Status.WALL, 0.01
6039, 12, 81, Status.SNAKE, 0.01
6040, 4, 15, Status.SNAKE, 0.01
6041, 11, 71, Status.SNAKE, 0.01
6042, 14, 75, Status.SNAKE, 0.01
6043, 6, 29, Status.SNAKE, 0.01
6044, 16, 119, Status.SNAKE, 0.01
6045, 14, 108, Status.SNAKE, 0.01
6046, 16, 120, Status.SNAKE, 0.01
6047, 4, 24, Status.SNAKE, 0.01
6048, 5, 35, Status.SNAKE, 0.01
6049, 15, 112, Status.SNAKE, 0.01
6050, 12, 83, Status.SNAKE, 0.01
6051, 8, 55, Status.WALL, 0.01
6052, 9, 42, Status.SNAKE, 0.01
6053, 10, 90, Status.SNAKE, 0.01
6054, 15, 91, Status.SNAKE, 0.01
6055, 15, 97, Status.SNAKE, 0.01
6056, 8, 75, Status.SNAKE, 0.01
6057, 9, 57, Status.SNAKE, 0.01
6058, 14, 78, Status.SNAKE, 0.01
6059, 2, 15, Status.WALL, 0.01
6060, 8, 44, Status.SNAKE, 0.01
6061, 6, 52, Status.SNAKE, 0.01
6062, 8, 53, Status.SNAKE, 0.01
6063, 6, 26, Status.WALL, 0.01
6064, 11, 87, Status.WALL, 0.01
6065, 19, 134, Status.SNAKE, 0.01
6066, 8, 65, Status.WALL, 0.01
6067, 9, 42, Status.SNAKE, 0.01
6068, 18, 110, Status.SNAKE, 0.01
6069, 3, 20, Status.WALL, 0.01
6070, 2, 6, Status.SNAKE, 0.01
6071, 9, 75, Status.WALL, 0.01
6072, 5, 51, Status.SNAKE, 0.01
6073, 8, 56, Status.SNAKE, 0.01
6074, 2, 14, Status.SNAKE, 0.01
6075, 8, 50, Status.SNAKE, 0.01
6076, 1, 3, Status.SNAKE, 0.01
6077, 16, 137, Status.SNAKE, 0.01
6078, 10, 67, Status.WALL, 0.01
6079, 10, 67, Status.SNAKE, 0.01
6080, 12, 77, Status.SNAKE, 0.01
6081, 11, 75, Status.SNAKE, 0.01
6082, 8, 54, Status.SNAKE, 0.01
6083, 11, 62, Status.SNAKE, 0.01
6084, 7, 37, Status.SNAKE, 0.01
6085, 8, 51, Status.SNAKE, 0.01
6086, 2, 7, Status.WALL, 0.01
6087, 5, 20, Status.WALL, 0.01
6088, 10, 66, Status.SNAKE, 0.01
6089, 12, 67, Status.SNAKE, 0.01
6090, 5, 32, Status.WALL, 0.01
6091, 7, 58, Status.SNAKE, 0.01
6092, 11, 85, Status.SNAKE, 0.01
6093, 6, 49, Status.SNAKE, 0.01
6094, 9, 54, Status.SNAKE, 0.01
6095, 7, 50, Status.SNAKE, 0.01
6096, 10, 59, Status.SNAKE, 0.01
6097, 3, 17, Status.SNAKE, 0.01
6098, 9, 65, Status.SNAKE, 0.01
6099, 11, 63, Status.SNAKE, 0.01
6100, 8, 54, Status.SNAKE, 0.01
6101, 16, 110, Status.SNAKE, 0.01
6102, 10, 51, Status.WALL, 0.01
6103, 10, 57, Status.SNAKE, 0.01
6104, 9, 64, Status.SNAKE, 0.01
6105, 3, 26, Status.WALL, 0.01
6106, 18, 124, Status.SNAKE, 0.01
6107, 12, 66, Status.SNAKE, 0.01
6108, 15, 91, Status.SNAKE, 0.01
6109, 14, 87, Status.SNAKE, 0.01
6110, 8, 39, Status.WALL, 0.01
6111, 14, 86, Status.SNAKE, 0.01
6112, 3, 8, Status.WALL, 0.01
6113, 14, 92, Status.SNAKE, 0.01
6114, 11, 50, Status.WALL, 0.01
6115, 6, 40, Status.WALL, 0.01
6116, 10, 92, Status.SNAKE, 0.01
6117, 12, 53, Status.SNAKE, 0.01
6118, 13, 93, Status.SNAKE, 0.01
6119, 7, 43, Status.SNAKE, 0.01
6120, 3, 13, Status.WALL, 0.01
6121, 8, 67, Status.SNAKE, 0.01
6122, 13, 106, Status.SNAKE, 0.01
6123, 11, 54, Status.SNAKE, 0.01
6124, 8, 64, Status.SNAKE, 0.01
6125, 12, 105, Status.SNAKE, 0.01
6126, 16, 118, Status.SNAKE, 0.01
6127, 3, 13, Status.SNAKE, 0.01
6128, 11, 71, Status.WALL, 0.01
6129, 6, 25, Status.SNAKE, 0.01
6130, 7, 40, Status.SNAKE, 0.01
6131, 2, 5, Status.SNAKE, 0.01
6132, 2, 16, Status.SNAKE, 0.01
6133, 4, 28, Status.SNAKE, 0.01
6134, 10, 80, Status.SNAKE, 0.01
6135, 1, 13, Status.WALL, 0.01
6136, 7, 48, Status.WALL, 0.01
6137, 16, 126, Status.SNAKE, 0.01
6138, 7, 46, Status.WALL, 0.01
6139, 17, 104, Status.SNAKE, 0.01
6140, 8, 57, Status.SNAKE, 0.01
6141, 5, 30, Status.SNAKE, 0.01
6142, 8, 57, Status.WALL, 0.01
6143, 1, 5, Status.SNAKE, 0.01
6144, 1, 7, Status.SNAKE, 0.01
6145, 13, 84, Status.SNAKE, 0.01
6146, 6, 38, Status.SNAKE, 0.01
6147, 4, 22, Status.SNAKE, 0.01
6148, 10, 69, Status.SNAKE, 0.01
6149, 10, 63, Status.WALL, 0.01
6150, 3, 25, Status.SNAKE, 0.01
6151, 4, 24, Status.SNAKE, 0.01
6152, 11, 80, Status.SNAKE, 0.01
6153, 10, 55, Status.SNAKE, 0.01
6154, 7, 45, Status.SNAKE, 0.01
6155, 4, 21, Status.SNAKE, 0.01
6156, 7, 31, Status.SNAKE, 0.01
6157, 1, 6, Status.SNAKE, 0.01
6158, 14, 81, Status.WALL, 0.01
6159, 13, 80, Status.SNAKE, 0.01
6160, 12, 102, Status.WALL, 0.01
6161, 15, 102, Status.SNAKE, 0.01
6162, 11, 73, Status.SNAKE, 0.01
6163, 5, 39, Status.SNAKE, 0.01
6164, 5, 38, Status.SNAKE, 0.01
6165, 9, 75, Status.SNAKE, 0.01
6166, 4, 29, Status.SNAKE, 0.01
6167, 9, 55, Status.SNAKE, 0.01
6168, 1, 8, Status.SNAKE, 0.01
6169, 8, 53, Status.SNAKE, 0.01
6170, 15, 127, Status.WALL, 0.01
6171, 9, 66, Status.SNAKE, 0.01
6172, 15, 93, Status.SNAKE, 0.01
6173, 6, 40, Status.SNAKE, 0.01
6174, 1, 5, Status.SNAKE, 0.01
6175, 1, 8, Status.SNAKE, 0.01
6176, 15, 105, Status.SNAKE, 0.01
6177, 4, 16, Status.SNAKE, 0.01
6178, 4, 27, Status.SNAKE, 0.01
6179, 9, 54, Status.SNAKE, 0.01
6180, 7, 63, Status.SNAKE, 0.01
6181, 2, 15, Status.WALL, 0.01
6182, 10, 87, Status.SNAKE, 0.01
6183, 2, 21, Status.WALL, 0.01
6184, 3, 22, Status.SNAKE, 0.01
6185, 4, 21, Status.SNAKE, 0.01
6186, 2, 13, Status.SNAKE, 0.01
6187, 5, 29, Status.SNAKE, 0.01
6188, 11, 74, Status.SNAKE, 0.01
6189, 4, 37, Status.SNAKE, 0.01
6190, 5, 45, Status.SNAKE, 0.01
6191, 10, 63, Status.SNAKE, 0.01
6192, 8, 69, Status.SNAKE, 0.01
6193, 7, 38, Status.SNAKE, 0.01
6194, 15, 141, Status.SNAKE, 0.01
6195, 12, 86, Status.SNAKE, 0.01
6196, 1, 9, Status.WALL, 0.01
6197, 13, 95, Status.SNAKE, 0.01
6198, 2, 8, Status.SNAKE, 0.01
6199, 10, 78, Status.SNAKE, 0.01
6200, 5, 42, Status.WALL, 0.01
6201, 8, 59, Status.WALL, 0.01
6202, 3, 24, Status.SNAKE, 0.01
6203, 20, 141, Status.WALL, 0.01
6204, 7, 31, Status.SNAKE, 0.01
6205, 6, 53, Status.SNAKE, 0.01
6206, 7, 33, Status.SNAKE, 0.01
6207, 7, 44, Status.WALL, 0.01
6208, 11, 80, Status.SNAKE, 0.01
6209, 12, 115, Status.SNAKE, 0.01
6210, 8, 55, Status.SNAKE, 0.01
6211, 7, 37, Status.SNAKE, 0.01
6212, 13, 112, Status.SNAKE, 0.01
6213, 10, 64, Status.SNAKE, 0.01
6214, 3, 24, Status.WALL, 0.01
6215, 4, 23, Status.SNAKE, 0.01
6216, 9, 42, Status.SNAKE, 0.01
6217, 7, 46, Status.SNAKE, 0.01
6218, 5, 48, Status.SNAKE, 0.01
6219, 1, 8, Status.WALL, 0.01
6220, 3, 15, Status.SNAKE, 0.01
6221, 5, 31, Status.SNAKE, 0.01
6222, 9, 53, Status.WALL, 0.01
6223, 10, 57, Status.SNAKE, 0.01
6224, 16, 100, Status.SNAKE, 0.01
6225, 13, 63, Status.SNAKE, 0.01
6226, 2, 11, Status.SNAKE, 0.01
6227, 15, 131, Status.WALL, 0.01
6228, 13, 54, Status.WALL, 0.01
6229, 16, 96, Status.SNAKE, 0.01
6230, 3, 11, Status.SNAKE, 0.01
6231, 5, 31, Status.SNAKE, 0.01
6232, 8, 73, Status.SNAKE, 0.01
6233, 11, 73, Status.WALL, 0.01
6234, 6, 35, Status.SNAKE, 0.01
6235, 5, 35, Status.SNAKE, 0.01
6236, 6, 53, Status.SNAKE, 0.01
6237, 10, 53, Status.SNAKE, 0.01
6238, 19, 148, Status.SNAKE, 0.01
6239, 11, 53, Status.SNAKE, 0.01
6240, 4, 37, Status.WALL, 0.01
6241, 15, 93, Status.SNAKE, 0.01
6242, 14, 87, Status.WALL, 0.01
6243, 8, 66, Status.SNAKE, 0.01
6244, 8, 57, Status.SNAKE, 0.01
6245, 17, 115, Status.WALL, 0.01
6246, 7, 43, Status.SNAKE, 0.01
6247, 11, 72, Status.SNAKE, 0.01
6248, 11, 79, Status.SNAKE, 0.01
6249, 12, 85, Status.SNAKE, 0.01
6250, 2, 21, Status.WALL, 0.01
6251, 8, 72, Status.SNAKE, 0.01
6252, 5, 37, Status.WALL, 0.01
6253, 8, 28, Status.SNAKE, 0.01
6254, 11, 82, Status.SNAKE, 0.01
6255, 2, 16, Status.SNAKE, 0.01
6256, 7, 36, Status.SNAKE, 0.01
6257, 10, 59, Status.SNAKE, 0.01
6258, 8, 70, Status.WALL, 0.01
6259, 10, 68, Status.SNAKE, 0.01
6260, 15, 103, Status.SNAKE, 0.01
6261, 5, 35, Status.SNAKE, 0.01
6262, 11, 106, Status.SNAKE, 0.01
6263, 10, 65, Status.SNAKE, 0.01
6264, 10, 84, Status.SNAKE, 0.01
6265, 4, 16, Status.SNAKE, 0.01
6266, 9, 55, Status.SNAKE, 0.01
6267, 5, 24, Status.SNAKE, 0.01
6268, 7, 48, Status.SNAKE, 0.01
6269, 5, 36, Status.SNAKE, 0.01
6270, 6, 61, Status.SNAKE, 0.01
6271, 8, 58, Status.WALL, 0.01
6272, 5, 36, Status.WALL, 0.01
6273, 13, 86, Status.WALL, 0.01
6274, 6, 29, Status.SNAKE, 0.01
6275, 6, 30, Status.WALL, 0.01
6276, 6, 23, Status.SNAKE, 0.01
6277, 13, 83, Status.SNAKE, 0.01
6278, 5, 27, Status.SNAKE, 0.01
6279, 10, 67, Status.SNAKE, 0.01
6280, 12, 96, Status.SNAKE, 0.01
6281, 7, 45, Status.SNAKE, 0.01
6282, 4, 22, Status.SNAKE, 0.01
6283, 6, 35, Status.SNAKE, 0.01
6284, 9, 46, Status.SNAKE, 0.01
6285, 7, 38, Status.SNAKE, 0.01
6286, 3, 24, Status.WALL, 0.01
6287, 5, 17, Status.SNAKE, 0.01
6288, 3, 18, Status.SNAKE, 0.01
6289, 8, 51, Status.SNAKE, 0.01
6290, 2, 16, Status.WALL, 0.01
6291, 15, 122, Status.SNAKE, 0.01
6292, 11, 72, Status.SNAKE, 0.01
6293, 6, 35, Status.SNAKE, 0.01
6294, 14, 85, Status.WALL, 0.01
6295, 9, 58, Status.SNAKE, 0.01
6296, 4, 31, Status.SNAKE, 0.01
6297, 16, 93, Status.SNAKE, 0.01
6298, 11, 77, Status.SNAKE, 0.01
6299, 17, 116, Status.SNAKE, 0.01
6300, 11, 86, Status.SNAKE, 0.01
6301, 15, 107, Status.SNAKE, 0.01
6302, 7, 53, Status.WALL, 0.01
6303, 14, 99, Status.WALL, 0.01
6304, 1, 7, Status.WALL, 0.01
6305, 5, 51, Status.WALL, 0.01
6306, 1, 3, Status.SNAKE, 0.01
6307, 21, 138, Status.SNAKE, 0.01
6308, 5, 38, Status.SNAKE, 0.01
6309, 6, 34, Status.SNAKE, 0.01
6310, 0, 9, Status.WALL, 0.01
6311, 3, 15, Status.SNAKE, 0.01
6312, 8, 42, Status.SNAKE, 0.01
6313, 12, 93, Status.SNAKE, 0.01
6314, 1, 10, Status.WALL, 0.01
6315, 6, 48, Status.SNAKE, 0.01
6316, 15, 112, Status.SNAKE, 0.01
6317, 5, 23, Status.SNAKE, 0.01
6318, 5, 35, Status.SNAKE, 0.01
6319, 13, 87, Status.SNAKE, 0.01
6320, 15, 105, Status.SNAKE, 0.01
6321, 5, 49, Status.SNAKE, 0.01
6322, 2, 12, Status.WALL, 0.01
6323, 14, 99, Status.SNAKE, 0.01
6324, 5, 42, Status.SNAKE, 0.01
6325, 7, 57, Status.SNAKE, 0.01
6326, 4, 20, Status.WALL, 0.01
6327, 7, 37, Status.SNAKE, 0.01
6328, 5, 50, Status.WALL, 0.01
6329, 2, 12, Status.SNAKE, 0.01
6330, 22, 135, Status.SNAKE, 0.01
6331, 5, 39, Status.SNAKE, 0.01
6332, 5, 41, Status.SNAKE, 0.01
6333, 10, 89, Status.SNAKE, 0.01
6334, 11, 74, Status.SNAKE, 0.01
6335, 8, 60, Status.SNAKE, 0.01
6336, 7, 38, Status.SNAKE, 0.01
6337, 11, 72, Status.SNAKE, 0.01
6338, 9, 47, Status.SNAKE, 0.01
6339, 2, 9, Status.SNAKE, 0.01
6340, 7, 41, Status.SNAKE, 0.01
6341, 9, 61, Status.SNAKE, 0.01
6342, 17, 132, Status.SNAKE, 0.01
6343, 13, 98, Status.WALL, 0.01
6344, 12, 75, Status.SNAKE, 0.01
6345, 9, 58, Status.SNAKE, 0.01
6346, 10, 65, Status.SNAKE, 0.01
6347, 3, 19, Status.SNAKE, 0.01
6348, 13, 64, Status.SNAKE, 0.01
6349, 5, 39, Status.SNAKE, 0.01
6350, 16, 110, Status.SNAKE, 0.01
6351, 8, 75, Status.SNAKE, 0.01
6352, 3, 25, Status.SNAKE, 0.01
6353, 13, 117, Status.WALL, 0.01
6354, 3, 22, Status.WALL, 0.01
6355, 3, 17, Status.WALL, 0.01
6356, 10, 52, Status.SNAKE, 0.01
6357, 10, 63, Status.SNAKE, 0.01
6358, 8, 55, Status.SNAKE, 0.01
6359, 2, 31, Status.WALL, 0.01
6360, 2, 20, Status.SNAKE, 0.01
6361, 8, 57, Status.WALL, 0.01
6362, 20, 127, Status.SNAKE, 0.01
6363, 4, 29, Status.WALL, 0.01
6364, 7, 50, Status.SNAKE, 0.01
6365, 11, 91, Status.SNAKE, 0.01
6366, 4, 33, Status.SNAKE, 0.01
6367, 15, 101, Status.SNAKE, 0.01
6368, 14, 106, Status.SNAKE, 0.01
6369, 10, 68, Status.SNAKE, 0.01
6370, 14, 79, Status.SNAKE, 0.01
6371, 11, 75, Status.WALL, 0.01
6372, 7, 68, Status.SNAKE, 0.01
6373, 15, 92, Status.WALL, 0.01
6374, 8, 60, Status.WALL, 0.01
6375, 5, 49, Status.WALL, 0.01
6376, 12, 94, Status.WALL, 0.01
6377, 7, 64, Status.SNAKE, 0.01
6378, 11, 65, Status.SNAKE, 0.01
6379, 6, 48, Status.SNAKE, 0.01
6380, 4, 16, Status.SNAKE, 0.01
6381, 5, 28, Status.WALL, 0.01
6382, 21, 153, Status.SNAKE, 0.01
6383, 17, 143, Status.WALL, 0.01
6384, 3, 15, Status.SNAKE, 0.01
6385, 10, 81, Status.SNAKE, 0.01
6386, 10, 56, Status.SNAKE, 0.01
6387, 1, 8, Status.WALL, 0.01
6388, 14, 87, Status.WALL, 0.01
6389, 12, 93, Status.WALL, 0.01
6390, 1, 3, Status.SNAKE, 0.01
6391, 8, 46, Status.SNAKE, 0.01
6392, 9, 62, Status.SNAKE, 0.01
6393, 6, 39, Status.SNAKE, 0.01
6394, 11, 72, Status.SNAKE, 0.01
6395, 3, 20, Status.SNAKE, 0.01
6396, 11, 70, Status.WALL, 0.01
6397, 6, 40, Status.SNAKE, 0.01
6398, 5, 33, Status.SNAKE, 0.01
6399, 7, 59, Status.SNAKE, 0.01
6400, 6, 37, Status.SNAKE, 0.01
6401, 1, 4, Status.SNAKE, 0.01
6402, 15, 119, Status.SNAKE, 0.01
6403, 6, 26, Status.SNAKE, 0.01
6404, 6, 44, Status.SNAKE, 0.01
6405, 16, 83, Status.SNAKE, 0.01
6406, 10, 64, Status.SNAKE, 0.01
6407, 1, 10, Status.WALL, 0.01
6408, 2, 8, Status.WALL, 0.01
6409, 4, 32, Status.SNAKE, 0.01
6410, 16, 97, Status.SNAKE, 0.01
6411, 4, 22, Status.SNAKE, 0.01
6412, 3, 23, Status.WALL, 0.01
6413, 3, 14, Status.SNAKE, 0.01
6414, 14, 109, Status.SNAKE, 0.01
6415, 9, 58, Status.SNAKE, 0.01
6416, 11, 73, Status.WALL, 0.01
6417, 9, 76, Status.WALL, 0.01
6418, 1, 6, Status.SNAKE, 0.01
6419, 9, 85, Status.SNAKE, 0.01
6420, 9, 51, Status.SNAKE, 0.01
6421, 10, 77, Status.SNAKE, 0.01
6422, 1, 6, Status.SNAKE, 0.01
6423, 3, 15, Status.SNAKE, 0.01
6424, 3, 11, Status.WALL, 0.01
6425, 7, 37, Status.SNAKE, 0.01
6426, 12, 112, Status.SNAKE, 0.01
6427, 6, 38, Status.SNAKE, 0.01
6428, 5, 19, Status.SNAKE, 0.01
6429, 13, 83, Status.SNAKE, 0.01
6430, 9, 49, Status.SNAKE, 0.01
6431, 2, 16, Status.WALL, 0.01
6432, 9, 69, Status.SNAKE, 0.01
6433, 9, 73, Status.WALL, 0.01
6434, 6, 50, Status.SNAKE, 0.01
6435, 6, 31, Status.WALL, 0.01
6436, 5, 37, Status.SNAKE, 0.01
6437, 7, 60, Status.SNAKE, 0.01
6438, 13, 102, Status.SNAKE, 0.01
6439, 6, 37, Status.SNAKE, 0.01
6440, 11, 70, Status.SNAKE, 0.01
6441, 14, 89, Status.SNAKE, 0.01
6442, 9, 72, Status.SNAKE, 0.01
6443, 6, 38, Status.WALL, 0.01
6444, 5, 25, Status.SNAKE, 0.01
6445, 5, 44, Status.WALL, 0.01
6446, 6, 44, Status.SNAKE, 0.01
6447, 5, 27, Status.SNAKE, 0.01
6448, 6, 39, Status.SNAKE, 0.01
6449, 2, 15, Status.SNAKE, 0.01
6450, 3, 19, Status.SNAKE, 0.01
6451, 5, 36, Status.SNAKE, 0.01
6452, 7, 53, Status.SNAKE, 0.01
6453, 5, 35, Status.WALL, 0.01
6454, 5, 24, Status.SNAKE, 0.01
6455, 11, 68, Status.SNAKE, 0.01
6456, 10, 70, Status.SNAKE, 0.01
6457, 4, 17, Status.SNAKE, 0.01
6458, 2, 16, Status.SNAKE, 0.01
6459, 13, 116, Status.SNAKE, 0.01
6460, 12, 82, Status.SNAKE, 0.01
6461, 6, 37, Status.SNAKE, 0.01
6462, 12, 88, Status.SNAKE, 0.01
6463, 6, 33, Status.SNAKE, 0.01
6464, 10, 67, Status.SNAKE, 0.01
6465, 3, 16, Status.SNAKE, 0.01
6466, 5, 44, Status.SNAKE, 0.01
6467, 13, 89, Status.SNAKE, 0.01
6468, 10, 75, Status.SNAKE, 0.01
6469, 3, 18, Status.SNAKE, 0.01
6470, 13, 74, Status.WALL, 0.01
6471, 3, 17, Status.SNAKE, 0.01
6472, 7, 40, Status.SNAKE, 0.01
6473, 15, 103, Status.SNAKE, 0.01
6474, 5, 34, Status.SNAKE, 0.01
6475, 12, 90, Status.WALL, 0.01
6476, 7, 60, Status.WALL, 0.01
6477, 9, 58, Status.SNAKE, 0.01
6478, 10, 77, Status.WALL, 0.01
6479, 12, 101, Status.SNAKE, 0.01
6480, 2, 5, Status.SNAKE, 0.01
6481, 7, 48, Status.WALL, 0.01
6482, 2, 18, Status.WALL, 0.01
6483, 6, 33, Status.SNAKE, 0.01
6484, 5, 25, Status.WALL, 0.01
6485, 14, 101, Status.SNAKE, 0.01
6486, 7, 51, Status.SNAKE, 0.01
6487, 12, 88, Status.SNAKE, 0.01
6488, 14, 89, Status.SNAKE, 0.01
6489, 11, 72, Status.SNAKE, 0.01
6490, 14, 96, Status.WALL, 0.01
6491, 5, 41, Status.SNAKE, 0.01
6492, 15, 100, Status.WALL, 0.01
6493, 1, 5, Status.SNAKE, 0.01
6494, 5, 39, Status.SNAKE, 0.01
6495, 10, 71, Status.SNAKE, 0.01
6496, 16, 129, Status.SNAKE, 0.01
6497, 3, 29, Status.SNAKE, 0.01
6498, 11, 60, Status.SNAKE, 0.01
6499, 3, 16, Status.SNAKE, 0.01
6500, 10, 44, Status.SNAKE, 0.01
6501, 5, 36, Status.WALL, 0.01
6502, 7, 30, Status.SNAKE, 0.01
6503, 13, 114, Status.SNAKE, 0.01
6504, 9, 40, Status.SNAKE, 0.01
6505, 10, 44, Status.WALL, 0.01
6506, 9, 59, Status.SNAKE, 0.01
6507, 16, 94, Status.SNAKE, 0.01
6508, 7, 46, Status.SNAKE, 0.01
6509, 5, 30, Status.SNAKE, 0.01
6510, 1, 8, Status.SNAKE, 0.01
6511, 9, 64, Status.WALL, 0.01
6512, 9, 60, Status.SNAKE, 0.01
6513, 6, 42, Status.SNAKE, 0.01
6514, 9, 69, Status.SNAKE, 0.01
6515, 16, 108, Status.SNAKE, 0.01
6516, 11, 71, Status.SNAKE, 0.01
6517, 12, 58, Status.SNAKE, 0.01
6518, 14, 102, Status.SNAKE, 0.01
6519, 6, 32, Status.WALL, 0.01
6520, 10, 65, Status.SNAKE, 0.01
6521, 6, 42, Status.WALL, 0.01
6522, 13, 97, Status.SNAKE, 0.01
6523, 6, 41, Status.SNAKE, 0.01
6524, 13, 81, Status.SNAKE, 0.01
6525, 5, 39, Status.WALL, 0.01
6526, 5, 27, Status.SNAKE, 0.01
6527, 9, 80, Status.SNAKE, 0.01
6528, 4, 21, Status.WALL, 0.01
6529, 9, 79, Status.SNAKE, 0.01
6530, 16, 123, Status.SNAKE, 0.01
6531, 6, 32, Status.SNAKE, 0.01
6532, 9, 53, Status.SNAKE, 0.01
6533, 11, 78, Status.SNAKE, 0.01
6534, 10, 75, Status.SNAKE, 0.01
6535, 10, 65, Status.WALL, 0.01
6536, 16, 113, Status.SNAKE, 0.01
6537, 7, 58, Status.WALL, 0.01
6538, 15, 104, Status.SNAKE, 0.01
6539, 5, 51, Status.SNAKE, 0.01
6540, 11, 87, Status.SNAKE, 0.01
6541, 3, 15, Status.SNAKE, 0.01
6542, 6, 42, Status.SNAKE, 0.01
6543, 4, 31, Status.WALL, 0.01
6544, 7, 47, Status.SNAKE, 0.01
6545, 10, 76, Status.SNAKE, 0.01
6546, 3, 18, Status.SNAKE, 0.01
6547, 6, 50, Status.SNAKE, 0.01
6548, 11, 84, Status.SNAKE, 0.01
6549, 9, 64, Status.SNAKE, 0.01
6550, 17, 94, Status.SNAKE, 0.01
6551, 7, 54, Status.SNAKE, 0.01
6552, 7, 36, Status.SNAKE, 0.01
6553, 6, 32, Status.SNAKE, 0.01
6554, 14, 103, Status.SNAKE, 0.01
6555, 1, 7, Status.SNAKE, 0.01
6556, 5, 30, Status.SNAKE, 0.01
6557, 7, 59, Status.WALL, 0.01
6558, 16, 131, Status.SNAKE, 0.01
6559, 11, 85, Status.SNAKE, 0.01
6560, 6, 27, Status.SNAKE, 0.01
6561, 10, 61, Status.SNAKE, 0.01
6562, 9, 67, Status.WALL, 0.01
6563, 10, 68, Status.WALL, 0.01
6564, 10, 75, Status.SNAKE, 0.01
6565, 11, 79, Status.SNAKE, 0.01
6566, 7, 61, Status.SNAKE, 0.01
6567, 10, 49, Status.SNAKE, 0.01
6568, 10, 65, Status.SNAKE, 0.01
6569, 12, 81, Status.SNAKE, 0.01
6570, 8, 64, Status.SNAKE, 0.01
6571, 11, 87, Status.SNAKE, 0.01
6572, 12, 87, Status.WALL, 0.01
6573, 3, 16, Status.WALL, 0.01
6574, 13, 65, Status.SNAKE, 0.01
6575, 13, 83, Status.SNAKE, 0.01
6576, 13, 114, Status.SNAKE, 0.01
6577, 4, 31, Status.SNAKE, 0.01
6578, 11, 73, Status.SNAKE, 0.01
6579, 4, 35, Status.SNAKE, 0.01
6580, 12, 104, Status.SNAKE, 0.01
6581, 6, 37, Status.SNAKE, 0.01
6582, 13, 98, Status.SNAKE, 0.01
6583, 4, 19, Status.SNAKE, 0.01
6584, 7, 40, Status.WALL, 0.01
6585, 1, 6, Status.SNAKE, 0.01
6586, 2, 12, Status.SNAKE, 0.01
6587, 7, 49, Status.SNAKE, 0.01
6588, 10, 69, Status.SNAKE, 0.01
6589, 1, 3, Status.SNAKE, 0.01
6590, 10, 75, Status.SNAKE, 0.01
6591, 6, 50, Status.SNAKE, 0.01
6592, 12, 87, Status.SNAKE, 0.01
6593, 11, 68, Status.SNAKE, 0.01
6594, 6, 48, Status.SNAKE, 0.01
6595, 5, 28, Status.SNAKE, 0.01
6596, 9, 73, Status.SNAKE, 0.01
6597, 8, 65, Status.WALL, 0.01
6598, 5, 37, Status.SNAKE, 0.01
6599, 9, 67, Status.SNAKE, 0.01
6600, 10, 82, Status.WALL, 0.01
6601, 7, 42, Status.SNAKE, 0.01
6602, 10, 76, Status.WALL, 0.01
6603, 1, 16, Status.SNAKE, 0.01
6604, 3, 17, Status.SNAKE, 0.01
6605, 6, 35, Status.SNAKE, 0.01
6606, 5, 21, Status.SNAKE, 0.01
6607, 7, 48, Status.SNAKE, 0.01
6608, 3, 30, Status.SNAKE, 0.01
6609, 7, 41, Status.SNAKE, 0.01
6610, 5, 34, Status.WALL, 0.01
6611, 5, 27, Status.SNAKE, 0.01
6612, 7, 40, Status.SNAKE, 0.01
6613, 5, 43, Status.SNAKE, 0.01
6614, 1, 3, Status.SNAKE, 0.01
6615, 10, 50, Status.SNAKE, 0.01
6616, 13, 89, Status.SNAKE, 0.01
6617, 7, 40, Status.SNAKE, 0.01
6618, 9, 53, Status.SNAKE, 0.01
6619, 8, 57, Status.SNAKE, 0.01
6620, 7, 50, Status.SNAKE, 0.01
6621, 11, 90, Status.SNAKE, 0.01
6622, 8, 54, Status.SNAKE, 0.01
6623, 15, 109, Status.WALL, 0.01
6624, 7, 52, Status.SNAKE, 0.01
6625, 11, 76, Status.SNAKE, 0.01
6626, 11, 83, Status.SNAKE, 0.01
6627, 12, 71, Status.SNAKE, 0.01
6628, 6, 42, Status.SNAKE, 0.01
6629, 3, 12, Status.SNAKE, 0.01
6630, 11, 84, Status.SNAKE, 0.01
6631, 17, 132, Status.WALL, 0.01
6632, 10, 56, Status.SNAKE, 0.01
6633, 8, 38, Status.SNAKE, 0.01
6634, 13, 83, Status.SNAKE, 0.01
6635, 15, 95, Status.SNAKE, 0.01
6636, 8, 57, Status.SNAKE, 0.01
6637, 9, 61, Status.SNAKE, 0.01
6638, 5, 23, Status.SNAKE, 0.01
6639, 14, 125, Status.SNAKE, 0.01
6640, 3, 39, Status.WALL, 0.01
6641, 14, 99, Status.SNAKE, 0.01
6642, 13, 72, Status.SNAKE, 0.01
6643, 9, 42, Status.SNAKE, 0.01
6644, 6, 41, Status.SNAKE, 0.01
6645, 13, 83, Status.SNAKE, 0.01
6646, 15, 112, Status.SNAKE, 0.01
6647, 6, 34, Status.SNAKE, 0.01
6648, 5, 30, Status.WALL, 0.01
6649, 7, 49, Status.SNAKE, 0.01
6650, 5, 40, Status.SNAKE, 0.01
6651, 7, 60, Status.SNAKE, 0.01
6652, 9, 40, Status.SNAKE, 0.01
6653, 10, 66, Status.SNAKE, 0.01
6654, 13, 87, Status.SNAKE, 0.01
6655, 8, 66, Status.SNAKE, 0.01
6656, 9, 55, Status.SNAKE, 0.01
6657, 9, 59, Status.SNAKE, 0.01
6658, 11, 67, Status.SNAKE, 0.01
6659, 11, 80, Status.SNAKE, 0.01
6660, 6, 46, Status.SNAKE, 0.01
6661, 3, 19, Status.SNAKE, 0.01
6662, 8, 50, Status.WALL, 0.01
6663, 8, 69, Status.SNAKE, 0.01
6664, 6, 55, Status.SNAKE, 0.01
6665, 7, 48, Status.WALL, 0.01
6666, 22, 148, Status.SNAKE, 0.01
6667, 5, 32, Status.SNAKE, 0.01
6668, 11, 77, Status.SNAKE, 0.01
6669, 8, 61, Status.SNAKE, 0.01
6670, 8, 56, Status.SNAKE, 0.01
6671, 5, 35, Status.WALL, 0.01
6672, 7, 59, Status.SNAKE, 0.01
6673, 6, 37, Status.WALL, 0.01
6674, 15, 90, Status.SNAKE, 0.01
6675, 7, 25, Status.SNAKE, 0.01
6676, 6, 60, Status.WALL, 0.01
6677, 15, 90, Status.WALL, 0.01
6678, 2, 15, Status.SNAKE, 0.01
6679, 8, 81, Status.SNAKE, 0.01
6680, 7, 44, Status.SNAKE, 0.01
6681, 9, 74, Status.SNAKE, 0.01
6682, 8, 53, Status.SNAKE, 0.01
6683, 3, 16, Status.WALL, 0.01
6684, 9, 60, Status.WALL, 0.01
6685, 19, 122, Status.WALL, 0.01
6686, 8, 40, Status.SNAKE, 0.01
6687, 8, 44, Status.SNAKE, 0.01
6688, 21, 127, Status.SNAKE, 0.01
6689, 4, 26, Status.SNAKE, 0.01
6690, 9, 59, Status.SNAKE, 0.01
6691, 12, 76, Status.SNAKE, 0.01
6692, 11, 98, Status.SNAKE, 0.01
6693, 9, 63, Status.SNAKE, 0.01
6694, 11, 69, Status.WALL, 0.01
6695, 4, 19, Status.SNAKE, 0.01
6696, 11, 72, Status.SNAKE, 0.01
6697, 13, 93, Status.WALL, 0.01
6698, 9, 63, Status.SNAKE, 0.01
6699, 7, 38, Status.SNAKE, 0.01
6700, 9, 54, Status.SNAKE, 0.01
6701, 11, 73, Status.SNAKE, 0.01
6702, 11, 89, Status.SNAKE, 0.01
6703, 11, 78, Status.SNAKE, 0.01
6704, 8, 53, Status.SNAKE, 0.01
6705, 9, 61, Status.SNAKE, 0.01
6706, 10, 87, Status.SNAKE, 0.01
6707, 15, 113, Status.SNAKE, 0.01
6708, 11, 75, Status.SNAKE, 0.01
6709, 4, 22, Status.SNAKE, 0.01
6710, 15, 92, Status.SNAKE, 0.01
6711, 10, 51, Status.SNAKE, 0.01
6712, 14, 106, Status.SNAKE, 0.01
6713, 10, 56, Status.WALL, 0.01
6714, 11, 71, Status.WALL, 0.01
6715, 7, 53, Status.SNAKE, 0.01
6716, 4, 24, Status.SNAKE, 0.01
6717, 2, 10, Status.WALL, 0.01
6718, 14, 85, Status.SNAKE, 0.01
6719, 22, 145, Status.SNAKE, 0.01
6720, 20, 158, Status.WALL, 0.01
6721, 11, 84, Status.SNAKE, 0.01
6722, 7, 38, Status.WALL, 0.01
6723, 12, 78, Status.SNAKE, 0.01
6724, 9, 52, Status.SNAKE, 0.01
6725, 4, 22, Status.SNAKE, 0.01
6726, 7, 55, Status.SNAKE, 0.01
6727, 3, 25, Status.WALL, 0.01
6728, 7, 44, Status.SNAKE, 0.01
6729, 8, 55, Status.SNAKE, 0.01
6730, 5, 34, Status.SNAKE, 0.01
6731, 3, 28, Status.WALL, 0.01
6732, 11, 98, Status.WALL, 0.01
6733, 18, 119, Status.SNAKE, 0.01
6734, 17, 90, Status.SNAKE, 0.01
6735, 5, 32, Status.SNAKE, 0.01
6736, 12, 95, Status.SNAKE, 0.01
6737, 5, 38, Status.WALL, 0.01
6738, 2, 11, Status.SNAKE, 0.01
6739, 9, 64, Status.SNAKE, 0.01
6740, 7, 52, Status.SNAKE, 0.01
6741, 1, 8, Status.SNAKE, 0.01
6742, 11, 77, Status.SNAKE, 0.01
6743, 9, 63, Status.WALL, 0.01
6744, 11, 73, Status.SNAKE, 0.01
6745, 7, 61, Status.SNAKE, 0.01
6746, 12, 86, Status.SNAKE, 0.01
6747, 12, 90, Status.SNAKE, 0.01
6748, 1, 5, Status.SNAKE, 0.01
6749, 10, 54, Status.SNAKE, 0.01
6750, 14, 104, Status.WALL, 0.01
6751, 14, 89, Status.SNAKE, 0.01
6752, 13, 80, Status.SNAKE, 0.01
6753, 10, 63, Status.SNAKE, 0.01
6754, 13, 80, Status.WALL, 0.01
6755, 7, 48, Status.SNAKE, 0.01
6756, 5, 27, Status.WALL, 0.01
6757, 10, 71, Status.SNAKE, 0.01
6758, 12, 93, Status.SNAKE, 0.01
6759, 5, 41, Status.SNAKE, 0.01
6760, 6, 32, Status.SNAKE, 0.01
6761, 8, 50, Status.SNAKE, 0.01
6762, 4, 20, Status.SNAKE, 0.01
6763, 7, 50, Status.SNAKE, 0.01
6764, 3, 18, Status.SNAKE, 0.01
6765, 7, 56, Status.WALL, 0.01
6766, 17, 92, Status.SNAKE, 0.01
6767, 17, 118, Status.WALL, 0.01
6768, 10, 80, Status.SNAKE, 0.01
6769, 7, 50, Status.SNAKE, 0.01
6770, 11, 73, Status.SNAKE, 0.01
6771, 16, 123, Status.SNAKE, 0.01
6772, 9, 57, Status.SNAKE, 0.01
6773, 4, 41, Status.SNAKE, 0.01
6774, 8, 47, Status.WALL, 0.01
6775, 10, 80, Status.SNAKE, 0.01
6776, 9, 57, Status.SNAKE, 0.01
6777, 8, 61, Status.SNAKE, 0.01
6778, 11, 65, Status.SNAKE, 0.01
6779, 1, 3, Status.SNAKE, 0.01
6780, 14, 100, Status.SNAKE, 0.01
6781, 12, 89, Status.SNAKE, 0.01
6782, 5, 25, Status.SNAKE, 0.01
6783, 9, 58, Status.SNAKE, 0.01
6784, 15, 82, Status.SNAKE, 0.01
6785, 5, 41, Status.SNAKE, 0.01
6786, 3, 19, Status.SNAKE, 0.01
6787, 16, 104, Status.SNAKE, 0.01
6788, 9, 55, Status.SNAKE, 0.01
6789, 11, 85, Status.SNAKE, 0.01
6790, 10, 77, Status.SNAKE, 0.01
6791, 10, 82, Status.SNAKE, 0.01
6792, 0, 7, Status.WALL, 0.01
6793, 14, 105, Status.WALL, 0.01
6794, 6, 31, Status.SNAKE, 0.01
6795, 9, 77, Status.SNAKE, 0.01
6796, 17, 111, Status.SNAKE, 0.01
6797, 14, 99, Status.SNAKE, 0.01
6798, 12, 86, Status.SNAKE, 0.01
6799, 17, 136, Status.SNAKE, 0.01
6800, 10, 71, Status.SNAKE, 0.01
6801, 10, 56, Status.SNAKE, 0.01
6802, 11, 61, Status.SNAKE, 0.01
6803, 14, 94, Status.SNAKE, 0.01
6804, 6, 36, Status.SNAKE, 0.01
6805, 13, 105, Status.WALL, 0.01
6806, 14, 101, Status.SNAKE, 0.01
6807, 2, 9, Status.WALL, 0.01
6808, 8, 58, Status.WALL, 0.01
6809, 5, 41, Status.SNAKE, 0.01
6810, 4, 28, Status.SNAKE, 0.01
6811, 13, 99, Status.SNAKE, 0.01
6812, 10, 62, Status.SNAKE, 0.01
6813, 3, 11, Status.SNAKE, 0.01
6814, 4, 21, Status.SNAKE, 0.01
6815, 18, 128, Status.SNAKE, 0.01
6816, 16, 121, Status.SNAKE, 0.01
6817, 8, 78, Status.SNAKE, 0.01
6818, 10, 64, Status.SNAKE, 0.01
6819, 7, 55, Status.WALL, 0.01
6820, 6, 53, Status.WALL, 0.01
6821, 7, 39, Status.WALL, 0.01
6822, 6, 34, Status.WALL, 0.01
6823, 11, 73, Status.SNAKE, 0.01
6824, 13, 97, Status.SNAKE, 0.01
6825, 13, 90, Status.SNAKE, 0.01
6826, 17, 97, Status.SNAKE, 0.01
6827, 18, 92, Status.WALL, 0.01
6828, 10, 72, Status.SNAKE, 0.01
6829, 11, 90, Status.WALL, 0.01
6830, 6, 42, Status.SNAKE, 0.01
6831, 18, 131, Status.SNAKE, 0.01
6832, 11, 83, Status.SNAKE, 0.01
6833, 21, 144, Status.SNAKE, 0.01
6834, 14, 105, Status.SNAKE, 0.01
6835, 5, 44, Status.SNAKE, 0.01
6836, 15, 96, Status.SNAKE, 0.01
6837, 8, 43, Status.SNAKE, 0.01
6838, 12, 101, Status.SNAKE, 0.01
6839, 19, 159, Status.SNAKE, 0.01
6840, 7, 27, Status.SNAKE, 0.01
6841, 18, 122, Status.SNAKE, 0.01
6842, 7, 33, Status.SNAKE, 0.01
6843, 16, 88, Status.SNAKE, 0.01
6844, 9, 61, Status.SNAKE, 0.01
6845, 11, 84, Status.SNAKE, 0.01
6846, 3, 29, Status.SNAKE, 0.01
6847, 10, 58, Status.SNAKE, 0.01
6848, 12, 79, Status.SNAKE, 0.01
6849, 1, 3, Status.SNAKE, 0.01
6850, 2, 16, Status.SNAKE, 0.01
6851, 12, 78, Status.SNAKE, 0.01
6852, 10, 64, Status.WALL, 0.01
6853, 10, 73, Status.WALL, 0.01
6854, 8, 62, Status.SNAKE, 0.01
6855, 10, 60, Status.SNAKE, 0.01
6856, 5, 38, Status.SNAKE, 0.01
6857, 5, 26, Status.SNAKE, 0.01
6858, 13, 82, Status.SNAKE, 0.01
6859, 10, 81, Status.SNAKE, 0.01
6860, 2, 16, Status.SNAKE, 0.01
6861, 15, 80, Status.SNAKE, 0.01
6862, 15, 98, Status.SNAKE, 0.01
6863, 13, 95, Status.SNAKE, 0.01
6864, 4, 19, Status.SNAKE, 0.01
6865, 4, 18, Status.SNAKE, 0.01
6866, 15, 115, Status.SNAKE, 0.01
6867, 4, 24, Status.WALL, 0.01
6868, 4, 20, Status.SNAKE, 0.01
6869, 6, 35, Status.SNAKE, 0.01
6870, 2, 17, Status.SNAKE, 0.01
6871, 5, 31, Status.SNAKE, 0.01
6872, 10, 75, Status.SNAKE, 0.01
6873, 4, 23, Status.SNAKE, 0.01
6874, 4, 21, Status.WALL, 0.01
6875, 6, 53, Status.SNAKE, 0.01
6876, 16, 114, Status.SNAKE, 0.01
6877, 7, 66, Status.WALL, 0.01
6878, 2, 18, Status.WALL, 0.01
6879, 6, 43, Status.SNAKE, 0.01
6880, 6, 37, Status.SNAKE, 0.01
6881, 18, 119, Status.SNAKE, 0.01
6882, 11, 77, Status.SNAKE, 0.01
6883, 7, 54, Status.WALL, 0.01
6884, 10, 88, Status.SNAKE, 0.01
6885, 5, 50, Status.SNAKE, 0.01
6886, 4, 19, Status.SNAKE, 0.01
6887, 11, 69, Status.SNAKE, 0.01
6888, 2, 12, Status.WALL, 0.01
6889, 11, 71, Status.SNAKE, 0.01
6890, 9, 53, Status.SNAKE, 0.01
6891, 2, 16, Status.SNAKE, 0.01
6892, 3, 27, Status.SNAKE, 0.01
6893, 18, 123, Status.SNAKE, 0.01
6894, 12, 85, Status.SNAKE, 0.01
6895, 11, 70, Status.SNAKE, 0.01
6896, 8, 39, Status.SNAKE, 0.01
6897, 3, 24, Status.SNAKE, 0.01
6898, 5, 25, Status.SNAKE, 0.01
6899, 4, 35, Status.SNAKE, 0.01
6900, 8, 51, Status.SNAKE, 0.01
6901, 7, 60, Status.SNAKE, 0.01
6902, 14, 79, Status.SNAKE, 0.01
6903, 4, 29, Status.SNAKE, 0.01
6904, 6, 34, Status.WALL, 0.01
6905, 2, 10, Status.SNAKE, 0.01
6906, 8, 70, Status.SNAKE, 0.01
6907, 1, 5, Status.SNAKE, 0.01
6908, 5, 18, Status.SNAKE, 0.01
6909, 5, 39, Status.WALL, 0.01
6910, 8, 65, Status.SNAKE, 0.01
6911, 16, 116, Status.SNAKE, 0.01
6912, 4, 26, Status.SNAKE, 0.01
6913, 3, 17, Status.WALL, 0.01
6914, 12, 75, Status.SNAKE, 0.01
6915, 13, 79, Status.SNAKE, 0.01
6916, 6, 30, Status.SNAKE, 0.01
6917, 11, 65, Status.SNAKE, 0.01
6918, 12, 82, Status.WALL, 0.01
6919, 6, 33, Status.WALL, 0.01
6920, 7, 40, Status.WALL, 0.01
6921, 3, 19, Status.SNAKE, 0.01
6922, 3, 19, Status.WALL, 0.01
6923, 2, 13, Status.SNAKE, 0.01
6924, 11, 76, Status.SNAKE, 0.01
6925, 12, 61, Status.SNAKE, 0.01
6926, 5, 26, Status.WALL, 0.01
6927, 8, 74, Status.SNAKE, 0.01
6928, 11, 70, Status.SNAKE, 0.01
6929, 7, 49, Status.SNAKE, 0.01
6930, 9, 49, Status.WALL, 0.01
6931, 8, 49, Status.SNAKE, 0.01
6932, 13, 82, Status.SNAKE, 0.01
6933, 8, 49, Status.SNAKE, 0.01
6934, 11, 64, Status.SNAKE, 0.01
6935, 14, 81, Status.SNAKE, 0.01
6936, 17, 142, Status.SNAKE, 0.01
6937, 4, 30, Status.SNAKE, 0.01
6938, 7, 53, Status.SNAKE, 0.01
6939, 17, 140, Status.WALL, 0.01
6940, 9, 69, Status.SNAKE, 0.01
6941, 11, 78, Status.SNAKE, 0.01
6942, 12, 65, Status.SNAKE, 0.01
6943, 6, 52, Status.SNAKE, 0.01
6944, 18, 124, Status.SNAKE, 0.01
6945, 5, 29, Status.SNAKE, 0.01
6946, 11, 81, Status.SNAKE, 0.01
6947, 10, 74, Status.SNAKE, 0.01
6948, 5, 28, Status.SNAKE, 0.01
6949, 12, 82, Status.WALL, 0.01
6950, 6, 39, Status.SNAKE, 0.01
6951, 5, 39, Status.SNAKE, 0.01
6952, 13, 86, Status.SNAKE, 0.01
6953, 1, 5, Status.SNAKE, 0.01
6954, 15, 107, Status.SNAKE, 0.01
6955, 5, 35, Status.SNAKE, 0.01
6956, 12, 67, Status.SNAKE, 0.01
6957, 8, 63, Status.SNAKE, 0.01
6958, 12, 99, Status.WALL, 0.01
6959, 5, 39, Status.SNAKE, 0.01
6960, 1, 5, Status.SNAKE, 0.01
6961, 3, 24, Status.SNAKE, 0.01
6962, 14, 100, Status.SNAKE, 0.01
6963, 15, 90, Status.SNAKE, 0.01
6964, 16, 105, Status.WALL, 0.01
6965, 9, 67, Status.SNAKE, 0.01
6966, 5, 34, Status.SNAKE, 0.01
6967, 5, 39, Status.SNAKE, 0.01
6968, 11, 65, Status.SNAKE, 0.01
6969, 13, 79, Status.SNAKE, 0.01
6970, 24, 159, Status.SNAKE, 0.01
6971, 11, 74, Status.SNAKE, 0.01
6972, 1, 5, Status.SNAKE, 0.01
6973, 3, 26, Status.SNAKE, 0.01
6974, 10, 48, Status.SNAKE, 0.01
6975, 6, 34, Status.SNAKE, 0.01
6976, 5, 40, Status.WALL, 0.01
6977, 17, 117, Status.SNAKE, 0.01
6978, 5, 26, Status.SNAKE, 0.01
6979, 11, 63, Status.WALL, 0.01
6980, 4, 33, Status.SNAKE, 0.01
6981, 5, 27, Status.SNAKE, 0.01
6982, 13, 101, Status.SNAKE, 0.01
6983, 6, 42, Status.SNAKE, 0.01
6984, 3, 13, Status.SNAKE, 0.01
6985, 6, 47, Status.SNAKE, 0.01
6986, 11, 75, Status.SNAKE, 0.01
6987, 9, 77, Status.SNAKE, 0.01
6988, 9, 37, Status.SNAKE, 0.01
6989, 13, 77, Status.SNAKE, 0.01
6990, 12, 87, Status.SNAKE, 0.01
6991, 14, 92, Status.SNAKE, 0.01
6992, 13, 98, Status.SNAKE, 0.01
6993, 6, 46, Status.SNAKE, 0.01
6994, 8, 51, Status.WALL, 0.01
6995, 8, 49, Status.WALL, 0.01
6996, 11, 79, Status.SNAKE, 0.01
6997, 13, 91, Status.SNAKE, 0.01
6998, 17, 123, Status.SNAKE, 0.01
6999, 3, 23, Status.SNAKE, 0.01
7000, 7, 56, Status.SNAKE, 0.01
7001, 8, 44, Status.SNAKE, 0.01
7002, 19, 116, Status.SNAKE, 0.01
7003, 18, 124, Status.SNAKE, 0.01
7004, 5, 22, Status.SNAKE, 0.01
7005, 4, 33, Status.SNAKE, 0.01
7006, 16, 90, Status.SNAKE, 0.01
7007, 12, 94, Status.SNAKE, 0.01
7008, 3, 15, Status.SNAKE, 0.01
7009, 6, 46, Status.SNAKE, 0.01
7010, 19, 147, Status.WALL, 0.01
7011, 12, 72, Status.SNAKE, 0.01
7012, 2, 8, Status.WALL, 0.01
7013, 4, 46, Status.WALL, 0.01
7014, 1, 9, Status.SNAKE, 0.01
7015, 13, 80, Status.WALL, 0.01
7016, 5, 25, Status.SNAKE, 0.01
7017, 11, 75, Status.SNAKE, 0.01
7018, 9, 55, Status.SNAKE, 0.01
7019, 14, 90, Status.SNAKE, 0.01
7020, 11, 72, Status.SNAKE, 0.01
7021, 1, 5, Status.SNAKE, 0.01
7022, 12, 83, Status.WALL, 0.01
7023, 5, 41, Status.WALL, 0.01
7024, 8, 72, Status.SNAKE, 0.01
7025, 20, 116, Status.SNAKE, 0.01
7026, 8, 47, Status.SNAKE, 0.01
7027, 14, 102, Status.SNAKE, 0.01
7028, 8, 36, Status.SNAKE, 0.01
7029, 10, 59, Status.SNAKE, 0.01
7030, 10, 73, Status.WALL, 0.01
7031, 12, 80, Status.SNAKE, 0.01
7032, 10, 63, Status.WALL, 0.01
7033, 5, 19, Status.SNAKE, 0.01
7034, 10, 54, Status.SNAKE, 0.01
7035, 13, 69, Status.SNAKE, 0.01
7036, 4, 30, Status.WALL, 0.01
7037, 11, 72, Status.SNAKE, 0.01
7038, 14, 100, Status.SNAKE, 0.01
7039, 9, 55, Status.SNAKE, 0.01
7040, 12, 66, Status.SNAKE, 0.01
7041, 13, 77, Status.SNAKE, 0.01
7042, 12, 64, Status.SNAKE, 0.01
7043, 3, 7, Status.SNAKE, 0.01
7044, 1, 8, Status.WALL, 0.01
7045, 7, 41, Status.SNAKE, 0.01
7046, 6, 40, Status.WALL, 0.01
7047, 10, 71, Status.WALL, 0.01
7048, 7, 31, Status.SNAKE, 0.01
7049, 14, 94, Status.SNAKE, 0.01
7050, 15, 116, Status.SNAKE, 0.01
7051, 13, 86, Status.WALL, 0.01
7052, 9, 57, Status.SNAKE, 0.01
7053, 8, 28, Status.SNAKE, 0.01
7054, 10, 63, Status.SNAKE, 0.01
7055, 2, 12, Status.SNAKE, 0.01
7056, 1, 11, Status.WALL, 0.01
7057, 17, 138, Status.SNAKE, 0.01
7058, 12, 76, Status.SNAKE, 0.01
7059, 2, 16, Status.SNAKE, 0.01
7060, 6, 35, Status.SNAKE, 0.01
7061, 12, 100, Status.SNAKE, 0.01
7062, 10, 99, Status.SNAKE, 0.01
7063, 10, 61, Status.WALL, 0.01
7064, 11, 68, Status.SNAKE, 0.01
7065, 8, 47, Status.SNAKE, 0.01
7066, 5, 54, Status.WALL, 0.01
7067, 6, 36, Status.SNAKE, 0.01
7068, 7, 52, Status.SNAKE, 0.01
7069, 17, 130, Status.SNAKE, 0.01
7070, 7, 32, Status.SNAKE, 0.01
7071, 3, 31, Status.WALL, 0.01
7072, 9, 52, Status.WALL, 0.01
7073, 10, 85, Status.SNAKE, 0.01
7074, 4, 27, Status.WALL, 0.01
7075, 7, 49, Status.WALL, 0.01
7076, 2, 19, Status.SNAKE, 0.01
7077, 17, 105, Status.WALL, 0.01
7078, 3, 27, Status.SNAKE, 0.01
7079, 11, 74, Status.SNAKE, 0.01
7080, 5, 37, Status.SNAKE, 0.01
7081, 4, 28, Status.SNAKE, 0.01
7082, 4, 32, Status.SNAKE, 0.01
7083, 1, 5, Status.SNAKE, 0.01
7084, 9, 50, Status.SNAKE, 0.01
7085, 1, 5, Status.SNAKE, 0.01
7086, 8, 54, Status.SNAKE, 0.01
7087, 6, 38, Status.SNAKE, 0.01
7088, 12, 85, Status.WALL, 0.01
7089, 11, 78, Status.SNAKE, 0.01
7090, 4, 24, Status.SNAKE, 0.01
7091, 16, 129, Status.SNAKE, 0.01
7092, 13, 80, Status.SNAKE, 0.01
7093, 13, 86, Status.SNAKE, 0.01
7094, 8, 47, Status.SNAKE, 0.01
7095, 12, 68, Status.SNAKE, 0.01
7096, 10, 75, Status.SNAKE, 0.01
7097, 8, 58, Status.SNAKE, 0.01
7098, 7, 86, Status.SNAKE, 0.01
7099, 17, 104, Status.SNAKE, 0.01
7100, 9, 47, Status.SNAKE, 0.01
7101, 11, 66, Status.WALL, 0.01
7102, 8, 45, Status.SNAKE, 0.01
7103, 13, 76, Status.SNAKE, 0.01
7104, 5, 36, Status.SNAKE, 0.01
7105, 13, 91, Status.SNAKE, 0.01
7106, 4, 26, Status.SNAKE, 0.01
7107, 5, 28, Status.SNAKE, 0.01
7108, 12, 86, Status.SNAKE, 0.01
7109, 15, 121, Status.SNAKE, 0.01
7110, 5, 25, Status.WALL, 0.01
7111, 14, 85, Status.SNAKE, 0.01
7112, 4, 32, Status.WALL, 0.01
7113, 2, 30, Status.WALL, 0.01
7114, 7, 42, Status.SNAKE, 0.01
7115, 16, 89, Status.SNAKE, 0.01
7116, 12, 107, Status.SNAKE, 0.01
7117, 11, 71, Status.SNAKE, 0.01
7118, 1, 3, Status.SNAKE, 0.01
7119, 12, 59, Status.SNAKE, 0.01
7120, 4, 35, Status.SNAKE, 0.01
7121, 17, 94, Status.SNAKE, 0.01
7122, 7, 48, Status.SNAKE, 0.01
7123, 8, 36, Status.SNAKE, 0.01
7124, 18, 151, Status.SNAKE, 0.01
7125, 1, 12, Status.SNAKE, 0.01
7126, 16, 108, Status.SNAKE, 0.01
7127, 7, 42, Status.SNAKE, 0.01
7128, 8, 57, Status.SNAKE, 0.01
7129, 4, 27, Status.SNAKE, 0.01
7130, 2, 27, Status.SNAKE, 0.01
7131, 8, 58, Status.WALL, 0.01
7132, 4, 29, Status.SNAKE, 0.01
7133, 5, 28, Status.SNAKE, 0.01
7134, 16, 126, Status.SNAKE, 0.01
7135, 9, 73, Status.SNAKE, 0.01
7136, 1, 3, Status.SNAKE, 0.01
7137, 3, 24, Status.WALL, 0.01
7138, 7, 47, Status.WALL, 0.01
7139, 13, 88, Status.SNAKE, 0.01
7140, 11, 78, Status.SNAKE, 0.01
7141, 7, 46, Status.SNAKE, 0.01
7142, 10, 63, Status.SNAKE, 0.01
7143, 12, 92, Status.SNAKE, 0.01
7144, 4, 26, Status.SNAKE, 0.01
7145, 19, 112, Status.SNAKE, 0.01
7146, 12, 81, Status.SNAKE, 0.01
7147, 10, 77, Status.SNAKE, 0.01
7148, 5, 25, Status.SNAKE, 0.01
7149, 14, 78, Status.SNAKE, 0.01
7150, 5, 21, Status.WALL, 0.01
7151, 8, 47, Status.WALL, 0.01
7152, 12, 103, Status.SNAKE, 0.01
7153, 3, 19, Status.WALL, 0.01
7154, 13, 124, Status.SNAKE, 0.01
7155, 13, 96, Status.SNAKE, 0.01
7156, 9, 73, Status.SNAKE, 0.01
7157, 15, 105, Status.SNAKE, 0.01
7158, 12, 74, Status.SNAKE, 0.01
7159, 7, 47, Status.SNAKE, 0.01
7160, 12, 76, Status.SNAKE, 0.01
7161, 7, 46, Status.SNAKE, 0.01
7162, 8, 37, Status.SNAKE, 0.01
7163, 8, 57, Status.SNAKE, 0.01
7164, 8, 62, Status.WALL, 0.01
7165, 19, 124, Status.WALL, 0.01
7166, 5, 20, Status.SNAKE, 0.01
7167, 6, 32, Status.SNAKE, 0.01
7168, 14, 98, Status.SNAKE, 0.01
7169, 5, 33, Status.SNAKE, 0.01
7170, 13, 97, Status.SNAKE, 0.01
7171, 11, 69, Status.SNAKE, 0.01
7172, 11, 102, Status.SNAKE, 0.01
7173, 9, 51, Status.SNAKE, 0.01
7174, 7, 33, Status.SNAKE, 0.01
7175, 8, 54, Status.SNAKE, 0.01
7176, 4, 21, Status.SNAKE, 0.01
7177, 6, 72, Status.SNAKE, 0.01
7178, 15, 85, Status.SNAKE, 0.01
7179, 5, 30, Status.WALL, 0.01
7180, 9, 51, Status.SNAKE, 0.01
7181, 21, 149, Status.SNAKE, 0.01
7182, 9, 73, Status.WALL, 0.01
7183, 2, 16, Status.SNAKE, 0.01
7184, 10, 66, Status.SNAKE, 0.01
7185, 19, 112, Status.SNAKE, 0.01
7186, 12, 60, Status.SNAKE, 0.01
7187, 2, 13, Status.WALL, 0.01
7188, 11, 63, Status.SNAKE, 0.01
7189, 13, 110, Status.SNAKE, 0.01
7190, 6, 46, Status.SNAKE, 0.01
7191, 8, 51, Status.SNAKE, 0.01
7192, 13, 85, Status.SNAKE, 0.01
7193, 4, 30, Status.SNAKE, 0.01
7194, 9, 57, Status.SNAKE, 0.01
7195, 10, 67, Status.WALL, 0.01
7196, 16, 90, Status.SNAKE, 0.01
7197, 11, 68, Status.SNAKE, 0.01
7198, 12, 98, Status.SNAKE, 0.01
7199, 1, 5, Status.SNAKE, 0.01
7200, 14, 92, Status.SNAKE, 0.01
7201, 20, 131, Status.SNAKE, 0.01
7202, 13, 100, Status.SNAKE, 0.01
7203, 6, 43, Status.WALL, 0.01
7204, 15, 97, Status.SNAKE, 0.01
7205, 8, 50, Status.SNAKE, 0.01
7206, 2, 19, Status.WALL, 0.01
7207, 8, 48, Status.SNAKE, 0.01
7208, 9, 46, Status.SNAKE, 0.01
7209, 11, 84, Status.WALL, 0.01
7210, 12, 80, Status.SNAKE, 0.01
7211, 1, 8, Status.WALL, 0.01
7212, 19, 114, Status.WALL, 0.01
7213, 3, 19, Status.SNAKE, 0.01
7214, 15, 102, Status.SNAKE, 0.01
7215, 21, 127, Status.SNAKE, 0.01
7216, 11, 79, Status.SNAKE, 0.01
7217, 4, 32, Status.SNAKE, 0.01
7218, 11, 68, Status.SNAKE, 0.01
7219, 8, 57, Status.SNAKE, 0.01
7220, 12, 76, Status.SNAKE, 0.01
7221, 7, 38, Status.SNAKE, 0.01
7222, 18, 135, Status.SNAKE, 0.01
7223, 8, 57, Status.SNAKE, 0.01
7224, 17, 110, Status.SNAKE, 0.01
7225, 1, 3, Status.SNAKE, 0.01
7226, 4, 30, Status.WALL, 0.01
7227, 7, 40, Status.SNAKE, 0.01
7228, 6, 45, Status.SNAKE, 0.01
7229, 7, 49, Status.SNAKE, 0.01
7230, 24, 139, Status.SNAKE, 0.01
7231, 8, 58, Status.SNAKE, 0.01
7232, 10, 82, Status.SNAKE, 0.01
7233, 6, 49, Status.SNAKE, 0.01
7234, 14, 105, Status.SNAKE, 0.01
7235, 7, 48, Status.SNAKE, 0.01
7236, 3, 18, Status.SNAKE, 0.01
7237, 4, 46, Status.WALL, 0.01
7238, 13, 99, Status.WALL, 0.01
7239, 9, 62, Status.SNAKE, 0.01
7240, 4, 21, Status.WALL, 0.01
7241, 6, 43, Status.SNAKE, 0.01
7242, 6, 50, Status.WALL, 0.01
7243, 11, 86, Status.SNAKE, 0.01
7244, 11, 71, Status.SNAKE, 0.01
7245, 11, 91, Status.SNAKE, 0.01
7246, 3, 14, Status.SNAKE, 0.01
7247, 11, 71, Status.SNAKE, 0.01
7248, 11, 92, Status.SNAKE, 0.01
7249, 3, 15, Status.SNAKE, 0.01
7250, 4, 38, Status.SNAKE, 0.01
7251, 2, 18, Status.SNAKE, 0.01
7252, 5, 31, Status.SNAKE, 0.01
7253, 11, 72, Status.SNAKE, 0.01
7254, 14, 81, Status.WALL, 0.01
7255, 11, 96, Status.WALL, 0.01
7256, 14, 105, Status.SNAKE, 0.01
7257, 4, 26, Status.SNAKE, 0.01
7258, 16, 104, Status.WALL, 0.01
7259, 12, 81, Status.SNAKE, 0.01
7260, 9, 50, Status.SNAKE, 0.01
7261, 3, 24, Status.SNAKE, 0.01
7262, 10, 50, Status.SNAKE, 0.01
7263, 10, 70, Status.SNAKE, 0.01
7264, 5, 32, Status.SNAKE, 0.01
7265, 15, 88, Status.SNAKE, 0.01
7266, 6, 30, Status.SNAKE, 0.01
7267, 9, 57, Status.WALL, 0.01
7268, 5, 38, Status.SNAKE, 0.01
7269, 6, 30, Status.SNAKE, 0.01
7270, 3, 19, Status.SNAKE, 0.01
7271, 4, 34, Status.SNAKE, 0.01
7272, 8, 44, Status.SNAKE, 0.01
7273, 13, 81, Status.SNAKE, 0.01
7274, 9, 46, Status.SNAKE, 0.01
7275, 3, 25, Status.SNAKE, 0.01
7276, 7, 46, Status.WALL, 0.01
7277, 10, 69, Status.SNAKE, 0.01
7278, 12, 63, Status.SNAKE, 0.01
7279, 21, 135, Status.SNAKE, 0.01
7280, 20, 116, Status.SNAKE, 0.01
7281, 13, 123, Status.SNAKE, 0.01
7282, 10, 67, Status.SNAKE, 0.01
7283, 10, 66, Status.SNAKE, 0.01
7284, 8, 48, Status.SNAKE, 0.01
7285, 11, 96, Status.WALL, 0.01
7286, 16, 102, Status.SNAKE, 0.01
7287, 3, 11, Status.WALL, 0.01
7288, 6, 28, Status.WALL, 0.01
7289, 3, 14, Status.SNAKE, 0.01
7290, 11, 66, Status.WALL, 0.01
7291, 12, 98, Status.SNAKE, 0.01
7292, 12, 76, Status.SNAKE, 0.01
7293, 15, 107, Status.SNAKE, 0.01
7294, 4, 23, Status.SNAKE, 0.01
7295, 10, 86, Status.WALL, 0.01
7296, 6, 46, Status.SNAKE, 0.01
7297, 12, 78, Status.SNAKE, 0.01
7298, 11, 76, Status.SNAKE, 0.01
7299, 4, 24, Status.SNAKE, 0.01
7300, 5, 40, Status.WALL, 0.01
7301, 10, 53, Status.WALL, 0.01
7302, 17, 116, Status.SNAKE, 0.01
7303, 5, 37, Status.WALL, 0.01
7304, 3, 23, Status.SNAKE, 0.01
7305, 6, 21, Status.WALL, 0.01
7306, 4, 19, Status.SNAKE, 0.01
7307, 5, 30, Status.SNAKE, 0.01
7308, 6, 33, Status.WALL, 0.01
7309, 7, 37, Status.SNAKE, 0.01
7310, 5, 39, Status.WALL, 0.01
7311, 9, 70, Status.SNAKE, 0.01
7312, 18, 102, Status.SNAKE, 0.01
7313, 9, 75, Status.SNAKE, 0.01
7314, 15, 99, Status.SNAKE, 0.01
7315, 2, 20, Status.SNAKE, 0.01
7316, 6, 44, Status.SNAKE, 0.01
7317, 7, 55, Status.SNAKE, 0.01
7318, 11, 68, Status.WALL, 0.01
7319, 5, 38, Status.SNAKE, 0.01
7320, 7, 45, Status.SNAKE, 0.01
7321, 20, 147, Status.SNAKE, 0.01
7322, 6, 40, Status.SNAKE, 0.01
7323, 7, 57, Status.SNAKE, 0.01
7324, 5, 31, Status.SNAKE, 0.01
7325, 13, 91, Status.WALL, 0.01
7326, 8, 61, Status.WALL, 0.01
7327, 5, 29, Status.SNAKE, 0.01
7328, 4, 17, Status.WALL, 0.01
7329, 6, 43, Status.SNAKE, 0.01
7330, 1, 7, Status.SNAKE, 0.01
7331, 8, 72, Status.WALL, 0.01
7332, 1, 13, Status.WALL, 0.01
7333, 12, 80, Status.SNAKE, 0.01
7334, 11, 64, Status.SNAKE, 0.01
7335, 1, 8, Status.SNAKE, 0.01
7336, 2, 12, Status.WALL, 0.01
7337, 9, 53, Status.SNAKE, 0.01
7338, 5, 46, Status.WALL, 0.01
7339, 1, 5, Status.SNAKE, 0.01
7340, 7, 33, Status.WALL, 0.01
7341, 12, 90, Status.SNAKE, 0.01
7342, 5, 39, Status.SNAKE, 0.01
7343, 11, 78, Status.SNAKE, 0.01
7344, 3, 17, Status.SNAKE, 0.01
7345, 15, 98, Status.SNAKE, 0.01
7346, 13, 92, Status.SNAKE, 0.01
7347, 15, 118, Status.SNAKE, 0.01
7348, 5, 22, Status.SNAKE, 0.01
7349, 10, 82, Status.WALL, 0.01
7350, 11, 92, Status.WALL, 0.01
7351, 9, 58, Status.SNAKE, 0.01
7352, 4, 43, Status.WALL, 0.01
7353, 11, 75, Status.SNAKE, 0.01
7354, 6, 52, Status.SNAKE, 0.01
7355, 18, 101, Status.WALL, 0.01
7356, 9, 75, Status.SNAKE, 0.01
7357, 8, 68, Status.SNAKE, 0.01
7358, 2, 9, Status.WALL, 0.01
7359, 12, 76, Status.SNAKE, 0.01
7360, 8, 67, Status.WALL, 0.01
7361, 10, 64, Status.SNAKE, 0.01
7362, 15, 116, Status.SNAKE, 0.01
7363, 5, 44, Status.SNAKE, 0.01
7364, 17, 88, Status.WALL, 0.01
7365, 6, 37, Status.SNAKE, 0.01
7366, 2, 11, Status.SNAKE, 0.01
7367, 13, 66, Status.SNAKE, 0.01
7368, 3, 16, Status.WALL, 0.01
7369, 6, 36, Status.SNAKE, 0.01
7370, 4, 16, Status.SNAKE, 0.01
7371, 9, 57, Status.SNAKE, 0.01
7372, 5, 34, Status.SNAKE, 0.01
7373, 5, 34, Status.SNAKE, 0.01
7374, 11, 54, Status.WALL, 0.01
7375, 9, 54, Status.SNAKE, 0.01
7376, 10, 59, Status.SNAKE, 0.01
7377, 5, 42, Status.SNAKE, 0.01
7378, 3, 22, Status.SNAKE, 0.01
7379, 3, 24, Status.WALL, 0.01
7380, 7, 38, Status.SNAKE, 0.01
7381, 10, 58, Status.WALL, 0.01
7382, 1, 8, Status.WALL, 0.01
7383, 17, 133, Status.WALL, 0.01
7384, 5, 16, Status.SNAKE, 0.01
7385, 10, 64, Status.SNAKE, 0.01
7386, 3, 24, Status.SNAKE, 0.01
7387, 5, 49, Status.SNAKE, 0.01
7388, 4, 21, Status.SNAKE, 0.01
7389, 9, 54, Status.SNAKE, 0.01
7390, 8, 41, Status.SNAKE, 0.01
7391, 15, 134, Status.SNAKE, 0.01
7392, 9, 77, Status.SNAKE, 0.01
7393, 11, 77, Status.SNAKE, 0.01
7394, 7, 49, Status.SNAKE, 0.01
7395, 1, 4, Status.SNAKE, 0.01
7396, 8, 44, Status.SNAKE, 0.01
7397, 6, 38, Status.SNAKE, 0.01
7398, 5, 36, Status.SNAKE, 0.01
7399, 6, 45, Status.SNAKE, 0.01
7400, 11, 59, Status.SNAKE, 0.01
7401, 6, 36, Status.SNAKE, 0.01
7402, 3, 14, Status.SNAKE, 0.01
7403, 8, 46, Status.SNAKE, 0.01
7404, 3, 24, Status.SNAKE, 0.01
7405, 9, 55, Status.SNAKE, 0.01
7406, 8, 73, Status.WALL, 0.01
7407, 4, 29, Status.SNAKE, 0.01
7408, 6, 27, Status.SNAKE, 0.01
7409, 14, 131, Status.WALL, 0.01
7410, 11, 75, Status.SNAKE, 0.01
7411, 14, 90, Status.SNAKE, 0.01
7412, 9, 43, Status.WALL, 0.01
7413, 13, 74, Status.SNAKE, 0.01
7414, 12, 72, Status.SNAKE, 0.01
7415, 7, 44, Status.SNAKE, 0.01
7416, 4, 26, Status.SNAKE, 0.01
7417, 16, 92, Status.SNAKE, 0.01
7418, 1, 9, Status.SNAKE, 0.01
7419, 4, 30, Status.SNAKE, 0.01
7420, 0, 5, Status.WALL, 0.01
7421, 9, 63, Status.SNAKE, 0.01
7422, 9, 58, Status.SNAKE, 0.01
7423, 9, 46, Status.WALL, 0.01
7424, 11, 87, Status.SNAKE, 0.01
7425, 6, 45, Status.WALL, 0.01
7426, 13, 105, Status.SNAKE, 0.01
7427, 12, 85, Status.SNAKE, 0.01
7428, 2, 18, Status.WALL, 0.01
7429, 9, 56, Status.WALL, 0.01
7430, 2, 7, Status.SNAKE, 0.01
7431, 16, 136, Status.SNAKE, 0.01
7432, 8, 52, Status.WALL, 0.01
7433, 7, 52, Status.SNAKE, 0.01
7434, 21, 145, Status.SNAKE, 0.01
7435, 8, 52, Status.SNAKE, 0.01
7436, 14, 106, Status.SNAKE, 0.01
7437, 9, 93, Status.SNAKE, 0.01
7438, 6, 34, Status.SNAKE, 0.01
7439, 6, 38, Status.SNAKE, 0.01
7440, 8, 46, Status.SNAKE, 0.01
7441, 14, 99, Status.WALL, 0.01
7442, 13, 108, Status.SNAKE, 0.01
7443, 5, 30, Status.WALL, 0.01
7444, 6, 60, Status.SNAKE, 0.01
7445, 14, 117, Status.SNAKE, 0.01
7446, 5, 43, Status.SNAKE, 0.01
7447, 9, 71, Status.SNAKE, 0.01
7448, 10, 67, Status.SNAKE, 0.01
7449, 1, 3, Status.SNAKE, 0.01
7450, 6, 42, Status.WALL, 0.01
7451, 6, 41, Status.SNAKE, 0.01
7452, 8, 56, Status.SNAKE, 0.01
7453, 4, 32, Status.WALL, 0.01
7454, 11, 67, Status.SNAKE, 0.01
7455, 10, 75, Status.SNAKE, 0.01
7456, 7, 38, Status.SNAKE, 0.01
7457, 12, 81, Status.SNAKE, 0.01
7458, 18, 135, Status.WALL, 0.01
7459, 2, 14, Status.SNAKE, 0.01
7460, 8, 60, Status.WALL, 0.01
7461, 4, 32, Status.WALL, 0.01
7462, 10, 72, Status.WALL, 0.01
7463, 11, 70, Status.SNAKE, 0.01
7464, 6, 45, Status.SNAKE, 0.01
7465, 13, 101, Status.SNAKE, 0.01
7466, 9, 66, Status.SNAKE, 0.01
7467, 3, 19, Status.SNAKE, 0.01
7468, 4, 26, Status.SNAKE, 0.01
7469, 8, 37, Status.SNAKE, 0.01
7470, 12, 93, Status.WALL, 0.01
7471, 14, 94, Status.SNAKE, 0.01
7472, 18, 128, Status.SNAKE, 0.01
7473, 2, 5, Status.SNAKE, 0.01
7474, 8, 63, Status.SNAKE, 0.01
7475, 2, 17, Status.WALL, 0.01
7476, 10, 60, Status.SNAKE, 0.01
7477, 9, 73, Status.SNAKE, 0.01
7478, 15, 130, Status.WALL, 0.01
7479, 8, 51, Status.SNAKE, 0.01
7480, 11, 67, Status.SNAKE, 0.01
7481, 2, 10, Status.SNAKE, 0.01
7482, 2, 16, Status.WALL, 0.01
7483, 7, 44, Status.WALL, 0.01
7484, 5, 42, Status.SNAKE, 0.01
7485, 5, 25, Status.SNAKE, 0.01
7486, 1, 5, Status.SNAKE, 0.01
7487, 5, 31, Status.WALL, 0.01
7488, 1, 7, Status.WALL, 0.01
7489, 6, 32, Status.WALL, 0.01
7490, 1, 5, Status.SNAKE, 0.01
7491, 1, 7, Status.WALL, 0.01
7492, 5, 32, Status.SNAKE, 0.01
7493, 10, 77, Status.SNAKE, 0.01
7494, 14, 97, Status.SNAKE, 0.01
7495, 14, 101, Status.SNAKE, 0.01
7496, 11, 66, Status.SNAKE, 0.01
7497, 12, 82, Status.SNAKE, 0.01
7498, 8, 37, Status.SNAKE, 0.01
7499, 4, 21, Status.WALL, 0.01
7500, 4, 30, Status.SNAKE, 0.01
7501, 4, 24, Status.SNAKE, 0.01
7502, 4, 36, Status.WALL, 0.01
7503, 15, 92, Status.SNAKE, 0.01
7504, 17, 129, Status.SNAKE, 0.01
7505, 13, 84, Status.WALL, 0.01
7506, 7, 45, Status.SNAKE, 0.01
7507, 26, 188, Status.SNAKE, 0.01
7508, 11, 74, Status.SNAKE, 0.01
7509, 4, 18, Status.WALL, 0.01
7510, 10, 62, Status.SNAKE, 0.01
7511, 2, 16, Status.WALL, 0.01
7512, 2, 10, Status.WALL, 0.01
7513, 2, 14, Status.WALL, 0.01
7514, 7, 48, Status.SNAKE, 0.01
7515, 8, 49, Status.SNAKE, 0.01
7516, 16, 93, Status.WALL, 0.01
7517, 7, 58, Status.SNAKE, 0.01
7518, 14, 90, Status.SNAKE, 0.01
7519, 3, 17, Status.SNAKE, 0.01
7520, 7, 51, Status.WALL, 0.01
7521, 6, 46, Status.SNAKE, 0.01
7522, 11, 67, Status.SNAKE, 0.01
7523, 15, 112, Status.SNAKE, 0.01
7524, 13, 94, Status.WALL, 0.01
7525, 9, 79, Status.WALL, 0.01
7526, 10, 94, Status.SNAKE, 0.01
7527, 13, 78, Status.WALL, 0.01
7528, 18, 141, Status.SNAKE, 0.01
7529, 9, 58, Status.SNAKE, 0.01
7530, 6, 45, Status.SNAKE, 0.01
7531, 3, 10, Status.WALL, 0.01
7532, 9, 59, Status.SNAKE, 0.01
7533, 11, 70, Status.SNAKE, 0.01
7534, 6, 34, Status.WALL, 0.01
7535, 6, 44, Status.WALL, 0.01
7536, 14, 81, Status.WALL, 0.01
7537, 10, 62, Status.SNAKE, 0.01
7538, 4, 18, Status.SNAKE, 0.01
7539, 15, 103, Status.SNAKE, 0.01
7540, 12, 102, Status.WALL, 0.01
7541, 7, 40, Status.SNAKE, 0.01
7542, 5, 32, Status.SNAKE, 0.01
7543, 1, 5, Status.SNAKE, 0.01
7544, 13, 69, Status.SNAKE, 0.01
7545, 5, 32, Status.SNAKE, 0.01
7546, 14, 121, Status.SNAKE, 0.01
7547, 10, 56, Status.SNAKE, 0.01
7548, 9, 48, Status.WALL, 0.01
7549, 1, 8, Status.WALL, 0.01
7550, 18, 113, Status.SNAKE, 0.01
7551, 14, 127, Status.SNAKE, 0.01
7552, 9, 82, Status.WALL, 0.01
7553, 9, 45, Status.SNAKE, 0.01
7554, 4, 21, Status.SNAKE, 0.01
7555, 12, 91, Status.SNAKE, 0.01
7556, 8, 49, Status.SNAKE, 0.01
7557, 4, 24, Status.WALL, 0.01
7558, 16, 110, Status.SNAKE, 0.01
7559, 13, 81, Status.SNAKE, 0.01
7560, 18, 125, Status.SNAKE, 0.01
7561, 17, 124, Status.SNAKE, 0.01
7562, 7, 49, Status.SNAKE, 0.01
7563, 7, 41, Status.SNAKE, 0.01
7564, 3, 21, Status.SNAKE, 0.01
7565, 18, 123, Status.SNAKE, 0.01
7566, 15, 107, Status.SNAKE, 0.01
7567, 13, 83, Status.SNAKE, 0.01
7568, 10, 71, Status.SNAKE, 0.01
7569, 1, 3, Status.SNAKE, 0.01
7570, 6, 36, Status.SNAKE, 0.01
7571, 16, 105, Status.SNAKE, 0.01
7572, 10, 57, Status.WALL, 0.01
7573, 6, 40, Status.SNAKE, 0.01
7574, 14, 109, Status.WALL, 0.01
7575, 7, 39, Status.WALL, 0.01
7576, 7, 57, Status.WALL, 0.01
7577, 4, 41, Status.WALL, 0.01
7578, 3, 16, Status.SNAKE, 0.01
7579, 17, 107, Status.SNAKE, 0.01
7580, 9, 64, Status.SNAKE, 0.01
7581, 5, 38, Status.SNAKE, 0.01
7582, 5, 26, Status.WALL, 0.01
7583, 10, 76, Status.SNAKE, 0.01
7584, 12, 79, Status.SNAKE, 0.01
7585, 9, 58, Status.SNAKE, 0.01
7586, 8, 65, Status.WALL, 0.01
7587, 1, 7, Status.SNAKE, 0.01
7588, 8, 43, Status.SNAKE, 0.01
7589, 8, 51, Status.SNAKE, 0.01
7590, 14, 107, Status.SNAKE, 0.01
7591, 12, 76, Status.SNAKE, 0.01
7592, 1, 8, Status.WALL, 0.01
7593, 11, 85, Status.SNAKE, 0.01
7594, 5, 35, Status.SNAKE, 0.01
7595, 4, 32, Status.SNAKE, 0.01
7596, 8, 49, Status.SNAKE, 0.01
7597, 8, 50, Status.SNAKE, 0.01
7598, 15, 105, Status.SNAKE, 0.01
7599, 11, 56, Status.SNAKE, 0.01
7600, 3, 21, Status.SNAKE, 0.01
7601, 10, 68, Status.SNAKE, 0.01
7602, 9, 53, Status.SNAKE, 0.01
7603, 1, 8, Status.SNAKE, 0.01
7604, 7, 40, Status.SNAKE, 0.01
7605, 8, 54, Status.SNAKE, 0.01
7606, 5, 36, Status.SNAKE, 0.01
7607, 7, 50, Status.WALL, 0.01
7608, 14, 96, Status.SNAKE, 0.01
7609, 3, 24, Status.SNAKE, 0.01
7610, 10, 53, Status.SNAKE, 0.01
7611, 13, 84, Status.WALL, 0.01
7612, 7, 50, Status.SNAKE, 0.01
7613, 8, 46, Status.SNAKE, 0.01
7614, 3, 19, Status.SNAKE, 0.01
7615, 7, 49, Status.SNAKE, 0.01
7616, 4, 22, Status.SNAKE, 0.01
7617, 1, 7, Status.SNAKE, 0.01
7618, 8, 75, Status.WALL, 0.01
7619, 8, 53, Status.SNAKE, 0.01
7620, 13, 97, Status.SNAKE, 0.01
7621, 15, 110, Status.WALL, 0.01
7622, 13, 88, Status.SNAKE, 0.01
7623, 12, 83, Status.SNAKE, 0.01
7624, 13, 92, Status.SNAKE, 0.01
7625, 4, 24, Status.WALL, 0.01
7626, 9, 67, Status.SNAKE, 0.01
7627, 12, 70, Status.SNAKE, 0.01
7628, 6, 37, Status.SNAKE, 0.01
7629, 9, 54, Status.SNAKE, 0.01
7630, 13, 102, Status.SNAKE, 0.01
7631, 13, 84, Status.SNAKE, 0.01
7632, 7, 47, Status.WALL, 0.01
7633, 12, 105, Status.SNAKE, 0.01
7634, 7, 54, Status.SNAKE, 0.01
7635, 11, 66, Status.SNAKE, 0.01
7636, 8, 66, Status.SNAKE, 0.01
7637, 13, 83, Status.SNAKE, 0.01
7638, 15, 124, Status.SNAKE, 0.01
7639, 10, 73, Status.SNAKE, 0.01
7640, 2, 14, Status.WALL, 0.01
7641, 14, 92, Status.SNAKE, 0.01
7642, 6, 21, Status.SNAKE, 0.01
7643, 12, 87, Status.SNAKE, 0.01
7644, 11, 77, Status.SNAKE, 0.01
7645, 8, 64, Status.SNAKE, 0.01
7646, 4, 22, Status.WALL, 0.01
7647, 4, 17, Status.WALL, 0.01
7648, 13, 92, Status.SNAKE, 0.01
7649, 6, 32, Status.SNAKE, 0.01
7650, 7, 47, Status.SNAKE, 0.01
7651, 1, 3, Status.SNAKE, 0.01
7652, 9, 68, Status.SNAKE, 0.01
7653, 10, 53, Status.SNAKE, 0.01
7654, 10, 89, Status.SNAKE, 0.01
7655, 7, 53, Status.SNAKE, 0.01
7656, 16, 88, Status.SNAKE, 0.01
7657, 1, 3, Status.SNAKE, 0.01
7658, 5, 41, Status.SNAKE, 0.01
7659, 12, 88, Status.SNAKE, 0.01
7660, 18, 120, Status.SNAKE, 0.01
7661, 6, 48, Status.WALL, 0.01
7662, 18, 126, Status.SNAKE, 0.01
7663, 2, 7, Status.SNAKE, 0.01
7664, 10, 63, Status.SNAKE, 0.01
7665, 3, 18, Status.SNAKE, 0.01
7666, 3, 12, Status.SNAKE, 0.01
7667, 16, 129, Status.SNAKE, 0.01
7668, 12, 81, Status.SNAKE, 0.01
7669, 3, 19, Status.WALL, 0.01
7670, 14, 97, Status.SNAKE, 0.01
7671, 6, 40, Status.SNAKE, 0.01
7672, 2, 11, Status.WALL, 0.01
7673, 3, 17, Status.SNAKE, 0.01
7674, 16, 91, Status.WALL, 0.01
7675, 8, 55, Status.SNAKE, 0.01
7676, 15, 105, Status.SNAKE, 0.01
7677, 4, 29, Status.WALL, 0.01
7678, 10, 63, Status.SNAKE, 0.01
7679, 9, 57, Status.SNAKE, 0.01
7680, 4, 27, Status.WALL, 0.01
7681, 8, 62, Status.WALL, 0.01
7682, 5, 31, Status.WALL, 0.01
7683, 10, 68, Status.SNAKE, 0.01
7684, 10, 51, Status.SNAKE, 0.01
7685, 21, 135, Status.SNAKE, 0.01
7686, 11, 73, Status.SNAKE, 0.01
7687, 12, 88, Status.SNAKE, 0.01
7688, 13, 89, Status.WALL, 0.01
7689, 11, 84, Status.WALL, 0.01
7690, 12, 87, Status.SNAKE, 0.01
7691, 6, 37, Status.SNAKE, 0.01
7692, 6, 42, Status.SNAKE, 0.01
7693, 13, 100, Status.SNAKE, 0.01
7694, 9, 62, Status.SNAKE, 0.01
7695, 13, 83, Status.SNAKE, 0.01
7696, 16, 98, Status.SNAKE, 0.01
7697, 9, 65, Status.SNAKE, 0.01
7698, 7, 59, Status.WALL, 0.01
7699, 9, 55, Status.SNAKE, 0.01
7700, 11, 70, Status.WALL, 0.01
7701, 11, 82, Status.SNAKE, 0.01
7702, 13, 88, Status.WALL, 0.01
7703, 10, 59, Status.SNAKE, 0.01
7704, 12, 66, Status.SNAKE, 0.01
7705, 10, 85, Status.WALL, 0.01
7706, 6, 33, Status.SNAKE, 0.01
7707, 3, 23, Status.SNAKE, 0.01
7708, 8, 60, Status.SNAKE, 0.01
7709, 3, 12, Status.WALL, 0.01
7710, 15, 96, Status.SNAKE, 0.01
7711, 9, 54, Status.SNAKE, 0.01
7712, 2, 13, Status.SNAKE, 0.01
7713, 16, 89, Status.SNAKE, 0.01
7714, 13, 93, Status.SNAKE, 0.01
7715, 8, 68, Status.WALL, 0.01
7716, 7, 39, Status.SNAKE, 0.01
7717, 5, 35, Status.SNAKE, 0.01
7718, 3, 24, Status.SNAKE, 0.01
7719, 5, 41, Status.SNAKE, 0.01
7720, 1, 4, Status.SNAKE, 0.01
7721, 5, 34, Status.SNAKE, 0.01
7722, 16, 99, Status.SNAKE, 0.01
7723, 11, 85, Status.SNAKE, 0.01
7724, 6, 48, Status.SNAKE, 0.01
7725, 3, 20, Status.WALL, 0.01
7726, 7, 41, Status.SNAKE, 0.01
7727, 4, 30, Status.SNAKE, 0.01
7728, 12, 85, Status.SNAKE, 0.01
7729, 10, 81, Status.WALL, 0.01
7730, 2, 12, Status.SNAKE, 0.01
7731, 17, 116, Status.SNAKE, 0.01
7732, 6, 49, Status.WALL, 0.01
7733, 14, 97, Status.SNAKE, 0.01
7734, 10, 74, Status.SNAKE, 0.01
7735, 6, 35, Status.SNAKE, 0.01
7736, 12, 81, Status.SNAKE, 0.01
7737, 7, 54, Status.SNAKE, 0.01
7738, 2, 28, Status.WALL, 0.01
7739, 12, 81, Status.SNAKE, 0.01
7740, 2, 16, Status.SNAKE, 0.01
7741, 10, 73, Status.WALL, 0.01
7742, 7, 23, Status.SNAKE, 0.01
7743, 1, 5, Status.SNAKE, 0.01
7744, 9, 62, Status.SNAKE, 0.01
7745, 12, 76, Status.SNAKE, 0.01
7746, 1, 7, Status.SNAKE, 0.01
7747, 5, 21, Status.SNAKE, 0.01
7748, 4, 35, Status.WALL, 0.01
7749, 14, 79, Status.SNAKE, 0.01
7750, 2, 9, Status.SNAKE, 0.01
7751, 3, 12, Status.SNAKE, 0.01
7752, 12, 76, Status.SNAKE, 0.01
7753, 2, 26, Status.WALL, 0.01
7754, 4, 27, Status.SNAKE, 0.01
7755, 4, 32, Status.SNAKE, 0.01
7756, 3, 19, Status.SNAKE, 0.01
7757, 12, 83, Status.SNAKE, 0.01
7758, 2, 10, Status.SNAKE, 0.01
7759, 8, 49, Status.SNAKE, 0.01
7760, 9, 69, Status.SNAKE, 0.01
7761, 8, 50, Status.WALL, 0.01
7762, 10, 66, Status.SNAKE, 0.01
7763, 11, 90, Status.SNAKE, 0.01
7764, 8, 63, Status.WALL, 0.01
7765, 8, 59, Status.SNAKE, 0.01
7766, 2, 17, Status.SNAKE, 0.01
7767, 6, 48, Status.SNAKE, 0.01
7768, 14, 87, Status.SNAKE, 0.01
7769, 10, 69, Status.WALL, 0.01
7770, 5, 30, Status.SNAKE, 0.01
7771, 7, 51, Status.WALL, 0.01
7772, 13, 81, Status.SNAKE, 0.01
7773, 6, 39, Status.SNAKE, 0.01
7774, 10, 74, Status.SNAKE, 0.01
7775, 11, 70, Status.SNAKE, 0.01
7776, 3, 13, Status.SNAKE, 0.01
7777, 8, 52, Status.WALL, 0.01
7778, 3, 18, Status.WALL, 0.01
7779, 8, 70, Status.SNAKE, 0.01
7780, 15, 109, Status.WALL, 0.01
7781, 5, 52, Status.WALL, 0.01
7782, 17, 94, Status.SNAKE, 0.01
7783, 13, 81, Status.SNAKE, 0.01
7784, 4, 19, Status.SNAKE, 0.01
7785, 5, 32, Status.SNAKE, 0.01
7786, 9, 53, Status.SNAKE, 0.01
7787, 10, 54, Status.SNAKE, 0.01
7788, 3, 18, Status.SNAKE, 0.01
7789, 10, 69, Status.SNAKE, 0.01
7790, 4, 27, Status.WALL, 0.01
7791, 11, 72, Status.SNAKE, 0.01
7792, 8, 71, Status.SNAKE, 0.01
7793, 11, 89, Status.SNAKE, 0.01
7794, 9, 65, Status.SNAKE, 0.01
7795, 16, 101, Status.SNAKE, 0.01
7796, 16, 97, Status.SNAKE, 0.01
7797, 9, 69, Status.SNAKE, 0.01
7798, 7, 38, Status.SNAKE, 0.01
7799, 15, 95, Status.WALL, 0.01
7800, 14, 77, Status.SNAKE, 0.01
7801, 8, 50, Status.WALL, 0.01
7802, 8, 71, Status.SNAKE, 0.01
7803, 6, 49, Status.WALL, 0.01
7804, 10, 88, Status.WALL, 0.01
7805, 12, 87, Status.SNAKE, 0.01
7806, 13, 117, Status.WALL, 0.01
7807, 5, 28, Status.SNAKE, 0.01
7808, 10, 60, Status.SNAKE, 0.01
7809, 7, 34, Status.SNAKE, 0.01
7810, 11, 75, Status.SNAKE, 0.01
7811, 7, 47, Status.SNAKE, 0.01
7812, 10, 68, Status.SNAKE, 0.01
7813, 10, 64, Status.SNAKE, 0.01
7814, 12, 67, Status.SNAKE, 0.01
7815, 11, 79, Status.SNAKE, 0.01
7816, 11, 53, Status.SNAKE, 0.01
7817, 11, 62, Status.SNAKE, 0.01
7818, 7, 44, Status.SNAKE, 0.01
7819, 7, 67, Status.SNAKE, 0.01
7820, 21, 158, Status.SNAKE, 0.01
7821, 10, 61, Status.WALL, 0.01
7822, 1, 9, Status.WALL, 0.01
7823, 8, 48, Status.SNAKE, 0.01
7824, 7, 48, Status.SNAKE, 0.01
7825, 13, 144, Status.SNAKE, 0.01
7826, 15, 129, Status.SNAKE, 0.01
7827, 7, 44, Status.SNAKE, 0.01
7828, 7, 50, Status.SNAKE, 0.01
7829, 14, 90, Status.SNAKE, 0.01
7830, 7, 51, Status.SNAKE, 0.01
7831, 12, 97, Status.WALL, 0.01
7832, 5, 37, Status.SNAKE, 0.01
7833, 15, 135, Status.SNAKE, 0.01
7834, 8, 43, Status.SNAKE, 0.01
7835, 5, 26, Status.SNAKE, 0.01
7836, 1, 5, Status.SNAKE, 0.01
7837, 11, 74, Status.SNAKE, 0.01
7838, 5, 32, Status.SNAKE, 0.01
7839, 13, 74, Status.SNAKE, 0.01
7840, 9, 63, Status.SNAKE, 0.01
7841, 6, 34, Status.WALL, 0.01
7842, 9, 62, Status.SNAKE, 0.01
7843, 10, 54, Status.SNAKE, 0.01
7844, 2, 16, Status.SNAKE, 0.01
7845, 3, 22, Status.WALL, 0.01
7846, 8, 56, Status.SNAKE, 0.01
7847, 2, 12, Status.SNAKE, 0.01
7848, 14, 93, Status.SNAKE, 0.01
7849, 10, 71, Status.SNAKE, 0.01
7850, 11, 88, Status.SNAKE, 0.01
7851, 6, 48, Status.SNAKE, 0.01
7852, 4, 37, Status.WALL, 0.01
7853, 5, 24, Status.SNAKE, 0.01
7854, 9, 57, Status.SNAKE, 0.01
7855, 11, 60, Status.SNAKE, 0.01
7856, 8, 58, Status.SNAKE, 0.01
7857, 8, 48, Status.SNAKE, 0.01
7858, 9, 59, Status.SNAKE, 0.01
7859, 5, 38, Status.SNAKE, 0.01
7860, 13, 95, Status.WALL, 0.01
7861, 10, 63, Status.SNAKE, 0.01
7862, 6, 32, Status.SNAKE, 0.01
7863, 7, 66, Status.SNAKE, 0.01
7864, 2, 19, Status.SNAKE, 0.01
7865, 6, 34, Status.SNAKE, 0.01
7866, 8, 63, Status.SNAKE, 0.01
7867, 2, 20, Status.SNAKE, 0.01
7868, 14, 105, Status.SNAKE, 0.01
7869, 12, 95, Status.SNAKE, 0.01
7870, 7, 49, Status.SNAKE, 0.01
7871, 15, 109, Status.SNAKE, 0.01
7872, 9, 60, Status.WALL, 0.01
7873, 7, 57, Status.WALL, 0.01
7874, 9, 62, Status.WALL, 0.01
7875, 8, 63, Status.SNAKE, 0.01
7876, 13, 78, Status.SNAKE, 0.01
7877, 9, 44, Status.SNAKE, 0.01
7878, 7, 39, Status.SNAKE, 0.01
7879, 8, 59, Status.SNAKE, 0.01
7880, 5, 34, Status.SNAKE, 0.01
7881, 5, 45, Status.WALL, 0.01
7882, 6, 46, Status.SNAKE, 0.01
7883, 9, 62, Status.SNAKE, 0.01
7884, 9, 56, Status.WALL, 0.01
7885, 8, 75, Status.SNAKE, 0.01
7886, 13, 75, Status.SNAKE, 0.01
7887, 12, 83, Status.SNAKE, 0.01
7888, 7, 36, Status.SNAKE, 0.01
7889, 3, 26, Status.SNAKE, 0.01
7890, 15, 106, Status.SNAKE, 0.01
7891, 8, 30, Status.SNAKE, 0.01
7892, 6, 42, Status.SNAKE, 0.01
7893, 8, 63, Status.SNAKE, 0.01
7894, 8, 49, Status.SNAKE, 0.01
7895, 6, 49, Status.SNAKE, 0.01
7896, 7, 27, Status.SNAKE, 0.01
7897, 9, 47, Status.WALL, 0.01
7898, 10, 76, Status.SNAKE, 0.01
7899, 13, 83, Status.SNAKE, 0.01
7900, 5, 33, Status.SNAKE, 0.01
7901, 13, 100, Status.SNAKE, 0.01
7902, 8, 45, Status.SNAKE, 0.01
7903, 7, 34, Status.WALL, 0.01
7904, 10, 71, Status.SNAKE, 0.01
7905, 10, 48, Status.SNAKE, 0.01
7906, 14, 97, Status.SNAKE, 0.01
7907, 10, 52, Status.WALL, 0.01
7908, 8, 45, Status.SNAKE, 0.01
7909, 7, 60, Status.SNAKE, 0.01
7910, 7, 38, Status.SNAKE, 0.01
7911, 12, 81, Status.SNAKE, 0.01
7912, 10, 75, Status.SNAKE, 0.01
7913, 5, 44, Status.SNAKE, 0.01
7914, 13, 86, Status.SNAKE, 0.01
7915, 6, 33, Status.SNAKE, 0.01
7916, 13, 85, Status.WALL, 0.01
7917, 3, 22, Status.WALL, 0.01
7918, 11, 88, Status.SNAKE, 0.01
7919, 3, 16, Status.SNAKE, 0.01
7920, 11, 71, Status.SNAKE, 0.01
7921, 4, 22, Status.WALL, 0.01
7922, 21, 144, Status.SNAKE, 0.01
7923, 5, 42, Status.SNAKE, 0.01
7924, 5, 31, Status.SNAKE, 0.01
7925, 2, 21, Status.SNAKE, 0.01
7926, 12, 72, Status.SNAKE, 0.01
7927, 14, 83, Status.SNAKE, 0.01
7928, 14, 81, Status.SNAKE, 0.01
7929, 11, 76, Status.SNAKE, 0.01
7930, 9, 71, Status.SNAKE, 0.01
7931, 6, 44, Status.SNAKE, 0.01
7932, 16, 89, Status.SNAKE, 0.01
7933, 9, 62, Status.SNAKE, 0.01
7934, 13, 85, Status.SNAKE, 0.01
7935, 13, 77, Status.SNAKE, 0.01
7936, 5, 34, Status.SNAKE, 0.01
7937, 13, 96, Status.SNAKE, 0.01
7938, 8, 41, Status.SNAKE, 0.01
7939, 11, 96, Status.SNAKE, 0.01
7940, 4, 38, Status.WALL, 0.01
7941, 1, 11, Status.SNAKE, 0.01
7942, 3, 30, Status.WALL, 0.01
7943, 9, 77, Status.WALL, 0.01
7944, 18, 121, Status.SNAKE, 0.01
7945, 9, 71, Status.SNAKE, 0.01
7946, 4, 33, Status.SNAKE, 0.01
7947, 5, 38, Status.SNAKE, 0.01
7948, 15, 108, Status.SNAKE, 0.01
7949, 12, 70, Status.WALL, 0.01
7950, 3, 14, Status.WALL, 0.01
7951, 8, 53, Status.SNAKE, 0.01
7952, 0, 4, Status.WALL, 0.01
7953, 12, 91, Status.SNAKE, 0.01
7954, 10, 92, Status.SNAKE, 0.01
7955, 18, 134, Status.SNAKE, 0.01
7956, 14, 97, Status.WALL, 0.01
7957, 3, 16, Status.SNAKE, 0.01
7958, 12, 89, Status.SNAKE, 0.01
7959, 14, 111, Status.WALL, 0.01
7960, 8, 50, Status.WALL, 0.01
7961, 5, 43, Status.SNAKE, 0.01
7962, 2, 9, Status.WALL, 0.01
7963, 6, 42, Status.SNAKE, 0.01
7964, 10, 68, Status.WALL, 0.01
7965, 10, 73, Status.SNAKE, 0.01
7966, 13, 112, Status.SNAKE, 0.01
7967, 3, 24, Status.SNAKE, 0.01
7968, 4, 27, Status.SNAKE, 0.01
7969, 1, 5, Status.SNAKE, 0.01
7970, 4, 25, Status.SNAKE, 0.01
7971, 4, 36, Status.WALL, 0.01
7972, 10, 45, Status.SNAKE, 0.01
7973, 12, 116, Status.WALL, 0.01
7974, 19, 148, Status.SNAKE, 0.01
7975, 10, 86, Status.WALL, 0.01
7976, 7, 56, Status.SNAKE, 0.01
7977, 3, 16, Status.WALL, 0.01
7978, 8, 58, Status.SNAKE, 0.01
7979, 2, 17, Status.SNAKE, 0.01
7980, 8, 44, Status.WALL, 0.01
7981, 3, 20, Status.SNAKE, 0.01
7982, 8, 70, Status.SNAKE, 0.01
7983, 9, 99, Status.SNAKE, 0.01
7984, 9, 62, Status.SNAKE, 0.01
7985, 4, 32, Status.SNAKE, 0.01
7986, 4, 28, Status.WALL, 0.01
7987, 2, 19, Status.WALL, 0.01
7988, 9, 45, Status.SNAKE, 0.01
7989, 13, 71, Status.SNAKE, 0.01
7990, 17, 119, Status.SNAKE, 0.01
7991, 6, 36, Status.WALL, 0.01
7992, 5, 41, Status.SNAKE, 0.01
7993, 8, 52, Status.SNAKE, 0.01
7994, 16, 102, Status.WALL, 0.01
7995, 4, 22, Status.SNAKE, 0.01
7996, 9, 55, Status.SNAKE, 0.01
7997, 14, 83, Status.SNAKE, 0.01
7998, 8, 46, Status.SNAKE, 0.01
7999, 8, 44, Status.SNAKE, 0.01
8000, 16, 131, Status.SNAKE, 0.01
8001, 8, 58, Status.SNAKE, 0.01
8002, 8, 43, Status.SNAKE, 0.01
8003, 12, 82, Status.SNAKE, 0.01
8004, 17, 159, Status.WALL, 0.01
8005, 19, 134, Status.WALL, 0.01
8006, 6, 49, Status.SNAKE, 0.01
8007, 5, 34, Status.SNAKE, 0.01
8008, 9, 69, Status.SNAKE, 0.01
8009, 12, 73, Status.SNAKE, 0.01
8010, 6, 57, Status.SNAKE, 0.01
8011, 8, 64, Status.SNAKE, 0.01
8012, 0, 7, Status.WALL, 0.01
8013, 5, 19, Status.SNAKE, 0.01
8014, 8, 60, Status.SNAKE, 0.01
8015, 13, 80, Status.SNAKE, 0.01
8016, 1, 6, Status.SNAKE, 0.01
8017, 16, 94, Status.SNAKE, 0.01
8018, 19, 162, Status.SNAKE, 0.01
8019, 12, 75, Status.WALL, 0.01
8020, 12, 73, Status.SNAKE, 0.01
8021, 10, 80, Status.SNAKE, 0.01
8022, 19, 138, Status.SNAKE, 0.01
8023, 17, 90, Status.WALL, 0.01
8024, 15, 83, Status.SNAKE, 0.01
8025, 12, 90, Status.SNAKE, 0.01
8026, 16, 110, Status.SNAKE, 0.01
8027, 14, 94, Status.SNAKE, 0.01
8028, 11, 56, Status.SNAKE, 0.01
8029, 4, 27, Status.SNAKE, 0.01
8030, 8, 54, Status.SNAKE, 0.01
8031, 8, 60, Status.SNAKE, 0.01
8032, 11, 82, Status.SNAKE, 0.01
8033, 12, 84, Status.SNAKE, 0.01
8034, 17, 112, Status.SNAKE, 0.01
8035, 9, 52, Status.SNAKE, 0.01
8036, 6, 34, Status.WALL, 0.01
8037, 2, 11, Status.SNAKE, 0.01
8038, 9, 68, Status.SNAKE, 0.01
8039, 6, 32, Status.SNAKE, 0.01
8040, 16, 111, Status.WALL, 0.01
8041, 10, 77, Status.SNAKE, 0.01
8042, 4, 28, Status.SNAKE, 0.01
8043, 5, 23, Status.SNAKE, 0.01
8044, 12, 76, Status.SNAKE, 0.01
8045, 2, 13, Status.WALL, 0.01
8046, 9, 51, Status.SNAKE, 0.01
8047, 8, 62, Status.SNAKE, 0.01
8048, 10, 61, Status.SNAKE, 0.01
8049, 13, 84, Status.SNAKE, 0.01
8050, 1, 5, Status.SNAKE, 0.01
8051, 14, 100, Status.SNAKE, 0.01
8052, 17, 104, Status.SNAKE, 0.01
8053, 10, 52, Status.SNAKE, 0.01
8054, 10, 63, Status.SNAKE, 0.01
8055, 2, 15, Status.SNAKE, 0.01
8056, 5, 28, Status.WALL, 0.01
8057, 9, 55, Status.SNAKE, 0.01
8058, 8, 64, Status.SNAKE, 0.01
8059, 2, 10, Status.WALL, 0.01
8060, 12, 84, Status.SNAKE, 0.01
8061, 5, 41, Status.SNAKE, 0.01
8062, 11, 87, Status.SNAKE, 0.01
8063, 13, 95, Status.SNAKE, 0.01
8064, 10, 68, Status.SNAKE, 0.01
8065, 9, 62, Status.SNAKE, 0.01
8066, 11, 89, Status.WALL, 0.01
8067, 11, 87, Status.SNAKE, 0.01
8068, 13, 81, Status.SNAKE, 0.01
8069, 1, 5, Status.SNAKE, 0.01
8070, 7, 40, Status.WALL, 0.01
8071, 11, 74, Status.SNAKE, 0.01
8072, 7, 55, Status.WALL, 0.01
8073, 3, 15, Status.SNAKE, 0.01
8074, 1, 17, Status.WALL, 0.01
8075, 10, 80, Status.SNAKE, 0.01
8076, 10, 68, Status.SNAKE, 0.01
8077, 0, 5, Status.WALL, 0.01
8078, 7, 50, Status.SNAKE, 0.01
8079, 16, 83, Status.SNAKE, 0.01
8080, 5, 22, Status.SNAKE, 0.01
8081, 7, 57, Status.WALL, 0.01
8082, 1, 4, Status.SNAKE, 0.01
8083, 7, 42, Status.SNAKE, 0.01
8084, 7, 47, Status.SNAKE, 0.01
8085, 3, 21, Status.SNAKE, 0.01
8086, 5, 28, Status.SNAKE, 0.01
8087, 6, 38, Status.SNAKE, 0.01
8088, 14, 102, Status.SNAKE, 0.01
8089, 10, 75, Status.SNAKE, 0.01
8090, 12, 86, Status.WALL, 0.01
8091, 6, 45, Status.SNAKE, 0.01
8092, 10, 71, Status.SNAKE, 0.01
8093, 5, 48, Status.SNAKE, 0.01
8094, 6, 49, Status.SNAKE, 0.01
8095, 16, 89, Status.SNAKE, 0.01
8096, 5, 17, Status.SNAKE, 0.01
8097, 4, 33, Status.SNAKE, 0.01
8098, 1, 7, Status.SNAKE, 0.01
8099, 1, 9, Status.SNAKE, 0.01
8100, 4, 23, Status.SNAKE, 0.01
8101, 18, 111, Status.SNAKE, 0.01
8102, 11, 91, Status.SNAKE, 0.01
8103, 7, 39, Status.SNAKE, 0.01
8104, 1, 6, Status.SNAKE, 0.01
8105, 4, 31, Status.SNAKE, 0.01
8106, 15, 118, Status.SNAKE, 0.01
8107, 7, 46, Status.SNAKE, 0.01
8108, 11, 82, Status.SNAKE, 0.01
8109, 7, 45, Status.SNAKE, 0.01
8110, 12, 101, Status.SNAKE, 0.01
8111, 7, 52, Status.WALL, 0.01
8112, 15, 103, Status.SNAKE, 0.01
8113, 2, 10, Status.SNAKE, 0.01
8114, 8, 48, Status.SNAKE, 0.01
8115, 14, 77, Status.WALL, 0.01
8116, 13, 111, Status.SNAKE, 0.01
8117, 13, 95, Status.SNAKE, 0.01
8118, 15, 101, Status.SNAKE, 0.01
8119, 6, 31, Status.SNAKE, 0.01
8120, 5, 38, Status.SNAKE, 0.01
8121, 4, 29, Status.WALL, 0.01
8122, 6, 30, Status.WALL, 0.01
8123, 5, 36, Status.SNAKE, 0.01
8124, 9, 62, Status.SNAKE, 0.01
8125, 10, 74, Status.SNAKE, 0.01
8126, 4, 32, Status.WALL, 0.01
8127, 5, 47, Status.SNAKE, 0.01
8128, 5, 28, Status.SNAKE, 0.01
8129, 7, 54, Status.SNAKE, 0.01
8130, 4, 23, Status.WALL, 0.01
8131, 5, 35, Status.SNAKE, 0.01
8132, 8, 51, Status.SNAKE, 0.01
8133, 9, 64, Status.SNAKE, 0.01
8134, 16, 95, Status.SNAKE, 0.01
8135, 13, 90, Status.SNAKE, 0.01
8136, 8, 59, Status.WALL, 0.01
8137, 4, 23, Status.SNAKE, 0.01
8138, 12, 76, Status.SNAKE, 0.01
8139, 2, 27, Status.WALL, 0.01
8140, 5, 35, Status.SNAKE, 0.01
8141, 2, 6, Status.SNAKE, 0.01
8142, 11, 70, Status.SNAKE, 0.01
8143, 11, 71, Status.SNAKE, 0.01
8144, 11, 72, Status.SNAKE, 0.01
8145, 10, 66, Status.SNAKE, 0.01
8146, 14, 103, Status.SNAKE, 0.01
8147, 12, 86, Status.SNAKE, 0.01
8148, 5, 24, Status.SNAKE, 0.01
8149, 6, 62, Status.SNAKE, 0.01
8150, 18, 121, Status.SNAKE, 0.01
8151, 2, 20, Status.WALL, 0.01
8152, 12, 73, Status.SNAKE, 0.01
8153, 11, 78, Status.SNAKE, 0.01
8154, 12, 77, Status.WALL, 0.01
8155, 13, 87, Status.SNAKE, 0.01
8156, 15, 125, Status.SNAKE, 0.01
8157, 7, 38, Status.WALL, 0.01
8158, 6, 46, Status.SNAKE, 0.01
8159, 1, 11, Status.WALL, 0.01
8160, 8, 55, Status.SNAKE, 0.01
8161, 15, 134, Status.SNAKE, 0.01
8162, 9, 74, Status.SNAKE, 0.01
8163, 3, 9, Status.SNAKE, 0.01
8164, 7, 57, Status.SNAKE, 0.01
8165, 6, 47, Status.SNAKE, 0.01
8166, 5, 31, Status.SNAKE, 0.01
8167, 3, 24, Status.WALL, 0.01
8168, 4, 18, Status.SNAKE, 0.01
8169, 10, 63, Status.SNAKE, 0.01
8170, 4, 32, Status.SNAKE, 0.01
8171, 8, 38, Status.WALL, 0.01
8172, 11, 93, Status.SNAKE, 0.01
8173, 13, 97, Status.WALL, 0.01
8174, 11, 86, Status.WALL, 0.01
8175, 9, 46, Status.SNAKE, 0.01
8176, 13, 94, Status.SNAKE, 0.01
8177, 6, 43, Status.WALL, 0.01
8178, 8, 68, Status.WALL, 0.01
8179, 14, 104, Status.SNAKE, 0.01
8180, 7, 39, Status.SNAKE, 0.01
8181, 4, 18, Status.WALL, 0.01
8182, 14, 89, Status.SNAKE, 0.01
8183, 12, 111, Status.SNAKE, 0.01
8184, 1, 3, Status.SNAKE, 0.01
8185, 5, 44, Status.WALL, 0.01
8186, 9, 59, Status.SNAKE, 0.01
8187, 7, 36, Status.SNAKE, 0.01
8188, 10, 98, Status.SNAKE, 0.01
8189, 10, 63, Status.SNAKE, 0.01
8190, 6, 53, Status.SNAKE, 0.01
8191, 10, 58, Status.SNAKE, 0.01
8192, 9, 53, Status.SNAKE, 0.01
8193, 8, 55, Status.SNAKE, 0.01
8194, 10, 80, Status.WALL, 0.01
8195, 11, 89, Status.SNAKE, 0.01
8196, 2, 18, Status.SNAKE, 0.01
8197, 4, 35, Status.SNAKE, 0.01
8198, 2, 12, Status.SNAKE, 0.01
8199, 9, 54, Status.SNAKE, 0.01
8200, 6, 47, Status.SNAKE, 0.01
8201, 3, 23, Status.SNAKE, 0.01
8202, 8, 38, Status.SNAKE, 0.01
8203, 1, 5, Status.SNAKE, 0.01
8204, 2, 16, Status.WALL, 0.01
8205, 6, 41, Status.WALL, 0.01
8206, 6, 30, Status.WALL, 0.01
8207, 2, 18, Status.SNAKE, 0.01
8208, 5, 24, Status.WALL, 0.01
8209, 13, 97, Status.SNAKE, 0.01
8210, 6, 44, Status.SNAKE, 0.01
8211, 7, 54, Status.SNAKE, 0.01
8212, 12, 108, Status.SNAKE, 0.01
8213, 7, 46, Status.SNAKE, 0.01
8214, 15, 89, Status.SNAKE, 0.01
8215, 6, 35, Status.SNAKE, 0.01
8216, 13, 101, Status.SNAKE, 0.01
8217, 9, 74, Status.SNAKE, 0.01
8218, 10, 73, Status.SNAKE, 0.01
8219, 5, 43, Status.SNAKE, 0.01
8220, 7, 62, Status.SNAKE, 0.01
8221, 7, 47, Status.SNAKE, 0.01
8222, 4, 43, Status.SNAKE, 0.01
8223, 8, 62, Status.SNAKE, 0.01
8224, 4, 20, Status.WALL, 0.01
8225, 8, 37, Status.SNAKE, 0.01
8226, 3, 11, Status.SNAKE, 0.01
8227, 4, 24, Status.SNAKE, 0.01
8228, 2, 15, Status.SNAKE, 0.01
8229, 6, 34, Status.SNAKE, 0.01
8230, 5, 35, Status.SNAKE, 0.01
8231, 8, 57, Status.SNAKE, 0.01
8232, 5, 36, Status.SNAKE, 0.01
8233, 1, 5, Status.SNAKE, 0.01
8234, 8, 56, Status.SNAKE, 0.01
8235, 10, 61, Status.SNAKE, 0.01
8236, 14, 98, Status.SNAKE, 0.01
8237, 3, 7, Status.SNAKE, 0.01
8238, 3, 28, Status.WALL, 0.01
8239, 3, 13, Status.SNAKE, 0.01
8240, 9, 81, Status.SNAKE, 0.01
8241, 15, 123, Status.SNAKE, 0.01
8242, 10, 76, Status.SNAKE, 0.01
8243, 1, 6, Status.SNAKE, 0.01
8244, 8, 46, Status.SNAKE, 0.01
8245, 10, 55, Status.SNAKE, 0.01
8246, 6, 44, Status.SNAKE, 0.01
8247, 13, 68, Status.SNAKE, 0.01
8248, 10, 83, Status.SNAKE, 0.01
8249, 5, 35, Status.SNAKE, 0.01
8250, 7, 46, Status.SNAKE, 0.01
8251, 5, 40, Status.SNAKE, 0.01
8252, 3, 23, Status.SNAKE, 0.01
8253, 6, 48, Status.SNAKE, 0.01
8254, 12, 83, Status.WALL, 0.01
8255, 5, 29, Status.SNAKE, 0.01
8256, 3, 19, Status.SNAKE, 0.01
8257, 6, 57, Status.SNAKE, 0.01
8258, 6, 46, Status.SNAKE, 0.01
8259, 5, 48, Status.SNAKE, 0.01
8260, 3, 9, Status.SNAKE, 0.01
8261, 13, 100, Status.SNAKE, 0.01
8262, 1, 7, Status.SNAKE, 0.01
8263, 9, 65, Status.WALL, 0.01
8264, 11, 95, Status.WALL, 0.01
8265, 5, 37, Status.SNAKE, 0.01
8266, 8, 58, Status.SNAKE, 0.01
8267, 1, 9, Status.WALL, 0.01
8268, 14, 82, Status.SNAKE, 0.01
8269, 15, 102, Status.SNAKE, 0.01
8270, 6, 45, Status.SNAKE, 0.01
8271, 12, 96, Status.SNAKE, 0.01
8272, 8, 39, Status.SNAKE, 0.01
8273, 2, 11, Status.WALL, 0.01
8274, 13, 101, Status.SNAKE, 0.01
8275, 8, 50, Status.SNAKE, 0.01
8276, 11, 72, Status.SNAKE, 0.01
8277, 10, 78, Status.SNAKE, 0.01
8278, 6, 46, Status.SNAKE, 0.01
8279, 14, 123, Status.SNAKE, 0.01
8280, 1, 8, Status.SNAKE, 0.01
8281, 8, 65, Status.SNAKE, 0.01
8282, 14, 120, Status.WALL, 0.01
8283, 1, 6, Status.SNAKE, 0.01
8284, 2, 8, Status.WALL, 0.01
8285, 17, 111, Status.SNAKE, 0.01
8286, 11, 88, Status.SNAKE, 0.01
8287, 13, 77, Status.SNAKE, 0.01
8288, 11, 95, Status.WALL, 0.01
8289, 22, 179, Status.SNAKE, 0.01
8290, 6, 40, Status.SNAKE, 0.01
8291, 2, 15, Status.SNAKE, 0.01
8292, 1, 10, Status.WALL, 0.01
8293, 6, 37, Status.SNAKE, 0.01
8294, 1, 7, Status.SNAKE, 0.01
8295, 7, 39, Status.SNAKE, 0.01
8296, 7, 62, Status.SNAKE, 0.01
8297, 12, 84, Status.SNAKE, 0.01
8298, 5, 41, Status.SNAKE, 0.01
8299, 14, 100, Status.WALL, 0.01
8300, 11, 87, Status.SNAKE, 0.01
8301, 10, 70, Status.SNAKE, 0.01
8302, 8, 60, Status.SNAKE, 0.01
8303, 2, 8, Status.WALL, 0.01
8304, 1, 6, Status.SNAKE, 0.01
8305, 14, 98, Status.SNAKE, 0.01
8306, 2, 8, Status.SNAKE, 0.01
8307, 8, 35, Status.SNAKE, 0.01
8308, 12, 97, Status.SNAKE, 0.01
8309, 12, 87, Status.SNAKE, 0.01
8310, 2, 13, Status.SNAKE, 0.01
8311, 7, 55, Status.SNAKE, 0.01
8312, 14, 96, Status.SNAKE, 0.01
8313, 5, 34, Status.WALL, 0.01
8314, 12, 91, Status.WALL, 0.01
8315, 9, 61, Status.SNAKE, 0.01
8316, 1, 5, Status.SNAKE, 0.01
8317, 10, 67, Status.SNAKE, 0.01
8318, 6, 39, Status.WALL, 0.01
8319, 10, 49, Status.SNAKE, 0.01
8320, 2, 13, Status.SNAKE, 0.01
8321, 11, 78, Status.SNAKE, 0.01
8322, 4, 21, Status.SNAKE, 0.01
8323, 6, 44, Status.SNAKE, 0.01
8324, 6, 34, Status.SNAKE, 0.01
8325, 5, 35, Status.SNAKE, 0.01
8326, 4, 21, Status.SNAKE, 0.01
8327, 13, 77, Status.WALL, 0.01
8328, 8, 55, Status.SNAKE, 0.01
8329, 1, 5, Status.SNAKE, 0.01
8330, 5, 31, Status.SNAKE, 0.01
8331, 13, 95, Status.SNAKE, 0.01
8332, 5, 34, Status.SNAKE, 0.01
8333, 1, 3, Status.SNAKE, 0.01
8334, 5, 19, Status.SNAKE, 0.01
8335, 11, 73, Status.SNAKE, 0.01
8336, 5, 27, Status.SNAKE, 0.01
8337, 4, 32, Status.SNAKE, 0.01
8338, 11, 86, Status.SNAKE, 0.01
8339, 8, 39, Status.WALL, 0.01
8340, 12, 82, Status.SNAKE, 0.01
8341, 13, 70, Status.SNAKE, 0.01
8342, 11, 78, Status.SNAKE, 0.01
8343, 7, 59, Status.SNAKE, 0.01
8344, 16, 144, Status.SNAKE, 0.01
8345, 9, 75, Status.SNAKE, 0.01
8346, 12, 103, Status.SNAKE, 0.01
8347, 7, 37, Status.SNAKE, 0.01
8348, 9, 81, Status.SNAKE, 0.01
8349, 15, 95, Status.SNAKE, 0.01
8350, 2, 8, Status.WALL, 0.01
8351, 5, 25, Status.WALL, 0.01
8352, 11, 72, Status.SNAKE, 0.01
8353, 13, 94, Status.SNAKE, 0.01
8354, 12, 81, Status.WALL, 0.01
8355, 5, 32, Status.SNAKE, 0.01
8356, 7, 49, Status.SNAKE, 0.01
8357, 5, 24, Status.WALL, 0.01
8358, 8, 37, Status.SNAKE, 0.01
8359, 8, 54, Status.WALL, 0.01
8360, 13, 95, Status.SNAKE, 0.01
8361, 3, 24, Status.SNAKE, 0.01
8362, 3, 14, Status.WALL, 0.01
8363, 3, 21, Status.SNAKE, 0.01
8364, 7, 56, Status.SNAKE, 0.01
8365, 8, 57, Status.SNAKE, 0.01
8366, 11, 85, Status.SNAKE, 0.01
8367, 14, 119, Status.SNAKE, 0.01
8368, 15, 117, Status.SNAKE, 0.01
8369, 9, 41, Status.SNAKE, 0.01
8370, 8, 33, Status.SNAKE, 0.01
8371, 8, 56, Status.SNAKE, 0.01
8372, 10, 84, Status.SNAKE, 0.01
8373, 10, 67, Status.SNAKE, 0.01
8374, 6, 36, Status.SNAKE, 0.01
8375, 7, 27, Status.SNAKE, 0.01
8376, 9, 65, Status.SNAKE, 0.01
8377, 10, 69, Status.SNAKE, 0.01
8378, 8, 50, Status.SNAKE, 0.01
8379, 7, 39, Status.SNAKE, 0.01
8380, 7, 62, Status.SNAKE, 0.01
8381, 5, 31, Status.SNAKE, 0.01
8382, 11, 82, Status.SNAKE, 0.01
8383, 15, 73, Status.SNAKE, 0.01
8384, 13, 77, Status.SNAKE, 0.01
8385, 8, 47, Status.SNAKE, 0.01
8386, 15, 90, Status.SNAKE, 0.01
8387, 9, 83, Status.SNAKE, 0.01
8388, 8, 78, Status.SNAKE, 0.01
8389, 2, 8, Status.WALL, 0.01
8390, 2, 9, Status.SNAKE, 0.01
8391, 12, 93, Status.SNAKE, 0.01
8392, 9, 63, Status.SNAKE, 0.01
8393, 12, 100, Status.SNAKE, 0.01
8394, 12, 92, Status.SNAKE, 0.01
8395, 3, 26, Status.SNAKE, 0.01
8396, 6, 39, Status.SNAKE, 0.01
8397, 7, 50, Status.SNAKE, 0.01
8398, 8, 53, Status.SNAKE, 0.01
8399, 13, 110, Status.SNAKE, 0.01
8400, 16, 97, Status.SNAKE, 0.01
8401, 11, 72, Status.SNAKE, 0.01
8402, 5, 30, Status.SNAKE, 0.01
8403, 11, 85, Status.SNAKE, 0.01
8404, 7, 59, Status.WALL, 0.01
8405, 7, 57, Status.SNAKE, 0.01
8406, 2, 11, Status.WALL, 0.01
8407, 11, 81, Status.SNAKE, 0.01
8408, 9, 53, Status.WALL, 0.01
8409, 3, 26, Status.SNAKE, 0.01
8410, 8, 51, Status.SNAKE, 0.01
8411, 1, 9, Status.WALL, 0.01
8412, 1, 10, Status.WALL, 0.01
8413, 13, 102, Status.WALL, 0.01
8414, 1, 6, Status.WALL, 0.01
8415, 11, 70, Status.WALL, 0.01
8416, 2, 6, Status.WALL, 0.01
8417, 3, 20, Status.WALL, 0.01
8418, 5, 33, Status.SNAKE, 0.01
8419, 8, 57, Status.WALL, 0.01
8420, 11, 83, Status.SNAKE, 0.01
8421, 5, 28, Status.SNAKE, 0.01
8422, 13, 75, Status.SNAKE, 0.01
8423, 3, 27, Status.WALL, 0.01
8424, 7, 31, Status.SNAKE, 0.01
8425, 4, 34, Status.WALL, 0.01
8426, 2, 12, Status.SNAKE, 0.01
8427, 7, 47, Status.SNAKE, 0.01
8428, 10, 72, Status.SNAKE, 0.01
8429, 16, 111, Status.SNAKE, 0.01
8430, 5, 27, Status.SNAKE, 0.01
8431, 1, 9, Status.WALL, 0.01
8432, 9, 55, Status.SNAKE, 0.01
8433, 1, 6, Status.SNAKE, 0.01
8434, 11, 85, Status.SNAKE, 0.01
8435, 7, 51, Status.SNAKE, 0.01
8436, 10, 67, Status.SNAKE, 0.01
8437, 2, 19, Status.WALL, 0.01
8438, 9, 84, Status.WALL, 0.01
8439, 6, 46, Status.SNAKE, 0.01
8440, 1, 8, Status.SNAKE, 0.01
8441, 3, 45, Status.SNAKE, 0.01
8442, 6, 37, Status.SNAKE, 0.01
8443, 14, 107, Status.WALL, 0.01
8444, 19, 113, Status.SNAKE, 0.01
8445, 3, 23, Status.WALL, 0.01
8446, 12, 69, Status.SNAKE, 0.01
8447, 8, 48, Status.SNAKE, 0.01
8448, 6, 59, Status.SNAKE, 0.01
8449, 16, 105, Status.SNAKE, 0.01
8450, 8, 57, Status.SNAKE, 0.01
8451, 7, 44, Status.SNAKE, 0.01
8452, 7, 28, Status.WALL, 0.01
8453, 5, 37, Status.SNAKE, 0.01
8454, 10, 72, Status.SNAKE, 0.01
8455, 8, 68, Status.WALL, 0.01
8456, 12, 82, Status.WALL, 0.01
8457, 7, 45, Status.WALL, 0.01
8458, 13, 75, Status.SNAKE, 0.01
8459, 6, 29, Status.WALL, 0.01
8460, 6, 37, Status.WALL, 0.01
8461, 3, 20, Status.SNAKE, 0.01
8462, 2, 33, Status.SNAKE, 0.01
8463, 3, 23, Status.WALL, 0.01
8464, 6, 52, Status.SNAKE, 0.01
8465, 6, 50, Status.SNAKE, 0.01
8466, 6, 48, Status.SNAKE, 0.01
8467, 5, 37, Status.SNAKE, 0.01
8468, 5, 40, Status.SNAKE, 0.01
8469, 5, 41, Status.SNAKE, 0.01
8470, 3, 23, Status.SNAKE, 0.01
8471, 12, 89, Status.SNAKE, 0.01
8472, 9, 62, Status.SNAKE, 0.01
8473, 18, 149, Status.WALL, 0.01
8474, 8, 71, Status.SNAKE, 0.01
8475, 9, 48, Status.SNAKE, 0.01
8476, 15, 116, Status.SNAKE, 0.01
8477, 8, 87, Status.SNAKE, 0.01
8478, 12, 92, Status.SNAKE, 0.01
8479, 16, 115, Status.WALL, 0.01
8480, 11, 89, Status.SNAKE, 0.01
8481, 7, 49, Status.SNAKE, 0.01
8482, 13, 89, Status.WALL, 0.01
8483, 14, 114, Status.SNAKE, 0.01
8484, 1, 6, Status.SNAKE, 0.01
8485, 11, 72, Status.SNAKE, 0.01
8486, 4, 23, Status.SNAKE, 0.01
8487, 16, 87, Status.SNAKE, 0.01
8488, 15, 106, Status.SNAKE, 0.01
8489, 1, 8, Status.WALL, 0.01
8490, 7, 47, Status.SNAKE, 0.01
8491, 13, 109, Status.SNAKE, 0.01
8492, 13, 100, Status.WALL, 0.01
8493, 5, 21, Status.SNAKE, 0.01
8494, 14, 96, Status.WALL, 0.01
8495, 15, 88, Status.SNAKE, 0.01
8496, 6, 50, Status.SNAKE, 0.01
8497, 2, 18, Status.SNAKE, 0.01
8498, 11, 80, Status.SNAKE, 0.01
8499, 1, 7, Status.SNAKE, 0.01
8500, 22, 147, Status.SNAKE, 0.01
8501, 10, 84, Status.SNAKE, 0.01
8502, 2, 14, Status.SNAKE, 0.01
8503, 8, 52, Status.SNAKE, 0.01
8504, 13, 83, Status.SNAKE, 0.01
8505, 16, 114, Status.WALL, 0.01
8506, 2, 15, Status.SNAKE, 0.01
8507, 13, 101, Status.SNAKE, 0.01
8508, 14, 139, Status.SNAKE, 0.01
8509, 20, 111, Status.SNAKE, 0.01
8510, 16, 130, Status.SNAKE, 0.01
8511, 8, 72, Status.WALL, 0.01
8512, 6, 66, Status.SNAKE, 0.01
8513, 16, 118, Status.SNAKE, 0.01
8514, 7, 42, Status.SNAKE, 0.01
8515, 13, 66, Status.SNAKE, 0.01
8516, 12, 117, Status.SNAKE, 0.01
8517, 2, 22, Status.SNAKE, 0.01
8518, 17, 123, Status.SNAKE, 0.01
8519, 3, 28, Status.WALL, 0.01
8520, 10, 84, Status.SNAKE, 0.01
8521, 2, 17, Status.SNAKE, 0.01
8522, 4, 36, Status.WALL, 0.01
8523, 1, 5, Status.SNAKE, 0.01
8524, 7, 47, Status.WALL, 0.01
8525, 18, 135, Status.SNAKE, 0.01
8526, 5, 38, Status.SNAKE, 0.01
8527, 16, 114, Status.SNAKE, 0.01
8528, 12, 78, Status.SNAKE, 0.01
8529, 12, 88, Status.SNAKE, 0.01
8530, 10, 69, Status.SNAKE, 0.01
8531, 15, 114, Status.SNAKE, 0.01
8532, 7, 37, Status.SNAKE, 0.01
8533, 8, 46, Status.SNAKE, 0.01
8534, 16, 116, Status.SNAKE, 0.01
8535, 5, 50, Status.WALL, 0.01
8536, 15, 101, Status.WALL, 0.01
8537, 7, 41, Status.SNAKE, 0.01
8538, 11, 80, Status.WALL, 0.01
8539, 10, 77, Status.WALL, 0.01
8540, 12, 86, Status.WALL, 0.01
8541, 15, 94, Status.SNAKE, 0.01
8542, 13, 92, Status.SNAKE, 0.01
8543, 8, 58, Status.SNAKE, 0.01
8544, 11, 86, Status.WALL, 0.01
8545, 6, 47, Status.WALL, 0.01
8546, 15, 115, Status.SNAKE, 0.01
8547, 4, 36, Status.SNAKE, 0.01
8548, 17, 140, Status.WALL, 0.01
8549, 6, 44, Status.SNAKE, 0.01
8550, 7, 43, Status.SNAKE, 0.01
8551, 8, 53, Status.WALL, 0.01
8552, 12, 100, Status.SNAKE, 0.01
8553, 4, 22, Status.SNAKE, 0.01
8554, 4, 25, Status.SNAKE, 0.01
8555, 12, 68, Status.SNAKE, 0.01
8556, 7, 49, Status.WALL, 0.01
8557, 28, 194, Status.WALL, 0.01
8558, 15, 104, Status.SNAKE, 0.01
8559, 1, 8, Status.WALL, 0.01
8560, 11, 67, Status.SNAKE, 0.01
8561, 5, 34, Status.WALL, 0.01
8562, 8, 51, Status.SNAKE, 0.01
8563, 11, 66, Status.SNAKE, 0.01
8564, 13, 53, Status.SNAKE, 0.01
8565, 4, 36, Status.SNAKE, 0.01
8566, 15, 119, Status.SNAKE, 0.01
8567, 5, 37, Status.SNAKE, 0.01
8568, 5, 38, Status.SNAKE, 0.01
8569, 16, 130, Status.SNAKE, 0.01
8570, 2, 22, Status.WALL, 0.01
8571, 11, 65, Status.SNAKE, 0.01
8572, 13, 76, Status.SNAKE, 0.01
8573, 7, 52, Status.SNAKE, 0.01
8574, 8, 64, Status.SNAKE, 0.01
8575, 7, 53, Status.SNAKE, 0.01
8576, 7, 56, Status.SNAKE, 0.01
8577, 2, 19, Status.WALL, 0.01
8578, 6, 43, Status.SNAKE, 0.01
8579, 8, 47, Status.SNAKE, 0.01
8580, 6, 51, Status.SNAKE, 0.01
8581, 12, 86, Status.SNAKE, 0.01
8582, 6, 34, Status.SNAKE, 0.01
8583, 6, 37, Status.SNAKE, 0.01
8584, 5, 43, Status.SNAKE, 0.01
8585, 5, 40, Status.SNAKE, 0.01
8586, 12, 74, Status.WALL, 0.01
8587, 10, 58, Status.SNAKE, 0.01
8588, 8, 37, Status.SNAKE, 0.01
8589, 4, 31, Status.WALL, 0.01
8590, 12, 52, Status.SNAKE, 0.01
8591, 7, 48, Status.SNAKE, 0.01
8592, 8, 74, Status.SNAKE, 0.01
8593, 11, 55, Status.SNAKE, 0.01
8594, 9, 51, Status.SNAKE, 0.01
8595, 13, 85, Status.SNAKE, 0.01
8596, 12, 126, Status.SNAKE, 0.01
8597, 18, 137, Status.SNAKE, 0.01
8598, 13, 103, Status.SNAKE, 0.01
8599, 4, 37, Status.WALL, 0.01
8600, 6, 48, Status.SNAKE, 0.01
8601, 14, 70, Status.SNAKE, 0.01
8602, 11, 69, Status.SNAKE, 0.01
8603, 3, 20, Status.SNAKE, 0.01
8604, 5, 41, Status.SNAKE, 0.01
8605, 15, 87, Status.WALL, 0.01
8606, 9, 74, Status.SNAKE, 0.01
8607, 3, 14, Status.SNAKE, 0.01
8608, 7, 36, Status.SNAKE, 0.01
8609, 7, 60, Status.SNAKE, 0.01
8610, 5, 27, Status.SNAKE, 0.01
8611, 6, 46, Status.SNAKE, 0.01
8612, 4, 31, Status.WALL, 0.01
8613, 3, 8, Status.SNAKE, 0.01
8614, 9, 57, Status.SNAKE, 0.01
8615, 7, 46, Status.SNAKE, 0.01
8616, 6, 40, Status.SNAKE, 0.01
8617, 17, 114, Status.SNAKE, 0.01
8618, 16, 86, Status.WALL, 0.01
8619, 8, 53, Status.SNAKE, 0.01
8620, 6, 41, Status.SNAKE, 0.01
8621, 9, 86, Status.SNAKE, 0.01
8622, 14, 122, Status.SNAKE, 0.01
8623, 6, 30, Status.SNAKE, 0.01
8624, 10, 66, Status.SNAKE, 0.01
8625, 12, 74, Status.WALL, 0.01
8626, 1, 6, Status.WALL, 0.01
8627, 16, 125, Status.WALL, 0.01
8628, 14, 119, Status.SNAKE, 0.01
8629, 10, 84, Status.SNAKE, 0.01
8630, 12, 73, Status.SNAKE, 0.01
8631, 5, 27, Status.SNAKE, 0.01
8632, 10, 83, Status.SNAKE, 0.01
8633, 6, 42, Status.SNAKE, 0.01
8634, 6, 35, Status.SNAKE, 0.01
8635, 9, 51, Status.SNAKE, 0.01
8636, 2, 15, Status.SNAKE, 0.01
8637, 3, 12, Status.SNAKE, 0.01
8638, 7, 48, Status.SNAKE, 0.01
8639, 5, 30, Status.SNAKE, 0.01
8640, 5, 41, Status.SNAKE, 0.01
8641, 4, 26, Status.SNAKE, 0.01
8642, 8, 41, Status.WALL, 0.01
8643, 4, 25, Status.WALL, 0.01
8644, 13, 65, Status.SNAKE, 0.01
8645, 20, 146, Status.SNAKE, 0.01
8646, 3, 28, Status.SNAKE, 0.01
8647, 8, 59, Status.SNAKE, 0.01
8648, 18, 141, Status.SNAKE, 0.01
8649, 10, 82, Status.SNAKE, 0.01
8650, 6, 39, Status.SNAKE, 0.01
8651, 5, 40, Status.WALL, 0.01
8652, 7, 56, Status.SNAKE, 0.01
8653, 6, 52, Status.WALL, 0.01
8654, 17, 121, Status.SNAKE, 0.01
8655, 14, 93, Status.SNAKE, 0.01
8656, 7, 46, Status.SNAKE, 0.01
8657, 12, 92, Status.SNAKE, 0.01
8658, 8, 47, Status.SNAKE, 0.01
8659, 10, 55, Status.SNAKE, 0.01
8660, 7, 53, Status.WALL, 0.01
8661, 17, 98, Status.SNAKE, 0.01
8662, 4, 23, Status.SNAKE, 0.01
8663, 7, 50, Status.SNAKE, 0.01
8664, 10, 83, Status.SNAKE, 0.01
8665, 9, 58, Status.SNAKE, 0.01
8666, 5, 34, Status.SNAKE, 0.01
8667, 9, 54, Status.SNAKE, 0.01
8668, 22, 133, Status.SNAKE, 0.01
8669, 7, 50, Status.SNAKE, 0.01
8670, 2, 11, Status.SNAKE, 0.01
8671, 3, 17, Status.SNAKE, 0.01
8672, 5, 23, Status.SNAKE, 0.01
8673, 5, 26, Status.SNAKE, 0.01
8674, 13, 83, Status.SNAKE, 0.01
8675, 7, 42, Status.WALL, 0.01
8676, 12, 92, Status.SNAKE, 0.01
8677, 12, 95, Status.SNAKE, 0.01
8678, 7, 72, Status.SNAKE, 0.01
8679, 17, 125, Status.WALL, 0.01
8680, 5, 33, Status.SNAKE, 0.01
8681, 3, 20, Status.WALL, 0.01
8682, 14, 106, Status.SNAKE, 0.01
8683, 13, 83, Status.WALL, 0.01
8684, 16, 86, Status.SNAKE, 0.01
8685, 9, 72, Status.SNAKE, 0.01
8686, 12, 107, Status.SNAKE, 0.01
8687, 20, 160, Status.SNAKE, 0.01
8688, 5, 39, Status.WALL, 0.01
8689, 16, 92, Status.SNAKE, 0.01
8690, 6, 40, Status.WALL, 0.01
8691, 10, 65, Status.SNAKE, 0.01
8692, 14, 93, Status.SNAKE, 0.01
8693, 13, 91, Status.WALL, 0.01
8694, 2, 23, Status.WALL, 0.01
8695, 7, 59, Status.SNAKE, 0.01
8696, 8, 54, Status.SNAKE, 0.01
8697, 8, 63, Status.SNAKE, 0.01
8698, 9, 69, Status.SNAKE, 0.01
8699, 8, 64, Status.SNAKE, 0.01
8700, 3, 20, Status.SNAKE, 0.01
8701, 7, 58, Status.SNAKE, 0.01
8702, 4, 35, Status.WALL, 0.01
8703, 5, 33, Status.WALL, 0.01
8704, 8, 47, Status.SNAKE, 0.01
8705, 10, 73, Status.SNAKE, 0.01
8706, 5, 40, Status.WALL, 0.01
8707, 8, 48, Status.SNAKE, 0.01
8708, 1, 6, Status.SNAKE, 0.01
8709, 9, 65, Status.SNAKE, 0.01
8710, 8, 54, Status.SNAKE, 0.01
8711, 15, 119, Status.SNAKE, 0.01
8712, 10, 67, Status.SNAKE, 0.01
8713, 13, 75, Status.SNAKE, 0.01
8714, 14, 84, Status.SNAKE, 0.01
8715, 10, 85, Status.WALL, 0.01
8716, 3, 26, Status.WALL, 0.01
8717, 15, 102, Status.WALL, 0.01
8718, 9, 62, Status.SNAKE, 0.01
8719, 13, 94, Status.SNAKE, 0.01
8720, 6, 34, Status.SNAKE, 0.01
8721, 11, 69, Status.SNAKE, 0.01
8722, 14, 76, Status.WALL, 0.01
8723, 2, 16, Status.WALL, 0.01
8724, 6, 36, Status.SNAKE, 0.01
8725, 13, 76, Status.SNAKE, 0.01
8726, 10, 68, Status.WALL, 0.01
8727, 3, 24, Status.SNAKE, 0.01
8728, 10, 73, Status.SNAKE, 0.01
8729, 17, 113, Status.WALL, 0.01
8730, 3, 18, Status.SNAKE, 0.01
8731, 1, 5, Status.SNAKE, 0.01
8732, 4, 40, Status.WALL, 0.01
8733, 5, 38, Status.SNAKE, 0.01
8734, 13, 110, Status.SNAKE, 0.01
8735, 10, 68, Status.WALL, 0.01
8736, 5, 25, Status.SNAKE, 0.01
8737, 7, 43, Status.SNAKE, 0.01
8738, 5, 28, Status.SNAKE, 0.01
8739, 5, 36, Status.SNAKE, 0.01
8740, 16, 117, Status.WALL, 0.01
8741, 7, 48, Status.SNAKE, 0.01
8742, 3, 25, Status.SNAKE, 0.01
8743, 3, 17, Status.WALL, 0.01
8744, 15, 101, Status.WALL, 0.01
8745, 8, 51, Status.WALL, 0.01
8746, 1, 7, Status.WALL, 0.01
8747, 7, 35, Status.SNAKE, 0.01
8748, 10, 74, Status.SNAKE, 0.01
8749, 4, 20, Status.SNAKE, 0.01
8750, 9, 66, Status.SNAKE, 0.01
8751, 12, 66, Status.SNAKE, 0.01
8752, 15, 109, Status.WALL, 0.01
8753, 9, 50, Status.SNAKE, 0.01
8754, 11, 68, Status.SNAKE, 0.01
8755, 5, 43, Status.SNAKE, 0.01
8756, 9, 77, Status.SNAKE, 0.01
8757, 16, 116, Status.WALL, 0.01
8758, 5, 42, Status.SNAKE, 0.01
8759, 8, 58, Status.SNAKE, 0.01
8760, 15, 110, Status.SNAKE, 0.01
8761, 17, 130, Status.SNAKE, 0.01
8762, 11, 87, Status.SNAKE, 0.01
8763, 8, 65, Status.SNAKE, 0.01
8764, 6, 40, Status.SNAKE, 0.01
8765, 16, 110, Status.SNAKE, 0.01
8766, 4, 15, Status.WALL, 0.01
8767, 3, 18, Status.SNAKE, 0.01
8768, 12, 79, Status.SNAKE, 0.01
8769, 7, 40, Status.SNAKE, 0.01
8770, 15, 106, Status.SNAKE, 0.01
8771, 1, 10, Status.WALL, 0.01
8772, 10, 81, Status.WALL, 0.01
8773, 13, 81, Status.WALL, 0.01
8774, 9, 44, Status.SNAKE, 0.01
8775, 1, 15, Status.WALL, 0.01
8776, 13, 78, Status.SNAKE, 0.01
8777, 4, 27, Status.SNAKE, 0.01
8778, 10, 77, Status.SNAKE, 0.01
8779, 9, 53, Status.SNAKE, 0.01
8780, 15, 104, Status.SNAKE, 0.01
8781, 4, 16, Status.SNAKE, 0.01
8782, 8, 69, Status.SNAKE, 0.01
8783, 11, 78, Status.SNAKE, 0.01
8784, 1, 3, Status.SNAKE, 0.01
8785, 9, 66, Status.SNAKE, 0.01
8786, 14, 111, Status.SNAKE, 0.01
8787, 7, 65, Status.SNAKE, 0.01
8788, 6, 30, Status.WALL, 0.01
8789, 6, 37, Status.WALL, 0.01
8790, 14, 95, Status.SNAKE, 0.01
8791, 12, 82, Status.SNAKE, 0.01
8792, 1, 11, Status.WALL, 0.01
8793, 15, 122, Status.SNAKE, 0.01
8794, 11, 71, Status.SNAKE, 0.01
8795, 9, 71, Status.SNAKE, 0.01
8796, 1, 5, Status.SNAKE, 0.01
8797, 20, 119, Status.SNAKE, 0.01
8798, 14, 85, Status.SNAKE, 0.01
8799, 13, 97, Status.SNAKE, 0.01
8800, 10, 66, Status.SNAKE, 0.01
8801, 11, 90, Status.SNAKE, 0.01
8802, 15, 105, Status.SNAKE, 0.01
8803, 13, 79, Status.SNAKE, 0.01
8804, 12, 93, Status.WALL, 0.01
8805, 8, 54, Status.SNAKE, 0.01
8806, 4, 31, Status.SNAKE, 0.01
8807, 5, 29, Status.SNAKE, 0.01
8808, 11, 58, Status.SNAKE, 0.01
8809, 16, 135, Status.SNAKE, 0.01
8810, 8, 54, Status.SNAKE, 0.01
8811, 13, 99, Status.SNAKE, 0.01
8812, 2, 10, Status.WALL, 0.01
8813, 6, 35, Status.SNAKE, 0.01
8814, 10, 80, Status.SNAKE, 0.01
8815, 8, 47, Status.SNAKE, 0.01
8816, 17, 114, Status.SNAKE, 0.01
8817, 4, 43, Status.WALL, 0.01
8818, 5, 22, Status.SNAKE, 0.01
8819, 1, 3, Status.SNAKE, 0.01
8820, 1, 5, Status.SNAKE, 0.01
8821, 11, 88, Status.SNAKE, 0.01
8822, 6, 45, Status.WALL, 0.01
8823, 10, 57, Status.SNAKE, 0.01
8824, 9, 56, Status.SNAKE, 0.01
8825, 16, 97, Status.SNAKE, 0.01
8826, 10, 63, Status.SNAKE, 0.01
8827, 1, 8, Status.SNAKE, 0.01
8828, 11, 84, Status.SNAKE, 0.01
8829, 1, 7, Status.WALL, 0.01
8830, 8, 41, Status.WALL, 0.01
8831, 13, 90, Status.SNAKE, 0.01
8832, 17, 98, Status.SNAKE, 0.01
8833, 11, 73, Status.SNAKE, 0.01
8834, 14, 128, Status.WALL, 0.01
8835, 5, 32, Status.SNAKE, 0.01
8836, 9, 87, Status.SNAKE, 0.01
8837, 11, 73, Status.WALL, 0.01
8838, 5, 35, Status.SNAKE, 0.01
8839, 1, 9, Status.SNAKE, 0.01
8840, 10, 68, Status.SNAKE, 0.01
8841, 8, 45, Status.SNAKE, 0.01
8842, 8, 59, Status.SNAKE, 0.01
8843, 16, 134, Status.SNAKE, 0.01
8844, 11, 73, Status.WALL, 0.01
8845, 16, 132, Status.SNAKE, 0.01
8846, 4, 29, Status.SNAKE, 0.01
8847, 8, 56, Status.SNAKE, 0.01
8848, 13, 76, Status.SNAKE, 0.01
8849, 4, 16, Status.SNAKE, 0.01
8850, 14, 77, Status.SNAKE, 0.01
8851, 6, 38, Status.SNAKE, 0.01
8852, 9, 59, Status.SNAKE, 0.01
8853, 9, 55, Status.SNAKE, 0.01
8854, 5, 19, Status.SNAKE, 0.01
8855, 8, 57, Status.SNAKE, 0.01
8856, 7, 67, Status.SNAKE, 0.01
8857, 10, 58, Status.SNAKE, 0.01
8858, 5, 25, Status.SNAKE, 0.01
8859, 10, 69, Status.SNAKE, 0.01
8860, 9, 67, Status.SNAKE, 0.01
8861, 8, 54, Status.SNAKE, 0.01
8862, 7, 34, Status.SNAKE, 0.01
8863, 6, 48, Status.SNAKE, 0.01
8864, 5, 24, Status.WALL, 0.01
8865, 15, 145, Status.SNAKE, 0.01
8866, 6, 34, Status.SNAKE, 0.01
8867, 1, 5, Status.SNAKE, 0.01
8868, 3, 24, Status.SNAKE, 0.01
8869, 14, 87, Status.SNAKE, 0.01
8870, 8, 57, Status.SNAKE, 0.01
8871, 5, 36, Status.SNAKE, 0.01
8872, 6, 51, Status.SNAKE, 0.01
8873, 4, 34, Status.SNAKE, 0.01
8874, 13, 49, Status.WALL, 0.01
8875, 16, 92, Status.SNAKE, 0.01
8876, 3, 24, Status.SNAKE, 0.01
8877, 8, 66, Status.WALL, 0.01
8878, 16, 91, Status.SNAKE, 0.01
8879, 5, 36, Status.WALL, 0.01
8880, 10, 70, Status.SNAKE, 0.01
8881, 8, 54, Status.SNAKE, 0.01
8882, 10, 63, Status.WALL, 0.01
8883, 2, 17, Status.WALL, 0.01
8884, 6, 36, Status.SNAKE, 0.01
8885, 2, 14, Status.SNAKE, 0.01
8886, 2, 10, Status.WALL, 0.01
8887, 3, 18, Status.SNAKE, 0.01
8888, 1, 9, Status.WALL, 0.01
8889, 9, 53, Status.SNAKE, 0.01
8890, 14, 121, Status.SNAKE, 0.01
8891, 13, 55, Status.SNAKE, 0.01
8892, 20, 154, Status.SNAKE, 0.01
8893, 4, 20, Status.WALL, 0.01
8894, 12, 88, Status.WALL, 0.01
8895, 5, 39, Status.SNAKE, 0.01
8896, 9, 80, Status.SNAKE, 0.01
8897, 13, 79, Status.SNAKE, 0.01
8898, 11, 68, Status.SNAKE, 0.01
8899, 1, 5, Status.SNAKE, 0.01
8900, 10, 73, Status.SNAKE, 0.01
8901, 2, 11, Status.WALL, 0.01
8902, 6, 53, Status.SNAKE, 0.01
8903, 7, 57, Status.WALL, 0.01
8904, 5, 52, Status.SNAKE, 0.01
8905, 5, 40, Status.SNAKE, 0.01
8906, 9, 54, Status.SNAKE, 0.01
8907, 5, 36, Status.WALL, 0.01
8908, 11, 91, Status.WALL, 0.01
8909, 2, 21, Status.SNAKE, 0.01
8910, 7, 45, Status.SNAKE, 0.01
8911, 3, 25, Status.SNAKE, 0.01
8912, 3, 12, Status.SNAKE, 0.01
8913, 7, 37, Status.SNAKE, 0.01
8914, 12, 77, Status.WALL, 0.01
8915, 5, 26, Status.WALL, 0.01
8916, 4, 26, Status.WALL, 0.01
8917, 3, 21, Status.SNAKE, 0.01
8918, 9, 49, Status.SNAKE, 0.01
8919, 8, 64, Status.SNAKE, 0.01
8920, 5, 23, Status.SNAKE, 0.01
8921, 6, 47, Status.SNAKE, 0.01
8922, 8, 58, Status.SNAKE, 0.01
8923, 13, 91, Status.WALL, 0.01
8924, 11, 91, Status.SNAKE, 0.01
8925, 6, 44, Status.SNAKE, 0.01
8926, 11, 77, Status.SNAKE, 0.01
8927, 6, 29, Status.SNAKE, 0.01
8928, 15, 94, Status.WALL, 0.01
8929, 4, 19, Status.SNAKE, 0.01
8930, 5, 21, Status.SNAKE, 0.01
8931, 4, 29, Status.SNAKE, 0.01
8932, 5, 35, Status.SNAKE, 0.01
8933, 3, 15, Status.SNAKE, 0.01
8934, 15, 105, Status.SNAKE, 0.01
8935, 12, 88, Status.WALL, 0.01
8936, 20, 152, Status.SNAKE, 0.01
8937, 4, 26, Status.SNAKE, 0.01
8938, 10, 65, Status.SNAKE, 0.01
8939, 3, 18, Status.SNAKE, 0.01
8940, 7, 36, Status.SNAKE, 0.01
8941, 10, 51, Status.WALL, 0.01
8942, 16, 104, Status.SNAKE, 0.01
8943, 9, 56, Status.SNAKE, 0.01
8944, 13, 93, Status.SNAKE, 0.01
8945, 23, 149, Status.SNAKE, 0.01
8946, 1, 6, Status.SNAKE, 0.01
8947, 8, 52, Status.SNAKE, 0.01
8948, 13, 82, Status.SNAKE, 0.01
8949, 3, 24, Status.WALL, 0.01
8950, 12, 81, Status.SNAKE, 0.01
8951, 6, 37, Status.SNAKE, 0.01
8952, 10, 64, Status.SNAKE, 0.01
8953, 14, 91, Status.SNAKE, 0.01
8954, 5, 27, Status.SNAKE, 0.01
8955, 9, 67, Status.SNAKE, 0.01
8956, 12, 80, Status.SNAKE, 0.01
8957, 4, 35, Status.SNAKE, 0.01
8958, 2, 14, Status.SNAKE, 0.01
8959, 10, 93, Status.SNAKE, 0.01
8960, 8, 61, Status.SNAKE, 0.01
8961, 8, 47, Status.SNAKE, 0.01
8962, 3, 24, Status.SNAKE, 0.01
8963, 12, 113, Status.WALL, 0.01
8964, 4, 35, Status.WALL, 0.01
8965, 21, 127, Status.SNAKE, 0.01
8966, 10, 74, Status.SNAKE, 0.01
8967, 13, 108, Status.SNAKE, 0.01
8968, 6, 49, Status.SNAKE, 0.01
8969, 7, 33, Status.SNAKE, 0.01
8970, 5, 39, Status.SNAKE, 0.01
8971, 10, 88, Status.SNAKE, 0.01
8972, 10, 71, Status.SNAKE, 0.01
8973, 12, 69, Status.SNAKE, 0.01
8974, 8, 52, Status.SNAKE, 0.01
8975, 11, 86, Status.SNAKE, 0.01
8976, 6, 47, Status.SNAKE, 0.01
8977, 9, 58, Status.SNAKE, 0.01
8978, 11, 108, Status.SNAKE, 0.01
8979, 8, 55, Status.SNAKE, 0.01
8980, 15, 91, Status.SNAKE, 0.01
8981, 2, 12, Status.WALL, 0.01
8982, 1, 6, Status.SNAKE, 0.01
8983, 8, 50, Status.WALL, 0.01
8984, 11, 69, Status.SNAKE, 0.01
8985, 7, 68, Status.SNAKE, 0.01
8986, 2, 8, Status.WALL, 0.01
8987, 11, 69, Status.SNAKE, 0.01
8988, 9, 61, Status.WALL, 0.01
8989, 6, 31, Status.SNAKE, 0.01
8990, 3, 13, Status.WALL, 0.01
8991, 13, 100, Status.SNAKE, 0.01
8992, 4, 22, Status.SNAKE, 0.01
8993, 1, 3, Status.SNAKE, 0.01
8994, 5, 45, Status.WALL, 0.01
8995, 11, 72, Status.SNAKE, 0.01
8996, 10, 75, Status.SNAKE, 0.01
8997, 11, 87, Status.SNAKE, 0.01
8998, 7, 46, Status.SNAKE, 0.01
8999, 6, 27, Status.SNAKE, 0.01
9000, 3, 20, Status.SNAKE, 0.01
9001, 7, 35, Status.WALL, 0.01
9002, 19, 110, Status.WALL, 0.01
9003, 16, 111, Status.SNAKE, 0.01
9004, 12, 97, Status.SNAKE, 0.01
9005, 4, 20, Status.WALL, 0.01
9006, 11, 104, Status.SNAKE, 0.01
9007, 10, 43, Status.SNAKE, 0.01
9008, 2, 15, Status.WALL, 0.01
9009, 6, 31, Status.SNAKE, 0.01
9010, 5, 34, Status.SNAKE, 0.01
9011, 9, 55, Status.WALL, 0.01
9012, 18, 111, Status.SNAKE, 0.01
9013, 10, 72, Status.SNAKE, 0.01
9014, 3, 18, Status.SNAKE, 0.01
9015, 8, 59, Status.SNAKE, 0.01
9016, 12, 63, Status.WALL, 0.01
9017, 8, 50, Status.SNAKE, 0.01
9018, 13, 74, Status.SNAKE, 0.01
9019, 15, 109, Status.SNAKE, 0.01
9020, 10, 56, Status.WALL, 0.01
9021, 8, 54, Status.SNAKE, 0.01
9022, 5, 42, Status.SNAKE, 0.01
9023, 4, 36, Status.WALL, 0.01
9024, 8, 37, Status.SNAKE, 0.01
9025, 12, 92, Status.SNAKE, 0.01
9026, 12, 79, Status.SNAKE, 0.01
9027, 3, 16, Status.SNAKE, 0.01
9028, 1, 9, Status.WALL, 0.01
9029, 14, 118, Status.SNAKE, 0.01
9030, 4, 40, Status.SNAKE, 0.01
9031, 8, 59, Status.SNAKE, 0.01
9032, 6, 52, Status.WALL, 0.01
9033, 12, 90, Status.SNAKE, 0.01
9034, 10, 71, Status.SNAKE, 0.01
9035, 15, 115, Status.WALL, 0.01
9036, 3, 15, Status.SNAKE, 0.01
9037, 15, 129, Status.SNAKE, 0.01
9038, 9, 61, Status.SNAKE, 0.01
9039, 6, 37, Status.SNAKE, 0.01
9040, 10, 85, Status.WALL, 0.01
9041, 1, 5, Status.SNAKE, 0.01
9042, 8, 64, Status.SNAKE, 0.01
9043, 16, 123, Status.SNAKE, 0.01
9044, 12, 109, Status.WALL, 0.01
9045, 4, 33, Status.SNAKE, 0.01
9046, 12, 103, Status.WALL, 0.01
9047, 4, 33, Status.WALL, 0.01
9048, 9, 58, Status.WALL, 0.01
9049, 12, 76, Status.SNAKE, 0.01
9050, 4, 32, Status.WALL, 0.01
9051, 3, 16, Status.SNAKE, 0.01
9052, 1, 8, Status.SNAKE, 0.01
9053, 6, 33, Status.SNAKE, 0.01
9054, 6, 45, Status.WALL, 0.01
9055, 13, 100, Status.SNAKE, 0.01
9056, 7, 68, Status.SNAKE, 0.01
9057, 10, 77, Status.SNAKE, 0.01
9058, 3, 8, Status.SNAKE, 0.01
9059, 3, 15, Status.SNAKE, 0.01
9060, 4, 28, Status.WALL, 0.01
9061, 10, 73, Status.WALL, 0.01
9062, 2, 16, Status.WALL, 0.01
9063, 5, 48, Status.SNAKE, 0.01
9064, 7, 47, Status.SNAKE, 0.01
9065, 12, 72, Status.SNAKE, 0.01
9066, 5, 39, Status.SNAKE, 0.01
9067, 13, 91, Status.WALL, 0.01
9068, 17, 87, Status.SNAKE, 0.01
9069, 8, 46, Status.WALL, 0.01
9070, 9, 60, Status.SNAKE, 0.01
9071, 8, 54, Status.WALL, 0.01
9072, 13, 79, Status.SNAKE, 0.01
9073, 12, 90, Status.SNAKE, 0.01
9074, 13, 95, Status.SNAKE, 0.01
9075, 6, 40, Status.SNAKE, 0.01
9076, 10, 48, Status.SNAKE, 0.01
9077, 15, 103, Status.SNAKE, 0.01
9078, 3, 14, Status.SNAKE, 0.01
9079, 15, 74, Status.SNAKE, 0.01
9080, 8, 48, Status.SNAKE, 0.01
9081, 1, 8, Status.SNAKE, 0.01
9082, 13, 90, Status.SNAKE, 0.01
9083, 3, 27, Status.SNAKE, 0.01
9084, 11, 96, Status.SNAKE, 0.01
9085, 15, 89, Status.SNAKE, 0.01
9086, 3, 17, Status.WALL, 0.01
9087, 1, 3, Status.SNAKE, 0.01
9088, 9, 67, Status.SNAKE, 0.01
9089, 8, 70, Status.WALL, 0.01
9090, 1, 3, Status.SNAKE, 0.01
9091, 5, 40, Status.WALL, 0.01
9092, 3, 25, Status.SNAKE, 0.01
9093, 9, 69, Status.SNAKE, 0.01
9094, 3, 23, Status.WALL, 0.01
9095, 4, 32, Status.SNAKE, 0.01
9096, 9, 55, Status.SNAKE, 0.01
9097, 5, 52, Status.SNAKE, 0.01
9098, 3, 20, Status.SNAKE, 0.01
9099, 13, 115, Status.WALL, 0.01
9100, 11, 75, Status.SNAKE, 0.01
9101, 3, 22, Status.SNAKE, 0.01
9102, 5, 36, Status.SNAKE, 0.01
9103, 7, 49, Status.SNAKE, 0.01
9104, 9, 68, Status.SNAKE, 0.01
9105, 6, 38, Status.SNAKE, 0.01
9106, 13, 105, Status.SNAKE, 0.01
9107, 9, 63, Status.SNAKE, 0.01
9108, 10, 75, Status.SNAKE, 0.01
9109, 12, 98, Status.SNAKE, 0.01
9110, 1, 7, Status.SNAKE, 0.01
9111, 5, 36, Status.WALL, 0.01
9112, 13, 88, Status.SNAKE, 0.01
9113, 8, 45, Status.SNAKE, 0.01
9114, 1, 7, Status.SNAKE, 0.01
9115, 9, 64, Status.SNAKE, 0.01
9116, 9, 81, Status.SNAKE, 0.01
9117, 10, 76, Status.SNAKE, 0.01
9118, 13, 98, Status.SNAKE, 0.01
9119, 1, 13, Status.WALL, 0.01
9120, 6, 39, Status.SNAKE, 0.01
9121, 6, 58, Status.WALL, 0.01
9122, 15, 109, Status.SNAKE, 0.01
9123, 5, 41, Status.SNAKE, 0.01
9124, 1, 8, Status.SNAKE, 0.01
9125, 5, 49, Status.SNAKE, 0.01
9126, 5, 26, Status.SNAKE, 0.01
9127, 13, 96, Status.SNAKE, 0.01
9128, 3, 31, Status.WALL, 0.01
9129, 6, 53, Status.SNAKE, 0.01
9130, 14, 70, Status.SNAKE, 0.01
9131, 16, 111, Status.SNAKE, 0.01
9132, 3, 24, Status.WALL, 0.01
9133, 9, 62, Status.WALL, 0.01
9134, 6, 28, Status.SNAKE, 0.01
9135, 9, 65, Status.SNAKE, 0.01
9136, 12, 84, Status.SNAKE, 0.01
9137, 13, 87, Status.SNAKE, 0.01
9138, 13, 87, Status.WALL, 0.01
9139, 12, 92, Status.SNAKE, 0.01
9140, 9, 56, Status.SNAKE, 0.01
9141, 14, 77, Status.SNAKE, 0.01
9142, 6, 45, Status.WALL, 0.01
9143, 6, 31, Status.SNAKE, 0.01
9144, 3, 20, Status.SNAKE, 0.01
9145, 6, 49, Status.SNAKE, 0.01
9146, 10, 66, Status.SNAKE, 0.01
9147, 14, 104, Status.SNAKE, 0.01
9148, 6, 20, Status.SNAKE, 0.01
9149, 17, 135, Status.SNAKE, 0.01
9150, 7, 39, Status.SNAKE, 0.01
9151, 16, 132, Status.WALL, 0.01
9152, 11, 59, Status.SNAKE, 0.01
9153, 11, 58, Status.WALL, 0.01
9154, 11, 46, Status.SNAKE, 0.01
9155, 17, 111, Status.WALL, 0.01
9156, 5, 45, Status.SNAKE, 0.01
9157, 16, 122, Status.SNAKE, 0.01
9158, 8, 50, Status.WALL, 0.01
9159, 8, 34, Status.SNAKE, 0.01
9160, 7, 47, Status.SNAKE, 0.01
9161, 8, 62, Status.SNAKE, 0.01
9162, 3, 26, Status.WALL, 0.01
9163, 14, 82, Status.SNAKE, 0.01
9164, 10, 60, Status.SNAKE, 0.01
9165, 7, 56, Status.SNAKE, 0.01
9166, 17, 130, Status.SNAKE, 0.01
9167, 14, 96, Status.SNAKE, 0.01
9168, 3, 24, Status.WALL, 0.01
9169, 9, 76, Status.WALL, 0.01
9170, 15, 91, Status.SNAKE, 0.01
9171, 6, 39, Status.SNAKE, 0.01
9172, 3, 24, Status.SNAKE, 0.01
9173, 7, 66, Status.WALL, 0.01
9174, 5, 40, Status.SNAKE, 0.01
9175, 12, 86, Status.SNAKE, 0.01
9176, 11, 88, Status.SNAKE, 0.01
9177, 12, 83, Status.SNAKE, 0.01
9178, 10, 61, Status.SNAKE, 0.01
9179, 7, 56, Status.SNAKE, 0.01
9180, 1, 5, Status.SNAKE, 0.01
9181, 7, 65, Status.SNAKE, 0.01
9182, 1, 4, Status.SNAKE, 0.01
9183, 12, 97, Status.WALL, 0.01
9184, 11, 65, Status.SNAKE, 0.01
9185, 7, 41, Status.WALL, 0.01
9186, 12, 72, Status.SNAKE, 0.01
9187, 15, 105, Status.SNAKE, 0.01
9188, 19, 127, Status.SNAKE, 0.01
9189, 16, 86, Status.SNAKE, 0.01
9190, 6, 46, Status.SNAKE, 0.01
9191, 15, 129, Status.SNAKE, 0.01
9192, 20, 144, Status.SNAKE, 0.01
9193, 7, 57, Status.SNAKE, 0.01
9194, 13, 83, Status.SNAKE, 0.01
9195, 11, 64, Status.SNAKE, 0.01
9196, 15, 84, Status.SNAKE, 0.01
9197, 5, 28, Status.SNAKE, 0.01
9198, 12, 89, Status.SNAKE, 0.01
9199, 3, 10, Status.SNAKE, 0.01
9200, 1, 6, Status.SNAKE, 0.01
9201, 14, 77, Status.SNAKE, 0.01
9202, 9, 52, Status.SNAKE, 0.01
9203, 3, 21, Status.SNAKE, 0.01
9204, 1, 10, Status.WALL, 0.01
9205, 5, 36, Status.SNAKE, 0.01
9206, 3, 12, Status.WALL, 0.01
9207, 6, 55, Status.SNAKE, 0.01
9208, 5, 35, Status.SNAKE, 0.01
9209, 9, 68, Status.SNAKE, 0.01
9210, 1, 3, Status.SNAKE, 0.01
9211, 14, 105, Status.WALL, 0.01
9212, 12, 79, Status.WALL, 0.01
9213, 16, 101, Status.SNAKE, 0.01
9214, 12, 69, Status.SNAKE, 0.01
9215, 9, 78, Status.SNAKE, 0.01
9216, 17, 134, Status.SNAKE, 0.01
9217, 15, 108, Status.SNAKE, 0.01
9218, 5, 42, Status.SNAKE, 0.01
9219, 10, 65, Status.SNAKE, 0.01
9220, 6, 34, Status.SNAKE, 0.01
9221, 7, 65, Status.SNAKE, 0.01
9222, 16, 110, Status.SNAKE, 0.01
9223, 5, 25, Status.SNAKE, 0.01
9224, 4, 29, Status.SNAKE, 0.01
9225, 15, 124, Status.WALL, 0.01
9226, 12, 88, Status.SNAKE, 0.01
9227, 13, 89, Status.WALL, 0.01
9228, 8, 78, Status.WALL, 0.01
9229, 10, 92, Status.SNAKE, 0.01
9230, 3, 11, Status.SNAKE, 0.01
9231, 7, 48, Status.SNAKE, 0.01
9232, 7, 47, Status.SNAKE, 0.01
9233, 17, 104, Status.WALL, 0.01
9234, 17, 121, Status.SNAKE, 0.01
9235, 5, 50, Status.SNAKE, 0.01
9236, 5, 37, Status.SNAKE, 0.01
9237, 8, 62, Status.SNAKE, 0.01
9238, 9, 65, Status.SNAKE, 0.01
9239, 9, 79, Status.SNAKE, 0.01
9240, 11, 80, Status.SNAKE, 0.01
9241, 1, 8, Status.SNAKE, 0.01
9242, 17, 144, Status.WALL, 0.01
9243, 13, 82, Status.SNAKE, 0.01
9244, 5, 38, Status.SNAKE, 0.01
9245, 18, 125, Status.SNAKE, 0.01
9246, 13, 71, Status.SNAKE, 0.01
9247, 7, 65, Status.SNAKE, 0.01
9248, 4, 37, Status.WALL, 0.01
9249, 9, 75, Status.SNAKE, 0.01
9250, 14, 96, Status.SNAKE, 0.01
9251, 1, 7, Status.WALL, 0.01
9252, 7, 42, Status.SNAKE, 0.01
9253, 11, 84, Status.SNAKE, 0.01
9254, 6, 43, Status.SNAKE, 0.01
9255, 8, 75, Status.SNAKE, 0.01
9256, 7, 36, Status.SNAKE, 0.01
9257, 1, 5, Status.SNAKE, 0.01
9258, 7, 54, Status.WALL, 0.01
9259, 6, 32, Status.SNAKE, 0.01
9260, 12, 69, Status.SNAKE, 0.01
9261, 2, 26, Status.WALL, 0.01
9262, 1, 7, Status.SNAKE, 0.01
9263, 8, 58, Status.WALL, 0.01
9264, 5, 24, Status.SNAKE, 0.01
9265, 3, 15, Status.WALL, 0.01
9266, 18, 141, Status.SNAKE, 0.01
9267, 14, 117, Status.SNAKE, 0.01
9268, 7, 36, Status.SNAKE, 0.01
9269, 5, 24, Status.WALL, 0.01
9270, 7, 38, Status.SNAKE, 0.01
9271, 5, 38, Status.SNAKE, 0.01
9272, 9, 71, Status.SNAKE, 0.01
9273, 20, 156, Status.WALL, 0.01
9274, 14, 90, Status.SNAKE, 0.01
9275, 3, 21, Status.WALL, 0.01
9276, 6, 46, Status.SNAKE, 0.01
9277, 13, 93, Status.SNAKE, 0.01
9278, 18, 130, Status.SNAKE, 0.01
9279, 10, 74, Status.SNAKE, 0.01
9280, 15, 114, Status.SNAKE, 0.01
9281, 7, 45, Status.SNAKE, 0.01
9282, 8, 65, Status.SNAKE, 0.01
9283, 17, 119, Status.SNAKE, 0.01
9284, 8, 57, Status.SNAKE, 0.01
9285, 11, 89, Status.SNAKE, 0.01
9286, 6, 41, Status.SNAKE, 0.01
9287, 10, 77, Status.SNAKE, 0.01
9288, 6, 50, Status.SNAKE, 0.01
9289, 17, 104, Status.SNAKE, 0.01
9290, 13, 85, Status.SNAKE, 0.01
9291, 7, 45, Status.SNAKE, 0.01
9292, 8, 51, Status.SNAKE, 0.01
9293, 14, 105, Status.SNAKE, 0.01
9294, 12, 89, Status.SNAKE, 0.01
9295, 10, 80, Status.SNAKE, 0.01
9296, 6, 39, Status.SNAKE, 0.01
9297, 9, 67, Status.SNAKE, 0.01
9298, 8, 39, Status.WALL, 0.01
9299, 1, 10, Status.WALL, 0.01
9300, 10, 69, Status.SNAKE, 0.01
9301, 8, 74, Status.SNAKE, 0.01
9302, 5, 32, Status.SNAKE, 0.01
9303, 12, 78, Status.SNAKE, 0.01
9304, 14, 100, Status.SNAKE, 0.01
9305, 7, 47, Status.SNAKE, 0.01
9306, 6, 34, Status.WALL, 0.01
9307, 9, 65, Status.SNAKE, 0.01
9308, 7, 32, Status.SNAKE, 0.01
9309, 13, 101, Status.SNAKE, 0.01
9310, 9, 50, Status.SNAKE, 0.01
9311, 9, 71, Status.SNAKE, 0.01
9312, 2, 15, Status.SNAKE, 0.01
9313, 4, 19, Status.SNAKE, 0.01
9314, 5, 35, Status.SNAKE, 0.01
9315, 7, 52, Status.SNAKE, 0.01
9316, 20, 132, Status.SNAKE, 0.01
9317, 15, 139, Status.WALL, 0.01
9318, 15, 98, Status.SNAKE, 0.01
9319, 6, 38, Status.SNAKE, 0.01
9320, 13, 82, Status.SNAKE, 0.01
9321, 2, 12, Status.SNAKE, 0.01
9322, 9, 70, Status.SNAKE, 0.01
9323, 8, 55, Status.WALL, 0.01
9324, 8, 46, Status.SNAKE, 0.01
9325, 8, 55, Status.SNAKE, 0.01
9326, 13, 83, Status.SNAKE, 0.01
9327, 10, 72, Status.WALL, 0.01
9328, 1, 9, Status.WALL, 0.01
9329, 16, 111, Status.SNAKE, 0.01
9330, 2, 20, Status.WALL, 0.01
9331, 12, 109, Status.SNAKE, 0.01
9332, 4, 30, Status.SNAKE, 0.01
9333, 7, 40, Status.SNAKE, 0.01
9334, 18, 97, Status.SNAKE, 0.01
9335, 7, 40, Status.WALL, 0.01
9336, 5, 33, Status.SNAKE, 0.01
9337, 7, 38, Status.WALL, 0.01
9338, 7, 54, Status.SNAKE, 0.01
9339, 6, 34, Status.SNAKE, 0.01
9340, 2, 13, Status.SNAKE, 0.01
9341, 12, 69, Status.SNAKE, 0.01
9342, 11, 84, Status.SNAKE, 0.01
9343, 2, 12, Status.WALL, 0.01
9344, 1, 8, Status.SNAKE, 0.01
9345, 0, 5, Status.WALL, 0.01
9346, 6, 41, Status.SNAKE, 0.01
9347, 1, 7, Status.WALL, 0.01
9348, 3, 22, Status.SNAKE, 0.01
9349, 4, 34, Status.SNAKE, 0.01
9350, 13, 101, Status.SNAKE, 0.01
9351, 9, 55, Status.WALL, 0.01
9352, 2, 18, Status.SNAKE, 0.01
9353, 10, 65, Status.SNAKE, 0.01
9354, 17, 128, Status.SNAKE, 0.01
9355, 3, 18, Status.SNAKE, 0.01
9356, 20, 175, Status.SNAKE, 0.01
9357, 3, 19, Status.SNAKE, 0.01
9358, 15, 100, Status.SNAKE, 0.01
9359, 7, 47, Status.SNAKE, 0.01
9360, 17, 108, Status.SNAKE, 0.01
9361, 18, 142, Status.SNAKE, 0.01
9362, 22, 150, Status.SNAKE, 0.01
9363, 9, 69, Status.SNAKE, 0.01
9364, 16, 129, Status.WALL, 0.01
9365, 10, 67, Status.SNAKE, 0.01
9366, 20, 125, Status.SNAKE, 0.01
9367, 12, 78, Status.SNAKE, 0.01
9368, 1, 6, Status.SNAKE, 0.01
9369, 5, 34, Status.WALL, 0.01
9370, 4, 21, Status.SNAKE, 0.01
9371, 13, 111, Status.SNAKE, 0.01
9372, 9, 50, Status.SNAKE, 0.01
9373, 18, 121, Status.SNAKE, 0.01
9374, 7, 56, Status.SNAKE, 0.01
9375, 7, 63, Status.SNAKE, 0.01
9376, 13, 87, Status.SNAKE, 0.01
9377, 14, 85, Status.SNAKE, 0.01
9378, 3, 20, Status.SNAKE, 0.01
9379, 10, 71, Status.SNAKE, 0.01
9380, 14, 96, Status.SNAKE, 0.01
9381, 3, 29, Status.SNAKE, 0.01
9382, 6, 32, Status.WALL, 0.01
9383, 9, 51, Status.SNAKE, 0.01
9384, 10, 56, Status.SNAKE, 0.01
9385, 2, 16, Status.SNAKE, 0.01
9386, 7, 67, Status.WALL, 0.01
9387, 3, 26, Status.SNAKE, 0.01
9388, 7, 46, Status.WALL, 0.01
9389, 9, 68, Status.SNAKE, 0.01
9390, 1, 3, Status.SNAKE, 0.01
9391, 10, 75, Status.WALL, 0.01
9392, 12, 81, Status.SNAKE, 0.01
9393, 8, 85, Status.SNAKE, 0.01
9394, 11, 81, Status.SNAKE, 0.01
9395, 12, 82, Status.SNAKE, 0.01
9396, 5, 32, Status.WALL, 0.01
9397, 16, 106, Status.SNAKE, 0.01
9398, 4, 20, Status.WALL, 0.01
9399, 17, 124, Status.SNAKE, 0.01
9400, 6, 47, Status.SNAKE, 0.01
9401, 13, 89, Status.SNAKE, 0.01
9402, 13, 86, Status.SNAKE, 0.01
9403, 8, 48, Status.SNAKE, 0.01
9404, 10, 76, Status.SNAKE, 0.01
9405, 12, 79, Status.WALL, 0.01
9406, 16, 123, Status.WALL, 0.01
9407, 5, 28, Status.SNAKE, 0.01
9408, 5, 38, Status.SNAKE, 0.01
9409, 15, 90, Status.SNAKE, 0.01
9410, 11, 75, Status.SNAKE, 0.01
9411, 1, 7, Status.SNAKE, 0.01
9412, 17, 133, Status.SNAKE, 0.01
9413, 10, 81, Status.SNAKE, 0.01
9414, 9, 60, Status.SNAKE, 0.01
9415, 13, 85, Status.WALL, 0.01
9416, 12, 90, Status.SNAKE, 0.01
9417, 5, 52, Status.WALL, 0.01
9418, 5, 53, Status.WALL, 0.01
9419, 22, 158, Status.SNAKE, 0.01
9420, 12, 85, Status.WALL, 0.01
9421, 15, 124, Status.SNAKE, 0.01
9422, 6, 62, Status.SNAKE, 0.01
9423, 8, 58, Status.SNAKE, 0.01
9424, 9, 90, Status.SNAKE, 0.01
9425, 1, 9, Status.SNAKE, 0.01
9426, 2, 9, Status.WALL, 0.01
9427, 10, 85, Status.SNAKE, 0.01
9428, 7, 33, Status.SNAKE, 0.01
9429, 7, 55, Status.SNAKE, 0.01
9430, 8, 59, Status.SNAKE, 0.01
9431, 1, 5, Status.SNAKE, 0.01
9432, 4, 27, Status.SNAKE, 0.01
9433, 7, 37, Status.SNAKE, 0.01
9434, 13, 95, Status.WALL, 0.01
9435, 16, 96, Status.SNAKE, 0.01
9436, 15, 115, Status.WALL, 0.01
9437, 17, 119, Status.WALL, 0.01
9438, 13, 91, Status.SNAKE, 0.01
9439, 8, 47, Status.SNAKE, 0.01
9440, 7, 50, Status.SNAKE, 0.01
9441, 12, 90, Status.SNAKE, 0.01
9442, 8, 46, Status.SNAKE, 0.01
9443, 16, 106, Status.SNAKE, 0.01
9444, 11, 61, Status.SNAKE, 0.01
9445, 10, 77, Status.SNAKE, 0.01
9446, 7, 44, Status.SNAKE, 0.01
9447, 12, 73, Status.WALL, 0.01
9448, 15, 118, Status.SNAKE, 0.01
9449, 3, 24, Status.SNAKE, 0.01
9450, 9, 62, Status.SNAKE, 0.01
9451, 22, 139, Status.SNAKE, 0.01
9452, 12, 76, Status.SNAKE, 0.01
9453, 8, 64, Status.SNAKE, 0.01
9454, 5, 37, Status.SNAKE, 0.01
9455, 2, 16, Status.WALL, 0.01
9456, 6, 32, Status.SNAKE, 0.01
9457, 9, 78, Status.SNAKE, 0.01
9458, 9, 63, Status.SNAKE, 0.01
9459, 9, 55, Status.SNAKE, 0.01
9460, 12, 105, Status.WALL, 0.01
9461, 9, 65, Status.SNAKE, 0.01
9462, 3, 21, Status.WALL, 0.01
9463, 5, 16, Status.SNAKE, 0.01
9464, 12, 79, Status.SNAKE, 0.01
9465, 3, 17, Status.SNAKE, 0.01
9466, 3, 18, Status.WALL, 0.01
9467, 2, 20, Status.SNAKE, 0.01
9468, 3, 12, Status.SNAKE, 0.01
9469, 4, 33, Status.SNAKE, 0.01
9470, 9, 43, Status.SNAKE, 0.01
9471, 1, 5, Status.SNAKE, 0.01
9472, 16, 112, Status.WALL, 0.01
9473, 2, 18, Status.SNAKE, 0.01
9474, 2, 23, Status.WALL, 0.01
9475, 12, 88, Status.SNAKE, 0.01
9476, 1, 8, Status.SNAKE, 0.01
9477, 7, 52, Status.SNAKE, 0.01
9478, 2, 10, Status.SNAKE, 0.01
9479, 16, 98, Status.WALL, 0.01
9480, 2, 10, Status.SNAKE, 0.01
9481, 12, 85, Status.WALL, 0.01
9482, 14, 114, Status.SNAKE, 0.01
9483, 10, 60, Status.SNAKE, 0.01
9484, 4, 21, Status.SNAKE, 0.01
9485, 6, 44, Status.WALL, 0.01
9486, 13, 78, Status.SNAKE, 0.01
9487, 2, 13, Status.SNAKE, 0.01
9488, 6, 47, Status.WALL, 0.01
9489, 12, 49, Status.SNAKE, 0.01
9490, 6, 41, Status.SNAKE, 0.01
9491, 11, 76, Status.SNAKE, 0.01
9492, 7, 44, Status.SNAKE, 0.01
9493, 10, 61, Status.WALL, 0.01
9494, 14, 116, Status.WALL, 0.01
9495, 8, 51, Status.WALL, 0.01
9496, 11, 77, Status.SNAKE, 0.01
9497, 13, 75, Status.SNAKE, 0.01
9498, 6, 55, Status.SNAKE, 0.01
9499, 3, 26, Status.WALL, 0.01
9500, 10, 57, Status.SNAKE, 0.01
9501, 4, 25, Status.SNAKE, 0.01
9502, 12, 90, Status.SNAKE, 0.01
9503, 8, 56, Status.WALL, 0.01
9504, 16, 130, Status.SNAKE, 0.01
9505, 14, 97, Status.SNAKE, 0.01
9506, 7, 40, Status.SNAKE, 0.01
9507, 4, 31, Status.WALL, 0.01
9508, 11, 83, Status.SNAKE, 0.01
9509, 5, 43, Status.SNAKE, 0.01
9510, 1, 3, Status.SNAKE, 0.01
9511, 3, 19, Status.SNAKE, 0.01
9512, 7, 54, Status.SNAKE, 0.01
9513, 10, 68, Status.SNAKE, 0.01
9514, 10, 68, Status.SNAKE, 0.01
9515, 12, 79, Status.SNAKE, 0.01
9516, 5, 36, Status.SNAKE, 0.01
9517, 5, 25, Status.SNAKE, 0.01
9518, 2, 22, Status.WALL, 0.01
9519, 13, 66, Status.SNAKE, 0.01
9520, 6, 43, Status.SNAKE, 0.01
9521, 13, 83, Status.SNAKE, 0.01
9522, 5, 35, Status.SNAKE, 0.01
9523, 5, 37, Status.WALL, 0.01
9524, 8, 62, Status.SNAKE, 0.01
9525, 13, 87, Status.SNAKE, 0.01
9526, 12, 80, Status.SNAKE, 0.01
9527, 8, 65, Status.SNAKE, 0.01
9528, 7, 51, Status.SNAKE, 0.01
9529, 7, 43, Status.SNAKE, 0.01
9530, 3, 22, Status.SNAKE, 0.01
9531, 17, 106, Status.SNAKE, 0.01
9532, 5, 42, Status.SNAKE, 0.01
9533, 4, 29, Status.SNAKE, 0.01
9534, 7, 58, Status.WALL, 0.01
9535, 2, 18, Status.WALL, 0.01
9536, 7, 60, Status.SNAKE, 0.01
9537, 1, 8, Status.WALL, 0.01
9538, 7, 36, Status.SNAKE, 0.01
9539, 5, 38, Status.SNAKE, 0.01
9540, 7, 50, Status.SNAKE, 0.01
9541, 5, 40, Status.SNAKE, 0.01
9542, 5, 50, Status.WALL, 0.01
9543, 10, 106, Status.SNAKE, 0.01
9544, 8, 65, Status.SNAKE, 0.01
9545, 2, 16, Status.SNAKE, 0.01
9546, 12, 77, Status.SNAKE, 0.01
9547, 1, 8, Status.WALL, 0.01
9548, 10, 74, Status.SNAKE, 0.01
9549, 2, 9, Status.WALL, 0.01
9550, 6, 48, Status.WALL, 0.01
9551, 1, 14, Status.SNAKE, 0.01
9552, 4, 24, Status.SNAKE, 0.01
9553, 15, 129, Status.SNAKE, 0.01
9554, 14, 98, Status.SNAKE, 0.01
9555, 3, 26, Status.WALL, 0.01
9556, 6, 35, Status.SNAKE, 0.01
9557, 7, 44, Status.SNAKE, 0.01
9558, 15, 103, Status.SNAKE, 0.01
9559, 7, 42, Status.SNAKE, 0.01
9560, 7, 37, Status.WALL, 0.01
9561, 1, 5, Status.SNAKE, 0.01
9562, 17, 114, Status.SNAKE, 0.01
9563, 3, 21, Status.WALL, 0.01
9564, 3, 15, Status.SNAKE, 0.01
9565, 5, 21, Status.WALL, 0.01
9566, 7, 64, Status.SNAKE, 0.01
9567, 1, 9, Status.WALL, 0.01
9568, 3, 21, Status.SNAKE, 0.01
9569, 16, 111, Status.SNAKE, 0.01
9570, 12, 77, Status.WALL, 0.01
9571, 2, 16, Status.WALL, 0.01
9572, 5, 32, Status.WALL, 0.01
9573, 1, 8, Status.SNAKE, 0.01
9574, 7, 39, Status.SNAKE, 0.01
9575, 8, 54, Status.SNAKE, 0.01
9576, 11, 69, Status.SNAKE, 0.01
9577, 1, 10, Status.WALL, 0.01
9578, 7, 37, Status.SNAKE, 0.01
9579, 4, 32, Status.SNAKE, 0.01
9580, 12, 77, Status.SNAKE, 0.01
9581, 13, 70, Status.SNAKE, 0.01
9582, 8, 69, Status.SNAKE, 0.01
9583, 17, 115, Status.SNAKE, 0.01
9584, 3, 19, Status.SNAKE, 0.01
9585, 9, 68, Status.SNAKE, 0.01
9586, 3, 14, Status.SNAKE, 0.01
9587, 3, 21, Status.WALL, 0.01
9588, 6, 36, Status.SNAKE, 0.01
9589, 3, 20, Status.SNAKE, 0.01
9590, 4, 21, Status.SNAKE, 0.01
9591, 6, 40, Status.SNAKE, 0.01
9592, 12, 72, Status.SNAKE, 0.01
9593, 2, 10, Status.SNAKE, 0.01
9594, 3, 22, Status.SNAKE, 0.01
9595, 14, 105, Status.SNAKE, 0.01
9596, 13, 100, Status.WALL, 0.01
9597, 4, 22, Status.SNAKE, 0.01
9598, 7, 57, Status.WALL, 0.01
9599, 11, 50, Status.WALL, 0.01
9600, 4, 29, Status.WALL, 0.01
9601, 10, 65, Status.WALL, 0.01
9602, 13, 116, Status.SNAKE, 0.01
9603, 1, 16, Status.WALL, 0.01
9604, 10, 91, Status.WALL, 0.01
9605, 10, 74, Status.SNAKE, 0.01
9606, 2, 15, Status.SNAKE, 0.01
9607, 15, 100, Status.SNAKE, 0.01
9608, 12, 73, Status.SNAKE, 0.01
9609, 11, 77, Status.SNAKE, 0.01
9610, 5, 41, Status.SNAKE, 0.01
9611, 1, 5, Status.SNAKE, 0.01
9612, 11, 81, Status.SNAKE, 0.01
9613, 3, 16, Status.SNAKE, 0.01
9614, 12, 100, Status.SNAKE, 0.01
9615, 7, 53, Status.SNAKE, 0.01
9616, 15, 111, Status.SNAKE, 0.01
9617, 2, 11, Status.SNAKE, 0.01
9618, 7, 55, Status.SNAKE, 0.01
9619, 12, 86, Status.WALL, 0.01
9620, 13, 80, Status.SNAKE, 0.01
9621, 5, 32, Status.SNAKE, 0.01
9622, 15, 125, Status.SNAKE, 0.01
9623, 2, 16, Status.WALL, 0.01
9624, 11, 56, Status.SNAKE, 0.01
9625, 3, 12, Status.SNAKE, 0.01
9626, 10, 65, Status.SNAKE, 0.01
9627, 4, 29, Status.SNAKE, 0.01
9628, 6, 39, Status.SNAKE, 0.01
9629, 14, 95, Status.SNAKE, 0.01
9630, 2, 13, Status.SNAKE, 0.01
9631, 11, 70, Status.SNAKE, 0.01
9632, 13, 101, Status.SNAKE, 0.01
9633, 13, 83, Status.SNAKE, 0.01
9634, 7, 48, Status.WALL, 0.01
9635, 3, 17, Status.SNAKE, 0.01
9636, 16, 89, Status.SNAKE, 0.01
9637, 5, 36, Status.SNAKE, 0.01
9638, 6, 38, Status.SNAKE, 0.01
9639, 7, 47, Status.WALL, 0.01
9640, 14, 88, Status.SNAKE, 0.01
9641, 9, 57, Status.SNAKE, 0.01
9642, 6, 41, Status.SNAKE, 0.01
9643, 8, 50, Status.SNAKE, 0.01
9644, 7, 54, Status.SNAKE, 0.01
9645, 10, 54, Status.SNAKE, 0.01
9646, 10, 55, Status.SNAKE, 0.01
9647, 8, 48, Status.SNAKE, 0.01
9648, 8, 40, Status.WALL, 0.01
9649, 6, 34, Status.SNAKE, 0.01
9650, 19, 137, Status.SNAKE, 0.01
9651, 5, 39, Status.SNAKE, 0.01
9652, 6, 41, Status.SNAKE, 0.01
9653, 2, 19, Status.SNAKE, 0.01
9654, 3, 22, Status.SNAKE, 0.01
9655, 8, 67, Status.SNAKE, 0.01
9656, 11, 96, Status.SNAKE, 0.01
9657, 10, 65, Status.WALL, 0.01
9658, 3, 17, Status.SNAKE, 0.01
9659, 15, 122, Status.SNAKE, 0.01
9660, 8, 48, Status.SNAKE, 0.01
9661, 13, 83, Status.SNAKE, 0.01
9662, 15, 110, Status.SNAKE, 0.01
9663, 6, 40, Status.WALL, 0.01
9664, 2, 11, Status.SNAKE, 0.01
9665, 16, 122, Status.SNAKE, 0.01
9666, 16, 134, Status.SNAKE, 0.01
9667, 4, 10, Status.SNAKE, 0.01
9668, 25, 178, Status.SNAKE, 0.01
9669, 6, 34, Status.WALL, 0.01
9670, 12, 85, Status.SNAKE, 0.01
9671, 1, 8, Status.SNAKE, 0.01
9672, 10, 55, Status.SNAKE, 0.01
9673, 12, 82, Status.WALL, 0.01
9674, 3, 18, Status.WALL, 0.01
9675, 11, 88, Status.SNAKE, 0.01
9676, 5, 38, Status.SNAKE, 0.01
9677, 3, 20, Status.SNAKE, 0.01
9678, 3, 16, Status.WALL, 0.01
9679, 9, 55, Status.WALL, 0.01
9680, 5, 27, Status.WALL, 0.01
9681, 8, 45, Status.SNAKE, 0.01
9682, 5, 27, Status.SNAKE, 0.01
9683, 9, 64, Status.SNAKE, 0.01
9684, 2, 10, Status.SNAKE, 0.01
9685, 6, 38, Status.SNAKE, 0.01
9686, 13, 89, Status.SNAKE, 0.01
9687, 8, 53, Status.SNAKE, 0.01
9688, 12, 73, Status.SNAKE, 0.01
9689, 9, 78, Status.SNAKE, 0.01
9690, 6, 46, Status.SNAKE, 0.01
9691, 7, 53, Status.SNAKE, 0.01
9692, 3, 16, Status.SNAKE, 0.01
9693, 11, 66, Status.SNAKE, 0.01
9694, 6, 42, Status.SNAKE, 0.01
9695, 13, 88, Status.WALL, 0.01
9696, 4, 14, Status.SNAKE, 0.01
9697, 8, 50, Status.WALL, 0.01
9698, 13, 80, Status.SNAKE, 0.01
9699, 6, 36, Status.SNAKE, 0.01
9700, 9, 66, Status.SNAKE, 0.01
9701, 14, 118, Status.SNAKE, 0.01
9702, 5, 19, Status.SNAKE, 0.01
9703, 4, 32, Status.SNAKE, 0.01
9704, 13, 66, Status.SNAKE, 0.01
9705, 1, 7, Status.SNAKE, 0.01
9706, 9, 62, Status.SNAKE, 0.01
9707, 12, 67, Status.SNAKE, 0.01
9708, 15, 113, Status.SNAKE, 0.01
9709, 3, 25, Status.SNAKE, 0.01
9710, 11, 56, Status.SNAKE, 0.01
9711, 15, 135, Status.WALL, 0.01
9712, 4, 39, Status.SNAKE, 0.01
9713, 5, 30, Status.SNAKE, 0.01
9714, 15, 104, Status.SNAKE, 0.01
9715, 12, 57, Status.SNAKE, 0.01
9716, 11, 81, Status.WALL, 0.01
9717, 8, 66, Status.SNAKE, 0.01
9718, 11, 87, Status.SNAKE, 0.01
9719, 5, 38, Status.SNAKE, 0.01
9720, 12, 92, Status.SNAKE, 0.01
9721, 3, 25, Status.SNAKE, 0.01
9722, 8, 53, Status.SNAKE, 0.01
9723, 14, 106, Status.WALL, 0.01
9724, 10, 76, Status.SNAKE, 0.01
9725, 9, 66, Status.SNAKE, 0.01
9726, 3, 14, Status.SNAKE, 0.01
9727, 12, 63, Status.SNAKE, 0.01
9728, 7, 52, Status.SNAKE, 0.01
9729, 3, 16, Status.SNAKE, 0.01
9730, 7, 63, Status.SNAKE, 0.01
9731, 16, 106, Status.SNAKE, 0.01
9732, 10, 79, Status.SNAKE, 0.01
9733, 5, 47, Status.WALL, 0.01
9734, 4, 33, Status.SNAKE, 0.01
9735, 12, 99, Status.SNAKE, 0.01
9736, 7, 60, Status.WALL, 0.01
9737, 17, 127, Status.SNAKE, 0.01
9738, 5, 27, Status.SNAKE, 0.01
9739, 11, 55, Status.WALL, 0.01
9740, 10, 66, Status.SNAKE, 0.01
9741, 6, 44, Status.SNAKE, 0.01
9742, 11, 55, Status.SNAKE, 0.01
9743, 6, 69, Status.SNAKE, 0.01
9744, 12, 91, Status.SNAKE, 0.01
9745, 5, 36, Status.WALL, 0.01
9746, 5, 24, Status.SNAKE, 0.01
9747, 18, 150, Status.SNAKE, 0.01
9748, 13, 91, Status.SNAKE, 0.01
9749, 11, 58, Status.SNAKE, 0.01
9750, 10, 57, Status.WALL, 0.01
9751, 4, 42, Status.SNAKE, 0.01
9752, 7, 49, Status.WALL, 0.01
9753, 8, 61, Status.SNAKE, 0.01
9754, 5, 28, Status.WALL, 0.01
9755, 9, 70, Status.SNAKE, 0.01
9756, 11, 76, Status.WALL, 0.01
9757, 7, 43, Status.WALL, 0.01
9758, 6, 48, Status.SNAKE, 0.01
9759, 9, 67, Status.WALL, 0.01
9760, 9, 66, Status.WALL, 0.01
9761, 12, 78, Status.SNAKE, 0.01
9762, 9, 61, Status.WALL, 0.01
9763, 14, 104, Status.SNAKE, 0.01
9764, 10, 52, Status.SNAKE, 0.01
9765, 11, 88, Status.SNAKE, 0.01
9766, 3, 17, Status.SNAKE, 0.01
9767, 7, 37, Status.SNAKE, 0.01
9768, 13, 70, Status.SNAKE, 0.01
9769, 11, 95, Status.SNAKE, 0.01
9770, 8, 70, Status.WALL, 0.01
9771, 12, 83, Status.WALL, 0.01
9772, 17, 115, Status.SNAKE, 0.01
9773, 12, 84, Status.SNAKE, 0.01
9774, 9, 72, Status.SNAKE, 0.01
9775, 1, 8, Status.SNAKE, 0.01
9776, 15, 102, Status.SNAKE, 0.01
9777, 7, 34, Status.SNAKE, 0.01
9778, 4, 18, Status.SNAKE, 0.01
9779, 12, 100, Status.SNAKE, 0.01
9780, 3, 29, Status.WALL, 0.01
9781, 11, 90, Status.SNAKE, 0.01
9782, 4, 27, Status.SNAKE, 0.01
9783, 5, 26, Status.WALL, 0.01
9784, 11, 85, Status.SNAKE, 0.01
9785, 13, 95, Status.SNAKE, 0.01
9786, 11, 81, Status.SNAKE, 0.01
9787, 12, 71, Status.SNAKE, 0.01
9788, 11, 73, Status.SNAKE, 0.01
9789, 11, 85, Status.WALL, 0.01
9790, 4, 17, Status.SNAKE, 0.01
9791, 16, 101, Status.SNAKE, 0.01
9792, 8, 62, Status.SNAKE, 0.01
9793, 12, 74, Status.WALL, 0.01
9794, 3, 18, Status.SNAKE, 0.01
9795, 3, 13, Status.SNAKE, 0.01
9796, 21, 154, Status.SNAKE, 0.01
9797, 5, 31, Status.SNAKE, 0.01
9798, 11, 89, Status.WALL, 0.01
9799, 9, 62, Status.SNAKE, 0.01
9800, 2, 8, Status.WALL, 0.01
9801, 8, 60, Status.SNAKE, 0.01
9802, 6, 31, Status.SNAKE, 0.01
9803, 16, 106, Status.SNAKE, 0.01
9804, 5, 39, Status.SNAKE, 0.01
9805, 2, 10, Status.SNAKE, 0.01
9806, 6, 44, Status.SNAKE, 0.01
9807, 5, 35, Status.SNAKE, 0.01
9808, 8, 75, Status.SNAKE, 0.01
9809, 6, 33, Status.WALL, 0.01
9810, 11, 73, Status.SNAKE, 0.01
9811, 5, 35, Status.SNAKE, 0.01
9812, 12, 91, Status.SNAKE, 0.01
9813, 17, 143, Status.SNAKE, 0.01
9814, 5, 35, Status.SNAKE, 0.01
9815, 5, 38, Status.SNAKE, 0.01
9816, 17, 140, Status.SNAKE, 0.01
9817, 6, 41, Status.WALL, 0.01
9818, 6, 32, Status.SNAKE, 0.01
9819, 8, 68, Status.SNAKE, 0.01
9820, 9, 62, Status.SNAKE, 0.01
9821, 12, 82, Status.WALL, 0.01
9822, 9, 49, Status.WALL, 0.01
9823, 25, 182, Status.SNAKE, 0.01
9824, 5, 35, Status.SNAKE, 0.01
9825, 2, 14, Status.WALL, 0.01
9826, 14, 111, Status.SNAKE, 0.01
9827, 9, 68, Status.SNAKE, 0.01
9828, 6, 52, Status.SNAKE, 0.01
9829, 1, 3, Status.SNAKE, 0.01
9830, 7, 47, Status.SNAKE, 0.01
9831, 13, 79, Status.SNAKE, 0.01
9832, 2, 15, Status.SNAKE, 0.01
9833, 7, 49, Status.SNAKE, 0.01
9834, 13, 92, Status.SNAKE, 0.01
9835, 5, 40, Status.WALL, 0.01
9836, 5, 39, Status.SNAKE, 0.01
9837, 3, 19, Status.SNAKE, 0.01
9838, 10, 60, Status.SNAKE, 0.01
9839, 5, 39, Status.SNAKE, 0.01
9840, 13, 96, Status.SNAKE, 0.01
9841, 10, 77, Status.WALL, 0.01
9842, 1, 7, Status.WALL, 0.01
9843, 9, 57, Status.SNAKE, 0.01
9844, 16, 118, Status.SNAKE, 0.01
9845, 9, 73, Status.SNAKE, 0.01
9846, 6, 55, Status.WALL, 0.01
9847, 6, 62, Status.SNAKE, 0.01
9848, 20, 105, Status.SNAKE, 0.01
9849, 3, 26, Status.WALL, 0.01
9850, 15, 98, Status.SNAKE, 0.01
9851, 12, 90, Status.SNAKE, 0.01
9852, 15, 108, Status.SNAKE, 0.01
9853, 5, 32, Status.SNAKE, 0.01
9854, 12, 85, Status.SNAKE, 0.01
9855, 2, 10, Status.SNAKE, 0.01
9856, 9, 71, Status.SNAKE, 0.01
9857, 7, 50, Status.SNAKE, 0.01
9858, 2, 19, Status.SNAKE, 0.01
9859, 10, 59, Status.SNAKE, 0.01
9860, 13, 77, Status.WALL, 0.01
9861, 3, 19, Status.SNAKE, 0.01
9862, 11, 61, Status.SNAKE, 0.01
9863, 15, 80, Status.WALL, 0.01
9864, 11, 82, Status.SNAKE, 0.01
9865, 11, 102, Status.SNAKE, 0.01
9866, 11, 68, Status.SNAKE, 0.01
9867, 6, 31, Status.WALL, 0.01
9868, 3, 20, Status.SNAKE, 0.01
9869, 0, 9, Status.WALL, 0.01
9870, 1, 6, Status.WALL, 0.01
9871, 8, 63, Status.SNAKE, 0.01
9872, 2, 19, Status.WALL, 0.01
9873, 8, 48, Status.SNAKE, 0.01
9874, 5, 31, Status.SNAKE, 0.01
9875, 5, 36, Status.WALL, 0.01
9876, 12, 83, Status.SNAKE, 0.01
9877, 5, 42, Status.SNAKE, 0.01
9878, 8, 31, Status.WALL, 0.01
9879, 9, 52, Status.SNAKE, 0.01
9880, 18, 127, Status.SNAKE, 0.01
9881, 6, 30, Status.SNAKE, 0.01
9882, 13, 116, Status.SNAKE, 0.01
9883, 17, 145, Status.WALL, 0.01
9884, 3, 27, Status.SNAKE, 0.01
9885, 14, 95, Status.SNAKE, 0.01
9886, 2, 19, Status.SNAKE, 0.01
9887, 5, 23, Status.SNAKE, 0.01
9888, 6, 28, Status.SNAKE, 0.01
9889, 10, 76, Status.SNAKE, 0.01
9890, 9, 64, Status.SNAKE, 0.01
9891, 8, 61, Status.SNAKE, 0.01
9892, 11, 75, Status.SNAKE, 0.01
9893, 13, 67, Status.SNAKE, 0.01
9894, 11, 61, Status.SNAKE, 0.01
9895, 5, 20, Status.SNAKE, 0.01
9896, 9, 55, Status.SNAKE, 0.01
9897, 15, 95, Status.SNAKE, 0.01
9898, 5, 22, Status.SNAKE, 0.01
9899, 13, 77, Status.SNAKE, 0.01
9900, 8, 44, Status.SNAKE, 0.01
9901, 4, 18, Status.SNAKE, 0.01
9902, 16, 85, Status.WALL, 0.01
9903, 7, 39, Status.WALL, 0.01
9904, 8, 36, Status.SNAKE, 0.01
9905, 8, 51, Status.SNAKE, 0.01
9906, 6, 41, Status.WALL, 0.01
9907, 11, 68, Status.SNAKE, 0.01
9908, 12, 73, Status.SNAKE, 0.01
9909, 3, 24, Status.SNAKE, 0.01
9910, 11, 91, Status.SNAKE, 0.01
9911, 16, 105, Status.WALL, 0.01
9912, 11, 87, Status.SNAKE, 0.01
9913, 3, 22, Status.SNAKE, 0.01
9914, 5, 29, Status.SNAKE, 0.01
9915, 3, 7, Status.SNAKE, 0.01
9916, 15, 102, Status.SNAKE, 0.01
9917, 5, 25, Status.WALL, 0.01
9918, 2, 10, Status.SNAKE, 0.01
9919, 7, 30, Status.SNAKE, 0.01
9920, 1, 8, Status.WALL, 0.01
9921, 4, 30, Status.SNAKE, 0.01
9922, 2, 9, Status.WALL, 0.01
9923, 11, 93, Status.SNAKE, 0.01
9924, 10, 69, Status.WALL, 0.01
9925, 4, 19, Status.SNAKE, 0.01
9926, 11, 54, Status.WALL, 0.01
9927, 8, 53, Status.SNAKE, 0.01
9928, 6, 45, Status.SNAKE, 0.01
9929, 12, 73, Status.SNAKE, 0.01
9930, 7, 34, Status.SNAKE, 0.01
9931, 13, 69, Status.SNAKE, 0.01
9932, 2, 16, Status.WALL, 0.01
9933, 14, 85, Status.SNAKE, 0.01
9934, 5, 28, Status.SNAKE, 0.01
9935, 6, 62, Status.WALL, 0.01
9936, 2, 18, Status.SNAKE, 0.01
9937, 7, 57, Status.SNAKE, 0.01
9938, 5, 27, Status.SNAKE, 0.01
9939, 9, 65, Status.SNAKE, 0.01
9940, 14, 119, Status.WALL, 0.01
9941, 7, 53, Status.WALL, 0.01
9942, 16, 131, Status.SNAKE, 0.01
9943, 10, 66, Status.SNAKE, 0.01
9944, 13, 82, Status.SNAKE, 0.01
9945, 7, 54, Status.SNAKE, 0.01
9946, 11, 66, Status.SNAKE, 0.01
9947, 14, 100, Status.SNAKE, 0.01
9948, 5, 33, Status.SNAKE, 0.01
9949, 6, 28, Status.SNAKE, 0.01
9950, 12, 78, Status.SNAKE, 0.01
9951, 18, 136, Status.SNAKE, 0.01
9952, 14, 73, Status.WALL, 0.01
9953, 7, 50, Status.SNAKE, 0.01
9954, 9, 50, Status.WALL, 0.01
9955, 3, 20, Status.SNAKE, 0.01
9956, 11, 56, Status.SNAKE, 0.01
9957, 12, 79, Status.SNAKE, 0.01
9958, 10, 91, Status.SNAKE, 0.01
9959, 17, 109, Status.WALL, 0.01
9960, 14, 92, Status.SNAKE, 0.01
9961, 12, 84, Status.SNAKE, 0.01
9962, 5, 31, Status.SNAKE, 0.01
9963, 0, 5, Status.WALL, 0.01
9964, 9, 63, Status.SNAKE, 0.01
9965, 1, 5, Status.SNAKE, 0.01
9966, 7, 40, Status.SNAKE, 0.01
9967, 5, 31, Status.SNAKE, 0.01
9968, 6, 51, Status.SNAKE, 0.01
9969, 3, 13, Status.WALL, 0.01
9970, 2, 27, Status.WALL, 0.01
9971, 6, 35, Status.SNAKE, 0.01
9972, 14, 149, Status.SNAKE, 0.01
9973, 10, 68, Status.SNAKE, 0.01
9974, 5, 32, Status.SNAKE, 0.01
9975, 5, 40, Status.SNAKE, 0.01
9976, 2, 8, Status.SNAKE, 0.01
9977, 2, 19, Status.SNAKE, 0.01
9978, 13, 73, Status.SNAKE, 0.01
9979, 5, 35, Status.SNAKE, 0.01
9980, 7, 53, Status.SNAKE, 0.01
9981, 5, 55, Status.WALL, 0.01
9982, 9, 77, Status.WALL, 0.01
9983, 18, 129, Status.SNAKE, 0.01
9984, 7, 54, Status.WALL, 0.01
9985, 11, 69, Status.SNAKE, 0.01
9986, 11, 79, Status.SNAKE, 0.01
9987, 6, 35, Status.SNAKE, 0.01
9988, 7, 45, Status.WALL, 0.01
9989, 6, 39, Status.SNAKE, 0.01
9990, 8, 63, Status.SNAKE, 0.01
9991, 6, 39, Status.SNAKE, 0.01
9992, 3, 14, Status.WALL, 0.01
9993, 8, 62, Status.SNAKE, 0.01
9994, 7, 44, Status.SNAKE, 0.01
9995, 1, 8, Status.WALL, 0.01
9996, 7, 35, Status.SNAKE, 0.01
9997, 7, 49, Status.SNAKE, 0.01
9998, 8, 59, Status.SNAKE, 0.01
9999, 3, 18, Status.SNAKE, 0.01
10000, 7, 42, Status.SNAKE, 0.01
