Episode,Score,Total Steps,Death,Epsilon
1, 0, 13, Status.WALL, 1.0
2, 0, 17, Status.WALL, 0.995
3, 0, 9, Status.WALL, 0.990025
4, 0, 18, Status.WALL, 0.985074875
5, 0, 6, Status.WALL, 0.9801495006250001
6, 0, 7, Status.WALL, 0.9752487531218751
7, 0, 9, Status.WALL, 0.9703725093562657
8, 0, 7, Status.WALL, 0.9655206468094844
9, 0, 24, Status.WALL, 0.960693043575437
10, 0, 5, Status.WALL, 0.9558895783575597
11, 0, 15, Status.WALL, 0.9511101304657719
12, 1, 24, Status.WALL, 0.946354579813443
13, 0, 14, Status.WALL, 0.9416228069143757
14, 0, 36, Status.WALL, 0.9369146928798039
15, 2, 13, Status.WALL, 0.9322301194154049
16, 0, 24, Status.WALL, 0.9275689688183278
17, 0, 10, Status.WALL, 0.9229311239742362
18, 0, 15, Status.WALL, 0.918316468354365
19, 0, 5, Status.WALL, 0.9137248860125932
20, 0, 6, Status.WALL, 0.9091562615825302
21, 0, 6, Status.WALL, 0.9046104802746175
22, 0, 6, Status.WALL, 0.9000874278732445
23, 0, 17, Status.WALL, 0.8955869907338783
24, 0, 22, Status.WALL, 0.8911090557802088
25, 0, 6, Status.WALL, 0.8866535105013078
26, 0, 8, Status.WALL, 0.8822202429488013
27, 1, 40, Status.SNAKE, 0.8778091417340573
28, 1, 29, Status.WALL, 0.8734200960253871
29, 0, 18, Status.WALL, 0.8690529955452602
30, 0, 15, Status.WALL, 0.8647077305675338
31, 1, 28, Status.SNAKE, 0.8603841919146962
32, 0, 34, Status.WALL, 0.8560822709551227
33, 1, 17, Status.WALL, 0.851801859600347
34, 0, 17, Status.WALL, 0.8475428503023453
35, 0, 4, Status.WALL, 0.8433051360508336
36, 0, 12, Status.WALL, 0.8390886103705794
37, 0, 8, Status.WALL, 0.8348931673187264
38, 1, 12, Status.WALL, 0.8307187014821328
39, 0, 6, Status.WALL, 0.8265651079747222
40, 1, 9, Status.WALL, 0.8224322824348486
41, 0, 7, Status.WALL, 0.8183201210226743
42, 0, 8, Status.WALL, 0.8142285204175609
43, 0, 8, Status.WALL, 0.810157377815473
44, 0, 21, Status.WALL, 0.8061065909263957
45, 0, 26, Status.WALL, 0.8020760579717637
46, 1, 14, Status.WALL, 0.798065677681905
47, 0, 44, Status.WALL, 0.7940753492934954
48, 0, 16, Status.WALL, 0.7901049725470279
49, 0, 18, Status.WALL, 0.7861544476842928
50, 0, 7, Status.WALL, 0.7822236754458713
51, 0, 12, Status.WALL, 0.778312557068642
52, 0, 7, Status.WALL, 0.7744209942832988
53, 0, 9, Status.WALL, 0.7705488893118823
54, 0, 20, Status.WALL, 0.7666961448653229
55, 0, 13, Status.WALL, 0.7628626641409962
56, 1, 9, Status.WALL, 0.7590483508202912
57, 0, 17, Status.WALL, 0.7552531090661897
58, 0, 14, Status.WALL, 0.7514768435208588
59, 1, 8, Status.WALL, 0.7477194593032545
60, 0, 5, Status.WALL, 0.7439808620067382
61, 0, 15, Status.WALL, 0.7402609576967045
62, 1, 21, Status.WALL, 0.736559652908221
63, 0, 23, Status.WALL, 0.7328768546436799
64, 0, 9, Status.WALL, 0.7292124703704616
65, 0, 7, Status.WALL, 0.7255664080186093
66, 0, 9, Status.WALL, 0.7219385759785162
67, 0, 7, Status.WALL, 0.7183288830986236
68, 2, 5, Status.SNAKE, 0.7147372386831305
69, 0, 14, Status.WALL, 0.7111635524897149
70, 0, 19, Status.WALL, 0.7076077347272662
71, 0, 10, Status.WALL, 0.7040696960536299
72, 1, 22, Status.SNAKE, 0.7005493475733617
73, 0, 8, Status.WALL, 0.697046600835495
74, 0, 9, Status.WALL, 0.6935613678313175
75, 0, 6, Status.WALL, 0.6900935609921609
76, 0, 10, Status.WALL, 0.6866430931872001
77, 0, 7, Status.WALL, 0.6832098777212641
78, 0, 16, Status.WALL, 0.6797938283326578
79, 1, 12, Status.SNAKE, 0.6763948591909945
80, 1, 18, Status.WALL, 0.6730128848950395
81, 0, 6, Status.WALL, 0.6696478204705644
82, 0, 23, Status.WALL, 0.6662995813682115
83, 0, 9, Status.WALL, 0.6629680834613705
84, 0, 10, Status.WALL, 0.6596532430440636
85, 1, 22, Status.SNAKE, 0.6563549768288433
86, 1, 38, Status.WALL, 0.653073201944699
87, 1, 6, Status.WALL, 0.6498078359349755
88, 1, 13, Status.WALL, 0.6465587967553006
89, 1, 3, Status.SNAKE, 0.6433260027715241
90, 1, 31, Status.WALL, 0.6401093727576664
91, 0, 7, Status.WALL, 0.6369088258938781
92, 0, 9, Status.WALL, 0.6337242817644086
93, 0, 18, Status.WALL, 0.6305556603555866
94, 0, 14, Status.WALL, 0.6274028820538087
95, 0, 5, Status.WALL, 0.6242658676435396
96, 0, 7, Status.WALL, 0.6211445383053219
97, 0, 8, Status.WALL, 0.6180388156137953
98, 0, 7, Status.WALL, 0.6149486215357263
99, 0, 24, Status.WALL, 0.6118738784280476
100, 0, 10, Status.WALL, 0.6088145090359074
101, 0, 8, Status.WALL, 0.6057704364907278
102, 0, 8, Status.WALL, 0.6027415843082742
103, 1, 10, Status.WALL, 0.5997278763867329
104, 0, 23, Status.WALL, 0.5967292370047992
105, 1, 17, Status.SNAKE, 0.5937455908197752
106, 1, 6, Status.SNAKE, 0.5907768628656763
107, 0, 10, Status.WALL, 0.5878229785513479
108, 1, 17, Status.SNAKE, 0.5848838636585911
109, 0, 7, Status.WALL, 0.5819594443402982
110, 0, 13, Status.WALL, 0.5790496471185967
111, 1, 29, Status.SNAKE, 0.5761543988830038
112, 0, 21, Status.WALL, 0.5732736268885887
113, 0, 12, Status.WALL, 0.5704072587541458
114, 1, 18, Status.WALL, 0.567555222460375
115, 1, 8, Status.WALL, 0.5647174463480732
116, 2, 6, Status.SNAKE, 0.5618938591163328
117, 1, 23, Status.WALL, 0.5590843898207511
118, 1, 21, Status.WALL, 0.5562889678716474
119, 1, 22, Status.SNAKE, 0.5535075230322891
120, 1, 9, Status.WALL, 0.5507399854171277
121, 2, 33, Status.WALL, 0.547986285490042
122, 0, 6, Status.WALL, 0.5452463540625918
123, 0, 8, Status.WALL, 0.5425201222922789
124, 1, 8, Status.SNAKE, 0.5398075216808175
125, 1, 9, Status.SNAKE, 0.5371084840724134
126, 1, 14, Status.WALL, 0.5344229416520513
127, 0, 27, Status.WALL, 0.531750826943791
128, 2, 26, Status.WALL, 0.5290920728090721
129, 0, 10, Status.WALL, 0.5264466124450268
130, 0, 11, Status.WALL, 0.5238143793828016
131, 3, 29, Status.SNAKE, 0.5211953074858876
132, 1, 21, Status.WALL, 0.5185893309484582
133, 1, 6, Status.WALL, 0.5159963842937159
134, 1, 15, Status.SNAKE, 0.5134164023722473
135, 0, 7, Status.WALL, 0.510849320360386
136, 1, 14, Status.SNAKE, 0.5082950737585841
137, 0, 8, Status.WALL, 0.5057535983897912
138, 1, 76, Status.WALL, 0.5032248303978422
139, 1, 9, Status.WALL, 0.500708706245853
140, 1, 31, Status.SNAKE, 0.4982051627146237
141, 1, 12, Status.SNAKE, 0.49571413690105054
142, 0, 16, Status.WALL, 0.4932355662165453
143, 1, 24, Status.WALL, 0.4907693883854626
144, 0, 5, Status.WALL, 0.4883155414435353
145, 0, 12, Status.WALL, 0.4858739637363176
146, 0, 21, Status.WALL, 0.483444593917636
147, 1, 6, Status.WALL, 0.4810273709480478
148, 2, 8, Status.WALL, 0.47862223409330756
149, 0, 7, Status.WALL, 0.47622912292284103
150, 2, 23, Status.WALL, 0.4738479773082268
151, 1, 19, Status.WALL, 0.47147873742168567
152, 1, 18, Status.WALL, 0.46912134373457726
153, 2, 22, Status.WALL, 0.46677573701590436
154, 1, 8, Status.WALL, 0.46444185833082485
155, 2, 30, Status.WALL, 0.46211964903917074
156, 2, 25, Status.WALL, 0.4598090507939749
157, 1, 11, Status.WALL, 0.457510005540005
158, 1, 12, Status.SNAKE, 0.45522245551230495
159, 6, 46, Status.WALL, 0.4529463432347434
160, 1, 19, Status.SNAKE, 0.4506816115185697
161, 1, 10, Status.WALL, 0.4484282034609769
162, 0, 7, Status.WALL, 0.446186062443672
163, 0, 9, Status.WALL, 0.4439551321314536
164, 2, 27, Status.WALL, 0.4417353564707963
165, 1, 15, Status.WALL, 0.43952667968844233
166, 3, 41, Status.SNAKE, 0.43732904629000013
167, 1, 15, Status.SNAKE, 0.4351424010585501
168, 3, 26, Status.WALL, 0.43296668905325736
169, 1, 7, Status.WALL, 0.43080185560799106
170, 1, 11, Status.WALL, 0.4286478463299511
171, 3, 27, Status.SNAKE, 0.42650460709830135
172, 2, 28, Status.WALL, 0.42437208406280985
173, 0, 5, Status.WALL, 0.4222502236424958
174, 1, 6, Status.SNAKE, 0.42013897252428334
175, 1, 18, Status.SNAKE, 0.4180382776616619
176, 0, 14, Status.WALL, 0.4159480862733536
177, 0, 8, Status.WALL, 0.41386834584198684
178, 0, 9, Status.WALL, 0.4117990041127769
179, 2, 15, Status.SNAKE, 0.40974000909221303
180, 3, 19, Status.WALL, 0.40769130904675194
181, 1, 5, Status.WALL, 0.40565285250151817
182, 2, 21, Status.WALL, 0.4036245882390106
183, 2, 26, Status.WALL, 0.4016064652978155
184, 1, 7, Status.WALL, 0.3995984329713264
185, 0, 10, Status.WALL, 0.3976004408064698
186, 0, 20, Status.WALL, 0.39561243860243744
187, 1, 12, Status.SNAKE, 0.3936343764094253
188, 1, 5, Status.SNAKE, 0.39166620452737816
189, 1, 9, Status.SNAKE, 0.3897078735047413
190, 5, 45, Status.WALL, 0.3877593341372176
191, 3, 43, Status.SNAKE, 0.3858205374665315
192, 1, 17, Status.SNAKE, 0.38389143477919885
193, 0, 29, Status.WALL, 0.3819719776053028
194, 1, 23, Status.SNAKE, 0.3800621177172763
195, 1, 17, Status.SNAKE, 0.37816180712868996
196, 1, 16, Status.SNAKE, 0.37627099809304654
197, 2, 23, Status.SNAKE, 0.3743896431025813
198, 3, 20, Status.WALL, 0.37251769488706843
199, 1, 18, Status.SNAKE, 0.3706551064126331
200, 1, 24, Status.WALL, 0.36880183088056995
201, 4, 29, Status.SNAKE, 0.3669578217261671
202, 1, 8, Status.SNAKE, 0.36512303261753626
203, 0, 11, Status.WALL, 0.3632974174544486
204, 1, 7, Status.WALL, 0.3614809303671764
205, 0, 14, Status.WALL, 0.3596735257153405
206, 2, 18, Status.WALL, 0.3578751580867638
207, 3, 36, Status.WALL, 0.35608578229633
208, 1, 26, Status.WALL, 0.3543053533848483
209, 1, 18, Status.WALL, 0.35253382661792404
210, 0, 16, Status.WALL, 0.3507711574848344
211, 0, 10, Status.WALL, 0.34901730169741024
212, 1, 8, Status.WALL, 0.3472722151889232
213, 1, 22, Status.SNAKE, 0.3455358541129786
214, 1, 10, Status.SNAKE, 0.3438081748424137
215, 1, 8, Status.SNAKE, 0.3420891339682016
216, 1, 14, Status.WALL, 0.3403786882983606
217, 1, 8, Status.SNAKE, 0.3386767948568688
218, 0, 6, Status.WALL, 0.33698341088258443
219, 3, 39, Status.WALL, 0.3352984938281715
220, 1, 7, Status.WALL, 0.33362200135903064
221, 0, 14, Status.WALL, 0.33195389135223546
222, 3, 34, Status.SNAKE, 0.3302941218954743
223, 2, 24, Status.SNAKE, 0.32864265128599696
224, 1, 8, Status.SNAKE, 0.326999438029567
225, 1, 16, Status.SNAKE, 0.3253644408394192
226, 1, 12, Status.WALL, 0.3237376186352221
227, 5, 34, Status.SNAKE, 0.322118930542046
228, 1, 10, Status.SNAKE, 0.32050833588933575
229, 3, 25, Status.WALL, 0.31890579420988907
230, 0, 14, Status.WALL, 0.3173112652388396
231, 1, 26, Status.SNAKE, 0.3157247089126454
232, 2, 18, Status.WALL, 0.3141460853680822
233, 3, 34, Status.WALL, 0.3125753549412418
234, 1, 9, Status.SNAKE, 0.31101247816653554
235, 1, 10, Status.SNAKE, 0.30945741577570285
236, 3, 24, Status.WALL, 0.3079101286968243
237, 1, 11, Status.SNAKE, 0.3063705780533402
238, 3, 28, Status.WALL, 0.30483872516307353
239, 1, 9, Status.WALL, 0.3033145315372582
240, 1, 8, Status.WALL, 0.3017979588795719
241, 3, 26, Status.SNAKE, 0.30028896908517405
242, 0, 5, Status.WALL, 0.2987875242397482
243, 1, 12, Status.WALL, 0.29729358661854943
244, 2, 12, Status.WALL, 0.29580711868545667
245, 1, 12, Status.SNAKE, 0.2943280830920294
246, 0, 6, Status.WALL, 0.29285644267656924
247, 2, 19, Status.WALL, 0.2913921604631864
248, 6, 37, Status.WALL, 0.28993519966087045
249, 1, 5, Status.SNAKE, 0.2884855236625661
250, 1, 7, Status.WALL, 0.28704309604425327
251, 0, 7, Status.WALL, 0.285607880564032
252, 1, 10, Status.SNAKE, 0.28417984116121187
253, 1, 13, Status.WALL, 0.2827589419554058
254, 1, 15, Status.SNAKE, 0.28134514724562876
255, 1, 9, Status.SNAKE, 0.2799384215094006
256, 1, 25, Status.SNAKE, 0.27853872940185365
257, 1, 9, Status.WALL, 0.27714603575484437
258, 1, 16, Status.SNAKE, 0.2757603055760701
259, 1, 39, Status.SNAKE, 0.2743815040481898
260, 10, 47, Status.SNAKE, 0.2730095965279488
261, 2, 27, Status.SNAKE, 0.27164454854530906
262, 1, 11, Status.WALL, 0.2702863258025825
263, 1, 6, Status.SNAKE, 0.2689348941735696
264, 2, 18, Status.WALL, 0.26759021970270175
265, 2, 22, Status.SNAKE, 0.2662522686041882
266, 1, 16, Status.SNAKE, 0.2649210072611673
267, 2, 14, Status.WALL, 0.26359640222486147
268, 0, 13, Status.WALL, 0.26227842021373715
269, 1, 11, Status.WALL, 0.2609670281126685
270, 0, 7, Status.WALL, 0.25966219297210513
271, 6, 39, Status.WALL, 0.2583638820072446
272, 1, 16, Status.SNAKE, 0.2570720625972084
273, 2, 25, Status.WALL, 0.25578670228422234
274, 1, 21, Status.SNAKE, 0.25450776877280124
275, 1, 11, Status.SNAKE, 0.2532352299289372
276, 6, 30, Status.SNAKE, 0.2519690537792925
277, 1, 14, Status.WALL, 0.2507092085103961
278, 1, 16, Status.WALL, 0.2494556624678441
279, 0, 8, Status.WALL, 0.24820838415550486
280, 1, 23, Status.WALL, 0.24696734223472733
281, 3, 33, Status.WALL, 0.2457325055235537
282, 0, 12, Status.WALL, 0.24450384299593592
283, 1, 7, Status.WALL, 0.24328132378095624
284, 4, 47, Status.SNAKE, 0.24206491716205145
285, 2, 22, Status.SNAKE, 0.2408545925762412
286, 1, 4, Status.SNAKE, 0.23965031961336
287, 2, 25, Status.WALL, 0.2384520680152932
288, 2, 41, Status.SNAKE, 0.23725980767521673
289, 2, 35, Status.WALL, 0.23607350863684065
290, 2, 23, Status.WALL, 0.23489314109365644
291, 3, 52, Status.SNAKE, 0.23371867538818816
292, 3, 25, Status.WALL, 0.23255008201124722
293, 3, 33, Status.SNAKE, 0.231387331601191
294, 2, 22, Status.WALL, 0.23023039494318503
295, 3, 22, Status.WALL, 0.2290792429684691
296, 2, 14, Status.WALL, 0.22793384675362674
297, 11, 91, Status.SNAKE, 0.22679417751985861
298, 1, 12, Status.WALL, 0.22566020663225933
299, 3, 27, Status.WALL, 0.22453190559909803
300, 1, 16, Status.SNAKE, 0.22340924607110255
301, 1, 12, Status.WALL, 0.22229219984074702
302, 1, 14, Status.WALL, 0.2211807388415433
303, 0, 8, Status.WALL, 0.22007483514733558
304, 8, 47, Status.SNAKE, 0.2189744609715989
305, 3, 22, Status.WALL, 0.2178795886667409
306, 3, 17, Status.WALL, 0.2167901907234072
307, 2, 34, Status.SNAKE, 0.21570623976979014
308, 1, 12, Status.SNAKE, 0.21462770857094118
309, 4, 44, Status.SNAKE, 0.21355457002808648
310, 2, 19, Status.WALL, 0.21248679717794605
311, 4, 34, Status.WALL, 0.21142436319205632
312, 1, 7, Status.SNAKE, 0.21036724137609603
313, 5, 39, Status.SNAKE, 0.20931540516921554
314, 2, 30, Status.WALL, 0.20826882814336947
315, 5, 29, Status.WALL, 0.20722748400265262
316, 3, 32, Status.WALL, 0.20619134658263935
317, 10, 86, Status.WALL, 0.20516038984972615
318, 1, 8, Status.WALL, 0.2041345879004775
319, 4, 47, Status.WALL, 0.2031139149609751
320, 4, 22, Status.SNAKE, 0.20209834538617025
321, 1, 10, Status.SNAKE, 0.2010878536592394
322, 5, 31, Status.SNAKE, 0.2000824143909432
323, 2, 7, Status.WALL, 0.19908200231898848
324, 1, 13, Status.SNAKE, 0.19808659230739353
325, 2, 34, Status.WALL, 0.19709615934585656
326, 3, 24, Status.SNAKE, 0.19611067854912728
327, 2, 6, Status.SNAKE, 0.19513012515638165
328, 1, 10, Status.WALL, 0.19415447453059972
329, 7, 62, Status.SNAKE, 0.19318370215794672
330, 1, 10, Status.SNAKE, 0.192217783647157
331, 5, 49, Status.SNAKE, 0.1912566947289212
332, 1, 20, Status.WALL, 0.1903004112552766
333, 2, 33, Status.SNAKE, 0.18934890919900021
334, 2, 13, Status.SNAKE, 0.18840216465300522
335, 2, 29, Status.WALL, 0.18746015382974018
336, 5, 48, Status.SNAKE, 0.1865228530605915
337, 5, 27, Status.SNAKE, 0.18559023879528855
338, 3, 30, Status.SNAKE, 0.1846622876013121
339, 1, 22, Status.WALL, 0.18373897616330553
340, 4, 26, Status.SNAKE, 0.182820281282489
341, 8, 62, Status.WALL, 0.18190617987607657
342, 5, 39, Status.SNAKE, 0.18099664897669618
343, 4, 14, Status.SNAKE, 0.1800916657318127
344, 2, 11, Status.WALL, 0.17919120740315364
345, 1, 3, Status.SNAKE, 0.17829525136613786
346, 8, 66, Status.SNAKE, 0.17740377510930716
347, 1, 22, Status.WALL, 0.17651675623376062
348, 2, 29, Status.WALL, 0.1756341724525918
349, 1, 14, Status.SNAKE, 0.17475600159032884
350, 2, 15, Status.WALL, 0.17388222158237718
351, 0, 4, Status.WALL, 0.1730128104744653
352, 1, 13, Status.WALL, 0.17214774642209296
353, 3, 24, Status.SNAKE, 0.1712870076899825
354, 2, 19, Status.SNAKE, 0.17043057265153258
355, 6, 47, Status.SNAKE, 0.16957841978827493
356, 5, 27, Status.SNAKE, 0.16873052768933355
357, 3, 13, Status.SNAKE, 0.1678868750508869
358, 1, 6, Status.WALL, 0.16704744067563246
359, 1, 6, Status.SNAKE, 0.1662122034722543
360, 3, 22, Status.WALL, 0.16538114245489302
361, 2, 16, Status.WALL, 0.16455423674261854
362, 3, 22, Status.SNAKE, 0.16373146555890544
363, 3, 19, Status.WALL, 0.16291280823111093
364, 3, 16, Status.WALL, 0.16209824418995536
365, 3, 21, Status.SNAKE, 0.16128775296900558
366, 4, 41, Status.SNAKE, 0.16048131420416054
367, 1, 15, Status.SNAKE, 0.15967890763313974
368, 4, 42, Status.SNAKE, 0.15888051309497406
369, 2, 19, Status.WALL, 0.1580861105294992
370, 4, 35, Status.SNAKE, 0.1572956799768517
371, 2, 12, Status.WALL, 0.15650920157696743
372, 2, 10, Status.WALL, 0.1557266555690826
373, 6, 37, Status.SNAKE, 0.1549480222912372
374, 2, 41, Status.WALL, 0.15417328217978102
375, 2, 18, Status.SNAKE, 0.1534024157688821
376, 2, 12, Status.WALL, 0.1526354036900377
377, 5, 38, Status.SNAKE, 0.1518722266715875
378, 8, 44, Status.SNAKE, 0.15111286553822956
379, 7, 36, Status.SNAKE, 0.15035730121053842
380, 1, 9, Status.WALL, 0.14960551470448571
381, 1, 10, Status.WALL, 0.14885748713096328
382, 6, 39, Status.SNAKE, 0.14811319969530845
383, 5, 39, Status.WALL, 0.1473726336968319
384, 2, 30, Status.WALL, 0.14663577052834775
385, 1, 10, Status.SNAKE, 0.14590259167570602
386, 3, 19, Status.SNAKE, 0.1451730787173275
387, 3, 20, Status.WALL, 0.14444721332374086
388, 6, 34, Status.WALL, 0.14372497725712216
389, 11, 70, Status.SNAKE, 0.14300635237083656
390, 7, 44, Status.SNAKE, 0.14229132060898236
391, 7, 48, Status.SNAKE, 0.14157986400593744
392, 1, 12, Status.WALL, 0.14087196468590776
393, 2, 9, Status.WALL, 0.14016760486247823
394, 3, 25, Status.SNAKE, 0.13946676683816583
395, 5, 61, Status.SNAKE, 0.138769433003975
396, 3, 12, Status.WALL, 0.13807558583895513
397, 10, 72, Status.SNAKE, 0.13738520790976036
398, 1, 3, Status.SNAKE, 0.13669828187021155
399, 3, 21, Status.WALL, 0.13601479046086049
400, 6, 52, Status.WALL, 0.1353347165085562
401, 1, 8, Status.WALL, 0.1346580429260134
402, 3, 28, Status.WALL, 0.13398475271138335
403, 4, 33, Status.SNAKE, 0.13331482894782642
404, 4, 32, Status.WALL, 0.13264825480308728
405, 7, 62, Status.SNAKE, 0.13198501352907185
406, 8, 46, Status.WALL, 0.1313250884614265
407, 2, 20, Status.WALL, 0.13066846301911936
408, 4, 25, Status.SNAKE, 0.13001512070402377
409, 1, 8, Status.WALL, 0.12936504510050365
410, 6, 34, Status.WALL, 0.12871821987500112
411, 6, 45, Status.WALL, 0.12807462877562611
412, 3, 22, Status.WALL, 0.12743425563174798
413, 5, 39, Status.SNAKE, 0.12679708435358925
414, 5, 36, Status.SNAKE, 0.1261630989318213
415, 6, 55, Status.SNAKE, 0.1255322834371622
416, 2, 7, Status.SNAKE, 0.12490462201997637
417, 7, 43, Status.SNAKE, 0.1242800989098765
418, 1, 5, Status.SNAKE, 0.12365869841532712
419, 4, 25, Status.WALL, 0.12304040492325048
420, 7, 46, Status.SNAKE, 0.12242520289863423
421, 9, 55, Status.SNAKE, 0.12181307688414106
422, 6, 42, Status.WALL, 0.12120401149972035
423, 3, 20, Status.SNAKE, 0.12059799144222175
424, 2, 11, Status.WALL, 0.11999500148501063
425, 6, 54, Status.WALL, 0.11939502647758558
426, 12, 91, Status.SNAKE, 0.11879805134519765
427, 5, 50, Status.SNAKE, 0.11820406108847166
428, 2, 16, Status.WALL, 0.1176130407830293
429, 3, 37, Status.SNAKE, 0.11702497557911415
430, 2, 15, Status.WALL, 0.11643985070121858
431, 3, 19, Status.WALL, 0.11585765144771248
432, 1, 8, Status.WALL, 0.11527836319047392
433, 6, 52, Status.SNAKE, 0.11470197137452155
434, 1, 8, Status.WALL, 0.11412846151764894
435, 8, 72, Status.WALL, 0.1135578192100607
436, 1, 7, Status.SNAKE, 0.11299003011401039
437, 1, 8, Status.SNAKE, 0.11242507996344034
438, 3, 18, Status.SNAKE, 0.11186295456362313
439, 4, 35, Status.SNAKE, 0.11130363979080501
440, 3, 27, Status.SNAKE, 0.11074712159185099
441, 1, 3, Status.SNAKE, 0.11019338598389174
442, 3, 32, Status.SNAKE, 0.10964241905397228
443, 1, 9, Status.SNAKE, 0.10909420695870241
444, 1, 7, Status.SNAKE, 0.1085487359239089
445, 3, 28, Status.SNAKE, 0.10800599224428936
446, 3, 25, Status.SNAKE, 0.10746596228306791
447, 2, 15, Status.WALL, 0.10692863247165257
448, 9, 52, Status.WALL, 0.1063939893092943
449, 3, 30, Status.SNAKE, 0.10586201936274783
450, 12, 75, Status.WALL, 0.10533270926593409
451, 15, 96, Status.SNAKE, 0.10480604571960442
452, 11, 96, Status.WALL, 0.1042820154910064
453, 4, 35, Status.SNAKE, 0.10376060541355137
454, 4, 31, Status.SNAKE, 0.1032418023864836
455, 12, 96, Status.SNAKE, 0.10272559337455119
456, 5, 22, Status.SNAKE, 0.10221196540767843
457, 3, 12, Status.WALL, 0.10170090558064004
458, 2, 9, Status.SNAKE, 0.10119240105273684
459, 1, 9, Status.WALL, 0.10068643904747315
460, 6, 39, Status.SNAKE, 0.10018300685223579
461, 4, 45, Status.WALL, 0.0996820918179746
462, 3, 23, Status.SNAKE, 0.09918368135888474
463, 4, 24, Status.WALL, 0.09868776295209031
464, 3, 21, Status.WALL, 0.09819432413732986
465, 5, 43, Status.SNAKE, 0.09770335251664321
466, 3, 25, Status.SNAKE, 0.09721483575406
467, 2, 8, Status.WALL, 0.09672876157528969
468, 6, 57, Status.SNAKE, 0.09624511776741324
469, 8, 66, Status.WALL, 0.09576389217857617
470, 7, 42, Status.WALL, 0.09528507271768329
471, 3, 18, Status.WALL, 0.09480864735409487
472, 6, 27, Status.WALL, 0.0943346041173244
473, 6, 39, Status.SNAKE, 0.09386293109673778
474, 3, 27, Status.SNAKE, 0.09339361644125409
475, 1, 3, Status.SNAKE, 0.09292664835904782
476, 2, 27, Status.SNAKE, 0.09246201511725258
477, 3, 16, Status.WALL, 0.09199970504166631
478, 2, 17, Status.SNAKE, 0.09153970651645797
479, 2, 23, Status.SNAKE, 0.09108200798387568
480, 4, 26, Status.WALL, 0.0906265979439563
481, 10, 78, Status.SNAKE, 0.09017346495423652
482, 10, 54, Status.SNAKE, 0.08972259762946533
483, 8, 63, Status.SNAKE, 0.089273984641318
484, 2, 13, Status.SNAKE, 0.0888276147181114
485, 7, 39, Status.SNAKE, 0.08838347664452084
486, 1, 8, Status.WALL, 0.08794155926129824
487, 1, 16, Status.WALL, 0.08750185146499175
488, 2, 3, Status.SNAKE, 0.08706434220766679
489, 14, 130, Status.SNAKE, 0.08662902049662846
490, 7, 43, Status.SNAKE, 0.08619587539414532
491, 7, 51, Status.SNAKE, 0.08576489601717459
492, 1, 8, Status.SNAKE, 0.08533607153708872
493, 3, 31, Status.SNAKE, 0.08490939117940327
494, 3, 16, Status.WALL, 0.08448484422350626
495, 2, 10, Status.SNAKE, 0.08406242000238873
496, 3, 21, Status.WALL, 0.08364210790237678
497, 0, 5, Status.WALL, 0.0832238973628649
498, 3, 29, Status.WALL, 0.08280777787605056
499, 7, 48, Status.SNAKE, 0.08239373898667031
500, 3, 28, Status.SNAKE, 0.08198177029173696
501, 2, 16, Status.SNAKE, 0.08157186144027828
502, 7, 53, Status.SNAKE, 0.0811640021330769
503, 3, 18, Status.SNAKE, 0.08075818212241151
504, 5, 44, Status.WALL, 0.08035439121179945
505, 5, 23, Status.SNAKE, 0.07995261925574046
506, 3, 24, Status.WALL, 0.07955285615946175
507, 4, 19, Status.SNAKE, 0.07915509187866444
508, 7, 53, Status.WALL, 0.07875931641927113
509, 8, 59, Status.SNAKE, 0.07836551983717477
510, 1, 12, Status.WALL, 0.07797369223798889
511, 8, 73, Status.SNAKE, 0.07758382377679894
512, 1, 6, Status.SNAKE, 0.07719590465791494
513, 9, 56, Status.WALL, 0.07680992513462537
514, 1, 11, Status.WALL, 0.07642587550895225
515, 1, 7, Status.SNAKE, 0.07604374613140748
516, 2, 25, Status.WALL, 0.07566352740075044
517, 7, 52, Status.SNAKE, 0.07528520976374668
518, 12, 65, Status.SNAKE, 0.07490878371492794
519, 4, 25, Status.SNAKE, 0.0745342397963533
520, 8, 59, Status.SNAKE, 0.07416156859737154
521, 5, 33, Status.SNAKE, 0.07379076075438468
522, 9, 52, Status.SNAKE, 0.07342180695061275
523, 1, 10, Status.SNAKE, 0.07305469791585968
524, 3, 15, Status.WALL, 0.07268942442628039
525, 5, 59, Status.SNAKE, 0.07232597730414898
526, 1, 5, Status.SNAKE, 0.07196434741762824
527, 3, 25, Status.SNAKE, 0.0716045256805401
528, 5, 33, Status.SNAKE, 0.0712465030521374
529, 8, 56, Status.WALL, 0.0708902705368767
530, 12, 69, Status.SNAKE, 0.07053581918419231
531, 1, 18, Status.SNAKE, 0.07018314008827135
532, 6, 37, Status.SNAKE, 0.06983222438783
533, 7, 43, Status.SNAKE, 0.06948306326589085
534, 11, 104, Status.SNAKE, 0.0691356479495614
535, 4, 22, Status.SNAKE, 0.06878996970981359
536, 2, 24, Status.SNAKE, 0.06844601986126451
537, 9, 62, Status.SNAKE, 0.06810378976195819
538, 6, 57, Status.SNAKE, 0.0677632708131484
539, 4, 31, Status.SNAKE, 0.06742445445908266
540, 0, 7, Status.WALL, 0.06708733218678724
541, 4, 48, Status.SNAKE, 0.0667518955258533
542, 17, 118, Status.WALL, 0.06641813604822402
543, 3, 19, Status.SNAKE, 0.0660860453679829
544, 11, 81, Status.SNAKE, 0.06575561514114299
545, 4, 22, Status.SNAKE, 0.06542683706543727
546, 3, 18, Status.SNAKE, 0.06509970288011008
547, 1, 10, Status.SNAKE, 0.06477420436570952
548, 5, 26, Status.WALL, 0.06445033334388098
549, 6, 35, Status.WALL, 0.06412808167716157
550, 5, 27, Status.SNAKE, 0.06380744126877576
551, 13, 117, Status.SNAKE, 0.06348840406243188
552, 7, 63, Status.SNAKE, 0.06317096204211972
553, 5, 30, Status.SNAKE, 0.06285510723190912
554, 9, 80, Status.SNAKE, 0.06254083169574957
555, 9, 60, Status.SNAKE, 0.062228127537270826
556, 15, 96, Status.SNAKE, 0.06191698689958447
557, 9, 67, Status.WALL, 0.061607401965086545
558, 4, 21, Status.SNAKE, 0.06129936495526111
559, 2, 18, Status.WALL, 0.0609928681304848
560, 6, 46, Status.SNAKE, 0.060687903789832374
561, 1, 13, Status.SNAKE, 0.06038446427088321
562, 3, 18, Status.SNAKE, 0.06008254194952879
563, 6, 45, Status.SNAKE, 0.05978212923978115
564, 6, 49, Status.WALL, 0.05948321859358224
565, 14, 100, Status.WALL, 0.05918580250061433
566, 0, 4, Status.WALL, 0.058889873488111255
567, 7, 51, Status.SNAKE, 0.058595424120670696
568, 2, 12, Status.SNAKE, 0.05830244700006734
569, 1, 18, Status.SNAKE, 0.058010934765067
570, 3, 22, Status.SNAKE, 0.05772088009124167
571, 6, 34, Status.SNAKE, 0.05743227569078546
572, 1, 13, Status.SNAKE, 0.05714511431233153
573, 5, 31, Status.SNAKE, 0.05685938874076987
574, 2, 20, Status.SNAKE, 0.056575091797066025
575, 2, 8, Status.SNAKE, 0.056292216338080694
576, 15, 120, Status.SNAKE, 0.05601075525639029
577, 1, 9, Status.WALL, 0.05573070148010834
578, 12, 103, Status.SNAKE, 0.0554520479727078
579, 5, 39, Status.WALL, 0.05517478773284426
580, 3, 25, Status.SNAKE, 0.05489891379418004
581, 6, 58, Status.SNAKE, 0.05462441922520914
582, 11, 73, Status.SNAKE, 0.0543512971290831
583, 9, 53, Status.SNAKE, 0.05407954064343768
584, 6, 51, Status.SNAKE, 0.05380914294022049
585, 6, 37, Status.SNAKE, 0.05354009722551939
586, 1, 3, Status.SNAKE, 0.05327239673939179
587, 5, 45, Status.WALL, 0.053006034755694834
588, 1, 8, Status.SNAKE, 0.052741004581916356
589, 6, 26, Status.SNAKE, 0.052477299559006776
590, 7, 36, Status.WALL, 0.052214913061211746
591, 3, 19, Status.SNAKE, 0.05195383849590569
592, 7, 56, Status.WALL, 0.05169406930342616
593, 2, 19, Status.WALL, 0.05143559895690903
594, 5, 36, Status.SNAKE, 0.051178420962124486
595, 3, 17, Status.SNAKE, 0.05092252885731386
596, 5, 32, Status.SNAKE, 0.05066791621302729
597, 2, 14, Status.SNAKE, 0.05041457663196215
598, 6, 31, Status.SNAKE, 0.050162503748802344
599, 6, 35, Status.WALL, 0.049911691230058335
600, 6, 39, Status.SNAKE, 0.04966213277390804
601, 9, 73, Status.SNAKE, 0.0494138221100385
602, 8, 39, Status.SNAKE, 0.04916675299948831
603, 4, 50, Status.WALL, 0.04892091923449087
604, 8, 69, Status.WALL, 0.04867631463831842
605, 11, 71, Status.SNAKE, 0.048432933065126825
606, 1, 11, Status.SNAKE, 0.048190768399801194
607, 11, 89, Status.SNAKE, 0.04794981455780219
608, 4, 23, Status.SNAKE, 0.04771006548501318
609, 0, 5, Status.WALL, 0.047471515157588115
610, 1, 3, Status.SNAKE, 0.047234157581800176
611, 4, 16, Status.WALL, 0.046997986793891174
612, 1, 11, Status.WALL, 0.04676299685992172
613, 1, 11, Status.WALL, 0.04652918187562211
614, 11, 52, Status.SNAKE, 0.046296535966244
615, 10, 85, Status.SNAKE, 0.046065053286412784
616, 3, 29, Status.SNAKE, 0.04583472801998072
617, 3, 25, Status.WALL, 0.045605554379880814
618, 4, 35, Status.WALL, 0.04537752660798141
619, 3, 38, Status.SNAKE, 0.0451506389749415
620, 6, 44, Status.SNAKE, 0.044924885780066794
621, 9, 51, Status.SNAKE, 0.04470026135116646
622, 7, 54, Status.SNAKE, 0.04447676004441063
623, 2, 17, Status.SNAKE, 0.04425437624418858
624, 2, 25, Status.WALL, 0.04403310436296763
625, 6, 34, Status.SNAKE, 0.043812938841152796
626, 9, 62, Status.SNAKE, 0.04359387414694703
627, 13, 78, Status.WALL, 0.043375904776212296
628, 4, 21, Status.SNAKE, 0.043159025252331236
629, 2, 10, Status.WALL, 0.04294323012606958
630, 5, 19, Status.SNAKE, 0.04272851397543923
631, 5, 33, Status.SNAKE, 0.04251487140556204
632, 3, 19, Status.SNAKE, 0.04230229704853423
633, 1, 7, Status.SNAKE, 0.04209078556329156
634, 12, 61, Status.SNAKE, 0.0418803316354751
635, 5, 28, Status.SNAKE, 0.041670929977297724
636, 10, 63, Status.SNAKE, 0.04146257532741124
637, 5, 38, Status.SNAKE, 0.04125526245077418
638, 12, 101, Status.SNAKE, 0.04104898613852031
639, 12, 70, Status.SNAKE, 0.04084374120782771
640, 10, 59, Status.SNAKE, 0.04063952250178857
641, 5, 26, Status.WALL, 0.04043632488927963
642, 3, 20, Status.SNAKE, 0.04023414326483323
643, 5, 35, Status.SNAKE, 0.040032972548509065
644, 8, 66, Status.WALL, 0.03983280768576652
645, 6, 36, Status.WALL, 0.03963364364733769
646, 2, 10, Status.WALL, 0.039435475429100995
647, 8, 60, Status.WALL, 0.03923829805195549
648, 13, 107, Status.WALL, 0.03904210656169572
649, 20, 124, Status.SNAKE, 0.03884689602888724
650, 3, 17, Status.SNAKE, 0.0386526615487428
651, 6, 41, Status.SNAKE, 0.03845939824099909
652, 15, 101, Status.SNAKE, 0.03826710124979409
653, 5, 41, Status.SNAKE, 0.038075765743545126
654, 7, 33, Status.SNAKE, 0.0378853869148274
655, 8, 47, Status.SNAKE, 0.03769595998025326
656, 7, 45, Status.SNAKE, 0.03750748018035199
657, 7, 33, Status.SNAKE, 0.037319942779450235
658, 1, 13, Status.SNAKE, 0.037133343065552986
659, 6, 36, Status.SNAKE, 0.03694767635022522
660, 5, 30, Status.SNAKE, 0.036762937968474095
661, 4, 35, Status.SNAKE, 0.03657912327863173
662, 13, 64, Status.WALL, 0.036396227662238566
663, 10, 53, Status.SNAKE, 0.03621424652392737
664, 7, 58, Status.SNAKE, 0.036033175291307735
665, 10, 74, Status.WALL, 0.03585300941485119
666, 1, 12, Status.WALL, 0.035673744367776934
667, 6, 32, Status.SNAKE, 0.03549537564593805
668, 10, 59, Status.SNAKE, 0.035317898767708356
669, 4, 19, Status.WALL, 0.03514130927386981
670, 10, 45, Status.SNAKE, 0.03496560272750046
671, 3, 16, Status.SNAKE, 0.03479077471386296
672, 3, 24, Status.SNAKE, 0.03461682084029365
673, 0, 8, Status.WALL, 0.034443736736092176
674, 3, 36, Status.WALL, 0.034271518052411715
675, 2, 13, Status.SNAKE, 0.034100160462149656
676, 9, 49, Status.SNAKE, 0.03392965965983891
677, 10, 63, Status.SNAKE, 0.033760011361539714
678, 1, 6, Status.SNAKE, 0.03359121130473201
679, 4, 26, Status.SNAKE, 0.033423255248208356
680, 10, 90, Status.SNAKE, 0.03325613897196732
681, 6, 32, Status.SNAKE, 0.03308985827710748
682, 6, 69, Status.WALL, 0.032924408985721944
683, 4, 31, Status.WALL, 0.03275978694079333
684, 10, 50, Status.SNAKE, 0.032595988006089364
685, 5, 36, Status.WALL, 0.032433008066058915
686, 1, 10, Status.WALL, 0.03227084302572862
687, 1, 10, Status.WALL, 0.032109488810599975
688, 9, 51, Status.SNAKE, 0.031948941366546975
689, 5, 37, Status.SNAKE, 0.03178919665971424
690, 6, 48, Status.WALL, 0.03163025067641567
691, 12, 77, Status.WALL, 0.03147209942303359
692, 10, 72, Status.SNAKE, 0.03131473892591842
693, 3, 23, Status.SNAKE, 0.031158165231288826
694, 7, 62, Status.WALL, 0.03100237440513238
695, 7, 48, Status.SNAKE, 0.030847362533106718
696, 3, 33, Status.SNAKE, 0.030693125720441184
697, 8, 82, Status.SNAKE, 0.030539660091838977
698, 1, 15, Status.SNAKE, 0.03038696179137978
699, 5, 37, Status.SNAKE, 0.030235026982422884
700, 2, 5, Status.SNAKE, 0.030083851847510768
701, 5, 36, Status.WALL, 0.029933432588273214
702, 12, 66, Status.SNAKE, 0.029783765425331846
703, 8, 56, Status.WALL, 0.029634846598205186
704, 5, 51, Status.WALL, 0.02948667236521416
705, 9, 58, Status.SNAKE, 0.029339239003388088
706, 3, 16, Status.SNAKE, 0.029192542808371146
707, 10, 78, Status.SNAKE, 0.02904658009432929
708, 1, 3, Status.SNAKE, 0.028901347193857643
709, 5, 34, Status.SNAKE, 0.028756840457888354
710, 10, 67, Status.SNAKE, 0.02861305625559891
711, 12, 75, Status.SNAKE, 0.028469990974320916
712, 6, 42, Status.SNAKE, 0.02832764101944931
713, 1, 8, Status.WALL, 0.028186002814352063
714, 0, 9, Status.WALL, 0.0280450728002803
715, 3, 20, Status.SNAKE, 0.0279048474362789
716, 1, 8, Status.SNAKE, 0.027765323199097504
717, 10, 71, Status.SNAKE, 0.027626496583102015
718, 4, 30, Status.SNAKE, 0.027488364100186506
719, 6, 48, Status.WALL, 0.027350922279685573
720, 17, 93, Status.SNAKE, 0.027214167668287145
721, 3, 7, Status.SNAKE, 0.02707809682994571
722, 5, 21, Status.SNAKE, 0.02694270634579598
723, 5, 36, Status.SNAKE, 0.026807992814067
724, 5, 28, Status.SNAKE, 0.026673952849996664
725, 6, 34, Status.SNAKE, 0.02654058308574668
726, 6, 50, Status.WALL, 0.026407880170317945
727, 6, 42, Status.WALL, 0.026275840769466357
728, 10, 57, Status.SNAKE, 0.026144461565619025
729, 3, 21, Status.WALL, 0.02601373925779093
730, 18, 108, Status.SNAKE, 0.025883670561501974
731, 3, 25, Status.SNAKE, 0.025754252208694463
732, 9, 54, Status.SNAKE, 0.02562548094765099
733, 7, 44, Status.SNAKE, 0.025497353542912736
734, 17, 91, Status.SNAKE, 0.02536986677519817
735, 12, 94, Status.SNAKE, 0.02524301744132218
736, 3, 23, Status.SNAKE, 0.025116802354115567
737, 5, 16, Status.SNAKE, 0.024991218342344988
738, 1, 10, Status.SNAKE, 0.024866262250633264
739, 7, 50, Status.SNAKE, 0.024741930939380097
740, 9, 47, Status.SNAKE, 0.024618221284683196
741, 3, 19, Status.SNAKE, 0.02449513017825978
742, 18, 118, Status.SNAKE, 0.02437265452736848
743, 1, 5, Status.SNAKE, 0.024250791254731636
744, 8, 42, Status.SNAKE, 0.024129537298457977
745, 8, 48, Status.SNAKE, 0.024008889611965685
746, 5, 26, Status.SNAKE, 0.023888845163905856
747, 14, 75, Status.WALL, 0.023769400938086327
748, 11, 76, Status.SNAKE, 0.023650553933395897
749, 2, 9, Status.SNAKE, 0.023532301163728918
750, 20, 129, Status.SNAKE, 0.023414639657910272
751, 4, 20, Status.SNAKE, 0.023297566459620722
752, 12, 69, Status.SNAKE, 0.023181078627322618
753, 4, 21, Status.WALL, 0.023065173234186005
754, 9, 55, Status.WALL, 0.022949847368015076
755, 5, 25, Status.SNAKE, 0.022835098131175
756, 8, 49, Status.SNAKE, 0.022720922640519125
757, 10, 64, Status.SNAKE, 0.02260731802731653
758, 4, 29, Status.SNAKE, 0.022494281437179946
759, 3, 17, Status.WALL, 0.022381810029994047
760, 15, 105, Status.SNAKE, 0.022269900979844076
761, 17, 100, Status.SNAKE, 0.022158551474944856
762, 7, 51, Status.SNAKE, 0.022047758717570132
763, 12, 68, Status.SNAKE, 0.021937519923982282
764, 6, 34, Status.SNAKE, 0.021827832324362372
765, 5, 45, Status.SNAKE, 0.02171869316274056
766, 1, 8, Status.SNAKE, 0.021610099696926857
767, 7, 58, Status.SNAKE, 0.021502049198442223
768, 14, 126, Status.SNAKE, 0.021394538952450012
769, 6, 42, Status.WALL, 0.02128756625768776
770, 11, 81, Status.SNAKE, 0.021181128426399323
771, 5, 28, Status.SNAKE, 0.021075222784267326
772, 8, 57, Status.SNAKE, 0.020969846670345987
773, 2, 13, Status.SNAKE, 0.020864997436994256
774, 11, 88, Status.WALL, 0.020760672449809284
775, 6, 49, Status.WALL, 0.020656869087560238
776, 3, 25, Status.SNAKE, 0.020553584742122436
777, 2, 10, Status.SNAKE, 0.020450816818411825
778, 4, 30, Status.SNAKE, 0.020348562734319765
779, 10, 75, Status.SNAKE, 0.020246819920648168
780, 3, 28, Status.SNAKE, 0.020145585821044927
781, 10, 54, Status.SNAKE, 0.020044857891939702
782, 2, 19, Status.WALL, 0.019944633602480003
783, 3, 22, Status.SNAKE, 0.019844910434467605
784, 13, 86, Status.SNAKE, 0.019745685882295267
785, 6, 29, Status.SNAKE, 0.01964695745288379
786, 15, 118, Status.SNAKE, 0.01954872266561937
787, 4, 25, Status.SNAKE, 0.019450979052291272
788, 12, 71, Status.SNAKE, 0.019353724157029815
789, 6, 41, Status.WALL, 0.019256955536244666
790, 7, 48, Status.SNAKE, 0.019160670758563442
791, 16, 105, Status.SNAKE, 0.019064867404770626
792, 16, 90, Status.WALL, 0.018969543067746772
793, 5, 31, Status.SNAKE, 0.018874695352408037
794, 6, 31, Status.SNAKE, 0.018780321875645996
795, 16, 107, Status.WALL, 0.018686420266267767
796, 9, 63, Status.SNAKE, 0.018592988164936427
797, 9, 43, Status.SNAKE, 0.018500023224111744
798, 8, 42, Status.SNAKE, 0.018407523107991184
799, 3, 41, Status.WALL, 0.01831548549245123
800, 2, 13, Status.SNAKE, 0.018223908064988973
801, 10, 60, Status.SNAKE, 0.018132788524664028
802, 13, 87, Status.SNAKE, 0.018042124582040707
803, 10, 71, Status.SNAKE, 0.017951913959130504
804, 4, 24, Status.SNAKE, 0.01786215438933485
805, 7, 44, Status.SNAKE, 0.017772843617388175
806, 4, 22, Status.SNAKE, 0.017683979399301233
807, 15, 95, Status.SNAKE, 0.017595559502304726
808, 14, 107, Status.SNAKE, 0.0175075817047932
809, 7, 50, Status.SNAKE, 0.017420043796269234
810, 5, 50, Status.SNAKE, 0.017332943577287888
811, 7, 47, Status.WALL, 0.01724627885940145
812, 6, 41, Status.SNAKE, 0.017160047465104442
813, 16, 97, Status.SNAKE, 0.01707424722777892
814, 9, 54, Status.SNAKE, 0.016988875991640028
815, 10, 63, Status.SNAKE, 0.016903931611681827
816, 3, 32, Status.WALL, 0.01681941195362342
817, 13, 93, Status.SNAKE, 0.016735314893855303
818, 17, 104, Status.SNAKE, 0.016651638319386028
819, 0, 7, Status.WALL, 0.0165683801277891
820, 4, 36, Status.SNAKE, 0.016485538227150154
821, 1, 3, Status.SNAKE, 0.0164031105360144
822, 9, 64, Status.SNAKE, 0.01632109498333433
823, 5, 22, Status.SNAKE, 0.016239489508417658
824, 6, 47, Status.SNAKE, 0.01615829206087557
825, 8, 48, Status.SNAKE, 0.01607750060057119
826, 10, 52, Status.SNAKE, 0.015997113097568336
827, 3, 15, Status.WALL, 0.015917127532080494
828, 16, 125, Status.WALL, 0.01583754189442009
829, 6, 51, Status.SNAKE, 0.01575835418494799
830, 1, 4, Status.SNAKE, 0.01567956241402325
831, 12, 58, Status.WALL, 0.015601164601953134
832, 6, 42, Status.SNAKE, 0.015523158778943369
833, 13, 81, Status.SNAKE, 0.015445542985048652
834, 3, 18, Status.SNAKE, 0.015368315270123408
835, 19, 123, Status.SNAKE, 0.01529147369377279
836, 13, 80, Status.SNAKE, 0.015215016325303928
837, 8, 73, Status.SNAKE, 0.015138941243677408
838, 8, 60, Status.SNAKE, 0.01506324653745902
839, 10, 66, Status.SNAKE, 0.014987930304771725
840, 3, 23, Status.SNAKE, 0.014912990653247866
841, 5, 37, Status.SNAKE, 0.014838425699981627
842, 11, 82, Status.SNAKE, 0.01476423357148172
843, 11, 75, Status.SNAKE, 0.014690412403624311
844, 6, 30, Status.SNAKE, 0.01461696034160619
845, 10, 78, Status.SNAKE, 0.014543875539898159
846, 8, 53, Status.SNAKE, 0.014471156162198668
847, 9, 82, Status.WALL, 0.014398800381387675
848, 8, 42, Status.SNAKE, 0.014326806379480736
849, 18, 147, Status.SNAKE, 0.014255172347583332
850, 4, 26, Status.SNAKE, 0.014183896485845416
851, 2, 11, Status.SNAKE, 0.014112977003416188
852, 8, 62, Status.SNAKE, 0.014042412118399107
853, 8, 44, Status.SNAKE, 0.013972200057807112
854, 6, 26, Status.SNAKE, 0.013902339057518077
855, 1, 6, Status.WALL, 0.013832827362230486
856, 4, 36, Status.WALL, 0.013763663225419333
857, 13, 92, Status.SNAKE, 0.013694844909292236
858, 13, 100, Status.SNAKE, 0.013626370684745774
859, 6, 32, Status.SNAKE, 0.013558238831322046
860, 5, 40, Status.SNAKE, 0.013490447637165436
861, 6, 36, Status.SNAKE, 0.013422995398979608
862, 15, 102, Status.SNAKE, 0.01335588042198471
863, 13, 90, Status.SNAKE, 0.013289101019874787
864, 5, 26, Status.SNAKE, 0.013222655514775413
865, 7, 48, Status.SNAKE, 0.013156542237201536
866, 4, 27, Status.SNAKE, 0.013090759526015528
867, 8, 72, Status.SNAKE, 0.01302530572838545
868, 12, 87, Status.SNAKE, 0.012960179199743523
869, 6, 31, Status.SNAKE, 0.012895378303744804
870, 11, 82, Status.SNAKE, 0.01283090141222608
871, 7, 58, Status.SNAKE, 0.012766746905164949
872, 11, 89, Status.SNAKE, 0.012702913170639124
873, 16, 131, Status.SNAKE, 0.012639398604785928
874, 4, 34, Status.WALL, 0.012576201611761997
875, 9, 54, Status.WALL, 0.012513320603703188
876, 2, 26, Status.WALL, 0.012450754000684672
877, 12, 68, Status.SNAKE, 0.012388500230681249
878, 6, 36, Status.SNAKE, 0.012326557729527843
879, 0, 7, Status.WALL, 0.012264924940880204
880, 1, 8, Status.SNAKE, 0.012203600316175803
881, 2, 18, Status.SNAKE, 0.012142582314594924
882, 0, 7, Status.WALL, 0.01208186940302195
883, 1, 20, Status.WALL, 0.01202146005600684
884, 13, 106, Status.SNAKE, 0.011961352755726806
885, 8, 49, Status.SNAKE, 0.01190154599194817
886, 4, 22, Status.SNAKE, 0.01184203826198843
887, 16, 131, Status.SNAKE, 0.011782828070678488
888, 2, 14, Status.SNAKE, 0.011723913930325095
889, 9, 50, Status.SNAKE, 0.01166529436067347
890, 5, 30, Status.SNAKE, 0.011606967888870102
891, 10, 74, Status.SNAKE, 0.01154893304942575
892, 8, 62, Status.SNAKE, 0.011491188384178622
893, 8, 66, Status.SNAKE, 0.011433732442257729
894, 6, 49, Status.SNAKE, 0.01137656378004644
895, 11, 59, Status.SNAKE, 0.011319680961146208
896, 14, 99, Status.SNAKE, 0.011263082556340478
897, 3, 23, Status.WALL, 0.011206767143558775
898, 9, 55, Status.SNAKE, 0.011150733307840981
899, 20, 136, Status.SNAKE, 0.011094979641301777
900, 3, 32, Status.SNAKE, 0.011039504743095268
901, 3, 13, Status.SNAKE, 0.01098430721937979
902, 6, 41, Status.SNAKE, 0.010929385683282892
903, 13, 90, Status.SNAKE, 0.010874738754866477
904, 10, 62, Status.WALL, 0.010820365061092144
905, 9, 59, Status.SNAKE, 0.010766263235786683
906, 11, 77, Status.SNAKE, 0.01071243191960775
907, 3, 22, Status.WALL, 0.010658869760009713
908, 10, 61, Status.SNAKE, 0.010605575411209664
909, 5, 34, Status.SNAKE, 0.010552547534153616
910, 4, 17, Status.SNAKE, 0.010499784796482848
911, 4, 29, Status.SNAKE, 0.010447285872500434
912, 1, 3, Status.SNAKE, 0.01039504944313793
913, 11, 59, Status.WALL, 0.010343074195922241
914, 5, 25, Status.SNAKE, 0.01029135882494263
915, 18, 100, Status.SNAKE, 0.010239902030817916
916, 8, 72, Status.SNAKE, 0.010188702520663827
917, 12, 82, Status.SNAKE, 0.010137759008060509
918, 6, 45, Status.SNAKE, 0.010087070213020206
919, 2, 14, Status.WALL, 0.010036634861955105
920, 4, 26, Status.WALL, 0.01
921, 14, 108, Status.SNAKE, 0.01
922, 11, 57, Status.SNAKE, 0.01
923, 6, 46, Status.SNAKE, 0.01
924, 9, 67, Status.WALL, 0.01
925, 4, 28, Status.WALL, 0.01
926, 8, 46, Status.SNAKE, 0.01
927, 4, 20, Status.SNAKE, 0.01
928, 6, 50, Status.SNAKE, 0.01
929, 5, 24, Status.WALL, 0.01
930, 9, 60, Status.SNAKE, 0.01
931, 10, 66, Status.SNAKE, 0.01
932, 10, 66, Status.SNAKE, 0.01
933, 4, 36, Status.WALL, 0.01
934, 17, 84, Status.SNAKE, 0.01
935, 8, 43, Status.SNAKE, 0.01
936, 14, 59, Status.SNAKE, 0.01
937, 10, 76, Status.WALL, 0.01
938, 6, 32, Status.WALL, 0.01
939, 15, 134, Status.SNAKE, 0.01
940, 3, 21, Status.SNAKE, 0.01
941, 12, 100, Status.SNAKE, 0.01
942, 18, 112, Status.SNAKE, 0.01
943, 17, 125, Status.WALL, 0.01
944, 6, 41, Status.SNAKE, 0.01
945, 14, 100, Status.SNAKE, 0.01
946, 1, 5, Status.SNAKE, 0.01
947, 4, 26, Status.SNAKE, 0.01
948, 11, 104, Status.SNAKE, 0.01
949, 2, 12, Status.SNAKE, 0.01
950, 7, 53, Status.SNAKE, 0.01
951, 5, 30, Status.WALL, 0.01
952, 4, 32, Status.SNAKE, 0.01
953, 17, 114, Status.SNAKE, 0.01
954, 6, 45, Status.SNAKE, 0.01
955, 9, 55, Status.SNAKE, 0.01
956, 5, 26, Status.SNAKE, 0.01
957, 11, 70, Status.WALL, 0.01
958, 13, 69, Status.SNAKE, 0.01
959, 16, 94, Status.SNAKE, 0.01
960, 3, 28, Status.WALL, 0.01
961, 12, 86, Status.SNAKE, 0.01
962, 3, 30, Status.WALL, 0.01
963, 3, 17, Status.WALL, 0.01
964, 10, 82, Status.SNAKE, 0.01
965, 6, 29, Status.SNAKE, 0.01
966, 14, 92, Status.WALL, 0.01
967, 8, 49, Status.SNAKE, 0.01
968, 3, 20, Status.WALL, 0.01
969, 12, 73, Status.SNAKE, 0.01
970, 9, 48, Status.SNAKE, 0.01
971, 3, 16, Status.SNAKE, 0.01
972, 2, 8, Status.SNAKE, 0.01
973, 7, 48, Status.SNAKE, 0.01
974, 5, 25, Status.SNAKE, 0.01
975, 11, 79, Status.SNAKE, 0.01
976, 5, 41, Status.WALL, 0.01
977, 8, 48, Status.SNAKE, 0.01
978, 10, 42, Status.SNAKE, 0.01
979, 12, 72, Status.SNAKE, 0.01
980, 10, 70, Status.SNAKE, 0.01
981, 8, 51, Status.SNAKE, 0.01
982, 8, 48, Status.SNAKE, 0.01
983, 9, 64, Status.SNAKE, 0.01
984, 7, 52, Status.SNAKE, 0.01
985, 4, 37, Status.WALL, 0.01
986, 11, 71, Status.WALL, 0.01
987, 10, 87, Status.SNAKE, 0.01
988, 9, 65, Status.SNAKE, 0.01
989, 2, 18, Status.SNAKE, 0.01
990, 12, 76, Status.SNAKE, 0.01
991, 11, 70, Status.WALL, 0.01
992, 4, 27, Status.SNAKE, 0.01
993, 8, 56, Status.SNAKE, 0.01
994, 4, 25, Status.WALL, 0.01
995, 7, 35, Status.SNAKE, 0.01
996, 11, 84, Status.WALL, 0.01
997, 8, 71, Status.WALL, 0.01
998, 7, 61, Status.SNAKE, 0.01
999, 7, 48, Status.SNAKE, 0.01
1000, 5, 26, Status.WALL, 0.01
1001, 5, 53, Status.SNAKE, 0.01
1002, 4, 26, Status.SNAKE, 0.01
1003, 0, 4, Status.WALL, 0.01
1004, 12, 95, Status.SNAKE, 0.01
1005, 20, 132, Status.SNAKE, 0.01
1006, 1, 3, Status.SNAKE, 0.01
1007, 16, 109, Status.SNAKE, 0.01
1008, 8, 38, Status.WALL, 0.01
1009, 10, 78, Status.SNAKE, 0.01
1010, 4, 29, Status.SNAKE, 0.01
1011, 6, 54, Status.SNAKE, 0.01
1012, 3, 22, Status.SNAKE, 0.01
1013, 6, 36, Status.SNAKE, 0.01
1014, 9, 49, Status.SNAKE, 0.01
1015, 9, 58, Status.WALL, 0.01
1016, 4, 50, Status.WALL, 0.01
1017, 15, 105, Status.SNAKE, 0.01
1018, 5, 35, Status.SNAKE, 0.01
1019, 2, 22, Status.WALL, 0.01
1020, 14, 90, Status.WALL, 0.01
1021, 5, 34, Status.SNAKE, 0.01
1022, 14, 96, Status.SNAKE, 0.01
1023, 6, 39, Status.SNAKE, 0.01
1024, 9, 57, Status.SNAKE, 0.01
1025, 4, 20, Status.SNAKE, 0.01
1026, 14, 95, Status.SNAKE, 0.01
1027, 6, 29, Status.SNAKE, 0.01
1028, 18, 114, Status.SNAKE, 0.01
1029, 2, 16, Status.SNAKE, 0.01
1030, 4, 27, Status.SNAKE, 0.01
1031, 16, 99, Status.SNAKE, 0.01
1032, 6, 43, Status.SNAKE, 0.01
1033, 17, 116, Status.SNAKE, 0.01
1034, 3, 16, Status.SNAKE, 0.01
1035, 7, 46, Status.SNAKE, 0.01
1036, 6, 48, Status.SNAKE, 0.01
1037, 14, 98, Status.WALL, 0.01
1038, 16, 98, Status.SNAKE, 0.01
1039, 14, 93, Status.SNAKE, 0.01
1040, 3, 14, Status.SNAKE, 0.01
1041, 13, 101, Status.SNAKE, 0.01
1042, 4, 29, Status.SNAKE, 0.01
1043, 7, 38, Status.SNAKE, 0.01
1044, 12, 90, Status.SNAKE, 0.01
1045, 11, 69, Status.SNAKE, 0.01
1046, 2, 24, Status.SNAKE, 0.01
1047, 12, 99, Status.WALL, 0.01
1048, 5, 34, Status.SNAKE, 0.01
1049, 1, 10, Status.WALL, 0.01
1050, 10, 56, Status.SNAKE, 0.01
1051, 3, 22, Status.WALL, 0.01
1052, 1, 10, Status.WALL, 0.01
1053, 13, 81, Status.SNAKE, 0.01
1054, 6, 50, Status.SNAKE, 0.01
1055, 8, 61, Status.SNAKE, 0.01
1056, 8, 59, Status.WALL, 0.01
1057, 10, 73, Status.SNAKE, 0.01
1058, 9, 80, Status.SNAKE, 0.01
1059, 4, 51, Status.WALL, 0.01
1060, 14, 102, Status.SNAKE, 0.01
1061, 17, 120, Status.SNAKE, 0.01
1062, 3, 11, Status.WALL, 0.01
1063, 2, 19, Status.SNAKE, 0.01
1064, 6, 38, Status.SNAKE, 0.01
1065, 15, 115, Status.SNAKE, 0.01
1066, 4, 33, Status.SNAKE, 0.01
1067, 5, 49, Status.SNAKE, 0.01
1068, 6, 32, Status.SNAKE, 0.01
1069, 7, 39, Status.SNAKE, 0.01
1070, 13, 85, Status.SNAKE, 0.01
1071, 7, 45, Status.WALL, 0.01
1072, 14, 111, Status.SNAKE, 0.01
1073, 6, 28, Status.SNAKE, 0.01
1074, 5, 30, Status.SNAKE, 0.01
1075, 8, 55, Status.SNAKE, 0.01
1076, 4, 24, Status.SNAKE, 0.01
1077, 13, 109, Status.SNAKE, 0.01
1078, 20, 134, Status.SNAKE, 0.01
1079, 5, 29, Status.SNAKE, 0.01
1080, 14, 111, Status.SNAKE, 0.01
1081, 11, 89, Status.SNAKE, 0.01
1082, 14, 100, Status.SNAKE, 0.01
1083, 10, 53, Status.SNAKE, 0.01
1084, 10, 67, Status.SNAKE, 0.01
1085, 17, 109, Status.SNAKE, 0.01
1086, 11, 83, Status.SNAKE, 0.01
1087, 8, 42, Status.SNAKE, 0.01
1088, 5, 25, Status.SNAKE, 0.01
1089, 9, 57, Status.SNAKE, 0.01
1090, 6, 22, Status.WALL, 0.01
1091, 5, 28, Status.SNAKE, 0.01
1092, 4, 21, Status.SNAKE, 0.01
1093, 9, 72, Status.SNAKE, 0.01
1094, 10, 60, Status.SNAKE, 0.01
1095, 12, 96, Status.WALL, 0.01
1096, 8, 45, Status.SNAKE, 0.01
1097, 21, 135, Status.SNAKE, 0.01
1098, 1, 3, Status.SNAKE, 0.01
1099, 8, 50, Status.SNAKE, 0.01
1100, 3, 28, Status.WALL, 0.01
1101, 4, 28, Status.SNAKE, 0.01
1102, 13, 79, Status.SNAKE, 0.01
1103, 12, 77, Status.SNAKE, 0.01
1104, 9, 50, Status.SNAKE, 0.01
1105, 13, 79, Status.SNAKE, 0.01
1106, 5, 39, Status.SNAKE, 0.01
1107, 9, 91, Status.SNAKE, 0.01
1108, 1, 10, Status.SNAKE, 0.01
1109, 5, 29, Status.SNAKE, 0.01
1110, 3, 21, Status.SNAKE, 0.01
1111, 15, 125, Status.SNAKE, 0.01
1112, 11, 48, Status.SNAKE, 0.01
1113, 7, 31, Status.SNAKE, 0.01
1114, 14, 108, Status.SNAKE, 0.01
1115, 3, 18, Status.SNAKE, 0.01
1116, 8, 65, Status.SNAKE, 0.01
1117, 0, 6, Status.WALL, 0.01
1118, 3, 24, Status.WALL, 0.01
1119, 13, 84, Status.SNAKE, 0.01
1120, 6, 38, Status.WALL, 0.01
1121, 14, 94, Status.SNAKE, 0.01
1122, 11, 89, Status.SNAKE, 0.01
1123, 16, 110, Status.SNAKE, 0.01
1124, 11, 94, Status.SNAKE, 0.01
1125, 5, 46, Status.WALL, 0.01
1126, 9, 69, Status.SNAKE, 0.01
1127, 6, 32, Status.SNAKE, 0.01
1128, 10, 51, Status.SNAKE, 0.01
1129, 8, 48, Status.SNAKE, 0.01
1130, 15, 85, Status.SNAKE, 0.01
1131, 8, 58, Status.SNAKE, 0.01
1132, 7, 51, Status.SNAKE, 0.01
1133, 8, 60, Status.SNAKE, 0.01
1134, 11, 54, Status.SNAKE, 0.01
1135, 11, 98, Status.SNAKE, 0.01
1136, 13, 95, Status.SNAKE, 0.01
1137, 10, 77, Status.WALL, 0.01
1138, 9, 57, Status.SNAKE, 0.01
1139, 7, 58, Status.SNAKE, 0.01
1140, 12, 73, Status.SNAKE, 0.01
1141, 10, 80, Status.SNAKE, 0.01
1142, 10, 50, Status.SNAKE, 0.01
1143, 1, 5, Status.SNAKE, 0.01
1144, 6, 54, Status.SNAKE, 0.01
1145, 6, 57, Status.SNAKE, 0.01
1146, 15, 72, Status.WALL, 0.01
1147, 3, 18, Status.SNAKE, 0.01
1148, 12, 72, Status.SNAKE, 0.01
1149, 7, 57, Status.WALL, 0.01
1150, 8, 56, Status.SNAKE, 0.01
1151, 15, 85, Status.SNAKE, 0.01
1152, 11, 78, Status.SNAKE, 0.01
1153, 6, 40, Status.WALL, 0.01
1154, 4, 29, Status.WALL, 0.01
1155, 10, 66, Status.SNAKE, 0.01
1156, 11, 59, Status.WALL, 0.01
1157, 6, 34, Status.SNAKE, 0.01
1158, 7, 48, Status.SNAKE, 0.01
1159, 3, 17, Status.SNAKE, 0.01
1160, 20, 159, Status.SNAKE, 0.01
1161, 8, 64, Status.SNAKE, 0.01
1162, 7, 53, Status.SNAKE, 0.01
1163, 18, 117, Status.SNAKE, 0.01
1164, 3, 21, Status.SNAKE, 0.01
1165, 11, 76, Status.SNAKE, 0.01
1166, 4, 32, Status.SNAKE, 0.01
1167, 18, 122, Status.SNAKE, 0.01
1168, 9, 46, Status.SNAKE, 0.01
1169, 11, 65, Status.SNAKE, 0.01
1170, 14, 75, Status.SNAKE, 0.01
1171, 8, 50, Status.SNAKE, 0.01
1172, 12, 93, Status.SNAKE, 0.01
1173, 8, 44, Status.SNAKE, 0.01
1174, 11, 67, Status.SNAKE, 0.01
1175, 6, 41, Status.SNAKE, 0.01
1176, 13, 79, Status.SNAKE, 0.01
1177, 3, 24, Status.SNAKE, 0.01
1178, 6, 40, Status.SNAKE, 0.01
1179, 11, 65, Status.WALL, 0.01
1180, 11, 71, Status.SNAKE, 0.01
1181, 13, 70, Status.WALL, 0.01
1182, 11, 86, Status.SNAKE, 0.01
1183, 4, 13, Status.SNAKE, 0.01
1184, 7, 56, Status.SNAKE, 0.01
1185, 7, 51, Status.SNAKE, 0.01
1186, 3, 8, Status.SNAKE, 0.01
1187, 10, 64, Status.WALL, 0.01
1188, 5, 40, Status.SNAKE, 0.01
1189, 6, 39, Status.SNAKE, 0.01
1190, 6, 43, Status.SNAKE, 0.01
1191, 7, 58, Status.SNAKE, 0.01
1192, 13, 88, Status.SNAKE, 0.01
1193, 12, 92, Status.WALL, 0.01
1194, 14, 78, Status.SNAKE, 0.01
1195, 7, 52, Status.SNAKE, 0.01
1196, 9, 46, Status.SNAKE, 0.01
1197, 4, 17, Status.SNAKE, 0.01
1198, 12, 80, Status.SNAKE, 0.01
1199, 13, 90, Status.SNAKE, 0.01
1200, 11, 102, Status.SNAKE, 0.01
1201, 12, 81, Status.SNAKE, 0.01
1202, 12, 83, Status.SNAKE, 0.01
1203, 7, 56, Status.WALL, 0.01
1204, 14, 87, Status.SNAKE, 0.01
1205, 9, 49, Status.SNAKE, 0.01
1206, 11, 87, Status.SNAKE, 0.01
1207, 11, 88, Status.WALL, 0.01
1208, 3, 17, Status.SNAKE, 0.01
1209, 8, 40, Status.SNAKE, 0.01
1210, 4, 36, Status.WALL, 0.01
1211, 9, 47, Status.SNAKE, 0.01
1212, 6, 29, Status.SNAKE, 0.01
1213, 11, 100, Status.SNAKE, 0.01
1214, 6, 52, Status.SNAKE, 0.01
1215, 7, 50, Status.SNAKE, 0.01
1216, 8, 48, Status.SNAKE, 0.01
1217, 2, 12, Status.SNAKE, 0.01
1218, 4, 31, Status.SNAKE, 0.01
1219, 13, 101, Status.SNAKE, 0.01
1220, 10, 73, Status.SNAKE, 0.01
1221, 1, 8, Status.WALL, 0.01
1222, 6, 46, Status.SNAKE, 0.01
1223, 12, 87, Status.WALL, 0.01
1224, 10, 43, Status.SNAKE, 0.01
1225, 7, 56, Status.WALL, 0.01
1226, 12, 75, Status.SNAKE, 0.01
1227, 2, 12, Status.WALL, 0.01
1228, 22, 170, Status.SNAKE, 0.01
1229, 9, 65, Status.SNAKE, 0.01
1230, 9, 58, Status.SNAKE, 0.01
1231, 9, 81, Status.SNAKE, 0.01
1232, 8, 50, Status.SNAKE, 0.01
1233, 4, 19, Status.SNAKE, 0.01
1234, 1, 5, Status.SNAKE, 0.01
1235, 9, 59, Status.SNAKE, 0.01
1236, 8, 55, Status.WALL, 0.01
1237, 13, 101, Status.SNAKE, 0.01
1238, 3, 26, Status.SNAKE, 0.01
1239, 6, 40, Status.WALL, 0.01
1240, 11, 86, Status.WALL, 0.01
1241, 5, 42, Status.WALL, 0.01
1242, 11, 78, Status.SNAKE, 0.01
1243, 14, 93, Status.SNAKE, 0.01
1244, 11, 80, Status.WALL, 0.01
1245, 8, 53, Status.SNAKE, 0.01
1246, 9, 64, Status.SNAKE, 0.01
1247, 0, 7, Status.WALL, 0.01
1248, 13, 118, Status.SNAKE, 0.01
1249, 3, 18, Status.SNAKE, 0.01
1250, 10, 61, Status.SNAKE, 0.01
1251, 14, 117, Status.SNAKE, 0.01
1252, 6, 45, Status.SNAKE, 0.01
1253, 11, 76, Status.SNAKE, 0.01
1254, 9, 51, Status.SNAKE, 0.01
1255, 9, 41, Status.SNAKE, 0.01
1256, 11, 67, Status.SNAKE, 0.01
1257, 8, 47, Status.SNAKE, 0.01
1258, 5, 30, Status.SNAKE, 0.01
1259, 6, 42, Status.SNAKE, 0.01
1260, 9, 53, Status.SNAKE, 0.01
1261, 5, 37, Status.WALL, 0.01
1262, 7, 48, Status.WALL, 0.01
1263, 12, 82, Status.SNAKE, 0.01
1264, 8, 42, Status.SNAKE, 0.01
1265, 11, 67, Status.WALL, 0.01
1266, 4, 28, Status.SNAKE, 0.01
1267, 14, 117, Status.SNAKE, 0.01
1268, 6, 42, Status.SNAKE, 0.01
1269, 5, 24, Status.SNAKE, 0.01
1270, 5, 34, Status.WALL, 0.01
1271, 9, 58, Status.SNAKE, 0.01
1272, 11, 84, Status.SNAKE, 0.01
1273, 7, 47, Status.SNAKE, 0.01
1274, 8, 49, Status.SNAKE, 0.01
1275, 9, 54, Status.SNAKE, 0.01
1276, 14, 98, Status.SNAKE, 0.01
1277, 5, 30, Status.SNAKE, 0.01
1278, 12, 81, Status.SNAKE, 0.01
1279, 9, 63, Status.SNAKE, 0.01
1280, 3, 12, Status.SNAKE, 0.01
1281, 19, 121, Status.SNAKE, 0.01
1282, 7, 44, Status.SNAKE, 0.01
1283, 14, 109, Status.SNAKE, 0.01
1284, 19, 141, Status.SNAKE, 0.01
1285, 4, 30, Status.WALL, 0.01
1286, 5, 35, Status.WALL, 0.01
1287, 7, 52, Status.WALL, 0.01
1288, 1, 8, Status.WALL, 0.01
1289, 12, 77, Status.SNAKE, 0.01
1290, 12, 95, Status.SNAKE, 0.01
1291, 16, 120, Status.SNAKE, 0.01
1292, 5, 31, Status.SNAKE, 0.01
1293, 4, 25, Status.SNAKE, 0.01
1294, 3, 29, Status.SNAKE, 0.01
1295, 6, 37, Status.SNAKE, 0.01
1296, 2, 22, Status.WALL, 0.01
1297, 9, 85, Status.SNAKE, 0.01
1298, 15, 115, Status.SNAKE, 0.01
1299, 8, 44, Status.SNAKE, 0.01
1300, 11, 56, Status.SNAKE, 0.01
1301, 6, 33, Status.SNAKE, 0.01
1302, 5, 36, Status.SNAKE, 0.01
1303, 12, 91, Status.SNAKE, 0.01
1304, 12, 88, Status.SNAKE, 0.01
1305, 1, 12, Status.SNAKE, 0.01
1306, 13, 97, Status.WALL, 0.01
1307, 14, 101, Status.SNAKE, 0.01
1308, 14, 116, Status.SNAKE, 0.01
1309, 13, 87, Status.SNAKE, 0.01
1310, 6, 46, Status.SNAKE, 0.01
1311, 11, 79, Status.SNAKE, 0.01
1312, 9, 74, Status.SNAKE, 0.01
1313, 4, 19, Status.SNAKE, 0.01
1314, 7, 33, Status.SNAKE, 0.01
1315, 9, 51, Status.SNAKE, 0.01
1316, 19, 155, Status.WALL, 0.01
1317, 7, 45, Status.SNAKE, 0.01
1318, 6, 41, Status.SNAKE, 0.01
1319, 12, 73, Status.SNAKE, 0.01
1320, 13, 97, Status.SNAKE, 0.01
1321, 9, 57, Status.SNAKE, 0.01
1322, 5, 32, Status.SNAKE, 0.01
1323, 7, 48, Status.SNAKE, 0.01
1324, 15, 139, Status.WALL, 0.01
1325, 2, 21, Status.WALL, 0.01
1326, 8, 59, Status.SNAKE, 0.01
1327, 1, 13, Status.WALL, 0.01
1328, 6, 46, Status.SNAKE, 0.01
1329, 9, 55, Status.SNAKE, 0.01
1330, 7, 67, Status.SNAKE, 0.01
1331, 12, 98, Status.SNAKE, 0.01
1332, 15, 91, Status.SNAKE, 0.01
1333, 18, 125, Status.SNAKE, 0.01
1334, 4, 22, Status.SNAKE, 0.01
1335, 5, 35, Status.SNAKE, 0.01
1336, 10, 62, Status.SNAKE, 0.01
1337, 6, 41, Status.SNAKE, 0.01
1338, 7, 41, Status.SNAKE, 0.01
1339, 4, 21, Status.SNAKE, 0.01
1340, 11, 53, Status.SNAKE, 0.01
1341, 9, 56, Status.SNAKE, 0.01
1342, 15, 117, Status.SNAKE, 0.01
1343, 8, 47, Status.SNAKE, 0.01
1344, 9, 52, Status.SNAKE, 0.01
1345, 16, 99, Status.SNAKE, 0.01
1346, 4, 22, Status.SNAKE, 0.01
1347, 8, 55, Status.SNAKE, 0.01
1348, 12, 88, Status.SNAKE, 0.01
1349, 8, 52, Status.WALL, 0.01
1350, 1, 5, Status.SNAKE, 0.01
1351, 11, 63, Status.SNAKE, 0.01
1352, 9, 69, Status.WALL, 0.01
1353, 18, 113, Status.SNAKE, 0.01
1354, 9, 56, Status.SNAKE, 0.01
1355, 6, 38, Status.WALL, 0.01
1356, 5, 33, Status.SNAKE, 0.01
1357, 10, 66, Status.SNAKE, 0.01
1358, 9, 81, Status.SNAKE, 0.01
1359, 7, 51, Status.SNAKE, 0.01
1360, 5, 32, Status.WALL, 0.01
1361, 11, 75, Status.SNAKE, 0.01
1362, 5, 31, Status.SNAKE, 0.01
1363, 6, 55, Status.SNAKE, 0.01
1364, 3, 15, Status.SNAKE, 0.01
1365, 4, 23, Status.SNAKE, 0.01
1366, 6, 35, Status.SNAKE, 0.01
1367, 10, 56, Status.SNAKE, 0.01
1368, 13, 99, Status.WALL, 0.01
1369, 12, 89, Status.WALL, 0.01
1370, 8, 45, Status.SNAKE, 0.01
1371, 12, 55, Status.SNAKE, 0.01
1372, 15, 97, Status.SNAKE, 0.01
1373, 9, 59, Status.SNAKE, 0.01
1374, 4, 46, Status.SNAKE, 0.01
1375, 1, 8, Status.WALL, 0.01
1376, 7, 50, Status.SNAKE, 0.01
1377, 15, 89, Status.WALL, 0.01
1378, 10, 42, Status.SNAKE, 0.01
1379, 4, 18, Status.SNAKE, 0.01
1380, 8, 36, Status.SNAKE, 0.01
1381, 6, 41, Status.WALL, 0.01
1382, 2, 11, Status.SNAKE, 0.01
1383, 8, 55, Status.WALL, 0.01
1384, 11, 66, Status.SNAKE, 0.01
1385, 11, 79, Status.SNAKE, 0.01
1386, 11, 68, Status.SNAKE, 0.01
1387, 8, 63, Status.SNAKE, 0.01
1388, 11, 79, Status.SNAKE, 0.01
1389, 8, 65, Status.SNAKE, 0.01
1390, 3, 24, Status.WALL, 0.01
1391, 11, 91, Status.WALL, 0.01
1392, 2, 10, Status.WALL, 0.01
1393, 16, 114, Status.SNAKE, 0.01
1394, 2, 20, Status.SNAKE, 0.01
1395, 5, 37, Status.SNAKE, 0.01
1396, 5, 34, Status.SNAKE, 0.01
1397, 4, 33, Status.SNAKE, 0.01
1398, 3, 29, Status.SNAKE, 0.01
1399, 6, 37, Status.SNAKE, 0.01
1400, 7, 49, Status.SNAKE, 0.01
1401, 2, 10, Status.SNAKE, 0.01
1402, 5, 36, Status.WALL, 0.01
1403, 5, 12, Status.SNAKE, 0.01
1404, 18, 106, Status.WALL, 0.01
1405, 4, 19, Status.SNAKE, 0.01
1406, 19, 139, Status.SNAKE, 0.01
1407, 7, 41, Status.SNAKE, 0.01
1408, 5, 31, Status.SNAKE, 0.01
1409, 10, 80, Status.SNAKE, 0.01
1410, 10, 79, Status.SNAKE, 0.01
1411, 5, 25, Status.SNAKE, 0.01
1412, 5, 31, Status.SNAKE, 0.01
1413, 13, 67, Status.WALL, 0.01
1414, 17, 113, Status.SNAKE, 0.01
1415, 9, 56, Status.SNAKE, 0.01
1416, 8, 45, Status.SNAKE, 0.01
1417, 11, 88, Status.SNAKE, 0.01
1418, 19, 121, Status.SNAKE, 0.01
1419, 17, 138, Status.SNAKE, 0.01
1420, 8, 50, Status.SNAKE, 0.01
1421, 11, 75, Status.SNAKE, 0.01
1422, 7, 38, Status.SNAKE, 0.01
1423, 12, 85, Status.SNAKE, 0.01
1424, 4, 31, Status.WALL, 0.01
1425, 9, 70, Status.SNAKE, 0.01
1426, 3, 20, Status.WALL, 0.01
1427, 14, 68, Status.SNAKE, 0.01
1428, 11, 103, Status.SNAKE, 0.01
1429, 8, 43, Status.SNAKE, 0.01
1430, 9, 67, Status.WALL, 0.01
1431, 2, 15, Status.SNAKE, 0.01
1432, 9, 54, Status.WALL, 0.01
1433, 8, 56, Status.WALL, 0.01
1434, 13, 88, Status.SNAKE, 0.01
1435, 10, 63, Status.SNAKE, 0.01
1436, 9, 54, Status.WALL, 0.01
1437, 7, 43, Status.SNAKE, 0.01
1438, 12, 70, Status.SNAKE, 0.01
1439, 12, 76, Status.SNAKE, 0.01
1440, 5, 30, Status.SNAKE, 0.01
1441, 13, 86, Status.SNAKE, 0.01
1442, 13, 91, Status.SNAKE, 0.01
1443, 7, 57, Status.SNAKE, 0.01
1444, 7, 58, Status.SNAKE, 0.01
1445, 5, 34, Status.WALL, 0.01
1446, 12, 62, Status.SNAKE, 0.01
1447, 9, 53, Status.SNAKE, 0.01
1448, 8, 72, Status.WALL, 0.01
1449, 11, 77, Status.SNAKE, 0.01
1450, 13, 67, Status.SNAKE, 0.01
1451, 10, 87, Status.WALL, 0.01
1452, 3, 18, Status.SNAKE, 0.01
1453, 5, 30, Status.SNAKE, 0.01
1454, 11, 71, Status.SNAKE, 0.01
1455, 4, 23, Status.SNAKE, 0.01
1456, 5, 21, Status.SNAKE, 0.01
1457, 13, 106, Status.SNAKE, 0.01
1458, 13, 72, Status.SNAKE, 0.01
1459, 10, 57, Status.SNAKE, 0.01
1460, 7, 33, Status.SNAKE, 0.01
1461, 7, 66, Status.SNAKE, 0.01
1462, 8, 50, Status.WALL, 0.01
1463, 13, 84, Status.SNAKE, 0.01
1464, 2, 25, Status.WALL, 0.01
1465, 4, 28, Status.WALL, 0.01
1466, 1, 7, Status.WALL, 0.01
1467, 8, 42, Status.SNAKE, 0.01
1468, 8, 52, Status.SNAKE, 0.01
1469, 3, 25, Status.WALL, 0.01
1470, 9, 64, Status.SNAKE, 0.01
1471, 12, 91, Status.SNAKE, 0.01
1472, 7, 40, Status.SNAKE, 0.01
1473, 13, 110, Status.SNAKE, 0.01
1474, 17, 92, Status.SNAKE, 0.01
1475, 10, 56, Status.SNAKE, 0.01
1476, 1, 7, Status.SNAKE, 0.01
1477, 8, 43, Status.SNAKE, 0.01
1478, 10, 51, Status.WALL, 0.01
1479, 7, 55, Status.SNAKE, 0.01
1480, 7, 38, Status.SNAKE, 0.01
1481, 4, 28, Status.WALL, 0.01
1482, 7, 29, Status.SNAKE, 0.01
1483, 11, 77, Status.SNAKE, 0.01
1484, 10, 66, Status.SNAKE, 0.01
1485, 10, 61, Status.SNAKE, 0.01
1486, 12, 72, Status.SNAKE, 0.01
1487, 15, 92, Status.SNAKE, 0.01
1488, 7, 38, Status.SNAKE, 0.01
1489, 9, 46, Status.WALL, 0.01
1490, 8, 60, Status.SNAKE, 0.01
1491, 7, 57, Status.SNAKE, 0.01
1492, 6, 37, Status.SNAKE, 0.01
1493, 8, 45, Status.SNAKE, 0.01
1494, 17, 110, Status.SNAKE, 0.01
1495, 7, 43, Status.WALL, 0.01
1496, 10, 79, Status.SNAKE, 0.01
1497, 9, 69, Status.SNAKE, 0.01
1498, 12, 99, Status.SNAKE, 0.01
1499, 1, 8, Status.SNAKE, 0.01
1500, 16, 150, Status.WALL, 0.01
1501, 7, 41, Status.SNAKE, 0.01
1502, 9, 49, Status.SNAKE, 0.01
1503, 3, 26, Status.WALL, 0.01
1504, 14, 111, Status.SNAKE, 0.01
1505, 11, 77, Status.SNAKE, 0.01
1506, 12, 75, Status.WALL, 0.01
1507, 10, 65, Status.SNAKE, 0.01
1508, 10, 63, Status.SNAKE, 0.01
1509, 3, 25, Status.SNAKE, 0.01
1510, 14, 88, Status.SNAKE, 0.01
1511, 6, 32, Status.SNAKE, 0.01
1512, 4, 20, Status.WALL, 0.01
1513, 5, 46, Status.WALL, 0.01
1514, 1, 3, Status.SNAKE, 0.01
1515, 10, 58, Status.WALL, 0.01
1516, 2, 14, Status.SNAKE, 0.01
1517, 2, 11, Status.SNAKE, 0.01
1518, 5, 32, Status.WALL, 0.01
1519, 5, 46, Status.SNAKE, 0.01
1520, 11, 62, Status.SNAKE, 0.01
1521, 6, 50, Status.SNAKE, 0.01
1522, 12, 79, Status.SNAKE, 0.01
1523, 8, 46, Status.WALL, 0.01
1524, 11, 62, Status.SNAKE, 0.01
1525, 6, 47, Status.SNAKE, 0.01
1526, 21, 137, Status.WALL, 0.01
1527, 9, 51, Status.SNAKE, 0.01
1528, 4, 23, Status.SNAKE, 0.01
1529, 2, 17, Status.SNAKE, 0.01
1530, 11, 66, Status.SNAKE, 0.01
1531, 1, 8, Status.SNAKE, 0.01
1532, 11, 74, Status.SNAKE, 0.01
1533, 5, 28, Status.SNAKE, 0.01
1534, 7, 56, Status.SNAKE, 0.01
1535, 5, 42, Status.SNAKE, 0.01
1536, 1, 5, Status.SNAKE, 0.01
1537, 7, 66, Status.WALL, 0.01
1538, 6, 41, Status.SNAKE, 0.01
1539, 13, 112, Status.SNAKE, 0.01
1540, 10, 92, Status.WALL, 0.01
1541, 14, 115, Status.SNAKE, 0.01
1542, 6, 41, Status.SNAKE, 0.01
1543, 1, 5, Status.SNAKE, 0.01
1544, 9, 80, Status.SNAKE, 0.01
1545, 13, 94, Status.SNAKE, 0.01
1546, 2, 19, Status.SNAKE, 0.01
1547, 9, 47, Status.SNAKE, 0.01
1548, 12, 100, Status.SNAKE, 0.01
1549, 13, 111, Status.SNAKE, 0.01
1550, 6, 25, Status.SNAKE, 0.01
1551, 3, 35, Status.SNAKE, 0.01
1552, 13, 66, Status.SNAKE, 0.01
1553, 11, 79, Status.SNAKE, 0.01
1554, 14, 104, Status.WALL, 0.01
1555, 2, 20, Status.WALL, 0.01
1556, 1, 3, Status.SNAKE, 0.01
1557, 7, 32, Status.WALL, 0.01
1558, 11, 83, Status.SNAKE, 0.01
1559, 3, 17, Status.SNAKE, 0.01
1560, 11, 76, Status.SNAKE, 0.01
1561, 15, 89, Status.SNAKE, 0.01
1562, 16, 120, Status.SNAKE, 0.01
1563, 5, 43, Status.SNAKE, 0.01
1564, 1, 7, Status.WALL, 0.01
1565, 8, 54, Status.SNAKE, 0.01
1566, 10, 60, Status.SNAKE, 0.01
1567, 11, 62, Status.SNAKE, 0.01
1568, 6, 48, Status.SNAKE, 0.01
1569, 13, 84, Status.WALL, 0.01
1570, 18, 119, Status.SNAKE, 0.01
1571, 13, 98, Status.SNAKE, 0.01
1572, 6, 36, Status.SNAKE, 0.01
1573, 13, 67, Status.WALL, 0.01
1574, 5, 37, Status.SNAKE, 0.01
1575, 1, 5, Status.SNAKE, 0.01
1576, 8, 60, Status.WALL, 0.01
1577, 11, 94, Status.SNAKE, 0.01
1578, 7, 39, Status.SNAKE, 0.01
1579, 9, 38, Status.WALL, 0.01
1580, 20, 145, Status.SNAKE, 0.01
1581, 1, 10, Status.SNAKE, 0.01
1582, 11, 84, Status.SNAKE, 0.01
1583, 11, 76, Status.SNAKE, 0.01
1584, 10, 57, Status.SNAKE, 0.01
1585, 9, 48, Status.WALL, 0.01
1586, 7, 40, Status.SNAKE, 0.01
1587, 13, 82, Status.SNAKE, 0.01
1588, 1, 5, Status.SNAKE, 0.01
1589, 2, 20, Status.WALL, 0.01
1590, 21, 134, Status.SNAKE, 0.01
1591, 1, 13, Status.WALL, 0.01
1592, 8, 58, Status.WALL, 0.01
1593, 7, 70, Status.SNAKE, 0.01
1594, 8, 58, Status.SNAKE, 0.01
1595, 10, 73, Status.SNAKE, 0.01
1596, 2, 12, Status.SNAKE, 0.01
1597, 4, 16, Status.SNAKE, 0.01
1598, 4, 34, Status.SNAKE, 0.01
1599, 18, 129, Status.SNAKE, 0.01
1600, 8, 65, Status.SNAKE, 0.01
1601, 4, 34, Status.WALL, 0.01
1602, 7, 56, Status.WALL, 0.01
1603, 5, 29, Status.SNAKE, 0.01
1604, 6, 36, Status.SNAKE, 0.01
1605, 16, 100, Status.SNAKE, 0.01
1606, 11, 86, Status.SNAKE, 0.01
1607, 5, 51, Status.SNAKE, 0.01
1608, 9, 65, Status.SNAKE, 0.01
1609, 2, 16, Status.SNAKE, 0.01
1610, 13, 108, Status.SNAKE, 0.01
1611, 14, 84, Status.SNAKE, 0.01
1612, 13, 109, Status.SNAKE, 0.01
1613, 1, 5, Status.SNAKE, 0.01
1614, 3, 15, Status.SNAKE, 0.01
1615, 11, 64, Status.SNAKE, 0.01
1616, 14, 139, Status.SNAKE, 0.01
1617, 13, 79, Status.SNAKE, 0.01
1618, 7, 44, Status.SNAKE, 0.01
1619, 11, 82, Status.SNAKE, 0.01
1620, 16, 102, Status.SNAKE, 0.01
1621, 14, 94, Status.SNAKE, 0.01
1622, 9, 51, Status.WALL, 0.01
1623, 15, 71, Status.SNAKE, 0.01
1624, 3, 21, Status.SNAKE, 0.01
1625, 12, 85, Status.SNAKE, 0.01
1626, 12, 79, Status.SNAKE, 0.01
1627, 12, 96, Status.SNAKE, 0.01
1628, 6, 39, Status.SNAKE, 0.01
1629, 9, 60, Status.SNAKE, 0.01
1630, 8, 62, Status.SNAKE, 0.01
1631, 21, 171, Status.SNAKE, 0.01
1632, 2, 14, Status.SNAKE, 0.01
1633, 13, 72, Status.SNAKE, 0.01
1634, 8, 59, Status.WALL, 0.01
1635, 9, 70, Status.WALL, 0.01
1636, 6, 31, Status.SNAKE, 0.01
1637, 4, 31, Status.SNAKE, 0.01
1638, 3, 33, Status.SNAKE, 0.01
1639, 11, 55, Status.SNAKE, 0.01
1640, 7, 46, Status.SNAKE, 0.01
1641, 14, 96, Status.SNAKE, 0.01
1642, 1, 5, Status.SNAKE, 0.01
1643, 2, 13, Status.SNAKE, 0.01
1644, 13, 97, Status.SNAKE, 0.01
1645, 13, 79, Status.WALL, 0.01
1646, 10, 64, Status.SNAKE, 0.01
1647, 7, 29, Status.SNAKE, 0.01
1648, 10, 69, Status.WALL, 0.01
1649, 14, 107, Status.SNAKE, 0.01
1650, 13, 78, Status.SNAKE, 0.01
1651, 15, 94, Status.SNAKE, 0.01
1652, 12, 79, Status.SNAKE, 0.01
1653, 2, 10, Status.SNAKE, 0.01
1654, 16, 106, Status.SNAKE, 0.01
1655, 12, 68, Status.SNAKE, 0.01
1656, 6, 42, Status.SNAKE, 0.01
1657, 9, 52, Status.SNAKE, 0.01
1658, 11, 92, Status.WALL, 0.01
1659, 7, 35, Status.SNAKE, 0.01
1660, 3, 21, Status.SNAKE, 0.01
1661, 5, 22, Status.SNAKE, 0.01
1662, 6, 29, Status.SNAKE, 0.01
1663, 16, 107, Status.SNAKE, 0.01
1664, 6, 43, Status.SNAKE, 0.01
1665, 2, 14, Status.SNAKE, 0.01
1666, 16, 86, Status.SNAKE, 0.01
1667, 11, 73, Status.WALL, 0.01
1668, 8, 58, Status.WALL, 0.01
1669, 10, 80, Status.SNAKE, 0.01
1670, 2, 16, Status.SNAKE, 0.01
1671, 15, 98, Status.SNAKE, 0.01
1672, 8, 45, Status.SNAKE, 0.01
1673, 4, 37, Status.SNAKE, 0.01
1674, 2, 14, Status.SNAKE, 0.01
1675, 11, 80, Status.SNAKE, 0.01
1676, 8, 55, Status.SNAKE, 0.01
1677, 15, 120, Status.SNAKE, 0.01
1678, 6, 44, Status.SNAKE, 0.01
1679, 3, 16, Status.SNAKE, 0.01
1680, 9, 54, Status.SNAKE, 0.01
1681, 15, 104, Status.SNAKE, 0.01
1682, 9, 65, Status.SNAKE, 0.01
1683, 5, 28, Status.SNAKE, 0.01
1684, 11, 52, Status.SNAKE, 0.01
1685, 6, 41, Status.SNAKE, 0.01
1686, 7, 47, Status.SNAKE, 0.01
1687, 6, 44, Status.SNAKE, 0.01
1688, 6, 21, Status.SNAKE, 0.01
1689, 14, 102, Status.SNAKE, 0.01
1690, 4, 29, Status.WALL, 0.01
1691, 1, 5, Status.SNAKE, 0.01
1692, 7, 50, Status.SNAKE, 0.01
1693, 6, 44, Status.WALL, 0.01
1694, 7, 54, Status.SNAKE, 0.01
1695, 6, 45, Status.SNAKE, 0.01
1696, 4, 43, Status.SNAKE, 0.01
1697, 15, 90, Status.SNAKE, 0.01
1698, 3, 21, Status.SNAKE, 0.01
1699, 1, 3, Status.SNAKE, 0.01
1700, 1, 11, Status.WALL, 0.01
1701, 7, 51, Status.SNAKE, 0.01
1702, 4, 27, Status.SNAKE, 0.01
1703, 6, 46, Status.SNAKE, 0.01
1704, 13, 97, Status.SNAKE, 0.01
1705, 18, 120, Status.WALL, 0.01
1706, 17, 134, Status.SNAKE, 0.01
1707, 6, 45, Status.SNAKE, 0.01
1708, 9, 41, Status.SNAKE, 0.01
1709, 10, 56, Status.SNAKE, 0.01
1710, 6, 30, Status.SNAKE, 0.01
1711, 3, 14, Status.SNAKE, 0.01
1712, 6, 36, Status.SNAKE, 0.01
1713, 18, 109, Status.SNAKE, 0.01
1714, 8, 51, Status.SNAKE, 0.01
1715, 1, 5, Status.SNAKE, 0.01
1716, 9, 84, Status.WALL, 0.01
1717, 3, 13, Status.SNAKE, 0.01
1718, 5, 36, Status.SNAKE, 0.01
1719, 4, 27, Status.SNAKE, 0.01
1720, 3, 23, Status.SNAKE, 0.01
1721, 6, 47, Status.SNAKE, 0.01
1722, 8, 42, Status.WALL, 0.01
1723, 18, 117, Status.SNAKE, 0.01
1724, 8, 60, Status.SNAKE, 0.01
1725, 9, 57, Status.SNAKE, 0.01
1726, 13, 77, Status.SNAKE, 0.01
1727, 11, 86, Status.SNAKE, 0.01
1728, 8, 59, Status.SNAKE, 0.01
1729, 3, 24, Status.SNAKE, 0.01
1730, 3, 17, Status.WALL, 0.01
1731, 11, 57, Status.SNAKE, 0.01
1732, 15, 89, Status.WALL, 0.01
1733, 2, 13, Status.SNAKE, 0.01
1734, 15, 92, Status.WALL, 0.01
1735, 1, 8, Status.SNAKE, 0.01
1736, 11, 65, Status.WALL, 0.01
1737, 1, 10, Status.SNAKE, 0.01
1738, 13, 71, Status.SNAKE, 0.01
1739, 3, 13, Status.SNAKE, 0.01
1740, 6, 46, Status.WALL, 0.01
1741, 5, 22, Status.SNAKE, 0.01
1742, 13, 93, Status.SNAKE, 0.01
1743, 5, 40, Status.SNAKE, 0.01
1744, 9, 55, Status.SNAKE, 0.01
1745, 4, 39, Status.SNAKE, 0.01
1746, 10, 85, Status.SNAKE, 0.01
1747, 12, 70, Status.SNAKE, 0.01
1748, 11, 55, Status.WALL, 0.01
1749, 7, 36, Status.SNAKE, 0.01
1750, 1, 3, Status.SNAKE, 0.01
1751, 16, 102, Status.SNAKE, 0.01
1752, 9, 60, Status.SNAKE, 0.01
1753, 7, 31, Status.SNAKE, 0.01
1754, 12, 102, Status.SNAKE, 0.01
1755, 8, 64, Status.SNAKE, 0.01
1756, 15, 91, Status.SNAKE, 0.01
1757, 13, 101, Status.SNAKE, 0.01
1758, 1, 8, Status.WALL, 0.01
1759, 8, 74, Status.SNAKE, 0.01
1760, 6, 53, Status.SNAKE, 0.01
1761, 15, 137, Status.SNAKE, 0.01
1762, 9, 50, Status.SNAKE, 0.01
1763, 16, 117, Status.SNAKE, 0.01
1764, 1, 9, Status.SNAKE, 0.01
1765, 3, 25, Status.SNAKE, 0.01
1766, 17, 102, Status.SNAKE, 0.01
1767, 3, 15, Status.SNAKE, 0.01
1768, 9, 56, Status.SNAKE, 0.01
1769, 11, 71, Status.SNAKE, 0.01
1770, 10, 66, Status.SNAKE, 0.01
1771, 3, 18, Status.SNAKE, 0.01
1772, 15, 109, Status.SNAKE, 0.01
1773, 5, 31, Status.SNAKE, 0.01
1774, 6, 45, Status.SNAKE, 0.01
1775, 2, 16, Status.SNAKE, 0.01
1776, 11, 85, Status.SNAKE, 0.01
1777, 14, 119, Status.SNAKE, 0.01
1778, 8, 64, Status.SNAKE, 0.01
1779, 15, 116, Status.SNAKE, 0.01
1780, 2, 29, Status.WALL, 0.01
1781, 6, 42, Status.SNAKE, 0.01
1782, 19, 124, Status.SNAKE, 0.01
1783, 12, 89, Status.SNAKE, 0.01
1784, 8, 49, Status.SNAKE, 0.01
1785, 9, 66, Status.SNAKE, 0.01
1786, 11, 92, Status.WALL, 0.01
1787, 13, 95, Status.SNAKE, 0.01
1788, 8, 40, Status.SNAKE, 0.01
1789, 9, 40, Status.SNAKE, 0.01
1790, 5, 47, Status.SNAKE, 0.01
1791, 13, 100, Status.SNAKE, 0.01
1792, 14, 91, Status.WALL, 0.01
1793, 2, 12, Status.SNAKE, 0.01
1794, 4, 31, Status.SNAKE, 0.01
1795, 4, 28, Status.SNAKE, 0.01
1796, 8, 56, Status.SNAKE, 0.01
1797, 11, 89, Status.SNAKE, 0.01
1798, 5, 41, Status.SNAKE, 0.01
1799, 11, 82, Status.SNAKE, 0.01
1800, 2, 14, Status.SNAKE, 0.01
1801, 9, 41, Status.WALL, 0.01
1802, 15, 92, Status.SNAKE, 0.01
1803, 5, 47, Status.SNAKE, 0.01
1804, 5, 41, Status.SNAKE, 0.01
1805, 1, 10, Status.SNAKE, 0.01
1806, 3, 19, Status.WALL, 0.01
1807, 3, 21, Status.SNAKE, 0.01
1808, 3, 42, Status.SNAKE, 0.01
1809, 13, 86, Status.SNAKE, 0.01
1810, 6, 37, Status.SNAKE, 0.01
1811, 14, 110, Status.SNAKE, 0.01
1812, 15, 91, Status.SNAKE, 0.01
1813, 8, 43, Status.SNAKE, 0.01
1814, 15, 105, Status.SNAKE, 0.01
1815, 4, 17, Status.SNAKE, 0.01
1816, 6, 58, Status.SNAKE, 0.01
1817, 9, 42, Status.WALL, 0.01
1818, 3, 22, Status.WALL, 0.01
1819, 3, 16, Status.SNAKE, 0.01
1820, 10, 53, Status.WALL, 0.01
1821, 11, 84, Status.SNAKE, 0.01
1822, 5, 28, Status.SNAKE, 0.01
1823, 4, 27, Status.WALL, 0.01
1824, 9, 63, Status.SNAKE, 0.01
1825, 2, 9, Status.WALL, 0.01
1826, 2, 16, Status.SNAKE, 0.01
1827, 7, 33, Status.SNAKE, 0.01
1828, 8, 54, Status.SNAKE, 0.01
1829, 6, 47, Status.SNAKE, 0.01
1830, 4, 46, Status.WALL, 0.01
1831, 11, 83, Status.SNAKE, 0.01
1832, 11, 78, Status.SNAKE, 0.01
1833, 11, 73, Status.SNAKE, 0.01
1834, 1, 3, Status.SNAKE, 0.01
1835, 4, 26, Status.SNAKE, 0.01
1836, 13, 110, Status.SNAKE, 0.01
1837, 15, 110, Status.SNAKE, 0.01
1838, 5, 33, Status.SNAKE, 0.01
1839, 6, 41, Status.SNAKE, 0.01
1840, 11, 74, Status.SNAKE, 0.01
1841, 9, 58, Status.SNAKE, 0.01
1842, 2, 8, Status.SNAKE, 0.01
1843, 14, 104, Status.SNAKE, 0.01
1844, 18, 143, Status.SNAKE, 0.01
1845, 6, 40, Status.SNAKE, 0.01
1846, 17, 148, Status.SNAKE, 0.01
1847, 5, 34, Status.WALL, 0.01
1848, 5, 47, Status.SNAKE, 0.01
1849, 1, 10, Status.WALL, 0.01
1850, 4, 53, Status.SNAKE, 0.01
1851, 13, 75, Status.SNAKE, 0.01
1852, 6, 54, Status.SNAKE, 0.01
1853, 8, 53, Status.SNAKE, 0.01
1854, 11, 69, Status.SNAKE, 0.01
1855, 16, 124, Status.SNAKE, 0.01
1856, 8, 44, Status.WALL, 0.01
1857, 14, 81, Status.SNAKE, 0.01
1858, 7, 41, Status.SNAKE, 0.01
1859, 5, 25, Status.SNAKE, 0.01
1860, 5, 37, Status.SNAKE, 0.01
1861, 2, 14, Status.SNAKE, 0.01
1862, 1, 10, Status.SNAKE, 0.01
1863, 13, 109, Status.SNAKE, 0.01
1864, 8, 59, Status.SNAKE, 0.01
1865, 11, 82, Status.SNAKE, 0.01
1866, 1, 3, Status.SNAKE, 0.01
1867, 12, 92, Status.SNAKE, 0.01
1868, 22, 151, Status.SNAKE, 0.01
1869, 6, 53, Status.SNAKE, 0.01
1870, 5, 27, Status.SNAKE, 0.01
1871, 10, 55, Status.SNAKE, 0.01
1872, 15, 123, Status.SNAKE, 0.01
1873, 5, 39, Status.WALL, 0.01
1874, 7, 40, Status.WALL, 0.01
1875, 12, 68, Status.SNAKE, 0.01
1876, 5, 28, Status.SNAKE, 0.01
1877, 11, 54, Status.WALL, 0.01
1878, 14, 96, Status.SNAKE, 0.01
1879, 6, 30, Status.SNAKE, 0.01
1880, 9, 48, Status.WALL, 0.01
1881, 1, 5, Status.SNAKE, 0.01
1882, 1, 5, Status.SNAKE, 0.01
1883, 18, 138, Status.SNAKE, 0.01
1884, 8, 63, Status.SNAKE, 0.01
1885, 10, 77, Status.SNAKE, 0.01
1886, 7, 50, Status.SNAKE, 0.01
1887, 10, 88, Status.SNAKE, 0.01
1888, 17, 117, Status.SNAKE, 0.01
1889, 13, 95, Status.WALL, 0.01
1890, 15, 83, Status.SNAKE, 0.01
1891, 16, 114, Status.SNAKE, 0.01
1892, 11, 90, Status.SNAKE, 0.01
1893, 15, 120, Status.SNAKE, 0.01
1894, 8, 44, Status.SNAKE, 0.01
1895, 2, 27, Status.WALL, 0.01
1896, 5, 16, Status.SNAKE, 0.01
1897, 9, 50, Status.WALL, 0.01
1898, 7, 49, Status.SNAKE, 0.01
1899, 9, 50, Status.SNAKE, 0.01
1900, 7, 52, Status.SNAKE, 0.01
1901, 8, 48, Status.SNAKE, 0.01
1902, 13, 65, Status.SNAKE, 0.01
1903, 12, 74, Status.SNAKE, 0.01
1904, 12, 76, Status.SNAKE, 0.01
1905, 9, 68, Status.WALL, 0.01
1906, 3, 17, Status.SNAKE, 0.01
1907, 9, 54, Status.SNAKE, 0.01
1908, 6, 38, Status.SNAKE, 0.01
1909, 15, 110, Status.WALL, 0.01
1910, 13, 118, Status.SNAKE, 0.01
1911, 8, 67, Status.SNAKE, 0.01
1912, 7, 32, Status.SNAKE, 0.01
1913, 10, 54, Status.SNAKE, 0.01
1914, 12, 87, Status.WALL, 0.01
1915, 3, 14, Status.SNAKE, 0.01
1916, 14, 114, Status.SNAKE, 0.01
1917, 8, 30, Status.SNAKE, 0.01
1918, 6, 33, Status.SNAKE, 0.01
1919, 9, 61, Status.SNAKE, 0.01
1920, 19, 119, Status.SNAKE, 0.01
1921, 1, 3, Status.SNAKE, 0.01
1922, 7, 57, Status.SNAKE, 0.01
1923, 9, 52, Status.SNAKE, 0.01
1924, 12, 82, Status.SNAKE, 0.01
1925, 4, 16, Status.SNAKE, 0.01
1926, 1, 9, Status.WALL, 0.01
1927, 14, 103, Status.SNAKE, 0.01
1928, 3, 10, Status.SNAKE, 0.01
1929, 15, 85, Status.SNAKE, 0.01
1930, 9, 54, Status.WALL, 0.01
1931, 12, 78, Status.SNAKE, 0.01
1932, 13, 101, Status.SNAKE, 0.01
1933, 11, 75, Status.SNAKE, 0.01
1934, 11, 76, Status.SNAKE, 0.01
1935, 6, 43, Status.SNAKE, 0.01
1936, 9, 68, Status.WALL, 0.01
1937, 14, 79, Status.SNAKE, 0.01
1938, 14, 77, Status.WALL, 0.01
1939, 5, 52, Status.SNAKE, 0.01
1940, 7, 40, Status.SNAKE, 0.01
1941, 10, 61, Status.SNAKE, 0.01
1942, 12, 82, Status.SNAKE, 0.01
1943, 9, 62, Status.SNAKE, 0.01
1944, 3, 22, Status.SNAKE, 0.01
1945, 12, 85, Status.SNAKE, 0.01
1946, 9, 61, Status.SNAKE, 0.01
1947, 10, 78, Status.SNAKE, 0.01
1948, 5, 35, Status.SNAKE, 0.01
1949, 4, 26, Status.SNAKE, 0.01
1950, 5, 23, Status.SNAKE, 0.01
1951, 16, 85, Status.WALL, 0.01
1952, 10, 50, Status.SNAKE, 0.01
1953, 8, 52, Status.SNAKE, 0.01
1954, 7, 44, Status.SNAKE, 0.01
1955, 9, 64, Status.SNAKE, 0.01
1956, 10, 68, Status.SNAKE, 0.01
1957, 8, 60, Status.SNAKE, 0.01
1958, 5, 46, Status.SNAKE, 0.01
1959, 8, 54, Status.SNAKE, 0.01
1960, 7, 55, Status.SNAKE, 0.01
1961, 8, 74, Status.SNAKE, 0.01
1962, 13, 82, Status.SNAKE, 0.01
1963, 10, 76, Status.WALL, 0.01
1964, 2, 8, Status.SNAKE, 0.01
1965, 5, 20, Status.SNAKE, 0.01
1966, 8, 42, Status.SNAKE, 0.01
1967, 14, 91, Status.SNAKE, 0.01
1968, 9, 56, Status.SNAKE, 0.01
1969, 5, 35, Status.SNAKE, 0.01
1970, 5, 37, Status.SNAKE, 0.01
1971, 16, 113, Status.SNAKE, 0.01
1972, 9, 91, Status.SNAKE, 0.01
1973, 8, 44, Status.SNAKE, 0.01
1974, 5, 36, Status.SNAKE, 0.01
1975, 7, 53, Status.SNAKE, 0.01
1976, 13, 101, Status.SNAKE, 0.01
1977, 12, 71, Status.SNAKE, 0.01
1978, 5, 38, Status.SNAKE, 0.01
1979, 13, 98, Status.SNAKE, 0.01
1980, 13, 82, Status.SNAKE, 0.01
1981, 4, 26, Status.SNAKE, 0.01
1982, 13, 92, Status.SNAKE, 0.01
1983, 12, 90, Status.SNAKE, 0.01
1984, 14, 83, Status.SNAKE, 0.01
1985, 14, 103, Status.SNAKE, 0.01
1986, 1, 7, Status.SNAKE, 0.01
1987, 6, 33, Status.SNAKE, 0.01
1988, 7, 47, Status.SNAKE, 0.01
1989, 7, 39, Status.SNAKE, 0.01
1990, 4, 30, Status.SNAKE, 0.01
1991, 2, 10, Status.SNAKE, 0.01
1992, 12, 95, Status.WALL, 0.01
1993, 14, 118, Status.SNAKE, 0.01
1994, 17, 96, Status.SNAKE, 0.01
1995, 6, 37, Status.SNAKE, 0.01
1996, 6, 42, Status.SNAKE, 0.01
1997, 12, 82, Status.WALL, 0.01
1998, 10, 63, Status.SNAKE, 0.01
1999, 17, 105, Status.SNAKE, 0.01
2000, 14, 85, Status.WALL, 0.01
2001, 9, 41, Status.SNAKE, 0.01
2002, 3, 18, Status.SNAKE, 0.01
2003, 4, 23, Status.SNAKE, 0.01
2004, 14, 79, Status.SNAKE, 0.01
2005, 1, 5, Status.SNAKE, 0.01
2006, 5, 32, Status.WALL, 0.01
2007, 11, 86, Status.SNAKE, 0.01
2008, 8, 53, Status.WALL, 0.01
2009, 6, 35, Status.SNAKE, 0.01
2010, 6, 34, Status.SNAKE, 0.01
2011, 1, 16, Status.WALL, 0.01
2012, 7, 40, Status.WALL, 0.01
2013, 7, 41, Status.SNAKE, 0.01
2014, 5, 30, Status.SNAKE, 0.01
2015, 4, 30, Status.SNAKE, 0.01
2016, 7, 60, Status.WALL, 0.01
2017, 8, 58, Status.SNAKE, 0.01
2018, 10, 58, Status.SNAKE, 0.01
2019, 4, 31, Status.SNAKE, 0.01
2020, 15, 86, Status.SNAKE, 0.01
2021, 10, 84, Status.SNAKE, 0.01
2022, 2, 17, Status.SNAKE, 0.01
2023, 7, 52, Status.SNAKE, 0.01
2024, 12, 78, Status.SNAKE, 0.01
2025, 13, 99, Status.SNAKE, 0.01
2026, 1, 8, Status.SNAKE, 0.01
2027, 18, 114, Status.SNAKE, 0.01
2028, 15, 99, Status.SNAKE, 0.01
2029, 12, 90, Status.SNAKE, 0.01
2030, 7, 34, Status.SNAKE, 0.01
2031, 7, 42, Status.SNAKE, 0.01
2032, 7, 41, Status.SNAKE, 0.01
2033, 12, 87, Status.SNAKE, 0.01
2034, 4, 25, Status.SNAKE, 0.01
2035, 12, 82, Status.SNAKE, 0.01
2036, 10, 80, Status.WALL, 0.01
2037, 14, 111, Status.SNAKE, 0.01
2038, 9, 68, Status.SNAKE, 0.01
2039, 2, 21, Status.SNAKE, 0.01
2040, 7, 47, Status.SNAKE, 0.01
2041, 9, 52, Status.SNAKE, 0.01
2042, 4, 23, Status.SNAKE, 0.01
2043, 5, 34, Status.SNAKE, 0.01
2044, 6, 54, Status.SNAKE, 0.01
2045, 2, 11, Status.SNAKE, 0.01
2046, 18, 140, Status.SNAKE, 0.01
2047, 13, 101, Status.SNAKE, 0.01
2048, 1, 5, Status.SNAKE, 0.01
2049, 3, 26, Status.SNAKE, 0.01
2050, 10, 59, Status.SNAKE, 0.01
2051, 11, 67, Status.SNAKE, 0.01
2052, 7, 41, Status.SNAKE, 0.01
2053, 15, 98, Status.SNAKE, 0.01
2054, 10, 62, Status.WALL, 0.01
2055, 11, 83, Status.SNAKE, 0.01
2056, 4, 28, Status.SNAKE, 0.01
2057, 13, 71, Status.SNAKE, 0.01
2058, 8, 88, Status.SNAKE, 0.01
2059, 5, 33, Status.SNAKE, 0.01
2060, 10, 81, Status.SNAKE, 0.01
2061, 1, 5, Status.SNAKE, 0.01
2062, 16, 115, Status.WALL, 0.01
2063, 1, 5, Status.SNAKE, 0.01
2064, 7, 44, Status.SNAKE, 0.01
2065, 10, 71, Status.SNAKE, 0.01
2066, 5, 29, Status.SNAKE, 0.01
2067, 5, 21, Status.SNAKE, 0.01
2068, 21, 142, Status.SNAKE, 0.01
2069, 5, 42, Status.SNAKE, 0.01
2070, 11, 79, Status.SNAKE, 0.01
2071, 11, 74, Status.SNAKE, 0.01
2072, 18, 116, Status.WALL, 0.01
2073, 11, 61, Status.SNAKE, 0.01
2074, 7, 59, Status.SNAKE, 0.01
2075, 9, 56, Status.WALL, 0.01
2076, 6, 37, Status.SNAKE, 0.01
2077, 7, 30, Status.SNAKE, 0.01
2078, 11, 71, Status.SNAKE, 0.01
2079, 15, 89, Status.SNAKE, 0.01
2080, 13, 91, Status.SNAKE, 0.01
2081, 1, 8, Status.WALL, 0.01
2082, 7, 42, Status.SNAKE, 0.01
2083, 5, 31, Status.SNAKE, 0.01
2084, 5, 42, Status.SNAKE, 0.01
2085, 6, 40, Status.SNAKE, 0.01
2086, 6, 31, Status.SNAKE, 0.01
2087, 11, 60, Status.SNAKE, 0.01
2088, 15, 96, Status.SNAKE, 0.01
2089, 18, 132, Status.SNAKE, 0.01
2090, 6, 47, Status.WALL, 0.01
2091, 16, 114, Status.SNAKE, 0.01
2092, 11, 71, Status.SNAKE, 0.01
2093, 11, 77, Status.SNAKE, 0.01
2094, 12, 67, Status.WALL, 0.01
2095, 5, 31, Status.SNAKE, 0.01
2096, 2, 10, Status.WALL, 0.01
2097, 11, 62, Status.SNAKE, 0.01
2098, 4, 30, Status.SNAKE, 0.01
2099, 2, 10, Status.WALL, 0.01
2100, 14, 86, Status.WALL, 0.01
2101, 4, 34, Status.SNAKE, 0.01
2102, 13, 83, Status.SNAKE, 0.01
2103, 17, 90, Status.SNAKE, 0.01
2104, 11, 77, Status.SNAKE, 0.01
2105, 7, 50, Status.SNAKE, 0.01
2106, 16, 100, Status.WALL, 0.01
2107, 10, 74, Status.SNAKE, 0.01
2108, 1, 19, Status.SNAKE, 0.01
2109, 7, 45, Status.SNAKE, 0.01
2110, 11, 76, Status.SNAKE, 0.01
2111, 2, 15, Status.WALL, 0.01
2112, 8, 56, Status.SNAKE, 0.01
2113, 7, 48, Status.SNAKE, 0.01
2114, 9, 56, Status.SNAKE, 0.01
2115, 5, 36, Status.SNAKE, 0.01
2116, 10, 60, Status.WALL, 0.01
2117, 10, 81, Status.SNAKE, 0.01
2118, 17, 123, Status.SNAKE, 0.01
2119, 15, 116, Status.SNAKE, 0.01
2120, 6, 40, Status.SNAKE, 0.01
2121, 6, 38, Status.SNAKE, 0.01
2122, 7, 47, Status.SNAKE, 0.01
2123, 3, 27, Status.SNAKE, 0.01
2124, 2, 16, Status.SNAKE, 0.01
2125, 9, 58, Status.WALL, 0.01
2126, 3, 24, Status.SNAKE, 0.01
2127, 7, 51, Status.SNAKE, 0.01
2128, 14, 92, Status.SNAKE, 0.01
2129, 9, 61, Status.WALL, 0.01
2130, 17, 98, Status.SNAKE, 0.01
2131, 8, 54, Status.SNAKE, 0.01
2132, 8, 73, Status.WALL, 0.01
2133, 13, 72, Status.SNAKE, 0.01
2134, 4, 32, Status.WALL, 0.01
2135, 7, 47, Status.SNAKE, 0.01
2136, 20, 117, Status.SNAKE, 0.01
2137, 8, 50, Status.SNAKE, 0.01
2138, 2, 14, Status.SNAKE, 0.01
2139, 15, 86, Status.SNAKE, 0.01
2140, 8, 48, Status.SNAKE, 0.01
2141, 2, 14, Status.SNAKE, 0.01
2142, 8, 43, Status.SNAKE, 0.01
2143, 11, 67, Status.SNAKE, 0.01
2144, 7, 58, Status.SNAKE, 0.01
2145, 11, 83, Status.SNAKE, 0.01
2146, 17, 113, Status.SNAKE, 0.01
2147, 2, 18, Status.SNAKE, 0.01
2148, 11, 74, Status.SNAKE, 0.01
2149, 12, 92, Status.WALL, 0.01
2150, 9, 58, Status.SNAKE, 0.01
2151, 4, 29, Status.WALL, 0.01
2152, 14, 81, Status.SNAKE, 0.01
2153, 9, 44, Status.SNAKE, 0.01
2154, 10, 60, Status.SNAKE, 0.01
2155, 8, 53, Status.SNAKE, 0.01
2156, 15, 115, Status.SNAKE, 0.01
2157, 4, 15, Status.SNAKE, 0.01
2158, 13, 99, Status.SNAKE, 0.01
2159, 3, 14, Status.SNAKE, 0.01
2160, 3, 26, Status.WALL, 0.01
2161, 1, 13, Status.WALL, 0.01
2162, 1, 10, Status.WALL, 0.01
2163, 5, 41, Status.SNAKE, 0.01
2164, 7, 49, Status.SNAKE, 0.01
2165, 6, 32, Status.SNAKE, 0.01
2166, 20, 157, Status.SNAKE, 0.01
2167, 3, 16, Status.WALL, 0.01
2168, 1, 10, Status.WALL, 0.01
2169, 11, 95, Status.SNAKE, 0.01
2170, 13, 92, Status.SNAKE, 0.01
2171, 9, 52, Status.WALL, 0.01
2172, 1, 7, Status.SNAKE, 0.01
2173, 8, 46, Status.SNAKE, 0.01
2174, 17, 95, Status.WALL, 0.01
2175, 16, 86, Status.SNAKE, 0.01
2176, 7, 47, Status.SNAKE, 0.01
2177, 2, 15, Status.SNAKE, 0.01
2178, 15, 89, Status.SNAKE, 0.01
2179, 13, 85, Status.SNAKE, 0.01
2180, 16, 90, Status.SNAKE, 0.01
2181, 14, 121, Status.WALL, 0.01
2182, 2, 7, Status.SNAKE, 0.01
2183, 12, 77, Status.SNAKE, 0.01
2184, 5, 23, Status.WALL, 0.01
2185, 8, 45, Status.SNAKE, 0.01
2186, 4, 21, Status.WALL, 0.01
2187, 20, 132, Status.SNAKE, 0.01
2188, 8, 57, Status.WALL, 0.01
2189, 20, 123, Status.SNAKE, 0.01
2190, 11, 69, Status.SNAKE, 0.01
2191, 5, 36, Status.SNAKE, 0.01
2192, 10, 69, Status.SNAKE, 0.01
2193, 3, 20, Status.SNAKE, 0.01
2194, 11, 73, Status.SNAKE, 0.01
2195, 1, 5, Status.SNAKE, 0.01
2196, 5, 31, Status.SNAKE, 0.01
2197, 9, 45, Status.SNAKE, 0.01
2198, 1, 3, Status.SNAKE, 0.01
2199, 4, 26, Status.SNAKE, 0.01
2200, 14, 107, Status.SNAKE, 0.01
2201, 11, 87, Status.SNAKE, 0.01
2202, 10, 66, Status.WALL, 0.01
2203, 11, 82, Status.SNAKE, 0.01
2204, 12, 77, Status.SNAKE, 0.01
2205, 10, 57, Status.SNAKE, 0.01
2206, 5, 44, Status.SNAKE, 0.01
2207, 17, 107, Status.SNAKE, 0.01
2208, 10, 57, Status.SNAKE, 0.01
2209, 6, 31, Status.SNAKE, 0.01
2210, 18, 133, Status.SNAKE, 0.01
2211, 18, 150, Status.SNAKE, 0.01
2212, 13, 100, Status.SNAKE, 0.01
2213, 11, 92, Status.SNAKE, 0.01
2214, 10, 51, Status.SNAKE, 0.01
2215, 7, 42, Status.SNAKE, 0.01
2216, 17, 102, Status.SNAKE, 0.01
2217, 3, 31, Status.WALL, 0.01
2218, 3, 15, Status.SNAKE, 0.01
2219, 2, 20, Status.SNAKE, 0.01
2220, 13, 86, Status.SNAKE, 0.01
2221, 7, 38, Status.SNAKE, 0.01
2222, 10, 88, Status.SNAKE, 0.01
2223, 8, 47, Status.WALL, 0.01
2224, 4, 22, Status.SNAKE, 0.01
2225, 11, 63, Status.SNAKE, 0.01
2226, 10, 72, Status.SNAKE, 0.01
2227, 7, 45, Status.WALL, 0.01
2228, 10, 76, Status.SNAKE, 0.01
2229, 12, 70, Status.WALL, 0.01
2230, 8, 41, Status.SNAKE, 0.01
2231, 10, 52, Status.SNAKE, 0.01
2232, 1, 3, Status.SNAKE, 0.01
2233, 15, 101, Status.SNAKE, 0.01
2234, 7, 38, Status.SNAKE, 0.01
2235, 7, 52, Status.SNAKE, 0.01
2236, 6, 39, Status.SNAKE, 0.01
2237, 10, 63, Status.SNAKE, 0.01
2238, 2, 30, Status.WALL, 0.01
2239, 8, 51, Status.SNAKE, 0.01
2240, 9, 54, Status.SNAKE, 0.01
2241, 14, 87, Status.SNAKE, 0.01
2242, 13, 80, Status.SNAKE, 0.01
2243, 1, 10, Status.SNAKE, 0.01
2244, 4, 28, Status.SNAKE, 0.01
2245, 10, 91, Status.SNAKE, 0.01
2246, 11, 101, Status.SNAKE, 0.01
2247, 6, 66, Status.SNAKE, 0.01
2248, 10, 69, Status.SNAKE, 0.01
2249, 18, 128, Status.WALL, 0.01
2250, 9, 58, Status.SNAKE, 0.01
2251, 15, 105, Status.SNAKE, 0.01
2252, 9, 81, Status.SNAKE, 0.01
2253, 3, 24, Status.SNAKE, 0.01
2254, 9, 60, Status.SNAKE, 0.01
2255, 16, 80, Status.SNAKE, 0.01
2256, 6, 41, Status.SNAKE, 0.01
2257, 8, 73, Status.SNAKE, 0.01
2258, 9, 52, Status.SNAKE, 0.01
2259, 11, 67, Status.SNAKE, 0.01
2260, 6, 34, Status.SNAKE, 0.01
2261, 11, 62, Status.SNAKE, 0.01
2262, 8, 51, Status.SNAKE, 0.01
2263, 13, 80, Status.SNAKE, 0.01
2264, 7, 60, Status.SNAKE, 0.01
2265, 8, 59, Status.SNAKE, 0.01
2266, 10, 72, Status.WALL, 0.01
2267, 11, 59, Status.SNAKE, 0.01
2268, 4, 33, Status.SNAKE, 0.01
2269, 2, 15, Status.SNAKE, 0.01
2270, 2, 14, Status.SNAKE, 0.01
2271, 8, 65, Status.SNAKE, 0.01
2272, 12, 82, Status.SNAKE, 0.01
2273, 11, 71, Status.SNAKE, 0.01
2274, 3, 30, Status.SNAKE, 0.01
2275, 8, 43, Status.SNAKE, 0.01
2276, 9, 62, Status.SNAKE, 0.01
2277, 10, 56, Status.SNAKE, 0.01
2278, 12, 81, Status.SNAKE, 0.01
2279, 9, 77, Status.SNAKE, 0.01
2280, 9, 56, Status.SNAKE, 0.01
2281, 8, 76, Status.SNAKE, 0.01
2282, 5, 43, Status.SNAKE, 0.01
2283, 5, 34, Status.SNAKE, 0.01
2284, 5, 34, Status.SNAKE, 0.01
2285, 10, 67, Status.WALL, 0.01
2286, 4, 28, Status.SNAKE, 0.01
2287, 3, 18, Status.SNAKE, 0.01
2288, 11, 83, Status.SNAKE, 0.01
2289, 4, 37, Status.SNAKE, 0.01
2290, 3, 26, Status.SNAKE, 0.01
2291, 12, 84, Status.SNAKE, 0.01
2292, 9, 77, Status.SNAKE, 0.01
2293, 5, 26, Status.SNAKE, 0.01
2294, 7, 34, Status.SNAKE, 0.01
2295, 4, 33, Status.SNAKE, 0.01
2296, 7, 52, Status.WALL, 0.01
2297, 14, 104, Status.SNAKE, 0.01
2298, 6, 31, Status.SNAKE, 0.01
2299, 2, 16, Status.SNAKE, 0.01
2300, 11, 68, Status.SNAKE, 0.01
2301, 7, 48, Status.SNAKE, 0.01
2302, 2, 12, Status.WALL, 0.01
2303, 7, 35, Status.SNAKE, 0.01
2304, 11, 93, Status.SNAKE, 0.01
2305, 25, 140, Status.SNAKE, 0.01
2306, 2, 13, Status.SNAKE, 0.01
2307, 16, 113, Status.SNAKE, 0.01
2308, 12, 84, Status.SNAKE, 0.01
2309, 6, 26, Status.SNAKE, 0.01
2310, 7, 43, Status.WALL, 0.01
2311, 11, 66, Status.SNAKE, 0.01
2312, 3, 23, Status.SNAKE, 0.01
2313, 7, 42, Status.SNAKE, 0.01
2314, 5, 30, Status.WALL, 0.01
2315, 7, 51, Status.WALL, 0.01
2316, 6, 44, Status.SNAKE, 0.01
2317, 20, 122, Status.SNAKE, 0.01
2318, 10, 65, Status.WALL, 0.01
2319, 6, 31, Status.SNAKE, 0.01
2320, 5, 36, Status.SNAKE, 0.01
2321, 8, 77, Status.SNAKE, 0.01
2322, 9, 65, Status.WALL, 0.01
2323, 11, 100, Status.SNAKE, 0.01
2324, 7, 37, Status.SNAKE, 0.01
2325, 15, 128, Status.SNAKE, 0.01
2326, 18, 144, Status.SNAKE, 0.01
2327, 12, 79, Status.SNAKE, 0.01
2328, 9, 66, Status.WALL, 0.01
2329, 3, 23, Status.WALL, 0.01
2330, 9, 52, Status.SNAKE, 0.01
2331, 12, 65, Status.SNAKE, 0.01
2332, 10, 57, Status.SNAKE, 0.01
2333, 7, 57, Status.SNAKE, 0.01
2334, 8, 42, Status.SNAKE, 0.01
2335, 14, 72, Status.SNAKE, 0.01
2336, 5, 19, Status.SNAKE, 0.01
2337, 7, 41, Status.WALL, 0.01
2338, 13, 88, Status.SNAKE, 0.01
2339, 3, 20, Status.SNAKE, 0.01
2340, 9, 58, Status.SNAKE, 0.01
2341, 22, 142, Status.SNAKE, 0.01
2342, 1, 10, Status.SNAKE, 0.01
2343, 10, 90, Status.SNAKE, 0.01
2344, 15, 75, Status.WALL, 0.01
2345, 10, 71, Status.SNAKE, 0.01
2346, 2, 21, Status.SNAKE, 0.01
2347, 1, 13, Status.WALL, 0.01
2348, 11, 65, Status.SNAKE, 0.01
2349, 16, 98, Status.SNAKE, 0.01
2350, 13, 97, Status.SNAKE, 0.01
2351, 7, 53, Status.SNAKE, 0.01
2352, 7, 34, Status.SNAKE, 0.01
2353, 1, 5, Status.SNAKE, 0.01
2354, 5, 31, Status.WALL, 0.01
2355, 18, 118, Status.SNAKE, 0.01
2356, 1, 7, Status.SNAKE, 0.01
2357, 4, 22, Status.SNAKE, 0.01
2358, 6, 39, Status.SNAKE, 0.01
2359, 16, 88, Status.SNAKE, 0.01
2360, 9, 66, Status.SNAKE, 0.01
2361, 6, 48, Status.SNAKE, 0.01
2362, 11, 81, Status.SNAKE, 0.01
2363, 16, 104, Status.SNAKE, 0.01
2364, 8, 55, Status.SNAKE, 0.01
2365, 1, 12, Status.WALL, 0.01
2366, 5, 29, Status.SNAKE, 0.01
2367, 13, 94, Status.SNAKE, 0.01
2368, 9, 63, Status.SNAKE, 0.01
2369, 8, 49, Status.SNAKE, 0.01
2370, 5, 50, Status.SNAKE, 0.01
2371, 3, 26, Status.SNAKE, 0.01
2372, 11, 52, Status.SNAKE, 0.01
2373, 15, 107, Status.SNAKE, 0.01
2374, 5, 29, Status.SNAKE, 0.01
2375, 9, 38, Status.SNAKE, 0.01
2376, 11, 72, Status.SNAKE, 0.01
2377, 7, 40, Status.SNAKE, 0.01
2378, 5, 30, Status.WALL, 0.01
2379, 3, 21, Status.SNAKE, 0.01
2380, 11, 67, Status.SNAKE, 0.01
2381, 12, 69, Status.SNAKE, 0.01
2382, 17, 127, Status.SNAKE, 0.01
2383, 10, 63, Status.SNAKE, 0.01
2384, 8, 41, Status.SNAKE, 0.01
2385, 5, 28, Status.SNAKE, 0.01
2386, 17, 132, Status.SNAKE, 0.01
2387, 8, 57, Status.SNAKE, 0.01
2388, 2, 33, Status.WALL, 0.01
2389, 2, 20, Status.SNAKE, 0.01
2390, 4, 28, Status.WALL, 0.01
2391, 6, 46, Status.SNAKE, 0.01
2392, 2, 16, Status.SNAKE, 0.01
2393, 5, 24, Status.SNAKE, 0.01
2394, 12, 71, Status.SNAKE, 0.01
2395, 10, 79, Status.SNAKE, 0.01
2396, 10, 97, Status.SNAKE, 0.01
2397, 4, 20, Status.SNAKE, 0.01
2398, 13, 92, Status.SNAKE, 0.01
2399, 7, 46, Status.WALL, 0.01
2400, 5, 53, Status.WALL, 0.01
2401, 13, 98, Status.SNAKE, 0.01
2402, 13, 96, Status.SNAKE, 0.01
2403, 5, 29, Status.SNAKE, 0.01
2404, 10, 76, Status.SNAKE, 0.01
2405, 18, 113, Status.SNAKE, 0.01
2406, 10, 49, Status.SNAKE, 0.01
2407, 11, 81, Status.SNAKE, 0.01
2408, 11, 64, Status.SNAKE, 0.01
2409, 9, 49, Status.SNAKE, 0.01
2410, 12, 75, Status.SNAKE, 0.01
2411, 5, 34, Status.SNAKE, 0.01
2412, 10, 57, Status.SNAKE, 0.01
2413, 11, 59, Status.WALL, 0.01
2414, 1, 8, Status.SNAKE, 0.01
2415, 6, 47, Status.SNAKE, 0.01
2416, 12, 90, Status.WALL, 0.01
2417, 4, 40, Status.SNAKE, 0.01
2418, 10, 66, Status.SNAKE, 0.01
2419, 5, 43, Status.SNAKE, 0.01
2420, 13, 76, Status.SNAKE, 0.01
2421, 3, 27, Status.SNAKE, 0.01
2422, 7, 47, Status.SNAKE, 0.01
2423, 14, 86, Status.SNAKE, 0.01
2424, 8, 61, Status.SNAKE, 0.01
2425, 6, 34, Status.SNAKE, 0.01
2426, 2, 15, Status.SNAKE, 0.01
2427, 3, 22, Status.SNAKE, 0.01
2428, 11, 58, Status.SNAKE, 0.01
2429, 4, 43, Status.SNAKE, 0.01
2430, 13, 108, Status.SNAKE, 0.01
2431, 6, 47, Status.WALL, 0.01
2432, 6, 37, Status.SNAKE, 0.01
2433, 9, 71, Status.SNAKE, 0.01
2434, 2, 14, Status.SNAKE, 0.01
2435, 8, 46, Status.SNAKE, 0.01
2436, 8, 66, Status.SNAKE, 0.01
2437, 2, 20, Status.SNAKE, 0.01
2438, 12, 84, Status.SNAKE, 0.01
2439, 7, 46, Status.SNAKE, 0.01
2440, 5, 42, Status.SNAKE, 0.01
2441, 5, 38, Status.SNAKE, 0.01
2442, 5, 55, Status.SNAKE, 0.01
2443, 10, 84, Status.SNAKE, 0.01
2444, 5, 52, Status.SNAKE, 0.01
2445, 2, 19, Status.SNAKE, 0.01
2446, 1, 5, Status.WALL, 0.01
2447, 4, 32, Status.SNAKE, 0.01
2448, 14, 97, Status.SNAKE, 0.01
2449, 8, 53, Status.SNAKE, 0.01
2450, 8, 51, Status.SNAKE, 0.01
2451, 7, 50, Status.SNAKE, 0.01
2452, 5, 45, Status.SNAKE, 0.01
2453, 12, 88, Status.SNAKE, 0.01
2454, 6, 46, Status.SNAKE, 0.01
2455, 5, 50, Status.SNAKE, 0.01
2456, 11, 63, Status.SNAKE, 0.01
2457, 22, 152, Status.SNAKE, 0.01
2458, 8, 67, Status.WALL, 0.01
2459, 5, 39, Status.SNAKE, 0.01
2460, 4, 35, Status.SNAKE, 0.01
2461, 10, 46, Status.SNAKE, 0.01
2462, 12, 95, Status.SNAKE, 0.01
2463, 3, 13, Status.WALL, 0.01
2464, 9, 65, Status.SNAKE, 0.01
2465, 13, 97, Status.WALL, 0.01
2466, 3, 26, Status.WALL, 0.01
2467, 11, 76, Status.SNAKE, 0.01
2468, 7, 42, Status.SNAKE, 0.01
2469, 14, 90, Status.SNAKE, 0.01
2470, 3, 16, Status.WALL, 0.01
2471, 13, 97, Status.WALL, 0.01
2472, 5, 32, Status.SNAKE, 0.01
2473, 12, 94, Status.SNAKE, 0.01
2474, 5, 56, Status.SNAKE, 0.01
2475, 6, 31, Status.SNAKE, 0.01
2476, 15, 97, Status.SNAKE, 0.01
2477, 4, 22, Status.SNAKE, 0.01
2478, 6, 47, Status.WALL, 0.01
2479, 5, 38, Status.SNAKE, 0.01
2480, 9, 64, Status.SNAKE, 0.01
2481, 7, 46, Status.SNAKE, 0.01
2482, 13, 85, Status.SNAKE, 0.01
2483, 6, 36, Status.SNAKE, 0.01
2484, 1, 5, Status.SNAKE, 0.01
2485, 9, 61, Status.SNAKE, 0.01
2486, 12, 85, Status.WALL, 0.01
2487, 1, 10, Status.SNAKE, 0.01
2488, 8, 79, Status.SNAKE, 0.01
2489, 16, 100, Status.SNAKE, 0.01
2490, 8, 67, Status.SNAKE, 0.01
2491, 4, 23, Status.SNAKE, 0.01
2492, 6, 36, Status.SNAKE, 0.01
2493, 5, 33, Status.WALL, 0.01
2494, 5, 40, Status.SNAKE, 0.01
2495, 11, 61, Status.SNAKE, 0.01
2496, 11, 74, Status.WALL, 0.01
2497, 12, 74, Status.WALL, 0.01
2498, 1, 8, Status.WALL, 0.01
2499, 9, 48, Status.SNAKE, 0.01
2500, 23, 144, Status.SNAKE, 0.01
2501, 8, 56, Status.SNAKE, 0.01
2502, 2, 17, Status.SNAKE, 0.01
2503, 12, 81, Status.WALL, 0.01
2504, 9, 45, Status.SNAKE, 0.01
2505, 4, 29, Status.SNAKE, 0.01
2506, 1, 10, Status.SNAKE, 0.01
2507, 12, 79, Status.SNAKE, 0.01
2508, 5, 37, Status.SNAKE, 0.01
2509, 10, 60, Status.SNAKE, 0.01
2510, 10, 58, Status.SNAKE, 0.01
2511, 1, 16, Status.WALL, 0.01
2512, 14, 108, Status.SNAKE, 0.01
2513, 11, 96, Status.SNAKE, 0.01
2514, 7, 40, Status.SNAKE, 0.01
2515, 9, 63, Status.SNAKE, 0.01
2516, 14, 112, Status.SNAKE, 0.01
2517, 1, 10, Status.SNAKE, 0.01
2518, 17, 118, Status.SNAKE, 0.01
2519, 3, 14, Status.SNAKE, 0.01
2520, 9, 48, Status.WALL, 0.01
2521, 17, 117, Status.WALL, 0.01
2522, 13, 87, Status.SNAKE, 0.01
2523, 11, 58, Status.SNAKE, 0.01
2524, 10, 54, Status.SNAKE, 0.01
2525, 5, 30, Status.SNAKE, 0.01
2526, 10, 57, Status.SNAKE, 0.01
2527, 10, 63, Status.SNAKE, 0.01
2528, 10, 79, Status.WALL, 0.01
2529, 6, 31, Status.WALL, 0.01
2530, 9, 49, Status.SNAKE, 0.01
2531, 4, 13, Status.SNAKE, 0.01
2532, 13, 107, Status.SNAKE, 0.01
2533, 12, 73, Status.SNAKE, 0.01
2534, 10, 55, Status.WALL, 0.01
2535, 8, 56, Status.SNAKE, 0.01
2536, 5, 44, Status.SNAKE, 0.01
2537, 8, 51, Status.SNAKE, 0.01
2538, 5, 32, Status.SNAKE, 0.01
2539, 9, 68, Status.SNAKE, 0.01
2540, 8, 65, Status.SNAKE, 0.01
2541, 9, 77, Status.WALL, 0.01
2542, 10, 75, Status.SNAKE, 0.01
2543, 9, 47, Status.SNAKE, 0.01
2544, 9, 60, Status.SNAKE, 0.01
2545, 10, 72, Status.SNAKE, 0.01
2546, 6, 42, Status.SNAKE, 0.01
2547, 7, 44, Status.SNAKE, 0.01
2548, 12, 73, Status.SNAKE, 0.01
2549, 9, 71, Status.SNAKE, 0.01
2550, 2, 20, Status.SNAKE, 0.01
2551, 14, 80, Status.SNAKE, 0.01
2552, 6, 35, Status.SNAKE, 0.01
2553, 9, 85, Status.WALL, 0.01
2554, 7, 67, Status.SNAKE, 0.01
2555, 9, 63, Status.SNAKE, 0.01
2556, 15, 121, Status.SNAKE, 0.01
2557, 8, 71, Status.SNAKE, 0.01
2558, 13, 102, Status.SNAKE, 0.01
2559, 16, 129, Status.WALL, 0.01
2560, 5, 38, Status.WALL, 0.01
2561, 5, 26, Status.SNAKE, 0.01
2562, 12, 66, Status.SNAKE, 0.01
2563, 5, 44, Status.SNAKE, 0.01
2564, 15, 100, Status.SNAKE, 0.01
2565, 5, 41, Status.SNAKE, 0.01
2566, 10, 61, Status.SNAKE, 0.01
2567, 3, 12, Status.SNAKE, 0.01
2568, 10, 62, Status.SNAKE, 0.01
2569, 4, 20, Status.SNAKE, 0.01
2570, 13, 89, Status.SNAKE, 0.01
2571, 8, 51, Status.SNAKE, 0.01
2572, 10, 54, Status.SNAKE, 0.01
2573, 7, 56, Status.SNAKE, 0.01
2574, 5, 31, Status.SNAKE, 0.01
2575, 5, 39, Status.SNAKE, 0.01
2576, 11, 85, Status.SNAKE, 0.01
2577, 11, 66, Status.SNAKE, 0.01
2578, 7, 54, Status.SNAKE, 0.01
2579, 9, 56, Status.WALL, 0.01
2580, 5, 27, Status.SNAKE, 0.01
2581, 8, 58, Status.SNAKE, 0.01
2582, 8, 37, Status.WALL, 0.01
2583, 2, 12, Status.SNAKE, 0.01
2584, 15, 73, Status.SNAKE, 0.01
2585, 8, 64, Status.SNAKE, 0.01
2586, 5, 34, Status.SNAKE, 0.01
2587, 2, 26, Status.WALL, 0.01
2588, 7, 58, Status.WALL, 0.01
2589, 11, 57, Status.SNAKE, 0.01
2590, 6, 40, Status.SNAKE, 0.01
2591, 4, 17, Status.SNAKE, 0.01
2592, 12, 96, Status.SNAKE, 0.01
2593, 9, 63, Status.SNAKE, 0.01
2594, 14, 93, Status.SNAKE, 0.01
2595, 14, 92, Status.SNAKE, 0.01
2596, 7, 46, Status.SNAKE, 0.01
2597, 4, 19, Status.SNAKE, 0.01
2598, 3, 14, Status.SNAKE, 0.01
2599, 11, 73, Status.SNAKE, 0.01
2600, 8, 57, Status.SNAKE, 0.01
2601, 8, 57, Status.SNAKE, 0.01
2602, 11, 83, Status.SNAKE, 0.01
2603, 13, 105, Status.SNAKE, 0.01
2604, 7, 39, Status.SNAKE, 0.01
2605, 6, 48, Status.SNAKE, 0.01
2606, 8, 53, Status.SNAKE, 0.01
2607, 10, 58, Status.SNAKE, 0.01
2608, 8, 62, Status.SNAKE, 0.01
2609, 19, 114, Status.SNAKE, 0.01
2610, 15, 128, Status.SNAKE, 0.01
2611, 2, 21, Status.WALL, 0.01
2612, 4, 16, Status.SNAKE, 0.01
2613, 11, 63, Status.SNAKE, 0.01
2614, 5, 36, Status.SNAKE, 0.01
2615, 6, 39, Status.SNAKE, 0.01
2616, 17, 97, Status.SNAKE, 0.01
2617, 8, 60, Status.SNAKE, 0.01
2618, 5, 44, Status.SNAKE, 0.01
2619, 10, 68, Status.SNAKE, 0.01
2620, 14, 94, Status.SNAKE, 0.01
2621, 14, 102, Status.SNAKE, 0.01
2622, 14, 97, Status.SNAKE, 0.01
2623, 17, 125, Status.WALL, 0.01
2624, 11, 61, Status.SNAKE, 0.01
2625, 8, 50, Status.SNAKE, 0.01
2626, 11, 81, Status.SNAKE, 0.01
2627, 10, 63, Status.SNAKE, 0.01
2628, 13, 92, Status.SNAKE, 0.01
2629, 8, 29, Status.SNAKE, 0.01
2630, 13, 100, Status.SNAKE, 0.01
2631, 16, 120, Status.SNAKE, 0.01
2632, 10, 53, Status.SNAKE, 0.01
2633, 4, 26, Status.SNAKE, 0.01
2634, 14, 103, Status.SNAKE, 0.01
2635, 6, 25, Status.SNAKE, 0.01
2636, 1, 15, Status.WALL, 0.01
2637, 2, 12, Status.SNAKE, 0.01
2638, 6, 55, Status.SNAKE, 0.01
2639, 10, 60, Status.SNAKE, 0.01
2640, 7, 51, Status.SNAKE, 0.01
2641, 20, 130, Status.SNAKE, 0.01
2642, 8, 67, Status.SNAKE, 0.01
2643, 10, 83, Status.SNAKE, 0.01
2644, 6, 44, Status.SNAKE, 0.01
2645, 14, 98, Status.SNAKE, 0.01
2646, 11, 90, Status.SNAKE, 0.01
2647, 14, 90, Status.SNAKE, 0.01
2648, 3, 20, Status.SNAKE, 0.01
2649, 11, 62, Status.SNAKE, 0.01
2650, 3, 26, Status.SNAKE, 0.01
2651, 14, 109, Status.SNAKE, 0.01
2652, 1, 3, Status.SNAKE, 0.01
2653, 8, 57, Status.WALL, 0.01
2654, 6, 32, Status.SNAKE, 0.01
2655, 5, 39, Status.SNAKE, 0.01
2656, 14, 83, Status.SNAKE, 0.01
2657, 9, 51, Status.SNAKE, 0.01
2658, 6, 28, Status.SNAKE, 0.01
2659, 8, 63, Status.SNAKE, 0.01
2660, 1, 5, Status.SNAKE, 0.01
2661, 10, 72, Status.SNAKE, 0.01
2662, 10, 75, Status.SNAKE, 0.01
2663, 6, 41, Status.SNAKE, 0.01
2664, 8, 43, Status.SNAKE, 0.01
2665, 1, 17, Status.SNAKE, 0.01
2666, 8, 66, Status.SNAKE, 0.01
2667, 2, 24, Status.SNAKE, 0.01
2668, 7, 44, Status.SNAKE, 0.01
2669, 5, 38, Status.SNAKE, 0.01
2670, 13, 76, Status.SNAKE, 0.01
2671, 8, 64, Status.SNAKE, 0.01
2672, 8, 76, Status.SNAKE, 0.01
2673, 5, 39, Status.SNAKE, 0.01
2674, 14, 99, Status.SNAKE, 0.01
2675, 8, 61, Status.SNAKE, 0.01
2676, 14, 72, Status.SNAKE, 0.01
2677, 19, 133, Status.SNAKE, 0.01
2678, 8, 67, Status.WALL, 0.01
2679, 14, 83, Status.WALL, 0.01
2680, 12, 100, Status.SNAKE, 0.01
2681, 4, 19, Status.SNAKE, 0.01
2682, 15, 97, Status.SNAKE, 0.01
2683, 14, 90, Status.WALL, 0.01
2684, 13, 76, Status.SNAKE, 0.01
2685, 17, 135, Status.WALL, 0.01
2686, 15, 122, Status.SNAKE, 0.01
2687, 6, 31, Status.SNAKE, 0.01
2688, 7, 37, Status.SNAKE, 0.01
2689, 15, 90, Status.SNAKE, 0.01
2690, 12, 89, Status.SNAKE, 0.01
2691, 8, 39, Status.SNAKE, 0.01
2692, 24, 131, Status.SNAKE, 0.01
2693, 4, 32, Status.SNAKE, 0.01
2694, 12, 80, Status.SNAKE, 0.01
2695, 12, 75, Status.SNAKE, 0.01
2696, 7, 40, Status.WALL, 0.01
2697, 3, 17, Status.SNAKE, 0.01
2698, 6, 35, Status.SNAKE, 0.01
2699, 12, 73, Status.SNAKE, 0.01
2700, 5, 32, Status.SNAKE, 0.01
2701, 11, 63, Status.WALL, 0.01
2702, 8, 55, Status.SNAKE, 0.01
2703, 8, 50, Status.SNAKE, 0.01
2704, 16, 111, Status.WALL, 0.01
2705, 10, 80, Status.SNAKE, 0.01
2706, 14, 72, Status.SNAKE, 0.01
2707, 7, 36, Status.SNAKE, 0.01
2708, 5, 30, Status.SNAKE, 0.01
2709, 5, 30, Status.WALL, 0.01
2710, 15, 112, Status.SNAKE, 0.01
2711, 6, 52, Status.SNAKE, 0.01
2712, 10, 60, Status.SNAKE, 0.01
2713, 6, 44, Status.SNAKE, 0.01
2714, 11, 67, Status.SNAKE, 0.01
2715, 9, 65, Status.SNAKE, 0.01
2716, 15, 98, Status.WALL, 0.01
2717, 11, 74, Status.SNAKE, 0.01
2718, 5, 35, Status.WALL, 0.01
2719, 15, 99, Status.SNAKE, 0.01
2720, 10, 86, Status.SNAKE, 0.01
2721, 4, 33, Status.SNAKE, 0.01
2722, 7, 38, Status.SNAKE, 0.01
2723, 1, 5, Status.SNAKE, 0.01
2724, 5, 43, Status.WALL, 0.01
2725, 13, 84, Status.SNAKE, 0.01
2726, 7, 64, Status.WALL, 0.01
2727, 6, 47, Status.SNAKE, 0.01
2728, 3, 14, Status.SNAKE, 0.01
2729, 3, 14, Status.SNAKE, 0.01
2730, 9, 42, Status.SNAKE, 0.01
2731, 5, 26, Status.SNAKE, 0.01
2732, 7, 45, Status.SNAKE, 0.01
2733, 12, 70, Status.SNAKE, 0.01
2734, 1, 13, Status.WALL, 0.01
2735, 9, 54, Status.WALL, 0.01
2736, 5, 36, Status.SNAKE, 0.01
2737, 11, 76, Status.SNAKE, 0.01
2738, 5, 17, Status.SNAKE, 0.01
2739, 8, 66, Status.SNAKE, 0.01
2740, 6, 47, Status.SNAKE, 0.01
2741, 14, 83, Status.SNAKE, 0.01
2742, 7, 49, Status.SNAKE, 0.01
2743, 19, 116, Status.SNAKE, 0.01
2744, 8, 36, Status.SNAKE, 0.01
2745, 1, 4, Status.WALL, 0.01
2746, 12, 84, Status.SNAKE, 0.01
2747, 14, 87, Status.SNAKE, 0.01
2748, 14, 98, Status.SNAKE, 0.01
2749, 12, 84, Status.SNAKE, 0.01
2750, 13, 98, Status.SNAKE, 0.01
2751, 5, 29, Status.SNAKE, 0.01
2752, 10, 82, Status.SNAKE, 0.01
2753, 7, 45, Status.SNAKE, 0.01
2754, 4, 36, Status.SNAKE, 0.01
2755, 3, 23, Status.SNAKE, 0.01
2756, 5, 32, Status.SNAKE, 0.01
2757, 8, 42, Status.WALL, 0.01
2758, 1, 5, Status.SNAKE, 0.01
2759, 10, 72, Status.SNAKE, 0.01
2760, 10, 61, Status.SNAKE, 0.01
2761, 11, 60, Status.SNAKE, 0.01
2762, 16, 117, Status.SNAKE, 0.01
2763, 6, 28, Status.SNAKE, 0.01
2764, 9, 77, Status.SNAKE, 0.01
2765, 13, 117, Status.SNAKE, 0.01
2766, 11, 80, Status.WALL, 0.01
2767, 11, 68, Status.SNAKE, 0.01
2768, 9, 50, Status.SNAKE, 0.01
2769, 6, 31, Status.SNAKE, 0.01
2770, 3, 29, Status.SNAKE, 0.01
2771, 12, 74, Status.SNAKE, 0.01
2772, 12, 78, Status.SNAKE, 0.01
2773, 10, 71, Status.SNAKE, 0.01
2774, 8, 56, Status.SNAKE, 0.01
2775, 8, 53, Status.SNAKE, 0.01
2776, 5, 46, Status.SNAKE, 0.01
2777, 13, 81, Status.SNAKE, 0.01
2778, 4, 28, Status.WALL, 0.01
2779, 5, 49, Status.SNAKE, 0.01
2780, 4, 24, Status.SNAKE, 0.01
2781, 7, 41, Status.SNAKE, 0.01
2782, 3, 15, Status.SNAKE, 0.01
2783, 24, 135, Status.SNAKE, 0.01
2784, 11, 71, Status.SNAKE, 0.01
2785, 7, 63, Status.SNAKE, 0.01
2786, 9, 56, Status.SNAKE, 0.01
2787, 6, 41, Status.SNAKE, 0.01
2788, 12, 73, Status.SNAKE, 0.01
2789, 12, 88, Status.SNAKE, 0.01
2790, 0, 5, Status.WALL, 0.01
2791, 1, 5, Status.SNAKE, 0.01
2792, 12, 72, Status.SNAKE, 0.01
2793, 5, 26, Status.SNAKE, 0.01
2794, 3, 34, Status.SNAKE, 0.01
2795, 9, 58, Status.SNAKE, 0.01
2796, 15, 104, Status.SNAKE, 0.01
2797, 6, 50, Status.SNAKE, 0.01
2798, 6, 39, Status.SNAKE, 0.01
2799, 1, 3, Status.SNAKE, 0.01
2800, 2, 17, Status.WALL, 0.01
2801, 10, 63, Status.SNAKE, 0.01
2802, 8, 58, Status.WALL, 0.01
2803, 9, 52, Status.SNAKE, 0.01
2804, 13, 103, Status.WALL, 0.01
2805, 2, 18, Status.WALL, 0.01
2806, 11, 89, Status.SNAKE, 0.01
2807, 11, 78, Status.SNAKE, 0.01
2808, 13, 83, Status.WALL, 0.01
2809, 6, 30, Status.WALL, 0.01
2810, 9, 54, Status.SNAKE, 0.01
2811, 5, 27, Status.SNAKE, 0.01
2812, 20, 143, Status.SNAKE, 0.01
2813, 13, 87, Status.SNAKE, 0.01
2814, 13, 92, Status.SNAKE, 0.01
2815, 9, 62, Status.SNAKE, 0.01
2816, 9, 66, Status.WALL, 0.01
2817, 6, 46, Status.WALL, 0.01
2818, 15, 97, Status.SNAKE, 0.01
2819, 11, 69, Status.SNAKE, 0.01
2820, 8, 59, Status.SNAKE, 0.01
2821, 13, 102, Status.SNAKE, 0.01
2822, 5, 33, Status.WALL, 0.01
2823, 9, 67, Status.WALL, 0.01
2824, 1, 5, Status.SNAKE, 0.01
2825, 4, 26, Status.SNAKE, 0.01
2826, 5, 26, Status.SNAKE, 0.01
2827, 9, 49, Status.SNAKE, 0.01
2828, 2, 18, Status.SNAKE, 0.01
2829, 15, 99, Status.SNAKE, 0.01
2830, 6, 28, Status.SNAKE, 0.01
2831, 10, 82, Status.SNAKE, 0.01
2832, 19, 117, Status.SNAKE, 0.01
2833, 1, 3, Status.SNAKE, 0.01
2834, 14, 85, Status.SNAKE, 0.01
2835, 13, 74, Status.SNAKE, 0.01
2836, 12, 74, Status.WALL, 0.01
2837, 11, 79, Status.SNAKE, 0.01
2838, 11, 68, Status.SNAKE, 0.01
2839, 18, 119, Status.SNAKE, 0.01
2840, 5, 34, Status.SNAKE, 0.01
2841, 7, 30, Status.SNAKE, 0.01
2842, 9, 58, Status.SNAKE, 0.01
2843, 13, 89, Status.WALL, 0.01
2844, 12, 72, Status.WALL, 0.01
2845, 2, 14, Status.SNAKE, 0.01
2846, 8, 52, Status.SNAKE, 0.01
2847, 10, 58, Status.SNAKE, 0.01
2848, 13, 97, Status.SNAKE, 0.01
2849, 7, 50, Status.SNAKE, 0.01
2850, 4, 37, Status.WALL, 0.01
2851, 11, 68, Status.WALL, 0.01
2852, 14, 120, Status.SNAKE, 0.01
2853, 10, 66, Status.SNAKE, 0.01
2854, 21, 126, Status.SNAKE, 0.01
2855, 10, 67, Status.SNAKE, 0.01
2856, 14, 123, Status.SNAKE, 0.01
2857, 6, 44, Status.SNAKE, 0.01
2858, 9, 65, Status.SNAKE, 0.01
2859, 6, 41, Status.WALL, 0.01
2860, 11, 81, Status.SNAKE, 0.01
2861, 13, 109, Status.SNAKE, 0.01
2862, 6, 36, Status.SNAKE, 0.01
2863, 11, 95, Status.SNAKE, 0.01
2864, 5, 29, Status.SNAKE, 0.01
2865, 4, 21, Status.SNAKE, 0.01
2866, 8, 62, Status.SNAKE, 0.01
2867, 9, 66, Status.SNAKE, 0.01
2868, 3, 14, Status.SNAKE, 0.01
2869, 10, 69, Status.SNAKE, 0.01
2870, 5, 42, Status.SNAKE, 0.01
2871, 12, 61, Status.SNAKE, 0.01
2872, 6, 26, Status.SNAKE, 0.01
2873, 7, 40, Status.SNAKE, 0.01
2874, 5, 48, Status.SNAKE, 0.01
2875, 10, 67, Status.SNAKE, 0.01
2876, 7, 40, Status.SNAKE, 0.01
2877, 9, 69, Status.WALL, 0.01
2878, 11, 90, Status.SNAKE, 0.01
2879, 14, 95, Status.SNAKE, 0.01
2880, 5, 46, Status.WALL, 0.01
2881, 6, 45, Status.SNAKE, 0.01
2882, 11, 76, Status.SNAKE, 0.01
2883, 1, 5, Status.SNAKE, 0.01
2884, 15, 79, Status.SNAKE, 0.01
2885, 7, 56, Status.SNAKE, 0.01
2886, 5, 31, Status.WALL, 0.01
2887, 9, 44, Status.SNAKE, 0.01
2888, 11, 117, Status.SNAKE, 0.01
2889, 10, 77, Status.SNAKE, 0.01
2890, 5, 36, Status.SNAKE, 0.01
2891, 12, 75, Status.SNAKE, 0.01
2892, 7, 59, Status.WALL, 0.01
2893, 7, 38, Status.SNAKE, 0.01
2894, 5, 31, Status.SNAKE, 0.01
2895, 9, 69, Status.SNAKE, 0.01
2896, 7, 33, Status.SNAKE, 0.01
2897, 11, 73, Status.SNAKE, 0.01
2898, 7, 38, Status.SNAKE, 0.01
2899, 9, 50, Status.SNAKE, 0.01
2900, 8, 57, Status.SNAKE, 0.01
2901, 16, 122, Status.WALL, 0.01
2902, 5, 25, Status.SNAKE, 0.01
2903, 14, 81, Status.SNAKE, 0.01
2904, 9, 73, Status.SNAKE, 0.01
2905, 12, 49, Status.SNAKE, 0.01
2906, 6, 42, Status.SNAKE, 0.01
2907, 6, 42, Status.SNAKE, 0.01
2908, 14, 131, Status.SNAKE, 0.01
2909, 16, 86, Status.WALL, 0.01
2910, 9, 54, Status.SNAKE, 0.01
2911, 11, 72, Status.SNAKE, 0.01
2912, 11, 73, Status.SNAKE, 0.01
2913, 11, 85, Status.SNAKE, 0.01
2914, 2, 16, Status.WALL, 0.01
2915, 3, 24, Status.WALL, 0.01
2916, 13, 95, Status.SNAKE, 0.01
2917, 11, 70, Status.SNAKE, 0.01
2918, 4, 21, Status.SNAKE, 0.01
2919, 12, 73, Status.SNAKE, 0.01
2920, 11, 86, Status.SNAKE, 0.01
2921, 14, 97, Status.SNAKE, 0.01
2922, 9, 56, Status.SNAKE, 0.01
2923, 7, 45, Status.WALL, 0.01
2924, 20, 159, Status.WALL, 0.01
2925, 3, 17, Status.SNAKE, 0.01
2926, 4, 37, Status.WALL, 0.01
2927, 4, 31, Status.SNAKE, 0.01
2928, 1, 3, Status.SNAKE, 0.01
2929, 5, 29, Status.SNAKE, 0.01
2930, 6, 35, Status.SNAKE, 0.01
2931, 9, 54, Status.SNAKE, 0.01
2932, 3, 21, Status.WALL, 0.01
2933, 15, 103, Status.SNAKE, 0.01
2934, 2, 7, Status.WALL, 0.01
2935, 16, 115, Status.WALL, 0.01
2936, 7, 33, Status.SNAKE, 0.01
2937, 8, 50, Status.WALL, 0.01
2938, 17, 117, Status.SNAKE, 0.01
2939, 6, 37, Status.SNAKE, 0.01
2940, 18, 92, Status.SNAKE, 0.01
2941, 11, 77, Status.SNAKE, 0.01
2942, 15, 95, Status.SNAKE, 0.01
2943, 11, 82, Status.SNAKE, 0.01
2944, 13, 106, Status.WALL, 0.01
2945, 7, 33, Status.SNAKE, 0.01
2946, 10, 59, Status.SNAKE, 0.01
2947, 11, 94, Status.SNAKE, 0.01
2948, 16, 102, Status.WALL, 0.01
2949, 20, 165, Status.SNAKE, 0.01
2950, 5, 58, Status.SNAKE, 0.01
2951, 12, 76, Status.SNAKE, 0.01
2952, 9, 61, Status.SNAKE, 0.01
2953, 3, 17, Status.SNAKE, 0.01
2954, 10, 68, Status.SNAKE, 0.01
2955, 4, 24, Status.WALL, 0.01
2956, 7, 58, Status.SNAKE, 0.01
2957, 15, 118, Status.SNAKE, 0.01
2958, 3, 23, Status.SNAKE, 0.01
2959, 11, 69, Status.SNAKE, 0.01
2960, 10, 60, Status.WALL, 0.01
2961, 4, 37, Status.SNAKE, 0.01
2962, 11, 84, Status.SNAKE, 0.01
2963, 4, 18, Status.WALL, 0.01
2964, 15, 108, Status.SNAKE, 0.01
2965, 6, 28, Status.SNAKE, 0.01
2966, 11, 76, Status.WALL, 0.01
2967, 17, 127, Status.SNAKE, 0.01
2968, 3, 22, Status.WALL, 0.01
2969, 7, 45, Status.SNAKE, 0.01
2970, 14, 80, Status.SNAKE, 0.01
2971, 4, 35, Status.SNAKE, 0.01
2972, 18, 149, Status.SNAKE, 0.01
2973, 11, 110, Status.SNAKE, 0.01
2974, 5, 30, Status.SNAKE, 0.01
2975, 1, 5, Status.SNAKE, 0.01
2976, 12, 76, Status.SNAKE, 0.01
2977, 17, 114, Status.SNAKE, 0.01
2978, 3, 11, Status.SNAKE, 0.01
2979, 7, 66, Status.SNAKE, 0.01
2980, 13, 89, Status.WALL, 0.01
2981, 3, 20, Status.SNAKE, 0.01
2982, 12, 72, Status.SNAKE, 0.01
2983, 16, 124, Status.WALL, 0.01
2984, 6, 42, Status.SNAKE, 0.01
2985, 11, 63, Status.SNAKE, 0.01
2986, 8, 58, Status.SNAKE, 0.01
2987, 7, 27, Status.SNAKE, 0.01
2988, 3, 20, Status.SNAKE, 0.01
2989, 11, 94, Status.SNAKE, 0.01
2990, 8, 62, Status.SNAKE, 0.01
2991, 1, 5, Status.SNAKE, 0.01
2992, 15, 88, Status.SNAKE, 0.01
2993, 11, 72, Status.SNAKE, 0.01
2994, 12, 69, Status.SNAKE, 0.01
2995, 5, 31, Status.WALL, 0.01
2996, 12, 90, Status.SNAKE, 0.01
2997, 8, 45, Status.SNAKE, 0.01
2998, 7, 43, Status.SNAKE, 0.01
2999, 10, 66, Status.SNAKE, 0.01
3000, 6, 39, Status.WALL, 0.01
3001, 6, 31, Status.SNAKE, 0.01
3002, 4, 26, Status.WALL, 0.01
3003, 7, 60, Status.SNAKE, 0.01
3004, 7, 54, Status.WALL, 0.01
3005, 13, 95, Status.SNAKE, 0.01
3006, 6, 31, Status.SNAKE, 0.01
3007, 9, 61, Status.WALL, 0.01
3008, 9, 72, Status.WALL, 0.01
3009, 7, 67, Status.SNAKE, 0.01
3010, 4, 26, Status.SNAKE, 0.01
3011, 5, 27, Status.SNAKE, 0.01
3012, 16, 122, Status.SNAKE, 0.01
3013, 8, 65, Status.SNAKE, 0.01
3014, 8, 50, Status.SNAKE, 0.01
3015, 5, 37, Status.WALL, 0.01
3016, 6, 47, Status.SNAKE, 0.01
3017, 21, 165, Status.WALL, 0.01
3018, 13, 96, Status.SNAKE, 0.01
3019, 17, 124, Status.WALL, 0.01
3020, 12, 89, Status.SNAKE, 0.01
3021, 13, 94, Status.SNAKE, 0.01
3022, 7, 37, Status.SNAKE, 0.01
3023, 11, 60, Status.WALL, 0.01
3024, 5, 41, Status.SNAKE, 0.01
3025, 5, 30, Status.SNAKE, 0.01
3026, 14, 77, Status.WALL, 0.01
3027, 8, 43, Status.SNAKE, 0.01
3028, 14, 100, Status.SNAKE, 0.01
3029, 4, 31, Status.SNAKE, 0.01
3030, 12, 79, Status.SNAKE, 0.01
3031, 17, 126, Status.SNAKE, 0.01
3032, 14, 88, Status.SNAKE, 0.01
3033, 2, 22, Status.WALL, 0.01
3034, 5, 30, Status.WALL, 0.01
3035, 6, 37, Status.SNAKE, 0.01
3036, 11, 89, Status.SNAKE, 0.01
3037, 7, 49, Status.SNAKE, 0.01
3038, 4, 34, Status.SNAKE, 0.01
3039, 11, 68, Status.SNAKE, 0.01
3040, 11, 85, Status.SNAKE, 0.01
3041, 6, 35, Status.SNAKE, 0.01
3042, 9, 67, Status.WALL, 0.01
3043, 7, 38, Status.SNAKE, 0.01
3044, 13, 94, Status.SNAKE, 0.01
3045, 9, 42, Status.SNAKE, 0.01
3046, 10, 72, Status.SNAKE, 0.01
3047, 12, 80, Status.SNAKE, 0.01
3048, 7, 41, Status.SNAKE, 0.01
3049, 5, 29, Status.SNAKE, 0.01
3050, 2, 21, Status.WALL, 0.01
3051, 9, 55, Status.SNAKE, 0.01
3052, 11, 67, Status.SNAKE, 0.01
3053, 11, 91, Status.SNAKE, 0.01
3054, 15, 123, Status.SNAKE, 0.01
3055, 10, 72, Status.WALL, 0.01
3056, 8, 57, Status.SNAKE, 0.01
3057, 12, 84, Status.SNAKE, 0.01
3058, 9, 79, Status.SNAKE, 0.01
3059, 9, 58, Status.SNAKE, 0.01
3060, 6, 38, Status.WALL, 0.01
3061, 6, 38, Status.SNAKE, 0.01
3062, 9, 54, Status.SNAKE, 0.01
3063, 4, 27, Status.SNAKE, 0.01
3064, 9, 75, Status.SNAKE, 0.01
3065, 21, 145, Status.SNAKE, 0.01
3066, 9, 58, Status.SNAKE, 0.01
3067, 9, 79, Status.SNAKE, 0.01
3068, 1, 5, Status.SNAKE, 0.01
3069, 9, 66, Status.SNAKE, 0.01
3070, 10, 93, Status.SNAKE, 0.01
3071, 12, 74, Status.SNAKE, 0.01
3072, 1, 13, Status.WALL, 0.01
3073, 10, 62, Status.SNAKE, 0.01
3074, 16, 88, Status.SNAKE, 0.01
3075, 2, 16, Status.SNAKE, 0.01
3076, 6, 36, Status.WALL, 0.01
3077, 9, 49, Status.SNAKE, 0.01
3078, 11, 63, Status.SNAKE, 0.01
3079, 2, 15, Status.SNAKE, 0.01
3080, 12, 105, Status.SNAKE, 0.01
3081, 5, 34, Status.SNAKE, 0.01
3082, 16, 117, Status.SNAKE, 0.01
3083, 15, 125, Status.SNAKE, 0.01
3084, 8, 58, Status.WALL, 0.01
3085, 11, 75, Status.WALL, 0.01
3086, 2, 19, Status.SNAKE, 0.01
3087, 2, 21, Status.SNAKE, 0.01
3088, 3, 18, Status.SNAKE, 0.01
3089, 3, 11, Status.WALL, 0.01
3090, 13, 65, Status.SNAKE, 0.01
3091, 2, 22, Status.WALL, 0.01
3092, 4, 20, Status.SNAKE, 0.01
3093, 13, 76, Status.SNAKE, 0.01
3094, 9, 67, Status.SNAKE, 0.01
3095, 17, 152, Status.SNAKE, 0.01
3096, 8, 64, Status.SNAKE, 0.01
3097, 2, 8, Status.SNAKE, 0.01
3098, 6, 33, Status.WALL, 0.01
3099, 11, 66, Status.SNAKE, 0.01
3100, 8, 44, Status.SNAKE, 0.01
3101, 13, 86, Status.SNAKE, 0.01
3102, 14, 105, Status.SNAKE, 0.01
3103, 7, 67, Status.SNAKE, 0.01
3104, 16, 111, Status.SNAKE, 0.01
3105, 3, 15, Status.SNAKE, 0.01
3106, 10, 74, Status.WALL, 0.01
3107, 4, 40, Status.SNAKE, 0.01
3108, 11, 87, Status.SNAKE, 0.01
3109, 7, 46, Status.SNAKE, 0.01
3110, 11, 56, Status.SNAKE, 0.01
3111, 6, 39, Status.SNAKE, 0.01
3112, 7, 49, Status.SNAKE, 0.01
3113, 16, 106, Status.WALL, 0.01
3114, 11, 63, Status.SNAKE, 0.01
3115, 11, 61, Status.SNAKE, 0.01
3116, 6, 35, Status.SNAKE, 0.01
3117, 14, 99, Status.SNAKE, 0.01
3118, 17, 121, Status.SNAKE, 0.01
3119, 8, 55, Status.SNAKE, 0.01
3120, 9, 74, Status.SNAKE, 0.01
3121, 7, 49, Status.SNAKE, 0.01
3122, 4, 25, Status.SNAKE, 0.01
3123, 14, 113, Status.SNAKE, 0.01
3124, 13, 97, Status.SNAKE, 0.01
3125, 12, 92, Status.SNAKE, 0.01
3126, 11, 70, Status.SNAKE, 0.01
3127, 5, 35, Status.SNAKE, 0.01
3128, 22, 159, Status.SNAKE, 0.01
3129, 10, 67, Status.SNAKE, 0.01
3130, 6, 28, Status.SNAKE, 0.01
3131, 1, 8, Status.WALL, 0.01
3132, 10, 65, Status.SNAKE, 0.01
3133, 9, 75, Status.SNAKE, 0.01
3134, 15, 96, Status.SNAKE, 0.01
3135, 6, 44, Status.WALL, 0.01
3136, 6, 30, Status.WALL, 0.01
3137, 3, 24, Status.SNAKE, 0.01
3138, 12, 78, Status.WALL, 0.01
3139, 8, 66, Status.SNAKE, 0.01
3140, 2, 19, Status.WALL, 0.01
3141, 7, 65, Status.SNAKE, 0.01
3142, 5, 28, Status.SNAKE, 0.01
3143, 6, 52, Status.SNAKE, 0.01
3144, 6, 32, Status.SNAKE, 0.01
3145, 7, 40, Status.SNAKE, 0.01
3146, 13, 79, Status.SNAKE, 0.01
3147, 11, 50, Status.WALL, 0.01
3148, 16, 121, Status.SNAKE, 0.01
3149, 9, 52, Status.SNAKE, 0.01
3150, 6, 26, Status.SNAKE, 0.01
3151, 17, 111, Status.SNAKE, 0.01
3152, 8, 48, Status.SNAKE, 0.01
3153, 11, 62, Status.SNAKE, 0.01
3154, 7, 38, Status.SNAKE, 0.01
3155, 9, 43, Status.SNAKE, 0.01
3156, 7, 54, Status.SNAKE, 0.01
3157, 8, 62, Status.SNAKE, 0.01
3158, 3, 22, Status.WALL, 0.01
3159, 10, 75, Status.SNAKE, 0.01
3160, 1, 10, Status.WALL, 0.01
3161, 8, 67, Status.SNAKE, 0.01
3162, 14, 107, Status.SNAKE, 0.01
3163, 2, 23, Status.WALL, 0.01
3164, 20, 125, Status.SNAKE, 0.01
3165, 9, 60, Status.SNAKE, 0.01
3166, 14, 107, Status.SNAKE, 0.01
3167, 11, 65, Status.SNAKE, 0.01
3168, 3, 22, Status.SNAKE, 0.01
3169, 12, 79, Status.SNAKE, 0.01
3170, 13, 83, Status.SNAKE, 0.01
3171, 5, 36, Status.WALL, 0.01
3172, 19, 149, Status.SNAKE, 0.01
3173, 5, 34, Status.SNAKE, 0.01
3174, 3, 13, Status.SNAKE, 0.01
3175, 8, 50, Status.SNAKE, 0.01
3176, 5, 34, Status.SNAKE, 0.01
3177, 4, 25, Status.SNAKE, 0.01
3178, 9, 52, Status.WALL, 0.01
3179, 8, 53, Status.SNAKE, 0.01
3180, 9, 47, Status.SNAKE, 0.01
3181, 7, 42, Status.SNAKE, 0.01
3182, 12, 65, Status.SNAKE, 0.01
3183, 16, 110, Status.SNAKE, 0.01
3184, 5, 34, Status.SNAKE, 0.01
3185, 13, 89, Status.SNAKE, 0.01
3186, 17, 96, Status.SNAKE, 0.01
3187, 12, 86, Status.SNAKE, 0.01
3188, 11, 61, Status.WALL, 0.01
3189, 17, 118, Status.WALL, 0.01
3190, 5, 36, Status.WALL, 0.01
3191, 8, 54, Status.SNAKE, 0.01
3192, 17, 97, Status.SNAKE, 0.01
3193, 10, 68, Status.SNAKE, 0.01
3194, 8, 41, Status.SNAKE, 0.01
3195, 11, 83, Status.WALL, 0.01
3196, 17, 97, Status.SNAKE, 0.01
3197, 7, 47, Status.WALL, 0.01
3198, 7, 47, Status.SNAKE, 0.01
3199, 6, 44, Status.SNAKE, 0.01
3200, 9, 90, Status.SNAKE, 0.01
3201, 9, 69, Status.SNAKE, 0.01
3202, 11, 84, Status.WALL, 0.01
3203, 9, 55, Status.SNAKE, 0.01
3204, 4, 24, Status.WALL, 0.01
3205, 9, 58, Status.SNAKE, 0.01
3206, 15, 89, Status.SNAKE, 0.01
3207, 10, 50, Status.SNAKE, 0.01
3208, 4, 16, Status.SNAKE, 0.01
3209, 16, 111, Status.SNAKE, 0.01
3210, 6, 41, Status.SNAKE, 0.01
3211, 9, 47, Status.SNAKE, 0.01
3212, 4, 30, Status.SNAKE, 0.01
3213, 5, 35, Status.SNAKE, 0.01
3214, 3, 16, Status.SNAKE, 0.01
3215, 13, 80, Status.SNAKE, 0.01
3216, 15, 118, Status.SNAKE, 0.01
3217, 10, 64, Status.SNAKE, 0.01
3218, 1, 3, Status.SNAKE, 0.01
3219, 9, 75, Status.WALL, 0.01
3220, 13, 80, Status.SNAKE, 0.01
3221, 8, 50, Status.SNAKE, 0.01
3222, 8, 56, Status.WALL, 0.01
3223, 5, 39, Status.SNAKE, 0.01
3224, 17, 145, Status.SNAKE, 0.01
3225, 12, 90, Status.SNAKE, 0.01
3226, 6, 33, Status.SNAKE, 0.01
3227, 10, 81, Status.SNAKE, 0.01
3228, 16, 83, Status.SNAKE, 0.01
3229, 15, 93, Status.SNAKE, 0.01
3230, 9, 65, Status.SNAKE, 0.01
3231, 7, 35, Status.SNAKE, 0.01
3232, 13, 99, Status.SNAKE, 0.01
3233, 7, 52, Status.WALL, 0.01
3234, 16, 128, Status.SNAKE, 0.01
3235, 9, 60, Status.SNAKE, 0.01
3236, 7, 61, Status.SNAKE, 0.01
3237, 13, 111, Status.SNAKE, 0.01
3238, 6, 30, Status.SNAKE, 0.01
3239, 7, 46, Status.SNAKE, 0.01
3240, 1, 5, Status.SNAKE, 0.01
3241, 12, 91, Status.SNAKE, 0.01
3242, 12, 90, Status.SNAKE, 0.01
3243, 9, 57, Status.SNAKE, 0.01
3244, 4, 22, Status.SNAKE, 0.01
3245, 11, 90, Status.WALL, 0.01
3246, 6, 50, Status.SNAKE, 0.01
3247, 6, 36, Status.SNAKE, 0.01
3248, 7, 43, Status.SNAKE, 0.01
3249, 8, 59, Status.SNAKE, 0.01
3250, 9, 54, Status.SNAKE, 0.01
3251, 14, 90, Status.SNAKE, 0.01
3252, 5, 35, Status.SNAKE, 0.01
3253, 8, 52, Status.SNAKE, 0.01
3254, 1, 3, Status.SNAKE, 0.01
3255, 10, 67, Status.SNAKE, 0.01
3256, 12, 99, Status.SNAKE, 0.01
3257, 8, 58, Status.WALL, 0.01
3258, 5, 27, Status.WALL, 0.01
3259, 9, 73, Status.SNAKE, 0.01
3260, 9, 54, Status.SNAKE, 0.01
3261, 15, 108, Status.SNAKE, 0.01
3262, 9, 55, Status.WALL, 0.01
3263, 11, 87, Status.SNAKE, 0.01
3264, 10, 65, Status.SNAKE, 0.01
3265, 18, 96, Status.SNAKE, 0.01
3266, 6, 50, Status.WALL, 0.01
3267, 2, 10, Status.SNAKE, 0.01
3268, 15, 122, Status.WALL, 0.01
3269, 14, 103, Status.SNAKE, 0.01
3270, 3, 15, Status.WALL, 0.01
3271, 9, 63, Status.SNAKE, 0.01
3272, 3, 17, Status.SNAKE, 0.01
3273, 11, 74, Status.SNAKE, 0.01
3274, 6, 37, Status.SNAKE, 0.01
3275, 10, 53, Status.SNAKE, 0.01
3276, 6, 29, Status.SNAKE, 0.01
3277, 8, 69, Status.SNAKE, 0.01
3278, 15, 104, Status.SNAKE, 0.01
3279, 1, 7, Status.WALL, 0.01
3280, 17, 115, Status.WALL, 0.01
3281, 7, 42, Status.SNAKE, 0.01
3282, 1, 3, Status.SNAKE, 0.01
3283, 10, 52, Status.WALL, 0.01
3284, 6, 44, Status.SNAKE, 0.01
3285, 2, 11, Status.SNAKE, 0.01
3286, 12, 67, Status.SNAKE, 0.01
3287, 10, 76, Status.SNAKE, 0.01
3288, 7, 60, Status.WALL, 0.01
3289, 17, 136, Status.SNAKE, 0.01
3290, 2, 11, Status.SNAKE, 0.01
3291, 10, 73, Status.SNAKE, 0.01
3292, 6, 44, Status.WALL, 0.01
3293, 6, 45, Status.SNAKE, 0.01
3294, 10, 75, Status.WALL, 0.01
3295, 12, 86, Status.SNAKE, 0.01
3296, 9, 47, Status.SNAKE, 0.01
3297, 4, 43, Status.SNAKE, 0.01
3298, 16, 99, Status.SNAKE, 0.01
3299, 19, 100, Status.SNAKE, 0.01
3300, 16, 94, Status.SNAKE, 0.01
3301, 13, 100, Status.SNAKE, 0.01
3302, 16, 111, Status.SNAKE, 0.01
3303, 15, 103, Status.WALL, 0.01
3304, 9, 61, Status.WALL, 0.01
3305, 4, 42, Status.WALL, 0.01
3306, 8, 43, Status.SNAKE, 0.01
3307, 7, 36, Status.SNAKE, 0.01
3308, 13, 85, Status.SNAKE, 0.01
3309, 2, 11, Status.WALL, 0.01
3310, 13, 75, Status.WALL, 0.01
3311, 15, 87, Status.WALL, 0.01
3312, 10, 61, Status.SNAKE, 0.01
3313, 1, 5, Status.SNAKE, 0.01
3314, 10, 62, Status.SNAKE, 0.01
3315, 6, 35, Status.WALL, 0.01
3316, 10, 88, Status.SNAKE, 0.01
3317, 4, 25, Status.SNAKE, 0.01
3318, 2, 13, Status.SNAKE, 0.01
3319, 10, 57, Status.SNAKE, 0.01
3320, 3, 13, Status.WALL, 0.01
3321, 6, 42, Status.SNAKE, 0.01
3322, 4, 18, Status.WALL, 0.01
3323, 1, 5, Status.SNAKE, 0.01
3324, 8, 44, Status.SNAKE, 0.01
3325, 11, 84, Status.WALL, 0.01
3326, 10, 74, Status.SNAKE, 0.01
3327, 5, 28, Status.SNAKE, 0.01
3328, 7, 59, Status.SNAKE, 0.01
3329, 10, 55, Status.SNAKE, 0.01
3330, 4, 34, Status.WALL, 0.01
3331, 13, 80, Status.SNAKE, 0.01
3332, 12, 70, Status.SNAKE, 0.01
3333, 5, 62, Status.SNAKE, 0.01
3334, 10, 64, Status.WALL, 0.01
3335, 5, 44, Status.SNAKE, 0.01
3336, 8, 66, Status.WALL, 0.01
3337, 8, 44, Status.SNAKE, 0.01
3338, 12, 70, Status.SNAKE, 0.01
3339, 10, 68, Status.SNAKE, 0.01
3340, 8, 55, Status.SNAKE, 0.01
3341, 3, 18, Status.WALL, 0.01
3342, 7, 56, Status.SNAKE, 0.01
3343, 9, 65, Status.SNAKE, 0.01
3344, 12, 77, Status.WALL, 0.01
3345, 7, 36, Status.SNAKE, 0.01
3346, 14, 124, Status.SNAKE, 0.01
3347, 1, 3, Status.SNAKE, 0.01
3348, 5, 33, Status.SNAKE, 0.01
3349, 9, 59, Status.SNAKE, 0.01
3350, 10, 73, Status.SNAKE, 0.01
3351, 7, 46, Status.SNAKE, 0.01
3352, 14, 97, Status.WALL, 0.01
3353, 11, 88, Status.SNAKE, 0.01
3354, 2, 10, Status.SNAKE, 0.01
3355, 14, 115, Status.SNAKE, 0.01
3356, 14, 106, Status.WALL, 0.01
3357, 8, 72, Status.SNAKE, 0.01
3358, 13, 93, Status.SNAKE, 0.01
3359, 7, 54, Status.SNAKE, 0.01
3360, 2, 13, Status.SNAKE, 0.01
3361, 8, 43, Status.SNAKE, 0.01
3362, 6, 44, Status.SNAKE, 0.01
3363, 9, 71, Status.SNAKE, 0.01
3364, 14, 115, Status.WALL, 0.01
3365, 6, 44, Status.SNAKE, 0.01
3366, 7, 50, Status.SNAKE, 0.01
3367, 9, 45, Status.SNAKE, 0.01
3368, 13, 86, Status.SNAKE, 0.01
3369, 3, 32, Status.WALL, 0.01
3370, 19, 116, Status.WALL, 0.01
3371, 12, 82, Status.WALL, 0.01
3372, 7, 57, Status.SNAKE, 0.01
3373, 9, 52, Status.WALL, 0.01
3374, 2, 14, Status.SNAKE, 0.01
3375, 1, 6, Status.WALL, 0.01
3376, 4, 27, Status.SNAKE, 0.01
3377, 7, 59, Status.SNAKE, 0.01
3378, 7, 48, Status.WALL, 0.01
3379, 10, 81, Status.SNAKE, 0.01
3380, 6, 43, Status.SNAKE, 0.01
3381, 6, 38, Status.SNAKE, 0.01
3382, 11, 74, Status.SNAKE, 0.01
3383, 9, 55, Status.SNAKE, 0.01
3384, 6, 39, Status.WALL, 0.01
3385, 7, 54, Status.WALL, 0.01
3386, 12, 76, Status.WALL, 0.01
3387, 7, 46, Status.SNAKE, 0.01
3388, 7, 48, Status.SNAKE, 0.01
3389, 10, 70, Status.SNAKE, 0.01
3390, 3, 18, Status.SNAKE, 0.01
3391, 13, 86, Status.WALL, 0.01
3392, 9, 78, Status.SNAKE, 0.01
3393, 1, 10, Status.SNAKE, 0.01
3394, 1, 3, Status.SNAKE, 0.01
3395, 9, 49, Status.SNAKE, 0.01
3396, 12, 84, Status.SNAKE, 0.01
3397, 10, 55, Status.SNAKE, 0.01
3398, 1, 7, Status.WALL, 0.01
3399, 10, 67, Status.SNAKE, 0.01
3400, 5, 31, Status.SNAKE, 0.01
3401, 16, 95, Status.SNAKE, 0.01
3402, 5, 51, Status.SNAKE, 0.01
3403, 17, 91, Status.SNAKE, 0.01
3404, 3, 28, Status.SNAKE, 0.01
3405, 11, 75, Status.SNAKE, 0.01
3406, 15, 102, Status.SNAKE, 0.01
3407, 16, 120, Status.SNAKE, 0.01
3408, 13, 86, Status.WALL, 0.01
3409, 8, 57, Status.WALL, 0.01
3410, 8, 51, Status.SNAKE, 0.01
3411, 5, 52, Status.SNAKE, 0.01
3412, 9, 77, Status.SNAKE, 0.01
3413, 21, 134, Status.SNAKE, 0.01
3414, 3, 16, Status.SNAKE, 0.01
3415, 8, 52, Status.SNAKE, 0.01
3416, 2, 12, Status.WALL, 0.01
3417, 3, 17, Status.SNAKE, 0.01
3418, 8, 62, Status.WALL, 0.01
3419, 8, 67, Status.SNAKE, 0.01
3420, 12, 104, Status.SNAKE, 0.01
3421, 6, 37, Status.SNAKE, 0.01
3422, 9, 62, Status.SNAKE, 0.01
3423, 6, 31, Status.WALL, 0.01
3424, 6, 41, Status.SNAKE, 0.01
3425, 2, 12, Status.WALL, 0.01
3426, 10, 74, Status.SNAKE, 0.01
3427, 10, 61, Status.SNAKE, 0.01
3428, 0, 7, Status.WALL, 0.01
3429, 7, 49, Status.SNAKE, 0.01
3430, 2, 17, Status.SNAKE, 0.01
3431, 14, 86, Status.WALL, 0.01
3432, 12, 83, Status.SNAKE, 0.01
3433, 7, 24, Status.SNAKE, 0.01
3434, 12, 71, Status.SNAKE, 0.01
3435, 11, 79, Status.SNAKE, 0.01
3436, 6, 41, Status.SNAKE, 0.01
3437, 9, 46, Status.SNAKE, 0.01
3438, 11, 99, Status.SNAKE, 0.01
3439, 5, 43, Status.SNAKE, 0.01
3440, 5, 28, Status.WALL, 0.01
3441, 8, 51, Status.SNAKE, 0.01
3442, 13, 83, Status.WALL, 0.01
3443, 8, 56, Status.SNAKE, 0.01
3444, 14, 109, Status.SNAKE, 0.01
3445, 4, 19, Status.SNAKE, 0.01
3446, 10, 84, Status.SNAKE, 0.01
3447, 7, 43, Status.SNAKE, 0.01
3448, 4, 19, Status.SNAKE, 0.01
3449, 14, 92, Status.SNAKE, 0.01
3450, 12, 92, Status.SNAKE, 0.01
3451, 10, 43, Status.SNAKE, 0.01
3452, 9, 50, Status.SNAKE, 0.01
3453, 10, 56, Status.SNAKE, 0.01
3454, 4, 22, Status.SNAKE, 0.01
3455, 12, 88, Status.SNAKE, 0.01
3456, 9, 62, Status.WALL, 0.01
3457, 17, 124, Status.SNAKE, 0.01
3458, 8, 49, Status.SNAKE, 0.01
3459, 11, 73, Status.SNAKE, 0.01
3460, 17, 85, Status.SNAKE, 0.01
3461, 2, 8, Status.SNAKE, 0.01
3462, 12, 83, Status.SNAKE, 0.01
3463, 10, 70, Status.SNAKE, 0.01
3464, 10, 79, Status.SNAKE, 0.01
3465, 15, 91, Status.SNAKE, 0.01
3466, 5, 26, Status.SNAKE, 0.01
3467, 2, 11, Status.SNAKE, 0.01
3468, 7, 52, Status.SNAKE, 0.01
3469, 7, 39, Status.SNAKE, 0.01
3470, 10, 71, Status.WALL, 0.01
3471, 1, 8, Status.WALL, 0.01
3472, 19, 105, Status.SNAKE, 0.01
3473, 8, 51, Status.SNAKE, 0.01
3474, 11, 65, Status.SNAKE, 0.01
3475, 5, 33, Status.WALL, 0.01
3476, 12, 121, Status.SNAKE, 0.01
3477, 11, 69, Status.SNAKE, 0.01
3478, 5, 43, Status.SNAKE, 0.01
3479, 9, 72, Status.SNAKE, 0.01
3480, 2, 16, Status.SNAKE, 0.01
3481, 10, 83, Status.SNAKE, 0.01
3482, 16, 138, Status.SNAKE, 0.01
3483, 3, 19, Status.SNAKE, 0.01
3484, 10, 66, Status.SNAKE, 0.01
3485, 8, 42, Status.SNAKE, 0.01
3486, 13, 98, Status.SNAKE, 0.01
3487, 3, 20, Status.SNAKE, 0.01
3488, 14, 68, Status.WALL, 0.01
3489, 9, 47, Status.SNAKE, 0.01
3490, 12, 78, Status.SNAKE, 0.01
3491, 5, 43, Status.SNAKE, 0.01
3492, 1, 3, Status.SNAKE, 0.01
3493, 8, 36, Status.SNAKE, 0.01
3494, 3, 14, Status.SNAKE, 0.01
3495, 8, 63, Status.SNAKE, 0.01
3496, 10, 87, Status.WALL, 0.01
3497, 6, 35, Status.SNAKE, 0.01
3498, 11, 69, Status.SNAKE, 0.01
3499, 6, 42, Status.SNAKE, 0.01
3500, 12, 103, Status.SNAKE, 0.01
3501, 2, 19, Status.WALL, 0.01
3502, 12, 61, Status.SNAKE, 0.01
3503, 9, 60, Status.SNAKE, 0.01
3504, 16, 130, Status.SNAKE, 0.01
3505, 3, 12, Status.SNAKE, 0.01
3506, 6, 31, Status.SNAKE, 0.01
3507, 10, 59, Status.SNAKE, 0.01
3508, 11, 66, Status.SNAKE, 0.01
3509, 11, 83, Status.SNAKE, 0.01
3510, 9, 76, Status.SNAKE, 0.01
3511, 22, 160, Status.SNAKE, 0.01
3512, 5, 44, Status.WALL, 0.01
3513, 12, 92, Status.SNAKE, 0.01
3514, 6, 42, Status.SNAKE, 0.01
3515, 15, 110, Status.SNAKE, 0.01
3516, 1, 5, Status.SNAKE, 0.01
3517, 9, 81, Status.SNAKE, 0.01
3518, 10, 68, Status.SNAKE, 0.01
3519, 10, 60, Status.SNAKE, 0.01
3520, 8, 43, Status.WALL, 0.01
3521, 1, 7, Status.SNAKE, 0.01
3522, 6, 24, Status.SNAKE, 0.01
3523, 8, 41, Status.WALL, 0.01
3524, 13, 91, Status.WALL, 0.01
3525, 1, 13, Status.WALL, 0.01
3526, 11, 86, Status.SNAKE, 0.01
3527, 17, 132, Status.SNAKE, 0.01
3528, 10, 49, Status.SNAKE, 0.01
3529, 4, 28, Status.SNAKE, 0.01
3530, 7, 55, Status.SNAKE, 0.01
3531, 1, 5, Status.SNAKE, 0.01
3532, 13, 79, Status.SNAKE, 0.01
3533, 1, 5, Status.SNAKE, 0.01
3534, 6, 39, Status.SNAKE, 0.01
3535, 13, 106, Status.SNAKE, 0.01
3536, 6, 37, Status.SNAKE, 0.01
3537, 15, 83, Status.SNAKE, 0.01
3538, 18, 146, Status.SNAKE, 0.01
3539, 5, 23, Status.SNAKE, 0.01
3540, 8, 66, Status.SNAKE, 0.01
3541, 12, 73, Status.SNAKE, 0.01
3542, 5, 44, Status.SNAKE, 0.01
3543, 7, 53, Status.SNAKE, 0.01
3544, 9, 40, Status.SNAKE, 0.01
3545, 20, 177, Status.WALL, 0.01
3546, 8, 52, Status.SNAKE, 0.01
3547, 8, 59, Status.WALL, 0.01
3548, 8, 58, Status.SNAKE, 0.01
3549, 10, 70, Status.SNAKE, 0.01
3550, 9, 50, Status.SNAKE, 0.01
3551, 1, 7, Status.WALL, 0.01
3552, 9, 75, Status.SNAKE, 0.01
3553, 12, 80, Status.SNAKE, 0.01
3554, 6, 37, Status.SNAKE, 0.01
3555, 2, 10, Status.SNAKE, 0.01
3556, 9, 54, Status.SNAKE, 0.01
3557, 4, 36, Status.WALL, 0.01
3558, 8, 63, Status.SNAKE, 0.01
3559, 13, 97, Status.SNAKE, 0.01
3560, 1, 9, Status.SNAKE, 0.01
3561, 15, 113, Status.WALL, 0.01
3562, 3, 8, Status.SNAKE, 0.01
3563, 9, 67, Status.SNAKE, 0.01
3564, 7, 43, Status.SNAKE, 0.01
3565, 8, 47, Status.SNAKE, 0.01
3566, 2, 8, Status.SNAKE, 0.01
3567, 13, 66, Status.SNAKE, 0.01
3568, 12, 85, Status.SNAKE, 0.01
3569, 12, 80, Status.SNAKE, 0.01
3570, 10, 78, Status.SNAKE, 0.01
3571, 6, 47, Status.WALL, 0.01
3572, 15, 85, Status.SNAKE, 0.01
3573, 10, 90, Status.SNAKE, 0.01
3574, 17, 129, Status.SNAKE, 0.01
3575, 1, 5, Status.SNAKE, 0.01
3576, 4, 37, Status.WALL, 0.01
3577, 7, 57, Status.SNAKE, 0.01
3578, 3, 21, Status.SNAKE, 0.01
3579, 7, 47, Status.SNAKE, 0.01
3580, 16, 110, Status.SNAKE, 0.01
3581, 10, 78, Status.SNAKE, 0.01
3582, 3, 29, Status.WALL, 0.01
3583, 5, 30, Status.SNAKE, 0.01
3584, 4, 22, Status.SNAKE, 0.01
3585, 12, 103, Status.WALL, 0.01
3586, 8, 49, Status.SNAKE, 0.01
3587, 4, 34, Status.WALL, 0.01
3588, 15, 98, Status.SNAKE, 0.01
3589, 7, 62, Status.SNAKE, 0.01
3590, 17, 109, Status.SNAKE, 0.01
3591, 14, 112, Status.SNAKE, 0.01
3592, 8, 24, Status.SNAKE, 0.01
3593, 9, 59, Status.SNAKE, 0.01
3594, 12, 94, Status.WALL, 0.01
3595, 12, 88, Status.SNAKE, 0.01
3596, 5, 31, Status.SNAKE, 0.01
3597, 11, 71, Status.SNAKE, 0.01
3598, 7, 51, Status.SNAKE, 0.01
3599, 3, 25, Status.SNAKE, 0.01
3600, 13, 109, Status.SNAKE, 0.01
3601, 10, 73, Status.SNAKE, 0.01
3602, 10, 63, Status.SNAKE, 0.01
3603, 9, 81, Status.SNAKE, 0.01
3604, 13, 87, Status.SNAKE, 0.01
3605, 5, 34, Status.SNAKE, 0.01
3606, 3, 10, Status.WALL, 0.01
3607, 17, 117, Status.SNAKE, 0.01
3608, 12, 74, Status.SNAKE, 0.01
3609, 13, 69, Status.SNAKE, 0.01
3610, 10, 56, Status.SNAKE, 0.01
3611, 2, 15, Status.SNAKE, 0.01
3612, 12, 72, Status.SNAKE, 0.01
3613, 12, 95, Status.SNAKE, 0.01
3614, 4, 27, Status.SNAKE, 0.01
3615, 7, 57, Status.SNAKE, 0.01
3616, 6, 45, Status.SNAKE, 0.01
3617, 11, 102, Status.SNAKE, 0.01
3618, 6, 33, Status.SNAKE, 0.01
3619, 8, 56, Status.SNAKE, 0.01
3620, 10, 70, Status.SNAKE, 0.01
3621, 14, 92, Status.SNAKE, 0.01
3622, 7, 44, Status.SNAKE, 0.01
3623, 8, 46, Status.SNAKE, 0.01
3624, 13, 94, Status.SNAKE, 0.01
3625, 3, 14, Status.SNAKE, 0.01
3626, 11, 98, Status.SNAKE, 0.01
3627, 6, 49, Status.WALL, 0.01
3628, 11, 55, Status.SNAKE, 0.01
3629, 11, 73, Status.SNAKE, 0.01
3630, 9, 68, Status.SNAKE, 0.01
3631, 3, 20, Status.SNAKE, 0.01
3632, 6, 29, Status.SNAKE, 0.01
3633, 6, 43, Status.SNAKE, 0.01
3634, 5, 34, Status.SNAKE, 0.01
3635, 10, 60, Status.SNAKE, 0.01
3636, 6, 46, Status.SNAKE, 0.01
3637, 6, 42, Status.SNAKE, 0.01
3638, 13, 86, Status.WALL, 0.01
3639, 14, 152, Status.SNAKE, 0.01
3640, 11, 65, Status.SNAKE, 0.01
3641, 18, 126, Status.WALL, 0.01
3642, 10, 81, Status.SNAKE, 0.01
3643, 7, 69, Status.SNAKE, 0.01
3644, 6, 43, Status.SNAKE, 0.01
3645, 7, 46, Status.SNAKE, 0.01
3646, 13, 85, Status.WALL, 0.01
3647, 13, 73, Status.SNAKE, 0.01
3648, 11, 110, Status.SNAKE, 0.01
3649, 11, 83, Status.SNAKE, 0.01
3650, 7, 56, Status.SNAKE, 0.01
3651, 17, 123, Status.SNAKE, 0.01
3652, 13, 80, Status.SNAKE, 0.01
3653, 2, 15, Status.SNAKE, 0.01
3654, 5, 32, Status.SNAKE, 0.01
3655, 9, 59, Status.SNAKE, 0.01
3656, 6, 34, Status.SNAKE, 0.01
3657, 6, 45, Status.SNAKE, 0.01
3658, 14, 110, Status.SNAKE, 0.01
3659, 7, 39, Status.WALL, 0.01
3660, 12, 73, Status.SNAKE, 0.01
3661, 9, 78, Status.SNAKE, 0.01
3662, 7, 41, Status.SNAKE, 0.01
3663, 6, 33, Status.SNAKE, 0.01
3664, 9, 73, Status.SNAKE, 0.01
3665, 15, 104, Status.SNAKE, 0.01
3666, 10, 58, Status.SNAKE, 0.01
3667, 14, 87, Status.WALL, 0.01
3668, 10, 64, Status.SNAKE, 0.01
3669, 10, 63, Status.SNAKE, 0.01
3670, 5, 34, Status.SNAKE, 0.01
3671, 7, 49, Status.WALL, 0.01
3672, 6, 39, Status.SNAKE, 0.01
3673, 7, 37, Status.SNAKE, 0.01
3674, 12, 82, Status.SNAKE, 0.01
3675, 6, 33, Status.SNAKE, 0.01
3676, 13, 106, Status.WALL, 0.01
3677, 13, 74, Status.SNAKE, 0.01
3678, 13, 84, Status.SNAKE, 0.01
3679, 8, 69, Status.SNAKE, 0.01
3680, 4, 18, Status.SNAKE, 0.01
3681, 9, 80, Status.SNAKE, 0.01
3682, 10, 53, Status.SNAKE, 0.01
3683, 4, 29, Status.SNAKE, 0.01
3684, 5, 42, Status.SNAKE, 0.01
3685, 11, 103, Status.SNAKE, 0.01
3686, 9, 59, Status.WALL, 0.01
3687, 19, 143, Status.SNAKE, 0.01
3688, 9, 55, Status.SNAKE, 0.01
3689, 14, 116, Status.SNAKE, 0.01
3690, 15, 104, Status.SNAKE, 0.01
3691, 9, 53, Status.SNAKE, 0.01
3692, 9, 51, Status.SNAKE, 0.01
3693, 7, 41, Status.SNAKE, 0.01
3694, 11, 94, Status.SNAKE, 0.01
3695, 4, 27, Status.SNAKE, 0.01
3696, 18, 109, Status.WALL, 0.01
3697, 7, 35, Status.SNAKE, 0.01
3698, 8, 67, Status.WALL, 0.01
3699, 11, 95, Status.SNAKE, 0.01
3700, 8, 58, Status.SNAKE, 0.01
3701, 9, 48, Status.SNAKE, 0.01
3702, 10, 67, Status.WALL, 0.01
3703, 22, 138, Status.SNAKE, 0.01
3704, 6, 63, Status.WALL, 0.01
3705, 4, 27, Status.SNAKE, 0.01
3706, 14, 104, Status.SNAKE, 0.01
3707, 9, 63, Status.SNAKE, 0.01
3708, 13, 81, Status.WALL, 0.01
3709, 11, 72, Status.WALL, 0.01
3710, 25, 189, Status.SNAKE, 0.01
3711, 9, 59, Status.SNAKE, 0.01
3712, 18, 145, Status.SNAKE, 0.01
3713, 6, 45, Status.SNAKE, 0.01
3714, 8, 54, Status.WALL, 0.01
3715, 7, 49, Status.SNAKE, 0.01
3716, 9, 64, Status.SNAKE, 0.01
3717, 2, 18, Status.WALL, 0.01
3718, 5, 30, Status.SNAKE, 0.01
3719, 5, 30, Status.SNAKE, 0.01
3720, 5, 43, Status.SNAKE, 0.01
3721, 2, 13, Status.WALL, 0.01
3722, 11, 84, Status.WALL, 0.01
3723, 5, 19, Status.SNAKE, 0.01
3724, 26, 187, Status.SNAKE, 0.01
3725, 13, 81, Status.SNAKE, 0.01
3726, 18, 142, Status.SNAKE, 0.01
3727, 11, 72, Status.SNAKE, 0.01
3728, 8, 58, Status.WALL, 0.01
3729, 12, 74, Status.SNAKE, 0.01
3730, 5, 37, Status.SNAKE, 0.01
3731, 10, 77, Status.SNAKE, 0.01
3732, 8, 54, Status.WALL, 0.01
3733, 9, 50, Status.SNAKE, 0.01
3734, 9, 57, Status.SNAKE, 0.01
3735, 12, 91, Status.SNAKE, 0.01
3736, 4, 44, Status.SNAKE, 0.01
3737, 9, 60, Status.SNAKE, 0.01
3738, 5, 32, Status.WALL, 0.01
3739, 10, 68, Status.SNAKE, 0.01
3740, 13, 102, Status.SNAKE, 0.01
3741, 10, 67, Status.SNAKE, 0.01
3742, 6, 32, Status.SNAKE, 0.01
3743, 8, 79, Status.SNAKE, 0.01
3744, 10, 73, Status.SNAKE, 0.01
3745, 3, 43, Status.WALL, 0.01
3746, 1, 13, Status.WALL, 0.01
3747, 12, 112, Status.SNAKE, 0.01
3748, 5, 38, Status.SNAKE, 0.01
3749, 12, 94, Status.SNAKE, 0.01
3750, 11, 64, Status.SNAKE, 0.01
3751, 14, 60, Status.SNAKE, 0.01
3752, 8, 31, Status.SNAKE, 0.01
3753, 10, 74, Status.SNAKE, 0.01
3754, 19, 125, Status.SNAKE, 0.01
3755, 8, 60, Status.SNAKE, 0.01
3756, 11, 93, Status.WALL, 0.01
3757, 8, 55, Status.SNAKE, 0.01
3758, 11, 70, Status.SNAKE, 0.01
3759, 10, 100, Status.SNAKE, 0.01
3760, 12, 97, Status.SNAKE, 0.01
3761, 14, 78, Status.SNAKE, 0.01
3762, 4, 40, Status.SNAKE, 0.01
3763, 10, 108, Status.WALL, 0.01
3764, 8, 50, Status.SNAKE, 0.01
3765, 5, 18, Status.SNAKE, 0.01
3766, 8, 50, Status.SNAKE, 0.01
3767, 11, 100, Status.SNAKE, 0.01
3768, 10, 66, Status.SNAKE, 0.01
3769, 5, 26, Status.WALL, 0.01
3770, 7, 43, Status.SNAKE, 0.01
3771, 11, 67, Status.SNAKE, 0.01
3772, 14, 87, Status.SNAKE, 0.01
3773, 18, 152, Status.SNAKE, 0.01
3774, 12, 79, Status.WALL, 0.01
3775, 12, 115, Status.SNAKE, 0.01
3776, 15, 97, Status.SNAKE, 0.01
3777, 9, 69, Status.WALL, 0.01
3778, 7, 47, Status.SNAKE, 0.01
3779, 5, 49, Status.SNAKE, 0.01
3780, 7, 57, Status.SNAKE, 0.01
3781, 1, 6, Status.WALL, 0.01
3782, 8, 62, Status.SNAKE, 0.01
3783, 1, 5, Status.SNAKE, 0.01
3784, 16, 134, Status.SNAKE, 0.01
3785, 10, 72, Status.SNAKE, 0.01
3786, 12, 84, Status.SNAKE, 0.01
3787, 5, 36, Status.SNAKE, 0.01
3788, 6, 48, Status.SNAKE, 0.01
3789, 3, 33, Status.SNAKE, 0.01
3790, 1, 5, Status.SNAKE, 0.01
3791, 6, 27, Status.SNAKE, 0.01
3792, 11, 96, Status.SNAKE, 0.01
3793, 3, 15, Status.SNAKE, 0.01
3794, 7, 54, Status.WALL, 0.01
3795, 3, 6, Status.SNAKE, 0.01
3796, 15, 97, Status.SNAKE, 0.01
3797, 8, 83, Status.SNAKE, 0.01
3798, 1, 5, Status.SNAKE, 0.01
3799, 8, 49, Status.SNAKE, 0.01
3800, 9, 83, Status.SNAKE, 0.01
3801, 5, 35, Status.WALL, 0.01
3802, 13, 91, Status.SNAKE, 0.01
3803, 8, 51, Status.WALL, 0.01
3804, 1, 13, Status.WALL, 0.01
3805, 4, 18, Status.SNAKE, 0.01
3806, 5, 31, Status.SNAKE, 0.01
3807, 9, 47, Status.SNAKE, 0.01
3808, 9, 81, Status.SNAKE, 0.01
3809, 11, 89, Status.WALL, 0.01
3810, 10, 63, Status.SNAKE, 0.01
3811, 7, 37, Status.SNAKE, 0.01
3812, 15, 96, Status.SNAKE, 0.01
3813, 11, 47, Status.SNAKE, 0.01
3814, 15, 100, Status.SNAKE, 0.01
3815, 16, 128, Status.SNAKE, 0.01
3816, 11, 84, Status.SNAKE, 0.01
3817, 4, 22, Status.SNAKE, 0.01
3818, 11, 75, Status.SNAKE, 0.01
3819, 5, 27, Status.SNAKE, 0.01
3820, 5, 48, Status.SNAKE, 0.01
3821, 11, 92, Status.SNAKE, 0.01
3822, 11, 71, Status.WALL, 0.01
3823, 7, 46, Status.SNAKE, 0.01
3824, 10, 71, Status.SNAKE, 0.01
3825, 14, 80, Status.SNAKE, 0.01
3826, 7, 37, Status.SNAKE, 0.01
3827, 14, 108, Status.SNAKE, 0.01
3828, 8, 43, Status.SNAKE, 0.01
3829, 9, 60, Status.SNAKE, 0.01
3830, 9, 59, Status.SNAKE, 0.01
3831, 13, 113, Status.SNAKE, 0.01
3832, 10, 84, Status.SNAKE, 0.01
3833, 11, 85, Status.SNAKE, 0.01
3834, 13, 69, Status.WALL, 0.01
3835, 1, 8, Status.WALL, 0.01
3836, 9, 67, Status.SNAKE, 0.01
3837, 6, 36, Status.SNAKE, 0.01
3838, 9, 81, Status.SNAKE, 0.01
3839, 16, 105, Status.SNAKE, 0.01
3840, 8, 63, Status.SNAKE, 0.01
3841, 12, 88, Status.WALL, 0.01
3842, 12, 77, Status.SNAKE, 0.01
3843, 6, 50, Status.SNAKE, 0.01
3844, 19, 106, Status.SNAKE, 0.01
3845, 7, 39, Status.SNAKE, 0.01
3846, 15, 93, Status.SNAKE, 0.01
3847, 4, 25, Status.SNAKE, 0.01
3848, 11, 71, Status.SNAKE, 0.01
3849, 10, 62, Status.SNAKE, 0.01
3850, 8, 58, Status.SNAKE, 0.01
3851, 1, 10, Status.WALL, 0.01
3852, 13, 80, Status.SNAKE, 0.01
3853, 7, 40, Status.SNAKE, 0.01
3854, 13, 109, Status.SNAKE, 0.01
3855, 9, 52, Status.SNAKE, 0.01
3856, 8, 49, Status.SNAKE, 0.01
3857, 14, 94, Status.SNAKE, 0.01
3858, 3, 13, Status.SNAKE, 0.01
3859, 1, 6, Status.WALL, 0.01
3860, 8, 59, Status.SNAKE, 0.01
3861, 9, 61, Status.SNAKE, 0.01
3862, 0, 5, Status.WALL, 0.01
3863, 18, 108, Status.SNAKE, 0.01
3864, 9, 63, Status.SNAKE, 0.01
3865, 3, 12, Status.SNAKE, 0.01
3866, 3, 23, Status.WALL, 0.01
3867, 10, 83, Status.SNAKE, 0.01
3868, 8, 49, Status.SNAKE, 0.01
3869, 11, 90, Status.SNAKE, 0.01
3870, 7, 39, Status.SNAKE, 0.01
3871, 8, 60, Status.SNAKE, 0.01
3872, 14, 108, Status.SNAKE, 0.01
3873, 3, 26, Status.SNAKE, 0.01
3874, 5, 33, Status.SNAKE, 0.01
3875, 14, 100, Status.SNAKE, 0.01
3876, 10, 74, Status.SNAKE, 0.01
3877, 7, 43, Status.SNAKE, 0.01
3878, 5, 44, Status.SNAKE, 0.01
3879, 13, 92, Status.SNAKE, 0.01
3880, 15, 118, Status.SNAKE, 0.01
3881, 4, 36, Status.WALL, 0.01
3882, 10, 51, Status.SNAKE, 0.01
3883, 13, 76, Status.SNAKE, 0.01
3884, 6, 41, Status.SNAKE, 0.01
3885, 3, 26, Status.SNAKE, 0.01
3886, 1, 9, Status.WALL, 0.01
3887, 9, 44, Status.SNAKE, 0.01
3888, 9, 63, Status.SNAKE, 0.01
3889, 6, 41, Status.SNAKE, 0.01
3890, 8, 56, Status.SNAKE, 0.01
3891, 4, 21, Status.SNAKE, 0.01
3892, 11, 77, Status.SNAKE, 0.01
3893, 8, 68, Status.SNAKE, 0.01
3894, 9, 63, Status.SNAKE, 0.01
3895, 7, 47, Status.SNAKE, 0.01
3896, 12, 94, Status.WALL, 0.01
3897, 6, 52, Status.SNAKE, 0.01
3898, 12, 79, Status.SNAKE, 0.01
3899, 17, 130, Status.SNAKE, 0.01
3900, 12, 98, Status.SNAKE, 0.01
3901, 7, 55, Status.SNAKE, 0.01
3902, 14, 77, Status.WALL, 0.01
3903, 10, 75, Status.SNAKE, 0.01
3904, 10, 66, Status.SNAKE, 0.01
3905, 3, 37, Status.SNAKE, 0.01
3906, 5, 18, Status.SNAKE, 0.01
3907, 12, 94, Status.SNAKE, 0.01
3908, 12, 69, Status.SNAKE, 0.01
3909, 11, 61, Status.SNAKE, 0.01
3910, 4, 26, Status.SNAKE, 0.01
3911, 4, 25, Status.SNAKE, 0.01
3912, 17, 112, Status.SNAKE, 0.01
3913, 3, 19, Status.SNAKE, 0.01
3914, 7, 39, Status.SNAKE, 0.01
3915, 8, 56, Status.SNAKE, 0.01
3916, 7, 57, Status.SNAKE, 0.01
3917, 8, 45, Status.SNAKE, 0.01
3918, 4, 22, Status.SNAKE, 0.01
3919, 10, 66, Status.WALL, 0.01
3920, 4, 19, Status.SNAKE, 0.01
3921, 3, 25, Status.SNAKE, 0.01
3922, 6, 37, Status.WALL, 0.01
3923, 10, 72, Status.SNAKE, 0.01
3924, 8, 47, Status.SNAKE, 0.01
3925, 2, 11, Status.WALL, 0.01
3926, 9, 68, Status.SNAKE, 0.01
3927, 7, 45, Status.SNAKE, 0.01
3928, 11, 84, Status.SNAKE, 0.01
3929, 16, 94, Status.SNAKE, 0.01
3930, 12, 104, Status.SNAKE, 0.01
3931, 11, 77, Status.WALL, 0.01
3932, 7, 47, Status.SNAKE, 0.01
3933, 6, 38, Status.WALL, 0.01
3934, 4, 22, Status.WALL, 0.01
3935, 11, 60, Status.SNAKE, 0.01
3936, 11, 72, Status.WALL, 0.01
3937, 10, 75, Status.SNAKE, 0.01
3938, 16, 113, Status.SNAKE, 0.01
3939, 10, 49, Status.SNAKE, 0.01
3940, 17, 93, Status.SNAKE, 0.01
3941, 10, 63, Status.SNAKE, 0.01
3942, 13, 75, Status.WALL, 0.01
3943, 3, 25, Status.SNAKE, 0.01
3944, 14, 84, Status.SNAKE, 0.01
3945, 14, 82, Status.SNAKE, 0.01
3946, 16, 111, Status.SNAKE, 0.01
3947, 14, 132, Status.SNAKE, 0.01
3948, 6, 33, Status.SNAKE, 0.01
3949, 5, 43, Status.SNAKE, 0.01
3950, 13, 102, Status.SNAKE, 0.01
3951, 12, 82, Status.SNAKE, 0.01
3952, 8, 52, Status.SNAKE, 0.01
3953, 1, 3, Status.SNAKE, 0.01
3954, 12, 86, Status.WALL, 0.01
3955, 15, 113, Status.SNAKE, 0.01
3956, 6, 28, Status.SNAKE, 0.01
3957, 12, 64, Status.SNAKE, 0.01
3958, 9, 85, Status.SNAKE, 0.01
3959, 11, 76, Status.SNAKE, 0.01
3960, 13, 89, Status.WALL, 0.01
3961, 13, 105, Status.SNAKE, 0.01
3962, 17, 101, Status.SNAKE, 0.01
3963, 15, 105, Status.WALL, 0.01
3964, 5, 38, Status.SNAKE, 0.01
3965, 12, 89, Status.SNAKE, 0.01
3966, 3, 22, Status.WALL, 0.01
3967, 5, 30, Status.SNAKE, 0.01
3968, 8, 41, Status.WALL, 0.01
3969, 3, 30, Status.SNAKE, 0.01
3970, 5, 34, Status.SNAKE, 0.01
3971, 10, 62, Status.SNAKE, 0.01
3972, 4, 26, Status.SNAKE, 0.01
3973, 6, 42, Status.SNAKE, 0.01
3974, 6, 28, Status.WALL, 0.01
3975, 11, 68, Status.SNAKE, 0.01
3976, 6, 42, Status.WALL, 0.01
3977, 0, 6, Status.WALL, 0.01
3978, 8, 60, Status.SNAKE, 0.01
3979, 4, 17, Status.SNAKE, 0.01
3980, 11, 79, Status.SNAKE, 0.01
3981, 11, 60, Status.SNAKE, 0.01
3982, 9, 59, Status.SNAKE, 0.01
3983, 10, 64, Status.SNAKE, 0.01
3984, 7, 51, Status.SNAKE, 0.01
3985, 13, 108, Status.SNAKE, 0.01
3986, 1, 5, Status.SNAKE, 0.01
3987, 6, 42, Status.WALL, 0.01
3988, 1, 5, Status.SNAKE, 0.01
3989, 10, 66, Status.WALL, 0.01
3990, 10, 83, Status.SNAKE, 0.01
3991, 1, 7, Status.WALL, 0.01
3992, 6, 40, Status.WALL, 0.01
3993, 11, 79, Status.SNAKE, 0.01
3994, 9, 66, Status.SNAKE, 0.01
3995, 9, 54, Status.SNAKE, 0.01
3996, 9, 56, Status.SNAKE, 0.01
3997, 7, 39, Status.WALL, 0.01
3998, 15, 111, Status.SNAKE, 0.01
3999, 18, 134, Status.SNAKE, 0.01
4000, 11, 75, Status.SNAKE, 0.01
4001, 7, 49, Status.SNAKE, 0.01
4002, 14, 97, Status.WALL, 0.01
4003, 16, 111, Status.SNAKE, 0.01
4004, 3, 26, Status.SNAKE, 0.01
4005, 6, 31, Status.SNAKE, 0.01
4006, 2, 8, Status.WALL, 0.01
4007, 3, 12, Status.SNAKE, 0.01
4008, 14, 94, Status.SNAKE, 0.01
4009, 12, 71, Status.SNAKE, 0.01
4010, 6, 38, Status.SNAKE, 0.01
4011, 7, 50, Status.WALL, 0.01
4012, 12, 85, Status.WALL, 0.01
4013, 10, 56, Status.SNAKE, 0.01
4014, 15, 84, Status.SNAKE, 0.01
4015, 15, 102, Status.SNAKE, 0.01
4016, 18, 129, Status.SNAKE, 0.01
4017, 12, 92, Status.WALL, 0.01
4018, 15, 108, Status.SNAKE, 0.01
4019, 6, 38, Status.SNAKE, 0.01
4020, 9, 68, Status.SNAKE, 0.01
4021, 7, 37, Status.SNAKE, 0.01
4022, 8, 43, Status.SNAKE, 0.01
4023, 8, 61, Status.SNAKE, 0.01
4024, 13, 69, Status.SNAKE, 0.01
4025, 4, 37, Status.WALL, 0.01
4026, 14, 93, Status.SNAKE, 0.01
4027, 15, 92, Status.SNAKE, 0.01
4028, 9, 35, Status.SNAKE, 0.01
4029, 11, 67, Status.WALL, 0.01
4030, 9, 58, Status.WALL, 0.01
4031, 15, 104, Status.SNAKE, 0.01
4032, 2, 9, Status.WALL, 0.01
4033, 3, 27, Status.SNAKE, 0.01
4034, 5, 43, Status.SNAKE, 0.01
4035, 15, 105, Status.SNAKE, 0.01
4036, 2, 12, Status.SNAKE, 0.01
4037, 9, 51, Status.SNAKE, 0.01
4038, 12, 74, Status.SNAKE, 0.01
4039, 11, 64, Status.SNAKE, 0.01
4040, 7, 46, Status.SNAKE, 0.01
4041, 7, 35, Status.SNAKE, 0.01
4042, 10, 63, Status.SNAKE, 0.01
4043, 6, 34, Status.WALL, 0.01
4044, 14, 85, Status.WALL, 0.01
4045, 14, 97, Status.SNAKE, 0.01
4046, 11, 72, Status.SNAKE, 0.01
4047, 10, 72, Status.SNAKE, 0.01
4048, 3, 14, Status.WALL, 0.01
4049, 14, 81, Status.SNAKE, 0.01
4050, 15, 92, Status.SNAKE, 0.01
4051, 14, 67, Status.SNAKE, 0.01
4052, 2, 7, Status.WALL, 0.01
4053, 2, 19, Status.SNAKE, 0.01
4054, 8, 45, Status.WALL, 0.01
4055, 9, 44, Status.SNAKE, 0.01
4056, 6, 25, Status.SNAKE, 0.01
4057, 9, 58, Status.SNAKE, 0.01
4058, 8, 48, Status.WALL, 0.01
4059, 4, 23, Status.SNAKE, 0.01
4060, 8, 43, Status.SNAKE, 0.01
4061, 6, 36, Status.SNAKE, 0.01
4062, 3, 17, Status.SNAKE, 0.01
4063, 14, 92, Status.SNAKE, 0.01
4064, 12, 101, Status.SNAKE, 0.01
4065, 12, 80, Status.SNAKE, 0.01
4066, 5, 28, Status.SNAKE, 0.01
4067, 18, 134, Status.SNAKE, 0.01
4068, 13, 87, Status.SNAKE, 0.01
4069, 1, 5, Status.SNAKE, 0.01
4070, 10, 46, Status.SNAKE, 0.01
4071, 15, 92, Status.SNAKE, 0.01
4072, 9, 47, Status.SNAKE, 0.01
4073, 6, 37, Status.SNAKE, 0.01
4074, 8, 46, Status.SNAKE, 0.01
4075, 23, 148, Status.SNAKE, 0.01
4076, 9, 60, Status.SNAKE, 0.01
4077, 8, 64, Status.SNAKE, 0.01
4078, 2, 19, Status.SNAKE, 0.01
4079, 1, 8, Status.WALL, 0.01
4080, 7, 47, Status.SNAKE, 0.01
4081, 4, 19, Status.SNAKE, 0.01
4082, 9, 60, Status.SNAKE, 0.01
4083, 3, 19, Status.SNAKE, 0.01
4084, 1, 9, Status.SNAKE, 0.01
4085, 10, 66, Status.WALL, 0.01
4086, 11, 80, Status.SNAKE, 0.01
4087, 8, 58, Status.SNAKE, 0.01
4088, 11, 72, Status.SNAKE, 0.01
4089, 5, 40, Status.WALL, 0.01
4090, 4, 33, Status.WALL, 0.01
4091, 9, 67, Status.WALL, 0.01
4092, 13, 117, Status.SNAKE, 0.01
4093, 3, 36, Status.SNAKE, 0.01
4094, 4, 25, Status.SNAKE, 0.01
4095, 11, 58, Status.SNAKE, 0.01
4096, 15, 121, Status.SNAKE, 0.01
4097, 17, 101, Status.SNAKE, 0.01
4098, 9, 66, Status.SNAKE, 0.01
4099, 6, 32, Status.SNAKE, 0.01
4100, 9, 70, Status.SNAKE, 0.01
4101, 7, 42, Status.SNAKE, 0.01
4102, 5, 29, Status.SNAKE, 0.01
4103, 6, 54, Status.SNAKE, 0.01
4104, 16, 114, Status.SNAKE, 0.01
4105, 18, 98, Status.WALL, 0.01
4106, 3, 25, Status.SNAKE, 0.01
4107, 10, 64, Status.SNAKE, 0.01
4108, 2, 17, Status.SNAKE, 0.01
4109, 3, 28, Status.SNAKE, 0.01
4110, 11, 64, Status.SNAKE, 0.01
4111, 1, 5, Status.SNAKE, 0.01
4112, 13, 89, Status.SNAKE, 0.01
4113, 12, 81, Status.SNAKE, 0.01
4114, 13, 90, Status.SNAKE, 0.01
4115, 3, 30, Status.SNAKE, 0.01
4116, 9, 57, Status.SNAKE, 0.01
4117, 3, 14, Status.SNAKE, 0.01
4118, 9, 56, Status.SNAKE, 0.01
4119, 12, 63, Status.SNAKE, 0.01
4120, 9, 76, Status.SNAKE, 0.01
4121, 0, 11, Status.WALL, 0.01
4122, 14, 100, Status.SNAKE, 0.01
4123, 16, 111, Status.WALL, 0.01
4124, 21, 131, Status.SNAKE, 0.01
4125, 16, 109, Status.SNAKE, 0.01
4126, 11, 76, Status.WALL, 0.01
4127, 5, 25, Status.WALL, 0.01
4128, 9, 51, Status.SNAKE, 0.01
4129, 11, 81, Status.SNAKE, 0.01
4130, 10, 50, Status.SNAKE, 0.01
4131, 12, 79, Status.SNAKE, 0.01
4132, 17, 109, Status.SNAKE, 0.01
4133, 4, 28, Status.SNAKE, 0.01
4134, 8, 57, Status.WALL, 0.01
4135, 6, 50, Status.SNAKE, 0.01
4136, 10, 76, Status.SNAKE, 0.01
4137, 6, 51, Status.SNAKE, 0.01
4138, 11, 50, Status.SNAKE, 0.01
4139, 11, 66, Status.SNAKE, 0.01
4140, 8, 81, Status.WALL, 0.01
4141, 1, 3, Status.SNAKE, 0.01
4142, 17, 103, Status.SNAKE, 0.01
4143, 6, 37, Status.WALL, 0.01
4144, 10, 63, Status.SNAKE, 0.01
4145, 12, 64, Status.SNAKE, 0.01
4146, 7, 57, Status.SNAKE, 0.01
4147, 7, 46, Status.WALL, 0.01
4148, 15, 110, Status.SNAKE, 0.01
4149, 7, 48, Status.SNAKE, 0.01
4150, 10, 44, Status.WALL, 0.01
4151, 9, 57, Status.SNAKE, 0.01
4152, 5, 25, Status.SNAKE, 0.01
4153, 8, 64, Status.SNAKE, 0.01
4154, 12, 86, Status.SNAKE, 0.01
4155, 1, 3, Status.SNAKE, 0.01
4156, 6, 27, Status.SNAKE, 0.01
4157, 13, 102, Status.SNAKE, 0.01
4158, 9, 61, Status.SNAKE, 0.01
4159, 15, 112, Status.SNAKE, 0.01
4160, 11, 59, Status.SNAKE, 0.01
4161, 10, 64, Status.WALL, 0.01
4162, 7, 46, Status.SNAKE, 0.01
4163, 8, 46, Status.SNAKE, 0.01
4164, 16, 118, Status.SNAKE, 0.01
4165, 6, 33, Status.SNAKE, 0.01
4166, 7, 46, Status.SNAKE, 0.01
4167, 16, 139, Status.SNAKE, 0.01
4168, 15, 109, Status.SNAKE, 0.01
4169, 6, 38, Status.SNAKE, 0.01
4170, 9, 72, Status.WALL, 0.01
4171, 11, 88, Status.WALL, 0.01
4172, 16, 79, Status.SNAKE, 0.01
4173, 7, 34, Status.SNAKE, 0.01
4174, 4, 21, Status.SNAKE, 0.01
4175, 5, 38, Status.WALL, 0.01
4176, 7, 38, Status.SNAKE, 0.01
4177, 15, 126, Status.WALL, 0.01
4178, 3, 19, Status.SNAKE, 0.01
4179, 10, 56, Status.WALL, 0.01
4180, 13, 93, Status.SNAKE, 0.01
4181, 9, 72, Status.SNAKE, 0.01
4182, 23, 178, Status.SNAKE, 0.01
4183, 11, 67, Status.SNAKE, 0.01
4184, 6, 34, Status.SNAKE, 0.01
4185, 10, 66, Status.WALL, 0.01
4186, 10, 48, Status.SNAKE, 0.01
4187, 3, 21, Status.SNAKE, 0.01
4188, 3, 20, Status.SNAKE, 0.01
4189, 12, 83, Status.SNAKE, 0.01
4190, 5, 29, Status.WALL, 0.01
4191, 9, 68, Status.SNAKE, 0.01
4192, 2, 11, Status.WALL, 0.01
4193, 10, 75, Status.SNAKE, 0.01
4194, 2, 10, Status.WALL, 0.01
4195, 7, 51, Status.WALL, 0.01
4196, 14, 97, Status.SNAKE, 0.01
4197, 4, 37, Status.WALL, 0.01
4198, 14, 107, Status.SNAKE, 0.01
4199, 1, 3, Status.SNAKE, 0.01
4200, 7, 57, Status.SNAKE, 0.01
4201, 6, 45, Status.SNAKE, 0.01
4202, 12, 68, Status.SNAKE, 0.01
4203, 14, 99, Status.SNAKE, 0.01
4204, 10, 69, Status.WALL, 0.01
4205, 9, 43, Status.SNAKE, 0.01
4206, 1, 7, Status.WALL, 0.01
4207, 15, 111, Status.SNAKE, 0.01
4208, 6, 40, Status.SNAKE, 0.01
4209, 17, 106, Status.WALL, 0.01
4210, 3, 16, Status.SNAKE, 0.01
4211, 9, 61, Status.SNAKE, 0.01
4212, 8, 68, Status.SNAKE, 0.01
4213, 13, 87, Status.SNAKE, 0.01
4214, 2, 8, Status.WALL, 0.01
4215, 9, 67, Status.SNAKE, 0.01
4216, 12, 94, Status.SNAKE, 0.01
4217, 2, 15, Status.SNAKE, 0.01
4218, 6, 41, Status.SNAKE, 0.01
4219, 17, 111, Status.SNAKE, 0.01
4220, 18, 116, Status.SNAKE, 0.01
4221, 15, 101, Status.SNAKE, 0.01
4222, 11, 79, Status.SNAKE, 0.01
4223, 11, 68, Status.SNAKE, 0.01
4224, 4, 36, Status.WALL, 0.01
4225, 9, 64, Status.SNAKE, 0.01
4226, 9, 71, Status.SNAKE, 0.01
4227, 11, 73, Status.SNAKE, 0.01
4228, 17, 106, Status.SNAKE, 0.01
4229, 20, 144, Status.WALL, 0.01
4230, 7, 49, Status.SNAKE, 0.01
4231, 1, 5, Status.SNAKE, 0.01
4232, 10, 100, Status.SNAKE, 0.01
4233, 6, 36, Status.SNAKE, 0.01
4234, 8, 56, Status.WALL, 0.01
4235, 2, 11, Status.WALL, 0.01
4236, 10, 70, Status.WALL, 0.01
4237, 6, 28, Status.WALL, 0.01
4238, 5, 26, Status.SNAKE, 0.01
4239, 10, 69, Status.SNAKE, 0.01
4240, 13, 92, Status.SNAKE, 0.01
4241, 16, 125, Status.SNAKE, 0.01
4242, 12, 81, Status.SNAKE, 0.01
4243, 5, 40, Status.WALL, 0.01
4244, 13, 80, Status.SNAKE, 0.01
4245, 16, 112, Status.SNAKE, 0.01
4246, 4, 24, Status.SNAKE, 0.01
4247, 6, 34, Status.SNAKE, 0.01
4248, 5, 25, Status.SNAKE, 0.01
4249, 10, 68, Status.WALL, 0.01
4250, 2, 7, Status.SNAKE, 0.01
4251, 14, 98, Status.SNAKE, 0.01
4252, 8, 53, Status.SNAKE, 0.01
4253, 5, 37, Status.WALL, 0.01
4254, 4, 24, Status.SNAKE, 0.01
4255, 3, 18, Status.WALL, 0.01
4256, 5, 18, Status.SNAKE, 0.01
4257, 2, 18, Status.SNAKE, 0.01
4258, 7, 42, Status.WALL, 0.01
4259, 2, 15, Status.SNAKE, 0.01
4260, 8, 46, Status.SNAKE, 0.01
4261, 3, 13, Status.SNAKE, 0.01
4262, 15, 93, Status.SNAKE, 0.01
4263, 8, 73, Status.SNAKE, 0.01
4264, 6, 33, Status.SNAKE, 0.01
4265, 6, 41, Status.WALL, 0.01
4266, 6, 43, Status.SNAKE, 0.01
4267, 7, 55, Status.SNAKE, 0.01
4268, 6, 31, Status.SNAKE, 0.01
4269, 1, 5, Status.SNAKE, 0.01
4270, 11, 72, Status.WALL, 0.01
4271, 7, 49, Status.SNAKE, 0.01
4272, 7, 45, Status.SNAKE, 0.01
4273, 5, 36, Status.SNAKE, 0.01
4274, 12, 123, Status.WALL, 0.01
4275, 14, 81, Status.SNAKE, 0.01
4276, 9, 56, Status.SNAKE, 0.01
4277, 9, 66, Status.WALL, 0.01
4278, 8, 62, Status.WALL, 0.01
4279, 9, 42, Status.SNAKE, 0.01
4280, 11, 59, Status.SNAKE, 0.01
4281, 6, 34, Status.SNAKE, 0.01
4282, 5, 33, Status.SNAKE, 0.01
4283, 13, 53, Status.SNAKE, 0.01
4284, 3, 13, Status.SNAKE, 0.01
4285, 5, 26, Status.WALL, 0.01
4286, 10, 68, Status.WALL, 0.01
4287, 12, 66, Status.SNAKE, 0.01
4288, 3, 15, Status.SNAKE, 0.01
4289, 7, 50, Status.WALL, 0.01
4290, 6, 43, Status.SNAKE, 0.01
4291, 11, 76, Status.SNAKE, 0.01
4292, 1, 3, Status.SNAKE, 0.01
4293, 8, 42, Status.SNAKE, 0.01
4294, 5, 31, Status.WALL, 0.01
4295, 9, 77, Status.SNAKE, 0.01
4296, 9, 42, Status.SNAKE, 0.01
4297, 6, 46, Status.WALL, 0.01
4298, 6, 32, Status.SNAKE, 0.01
4299, 11, 98, Status.WALL, 0.01
4300, 8, 44, Status.SNAKE, 0.01
4301, 7, 49, Status.SNAKE, 0.01
4302, 1, 5, Status.SNAKE, 0.01
4303, 5, 22, Status.SNAKE, 0.01
4304, 8, 54, Status.SNAKE, 0.01
4305, 6, 30, Status.SNAKE, 0.01
4306, 1, 3, Status.SNAKE, 0.01
4307, 4, 15, Status.SNAKE, 0.01
4308, 5, 23, Status.SNAKE, 0.01
4309, 8, 60, Status.SNAKE, 0.01
4310, 11, 80, Status.SNAKE, 0.01
4311, 13, 89, Status.SNAKE, 0.01
4312, 5, 34, Status.SNAKE, 0.01
4313, 9, 59, Status.SNAKE, 0.01
4314, 5, 40, Status.SNAKE, 0.01
4315, 9, 71, Status.SNAKE, 0.01
4316, 14, 101, Status.SNAKE, 0.01
4317, 18, 129, Status.SNAKE, 0.01
4318, 15, 92, Status.SNAKE, 0.01
4319, 14, 107, Status.WALL, 0.01
4320, 9, 40, Status.SNAKE, 0.01
4321, 4, 21, Status.SNAKE, 0.01
4322, 12, 65, Status.SNAKE, 0.01
4323, 10, 56, Status.SNAKE, 0.01
4324, 5, 28, Status.SNAKE, 0.01
4325, 7, 63, Status.SNAKE, 0.01
4326, 19, 122, Status.SNAKE, 0.01
4327, 1, 5, Status.SNAKE, 0.01
4328, 13, 87, Status.SNAKE, 0.01
4329, 7, 43, Status.SNAKE, 0.01
4330, 16, 146, Status.SNAKE, 0.01
4331, 8, 47, Status.SNAKE, 0.01
4332, 14, 76, Status.SNAKE, 0.01
4333, 8, 52, Status.SNAKE, 0.01
4334, 2, 20, Status.SNAKE, 0.01
4335, 5, 26, Status.SNAKE, 0.01
4336, 11, 57, Status.SNAKE, 0.01
4337, 6, 39, Status.SNAKE, 0.01
4338, 9, 50, Status.SNAKE, 0.01
4339, 14, 118, Status.SNAKE, 0.01
4340, 3, 18, Status.WALL, 0.01
4341, 10, 73, Status.WALL, 0.01
4342, 10, 65, Status.SNAKE, 0.01
4343, 6, 29, Status.WALL, 0.01
4344, 9, 43, Status.SNAKE, 0.01
4345, 9, 66, Status.WALL, 0.01
4346, 8, 48, Status.SNAKE, 0.01
4347, 13, 60, Status.SNAKE, 0.01
4348, 8, 50, Status.SNAKE, 0.01
4349, 4, 23, Status.SNAKE, 0.01
4350, 7, 45, Status.SNAKE, 0.01
4351, 2, 18, Status.SNAKE, 0.01
4352, 7, 38, Status.SNAKE, 0.01
4353, 12, 82, Status.SNAKE, 0.01
4354, 1, 5, Status.SNAKE, 0.01
4355, 9, 48, Status.WALL, 0.01
4356, 23, 126, Status.SNAKE, 0.01
4357, 10, 55, Status.SNAKE, 0.01
4358, 13, 86, Status.SNAKE, 0.01
4359, 11, 77, Status.SNAKE, 0.01
4360, 14, 94, Status.SNAKE, 0.01
4361, 9, 57, Status.WALL, 0.01
4362, 1, 5, Status.SNAKE, 0.01
4363, 4, 25, Status.SNAKE, 0.01
4364, 11, 86, Status.SNAKE, 0.01
4365, 6, 24, Status.SNAKE, 0.01
4366, 1, 17, Status.SNAKE, 0.01
4367, 4, 29, Status.SNAKE, 0.01
4368, 4, 42, Status.WALL, 0.01
4369, 15, 84, Status.SNAKE, 0.01
4370, 5, 34, Status.SNAKE, 0.01
4371, 14, 109, Status.SNAKE, 0.01
4372, 9, 50, Status.SNAKE, 0.01
4373, 11, 58, Status.SNAKE, 0.01
4374, 6, 31, Status.WALL, 0.01
4375, 11, 94, Status.WALL, 0.01
4376, 10, 69, Status.SNAKE, 0.01
4377, 10, 61, Status.SNAKE, 0.01
4378, 7, 51, Status.SNAKE, 0.01
4379, 8, 49, Status.SNAKE, 0.01
4380, 5, 33, Status.SNAKE, 0.01
4381, 11, 62, Status.SNAKE, 0.01
4382, 13, 80, Status.SNAKE, 0.01
4383, 4, 27, Status.SNAKE, 0.01
4384, 9, 68, Status.SNAKE, 0.01
4385, 9, 68, Status.SNAKE, 0.01
4386, 14, 91, Status.WALL, 0.01
4387, 4, 23, Status.WALL, 0.01
4388, 3, 22, Status.WALL, 0.01
4389, 8, 46, Status.SNAKE, 0.01
4390, 6, 54, Status.SNAKE, 0.01
4391, 6, 52, Status.SNAKE, 0.01
4392, 11, 75, Status.WALL, 0.01
4393, 13, 79, Status.SNAKE, 0.01
4394, 4, 43, Status.SNAKE, 0.01
4395, 7, 44, Status.SNAKE, 0.01
4396, 8, 44, Status.WALL, 0.01
4397, 10, 53, Status.SNAKE, 0.01
4398, 15, 111, Status.SNAKE, 0.01
4399, 11, 71, Status.SNAKE, 0.01
4400, 5, 33, Status.SNAKE, 0.01
4401, 14, 99, Status.SNAKE, 0.01
4402, 13, 90, Status.WALL, 0.01
4403, 15, 122, Status.SNAKE, 0.01
4404, 3, 19, Status.SNAKE, 0.01
4405, 5, 35, Status.SNAKE, 0.01
4406, 11, 71, Status.SNAKE, 0.01
4407, 5, 33, Status.SNAKE, 0.01
4408, 6, 38, Status.WALL, 0.01
4409, 3, 19, Status.SNAKE, 0.01
4410, 5, 40, Status.SNAKE, 0.01
4411, 14, 105, Status.SNAKE, 0.01
4412, 12, 103, Status.SNAKE, 0.01
4413, 4, 29, Status.SNAKE, 0.01
4414, 9, 62, Status.SNAKE, 0.01
4415, 15, 92, Status.SNAKE, 0.01
4416, 5, 36, Status.WALL, 0.01
4417, 23, 140, Status.SNAKE, 0.01
4418, 2, 15, Status.SNAKE, 0.01
4419, 1, 6, Status.WALL, 0.01
4420, 11, 56, Status.SNAKE, 0.01
4421, 12, 85, Status.SNAKE, 0.01
4422, 15, 113, Status.WALL, 0.01
4423, 7, 50, Status.SNAKE, 0.01
4424, 13, 94, Status.SNAKE, 0.01
4425, 11, 71, Status.SNAKE, 0.01
4426, 8, 52, Status.SNAKE, 0.01
4427, 11, 85, Status.SNAKE, 0.01
4428, 2, 23, Status.WALL, 0.01
4429, 6, 37, Status.WALL, 0.01
4430, 7, 45, Status.SNAKE, 0.01
4431, 4, 30, Status.SNAKE, 0.01
4432, 16, 122, Status.SNAKE, 0.01
4433, 8, 62, Status.WALL, 0.01
4434, 3, 12, Status.SNAKE, 0.01
4435, 2, 30, Status.WALL, 0.01
4436, 15, 105, Status.SNAKE, 0.01
4437, 7, 66, Status.SNAKE, 0.01
4438, 13, 111, Status.SNAKE, 0.01
4439, 11, 82, Status.SNAKE, 0.01
4440, 9, 51, Status.SNAKE, 0.01
4441, 8, 58, Status.SNAKE, 0.01
4442, 8, 59, Status.SNAKE, 0.01
4443, 9, 66, Status.SNAKE, 0.01
4444, 10, 69, Status.SNAKE, 0.01
4445, 4, 37, Status.SNAKE, 0.01
4446, 18, 162, Status.SNAKE, 0.01
4447, 9, 87, Status.SNAKE, 0.01
4448, 11, 64, Status.SNAKE, 0.01
4449, 12, 99, Status.SNAKE, 0.01
4450, 13, 73, Status.SNAKE, 0.01
4451, 7, 63, Status.SNAKE, 0.01
4452, 9, 52, Status.SNAKE, 0.01
4453, 7, 49, Status.SNAKE, 0.01
4454, 12, 91, Status.SNAKE, 0.01
4455, 2, 13, Status.SNAKE, 0.01
4456, 14, 87, Status.SNAKE, 0.01
4457, 7, 48, Status.SNAKE, 0.01
4458, 4, 13, Status.SNAKE, 0.01
4459, 10, 79, Status.SNAKE, 0.01
4460, 7, 46, Status.SNAKE, 0.01
4461, 12, 72, Status.SNAKE, 0.01
4462, 15, 97, Status.SNAKE, 0.01
4463, 13, 99, Status.WALL, 0.01
4464, 12, 83, Status.SNAKE, 0.01
4465, 9, 72, Status.SNAKE, 0.01
4466, 12, 75, Status.SNAKE, 0.01
4467, 5, 47, Status.SNAKE, 0.01
4468, 17, 128, Status.SNAKE, 0.01
4469, 9, 70, Status.SNAKE, 0.01
4470, 4, 18, Status.SNAKE, 0.01
4471, 13, 98, Status.SNAKE, 0.01
4472, 10, 47, Status.SNAKE, 0.01
4473, 14, 90, Status.SNAKE, 0.01
4474, 12, 89, Status.SNAKE, 0.01
4475, 10, 67, Status.SNAKE, 0.01
4476, 11, 55, Status.SNAKE, 0.01
4477, 11, 91, Status.SNAKE, 0.01
4478, 16, 114, Status.SNAKE, 0.01
4479, 10, 52, Status.SNAKE, 0.01
4480, 9, 62, Status.SNAKE, 0.01
4481, 6, 38, Status.SNAKE, 0.01
4482, 6, 37, Status.SNAKE, 0.01
4483, 4, 32, Status.WALL, 0.01
4484, 11, 83, Status.SNAKE, 0.01
4485, 11, 102, Status.SNAKE, 0.01
4486, 12, 85, Status.SNAKE, 0.01
4487, 9, 48, Status.SNAKE, 0.01
4488, 13, 79, Status.SNAKE, 0.01
4489, 5, 45, Status.SNAKE, 0.01
4490, 1, 5, Status.SNAKE, 0.01
4491, 4, 25, Status.WALL, 0.01
4492, 9, 64, Status.SNAKE, 0.01
4493, 3, 18, Status.WALL, 0.01
4494, 15, 107, Status.SNAKE, 0.01
4495, 7, 49, Status.SNAKE, 0.01
4496, 11, 54, Status.SNAKE, 0.01
4497, 4, 41, Status.WALL, 0.01
4498, 9, 64, Status.WALL, 0.01
4499, 16, 110, Status.WALL, 0.01
4500, 3, 19, Status.SNAKE, 0.01
4501, 10, 68, Status.SNAKE, 0.01
4502, 8, 67, Status.WALL, 0.01
4503, 13, 92, Status.WALL, 0.01
4504, 4, 23, Status.WALL, 0.01
4505, 6, 43, Status.SNAKE, 0.01
4506, 16, 100, Status.SNAKE, 0.01
4507, 14, 86, Status.SNAKE, 0.01
4508, 5, 33, Status.SNAKE, 0.01
4509, 10, 78, Status.SNAKE, 0.01
4510, 6, 29, Status.SNAKE, 0.01
4511, 8, 67, Status.WALL, 0.01
4512, 3, 24, Status.SNAKE, 0.01
4513, 8, 44, Status.SNAKE, 0.01
4514, 8, 55, Status.SNAKE, 0.01
4515, 13, 71, Status.SNAKE, 0.01
4516, 4, 32, Status.SNAKE, 0.01
4517, 14, 86, Status.SNAKE, 0.01
4518, 4, 23, Status.SNAKE, 0.01
4519, 14, 124, Status.SNAKE, 0.01
4520, 8, 57, Status.SNAKE, 0.01
4521, 15, 67, Status.SNAKE, 0.01
4522, 1, 10, Status.WALL, 0.01
4523, 10, 55, Status.SNAKE, 0.01
4524, 13, 97, Status.SNAKE, 0.01
4525, 7, 56, Status.SNAKE, 0.01
4526, 12, 77, Status.WALL, 0.01
4527, 3, 15, Status.WALL, 0.01
4528, 1, 6, Status.WALL, 0.01
4529, 2, 18, Status.SNAKE, 0.01
4530, 9, 52, Status.SNAKE, 0.01
4531, 7, 54, Status.SNAKE, 0.01
4532, 1, 10, Status.WALL, 0.01
4533, 8, 73, Status.WALL, 0.01
4534, 2, 7, Status.SNAKE, 0.01
4535, 6, 51, Status.SNAKE, 0.01
4536, 10, 52, Status.SNAKE, 0.01
4537, 2, 13, Status.SNAKE, 0.01
4538, 12, 65, Status.SNAKE, 0.01
4539, 3, 15, Status.SNAKE, 0.01
4540, 15, 106, Status.SNAKE, 0.01
4541, 13, 87, Status.SNAKE, 0.01
4542, 12, 92, Status.WALL, 0.01
4543, 4, 39, Status.SNAKE, 0.01
4544, 10, 79, Status.SNAKE, 0.01
4545, 9, 68, Status.WALL, 0.01
4546, 12, 65, Status.WALL, 0.01
4547, 11, 59, Status.SNAKE, 0.01
4548, 8, 44, Status.WALL, 0.01
4549, 9, 52, Status.WALL, 0.01
4550, 7, 46, Status.SNAKE, 0.01
4551, 9, 35, Status.SNAKE, 0.01
4552, 14, 78, Status.SNAKE, 0.01
4553, 13, 86, Status.SNAKE, 0.01
4554, 12, 76, Status.WALL, 0.01
4555, 9, 66, Status.SNAKE, 0.01
4556, 4, 20, Status.SNAKE, 0.01
4557, 3, 11, Status.SNAKE, 0.01
4558, 10, 66, Status.SNAKE, 0.01
4559, 5, 22, Status.SNAKE, 0.01
4560, 4, 28, Status.WALL, 0.01
4561, 15, 134, Status.WALL, 0.01
4562, 7, 40, Status.WALL, 0.01
4563, 3, 20, Status.SNAKE, 0.01
4564, 11, 83, Status.SNAKE, 0.01
4565, 22, 170, Status.SNAKE, 0.01
4566, 4, 32, Status.SNAKE, 0.01
4567, 6, 50, Status.WALL, 0.01
4568, 4, 32, Status.SNAKE, 0.01
4569, 12, 83, Status.SNAKE, 0.01
4570, 5, 46, Status.SNAKE, 0.01
4571, 12, 88, Status.SNAKE, 0.01
4572, 13, 95, Status.SNAKE, 0.01
4573, 12, 75, Status.SNAKE, 0.01
4574, 20, 135, Status.SNAKE, 0.01
4575, 12, 98, Status.WALL, 0.01
4576, 7, 48, Status.SNAKE, 0.01
4577, 9, 55, Status.SNAKE, 0.01
4578, 2, 11, Status.WALL, 0.01
4579, 8, 47, Status.SNAKE, 0.01
4580, 6, 39, Status.WALL, 0.01
4581, 8, 50, Status.SNAKE, 0.01
4582, 12, 80, Status.SNAKE, 0.01
4583, 8, 47, Status.SNAKE, 0.01
4584, 5, 21, Status.SNAKE, 0.01
4585, 10, 74, Status.SNAKE, 0.01
4586, 5, 37, Status.SNAKE, 0.01
4587, 9, 82, Status.SNAKE, 0.01
4588, 17, 115, Status.SNAKE, 0.01
4589, 12, 81, Status.WALL, 0.01
4590, 6, 45, Status.SNAKE, 0.01
4591, 13, 80, Status.WALL, 0.01
4592, 4, 27, Status.WALL, 0.01
4593, 4, 34, Status.SNAKE, 0.01
4594, 10, 77, Status.SNAKE, 0.01
4595, 9, 55, Status.SNAKE, 0.01
4596, 5, 26, Status.SNAKE, 0.01
4597, 3, 26, Status.WALL, 0.01
4598, 12, 61, Status.WALL, 0.01
4599, 9, 47, Status.SNAKE, 0.01
4600, 3, 19, Status.SNAKE, 0.01
4601, 17, 129, Status.SNAKE, 0.01
4602, 5, 27, Status.SNAKE, 0.01
4603, 8, 42, Status.SNAKE, 0.01
4604, 6, 38, Status.SNAKE, 0.01
4605, 10, 70, Status.SNAKE, 0.01
4606, 7, 32, Status.SNAKE, 0.01
4607, 12, 107, Status.WALL, 0.01
4608, 15, 116, Status.SNAKE, 0.01
4609, 2, 34, Status.WALL, 0.01
4610, 9, 61, Status.SNAKE, 0.01
4611, 11, 65, Status.SNAKE, 0.01
4612, 6, 29, Status.WALL, 0.01
4613, 2, 13, Status.SNAKE, 0.01
4614, 5, 22, Status.SNAKE, 0.01
4615, 17, 149, Status.SNAKE, 0.01
4616, 6, 23, Status.SNAKE, 0.01
4617, 7, 57, Status.SNAKE, 0.01
4618, 4, 26, Status.SNAKE, 0.01
4619, 1, 5, Status.SNAKE, 0.01
4620, 6, 33, Status.SNAKE, 0.01
4621, 2, 12, Status.SNAKE, 0.01
4622, 4, 24, Status.SNAKE, 0.01
4623, 3, 22, Status.SNAKE, 0.01
4624, 11, 73, Status.SNAKE, 0.01
4625, 7, 39, Status.SNAKE, 0.01
4626, 5, 35, Status.SNAKE, 0.01
4627, 12, 73, Status.SNAKE, 0.01
4628, 12, 74, Status.SNAKE, 0.01
4629, 21, 138, Status.SNAKE, 0.01
4630, 9, 52, Status.SNAKE, 0.01
4631, 7, 58, Status.SNAKE, 0.01
4632, 18, 109, Status.SNAKE, 0.01
4633, 12, 86, Status.SNAKE, 0.01
4634, 3, 15, Status.SNAKE, 0.01
4635, 8, 45, Status.SNAKE, 0.01
4636, 12, 67, Status.WALL, 0.01
4637, 12, 71, Status.SNAKE, 0.01
4638, 16, 108, Status.SNAKE, 0.01
4639, 8, 60, Status.SNAKE, 0.01
4640, 13, 98, Status.SNAKE, 0.01
4641, 7, 37, Status.WALL, 0.01
4642, 13, 75, Status.SNAKE, 0.01
4643, 4, 19, Status.SNAKE, 0.01
4644, 8, 54, Status.WALL, 0.01
4645, 5, 23, Status.SNAKE, 0.01
4646, 10, 69, Status.WALL, 0.01
4647, 11, 82, Status.SNAKE, 0.01
4648, 8, 49, Status.SNAKE, 0.01
4649, 7, 49, Status.WALL, 0.01
4650, 11, 85, Status.SNAKE, 0.01
4651, 10, 72, Status.SNAKE, 0.01
4652, 2, 10, Status.SNAKE, 0.01
4653, 2, 17, Status.SNAKE, 0.01
4654, 12, 85, Status.SNAKE, 0.01
4655, 13, 104, Status.SNAKE, 0.01
4656, 5, 36, Status.WALL, 0.01
4657, 9, 56, Status.SNAKE, 0.01
4658, 6, 48, Status.SNAKE, 0.01
4659, 3, 17, Status.WALL, 0.01
4660, 1, 5, Status.SNAKE, 0.01
4661, 6, 27, Status.SNAKE, 0.01
4662, 9, 63, Status.SNAKE, 0.01
4663, 7, 44, Status.SNAKE, 0.01
4664, 4, 26, Status.SNAKE, 0.01
4665, 7, 43, Status.SNAKE, 0.01
4666, 7, 39, Status.SNAKE, 0.01
4667, 10, 52, Status.SNAKE, 0.01
4668, 12, 67, Status.SNAKE, 0.01
4669, 6, 36, Status.SNAKE, 0.01
4670, 14, 106, Status.SNAKE, 0.01
4671, 0, 5, Status.WALL, 0.01
4672, 10, 76, Status.SNAKE, 0.01
4673, 1, 5, Status.SNAKE, 0.01
4674, 15, 91, Status.SNAKE, 0.01
4675, 11, 76, Status.SNAKE, 0.01
4676, 11, 64, Status.SNAKE, 0.01
4677, 7, 45, Status.SNAKE, 0.01
4678, 5, 38, Status.WALL, 0.01
4679, 13, 93, Status.WALL, 0.01
4680, 1, 5, Status.SNAKE, 0.01
4681, 7, 41, Status.SNAKE, 0.01
4682, 7, 46, Status.SNAKE, 0.01
4683, 11, 72, Status.WALL, 0.01
4684, 15, 122, Status.WALL, 0.01
4685, 15, 115, Status.SNAKE, 0.01
4686, 13, 92, Status.SNAKE, 0.01
4687, 8, 50, Status.SNAKE, 0.01
4688, 10, 67, Status.SNAKE, 0.01
4689, 8, 63, Status.WALL, 0.01
4690, 8, 60, Status.SNAKE, 0.01
4691, 7, 46, Status.SNAKE, 0.01
4692, 8, 51, Status.SNAKE, 0.01
4693, 6, 52, Status.SNAKE, 0.01
4694, 16, 106, Status.SNAKE, 0.01
4695, 3, 18, Status.SNAKE, 0.01
4696, 8, 35, Status.SNAKE, 0.01
4697, 5, 34, Status.SNAKE, 0.01
4698, 11, 65, Status.SNAKE, 0.01
4699, 9, 50, Status.SNAKE, 0.01
4700, 10, 78, Status.SNAKE, 0.01
4701, 5, 17, Status.SNAKE, 0.01
4702, 16, 124, Status.SNAKE, 0.01
4703, 12, 82, Status.SNAKE, 0.01
4704, 15, 83, Status.SNAKE, 0.01
4705, 4, 33, Status.WALL, 0.01
4706, 10, 49, Status.SNAKE, 0.01
4707, 15, 94, Status.SNAKE, 0.01
4708, 17, 146, Status.SNAKE, 0.01
4709, 5, 32, Status.WALL, 0.01
4710, 2, 14, Status.SNAKE, 0.01
4711, 6, 29, Status.SNAKE, 0.01
4712, 12, 99, Status.SNAKE, 0.01
4713, 13, 91, Status.SNAKE, 0.01
4714, 2, 13, Status.WALL, 0.01
4715, 1, 11, Status.SNAKE, 0.01
4716, 15, 113, Status.SNAKE, 0.01
4717, 10, 46, Status.SNAKE, 0.01
4718, 9, 77, Status.SNAKE, 0.01
4719, 5, 22, Status.SNAKE, 0.01
4720, 18, 92, Status.SNAKE, 0.01
4721, 4, 29, Status.WALL, 0.01
4722, 7, 58, Status.SNAKE, 0.01
4723, 12, 78, Status.SNAKE, 0.01
4724, 17, 115, Status.SNAKE, 0.01
4725, 16, 113, Status.SNAKE, 0.01
4726, 15, 102, Status.WALL, 0.01
4727, 17, 117, Status.SNAKE, 0.01
4728, 7, 63, Status.WALL, 0.01
4729, 15, 108, Status.SNAKE, 0.01
4730, 4, 29, Status.WALL, 0.01
4731, 8, 69, Status.SNAKE, 0.01
4732, 9, 47, Status.SNAKE, 0.01
4733, 1, 8, Status.WALL, 0.01
4734, 7, 29, Status.WALL, 0.01
4735, 5, 33, Status.SNAKE, 0.01
4736, 5, 42, Status.SNAKE, 0.01
4737, 15, 106, Status.SNAKE, 0.01
4738, 7, 38, Status.SNAKE, 0.01
4739, 3, 16, Status.WALL, 0.01
4740, 3, 21, Status.SNAKE, 0.01
4741, 12, 98, Status.SNAKE, 0.01
4742, 16, 115, Status.SNAKE, 0.01
4743, 15, 81, Status.WALL, 0.01
4744, 6, 33, Status.SNAKE, 0.01
4745, 6, 42, Status.SNAKE, 0.01
4746, 3, 13, Status.WALL, 0.01
4747, 9, 61, Status.SNAKE, 0.01
4748, 3, 15, Status.SNAKE, 0.01
4749, 12, 86, Status.SNAKE, 0.01
4750, 7, 40, Status.SNAKE, 0.01
4751, 7, 55, Status.SNAKE, 0.01
4752, 14, 87, Status.WALL, 0.01
4753, 8, 36, Status.SNAKE, 0.01
4754, 10, 44, Status.WALL, 0.01
4755, 9, 51, Status.SNAKE, 0.01
4756, 9, 73, Status.SNAKE, 0.01
4757, 8, 60, Status.SNAKE, 0.01
4758, 8, 56, Status.SNAKE, 0.01
4759, 20, 129, Status.SNAKE, 0.01
4760, 9, 56, Status.SNAKE, 0.01
4761, 10, 80, Status.SNAKE, 0.01
4762, 11, 86, Status.SNAKE, 0.01
4763, 14, 104, Status.WALL, 0.01
4764, 9, 60, Status.SNAKE, 0.01
4765, 15, 105, Status.WALL, 0.01
4766, 11, 75, Status.SNAKE, 0.01
4767, 12, 67, Status.SNAKE, 0.01
4768, 7, 52, Status.SNAKE, 0.01
4769, 13, 102, Status.SNAKE, 0.01
4770, 6, 39, Status.SNAKE, 0.01
4771, 7, 73, Status.SNAKE, 0.01
4772, 12, 81, Status.SNAKE, 0.01
4773, 12, 66, Status.SNAKE, 0.01
4774, 9, 56, Status.SNAKE, 0.01
4775, 2, 15, Status.SNAKE, 0.01
4776, 4, 19, Status.WALL, 0.01
4777, 8, 35, Status.SNAKE, 0.01
4778, 8, 66, Status.SNAKE, 0.01
4779, 5, 36, Status.SNAKE, 0.01
4780, 11, 81, Status.WALL, 0.01
4781, 5, 39, Status.SNAKE, 0.01
4782, 2, 20, Status.SNAKE, 0.01
4783, 16, 133, Status.SNAKE, 0.01
4784, 9, 65, Status.SNAKE, 0.01
4785, 8, 61, Status.SNAKE, 0.01
4786, 11, 75, Status.SNAKE, 0.01
4787, 6, 41, Status.SNAKE, 0.01
4788, 8, 60, Status.WALL, 0.01
4789, 6, 53, Status.SNAKE, 0.01
4790, 9, 70, Status.SNAKE, 0.01
4791, 6, 32, Status.SNAKE, 0.01
4792, 13, 102, Status.SNAKE, 0.01
4793, 5, 42, Status.SNAKE, 0.01
4794, 14, 100, Status.SNAKE, 0.01
4795, 15, 131, Status.WALL, 0.01
4796, 3, 14, Status.SNAKE, 0.01
4797, 8, 43, Status.SNAKE, 0.01
4798, 13, 97, Status.SNAKE, 0.01
4799, 3, 24, Status.SNAKE, 0.01
4800, 7, 30, Status.SNAKE, 0.01
4801, 11, 70, Status.SNAKE, 0.01
4802, 9, 46, Status.SNAKE, 0.01
4803, 7, 34, Status.SNAKE, 0.01
4804, 8, 59, Status.SNAKE, 0.01
4805, 3, 19, Status.SNAKE, 0.01
4806, 9, 77, Status.WALL, 0.01
4807, 2, 7, Status.WALL, 0.01
4808, 7, 42, Status.SNAKE, 0.01
4809, 13, 97, Status.SNAKE, 0.01
4810, 6, 26, Status.SNAKE, 0.01
4811, 3, 17, Status.SNAKE, 0.01
4812, 8, 54, Status.SNAKE, 0.01
4813, 4, 22, Status.SNAKE, 0.01
4814, 18, 140, Status.SNAKE, 0.01
4815, 14, 113, Status.SNAKE, 0.01
4816, 1, 5, Status.SNAKE, 0.01
4817, 10, 78, Status.SNAKE, 0.01
4818, 9, 49, Status.WALL, 0.01
4819, 14, 107, Status.SNAKE, 0.01
4820, 20, 148, Status.WALL, 0.01
4821, 7, 38, Status.SNAKE, 0.01
4822, 17, 137, Status.SNAKE, 0.01
4823, 10, 83, Status.SNAKE, 0.01
4824, 11, 67, Status.SNAKE, 0.01
4825, 1, 13, Status.WALL, 0.01
4826, 6, 53, Status.SNAKE, 0.01
4827, 6, 46, Status.SNAKE, 0.01
4828, 14, 115, Status.SNAKE, 0.01
4829, 7, 39, Status.SNAKE, 0.01
4830, 11, 80, Status.SNAKE, 0.01
4831, 7, 61, Status.SNAKE, 0.01
4832, 3, 19, Status.SNAKE, 0.01
4833, 13, 66, Status.SNAKE, 0.01
4834, 2, 22, Status.WALL, 0.01
4835, 4, 20, Status.SNAKE, 0.01
4836, 7, 45, Status.SNAKE, 0.01
4837, 6, 41, Status.SNAKE, 0.01
4838, 11, 74, Status.SNAKE, 0.01
4839, 19, 104, Status.SNAKE, 0.01
4840, 12, 75, Status.WALL, 0.01
4841, 2, 5, Status.SNAKE, 0.01
4842, 9, 51, Status.SNAKE, 0.01
4843, 6, 27, Status.SNAKE, 0.01
4844, 10, 61, Status.SNAKE, 0.01
4845, 2, 15, Status.SNAKE, 0.01
4846, 1, 8, Status.WALL, 0.01
4847, 6, 43, Status.SNAKE, 0.01
4848, 6, 34, Status.SNAKE, 0.01
4849, 5, 33, Status.SNAKE, 0.01
4850, 16, 127, Status.SNAKE, 0.01
4851, 10, 69, Status.SNAKE, 0.01
4852, 7, 56, Status.WALL, 0.01
4853, 5, 30, Status.WALL, 0.01
4854, 12, 78, Status.SNAKE, 0.01
4855, 8, 41, Status.SNAKE, 0.01
4856, 4, 17, Status.SNAKE, 0.01
4857, 10, 48, Status.SNAKE, 0.01
4858, 19, 141, Status.SNAKE, 0.01
4859, 3, 20, Status.SNAKE, 0.01
4860, 11, 51, Status.SNAKE, 0.01
4861, 15, 101, Status.SNAKE, 0.01
4862, 3, 22, Status.SNAKE, 0.01
4863, 9, 52, Status.SNAKE, 0.01
4864, 12, 82, Status.SNAKE, 0.01
4865, 3, 16, Status.WALL, 0.01
4866, 16, 101, Status.SNAKE, 0.01
4867, 9, 52, Status.SNAKE, 0.01
4868, 1, 7, Status.WALL, 0.01
4869, 4, 22, Status.SNAKE, 0.01
4870, 13, 125, Status.WALL, 0.01
4871, 12, 72, Status.WALL, 0.01
4872, 2, 11, Status.WALL, 0.01
4873, 12, 87, Status.SNAKE, 0.01
4874, 1, 3, Status.SNAKE, 0.01
4875, 13, 102, Status.SNAKE, 0.01
4876, 7, 50, Status.SNAKE, 0.01
4877, 5, 39, Status.SNAKE, 0.01
4878, 3, 21, Status.SNAKE, 0.01
4879, 6, 50, Status.SNAKE, 0.01
4880, 13, 94, Status.SNAKE, 0.01
4881, 11, 83, Status.SNAKE, 0.01
4882, 14, 86, Status.SNAKE, 0.01
4883, 6, 52, Status.SNAKE, 0.01
4884, 15, 80, Status.SNAKE, 0.01
4885, 16, 106, Status.SNAKE, 0.01
4886, 5, 31, Status.SNAKE, 0.01
4887, 10, 72, Status.SNAKE, 0.01
4888, 10, 45, Status.SNAKE, 0.01
4889, 3, 10, Status.SNAKE, 0.01
4890, 11, 71, Status.SNAKE, 0.01
4891, 9, 61, Status.SNAKE, 0.01
4892, 2, 15, Status.WALL, 0.01
4893, 2, 14, Status.WALL, 0.01
4894, 2, 20, Status.WALL, 0.01
4895, 1, 9, Status.WALL, 0.01
4896, 5, 32, Status.WALL, 0.01
4897, 4, 25, Status.SNAKE, 0.01
4898, 6, 36, Status.SNAKE, 0.01
4899, 14, 83, Status.SNAKE, 0.01
4900, 4, 32, Status.WALL, 0.01
4901, 11, 90, Status.SNAKE, 0.01
4902, 10, 55, Status.SNAKE, 0.01
4903, 5, 16, Status.SNAKE, 0.01
4904, 13, 107, Status.WALL, 0.01
4905, 11, 69, Status.SNAKE, 0.01
4906, 6, 44, Status.WALL, 0.01
4907, 7, 43, Status.WALL, 0.01
4908, 10, 59, Status.SNAKE, 0.01
4909, 5, 22, Status.SNAKE, 0.01
4910, 4, 28, Status.SNAKE, 0.01
4911, 4, 25, Status.SNAKE, 0.01
4912, 8, 54, Status.SNAKE, 0.01
4913, 11, 71, Status.SNAKE, 0.01
4914, 7, 43, Status.SNAKE, 0.01
4915, 8, 73, Status.SNAKE, 0.01
4916, 17, 123, Status.WALL, 0.01
4917, 14, 104, Status.SNAKE, 0.01
4918, 10, 66, Status.SNAKE, 0.01
4919, 3, 14, Status.SNAKE, 0.01
4920, 3, 31, Status.SNAKE, 0.01
4921, 11, 79, Status.SNAKE, 0.01
4922, 9, 52, Status.SNAKE, 0.01
4923, 7, 55, Status.SNAKE, 0.01
4924, 4, 28, Status.SNAKE, 0.01
4925, 19, 121, Status.SNAKE, 0.01
4926, 8, 56, Status.SNAKE, 0.01
4927, 7, 60, Status.SNAKE, 0.01
4928, 9, 60, Status.SNAKE, 0.01
4929, 12, 75, Status.SNAKE, 0.01
4930, 3, 24, Status.WALL, 0.01
4931, 6, 32, Status.WALL, 0.01
4932, 7, 41, Status.SNAKE, 0.01
4933, 13, 88, Status.SNAKE, 0.01
4934, 16, 100, Status.SNAKE, 0.01
4935, 11, 76, Status.SNAKE, 0.01
4936, 1, 5, Status.SNAKE, 0.01
4937, 11, 90, Status.SNAKE, 0.01
4938, 8, 58, Status.SNAKE, 0.01
4939, 10, 75, Status.SNAKE, 0.01
4940, 8, 67, Status.WALL, 0.01
4941, 12, 72, Status.SNAKE, 0.01
4942, 15, 77, Status.SNAKE, 0.01
4943, 5, 30, Status.SNAKE, 0.01
4944, 11, 78, Status.SNAKE, 0.01
4945, 12, 73, Status.SNAKE, 0.01
4946, 11, 64, Status.SNAKE, 0.01
4947, 3, 21, Status.SNAKE, 0.01
4948, 3, 22, Status.WALL, 0.01
4949, 5, 47, Status.WALL, 0.01
4950, 8, 59, Status.SNAKE, 0.01
4951, 9, 54, Status.SNAKE, 0.01
4952, 8, 34, Status.WALL, 0.01
4953, 15, 112, Status.SNAKE, 0.01
4954, 10, 59, Status.SNAKE, 0.01
4955, 3, 19, Status.SNAKE, 0.01
4956, 12, 86, Status.SNAKE, 0.01
4957, 7, 27, Status.SNAKE, 0.01
4958, 2, 10, Status.WALL, 0.01
4959, 13, 125, Status.SNAKE, 0.01
4960, 5, 50, Status.SNAKE, 0.01
4961, 12, 74, Status.WALL, 0.01
4962, 10, 83, Status.SNAKE, 0.01
4963, 1, 16, Status.WALL, 0.01
4964, 7, 50, Status.SNAKE, 0.01
4965, 9, 65, Status.SNAKE, 0.01
4966, 8, 41, Status.SNAKE, 0.01
4967, 10, 59, Status.SNAKE, 0.01
4968, 16, 126, Status.SNAKE, 0.01
4969, 13, 92, Status.SNAKE, 0.01
4970, 6, 22, Status.SNAKE, 0.01
4971, 8, 49, Status.SNAKE, 0.01
4972, 18, 129, Status.SNAKE, 0.01
4973, 10, 63, Status.SNAKE, 0.01
4974, 7, 36, Status.WALL, 0.01
4975, 6, 37, Status.SNAKE, 0.01
4976, 11, 72, Status.SNAKE, 0.01
4977, 8, 44, Status.WALL, 0.01
4978, 5, 31, Status.SNAKE, 0.01
4979, 12, 88, Status.SNAKE, 0.01
4980, 8, 47, Status.SNAKE, 0.01
4981, 9, 53, Status.SNAKE, 0.01
4982, 12, 86, Status.SNAKE, 0.01
4983, 5, 41, Status.WALL, 0.01
4984, 6, 39, Status.SNAKE, 0.01
4985, 2, 17, Status.SNAKE, 0.01
4986, 5, 27, Status.WALL, 0.01
4987, 7, 41, Status.SNAKE, 0.01
4988, 7, 47, Status.SNAKE, 0.01
4989, 5, 26, Status.SNAKE, 0.01
4990, 2, 5, Status.SNAKE, 0.01
4991, 8, 65, Status.WALL, 0.01
4992, 16, 117, Status.SNAKE, 0.01
4993, 11, 63, Status.SNAKE, 0.01
4994, 4, 24, Status.SNAKE, 0.01
4995, 6, 48, Status.SNAKE, 0.01
4996, 10, 59, Status.SNAKE, 0.01
4997, 10, 90, Status.SNAKE, 0.01
4998, 10, 58, Status.WALL, 0.01
4999, 14, 94, Status.SNAKE, 0.01
5000, 8, 57, Status.SNAKE, 0.01
5001, 12, 75, Status.SNAKE, 0.01
5002, 12, 99, Status.WALL, 0.01
5003, 2, 24, Status.WALL, 0.01
5004, 7, 62, Status.SNAKE, 0.01
5005, 3, 15, Status.SNAKE, 0.01
5006, 9, 63, Status.WALL, 0.01
5007, 10, 78, Status.SNAKE, 0.01
5008, 14, 82, Status.SNAKE, 0.01
5009, 12, 71, Status.SNAKE, 0.01
5010, 16, 93, Status.SNAKE, 0.01
5011, 18, 112, Status.WALL, 0.01
5012, 4, 21, Status.WALL, 0.01
5013, 5, 43, Status.SNAKE, 0.01
5014, 7, 50, Status.WALL, 0.01
5015, 11, 54, Status.SNAKE, 0.01
5016, 14, 93, Status.SNAKE, 0.01
5017, 14, 76, Status.SNAKE, 0.01
5018, 5, 30, Status.SNAKE, 0.01
5019, 17, 79, Status.SNAKE, 0.01
5020, 13, 57, Status.SNAKE, 0.01
5021, 9, 71, Status.SNAKE, 0.01
5022, 8, 63, Status.SNAKE, 0.01
5023, 9, 51, Status.SNAKE, 0.01
5024, 5, 45, Status.SNAKE, 0.01
5025, 7, 50, Status.SNAKE, 0.01
5026, 6, 36, Status.SNAKE, 0.01
5027, 9, 63, Status.SNAKE, 0.01
5028, 10, 90, Status.WALL, 0.01
5029, 5, 46, Status.SNAKE, 0.01
5030, 8, 65, Status.SNAKE, 0.01
5031, 10, 77, Status.WALL, 0.01
5032, 13, 121, Status.WALL, 0.01
5033, 12, 72, Status.SNAKE, 0.01
5034, 12, 77, Status.SNAKE, 0.01
5035, 3, 25, Status.SNAKE, 0.01
5036, 7, 56, Status.SNAKE, 0.01
5037, 14, 87, Status.SNAKE, 0.01
5038, 4, 31, Status.SNAKE, 0.01
5039, 10, 61, Status.SNAKE, 0.01
5040, 12, 76, Status.WALL, 0.01
5041, 8, 57, Status.SNAKE, 0.01
5042, 10, 64, Status.WALL, 0.01
5043, 21, 123, Status.SNAKE, 0.01
5044, 1, 5, Status.SNAKE, 0.01
5045, 8, 45, Status.WALL, 0.01
5046, 13, 79, Status.SNAKE, 0.01
5047, 13, 83, Status.SNAKE, 0.01
5048, 5, 39, Status.SNAKE, 0.01
5049, 15, 110, Status.SNAKE, 0.01
5050, 9, 61, Status.SNAKE, 0.01
5051, 6, 45, Status.SNAKE, 0.01
5052, 2, 13, Status.SNAKE, 0.01
5053, 3, 21, Status.SNAKE, 0.01
5054, 13, 88, Status.WALL, 0.01
5055, 3, 18, Status.SNAKE, 0.01
5056, 16, 101, Status.SNAKE, 0.01
5057, 11, 65, Status.SNAKE, 0.01
5058, 12, 90, Status.SNAKE, 0.01
5059, 10, 70, Status.SNAKE, 0.01
5060, 15, 100, Status.WALL, 0.01
5061, 6, 36, Status.WALL, 0.01
5062, 8, 45, Status.SNAKE, 0.01
5063, 3, 24, Status.WALL, 0.01
5064, 12, 71, Status.WALL, 0.01
5065, 20, 111, Status.SNAKE, 0.01
5066, 12, 64, Status.SNAKE, 0.01
5067, 8, 56, Status.SNAKE, 0.01
5068, 3, 18, Status.SNAKE, 0.01
5069, 1, 8, Status.WALL, 0.01
5070, 5, 28, Status.SNAKE, 0.01
5071, 10, 92, Status.SNAKE, 0.01
5072, 7, 43, Status.SNAKE, 0.01
5073, 12, 89, Status.SNAKE, 0.01
5074, 12, 99, Status.SNAKE, 0.01
5075, 6, 46, Status.SNAKE, 0.01
5076, 7, 30, Status.SNAKE, 0.01
5077, 7, 53, Status.SNAKE, 0.01
5078, 18, 128, Status.SNAKE, 0.01
5079, 2, 12, Status.WALL, 0.01
5080, 11, 64, Status.SNAKE, 0.01
5081, 8, 55, Status.SNAKE, 0.01
5082, 2, 8, Status.SNAKE, 0.01
5083, 13, 89, Status.SNAKE, 0.01
5084, 15, 108, Status.SNAKE, 0.01
5085, 0, 6, Status.WALL, 0.01
5086, 1, 5, Status.SNAKE, 0.01
5087, 2, 18, Status.SNAKE, 0.01
5088, 4, 25, Status.SNAKE, 0.01
5089, 22, 168, Status.SNAKE, 0.01
5090, 7, 37, Status.SNAKE, 0.01
5091, 5, 27, Status.SNAKE, 0.01
5092, 14, 94, Status.SNAKE, 0.01
5093, 5, 37, Status.SNAKE, 0.01
5094, 9, 59, Status.SNAKE, 0.01
5095, 7, 34, Status.SNAKE, 0.01
5096, 6, 39, Status.SNAKE, 0.01
5097, 19, 119, Status.WALL, 0.01
5098, 4, 19, Status.SNAKE, 0.01
5099, 4, 21, Status.SNAKE, 0.01
5100, 14, 85, Status.SNAKE, 0.01
5101, 16, 129, Status.SNAKE, 0.01
5102, 6, 39, Status.SNAKE, 0.01
5103, 3, 9, Status.SNAKE, 0.01
5104, 8, 79, Status.SNAKE, 0.01
5105, 6, 48, Status.SNAKE, 0.01
5106, 6, 31, Status.SNAKE, 0.01
5107, 3, 27, Status.WALL, 0.01
5108, 2, 13, Status.SNAKE, 0.01
5109, 4, 34, Status.WALL, 0.01
5110, 13, 77, Status.SNAKE, 0.01
5111, 9, 40, Status.WALL, 0.01
5112, 11, 80, Status.SNAKE, 0.01
5113, 7, 45, Status.SNAKE, 0.01
5114, 13, 92, Status.SNAKE, 0.01
5115, 8, 55, Status.SNAKE, 0.01
5116, 17, 121, Status.SNAKE, 0.01
5117, 2, 18, Status.WALL, 0.01
5118, 2, 15, Status.SNAKE, 0.01
5119, 4, 14, Status.WALL, 0.01
5120, 7, 38, Status.SNAKE, 0.01
5121, 12, 69, Status.SNAKE, 0.01
5122, 16, 128, Status.SNAKE, 0.01
5123, 2, 14, Status.WALL, 0.01
5124, 4, 36, Status.SNAKE, 0.01
5125, 17, 116, Status.SNAKE, 0.01
5126, 9, 47, Status.SNAKE, 0.01
5127, 5, 44, Status.SNAKE, 0.01
5128, 6, 47, Status.SNAKE, 0.01
5129, 11, 89, Status.SNAKE, 0.01
5130, 9, 82, Status.SNAKE, 0.01
5131, 2, 8, Status.WALL, 0.01
5132, 8, 58, Status.SNAKE, 0.01
5133, 4, 13, Status.SNAKE, 0.01
5134, 8, 61, Status.SNAKE, 0.01
5135, 13, 83, Status.SNAKE, 0.01
5136, 8, 52, Status.SNAKE, 0.01
5137, 22, 159, Status.SNAKE, 0.01
5138, 3, 19, Status.SNAKE, 0.01
5139, 1, 3, Status.SNAKE, 0.01
5140, 5, 38, Status.SNAKE, 0.01
5141, 9, 48, Status.SNAKE, 0.01
5142, 18, 109, Status.SNAKE, 0.01
5143, 8, 61, Status.SNAKE, 0.01
5144, 9, 65, Status.SNAKE, 0.01
5145, 15, 86, Status.SNAKE, 0.01
5146, 6, 40, Status.SNAKE, 0.01
5147, 8, 60, Status.SNAKE, 0.01
5148, 7, 66, Status.WALL, 0.01
5149, 14, 87, Status.SNAKE, 0.01
5150, 7, 67, Status.SNAKE, 0.01
5151, 17, 123, Status.SNAKE, 0.01
5152, 20, 125, Status.SNAKE, 0.01
5153, 7, 68, Status.SNAKE, 0.01
5154, 7, 39, Status.WALL, 0.01
5155, 13, 80, Status.SNAKE, 0.01
5156, 14, 116, Status.WALL, 0.01
5157, 6, 25, Status.SNAKE, 0.01
5158, 10, 89, Status.SNAKE, 0.01
5159, 17, 108, Status.SNAKE, 0.01
5160, 1, 8, Status.SNAKE, 0.01
5161, 3, 29, Status.WALL, 0.01
5162, 6, 40, Status.SNAKE, 0.01
5163, 5, 35, Status.SNAKE, 0.01
5164, 4, 15, Status.SNAKE, 0.01
5165, 10, 69, Status.SNAKE, 0.01
5166, 5, 37, Status.SNAKE, 0.01
5167, 11, 78, Status.SNAKE, 0.01
5168, 15, 95, Status.WALL, 0.01
5169, 5, 28, Status.WALL, 0.01
5170, 13, 75, Status.SNAKE, 0.01
5171, 10, 65, Status.SNAKE, 0.01
5172, 18, 133, Status.SNAKE, 0.01
5173, 1, 5, Status.SNAKE, 0.01
5174, 6, 47, Status.SNAKE, 0.01
5175, 6, 66, Status.WALL, 0.01
5176, 4, 16, Status.WALL, 0.01
5177, 10, 75, Status.WALL, 0.01
5178, 13, 93, Status.SNAKE, 0.01
5179, 15, 93, Status.SNAKE, 0.01
5180, 11, 77, Status.SNAKE, 0.01
5181, 8, 67, Status.SNAKE, 0.01
5182, 13, 103, Status.SNAKE, 0.01
5183, 1, 5, Status.SNAKE, 0.01
5184, 4, 23, Status.SNAKE, 0.01
5185, 11, 74, Status.SNAKE, 0.01
5186, 7, 37, Status.SNAKE, 0.01
5187, 9, 61, Status.SNAKE, 0.01
5188, 8, 63, Status.SNAKE, 0.01
5189, 2, 21, Status.SNAKE, 0.01
5190, 11, 65, Status.SNAKE, 0.01
5191, 13, 88, Status.WALL, 0.01
5192, 10, 55, Status.SNAKE, 0.01
5193, 14, 119, Status.SNAKE, 0.01
5194, 7, 41, Status.WALL, 0.01
5195, 4, 18, Status.SNAKE, 0.01
5196, 7, 41, Status.SNAKE, 0.01
5197, 6, 28, Status.SNAKE, 0.01
5198, 15, 106, Status.WALL, 0.01
5199, 17, 117, Status.SNAKE, 0.01
5200, 3, 16, Status.WALL, 0.01
5201, 10, 68, Status.SNAKE, 0.01
5202, 13, 91, Status.SNAKE, 0.01
5203, 4, 31, Status.SNAKE, 0.01
5204, 7, 68, Status.SNAKE, 0.01
5205, 4, 26, Status.SNAKE, 0.01
5206, 12, 94, Status.SNAKE, 0.01
5207, 17, 109, Status.SNAKE, 0.01
5208, 8, 68, Status.SNAKE, 0.01
5209, 9, 66, Status.WALL, 0.01
5210, 14, 93, Status.SNAKE, 0.01
5211, 14, 103, Status.SNAKE, 0.01
5212, 21, 139, Status.WALL, 0.01
5213, 16, 98, Status.SNAKE, 0.01
5214, 5, 30, Status.SNAKE, 0.01
5215, 10, 62, Status.SNAKE, 0.01
5216, 6, 33, Status.SNAKE, 0.01
5217, 4, 38, Status.SNAKE, 0.01
5218, 5, 38, Status.SNAKE, 0.01
5219, 21, 157, Status.SNAKE, 0.01
5220, 4, 8, Status.SNAKE, 0.01
5221, 12, 83, Status.SNAKE, 0.01
5222, 6, 42, Status.SNAKE, 0.01
5223, 15, 90, Status.SNAKE, 0.01
5224, 7, 55, Status.SNAKE, 0.01
5225, 4, 19, Status.SNAKE, 0.01
5226, 14, 104, Status.SNAKE, 0.01
5227, 18, 125, Status.WALL, 0.01
5228, 6, 36, Status.SNAKE, 0.01
5229, 4, 19, Status.SNAKE, 0.01
5230, 16, 111, Status.SNAKE, 0.01
5231, 6, 33, Status.WALL, 0.01
5232, 5, 26, Status.SNAKE, 0.01
5233, 6, 42, Status.SNAKE, 0.01
5234, 17, 131, Status.SNAKE, 0.01
5235, 3, 17, Status.SNAKE, 0.01
5236, 13, 75, Status.SNAKE, 0.01
5237, 5, 25, Status.SNAKE, 0.01
5238, 7, 64, Status.SNAKE, 0.01
5239, 18, 160, Status.SNAKE, 0.01
5240, 7, 43, Status.SNAKE, 0.01
5241, 12, 70, Status.SNAKE, 0.01
5242, 20, 150, Status.SNAKE, 0.01
5243, 12, 83, Status.WALL, 0.01
5244, 3, 19, Status.SNAKE, 0.01
5245, 5, 39, Status.WALL, 0.01
5246, 9, 60, Status.SNAKE, 0.01
5247, 2, 7, Status.WALL, 0.01
5248, 7, 32, Status.SNAKE, 0.01
5249, 6, 36, Status.SNAKE, 0.01
5250, 9, 71, Status.SNAKE, 0.01
5251, 14, 125, Status.SNAKE, 0.01
5252, 8, 40, Status.SNAKE, 0.01
5253, 6, 24, Status.SNAKE, 0.01
5254, 4, 34, Status.SNAKE, 0.01
5255, 4, 21, Status.SNAKE, 0.01
5256, 6, 25, Status.SNAKE, 0.01
5257, 5, 43, Status.SNAKE, 0.01
5258, 6, 43, Status.SNAKE, 0.01
5259, 1, 8, Status.WALL, 0.01
5260, 10, 48, Status.SNAKE, 0.01
5261, 5, 43, Status.SNAKE, 0.01
5262, 11, 67, Status.SNAKE, 0.01
5263, 4, 31, Status.SNAKE, 0.01
5264, 10, 71, Status.SNAKE, 0.01
5265, 5, 22, Status.SNAKE, 0.01
5266, 9, 92, Status.SNAKE, 0.01
5267, 9, 55, Status.SNAKE, 0.01
5268, 7, 49, Status.SNAKE, 0.01
5269, 5, 40, Status.WALL, 0.01
5270, 8, 53, Status.SNAKE, 0.01
5271, 8, 42, Status.SNAKE, 0.01
5272, 15, 107, Status.SNAKE, 0.01
5273, 6, 52, Status.SNAKE, 0.01
5274, 7, 57, Status.WALL, 0.01
5275, 1, 10, Status.SNAKE, 0.01
5276, 13, 103, Status.SNAKE, 0.01
5277, 4, 24, Status.WALL, 0.01
5278, 12, 97, Status.SNAKE, 0.01
5279, 10, 81, Status.SNAKE, 0.01
5280, 6, 31, Status.SNAKE, 0.01
5281, 16, 99, Status.WALL, 0.01
5282, 5, 35, Status.SNAKE, 0.01
5283, 14, 110, Status.WALL, 0.01
5284, 12, 71, Status.SNAKE, 0.01
5285, 12, 74, Status.SNAKE, 0.01
5286, 9, 66, Status.SNAKE, 0.01
5287, 8, 52, Status.WALL, 0.01
5288, 1, 5, Status.SNAKE, 0.01
5289, 18, 120, Status.SNAKE, 0.01
5290, 10, 82, Status.SNAKE, 0.01
5291, 5, 39, Status.SNAKE, 0.01
5292, 6, 54, Status.SNAKE, 0.01
5293, 12, 100, Status.WALL, 0.01
5294, 16, 83, Status.SNAKE, 0.01
5295, 14, 107, Status.SNAKE, 0.01
5296, 1, 5, Status.SNAKE, 0.01
5297, 8, 63, Status.SNAKE, 0.01
5298, 8, 62, Status.SNAKE, 0.01
5299, 4, 36, Status.SNAKE, 0.01
5300, 13, 72, Status.WALL, 0.01
5301, 10, 82, Status.WALL, 0.01
5302, 18, 122, Status.SNAKE, 0.01
5303, 7, 47, Status.SNAKE, 0.01
5304, 12, 97, Status.SNAKE, 0.01
5305, 8, 52, Status.SNAKE, 0.01
5306, 10, 80, Status.SNAKE, 0.01
5307, 8, 44, Status.SNAKE, 0.01
5308, 11, 79, Status.SNAKE, 0.01
5309, 7, 58, Status.SNAKE, 0.01
5310, 9, 53, Status.SNAKE, 0.01
5311, 8, 35, Status.SNAKE, 0.01
5312, 6, 32, Status.SNAKE, 0.01
5313, 8, 72, Status.SNAKE, 0.01
5314, 13, 103, Status.SNAKE, 0.01
5315, 10, 85, Status.WALL, 0.01
5316, 3, 27, Status.WALL, 0.01
5317, 9, 43, Status.SNAKE, 0.01
5318, 12, 88, Status.SNAKE, 0.01
5319, 11, 76, Status.SNAKE, 0.01
5320, 13, 79, Status.WALL, 0.01
5321, 8, 52, Status.SNAKE, 0.01
5322, 6, 36, Status.WALL, 0.01
5323, 3, 22, Status.WALL, 0.01
5324, 6, 38, Status.SNAKE, 0.01
5325, 7, 63, Status.SNAKE, 0.01
5326, 2, 24, Status.SNAKE, 0.01
5327, 6, 24, Status.SNAKE, 0.01
5328, 7, 52, Status.SNAKE, 0.01
5329, 9, 71, Status.SNAKE, 0.01
5330, 2, 17, Status.WALL, 0.01
5331, 10, 83, Status.SNAKE, 0.01
5332, 12, 78, Status.SNAKE, 0.01
5333, 14, 91, Status.SNAKE, 0.01
5334, 8, 58, Status.SNAKE, 0.01
5335, 6, 33, Status.SNAKE, 0.01
5336, 13, 91, Status.SNAKE, 0.01
5337, 6, 36, Status.SNAKE, 0.01
5338, 10, 61, Status.SNAKE, 0.01
5339, 13, 109, Status.SNAKE, 0.01
5340, 4, 20, Status.SNAKE, 0.01
5341, 16, 102, Status.SNAKE, 0.01
5342, 13, 92, Status.SNAKE, 0.01
5343, 10, 86, Status.SNAKE, 0.01
5344, 6, 62, Status.SNAKE, 0.01
5345, 8, 48, Status.SNAKE, 0.01
5346, 8, 71, Status.SNAKE, 0.01
5347, 5, 32, Status.SNAKE, 0.01
5348, 8, 51, Status.SNAKE, 0.01
5349, 13, 96, Status.SNAKE, 0.01
5350, 15, 105, Status.SNAKE, 0.01
5351, 11, 69, Status.SNAKE, 0.01
5352, 1, 8, Status.WALL, 0.01
5353, 7, 28, Status.SNAKE, 0.01
5354, 9, 60, Status.WALL, 0.01
5355, 14, 103, Status.WALL, 0.01
5356, 10, 63, Status.SNAKE, 0.01
5357, 3, 16, Status.SNAKE, 0.01
5358, 14, 104, Status.SNAKE, 0.01
5359, 16, 120, Status.WALL, 0.01
5360, 9, 52, Status.SNAKE, 0.01
5361, 12, 79, Status.SNAKE, 0.01
5362, 10, 54, Status.SNAKE, 0.01
5363, 14, 98, Status.SNAKE, 0.01
5364, 8, 48, Status.SNAKE, 0.01
5365, 16, 108, Status.SNAKE, 0.01
5366, 14, 103, Status.WALL, 0.01
5367, 15, 107, Status.SNAKE, 0.01
5368, 10, 63, Status.SNAKE, 0.01
5369, 6, 44, Status.SNAKE, 0.01
5370, 5, 33, Status.SNAKE, 0.01
5371, 9, 56, Status.WALL, 0.01
5372, 4, 22, Status.SNAKE, 0.01
5373, 1, 5, Status.SNAKE, 0.01
5374, 13, 95, Status.WALL, 0.01
5375, 10, 79, Status.SNAKE, 0.01
5376, 16, 106, Status.SNAKE, 0.01
5377, 2, 17, Status.SNAKE, 0.01
5378, 11, 73, Status.SNAKE, 0.01
5379, 5, 51, Status.SNAKE, 0.01
5380, 1, 3, Status.SNAKE, 0.01
5381, 5, 32, Status.WALL, 0.01
5382, 7, 51, Status.WALL, 0.01
5383, 13, 126, Status.SNAKE, 0.01
5384, 2, 16, Status.SNAKE, 0.01
5385, 3, 17, Status.SNAKE, 0.01
5386, 11, 85, Status.SNAKE, 0.01
5387, 5, 28, Status.SNAKE, 0.01
5388, 9, 77, Status.SNAKE, 0.01
5389, 12, 90, Status.SNAKE, 0.01
5390, 4, 21, Status.SNAKE, 0.01
5391, 13, 104, Status.SNAKE, 0.01
5392, 10, 53, Status.SNAKE, 0.01
5393, 13, 84, Status.WALL, 0.01
5394, 11, 72, Status.SNAKE, 0.01
5395, 9, 65, Status.SNAKE, 0.01
5396, 6, 44, Status.SNAKE, 0.01
5397, 13, 96, Status.SNAKE, 0.01
5398, 7, 50, Status.SNAKE, 0.01
5399, 6, 35, Status.WALL, 0.01
5400, 9, 57, Status.SNAKE, 0.01
5401, 11, 72, Status.SNAKE, 0.01
5402, 9, 61, Status.SNAKE, 0.01
5403, 9, 72, Status.SNAKE, 0.01
5404, 11, 80, Status.SNAKE, 0.01
5405, 3, 18, Status.SNAKE, 0.01
5406, 10, 70, Status.SNAKE, 0.01
5407, 7, 40, Status.SNAKE, 0.01
5408, 15, 117, Status.SNAKE, 0.01
5409, 12, 88, Status.SNAKE, 0.01
5410, 12, 81, Status.SNAKE, 0.01
5411, 13, 102, Status.WALL, 0.01
5412, 4, 21, Status.SNAKE, 0.01
5413, 8, 46, Status.SNAKE, 0.01
5414, 16, 119, Status.WALL, 0.01
5415, 14, 74, Status.WALL, 0.01
5416, 7, 49, Status.SNAKE, 0.01
5417, 6, 33, Status.SNAKE, 0.01
5418, 8, 61, Status.SNAKE, 0.01
5419, 24, 167, Status.SNAKE, 0.01
5420, 10, 71, Status.SNAKE, 0.01
5421, 8, 54, Status.SNAKE, 0.01
5422, 5, 37, Status.SNAKE, 0.01
5423, 7, 53, Status.SNAKE, 0.01
5424, 14, 93, Status.WALL, 0.01
5425, 1, 5, Status.SNAKE, 0.01
5426, 10, 71, Status.WALL, 0.01
5427, 1, 7, Status.WALL, 0.01
5428, 11, 60, Status.SNAKE, 0.01
5429, 3, 11, Status.SNAKE, 0.01
5430, 7, 56, Status.SNAKE, 0.01
5431, 15, 109, Status.SNAKE, 0.01
5432, 17, 139, Status.SNAKE, 0.01
5433, 21, 159, Status.SNAKE, 0.01
5434, 12, 69, Status.SNAKE, 0.01
5435, 9, 52, Status.SNAKE, 0.01
5436, 16, 86, Status.SNAKE, 0.01
5437, 6, 58, Status.SNAKE, 0.01
5438, 9, 52, Status.SNAKE, 0.01
5439, 7, 66, Status.WALL, 0.01
5440, 8, 63, Status.SNAKE, 0.01
5441, 12, 109, Status.SNAKE, 0.01
5442, 5, 40, Status.SNAKE, 0.01
5443, 14, 81, Status.SNAKE, 0.01
5444, 13, 88, Status.WALL, 0.01
5445, 1, 3, Status.SNAKE, 0.01
5446, 6, 45, Status.SNAKE, 0.01
5447, 2, 15, Status.SNAKE, 0.01
5448, 8, 47, Status.SNAKE, 0.01
5449, 15, 101, Status.SNAKE, 0.01
5450, 10, 62, Status.SNAKE, 0.01
5451, 2, 22, Status.WALL, 0.01
5452, 2, 11, Status.SNAKE, 0.01
5453, 3, 26, Status.WALL, 0.01
5454, 8, 62, Status.SNAKE, 0.01
5455, 3, 14, Status.SNAKE, 0.01
5456, 15, 103, Status.SNAKE, 0.01
5457, 18, 117, Status.SNAKE, 0.01
5458, 9, 72, Status.SNAKE, 0.01
5459, 7, 41, Status.SNAKE, 0.01
5460, 2, 16, Status.WALL, 0.01
5461, 4, 19, Status.WALL, 0.01
5462, 8, 49, Status.SNAKE, 0.01
5463, 7, 49, Status.SNAKE, 0.01
5464, 8, 60, Status.SNAKE, 0.01
5465, 8, 46, Status.SNAKE, 0.01
5466, 11, 70, Status.WALL, 0.01
5467, 8, 53, Status.SNAKE, 0.01
5468, 1, 22, Status.WALL, 0.01
5469, 3, 21, Status.SNAKE, 0.01
5470, 10, 77, Status.SNAKE, 0.01
5471, 4, 28, Status.WALL, 0.01
5472, 9, 50, Status.SNAKE, 0.01
5473, 5, 43, Status.SNAKE, 0.01
5474, 11, 97, Status.WALL, 0.01
5475, 11, 90, Status.SNAKE, 0.01
5476, 12, 94, Status.WALL, 0.01
5477, 6, 57, Status.SNAKE, 0.01
5478, 12, 71, Status.SNAKE, 0.01
5479, 12, 86, Status.SNAKE, 0.01
5480, 4, 19, Status.SNAKE, 0.01
5481, 3, 8, Status.SNAKE, 0.01
5482, 13, 88, Status.SNAKE, 0.01
5483, 15, 139, Status.WALL, 0.01
5484, 14, 107, Status.SNAKE, 0.01
5485, 8, 51, Status.SNAKE, 0.01
5486, 9, 60, Status.SNAKE, 0.01
5487, 8, 74, Status.SNAKE, 0.01
5488, 5, 43, Status.SNAKE, 0.01
5489, 9, 56, Status.SNAKE, 0.01
5490, 12, 93, Status.WALL, 0.01
5491, 7, 55, Status.SNAKE, 0.01
5492, 3, 22, Status.SNAKE, 0.01
5493, 8, 60, Status.SNAKE, 0.01
5494, 1, 10, Status.SNAKE, 0.01
5495, 6, 53, Status.WALL, 0.01
5496, 12, 114, Status.SNAKE, 0.01
5497, 10, 84, Status.SNAKE, 0.01
5498, 2, 7, Status.SNAKE, 0.01
5499, 5, 34, Status.SNAKE, 0.01
5500, 1, 6, Status.SNAKE, 0.01
5501, 2, 6, Status.SNAKE, 0.01
5502, 11, 77, Status.SNAKE, 0.01
5503, 8, 47, Status.SNAKE, 0.01
5504, 11, 57, Status.SNAKE, 0.01
5505, 14, 97, Status.SNAKE, 0.01
5506, 11, 74, Status.SNAKE, 0.01
5507, 5, 36, Status.SNAKE, 0.01
5508, 6, 52, Status.SNAKE, 0.01
5509, 12, 96, Status.WALL, 0.01
5510, 7, 75, Status.SNAKE, 0.01
5511, 6, 36, Status.WALL, 0.01
5512, 12, 94, Status.SNAKE, 0.01
5513, 8, 55, Status.SNAKE, 0.01
5514, 11, 69, Status.SNAKE, 0.01
5515, 7, 39, Status.WALL, 0.01
5516, 9, 65, Status.SNAKE, 0.01
5517, 9, 70, Status.SNAKE, 0.01
5518, 7, 51, Status.SNAKE, 0.01
5519, 8, 58, Status.SNAKE, 0.01
5520, 2, 12, Status.SNAKE, 0.01
5521, 9, 56, Status.SNAKE, 0.01
5522, 5, 46, Status.SNAKE, 0.01
5523, 1, 3, Status.SNAKE, 0.01
5524, 10, 74, Status.SNAKE, 0.01
5525, 9, 34, Status.SNAKE, 0.01
5526, 9, 65, Status.WALL, 0.01
5527, 5, 33, Status.WALL, 0.01
5528, 16, 124, Status.SNAKE, 0.01
5529, 2, 24, Status.WALL, 0.01
5530, 13, 70, Status.SNAKE, 0.01
5531, 9, 68, Status.SNAKE, 0.01
5532, 4, 28, Status.SNAKE, 0.01
5533, 6, 35, Status.SNAKE, 0.01
5534, 15, 97, Status.SNAKE, 0.01
5535, 7, 58, Status.WALL, 0.01
5536, 9, 53, Status.SNAKE, 0.01
5537, 11, 82, Status.SNAKE, 0.01
5538, 6, 44, Status.SNAKE, 0.01
5539, 12, 84, Status.SNAKE, 0.01
5540, 8, 47, Status.WALL, 0.01
5541, 2, 8, Status.SNAKE, 0.01
5542, 12, 89, Status.SNAKE, 0.01
5543, 10, 54, Status.SNAKE, 0.01
5544, 7, 58, Status.SNAKE, 0.01
5545, 13, 93, Status.SNAKE, 0.01
5546, 1, 12, Status.WALL, 0.01
5547, 10, 58, Status.SNAKE, 0.01
5548, 11, 74, Status.SNAKE, 0.01
5549, 5, 35, Status.SNAKE, 0.01
5550, 8, 58, Status.SNAKE, 0.01
5551, 6, 44, Status.SNAKE, 0.01
5552, 12, 72, Status.WALL, 0.01
5553, 3, 31, Status.WALL, 0.01
5554, 16, 98, Status.SNAKE, 0.01
5555, 15, 101, Status.SNAKE, 0.01
5556, 4, 20, Status.SNAKE, 0.01
5557, 8, 53, Status.SNAKE, 0.01
5558, 7, 51, Status.SNAKE, 0.01
5559, 5, 28, Status.SNAKE, 0.01
5560, 9, 59, Status.SNAKE, 0.01
5561, 6, 51, Status.SNAKE, 0.01
5562, 10, 47, Status.SNAKE, 0.01
5563, 7, 72, Status.WALL, 0.01
5564, 4, 33, Status.SNAKE, 0.01
5565, 5, 51, Status.SNAKE, 0.01
5566, 9, 71, Status.SNAKE, 0.01
5567, 17, 136, Status.SNAKE, 0.01
5568, 9, 74, Status.SNAKE, 0.01
5569, 14, 100, Status.SNAKE, 0.01
5570, 6, 48, Status.WALL, 0.01
5571, 14, 108, Status.SNAKE, 0.01
5572, 1, 15, Status.WALL, 0.01
5573, 11, 78, Status.SNAKE, 0.01
5574, 8, 56, Status.SNAKE, 0.01
5575, 12, 71, Status.SNAKE, 0.01
5576, 2, 16, Status.SNAKE, 0.01
5577, 20, 152, Status.SNAKE, 0.01
5578, 8, 52, Status.SNAKE, 0.01
5579, 7, 64, Status.SNAKE, 0.01
5580, 10, 69, Status.SNAKE, 0.01
5581, 5, 50, Status.SNAKE, 0.01
5582, 18, 136, Status.SNAKE, 0.01
5583, 12, 80, Status.SNAKE, 0.01
5584, 9, 67, Status.SNAKE, 0.01
5585, 9, 55, Status.SNAKE, 0.01
5586, 18, 161, Status.WALL, 0.01
5587, 5, 27, Status.SNAKE, 0.01
5588, 12, 97, Status.SNAKE, 0.01
5589, 16, 105, Status.SNAKE, 0.01
5590, 12, 93, Status.SNAKE, 0.01
5591, 11, 66, Status.WALL, 0.01
5592, 8, 54, Status.SNAKE, 0.01
5593, 16, 107, Status.SNAKE, 0.01
5594, 11, 70, Status.WALL, 0.01
5595, 13, 86, Status.SNAKE, 0.01
5596, 12, 83, Status.SNAKE, 0.01
5597, 6, 43, Status.WALL, 0.01
5598, 11, 84, Status.WALL, 0.01
5599, 17, 115, Status.SNAKE, 0.01
5600, 11, 70, Status.SNAKE, 0.01
5601, 6, 40, Status.WALL, 0.01
5602, 5, 34, Status.SNAKE, 0.01
5603, 5, 34, Status.SNAKE, 0.01
5604, 24, 178, Status.SNAKE, 0.01
5605, 13, 100, Status.SNAKE, 0.01
5606, 8, 69, Status.SNAKE, 0.01
5607, 12, 93, Status.SNAKE, 0.01
5608, 21, 135, Status.SNAKE, 0.01
5609, 15, 124, Status.WALL, 0.01
5610, 10, 79, Status.SNAKE, 0.01
5611, 17, 111, Status.WALL, 0.01
5612, 4, 33, Status.SNAKE, 0.01
5613, 10, 72, Status.WALL, 0.01
5614, 8, 56, Status.SNAKE, 0.01
5615, 5, 29, Status.SNAKE, 0.01
5616, 7, 45, Status.SNAKE, 0.01
5617, 7, 39, Status.SNAKE, 0.01
5618, 6, 49, Status.SNAKE, 0.01
5619, 3, 17, Status.SNAKE, 0.01
5620, 9, 47, Status.SNAKE, 0.01
5621, 12, 77, Status.SNAKE, 0.01
5622, 6, 35, Status.SNAKE, 0.01
5623, 7, 50, Status.SNAKE, 0.01
5624, 12, 69, Status.SNAKE, 0.01
5625, 3, 24, Status.SNAKE, 0.01
5626, 8, 41, Status.WALL, 0.01
5627, 19, 121, Status.WALL, 0.01
5628, 1, 10, Status.WALL, 0.01
5629, 16, 103, Status.WALL, 0.01
5630, 7, 63, Status.SNAKE, 0.01
5631, 12, 105, Status.SNAKE, 0.01
5632, 2, 18, Status.WALL, 0.01
5633, 4, 14, Status.SNAKE, 0.01
5634, 3, 20, Status.SNAKE, 0.01
5635, 11, 73, Status.SNAKE, 0.01
5636, 11, 84, Status.SNAKE, 0.01
5637, 14, 99, Status.SNAKE, 0.01
5638, 10, 52, Status.SNAKE, 0.01
5639, 4, 33, Status.WALL, 0.01
5640, 10, 78, Status.WALL, 0.01
5641, 6, 36, Status.SNAKE, 0.01
5642, 8, 52, Status.SNAKE, 0.01
5643, 10, 58, Status.SNAKE, 0.01
5644, 16, 124, Status.SNAKE, 0.01
5645, 13, 87, Status.SNAKE, 0.01
5646, 5, 36, Status.SNAKE, 0.01
5647, 5, 34, Status.SNAKE, 0.01
5648, 9, 51, Status.SNAKE, 0.01
5649, 6, 45, Status.SNAKE, 0.01
5650, 13, 83, Status.SNAKE, 0.01
5651, 7, 48, Status.SNAKE, 0.01
5652, 11, 75, Status.WALL, 0.01
5653, 11, 62, Status.SNAKE, 0.01
5654, 11, 91, Status.SNAKE, 0.01
5655, 16, 95, Status.SNAKE, 0.01
5656, 11, 75, Status.WALL, 0.01
5657, 7, 49, Status.SNAKE, 0.01
5658, 10, 85, Status.WALL, 0.01
5659, 15, 85, Status.SNAKE, 0.01
5660, 4, 35, Status.WALL, 0.01
5661, 13, 67, Status.SNAKE, 0.01
5662, 15, 79, Status.SNAKE, 0.01
5663, 12, 74, Status.WALL, 0.01
5664, 10, 73, Status.SNAKE, 0.01
5665, 6, 41, Status.SNAKE, 0.01
5666, 8, 43, Status.SNAKE, 0.01
5667, 4, 26, Status.WALL, 0.01
5668, 6, 29, Status.SNAKE, 0.01
5669, 16, 136, Status.SNAKE, 0.01
5670, 6, 29, Status.SNAKE, 0.01
5671, 14, 123, Status.SNAKE, 0.01
5672, 6, 56, Status.SNAKE, 0.01
5673, 12, 94, Status.WALL, 0.01
5674, 6, 40, Status.SNAKE, 0.01
5675, 2, 15, Status.SNAKE, 0.01
5676, 3, 26, Status.WALL, 0.01
5677, 2, 8, Status.SNAKE, 0.01
5678, 8, 55, Status.SNAKE, 0.01
5679, 8, 61, Status.WALL, 0.01
5680, 6, 34, Status.WALL, 0.01
5681, 16, 132, Status.SNAKE, 0.01
5682, 10, 79, Status.SNAKE, 0.01
5683, 5, 26, Status.SNAKE, 0.01
5684, 9, 59, Status.WALL, 0.01
5685, 7, 36, Status.SNAKE, 0.01
5686, 14, 106, Status.SNAKE, 0.01
5687, 9, 60, Status.SNAKE, 0.01
5688, 16, 104, Status.WALL, 0.01
5689, 11, 65, Status.SNAKE, 0.01
5690, 6, 33, Status.SNAKE, 0.01
5691, 5, 29, Status.SNAKE, 0.01
5692, 4, 31, Status.SNAKE, 0.01
5693, 17, 152, Status.SNAKE, 0.01
5694, 12, 93, Status.SNAKE, 0.01
5695, 12, 90, Status.SNAKE, 0.01
5696, 7, 33, Status.SNAKE, 0.01
5697, 10, 66, Status.SNAKE, 0.01
5698, 14, 99, Status.SNAKE, 0.01
5699, 4, 20, Status.SNAKE, 0.01
5700, 7, 62, Status.SNAKE, 0.01
5701, 9, 60, Status.SNAKE, 0.01
5702, 19, 137, Status.SNAKE, 0.01
5703, 7, 58, Status.SNAKE, 0.01
5704, 2, 9, Status.WALL, 0.01
5705, 6, 45, Status.WALL, 0.01
5706, 7, 63, Status.SNAKE, 0.01
5707, 15, 116, Status.SNAKE, 0.01
5708, 6, 46, Status.WALL, 0.01
5709, 11, 88, Status.WALL, 0.01
5710, 6, 46, Status.SNAKE, 0.01
5711, 13, 81, Status.WALL, 0.01
5712, 9, 49, Status.WALL, 0.01
5713, 6, 39, Status.WALL, 0.01
5714, 8, 70, Status.SNAKE, 0.01
5715, 11, 89, Status.SNAKE, 0.01
5716, 11, 74, Status.SNAKE, 0.01
5717, 2, 9, Status.WALL, 0.01
5718, 6, 40, Status.SNAKE, 0.01
5719, 6, 40, Status.WALL, 0.01
5720, 13, 96, Status.SNAKE, 0.01
5721, 17, 123, Status.SNAKE, 0.01
5722, 6, 43, Status.SNAKE, 0.01
5723, 1, 5, Status.SNAKE, 0.01
5724, 8, 45, Status.WALL, 0.01
5725, 11, 71, Status.SNAKE, 0.01
5726, 7, 44, Status.WALL, 0.01
5727, 14, 99, Status.SNAKE, 0.01
5728, 1, 10, Status.SNAKE, 0.01
5729, 5, 36, Status.SNAKE, 0.01
5730, 7, 54, Status.SNAKE, 0.01
5731, 14, 95, Status.SNAKE, 0.01
5732, 15, 92, Status.SNAKE, 0.01
5733, 11, 86, Status.SNAKE, 0.01
5734, 3, 23, Status.SNAKE, 0.01
5735, 14, 119, Status.SNAKE, 0.01
5736, 10, 75, Status.SNAKE, 0.01
5737, 2, 12, Status.WALL, 0.01
5738, 11, 77, Status.SNAKE, 0.01
5739, 14, 102, Status.SNAKE, 0.01
5740, 9, 81, Status.SNAKE, 0.01
5741, 1, 10, Status.WALL, 0.01
5742, 10, 66, Status.SNAKE, 0.01
5743, 11, 47, Status.SNAKE, 0.01
5744, 13, 70, Status.SNAKE, 0.01
5745, 15, 107, Status.SNAKE, 0.01
5746, 12, 71, Status.SNAKE, 0.01
5747, 11, 59, Status.SNAKE, 0.01
5748, 5, 38, Status.WALL, 0.01
5749, 5, 23, Status.SNAKE, 0.01
5750, 8, 56, Status.SNAKE, 0.01
5751, 4, 21, Status.WALL, 0.01
5752, 2, 7, Status.SNAKE, 0.01
5753, 11, 71, Status.SNAKE, 0.01
5754, 10, 65, Status.SNAKE, 0.01
5755, 8, 70, Status.WALL, 0.01
5756, 8, 71, Status.SNAKE, 0.01
5757, 10, 53, Status.SNAKE, 0.01
5758, 1, 3, Status.SNAKE, 0.01
5759, 8, 37, Status.SNAKE, 0.01
5760, 8, 62, Status.WALL, 0.01
5761, 4, 30, Status.SNAKE, 0.01
5762, 6, 31, Status.SNAKE, 0.01
5763, 3, 13, Status.WALL, 0.01
5764, 19, 100, Status.WALL, 0.01
5765, 9, 77, Status.SNAKE, 0.01
5766, 6, 51, Status.SNAKE, 0.01
5767, 11, 81, Status.SNAKE, 0.01
5768, 13, 84, Status.SNAKE, 0.01
5769, 14, 91, Status.SNAKE, 0.01
5770, 8, 55, Status.SNAKE, 0.01
5771, 11, 59, Status.SNAKE, 0.01
5772, 15, 91, Status.SNAKE, 0.01
5773, 15, 124, Status.SNAKE, 0.01
5774, 9, 64, Status.SNAKE, 0.01
5775, 7, 41, Status.SNAKE, 0.01
5776, 6, 53, Status.SNAKE, 0.01
5777, 4, 28, Status.SNAKE, 0.01
5778, 5, 25, Status.WALL, 0.01
5779, 4, 28, Status.SNAKE, 0.01
5780, 7, 44, Status.SNAKE, 0.01
5781, 14, 77, Status.SNAKE, 0.01
5782, 5, 44, Status.SNAKE, 0.01
5783, 11, 51, Status.SNAKE, 0.01
5784, 13, 102, Status.WALL, 0.01
5785, 7, 47, Status.WALL, 0.01
5786, 12, 61, Status.WALL, 0.01
5787, 4, 23, Status.WALL, 0.01
5788, 1, 9, Status.WALL, 0.01
5789, 10, 73, Status.SNAKE, 0.01
5790, 5, 33, Status.SNAKE, 0.01
5791, 13, 86, Status.SNAKE, 0.01
5792, 5, 29, Status.SNAKE, 0.01
5793, 10, 72, Status.WALL, 0.01
5794, 2, 12, Status.SNAKE, 0.01
5795, 2, 9, Status.WALL, 0.01
5796, 12, 88, Status.SNAKE, 0.01
5797, 17, 106, Status.SNAKE, 0.01
5798, 12, 88, Status.SNAKE, 0.01
5799, 11, 73, Status.SNAKE, 0.01
5800, 4, 21, Status.WALL, 0.01
5801, 8, 52, Status.SNAKE, 0.01
5802, 9, 55, Status.SNAKE, 0.01
5803, 9, 72, Status.SNAKE, 0.01
5804, 6, 37, Status.SNAKE, 0.01
5805, 15, 129, Status.SNAKE, 0.01
5806, 5, 31, Status.SNAKE, 0.01
5807, 3, 20, Status.SNAKE, 0.01
5808, 5, 39, Status.SNAKE, 0.01
5809, 9, 96, Status.SNAKE, 0.01
5810, 2, 12, Status.WALL, 0.01
5811, 10, 54, Status.SNAKE, 0.01
5812, 12, 92, Status.SNAKE, 0.01
5813, 5, 37, Status.SNAKE, 0.01
5814, 2, 14, Status.SNAKE, 0.01
5815, 3, 19, Status.SNAKE, 0.01
5816, 1, 7, Status.WALL, 0.01
5817, 8, 48, Status.WALL, 0.01
5818, 9, 84, Status.SNAKE, 0.01
5819, 10, 49, Status.SNAKE, 0.01
5820, 11, 111, Status.WALL, 0.01
5821, 11, 88, Status.SNAKE, 0.01
5822, 13, 110, Status.SNAKE, 0.01
5823, 14, 101, Status.WALL, 0.01
5824, 11, 52, Status.WALL, 0.01
5825, 6, 32, Status.WALL, 0.01
5826, 10, 65, Status.SNAKE, 0.01
5827, 7, 54, Status.SNAKE, 0.01
5828, 8, 86, Status.SNAKE, 0.01
5829, 8, 61, Status.SNAKE, 0.01
5830, 13, 110, Status.SNAKE, 0.01
5831, 18, 134, Status.SNAKE, 0.01
5832, 10, 79, Status.SNAKE, 0.01
5833, 6, 56, Status.SNAKE, 0.01
5834, 10, 75, Status.WALL, 0.01
5835, 2, 19, Status.WALL, 0.01
5836, 13, 83, Status.SNAKE, 0.01
5837, 10, 72, Status.WALL, 0.01
5838, 6, 23, Status.SNAKE, 0.01
5839, 7, 61, Status.WALL, 0.01
5840, 11, 84, Status.SNAKE, 0.01
5841, 12, 85, Status.SNAKE, 0.01
5842, 13, 71, Status.SNAKE, 0.01
5843, 3, 27, Status.SNAKE, 0.01
5844, 8, 70, Status.SNAKE, 0.01
5845, 9, 56, Status.SNAKE, 0.01
5846, 9, 83, Status.SNAKE, 0.01
5847, 16, 107, Status.SNAKE, 0.01
5848, 8, 52, Status.WALL, 0.01
5849, 6, 38, Status.SNAKE, 0.01
5850, 16, 113, Status.SNAKE, 0.01
5851, 9, 71, Status.SNAKE, 0.01
5852, 4, 37, Status.WALL, 0.01
5853, 9, 80, Status.SNAKE, 0.01
5854, 10, 55, Status.SNAKE, 0.01
5855, 9, 55, Status.SNAKE, 0.01
5856, 6, 49, Status.SNAKE, 0.01
5857, 5, 36, Status.SNAKE, 0.01
5858, 6, 42, Status.WALL, 0.01
5859, 3, 18, Status.SNAKE, 0.01
5860, 9, 66, Status.SNAKE, 0.01
5861, 8, 58, Status.WALL, 0.01
5862, 6, 31, Status.SNAKE, 0.01
5863, 12, 89, Status.SNAKE, 0.01
5864, 2, 19, Status.SNAKE, 0.01
5865, 15, 85, Status.SNAKE, 0.01
5866, 2, 14, Status.SNAKE, 0.01
5867, 2, 12, Status.SNAKE, 0.01
5868, 13, 93, Status.SNAKE, 0.01
5869, 15, 106, Status.SNAKE, 0.01
5870, 6, 47, Status.SNAKE, 0.01
5871, 9, 63, Status.SNAKE, 0.01
5872, 11, 72, Status.SNAKE, 0.01
5873, 15, 114, Status.SNAKE, 0.01
5874, 8, 45, Status.SNAKE, 0.01
5875, 5, 29, Status.SNAKE, 0.01
5876, 1, 3, Status.SNAKE, 0.01
5877, 16, 114, Status.SNAKE, 0.01
5878, 1, 9, Status.WALL, 0.01
5879, 8, 40, Status.SNAKE, 0.01
5880, 5, 28, Status.SNAKE, 0.01
5881, 9, 63, Status.SNAKE, 0.01
5882, 1, 9, Status.WALL, 0.01
5883, 6, 30, Status.SNAKE, 0.01
5884, 12, 87, Status.SNAKE, 0.01
5885, 4, 39, Status.SNAKE, 0.01
5886, 8, 46, Status.SNAKE, 0.01
5887, 3, 27, Status.SNAKE, 0.01
5888, 4, 31, Status.WALL, 0.01
5889, 11, 74, Status.SNAKE, 0.01
5890, 8, 39, Status.SNAKE, 0.01
5891, 1, 5, Status.SNAKE, 0.01
5892, 13, 82, Status.SNAKE, 0.01
5893, 11, 45, Status.SNAKE, 0.01
5894, 6, 59, Status.SNAKE, 0.01
5895, 6, 39, Status.WALL, 0.01
5896, 1, 13, Status.WALL, 0.01
5897, 3, 26, Status.WALL, 0.01
5898, 8, 50, Status.SNAKE, 0.01
5899, 4, 21, Status.SNAKE, 0.01
5900, 14, 82, Status.SNAKE, 0.01
5901, 4, 27, Status.WALL, 0.01
5902, 13, 114, Status.WALL, 0.01
5903, 10, 58, Status.SNAKE, 0.01
5904, 6, 42, Status.WALL, 0.01
5905, 13, 67, Status.SNAKE, 0.01
5906, 7, 51, Status.SNAKE, 0.01
5907, 3, 21, Status.SNAKE, 0.01
5908, 3, 8, Status.WALL, 0.01
5909, 13, 106, Status.WALL, 0.01
5910, 16, 139, Status.SNAKE, 0.01
5911, 1, 5, Status.SNAKE, 0.01
5912, 15, 97, Status.SNAKE, 0.01
5913, 15, 116, Status.SNAKE, 0.01
5914, 1, 9, Status.WALL, 0.01
5915, 12, 83, Status.SNAKE, 0.01
5916, 2, 12, Status.SNAKE, 0.01
5917, 15, 110, Status.WALL, 0.01
5918, 3, 22, Status.SNAKE, 0.01
5919, 14, 109, Status.SNAKE, 0.01
5920, 12, 77, Status.SNAKE, 0.01
5921, 10, 64, Status.SNAKE, 0.01
5922, 8, 58, Status.SNAKE, 0.01
5923, 5, 34, Status.SNAKE, 0.01
5924, 8, 53, Status.SNAKE, 0.01
5925, 13, 104, Status.SNAKE, 0.01
5926, 13, 69, Status.WALL, 0.01
5927, 8, 64, Status.SNAKE, 0.01
5928, 11, 86, Status.SNAKE, 0.01
5929, 5, 50, Status.SNAKE, 0.01
5930, 13, 96, Status.SNAKE, 0.01
5931, 5, 41, Status.WALL, 0.01
5932, 8, 57, Status.WALL, 0.01
5933, 11, 73, Status.WALL, 0.01
5934, 5, 42, Status.WALL, 0.01
5935, 4, 33, Status.WALL, 0.01
5936, 6, 41, Status.SNAKE, 0.01
5937, 5, 25, Status.SNAKE, 0.01
5938, 14, 115, Status.SNAKE, 0.01
5939, 3, 17, Status.SNAKE, 0.01
5940, 6, 44, Status.SNAKE, 0.01
5941, 4, 27, Status.WALL, 0.01
5942, 16, 123, Status.WALL, 0.01
5943, 14, 90, Status.SNAKE, 0.01
5944, 13, 102, Status.SNAKE, 0.01
5945, 10, 93, Status.SNAKE, 0.01
5946, 13, 87, Status.SNAKE, 0.01
5947, 19, 126, Status.SNAKE, 0.01
5948, 5, 23, Status.SNAKE, 0.01
5949, 2, 10, Status.WALL, 0.01
5950, 2, 13, Status.SNAKE, 0.01
5951, 7, 79, Status.SNAKE, 0.01
5952, 18, 125, Status.WALL, 0.01
5953, 2, 23, Status.WALL, 0.01
5954, 12, 89, Status.SNAKE, 0.01
5955, 11, 91, Status.WALL, 0.01
5956, 12, 74, Status.SNAKE, 0.01
5957, 1, 5, Status.SNAKE, 0.01
5958, 9, 57, Status.SNAKE, 0.01
5959, 8, 46, Status.SNAKE, 0.01
5960, 8, 56, Status.SNAKE, 0.01
5961, 11, 65, Status.SNAKE, 0.01
5962, 2, 19, Status.SNAKE, 0.01
5963, 8, 66, Status.SNAKE, 0.01
5964, 4, 32, Status.SNAKE, 0.01
5965, 14, 80, Status.SNAKE, 0.01
5966, 8, 68, Status.WALL, 0.01
5967, 7, 48, Status.SNAKE, 0.01
5968, 12, 75, Status.SNAKE, 0.01
5969, 6, 55, Status.SNAKE, 0.01
5970, 2, 19, Status.WALL, 0.01
5971, 9, 70, Status.SNAKE, 0.01
5972, 5, 37, Status.SNAKE, 0.01
5973, 6, 42, Status.SNAKE, 0.01
5974, 18, 118, Status.SNAKE, 0.01
5975, 5, 28, Status.SNAKE, 0.01
5976, 12, 74, Status.SNAKE, 0.01
5977, 7, 61, Status.SNAKE, 0.01
5978, 7, 46, Status.WALL, 0.01
5979, 2, 9, Status.SNAKE, 0.01
5980, 14, 99, Status.SNAKE, 0.01
5981, 6, 44, Status.SNAKE, 0.01
5982, 5, 23, Status.SNAKE, 0.01
5983, 8, 64, Status.SNAKE, 0.01
5984, 12, 92, Status.SNAKE, 0.01
5985, 10, 60, Status.WALL, 0.01
5986, 2, 7, Status.SNAKE, 0.01
5987, 1, 8, Status.WALL, 0.01
5988, 10, 45, Status.SNAKE, 0.01
5989, 8, 45, Status.WALL, 0.01
5990, 3, 24, Status.SNAKE, 0.01
5991, 3, 21, Status.SNAKE, 0.01
5992, 11, 58, Status.SNAKE, 0.01
5993, 6, 37, Status.WALL, 0.01
5994, 12, 80, Status.SNAKE, 0.01
5995, 2, 27, Status.SNAKE, 0.01
5996, 11, 76, Status.SNAKE, 0.01
5997, 7, 30, Status.WALL, 0.01
5998, 1, 8, Status.WALL, 0.01
5999, 12, 89, Status.SNAKE, 0.01
6000, 13, 95, Status.WALL, 0.01
6001, 11, 67, Status.SNAKE, 0.01
6002, 13, 68, Status.SNAKE, 0.01
6003, 12, 79, Status.SNAKE, 0.01
6004, 6, 34, Status.WALL, 0.01
6005, 15, 106, Status.SNAKE, 0.01
6006, 2, 7, Status.SNAKE, 0.01
6007, 6, 35, Status.SNAKE, 0.01
6008, 10, 80, Status.SNAKE, 0.01
6009, 16, 107, Status.SNAKE, 0.01
6010, 10, 75, Status.SNAKE, 0.01
6011, 6, 27, Status.SNAKE, 0.01
6012, 9, 59, Status.SNAKE, 0.01
6013, 13, 99, Status.SNAKE, 0.01
6014, 19, 108, Status.SNAKE, 0.01
6015, 8, 52, Status.SNAKE, 0.01
6016, 13, 99, Status.WALL, 0.01
6017, 5, 42, Status.SNAKE, 0.01
6018, 10, 81, Status.SNAKE, 0.01
6019, 12, 91, Status.WALL, 0.01
6020, 3, 12, Status.SNAKE, 0.01
6021, 9, 60, Status.WALL, 0.01
6022, 14, 89, Status.WALL, 0.01
6023, 11, 96, Status.SNAKE, 0.01
6024, 7, 47, Status.WALL, 0.01
6025, 8, 55, Status.SNAKE, 0.01
6026, 6, 50, Status.SNAKE, 0.01
6027, 14, 95, Status.SNAKE, 0.01
6028, 3, 17, Status.SNAKE, 0.01
6029, 13, 75, Status.SNAKE, 0.01
6030, 4, 43, Status.SNAKE, 0.01
6031, 12, 83, Status.WALL, 0.01
6032, 1, 3, Status.SNAKE, 0.01
6033, 8, 50, Status.WALL, 0.01
6034, 1, 5, Status.SNAKE, 0.01
6035, 13, 90, Status.SNAKE, 0.01
6036, 15, 89, Status.SNAKE, 0.01
6037, 1, 7, Status.WALL, 0.01
6038, 14, 103, Status.SNAKE, 0.01
6039, 10, 73, Status.SNAKE, 0.01
6040, 1, 5, Status.SNAKE, 0.01
6041, 8, 66, Status.WALL, 0.01
6042, 14, 93, Status.SNAKE, 0.01
6043, 13, 102, Status.SNAKE, 0.01
6044, 14, 114, Status.SNAKE, 0.01
6045, 10, 62, Status.SNAKE, 0.01
6046, 17, 93, Status.SNAKE, 0.01
6047, 12, 72, Status.SNAKE, 0.01
6048, 4, 34, Status.WALL, 0.01
6049, 2, 13, Status.WALL, 0.01
6050, 6, 36, Status.SNAKE, 0.01
6051, 9, 73, Status.SNAKE, 0.01
6052, 3, 13, Status.SNAKE, 0.01
6053, 11, 104, Status.SNAKE, 0.01
6054, 8, 43, Status.SNAKE, 0.01
6055, 16, 112, Status.SNAKE, 0.01
6056, 4, 22, Status.SNAKE, 0.01
6057, 9, 77, Status.SNAKE, 0.01
6058, 10, 69, Status.SNAKE, 0.01
6059, 1, 9, Status.WALL, 0.01
6060, 14, 109, Status.SNAKE, 0.01
6061, 23, 143, Status.SNAKE, 0.01
6062, 5, 30, Status.WALL, 0.01
6063, 7, 30, Status.SNAKE, 0.01
6064, 9, 80, Status.SNAKE, 0.01
6065, 2, 6, Status.WALL, 0.01
6066, 4, 21, Status.SNAKE, 0.01
6067, 14, 117, Status.WALL, 0.01
6068, 9, 60, Status.WALL, 0.01
6069, 13, 104, Status.SNAKE, 0.01
6070, 2, 10, Status.WALL, 0.01
6071, 7, 60, Status.SNAKE, 0.01
6072, 1, 10, Status.SNAKE, 0.01
6073, 15, 102, Status.SNAKE, 0.01
6074, 4, 25, Status.WALL, 0.01
6075, 7, 47, Status.WALL, 0.01
6076, 7, 50, Status.SNAKE, 0.01
6077, 6, 40, Status.SNAKE, 0.01
6078, 16, 109, Status.SNAKE, 0.01
6079, 11, 54, Status.SNAKE, 0.01
6080, 10, 71, Status.SNAKE, 0.01
6081, 13, 114, Status.SNAKE, 0.01
6082, 5, 27, Status.SNAKE, 0.01
6083, 3, 15, Status.WALL, 0.01
6084, 7, 49, Status.SNAKE, 0.01
6085, 14, 93, Status.SNAKE, 0.01
6086, 4, 39, Status.WALL, 0.01
6087, 4, 21, Status.SNAKE, 0.01
6088, 16, 121, Status.SNAKE, 0.01
6089, 5, 46, Status.SNAKE, 0.01
6090, 14, 110, Status.SNAKE, 0.01
6091, 4, 37, Status.SNAKE, 0.01
6092, 12, 102, Status.SNAKE, 0.01
6093, 3, 29, Status.WALL, 0.01
6094, 13, 91, Status.SNAKE, 0.01
6095, 11, 61, Status.WALL, 0.01
6096, 3, 15, Status.SNAKE, 0.01
6097, 8, 50, Status.WALL, 0.01
6098, 8, 67, Status.SNAKE, 0.01
6099, 4, 20, Status.SNAKE, 0.01
6100, 4, 37, Status.SNAKE, 0.01
6101, 7, 40, Status.SNAKE, 0.01
6102, 11, 93, Status.SNAKE, 0.01
6103, 1, 5, Status.SNAKE, 0.01
6104, 10, 92, Status.SNAKE, 0.01
6105, 12, 77, Status.WALL, 0.01
6106, 5, 59, Status.SNAKE, 0.01
6107, 6, 59, Status.SNAKE, 0.01
6108, 13, 75, Status.SNAKE, 0.01
6109, 5, 15, Status.SNAKE, 0.01
6110, 9, 56, Status.SNAKE, 0.01
6111, 10, 81, Status.SNAKE, 0.01
6112, 5, 49, Status.SNAKE, 0.01
6113, 5, 32, Status.SNAKE, 0.01
6114, 7, 61, Status.SNAKE, 0.01
6115, 4, 20, Status.SNAKE, 0.01
6116, 3, 13, Status.SNAKE, 0.01
6117, 5, 29, Status.SNAKE, 0.01
6118, 11, 83, Status.SNAKE, 0.01
6119, 9, 60, Status.SNAKE, 0.01
6120, 8, 41, Status.WALL, 0.01
6121, 8, 58, Status.SNAKE, 0.01
6122, 19, 114, Status.SNAKE, 0.01
6123, 7, 60, Status.SNAKE, 0.01
6124, 10, 57, Status.SNAKE, 0.01
6125, 14, 93, Status.SNAKE, 0.01
6126, 14, 102, Status.SNAKE, 0.01
6127, 10, 53, Status.SNAKE, 0.01
6128, 2, 20, Status.SNAKE, 0.01
6129, 6, 47, Status.SNAKE, 0.01
6130, 12, 71, Status.SNAKE, 0.01
6131, 9, 47, Status.SNAKE, 0.01
6132, 9, 74, Status.WALL, 0.01
6133, 1, 18, Status.WALL, 0.01
6134, 2, 5, Status.SNAKE, 0.01
6135, 8, 57, Status.SNAKE, 0.01
6136, 14, 97, Status.SNAKE, 0.01
6137, 3, 16, Status.WALL, 0.01
6138, 3, 19, Status.SNAKE, 0.01
6139, 4, 31, Status.SNAKE, 0.01
6140, 11, 75, Status.SNAKE, 0.01
6141, 8, 62, Status.SNAKE, 0.01
6142, 17, 117, Status.SNAKE, 0.01
6143, 6, 47, Status.SNAKE, 0.01
6144, 10, 83, Status.SNAKE, 0.01
6145, 12, 81, Status.SNAKE, 0.01
6146, 7, 62, Status.SNAKE, 0.01
6147, 2, 17, Status.SNAKE, 0.01
6148, 12, 85, Status.SNAKE, 0.01
6149, 12, 100, Status.WALL, 0.01
6150, 11, 73, Status.WALL, 0.01
6151, 10, 79, Status.SNAKE, 0.01
6152, 13, 73, Status.SNAKE, 0.01
6153, 9, 61, Status.WALL, 0.01
6154, 19, 115, Status.WALL, 0.01
6155, 22, 175, Status.SNAKE, 0.01
6156, 20, 116, Status.SNAKE, 0.01
6157, 3, 11, Status.WALL, 0.01
6158, 4, 38, Status.SNAKE, 0.01
6159, 11, 73, Status.SNAKE, 0.01
6160, 2, 15, Status.WALL, 0.01
6161, 6, 36, Status.SNAKE, 0.01
6162, 6, 45, Status.WALL, 0.01
6163, 7, 34, Status.SNAKE, 0.01
6164, 2, 9, Status.WALL, 0.01
6165, 6, 34, Status.WALL, 0.01
6166, 2, 12, Status.SNAKE, 0.01
6167, 8, 53, Status.WALL, 0.01
6168, 2, 24, Status.WALL, 0.01
6169, 16, 128, Status.SNAKE, 0.01
6170, 5, 42, Status.SNAKE, 0.01
6171, 6, 54, Status.SNAKE, 0.01
6172, 2, 14, Status.SNAKE, 0.01
6173, 12, 83, Status.WALL, 0.01
6174, 11, 88, Status.SNAKE, 0.01
6175, 8, 51, Status.SNAKE, 0.01
6176, 10, 62, Status.SNAKE, 0.01
6177, 20, 137, Status.SNAKE, 0.01
6178, 6, 43, Status.WALL, 0.01
6179, 8, 66, Status.SNAKE, 0.01
6180, 10, 91, Status.SNAKE, 0.01
6181, 9, 77, Status.SNAKE, 0.01
6182, 12, 83, Status.SNAKE, 0.01
6183, 11, 74, Status.SNAKE, 0.01
6184, 8, 63, Status.WALL, 0.01
6185, 9, 61, Status.SNAKE, 0.01
6186, 9, 56, Status.SNAKE, 0.01
6187, 12, 66, Status.SNAKE, 0.01
6188, 8, 49, Status.WALL, 0.01
6189, 8, 44, Status.SNAKE, 0.01
6190, 3, 28, Status.WALL, 0.01
6191, 3, 25, Status.SNAKE, 0.01
6192, 11, 70, Status.SNAKE, 0.01
6193, 1, 5, Status.SNAKE, 0.01
6194, 7, 65, Status.SNAKE, 0.01
6195, 8, 57, Status.SNAKE, 0.01
6196, 1, 3, Status.SNAKE, 0.01
6197, 7, 41, Status.SNAKE, 0.01
6198, 15, 102, Status.SNAKE, 0.01
6199, 3, 29, Status.SNAKE, 0.01
6200, 19, 142, Status.SNAKE, 0.01
6201, 10, 72, Status.SNAKE, 0.01
6202, 12, 104, Status.WALL, 0.01
6203, 1, 5, Status.SNAKE, 0.01
6204, 3, 26, Status.SNAKE, 0.01
6205, 6, 36, Status.SNAKE, 0.01
6206, 14, 101, Status.SNAKE, 0.01
6207, 9, 44, Status.SNAKE, 0.01
6208, 14, 96, Status.SNAKE, 0.01
6209, 14, 100, Status.SNAKE, 0.01
6210, 14, 99, Status.SNAKE, 0.01
6211, 5, 33, Status.WALL, 0.01
6212, 11, 87, Status.SNAKE, 0.01
6213, 9, 75, Status.SNAKE, 0.01
6214, 11, 69, Status.SNAKE, 0.01
6215, 1, 5, Status.SNAKE, 0.01
6216, 9, 62, Status.WALL, 0.01
6217, 8, 50, Status.SNAKE, 0.01
6218, 10, 89, Status.WALL, 0.01
6219, 3, 21, Status.WALL, 0.01
6220, 2, 10, Status.SNAKE, 0.01
6221, 18, 147, Status.SNAKE, 0.01
6222, 12, 104, Status.WALL, 0.01
6223, 4, 32, Status.SNAKE, 0.01
6224, 5, 21, Status.SNAKE, 0.01
6225, 5, 34, Status.SNAKE, 0.01
6226, 5, 24, Status.SNAKE, 0.01
6227, 5, 25, Status.SNAKE, 0.01
6228, 4, 37, Status.SNAKE, 0.01
6229, 9, 44, Status.SNAKE, 0.01
6230, 17, 119, Status.SNAKE, 0.01
6231, 3, 17, Status.SNAKE, 0.01
6232, 13, 82, Status.SNAKE, 0.01
6233, 1, 5, Status.SNAKE, 0.01
6234, 9, 55, Status.SNAKE, 0.01
6235, 1, 13, Status.WALL, 0.01
6236, 11, 61, Status.SNAKE, 0.01
6237, 12, 66, Status.SNAKE, 0.01
6238, 19, 103, Status.SNAKE, 0.01
6239, 3, 20, Status.SNAKE, 0.01
6240, 14, 90, Status.SNAKE, 0.01
6241, 6, 29, Status.SNAKE, 0.01
6242, 8, 75, Status.SNAKE, 0.01
6243, 6, 52, Status.SNAKE, 0.01
6244, 7, 57, Status.WALL, 0.01
6245, 11, 55, Status.SNAKE, 0.01
6246, 14, 104, Status.SNAKE, 0.01
6247, 16, 111, Status.SNAKE, 0.01
6248, 5, 37, Status.WALL, 0.01
6249, 5, 30, Status.SNAKE, 0.01
6250, 9, 63, Status.SNAKE, 0.01
6251, 13, 93, Status.SNAKE, 0.01
6252, 15, 98, Status.SNAKE, 0.01
6253, 13, 85, Status.WALL, 0.01
6254, 9, 68, Status.WALL, 0.01
6255, 6, 41, Status.SNAKE, 0.01
6256, 6, 28, Status.SNAKE, 0.01
6257, 15, 107, Status.SNAKE, 0.01
6258, 8, 42, Status.SNAKE, 0.01
6259, 9, 75, Status.SNAKE, 0.01
6260, 9, 65, Status.SNAKE, 0.01
6261, 5, 25, Status.SNAKE, 0.01
6262, 9, 60, Status.SNAKE, 0.01
6263, 7, 39, Status.WALL, 0.01
6264, 14, 77, Status.SNAKE, 0.01
6265, 16, 95, Status.SNAKE, 0.01
6266, 1, 3, Status.SNAKE, 0.01
6267, 8, 56, Status.SNAKE, 0.01
6268, 15, 123, Status.SNAKE, 0.01
6269, 10, 74, Status.SNAKE, 0.01
6270, 18, 155, Status.SNAKE, 0.01
6271, 15, 95, Status.SNAKE, 0.01
6272, 1, 9, Status.SNAKE, 0.01
6273, 18, 113, Status.SNAKE, 0.01
6274, 10, 77, Status.SNAKE, 0.01
6275, 5, 29, Status.SNAKE, 0.01
6276, 18, 127, Status.SNAKE, 0.01
6277, 3, 21, Status.SNAKE, 0.01
6278, 12, 68, Status.SNAKE, 0.01
6279, 16, 128, Status.SNAKE, 0.01
6280, 8, 56, Status.SNAKE, 0.01
6281, 5, 32, Status.SNAKE, 0.01
6282, 11, 68, Status.SNAKE, 0.01
6283, 8, 56, Status.SNAKE, 0.01
6284, 4, 25, Status.SNAKE, 0.01
6285, 5, 28, Status.SNAKE, 0.01
6286, 9, 52, Status.SNAKE, 0.01
6287, 6, 41, Status.SNAKE, 0.01
6288, 7, 47, Status.WALL, 0.01
6289, 11, 94, Status.WALL, 0.01
6290, 7, 35, Status.SNAKE, 0.01
6291, 7, 59, Status.WALL, 0.01
6292, 17, 126, Status.SNAKE, 0.01
6293, 3, 29, Status.WALL, 0.01
6294, 5, 35, Status.SNAKE, 0.01
6295, 13, 96, Status.SNAKE, 0.01
6296, 12, 84, Status.SNAKE, 0.01
6297, 16, 112, Status.WALL, 0.01
6298, 6, 39, Status.WALL, 0.01
6299, 9, 51, Status.SNAKE, 0.01
6300, 6, 49, Status.SNAKE, 0.01
6301, 10, 55, Status.SNAKE, 0.01
6302, 8, 52, Status.SNAKE, 0.01
6303, 4, 24, Status.SNAKE, 0.01
6304, 13, 119, Status.WALL, 0.01
6305, 3, 29, Status.SNAKE, 0.01
6306, 14, 64, Status.SNAKE, 0.01
6307, 1, 8, Status.WALL, 0.01
6308, 4, 21, Status.WALL, 0.01
6309, 5, 31, Status.WALL, 0.01
6310, 9, 43, Status.SNAKE, 0.01
6311, 8, 42, Status.SNAKE, 0.01
6312, 9, 59, Status.SNAKE, 0.01
6313, 15, 114, Status.SNAKE, 0.01
6314, 6, 34, Status.SNAKE, 0.01
6315, 12, 79, Status.SNAKE, 0.01
6316, 3, 17, Status.SNAKE, 0.01
6317, 17, 107, Status.SNAKE, 0.01
6318, 20, 160, Status.SNAKE, 0.01
6319, 9, 78, Status.SNAKE, 0.01
6320, 13, 98, Status.SNAKE, 0.01
6321, 5, 36, Status.SNAKE, 0.01
6322, 10, 91, Status.SNAKE, 0.01
6323, 2, 17, Status.SNAKE, 0.01
6324, 10, 73, Status.SNAKE, 0.01
6325, 15, 106, Status.SNAKE, 0.01
6326, 10, 70, Status.SNAKE, 0.01
6327, 7, 52, Status.WALL, 0.01
6328, 18, 148, Status.SNAKE, 0.01
6329, 4, 35, Status.WALL, 0.01
6330, 2, 14, Status.WALL, 0.01
6331, 3, 24, Status.SNAKE, 0.01
6332, 8, 41, Status.SNAKE, 0.01
6333, 1, 3, Status.SNAKE, 0.01
6334, 11, 64, Status.SNAKE, 0.01
6335, 5, 43, Status.WALL, 0.01
6336, 2, 16, Status.SNAKE, 0.01
6337, 5, 40, Status.SNAKE, 0.01
6338, 6, 42, Status.SNAKE, 0.01
6339, 18, 119, Status.SNAKE, 0.01
6340, 6, 34, Status.SNAKE, 0.01
6341, 5, 18, Status.SNAKE, 0.01
6342, 5, 33, Status.SNAKE, 0.01
6343, 5, 45, Status.SNAKE, 0.01
6344, 14, 96, Status.SNAKE, 0.01
6345, 6, 50, Status.SNAKE, 0.01
6346, 2, 18, Status.SNAKE, 0.01
6347, 7, 39, Status.SNAKE, 0.01
6348, 9, 59, Status.SNAKE, 0.01
6349, 9, 48, Status.SNAKE, 0.01
6350, 9, 69, Status.WALL, 0.01
6351, 8, 53, Status.SNAKE, 0.01
6352, 10, 72, Status.SNAKE, 0.01
6353, 15, 97, Status.SNAKE, 0.01
6354, 10, 76, Status.WALL, 0.01
6355, 8, 74, Status.SNAKE, 0.01
6356, 19, 127, Status.SNAKE, 0.01
6357, 10, 79, Status.SNAKE, 0.01
6358, 4, 29, Status.WALL, 0.01
6359, 3, 13, Status.SNAKE, 0.01
6360, 5, 52, Status.WALL, 0.01
6361, 10, 92, Status.SNAKE, 0.01
6362, 11, 90, Status.SNAKE, 0.01
6363, 5, 27, Status.WALL, 0.01
6364, 10, 63, Status.SNAKE, 0.01
6365, 6, 50, Status.SNAKE, 0.01
6366, 7, 47, Status.WALL, 0.01
6367, 4, 21, Status.WALL, 0.01
6368, 11, 81, Status.SNAKE, 0.01
6369, 7, 42, Status.SNAKE, 0.01
6370, 9, 72, Status.WALL, 0.01
6371, 11, 106, Status.SNAKE, 0.01
6372, 15, 122, Status.SNAKE, 0.01
6373, 4, 28, Status.SNAKE, 0.01
6374, 16, 124, Status.SNAKE, 0.01
6375, 17, 133, Status.SNAKE, 0.01
6376, 12, 61, Status.WALL, 0.01
6377, 8, 55, Status.SNAKE, 0.01
6378, 6, 46, Status.WALL, 0.01
6379, 8, 59, Status.SNAKE, 0.01
6380, 15, 130, Status.SNAKE, 0.01
6381, 14, 123, Status.SNAKE, 0.01
6382, 13, 100, Status.SNAKE, 0.01
6383, 9, 39, Status.WALL, 0.01
6384, 10, 87, Status.SNAKE, 0.01
6385, 8, 50, Status.WALL, 0.01
6386, 6, 33, Status.SNAKE, 0.01
6387, 1, 7, Status.WALL, 0.01
6388, 8, 37, Status.SNAKE, 0.01
6389, 13, 77, Status.SNAKE, 0.01
6390, 1, 14, Status.WALL, 0.01
6391, 1, 5, Status.SNAKE, 0.01
6392, 8, 58, Status.SNAKE, 0.01
6393, 9, 49, Status.SNAKE, 0.01
6394, 6, 36, Status.SNAKE, 0.01
6395, 10, 79, Status.SNAKE, 0.01
6396, 8, 44, Status.SNAKE, 0.01
6397, 18, 128, Status.WALL, 0.01
6398, 14, 108, Status.SNAKE, 0.01
6399, 12, 97, Status.WALL, 0.01
6400, 8, 65, Status.SNAKE, 0.01
6401, 5, 34, Status.SNAKE, 0.01
6402, 17, 132, Status.SNAKE, 0.01
6403, 12, 90, Status.SNAKE, 0.01
6404, 14, 96, Status.WALL, 0.01
6405, 5, 29, Status.WALL, 0.01
6406, 9, 55, Status.SNAKE, 0.01
6407, 15, 106, Status.SNAKE, 0.01
6408, 14, 114, Status.SNAKE, 0.01
6409, 5, 22, Status.WALL, 0.01
6410, 7, 55, Status.SNAKE, 0.01
6411, 7, 45, Status.SNAKE, 0.01
6412, 7, 57, Status.SNAKE, 0.01
6413, 12, 107, Status.SNAKE, 0.01
6414, 8, 71, Status.SNAKE, 0.01
6415, 13, 85, Status.SNAKE, 0.01
6416, 6, 34, Status.WALL, 0.01
6417, 12, 94, Status.SNAKE, 0.01
6418, 4, 22, Status.WALL, 0.01
6419, 3, 24, Status.WALL, 0.01
6420, 15, 94, Status.SNAKE, 0.01
6421, 5, 45, Status.SNAKE, 0.01
6422, 17, 112, Status.SNAKE, 0.01
6423, 5, 49, Status.SNAKE, 0.01
6424, 16, 127, Status.SNAKE, 0.01
6425, 15, 99, Status.WALL, 0.01
6426, 15, 109, Status.SNAKE, 0.01
6427, 7, 42, Status.SNAKE, 0.01
6428, 12, 70, Status.SNAKE, 0.01
6429, 5, 34, Status.SNAKE, 0.01
6430, 12, 86, Status.SNAKE, 0.01
6431, 2, 10, Status.WALL, 0.01
6432, 15, 126, Status.WALL, 0.01
6433, 5, 28, Status.SNAKE, 0.01
6434, 6, 28, Status.SNAKE, 0.01
6435, 13, 99, Status.WALL, 0.01
6436, 3, 28, Status.WALL, 0.01
6437, 11, 105, Status.SNAKE, 0.01
6438, 7, 48, Status.SNAKE, 0.01
6439, 10, 77, Status.SNAKE, 0.01
6440, 5, 42, Status.WALL, 0.01
6441, 15, 99, Status.SNAKE, 0.01
6442, 19, 110, Status.SNAKE, 0.01
6443, 1, 3, Status.SNAKE, 0.01
6444, 8, 54, Status.SNAKE, 0.01
6445, 16, 113, Status.SNAKE, 0.01
6446, 6, 46, Status.SNAKE, 0.01
6447, 18, 126, Status.SNAKE, 0.01
6448, 7, 40, Status.WALL, 0.01
6449, 6, 51, Status.SNAKE, 0.01
6450, 2, 15, Status.SNAKE, 0.01
6451, 4, 34, Status.WALL, 0.01
6452, 22, 145, Status.WALL, 0.01
6453, 9, 60, Status.SNAKE, 0.01
6454, 6, 46, Status.SNAKE, 0.01
6455, 12, 81, Status.SNAKE, 0.01
6456, 4, 19, Status.SNAKE, 0.01
6457, 6, 39, Status.SNAKE, 0.01
6458, 7, 51, Status.SNAKE, 0.01
6459, 6, 36, Status.SNAKE, 0.01
6460, 12, 95, Status.SNAKE, 0.01
6461, 15, 85, Status.SNAKE, 0.01
6462, 8, 40, Status.SNAKE, 0.01
6463, 5, 25, Status.SNAKE, 0.01
6464, 9, 59, Status.SNAKE, 0.01
6465, 2, 19, Status.SNAKE, 0.01
6466, 4, 28, Status.SNAKE, 0.01
6467, 8, 83, Status.WALL, 0.01
6468, 9, 83, Status.SNAKE, 0.01
6469, 15, 89, Status.SNAKE, 0.01
6470, 11, 66, Status.SNAKE, 0.01
6471, 8, 57, Status.SNAKE, 0.01
6472, 15, 86, Status.SNAKE, 0.01
6473, 8, 45, Status.WALL, 0.01
6474, 7, 45, Status.SNAKE, 0.01
6475, 6, 38, Status.SNAKE, 0.01
6476, 5, 31, Status.SNAKE, 0.01
6477, 9, 51, Status.SNAKE, 0.01
6478, 16, 128, Status.SNAKE, 0.01
6479, 8, 70, Status.SNAKE, 0.01
6480, 8, 47, Status.SNAKE, 0.01
6481, 8, 48, Status.SNAKE, 0.01
6482, 8, 35, Status.WALL, 0.01
6483, 12, 72, Status.WALL, 0.01
6484, 8, 53, Status.SNAKE, 0.01
6485, 13, 92, Status.SNAKE, 0.01
6486, 9, 59, Status.SNAKE, 0.01
6487, 9, 42, Status.SNAKE, 0.01
6488, 9, 52, Status.SNAKE, 0.01
6489, 7, 66, Status.SNAKE, 0.01
6490, 7, 45, Status.SNAKE, 0.01
6491, 9, 59, Status.SNAKE, 0.01
6492, 7, 58, Status.SNAKE, 0.01
6493, 8, 57, Status.SNAKE, 0.01
6494, 19, 133, Status.SNAKE, 0.01
6495, 9, 73, Status.SNAKE, 0.01
6496, 11, 69, Status.SNAKE, 0.01
6497, 15, 111, Status.SNAKE, 0.01
6498, 4, 22, Status.SNAKE, 0.01
6499, 11, 75, Status.SNAKE, 0.01
6500, 13, 99, Status.WALL, 0.01
6501, 10, 69, Status.SNAKE, 0.01
6502, 10, 63, Status.SNAKE, 0.01
6503, 4, 17, Status.SNAKE, 0.01
6504, 9, 50, Status.WALL, 0.01
6505, 10, 59, Status.SNAKE, 0.01
6506, 10, 57, Status.SNAKE, 0.01
6507, 14, 80, Status.SNAKE, 0.01
6508, 6, 32, Status.SNAKE, 0.01
6509, 3, 21, Status.SNAKE, 0.01
6510, 15, 106, Status.SNAKE, 0.01
6511, 5, 34, Status.SNAKE, 0.01
6512, 23, 144, Status.WALL, 0.01
6513, 16, 95, Status.SNAKE, 0.01
6514, 10, 67, Status.SNAKE, 0.01
6515, 19, 122, Status.SNAKE, 0.01
6516, 10, 76, Status.SNAKE, 0.01
6517, 13, 102, Status.SNAKE, 0.01
6518, 6, 42, Status.SNAKE, 0.01
6519, 11, 69, Status.SNAKE, 0.01
6520, 5, 33, Status.SNAKE, 0.01
6521, 13, 126, Status.SNAKE, 0.01
6522, 4, 18, Status.WALL, 0.01
6523, 16, 84, Status.WALL, 0.01
6524, 15, 77, Status.SNAKE, 0.01
6525, 5, 35, Status.SNAKE, 0.01
6526, 3, 8, Status.SNAKE, 0.01
6527, 7, 45, Status.SNAKE, 0.01
6528, 1, 3, Status.SNAKE, 0.01
6529, 13, 102, Status.SNAKE, 0.01
6530, 6, 36, Status.SNAKE, 0.01
6531, 11, 76, Status.SNAKE, 0.01
6532, 6, 33, Status.SNAKE, 0.01
6533, 12, 63, Status.SNAKE, 0.01
6534, 2, 8, Status.WALL, 0.01
6535, 3, 29, Status.SNAKE, 0.01
6536, 9, 41, Status.SNAKE, 0.01
6537, 19, 119, Status.SNAKE, 0.01
6538, 9, 56, Status.WALL, 0.01
6539, 13, 80, Status.SNAKE, 0.01
6540, 2, 20, Status.WALL, 0.01
6541, 8, 47, Status.SNAKE, 0.01
6542, 9, 73, Status.SNAKE, 0.01
6543, 18, 132, Status.SNAKE, 0.01
6544, 15, 92, Status.SNAKE, 0.01
6545, 2, 13, Status.SNAKE, 0.01
6546, 11, 50, Status.SNAKE, 0.01
6547, 15, 72, Status.SNAKE, 0.01
6548, 2, 16, Status.WALL, 0.01
6549, 11, 63, Status.SNAKE, 0.01
6550, 13, 113, Status.WALL, 0.01
6551, 3, 20, Status.SNAKE, 0.01
6552, 6, 44, Status.SNAKE, 0.01
6553, 10, 95, Status.SNAKE, 0.01
6554, 12, 85, Status.SNAKE, 0.01
6555, 2, 15, Status.SNAKE, 0.01
6556, 6, 40, Status.WALL, 0.01
6557, 1, 3, Status.SNAKE, 0.01
6558, 5, 35, Status.SNAKE, 0.01
6559, 13, 84, Status.SNAKE, 0.01
6560, 13, 112, Status.SNAKE, 0.01
6561, 8, 49, Status.WALL, 0.01
6562, 3, 15, Status.SNAKE, 0.01
6563, 6, 36, Status.SNAKE, 0.01
6564, 6, 20, Status.WALL, 0.01
6565, 14, 113, Status.SNAKE, 0.01
6566, 6, 45, Status.WALL, 0.01
6567, 16, 97, Status.WALL, 0.01
6568, 8, 52, Status.SNAKE, 0.01
6569, 8, 62, Status.SNAKE, 0.01
6570, 11, 64, Status.SNAKE, 0.01
6571, 1, 7, Status.SNAKE, 0.01
6572, 6, 35, Status.SNAKE, 0.01
6573, 7, 37, Status.SNAKE, 0.01
6574, 4, 16, Status.WALL, 0.01
6575, 15, 97, Status.SNAKE, 0.01
6576, 5, 39, Status.SNAKE, 0.01
6577, 1, 13, Status.WALL, 0.01
6578, 4, 26, Status.WALL, 0.01
6579, 2, 8, Status.WALL, 0.01
6580, 8, 62, Status.SNAKE, 0.01
6581, 4, 33, Status.WALL, 0.01
6582, 3, 15, Status.SNAKE, 0.01
6583, 1, 5, Status.SNAKE, 0.01
6584, 5, 25, Status.WALL, 0.01
6585, 12, 84, Status.SNAKE, 0.01
6586, 6, 48, Status.SNAKE, 0.01
6587, 5, 24, Status.SNAKE, 0.01
6588, 17, 115, Status.SNAKE, 0.01
6589, 8, 49, Status.WALL, 0.01
6590, 12, 78, Status.WALL, 0.01
6591, 10, 64, Status.WALL, 0.01
6592, 14, 105, Status.SNAKE, 0.01
6593, 7, 61, Status.SNAKE, 0.01
6594, 8, 69, Status.WALL, 0.01
6595, 6, 28, Status.SNAKE, 0.01
6596, 14, 87, Status.SNAKE, 0.01
6597, 13, 90, Status.SNAKE, 0.01
6598, 16, 113, Status.SNAKE, 0.01
6599, 6, 38, Status.SNAKE, 0.01
6600, 5, 27, Status.SNAKE, 0.01
6601, 4, 27, Status.SNAKE, 0.01
6602, 15, 91, Status.SNAKE, 0.01
6603, 9, 58, Status.SNAKE, 0.01
6604, 8, 50, Status.SNAKE, 0.01
6605, 2, 16, Status.SNAKE, 0.01
6606, 12, 75, Status.WALL, 0.01
6607, 5, 37, Status.SNAKE, 0.01
6608, 8, 67, Status.SNAKE, 0.01
6609, 15, 83, Status.WALL, 0.01
6610, 13, 109, Status.SNAKE, 0.01
6611, 3, 22, Status.SNAKE, 0.01
6612, 4, 23, Status.SNAKE, 0.01
6613, 6, 44, Status.SNAKE, 0.01
6614, 12, 101, Status.WALL, 0.01
6615, 13, 77, Status.SNAKE, 0.01
6616, 1, 8, Status.WALL, 0.01
6617, 6, 49, Status.SNAKE, 0.01
6618, 5, 28, Status.SNAKE, 0.01
6619, 14, 112, Status.SNAKE, 0.01
6620, 12, 76, Status.SNAKE, 0.01
6621, 6, 47, Status.SNAKE, 0.01
6622, 15, 123, Status.SNAKE, 0.01
6623, 10, 57, Status.WALL, 0.01
6624, 13, 94, Status.SNAKE, 0.01
6625, 14, 117, Status.SNAKE, 0.01
6626, 6, 33, Status.SNAKE, 0.01
6627, 9, 57, Status.SNAKE, 0.01
6628, 2, 15, Status.SNAKE, 0.01
6629, 8, 55, Status.SNAKE, 0.01
6630, 3, 22, Status.SNAKE, 0.01
6631, 8, 56, Status.WALL, 0.01
6632, 15, 129, Status.SNAKE, 0.01
6633, 14, 84, Status.WALL, 0.01
6634, 15, 107, Status.SNAKE, 0.01
6635, 11, 58, Status.SNAKE, 0.01
6636, 4, 17, Status.SNAKE, 0.01
6637, 19, 128, Status.SNAKE, 0.01
6638, 3, 24, Status.SNAKE, 0.01
6639, 11, 90, Status.SNAKE, 0.01
6640, 7, 37, Status.SNAKE, 0.01
6641, 9, 33, Status.SNAKE, 0.01
6642, 8, 40, Status.SNAKE, 0.01
6643, 8, 48, Status.SNAKE, 0.01
6644, 16, 116, Status.SNAKE, 0.01
6645, 10, 74, Status.SNAKE, 0.01
6646, 12, 76, Status.SNAKE, 0.01
6647, 13, 64, Status.SNAKE, 0.01
6648, 8, 40, Status.SNAKE, 0.01
6649, 9, 45, Status.SNAKE, 0.01
6650, 17, 95, Status.WALL, 0.01
6651, 8, 42, Status.WALL, 0.01
6652, 5, 34, Status.SNAKE, 0.01
6653, 8, 40, Status.SNAKE, 0.01
6654, 11, 76, Status.SNAKE, 0.01
6655, 11, 58, Status.SNAKE, 0.01
6656, 4, 28, Status.SNAKE, 0.01
6657, 4, 23, Status.SNAKE, 0.01
6658, 10, 65, Status.SNAKE, 0.01
6659, 12, 76, Status.SNAKE, 0.01
6660, 8, 50, Status.SNAKE, 0.01
6661, 6, 38, Status.WALL, 0.01
6662, 8, 51, Status.SNAKE, 0.01
6663, 5, 28, Status.SNAKE, 0.01
6664, 15, 79, Status.SNAKE, 0.01
6665, 13, 82, Status.WALL, 0.01
6666, 14, 85, Status.SNAKE, 0.01
6667, 3, 20, Status.WALL, 0.01
6668, 13, 79, Status.SNAKE, 0.01
6669, 11, 57, Status.SNAKE, 0.01
6670, 6, 27, Status.WALL, 0.01
6671, 11, 72, Status.SNAKE, 0.01
6672, 5, 33, Status.WALL, 0.01
6673, 15, 93, Status.SNAKE, 0.01
6674, 8, 60, Status.SNAKE, 0.01
6675, 8, 34, Status.SNAKE, 0.01
6676, 17, 121, Status.SNAKE, 0.01
6677, 5, 30, Status.SNAKE, 0.01
6678, 12, 67, Status.SNAKE, 0.01
6679, 14, 118, Status.SNAKE, 0.01
6680, 5, 23, Status.SNAKE, 0.01
6681, 5, 33, Status.WALL, 0.01
6682, 13, 87, Status.SNAKE, 0.01
6683, 5, 31, Status.SNAKE, 0.01
6684, 8, 59, Status.SNAKE, 0.01
6685, 17, 104, Status.SNAKE, 0.01
6686, 10, 42, Status.SNAKE, 0.01
6687, 5, 37, Status.SNAKE, 0.01
6688, 13, 99, Status.SNAKE, 0.01
6689, 11, 82, Status.SNAKE, 0.01
6690, 4, 29, Status.SNAKE, 0.01
6691, 9, 52, Status.SNAKE, 0.01
6692, 11, 79, Status.SNAKE, 0.01
6693, 10, 55, Status.SNAKE, 0.01
6694, 4, 22, Status.SNAKE, 0.01
6695, 8, 65, Status.SNAKE, 0.01
6696, 16, 72, Status.SNAKE, 0.01
6697, 15, 86, Status.SNAKE, 0.01
6698, 9, 48, Status.SNAKE, 0.01
6699, 8, 68, Status.WALL, 0.01
6700, 12, 100, Status.SNAKE, 0.01
6701, 16, 75, Status.SNAKE, 0.01
6702, 13, 60, Status.SNAKE, 0.01
6703, 9, 61, Status.SNAKE, 0.01
6704, 5, 51, Status.SNAKE, 0.01
6705, 9, 66, Status.WALL, 0.01
6706, 8, 50, Status.WALL, 0.01
6707, 7, 32, Status.SNAKE, 0.01
6708, 18, 134, Status.SNAKE, 0.01
6709, 16, 135, Status.SNAKE, 0.01
6710, 15, 69, Status.SNAKE, 0.01
6711, 8, 77, Status.WALL, 0.01
6712, 15, 116, Status.SNAKE, 0.01
6713, 3, 24, Status.SNAKE, 0.01
6714, 12, 89, Status.SNAKE, 0.01
6715, 13, 93, Status.SNAKE, 0.01
6716, 3, 23, Status.SNAKE, 0.01
6717, 13, 86, Status.SNAKE, 0.01
6718, 8, 58, Status.SNAKE, 0.01
6719, 10, 81, Status.SNAKE, 0.01
6720, 8, 69, Status.SNAKE, 0.01
6721, 9, 60, Status.SNAKE, 0.01
6722, 21, 128, Status.SNAKE, 0.01
6723, 6, 38, Status.WALL, 0.01
6724, 3, 19, Status.SNAKE, 0.01
6725, 8, 37, Status.WALL, 0.01
6726, 14, 92, Status.WALL, 0.01
6727, 14, 95, Status.SNAKE, 0.01
6728, 17, 130, Status.SNAKE, 0.01
6729, 2, 15, Status.WALL, 0.01
6730, 8, 41, Status.SNAKE, 0.01
6731, 18, 110, Status.SNAKE, 0.01
6732, 9, 78, Status.SNAKE, 0.01
6733, 11, 82, Status.SNAKE, 0.01
6734, 4, 30, Status.SNAKE, 0.01
6735, 18, 127, Status.SNAKE, 0.01
6736, 5, 21, Status.WALL, 0.01
6737, 5, 24, Status.SNAKE, 0.01
6738, 15, 117, Status.SNAKE, 0.01
6739, 3, 16, Status.WALL, 0.01
6740, 12, 102, Status.SNAKE, 0.01
6741, 20, 147, Status.WALL, 0.01
6742, 2, 6, Status.SNAKE, 0.01
6743, 17, 127, Status.SNAKE, 0.01
6744, 10, 67, Status.SNAKE, 0.01
6745, 5, 33, Status.SNAKE, 0.01
6746, 11, 70, Status.SNAKE, 0.01
6747, 6, 36, Status.SNAKE, 0.01
6748, 15, 103, Status.WALL, 0.01
6749, 5, 48, Status.WALL, 0.01
6750, 16, 133, Status.SNAKE, 0.01
6751, 9, 77, Status.SNAKE, 0.01
6752, 8, 59, Status.SNAKE, 0.01
6753, 6, 56, Status.SNAKE, 0.01
6754, 9, 56, Status.SNAKE, 0.01
6755, 11, 98, Status.WALL, 0.01
6756, 10, 68, Status.WALL, 0.01
6757, 6, 34, Status.SNAKE, 0.01
6758, 13, 96, Status.WALL, 0.01
6759, 4, 23, Status.WALL, 0.01
6760, 15, 110, Status.WALL, 0.01
6761, 13, 63, Status.SNAKE, 0.01
6762, 13, 83, Status.SNAKE, 0.01
6763, 20, 149, Status.SNAKE, 0.01
6764, 14, 95, Status.SNAKE, 0.01
6765, 4, 29, Status.WALL, 0.01
6766, 1, 9, Status.WALL, 0.01
6767, 2, 16, Status.SNAKE, 0.01
6768, 10, 62, Status.SNAKE, 0.01
6769, 3, 20, Status.SNAKE, 0.01
6770, 10, 73, Status.SNAKE, 0.01
6771, 9, 58, Status.SNAKE, 0.01
6772, 2, 23, Status.WALL, 0.01
6773, 12, 81, Status.SNAKE, 0.01
6774, 6, 48, Status.SNAKE, 0.01
6775, 17, 129, Status.SNAKE, 0.01
6776, 4, 31, Status.SNAKE, 0.01
6777, 13, 113, Status.SNAKE, 0.01
6778, 5, 30, Status.SNAKE, 0.01
6779, 5, 31, Status.SNAKE, 0.01
6780, 3, 24, Status.WALL, 0.01
6781, 13, 112, Status.WALL, 0.01
6782, 1, 5, Status.SNAKE, 0.01
6783, 15, 116, Status.SNAKE, 0.01
6784, 12, 81, Status.SNAKE, 0.01
6785, 8, 67, Status.WALL, 0.01
6786, 11, 85, Status.SNAKE, 0.01
6787, 3, 17, Status.SNAKE, 0.01
6788, 6, 54, Status.SNAKE, 0.01
6789, 6, 58, Status.WALL, 0.01
6790, 7, 41, Status.SNAKE, 0.01
6791, 8, 56, Status.SNAKE, 0.01
6792, 9, 71, Status.SNAKE, 0.01
6793, 7, 70, Status.SNAKE, 0.01
6794, 12, 75, Status.SNAKE, 0.01
6795, 15, 88, Status.SNAKE, 0.01
6796, 5, 29, Status.SNAKE, 0.01
6797, 5, 26, Status.SNAKE, 0.01
6798, 7, 67, Status.WALL, 0.01
6799, 29, 213, Status.SNAKE, 0.01
6800, 1, 10, Status.WALL, 0.01
6801, 18, 119, Status.SNAKE, 0.01
6802, 14, 80, Status.SNAKE, 0.01
6803, 2, 8, Status.WALL, 0.01
6804, 8, 60, Status.SNAKE, 0.01
6805, 9, 68, Status.SNAKE, 0.01
6806, 13, 88, Status.SNAKE, 0.01
6807, 23, 155, Status.SNAKE, 0.01
6808, 6, 36, Status.SNAKE, 0.01
6809, 8, 54, Status.SNAKE, 0.01
6810, 8, 33, Status.SNAKE, 0.01
6811, 4, 24, Status.SNAKE, 0.01
6812, 8, 39, Status.WALL, 0.01
6813, 7, 42, Status.SNAKE, 0.01
6814, 14, 83, Status.SNAKE, 0.01
6815, 10, 68, Status.SNAKE, 0.01
6816, 7, 50, Status.SNAKE, 0.01
6817, 9, 63, Status.SNAKE, 0.01
6818, 6, 31, Status.WALL, 0.01
6819, 15, 89, Status.WALL, 0.01
6820, 6, 54, Status.WALL, 0.01
6821, 15, 94, Status.WALL, 0.01
6822, 15, 96, Status.SNAKE, 0.01
6823, 8, 56, Status.SNAKE, 0.01
6824, 2, 17, Status.SNAKE, 0.01
6825, 10, 76, Status.SNAKE, 0.01
6826, 7, 46, Status.WALL, 0.01
6827, 9, 41, Status.SNAKE, 0.01
6828, 22, 159, Status.SNAKE, 0.01
6829, 7, 61, Status.SNAKE, 0.01
6830, 12, 58, Status.SNAKE, 0.01
6831, 8, 55, Status.WALL, 0.01
6832, 4, 17, Status.SNAKE, 0.01
6833, 8, 56, Status.SNAKE, 0.01
6834, 10, 67, Status.SNAKE, 0.01
6835, 16, 99, Status.SNAKE, 0.01
6836, 9, 46, Status.SNAKE, 0.01
6837, 13, 82, Status.SNAKE, 0.01
6838, 10, 75, Status.SNAKE, 0.01
6839, 4, 21, Status.SNAKE, 0.01
6840, 3, 29, Status.SNAKE, 0.01
6841, 2, 10, Status.SNAKE, 0.01
6842, 4, 32, Status.SNAKE, 0.01
6843, 11, 62, Status.SNAKE, 0.01
6844, 15, 92, Status.SNAKE, 0.01
6845, 7, 46, Status.SNAKE, 0.01
6846, 8, 53, Status.WALL, 0.01
6847, 10, 55, Status.SNAKE, 0.01
6848, 11, 75, Status.SNAKE, 0.01
6849, 7, 53, Status.WALL, 0.01
6850, 5, 35, Status.SNAKE, 0.01
6851, 8, 54, Status.SNAKE, 0.01
6852, 8, 70, Status.SNAKE, 0.01
6853, 7, 32, Status.SNAKE, 0.01
6854, 8, 54, Status.SNAKE, 0.01
6855, 8, 52, Status.SNAKE, 0.01
6856, 7, 44, Status.SNAKE, 0.01
6857, 14, 108, Status.SNAKE, 0.01
6858, 5, 21, Status.SNAKE, 0.01
6859, 15, 83, Status.SNAKE, 0.01
6860, 10, 75, Status.SNAKE, 0.01
6861, 2, 13, Status.SNAKE, 0.01
6862, 13, 75, Status.SNAKE, 0.01
6863, 2, 15, Status.WALL, 0.01
6864, 11, 65, Status.SNAKE, 0.01
6865, 6, 34, Status.SNAKE, 0.01
6866, 9, 74, Status.SNAKE, 0.01
6867, 12, 64, Status.SNAKE, 0.01
6868, 9, 55, Status.SNAKE, 0.01
6869, 1, 5, Status.SNAKE, 0.01
6870, 2, 15, Status.WALL, 0.01
6871, 7, 39, Status.SNAKE, 0.01
6872, 11, 88, Status.SNAKE, 0.01
6873, 16, 89, Status.SNAKE, 0.01
6874, 3, 23, Status.SNAKE, 0.01
6875, 6, 31, Status.SNAKE, 0.01
6876, 11, 65, Status.SNAKE, 0.01
6877, 9, 51, Status.WALL, 0.01
6878, 7, 40, Status.WALL, 0.01
6879, 6, 34, Status.SNAKE, 0.01
6880, 7, 48, Status.SNAKE, 0.01
6881, 1, 3, Status.SNAKE, 0.01
6882, 13, 88, Status.SNAKE, 0.01
6883, 19, 132, Status.SNAKE, 0.01
6884, 19, 146, Status.SNAKE, 0.01
6885, 11, 65, Status.SNAKE, 0.01
6886, 9, 94, Status.WALL, 0.01
6887, 15, 98, Status.SNAKE, 0.01
6888, 14, 89, Status.SNAKE, 0.01
6889, 7, 43, Status.SNAKE, 0.01
6890, 10, 51, Status.SNAKE, 0.01
6891, 17, 127, Status.WALL, 0.01
6892, 15, 99, Status.WALL, 0.01
6893, 16, 94, Status.SNAKE, 0.01
6894, 5, 32, Status.SNAKE, 0.01
6895, 17, 130, Status.SNAKE, 0.01
6896, 2, 8, Status.SNAKE, 0.01
6897, 15, 88, Status.SNAKE, 0.01
6898, 20, 106, Status.SNAKE, 0.01
6899, 10, 55, Status.SNAKE, 0.01
6900, 5, 42, Status.SNAKE, 0.01
6901, 10, 75, Status.WALL, 0.01
6902, 1, 16, Status.SNAKE, 0.01
6903, 2, 10, Status.WALL, 0.01
6904, 9, 52, Status.SNAKE, 0.01
6905, 9, 68, Status.SNAKE, 0.01
6906, 6, 42, Status.SNAKE, 0.01
6907, 6, 43, Status.SNAKE, 0.01
6908, 11, 63, Status.SNAKE, 0.01
6909, 8, 52, Status.SNAKE, 0.01
6910, 5, 34, Status.SNAKE, 0.01
6911, 9, 75, Status.SNAKE, 0.01
6912, 7, 64, Status.SNAKE, 0.01
6913, 14, 74, Status.SNAKE, 0.01
6914, 12, 77, Status.SNAKE, 0.01
6915, 12, 87, Status.SNAKE, 0.01
6916, 9, 56, Status.SNAKE, 0.01
6917, 5, 22, Status.SNAKE, 0.01
6918, 2, 10, Status.WALL, 0.01
6919, 8, 42, Status.SNAKE, 0.01
6920, 4, 35, Status.SNAKE, 0.01
6921, 4, 20, Status.WALL, 0.01
6922, 15, 89, Status.SNAKE, 0.01
6923, 8, 57, Status.SNAKE, 0.01
6924, 1, 5, Status.SNAKE, 0.01
6925, 8, 36, Status.SNAKE, 0.01
6926, 7, 41, Status.SNAKE, 0.01
6927, 1, 14, Status.SNAKE, 0.01
6928, 20, 146, Status.SNAKE, 0.01
6929, 13, 86, Status.SNAKE, 0.01
6930, 8, 35, Status.WALL, 0.01
6931, 22, 180, Status.SNAKE, 0.01
6932, 9, 49, Status.SNAKE, 0.01
6933, 19, 136, Status.SNAKE, 0.01
6934, 7, 54, Status.SNAKE, 0.01
6935, 5, 31, Status.SNAKE, 0.01
6936, 2, 19, Status.WALL, 0.01
6937, 14, 83, Status.SNAKE, 0.01
6938, 10, 79, Status.WALL, 0.01
6939, 12, 80, Status.SNAKE, 0.01
6940, 4, 34, Status.WALL, 0.01
6941, 9, 56, Status.SNAKE, 0.01
6942, 10, 57, Status.SNAKE, 0.01
6943, 4, 18, Status.SNAKE, 0.01
6944, 2, 11, Status.WALL, 0.01
6945, 13, 97, Status.SNAKE, 0.01
6946, 3, 18, Status.SNAKE, 0.01
6947, 9, 95, Status.SNAKE, 0.01
6948, 9, 53, Status.SNAKE, 0.01
6949, 3, 17, Status.SNAKE, 0.01
6950, 16, 118, Status.SNAKE, 0.01
6951, 13, 80, Status.SNAKE, 0.01
6952, 8, 66, Status.SNAKE, 0.01
6953, 7, 52, Status.SNAKE, 0.01
6954, 8, 54, Status.SNAKE, 0.01
6955, 7, 42, Status.WALL, 0.01
6956, 15, 114, Status.WALL, 0.01
6957, 6, 34, Status.SNAKE, 0.01
6958, 8, 42, Status.SNAKE, 0.01
6959, 5, 26, Status.SNAKE, 0.01
6960, 15, 90, Status.SNAKE, 0.01
6961, 4, 19, Status.SNAKE, 0.01
6962, 5, 43, Status.SNAKE, 0.01
6963, 6, 32, Status.SNAKE, 0.01
6964, 0, 7, Status.WALL, 0.01
6965, 5, 34, Status.SNAKE, 0.01
6966, 17, 145, Status.SNAKE, 0.01
6967, 5, 43, Status.SNAKE, 0.01
6968, 9, 67, Status.WALL, 0.01
6969, 14, 102, Status.SNAKE, 0.01
6970, 5, 19, Status.SNAKE, 0.01
6971, 12, 92, Status.SNAKE, 0.01
6972, 6, 37, Status.SNAKE, 0.01
6973, 11, 81, Status.WALL, 0.01
6974, 13, 83, Status.SNAKE, 0.01
6975, 1, 5, Status.SNAKE, 0.01
6976, 2, 14, Status.SNAKE, 0.01
6977, 16, 116, Status.SNAKE, 0.01
6978, 7, 48, Status.SNAKE, 0.01
6979, 13, 85, Status.WALL, 0.01
6980, 8, 61, Status.WALL, 0.01
6981, 13, 94, Status.SNAKE, 0.01
6982, 6, 27, Status.SNAKE, 0.01
6983, 8, 50, Status.WALL, 0.01
6984, 9, 51, Status.SNAKE, 0.01
6985, 9, 68, Status.SNAKE, 0.01
6986, 9, 46, Status.WALL, 0.01
6987, 19, 142, Status.SNAKE, 0.01
6988, 8, 39, Status.SNAKE, 0.01
6989, 7, 43, Status.WALL, 0.01
6990, 12, 104, Status.SNAKE, 0.01
6991, 8, 44, Status.SNAKE, 0.01
6992, 5, 26, Status.SNAKE, 0.01
6993, 19, 133, Status.SNAKE, 0.01
6994, 1, 12, Status.WALL, 0.01
6995, 4, 23, Status.WALL, 0.01
6996, 5, 29, Status.WALL, 0.01
6997, 14, 111, Status.SNAKE, 0.01
6998, 5, 28, Status.WALL, 0.01
6999, 2, 13, Status.SNAKE, 0.01
7000, 6, 46, Status.SNAKE, 0.01
7001, 14, 108, Status.SNAKE, 0.01
7002, 5, 35, Status.SNAKE, 0.01
7003, 15, 123, Status.SNAKE, 0.01
7004, 3, 21, Status.WALL, 0.01
7005, 7, 48, Status.SNAKE, 0.01
7006, 6, 40, Status.SNAKE, 0.01
7007, 19, 142, Status.SNAKE, 0.01
7008, 14, 102, Status.SNAKE, 0.01
7009, 1, 13, Status.WALL, 0.01
7010, 11, 91, Status.WALL, 0.01
7011, 19, 114, Status.SNAKE, 0.01
7012, 8, 58, Status.SNAKE, 0.01
7013, 8, 61, Status.SNAKE, 0.01
7014, 3, 22, Status.WALL, 0.01
7015, 5, 36, Status.WALL, 0.01
7016, 10, 82, Status.SNAKE, 0.01
7017, 15, 124, Status.SNAKE, 0.01
7018, 10, 52, Status.SNAKE, 0.01
7019, 8, 46, Status.SNAKE, 0.01
7020, 8, 56, Status.WALL, 0.01
7021, 3, 24, Status.WALL, 0.01
7022, 11, 69, Status.SNAKE, 0.01
7023, 5, 40, Status.SNAKE, 0.01
7024, 8, 69, Status.SNAKE, 0.01
7025, 17, 120, Status.SNAKE, 0.01
7026, 4, 25, Status.SNAKE, 0.01
7027, 12, 84, Status.SNAKE, 0.01
7028, 15, 120, Status.SNAKE, 0.01
7029, 12, 98, Status.SNAKE, 0.01
7030, 5, 24, Status.SNAKE, 0.01
7031, 10, 74, Status.SNAKE, 0.01
7032, 10, 69, Status.SNAKE, 0.01
7033, 8, 63, Status.SNAKE, 0.01
7034, 6, 60, Status.WALL, 0.01
7035, 15, 110, Status.SNAKE, 0.01
7036, 6, 41, Status.WALL, 0.01
7037, 13, 92, Status.WALL, 0.01
7038, 11, 82, Status.WALL, 0.01
7039, 9, 61, Status.SNAKE, 0.01
7040, 9, 55, Status.WALL, 0.01
7041, 9, 58, Status.SNAKE, 0.01
7042, 13, 69, Status.SNAKE, 0.01
7043, 4, 27, Status.SNAKE, 0.01
7044, 6, 51, Status.WALL, 0.01
7045, 16, 124, Status.SNAKE, 0.01
7046, 14, 101, Status.SNAKE, 0.01
7047, 6, 50, Status.SNAKE, 0.01
7048, 15, 99, Status.SNAKE, 0.01
7049, 6, 37, Status.SNAKE, 0.01
7050, 6, 53, Status.SNAKE, 0.01
7051, 16, 95, Status.SNAKE, 0.01
7052, 11, 77, Status.SNAKE, 0.01
7053, 10, 66, Status.SNAKE, 0.01
7054, 4, 30, Status.WALL, 0.01
7055, 3, 18, Status.SNAKE, 0.01
7056, 16, 92, Status.SNAKE, 0.01
7057, 6, 47, Status.SNAKE, 0.01
7058, 1, 11, Status.WALL, 0.01
7059, 8, 54, Status.WALL, 0.01
7060, 5, 32, Status.SNAKE, 0.01
7061, 13, 88, Status.SNAKE, 0.01
7062, 11, 84, Status.SNAKE, 0.01
7063, 10, 69, Status.SNAKE, 0.01
7064, 13, 102, Status.SNAKE, 0.01
7065, 13, 98, Status.SNAKE, 0.01
7066, 7, 43, Status.SNAKE, 0.01
7067, 12, 88, Status.SNAKE, 0.01
7068, 12, 73, Status.SNAKE, 0.01
7069, 2, 17, Status.SNAKE, 0.01
7070, 5, 40, Status.SNAKE, 0.01
7071, 11, 74, Status.SNAKE, 0.01
7072, 9, 67, Status.SNAKE, 0.01
7073, 11, 80, Status.SNAKE, 0.01
7074, 2, 8, Status.SNAKE, 0.01
7075, 9, 62, Status.WALL, 0.01
7076, 4, 27, Status.SNAKE, 0.01
7077, 13, 88, Status.SNAKE, 0.01
7078, 9, 54, Status.SNAKE, 0.01
7079, 12, 67, Status.SNAKE, 0.01
7080, 1, 3, Status.SNAKE, 0.01
7081, 10, 85, Status.SNAKE, 0.01
7082, 16, 96, Status.SNAKE, 0.01
7083, 6, 36, Status.SNAKE, 0.01
7084, 14, 85, Status.SNAKE, 0.01
7085, 13, 86, Status.SNAKE, 0.01
7086, 5, 27, Status.WALL, 0.01
7087, 4, 30, Status.SNAKE, 0.01
7088, 12, 85, Status.SNAKE, 0.01
7089, 3, 15, Status.SNAKE, 0.01
7090, 10, 60, Status.SNAKE, 0.01
7091, 17, 114, Status.SNAKE, 0.01
7092, 23, 138, Status.SNAKE, 0.01
7093, 8, 49, Status.SNAKE, 0.01
7094, 8, 47, Status.WALL, 0.01
7095, 12, 90, Status.SNAKE, 0.01
7096, 17, 123, Status.SNAKE, 0.01
7097, 9, 68, Status.SNAKE, 0.01
7098, 8, 53, Status.SNAKE, 0.01
7099, 17, 105, Status.SNAKE, 0.01
7100, 6, 30, Status.SNAKE, 0.01
7101, 9, 71, Status.SNAKE, 0.01
7102, 9, 59, Status.SNAKE, 0.01
7103, 10, 68, Status.SNAKE, 0.01
7104, 8, 52, Status.SNAKE, 0.01
7105, 13, 84, Status.SNAKE, 0.01
7106, 17, 88, Status.SNAKE, 0.01
7107, 2, 12, Status.SNAKE, 0.01
7108, 8, 58, Status.SNAKE, 0.01
7109, 3, 16, Status.SNAKE, 0.01
7110, 8, 56, Status.WALL, 0.01
7111, 7, 47, Status.SNAKE, 0.01
7112, 13, 76, Status.SNAKE, 0.01
7113, 13, 86, Status.SNAKE, 0.01
7114, 10, 92, Status.SNAKE, 0.01
7115, 6, 36, Status.SNAKE, 0.01
7116, 12, 55, Status.WALL, 0.01
7117, 3, 26, Status.WALL, 0.01
7118, 11, 68, Status.SNAKE, 0.01
7119, 2, 13, Status.SNAKE, 0.01
7120, 6, 37, Status.SNAKE, 0.01
7121, 4, 25, Status.SNAKE, 0.01
7122, 4, 26, Status.WALL, 0.01
7123, 8, 58, Status.SNAKE, 0.01
7124, 6, 42, Status.WALL, 0.01
7125, 9, 68, Status.SNAKE, 0.01
7126, 9, 51, Status.SNAKE, 0.01
7127, 3, 9, Status.SNAKE, 0.01
7128, 6, 34, Status.SNAKE, 0.01
7129, 23, 148, Status.SNAKE, 0.01
7130, 7, 59, Status.SNAKE, 0.01
7131, 8, 54, Status.WALL, 0.01
7132, 5, 25, Status.SNAKE, 0.01
7133, 11, 60, Status.SNAKE, 0.01
7134, 5, 29, Status.SNAKE, 0.01
7135, 11, 108, Status.SNAKE, 0.01
7136, 2, 21, Status.SNAKE, 0.01
7137, 7, 42, Status.SNAKE, 0.01
7138, 8, 51, Status.SNAKE, 0.01
7139, 11, 56, Status.WALL, 0.01
7140, 5, 40, Status.SNAKE, 0.01
7141, 11, 69, Status.SNAKE, 0.01
7142, 6, 41, Status.SNAKE, 0.01
7143, 14, 73, Status.SNAKE, 0.01
7144, 11, 73, Status.WALL, 0.01
7145, 11, 60, Status.WALL, 0.01
7146, 12, 72, Status.SNAKE, 0.01
7147, 9, 59, Status.SNAKE, 0.01
7148, 18, 122, Status.SNAKE, 0.01
7149, 5, 38, Status.SNAKE, 0.01
7150, 6, 31, Status.SNAKE, 0.01
7151, 5, 34, Status.SNAKE, 0.01
7152, 10, 68, Status.WALL, 0.01
7153, 16, 107, Status.SNAKE, 0.01
7154, 15, 104, Status.SNAKE, 0.01
7155, 4, 26, Status.SNAKE, 0.01
7156, 6, 35, Status.SNAKE, 0.01
7157, 18, 141, Status.SNAKE, 0.01
7158, 11, 61, Status.SNAKE, 0.01
7159, 2, 16, Status.SNAKE, 0.01
7160, 5, 49, Status.SNAKE, 0.01
7161, 4, 22, Status.SNAKE, 0.01
7162, 7, 56, Status.SNAKE, 0.01
7163, 8, 51, Status.SNAKE, 0.01
7164, 2, 16, Status.WALL, 0.01
7165, 9, 49, Status.WALL, 0.01
7166, 4, 30, Status.WALL, 0.01
7167, 7, 46, Status.SNAKE, 0.01
7168, 14, 112, Status.WALL, 0.01
7169, 3, 18, Status.SNAKE, 0.01
7170, 9, 76, Status.SNAKE, 0.01
7171, 10, 83, Status.SNAKE, 0.01
7172, 10, 41, Status.SNAKE, 0.01
7173, 12, 87, Status.SNAKE, 0.01
7174, 12, 56, Status.SNAKE, 0.01
7175, 18, 100, Status.SNAKE, 0.01
7176, 15, 104, Status.SNAKE, 0.01
7177, 1, 3, Status.SNAKE, 0.01
7178, 10, 53, Status.SNAKE, 0.01
7179, 9, 60, Status.SNAKE, 0.01
7180, 1, 5, Status.SNAKE, 0.01
7181, 9, 64, Status.SNAKE, 0.01
7182, 10, 76, Status.SNAKE, 0.01
7183, 14, 69, Status.SNAKE, 0.01
7184, 12, 104, Status.SNAKE, 0.01
7185, 10, 78, Status.SNAKE, 0.01
7186, 1, 3, Status.SNAKE, 0.01
7187, 10, 71, Status.SNAKE, 0.01
7188, 11, 92, Status.SNAKE, 0.01
7189, 18, 94, Status.SNAKE, 0.01
7190, 12, 113, Status.WALL, 0.01
7191, 13, 58, Status.SNAKE, 0.01
7192, 6, 43, Status.SNAKE, 0.01
7193, 9, 68, Status.WALL, 0.01
7194, 4, 19, Status.SNAKE, 0.01
7195, 4, 19, Status.WALL, 0.01
7196, 5, 40, Status.WALL, 0.01
7197, 13, 108, Status.SNAKE, 0.01
7198, 12, 75, Status.SNAKE, 0.01
7199, 6, 48, Status.WALL, 0.01
7200, 22, 142, Status.SNAKE, 0.01
7201, 9, 53, Status.SNAKE, 0.01
7202, 5, 36, Status.SNAKE, 0.01
7203, 12, 92, Status.WALL, 0.01
7204, 7, 31, Status.SNAKE, 0.01
7205, 17, 119, Status.SNAKE, 0.01
7206, 16, 121, Status.SNAKE, 0.01
7207, 6, 34, Status.SNAKE, 0.01
7208, 14, 90, Status.WALL, 0.01
7209, 2, 10, Status.WALL, 0.01
7210, 18, 97, Status.SNAKE, 0.01
7211, 9, 60, Status.SNAKE, 0.01
7212, 10, 64, Status.SNAKE, 0.01
7213, 14, 109, Status.SNAKE, 0.01
7214, 9, 52, Status.SNAKE, 0.01
7215, 7, 35, Status.SNAKE, 0.01
7216, 21, 131, Status.SNAKE, 0.01
7217, 8, 56, Status.WALL, 0.01
7218, 4, 14, Status.SNAKE, 0.01
7219, 10, 58, Status.SNAKE, 0.01
7220, 7, 64, Status.SNAKE, 0.01
7221, 7, 54, Status.SNAKE, 0.01
7222, 11, 67, Status.SNAKE, 0.01
7223, 16, 83, Status.SNAKE, 0.01
7224, 5, 35, Status.WALL, 0.01
7225, 8, 39, Status.SNAKE, 0.01
7226, 2, 14, Status.SNAKE, 0.01
7227, 13, 83, Status.SNAKE, 0.01
7228, 12, 70, Status.SNAKE, 0.01
7229, 6, 38, Status.SNAKE, 0.01
7230, 4, 23, Status.SNAKE, 0.01
7231, 9, 75, Status.SNAKE, 0.01
7232, 6, 33, Status.SNAKE, 0.01
7233, 1, 7, Status.WALL, 0.01
7234, 16, 122, Status.SNAKE, 0.01
7235, 6, 33, Status.WALL, 0.01
7236, 3, 23, Status.SNAKE, 0.01
7237, 11, 59, Status.SNAKE, 0.01
7238, 9, 65, Status.WALL, 0.01
7239, 9, 71, Status.WALL, 0.01
7240, 8, 63, Status.SNAKE, 0.01
7241, 7, 39, Status.SNAKE, 0.01
7242, 10, 49, Status.SNAKE, 0.01
7243, 6, 28, Status.SNAKE, 0.01
7244, 16, 82, Status.SNAKE, 0.01
7245, 10, 67, Status.SNAKE, 0.01
7246, 6, 44, Status.SNAKE, 0.01
7247, 10, 54, Status.SNAKE, 0.01
7248, 4, 31, Status.SNAKE, 0.01
7249, 6, 54, Status.SNAKE, 0.01
7250, 7, 51, Status.SNAKE, 0.01
7251, 9, 74, Status.SNAKE, 0.01
7252, 10, 80, Status.WALL, 0.01
7253, 7, 40, Status.SNAKE, 0.01
7254, 19, 107, Status.SNAKE, 0.01
7255, 3, 40, Status.WALL, 0.01
7256, 2, 19, Status.SNAKE, 0.01
7257, 6, 36, Status.WALL, 0.01
7258, 9, 63, Status.SNAKE, 0.01
7259, 14, 104, Status.SNAKE, 0.01
7260, 10, 59, Status.SNAKE, 0.01
7261, 8, 40, Status.SNAKE, 0.01
7262, 5, 47, Status.SNAKE, 0.01
7263, 2, 20, Status.WALL, 0.01
7264, 8, 35, Status.SNAKE, 0.01
7265, 10, 61, Status.SNAKE, 0.01
7266, 9, 50, Status.SNAKE, 0.01
7267, 14, 91, Status.WALL, 0.01
7268, 6, 41, Status.SNAKE, 0.01
7269, 15, 109, Status.SNAKE, 0.01
7270, 5, 44, Status.WALL, 0.01
7271, 12, 72, Status.SNAKE, 0.01
7272, 8, 49, Status.SNAKE, 0.01
7273, 9, 55, Status.SNAKE, 0.01
7274, 6, 43, Status.SNAKE, 0.01
7275, 14, 100, Status.SNAKE, 0.01
7276, 15, 103, Status.SNAKE, 0.01
7277, 4, 29, Status.SNAKE, 0.01
7278, 12, 87, Status.SNAKE, 0.01
7279, 15, 81, Status.SNAKE, 0.01
7280, 9, 48, Status.WALL, 0.01
7281, 5, 30, Status.SNAKE, 0.01
7282, 9, 52, Status.WALL, 0.01
7283, 6, 45, Status.SNAKE, 0.01
7284, 11, 61, Status.SNAKE, 0.01
7285, 4, 39, Status.WALL, 0.01
7286, 2, 24, Status.WALL, 0.01
7287, 10, 57, Status.SNAKE, 0.01
7288, 5, 42, Status.SNAKE, 0.01
7289, 3, 27, Status.WALL, 0.01
7290, 15, 122, Status.WALL, 0.01
7291, 10, 82, Status.SNAKE, 0.01
7292, 9, 73, Status.SNAKE, 0.01
7293, 3, 22, Status.WALL, 0.01
7294, 12, 63, Status.SNAKE, 0.01
7295, 6, 53, Status.SNAKE, 0.01
7296, 10, 66, Status.SNAKE, 0.01
7297, 14, 92, Status.SNAKE, 0.01
7298, 9, 63, Status.SNAKE, 0.01
7299, 12, 68, Status.SNAKE, 0.01
7300, 7, 38, Status.SNAKE, 0.01
7301, 4, 19, Status.SNAKE, 0.01
7302, 7, 39, Status.SNAKE, 0.01
7303, 8, 62, Status.SNAKE, 0.01
7304, 16, 124, Status.SNAKE, 0.01
7305, 6, 56, Status.SNAKE, 0.01
7306, 8, 52, Status.SNAKE, 0.01
7307, 6, 30, Status.SNAKE, 0.01
7308, 6, 44, Status.WALL, 0.01
7309, 11, 86, Status.SNAKE, 0.01
7310, 11, 95, Status.WALL, 0.01
7311, 4, 24, Status.SNAKE, 0.01
7312, 11, 83, Status.SNAKE, 0.01
7313, 19, 93, Status.WALL, 0.01
7314, 16, 105, Status.SNAKE, 0.01
7315, 2, 13, Status.SNAKE, 0.01
7316, 16, 108, Status.SNAKE, 0.01
7317, 7, 59, Status.SNAKE, 0.01
7318, 4, 28, Status.WALL, 0.01
7319, 12, 87, Status.SNAKE, 0.01
7320, 7, 53, Status.SNAKE, 0.01
7321, 5, 29, Status.SNAKE, 0.01
7322, 11, 54, Status.SNAKE, 0.01
7323, 6, 40, Status.SNAKE, 0.01
7324, 11, 74, Status.SNAKE, 0.01
7325, 15, 94, Status.SNAKE, 0.01
7326, 11, 59, Status.SNAKE, 0.01
7327, 5, 35, Status.SNAKE, 0.01
7328, 14, 86, Status.WALL, 0.01
7329, 13, 100, Status.SNAKE, 0.01
7330, 16, 102, Status.SNAKE, 0.01
7331, 12, 61, Status.SNAKE, 0.01
7332, 13, 100, Status.SNAKE, 0.01
7333, 2, 14, Status.SNAKE, 0.01
7334, 12, 95, Status.SNAKE, 0.01
7335, 10, 51, Status.SNAKE, 0.01
7336, 9, 53, Status.SNAKE, 0.01
7337, 13, 87, Status.WALL, 0.01
7338, 9, 100, Status.WALL, 0.01
7339, 9, 78, Status.SNAKE, 0.01
7340, 3, 21, Status.SNAKE, 0.01
7341, 13, 84, Status.SNAKE, 0.01
7342, 5, 37, Status.SNAKE, 0.01
7343, 7, 57, Status.SNAKE, 0.01
7344, 7, 47, Status.WALL, 0.01
7345, 14, 139, Status.SNAKE, 0.01
7346, 4, 23, Status.SNAKE, 0.01
7347, 11, 56, Status.SNAKE, 0.01
7348, 5, 48, Status.WALL, 0.01
7349, 7, 53, Status.SNAKE, 0.01
7350, 15, 88, Status.SNAKE, 0.01
7351, 11, 64, Status.WALL, 0.01
7352, 11, 80, Status.SNAKE, 0.01
7353, 7, 36, Status.SNAKE, 0.01
7354, 4, 27, Status.WALL, 0.01
7355, 5, 30, Status.WALL, 0.01
7356, 9, 39, Status.SNAKE, 0.01
7357, 14, 102, Status.SNAKE, 0.01
7358, 4, 26, Status.WALL, 0.01
7359, 11, 60, Status.SNAKE, 0.01
7360, 6, 44, Status.SNAKE, 0.01
7361, 11, 57, Status.SNAKE, 0.01
7362, 19, 120, Status.SNAKE, 0.01
7363, 8, 71, Status.SNAKE, 0.01
7364, 13, 72, Status.SNAKE, 0.01
7365, 13, 93, Status.SNAKE, 0.01
7366, 5, 33, Status.SNAKE, 0.01
7367, 14, 99, Status.SNAKE, 0.01
7368, 4, 19, Status.SNAKE, 0.01
7369, 5, 37, Status.SNAKE, 0.01
7370, 7, 53, Status.SNAKE, 0.01
7371, 12, 87, Status.WALL, 0.01
7372, 10, 59, Status.SNAKE, 0.01
7373, 3, 25, Status.WALL, 0.01
7374, 13, 84, Status.SNAKE, 0.01
7375, 14, 120, Status.SNAKE, 0.01
7376, 1, 5, Status.SNAKE, 0.01
7377, 14, 96, Status.WALL, 0.01
7378, 4, 30, Status.SNAKE, 0.01
7379, 15, 82, Status.SNAKE, 0.01
7380, 13, 99, Status.SNAKE, 0.01
7381, 13, 105, Status.SNAKE, 0.01
7382, 2, 12, Status.SNAKE, 0.01
7383, 22, 153, Status.SNAKE, 0.01
7384, 11, 107, Status.SNAKE, 0.01
7385, 12, 76, Status.WALL, 0.01
7386, 7, 62, Status.WALL, 0.01
7387, 1, 5, Status.SNAKE, 0.01
7388, 6, 47, Status.WALL, 0.01
7389, 4, 24, Status.SNAKE, 0.01
7390, 15, 91, Status.SNAKE, 0.01
7391, 3, 18, Status.SNAKE, 0.01
7392, 7, 45, Status.SNAKE, 0.01
7393, 13, 91, Status.WALL, 0.01
7394, 9, 50, Status.SNAKE, 0.01
7395, 17, 104, Status.SNAKE, 0.01
7396, 18, 139, Status.SNAKE, 0.01
7397, 3, 19, Status.WALL, 0.01
7398, 10, 61, Status.SNAKE, 0.01
7399, 2, 12, Status.SNAKE, 0.01
7400, 2, 8, Status.WALL, 0.01
7401, 10, 71, Status.WALL, 0.01
7402, 10, 86, Status.SNAKE, 0.01
7403, 8, 50, Status.SNAKE, 0.01
7404, 4, 14, Status.SNAKE, 0.01
7405, 5, 28, Status.SNAKE, 0.01
7406, 6, 50, Status.WALL, 0.01
7407, 5, 38, Status.WALL, 0.01
7408, 13, 112, Status.SNAKE, 0.01
7409, 13, 129, Status.WALL, 0.01
7410, 3, 22, Status.WALL, 0.01
7411, 15, 110, Status.SNAKE, 0.01
7412, 9, 46, Status.WALL, 0.01
7413, 12, 89, Status.SNAKE, 0.01
7414, 8, 50, Status.WALL, 0.01
7415, 6, 30, Status.WALL, 0.01
7416, 7, 43, Status.SNAKE, 0.01
7417, 5, 24, Status.SNAKE, 0.01
7418, 12, 80, Status.SNAKE, 0.01
7419, 18, 122, Status.SNAKE, 0.01
7420, 7, 29, Status.SNAKE, 0.01
7421, 15, 96, Status.SNAKE, 0.01
7422, 12, 87, Status.SNAKE, 0.01
7423, 15, 112, Status.SNAKE, 0.01
7424, 4, 18, Status.SNAKE, 0.01
7425, 11, 91, Status.SNAKE, 0.01
7426, 5, 41, Status.SNAKE, 0.01
7427, 13, 96, Status.WALL, 0.01
7428, 12, 57, Status.SNAKE, 0.01
7429, 9, 61, Status.SNAKE, 0.01
7430, 9, 48, Status.SNAKE, 0.01
7431, 12, 75, Status.SNAKE, 0.01
7432, 5, 27, Status.SNAKE, 0.01
7433, 8, 56, Status.SNAKE, 0.01
7434, 12, 67, Status.SNAKE, 0.01
7435, 7, 45, Status.SNAKE, 0.01
7436, 11, 67, Status.WALL, 0.01
7437, 6, 33, Status.SNAKE, 0.01
7438, 11, 71, Status.SNAKE, 0.01
7439, 5, 34, Status.SNAKE, 0.01
7440, 9, 82, Status.SNAKE, 0.01
7441, 11, 82, Status.SNAKE, 0.01
7442, 13, 100, Status.SNAKE, 0.01
7443, 7, 48, Status.WALL, 0.01
7444, 10, 74, Status.SNAKE, 0.01
7445, 1, 7, Status.WALL, 0.01
7446, 9, 44, Status.WALL, 0.01
7447, 13, 71, Status.SNAKE, 0.01
7448, 17, 108, Status.SNAKE, 0.01
7449, 5, 25, Status.SNAKE, 0.01
7450, 11, 67, Status.SNAKE, 0.01
7451, 7, 54, Status.WALL, 0.01
7452, 6, 48, Status.WALL, 0.01
7453, 12, 68, Status.SNAKE, 0.01
7454, 1, 6, Status.SNAKE, 0.01
7455, 5, 27, Status.SNAKE, 0.01
7456, 5, 32, Status.SNAKE, 0.01
7457, 9, 53, Status.SNAKE, 0.01
7458, 0, 8, Status.WALL, 0.01
7459, 4, 17, Status.WALL, 0.01
7460, 9, 73, Status.SNAKE, 0.01
7461, 10, 75, Status.WALL, 0.01
7462, 3, 24, Status.WALL, 0.01
7463, 9, 72, Status.WALL, 0.01
7464, 8, 59, Status.SNAKE, 0.01
7465, 9, 59, Status.WALL, 0.01
7466, 6, 37, Status.WALL, 0.01
7467, 5, 13, Status.SNAKE, 0.01
7468, 4, 24, Status.WALL, 0.01
7469, 1, 5, Status.SNAKE, 0.01
7470, 2, 16, Status.WALL, 0.01
7471, 2, 17, Status.SNAKE, 0.01
7472, 11, 70, Status.SNAKE, 0.01
7473, 9, 78, Status.WALL, 0.01
7474, 3, 15, Status.SNAKE, 0.01
7475, 15, 114, Status.SNAKE, 0.01
7476, 14, 112, Status.WALL, 0.01
7477, 6, 24, Status.WALL, 0.01
7478, 4, 20, Status.SNAKE, 0.01
7479, 5, 17, Status.SNAKE, 0.01
7480, 10, 66, Status.SNAKE, 0.01
7481, 6, 30, Status.WALL, 0.01
7482, 2, 14, Status.WALL, 0.01
7483, 6, 41, Status.SNAKE, 0.01
7484, 17, 158, Status.WALL, 0.01
7485, 3, 8, Status.SNAKE, 0.01
7486, 4, 29, Status.SNAKE, 0.01
7487, 6, 44, Status.SNAKE, 0.01
7488, 15, 112, Status.SNAKE, 0.01
7489, 7, 40, Status.WALL, 0.01
7490, 8, 42, Status.SNAKE, 0.01
7491, 7, 49, Status.SNAKE, 0.01
7492, 9, 64, Status.SNAKE, 0.01
7493, 5, 24, Status.SNAKE, 0.01
7494, 8, 51, Status.SNAKE, 0.01
7495, 9, 50, Status.SNAKE, 0.01
7496, 12, 87, Status.SNAKE, 0.01
7497, 3, 15, Status.SNAKE, 0.01
7498, 4, 30, Status.SNAKE, 0.01
7499, 9, 73, Status.SNAKE, 0.01
7500, 8, 47, Status.WALL, 0.01
7501, 7, 37, Status.SNAKE, 0.01
7502, 7, 39, Status.SNAKE, 0.01
7503, 6, 32, Status.WALL, 0.01
7504, 8, 29, Status.SNAKE, 0.01
7505, 10, 66, Status.SNAKE, 0.01
7506, 5, 34, Status.WALL, 0.01
7507, 7, 37, Status.SNAKE, 0.01
7508, 6, 42, Status.SNAKE, 0.01
7509, 13, 75, Status.WALL, 0.01
7510, 9, 66, Status.SNAKE, 0.01
7511, 5, 29, Status.SNAKE, 0.01
7512, 1, 5, Status.SNAKE, 0.01
7513, 4, 18, Status.SNAKE, 0.01
7514, 2, 18, Status.SNAKE, 0.01
7515, 11, 55, Status.WALL, 0.01
7516, 12, 76, Status.SNAKE, 0.01
7517, 12, 81, Status.SNAKE, 0.01
7518, 18, 118, Status.SNAKE, 0.01
7519, 5, 29, Status.SNAKE, 0.01
7520, 10, 65, Status.SNAKE, 0.01
7521, 14, 84, Status.SNAKE, 0.01
7522, 12, 64, Status.SNAKE, 0.01
7523, 10, 63, Status.SNAKE, 0.01
7524, 8, 53, Status.WALL, 0.01
7525, 8, 51, Status.SNAKE, 0.01
7526, 3, 13, Status.WALL, 0.01
7527, 10, 61, Status.SNAKE, 0.01
7528, 13, 83, Status.SNAKE, 0.01
7529, 18, 118, Status.WALL, 0.01
7530, 4, 31, Status.WALL, 0.01
7531, 13, 76, Status.SNAKE, 0.01
7532, 9, 70, Status.SNAKE, 0.01
7533, 5, 31, Status.SNAKE, 0.01
7534, 8, 55, Status.SNAKE, 0.01
7535, 5, 31, Status.SNAKE, 0.01
7536, 7, 43, Status.SNAKE, 0.01
7537, 16, 97, Status.SNAKE, 0.01
7538, 1, 12, Status.WALL, 0.01
7539, 2, 3, Status.SNAKE, 0.01
7540, 15, 95, Status.SNAKE, 0.01
7541, 11, 66, Status.WALL, 0.01
7542, 5, 35, Status.SNAKE, 0.01
7543, 1, 3, Status.SNAKE, 0.01
7544, 15, 98, Status.WALL, 0.01
7545, 13, 87, Status.SNAKE, 0.01
7546, 2, 11, Status.SNAKE, 0.01
7547, 21, 148, Status.SNAKE, 0.01
7548, 14, 116, Status.SNAKE, 0.01
7549, 17, 132, Status.SNAKE, 0.01
7550, 2, 15, Status.SNAKE, 0.01
7551, 14, 78, Status.SNAKE, 0.01
7552, 13, 76, Status.WALL, 0.01
7553, 14, 93, Status.SNAKE, 0.01
7554, 13, 105, Status.SNAKE, 0.01
7555, 6, 37, Status.SNAKE, 0.01
7556, 2, 15, Status.SNAKE, 0.01
7557, 8, 52, Status.SNAKE, 0.01
7558, 3, 18, Status.SNAKE, 0.01
7559, 3, 17, Status.SNAKE, 0.01
7560, 15, 119, Status.SNAKE, 0.01
7561, 4, 23, Status.SNAKE, 0.01
7562, 5, 23, Status.SNAKE, 0.01
7563, 10, 58, Status.SNAKE, 0.01
7564, 3, 22, Status.SNAKE, 0.01
7565, 10, 66, Status.SNAKE, 0.01
7566, 6, 23, Status.SNAKE, 0.01
7567, 6, 38, Status.SNAKE, 0.01
7568, 5, 32, Status.SNAKE, 0.01
7569, 1, 14, Status.WALL, 0.01
7570, 1, 8, Status.WALL, 0.01
7571, 5, 29, Status.SNAKE, 0.01
7572, 8, 58, Status.SNAKE, 0.01
7573, 14, 96, Status.SNAKE, 0.01
7574, 5, 29, Status.SNAKE, 0.01
7575, 7, 34, Status.WALL, 0.01
7576, 14, 115, Status.SNAKE, 0.01
7577, 10, 81, Status.SNAKE, 0.01
7578, 10, 64, Status.WALL, 0.01
7579, 8, 67, Status.SNAKE, 0.01
7580, 6, 28, Status.SNAKE, 0.01
7581, 14, 98, Status.SNAKE, 0.01
7582, 8, 65, Status.WALL, 0.01
7583, 3, 29, Status.SNAKE, 0.01
7584, 17, 97, Status.SNAKE, 0.01
7585, 7, 46, Status.SNAKE, 0.01
7586, 13, 76, Status.SNAKE, 0.01
7587, 17, 118, Status.SNAKE, 0.01
7588, 2, 10, Status.SNAKE, 0.01
7589, 9, 72, Status.SNAKE, 0.01
7590, 2, 17, Status.SNAKE, 0.01
7591, 1, 6, Status.SNAKE, 0.01
7592, 2, 19, Status.SNAKE, 0.01
7593, 13, 89, Status.SNAKE, 0.01
7594, 9, 62, Status.SNAKE, 0.01
7595, 14, 100, Status.SNAKE, 0.01
7596, 11, 62, Status.SNAKE, 0.01
7597, 5, 53, Status.SNAKE, 0.01
7598, 9, 51, Status.SNAKE, 0.01
7599, 7, 49, Status.SNAKE, 0.01
7600, 15, 99, Status.SNAKE, 0.01
7601, 8, 42, Status.WALL, 0.01
7602, 1, 3, Status.SNAKE, 0.01
7603, 7, 40, Status.SNAKE, 0.01
7604, 13, 95, Status.WALL, 0.01
7605, 8, 45, Status.SNAKE, 0.01
7606, 5, 24, Status.SNAKE, 0.01
7607, 16, 119, Status.WALL, 0.01
7608, 7, 50, Status.SNAKE, 0.01
7609, 18, 136, Status.WALL, 0.01
7610, 9, 74, Status.SNAKE, 0.01
7611, 9, 56, Status.SNAKE, 0.01
7612, 14, 96, Status.SNAKE, 0.01
7613, 11, 60, Status.SNAKE, 0.01
7614, 7, 34, Status.SNAKE, 0.01
7615, 5, 32, Status.SNAKE, 0.01
7616, 5, 31, Status.SNAKE, 0.01
7617, 10, 83, Status.SNAKE, 0.01
7618, 1, 5, Status.SNAKE, 0.01
7619, 6, 35, Status.SNAKE, 0.01
7620, 5, 36, Status.SNAKE, 0.01
7621, 12, 88, Status.WALL, 0.01
7622, 2, 14, Status.WALL, 0.01
7623, 7, 55, Status.SNAKE, 0.01
7624, 11, 90, Status.SNAKE, 0.01
7625, 7, 43, Status.SNAKE, 0.01
7626, 2, 10, Status.SNAKE, 0.01
7627, 5, 27, Status.SNAKE, 0.01
7628, 12, 106, Status.SNAKE, 0.01
7629, 5, 26, Status.SNAKE, 0.01
7630, 17, 102, Status.WALL, 0.01
7631, 2, 13, Status.SNAKE, 0.01
7632, 2, 16, Status.SNAKE, 0.01
7633, 8, 60, Status.SNAKE, 0.01
7634, 4, 41, Status.WALL, 0.01
7635, 3, 25, Status.SNAKE, 0.01
7636, 7, 35, Status.SNAKE, 0.01
7637, 4, 39, Status.WALL, 0.01
7638, 9, 57, Status.SNAKE, 0.01
7639, 10, 71, Status.SNAKE, 0.01
7640, 10, 54, Status.SNAKE, 0.01
7641, 6, 26, Status.WALL, 0.01
7642, 7, 49, Status.SNAKE, 0.01
7643, 5, 27, Status.SNAKE, 0.01
7644, 14, 102, Status.SNAKE, 0.01
7645, 7, 47, Status.SNAKE, 0.01
7646, 9, 49, Status.SNAKE, 0.01
7647, 10, 73, Status.SNAKE, 0.01
7648, 10, 63, Status.SNAKE, 0.01
7649, 7, 51, Status.SNAKE, 0.01
7650, 12, 89, Status.WALL, 0.01
7651, 11, 81, Status.SNAKE, 0.01
7652, 7, 60, Status.SNAKE, 0.01
7653, 6, 41, Status.SNAKE, 0.01
7654, 11, 97, Status.SNAKE, 0.01
7655, 7, 39, Status.WALL, 0.01
7656, 13, 94, Status.SNAKE, 0.01
7657, 4, 44, Status.WALL, 0.01
7658, 6, 42, Status.SNAKE, 0.01
7659, 3, 26, Status.SNAKE, 0.01
7660, 10, 56, Status.SNAKE, 0.01
7661, 7, 47, Status.SNAKE, 0.01
7662, 8, 62, Status.SNAKE, 0.01
7663, 6, 33, Status.SNAKE, 0.01
7664, 8, 55, Status.SNAKE, 0.01
7665, 15, 111, Status.SNAKE, 0.01
7666, 3, 16, Status.SNAKE, 0.01
7667, 15, 103, Status.SNAKE, 0.01
7668, 9, 52, Status.SNAKE, 0.01
7669, 5, 36, Status.WALL, 0.01
7670, 6, 39, Status.SNAKE, 0.01
7671, 3, 15, Status.SNAKE, 0.01
7672, 3, 22, Status.SNAKE, 0.01
7673, 7, 53, Status.SNAKE, 0.01
7674, 19, 117, Status.SNAKE, 0.01
7675, 5, 26, Status.SNAKE, 0.01
7676, 7, 54, Status.SNAKE, 0.01
7677, 7, 50, Status.SNAKE, 0.01
7678, 8, 57, Status.SNAKE, 0.01
7679, 6, 41, Status.WALL, 0.01
7680, 9, 52, Status.SNAKE, 0.01
7681, 8, 38, Status.WALL, 0.01
7682, 8, 27, Status.SNAKE, 0.01
7683, 9, 62, Status.SNAKE, 0.01
7684, 11, 66, Status.SNAKE, 0.01
7685, 9, 63, Status.SNAKE, 0.01
7686, 6, 47, Status.WALL, 0.01
7687, 14, 123, Status.SNAKE, 0.01
7688, 11, 67, Status.SNAKE, 0.01
7689, 10, 70, Status.SNAKE, 0.01
7690, 3, 25, Status.WALL, 0.01
7691, 5, 26, Status.SNAKE, 0.01
7692, 13, 105, Status.SNAKE, 0.01
7693, 2, 7, Status.WALL, 0.01
7694, 10, 65, Status.SNAKE, 0.01
7695, 7, 40, Status.SNAKE, 0.01
7696, 9, 58, Status.SNAKE, 0.01
7697, 6, 31, Status.SNAKE, 0.01
7698, 7, 41, Status.WALL, 0.01
7699, 4, 29, Status.SNAKE, 0.01
7700, 8, 52, Status.SNAKE, 0.01
7701, 9, 73, Status.SNAKE, 0.01
7702, 11, 57, Status.SNAKE, 0.01
7703, 9, 72, Status.SNAKE, 0.01
7704, 0, 5, Status.WALL, 0.01
7705, 2, 22, Status.WALL, 0.01
7706, 11, 74, Status.SNAKE, 0.01
7707, 8, 57, Status.WALL, 0.01
7708, 3, 44, Status.WALL, 0.01
7709, 7, 46, Status.SNAKE, 0.01
7710, 17, 103, Status.SNAKE, 0.01
7711, 10, 61, Status.SNAKE, 0.01
7712, 8, 44, Status.SNAKE, 0.01
7713, 2, 10, Status.SNAKE, 0.01
7714, 9, 52, Status.SNAKE, 0.01
7715, 3, 10, Status.WALL, 0.01
7716, 5, 17, Status.SNAKE, 0.01
7717, 10, 70, Status.SNAKE, 0.01
7718, 10, 58, Status.WALL, 0.01
7719, 5, 44, Status.SNAKE, 0.01
7720, 15, 82, Status.WALL, 0.01
7721, 11, 67, Status.SNAKE, 0.01
7722, 6, 36, Status.SNAKE, 0.01
7723, 11, 63, Status.SNAKE, 0.01
7724, 6, 41, Status.WALL, 0.01
7725, 5, 34, Status.SNAKE, 0.01
7726, 16, 120, Status.SNAKE, 0.01
7727, 13, 78, Status.SNAKE, 0.01
7728, 7, 48, Status.SNAKE, 0.01
7729, 8, 40, Status.WALL, 0.01
7730, 6, 47, Status.SNAKE, 0.01
7731, 15, 106, Status.WALL, 0.01
7732, 8, 41, Status.SNAKE, 0.01
7733, 7, 58, Status.SNAKE, 0.01
7734, 2, 15, Status.SNAKE, 0.01
7735, 14, 141, Status.SNAKE, 0.01
7736, 6, 20, Status.WALL, 0.01
7737, 10, 52, Status.WALL, 0.01
7738, 14, 94, Status.SNAKE, 0.01
7739, 13, 98, Status.WALL, 0.01
7740, 8, 67, Status.SNAKE, 0.01
7741, 12, 90, Status.SNAKE, 0.01
7742, 11, 94, Status.SNAKE, 0.01
7743, 14, 99, Status.SNAKE, 0.01
7744, 12, 85, Status.SNAKE, 0.01
7745, 11, 86, Status.WALL, 0.01
7746, 5, 17, Status.SNAKE, 0.01
7747, 14, 83, Status.SNAKE, 0.01
7748, 14, 102, Status.SNAKE, 0.01
7749, 4, 24, Status.SNAKE, 0.01
7750, 4, 28, Status.WALL, 0.01
7751, 6, 35, Status.SNAKE, 0.01
7752, 13, 83, Status.SNAKE, 0.01
7753, 3, 34, Status.WALL, 0.01
7754, 11, 86, Status.SNAKE, 0.01
7755, 17, 117, Status.SNAKE, 0.01
7756, 14, 90, Status.SNAKE, 0.01
7757, 9, 70, Status.SNAKE, 0.01
7758, 7, 45, Status.WALL, 0.01
7759, 21, 130, Status.WALL, 0.01
7760, 5, 35, Status.SNAKE, 0.01
7761, 9, 52, Status.SNAKE, 0.01
7762, 17, 146, Status.SNAKE, 0.01
7763, 5, 29, Status.SNAKE, 0.01
7764, 9, 62, Status.SNAKE, 0.01
7765, 4, 30, Status.WALL, 0.01
7766, 22, 148, Status.SNAKE, 0.01
7767, 15, 112, Status.WALL, 0.01
7768, 13, 93, Status.SNAKE, 0.01
7769, 8, 50, Status.WALL, 0.01
7770, 5, 39, Status.SNAKE, 0.01
7771, 17, 122, Status.SNAKE, 0.01
7772, 10, 58, Status.WALL, 0.01
7773, 12, 77, Status.SNAKE, 0.01
7774, 5, 42, Status.SNAKE, 0.01
7775, 15, 103, Status.SNAKE, 0.01
7776, 14, 84, Status.SNAKE, 0.01
7777, 10, 109, Status.WALL, 0.01
7778, 8, 60, Status.SNAKE, 0.01
7779, 10, 62, Status.SNAKE, 0.01
7780, 10, 53, Status.SNAKE, 0.01
7781, 5, 26, Status.SNAKE, 0.01
7782, 15, 103, Status.SNAKE, 0.01
7783, 15, 124, Status.SNAKE, 0.01
7784, 7, 52, Status.SNAKE, 0.01
7785, 6, 35, Status.SNAKE, 0.01
7786, 11, 63, Status.SNAKE, 0.01
7787, 7, 42, Status.SNAKE, 0.01
7788, 6, 31, Status.WALL, 0.01
7789, 6, 39, Status.SNAKE, 0.01
7790, 5, 24, Status.SNAKE, 0.01
7791, 5, 58, Status.SNAKE, 0.01
7792, 4, 20, Status.WALL, 0.01
7793, 9, 64, Status.SNAKE, 0.01
7794, 11, 83, Status.SNAKE, 0.01
7795, 3, 20, Status.WALL, 0.01
7796, 8, 43, Status.SNAKE, 0.01
7797, 2, 19, Status.WALL, 0.01
7798, 13, 90, Status.SNAKE, 0.01
7799, 4, 19, Status.WALL, 0.01
7800, 8, 48, Status.SNAKE, 0.01
7801, 1, 7, Status.SNAKE, 0.01
7802, 1, 6, Status.SNAKE, 0.01
7803, 16, 105, Status.SNAKE, 0.01
7804, 12, 91, Status.SNAKE, 0.01
7805, 12, 86, Status.SNAKE, 0.01
7806, 13, 90, Status.SNAKE, 0.01
7807, 6, 47, Status.SNAKE, 0.01
7808, 9, 61, Status.WALL, 0.01
7809, 3, 13, Status.SNAKE, 0.01
7810, 9, 68, Status.SNAKE, 0.01
7811, 6, 27, Status.SNAKE, 0.01
7812, 10, 68, Status.SNAKE, 0.01
7813, 10, 91, Status.SNAKE, 0.01
7814, 12, 91, Status.SNAKE, 0.01
7815, 11, 92, Status.SNAKE, 0.01
7816, 2, 16, Status.WALL, 0.01
7817, 12, 80, Status.SNAKE, 0.01
7818, 4, 31, Status.WALL, 0.01
7819, 10, 59, Status.SNAKE, 0.01
7820, 5, 31, Status.SNAKE, 0.01
7821, 9, 49, Status.SNAKE, 0.01
7822, 10, 73, Status.WALL, 0.01
7823, 11, 79, Status.WALL, 0.01
7824, 1, 3, Status.SNAKE, 0.01
7825, 7, 38, Status.SNAKE, 0.01
7826, 0, 4, Status.WALL, 0.01
7827, 8, 63, Status.SNAKE, 0.01
7828, 4, 42, Status.WALL, 0.01
7829, 9, 70, Status.SNAKE, 0.01
7830, 10, 74, Status.SNAKE, 0.01
7831, 1, 3, Status.SNAKE, 0.01
7832, 8, 54, Status.WALL, 0.01
7833, 6, 49, Status.SNAKE, 0.01
7834, 14, 124, Status.SNAKE, 0.01
7835, 13, 101, Status.SNAKE, 0.01
7836, 15, 97, Status.SNAKE, 0.01
7837, 12, 75, Status.SNAKE, 0.01
7838, 1, 7, Status.WALL, 0.01
7839, 9, 67, Status.SNAKE, 0.01
7840, 9, 63, Status.SNAKE, 0.01
7841, 6, 40, Status.SNAKE, 0.01
7842, 2, 13, Status.SNAKE, 0.01
7843, 5, 25, Status.SNAKE, 0.01
7844, 4, 30, Status.SNAKE, 0.01
7845, 9, 82, Status.SNAKE, 0.01
7846, 1, 5, Status.SNAKE, 0.01
7847, 18, 118, Status.SNAKE, 0.01
7848, 7, 29, Status.SNAKE, 0.01
7849, 2, 13, Status.WALL, 0.01
7850, 15, 100, Status.SNAKE, 0.01
7851, 16, 109, Status.SNAKE, 0.01
7852, 12, 70, Status.WALL, 0.01
7853, 5, 34, Status.WALL, 0.01
7854, 7, 69, Status.SNAKE, 0.01
7855, 15, 114, Status.SNAKE, 0.01
7856, 7, 40, Status.SNAKE, 0.01
7857, 4, 38, Status.SNAKE, 0.01
7858, 8, 65, Status.SNAKE, 0.01
7859, 5, 33, Status.WALL, 0.01
7860, 6, 44, Status.SNAKE, 0.01
7861, 5, 32, Status.SNAKE, 0.01
7862, 9, 65, Status.SNAKE, 0.01
7863, 11, 76, Status.SNAKE, 0.01
7864, 12, 100, Status.WALL, 0.01
7865, 7, 37, Status.WALL, 0.01
7866, 12, 65, Status.SNAKE, 0.01
7867, 15, 88, Status.SNAKE, 0.01
7868, 6, 56, Status.SNAKE, 0.01
7869, 5, 26, Status.WALL, 0.01
7870, 8, 67, Status.WALL, 0.01
7871, 12, 69, Status.WALL, 0.01
7872, 8, 49, Status.SNAKE, 0.01
7873, 8, 40, Status.SNAKE, 0.01
7874, 18, 96, Status.SNAKE, 0.01
7875, 12, 92, Status.SNAKE, 0.01
7876, 15, 98, Status.WALL, 0.01
7877, 7, 56, Status.SNAKE, 0.01
7878, 13, 118, Status.SNAKE, 0.01
7879, 11, 72, Status.SNAKE, 0.01
7880, 6, 28, Status.SNAKE, 0.01
7881, 20, 155, Status.SNAKE, 0.01
7882, 11, 72, Status.SNAKE, 0.01
7883, 5, 48, Status.WALL, 0.01
7884, 14, 92, Status.SNAKE, 0.01
7885, 7, 33, Status.SNAKE, 0.01
7886, 2, 15, Status.SNAKE, 0.01
7887, 9, 59, Status.SNAKE, 0.01
7888, 1, 5, Status.SNAKE, 0.01
7889, 7, 44, Status.SNAKE, 0.01
7890, 11, 88, Status.WALL, 0.01
7891, 3, 22, Status.SNAKE, 0.01
7892, 22, 162, Status.SNAKE, 0.01
7893, 9, 67, Status.WALL, 0.01
7894, 9, 59, Status.SNAKE, 0.01
7895, 7, 45, Status.SNAKE, 0.01
7896, 14, 114, Status.SNAKE, 0.01
7897, 7, 47, Status.SNAKE, 0.01
7898, 10, 71, Status.SNAKE, 0.01
7899, 4, 22, Status.SNAKE, 0.01
7900, 13, 93, Status.SNAKE, 0.01
7901, 9, 37, Status.WALL, 0.01
7902, 16, 93, Status.SNAKE, 0.01
7903, 8, 52, Status.SNAKE, 0.01
7904, 13, 108, Status.SNAKE, 0.01
7905, 8, 45, Status.SNAKE, 0.01
7906, 7, 45, Status.SNAKE, 0.01
7907, 8, 38, Status.SNAKE, 0.01
7908, 9, 71, Status.SNAKE, 0.01
7909, 10, 66, Status.WALL, 0.01
7910, 5, 29, Status.SNAKE, 0.01
7911, 7, 43, Status.WALL, 0.01
7912, 0, 5, Status.WALL, 0.01
7913, 5, 43, Status.SNAKE, 0.01
7914, 13, 106, Status.SNAKE, 0.01
7915, 9, 67, Status.SNAKE, 0.01
7916, 12, 104, Status.SNAKE, 0.01
7917, 9, 62, Status.SNAKE, 0.01
7918, 3, 31, Status.SNAKE, 0.01
7919, 8, 70, Status.SNAKE, 0.01
7920, 6, 56, Status.WALL, 0.01
7921, 5, 33, Status.SNAKE, 0.01
7922, 16, 90, Status.SNAKE, 0.01
7923, 10, 72, Status.SNAKE, 0.01
7924, 18, 139, Status.SNAKE, 0.01
7925, 12, 79, Status.SNAKE, 0.01
7926, 13, 106, Status.WALL, 0.01
7927, 10, 70, Status.SNAKE, 0.01
7928, 7, 36, Status.SNAKE, 0.01
7929, 7, 48, Status.SNAKE, 0.01
7930, 7, 40, Status.SNAKE, 0.01
7931, 6, 55, Status.SNAKE, 0.01
7932, 11, 71, Status.SNAKE, 0.01
7933, 9, 67, Status.SNAKE, 0.01
7934, 1, 19, Status.WALL, 0.01
7935, 10, 55, Status.SNAKE, 0.01
7936, 7, 58, Status.SNAKE, 0.01
7937, 4, 35, Status.SNAKE, 0.01
7938, 1, 13, Status.WALL, 0.01
7939, 7, 49, Status.SNAKE, 0.01
7940, 2, 12, Status.SNAKE, 0.01
7941, 1, 3, Status.SNAKE, 0.01
7942, 10, 69, Status.SNAKE, 0.01
7943, 1, 10, Status.WALL, 0.01
7944, 4, 20, Status.WALL, 0.01
7945, 4, 25, Status.WALL, 0.01
7946, 1, 7, Status.WALL, 0.01
7947, 6, 49, Status.WALL, 0.01
7948, 7, 59, Status.SNAKE, 0.01
7949, 8, 72, Status.SNAKE, 0.01
7950, 15, 105, Status.SNAKE, 0.01
7951, 3, 13, Status.SNAKE, 0.01
7952, 2, 15, Status.SNAKE, 0.01
7953, 12, 68, Status.SNAKE, 0.01
7954, 2, 11, Status.SNAKE, 0.01
7955, 8, 43, Status.SNAKE, 0.01
7956, 15, 115, Status.WALL, 0.01
7957, 10, 52, Status.SNAKE, 0.01
7958, 13, 93, Status.SNAKE, 0.01
7959, 5, 40, Status.SNAKE, 0.01
7960, 22, 150, Status.SNAKE, 0.01
7961, 15, 122, Status.SNAKE, 0.01
7962, 4, 22, Status.SNAKE, 0.01
7963, 10, 69, Status.SNAKE, 0.01
7964, 7, 37, Status.SNAKE, 0.01
7965, 2, 7, Status.SNAKE, 0.01
7966, 6, 44, Status.WALL, 0.01
7967, 8, 68, Status.SNAKE, 0.01
7968, 19, 174, Status.WALL, 0.01
7969, 14, 83, Status.SNAKE, 0.01
7970, 12, 96, Status.SNAKE, 0.01
7971, 12, 106, Status.SNAKE, 0.01
7972, 4, 27, Status.SNAKE, 0.01
7973, 14, 109, Status.WALL, 0.01
7974, 7, 57, Status.SNAKE, 0.01
7975, 10, 80, Status.WALL, 0.01
7976, 13, 99, Status.SNAKE, 0.01
7977, 7, 36, Status.SNAKE, 0.01
7978, 8, 49, Status.SNAKE, 0.01
7979, 7, 53, Status.SNAKE, 0.01
7980, 2, 11, Status.SNAKE, 0.01
7981, 10, 46, Status.WALL, 0.01
7982, 1, 3, Status.SNAKE, 0.01
7983, 12, 81, Status.SNAKE, 0.01
7984, 8, 72, Status.SNAKE, 0.01
7985, 10, 52, Status.SNAKE, 0.01
7986, 5, 47, Status.SNAKE, 0.01
7987, 5, 35, Status.SNAKE, 0.01
7988, 4, 31, Status.WALL, 0.01
7989, 9, 44, Status.SNAKE, 0.01
7990, 12, 69, Status.WALL, 0.01
7991, 1, 13, Status.WALL, 0.01
7992, 10, 73, Status.WALL, 0.01
7993, 8, 59, Status.SNAKE, 0.01
7994, 12, 76, Status.SNAKE, 0.01
7995, 11, 95, Status.SNAKE, 0.01
7996, 11, 75, Status.WALL, 0.01
7997, 10, 70, Status.SNAKE, 0.01
7998, 12, 73, Status.SNAKE, 0.01
7999, 9, 77, Status.SNAKE, 0.01
8000, 1, 8, Status.WALL, 0.01
8001, 9, 68, Status.SNAKE, 0.01
8002, 8, 70, Status.SNAKE, 0.01
8003, 8, 38, Status.SNAKE, 0.01
8004, 7, 55, Status.WALL, 0.01
8005, 7, 48, Status.SNAKE, 0.01
8006, 9, 48, Status.WALL, 0.01
8007, 3, 19, Status.SNAKE, 0.01
8008, 6, 38, Status.SNAKE, 0.01
8009, 5, 38, Status.SNAKE, 0.01
8010, 8, 68, Status.SNAKE, 0.01
8011, 5, 21, Status.SNAKE, 0.01
8012, 12, 79, Status.SNAKE, 0.01
8013, 8, 76, Status.WALL, 0.01
8014, 17, 117, Status.SNAKE, 0.01
8015, 10, 60, Status.SNAKE, 0.01
8016, 13, 83, Status.WALL, 0.01
8017, 9, 37, Status.SNAKE, 0.01
8018, 10, 74, Status.SNAKE, 0.01
8019, 7, 40, Status.SNAKE, 0.01
8020, 2, 18, Status.SNAKE, 0.01
8021, 13, 81, Status.SNAKE, 0.01
8022, 6, 48, Status.SNAKE, 0.01
8023, 1, 5, Status.SNAKE, 0.01
8024, 8, 44, Status.SNAKE, 0.01
8025, 18, 123, Status.SNAKE, 0.01
8026, 7, 55, Status.SNAKE, 0.01
8027, 12, 54, Status.SNAKE, 0.01
8028, 18, 112, Status.SNAKE, 0.01
8029, 3, 18, Status.SNAKE, 0.01
8030, 5, 41, Status.SNAKE, 0.01
8031, 4, 16, Status.WALL, 0.01
8032, 6, 35, Status.SNAKE, 0.01
8033, 13, 106, Status.SNAKE, 0.01
8034, 8, 56, Status.SNAKE, 0.01
8035, 2, 6, Status.SNAKE, 0.01
8036, 16, 140, Status.SNAKE, 0.01
8037, 6, 41, Status.SNAKE, 0.01
8038, 7, 62, Status.SNAKE, 0.01
8039, 11, 89, Status.SNAKE, 0.01
8040, 10, 95, Status.SNAKE, 0.01
8041, 11, 84, Status.SNAKE, 0.01
8042, 5, 31, Status.SNAKE, 0.01
8043, 12, 69, Status.SNAKE, 0.01
8044, 6, 34, Status.WALL, 0.01
8045, 5, 37, Status.SNAKE, 0.01
8046, 6, 56, Status.SNAKE, 0.01
8047, 5, 37, Status.WALL, 0.01
8048, 10, 66, Status.SNAKE, 0.01
8049, 21, 128, Status.SNAKE, 0.01
8050, 5, 42, Status.SNAKE, 0.01
8051, 11, 88, Status.SNAKE, 0.01
8052, 10, 87, Status.SNAKE, 0.01
8053, 6, 49, Status.SNAKE, 0.01
8054, 8, 43, Status.SNAKE, 0.01
8055, 14, 103, Status.SNAKE, 0.01
8056, 9, 56, Status.SNAKE, 0.01
8057, 12, 95, Status.WALL, 0.01
8058, 6, 44, Status.WALL, 0.01
8059, 5, 37, Status.SNAKE, 0.01
8060, 6, 58, Status.SNAKE, 0.01
8061, 17, 98, Status.SNAKE, 0.01
8062, 6, 35, Status.SNAKE, 0.01
8063, 5, 41, Status.SNAKE, 0.01
8064, 6, 54, Status.SNAKE, 0.01
8065, 1, 7, Status.SNAKE, 0.01
8066, 7, 59, Status.SNAKE, 0.01
8067, 11, 55, Status.SNAKE, 0.01
8068, 6, 40, Status.SNAKE, 0.01
8069, 9, 74, Status.SNAKE, 0.01
8070, 6, 48, Status.SNAKE, 0.01
8071, 13, 93, Status.SNAKE, 0.01
8072, 9, 56, Status.WALL, 0.01
8073, 2, 23, Status.WALL, 0.01
8074, 4, 18, Status.SNAKE, 0.01
8075, 2, 11, Status.WALL, 0.01
8076, 12, 109, Status.SNAKE, 0.01
8077, 11, 79, Status.SNAKE, 0.01
8078, 5, 39, Status.SNAKE, 0.01
8079, 1, 11, Status.WALL, 0.01
8080, 7, 58, Status.SNAKE, 0.01
8081, 10, 74, Status.SNAKE, 0.01
8082, 6, 53, Status.SNAKE, 0.01
8083, 4, 17, Status.SNAKE, 0.01
8084, 11, 93, Status.SNAKE, 0.01
8085, 13, 111, Status.SNAKE, 0.01
8086, 15, 118, Status.WALL, 0.01
8087, 13, 96, Status.SNAKE, 0.01
8088, 7, 38, Status.SNAKE, 0.01
8089, 5, 51, Status.SNAKE, 0.01
8090, 16, 134, Status.SNAKE, 0.01
8091, 7, 46, Status.SNAKE, 0.01
8092, 11, 85, Status.SNAKE, 0.01
8093, 14, 96, Status.SNAKE, 0.01
8094, 12, 82, Status.SNAKE, 0.01
8095, 2, 15, Status.SNAKE, 0.01
8096, 7, 45, Status.WALL, 0.01
8097, 4, 31, Status.SNAKE, 0.01
8098, 7, 37, Status.SNAKE, 0.01
8099, 7, 48, Status.WALL, 0.01
8100, 7, 64, Status.SNAKE, 0.01
8101, 11, 79, Status.SNAKE, 0.01
8102, 5, 28, Status.SNAKE, 0.01
8103, 5, 33, Status.SNAKE, 0.01
8104, 8, 45, Status.WALL, 0.01
8105, 6, 33, Status.SNAKE, 0.01
8106, 6, 40, Status.SNAKE, 0.01
8107, 11, 66, Status.WALL, 0.01
8108, 9, 91, Status.SNAKE, 0.01
8109, 7, 52, Status.SNAKE, 0.01
8110, 6, 65, Status.WALL, 0.01
8111, 17, 167, Status.SNAKE, 0.01
8112, 4, 22, Status.SNAKE, 0.01
8113, 14, 86, Status.SNAKE, 0.01
8114, 10, 76, Status.SNAKE, 0.01
8115, 18, 116, Status.SNAKE, 0.01
8116, 8, 49, Status.SNAKE, 0.01
8117, 6, 34, Status.SNAKE, 0.01
8118, 7, 61, Status.WALL, 0.01
8119, 20, 128, Status.SNAKE, 0.01
8120, 8, 54, Status.WALL, 0.01
8121, 7, 49, Status.SNAKE, 0.01
8122, 8, 40, Status.SNAKE, 0.01
8123, 14, 73, Status.SNAKE, 0.01
8124, 4, 34, Status.WALL, 0.01
8125, 4, 29, Status.WALL, 0.01
8126, 11, 73, Status.SNAKE, 0.01
8127, 12, 76, Status.SNAKE, 0.01
8128, 7, 44, Status.SNAKE, 0.01
8129, 11, 70, Status.SNAKE, 0.01
8130, 13, 119, Status.SNAKE, 0.01
8131, 6, 34, Status.SNAKE, 0.01
8132, 7, 46, Status.SNAKE, 0.01
8133, 5, 42, Status.SNAKE, 0.01
8134, 8, 67, Status.SNAKE, 0.01
8135, 11, 62, Status.SNAKE, 0.01
8136, 12, 115, Status.SNAKE, 0.01
8137, 3, 20, Status.SNAKE, 0.01
8138, 15, 98, Status.SNAKE, 0.01
8139, 3, 17, Status.WALL, 0.01
8140, 8, 75, Status.SNAKE, 0.01
8141, 4, 19, Status.SNAKE, 0.01
8142, 12, 66, Status.SNAKE, 0.01
8143, 7, 45, Status.SNAKE, 0.01
8144, 13, 86, Status.SNAKE, 0.01
8145, 14, 103, Status.SNAKE, 0.01
8146, 13, 105, Status.SNAKE, 0.01
8147, 6, 46, Status.SNAKE, 0.01
8148, 7, 64, Status.SNAKE, 0.01
8149, 3, 31, Status.WALL, 0.01
8150, 3, 22, Status.SNAKE, 0.01
8151, 4, 25, Status.SNAKE, 0.01
8152, 7, 47, Status.SNAKE, 0.01
8153, 11, 80, Status.SNAKE, 0.01
8154, 12, 73, Status.SNAKE, 0.01
8155, 10, 67, Status.SNAKE, 0.01
8156, 1, 8, Status.WALL, 0.01
8157, 15, 89, Status.SNAKE, 0.01
8158, 7, 43, Status.SNAKE, 0.01
8159, 6, 56, Status.SNAKE, 0.01
8160, 7, 38, Status.SNAKE, 0.01
8161, 3, 20, Status.WALL, 0.01
8162, 5, 35, Status.SNAKE, 0.01
8163, 3, 24, Status.SNAKE, 0.01
8164, 15, 112, Status.SNAKE, 0.01
8165, 15, 118, Status.SNAKE, 0.01
8166, 16, 115, Status.SNAKE, 0.01
8167, 14, 111, Status.SNAKE, 0.01
8168, 1, 3, Status.SNAKE, 0.01
8169, 9, 70, Status.SNAKE, 0.01
8170, 9, 61, Status.WALL, 0.01
8171, 10, 70, Status.SNAKE, 0.01
8172, 11, 92, Status.SNAKE, 0.01
8173, 2, 21, Status.SNAKE, 0.01
8174, 8, 53, Status.SNAKE, 0.01
8175, 9, 65, Status.SNAKE, 0.01
8176, 10, 51, Status.SNAKE, 0.01
8177, 7, 27, Status.SNAKE, 0.01
8178, 7, 73, Status.WALL, 0.01
8179, 9, 58, Status.SNAKE, 0.01
8180, 15, 118, Status.WALL, 0.01
8181, 6, 37, Status.WALL, 0.01
8182, 13, 90, Status.WALL, 0.01
8183, 4, 15, Status.SNAKE, 0.01
8184, 10, 83, Status.SNAKE, 0.01
8185, 6, 31, Status.WALL, 0.01
8186, 4, 26, Status.WALL, 0.01
8187, 3, 21, Status.SNAKE, 0.01
8188, 13, 82, Status.SNAKE, 0.01
8189, 6, 43, Status.WALL, 0.01
8190, 13, 101, Status.SNAKE, 0.01
8191, 6, 48, Status.WALL, 0.01
8192, 4, 27, Status.SNAKE, 0.01
8193, 18, 118, Status.SNAKE, 0.01
8194, 3, 24, Status.SNAKE, 0.01
8195, 8, 53, Status.SNAKE, 0.01
8196, 3, 16, Status.SNAKE, 0.01
8197, 17, 122, Status.SNAKE, 0.01
8198, 9, 71, Status.WALL, 0.01
8199, 3, 30, Status.SNAKE, 0.01
8200, 17, 100, Status.SNAKE, 0.01
8201, 5, 32, Status.WALL, 0.01
8202, 13, 77, Status.SNAKE, 0.01
8203, 11, 58, Status.SNAKE, 0.01
8204, 13, 99, Status.SNAKE, 0.01
8205, 7, 36, Status.SNAKE, 0.01
8206, 11, 91, Status.SNAKE, 0.01
8207, 16, 143, Status.SNAKE, 0.01
8208, 5, 22, Status.WALL, 0.01
8209, 8, 43, Status.SNAKE, 0.01
8210, 14, 90, Status.SNAKE, 0.01
8211, 9, 63, Status.SNAKE, 0.01
8212, 2, 14, Status.SNAKE, 0.01
8213, 7, 46, Status.SNAKE, 0.01
8214, 13, 111, Status.SNAKE, 0.01
8215, 13, 103, Status.WALL, 0.01
8216, 9, 66, Status.SNAKE, 0.01
8217, 10, 75, Status.SNAKE, 0.01
8218, 3, 26, Status.SNAKE, 0.01
8219, 8, 67, Status.SNAKE, 0.01
8220, 6, 33, Status.WALL, 0.01
8221, 13, 94, Status.SNAKE, 0.01
8222, 3, 15, Status.SNAKE, 0.01
8223, 11, 71, Status.SNAKE, 0.01
8224, 5, 21, Status.SNAKE, 0.01
8225, 12, 96, Status.SNAKE, 0.01
8226, 9, 77, Status.SNAKE, 0.01
8227, 6, 45, Status.SNAKE, 0.01
8228, 9, 48, Status.SNAKE, 0.01
8229, 6, 46, Status.SNAKE, 0.01
8230, 11, 72, Status.SNAKE, 0.01
8231, 15, 88, Status.SNAKE, 0.01
8232, 11, 72, Status.SNAKE, 0.01
8233, 12, 77, Status.WALL, 0.01
8234, 6, 37, Status.SNAKE, 0.01
8235, 3, 21, Status.SNAKE, 0.01
8236, 2, 11, Status.SNAKE, 0.01
8237, 10, 80, Status.SNAKE, 0.01
8238, 8, 57, Status.SNAKE, 0.01
8239, 9, 69, Status.WALL, 0.01
8240, 12, 69, Status.SNAKE, 0.01
8241, 13, 72, Status.SNAKE, 0.01
8242, 14, 99, Status.WALL, 0.01
8243, 2, 22, Status.WALL, 0.01
8244, 3, 26, Status.WALL, 0.01
8245, 7, 86, Status.SNAKE, 0.01
8246, 8, 55, Status.SNAKE, 0.01
8247, 7, 44, Status.SNAKE, 0.01
8248, 11, 77, Status.SNAKE, 0.01
8249, 7, 48, Status.SNAKE, 0.01
8250, 6, 48, Status.WALL, 0.01
8251, 8, 49, Status.SNAKE, 0.01
8252, 7, 45, Status.SNAKE, 0.01
8253, 7, 43, Status.SNAKE, 0.01
8254, 2, 15, Status.SNAKE, 0.01
8255, 3, 15, Status.SNAKE, 0.01
8256, 6, 41, Status.SNAKE, 0.01
8257, 19, 145, Status.WALL, 0.01
8258, 8, 52, Status.SNAKE, 0.01
8259, 10, 82, Status.WALL, 0.01
8260, 1, 11, Status.SNAKE, 0.01
8261, 11, 88, Status.SNAKE, 0.01
8262, 7, 39, Status.SNAKE, 0.01
8263, 7, 42, Status.SNAKE, 0.01
8264, 4, 31, Status.SNAKE, 0.01
8265, 10, 69, Status.SNAKE, 0.01
8266, 9, 44, Status.SNAKE, 0.01
8267, 9, 62, Status.SNAKE, 0.01
8268, 2, 16, Status.SNAKE, 0.01
8269, 10, 73, Status.SNAKE, 0.01
8270, 13, 92, Status.SNAKE, 0.01
8271, 1, 10, Status.WALL, 0.01
8272, 15, 105, Status.SNAKE, 0.01
8273, 4, 36, Status.WALL, 0.01
8274, 7, 42, Status.SNAKE, 0.01
8275, 11, 79, Status.SNAKE, 0.01
8276, 7, 55, Status.SNAKE, 0.01
8277, 9, 60, Status.SNAKE, 0.01
8278, 2, 10, Status.WALL, 0.01
8279, 8, 43, Status.SNAKE, 0.01
8280, 10, 61, Status.WALL, 0.01
8281, 15, 139, Status.WALL, 0.01
8282, 7, 46, Status.SNAKE, 0.01
8283, 11, 69, Status.SNAKE, 0.01
8284, 20, 147, Status.SNAKE, 0.01
8285, 13, 96, Status.SNAKE, 0.01
8286, 8, 55, Status.WALL, 0.01
8287, 8, 44, Status.WALL, 0.01
8288, 15, 109, Status.SNAKE, 0.01
8289, 12, 66, Status.SNAKE, 0.01
8290, 11, 69, Status.SNAKE, 0.01
8291, 8, 57, Status.SNAKE, 0.01
8292, 5, 15, Status.SNAKE, 0.01
8293, 5, 49, Status.SNAKE, 0.01
8294, 6, 35, Status.SNAKE, 0.01
8295, 8, 65, Status.SNAKE, 0.01
8296, 5, 40, Status.SNAKE, 0.01
8297, 13, 76, Status.SNAKE, 0.01
8298, 16, 77, Status.SNAKE, 0.01
8299, 15, 103, Status.SNAKE, 0.01
8300, 8, 69, Status.SNAKE, 0.01
8301, 12, 81, Status.SNAKE, 0.01
8302, 6, 47, Status.SNAKE, 0.01
8303, 15, 122, Status.SNAKE, 0.01
8304, 2, 18, Status.WALL, 0.01
8305, 8, 53, Status.SNAKE, 0.01
8306, 15, 109, Status.WALL, 0.01
8307, 8, 50, Status.SNAKE, 0.01
8308, 12, 95, Status.SNAKE, 0.01
8309, 3, 27, Status.SNAKE, 0.01
8310, 12, 82, Status.SNAKE, 0.01
8311, 6, 52, Status.SNAKE, 0.01
8312, 17, 122, Status.WALL, 0.01
8313, 13, 94, Status.SNAKE, 0.01
8314, 2, 14, Status.SNAKE, 0.01
8315, 9, 45, Status.SNAKE, 0.01
8316, 8, 81, Status.SNAKE, 0.01
8317, 9, 66, Status.WALL, 0.01
8318, 7, 51, Status.SNAKE, 0.01
8319, 12, 91, Status.SNAKE, 0.01
8320, 11, 73, Status.WALL, 0.01
8321, 11, 76, Status.SNAKE, 0.01
8322, 3, 17, Status.SNAKE, 0.01
8323, 6, 43, Status.SNAKE, 0.01
8324, 5, 39, Status.SNAKE, 0.01
8325, 9, 63, Status.SNAKE, 0.01
8326, 12, 88, Status.SNAKE, 0.01
8327, 2, 18, Status.WALL, 0.01
8328, 9, 74, Status.SNAKE, 0.01
8329, 8, 49, Status.SNAKE, 0.01
8330, 5, 44, Status.SNAKE, 0.01
8331, 10, 54, Status.SNAKE, 0.01
8332, 7, 53, Status.WALL, 0.01
8333, 17, 137, Status.WALL, 0.01
8334, 12, 79, Status.SNAKE, 0.01
8335, 11, 63, Status.SNAKE, 0.01
8336, 13, 76, Status.SNAKE, 0.01
8337, 11, 69, Status.SNAKE, 0.01
8338, 9, 67, Status.SNAKE, 0.01
8339, 14, 101, Status.WALL, 0.01
8340, 1, 8, Status.SNAKE, 0.01
8341, 3, 20, Status.WALL, 0.01
8342, 1, 5, Status.SNAKE, 0.01
8343, 18, 116, Status.SNAKE, 0.01
8344, 5, 43, Status.SNAKE, 0.01
8345, 11, 84, Status.SNAKE, 0.01
8346, 10, 53, Status.SNAKE, 0.01
8347, 17, 105, Status.SNAKE, 0.01
8348, 6, 37, Status.WALL, 0.01
8349, 3, 21, Status.SNAKE, 0.01
8350, 10, 69, Status.SNAKE, 0.01
8351, 10, 71, Status.WALL, 0.01
8352, 10, 79, Status.SNAKE, 0.01
8353, 3, 27, Status.WALL, 0.01
8354, 8, 59, Status.SNAKE, 0.01
8355, 14, 74, Status.SNAKE, 0.01
8356, 4, 23, Status.WALL, 0.01
8357, 7, 58, Status.SNAKE, 0.01
8358, 14, 95, Status.SNAKE, 0.01
8359, 2, 13, Status.SNAKE, 0.01
8360, 13, 89, Status.SNAKE, 0.01
8361, 7, 54, Status.SNAKE, 0.01
8362, 1, 10, Status.WALL, 0.01
8363, 8, 51, Status.SNAKE, 0.01
8364, 4, 14, Status.SNAKE, 0.01
8365, 14, 98, Status.SNAKE, 0.01
8366, 8, 71, Status.WALL, 0.01
8367, 7, 37, Status.WALL, 0.01
8368, 5, 40, Status.SNAKE, 0.01
8369, 14, 95, Status.WALL, 0.01
8370, 15, 122, Status.SNAKE, 0.01
8371, 14, 103, Status.WALL, 0.01
8372, 5, 48, Status.SNAKE, 0.01
8373, 4, 17, Status.SNAKE, 0.01
8374, 17, 140, Status.SNAKE, 0.01
8375, 2, 20, Status.SNAKE, 0.01
8376, 14, 97, Status.SNAKE, 0.01
8377, 10, 87, Status.SNAKE, 0.01
8378, 6, 33, Status.SNAKE, 0.01
8379, 11, 66, Status.SNAKE, 0.01
8380, 11, 85, Status.SNAKE, 0.01
8381, 5, 40, Status.SNAKE, 0.01
8382, 6, 48, Status.SNAKE, 0.01
8383, 19, 124, Status.SNAKE, 0.01
8384, 2, 6, Status.SNAKE, 0.01
8385, 10, 74, Status.SNAKE, 0.01
8386, 6, 36, Status.SNAKE, 0.01
8387, 12, 75, Status.SNAKE, 0.01
8388, 11, 93, Status.SNAKE, 0.01
8389, 5, 33, Status.WALL, 0.01
8390, 6, 27, Status.SNAKE, 0.01
8391, 5, 45, Status.SNAKE, 0.01
8392, 7, 50, Status.SNAKE, 0.01
8393, 9, 78, Status.SNAKE, 0.01
8394, 6, 41, Status.WALL, 0.01
8395, 4, 25, Status.SNAKE, 0.01
8396, 5, 36, Status.WALL, 0.01
8397, 7, 50, Status.SNAKE, 0.01
8398, 6, 24, Status.SNAKE, 0.01
8399, 15, 129, Status.SNAKE, 0.01
8400, 16, 106, Status.SNAKE, 0.01
8401, 5, 26, Status.WALL, 0.01
8402, 11, 71, Status.SNAKE, 0.01
8403, 9, 54, Status.SNAKE, 0.01
8404, 5, 23, Status.SNAKE, 0.01
8405, 3, 34, Status.WALL, 0.01
8406, 8, 74, Status.SNAKE, 0.01
8407, 8, 51, Status.SNAKE, 0.01
8408, 5, 35, Status.SNAKE, 0.01
8409, 16, 107, Status.SNAKE, 0.01
8410, 16, 123, Status.SNAKE, 0.01
8411, 3, 17, Status.SNAKE, 0.01
8412, 6, 54, Status.SNAKE, 0.01
8413, 24, 145, Status.SNAKE, 0.01
8414, 2, 10, Status.SNAKE, 0.01
8415, 1, 5, Status.SNAKE, 0.01
8416, 12, 73, Status.SNAKE, 0.01
8417, 6, 44, Status.SNAKE, 0.01
8418, 5, 35, Status.SNAKE, 0.01
8419, 4, 46, Status.WALL, 0.01
8420, 10, 57, Status.SNAKE, 0.01
8421, 14, 96, Status.SNAKE, 0.01
8422, 11, 75, Status.SNAKE, 0.01
8423, 8, 63, Status.SNAKE, 0.01
8424, 3, 21, Status.WALL, 0.01
8425, 9, 64, Status.SNAKE, 0.01
8426, 11, 54, Status.SNAKE, 0.01
8427, 5, 19, Status.SNAKE, 0.01
8428, 14, 97, Status.WALL, 0.01
8429, 11, 64, Status.SNAKE, 0.01
8430, 11, 64, Status.SNAKE, 0.01
8431, 10, 81, Status.SNAKE, 0.01
8432, 13, 93, Status.SNAKE, 0.01
8433, 5, 31, Status.SNAKE, 0.01
8434, 9, 50, Status.SNAKE, 0.01
8435, 9, 76, Status.SNAKE, 0.01
8436, 2, 14, Status.SNAKE, 0.01
8437, 11, 64, Status.WALL, 0.01
8438, 9, 62, Status.SNAKE, 0.01
8439, 5, 28, Status.WALL, 0.01
8440, 19, 170, Status.SNAKE, 0.01
8441, 17, 99, Status.SNAKE, 0.01
8442, 12, 98, Status.WALL, 0.01
8443, 3, 18, Status.SNAKE, 0.01
8444, 6, 40, Status.SNAKE, 0.01
8445, 17, 129, Status.SNAKE, 0.01
8446, 3, 32, Status.SNAKE, 0.01
8447, 11, 59, Status.SNAKE, 0.01
8448, 13, 84, Status.SNAKE, 0.01
8449, 13, 110, Status.SNAKE, 0.01
8450, 17, 116, Status.SNAKE, 0.01
8451, 13, 100, Status.SNAKE, 0.01
8452, 2, 16, Status.SNAKE, 0.01
8453, 9, 59, Status.SNAKE, 0.01
8454, 11, 70, Status.SNAKE, 0.01
8455, 3, 19, Status.SNAKE, 0.01
8456, 4, 18, Status.SNAKE, 0.01
8457, 16, 123, Status.WALL, 0.01
8458, 10, 58, Status.WALL, 0.01
8459, 6, 50, Status.SNAKE, 0.01
8460, 13, 61, Status.SNAKE, 0.01
8461, 8, 52, Status.WALL, 0.01
8462, 10, 80, Status.SNAKE, 0.01
8463, 11, 63, Status.SNAKE, 0.01
8464, 10, 78, Status.SNAKE, 0.01
8465, 12, 75, Status.WALL, 0.01
8466, 11, 82, Status.SNAKE, 0.01
8467, 10, 81, Status.SNAKE, 0.01
8468, 10, 74, Status.SNAKE, 0.01
8469, 6, 24, Status.WALL, 0.01
8470, 7, 30, Status.SNAKE, 0.01
8471, 7, 55, Status.SNAKE, 0.01
8472, 12, 107, Status.SNAKE, 0.01
8473, 4, 17, Status.SNAKE, 0.01
8474, 13, 95, Status.SNAKE, 0.01
8475, 17, 110, Status.WALL, 0.01
8476, 15, 79, Status.SNAKE, 0.01
8477, 2, 19, Status.WALL, 0.01
8478, 9, 77, Status.WALL, 0.01
8479, 8, 64, Status.SNAKE, 0.01
8480, 7, 62, Status.SNAKE, 0.01
8481, 12, 86, Status.SNAKE, 0.01
8482, 4, 24, Status.SNAKE, 0.01
8483, 7, 37, Status.SNAKE, 0.01
8484, 3, 23, Status.SNAKE, 0.01
8485, 10, 62, Status.SNAKE, 0.01
8486, 8, 77, Status.WALL, 0.01
8487, 10, 52, Status.WALL, 0.01
8488, 2, 12, Status.WALL, 0.01
8489, 9, 75, Status.SNAKE, 0.01
8490, 1, 6, Status.SNAKE, 0.01
8491, 9, 39, Status.SNAKE, 0.01
8492, 3, 20, Status.SNAKE, 0.01
8493, 3, 26, Status.SNAKE, 0.01
8494, 11, 77, Status.SNAKE, 0.01
8495, 7, 53, Status.SNAKE, 0.01
8496, 11, 67, Status.SNAKE, 0.01
8497, 13, 90, Status.WALL, 0.01
8498, 2, 19, Status.SNAKE, 0.01
8499, 9, 49, Status.SNAKE, 0.01
8500, 4, 30, Status.SNAKE, 0.01
8501, 11, 78, Status.SNAKE, 0.01
8502, 13, 69, Status.SNAKE, 0.01
8503, 7, 48, Status.WALL, 0.01
8504, 2, 22, Status.SNAKE, 0.01
8505, 7, 26, Status.SNAKE, 0.01
8506, 8, 48, Status.SNAKE, 0.01
8507, 5, 21, Status.SNAKE, 0.01
8508, 5, 35, Status.SNAKE, 0.01
8509, 11, 68, Status.SNAKE, 0.01
8510, 4, 24, Status.WALL, 0.01
8511, 8, 37, Status.SNAKE, 0.01
8512, 14, 109, Status.SNAKE, 0.01
8513, 10, 76, Status.SNAKE, 0.01
8514, 3, 13, Status.SNAKE, 0.01
8515, 9, 52, Status.SNAKE, 0.01
8516, 6, 30, Status.SNAKE, 0.01
8517, 6, 44, Status.SNAKE, 0.01
8518, 13, 100, Status.SNAKE, 0.01
8519, 8, 46, Status.SNAKE, 0.01
8520, 10, 59, Status.SNAKE, 0.01
8521, 9, 50, Status.WALL, 0.01
8522, 3, 14, Status.WALL, 0.01
8523, 1, 5, Status.SNAKE, 0.01
8524, 6, 32, Status.SNAKE, 0.01
8525, 6, 42, Status.SNAKE, 0.01
8526, 7, 23, Status.SNAKE, 0.01
8527, 7, 62, Status.SNAKE, 0.01
8528, 5, 40, Status.SNAKE, 0.01
8529, 2, 14, Status.SNAKE, 0.01
8530, 4, 26, Status.SNAKE, 0.01
8531, 11, 77, Status.SNAKE, 0.01
8532, 4, 35, Status.SNAKE, 0.01
8533, 10, 69, Status.SNAKE, 0.01
8534, 6, 42, Status.SNAKE, 0.01
8535, 4, 32, Status.WALL, 0.01
8536, 1, 5, Status.SNAKE, 0.01
8537, 13, 93, Status.SNAKE, 0.01
8538, 3, 43, Status.WALL, 0.01
8539, 7, 35, Status.SNAKE, 0.01
8540, 11, 90, Status.SNAKE, 0.01
8541, 12, 88, Status.SNAKE, 0.01
8542, 3, 30, Status.WALL, 0.01
8543, 8, 58, Status.WALL, 0.01
8544, 23, 167, Status.SNAKE, 0.01
8545, 8, 56, Status.SNAKE, 0.01
8546, 8, 37, Status.SNAKE, 0.01
8547, 19, 107, Status.SNAKE, 0.01
8548, 5, 26, Status.SNAKE, 0.01
8549, 12, 77, Status.SNAKE, 0.01
8550, 6, 28, Status.SNAKE, 0.01
8551, 12, 91, Status.SNAKE, 0.01
8552, 9, 79, Status.SNAKE, 0.01
8553, 5, 27, Status.SNAKE, 0.01
8554, 13, 81, Status.SNAKE, 0.01
8555, 3, 10, Status.SNAKE, 0.01
8556, 2, 20, Status.WALL, 0.01
8557, 7, 39, Status.SNAKE, 0.01
8558, 12, 67, Status.SNAKE, 0.01
8559, 2, 5, Status.SNAKE, 0.01
8560, 13, 102, Status.SNAKE, 0.01
8561, 2, 18, Status.SNAKE, 0.01
8562, 8, 50, Status.SNAKE, 0.01
8563, 9, 41, Status.SNAKE, 0.01
8564, 5, 43, Status.SNAKE, 0.01
8565, 10, 70, Status.SNAKE, 0.01
8566, 1, 9, Status.SNAKE, 0.01
8567, 5, 38, Status.SNAKE, 0.01
8568, 3, 17, Status.SNAKE, 0.01
8569, 8, 59, Status.SNAKE, 0.01
8570, 7, 58, Status.WALL, 0.01
8571, 5, 50, Status.SNAKE, 0.01
8572, 9, 86, Status.WALL, 0.01
8573, 2, 5, Status.WALL, 0.01
8574, 1, 5, Status.SNAKE, 0.01
8575, 9, 52, Status.SNAKE, 0.01
8576, 3, 17, Status.WALL, 0.01
8577, 8, 46, Status.SNAKE, 0.01
8578, 5, 32, Status.SNAKE, 0.01
8579, 3, 19, Status.WALL, 0.01
8580, 13, 98, Status.SNAKE, 0.01
8581, 10, 66, Status.WALL, 0.01
8582, 5, 27, Status.SNAKE, 0.01
8583, 4, 25, Status.SNAKE, 0.01
8584, 11, 70, Status.WALL, 0.01
8585, 9, 71, Status.SNAKE, 0.01
8586, 4, 26, Status.SNAKE, 0.01
8587, 18, 127, Status.SNAKE, 0.01
8588, 6, 52, Status.SNAKE, 0.01
8589, 3, 22, Status.SNAKE, 0.01
8590, 9, 74, Status.WALL, 0.01
8591, 9, 55, Status.WALL, 0.01
8592, 12, 74, Status.WALL, 0.01
8593, 11, 58, Status.SNAKE, 0.01
8594, 9, 63, Status.SNAKE, 0.01
8595, 3, 18, Status.SNAKE, 0.01
8596, 2, 17, Status.SNAKE, 0.01
8597, 9, 82, Status.SNAKE, 0.01
8598, 6, 40, Status.SNAKE, 0.01
8599, 5, 34, Status.SNAKE, 0.01
8600, 3, 26, Status.SNAKE, 0.01
8601, 2, 8, Status.SNAKE, 0.01
8602, 9, 65, Status.WALL, 0.01
8603, 5, 38, Status.WALL, 0.01
8604, 2, 14, Status.SNAKE, 0.01
8605, 3, 32, Status.SNAKE, 0.01
8606, 4, 31, Status.SNAKE, 0.01
8607, 5, 40, Status.WALL, 0.01
8608, 8, 41, Status.SNAKE, 0.01
8609, 1, 16, Status.WALL, 0.01
8610, 4, 52, Status.SNAKE, 0.01
8611, 5, 38, Status.SNAKE, 0.01
8612, 8, 67, Status.WALL, 0.01
8613, 5, 24, Status.WALL, 0.01
8614, 10, 71, Status.WALL, 0.01
8615, 7, 40, Status.SNAKE, 0.01
8616, 12, 104, Status.SNAKE, 0.01
8617, 7, 47, Status.SNAKE, 0.01
8618, 7, 45, Status.WALL, 0.01
8619, 11, 73, Status.SNAKE, 0.01
8620, 7, 55, Status.SNAKE, 0.01
8621, 11, 65, Status.SNAKE, 0.01
8622, 1, 7, Status.SNAKE, 0.01
8623, 1, 5, Status.SNAKE, 0.01
8624, 5, 34, Status.WALL, 0.01
8625, 6, 45, Status.SNAKE, 0.01
8626, 8, 45, Status.SNAKE, 0.01
8627, 10, 68, Status.SNAKE, 0.01
8628, 14, 83, Status.SNAKE, 0.01
8629, 2, 18, Status.WALL, 0.01
8630, 14, 85, Status.WALL, 0.01
8631, 5, 32, Status.WALL, 0.01
8632, 9, 58, Status.SNAKE, 0.01
8633, 4, 31, Status.WALL, 0.01
8634, 6, 53, Status.SNAKE, 0.01
8635, 12, 99, Status.SNAKE, 0.01
8636, 20, 121, Status.SNAKE, 0.01
8637, 1, 5, Status.SNAKE, 0.01
8638, 15, 111, Status.SNAKE, 0.01
8639, 5, 32, Status.SNAKE, 0.01
8640, 7, 46, Status.SNAKE, 0.01
8641, 6, 28, Status.SNAKE, 0.01
8642, 5, 55, Status.SNAKE, 0.01
8643, 7, 51, Status.SNAKE, 0.01
8644, 7, 54, Status.WALL, 0.01
8645, 11, 115, Status.WALL, 0.01
8646, 11, 61, Status.SNAKE, 0.01
8647, 10, 72, Status.SNAKE, 0.01
8648, 8, 53, Status.WALL, 0.01
8649, 14, 85, Status.SNAKE, 0.01
8650, 10, 61, Status.WALL, 0.01
8651, 10, 73, Status.WALL, 0.01
8652, 10, 68, Status.WALL, 0.01
8653, 12, 88, Status.SNAKE, 0.01
8654, 2, 17, Status.SNAKE, 0.01
8655, 5, 29, Status.SNAKE, 0.01
8656, 16, 124, Status.SNAKE, 0.01
8657, 2, 13, Status.SNAKE, 0.01
8658, 13, 95, Status.SNAKE, 0.01
8659, 6, 38, Status.SNAKE, 0.01
8660, 8, 73, Status.SNAKE, 0.01
8661, 4, 22, Status.WALL, 0.01
8662, 8, 52, Status.SNAKE, 0.01
8663, 3, 20, Status.WALL, 0.01
8664, 14, 73, Status.WALL, 0.01
8665, 5, 50, Status.SNAKE, 0.01
8666, 1, 16, Status.WALL, 0.01
8667, 19, 132, Status.SNAKE, 0.01
8668, 9, 51, Status.SNAKE, 0.01
8669, 7, 41, Status.SNAKE, 0.01
8670, 11, 84, Status.SNAKE, 0.01
8671, 17, 93, Status.SNAKE, 0.01
8672, 3, 23, Status.SNAKE, 0.01
8673, 8, 47, Status.SNAKE, 0.01
8674, 9, 58, Status.WALL, 0.01
8675, 10, 50, Status.WALL, 0.01
8676, 9, 45, Status.SNAKE, 0.01
8677, 4, 29, Status.WALL, 0.01
8678, 5, 34, Status.WALL, 0.01
8679, 7, 52, Status.WALL, 0.01
8680, 13, 106, Status.SNAKE, 0.01
8681, 7, 36, Status.WALL, 0.01
8682, 1, 3, Status.SNAKE, 0.01
8683, 5, 30, Status.SNAKE, 0.01
8684, 12, 68, Status.WALL, 0.01
8685, 4, 19, Status.SNAKE, 0.01
8686, 11, 65, Status.SNAKE, 0.01
8687, 7, 36, Status.SNAKE, 0.01
8688, 9, 58, Status.SNAKE, 0.01
8689, 19, 111, Status.SNAKE, 0.01
8690, 9, 71, Status.SNAKE, 0.01
8691, 2, 8, Status.SNAKE, 0.01
8692, 8, 39, Status.WALL, 0.01
8693, 1, 5, Status.SNAKE, 0.01
8694, 9, 60, Status.SNAKE, 0.01
8695, 5, 29, Status.SNAKE, 0.01
8696, 3, 24, Status.SNAKE, 0.01
8697, 2, 10, Status.SNAKE, 0.01
8698, 6, 39, Status.SNAKE, 0.01
8699, 20, 109, Status.SNAKE, 0.01
8700, 3, 23, Status.WALL, 0.01
8701, 12, 68, Status.SNAKE, 0.01
8702, 13, 102, Status.WALL, 0.01
8703, 6, 37, Status.SNAKE, 0.01
8704, 17, 87, Status.SNAKE, 0.01
8705, 11, 105, Status.SNAKE, 0.01
8706, 5, 44, Status.SNAKE, 0.01
8707, 7, 46, Status.WALL, 0.01
8708, 6, 40, Status.SNAKE, 0.01
8709, 6, 35, Status.SNAKE, 0.01
8710, 12, 93, Status.WALL, 0.01
8711, 5, 18, Status.SNAKE, 0.01
8712, 9, 51, Status.WALL, 0.01
8713, 9, 79, Status.WALL, 0.01
8714, 3, 13, Status.SNAKE, 0.01
8715, 8, 55, Status.SNAKE, 0.01
8716, 5, 26, Status.WALL, 0.01
8717, 3, 13, Status.SNAKE, 0.01
8718, 13, 88, Status.SNAKE, 0.01
8719, 4, 23, Status.SNAKE, 0.01
8720, 6, 58, Status.WALL, 0.01
8721, 8, 59, Status.SNAKE, 0.01
8722, 8, 59, Status.SNAKE, 0.01
8723, 1, 7, Status.WALL, 0.01
8724, 6, 43, Status.SNAKE, 0.01
8725, 5, 29, Status.SNAKE, 0.01
8726, 14, 93, Status.SNAKE, 0.01
8727, 7, 56, Status.SNAKE, 0.01
8728, 3, 26, Status.SNAKE, 0.01
8729, 2, 8, Status.SNAKE, 0.01
8730, 7, 47, Status.WALL, 0.01
8731, 4, 34, Status.WALL, 0.01
8732, 8, 50, Status.SNAKE, 0.01
8733, 7, 38, Status.SNAKE, 0.01
8734, 2, 12, Status.SNAKE, 0.01
8735, 13, 93, Status.SNAKE, 0.01
8736, 3, 28, Status.WALL, 0.01
8737, 11, 58, Status.SNAKE, 0.01
8738, 12, 72, Status.SNAKE, 0.01
8739, 6, 39, Status.SNAKE, 0.01
8740, 3, 15, Status.SNAKE, 0.01
8741, 8, 61, Status.WALL, 0.01
8742, 3, 17, Status.WALL, 0.01
8743, 6, 32, Status.SNAKE, 0.01
8744, 13, 106, Status.WALL, 0.01
8745, 5, 38, Status.SNAKE, 0.01
8746, 9, 61, Status.SNAKE, 0.01
8747, 5, 29, Status.SNAKE, 0.01
8748, 8, 59, Status.SNAKE, 0.01
8749, 21, 109, Status.SNAKE, 0.01
8750, 11, 71, Status.WALL, 0.01
8751, 3, 19, Status.SNAKE, 0.01
8752, 2, 13, Status.SNAKE, 0.01
8753, 11, 75, Status.SNAKE, 0.01
8754, 9, 58, Status.SNAKE, 0.01
8755, 10, 68, Status.WALL, 0.01
8756, 13, 81, Status.SNAKE, 0.01
8757, 9, 52, Status.SNAKE, 0.01
8758, 6, 56, Status.SNAKE, 0.01
8759, 19, 141, Status.SNAKE, 0.01
8760, 6, 47, Status.SNAKE, 0.01
8761, 12, 110, Status.SNAKE, 0.01
8762, 9, 88, Status.SNAKE, 0.01
8763, 1, 7, Status.WALL, 0.01
8764, 16, 113, Status.SNAKE, 0.01
8765, 14, 84, Status.SNAKE, 0.01
8766, 14, 95, Status.SNAKE, 0.01
8767, 10, 83, Status.SNAKE, 0.01
8768, 5, 52, Status.SNAKE, 0.01
8769, 8, 49, Status.SNAKE, 0.01
8770, 20, 152, Status.WALL, 0.01
8771, 14, 89, Status.SNAKE, 0.01
8772, 7, 68, Status.SNAKE, 0.01
8773, 1, 8, Status.WALL, 0.01
8774, 9, 71, Status.SNAKE, 0.01
8775, 7, 49, Status.SNAKE, 0.01
8776, 5, 18, Status.SNAKE, 0.01
8777, 16, 114, Status.SNAKE, 0.01
8778, 7, 37, Status.SNAKE, 0.01
8779, 7, 50, Status.SNAKE, 0.01
8780, 19, 175, Status.WALL, 0.01
8781, 6, 38, Status.SNAKE, 0.01
8782, 9, 64, Status.WALL, 0.01
8783, 5, 33, Status.WALL, 0.01
8784, 6, 34, Status.WALL, 0.01
8785, 11, 77, Status.WALL, 0.01
8786, 9, 51, Status.SNAKE, 0.01
8787, 11, 55, Status.SNAKE, 0.01
8788, 1, 8, Status.WALL, 0.01
8789, 2, 18, Status.WALL, 0.01
8790, 4, 41, Status.SNAKE, 0.01
8791, 8, 54, Status.WALL, 0.01
8792, 4, 26, Status.SNAKE, 0.01
8793, 12, 76, Status.SNAKE, 0.01
8794, 5, 40, Status.SNAKE, 0.01
8795, 7, 46, Status.SNAKE, 0.01
8796, 9, 70, Status.SNAKE, 0.01
8797, 7, 43, Status.SNAKE, 0.01
8798, 12, 76, Status.SNAKE, 0.01
8799, 15, 97, Status.SNAKE, 0.01
8800, 1, 8, Status.SNAKE, 0.01
8801, 8, 48, Status.SNAKE, 0.01
8802, 8, 46, Status.SNAKE, 0.01
8803, 11, 77, Status.SNAKE, 0.01
8804, 1, 13, Status.WALL, 0.01
8805, 7, 53, Status.SNAKE, 0.01
8806, 16, 124, Status.SNAKE, 0.01
8807, 9, 57, Status.SNAKE, 0.01
8808, 4, 18, Status.SNAKE, 0.01
8809, 12, 68, Status.SNAKE, 0.01
8810, 1, 5, Status.SNAKE, 0.01
8811, 3, 27, Status.SNAKE, 0.01
8812, 12, 65, Status.SNAKE, 0.01
8813, 3, 27, Status.SNAKE, 0.01
8814, 9, 59, Status.SNAKE, 0.01
8815, 17, 89, Status.SNAKE, 0.01
8816, 7, 44, Status.WALL, 0.01
8817, 10, 63, Status.SNAKE, 0.01
8818, 7, 31, Status.SNAKE, 0.01
8819, 13, 68, Status.SNAKE, 0.01
8820, 2, 14, Status.WALL, 0.01
8821, 5, 31, Status.WALL, 0.01
8822, 3, 18, Status.SNAKE, 0.01
8823, 8, 49, Status.SNAKE, 0.01
8824, 7, 61, Status.SNAKE, 0.01
8825, 7, 39, Status.SNAKE, 0.01
8826, 10, 62, Status.SNAKE, 0.01
8827, 5, 47, Status.SNAKE, 0.01
8828, 8, 37, Status.SNAKE, 0.01
8829, 3, 19, Status.WALL, 0.01
8830, 6, 35, Status.SNAKE, 0.01
8831, 1, 5, Status.SNAKE, 0.01
8832, 6, 41, Status.SNAKE, 0.01
8833, 14, 97, Status.SNAKE, 0.01
8834, 1, 3, Status.SNAKE, 0.01
8835, 7, 55, Status.SNAKE, 0.01
8836, 4, 23, Status.WALL, 0.01
8837, 5, 34, Status.SNAKE, 0.01
8838, 4, 46, Status.WALL, 0.01
8839, 7, 46, Status.SNAKE, 0.01
8840, 10, 58, Status.SNAKE, 0.01
8841, 7, 43, Status.WALL, 0.01
8842, 6, 45, Status.SNAKE, 0.01
8843, 10, 89, Status.WALL, 0.01
8844, 14, 129, Status.WALL, 0.01
8845, 7, 47, Status.SNAKE, 0.01
8846, 2, 11, Status.SNAKE, 0.01
8847, 15, 105, Status.SNAKE, 0.01
8848, 7, 64, Status.WALL, 0.01
8849, 1, 5, Status.SNAKE, 0.01
8850, 10, 78, Status.WALL, 0.01
8851, 10, 60, Status.SNAKE, 0.01
8852, 10, 78, Status.WALL, 0.01
8853, 13, 85, Status.SNAKE, 0.01
8854, 5, 34, Status.SNAKE, 0.01
8855, 10, 54, Status.WALL, 0.01
8856, 9, 54, Status.SNAKE, 0.01
8857, 2, 10, Status.SNAKE, 0.01
8858, 8, 64, Status.SNAKE, 0.01
8859, 3, 26, Status.WALL, 0.01
8860, 8, 62, Status.SNAKE, 0.01
8861, 14, 90, Status.SNAKE, 0.01
8862, 7, 24, Status.SNAKE, 0.01
8863, 12, 107, Status.WALL, 0.01
8864, 9, 74, Status.SNAKE, 0.01
8865, 11, 71, Status.SNAKE, 0.01
8866, 14, 97, Status.SNAKE, 0.01
8867, 6, 52, Status.SNAKE, 0.01
8868, 14, 103, Status.SNAKE, 0.01
8869, 5, 37, Status.SNAKE, 0.01
8870, 11, 59, Status.SNAKE, 0.01
8871, 13, 82, Status.SNAKE, 0.01
8872, 3, 17, Status.SNAKE, 0.01
8873, 15, 99, Status.SNAKE, 0.01
8874, 4, 22, Status.SNAKE, 0.01
8875, 3, 22, Status.WALL, 0.01
8876, 4, 31, Status.WALL, 0.01
8877, 4, 23, Status.SNAKE, 0.01
8878, 4, 21, Status.SNAKE, 0.01
8879, 13, 79, Status.SNAKE, 0.01
8880, 8, 79, Status.WALL, 0.01
8881, 14, 86, Status.SNAKE, 0.01
8882, 8, 43, Status.SNAKE, 0.01
8883, 3, 26, Status.SNAKE, 0.01
8884, 3, 22, Status.SNAKE, 0.01
8885, 1, 5, Status.SNAKE, 0.01
8886, 5, 34, Status.SNAKE, 0.01
8887, 3, 18, Status.SNAKE, 0.01
8888, 9, 61, Status.SNAKE, 0.01
8889, 6, 23, Status.SNAKE, 0.01
8890, 13, 103, Status.WALL, 0.01
8891, 5, 34, Status.SNAKE, 0.01
8892, 8, 61, Status.WALL, 0.01
8893, 12, 89, Status.SNAKE, 0.01
8894, 10, 67, Status.SNAKE, 0.01
8895, 5, 37, Status.WALL, 0.01
8896, 18, 107, Status.SNAKE, 0.01
8897, 4, 28, Status.SNAKE, 0.01
8898, 14, 76, Status.SNAKE, 0.01
8899, 7, 44, Status.SNAKE, 0.01
8900, 14, 78, Status.SNAKE, 0.01
8901, 13, 103, Status.SNAKE, 0.01
8902, 6, 43, Status.SNAKE, 0.01
8903, 4, 21, Status.WALL, 0.01
8904, 12, 78, Status.WALL, 0.01
8905, 9, 71, Status.SNAKE, 0.01
8906, 3, 24, Status.SNAKE, 0.01
8907, 5, 36, Status.WALL, 0.01
8908, 14, 107, Status.SNAKE, 0.01
8909, 13, 87, Status.WALL, 0.01
8910, 7, 40, Status.WALL, 0.01
8911, 13, 115, Status.WALL, 0.01
8912, 6, 45, Status.SNAKE, 0.01
8913, 7, 44, Status.SNAKE, 0.01
8914, 9, 51, Status.SNAKE, 0.01
8915, 9, 78, Status.WALL, 0.01
8916, 8, 49, Status.WALL, 0.01
8917, 6, 34, Status.SNAKE, 0.01
8918, 7, 37, Status.WALL, 0.01
8919, 6, 51, Status.SNAKE, 0.01
8920, 5, 38, Status.SNAKE, 0.01
8921, 11, 75, Status.WALL, 0.01
8922, 7, 64, Status.WALL, 0.01
8923, 9, 61, Status.SNAKE, 0.01
8924, 8, 67, Status.SNAKE, 0.01
8925, 3, 14, Status.WALL, 0.01
8926, 8, 52, Status.SNAKE, 0.01
8927, 16, 112, Status.WALL, 0.01
8928, 11, 96, Status.SNAKE, 0.01
8929, 10, 74, Status.SNAKE, 0.01
8930, 1, 10, Status.WALL, 0.01
8931, 6, 40, Status.SNAKE, 0.01
8932, 4, 25, Status.SNAKE, 0.01
8933, 17, 160, Status.SNAKE, 0.01
8934, 11, 82, Status.SNAKE, 0.01
8935, 5, 41, Status.SNAKE, 0.01
8936, 1, 7, Status.SNAKE, 0.01
8937, 4, 32, Status.SNAKE, 0.01
8938, 9, 49, Status.WALL, 0.01
8939, 3, 16, Status.WALL, 0.01
8940, 3, 24, Status.SNAKE, 0.01
8941, 8, 69, Status.SNAKE, 0.01
8942, 11, 82, Status.SNAKE, 0.01
8943, 3, 19, Status.SNAKE, 0.01
8944, 4, 24, Status.WALL, 0.01
8945, 17, 134, Status.SNAKE, 0.01
8946, 12, 86, Status.SNAKE, 0.01
8947, 6, 42, Status.SNAKE, 0.01
8948, 10, 66, Status.SNAKE, 0.01
8949, 5, 28, Status.SNAKE, 0.01
8950, 13, 77, Status.SNAKE, 0.01
8951, 5, 44, Status.WALL, 0.01
8952, 5, 36, Status.SNAKE, 0.01
8953, 3, 15, Status.SNAKE, 0.01
8954, 7, 41, Status.SNAKE, 0.01
8955, 13, 124, Status.SNAKE, 0.01
8956, 1, 6, Status.WALL, 0.01
8957, 14, 108, Status.SNAKE, 0.01
8958, 9, 49, Status.SNAKE, 0.01
8959, 6, 48, Status.WALL, 0.01
8960, 11, 77, Status.SNAKE, 0.01
8961, 8, 38, Status.WALL, 0.01
8962, 6, 26, Status.WALL, 0.01
8963, 6, 42, Status.SNAKE, 0.01
8964, 4, 20, Status.SNAKE, 0.01
8965, 1, 6, Status.SNAKE, 0.01
8966, 5, 39, Status.WALL, 0.01
8967, 8, 56, Status.SNAKE, 0.01
8968, 8, 45, Status.SNAKE, 0.01
8969, 6, 26, Status.WALL, 0.01
8970, 14, 132, Status.SNAKE, 0.01
8971, 11, 75, Status.WALL, 0.01
8972, 15, 112, Status.SNAKE, 0.01
8973, 10, 96, Status.WALL, 0.01
8974, 3, 19, Status.SNAKE, 0.01
8975, 18, 119, Status.SNAKE, 0.01
8976, 12, 79, Status.SNAKE, 0.01
8977, 6, 32, Status.SNAKE, 0.01
8978, 14, 88, Status.WALL, 0.01
8979, 9, 57, Status.SNAKE, 0.01
8980, 6, 58, Status.SNAKE, 0.01
8981, 4, 33, Status.SNAKE, 0.01
8982, 7, 40, Status.SNAKE, 0.01
8983, 10, 65, Status.SNAKE, 0.01
8984, 18, 137, Status.SNAKE, 0.01
8985, 5, 27, Status.SNAKE, 0.01
8986, 1, 13, Status.WALL, 0.01
8987, 8, 45, Status.WALL, 0.01
8988, 16, 91, Status.SNAKE, 0.01
8989, 14, 122, Status.WALL, 0.01
8990, 3, 17, Status.SNAKE, 0.01
8991, 13, 92, Status.SNAKE, 0.01
8992, 7, 43, Status.SNAKE, 0.01
8993, 6, 45, Status.SNAKE, 0.01
8994, 15, 111, Status.SNAKE, 0.01
8995, 13, 99, Status.SNAKE, 0.01
8996, 1, 9, Status.WALL, 0.01
8997, 7, 55, Status.SNAKE, 0.01
8998, 7, 53, Status.SNAKE, 0.01
8999, 3, 28, Status.SNAKE, 0.01
9000, 10, 61, Status.SNAKE, 0.01
9001, 10, 56, Status.SNAKE, 0.01
9002, 1, 16, Status.SNAKE, 0.01
9003, 2, 11, Status.SNAKE, 0.01
9004, 15, 90, Status.WALL, 0.01
9005, 6, 24, Status.SNAKE, 0.01
9006, 5, 40, Status.WALL, 0.01
9007, 14, 96, Status.SNAKE, 0.01
9008, 9, 65, Status.SNAKE, 0.01
9009, 10, 75, Status.SNAKE, 0.01
9010, 5, 32, Status.SNAKE, 0.01
9011, 16, 82, Status.SNAKE, 0.01
9012, 9, 71, Status.SNAKE, 0.01
9013, 13, 106, Status.SNAKE, 0.01
9014, 14, 108, Status.WALL, 0.01
9015, 4, 26, Status.SNAKE, 0.01
9016, 2, 14, Status.SNAKE, 0.01
9017, 5, 38, Status.SNAKE, 0.01
9018, 4, 48, Status.WALL, 0.01
9019, 5, 23, Status.SNAKE, 0.01
9020, 0, 8, Status.WALL, 0.01
9021, 6, 41, Status.WALL, 0.01
9022, 5, 38, Status.SNAKE, 0.01
9023, 9, 62, Status.SNAKE, 0.01
9024, 16, 126, Status.WALL, 0.01
9025, 2, 11, Status.SNAKE, 0.01
9026, 5, 26, Status.SNAKE, 0.01
9027, 3, 20, Status.SNAKE, 0.01
9028, 11, 87, Status.SNAKE, 0.01
9029, 19, 157, Status.SNAKE, 0.01
9030, 11, 79, Status.SNAKE, 0.01
9031, 14, 87, Status.SNAKE, 0.01
9032, 11, 74, Status.SNAKE, 0.01
9033, 5, 20, Status.SNAKE, 0.01
9034, 12, 92, Status.WALL, 0.01
9035, 11, 74, Status.SNAKE, 0.01
9036, 9, 62, Status.SNAKE, 0.01
9037, 9, 65, Status.WALL, 0.01
9038, 7, 43, Status.WALL, 0.01
9039, 4, 29, Status.WALL, 0.01
9040, 5, 27, Status.SNAKE, 0.01
9041, 12, 76, Status.WALL, 0.01
9042, 7, 43, Status.SNAKE, 0.01
9043, 13, 103, Status.SNAKE, 0.01
9044, 14, 100, Status.SNAKE, 0.01
9045, 12, 103, Status.SNAKE, 0.01
9046, 12, 99, Status.SNAKE, 0.01
9047, 8, 42, Status.SNAKE, 0.01
9048, 7, 51, Status.SNAKE, 0.01
9049, 8, 57, Status.SNAKE, 0.01
9050, 6, 39, Status.WALL, 0.01
9051, 6, 41, Status.WALL, 0.01
9052, 8, 54, Status.SNAKE, 0.01
9053, 29, 195, Status.WALL, 0.01
9054, 8, 56, Status.SNAKE, 0.01
9055, 9, 72, Status.SNAKE, 0.01
9056, 4, 28, Status.SNAKE, 0.01
9057, 7, 63, Status.WALL, 0.01
9058, 4, 30, Status.SNAKE, 0.01
9059, 13, 87, Status.SNAKE, 0.01
9060, 2, 12, Status.SNAKE, 0.01
9061, 9, 67, Status.SNAKE, 0.01
9062, 10, 70, Status.WALL, 0.01
9063, 9, 79, Status.SNAKE, 0.01
9064, 1, 10, Status.WALL, 0.01
9065, 12, 73, Status.WALL, 0.01
9066, 4, 31, Status.SNAKE, 0.01
9067, 9, 84, Status.SNAKE, 0.01
9068, 6, 47, Status.SNAKE, 0.01
9069, 10, 82, Status.SNAKE, 0.01
9070, 13, 85, Status.SNAKE, 0.01
9071, 1, 5, Status.SNAKE, 0.01
9072, 13, 102, Status.SNAKE, 0.01
9073, 8, 46, Status.SNAKE, 0.01
9074, 6, 38, Status.SNAKE, 0.01
9075, 3, 18, Status.SNAKE, 0.01
9076, 11, 88, Status.SNAKE, 0.01
9077, 12, 80, Status.SNAKE, 0.01
9078, 2, 15, Status.SNAKE, 0.01
9079, 9, 56, Status.SNAKE, 0.01
9080, 3, 16, Status.SNAKE, 0.01
9081, 10, 63, Status.SNAKE, 0.01
9082, 12, 85, Status.SNAKE, 0.01
9083, 15, 82, Status.SNAKE, 0.01
9084, 16, 97, Status.SNAKE, 0.01
9085, 10, 62, Status.SNAKE, 0.01
9086, 1, 5, Status.SNAKE, 0.01
9087, 3, 23, Status.SNAKE, 0.01
9088, 17, 113, Status.SNAKE, 0.01
9089, 3, 17, Status.SNAKE, 0.01
9090, 1, 5, Status.SNAKE, 0.01
9091, 8, 60, Status.SNAKE, 0.01
9092, 6, 58, Status.WALL, 0.01
9093, 16, 109, Status.SNAKE, 0.01
9094, 3, 18, Status.SNAKE, 0.01
9095, 18, 111, Status.SNAKE, 0.01
9096, 7, 36, Status.SNAKE, 0.01
9097, 1, 5, Status.SNAKE, 0.01
9098, 13, 76, Status.SNAKE, 0.01
9099, 7, 47, Status.SNAKE, 0.01
9100, 3, 20, Status.SNAKE, 0.01
9101, 6, 45, Status.SNAKE, 0.01
9102, 11, 79, Status.SNAKE, 0.01
9103, 9, 79, Status.SNAKE, 0.01
9104, 5, 35, Status.SNAKE, 0.01
9105, 3, 18, Status.WALL, 0.01
9106, 10, 83, Status.SNAKE, 0.01
9107, 3, 14, Status.WALL, 0.01
9108, 3, 12, Status.SNAKE, 0.01
9109, 4, 19, Status.SNAKE, 0.01
9110, 3, 22, Status.WALL, 0.01
9111, 4, 26, Status.SNAKE, 0.01
9112, 14, 97, Status.SNAKE, 0.01
9113, 19, 115, Status.WALL, 0.01
9114, 7, 40, Status.SNAKE, 0.01
9115, 10, 59, Status.WALL, 0.01
9116, 4, 33, Status.SNAKE, 0.01
9117, 3, 18, Status.WALL, 0.01
9118, 11, 70, Status.WALL, 0.01
9119, 8, 50, Status.SNAKE, 0.01
9120, 16, 106, Status.SNAKE, 0.01
9121, 17, 107, Status.WALL, 0.01
9122, 12, 63, Status.SNAKE, 0.01
9123, 5, 28, Status.SNAKE, 0.01
9124, 8, 50, Status.SNAKE, 0.01
9125, 14, 108, Status.SNAKE, 0.01
9126, 8, 53, Status.SNAKE, 0.01
9127, 1, 5, Status.SNAKE, 0.01
9128, 1, 8, Status.SNAKE, 0.01
9129, 14, 99, Status.SNAKE, 0.01
9130, 2, 16, Status.WALL, 0.01
9131, 10, 75, Status.WALL, 0.01
9132, 12, 91, Status.SNAKE, 0.01
9133, 1, 7, Status.SNAKE, 0.01
9134, 11, 73, Status.SNAKE, 0.01
9135, 7, 44, Status.SNAKE, 0.01
9136, 1, 8, Status.WALL, 0.01
9137, 6, 48, Status.WALL, 0.01
9138, 3, 19, Status.SNAKE, 0.01
9139, 5, 41, Status.SNAKE, 0.01
9140, 11, 67, Status.SNAKE, 0.01
9141, 8, 52, Status.SNAKE, 0.01
9142, 8, 50, Status.SNAKE, 0.01
9143, 11, 66, Status.SNAKE, 0.01
9144, 8, 54, Status.SNAKE, 0.01
9145, 1, 8, Status.SNAKE, 0.01
9146, 5, 38, Status.SNAKE, 0.01
9147, 2, 13, Status.SNAKE, 0.01
9148, 7, 36, Status.SNAKE, 0.01
9149, 11, 116, Status.WALL, 0.01
9150, 8, 59, Status.SNAKE, 0.01
9151, 11, 80, Status.WALL, 0.01
9152, 3, 22, Status.WALL, 0.01
9153, 1, 9, Status.WALL, 0.01
9154, 9, 52, Status.SNAKE, 0.01
9155, 7, 44, Status.SNAKE, 0.01
9156, 7, 49, Status.WALL, 0.01
9157, 6, 46, Status.SNAKE, 0.01
9158, 2, 16, Status.SNAKE, 0.01
9159, 7, 47, Status.SNAKE, 0.01
9160, 9, 53, Status.SNAKE, 0.01
9161, 6, 31, Status.SNAKE, 0.01
9162, 11, 85, Status.SNAKE, 0.01
9163, 11, 75, Status.SNAKE, 0.01
9164, 19, 142, Status.SNAKE, 0.01
9165, 9, 53, Status.SNAKE, 0.01
9166, 12, 77, Status.SNAKE, 0.01
9167, 9, 59, Status.SNAKE, 0.01
9168, 8, 53, Status.SNAKE, 0.01
9169, 14, 97, Status.SNAKE, 0.01
9170, 8, 52, Status.WALL, 0.01
9171, 7, 38, Status.SNAKE, 0.01
9172, 5, 43, Status.SNAKE, 0.01
9173, 15, 89, Status.SNAKE, 0.01
9174, 7, 51, Status.SNAKE, 0.01
9175, 13, 89, Status.WALL, 0.01
9176, 12, 95, Status.SNAKE, 0.01
9177, 7, 32, Status.SNAKE, 0.01
9178, 8, 57, Status.SNAKE, 0.01
9179, 5, 27, Status.SNAKE, 0.01
9180, 17, 116, Status.SNAKE, 0.01
9181, 5, 47, Status.SNAKE, 0.01
9182, 18, 110, Status.SNAKE, 0.01
9183, 9, 70, Status.WALL, 0.01
9184, 13, 117, Status.SNAKE, 0.01
9185, 13, 102, Status.SNAKE, 0.01
9186, 2, 16, Status.SNAKE, 0.01
9187, 14, 103, Status.SNAKE, 0.01
9188, 11, 72, Status.SNAKE, 0.01
9189, 10, 52, Status.SNAKE, 0.01
9190, 14, 96, Status.WALL, 0.01
9191, 5, 40, Status.SNAKE, 0.01
9192, 8, 72, Status.WALL, 0.01
9193, 8, 49, Status.SNAKE, 0.01
9194, 11, 82, Status.WALL, 0.01
9195, 12, 106, Status.SNAKE, 0.01
9196, 3, 20, Status.SNAKE, 0.01
9197, 9, 51, Status.SNAKE, 0.01
9198, 1, 8, Status.WALL, 0.01
9199, 9, 53, Status.SNAKE, 0.01
9200, 12, 87, Status.SNAKE, 0.01
9201, 13, 72, Status.SNAKE, 0.01
9202, 3, 15, Status.WALL, 0.01
9203, 6, 50, Status.SNAKE, 0.01
9204, 9, 65, Status.SNAKE, 0.01
9205, 12, 88, Status.SNAKE, 0.01
9206, 3, 22, Status.SNAKE, 0.01
9207, 15, 102, Status.SNAKE, 0.01
9208, 5, 37, Status.WALL, 0.01
9209, 9, 64, Status.SNAKE, 0.01
9210, 7, 57, Status.SNAKE, 0.01
9211, 6, 30, Status.SNAKE, 0.01
9212, 7, 47, Status.WALL, 0.01
9213, 4, 28, Status.SNAKE, 0.01
9214, 7, 48, Status.SNAKE, 0.01
9215, 10, 62, Status.SNAKE, 0.01
9216, 7, 48, Status.SNAKE, 0.01
9217, 6, 26, Status.SNAKE, 0.01
9218, 3, 16, Status.SNAKE, 0.01
9219, 5, 41, Status.SNAKE, 0.01
9220, 13, 93, Status.SNAKE, 0.01
9221, 10, 97, Status.SNAKE, 0.01
9222, 3, 10, Status.SNAKE, 0.01
9223, 10, 70, Status.SNAKE, 0.01
9224, 14, 82, Status.SNAKE, 0.01
9225, 16, 133, Status.SNAKE, 0.01
9226, 6, 50, Status.WALL, 0.01
9227, 11, 70, Status.SNAKE, 0.01
9228, 20, 136, Status.SNAKE, 0.01
9229, 7, 42, Status.SNAKE, 0.01
9230, 8, 47, Status.SNAKE, 0.01
9231, 4, 36, Status.SNAKE, 0.01
9232, 21, 133, Status.SNAKE, 0.01
9233, 3, 21, Status.SNAKE, 0.01
9234, 11, 92, Status.SNAKE, 0.01
9235, 1, 5, Status.SNAKE, 0.01
9236, 8, 72, Status.SNAKE, 0.01
9237, 8, 28, Status.SNAKE, 0.01
9238, 14, 96, Status.SNAKE, 0.01
9239, 11, 90, Status.SNAKE, 0.01
9240, 12, 99, Status.WALL, 0.01
9241, 3, 20, Status.SNAKE, 0.01
9242, 8, 68, Status.SNAKE, 0.01
9243, 3, 27, Status.SNAKE, 0.01
9244, 4, 29, Status.WALL, 0.01
9245, 17, 121, Status.WALL, 0.01
9246, 6, 44, Status.SNAKE, 0.01
9247, 17, 126, Status.SNAKE, 0.01
9248, 7, 36, Status.SNAKE, 0.01
9249, 5, 36, Status.SNAKE, 0.01
9250, 17, 97, Status.WALL, 0.01
9251, 5, 27, Status.SNAKE, 0.01
9252, 5, 41, Status.SNAKE, 0.01
9253, 10, 67, Status.SNAKE, 0.01
9254, 5, 23, Status.SNAKE, 0.01
9255, 3, 20, Status.WALL, 0.01
9256, 10, 53, Status.WALL, 0.01
9257, 12, 68, Status.SNAKE, 0.01
9258, 13, 73, Status.SNAKE, 0.01
9259, 9, 68, Status.SNAKE, 0.01
9260, 2, 13, Status.WALL, 0.01
9261, 7, 57, Status.SNAKE, 0.01
9262, 2, 10, Status.WALL, 0.01
9263, 3, 23, Status.SNAKE, 0.01
9264, 2, 6, Status.SNAKE, 0.01
9265, 6, 45, Status.SNAKE, 0.01
9266, 3, 19, Status.SNAKE, 0.01
9267, 2, 13, Status.SNAKE, 0.01
9268, 6, 42, Status.SNAKE, 0.01
9269, 6, 34, Status.WALL, 0.01
9270, 9, 54, Status.SNAKE, 0.01
9271, 5, 27, Status.SNAKE, 0.01
9272, 7, 50, Status.SNAKE, 0.01
9273, 21, 156, Status.SNAKE, 0.01
9274, 11, 91, Status.SNAKE, 0.01
9275, 14, 79, Status.WALL, 0.01
9276, 6, 35, Status.WALL, 0.01
9277, 2, 13, Status.SNAKE, 0.01
9278, 8, 47, Status.SNAKE, 0.01
9279, 15, 98, Status.SNAKE, 0.01
9280, 8, 55, Status.SNAKE, 0.01
9281, 2, 18, Status.WALL, 0.01
9282, 2, 14, Status.SNAKE, 0.01
9283, 8, 67, Status.WALL, 0.01
9284, 5, 29, Status.SNAKE, 0.01
9285, 10, 61, Status.SNAKE, 0.01
9286, 4, 37, Status.SNAKE, 0.01
9287, 14, 78, Status.SNAKE, 0.01
9288, 11, 83, Status.SNAKE, 0.01
9289, 9, 61, Status.SNAKE, 0.01
9290, 11, 79, Status.WALL, 0.01
9291, 16, 98, Status.SNAKE, 0.01
9292, 13, 83, Status.SNAKE, 0.01
9293, 12, 76, Status.SNAKE, 0.01
9294, 3, 26, Status.WALL, 0.01
9295, 1, 6, Status.SNAKE, 0.01
9296, 1, 7, Status.WALL, 0.01
9297, 3, 33, Status.SNAKE, 0.01
9298, 12, 81, Status.SNAKE, 0.01
9299, 3, 23, Status.WALL, 0.01
9300, 9, 48, Status.SNAKE, 0.01
9301, 1, 5, Status.SNAKE, 0.01
9302, 8, 51, Status.SNAKE, 0.01
9303, 4, 27, Status.SNAKE, 0.01
9304, 7, 54, Status.SNAKE, 0.01
9305, 8, 47, Status.WALL, 0.01
9306, 12, 104, Status.SNAKE, 0.01
9307, 9, 57, Status.SNAKE, 0.01
9308, 14, 111, Status.SNAKE, 0.01
9309, 6, 44, Status.SNAKE, 0.01
9310, 8, 60, Status.SNAKE, 0.01
9311, 6, 44, Status.SNAKE, 0.01
9312, 5, 44, Status.WALL, 0.01
9313, 9, 43, Status.SNAKE, 0.01
9314, 6, 48, Status.SNAKE, 0.01
9315, 15, 93, Status.SNAKE, 0.01
9316, 10, 80, Status.SNAKE, 0.01
9317, 13, 92, Status.WALL, 0.01
9318, 20, 142, Status.WALL, 0.01
9319, 3, 24, Status.SNAKE, 0.01
9320, 6, 45, Status.SNAKE, 0.01
9321, 3, 17, Status.SNAKE, 0.01
9322, 7, 44, Status.SNAKE, 0.01
9323, 8, 61, Status.WALL, 0.01
9324, 3, 23, Status.SNAKE, 0.01
9325, 5, 29, Status.SNAKE, 0.01
9326, 6, 39, Status.SNAKE, 0.01
9327, 11, 72, Status.WALL, 0.01
9328, 3, 19, Status.WALL, 0.01
9329, 8, 47, Status.SNAKE, 0.01
9330, 10, 76, Status.WALL, 0.01
9331, 8, 79, Status.SNAKE, 0.01
9332, 10, 57, Status.SNAKE, 0.01
9333, 7, 47, Status.SNAKE, 0.01
9334, 17, 123, Status.SNAKE, 0.01
9335, 9, 58, Status.SNAKE, 0.01
9336, 8, 52, Status.SNAKE, 0.01
9337, 8, 44, Status.SNAKE, 0.01
9338, 13, 67, Status.WALL, 0.01
9339, 3, 22, Status.SNAKE, 0.01
9340, 9, 37, Status.SNAKE, 0.01
9341, 3, 21, Status.SNAKE, 0.01
9342, 8, 51, Status.SNAKE, 0.01
9343, 8, 54, Status.SNAKE, 0.01
9344, 5, 25, Status.SNAKE, 0.01
9345, 5, 36, Status.SNAKE, 0.01
9346, 7, 41, Status.SNAKE, 0.01
9347, 11, 52, Status.SNAKE, 0.01
9348, 3, 23, Status.SNAKE, 0.01
9349, 8, 65, Status.WALL, 0.01
9350, 10, 66, Status.WALL, 0.01
9351, 5, 40, Status.SNAKE, 0.01
9352, 3, 14, Status.SNAKE, 0.01
9353, 17, 123, Status.SNAKE, 0.01
9354, 13, 99, Status.SNAKE, 0.01
9355, 10, 63, Status.SNAKE, 0.01
9356, 8, 52, Status.SNAKE, 0.01
9357, 7, 29, Status.SNAKE, 0.01
9358, 9, 60, Status.SNAKE, 0.01
9359, 12, 71, Status.SNAKE, 0.01
9360, 6, 30, Status.WALL, 0.01
9361, 16, 120, Status.SNAKE, 0.01
9362, 17, 93, Status.SNAKE, 0.01
9363, 3, 30, Status.WALL, 0.01
9364, 11, 90, Status.SNAKE, 0.01
9365, 14, 124, Status.SNAKE, 0.01
9366, 14, 113, Status.SNAKE, 0.01
9367, 16, 141, Status.SNAKE, 0.01
9368, 2, 10, Status.WALL, 0.01
9369, 17, 142, Status.WALL, 0.01
9370, 11, 85, Status.SNAKE, 0.01
9371, 6, 30, Status.SNAKE, 0.01
9372, 10, 62, Status.WALL, 0.01
9373, 1, 5, Status.SNAKE, 0.01
9374, 17, 134, Status.SNAKE, 0.01
9375, 3, 19, Status.WALL, 0.01
9376, 9, 71, Status.SNAKE, 0.01
9377, 8, 42, Status.WALL, 0.01
9378, 16, 94, Status.WALL, 0.01
9379, 5, 31, Status.WALL, 0.01
9380, 9, 73, Status.SNAKE, 0.01
9381, 11, 77, Status.SNAKE, 0.01
9382, 14, 112, Status.SNAKE, 0.01
9383, 6, 30, Status.WALL, 0.01
9384, 5, 38, Status.SNAKE, 0.01
9385, 4, 23, Status.SNAKE, 0.01
9386, 12, 74, Status.SNAKE, 0.01
9387, 4, 27, Status.SNAKE, 0.01
9388, 1, 6, Status.SNAKE, 0.01
9389, 2, 17, Status.SNAKE, 0.01
9390, 13, 111, Status.SNAKE, 0.01
9391, 6, 23, Status.SNAKE, 0.01
9392, 4, 18, Status.SNAKE, 0.01
9393, 1, 3, Status.SNAKE, 0.01
9394, 7, 44, Status.SNAKE, 0.01
9395, 6, 39, Status.SNAKE, 0.01
9396, 13, 84, Status.SNAKE, 0.01
9397, 3, 25, Status.WALL, 0.01
9398, 21, 132, Status.SNAKE, 0.01
9399, 3, 13, Status.SNAKE, 0.01
9400, 4, 32, Status.SNAKE, 0.01
9401, 11, 78, Status.SNAKE, 0.01
9402, 5, 21, Status.SNAKE, 0.01
9403, 13, 104, Status.SNAKE, 0.01
9404, 20, 149, Status.SNAKE, 0.01
9405, 20, 124, Status.SNAKE, 0.01
9406, 11, 84, Status.SNAKE, 0.01
9407, 13, 66, Status.SNAKE, 0.01
9408, 13, 79, Status.SNAKE, 0.01
9409, 10, 63, Status.SNAKE, 0.01
9410, 19, 128, Status.SNAKE, 0.01
9411, 8, 39, Status.SNAKE, 0.01
9412, 10, 81, Status.SNAKE, 0.01
9413, 9, 48, Status.SNAKE, 0.01
9414, 1, 5, Status.SNAKE, 0.01
9415, 1, 3, Status.SNAKE, 0.01
9416, 6, 34, Status.SNAKE, 0.01
9417, 8, 53, Status.WALL, 0.01
9418, 7, 25, Status.SNAKE, 0.01
9419, 15, 101, Status.WALL, 0.01
9420, 12, 85, Status.SNAKE, 0.01
9421, 8, 62, Status.SNAKE, 0.01
9422, 7, 61, Status.SNAKE, 0.01
9423, 7, 47, Status.WALL, 0.01
9424, 10, 57, Status.SNAKE, 0.01
9425, 1, 3, Status.SNAKE, 0.01
9426, 16, 121, Status.WALL, 0.01
9427, 5, 30, Status.SNAKE, 0.01
9428, 11, 78, Status.SNAKE, 0.01
9429, 17, 119, Status.SNAKE, 0.01
9430, 1, 5, Status.SNAKE, 0.01
9431, 7, 72, Status.SNAKE, 0.01
9432, 3, 23, Status.SNAKE, 0.01
9433, 8, 42, Status.WALL, 0.01
9434, 5, 35, Status.SNAKE, 0.01
9435, 1, 6, Status.SNAKE, 0.01
9436, 8, 60, Status.WALL, 0.01
9437, 16, 112, Status.SNAKE, 0.01
9438, 12, 78, Status.SNAKE, 0.01
9439, 13, 97, Status.SNAKE, 0.01
9440, 7, 56, Status.SNAKE, 0.01
9441, 5, 37, Status.WALL, 0.01
9442, 8, 55, Status.WALL, 0.01
9443, 7, 32, Status.SNAKE, 0.01
9444, 5, 31, Status.SNAKE, 0.01
9445, 6, 44, Status.SNAKE, 0.01
9446, 6, 40, Status.SNAKE, 0.01
9447, 8, 57, Status.SNAKE, 0.01
9448, 12, 83, Status.SNAKE, 0.01
9449, 7, 31, Status.WALL, 0.01
9450, 10, 74, Status.WALL, 0.01
9451, 13, 85, Status.SNAKE, 0.01
9452, 15, 112, Status.SNAKE, 0.01
9453, 2, 21, Status.SNAKE, 0.01
9454, 10, 80, Status.SNAKE, 0.01
9455, 17, 127, Status.SNAKE, 0.01
9456, 12, 106, Status.WALL, 0.01
9457, 2, 17, Status.WALL, 0.01
9458, 12, 62, Status.SNAKE, 0.01
9459, 10, 54, Status.SNAKE, 0.01
9460, 18, 116, Status.WALL, 0.01
9461, 3, 29, Status.SNAKE, 0.01
9462, 1, 5, Status.SNAKE, 0.01
9463, 7, 57, Status.WALL, 0.01
9464, 4, 22, Status.SNAKE, 0.01
9465, 4, 19, Status.SNAKE, 0.01
9466, 10, 73, Status.SNAKE, 0.01
9467, 3, 16, Status.SNAKE, 0.01
9468, 8, 53, Status.SNAKE, 0.01
9469, 5, 30, Status.SNAKE, 0.01
9470, 19, 128, Status.SNAKE, 0.01
9471, 11, 74, Status.SNAKE, 0.01
9472, 12, 62, Status.WALL, 0.01
9473, 2, 13, Status.SNAKE, 0.01
9474, 5, 21, Status.WALL, 0.01
9475, 14, 92, Status.WALL, 0.01
9476, 4, 15, Status.WALL, 0.01
9477, 7, 47, Status.SNAKE, 0.01
9478, 5, 21, Status.SNAKE, 0.01
9479, 13, 81, Status.SNAKE, 0.01
9480, 4, 36, Status.SNAKE, 0.01
9481, 9, 78, Status.SNAKE, 0.01
9482, 4, 31, Status.WALL, 0.01
9483, 4, 19, Status.WALL, 0.01
9484, 13, 79, Status.SNAKE, 0.01
9485, 19, 145, Status.SNAKE, 0.01
9486, 4, 22, Status.WALL, 0.01
9487, 1, 10, Status.WALL, 0.01
9488, 9, 49, Status.SNAKE, 0.01
9489, 4, 17, Status.SNAKE, 0.01
9490, 5, 25, Status.SNAKE, 0.01
9491, 1, 8, Status.WALL, 0.01
9492, 4, 29, Status.SNAKE, 0.01
9493, 1, 7, Status.SNAKE, 0.01
9494, 8, 44, Status.SNAKE, 0.01
9495, 13, 82, Status.SNAKE, 0.01
9496, 10, 80, Status.WALL, 0.01
9497, 10, 66, Status.SNAKE, 0.01
9498, 6, 40, Status.SNAKE, 0.01
9499, 3, 26, Status.SNAKE, 0.01
9500, 6, 44, Status.SNAKE, 0.01
9501, 7, 43, Status.SNAKE, 0.01
9502, 7, 34, Status.SNAKE, 0.01
9503, 5, 35, Status.SNAKE, 0.01
9504, 9, 81, Status.SNAKE, 0.01
9505, 14, 102, Status.WALL, 0.01
9506, 10, 66, Status.WALL, 0.01
9507, 4, 30, Status.WALL, 0.01
9508, 21, 145, Status.SNAKE, 0.01
9509, 1, 5, Status.SNAKE, 0.01
9510, 20, 151, Status.SNAKE, 0.01
9511, 5, 35, Status.SNAKE, 0.01
9512, 15, 111, Status.SNAKE, 0.01
9513, 5, 32, Status.SNAKE, 0.01
9514, 7, 55, Status.SNAKE, 0.01
9515, 16, 126, Status.SNAKE, 0.01
9516, 9, 55, Status.SNAKE, 0.01
9517, 8, 54, Status.SNAKE, 0.01
9518, 13, 84, Status.SNAKE, 0.01
9519, 12, 87, Status.SNAKE, 0.01
9520, 16, 103, Status.SNAKE, 0.01
9521, 1, 7, Status.SNAKE, 0.01
9522, 12, 77, Status.SNAKE, 0.01
9523, 9, 71, Status.WALL, 0.01
9524, 5, 40, Status.SNAKE, 0.01
9525, 3, 21, Status.WALL, 0.01
9526, 8, 66, Status.WALL, 0.01
9527, 5, 30, Status.SNAKE, 0.01
9528, 0, 7, Status.WALL, 0.01
9529, 10, 62, Status.SNAKE, 0.01
9530, 2, 9, Status.WALL, 0.01
9531, 2, 18, Status.SNAKE, 0.01
9532, 11, 78, Status.SNAKE, 0.01
9533, 7, 48, Status.SNAKE, 0.01
9534, 11, 71, Status.SNAKE, 0.01
9535, 6, 47, Status.SNAKE, 0.01
9536, 6, 27, Status.SNAKE, 0.01
9537, 10, 107, Status.SNAKE, 0.01
9538, 8, 48, Status.SNAKE, 0.01
9539, 11, 67, Status.SNAKE, 0.01
9540, 5, 28, Status.WALL, 0.01
9541, 7, 54, Status.SNAKE, 0.01
9542, 9, 79, Status.SNAKE, 0.01
9543, 10, 32, Status.WALL, 0.01
9544, 6, 52, Status.WALL, 0.01
9545, 9, 60, Status.SNAKE, 0.01
9546, 8, 64, Status.SNAKE, 0.01
9547, 8, 44, Status.SNAKE, 0.01
9548, 4, 25, Status.SNAKE, 0.01
9549, 11, 82, Status.SNAKE, 0.01
9550, 6, 36, Status.SNAKE, 0.01
9551, 8, 52, Status.WALL, 0.01
9552, 13, 94, Status.SNAKE, 0.01
9553, 10, 48, Status.SNAKE, 0.01
9554, 4, 25, Status.SNAKE, 0.01
9555, 8, 50, Status.SNAKE, 0.01
9556, 11, 73, Status.SNAKE, 0.01
9557, 9, 62, Status.WALL, 0.01
9558, 1, 8, Status.SNAKE, 0.01
9559, 17, 98, Status.SNAKE, 0.01
9560, 8, 52, Status.WALL, 0.01
9561, 11, 74, Status.WALL, 0.01
9562, 10, 82, Status.WALL, 0.01
9563, 5, 37, Status.SNAKE, 0.01
9564, 1, 10, Status.WALL, 0.01
9565, 1, 11, Status.WALL, 0.01
9566, 14, 72, Status.SNAKE, 0.01
9567, 6, 46, Status.SNAKE, 0.01
9568, 14, 134, Status.SNAKE, 0.01
9569, 13, 108, Status.SNAKE, 0.01
9570, 13, 103, Status.SNAKE, 0.01
9571, 17, 113, Status.SNAKE, 0.01
9572, 6, 43, Status.SNAKE, 0.01
9573, 9, 75, Status.SNAKE, 0.01
9574, 13, 79, Status.SNAKE, 0.01
9575, 7, 54, Status.WALL, 0.01
9576, 9, 80, Status.WALL, 0.01
9577, 7, 42, Status.SNAKE, 0.01
9578, 8, 62, Status.SNAKE, 0.01
9579, 6, 41, Status.WALL, 0.01
9580, 8, 62, Status.SNAKE, 0.01
9581, 3, 12, Status.SNAKE, 0.01
9582, 5, 42, Status.SNAKE, 0.01
9583, 5, 35, Status.SNAKE, 0.01
9584, 15, 90, Status.SNAKE, 0.01
9585, 4, 33, Status.SNAKE, 0.01
9586, 6, 47, Status.SNAKE, 0.01
9587, 7, 39, Status.SNAKE, 0.01
9588, 10, 79, Status.WALL, 0.01
9589, 18, 112, Status.SNAKE, 0.01
9590, 13, 101, Status.SNAKE, 0.01
9591, 13, 74, Status.SNAKE, 0.01
9592, 16, 112, Status.WALL, 0.01
9593, 10, 65, Status.SNAKE, 0.01
9594, 5, 51, Status.SNAKE, 0.01
9595, 5, 32, Status.SNAKE, 0.01
9596, 9, 70, Status.SNAKE, 0.01
9597, 6, 32, Status.SNAKE, 0.01
9598, 17, 119, Status.SNAKE, 0.01
9599, 9, 54, Status.SNAKE, 0.01
9600, 11, 84, Status.SNAKE, 0.01
9601, 6, 46, Status.SNAKE, 0.01
9602, 10, 71, Status.SNAKE, 0.01
9603, 6, 27, Status.SNAKE, 0.01
9604, 2, 17, Status.SNAKE, 0.01
9605, 8, 53, Status.WALL, 0.01
9606, 7, 48, Status.SNAKE, 0.01
9607, 11, 91, Status.SNAKE, 0.01
9608, 12, 100, Status.SNAKE, 0.01
9609, 9, 69, Status.WALL, 0.01
9610, 9, 38, Status.SNAKE, 0.01
9611, 11, 68, Status.SNAKE, 0.01
9612, 6, 41, Status.SNAKE, 0.01
9613, 13, 89, Status.SNAKE, 0.01
9614, 4, 31, Status.SNAKE, 0.01
9615, 9, 55, Status.SNAKE, 0.01
9616, 12, 81, Status.WALL, 0.01
9617, 7, 36, Status.SNAKE, 0.01
9618, 12, 92, Status.SNAKE, 0.01
9619, 5, 37, Status.SNAKE, 0.01
9620, 3, 10, Status.SNAKE, 0.01
9621, 12, 89, Status.SNAKE, 0.01
9622, 0, 4, Status.WALL, 0.01
9623, 3, 18, Status.SNAKE, 0.01
9624, 14, 95, Status.WALL, 0.01
9625, 6, 41, Status.SNAKE, 0.01
9626, 4, 34, Status.SNAKE, 0.01
9627, 11, 77, Status.SNAKE, 0.01
9628, 21, 132, Status.SNAKE, 0.01
9629, 6, 37, Status.SNAKE, 0.01
9630, 16, 90, Status.SNAKE, 0.01
9631, 2, 16, Status.SNAKE, 0.01
9632, 5, 42, Status.SNAKE, 0.01
9633, 6, 44, Status.SNAKE, 0.01
9634, 12, 77, Status.SNAKE, 0.01
9635, 5, 24, Status.SNAKE, 0.01
9636, 11, 51, Status.SNAKE, 0.01
9637, 4, 29, Status.SNAKE, 0.01
9638, 15, 104, Status.SNAKE, 0.01
9639, 14, 91, Status.SNAKE, 0.01
9640, 19, 119, Status.SNAKE, 0.01
9641, 2, 11, Status.WALL, 0.01
9642, 11, 77, Status.SNAKE, 0.01
9643, 8, 66, Status.WALL, 0.01
9644, 9, 65, Status.SNAKE, 0.01
9645, 1, 7, Status.SNAKE, 0.01
9646, 10, 62, Status.SNAKE, 0.01
9647, 14, 109, Status.SNAKE, 0.01
9648, 8, 58, Status.SNAKE, 0.01
9649, 4, 24, Status.SNAKE, 0.01
9650, 15, 106, Status.SNAKE, 0.01
9651, 15, 82, Status.WALL, 0.01
9652, 3, 14, Status.WALL, 0.01
9653, 7, 44, Status.SNAKE, 0.01
9654, 5, 30, Status.SNAKE, 0.01
9655, 14, 98, Status.SNAKE, 0.01
9656, 14, 119, Status.SNAKE, 0.01
9657, 6, 31, Status.WALL, 0.01
9658, 3, 25, Status.WALL, 0.01
9659, 6, 45, Status.SNAKE, 0.01
9660, 15, 108, Status.SNAKE, 0.01
9661, 7, 42, Status.SNAKE, 0.01
9662, 21, 136, Status.SNAKE, 0.01
9663, 14, 80, Status.SNAKE, 0.01
9664, 14, 84, Status.SNAKE, 0.01
9665, 6, 37, Status.SNAKE, 0.01
9666, 1, 10, Status.WALL, 0.01
9667, 22, 190, Status.SNAKE, 0.01
9668, 6, 31, Status.WALL, 0.01
9669, 6, 45, Status.WALL, 0.01
9670, 20, 146, Status.SNAKE, 0.01
9671, 4, 23, Status.SNAKE, 0.01
9672, 12, 77, Status.SNAKE, 0.01
9673, 2, 22, Status.WALL, 0.01
9674, 6, 32, Status.SNAKE, 0.01
9675, 14, 84, Status.SNAKE, 0.01
9676, 2, 12, Status.SNAKE, 0.01
9677, 9, 50, Status.SNAKE, 0.01
9678, 5, 24, Status.SNAKE, 0.01
9679, 12, 85, Status.WALL, 0.01
9680, 6, 54, Status.SNAKE, 0.01
9681, 9, 42, Status.WALL, 0.01
9682, 4, 20, Status.SNAKE, 0.01
9683, 8, 54, Status.WALL, 0.01
9684, 4, 32, Status.SNAKE, 0.01
9685, 1, 6, Status.SNAKE, 0.01
9686, 10, 58, Status.SNAKE, 0.01
9687, 12, 84, Status.SNAKE, 0.01
9688, 10, 59, Status.SNAKE, 0.01
9689, 5, 34, Status.SNAKE, 0.01
9690, 3, 13, Status.SNAKE, 0.01
9691, 8, 52, Status.SNAKE, 0.01
9692, 8, 43, Status.SNAKE, 0.01
9693, 11, 88, Status.SNAKE, 0.01
9694, 11, 95, Status.SNAKE, 0.01
9695, 3, 26, Status.SNAKE, 0.01
9696, 13, 83, Status.SNAKE, 0.01
9697, 3, 14, Status.SNAKE, 0.01
9698, 1, 3, Status.SNAKE, 0.01
9699, 5, 26, Status.WALL, 0.01
9700, 8, 47, Status.SNAKE, 0.01
9701, 3, 22, Status.SNAKE, 0.01
9702, 17, 126, Status.WALL, 0.01
9703, 8, 68, Status.SNAKE, 0.01
9704, 17, 118, Status.SNAKE, 0.01
9705, 5, 41, Status.SNAKE, 0.01
9706, 3, 18, Status.SNAKE, 0.01
9707, 1, 6, Status.SNAKE, 0.01
9708, 5, 29, Status.SNAKE, 0.01
9709, 2, 24, Status.SNAKE, 0.01
9710, 6, 37, Status.SNAKE, 0.01
9711, 16, 106, Status.SNAKE, 0.01
9712, 22, 130, Status.SNAKE, 0.01
9713, 3, 27, Status.SNAKE, 0.01
9714, 9, 67, Status.SNAKE, 0.01
9715, 5, 36, Status.SNAKE, 0.01
9716, 16, 99, Status.WALL, 0.01
9717, 7, 46, Status.SNAKE, 0.01
9718, 4, 25, Status.SNAKE, 0.01
9719, 1, 5, Status.SNAKE, 0.01
9720, 9, 78, Status.SNAKE, 0.01
9721, 7, 38, Status.SNAKE, 0.01
9722, 9, 40, Status.SNAKE, 0.01
9723, 7, 42, Status.SNAKE, 0.01
9724, 9, 62, Status.SNAKE, 0.01
9725, 13, 95, Status.SNAKE, 0.01
9726, 1, 9, Status.SNAKE, 0.01
9727, 3, 24, Status.SNAKE, 0.01
9728, 12, 86, Status.SNAKE, 0.01
9729, 12, 100, Status.SNAKE, 0.01
9730, 10, 82, Status.SNAKE, 0.01
9731, 6, 40, Status.SNAKE, 0.01
9732, 9, 60, Status.SNAKE, 0.01
9733, 18, 132, Status.SNAKE, 0.01
9734, 9, 44, Status.SNAKE, 0.01
9735, 5, 47, Status.WALL, 0.01
9736, 2, 11, Status.SNAKE, 0.01
9737, 12, 103, Status.SNAKE, 0.01
9738, 1, 5, Status.WALL, 0.01
9739, 1, 17, Status.WALL, 0.01
9740, 9, 56, Status.SNAKE, 0.01
9741, 7, 56, Status.SNAKE, 0.01
9742, 2, 24, Status.SNAKE, 0.01
9743, 4, 35, Status.SNAKE, 0.01
9744, 11, 75, Status.SNAKE, 0.01
9745, 16, 134, Status.SNAKE, 0.01
9746, 3, 19, Status.SNAKE, 0.01
9747, 5, 32, Status.SNAKE, 0.01
9748, 11, 58, Status.SNAKE, 0.01
9749, 13, 78, Status.SNAKE, 0.01
9750, 4, 29, Status.SNAKE, 0.01
9751, 4, 31, Status.SNAKE, 0.01
9752, 11, 79, Status.SNAKE, 0.01
9753, 11, 84, Status.SNAKE, 0.01
9754, 5, 39, Status.WALL, 0.01
9755, 8, 66, Status.WALL, 0.01
9756, 12, 84, Status.SNAKE, 0.01
9757, 11, 69, Status.SNAKE, 0.01
9758, 9, 66, Status.SNAKE, 0.01
9759, 1, 3, Status.SNAKE, 0.01
9760, 6, 45, Status.SNAKE, 0.01
9761, 8, 49, Status.SNAKE, 0.01
9762, 13, 74, Status.SNAKE, 0.01
9763, 8, 75, Status.SNAKE, 0.01
9764, 2, 7, Status.SNAKE, 0.01
9765, 3, 29, Status.WALL, 0.01
9766, 6, 41, Status.SNAKE, 0.01
9767, 15, 95, Status.SNAKE, 0.01
9768, 19, 114, Status.SNAKE, 0.01
9769, 12, 77, Status.WALL, 0.01
9770, 12, 92, Status.SNAKE, 0.01
9771, 9, 61, Status.SNAKE, 0.01
9772, 12, 97, Status.SNAKE, 0.01
9773, 7, 44, Status.SNAKE, 0.01
9774, 11, 85, Status.SNAKE, 0.01
9775, 6, 42, Status.SNAKE, 0.01
9776, 16, 146, Status.SNAKE, 0.01
9777, 5, 36, Status.SNAKE, 0.01
9778, 13, 86, Status.SNAKE, 0.01
9779, 3, 30, Status.WALL, 0.01
9780, 2, 21, Status.WALL, 0.01
9781, 11, 43, Status.WALL, 0.01
9782, 11, 62, Status.SNAKE, 0.01
9783, 10, 72, Status.SNAKE, 0.01
9784, 11, 85, Status.WALL, 0.01
9785, 6, 45, Status.SNAKE, 0.01
9786, 8, 62, Status.SNAKE, 0.01
9787, 6, 43, Status.SNAKE, 0.01
9788, 5, 23, Status.SNAKE, 0.01
9789, 12, 91, Status.SNAKE, 0.01
9790, 5, 35, Status.SNAKE, 0.01
9791, 15, 113, Status.SNAKE, 0.01
9792, 6, 37, Status.SNAKE, 0.01
9793, 10, 52, Status.SNAKE, 0.01
9794, 8, 66, Status.WALL, 0.01
9795, 5, 34, Status.WALL, 0.01
9796, 6, 30, Status.SNAKE, 0.01
9797, 3, 24, Status.SNAKE, 0.01
9798, 11, 77, Status.SNAKE, 0.01
9799, 2, 11, Status.WALL, 0.01
9800, 12, 88, Status.SNAKE, 0.01
9801, 9, 51, Status.WALL, 0.01
9802, 9, 65, Status.WALL, 0.01
9803, 2, 16, Status.SNAKE, 0.01
9804, 11, 99, Status.SNAKE, 0.01
9805, 5, 29, Status.SNAKE, 0.01
9806, 12, 99, Status.SNAKE, 0.01
9807, 8, 39, Status.SNAKE, 0.01
9808, 3, 15, Status.SNAKE, 0.01
9809, 9, 72, Status.SNAKE, 0.01
9810, 13, 77, Status.SNAKE, 0.01
9811, 7, 59, Status.WALL, 0.01
9812, 2, 15, Status.WALL, 0.01
9813, 4, 12, Status.SNAKE, 0.01
9814, 11, 64, Status.SNAKE, 0.01
9815, 1, 10, Status.WALL, 0.01
9816, 9, 48, Status.WALL, 0.01
9817, 5, 42, Status.SNAKE, 0.01
9818, 3, 33, Status.SNAKE, 0.01
9819, 11, 66, Status.SNAKE, 0.01
9820, 11, 59, Status.WALL, 0.01
9821, 6, 39, Status.WALL, 0.01
9822, 10, 79, Status.SNAKE, 0.01
9823, 19, 153, Status.SNAKE, 0.01
9824, 14, 84, Status.WALL, 0.01
9825, 2, 13, Status.WALL, 0.01
9826, 7, 60, Status.SNAKE, 0.01
9827, 7, 56, Status.WALL, 0.01
9828, 18, 123, Status.WALL, 0.01
9829, 2, 12, Status.WALL, 0.01
9830, 15, 116, Status.SNAKE, 0.01
9831, 4, 27, Status.SNAKE, 0.01
9832, 10, 70, Status.SNAKE, 0.01
9833, 5, 43, Status.WALL, 0.01
9834, 13, 85, Status.SNAKE, 0.01
9835, 7, 31, Status.SNAKE, 0.01
9836, 6, 44, Status.SNAKE, 0.01
9837, 11, 73, Status.SNAKE, 0.01
9838, 1, 7, Status.SNAKE, 0.01
9839, 11, 58, Status.WALL, 0.01
9840, 25, 162, Status.SNAKE, 0.01
9841, 9, 69, Status.WALL, 0.01
9842, 2, 23, Status.WALL, 0.01
9843, 9, 47, Status.WALL, 0.01
9844, 13, 78, Status.WALL, 0.01
9845, 10, 70, Status.SNAKE, 0.01
9846, 3, 18, Status.WALL, 0.01
9847, 13, 76, Status.SNAKE, 0.01
9848, 1, 5, Status.SNAKE, 0.01
9849, 5, 27, Status.SNAKE, 0.01
9850, 9, 63, Status.SNAKE, 0.01
9851, 12, 78, Status.SNAKE, 0.01
9852, 3, 19, Status.SNAKE, 0.01
9853, 9, 72, Status.SNAKE, 0.01
9854, 6, 40, Status.SNAKE, 0.01
9855, 6, 28, Status.SNAKE, 0.01
9856, 11, 70, Status.SNAKE, 0.01
9857, 21, 156, Status.SNAKE, 0.01
9858, 1, 10, Status.WALL, 0.01
9859, 16, 97, Status.WALL, 0.01
9860, 11, 64, Status.SNAKE, 0.01
9861, 15, 114, Status.WALL, 0.01
9862, 9, 50, Status.WALL, 0.01
9863, 6, 43, Status.SNAKE, 0.01
9864, 3, 8, Status.SNAKE, 0.01
9865, 11, 67, Status.SNAKE, 0.01
9866, 15, 114, Status.SNAKE, 0.01
9867, 13, 94, Status.SNAKE, 0.01
9868, 4, 22, Status.SNAKE, 0.01
9869, 8, 58, Status.SNAKE, 0.01
9870, 7, 49, Status.SNAKE, 0.01
9871, 9, 55, Status.SNAKE, 0.01
9872, 12, 97, Status.SNAKE, 0.01
9873, 2, 15, Status.WALL, 0.01
9874, 10, 72, Status.SNAKE, 0.01
9875, 9, 67, Status.SNAKE, 0.01
9876, 11, 70, Status.SNAKE, 0.01
9877, 15, 112, Status.SNAKE, 0.01
9878, 3, 28, Status.WALL, 0.01
9879, 6, 43, Status.SNAKE, 0.01
9880, 9, 72, Status.SNAKE, 0.01
9881, 21, 147, Status.SNAKE, 0.01
9882, 5, 32, Status.SNAKE, 0.01
9883, 12, 99, Status.SNAKE, 0.01
9884, 14, 124, Status.SNAKE, 0.01
9885, 8, 52, Status.SNAKE, 0.01
9886, 9, 56, Status.SNAKE, 0.01
9887, 8, 58, Status.SNAKE, 0.01
9888, 11, 64, Status.SNAKE, 0.01
9889, 4, 40, Status.WALL, 0.01
9890, 7, 48, Status.SNAKE, 0.01
9891, 10, 47, Status.SNAKE, 0.01
9892, 14, 84, Status.SNAKE, 0.01
9893, 4, 16, Status.SNAKE, 0.01
9894, 5, 34, Status.SNAKE, 0.01
9895, 5, 49, Status.SNAKE, 0.01
9896, 6, 64, Status.SNAKE, 0.01
9897, 1, 5, Status.SNAKE, 0.01
9898, 1, 5, Status.SNAKE, 0.01
9899, 11, 89, Status.SNAKE, 0.01
9900, 3, 28, Status.SNAKE, 0.01
9901, 5, 35, Status.WALL, 0.01
9902, 16, 114, Status.SNAKE, 0.01
9903, 2, 13, Status.SNAKE, 0.01
9904, 11, 77, Status.SNAKE, 0.01
9905, 14, 77, Status.WALL, 0.01
9906, 10, 75, Status.SNAKE, 0.01
9907, 3, 11, Status.SNAKE, 0.01
9908, 9, 54, Status.SNAKE, 0.01
9909, 24, 175, Status.WALL, 0.01
9910, 15, 91, Status.WALL, 0.01
9911, 21, 134, Status.SNAKE, 0.01
9912, 19, 153, Status.SNAKE, 0.01
9913, 3, 12, Status.WALL, 0.01
9914, 9, 78, Status.WALL, 0.01
9915, 15, 84, Status.SNAKE, 0.01
9916, 9, 65, Status.SNAKE, 0.01
9917, 3, 24, Status.WALL, 0.01
9918, 6, 61, Status.SNAKE, 0.01
9919, 6, 29, Status.SNAKE, 0.01
9920, 13, 86, Status.SNAKE, 0.01
9921, 17, 138, Status.SNAKE, 0.01
9922, 12, 84, Status.SNAKE, 0.01
9923, 7, 46, Status.SNAKE, 0.01
9924, 0, 11, Status.WALL, 0.01
9925, 7, 49, Status.SNAKE, 0.01
9926, 12, 100, Status.SNAKE, 0.01
9927, 7, 59, Status.SNAKE, 0.01
9928, 3, 25, Status.SNAKE, 0.01
9929, 9, 55, Status.SNAKE, 0.01
9930, 5, 24, Status.SNAKE, 0.01
9931, 1, 13, Status.WALL, 0.01
9932, 12, 112, Status.SNAKE, 0.01
9933, 6, 50, Status.SNAKE, 0.01
9934, 8, 65, Status.SNAKE, 0.01
9935, 4, 22, Status.SNAKE, 0.01
9936, 10, 73, Status.SNAKE, 0.01
9937, 8, 36, Status.SNAKE, 0.01
9938, 5, 47, Status.SNAKE, 0.01
9939, 24, 151, Status.WALL, 0.01
9940, 13, 88, Status.SNAKE, 0.01
9941, 8, 40, Status.WALL, 0.01
9942, 11, 86, Status.SNAKE, 0.01
9943, 2, 10, Status.SNAKE, 0.01
9944, 9, 79, Status.SNAKE, 0.01
9945, 5, 44, Status.SNAKE, 0.01
9946, 16, 107, Status.SNAKE, 0.01
9947, 15, 136, Status.SNAKE, 0.01
9948, 10, 101, Status.WALL, 0.01
9949, 2, 18, Status.SNAKE, 0.01
9950, 5, 24, Status.SNAKE, 0.01
9951, 7, 53, Status.SNAKE, 0.01
9952, 14, 79, Status.SNAKE, 0.01
9953, 15, 104, Status.SNAKE, 0.01
9954, 16, 131, Status.SNAKE, 0.01
9955, 4, 29, Status.WALL, 0.01
9956, 13, 93, Status.WALL, 0.01
9957, 14, 131, Status.SNAKE, 0.01
9958, 14, 101, Status.SNAKE, 0.01
9959, 3, 21, Status.SNAKE, 0.01
9960, 7, 47, Status.SNAKE, 0.01
9961, 7, 29, Status.SNAKE, 0.01
9962, 11, 83, Status.SNAKE, 0.01
9963, 11, 69, Status.SNAKE, 0.01
9964, 5, 38, Status.SNAKE, 0.01
9965, 5, 32, Status.SNAKE, 0.01
9966, 1, 9, Status.WALL, 0.01
9967, 6, 44, Status.SNAKE, 0.01
9968, 10, 59, Status.SNAKE, 0.01
9969, 15, 127, Status.SNAKE, 0.01
9970, 16, 122, Status.SNAKE, 0.01
9971, 4, 23, Status.WALL, 0.01
9972, 7, 65, Status.SNAKE, 0.01
9973, 7, 40, Status.WALL, 0.01
9974, 3, 18, Status.SNAKE, 0.01
9975, 8, 71, Status.SNAKE, 0.01
9976, 7, 43, Status.SNAKE, 0.01
9977, 8, 62, Status.WALL, 0.01
9978, 7, 54, Status.SNAKE, 0.01
9979, 6, 49, Status.SNAKE, 0.01
9980, 9, 68, Status.SNAKE, 0.01
9981, 7, 46, Status.SNAKE, 0.01
9982, 5, 31, Status.SNAKE, 0.01
9983, 1, 3, Status.SNAKE, 0.01
9984, 1, 3, Status.SNAKE, 0.01
9985, 11, 71, Status.SNAKE, 0.01
9986, 2, 10, Status.SNAKE, 0.01
9987, 17, 106, Status.SNAKE, 0.01
9988, 4, 34, Status.SNAKE, 0.01
9989, 9, 73, Status.SNAKE, 0.01
9990, 5, 31, Status.WALL, 0.01
9991, 1, 6, Status.SNAKE, 0.01
9992, 17, 104, Status.SNAKE, 0.01
9993, 9, 62, Status.SNAKE, 0.01
9994, 11, 76, Status.WALL, 0.01
9995, 14, 90, Status.SNAKE, 0.01
9996, 8, 43, Status.SNAKE, 0.01
9997, 3, 16, Status.SNAKE, 0.01
9998, 8, 57, Status.SNAKE, 0.01
9999, 5, 28, Status.SNAKE, 0.01
10000, 16, 122, Status.SNAKE, 0.01
