Episode,Score,Total Steps,Death,Epsilon
1, 0, 7, Status.WALL, 1.0
2, 0, 24, Status.WALL, 0.995
3, 0, 25, Status.WALL, 0.990025
4, 0, 10, Status.WALL, 0.985074875
5, 1, 8, Status.SNAKE, 0.9801495006250001
6, 1, 9, Status.WALL, 0.9752487531218751
7, 0, 4, Status.WALL, 0.9703725093562657
8, 1, 6, Status.WALL, 0.9655206468094844
9, 0, 18, Status.WALL, 0.960693043575437
10, 2, 18, Status.WALL, 0.9558895783575597
11, 0, 9, Status.WALL, 0.9511101304657719
12, 1, 13, Status.WALL, 0.946354579813443
13, 0, 6, Status.WALL, 0.9416228069143757
14, 0, 14, Status.WALL, 0.9369146928798039
15, 0, 8, Status.WALL, 0.9322301194154049
16, 0, 10, Status.WALL, 0.9275689688183278
17, 0, 9, Status.WALL, 0.9229311239742362
18, 0, 20, Status.WALL, 0.918316468354365
19, 0, 11, Status.WALL, 0.9137248860125932
20, 1, 8, Status.WALL, 0.9091562615825302
21, 0, 13, Status.WALL, 0.9046104802746175
22, 1, 5, Status.SNAKE, 0.9000874278732445
23, 0, 7, Status.WALL, 0.8955869907338783
24, 0, 7, Status.WALL, 0.8911090557802088
25, 0, 10, Status.WALL, 0.8866535105013078
26, 0, 8, Status.WALL, 0.8822202429488013
27, 0, 6, Status.WALL, 0.8778091417340573
28, 0, 10, Status.WALL, 0.8734200960253871
29, 0, 27, Status.WALL, 0.8690529955452602
30, 0, 10, Status.WALL, 0.8647077305675338
31, 0, 10, Status.WALL, 0.8603841919146962
32, 0, 8, Status.WALL, 0.8560822709551227
33, 0, 9, Status.WALL, 0.851801859600347
34, 0, 19, Status.WALL, 0.8475428503023453
35, 0, 8, Status.WALL, 0.8433051360508336
36, 0, 9, Status.WALL, 0.8390886103705794
37, 0, 7, Status.WALL, 0.8348931673187264
38, 0, 7, Status.WALL, 0.8307187014821328
39, 0, 10, Status.WALL, 0.8265651079747222
40, 0, 13, Status.WALL, 0.8224322824348486
41, 0, 8, Status.WALL, 0.8183201210226743
42, 0, 8, Status.WALL, 0.8142285204175609
43, 0, 18, Status.WALL, 0.810157377815473
44, 1, 5, Status.WALL, 0.8061065909263957
45, 0, 6, Status.WALL, 0.8020760579717637
46, 0, 5, Status.WALL, 0.798065677681905
47, 0, 5, Status.WALL, 0.7940753492934954
48, 0, 8, Status.WALL, 0.7901049725470279
49, 0, 18, Status.WALL, 0.7861544476842928
50, 1, 18, Status.SNAKE, 0.7822236754458713
51, 0, 7, Status.WALL, 0.778312557068642
52, 0, 18, Status.WALL, 0.7744209942832988
53, 1, 8, Status.WALL, 0.7705488893118823
54, 0, 5, Status.WALL, 0.7666961448653229
55, 0, 24, Status.WALL, 0.7628626641409962
56, 0, 10, Status.WALL, 0.7590483508202912
57, 1, 12, Status.WALL, 0.7552531090661897
58, 1, 60, Status.SNAKE, 0.7514768435208588
59, 0, 5, Status.WALL, 0.7477194593032545
60, 2, 20, Status.SNAKE, 0.7439808620067382
61, 0, 8, Status.WALL, 0.7402609576967045
62, 0, 28, Status.WALL, 0.736559652908221
63, 0, 7, Status.WALL, 0.7328768546436799
64, 1, 32, Status.WALL, 0.7292124703704616
65, 0, 20, Status.WALL, 0.7255664080186093
66, 1, 44, Status.WALL, 0.7219385759785162
67, 0, 21, Status.WALL, 0.7183288830986236
68, 0, 31, Status.WALL, 0.7147372386831305
69, 0, 6, Status.WALL, 0.7111635524897149
70, 1, 30, Status.WALL, 0.7076077347272662
71, 0, 13, Status.WALL, 0.7040696960536299
72, 0, 19, Status.WALL, 0.7005493475733617
73, 1, 13, Status.SNAKE, 0.697046600835495
74, 1, 37, Status.WALL, 0.6935613678313175
75, 2, 18, Status.SNAKE, 0.6900935609921609
76, 1, 12, Status.SNAKE, 0.6866430931872001
77, 0, 4, Status.WALL, 0.6832098777212641
78, 1, 11, Status.WALL, 0.6797938283326578
79, 1, 37, Status.SNAKE, 0.6763948591909945
80, 0, 20, Status.WALL, 0.6730128848950395
81, 0, 6, Status.WALL, 0.6696478204705644
82, 1, 60, Status.WALL, 0.6662995813682115
83, 1, 10, Status.SNAKE, 0.6629680834613705
84, 0, 60, Status.WALL, 0.6596532430440636
85, 0, 18, Status.WALL, 0.6563549768288433
86, 0, 5, Status.WALL, 0.653073201944699
87, 1, 12, Status.SNAKE, 0.6498078359349755
88, 0, 68, Status.WALL, 0.6465587967553006
89, 1, 7, Status.SNAKE, 0.6433260027715241
90, 0, 17, Status.WALL, 0.6401093727576664
91, 1, 3, Status.SNAKE, 0.6369088258938781
92, 1, 27, Status.SNAKE, 0.6337242817644086
93, 0, 9, Status.WALL, 0.6305556603555866
94, 1, 32, Status.WALL, 0.6274028820538087
95, 0, 21, Status.WALL, 0.6242658676435396
96, 1, 13, Status.WALL, 0.6211445383053219
97, 1, 12, Status.SNAKE, 0.6180388156137953
98, 0, 11, Status.WALL, 0.6149486215357263
99, 0, 12, Status.WALL, 0.6118738784280476
100, 0, 10, Status.WALL, 0.6088145090359074
101, 2, 27, Status.SNAKE, 0.6057704364907278
102, 2, 16, Status.SNAKE, 0.6027415843082742
103, 0, 9, Status.WALL, 0.5997278763867329
104, 1, 15, Status.SNAKE, 0.5967292370047992
105, 1, 12, Status.WALL, 0.5937455908197752
106, 2, 28, Status.WALL, 0.5907768628656763
107, 0, 6, Status.WALL, 0.5878229785513479
108, 2, 13, Status.WALL, 0.5848838636585911
109, 0, 5, Status.WALL, 0.5819594443402982
110, 0, 6, Status.WALL, 0.5790496471185967
111, 1, 26, Status.WALL, 0.5761543988830038
112, 2, 11, Status.SNAKE, 0.5732736268885887
113, 0, 23, Status.WALL, 0.5704072587541458
114, 0, 5, Status.WALL, 0.567555222460375
115, 1, 10, Status.SNAKE, 0.5647174463480732
116, 1, 20, Status.WALL, 0.5618938591163328
117, 2, 21, Status.SNAKE, 0.5590843898207511
118, 1, 35, Status.WALL, 0.5562889678716474
119, 1, 5, Status.WALL, 0.5535075230322891
120, 1, 10, Status.WALL, 0.5507399854171277
121, 1, 7, Status.SNAKE, 0.547986285490042
122, 0, 10, Status.WALL, 0.5452463540625918
123, 0, 10, Status.WALL, 0.5425201222922789
124, 1, 15, Status.SNAKE, 0.5398075216808175
125, 1, 9, Status.WALL, 0.5371084840724134
126, 1, 20, Status.WALL, 0.5344229416520513
127, 1, 13, Status.SNAKE, 0.531750826943791
128, 1, 22, Status.SNAKE, 0.5290920728090721
129, 2, 41, Status.WALL, 0.5264466124450268
130, 0, 27, Status.WALL, 0.5238143793828016
131, 1, 25, Status.WALL, 0.5211953074858876
132, 1, 8, Status.WALL, 0.5185893309484582
133, 1, 3, Status.SNAKE, 0.5159963842937159
134, 0, 22, Status.WALL, 0.5134164023722473
135, 0, 7, Status.WALL, 0.510849320360386
136, 1, 13, Status.WALL, 0.5082950737585841
137, 3, 31, Status.SNAKE, 0.5057535983897912
138, 1, 32, Status.WALL, 0.5032248303978422
139, 2, 14, Status.WALL, 0.500708706245853
140, 0, 11, Status.WALL, 0.4982051627146237
141, 1, 7, Status.WALL, 0.49571413690105054
142, 0, 39, Status.WALL, 0.4932355662165453
143, 0, 18, Status.WALL, 0.4907693883854626
144, 1, 27, Status.WALL, 0.4883155414435353
145, 1, 8, Status.WALL, 0.4858739637363176
146, 1, 20, Status.WALL, 0.483444593917636
147, 0, 11, Status.WALL, 0.4810273709480478
148, 1, 11, Status.SNAKE, 0.47862223409330756
149, 0, 5, Status.WALL, 0.47622912292284103
150, 1, 28, Status.SNAKE, 0.4738479773082268
151, 0, 10, Status.WALL, 0.47147873742168567
152, 1, 30, Status.SNAKE, 0.46912134373457726
153, 0, 13, Status.WALL, 0.46677573701590436
154, 1, 9, Status.SNAKE, 0.46444185833082485
155, 3, 29, Status.WALL, 0.46211964903917074
156, 1, 6, Status.WALL, 0.4598090507939749
157, 0, 5, Status.WALL, 0.457510005540005
158, 1, 19, Status.SNAKE, 0.45522245551230495
159, 1, 13, Status.WALL, 0.4529463432347434
160, 1, 22, Status.WALL, 0.4506816115185697
161, 0, 15, Status.WALL, 0.4484282034609769
162, 1, 7, Status.WALL, 0.446186062443672
163, 2, 21, Status.WALL, 0.4439551321314536
164, 0, 33, Status.WALL, 0.4417353564707963
165, 0, 14, Status.WALL, 0.43952667968844233
166, 2, 7, Status.WALL, 0.43732904629000013
167, 1, 25, Status.WALL, 0.4351424010585501
168, 0, 9, Status.WALL, 0.43296668905325736
169, 1, 52, Status.WALL, 0.43080185560799106
170, 3, 54, Status.SNAKE, 0.4286478463299511
171, 0, 8, Status.WALL, 0.42650460709830135
172, 1, 28, Status.SNAKE, 0.42437208406280985
173, 0, 6, Status.WALL, 0.4222502236424958
174, 1, 15, Status.WALL, 0.42013897252428334
175, 1, 7, Status.WALL, 0.4180382776616619
176, 0, 6, Status.WALL, 0.4159480862733536
177, 0, 18, Status.WALL, 0.41386834584198684
178, 1, 13, Status.SNAKE, 0.4117990041127769
179, 2, 28, Status.WALL, 0.40974000909221303
180, 1, 16, Status.SNAKE, 0.40769130904675194
181, 2, 9, Status.WALL, 0.40565285250151817
182, 0, 6, Status.WALL, 0.4036245882390106
183, 1, 11, Status.SNAKE, 0.4016064652978155
184, 1, 22, Status.SNAKE, 0.3995984329713264
185, 0, 6, Status.WALL, 0.3976004408064698
186, 1, 21, Status.WALL, 0.39561243860243744
187, 1, 15, Status.WALL, 0.3936343764094253
188, 1, 7, Status.WALL, 0.39166620452737816
189, 1, 30, Status.SNAKE, 0.3897078735047413
190, 0, 6, Status.WALL, 0.3877593341372176
191, 1, 3, Status.SNAKE, 0.3858205374665315
192, 1, 8, Status.SNAKE, 0.38389143477919885
193, 1, 6, Status.SNAKE, 0.3819719776053028
194, 2, 29, Status.SNAKE, 0.3800621177172763
195, 1, 9, Status.WALL, 0.37816180712868996
196, 1, 11, Status.WALL, 0.37627099809304654
197, 1, 25, Status.SNAKE, 0.3743896431025813
198, 4, 23, Status.SNAKE, 0.37251769488706843
199, 3, 32, Status.WALL, 0.3706551064126331
200, 1, 14, Status.WALL, 0.36880183088056995
201, 1, 8, Status.WALL, 0.3669578217261671
202, 0, 17, Status.WALL, 0.36512303261753626
203, 2, 22, Status.WALL, 0.3632974174544486
204, 2, 8, Status.SNAKE, 0.3614809303671764
205, 1, 6, Status.SNAKE, 0.3596735257153405
206, 1, 17, Status.SNAKE, 0.3578751580867638
207, 1, 26, Status.WALL, 0.35608578229633
208, 2, 10, Status.WALL, 0.3543053533848483
209, 1, 15, Status.SNAKE, 0.35253382661792404
210, 1, 9, Status.WALL, 0.3507711574848344
211, 0, 8, Status.WALL, 0.34901730169741024
212, 0, 14, Status.WALL, 0.3472722151889232
213, 6, 38, Status.SNAKE, 0.3455358541129786
214, 3, 17, Status.SNAKE, 0.3438081748424137
215, 0, 8, Status.WALL, 0.3420891339682016
216, 1, 16, Status.WALL, 0.3403786882983606
217, 4, 40, Status.SNAKE, 0.3386767948568688
218, 1, 17, Status.SNAKE, 0.33698341088258443
219, 2, 10, Status.WALL, 0.3352984938281715
220, 2, 18, Status.SNAKE, 0.33362200135903064
221, 0, 7, Status.WALL, 0.33195389135223546
222, 3, 26, Status.WALL, 0.3302941218954743
223, 4, 15, Status.SNAKE, 0.32864265128599696
224, 1, 14, Status.WALL, 0.326999438029567
225, 0, 13, Status.WALL, 0.3253644408394192
226, 1, 11, Status.WALL, 0.3237376186352221
227, 1, 38, Status.WALL, 0.322118930542046
228, 1, 34, Status.WALL, 0.32050833588933575
229, 4, 36, Status.SNAKE, 0.31890579420988907
230, 2, 22, Status.SNAKE, 0.3173112652388396
231, 1, 36, Status.SNAKE, 0.3157247089126454
232, 0, 11, Status.WALL, 0.3141460853680822
233, 4, 36, Status.WALL, 0.3125753549412418
234, 3, 14, Status.WALL, 0.31101247816653554
235, 1, 6, Status.WALL, 0.30945741577570285
236, 0, 6, Status.WALL, 0.3079101286968243
237, 1, 29, Status.SNAKE, 0.3063705780533402
238, 2, 20, Status.SNAKE, 0.30483872516307353
239, 2, 23, Status.WALL, 0.3033145315372582
240, 1, 16, Status.SNAKE, 0.3017979588795719
241, 1, 15, Status.SNAKE, 0.30028896908517405
242, 2, 15, Status.SNAKE, 0.2987875242397482
243, 0, 6, Status.WALL, 0.29729358661854943
244, 1, 3, Status.SNAKE, 0.29580711868545667
245, 0, 10, Status.WALL, 0.2943280830920294
246, 1, 7, Status.SNAKE, 0.29285644267656924
247, 1, 15, Status.WALL, 0.2913921604631864
248, 2, 39, Status.WALL, 0.28993519966087045
249, 1, 32, Status.WALL, 0.2884855236625661
250, 1, 6, Status.WALL, 0.28704309604425327
251, 3, 25, Status.WALL, 0.285607880564032
252, 2, 14, Status.SNAKE, 0.28417984116121187
253, 1, 15, Status.WALL, 0.2827589419554058
254, 1, 43, Status.SNAKE, 0.28134514724562876
255, 1, 5, Status.WALL, 0.2799384215094006
256, 1, 8, Status.WALL, 0.27853872940185365
257, 3, 59, Status.WALL, 0.27714603575484437
258, 0, 10, Status.WALL, 0.2757603055760701
259, 1, 14, Status.WALL, 0.2743815040481898
260, 0, 13, Status.WALL, 0.2730095965279488
261, 0, 6, Status.WALL, 0.27164454854530906
262, 2, 9, Status.WALL, 0.2702863258025825
263, 1, 17, Status.WALL, 0.2689348941735696
264, 0, 6, Status.WALL, 0.26759021970270175
265, 2, 31, Status.SNAKE, 0.2662522686041882
266, 4, 34, Status.SNAKE, 0.2649210072611673
267, 0, 11, Status.WALL, 0.26359640222486147
268, 0, 14, Status.WALL, 0.26227842021373715
269, 0, 11, Status.WALL, 0.2609670281126685
270, 2, 22, Status.SNAKE, 0.25966219297210513
271, 2, 24, Status.WALL, 0.2583638820072446
272, 3, 33, Status.SNAKE, 0.2570720625972084
273, 2, 19, Status.WALL, 0.25578670228422234
274, 4, 22, Status.SNAKE, 0.25450776877280124
275, 5, 32, Status.SNAKE, 0.2532352299289372
276, 1, 7, Status.SNAKE, 0.2519690537792925
277, 2, 29, Status.WALL, 0.2507092085103961
278, 3, 10, Status.WALL, 0.2494556624678441
279, 4, 35, Status.SNAKE, 0.24820838415550486
280, 0, 7, Status.WALL, 0.24696734223472733
281, 2, 14, Status.WALL, 0.2457325055235537
282, 2, 25, Status.WALL, 0.24450384299593592
283, 1, 13, Status.WALL, 0.24328132378095624
284, 1, 8, Status.SNAKE, 0.24206491716205145
285, 3, 19, Status.WALL, 0.2408545925762412
286, 8, 56, Status.SNAKE, 0.23965031961336
287, 3, 22, Status.SNAKE, 0.2384520680152932
288, 3, 23, Status.SNAKE, 0.23725980767521673
289, 2, 32, Status.WALL, 0.23607350863684065
290, 1, 15, Status.WALL, 0.23489314109365644
291, 2, 11, Status.SNAKE, 0.23371867538818816
292, 0, 6, Status.WALL, 0.23255008201124722
293, 3, 29, Status.SNAKE, 0.231387331601191
294, 4, 28, Status.SNAKE, 0.23023039494318503
295, 1, 6, Status.SNAKE, 0.2290792429684691
296, 3, 12, Status.WALL, 0.22793384675362674
297, 2, 19, Status.SNAKE, 0.22679417751985861
298, 4, 26, Status.SNAKE, 0.22566020663225933
299, 2, 21, Status.WALL, 0.22453190559909803
300, 2, 22, Status.SNAKE, 0.22340924607110255
301, 1, 7, Status.WALL, 0.22229219984074702
302, 0, 7, Status.WALL, 0.2211807388415433
303, 1, 15, Status.SNAKE, 0.22007483514733558
304, 3, 32, Status.SNAKE, 0.2189744609715989
305, 0, 7, Status.WALL, 0.2178795886667409
306, 4, 39, Status.SNAKE, 0.2167901907234072
307, 1, 15, Status.SNAKE, 0.21570623976979014
308, 5, 59, Status.SNAKE, 0.21462770857094118
309, 1, 7, Status.WALL, 0.21355457002808648
310, 6, 62, Status.WALL, 0.21248679717794605
311, 0, 16, Status.WALL, 0.21142436319205632
312, 0, 6, Status.WALL, 0.21036724137609603
313, 1, 8, Status.SNAKE, 0.20931540516921554
314, 1, 10, Status.SNAKE, 0.20826882814336947
315, 2, 23, Status.SNAKE, 0.20722748400265262
316, 1, 8, Status.WALL, 0.20619134658263935
317, 2, 11, Status.WALL, 0.20516038984972615
318, 7, 54, Status.SNAKE, 0.2041345879004775
319, 9, 55, Status.WALL, 0.2031139149609751
320, 1, 8, Status.SNAKE, 0.20209834538617025
321, 1, 16, Status.SNAKE, 0.2010878536592394
322, 2, 28, Status.WALL, 0.2000824143909432
323, 3, 17, Status.SNAKE, 0.19908200231898848
324, 3, 20, Status.WALL, 0.19808659230739353
325, 1, 9, Status.WALL, 0.19709615934585656
326, 3, 23, Status.SNAKE, 0.19611067854912728
327, 7, 63, Status.SNAKE, 0.19513012515638165
328, 4, 48, Status.SNAKE, 0.19415447453059972
329, 1, 9, Status.SNAKE, 0.19318370215794672
330, 1, 17, Status.WALL, 0.192217783647157
331, 10, 42, Status.WALL, 0.1912566947289212
332, 2, 18, Status.SNAKE, 0.1903004112552766
333, 2, 27, Status.WALL, 0.18934890919900021
334, 1, 10, Status.WALL, 0.18840216465300522
335, 6, 46, Status.SNAKE, 0.18746015382974018
336, 0, 11, Status.WALL, 0.1865228530605915
337, 2, 29, Status.WALL, 0.18559023879528855
338, 1, 20, Status.SNAKE, 0.1846622876013121
339, 2, 33, Status.WALL, 0.18373897616330553
340, 6, 39, Status.SNAKE, 0.182820281282489
341, 1, 3, Status.SNAKE, 0.18190617987607657
342, 3, 25, Status.WALL, 0.18099664897669618
343, 2, 19, Status.SNAKE, 0.1800916657318127
344, 2, 30, Status.SNAKE, 0.17919120740315364
345, 5, 27, Status.SNAKE, 0.17829525136613786
346, 3, 22, Status.WALL, 0.17740377510930716
347, 6, 52, Status.SNAKE, 0.17651675623376062
348, 2, 14, Status.SNAKE, 0.1756341724525918
349, 1, 7, Status.SNAKE, 0.17475600159032884
350, 3, 19, Status.SNAKE, 0.17388222158237718
351, 1, 9, Status.WALL, 0.1730128104744653
352, 1, 9, Status.SNAKE, 0.17214774642209296
353, 7, 54, Status.SNAKE, 0.1712870076899825
354, 16, 129, Status.WALL, 0.17043057265153258
355, 8, 58, Status.SNAKE, 0.16957841978827493
356, 3, 22, Status.WALL, 0.16873052768933355
357, 3, 21, Status.WALL, 0.1678868750508869
358, 4, 22, Status.SNAKE, 0.16704744067563246
359, 0, 7, Status.WALL, 0.1662122034722543
360, 2, 9, Status.WALL, 0.16538114245489302
361, 2, 16, Status.WALL, 0.16455423674261854
362, 4, 27, Status.SNAKE, 0.16373146555890544
363, 5, 43, Status.WALL, 0.16291280823111093
364, 4, 28, Status.SNAKE, 0.16209824418995536
365, 8, 58, Status.WALL, 0.16128775296900558
366, 1, 6, Status.WALL, 0.16048131420416054
367, 2, 29, Status.SNAKE, 0.15967890763313974
368, 7, 29, Status.SNAKE, 0.15888051309497406
369, 5, 34, Status.WALL, 0.1580861105294992
370, 1, 10, Status.WALL, 0.1572956799768517
371, 3, 22, Status.WALL, 0.15650920157696743
372, 2, 27, Status.WALL, 0.1557266555690826
373, 5, 36, Status.WALL, 0.1549480222912372
374, 7, 49, Status.WALL, 0.15417328217978102
375, 4, 29, Status.WALL, 0.1534024157688821
376, 5, 32, Status.WALL, 0.1526354036900377
377, 3, 24, Status.SNAKE, 0.1518722266715875
378, 5, 37, Status.SNAKE, 0.15111286553822956
379, 5, 21, Status.SNAKE, 0.15035730121053842
380, 1, 15, Status.WALL, 0.14960551470448571
381, 1, 6, Status.SNAKE, 0.14885748713096328
382, 5, 50, Status.SNAKE, 0.14811319969530845
383, 5, 40, Status.SNAKE, 0.1473726336968319
384, 3, 35, Status.SNAKE, 0.14663577052834775
385, 3, 34, Status.SNAKE, 0.14590259167570602
386, 3, 33, Status.SNAKE, 0.1451730787173275
387, 3, 33, Status.SNAKE, 0.14444721332374086
388, 0, 8, Status.WALL, 0.14372497725712216
389, 4, 34, Status.SNAKE, 0.14300635237083656
390, 4, 21, Status.WALL, 0.14229132060898236
391, 2, 29, Status.WALL, 0.14157986400593744
392, 4, 44, Status.SNAKE, 0.14087196468590776
393, 4, 20, Status.SNAKE, 0.14016760486247823
394, 2, 11, Status.SNAKE, 0.13946676683816583
395, 13, 81, Status.SNAKE, 0.138769433003975
396, 1, 5, Status.SNAKE, 0.13807558583895513
397, 1, 14, Status.SNAKE, 0.13738520790976036
398, 2, 35, Status.SNAKE, 0.13669828187021155
399, 2, 18, Status.WALL, 0.13601479046086049
400, 0, 9, Status.WALL, 0.1353347165085562
401, 7, 46, Status.SNAKE, 0.1346580429260134
402, 2, 21, Status.WALL, 0.13398475271138335
403, 5, 37, Status.SNAKE, 0.13331482894782642
404, 2, 12, Status.SNAKE, 0.13264825480308728
405, 2, 18, Status.SNAKE, 0.13198501352907185
406, 4, 33, Status.SNAKE, 0.1313250884614265
407, 8, 45, Status.WALL, 0.13066846301911936
408, 8, 63, Status.SNAKE, 0.13001512070402377
409, 1, 9, Status.WALL, 0.12936504510050365
410, 0, 9, Status.WALL, 0.12871821987500112
411, 3, 18, Status.SNAKE, 0.12807462877562611
412, 5, 38, Status.SNAKE, 0.12743425563174798
413, 4, 39, Status.SNAKE, 0.12679708435358925
414, 5, 37, Status.SNAKE, 0.1261630989318213
415, 9, 72, Status.SNAKE, 0.1255322834371622
416, 2, 17, Status.WALL, 0.12490462201997637
417, 1, 7, Status.WALL, 0.1242800989098765
418, 7, 59, Status.SNAKE, 0.12365869841532712
419, 12, 88, Status.WALL, 0.12304040492325048
420, 1, 8, Status.WALL, 0.12242520289863423
421, 3, 26, Status.SNAKE, 0.12181307688414106
422, 1, 11, Status.SNAKE, 0.12120401149972035
423, 13, 77, Status.WALL, 0.12059799144222175
424, 8, 52, Status.SNAKE, 0.11999500148501063
425, 8, 61, Status.SNAKE, 0.11939502647758558
426, 5, 40, Status.SNAKE, 0.11879805134519765
427, 0, 9, Status.WALL, 0.11820406108847166
428, 8, 53, Status.SNAKE, 0.1176130407830293
429, 1, 7, Status.WALL, 0.11702497557911415
430, 1, 5, Status.SNAKE, 0.11643985070121858
431, 1, 10, Status.WALL, 0.11585765144771248
432, 6, 40, Status.WALL, 0.11527836319047392
433, 1, 7, Status.WALL, 0.11470197137452155
434, 5, 41, Status.SNAKE, 0.11412846151764894
435, 2, 16, Status.WALL, 0.1135578192100607
436, 12, 89, Status.SNAKE, 0.11299003011401039
437, 1, 16, Status.WALL, 0.11242507996344034
438, 12, 97, Status.SNAKE, 0.11186295456362313
439, 5, 41, Status.WALL, 0.11130363979080501
440, 5, 15, Status.SNAKE, 0.11074712159185099
441, 7, 42, Status.SNAKE, 0.11019338598389174
442, 4, 34, Status.SNAKE, 0.10964241905397228
443, 2, 21, Status.WALL, 0.10909420695870241
444, 5, 36, Status.SNAKE, 0.1085487359239089
445, 14, 101, Status.SNAKE, 0.10800599224428936
446, 6, 37, Status.WALL, 0.10746596228306791
447, 2, 22, Status.WALL, 0.10692863247165257
448, 1, 5, Status.SNAKE, 0.1063939893092943
449, 12, 83, Status.SNAKE, 0.10586201936274783
450, 1, 13, Status.SNAKE, 0.10533270926593409
451, 6, 53, Status.WALL, 0.10480604571960442
452, 2, 26, Status.WALL, 0.1042820154910064
453, 3, 39, Status.WALL, 0.10376060541355137
454, 3, 27, Status.WALL, 0.1032418023864836
455, 13, 88, Status.SNAKE, 0.10272559337455119
456, 10, 64, Status.WALL, 0.10221196540767843
457, 4, 16, Status.WALL, 0.10170090558064004
458, 4, 30, Status.SNAKE, 0.10119240105273684
459, 6, 43, Status.SNAKE, 0.10068643904747315
460, 2, 20, Status.WALL, 0.10018300685223579
461, 2, 19, Status.WALL, 0.0996820918179746
462, 10, 69, Status.SNAKE, 0.09918368135888474
463, 7, 34, Status.SNAKE, 0.09868776295209031
464, 1, 8, Status.WALL, 0.09819432413732986
465, 7, 44, Status.SNAKE, 0.09770335251664321
466, 1, 7, Status.SNAKE, 0.09721483575406
467, 3, 15, Status.SNAKE, 0.09672876157528969
468, 1, 14, Status.WALL, 0.09624511776741324
469, 7, 42, Status.SNAKE, 0.09576389217857617
470, 1, 7, Status.WALL, 0.09528507271768329
471, 12, 97, Status.SNAKE, 0.09480864735409487
472, 4, 40, Status.WALL, 0.0943346041173244
473, 5, 34, Status.SNAKE, 0.09386293109673778
474, 9, 51, Status.SNAKE, 0.09339361644125409
475, 1, 9, Status.WALL, 0.09292664835904782
476, 4, 42, Status.WALL, 0.09246201511725258
477, 8, 59, Status.WALL, 0.09199970504166631
478, 4, 27, Status.SNAKE, 0.09153970651645797
479, 1, 13, Status.SNAKE, 0.09108200798387568
480, 4, 44, Status.SNAKE, 0.0906265979439563
481, 3, 29, Status.SNAKE, 0.09017346495423652
482, 7, 44, Status.SNAKE, 0.08972259762946533
483, 13, 71, Status.SNAKE, 0.089273984641318
484, 4, 29, Status.SNAKE, 0.0888276147181114
485, 4, 40, Status.WALL, 0.08838347664452084
486, 8, 63, Status.WALL, 0.08794155926129824
487, 9, 47, Status.SNAKE, 0.08750185146499175
488, 1, 12, Status.WALL, 0.08706434220766679
489, 4, 32, Status.WALL, 0.08662902049662846
490, 4, 25, Status.SNAKE, 0.08619587539414532
491, 6, 36, Status.WALL, 0.08576489601717459
492, 6, 51, Status.WALL, 0.08533607153708872
493, 3, 19, Status.SNAKE, 0.08490939117940327
494, 2, 28, Status.WALL, 0.08448484422350626
495, 6, 35, Status.SNAKE, 0.08406242000238873
496, 5, 37, Status.SNAKE, 0.08364210790237678
497, 7, 38, Status.SNAKE, 0.0832238973628649
498, 4, 22, Status.SNAKE, 0.08280777787605056
499, 13, 103, Status.SNAKE, 0.08239373898667031
500, 8, 62, Status.SNAKE, 0.08198177029173696
501, 3, 20, Status.SNAKE, 0.08157186144027828
502, 1, 16, Status.SNAKE, 0.0811640021330769
503, 5, 21, Status.WALL, 0.08075818212241151
504, 5, 34, Status.SNAKE, 0.08035439121179945
505, 8, 59, Status.SNAKE, 0.07995261925574046
506, 4, 25, Status.WALL, 0.07955285615946175
507, 3, 23, Status.SNAKE, 0.07915509187866444
508, 2, 17, Status.SNAKE, 0.07875931641927113
509, 1, 7, Status.WALL, 0.07836551983717477
510, 7, 75, Status.SNAKE, 0.07797369223798889
511, 10, 63, Status.SNAKE, 0.07758382377679894
512, 7, 55, Status.WALL, 0.07719590465791494
513, 5, 33, Status.SNAKE, 0.07680992513462537
514, 9, 54, Status.SNAKE, 0.07642587550895225
515, 17, 93, Status.SNAKE, 0.07604374613140748
516, 13, 96, Status.SNAKE, 0.07566352740075044
517, 3, 17, Status.WALL, 0.07528520976374668
518, 4, 37, Status.SNAKE, 0.07490878371492794
519, 6, 72, Status.WALL, 0.0745342397963533
520, 13, 66, Status.SNAKE, 0.07416156859737154
521, 1, 13, Status.WALL, 0.07379076075438468
522, 1, 5, Status.SNAKE, 0.07342180695061275
523, 9, 71, Status.WALL, 0.07305469791585968
524, 0, 6, Status.WALL, 0.07268942442628039
525, 0, 9, Status.WALL, 0.07232597730414898
526, 9, 58, Status.SNAKE, 0.07196434741762824
527, 2, 17, Status.SNAKE, 0.0716045256805401
528, 1, 7, Status.SNAKE, 0.0712465030521374
529, 7, 53, Status.WALL, 0.0708902705368767
530, 1, 20, Status.WALL, 0.07053581918419231
531, 6, 68, Status.SNAKE, 0.07018314008827135
532, 0, 6, Status.WALL, 0.06983222438783
533, 2, 7, Status.SNAKE, 0.06948306326589085
534, 11, 55, Status.SNAKE, 0.0691356479495614
535, 2, 19, Status.WALL, 0.06878996970981359
536, 10, 58, Status.SNAKE, 0.06844601986126451
537, 14, 73, Status.SNAKE, 0.06810378976195819
538, 9, 52, Status.SNAKE, 0.0677632708131484
539, 1, 24, Status.SNAKE, 0.06742445445908266
540, 8, 59, Status.SNAKE, 0.06708733218678724
541, 5, 42, Status.SNAKE, 0.0667518955258533
542, 5, 45, Status.SNAKE, 0.06641813604822402
543, 10, 88, Status.SNAKE, 0.0660860453679829
544, 9, 52, Status.WALL, 0.06575561514114299
545, 3, 19, Status.SNAKE, 0.06542683706543727
546, 2, 7, Status.SNAKE, 0.06509970288011008
547, 5, 25, Status.WALL, 0.06477420436570952
548, 1, 5, Status.SNAKE, 0.06445033334388098
549, 12, 67, Status.SNAKE, 0.06412808167716157
550, 6, 32, Status.WALL, 0.06380744126877576
551, 3, 14, Status.SNAKE, 0.06348840406243188
552, 9, 46, Status.SNAKE, 0.06317096204211972
553, 2, 10, Status.WALL, 0.06285510723190912
554, 2, 26, Status.SNAKE, 0.06254083169574957
555, 2, 20, Status.WALL, 0.062228127537270826
556, 5, 43, Status.SNAKE, 0.06191698689958447
557, 3, 15, Status.SNAKE, 0.061607401965086545
558, 8, 49, Status.WALL, 0.06129936495526111
559, 3, 16, Status.SNAKE, 0.0609928681304848
560, 2, 16, Status.WALL, 0.060687903789832374
561, 1, 11, Status.SNAKE, 0.06038446427088321
562, 10, 73, Status.SNAKE, 0.06008254194952879
563, 5, 33, Status.SNAKE, 0.05978212923978115
564, 11, 106, Status.WALL, 0.05948321859358224
565, 4, 32, Status.WALL, 0.05918580250061433
566, 12, 82, Status.SNAKE, 0.058889873488111255
567, 9, 68, Status.SNAKE, 0.058595424120670696
568, 11, 88, Status.SNAKE, 0.05830244700006734
569, 9, 75, Status.WALL, 0.058010934765067
570, 7, 36, Status.WALL, 0.05772088009124167
571, 10, 80, Status.SNAKE, 0.05743227569078546
572, 6, 41, Status.SNAKE, 0.05714511431233153
573, 1, 7, Status.WALL, 0.05685938874076987
574, 3, 15, Status.SNAKE, 0.056575091797066025
575, 5, 26, Status.SNAKE, 0.056292216338080694
576, 5, 35, Status.WALL, 0.05601075525639029
577, 8, 61, Status.SNAKE, 0.05573070148010834
578, 10, 80, Status.SNAKE, 0.0554520479727078
579, 9, 71, Status.SNAKE, 0.05517478773284426
580, 9, 86, Status.WALL, 0.05489891379418004
581, 2, 32, Status.WALL, 0.05462441922520914
582, 4, 32, Status.SNAKE, 0.0543512971290831
583, 11, 71, Status.SNAKE, 0.05407954064343768
584, 8, 59, Status.SNAKE, 0.05380914294022049
585, 5, 33, Status.SNAKE, 0.05354009722551939
586, 7, 41, Status.WALL, 0.05327239673939179
587, 3, 7, Status.SNAKE, 0.053006034755694834
588, 7, 45, Status.SNAKE, 0.052741004581916356
589, 8, 45, Status.WALL, 0.052477299559006776
590, 1, 7, Status.WALL, 0.052214913061211746
591, 6, 32, Status.SNAKE, 0.05195383849590569
592, 6, 36, Status.SNAKE, 0.05169406930342616
593, 2, 7, Status.SNAKE, 0.05143559895690903
594, 5, 26, Status.SNAKE, 0.051178420962124486
595, 5, 51, Status.WALL, 0.05092252885731386
596, 10, 59, Status.SNAKE, 0.05066791621302729
597, 14, 76, Status.SNAKE, 0.05041457663196215
598, 2, 14, Status.WALL, 0.050162503748802344
599, 14, 93, Status.SNAKE, 0.049911691230058335
600, 5, 30, Status.SNAKE, 0.04966213277390804
601, 6, 45, Status.SNAKE, 0.0494138221100385
602, 1, 7, Status.SNAKE, 0.04916675299948831
603, 2, 25, Status.SNAKE, 0.04892091923449087
604, 6, 35, Status.SNAKE, 0.04867631463831842
605, 9, 70, Status.SNAKE, 0.048432933065126825
606, 4, 17, Status.WALL, 0.048190768399801194
607, 4, 25, Status.WALL, 0.04794981455780219
608, 7, 50, Status.SNAKE, 0.04771006548501318
609, 11, 59, Status.SNAKE, 0.047471515157588115
610, 3, 17, Status.SNAKE, 0.047234157581800176
611, 3, 19, Status.SNAKE, 0.046997986793891174
612, 8, 46, Status.SNAKE, 0.04676299685992172
613, 5, 41, Status.WALL, 0.04652918187562211
614, 4, 34, Status.SNAKE, 0.046296535966244
615, 6, 35, Status.SNAKE, 0.046065053286412784
616, 3, 26, Status.SNAKE, 0.04583472801998072
617, 15, 94, Status.SNAKE, 0.045605554379880814
618, 12, 90, Status.SNAKE, 0.04537752660798141
619, 4, 16, Status.SNAKE, 0.0451506389749415
620, 1, 9, Status.WALL, 0.044924885780066794
621, 9, 66, Status.SNAKE, 0.04470026135116646
622, 1, 3, Status.SNAKE, 0.04447676004441063
623, 8, 65, Status.SNAKE, 0.04425437624418858
624, 10, 79, Status.SNAKE, 0.04403310436296763
625, 1, 15, Status.WALL, 0.043812938841152796
626, 4, 19, Status.WALL, 0.04359387414694703
627, 4, 19, Status.SNAKE, 0.043375904776212296
628, 3, 16, Status.SNAKE, 0.043159025252331236
629, 10, 82, Status.SNAKE, 0.04294323012606958
630, 7, 61, Status.SNAKE, 0.04272851397543923
631, 6, 38, Status.SNAKE, 0.04251487140556204
632, 9, 66, Status.SNAKE, 0.04230229704853423
633, 10, 59, Status.SNAKE, 0.04209078556329156
634, 4, 24, Status.WALL, 0.0418803316354751
635, 2, 23, Status.WALL, 0.041670929977297724
636, 3, 13, Status.SNAKE, 0.04146257532741124
637, 8, 77, Status.WALL, 0.04125526245077418
638, 2, 18, Status.SNAKE, 0.04104898613852031
639, 3, 20, Status.SNAKE, 0.04084374120782771
640, 1, 8, Status.WALL, 0.04063952250178857
641, 7, 71, Status.WALL, 0.04043632488927963
642, 5, 32, Status.SNAKE, 0.04023414326483323
643, 6, 36, Status.SNAKE, 0.040032972548509065
644, 9, 64, Status.SNAKE, 0.03983280768576652
645, 4, 42, Status.SNAKE, 0.03963364364733769
646, 13, 94, Status.SNAKE, 0.039435475429100995
647, 10, 77, Status.SNAKE, 0.03923829805195549
648, 8, 54, Status.SNAKE, 0.03904210656169572
649, 15, 123, Status.WALL, 0.03884689602888724
650, 11, 63, Status.SNAKE, 0.0386526615487428
651, 11, 91, Status.SNAKE, 0.03845939824099909
652, 9, 56, Status.SNAKE, 0.03826710124979409
653, 3, 20, Status.SNAKE, 0.038075765743545126
654, 15, 81, Status.SNAKE, 0.0378853869148274
655, 11, 74, Status.SNAKE, 0.03769595998025326
656, 10, 73, Status.SNAKE, 0.03750748018035199
657, 6, 54, Status.SNAKE, 0.037319942779450235
658, 4, 24, Status.SNAKE, 0.037133343065552986
659, 7, 41, Status.SNAKE, 0.03694767635022522
660, 11, 85, Status.SNAKE, 0.036762937968474095
661, 11, 84, Status.SNAKE, 0.03657912327863173
662, 3, 19, Status.WALL, 0.036396227662238566
663, 5, 39, Status.SNAKE, 0.03621424652392737
664, 6, 37, Status.SNAKE, 0.036033175291307735
665, 8, 66, Status.SNAKE, 0.03585300941485119
666, 12, 80, Status.SNAKE, 0.035673744367776934
667, 5, 38, Status.SNAKE, 0.03549537564593805
668, 5, 40, Status.WALL, 0.035317898767708356
669, 16, 112, Status.SNAKE, 0.03514130927386981
670, 9, 66, Status.SNAKE, 0.03496560272750046
671, 4, 18, Status.SNAKE, 0.03479077471386296
672, 7, 52, Status.WALL, 0.03461682084029365
673, 5, 46, Status.SNAKE, 0.034443736736092176
674, 4, 21, Status.SNAKE, 0.034271518052411715
675, 9, 78, Status.SNAKE, 0.034100160462149656
676, 2, 8, Status.WALL, 0.03392965965983891
677, 9, 63, Status.WALL, 0.033760011361539714
678, 3, 18, Status.SNAKE, 0.03359121130473201
679, 9, 53, Status.SNAKE, 0.033423255248208356
680, 3, 22, Status.WALL, 0.03325613897196732
681, 5, 39, Status.SNAKE, 0.03308985827710748
682, 5, 40, Status.SNAKE, 0.032924408985721944
683, 7, 39, Status.SNAKE, 0.03275978694079333
684, 9, 65, Status.SNAKE, 0.032595988006089364
685, 4, 39, Status.WALL, 0.032433008066058915
686, 3, 13, Status.SNAKE, 0.03227084302572862
687, 10, 80, Status.WALL, 0.032109488810599975
688, 10, 73, Status.SNAKE, 0.031948941366546975
689, 5, 28, Status.SNAKE, 0.03178919665971424
690, 7, 47, Status.WALL, 0.03163025067641567
691, 3, 21, Status.SNAKE, 0.03147209942303359
692, 4, 27, Status.SNAKE, 0.03131473892591842
693, 10, 55, Status.SNAKE, 0.031158165231288826
694, 18, 105, Status.SNAKE, 0.03100237440513238
695, 5, 44, Status.SNAKE, 0.030847362533106718
696, 8, 52, Status.SNAKE, 0.030693125720441184
697, 10, 81, Status.WALL, 0.030539660091838977
698, 11, 75, Status.SNAKE, 0.03038696179137978
699, 6, 54, Status.WALL, 0.030235026982422884
700, 2, 16, Status.SNAKE, 0.030083851847510768
701, 1, 3, Status.SNAKE, 0.029933432588273214
702, 13, 94, Status.SNAKE, 0.029783765425331846
703, 3, 26, Status.SNAKE, 0.029634846598205186
704, 4, 31, Status.SNAKE, 0.02948667236521416
705, 10, 58, Status.SNAKE, 0.029339239003388088
706, 2, 16, Status.SNAKE, 0.029192542808371146
707, 3, 19, Status.SNAKE, 0.02904658009432929
708, 15, 96, Status.SNAKE, 0.028901347193857643
709, 5, 30, Status.SNAKE, 0.028756840457888354
710, 5, 30, Status.SNAKE, 0.02861305625559891
711, 2, 17, Status.WALL, 0.028469990974320916
712, 4, 25, Status.SNAKE, 0.02832764101944931
713, 8, 58, Status.SNAKE, 0.028186002814352063
714, 7, 45, Status.SNAKE, 0.0280450728002803
715, 1, 10, Status.WALL, 0.0279048474362789
716, 6, 24, Status.SNAKE, 0.027765323199097504
717, 2, 6, Status.SNAKE, 0.027626496583102015
718, 13, 84, Status.SNAKE, 0.027488364100186506
719, 5, 40, Status.WALL, 0.027350922279685573
720, 11, 70, Status.SNAKE, 0.027214167668287145
721, 3, 16, Status.SNAKE, 0.02707809682994571
722, 6, 48, Status.WALL, 0.02694270634579598
723, 6, 46, Status.WALL, 0.026807992814067
724, 5, 25, Status.SNAKE, 0.026673952849996664
725, 4, 33, Status.SNAKE, 0.02654058308574668
726, 16, 114, Status.SNAKE, 0.026407880170317945
727, 5, 31, Status.SNAKE, 0.026275840769466357
728, 6, 31, Status.SNAKE, 0.026144461565619025
729, 12, 81, Status.WALL, 0.02601373925779093
730, 11, 68, Status.SNAKE, 0.025883670561501974
731, 10, 62, Status.SNAKE, 0.025754252208694463
732, 7, 53, Status.SNAKE, 0.02562548094765099
733, 9, 58, Status.SNAKE, 0.025497353542912736
734, 6, 61, Status.SNAKE, 0.02536986677519817
735, 14, 119, Status.SNAKE, 0.02524301744132218
736, 1, 3, Status.SNAKE, 0.025116802354115567
737, 6, 65, Status.SNAKE, 0.024991218342344988
738, 4, 19, Status.SNAKE, 0.024866262250633264
739, 5, 42, Status.WALL, 0.024741930939380097
740, 5, 25, Status.SNAKE, 0.024618221284683196
741, 7, 67, Status.SNAKE, 0.02449513017825978
742, 5, 50, Status.SNAKE, 0.02437265452736848
743, 6, 40, Status.SNAKE, 0.024250791254731636
744, 4, 20, Status.WALL, 0.024129537298457977
745, 13, 74, Status.SNAKE, 0.024008889611965685
746, 7, 41, Status.SNAKE, 0.023888845163905856
747, 11, 52, Status.SNAKE, 0.023769400938086327
748, 9, 56, Status.SNAKE, 0.023650553933395897
749, 5, 32, Status.SNAKE, 0.023532301163728918
750, 6, 28, Status.SNAKE, 0.023414639657910272
751, 8, 64, Status.WALL, 0.023297566459620722
752, 3, 21, Status.SNAKE, 0.023181078627322618
753, 6, 49, Status.SNAKE, 0.023065173234186005
754, 1, 10, Status.WALL, 0.022949847368015076
755, 11, 80, Status.SNAKE, 0.022835098131175
756, 9, 62, Status.SNAKE, 0.022720922640519125
757, 8, 47, Status.SNAKE, 0.02260731802731653
758, 6, 36, Status.SNAKE, 0.022494281437179946
759, 6, 44, Status.SNAKE, 0.022381810029994047
760, 4, 17, Status.SNAKE, 0.022269900979844076
761, 4, 20, Status.SNAKE, 0.022158551474944856
762, 11, 65, Status.WALL, 0.022047758717570132
763, 5, 31, Status.SNAKE, 0.021937519923982282
764, 2, 7, Status.WALL, 0.021827832324362372
765, 5, 34, Status.SNAKE, 0.02171869316274056
766, 4, 29, Status.SNAKE, 0.021610099696926857
767, 3, 31, Status.SNAKE, 0.021502049198442223
768, 7, 52, Status.SNAKE, 0.021394538952450012
769, 4, 24, Status.SNAKE, 0.02128756625768776
770, 3, 14, Status.SNAKE, 0.021181128426399323
771, 2, 13, Status.SNAKE, 0.021075222784267326
772, 9, 50, Status.SNAKE, 0.020969846670345987
773, 6, 42, Status.WALL, 0.020864997436994256
774, 5, 21, Status.SNAKE, 0.020760672449809284
775, 8, 63, Status.SNAKE, 0.020656869087560238
776, 6, 47, Status.SNAKE, 0.020553584742122436
777, 12, 58, Status.SNAKE, 0.020450816818411825
778, 2, 21, Status.SNAKE, 0.020348562734319765
779, 4, 23, Status.SNAKE, 0.020246819920648168
780, 3, 30, Status.WALL, 0.020145585821044927
781, 1, 10, Status.WALL, 0.020044857891939702
782, 14, 80, Status.SNAKE, 0.019944633602480003
783, 9, 66, Status.SNAKE, 0.019844910434467605
784, 1, 13, Status.SNAKE, 0.019745685882295267
785, 3, 25, Status.WALL, 0.01964695745288379
786, 2, 27, Status.WALL, 0.01954872266561937
787, 15, 121, Status.SNAKE, 0.019450979052291272
788, 5, 43, Status.SNAKE, 0.019353724157029815
789, 11, 80, Status.SNAKE, 0.019256955536244666
790, 4, 21, Status.SNAKE, 0.019160670758563442
791, 13, 79, Status.WALL, 0.019064867404770626
792, 2, 13, Status.SNAKE, 0.018969543067746772
793, 7, 35, Status.SNAKE, 0.018874695352408037
794, 14, 76, Status.SNAKE, 0.018780321875645996
795, 8, 67, Status.WALL, 0.018686420266267767
796, 5, 21, Status.SNAKE, 0.018592988164936427
797, 3, 30, Status.WALL, 0.018500023224111744
798, 14, 89, Status.SNAKE, 0.018407523107991184
799, 8, 64, Status.SNAKE, 0.01831548549245123
800, 2, 14, Status.SNAKE, 0.018223908064988973
801, 7, 38, Status.SNAKE, 0.018132788524664028
802, 6, 43, Status.SNAKE, 0.018042124582040707
803, 6, 35, Status.SNAKE, 0.017951913959130504
804, 5, 33, Status.SNAKE, 0.01786215438933485
805, 3, 12, Status.SNAKE, 0.017772843617388175
806, 11, 77, Status.SNAKE, 0.017683979399301233
807, 11, 79, Status.SNAKE, 0.017595559502304726
808, 14, 79, Status.SNAKE, 0.0175075817047932
809, 15, 104, Status.SNAKE, 0.017420043796269234
810, 4, 18, Status.SNAKE, 0.017332943577287888
811, 10, 62, Status.SNAKE, 0.01724627885940145
812, 11, 92, Status.SNAKE, 0.017160047465104442
813, 15, 109, Status.SNAKE, 0.01707424722777892
814, 11, 71, Status.SNAKE, 0.016988875991640028
815, 10, 61, Status.SNAKE, 0.016903931611681827
816, 1, 5, Status.SNAKE, 0.01681941195362342
817, 6, 38, Status.SNAKE, 0.016735314893855303
818, 15, 91, Status.SNAKE, 0.016651638319386028
819, 4, 17, Status.SNAKE, 0.0165683801277891
820, 7, 44, Status.SNAKE, 0.016485538227150154
821, 8, 55, Status.SNAKE, 0.0164031105360144
822, 17, 116, Status.SNAKE, 0.01632109498333433
823, 2, 5, Status.SNAKE, 0.016239489508417658
824, 7, 46, Status.WALL, 0.01615829206087557
825, 9, 55, Status.SNAKE, 0.01607750060057119
826, 4, 18, Status.SNAKE, 0.015997113097568336
827, 6, 48, Status.SNAKE, 0.015917127532080494
828, 9, 72, Status.SNAKE, 0.01583754189442009
829, 4, 26, Status.SNAKE, 0.01575835418494799
830, 7, 49, Status.SNAKE, 0.01567956241402325
831, 12, 90, Status.SNAKE, 0.015601164601953134
832, 7, 50, Status.SNAKE, 0.015523158778943369
833, 5, 34, Status.WALL, 0.015445542985048652
834, 15, 83, Status.SNAKE, 0.015368315270123408
835, 20, 112, Status.WALL, 0.01529147369377279
836, 10, 81, Status.SNAKE, 0.015215016325303928
837, 10, 62, Status.SNAKE, 0.015138941243677408
838, 9, 58, Status.SNAKE, 0.01506324653745902
839, 5, 41, Status.SNAKE, 0.014987930304771725
840, 5, 44, Status.WALL, 0.014912990653247866
841, 6, 42, Status.SNAKE, 0.014838425699981627
842, 2, 12, Status.SNAKE, 0.01476423357148172
843, 2, 12, Status.WALL, 0.014690412403624311
844, 12, 76, Status.SNAKE, 0.01461696034160619
845, 6, 38, Status.SNAKE, 0.014543875539898159
846, 22, 188, Status.SNAKE, 0.014471156162198668
847, 6, 42, Status.WALL, 0.014398800381387675
848, 6, 48, Status.WALL, 0.014326806379480736
849, 5, 34, Status.SNAKE, 0.014255172347583332
850, 12, 84, Status.SNAKE, 0.014183896485845416
851, 19, 116, Status.SNAKE, 0.014112977003416188
852, 3, 18, Status.SNAKE, 0.014042412118399107
853, 5, 33, Status.SNAKE, 0.013972200057807112
854, 7, 62, Status.SNAKE, 0.013902339057518077
855, 19, 146, Status.SNAKE, 0.013832827362230486
856, 10, 79, Status.WALL, 0.013763663225419333
857, 10, 74, Status.SNAKE, 0.013694844909292236
858, 15, 83, Status.SNAKE, 0.013626370684745774
859, 5, 47, Status.SNAKE, 0.013558238831322046
860, 15, 102, Status.SNAKE, 0.013490447637165436
861, 20, 160, Status.SNAKE, 0.013422995398979608
862, 11, 92, Status.WALL, 0.01335588042198471
863, 15, 114, Status.SNAKE, 0.013289101019874787
864, 9, 66, Status.SNAKE, 0.013222655514775413
865, 3, 21, Status.SNAKE, 0.013156542237201536
866, 7, 34, Status.SNAKE, 0.013090759526015528
867, 6, 42, Status.WALL, 0.01302530572838545
868, 20, 119, Status.SNAKE, 0.012960179199743523
869, 6, 33, Status.WALL, 0.012895378303744804
870, 12, 107, Status.SNAKE, 0.01283090141222608
871, 18, 112, Status.SNAKE, 0.012766746905164949
872, 3, 26, Status.SNAKE, 0.012702913170639124
873, 7, 58, Status.SNAKE, 0.012639398604785928
874, 6, 31, Status.SNAKE, 0.012576201611761997
875, 2, 23, Status.WALL, 0.012513320603703188
876, 4, 20, Status.WALL, 0.012450754000684672
877, 8, 49, Status.WALL, 0.012388500230681249
878, 2, 15, Status.SNAKE, 0.012326557729527843
879, 17, 132, Status.WALL, 0.012264924940880204
880, 8, 46, Status.SNAKE, 0.012203600316175803
881, 8, 56, Status.SNAKE, 0.012142582314594924
882, 6, 37, Status.SNAKE, 0.01208186940302195
883, 15, 71, Status.SNAKE, 0.01202146005600684
884, 3, 16, Status.SNAKE, 0.011961352755726806
885, 3, 18, Status.SNAKE, 0.01190154599194817
886, 3, 19, Status.WALL, 0.01184203826198843
887, 7, 52, Status.SNAKE, 0.011782828070678488
888, 5, 26, Status.SNAKE, 0.011723913930325095
889, 11, 64, Status.SNAKE, 0.01166529436067347
890, 7, 53, Status.SNAKE, 0.011606967888870102
891, 6, 48, Status.SNAKE, 0.01154893304942575
892, 9, 72, Status.SNAKE, 0.011491188384178622
893, 2, 12, Status.SNAKE, 0.011433732442257729
894, 10, 73, Status.WALL, 0.01137656378004644
895, 1, 10, Status.WALL, 0.011319680961146208
896, 2, 11, Status.WALL, 0.011263082556340478
897, 5, 37, Status.SNAKE, 0.011206767143558775
898, 7, 40, Status.SNAKE, 0.011150733307840981
899, 1, 8, Status.SNAKE, 0.011094979641301777
900, 8, 52, Status.SNAKE, 0.011039504743095268
901, 13, 80, Status.SNAKE, 0.01098430721937979
902, 3, 23, Status.SNAKE, 0.010929385683282892
903, 13, 81, Status.SNAKE, 0.010874738754866477
904, 8, 57, Status.SNAKE, 0.010820365061092144
905, 3, 11, Status.WALL, 0.010766263235786683
906, 12, 71, Status.SNAKE, 0.01071243191960775
907, 14, 89, Status.SNAKE, 0.010658869760009713
908, 6, 43, Status.SNAKE, 0.010605575411209664
909, 15, 109, Status.SNAKE, 0.010552547534153616
910, 4, 25, Status.SNAKE, 0.010499784796482848
911, 7, 49, Status.SNAKE, 0.010447285872500434
912, 11, 84, Status.SNAKE, 0.01039504944313793
913, 11, 86, Status.WALL, 0.010343074195922241
914, 7, 44, Status.SNAKE, 0.01029135882494263
915, 14, 110, Status.SNAKE, 0.010239902030817916
916, 1, 10, Status.WALL, 0.010188702520663827
917, 9, 73, Status.SNAKE, 0.010137759008060509
918, 4, 31, Status.SNAKE, 0.010087070213020206
919, 3, 14, Status.SNAKE, 0.010036634861955105
920, 4, 24, Status.SNAKE, 0.01
921, 12, 78, Status.WALL, 0.01
922, 6, 38, Status.WALL, 0.01
923, 8, 55, Status.SNAKE, 0.01
924, 5, 38, Status.SNAKE, 0.01
925, 3, 19, Status.SNAKE, 0.01
926, 8, 69, Status.SNAKE, 0.01
927, 9, 73, Status.WALL, 0.01
928, 1, 6, Status.SNAKE, 0.01
929, 1, 14, Status.WALL, 0.01
930, 17, 119, Status.SNAKE, 0.01
931, 5, 35, Status.SNAKE, 0.01
932, 4, 28, Status.SNAKE, 0.01
933, 9, 66, Status.WALL, 0.01
934, 6, 30, Status.SNAKE, 0.01
935, 14, 113, Status.SNAKE, 0.01
936, 7, 52, Status.SNAKE, 0.01
937, 2, 16, Status.WALL, 0.01
938, 18, 129, Status.SNAKE, 0.01
939, 4, 23, Status.WALL, 0.01
940, 14, 106, Status.SNAKE, 0.01
941, 6, 61, Status.WALL, 0.01
942, 4, 28, Status.WALL, 0.01
943, 13, 73, Status.SNAKE, 0.01
944, 8, 73, Status.WALL, 0.01
945, 1, 8, Status.SNAKE, 0.01
946, 5, 32, Status.SNAKE, 0.01
947, 16, 118, Status.WALL, 0.01
948, 20, 139, Status.SNAKE, 0.01
949, 5, 34, Status.SNAKE, 0.01
950, 4, 27, Status.WALL, 0.01
951, 12, 78, Status.SNAKE, 0.01
952, 18, 131, Status.SNAKE, 0.01
953, 12, 81, Status.SNAKE, 0.01
954, 5, 33, Status.SNAKE, 0.01
955, 6, 35, Status.SNAKE, 0.01
956, 12, 68, Status.SNAKE, 0.01
957, 2, 10, Status.WALL, 0.01
958, 3, 18, Status.WALL, 0.01
959, 16, 116, Status.SNAKE, 0.01
960, 15, 102, Status.SNAKE, 0.01
961, 6, 34, Status.WALL, 0.01
962, 4, 17, Status.SNAKE, 0.01
963, 11, 71, Status.SNAKE, 0.01
964, 16, 124, Status.WALL, 0.01
965, 12, 81, Status.SNAKE, 0.01
966, 4, 28, Status.SNAKE, 0.01
967, 4, 17, Status.SNAKE, 0.01
968, 4, 36, Status.SNAKE, 0.01
969, 13, 87, Status.SNAKE, 0.01
970, 6, 36, Status.SNAKE, 0.01
971, 4, 29, Status.SNAKE, 0.01
972, 12, 60, Status.SNAKE, 0.01
973, 8, 58, Status.WALL, 0.01
974, 11, 96, Status.SNAKE, 0.01
975, 3, 19, Status.SNAKE, 0.01
976, 2, 20, Status.WALL, 0.01
977, 11, 65, Status.SNAKE, 0.01
978, 4, 37, Status.SNAKE, 0.01
979, 5, 32, Status.SNAKE, 0.01
980, 6, 35, Status.SNAKE, 0.01
981, 13, 72, Status.SNAKE, 0.01
982, 3, 15, Status.SNAKE, 0.01
983, 5, 26, Status.SNAKE, 0.01
984, 10, 51, Status.SNAKE, 0.01
985, 9, 59, Status.SNAKE, 0.01
986, 13, 92, Status.SNAKE, 0.01
987, 15, 119, Status.WALL, 0.01
988, 1, 5, Status.SNAKE, 0.01
989, 23, 193, Status.SNAKE, 0.01
990, 7, 43, Status.SNAKE, 0.01
991, 2, 13, Status.SNAKE, 0.01
992, 7, 42, Status.SNAKE, 0.01
993, 3, 12, Status.SNAKE, 0.01
994, 8, 45, Status.SNAKE, 0.01
995, 19, 124, Status.WALL, 0.01
996, 10, 69, Status.SNAKE, 0.01
997, 2, 9, Status.SNAKE, 0.01
998, 3, 10, Status.SNAKE, 0.01
999, 0, 7, Status.WALL, 0.01
1000, 4, 26, Status.SNAKE, 0.01
1001, 13, 113, Status.SNAKE, 0.01
1002, 1, 5, Status.SNAKE, 0.01
1003, 7, 42, Status.SNAKE, 0.01
1004, 3, 26, Status.WALL, 0.01
1005, 5, 27, Status.SNAKE, 0.01
1006, 11, 67, Status.SNAKE, 0.01
1007, 9, 58, Status.WALL, 0.01
1008, 9, 60, Status.SNAKE, 0.01
1009, 4, 26, Status.SNAKE, 0.01
1010, 8, 58, Status.SNAKE, 0.01
1011, 11, 76, Status.SNAKE, 0.01
1012, 10, 73, Status.SNAKE, 0.01
1013, 6, 35, Status.SNAKE, 0.01
1014, 6, 31, Status.SNAKE, 0.01
1015, 7, 38, Status.SNAKE, 0.01
1016, 6, 45, Status.SNAKE, 0.01
1017, 13, 81, Status.SNAKE, 0.01
1018, 11, 58, Status.SNAKE, 0.01
1019, 9, 57, Status.SNAKE, 0.01
1020, 7, 49, Status.SNAKE, 0.01
1021, 9, 83, Status.SNAKE, 0.01
1022, 7, 48, Status.SNAKE, 0.01
1023, 4, 38, Status.WALL, 0.01
1024, 3, 25, Status.SNAKE, 0.01
1025, 14, 83, Status.SNAKE, 0.01
1026, 5, 24, Status.SNAKE, 0.01
1027, 5, 22, Status.SNAKE, 0.01
1028, 17, 102, Status.SNAKE, 0.01
1029, 7, 46, Status.SNAKE, 0.01
1030, 14, 78, Status.WALL, 0.01
1031, 17, 102, Status.WALL, 0.01
1032, 4, 21, Status.WALL, 0.01
1033, 13, 76, Status.SNAKE, 0.01
1034, 7, 42, Status.SNAKE, 0.01
1035, 8, 59, Status.SNAKE, 0.01
1036, 1, 7, Status.SNAKE, 0.01
1037, 1, 5, Status.SNAKE, 0.01
1038, 10, 60, Status.SNAKE, 0.01
1039, 16, 96, Status.SNAKE, 0.01
1040, 9, 56, Status.SNAKE, 0.01
1041, 9, 73, Status.SNAKE, 0.01
1042, 13, 105, Status.SNAKE, 0.01
1043, 8, 52, Status.SNAKE, 0.01
1044, 8, 57, Status.SNAKE, 0.01
1045, 6, 42, Status.WALL, 0.01
1046, 8, 42, Status.SNAKE, 0.01
1047, 11, 67, Status.SNAKE, 0.01
1048, 6, 40, Status.WALL, 0.01
1049, 17, 109, Status.SNAKE, 0.01
1050, 7, 51, Status.SNAKE, 0.01
1051, 11, 68, Status.WALL, 0.01
1052, 6, 47, Status.SNAKE, 0.01
1053, 14, 70, Status.WALL, 0.01
1054, 3, 16, Status.WALL, 0.01
1055, 10, 56, Status.SNAKE, 0.01
1056, 11, 62, Status.SNAKE, 0.01
1057, 10, 60, Status.SNAKE, 0.01
1058, 1, 10, Status.WALL, 0.01
1059, 18, 95, Status.SNAKE, 0.01
1060, 5, 28, Status.SNAKE, 0.01
1061, 7, 50, Status.SNAKE, 0.01
1062, 7, 49, Status.SNAKE, 0.01
1063, 7, 39, Status.SNAKE, 0.01
1064, 1, 6, Status.SNAKE, 0.01
1065, 15, 89, Status.SNAKE, 0.01
1066, 13, 93, Status.SNAKE, 0.01
1067, 4, 27, Status.WALL, 0.01
1068, 7, 42, Status.WALL, 0.01
1069, 11, 80, Status.SNAKE, 0.01
1070, 10, 51, Status.WALL, 0.01
1071, 9, 42, Status.SNAKE, 0.01
1072, 1, 9, Status.WALL, 0.01
1073, 12, 95, Status.SNAKE, 0.01
1074, 3, 20, Status.WALL, 0.01
1075, 1, 8, Status.SNAKE, 0.01
1076, 8, 64, Status.WALL, 0.01
1077, 9, 65, Status.SNAKE, 0.01
1078, 3, 17, Status.SNAKE, 0.01
1079, 15, 87, Status.SNAKE, 0.01
1080, 5, 25, Status.SNAKE, 0.01
1081, 8, 44, Status.SNAKE, 0.01
1082, 7, 59, Status.SNAKE, 0.01
1083, 12, 86, Status.WALL, 0.01
1084, 10, 82, Status.WALL, 0.01
1085, 8, 54, Status.SNAKE, 0.01
1086, 12, 57, Status.SNAKE, 0.01
1087, 7, 51, Status.SNAKE, 0.01
1088, 4, 32, Status.WALL, 0.01
1089, 18, 125, Status.SNAKE, 0.01
1090, 9, 59, Status.SNAKE, 0.01
1091, 17, 81, Status.SNAKE, 0.01
1092, 14, 102, Status.WALL, 0.01
1093, 13, 88, Status.SNAKE, 0.01
1094, 2, 16, Status.WALL, 0.01
1095, 7, 46, Status.SNAKE, 0.01
1096, 13, 105, Status.SNAKE, 0.01
1097, 4, 28, Status.SNAKE, 0.01
1098, 8, 50, Status.SNAKE, 0.01
1099, 5, 22, Status.SNAKE, 0.01
1100, 7, 54, Status.SNAKE, 0.01
1101, 13, 64, Status.SNAKE, 0.01
1102, 13, 71, Status.SNAKE, 0.01
1103, 10, 49, Status.SNAKE, 0.01
1104, 8, 35, Status.SNAKE, 0.01
1105, 10, 64, Status.SNAKE, 0.01
1106, 8, 50, Status.SNAKE, 0.01
1107, 13, 119, Status.SNAKE, 0.01
1108, 4, 35, Status.SNAKE, 0.01
1109, 4, 27, Status.SNAKE, 0.01
1110, 8, 63, Status.WALL, 0.01
1111, 11, 66, Status.SNAKE, 0.01
1112, 13, 90, Status.SNAKE, 0.01
1113, 5, 36, Status.WALL, 0.01
1114, 9, 48, Status.SNAKE, 0.01
1115, 6, 41, Status.WALL, 0.01
1116, 9, 59, Status.WALL, 0.01
1117, 14, 117, Status.SNAKE, 0.01
1118, 6, 43, Status.SNAKE, 0.01
1119, 7, 41, Status.SNAKE, 0.01
1120, 6, 34, Status.SNAKE, 0.01
1121, 14, 101, Status.SNAKE, 0.01
1122, 12, 61, Status.SNAKE, 0.01
1123, 6, 36, Status.SNAKE, 0.01
1124, 6, 54, Status.SNAKE, 0.01
1125, 13, 80, Status.SNAKE, 0.01
1126, 3, 25, Status.SNAKE, 0.01
1127, 10, 53, Status.SNAKE, 0.01
1128, 14, 113, Status.SNAKE, 0.01
1129, 3, 35, Status.SNAKE, 0.01
1130, 12, 101, Status.SNAKE, 0.01
1131, 2, 12, Status.WALL, 0.01
1132, 12, 90, Status.SNAKE, 0.01
1133, 4, 28, Status.SNAKE, 0.01
1134, 4, 34, Status.SNAKE, 0.01
1135, 6, 45, Status.WALL, 0.01
1136, 12, 79, Status.SNAKE, 0.01
1137, 7, 58, Status.WALL, 0.01
1138, 10, 71, Status.WALL, 0.01
1139, 6, 40, Status.WALL, 0.01
1140, 9, 54, Status.SNAKE, 0.01
1141, 5, 28, Status.SNAKE, 0.01
1142, 7, 64, Status.SNAKE, 0.01
1143, 10, 59, Status.SNAKE, 0.01
1144, 11, 64, Status.SNAKE, 0.01
1145, 12, 95, Status.WALL, 0.01
1146, 6, 28, Status.SNAKE, 0.01
1147, 4, 26, Status.SNAKE, 0.01
1148, 10, 74, Status.WALL, 0.01
1149, 3, 16, Status.SNAKE, 0.01
1150, 11, 75, Status.WALL, 0.01
1151, 4, 37, Status.WALL, 0.01
1152, 3, 18, Status.SNAKE, 0.01
1153, 13, 77, Status.SNAKE, 0.01
1154, 7, 54, Status.SNAKE, 0.01
1155, 8, 63, Status.SNAKE, 0.01
1156, 4, 20, Status.SNAKE, 0.01
1157, 9, 69, Status.SNAKE, 0.01
1158, 9, 47, Status.SNAKE, 0.01
1159, 5, 28, Status.SNAKE, 0.01
1160, 3, 23, Status.SNAKE, 0.01
1161, 9, 63, Status.SNAKE, 0.01
1162, 8, 58, Status.SNAKE, 0.01
1163, 11, 78, Status.SNAKE, 0.01
1164, 11, 70, Status.SNAKE, 0.01
1165, 7, 40, Status.SNAKE, 0.01
1166, 5, 25, Status.SNAKE, 0.01
1167, 4, 37, Status.WALL, 0.01
1168, 12, 84, Status.SNAKE, 0.01
1169, 5, 25, Status.SNAKE, 0.01
1170, 10, 54, Status.SNAKE, 0.01
1171, 8, 35, Status.SNAKE, 0.01
1172, 13, 97, Status.SNAKE, 0.01
1173, 5, 37, Status.SNAKE, 0.01
1174, 3, 14, Status.SNAKE, 0.01
1175, 2, 22, Status.WALL, 0.01
1176, 8, 61, Status.SNAKE, 0.01
1177, 4, 37, Status.SNAKE, 0.01
1178, 4, 34, Status.SNAKE, 0.01
1179, 9, 52, Status.SNAKE, 0.01
1180, 5, 35, Status.SNAKE, 0.01
1181, 13, 77, Status.SNAKE, 0.01
1182, 11, 87, Status.SNAKE, 0.01
1183, 5, 40, Status.SNAKE, 0.01
1184, 5, 43, Status.SNAKE, 0.01
1185, 10, 78, Status.SNAKE, 0.01
1186, 7, 52, Status.SNAKE, 0.01
1187, 13, 90, Status.WALL, 0.01
1188, 7, 59, Status.WALL, 0.01
1189, 14, 82, Status.SNAKE, 0.01
1190, 11, 83, Status.SNAKE, 0.01
1191, 1, 5, Status.SNAKE, 0.01
1192, 1, 8, Status.WALL, 0.01
1193, 13, 103, Status.SNAKE, 0.01
1194, 3, 16, Status.SNAKE, 0.01
1195, 10, 69, Status.WALL, 0.01
1196, 4, 26, Status.SNAKE, 0.01
1197, 13, 72, Status.SNAKE, 0.01
1198, 10, 81, Status.WALL, 0.01
1199, 15, 112, Status.SNAKE, 0.01
1200, 7, 55, Status.SNAKE, 0.01
1201, 16, 107, Status.SNAKE, 0.01
1202, 1, 3, Status.SNAKE, 0.01
1203, 11, 92, Status.SNAKE, 0.01
1204, 13, 86, Status.WALL, 0.01
1205, 6, 46, Status.SNAKE, 0.01
1206, 6, 42, Status.SNAKE, 0.01
1207, 13, 98, Status.SNAKE, 0.01
1208, 6, 38, Status.SNAKE, 0.01
1209, 9, 54, Status.SNAKE, 0.01
1210, 3, 29, Status.SNAKE, 0.01
1211, 8, 43, Status.SNAKE, 0.01
1212, 12, 92, Status.SNAKE, 0.01
1213, 3, 21, Status.SNAKE, 0.01
1214, 8, 60, Status.WALL, 0.01
1215, 4, 44, Status.WALL, 0.01
1216, 1, 16, Status.WALL, 0.01
1217, 9, 51, Status.SNAKE, 0.01
1218, 5, 45, Status.WALL, 0.01
1219, 9, 58, Status.SNAKE, 0.01
1220, 10, 66, Status.SNAKE, 0.01
1221, 4, 48, Status.WALL, 0.01
1222, 1, 10, Status.WALL, 0.01
1223, 1, 10, Status.WALL, 0.01
1224, 3, 20, Status.SNAKE, 0.01
1225, 10, 69, Status.SNAKE, 0.01
1226, 12, 76, Status.WALL, 0.01
1227, 2, 20, Status.SNAKE, 0.01
1228, 9, 84, Status.SNAKE, 0.01
1229, 13, 112, Status.SNAKE, 0.01
1230, 3, 22, Status.WALL, 0.01
1231, 13, 70, Status.SNAKE, 0.01
1232, 5, 36, Status.WALL, 0.01
1233, 20, 129, Status.SNAKE, 0.01
1234, 4, 46, Status.WALL, 0.01
1235, 10, 59, Status.SNAKE, 0.01
1236, 8, 66, Status.SNAKE, 0.01
1237, 4, 38, Status.WALL, 0.01
1238, 5, 36, Status.SNAKE, 0.01
1239, 9, 58, Status.WALL, 0.01
1240, 9, 56, Status.SNAKE, 0.01
1241, 6, 35, Status.SNAKE, 0.01
1242, 17, 99, Status.WALL, 0.01
1243, 15, 96, Status.SNAKE, 0.01
1244, 13, 88, Status.SNAKE, 0.01
1245, 20, 118, Status.SNAKE, 0.01
1246, 14, 71, Status.SNAKE, 0.01
1247, 12, 83, Status.SNAKE, 0.01
1248, 5, 33, Status.WALL, 0.01
1249, 11, 99, Status.SNAKE, 0.01
1250, 5, 26, Status.SNAKE, 0.01
1251, 2, 17, Status.SNAKE, 0.01
1252, 11, 83, Status.SNAKE, 0.01
1253, 5, 46, Status.WALL, 0.01
1254, 4, 30, Status.SNAKE, 0.01
1255, 8, 54, Status.SNAKE, 0.01
1256, 11, 82, Status.SNAKE, 0.01
1257, 8, 57, Status.SNAKE, 0.01
1258, 11, 85, Status.SNAKE, 0.01
1259, 2, 13, Status.SNAKE, 0.01
1260, 18, 110, Status.WALL, 0.01
1261, 5, 52, Status.WALL, 0.01
1262, 9, 53, Status.SNAKE, 0.01
1263, 8, 41, Status.WALL, 0.01
1264, 10, 69, Status.SNAKE, 0.01
1265, 5, 21, Status.SNAKE, 0.01
1266, 1, 3, Status.SNAKE, 0.01
1267, 10, 74, Status.SNAKE, 0.01
1268, 3, 9, Status.SNAKE, 0.01
1269, 16, 99, Status.SNAKE, 0.01
1270, 7, 33, Status.SNAKE, 0.01
1271, 18, 136, Status.SNAKE, 0.01
1272, 8, 54, Status.WALL, 0.01
1273, 1, 5, Status.SNAKE, 0.01
1274, 7, 50, Status.SNAKE, 0.01
1275, 7, 51, Status.SNAKE, 0.01
1276, 6, 49, Status.SNAKE, 0.01
1277, 13, 93, Status.SNAKE, 0.01
1278, 6, 40, Status.SNAKE, 0.01
1279, 9, 67, Status.WALL, 0.01
1280, 1, 10, Status.WALL, 0.01
1281, 5, 25, Status.SNAKE, 0.01
1282, 8, 80, Status.SNAKE, 0.01
1283, 8, 58, Status.SNAKE, 0.01
1284, 3, 21, Status.SNAKE, 0.01
1285, 10, 69, Status.SNAKE, 0.01
1286, 26, 185, Status.SNAKE, 0.01
1287, 10, 59, Status.SNAKE, 0.01
1288, 16, 96, Status.SNAKE, 0.01
1289, 2, 15, Status.SNAKE, 0.01
1290, 4, 22, Status.SNAKE, 0.01
1291, 4, 15, Status.SNAKE, 0.01
1292, 14, 88, Status.WALL, 0.01
1293, 4, 27, Status.SNAKE, 0.01
1294, 13, 86, Status.SNAKE, 0.01
1295, 14, 76, Status.SNAKE, 0.01
1296, 4, 25, Status.SNAKE, 0.01
1297, 4, 26, Status.WALL, 0.01
1298, 10, 83, Status.WALL, 0.01
1299, 11, 68, Status.SNAKE, 0.01
1300, 17, 122, Status.WALL, 0.01
1301, 1, 7, Status.SNAKE, 0.01
1302, 1, 5, Status.SNAKE, 0.01
1303, 8, 55, Status.SNAKE, 0.01
1304, 6, 42, Status.SNAKE, 0.01
1305, 7, 57, Status.SNAKE, 0.01
1306, 6, 28, Status.SNAKE, 0.01
1307, 11, 64, Status.SNAKE, 0.01
1308, 8, 47, Status.WALL, 0.01
1309, 2, 13, Status.SNAKE, 0.01
1310, 8, 57, Status.SNAKE, 0.01
1311, 16, 99, Status.SNAKE, 0.01
1312, 12, 98, Status.SNAKE, 0.01
1313, 10, 101, Status.SNAKE, 0.01
1314, 5, 34, Status.WALL, 0.01
1315, 6, 48, Status.WALL, 0.01
1316, 3, 24, Status.WALL, 0.01
1317, 11, 67, Status.SNAKE, 0.01
1318, 7, 40, Status.SNAKE, 0.01
1319, 1, 3, Status.SNAKE, 0.01
1320, 3, 18, Status.SNAKE, 0.01
1321, 10, 74, Status.SNAKE, 0.01
1322, 13, 80, Status.SNAKE, 0.01
1323, 5, 20, Status.SNAKE, 0.01
1324, 14, 83, Status.SNAKE, 0.01
1325, 6, 39, Status.SNAKE, 0.01
1326, 8, 58, Status.SNAKE, 0.01
1327, 14, 91, Status.SNAKE, 0.01
1328, 7, 39, Status.SNAKE, 0.01
1329, 13, 104, Status.WALL, 0.01
1330, 3, 20, Status.SNAKE, 0.01
1331, 11, 76, Status.SNAKE, 0.01
1332, 15, 145, Status.SNAKE, 0.01
1333, 8, 68, Status.SNAKE, 0.01
1334, 14, 116, Status.SNAKE, 0.01
1335, 1, 8, Status.SNAKE, 0.01
1336, 8, 64, Status.SNAKE, 0.01
1337, 13, 82, Status.SNAKE, 0.01
1338, 8, 65, Status.SNAKE, 0.01
1339, 3, 31, Status.SNAKE, 0.01
1340, 5, 40, Status.SNAKE, 0.01
1341, 10, 82, Status.WALL, 0.01
1342, 10, 61, Status.SNAKE, 0.01
1343, 1, 7, Status.SNAKE, 0.01
1344, 2, 8, Status.SNAKE, 0.01
1345, 4, 35, Status.WALL, 0.01
1346, 16, 127, Status.SNAKE, 0.01
1347, 15, 113, Status.SNAKE, 0.01
1348, 11, 96, Status.WALL, 0.01
1349, 16, 96, Status.WALL, 0.01
1350, 5, 41, Status.SNAKE, 0.01
1351, 4, 24, Status.SNAKE, 0.01
1352, 13, 102, Status.SNAKE, 0.01
1353, 3, 23, Status.SNAKE, 0.01
1354, 9, 61, Status.SNAKE, 0.01
1355, 12, 93, Status.SNAKE, 0.01
1356, 6, 52, Status.SNAKE, 0.01
1357, 6, 51, Status.SNAKE, 0.01
1358, 6, 34, Status.SNAKE, 0.01
1359, 8, 57, Status.SNAKE, 0.01
1360, 6, 31, Status.SNAKE, 0.01
1361, 6, 55, Status.SNAKE, 0.01
1362, 1, 5, Status.SNAKE, 0.01
1363, 1, 3, Status.SNAKE, 0.01
1364, 1, 6, Status.SNAKE, 0.01
1365, 8, 49, Status.SNAKE, 0.01
1366, 5, 39, Status.SNAKE, 0.01
1367, 7, 45, Status.SNAKE, 0.01
1368, 19, 144, Status.SNAKE, 0.01
1369, 5, 28, Status.SNAKE, 0.01
1370, 10, 66, Status.SNAKE, 0.01
1371, 5, 46, Status.SNAKE, 0.01
1372, 7, 39, Status.SNAKE, 0.01
1373, 10, 66, Status.SNAKE, 0.01
1374, 4, 24, Status.SNAKE, 0.01
1375, 5, 24, Status.SNAKE, 0.01
1376, 2, 13, Status.WALL, 0.01
1377, 7, 57, Status.SNAKE, 0.01
1378, 8, 51, Status.SNAKE, 0.01
1379, 2, 16, Status.SNAKE, 0.01
1380, 14, 101, Status.SNAKE, 0.01
1381, 8, 69, Status.SNAKE, 0.01
1382, 1, 9, Status.WALL, 0.01
1383, 9, 56, Status.SNAKE, 0.01
1384, 11, 80, Status.SNAKE, 0.01
1385, 5, 49, Status.WALL, 0.01
1386, 11, 50, Status.SNAKE, 0.01
1387, 9, 72, Status.SNAKE, 0.01
1388, 7, 46, Status.SNAKE, 0.01
1389, 2, 24, Status.SNAKE, 0.01
1390, 9, 57, Status.WALL, 0.01
1391, 1, 6, Status.SNAKE, 0.01
1392, 12, 80, Status.SNAKE, 0.01
1393, 11, 85, Status.SNAKE, 0.01
1394, 12, 72, Status.SNAKE, 0.01
1395, 5, 19, Status.SNAKE, 0.01
1396, 14, 106, Status.SNAKE, 0.01
1397, 7, 36, Status.WALL, 0.01
1398, 5, 31, Status.SNAKE, 0.01
1399, 12, 102, Status.SNAKE, 0.01
1400, 1, 3, Status.SNAKE, 0.01
1401, 11, 72, Status.SNAKE, 0.01
1402, 5, 31, Status.SNAKE, 0.01
1403, 7, 28, Status.SNAKE, 0.01
1404, 13, 79, Status.SNAKE, 0.01
1405, 1, 7, Status.SNAKE, 0.01
1406, 4, 25, Status.SNAKE, 0.01
1407, 20, 117, Status.SNAKE, 0.01
1408, 5, 24, Status.SNAKE, 0.01
1409, 10, 56, Status.SNAKE, 0.01
1410, 10, 63, Status.SNAKE, 0.01
1411, 1, 8, Status.WALL, 0.01
1412, 9, 57, Status.SNAKE, 0.01
1413, 14, 109, Status.SNAKE, 0.01
1414, 7, 53, Status.SNAKE, 0.01
1415, 6, 55, Status.SNAKE, 0.01
1416, 9, 60, Status.SNAKE, 0.01
1417, 6, 37, Status.WALL, 0.01
1418, 14, 107, Status.SNAKE, 0.01
1419, 2, 11, Status.SNAKE, 0.01
1420, 11, 76, Status.SNAKE, 0.01
1421, 17, 120, Status.SNAKE, 0.01
1422, 3, 10, Status.SNAKE, 0.01
1423, 2, 24, Status.WALL, 0.01
1424, 16, 98, Status.SNAKE, 0.01
1425, 9, 75, Status.SNAKE, 0.01
1426, 1, 5, Status.SNAKE, 0.01
1427, 16, 148, Status.SNAKE, 0.01
1428, 9, 57, Status.SNAKE, 0.01
1429, 13, 105, Status.SNAKE, 0.01
1430, 2, 16, Status.SNAKE, 0.01
1431, 5, 40, Status.SNAKE, 0.01
1432, 7, 55, Status.SNAKE, 0.01
1433, 14, 103, Status.SNAKE, 0.01
1434, 5, 32, Status.SNAKE, 0.01
1435, 9, 63, Status.SNAKE, 0.01
1436, 13, 78, Status.SNAKE, 0.01
1437, 13, 56, Status.SNAKE, 0.01
1438, 9, 60, Status.WALL, 0.01
1439, 9, 56, Status.SNAKE, 0.01
1440, 6, 58, Status.SNAKE, 0.01
1441, 10, 81, Status.SNAKE, 0.01
1442, 13, 103, Status.SNAKE, 0.01
1443, 5, 26, Status.SNAKE, 0.01
1444, 1, 5, Status.SNAKE, 0.01
1445, 15, 115, Status.SNAKE, 0.01
1446, 4, 36, Status.WALL, 0.01
1447, 14, 80, Status.WALL, 0.01
1448, 17, 125, Status.SNAKE, 0.01
1449, 2, 22, Status.WALL, 0.01
1450, 8, 48, Status.WALL, 0.01
1451, 2, 12, Status.SNAKE, 0.01
1452, 4, 24, Status.WALL, 0.01
1453, 2, 17, Status.SNAKE, 0.01
1454, 10, 45, Status.SNAKE, 0.01
1455, 10, 50, Status.SNAKE, 0.01
1456, 11, 75, Status.WALL, 0.01
1457, 1, 14, Status.WALL, 0.01
1458, 10, 84, Status.WALL, 0.01
1459, 7, 48, Status.SNAKE, 0.01
1460, 3, 12, Status.SNAKE, 0.01
1461, 13, 96, Status.SNAKE, 0.01
1462, 8, 38, Status.SNAKE, 0.01
1463, 8, 62, Status.SNAKE, 0.01
1464, 7, 42, Status.SNAKE, 0.01
1465, 11, 59, Status.SNAKE, 0.01
1466, 3, 20, Status.SNAKE, 0.01
1467, 10, 87, Status.SNAKE, 0.01
1468, 6, 42, Status.SNAKE, 0.01
1469, 13, 69, Status.SNAKE, 0.01
1470, 2, 11, Status.SNAKE, 0.01
1471, 12, 98, Status.SNAKE, 0.01
1472, 12, 77, Status.SNAKE, 0.01
1473, 9, 66, Status.SNAKE, 0.01
1474, 9, 64, Status.WALL, 0.01
1475, 11, 64, Status.SNAKE, 0.01
1476, 4, 26, Status.SNAKE, 0.01
1477, 8, 71, Status.SNAKE, 0.01
1478, 5, 23, Status.SNAKE, 0.01
1479, 10, 82, Status.SNAKE, 0.01
1480, 5, 33, Status.SNAKE, 0.01
1481, 3, 10, Status.SNAKE, 0.01
1482, 10, 64, Status.SNAKE, 0.01
1483, 12, 86, Status.SNAKE, 0.01
1484, 5, 37, Status.SNAKE, 0.01
1485, 10, 66, Status.SNAKE, 0.01
1486, 13, 83, Status.SNAKE, 0.01
1487, 7, 34, Status.SNAKE, 0.01
1488, 6, 33, Status.SNAKE, 0.01
1489, 5, 27, Status.WALL, 0.01
1490, 6, 38, Status.SNAKE, 0.01
1491, 7, 52, Status.SNAKE, 0.01
1492, 2, 18, Status.WALL, 0.01
1493, 7, 49, Status.SNAKE, 0.01
1494, 7, 58, Status.SNAKE, 0.01
1495, 6, 40, Status.SNAKE, 0.01
1496, 7, 42, Status.SNAKE, 0.01
1497, 10, 60, Status.WALL, 0.01
1498, 12, 93, Status.SNAKE, 0.01
1499, 3, 13, Status.SNAKE, 0.01
1500, 14, 95, Status.SNAKE, 0.01
1501, 6, 36, Status.WALL, 0.01
1502, 3, 22, Status.SNAKE, 0.01
1503, 11, 86, Status.SNAKE, 0.01
1504, 15, 95, Status.SNAKE, 0.01
1505, 12, 88, Status.SNAKE, 0.01
1506, 7, 48, Status.WALL, 0.01
1507, 18, 170, Status.SNAKE, 0.01
1508, 1, 10, Status.WALL, 0.01
1509, 14, 76, Status.SNAKE, 0.01
1510, 7, 34, Status.SNAKE, 0.01
1511, 7, 47, Status.WALL, 0.01
1512, 2, 14, Status.WALL, 0.01
1513, 9, 55, Status.SNAKE, 0.01
1514, 7, 61, Status.SNAKE, 0.01
1515, 10, 52, Status.SNAKE, 0.01
1516, 12, 92, Status.WALL, 0.01
1517, 9, 82, Status.SNAKE, 0.01
1518, 13, 76, Status.SNAKE, 0.01
1519, 4, 16, Status.SNAKE, 0.01
1520, 10, 71, Status.SNAKE, 0.01
1521, 16, 113, Status.SNAKE, 0.01
1522, 6, 39, Status.WALL, 0.01
1523, 15, 112, Status.SNAKE, 0.01
1524, 5, 27, Status.SNAKE, 0.01
1525, 13, 78, Status.SNAKE, 0.01
1526, 15, 84, Status.SNAKE, 0.01
1527, 0, 7, Status.WALL, 0.01
1528, 8, 56, Status.SNAKE, 0.01
1529, 1, 16, Status.WALL, 0.01
1530, 10, 55, Status.WALL, 0.01
1531, 9, 67, Status.SNAKE, 0.01
1532, 1, 10, Status.WALL, 0.01
1533, 3, 13, Status.SNAKE, 0.01
1534, 8, 47, Status.SNAKE, 0.01
1535, 8, 48, Status.SNAKE, 0.01
1536, 5, 44, Status.SNAKE, 0.01
1537, 3, 21, Status.SNAKE, 0.01
1538, 4, 33, Status.SNAKE, 0.01
1539, 11, 91, Status.SNAKE, 0.01
1540, 13, 83, Status.SNAKE, 0.01
1541, 12, 69, Status.SNAKE, 0.01
1542, 4, 28, Status.SNAKE, 0.01
1543, 7, 43, Status.WALL, 0.01
1544, 5, 52, Status.SNAKE, 0.01
1545, 9, 70, Status.SNAKE, 0.01
1546, 15, 92, Status.WALL, 0.01
1547, 9, 77, Status.WALL, 0.01
1548, 16, 127, Status.SNAKE, 0.01
1549, 4, 41, Status.WALL, 0.01
1550, 7, 42, Status.SNAKE, 0.01
1551, 12, 97, Status.SNAKE, 0.01
1552, 8, 70, Status.WALL, 0.01
1553, 9, 51, Status.WALL, 0.01
1554, 11, 69, Status.SNAKE, 0.01
1555, 12, 76, Status.SNAKE, 0.01
1556, 4, 46, Status.WALL, 0.01
1557, 9, 52, Status.WALL, 0.01
1558, 7, 41, Status.SNAKE, 0.01
1559, 3, 15, Status.WALL, 0.01
1560, 8, 61, Status.SNAKE, 0.01
1561, 6, 34, Status.SNAKE, 0.01
1562, 2, 43, Status.WALL, 0.01
1563, 3, 12, Status.SNAKE, 0.01
1564, 7, 48, Status.SNAKE, 0.01
1565, 3, 22, Status.SNAKE, 0.01
1566, 8, 57, Status.SNAKE, 0.01
1567, 8, 41, Status.SNAKE, 0.01
1568, 8, 54, Status.SNAKE, 0.01
1569, 8, 68, Status.SNAKE, 0.01
1570, 10, 80, Status.SNAKE, 0.01
1571, 16, 108, Status.SNAKE, 0.01
1572, 8, 59, Status.SNAKE, 0.01
1573, 6, 38, Status.SNAKE, 0.01
1574, 2, 22, Status.SNAKE, 0.01
1575, 1, 14, Status.WALL, 0.01
1576, 9, 71, Status.SNAKE, 0.01
1577, 1, 15, Status.SNAKE, 0.01
1578, 3, 25, Status.SNAKE, 0.01
1579, 13, 91, Status.SNAKE, 0.01
1580, 3, 23, Status.SNAKE, 0.01
1581, 13, 78, Status.SNAKE, 0.01
1582, 2, 12, Status.SNAKE, 0.01
1583, 4, 23, Status.WALL, 0.01
1584, 14, 86, Status.SNAKE, 0.01
1585, 10, 56, Status.WALL, 0.01
1586, 3, 19, Status.SNAKE, 0.01
1587, 11, 47, Status.SNAKE, 0.01
1588, 11, 70, Status.WALL, 0.01
1589, 5, 49, Status.WALL, 0.01
1590, 10, 68, Status.SNAKE, 0.01
1591, 5, 36, Status.SNAKE, 0.01
1592, 11, 75, Status.SNAKE, 0.01
1593, 11, 65, Status.SNAKE, 0.01
1594, 3, 23, Status.WALL, 0.01
1595, 12, 112, Status.SNAKE, 0.01
1596, 4, 29, Status.SNAKE, 0.01
1597, 3, 16, Status.SNAKE, 0.01
1598, 4, 27, Status.SNAKE, 0.01
1599, 13, 96, Status.SNAKE, 0.01
1600, 11, 61, Status.WALL, 0.01
1601, 6, 50, Status.WALL, 0.01
1602, 12, 97, Status.SNAKE, 0.01
1603, 4, 27, Status.SNAKE, 0.01
1604, 4, 30, Status.SNAKE, 0.01
1605, 16, 120, Status.WALL, 0.01
1606, 3, 17, Status.SNAKE, 0.01
1607, 15, 94, Status.SNAKE, 0.01
1608, 1, 3, Status.SNAKE, 0.01
1609, 1, 3, Status.SNAKE, 0.01
1610, 5, 33, Status.SNAKE, 0.01
1611, 6, 37, Status.SNAKE, 0.01
1612, 3, 13, Status.SNAKE, 0.01
1613, 6, 46, Status.SNAKE, 0.01
1614, 1, 5, Status.SNAKE, 0.01
1615, 6, 44, Status.SNAKE, 0.01
1616, 13, 92, Status.SNAKE, 0.01
1617, 20, 153, Status.SNAKE, 0.01
1618, 2, 7, Status.SNAKE, 0.01
1619, 9, 68, Status.SNAKE, 0.01
1620, 10, 79, Status.SNAKE, 0.01
1621, 16, 108, Status.SNAKE, 0.01
1622, 5, 27, Status.SNAKE, 0.01
1623, 6, 35, Status.SNAKE, 0.01
1624, 6, 31, Status.SNAKE, 0.01
1625, 5, 36, Status.SNAKE, 0.01
1626, 3, 31, Status.SNAKE, 0.01
1627, 5, 23, Status.SNAKE, 0.01
1628, 11, 81, Status.SNAKE, 0.01
1629, 7, 58, Status.SNAKE, 0.01
1630, 1, 7, Status.WALL, 0.01
1631, 7, 38, Status.SNAKE, 0.01
1632, 19, 142, Status.SNAKE, 0.01
1633, 16, 116, Status.SNAKE, 0.01
1634, 1, 10, Status.SNAKE, 0.01
1635, 8, 51, Status.SNAKE, 0.01
1636, 4, 16, Status.SNAKE, 0.01
1637, 7, 31, Status.WALL, 0.01
1638, 21, 139, Status.SNAKE, 0.01
1639, 14, 110, Status.SNAKE, 0.01
1640, 8, 64, Status.SNAKE, 0.01
1641, 9, 48, Status.SNAKE, 0.01
1642, 10, 65, Status.SNAKE, 0.01
1643, 9, 51, Status.WALL, 0.01
1644, 12, 71, Status.SNAKE, 0.01
1645, 5, 34, Status.SNAKE, 0.01
1646, 11, 89, Status.SNAKE, 0.01
1647, 6, 37, Status.SNAKE, 0.01
1648, 3, 12, Status.SNAKE, 0.01
1649, 6, 53, Status.SNAKE, 0.01
1650, 12, 69, Status.SNAKE, 0.01
1651, 4, 26, Status.SNAKE, 0.01
1652, 2, 20, Status.WALL, 0.01
1653, 7, 39, Status.SNAKE, 0.01
1654, 16, 139, Status.SNAKE, 0.01
1655, 8, 55, Status.SNAKE, 0.01
1656, 6, 54, Status.SNAKE, 0.01
1657, 2, 8, Status.SNAKE, 0.01
1658, 8, 78, Status.SNAKE, 0.01
1659, 6, 46, Status.WALL, 0.01
1660, 8, 44, Status.SNAKE, 0.01
1661, 4, 41, Status.SNAKE, 0.01
1662, 9, 56, Status.SNAKE, 0.01
1663, 11, 101, Status.SNAKE, 0.01
1664, 6, 50, Status.WALL, 0.01
1665, 10, 63, Status.SNAKE, 0.01
1666, 8, 51, Status.SNAKE, 0.01
1667, 6, 28, Status.SNAKE, 0.01
1668, 10, 71, Status.SNAKE, 0.01
1669, 9, 60, Status.SNAKE, 0.01
1670, 2, 16, Status.WALL, 0.01
1671, 10, 63, Status.SNAKE, 0.01
1672, 6, 43, Status.SNAKE, 0.01
1673, 15, 96, Status.WALL, 0.01
1674, 11, 81, Status.SNAKE, 0.01
1675, 7, 44, Status.SNAKE, 0.01
1676, 5, 41, Status.SNAKE, 0.01
1677, 5, 47, Status.SNAKE, 0.01
1678, 12, 89, Status.SNAKE, 0.01
1679, 12, 82, Status.SNAKE, 0.01
1680, 3, 14, Status.SNAKE, 0.01
1681, 5, 34, Status.WALL, 0.01
1682, 5, 43, Status.SNAKE, 0.01
1683, 8, 64, Status.SNAKE, 0.01
1684, 7, 56, Status.WALL, 0.01
1685, 11, 56, Status.SNAKE, 0.01
1686, 3, 33, Status.SNAKE, 0.01
1687, 11, 63, Status.SNAKE, 0.01
1688, 10, 73, Status.SNAKE, 0.01
1689, 5, 43, Status.SNAKE, 0.01
1690, 2, 13, Status.SNAKE, 0.01
1691, 9, 48, Status.SNAKE, 0.01
1692, 11, 74, Status.SNAKE, 0.01
1693, 12, 79, Status.SNAKE, 0.01
1694, 4, 20, Status.SNAKE, 0.01
1695, 4, 30, Status.SNAKE, 0.01
1696, 9, 64, Status.SNAKE, 0.01
1697, 17, 120, Status.SNAKE, 0.01
1698, 7, 39, Status.SNAKE, 0.01
1699, 9, 52, Status.SNAKE, 0.01
1700, 4, 23, Status.SNAKE, 0.01
1701, 1, 8, Status.WALL, 0.01
1702, 1, 11, Status.WALL, 0.01
1703, 10, 60, Status.WALL, 0.01
1704, 9, 55, Status.SNAKE, 0.01
1705, 13, 102, Status.SNAKE, 0.01
1706, 21, 162, Status.SNAKE, 0.01
1707, 8, 66, Status.SNAKE, 0.01
1708, 2, 6, Status.WALL, 0.01
1709, 11, 95, Status.SNAKE, 0.01
1710, 6, 52, Status.SNAKE, 0.01
1711, 1, 5, Status.SNAKE, 0.01
1712, 1, 6, Status.SNAKE, 0.01
1713, 15, 92, Status.WALL, 0.01
1714, 3, 13, Status.SNAKE, 0.01
1715, 11, 59, Status.SNAKE, 0.01
1716, 5, 40, Status.WALL, 0.01
1717, 8, 34, Status.SNAKE, 0.01
1718, 3, 20, Status.SNAKE, 0.01
1719, 6, 43, Status.SNAKE, 0.01
1720, 1, 10, Status.WALL, 0.01
1721, 8, 61, Status.SNAKE, 0.01
1722, 12, 96, Status.SNAKE, 0.01
1723, 12, 80, Status.SNAKE, 0.01
1724, 9, 74, Status.SNAKE, 0.01
1725, 18, 130, Status.SNAKE, 0.01
1726, 4, 24, Status.WALL, 0.01
1727, 11, 73, Status.SNAKE, 0.01
1728, 20, 148, Status.SNAKE, 0.01
1729, 15, 91, Status.SNAKE, 0.01
1730, 6, 45, Status.WALL, 0.01
1731, 3, 26, Status.SNAKE, 0.01
1732, 8, 37, Status.SNAKE, 0.01
1733, 4, 21, Status.SNAKE, 0.01
1734, 10, 65, Status.SNAKE, 0.01
1735, 10, 60, Status.SNAKE, 0.01
1736, 2, 19, Status.WALL, 0.01
1737, 15, 104, Status.SNAKE, 0.01
1738, 5, 40, Status.SNAKE, 0.01
1739, 8, 53, Status.SNAKE, 0.01
1740, 8, 57, Status.WALL, 0.01
1741, 2, 7, Status.WALL, 0.01
1742, 12, 62, Status.SNAKE, 0.01
1743, 14, 98, Status.SNAKE, 0.01
1744, 3, 28, Status.SNAKE, 0.01
1745, 9, 57, Status.SNAKE, 0.01
1746, 8, 53, Status.SNAKE, 0.01
1747, 7, 35, Status.SNAKE, 0.01
1748, 5, 22, Status.SNAKE, 0.01
1749, 19, 150, Status.SNAKE, 0.01
1750, 8, 44, Status.SNAKE, 0.01
1751, 7, 48, Status.SNAKE, 0.01
1752, 8, 47, Status.WALL, 0.01
1753, 14, 89, Status.SNAKE, 0.01
1754, 4, 27, Status.SNAKE, 0.01
1755, 10, 67, Status.SNAKE, 0.01
1756, 10, 78, Status.SNAKE, 0.01
1757, 9, 53, Status.SNAKE, 0.01
1758, 14, 88, Status.SNAKE, 0.01
1759, 4, 18, Status.SNAKE, 0.01
1760, 8, 50, Status.SNAKE, 0.01
1761, 3, 19, Status.SNAKE, 0.01
1762, 1, 5, Status.SNAKE, 0.01
1763, 5, 23, Status.SNAKE, 0.01
1764, 3, 9, Status.SNAKE, 0.01
1765, 11, 60, Status.SNAKE, 0.01
1766, 10, 63, Status.SNAKE, 0.01
1767, 7, 60, Status.SNAKE, 0.01
1768, 7, 43, Status.SNAKE, 0.01
1769, 10, 95, Status.SNAKE, 0.01
1770, 12, 82, Status.SNAKE, 0.01
1771, 6, 40, Status.SNAKE, 0.01
1772, 13, 105, Status.SNAKE, 0.01
1773, 9, 46, Status.SNAKE, 0.01
1774, 4, 24, Status.WALL, 0.01
1775, 10, 57, Status.SNAKE, 0.01
1776, 18, 129, Status.SNAKE, 0.01
1777, 14, 100, Status.SNAKE, 0.01
1778, 11, 77, Status.SNAKE, 0.01
1779, 4, 36, Status.WALL, 0.01
1780, 7, 58, Status.SNAKE, 0.01
1781, 9, 60, Status.SNAKE, 0.01
1782, 3, 25, Status.SNAKE, 0.01
1783, 7, 29, Status.SNAKE, 0.01
1784, 19, 137, Status.SNAKE, 0.01
1785, 1, 3, Status.SNAKE, 0.01
1786, 17, 109, Status.SNAKE, 0.01
1787, 15, 102, Status.SNAKE, 0.01
1788, 4, 23, Status.SNAKE, 0.01
1789, 6, 28, Status.SNAKE, 0.01
1790, 2, 12, Status.SNAKE, 0.01
1791, 10, 74, Status.SNAKE, 0.01
1792, 5, 44, Status.WALL, 0.01
1793, 18, 120, Status.SNAKE, 0.01
1794, 12, 58, Status.SNAKE, 0.01
1795, 13, 98, Status.SNAKE, 0.01
1796, 7, 61, Status.SNAKE, 0.01
1797, 5, 37, Status.SNAKE, 0.01
1798, 3, 11, Status.WALL, 0.01
1799, 11, 93, Status.SNAKE, 0.01
1800, 10, 65, Status.SNAKE, 0.01
1801, 7, 40, Status.SNAKE, 0.01
1802, 6, 46, Status.WALL, 0.01
1803, 1, 5, Status.SNAKE, 0.01
1804, 3, 24, Status.WALL, 0.01
1805, 5, 30, Status.SNAKE, 0.01
1806, 16, 118, Status.WALL, 0.01
1807, 10, 51, Status.SNAKE, 0.01
1808, 8, 59, Status.SNAKE, 0.01
1809, 8, 64, Status.SNAKE, 0.01
1810, 6, 52, Status.SNAKE, 0.01
1811, 13, 94, Status.SNAKE, 0.01
1812, 9, 50, Status.SNAKE, 0.01
1813, 5, 24, Status.SNAKE, 0.01
1814, 9, 46, Status.SNAKE, 0.01
1815, 9, 50, Status.SNAKE, 0.01
1816, 11, 85, Status.SNAKE, 0.01
1817, 15, 102, Status.SNAKE, 0.01
1818, 15, 92, Status.SNAKE, 0.01
1819, 4, 11, Status.SNAKE, 0.01
1820, 12, 113, Status.SNAKE, 0.01
1821, 2, 10, Status.SNAKE, 0.01
1822, 1, 3, Status.SNAKE, 0.01
1823, 8, 56, Status.SNAKE, 0.01
1824, 11, 85, Status.SNAKE, 0.01
1825, 10, 67, Status.SNAKE, 0.01
1826, 12, 96, Status.SNAKE, 0.01
1827, 7, 52, Status.SNAKE, 0.01
1828, 9, 48, Status.SNAKE, 0.01
1829, 3, 14, Status.SNAKE, 0.01
1830, 13, 58, Status.WALL, 0.01
1831, 5, 25, Status.WALL, 0.01
1832, 11, 62, Status.SNAKE, 0.01
1833, 4, 28, Status.SNAKE, 0.01
1834, 13, 71, Status.WALL, 0.01
1835, 1, 7, Status.SNAKE, 0.01
1836, 10, 73, Status.SNAKE, 0.01
1837, 2, 14, Status.SNAKE, 0.01
1838, 8, 55, Status.SNAKE, 0.01
1839, 9, 68, Status.SNAKE, 0.01
1840, 4, 20, Status.SNAKE, 0.01
1841, 8, 49, Status.SNAKE, 0.01
1842, 10, 83, Status.SNAKE, 0.01
1843, 7, 35, Status.SNAKE, 0.01
1844, 16, 90, Status.SNAKE, 0.01
1845, 5, 39, Status.SNAKE, 0.01
1846, 12, 81, Status.SNAKE, 0.01
1847, 9, 65, Status.SNAKE, 0.01
1848, 13, 97, Status.SNAKE, 0.01
1849, 12, 95, Status.SNAKE, 0.01
1850, 8, 41, Status.SNAKE, 0.01
1851, 4, 13, Status.WALL, 0.01
1852, 11, 78, Status.SNAKE, 0.01
1853, 1, 10, Status.WALL, 0.01
1854, 11, 79, Status.SNAKE, 0.01
1855, 16, 125, Status.SNAKE, 0.01
1856, 0, 4, Status.WALL, 0.01
1857, 3, 15, Status.SNAKE, 0.01
1858, 4, 26, Status.SNAKE, 0.01
1859, 2, 14, Status.SNAKE, 0.01
1860, 6, 58, Status.SNAKE, 0.01
1861, 13, 79, Status.SNAKE, 0.01
1862, 2, 13, Status.SNAKE, 0.01
1863, 5, 34, Status.WALL, 0.01
1864, 11, 59, Status.SNAKE, 0.01
1865, 4, 20, Status.SNAKE, 0.01
1866, 11, 86, Status.SNAKE, 0.01
1867, 6, 33, Status.SNAKE, 0.01
1868, 1, 8, Status.SNAKE, 0.01
1869, 12, 99, Status.SNAKE, 0.01
1870, 18, 135, Status.SNAKE, 0.01
1871, 5, 36, Status.SNAKE, 0.01
1872, 9, 58, Status.SNAKE, 0.01
1873, 8, 50, Status.SNAKE, 0.01
1874, 7, 56, Status.WALL, 0.01
1875, 13, 97, Status.SNAKE, 0.01
1876, 3, 32, Status.WALL, 0.01
1877, 10, 66, Status.SNAKE, 0.01
1878, 10, 54, Status.SNAKE, 0.01
1879, 8, 47, Status.WALL, 0.01
1880, 4, 24, Status.SNAKE, 0.01
1881, 6, 33, Status.SNAKE, 0.01
1882, 7, 56, Status.SNAKE, 0.01
1883, 12, 92, Status.WALL, 0.01
1884, 13, 97, Status.SNAKE, 0.01
1885, 5, 37, Status.SNAKE, 0.01
1886, 8, 67, Status.WALL, 0.01
1887, 15, 114, Status.SNAKE, 0.01
1888, 8, 36, Status.SNAKE, 0.01
1889, 2, 14, Status.SNAKE, 0.01
1890, 24, 139, Status.SNAKE, 0.01
1891, 7, 39, Status.SNAKE, 0.01
1892, 1, 8, Status.WALL, 0.01
1893, 5, 24, Status.WALL, 0.01
1894, 1, 10, Status.WALL, 0.01
1895, 2, 7, Status.SNAKE, 0.01
1896, 8, 46, Status.SNAKE, 0.01
1897, 1, 3, Status.SNAKE, 0.01
1898, 11, 70, Status.SNAKE, 0.01
1899, 14, 92, Status.SNAKE, 0.01
1900, 7, 39, Status.SNAKE, 0.01
1901, 10, 57, Status.WALL, 0.01
1902, 10, 100, Status.WALL, 0.01
1903, 1, 5, Status.SNAKE, 0.01
1904, 0, 6, Status.WALL, 0.01
1905, 7, 56, Status.SNAKE, 0.01
1906, 3, 18, Status.SNAKE, 0.01
1907, 12, 77, Status.WALL, 0.01
1908, 15, 95, Status.SNAKE, 0.01
1909, 1, 3, Status.SNAKE, 0.01
1910, 4, 24, Status.SNAKE, 0.01
1911, 18, 113, Status.SNAKE, 0.01
1912, 8, 62, Status.SNAKE, 0.01
1913, 4, 15, Status.SNAKE, 0.01
1914, 4, 29, Status.SNAKE, 0.01
1915, 7, 42, Status.SNAKE, 0.01
1916, 5, 32, Status.SNAKE, 0.01
1917, 11, 82, Status.SNAKE, 0.01
1918, 5, 35, Status.SNAKE, 0.01
1919, 2, 12, Status.WALL, 0.01
1920, 9, 49, Status.SNAKE, 0.01
1921, 2, 14, Status.SNAKE, 0.01
1922, 2, 18, Status.SNAKE, 0.01
1923, 1, 6, Status.SNAKE, 0.01
1924, 6, 69, Status.WALL, 0.01
1925, 16, 99, Status.SNAKE, 0.01
1926, 5, 13, Status.SNAKE, 0.01
1927, 6, 49, Status.SNAKE, 0.01
1928, 8, 32, Status.WALL, 0.01
1929, 14, 106, Status.SNAKE, 0.01
1930, 9, 62, Status.SNAKE, 0.01
1931, 7, 32, Status.WALL, 0.01
1932, 9, 71, Status.SNAKE, 0.01
1933, 13, 83, Status.SNAKE, 0.01
1934, 4, 30, Status.SNAKE, 0.01
1935, 13, 96, Status.SNAKE, 0.01
1936, 18, 137, Status.WALL, 0.01
1937, 3, 26, Status.SNAKE, 0.01
1938, 12, 85, Status.SNAKE, 0.01
1939, 8, 63, Status.WALL, 0.01
1940, 3, 18, Status.SNAKE, 0.01
1941, 7, 46, Status.SNAKE, 0.01
1942, 8, 66, Status.SNAKE, 0.01
1943, 13, 102, Status.WALL, 0.01
1944, 1, 5, Status.WALL, 0.01
1945, 14, 83, Status.SNAKE, 0.01
1946, 9, 51, Status.SNAKE, 0.01
1947, 10, 58, Status.SNAKE, 0.01
1948, 11, 68, Status.SNAKE, 0.01
1949, 5, 41, Status.SNAKE, 0.01
1950, 7, 54, Status.SNAKE, 0.01
1951, 14, 93, Status.WALL, 0.01
1952, 14, 88, Status.SNAKE, 0.01
1953, 3, 29, Status.SNAKE, 0.01
1954, 5, 34, Status.SNAKE, 0.01
1955, 3, 22, Status.SNAKE, 0.01
1956, 16, 101, Status.SNAKE, 0.01
1957, 12, 75, Status.SNAKE, 0.01
1958, 2, 7, Status.SNAKE, 0.01
1959, 18, 108, Status.SNAKE, 0.01
1960, 12, 87, Status.SNAKE, 0.01
1961, 10, 77, Status.SNAKE, 0.01
1962, 8, 55, Status.SNAKE, 0.01
1963, 11, 64, Status.SNAKE, 0.01
1964, 13, 81, Status.SNAKE, 0.01
1965, 8, 59, Status.SNAKE, 0.01
1966, 5, 30, Status.SNAKE, 0.01
1967, 10, 81, Status.SNAKE, 0.01
1968, 9, 82, Status.SNAKE, 0.01
1969, 3, 18, Status.SNAKE, 0.01
1970, 12, 82, Status.SNAKE, 0.01
1971, 8, 56, Status.SNAKE, 0.01
1972, 11, 66, Status.SNAKE, 0.01
1973, 4, 25, Status.SNAKE, 0.01
1974, 7, 38, Status.SNAKE, 0.01
1975, 8, 78, Status.SNAKE, 0.01
1976, 8, 61, Status.WALL, 0.01
1977, 6, 33, Status.WALL, 0.01
1978, 8, 65, Status.WALL, 0.01
1979, 1, 5, Status.SNAKE, 0.01
1980, 3, 19, Status.SNAKE, 0.01
1981, 2, 7, Status.SNAKE, 0.01
1982, 12, 84, Status.SNAKE, 0.01
1983, 7, 62, Status.SNAKE, 0.01
1984, 9, 56, Status.SNAKE, 0.01
1985, 8, 81, Status.WALL, 0.01
1986, 6, 51, Status.SNAKE, 0.01
1987, 15, 108, Status.SNAKE, 0.01
1988, 8, 55, Status.SNAKE, 0.01
1989, 8, 52, Status.SNAKE, 0.01
1990, 3, 24, Status.SNAKE, 0.01
1991, 9, 55, Status.SNAKE, 0.01
1992, 13, 93, Status.SNAKE, 0.01
1993, 8, 61, Status.SNAKE, 0.01
1994, 7, 51, Status.SNAKE, 0.01
1995, 14, 92, Status.SNAKE, 0.01
1996, 6, 26, Status.SNAKE, 0.01
1997, 8, 60, Status.SNAKE, 0.01
1998, 6, 40, Status.SNAKE, 0.01
1999, 3, 28, Status.SNAKE, 0.01
2000, 9, 47, Status.WALL, 0.01
2001, 19, 109, Status.SNAKE, 0.01
2002, 8, 47, Status.WALL, 0.01
2003, 8, 55, Status.SNAKE, 0.01
2004, 10, 52, Status.SNAKE, 0.01
2005, 19, 123, Status.SNAKE, 0.01
2006, 13, 97, Status.SNAKE, 0.01
2007, 3, 18, Status.SNAKE, 0.01
2008, 8, 48, Status.SNAKE, 0.01
2009, 14, 104, Status.SNAKE, 0.01
2010, 9, 43, Status.SNAKE, 0.01
2011, 7, 59, Status.SNAKE, 0.01
2012, 10, 65, Status.SNAKE, 0.01
2013, 9, 74, Status.SNAKE, 0.01
2014, 13, 109, Status.SNAKE, 0.01
2015, 1, 8, Status.WALL, 0.01
2016, 6, 39, Status.SNAKE, 0.01
2017, 5, 25, Status.SNAKE, 0.01
2018, 8, 35, Status.SNAKE, 0.01
2019, 5, 45, Status.WALL, 0.01
2020, 2, 10, Status.SNAKE, 0.01
2021, 14, 89, Status.SNAKE, 0.01
2022, 1, 6, Status.WALL, 0.01
2023, 13, 86, Status.SNAKE, 0.01
2024, 2, 21, Status.WALL, 0.01
2025, 13, 84, Status.SNAKE, 0.01
2026, 3, 14, Status.SNAKE, 0.01
2027, 17, 109, Status.SNAKE, 0.01
2028, 4, 49, Status.WALL, 0.01
2029, 2, 11, Status.SNAKE, 0.01
2030, 3, 13, Status.SNAKE, 0.01
2031, 15, 115, Status.SNAKE, 0.01
2032, 7, 40, Status.SNAKE, 0.01
2033, 4, 32, Status.SNAKE, 0.01
2034, 10, 54, Status.WALL, 0.01
2035, 3, 9, Status.SNAKE, 0.01
2036, 8, 47, Status.SNAKE, 0.01
2037, 5, 20, Status.SNAKE, 0.01
2038, 24, 135, Status.SNAKE, 0.01
2039, 14, 103, Status.SNAKE, 0.01
2040, 15, 98, Status.SNAKE, 0.01
2041, 9, 52, Status.SNAKE, 0.01
2042, 11, 96, Status.SNAKE, 0.01
2043, 7, 68, Status.SNAKE, 0.01
2044, 4, 23, Status.SNAKE, 0.01
2045, 10, 78, Status.SNAKE, 0.01
2046, 5, 56, Status.SNAKE, 0.01
2047, 15, 88, Status.SNAKE, 0.01
2048, 10, 69, Status.SNAKE, 0.01
2049, 1, 3, Status.SNAKE, 0.01
2050, 4, 26, Status.SNAKE, 0.01
2051, 5, 36, Status.SNAKE, 0.01
2052, 6, 24, Status.SNAKE, 0.01
2053, 6, 40, Status.WALL, 0.01
2054, 5, 24, Status.SNAKE, 0.01
2055, 10, 53, Status.SNAKE, 0.01
2056, 7, 46, Status.SNAKE, 0.01
2057, 9, 64, Status.SNAKE, 0.01
2058, 6, 42, Status.SNAKE, 0.01
2059, 13, 100, Status.SNAKE, 0.01
2060, 14, 109, Status.SNAKE, 0.01
2061, 4, 44, Status.SNAKE, 0.01
2062, 14, 87, Status.SNAKE, 0.01
2063, 6, 55, Status.SNAKE, 0.01
2064, 8, 74, Status.SNAKE, 0.01
2065, 6, 45, Status.SNAKE, 0.01
2066, 1, 7, Status.SNAKE, 0.01
2067, 13, 98, Status.SNAKE, 0.01
2068, 10, 65, Status.SNAKE, 0.01
2069, 9, 76, Status.SNAKE, 0.01
2070, 6, 46, Status.SNAKE, 0.01
2071, 4, 29, Status.WALL, 0.01
2072, 3, 13, Status.SNAKE, 0.01
2073, 10, 61, Status.SNAKE, 0.01
2074, 6, 35, Status.SNAKE, 0.01
2075, 1, 8, Status.SNAKE, 0.01
2076, 7, 55, Status.SNAKE, 0.01
2077, 10, 50, Status.SNAKE, 0.01
2078, 8, 53, Status.SNAKE, 0.01
2079, 8, 45, Status.WALL, 0.01
2080, 17, 104, Status.SNAKE, 0.01
2081, 2, 25, Status.WALL, 0.01
2082, 2, 12, Status.SNAKE, 0.01
2083, 13, 90, Status.SNAKE, 0.01
2084, 4, 28, Status.SNAKE, 0.01
2085, 7, 37, Status.WALL, 0.01
2086, 10, 64, Status.SNAKE, 0.01
2087, 5, 39, Status.SNAKE, 0.01
2088, 5, 30, Status.WALL, 0.01
2089, 1, 6, Status.SNAKE, 0.01
2090, 2, 8, Status.SNAKE, 0.01
2091, 13, 104, Status.SNAKE, 0.01
2092, 5, 22, Status.SNAKE, 0.01
2093, 5, 29, Status.WALL, 0.01
2094, 17, 131, Status.SNAKE, 0.01
2095, 16, 86, Status.SNAKE, 0.01
2096, 17, 127, Status.SNAKE, 0.01
2097, 8, 59, Status.SNAKE, 0.01
2098, 8, 62, Status.SNAKE, 0.01
2099, 15, 115, Status.SNAKE, 0.01
2100, 5, 37, Status.WALL, 0.01
2101, 14, 118, Status.WALL, 0.01
2102, 17, 113, Status.SNAKE, 0.01
2103, 8, 46, Status.SNAKE, 0.01
2104, 16, 104, Status.SNAKE, 0.01
2105, 16, 105, Status.SNAKE, 0.01
2106, 5, 64, Status.SNAKE, 0.01
2107, 29, 222, Status.SNAKE, 0.01
2108, 1, 8, Status.SNAKE, 0.01
2109, 7, 41, Status.SNAKE, 0.01
2110, 12, 87, Status.SNAKE, 0.01
2111, 13, 91, Status.SNAKE, 0.01
2112, 4, 36, Status.SNAKE, 0.01
2113, 11, 58, Status.SNAKE, 0.01
2114, 5, 22, Status.SNAKE, 0.01
2115, 3, 27, Status.WALL, 0.01
2116, 5, 39, Status.SNAKE, 0.01
2117, 19, 156, Status.SNAKE, 0.01
2118, 10, 66, Status.WALL, 0.01
2119, 4, 20, Status.SNAKE, 0.01
2120, 6, 44, Status.SNAKE, 0.01
2121, 3, 14, Status.SNAKE, 0.01
2122, 13, 112, Status.WALL, 0.01
2123, 10, 77, Status.SNAKE, 0.01
2124, 7, 52, Status.SNAKE, 0.01
2125, 5, 28, Status.WALL, 0.01
2126, 2, 19, Status.SNAKE, 0.01
2127, 1, 5, Status.SNAKE, 0.01
2128, 9, 74, Status.SNAKE, 0.01
2129, 5, 33, Status.WALL, 0.01
2130, 10, 51, Status.SNAKE, 0.01
2131, 19, 150, Status.SNAKE, 0.01
2132, 3, 23, Status.SNAKE, 0.01
2133, 6, 38, Status.SNAKE, 0.01
2134, 9, 75, Status.SNAKE, 0.01
2135, 7, 58, Status.SNAKE, 0.01
2136, 2, 11, Status.SNAKE, 0.01
2137, 7, 38, Status.SNAKE, 0.01
2138, 9, 41, Status.SNAKE, 0.01
2139, 4, 17, Status.SNAKE, 0.01
2140, 13, 93, Status.SNAKE, 0.01
2141, 12, 71, Status.SNAKE, 0.01
2142, 15, 150, Status.SNAKE, 0.01
2143, 4, 20, Status.SNAKE, 0.01
2144, 8, 56, Status.SNAKE, 0.01
2145, 7, 57, Status.SNAKE, 0.01
2146, 2, 14, Status.SNAKE, 0.01
2147, 11, 71, Status.SNAKE, 0.01
2148, 9, 57, Status.SNAKE, 0.01
2149, 5, 36, Status.WALL, 0.01
2150, 11, 98, Status.SNAKE, 0.01
2151, 14, 122, Status.SNAKE, 0.01
2152, 1, 8, Status.SNAKE, 0.01
2153, 4, 28, Status.SNAKE, 0.01
2154, 10, 63, Status.WALL, 0.01
2155, 9, 72, Status.SNAKE, 0.01
2156, 11, 66, Status.SNAKE, 0.01
2157, 8, 54, Status.SNAKE, 0.01
2158, 4, 19, Status.SNAKE, 0.01
2159, 20, 151, Status.SNAKE, 0.01
2160, 6, 38, Status.SNAKE, 0.01
2161, 4, 29, Status.SNAKE, 0.01
2162, 13, 76, Status.SNAKE, 0.01
2163, 6, 64, Status.WALL, 0.01
2164, 18, 125, Status.SNAKE, 0.01
2165, 3, 22, Status.WALL, 0.01
2166, 3, 16, Status.SNAKE, 0.01
2167, 11, 76, Status.SNAKE, 0.01
2168, 11, 76, Status.SNAKE, 0.01
2169, 8, 60, Status.SNAKE, 0.01
2170, 14, 107, Status.SNAKE, 0.01
2171, 9, 77, Status.SNAKE, 0.01
2172, 3, 16, Status.SNAKE, 0.01
2173, 1, 5, Status.SNAKE, 0.01
2174, 4, 21, Status.SNAKE, 0.01
2175, 5, 32, Status.SNAKE, 0.01
2176, 15, 111, Status.SNAKE, 0.01
2177, 12, 91, Status.SNAKE, 0.01
2178, 1, 8, Status.SNAKE, 0.01
2179, 13, 106, Status.WALL, 0.01
2180, 12, 102, Status.WALL, 0.01
2181, 11, 76, Status.SNAKE, 0.01
2182, 3, 12, Status.WALL, 0.01
2183, 8, 58, Status.WALL, 0.01
2184, 6, 59, Status.SNAKE, 0.01
2185, 6, 45, Status.WALL, 0.01
2186, 11, 91, Status.SNAKE, 0.01
2187, 8, 54, Status.SNAKE, 0.01
2188, 16, 110, Status.WALL, 0.01
2189, 9, 54, Status.SNAKE, 0.01
2190, 7, 28, Status.SNAKE, 0.01
2191, 1, 5, Status.SNAKE, 0.01
2192, 10, 106, Status.SNAKE, 0.01
2193, 9, 67, Status.SNAKE, 0.01
2194, 11, 104, Status.SNAKE, 0.01
2195, 12, 95, Status.SNAKE, 0.01
2196, 10, 67, Status.SNAKE, 0.01
2197, 2, 8, Status.WALL, 0.01
2198, 15, 100, Status.SNAKE, 0.01
2199, 3, 18, Status.SNAKE, 0.01
2200, 9, 57, Status.SNAKE, 0.01
2201, 4, 18, Status.SNAKE, 0.01
2202, 7, 49, Status.SNAKE, 0.01
2203, 6, 48, Status.SNAKE, 0.01
2204, 2, 18, Status.SNAKE, 0.01
2205, 15, 105, Status.SNAKE, 0.01
2206, 6, 61, Status.SNAKE, 0.01
2207, 11, 75, Status.SNAKE, 0.01
2208, 7, 45, Status.SNAKE, 0.01
2209, 11, 69, Status.SNAKE, 0.01
2210, 7, 44, Status.SNAKE, 0.01
2211, 13, 96, Status.SNAKE, 0.01
2212, 14, 111, Status.SNAKE, 0.01
2213, 18, 116, Status.SNAKE, 0.01
2214, 13, 96, Status.SNAKE, 0.01
2215, 13, 103, Status.SNAKE, 0.01
2216, 12, 62, Status.SNAKE, 0.01
2217, 12, 56, Status.SNAKE, 0.01
2218, 10, 52, Status.SNAKE, 0.01
2219, 5, 28, Status.SNAKE, 0.01
2220, 15, 92, Status.SNAKE, 0.01
2221, 10, 62, Status.SNAKE, 0.01
2222, 7, 44, Status.WALL, 0.01
2223, 6, 35, Status.SNAKE, 0.01
2224, 8, 46, Status.SNAKE, 0.01
2225, 8, 63, Status.SNAKE, 0.01
2226, 14, 120, Status.SNAKE, 0.01
2227, 12, 58, Status.SNAKE, 0.01
2228, 5, 39, Status.SNAKE, 0.01
2229, 15, 89, Status.SNAKE, 0.01
2230, 10, 76, Status.SNAKE, 0.01
2231, 7, 36, Status.SNAKE, 0.01
2232, 2, 13, Status.SNAKE, 0.01
2233, 10, 66, Status.SNAKE, 0.01
2234, 6, 35, Status.SNAKE, 0.01
2235, 3, 29, Status.WALL, 0.01
2236, 2, 15, Status.WALL, 0.01
2237, 6, 45, Status.SNAKE, 0.01
2238, 6, 44, Status.SNAKE, 0.01
2239, 5, 28, Status.SNAKE, 0.01
2240, 7, 55, Status.SNAKE, 0.01
2241, 1, 5, Status.SNAKE, 0.01
2242, 12, 71, Status.SNAKE, 0.01
2243, 3, 13, Status.SNAKE, 0.01
2244, 10, 91, Status.SNAKE, 0.01
2245, 1, 10, Status.SNAKE, 0.01
2246, 4, 23, Status.SNAKE, 0.01
2247, 11, 78, Status.SNAKE, 0.01
2248, 11, 69, Status.SNAKE, 0.01
2249, 16, 105, Status.SNAKE, 0.01
2250, 7, 45, Status.SNAKE, 0.01
2251, 9, 60, Status.SNAKE, 0.01
2252, 4, 24, Status.SNAKE, 0.01
2253, 16, 87, Status.SNAKE, 0.01
2254, 15, 95, Status.SNAKE, 0.01
2255, 2, 13, Status.SNAKE, 0.01
2256, 12, 99, Status.SNAKE, 0.01
2257, 11, 100, Status.SNAKE, 0.01
2258, 9, 51, Status.SNAKE, 0.01
2259, 10, 72, Status.SNAKE, 0.01
2260, 13, 104, Status.SNAKE, 0.01
2261, 4, 22, Status.WALL, 0.01
2262, 10, 66, Status.SNAKE, 0.01
2263, 10, 97, Status.SNAKE, 0.01
2264, 14, 78, Status.WALL, 0.01
2265, 6, 24, Status.WALL, 0.01
2266, 5, 34, Status.SNAKE, 0.01
2267, 17, 107, Status.SNAKE, 0.01
2268, 3, 19, Status.SNAKE, 0.01
2269, 2, 23, Status.SNAKE, 0.01
2270, 7, 38, Status.SNAKE, 0.01
2271, 10, 89, Status.WALL, 0.01
2272, 7, 48, Status.SNAKE, 0.01
2273, 5, 23, Status.SNAKE, 0.01
2274, 8, 60, Status.SNAKE, 0.01
2275, 4, 28, Status.SNAKE, 0.01
2276, 9, 58, Status.SNAKE, 0.01
2277, 16, 133, Status.SNAKE, 0.01
2278, 7, 52, Status.SNAKE, 0.01
2279, 17, 119, Status.SNAKE, 0.01
2280, 3, 14, Status.SNAKE, 0.01
2281, 8, 54, Status.SNAKE, 0.01
2282, 1, 3, Status.SNAKE, 0.01
2283, 16, 98, Status.SNAKE, 0.01
2284, 3, 12, Status.SNAKE, 0.01
2285, 12, 75, Status.SNAKE, 0.01
2286, 14, 83, Status.SNAKE, 0.01
2287, 3, 22, Status.SNAKE, 0.01
2288, 5, 37, Status.SNAKE, 0.01
2289, 9, 70, Status.SNAKE, 0.01
2290, 14, 104, Status.SNAKE, 0.01
2291, 8, 56, Status.SNAKE, 0.01
2292, 9, 52, Status.SNAKE, 0.01
2293, 7, 50, Status.WALL, 0.01
2294, 6, 41, Status.SNAKE, 0.01
2295, 9, 58, Status.SNAKE, 0.01
2296, 5, 35, Status.SNAKE, 0.01
2297, 6, 27, Status.SNAKE, 0.01
2298, 6, 25, Status.SNAKE, 0.01
2299, 5, 26, Status.SNAKE, 0.01
2300, 2, 17, Status.SNAKE, 0.01
2301, 1, 8, Status.SNAKE, 0.01
2302, 8, 65, Status.SNAKE, 0.01
2303, 20, 130, Status.WALL, 0.01
2304, 9, 44, Status.SNAKE, 0.01
2305, 8, 76, Status.WALL, 0.01
2306, 9, 49, Status.WALL, 0.01
2307, 8, 43, Status.SNAKE, 0.01
2308, 2, 7, Status.SNAKE, 0.01
2309, 4, 19, Status.SNAKE, 0.01
2310, 2, 21, Status.SNAKE, 0.01
2311, 10, 62, Status.SNAKE, 0.01
2312, 5, 25, Status.SNAKE, 0.01
2313, 19, 140, Status.SNAKE, 0.01
2314, 2, 12, Status.WALL, 0.01
2315, 4, 24, Status.WALL, 0.01
2316, 6, 46, Status.WALL, 0.01
2317, 10, 65, Status.SNAKE, 0.01
2318, 8, 59, Status.SNAKE, 0.01
2319, 8, 30, Status.SNAKE, 0.01
2320, 3, 21, Status.SNAKE, 0.01
2321, 1, 5, Status.SNAKE, 0.01
2322, 7, 36, Status.SNAKE, 0.01
2323, 15, 112, Status.SNAKE, 0.01
2324, 9, 38, Status.SNAKE, 0.01
2325, 6, 63, Status.WALL, 0.01
2326, 1, 11, Status.WALL, 0.01
2327, 11, 72, Status.SNAKE, 0.01
2328, 12, 95, Status.SNAKE, 0.01
2329, 7, 41, Status.SNAKE, 0.01
2330, 12, 49, Status.SNAKE, 0.01
2331, 5, 49, Status.WALL, 0.01
2332, 15, 91, Status.SNAKE, 0.01
2333, 13, 96, Status.SNAKE, 0.01
2334, 9, 61, Status.SNAKE, 0.01
2335, 5, 44, Status.SNAKE, 0.01
2336, 11, 99, Status.SNAKE, 0.01
2337, 12, 104, Status.SNAKE, 0.01
2338, 16, 124, Status.SNAKE, 0.01
2339, 7, 47, Status.SNAKE, 0.01
2340, 9, 58, Status.SNAKE, 0.01
2341, 11, 79, Status.SNAKE, 0.01
2342, 5, 30, Status.WALL, 0.01
2343, 3, 27, Status.SNAKE, 0.01
2344, 12, 71, Status.SNAKE, 0.01
2345, 5, 29, Status.SNAKE, 0.01
2346, 7, 41, Status.SNAKE, 0.01
2347, 16, 116, Status.SNAKE, 0.01
2348, 6, 34, Status.WALL, 0.01
2349, 14, 94, Status.WALL, 0.01
2350, 8, 38, Status.SNAKE, 0.01
2351, 6, 45, Status.SNAKE, 0.01
2352, 7, 58, Status.SNAKE, 0.01
2353, 8, 60, Status.WALL, 0.01
2354, 10, 70, Status.SNAKE, 0.01
2355, 16, 122, Status.SNAKE, 0.01
2356, 8, 56, Status.SNAKE, 0.01
2357, 2, 11, Status.WALL, 0.01
2358, 5, 36, Status.SNAKE, 0.01
2359, 1, 11, Status.WALL, 0.01
2360, 19, 124, Status.SNAKE, 0.01
2361, 13, 81, Status.SNAKE, 0.01
2362, 11, 88, Status.SNAKE, 0.01
2363, 4, 30, Status.WALL, 0.01
2364, 6, 39, Status.SNAKE, 0.01
2365, 4, 28, Status.SNAKE, 0.01
2366, 9, 51, Status.SNAKE, 0.01
2367, 3, 26, Status.WALL, 0.01
2368, 8, 53, Status.SNAKE, 0.01
2369, 12, 81, Status.WALL, 0.01
2370, 4, 30, Status.SNAKE, 0.01
2371, 11, 93, Status.SNAKE, 0.01
2372, 23, 153, Status.SNAKE, 0.01
2373, 1, 8, Status.SNAKE, 0.01
2374, 14, 70, Status.SNAKE, 0.01
2375, 9, 59, Status.SNAKE, 0.01
2376, 5, 36, Status.SNAKE, 0.01
2377, 15, 91, Status.SNAKE, 0.01
2378, 6, 34, Status.SNAKE, 0.01
2379, 1, 3, Status.SNAKE, 0.01
2380, 7, 49, Status.SNAKE, 0.01
2381, 4, 21, Status.SNAKE, 0.01
2382, 7, 48, Status.SNAKE, 0.01
2383, 11, 81, Status.SNAKE, 0.01
2384, 1, 5, Status.SNAKE, 0.01
2385, 6, 20, Status.SNAKE, 0.01
2386, 10, 76, Status.SNAKE, 0.01
2387, 6, 49, Status.SNAKE, 0.01
2388, 8, 46, Status.SNAKE, 0.01
2389, 9, 69, Status.SNAKE, 0.01
2390, 15, 99, Status.SNAKE, 0.01
2391, 13, 67, Status.SNAKE, 0.01
2392, 3, 23, Status.SNAKE, 0.01
2393, 14, 123, Status.SNAKE, 0.01
2394, 1, 10, Status.WALL, 0.01
2395, 3, 22, Status.SNAKE, 0.01
2396, 3, 23, Status.SNAKE, 0.01
2397, 6, 42, Status.SNAKE, 0.01
2398, 5, 34, Status.SNAKE, 0.01
2399, 3, 18, Status.SNAKE, 0.01
2400, 8, 52, Status.SNAKE, 0.01
2401, 5, 26, Status.SNAKE, 0.01
2402, 1, 5, Status.SNAKE, 0.01
2403, 5, 44, Status.SNAKE, 0.01
2404, 2, 10, Status.SNAKE, 0.01
2405, 7, 40, Status.SNAKE, 0.01
2406, 5, 22, Status.SNAKE, 0.01
2407, 10, 61, Status.SNAKE, 0.01
2408, 10, 69, Status.SNAKE, 0.01
2409, 6, 45, Status.SNAKE, 0.01
2410, 6, 30, Status.SNAKE, 0.01
2411, 14, 69, Status.SNAKE, 0.01
2412, 4, 29, Status.WALL, 0.01
2413, 0, 6, Status.WALL, 0.01
2414, 12, 90, Status.SNAKE, 0.01
2415, 15, 104, Status.WALL, 0.01
2416, 9, 53, Status.WALL, 0.01
2417, 5, 21, Status.SNAKE, 0.01
2418, 11, 127, Status.SNAKE, 0.01
2419, 9, 67, Status.WALL, 0.01
2420, 9, 64, Status.SNAKE, 0.01
2421, 4, 19, Status.SNAKE, 0.01
2422, 20, 143, Status.SNAKE, 0.01
2423, 8, 57, Status.SNAKE, 0.01
2424, 16, 119, Status.SNAKE, 0.01
2425, 9, 57, Status.SNAKE, 0.01
2426, 9, 72, Status.WALL, 0.01
2427, 11, 68, Status.SNAKE, 0.01
2428, 7, 54, Status.WALL, 0.01
2429, 8, 48, Status.SNAKE, 0.01
2430, 6, 41, Status.SNAKE, 0.01
2431, 13, 77, Status.SNAKE, 0.01
2432, 7, 68, Status.WALL, 0.01
2433, 7, 42, Status.SNAKE, 0.01
2434, 15, 98, Status.WALL, 0.01
2435, 20, 144, Status.SNAKE, 0.01
2436, 5, 34, Status.SNAKE, 0.01
2437, 2, 16, Status.SNAKE, 0.01
2438, 11, 70, Status.SNAKE, 0.01
2439, 13, 82, Status.SNAKE, 0.01
2440, 14, 125, Status.SNAKE, 0.01
2441, 11, 78, Status.SNAKE, 0.01
2442, 4, 37, Status.SNAKE, 0.01
2443, 16, 97, Status.SNAKE, 0.01
2444, 1, 3, Status.SNAKE, 0.01
2445, 4, 24, Status.SNAKE, 0.01
2446, 3, 15, Status.SNAKE, 0.01
2447, 3, 26, Status.WALL, 0.01
2448, 5, 27, Status.SNAKE, 0.01
2449, 6, 50, Status.SNAKE, 0.01
2450, 6, 60, Status.WALL, 0.01
2451, 10, 67, Status.WALL, 0.01
2452, 9, 67, Status.SNAKE, 0.01
2453, 15, 102, Status.SNAKE, 0.01
2454, 2, 12, Status.SNAKE, 0.01
2455, 8, 53, Status.SNAKE, 0.01
2456, 11, 61, Status.SNAKE, 0.01
2457, 7, 42, Status.SNAKE, 0.01
2458, 11, 71, Status.SNAKE, 0.01
2459, 16, 116, Status.SNAKE, 0.01
2460, 11, 72, Status.SNAKE, 0.01
2461, 6, 23, Status.SNAKE, 0.01
2462, 15, 89, Status.SNAKE, 0.01
2463, 7, 51, Status.SNAKE, 0.01
2464, 7, 42, Status.SNAKE, 0.01
2465, 10, 78, Status.SNAKE, 0.01
2466, 13, 64, Status.SNAKE, 0.01
2467, 3, 12, Status.SNAKE, 0.01
2468, 5, 26, Status.SNAKE, 0.01
2469, 8, 53, Status.WALL, 0.01
2470, 18, 123, Status.SNAKE, 0.01
2471, 9, 60, Status.SNAKE, 0.01
2472, 3, 15, Status.SNAKE, 0.01
2473, 12, 91, Status.SNAKE, 0.01
2474, 2, 17, Status.SNAKE, 0.01
2475, 9, 50, Status.SNAKE, 0.01
2476, 15, 85, Status.SNAKE, 0.01
2477, 8, 72, Status.SNAKE, 0.01
2478, 6, 38, Status.SNAKE, 0.01
2479, 3, 18, Status.SNAKE, 0.01
2480, 17, 105, Status.SNAKE, 0.01
2481, 13, 115, Status.WALL, 0.01
2482, 6, 32, Status.WALL, 0.01
2483, 10, 68, Status.SNAKE, 0.01
2484, 10, 65, Status.SNAKE, 0.01
2485, 6, 30, Status.SNAKE, 0.01
2486, 1, 13, Status.WALL, 0.01
2487, 6, 29, Status.SNAKE, 0.01
2488, 8, 49, Status.WALL, 0.01
2489, 14, 107, Status.SNAKE, 0.01
2490, 7, 62, Status.WALL, 0.01
2491, 9, 56, Status.WALL, 0.01
2492, 4, 19, Status.SNAKE, 0.01
2493, 15, 95, Status.SNAKE, 0.01
2494, 10, 68, Status.SNAKE, 0.01
2495, 10, 57, Status.SNAKE, 0.01
2496, 5, 33, Status.SNAKE, 0.01
2497, 17, 111, Status.SNAKE, 0.01
2498, 1, 5, Status.SNAKE, 0.01
2499, 6, 45, Status.SNAKE, 0.01
2500, 11, 88, Status.SNAKE, 0.01
2501, 3, 30, Status.WALL, 0.01
2502, 3, 20, Status.WALL, 0.01
2503, 8, 56, Status.WALL, 0.01
2504, 2, 10, Status.SNAKE, 0.01
2505, 1, 13, Status.WALL, 0.01
2506, 17, 133, Status.SNAKE, 0.01
2507, 8, 53, Status.SNAKE, 0.01
2508, 8, 62, Status.SNAKE, 0.01
2509, 5, 29, Status.WALL, 0.01
2510, 13, 73, Status.SNAKE, 0.01
2511, 1, 6, Status.WALL, 0.01
2512, 2, 22, Status.SNAKE, 0.01
2513, 5, 41, Status.SNAKE, 0.01
2514, 1, 5, Status.SNAKE, 0.01
2515, 10, 57, Status.SNAKE, 0.01
2516, 11, 74, Status.SNAKE, 0.01
2517, 4, 49, Status.WALL, 0.01
2518, 6, 55, Status.WALL, 0.01
2519, 12, 75, Status.SNAKE, 0.01
2520, 15, 108, Status.SNAKE, 0.01
2521, 5, 46, Status.SNAKE, 0.01
2522, 9, 83, Status.WALL, 0.01
2523, 8, 47, Status.SNAKE, 0.01
2524, 13, 82, Status.SNAKE, 0.01
2525, 3, 20, Status.SNAKE, 0.01
2526, 9, 50, Status.SNAKE, 0.01
2527, 2, 15, Status.WALL, 0.01
2528, 10, 47, Status.SNAKE, 0.01
2529, 10, 79, Status.SNAKE, 0.01
2530, 6, 39, Status.SNAKE, 0.01
2531, 9, 78, Status.SNAKE, 0.01
2532, 9, 68, Status.SNAKE, 0.01
2533, 11, 81, Status.SNAKE, 0.01
2534, 14, 83, Status.SNAKE, 0.01
2535, 16, 113, Status.SNAKE, 0.01
2536, 8, 49, Status.SNAKE, 0.01
2537, 3, 29, Status.SNAKE, 0.01
2538, 8, 49, Status.WALL, 0.01
2539, 7, 50, Status.SNAKE, 0.01
2540, 4, 23, Status.SNAKE, 0.01
2541, 14, 116, Status.SNAKE, 0.01
2542, 13, 106, Status.SNAKE, 0.01
2543, 3, 19, Status.SNAKE, 0.01
2544, 6, 44, Status.WALL, 0.01
2545, 5, 35, Status.SNAKE, 0.01
2546, 10, 81, Status.SNAKE, 0.01
2547, 14, 84, Status.SNAKE, 0.01
2548, 6, 46, Status.WALL, 0.01
2549, 2, 6, Status.SNAKE, 0.01
2550, 9, 75, Status.SNAKE, 0.01
2551, 7, 53, Status.SNAKE, 0.01
2552, 6, 33, Status.SNAKE, 0.01
2553, 16, 100, Status.SNAKE, 0.01
2554, 10, 77, Status.SNAKE, 0.01
2555, 2, 12, Status.WALL, 0.01
2556, 8, 65, Status.SNAKE, 0.01
2557, 10, 71, Status.SNAKE, 0.01
2558, 13, 105, Status.SNAKE, 0.01
2559, 7, 49, Status.SNAKE, 0.01
2560, 10, 68, Status.SNAKE, 0.01
2561, 3, 21, Status.SNAKE, 0.01
2562, 4, 24, Status.SNAKE, 0.01
2563, 13, 85, Status.SNAKE, 0.01
2564, 5, 29, Status.SNAKE, 0.01
2565, 14, 91, Status.WALL, 0.01
2566, 10, 75, Status.WALL, 0.01
2567, 6, 40, Status.SNAKE, 0.01
2568, 10, 50, Status.SNAKE, 0.01
2569, 11, 63, Status.SNAKE, 0.01
2570, 13, 61, Status.SNAKE, 0.01
2571, 14, 96, Status.SNAKE, 0.01
2572, 7, 53, Status.SNAKE, 0.01
2573, 10, 58, Status.SNAKE, 0.01
2574, 2, 19, Status.SNAKE, 0.01
2575, 12, 99, Status.SNAKE, 0.01
2576, 11, 84, Status.SNAKE, 0.01
2577, 15, 86, Status.SNAKE, 0.01
2578, 4, 27, Status.SNAKE, 0.01
2579, 10, 70, Status.SNAKE, 0.01
2580, 17, 115, Status.SNAKE, 0.01
2581, 7, 40, Status.SNAKE, 0.01
2582, 5, 26, Status.SNAKE, 0.01
2583, 16, 119, Status.SNAKE, 0.01
2584, 12, 61, Status.SNAKE, 0.01
2585, 6, 35, Status.SNAKE, 0.01
2586, 9, 73, Status.WALL, 0.01
2587, 2, 8, Status.SNAKE, 0.01
2588, 4, 33, Status.SNAKE, 0.01
2589, 2, 23, Status.WALL, 0.01
2590, 16, 112, Status.SNAKE, 0.01
2591, 6, 51, Status.SNAKE, 0.01
2592, 11, 92, Status.SNAKE, 0.01
2593, 14, 119, Status.SNAKE, 0.01
2594, 10, 49, Status.WALL, 0.01
2595, 7, 50, Status.WALL, 0.01
2596, 7, 50, Status.SNAKE, 0.01
2597, 13, 94, Status.SNAKE, 0.01
2598, 9, 48, Status.SNAKE, 0.01
2599, 7, 46, Status.SNAKE, 0.01
2600, 6, 37, Status.SNAKE, 0.01
2601, 6, 36, Status.SNAKE, 0.01
2602, 15, 92, Status.SNAKE, 0.01
2603, 5, 37, Status.SNAKE, 0.01
2604, 4, 29, Status.WALL, 0.01
2605, 13, 120, Status.SNAKE, 0.01
2606, 9, 43, Status.SNAKE, 0.01
2607, 11, 61, Status.SNAKE, 0.01
2608, 22, 161, Status.SNAKE, 0.01
2609, 12, 81, Status.SNAKE, 0.01
2610, 8, 59, Status.WALL, 0.01
2611, 10, 77, Status.SNAKE, 0.01
2612, 2, 13, Status.SNAKE, 0.01
2613, 7, 44, Status.WALL, 0.01
2614, 8, 61, Status.SNAKE, 0.01
2615, 11, 91, Status.SNAKE, 0.01
2616, 17, 133, Status.SNAKE, 0.01
2617, 13, 95, Status.SNAKE, 0.01
2618, 2, 14, Status.WALL, 0.01
2619, 13, 93, Status.SNAKE, 0.01
2620, 5, 42, Status.SNAKE, 0.01
2621, 17, 131, Status.SNAKE, 0.01
2622, 8, 81, Status.WALL, 0.01
2623, 12, 81, Status.SNAKE, 0.01
2624, 17, 97, Status.WALL, 0.01
2625, 9, 58, Status.SNAKE, 0.01
2626, 9, 79, Status.SNAKE, 0.01
2627, 12, 93, Status.SNAKE, 0.01
2628, 11, 98, Status.SNAKE, 0.01
2629, 21, 113, Status.SNAKE, 0.01
2630, 10, 67, Status.SNAKE, 0.01
2631, 3, 26, Status.SNAKE, 0.01
2632, 18, 136, Status.WALL, 0.01
2633, 8, 47, Status.SNAKE, 0.01
2634, 2, 10, Status.SNAKE, 0.01
2635, 12, 104, Status.SNAKE, 0.01
2636, 6, 22, Status.WALL, 0.01
2637, 1, 9, Status.WALL, 0.01
2638, 7, 49, Status.SNAKE, 0.01
2639, 3, 20, Status.SNAKE, 0.01
2640, 21, 124, Status.SNAKE, 0.01
2641, 12, 85, Status.WALL, 0.01
2642, 8, 59, Status.SNAKE, 0.01
2643, 7, 39, Status.SNAKE, 0.01
2644, 5, 38, Status.WALL, 0.01
2645, 10, 70, Status.WALL, 0.01
2646, 9, 62, Status.SNAKE, 0.01
2647, 1, 6, Status.WALL, 0.01
2648, 8, 78, Status.SNAKE, 0.01
2649, 10, 98, Status.SNAKE, 0.01
2650, 7, 53, Status.SNAKE, 0.01
2651, 6, 44, Status.SNAKE, 0.01
2652, 2, 20, Status.WALL, 0.01
2653, 10, 79, Status.SNAKE, 0.01
2654, 6, 59, Status.SNAKE, 0.01
2655, 5, 30, Status.SNAKE, 0.01
2656, 2, 19, Status.SNAKE, 0.01
2657, 10, 73, Status.SNAKE, 0.01
2658, 15, 137, Status.SNAKE, 0.01
2659, 14, 93, Status.SNAKE, 0.01
2660, 8, 61, Status.WALL, 0.01
2661, 16, 121, Status.WALL, 0.01
2662, 12, 82, Status.SNAKE, 0.01
2663, 7, 52, Status.SNAKE, 0.01
2664, 10, 48, Status.SNAKE, 0.01
2665, 14, 107, Status.SNAKE, 0.01
2666, 10, 75, Status.SNAKE, 0.01
2667, 3, 20, Status.SNAKE, 0.01
2668, 9, 82, Status.WALL, 0.01
2669, 6, 26, Status.SNAKE, 0.01
2670, 12, 72, Status.SNAKE, 0.01
2671, 5, 36, Status.SNAKE, 0.01
2672, 6, 45, Status.SNAKE, 0.01
2673, 19, 153, Status.SNAKE, 0.01
2674, 6, 53, Status.SNAKE, 0.01
2675, 7, 50, Status.SNAKE, 0.01
2676, 9, 65, Status.SNAKE, 0.01
2677, 9, 67, Status.SNAKE, 0.01
2678, 4, 37, Status.WALL, 0.01
2679, 8, 40, Status.SNAKE, 0.01
2680, 16, 100, Status.SNAKE, 0.01
2681, 7, 67, Status.SNAKE, 0.01
2682, 13, 90, Status.SNAKE, 0.01
2683, 10, 80, Status.SNAKE, 0.01
2684, 15, 121, Status.WALL, 0.01
2685, 20, 116, Status.SNAKE, 0.01
2686, 9, 56, Status.WALL, 0.01
2687, 7, 43, Status.SNAKE, 0.01
2688, 9, 57, Status.SNAKE, 0.01
2689, 14, 99, Status.SNAKE, 0.01
2690, 14, 78, Status.WALL, 0.01
2691, 4, 28, Status.WALL, 0.01
2692, 9, 56, Status.WALL, 0.01
2693, 10, 68, Status.SNAKE, 0.01
2694, 7, 59, Status.SNAKE, 0.01
2695, 14, 74, Status.SNAKE, 0.01
2696, 17, 104, Status.SNAKE, 0.01
2697, 7, 45, Status.SNAKE, 0.01
2698, 12, 96, Status.WALL, 0.01
2699, 12, 103, Status.SNAKE, 0.01
2700, 5, 39, Status.WALL, 0.01
2701, 11, 87, Status.SNAKE, 0.01
2702, 8, 66, Status.SNAKE, 0.01
2703, 11, 66, Status.SNAKE, 0.01
2704, 9, 74, Status.SNAKE, 0.01
2705, 5, 24, Status.SNAKE, 0.01
2706, 11, 74, Status.SNAKE, 0.01
2707, 14, 101, Status.WALL, 0.01
2708, 10, 70, Status.SNAKE, 0.01
2709, 10, 68, Status.SNAKE, 0.01
2710, 2, 21, Status.WALL, 0.01
2711, 3, 16, Status.SNAKE, 0.01
2712, 3, 27, Status.WALL, 0.01
2713, 13, 73, Status.SNAKE, 0.01
2714, 8, 62, Status.SNAKE, 0.01
2715, 19, 162, Status.SNAKE, 0.01
2716, 12, 83, Status.SNAKE, 0.01
2717, 10, 62, Status.SNAKE, 0.01
2718, 14, 96, Status.WALL, 0.01
2719, 11, 60, Status.SNAKE, 0.01
2720, 6, 29, Status.WALL, 0.01
2721, 7, 56, Status.SNAKE, 0.01
2722, 5, 29, Status.SNAKE, 0.01
2723, 10, 65, Status.WALL, 0.01
2724, 5, 31, Status.SNAKE, 0.01
2725, 11, 82, Status.SNAKE, 0.01
2726, 3, 22, Status.WALL, 0.01
2727, 8, 69, Status.WALL, 0.01
2728, 10, 43, Status.SNAKE, 0.01
2729, 6, 31, Status.SNAKE, 0.01
2730, 11, 69, Status.SNAKE, 0.01
2731, 13, 86, Status.SNAKE, 0.01
2732, 11, 87, Status.SNAKE, 0.01
2733, 6, 28, Status.SNAKE, 0.01
2734, 12, 69, Status.WALL, 0.01
2735, 10, 96, Status.WALL, 0.01
2736, 8, 65, Status.SNAKE, 0.01
2737, 7, 27, Status.SNAKE, 0.01
2738, 5, 27, Status.SNAKE, 0.01
2739, 8, 63, Status.SNAKE, 0.01
2740, 4, 28, Status.SNAKE, 0.01
2741, 5, 33, Status.SNAKE, 0.01
2742, 6, 46, Status.SNAKE, 0.01
2743, 6, 40, Status.SNAKE, 0.01
2744, 13, 91, Status.SNAKE, 0.01
2745, 21, 165, Status.SNAKE, 0.01
2746, 8, 52, Status.SNAKE, 0.01
2747, 5, 34, Status.SNAKE, 0.01
2748, 11, 95, Status.WALL, 0.01
2749, 3, 16, Status.SNAKE, 0.01
2750, 10, 60, Status.SNAKE, 0.01
2751, 5, 30, Status.WALL, 0.01
2752, 3, 23, Status.SNAKE, 0.01
2753, 8, 60, Status.SNAKE, 0.01
2754, 18, 113, Status.SNAKE, 0.01
2755, 11, 83, Status.SNAKE, 0.01
2756, 13, 104, Status.SNAKE, 0.01
2757, 12, 81, Status.SNAKE, 0.01
2758, 16, 87, Status.SNAKE, 0.01
2759, 9, 72, Status.WALL, 0.01
2760, 15, 125, Status.WALL, 0.01
2761, 9, 62, Status.SNAKE, 0.01
2762, 2, 21, Status.SNAKE, 0.01
2763, 13, 73, Status.SNAKE, 0.01
2764, 6, 41, Status.SNAKE, 0.01
2765, 10, 63, Status.SNAKE, 0.01
2766, 9, 64, Status.SNAKE, 0.01
2767, 1, 14, Status.WALL, 0.01
2768, 6, 50, Status.SNAKE, 0.01
2769, 9, 64, Status.SNAKE, 0.01
2770, 4, 22, Status.SNAKE, 0.01
2771, 10, 62, Status.SNAKE, 0.01
2772, 5, 42, Status.SNAKE, 0.01
2773, 11, 83, Status.SNAKE, 0.01
2774, 12, 100, Status.SNAKE, 0.01
2775, 2, 14, Status.SNAKE, 0.01
2776, 3, 16, Status.SNAKE, 0.01
2777, 10, 84, Status.SNAKE, 0.01
2778, 1, 10, Status.WALL, 0.01
2779, 2, 10, Status.WALL, 0.01
2780, 4, 29, Status.SNAKE, 0.01
2781, 10, 73, Status.SNAKE, 0.01
2782, 5, 46, Status.SNAKE, 0.01
2783, 9, 82, Status.SNAKE, 0.01
2784, 5, 22, Status.SNAKE, 0.01
2785, 6, 29, Status.WALL, 0.01
2786, 13, 84, Status.SNAKE, 0.01
2787, 6, 34, Status.SNAKE, 0.01
2788, 7, 59, Status.SNAKE, 0.01
2789, 14, 98, Status.SNAKE, 0.01
2790, 6, 44, Status.SNAKE, 0.01
2791, 1, 9, Status.WALL, 0.01
2792, 3, 24, Status.SNAKE, 0.01
2793, 10, 71, Status.SNAKE, 0.01
2794, 5, 32, Status.SNAKE, 0.01
2795, 6, 45, Status.SNAKE, 0.01
2796, 4, 27, Status.SNAKE, 0.01
2797, 14, 95, Status.SNAKE, 0.01
2798, 16, 88, Status.SNAKE, 0.01
2799, 5, 39, Status.SNAKE, 0.01
2800, 9, 69, Status.WALL, 0.01
2801, 8, 62, Status.SNAKE, 0.01
2802, 9, 65, Status.SNAKE, 0.01
2803, 9, 48, Status.SNAKE, 0.01
2804, 5, 33, Status.SNAKE, 0.01
2805, 10, 62, Status.SNAKE, 0.01
2806, 12, 76, Status.WALL, 0.01
2807, 11, 93, Status.SNAKE, 0.01
2808, 14, 84, Status.SNAKE, 0.01
2809, 15, 125, Status.WALL, 0.01
2810, 4, 30, Status.WALL, 0.01
2811, 11, 45, Status.SNAKE, 0.01
2812, 2, 8, Status.SNAKE, 0.01
2813, 7, 49, Status.SNAKE, 0.01
2814, 15, 104, Status.WALL, 0.01
2815, 8, 57, Status.SNAKE, 0.01
2816, 12, 65, Status.SNAKE, 0.01
2817, 13, 109, Status.SNAKE, 0.01
2818, 9, 67, Status.SNAKE, 0.01
2819, 10, 62, Status.SNAKE, 0.01
2820, 14, 99, Status.SNAKE, 0.01
2821, 16, 118, Status.SNAKE, 0.01
2822, 14, 103, Status.WALL, 0.01
2823, 11, 66, Status.SNAKE, 0.01
2824, 14, 89, Status.WALL, 0.01
2825, 7, 50, Status.SNAKE, 0.01
2826, 13, 94, Status.WALL, 0.01
2827, 9, 64, Status.SNAKE, 0.01
2828, 6, 47, Status.SNAKE, 0.01
2829, 5, 46, Status.WALL, 0.01
2830, 8, 50, Status.SNAKE, 0.01
2831, 17, 110, Status.SNAKE, 0.01
2832, 12, 95, Status.SNAKE, 0.01
2833, 9, 66, Status.SNAKE, 0.01
2834, 5, 47, Status.WALL, 0.01
2835, 13, 123, Status.SNAKE, 0.01
2836, 1, 10, Status.WALL, 0.01
2837, 7, 38, Status.WALL, 0.01
2838, 14, 101, Status.SNAKE, 0.01
2839, 3, 13, Status.SNAKE, 0.01
2840, 7, 58, Status.WALL, 0.01
2841, 18, 101, Status.SNAKE, 0.01
2842, 4, 25, Status.WALL, 0.01
2843, 5, 39, Status.SNAKE, 0.01
2844, 2, 15, Status.SNAKE, 0.01
2845, 1, 5, Status.SNAKE, 0.01
2846, 2, 10, Status.SNAKE, 0.01
2847, 2, 19, Status.WALL, 0.01
2848, 5, 44, Status.SNAKE, 0.01
2849, 12, 77, Status.SNAKE, 0.01
2850, 9, 67, Status.SNAKE, 0.01
2851, 7, 48, Status.SNAKE, 0.01
2852, 14, 125, Status.SNAKE, 0.01
2853, 13, 111, Status.SNAKE, 0.01
2854, 8, 61, Status.SNAKE, 0.01
2855, 15, 104, Status.SNAKE, 0.01
2856, 5, 51, Status.SNAKE, 0.01
2857, 7, 45, Status.SNAKE, 0.01
2858, 5, 27, Status.SNAKE, 0.01
2859, 10, 81, Status.SNAKE, 0.01
2860, 5, 28, Status.SNAKE, 0.01
2861, 9, 65, Status.SNAKE, 0.01
2862, 7, 39, Status.SNAKE, 0.01
2863, 10, 70, Status.SNAKE, 0.01
2864, 14, 93, Status.SNAKE, 0.01
2865, 13, 104, Status.SNAKE, 0.01
2866, 1, 8, Status.SNAKE, 0.01
2867, 12, 108, Status.SNAKE, 0.01
2868, 9, 66, Status.SNAKE, 0.01
2869, 6, 34, Status.SNAKE, 0.01
2870, 14, 95, Status.SNAKE, 0.01
2871, 10, 65, Status.SNAKE, 0.01
2872, 4, 24, Status.SNAKE, 0.01
2873, 6, 27, Status.SNAKE, 0.01
2874, 3, 20, Status.SNAKE, 0.01
2875, 10, 60, Status.SNAKE, 0.01
2876, 14, 91, Status.SNAKE, 0.01
2877, 10, 66, Status.SNAKE, 0.01
2878, 7, 41, Status.SNAKE, 0.01
2879, 9, 51, Status.SNAKE, 0.01
2880, 5, 23, Status.SNAKE, 0.01
2881, 3, 23, Status.WALL, 0.01
2882, 8, 50, Status.SNAKE, 0.01
2883, 7, 57, Status.SNAKE, 0.01
2884, 6, 43, Status.SNAKE, 0.01
2885, 6, 36, Status.SNAKE, 0.01
2886, 7, 58, Status.SNAKE, 0.01
2887, 10, 82, Status.SNAKE, 0.01
2888, 16, 93, Status.SNAKE, 0.01
2889, 15, 106, Status.SNAKE, 0.01
2890, 7, 33, Status.SNAKE, 0.01
2891, 5, 33, Status.SNAKE, 0.01
2892, 20, 157, Status.SNAKE, 0.01
2893, 9, 46, Status.SNAKE, 0.01
2894, 8, 42, Status.SNAKE, 0.01
2895, 9, 71, Status.SNAKE, 0.01
2896, 8, 49, Status.SNAKE, 0.01
2897, 6, 43, Status.SNAKE, 0.01
2898, 15, 113, Status.SNAKE, 0.01
2899, 12, 78, Status.SNAKE, 0.01
2900, 15, 98, Status.SNAKE, 0.01
2901, 8, 53, Status.SNAKE, 0.01
2902, 9, 52, Status.WALL, 0.01
2903, 12, 64, Status.WALL, 0.01
2904, 16, 98, Status.SNAKE, 0.01
2905, 4, 18, Status.WALL, 0.01
2906, 13, 96, Status.SNAKE, 0.01
2907, 3, 20, Status.WALL, 0.01
2908, 4, 25, Status.SNAKE, 0.01
2909, 3, 18, Status.WALL, 0.01
2910, 17, 96, Status.SNAKE, 0.01
2911, 10, 79, Status.SNAKE, 0.01
2912, 6, 34, Status.WALL, 0.01
2913, 14, 76, Status.SNAKE, 0.01
2914, 3, 18, Status.SNAKE, 0.01
2915, 9, 70, Status.WALL, 0.01
2916, 14, 109, Status.SNAKE, 0.01
2917, 8, 42, Status.SNAKE, 0.01
2918, 10, 69, Status.SNAKE, 0.01
2919, 8, 61, Status.SNAKE, 0.01
2920, 8, 48, Status.SNAKE, 0.01
2921, 2, 9, Status.SNAKE, 0.01
2922, 20, 132, Status.SNAKE, 0.01
2923, 4, 27, Status.SNAKE, 0.01
2924, 2, 19, Status.SNAKE, 0.01
2925, 9, 66, Status.SNAKE, 0.01
2926, 9, 58, Status.SNAKE, 0.01
2927, 2, 10, Status.SNAKE, 0.01
2928, 6, 55, Status.SNAKE, 0.01
2929, 19, 145, Status.SNAKE, 0.01
2930, 4, 25, Status.SNAKE, 0.01
2931, 11, 110, Status.SNAKE, 0.01
2932, 10, 87, Status.SNAKE, 0.01
2933, 17, 101, Status.SNAKE, 0.01
2934, 7, 45, Status.SNAKE, 0.01
2935, 14, 78, Status.SNAKE, 0.01
2936, 8, 54, Status.WALL, 0.01
2937, 5, 30, Status.WALL, 0.01
2938, 7, 67, Status.SNAKE, 0.01
2939, 8, 42, Status.SNAKE, 0.01
2940, 7, 58, Status.SNAKE, 0.01
2941, 5, 46, Status.SNAKE, 0.01
2942, 7, 51, Status.SNAKE, 0.01
2943, 9, 65, Status.SNAKE, 0.01
2944, 9, 69, Status.WALL, 0.01
2945, 4, 30, Status.WALL, 0.01
2946, 15, 94, Status.WALL, 0.01
2947, 7, 48, Status.SNAKE, 0.01
2948, 13, 69, Status.SNAKE, 0.01
2949, 13, 74, Status.SNAKE, 0.01
2950, 6, 37, Status.SNAKE, 0.01
2951, 10, 85, Status.SNAKE, 0.01
2952, 4, 26, Status.WALL, 0.01
2953, 1, 5, Status.SNAKE, 0.01
2954, 9, 49, Status.SNAKE, 0.01
2955, 1, 14, Status.WALL, 0.01
2956, 1, 5, Status.SNAKE, 0.01
2957, 14, 113, Status.SNAKE, 0.01
2958, 10, 78, Status.SNAKE, 0.01
2959, 5, 36, Status.SNAKE, 0.01
2960, 14, 101, Status.SNAKE, 0.01
2961, 10, 55, Status.SNAKE, 0.01
2962, 8, 52, Status.SNAKE, 0.01
2963, 9, 57, Status.WALL, 0.01
2964, 7, 31, Status.SNAKE, 0.01
2965, 8, 40, Status.SNAKE, 0.01
2966, 3, 22, Status.SNAKE, 0.01
2967, 8, 60, Status.SNAKE, 0.01
2968, 13, 97, Status.SNAKE, 0.01
2969, 4, 28, Status.WALL, 0.01
2970, 8, 60, Status.SNAKE, 0.01
2971, 6, 48, Status.SNAKE, 0.01
2972, 10, 63, Status.SNAKE, 0.01
2973, 7, 58, Status.SNAKE, 0.01
2974, 9, 49, Status.SNAKE, 0.01
2975, 13, 85, Status.SNAKE, 0.01
2976, 6, 33, Status.SNAKE, 0.01
2977, 4, 16, Status.SNAKE, 0.01
2978, 7, 59, Status.SNAKE, 0.01
2979, 4, 40, Status.SNAKE, 0.01
2980, 7, 57, Status.SNAKE, 0.01
2981, 7, 33, Status.SNAKE, 0.01
2982, 5, 28, Status.SNAKE, 0.01
2983, 7, 64, Status.SNAKE, 0.01
2984, 6, 45, Status.SNAKE, 0.01
2985, 15, 108, Status.SNAKE, 0.01
2986, 1, 10, Status.WALL, 0.01
2987, 1, 19, Status.SNAKE, 0.01
2988, 7, 42, Status.WALL, 0.01
2989, 2, 13, Status.SNAKE, 0.01
2990, 12, 83, Status.SNAKE, 0.01
2991, 9, 62, Status.SNAKE, 0.01
2992, 13, 66, Status.SNAKE, 0.01
2993, 6, 55, Status.SNAKE, 0.01
2994, 6, 32, Status.SNAKE, 0.01
2995, 9, 53, Status.SNAKE, 0.01
2996, 7, 50, Status.SNAKE, 0.01
2997, 13, 77, Status.SNAKE, 0.01
2998, 10, 61, Status.WALL, 0.01
2999, 11, 104, Status.SNAKE, 0.01
3000, 6, 54, Status.SNAKE, 0.01
3001, 6, 41, Status.SNAKE, 0.01
3002, 12, 87, Status.WALL, 0.01
3003, 17, 105, Status.SNAKE, 0.01
3004, 10, 74, Status.SNAKE, 0.01
3005, 5, 40, Status.SNAKE, 0.01
3006, 7, 56, Status.SNAKE, 0.01
3007, 5, 35, Status.SNAKE, 0.01
3008, 16, 132, Status.SNAKE, 0.01
3009, 9, 62, Status.SNAKE, 0.01
3010, 17, 105, Status.SNAKE, 0.01
3011, 15, 114, Status.SNAKE, 0.01
3012, 4, 34, Status.WALL, 0.01
3013, 2, 14, Status.SNAKE, 0.01
3014, 13, 103, Status.WALL, 0.01
3015, 15, 129, Status.WALL, 0.01
3016, 8, 60, Status.SNAKE, 0.01
3017, 15, 107, Status.WALL, 0.01
3018, 4, 34, Status.SNAKE, 0.01
3019, 11, 97, Status.SNAKE, 0.01
3020, 6, 28, Status.SNAKE, 0.01
3021, 6, 47, Status.SNAKE, 0.01
3022, 9, 63, Status.SNAKE, 0.01
3023, 14, 75, Status.SNAKE, 0.01
3024, 12, 71, Status.SNAKE, 0.01
3025, 4, 19, Status.SNAKE, 0.01
3026, 7, 40, Status.SNAKE, 0.01
3027, 3, 18, Status.SNAKE, 0.01
3028, 12, 97, Status.SNAKE, 0.01
3029, 13, 83, Status.SNAKE, 0.01
3030, 8, 58, Status.SNAKE, 0.01
3031, 5, 37, Status.WALL, 0.01
3032, 10, 64, Status.SNAKE, 0.01
3033, 2, 15, Status.SNAKE, 0.01
3034, 12, 77, Status.WALL, 0.01
3035, 12, 75, Status.SNAKE, 0.01
3036, 4, 25, Status.SNAKE, 0.01
3037, 9, 51, Status.SNAKE, 0.01
3038, 9, 46, Status.SNAKE, 0.01
3039, 8, 48, Status.SNAKE, 0.01
3040, 12, 86, Status.SNAKE, 0.01
3041, 12, 59, Status.SNAKE, 0.01
3042, 5, 35, Status.SNAKE, 0.01
3043, 15, 81, Status.SNAKE, 0.01
3044, 4, 23, Status.SNAKE, 0.01
3045, 6, 60, Status.SNAKE, 0.01
3046, 8, 47, Status.SNAKE, 0.01
3047, 7, 31, Status.SNAKE, 0.01
3048, 7, 49, Status.SNAKE, 0.01
3049, 8, 53, Status.SNAKE, 0.01
3050, 20, 126, Status.SNAKE, 0.01
3051, 9, 58, Status.SNAKE, 0.01
3052, 4, 29, Status.WALL, 0.01
3053, 6, 58, Status.WALL, 0.01
3054, 17, 95, Status.SNAKE, 0.01
3055, 2, 17, Status.WALL, 0.01
3056, 5, 35, Status.WALL, 0.01
3057, 3, 13, Status.SNAKE, 0.01
3058, 5, 31, Status.SNAKE, 0.01
3059, 10, 68, Status.SNAKE, 0.01
3060, 10, 82, Status.WALL, 0.01
3061, 1, 5, Status.SNAKE, 0.01
3062, 9, 60, Status.SNAKE, 0.01
3063, 17, 95, Status.SNAKE, 0.01
3064, 4, 19, Status.WALL, 0.01
3065, 3, 16, Status.SNAKE, 0.01
3066, 3, 26, Status.SNAKE, 0.01
3067, 7, 53, Status.SNAKE, 0.01
3068, 13, 100, Status.SNAKE, 0.01
3069, 6, 34, Status.WALL, 0.01
3070, 12, 90, Status.WALL, 0.01
3071, 1, 7, Status.SNAKE, 0.01
3072, 8, 56, Status.WALL, 0.01
3073, 7, 52, Status.WALL, 0.01
3074, 12, 76, Status.WALL, 0.01
3075, 8, 45, Status.SNAKE, 0.01
3076, 10, 62, Status.SNAKE, 0.01
3077, 7, 47, Status.SNAKE, 0.01
3078, 2, 8, Status.SNAKE, 0.01
3079, 7, 53, Status.SNAKE, 0.01
3080, 11, 69, Status.SNAKE, 0.01
3081, 7, 41, Status.WALL, 0.01
3082, 1, 5, Status.SNAKE, 0.01
3083, 11, 54, Status.WALL, 0.01
3084, 6, 35, Status.SNAKE, 0.01
3085, 4, 20, Status.WALL, 0.01
3086, 4, 23, Status.SNAKE, 0.01
3087, 10, 60, Status.SNAKE, 0.01
3088, 1, 5, Status.SNAKE, 0.01
3089, 10, 72, Status.SNAKE, 0.01
3090, 10, 85, Status.SNAKE, 0.01
3091, 7, 40, Status.SNAKE, 0.01
3092, 11, 74, Status.SNAKE, 0.01
3093, 13, 106, Status.SNAKE, 0.01
3094, 5, 23, Status.SNAKE, 0.01
3095, 7, 42, Status.SNAKE, 0.01
3096, 13, 82, Status.SNAKE, 0.01
3097, 9, 45, Status.SNAKE, 0.01
3098, 15, 89, Status.SNAKE, 0.01
3099, 6, 35, Status.SNAKE, 0.01
3100, 17, 100, Status.SNAKE, 0.01
3101, 5, 31, Status.SNAKE, 0.01
3102, 15, 79, Status.SNAKE, 0.01
3103, 10, 59, Status.WALL, 0.01
3104, 1, 10, Status.WALL, 0.01
3105, 9, 64, Status.WALL, 0.01
3106, 7, 40, Status.SNAKE, 0.01
3107, 8, 41, Status.WALL, 0.01
3108, 11, 76, Status.SNAKE, 0.01
3109, 10, 55, Status.SNAKE, 0.01
3110, 7, 39, Status.SNAKE, 0.01
3111, 8, 47, Status.SNAKE, 0.01
3112, 3, 16, Status.SNAKE, 0.01
3113, 1, 3, Status.SNAKE, 0.01
3114, 12, 81, Status.SNAKE, 0.01
3115, 15, 121, Status.SNAKE, 0.01
3116, 5, 43, Status.SNAKE, 0.01
3117, 7, 58, Status.SNAKE, 0.01
3118, 17, 135, Status.SNAKE, 0.01
3119, 5, 38, Status.SNAKE, 0.01
3120, 16, 105, Status.SNAKE, 0.01
3121, 11, 84, Status.SNAKE, 0.01
3122, 6, 45, Status.SNAKE, 0.01
3123, 10, 55, Status.WALL, 0.01
3124, 3, 19, Status.SNAKE, 0.01
3125, 6, 44, Status.SNAKE, 0.01
3126, 14, 107, Status.SNAKE, 0.01
3127, 8, 42, Status.SNAKE, 0.01
3128, 1, 3, Status.SNAKE, 0.01
3129, 9, 59, Status.SNAKE, 0.01
3130, 11, 78, Status.SNAKE, 0.01
3131, 2, 18, Status.SNAKE, 0.01
3132, 16, 115, Status.SNAKE, 0.01
3133, 4, 28, Status.SNAKE, 0.01
3134, 6, 45, Status.SNAKE, 0.01
3135, 9, 62, Status.SNAKE, 0.01
3136, 3, 19, Status.SNAKE, 0.01
3137, 13, 77, Status.SNAKE, 0.01
3138, 8, 58, Status.SNAKE, 0.01
3139, 3, 24, Status.SNAKE, 0.01
3140, 13, 94, Status.SNAKE, 0.01
3141, 12, 75, Status.SNAKE, 0.01
3142, 11, 55, Status.SNAKE, 0.01
3143, 4, 38, Status.SNAKE, 0.01
3144, 8, 40, Status.SNAKE, 0.01
3145, 9, 50, Status.SNAKE, 0.01
3146, 5, 32, Status.SNAKE, 0.01
3147, 10, 61, Status.SNAKE, 0.01
3148, 12, 72, Status.SNAKE, 0.01
3149, 6, 54, Status.WALL, 0.01
3150, 14, 79, Status.SNAKE, 0.01
3151, 7, 52, Status.SNAKE, 0.01
3152, 10, 91, Status.SNAKE, 0.01
3153, 19, 117, Status.SNAKE, 0.01
3154, 7, 61, Status.SNAKE, 0.01
3155, 1, 9, Status.SNAKE, 0.01
3156, 13, 88, Status.SNAKE, 0.01
3157, 11, 80, Status.SNAKE, 0.01
3158, 1, 7, Status.SNAKE, 0.01
3159, 4, 20, Status.SNAKE, 0.01
3160, 7, 56, Status.SNAKE, 0.01
3161, 6, 25, Status.SNAKE, 0.01
3162, 11, 62, Status.SNAKE, 0.01
3163, 8, 54, Status.SNAKE, 0.01
3164, 11, 62, Status.SNAKE, 0.01
3165, 4, 34, Status.WALL, 0.01
3166, 1, 6, Status.WALL, 0.01
3167, 12, 88, Status.WALL, 0.01
3168, 13, 64, Status.SNAKE, 0.01
3169, 1, 5, Status.SNAKE, 0.01
3170, 6, 54, Status.SNAKE, 0.01
3171, 11, 72, Status.SNAKE, 0.01
3172, 6, 46, Status.WALL, 0.01
3173, 1, 3, Status.SNAKE, 0.01
3174, 19, 135, Status.SNAKE, 0.01
3175, 13, 72, Status.SNAKE, 0.01
3176, 3, 14, Status.WALL, 0.01
3177, 4, 23, Status.SNAKE, 0.01
3178, 2, 16, Status.WALL, 0.01
3179, 8, 48, Status.SNAKE, 0.01
3180, 6, 47, Status.SNAKE, 0.01
3181, 9, 54, Status.SNAKE, 0.01
3182, 15, 82, Status.SNAKE, 0.01
3183, 12, 68, Status.SNAKE, 0.01
3184, 1, 8, Status.WALL, 0.01
3185, 10, 76, Status.SNAKE, 0.01
3186, 3, 27, Status.WALL, 0.01
3187, 11, 66, Status.SNAKE, 0.01
3188, 5, 53, Status.WALL, 0.01
3189, 14, 85, Status.SNAKE, 0.01
3190, 14, 88, Status.WALL, 0.01
3191, 4, 29, Status.WALL, 0.01
3192, 10, 67, Status.SNAKE, 0.01
3193, 17, 110, Status.SNAKE, 0.01
3194, 17, 138, Status.WALL, 0.01
3195, 6, 46, Status.SNAKE, 0.01
3196, 12, 87, Status.SNAKE, 0.01
3197, 13, 85, Status.SNAKE, 0.01
3198, 15, 108, Status.SNAKE, 0.01
3199, 11, 65, Status.SNAKE, 0.01
3200, 7, 41, Status.SNAKE, 0.01
3201, 4, 27, Status.WALL, 0.01
3202, 7, 42, Status.SNAKE, 0.01
3203, 2, 18, Status.SNAKE, 0.01
3204, 9, 49, Status.SNAKE, 0.01
3205, 5, 31, Status.SNAKE, 0.01
3206, 4, 24, Status.SNAKE, 0.01
3207, 13, 93, Status.SNAKE, 0.01
3208, 13, 75, Status.SNAKE, 0.01
3209, 5, 39, Status.SNAKE, 0.01
3210, 4, 33, Status.SNAKE, 0.01
3211, 5, 32, Status.SNAKE, 0.01
3212, 9, 72, Status.SNAKE, 0.01
3213, 25, 169, Status.SNAKE, 0.01
3214, 12, 91, Status.SNAKE, 0.01
3215, 17, 103, Status.SNAKE, 0.01
3216, 7, 24, Status.SNAKE, 0.01
3217, 8, 60, Status.SNAKE, 0.01
3218, 7, 37, Status.SNAKE, 0.01
3219, 8, 51, Status.SNAKE, 0.01
3220, 3, 16, Status.SNAKE, 0.01
3221, 8, 58, Status.SNAKE, 0.01
3222, 10, 69, Status.SNAKE, 0.01
3223, 12, 89, Status.SNAKE, 0.01
3224, 11, 109, Status.SNAKE, 0.01
3225, 9, 66, Status.SNAKE, 0.01
3226, 11, 79, Status.SNAKE, 0.01
3227, 11, 80, Status.SNAKE, 0.01
3228, 3, 25, Status.WALL, 0.01
3229, 6, 38, Status.WALL, 0.01
3230, 2, 10, Status.WALL, 0.01
3231, 5, 26, Status.SNAKE, 0.01
3232, 6, 39, Status.SNAKE, 0.01
3233, 5, 39, Status.SNAKE, 0.01
3234, 0, 8, Status.WALL, 0.01
3235, 10, 67, Status.SNAKE, 0.01
3236, 8, 47, Status.WALL, 0.01
3237, 13, 97, Status.SNAKE, 0.01
3238, 3, 17, Status.SNAKE, 0.01
3239, 5, 34, Status.SNAKE, 0.01
3240, 12, 65, Status.SNAKE, 0.01
3241, 8, 48, Status.SNAKE, 0.01
3242, 10, 78, Status.SNAKE, 0.01
3243, 2, 21, Status.WALL, 0.01
3244, 12, 61, Status.SNAKE, 0.01
3245, 6, 34, Status.SNAKE, 0.01
3246, 8, 42, Status.SNAKE, 0.01
3247, 4, 29, Status.WALL, 0.01
3248, 15, 89, Status.SNAKE, 0.01
3249, 8, 44, Status.SNAKE, 0.01
3250, 6, 34, Status.WALL, 0.01
3251, 9, 67, Status.SNAKE, 0.01
3252, 5, 29, Status.SNAKE, 0.01
3253, 8, 63, Status.SNAKE, 0.01
3254, 10, 68, Status.SNAKE, 0.01
3255, 1, 3, Status.SNAKE, 0.01
3256, 5, 32, Status.WALL, 0.01
3257, 7, 48, Status.WALL, 0.01
3258, 5, 39, Status.SNAKE, 0.01
3259, 16, 104, Status.WALL, 0.01
3260, 15, 78, Status.SNAKE, 0.01
3261, 4, 36, Status.WALL, 0.01
3262, 14, 79, Status.SNAKE, 0.01
3263, 12, 86, Status.WALL, 0.01
3264, 5, 36, Status.SNAKE, 0.01
3265, 6, 29, Status.WALL, 0.01
3266, 9, 50, Status.SNAKE, 0.01
3267, 10, 68, Status.SNAKE, 0.01
3268, 20, 129, Status.SNAKE, 0.01
3269, 10, 63, Status.SNAKE, 0.01
3270, 11, 75, Status.SNAKE, 0.01
3271, 11, 65, Status.SNAKE, 0.01
3272, 7, 54, Status.SNAKE, 0.01
3273, 12, 74, Status.SNAKE, 0.01
3274, 7, 47, Status.WALL, 0.01
3275, 5, 34, Status.SNAKE, 0.01
3276, 14, 102, Status.SNAKE, 0.01
3277, 3, 25, Status.SNAKE, 0.01
3278, 6, 29, Status.SNAKE, 0.01
3279, 11, 73, Status.SNAKE, 0.01
3280, 12, 76, Status.SNAKE, 0.01
3281, 4, 21, Status.SNAKE, 0.01
3282, 14, 85, Status.SNAKE, 0.01
3283, 9, 47, Status.SNAKE, 0.01
3284, 2, 29, Status.SNAKE, 0.01
3285, 6, 48, Status.SNAKE, 0.01
3286, 9, 59, Status.SNAKE, 0.01
3287, 15, 105, Status.SNAKE, 0.01
3288, 4, 25, Status.SNAKE, 0.01
3289, 3, 14, Status.WALL, 0.01
3290, 10, 70, Status.SNAKE, 0.01
3291, 12, 104, Status.SNAKE, 0.01
3292, 8, 65, Status.SNAKE, 0.01
3293, 9, 53, Status.WALL, 0.01
3294, 16, 130, Status.SNAKE, 0.01
3295, 9, 79, Status.SNAKE, 0.01
3296, 11, 96, Status.WALL, 0.01
3297, 10, 64, Status.SNAKE, 0.01
3298, 9, 67, Status.SNAKE, 0.01
3299, 11, 64, Status.SNAKE, 0.01
3300, 11, 79, Status.WALL, 0.01
3301, 9, 64, Status.SNAKE, 0.01
3302, 7, 38, Status.SNAKE, 0.01
3303, 13, 72, Status.SNAKE, 0.01
3304, 13, 85, Status.WALL, 0.01
3305, 7, 53, Status.SNAKE, 0.01
3306, 12, 64, Status.WALL, 0.01
3307, 9, 54, Status.SNAKE, 0.01
3308, 15, 96, Status.SNAKE, 0.01
3309, 4, 23, Status.SNAKE, 0.01
3310, 12, 74, Status.WALL, 0.01
3311, 15, 112, Status.SNAKE, 0.01
3312, 10, 71, Status.WALL, 0.01
3313, 11, 66, Status.SNAKE, 0.01
3314, 13, 79, Status.SNAKE, 0.01
3315, 9, 58, Status.SNAKE, 0.01
3316, 12, 96, Status.WALL, 0.01
3317, 9, 61, Status.SNAKE, 0.01
3318, 10, 74, Status.SNAKE, 0.01
3319, 10, 85, Status.SNAKE, 0.01
3320, 13, 78, Status.SNAKE, 0.01
3321, 6, 42, Status.SNAKE, 0.01
3322, 4, 24, Status.SNAKE, 0.01
3323, 5, 43, Status.SNAKE, 0.01
3324, 13, 94, Status.SNAKE, 0.01
3325, 2, 21, Status.SNAKE, 0.01
3326, 28, 215, Status.SNAKE, 0.01
3327, 11, 76, Status.SNAKE, 0.01
3328, 13, 88, Status.SNAKE, 0.01
3329, 14, 89, Status.WALL, 0.01
3330, 14, 87, Status.SNAKE, 0.01
3331, 10, 96, Status.WALL, 0.01
3332, 7, 42, Status.SNAKE, 0.01
3333, 12, 92, Status.WALL, 0.01
3334, 14, 86, Status.SNAKE, 0.01
3335, 2, 15, Status.WALL, 0.01
3336, 9, 66, Status.SNAKE, 0.01
3337, 9, 57, Status.WALL, 0.01
3338, 8, 58, Status.SNAKE, 0.01
3339, 6, 37, Status.SNAKE, 0.01
3340, 13, 91, Status.SNAKE, 0.01
3341, 1, 3, Status.SNAKE, 0.01
3342, 9, 50, Status.SNAKE, 0.01
3343, 8, 53, Status.SNAKE, 0.01
3344, 6, 29, Status.WALL, 0.01
3345, 10, 64, Status.SNAKE, 0.01
3346, 11, 82, Status.SNAKE, 0.01
3347, 9, 42, Status.SNAKE, 0.01
3348, 4, 21, Status.SNAKE, 0.01
3349, 6, 47, Status.SNAKE, 0.01
3350, 9, 60, Status.SNAKE, 0.01
3351, 10, 62, Status.SNAKE, 0.01
3352, 15, 94, Status.SNAKE, 0.01
3353, 0, 7, Status.WALL, 0.01
3354, 8, 44, Status.SNAKE, 0.01
3355, 10, 75, Status.SNAKE, 0.01
3356, 8, 51, Status.SNAKE, 0.01
3357, 11, 91, Status.SNAKE, 0.01
3358, 10, 64, Status.SNAKE, 0.01
3359, 4, 27, Status.SNAKE, 0.01
3360, 1, 7, Status.WALL, 0.01
3361, 4, 22, Status.SNAKE, 0.01
3362, 4, 22, Status.SNAKE, 0.01
3363, 1, 5, Status.SNAKE, 0.01
3364, 8, 72, Status.WALL, 0.01
3365, 3, 43, Status.WALL, 0.01
3366, 2, 8, Status.WALL, 0.01
3367, 0, 7, Status.WALL, 0.01
3368, 9, 62, Status.SNAKE, 0.01
3369, 13, 93, Status.SNAKE, 0.01
3370, 14, 101, Status.SNAKE, 0.01
3371, 14, 84, Status.SNAKE, 0.01
3372, 4, 23, Status.SNAKE, 0.01
3373, 4, 29, Status.WALL, 0.01
3374, 10, 50, Status.SNAKE, 0.01
3375, 12, 75, Status.SNAKE, 0.01
3376, 16, 119, Status.SNAKE, 0.01
3377, 10, 64, Status.SNAKE, 0.01
3378, 5, 26, Status.SNAKE, 0.01
3379, 5, 34, Status.SNAKE, 0.01
3380, 9, 59, Status.SNAKE, 0.01
3381, 4, 35, Status.WALL, 0.01
3382, 3, 21, Status.WALL, 0.01
3383, 19, 130, Status.WALL, 0.01
3384, 15, 90, Status.SNAKE, 0.01
3385, 11, 61, Status.SNAKE, 0.01
3386, 9, 56, Status.SNAKE, 0.01
3387, 5, 25, Status.SNAKE, 0.01
3388, 7, 30, Status.SNAKE, 0.01
3389, 11, 72, Status.WALL, 0.01
3390, 7, 41, Status.WALL, 0.01
3391, 7, 44, Status.SNAKE, 0.01
3392, 11, 72, Status.SNAKE, 0.01
3393, 0, 8, Status.WALL, 0.01
3394, 6, 46, Status.SNAKE, 0.01
3395, 9, 70, Status.SNAKE, 0.01
3396, 19, 125, Status.WALL, 0.01
3397, 8, 61, Status.SNAKE, 0.01
3398, 9, 48, Status.SNAKE, 0.01
3399, 6, 29, Status.SNAKE, 0.01
3400, 0, 10, Status.WALL, 0.01
3401, 7, 34, Status.SNAKE, 0.01
3402, 7, 46, Status.WALL, 0.01
3403, 2, 14, Status.WALL, 0.01
3404, 15, 89, Status.SNAKE, 0.01
3405, 15, 115, Status.SNAKE, 0.01
3406, 10, 64, Status.SNAKE, 0.01
3407, 9, 55, Status.SNAKE, 0.01
3408, 12, 99, Status.SNAKE, 0.01
3409, 7, 46, Status.SNAKE, 0.01
3410, 11, 59, Status.SNAKE, 0.01
3411, 9, 70, Status.WALL, 0.01
3412, 2, 9, Status.WALL, 0.01
3413, 13, 84, Status.SNAKE, 0.01
3414, 8, 53, Status.WALL, 0.01
3415, 9, 56, Status.WALL, 0.01
3416, 12, 80, Status.WALL, 0.01
3417, 7, 46, Status.SNAKE, 0.01
3418, 2, 13, Status.SNAKE, 0.01
3419, 7, 68, Status.SNAKE, 0.01
3420, 10, 74, Status.WALL, 0.01
3421, 11, 71, Status.SNAKE, 0.01
3422, 5, 35, Status.SNAKE, 0.01
3423, 10, 82, Status.SNAKE, 0.01
3424, 7, 66, Status.SNAKE, 0.01
3425, 6, 50, Status.WALL, 0.01
3426, 17, 94, Status.SNAKE, 0.01
3427, 10, 62, Status.SNAKE, 0.01
3428, 14, 105, Status.SNAKE, 0.01
3429, 5, 23, Status.SNAKE, 0.01
3430, 3, 17, Status.SNAKE, 0.01
3431, 6, 40, Status.SNAKE, 0.01
3432, 8, 43, Status.SNAKE, 0.01
3433, 9, 74, Status.WALL, 0.01
3434, 4, 33, Status.SNAKE, 0.01
3435, 17, 92, Status.SNAKE, 0.01
3436, 10, 55, Status.SNAKE, 0.01
3437, 7, 40, Status.SNAKE, 0.01
3438, 6, 43, Status.WALL, 0.01
3439, 11, 63, Status.SNAKE, 0.01
3440, 14, 79, Status.SNAKE, 0.01
3441, 10, 61, Status.SNAKE, 0.01
3442, 6, 37, Status.SNAKE, 0.01
3443, 13, 90, Status.SNAKE, 0.01
3444, 9, 65, Status.SNAKE, 0.01
3445, 2, 5, Status.SNAKE, 0.01
3446, 8, 48, Status.SNAKE, 0.01
3447, 2, 15, Status.WALL, 0.01
3448, 4, 35, Status.WALL, 0.01
3449, 18, 126, Status.WALL, 0.01
3450, 12, 93, Status.SNAKE, 0.01
3451, 14, 89, Status.SNAKE, 0.01
3452, 13, 85, Status.SNAKE, 0.01
3453, 6, 30, Status.SNAKE, 0.01
3454, 15, 88, Status.SNAKE, 0.01
3455, 7, 43, Status.SNAKE, 0.01
3456, 8, 60, Status.WALL, 0.01
3457, 7, 40, Status.SNAKE, 0.01
3458, 7, 62, Status.WALL, 0.01
3459, 6, 47, Status.SNAKE, 0.01
3460, 9, 74, Status.SNAKE, 0.01
3461, 15, 103, Status.SNAKE, 0.01
3462, 13, 86, Status.SNAKE, 0.01
3463, 15, 93, Status.SNAKE, 0.01
3464, 11, 91, Status.SNAKE, 0.01
3465, 4, 28, Status.SNAKE, 0.01
3466, 10, 110, Status.WALL, 0.01
3467, 11, 78, Status.SNAKE, 0.01
3468, 4, 25, Status.WALL, 0.01
3469, 7, 26, Status.WALL, 0.01
3470, 4, 42, Status.WALL, 0.01
3471, 10, 77, Status.SNAKE, 0.01
3472, 4, 19, Status.WALL, 0.01
3473, 9, 46, Status.SNAKE, 0.01
3474, 6, 28, Status.WALL, 0.01
3475, 6, 48, Status.SNAKE, 0.01
3476, 10, 66, Status.SNAKE, 0.01
3477, 1, 3, Status.SNAKE, 0.01
3478, 7, 39, Status.SNAKE, 0.01
3479, 7, 60, Status.SNAKE, 0.01
3480, 23, 206, Status.SNAKE, 0.01
3481, 4, 23, Status.SNAKE, 0.01
3482, 3, 16, Status.SNAKE, 0.01
3483, 13, 108, Status.SNAKE, 0.01
3484, 5, 35, Status.SNAKE, 0.01
3485, 11, 85, Status.SNAKE, 0.01
3486, 19, 97, Status.SNAKE, 0.01
3487, 7, 45, Status.SNAKE, 0.01
3488, 10, 83, Status.SNAKE, 0.01
3489, 16, 106, Status.SNAKE, 0.01
3490, 21, 134, Status.SNAKE, 0.01
3491, 13, 60, Status.WALL, 0.01
3492, 8, 63, Status.WALL, 0.01
3493, 3, 36, Status.SNAKE, 0.01
3494, 12, 74, Status.SNAKE, 0.01
3495, 4, 24, Status.SNAKE, 0.01
3496, 11, 81, Status.SNAKE, 0.01
3497, 1, 3, Status.SNAKE, 0.01
3498, 5, 38, Status.WALL, 0.01
3499, 4, 29, Status.SNAKE, 0.01
3500, 11, 89, Status.SNAKE, 0.01
3501, 7, 48, Status.SNAKE, 0.01
3502, 16, 117, Status.SNAKE, 0.01
3503, 1, 8, Status.WALL, 0.01
3504, 7, 51, Status.SNAKE, 0.01
3505, 9, 52, Status.SNAKE, 0.01
3506, 13, 75, Status.SNAKE, 0.01
3507, 9, 55, Status.WALL, 0.01
3508, 4, 20, Status.SNAKE, 0.01
3509, 12, 105, Status.SNAKE, 0.01
3510, 10, 92, Status.SNAKE, 0.01
3511, 10, 76, Status.SNAKE, 0.01
3512, 6, 36, Status.WALL, 0.01
3513, 10, 58, Status.SNAKE, 0.01
3514, 2, 11, Status.SNAKE, 0.01
3515, 13, 71, Status.SNAKE, 0.01
3516, 9, 65, Status.SNAKE, 0.01
3517, 10, 74, Status.SNAKE, 0.01
3518, 12, 73, Status.WALL, 0.01
3519, 13, 107, Status.SNAKE, 0.01
3520, 11, 66, Status.SNAKE, 0.01
3521, 5, 60, Status.SNAKE, 0.01
3522, 2, 17, Status.SNAKE, 0.01
3523, 4, 17, Status.WALL, 0.01
3524, 9, 58, Status.SNAKE, 0.01
3525, 15, 114, Status.SNAKE, 0.01
3526, 12, 70, Status.SNAKE, 0.01
3527, 8, 51, Status.SNAKE, 0.01
3528, 5, 35, Status.SNAKE, 0.01
3529, 7, 40, Status.SNAKE, 0.01
3530, 12, 85, Status.SNAKE, 0.01
3531, 5, 37, Status.WALL, 0.01
3532, 5, 26, Status.SNAKE, 0.01
3533, 5, 42, Status.SNAKE, 0.01
3534, 14, 134, Status.SNAKE, 0.01
3535, 15, 129, Status.SNAKE, 0.01
3536, 12, 85, Status.WALL, 0.01
3537, 11, 73, Status.SNAKE, 0.01
3538, 15, 88, Status.SNAKE, 0.01
3539, 13, 89, Status.SNAKE, 0.01
3540, 6, 26, Status.SNAKE, 0.01
3541, 18, 129, Status.WALL, 0.01
3542, 2, 14, Status.SNAKE, 0.01
3543, 9, 58, Status.SNAKE, 0.01
3544, 12, 93, Status.WALL, 0.01
3545, 8, 45, Status.SNAKE, 0.01
3546, 16, 105, Status.SNAKE, 0.01
3547, 13, 85, Status.WALL, 0.01
3548, 13, 70, Status.WALL, 0.01
3549, 3, 21, Status.SNAKE, 0.01
3550, 9, 57, Status.SNAKE, 0.01
3551, 7, 64, Status.SNAKE, 0.01
3552, 10, 90, Status.SNAKE, 0.01
3553, 3, 10, Status.WALL, 0.01
3554, 15, 116, Status.SNAKE, 0.01
3555, 1, 9, Status.WALL, 0.01
3556, 7, 33, Status.SNAKE, 0.01
3557, 8, 37, Status.SNAKE, 0.01
3558, 9, 57, Status.SNAKE, 0.01
3559, 3, 21, Status.SNAKE, 0.01
3560, 10, 66, Status.SNAKE, 0.01
3561, 18, 132, Status.SNAKE, 0.01
3562, 4, 37, Status.WALL, 0.01
3563, 6, 49, Status.SNAKE, 0.01
3564, 5, 49, Status.SNAKE, 0.01
3565, 18, 128, Status.WALL, 0.01
3566, 16, 113, Status.WALL, 0.01
3567, 7, 51, Status.SNAKE, 0.01
3568, 9, 60, Status.SNAKE, 0.01
3569, 10, 98, Status.SNAKE, 0.01
3570, 7, 52, Status.SNAKE, 0.01
3571, 15, 84, Status.SNAKE, 0.01
3572, 17, 84, Status.SNAKE, 0.01
3573, 2, 15, Status.WALL, 0.01
3574, 8, 52, Status.SNAKE, 0.01
3575, 3, 25, Status.WALL, 0.01
3576, 8, 66, Status.SNAKE, 0.01
3577, 14, 90, Status.WALL, 0.01
3578, 11, 105, Status.SNAKE, 0.01
3579, 5, 45, Status.SNAKE, 0.01
3580, 11, 74, Status.SNAKE, 0.01
3581, 4, 20, Status.SNAKE, 0.01
3582, 11, 69, Status.SNAKE, 0.01
3583, 16, 116, Status.WALL, 0.01
3584, 7, 59, Status.SNAKE, 0.01
3585, 10, 114, Status.WALL, 0.01
3586, 1, 5, Status.SNAKE, 0.01
3587, 8, 64, Status.SNAKE, 0.01
3588, 5, 46, Status.SNAKE, 0.01
3589, 12, 103, Status.SNAKE, 0.01
3590, 12, 92, Status.SNAKE, 0.01
3591, 10, 45, Status.WALL, 0.01
3592, 19, 114, Status.SNAKE, 0.01
3593, 9, 79, Status.SNAKE, 0.01
3594, 7, 46, Status.SNAKE, 0.01
3595, 11, 93, Status.SNAKE, 0.01
3596, 3, 15, Status.SNAKE, 0.01
3597, 15, 92, Status.SNAKE, 0.01
3598, 15, 108, Status.WALL, 0.01
3599, 9, 50, Status.SNAKE, 0.01
3600, 13, 92, Status.SNAKE, 0.01
3601, 15, 85, Status.SNAKE, 0.01
3602, 10, 62, Status.SNAKE, 0.01
3603, 5, 48, Status.WALL, 0.01
3604, 1, 6, Status.WALL, 0.01
3605, 13, 80, Status.SNAKE, 0.01
3606, 7, 48, Status.SNAKE, 0.01
3607, 9, 67, Status.SNAKE, 0.01
3608, 12, 112, Status.WALL, 0.01
3609, 7, 73, Status.SNAKE, 0.01
3610, 14, 118, Status.SNAKE, 0.01
3611, 10, 67, Status.WALL, 0.01
3612, 7, 48, Status.SNAKE, 0.01
3613, 2, 30, Status.WALL, 0.01
3614, 4, 9, Status.SNAKE, 0.01
3615, 14, 107, Status.SNAKE, 0.01
3616, 8, 69, Status.SNAKE, 0.01
3617, 3, 13, Status.SNAKE, 0.01
3618, 17, 121, Status.SNAKE, 0.01
3619, 5, 48, Status.SNAKE, 0.01
3620, 6, 45, Status.SNAKE, 0.01
3621, 5, 54, Status.SNAKE, 0.01
3622, 14, 132, Status.SNAKE, 0.01
3623, 5, 40, Status.SNAKE, 0.01
3624, 7, 49, Status.SNAKE, 0.01
3625, 3, 23, Status.WALL, 0.01
3626, 6, 41, Status.SNAKE, 0.01
3627, 6, 53, Status.WALL, 0.01
3628, 10, 75, Status.SNAKE, 0.01
3629, 5, 27, Status.SNAKE, 0.01
3630, 11, 77, Status.SNAKE, 0.01
3631, 9, 64, Status.SNAKE, 0.01
3632, 13, 98, Status.SNAKE, 0.01
3633, 14, 94, Status.SNAKE, 0.01
3634, 12, 111, Status.WALL, 0.01
3635, 16, 123, Status.SNAKE, 0.01
3636, 17, 106, Status.WALL, 0.01
3637, 5, 37, Status.SNAKE, 0.01
3638, 6, 42, Status.SNAKE, 0.01
3639, 6, 53, Status.SNAKE, 0.01
3640, 3, 21, Status.SNAKE, 0.01
3641, 9, 58, Status.SNAKE, 0.01
3642, 12, 81, Status.SNAKE, 0.01
3643, 13, 97, Status.SNAKE, 0.01
3644, 1, 8, Status.WALL, 0.01
3645, 12, 97, Status.SNAKE, 0.01
3646, 3, 9, Status.SNAKE, 0.01
3647, 3, 25, Status.SNAKE, 0.01
3648, 8, 60, Status.SNAKE, 0.01
3649, 9, 58, Status.WALL, 0.01
3650, 9, 50, Status.SNAKE, 0.01
3651, 4, 16, Status.SNAKE, 0.01
3652, 15, 99, Status.SNAKE, 0.01
3653, 14, 104, Status.WALL, 0.01
3654, 5, 30, Status.SNAKE, 0.01
3655, 9, 68, Status.SNAKE, 0.01
3656, 6, 52, Status.SNAKE, 0.01
3657, 4, 19, Status.SNAKE, 0.01
3658, 12, 81, Status.SNAKE, 0.01
3659, 6, 29, Status.SNAKE, 0.01
3660, 4, 33, Status.SNAKE, 0.01
3661, 13, 105, Status.SNAKE, 0.01
3662, 13, 82, Status.SNAKE, 0.01
3663, 10, 76, Status.SNAKE, 0.01
3664, 13, 79, Status.SNAKE, 0.01
3665, 7, 58, Status.WALL, 0.01
3666, 5, 37, Status.SNAKE, 0.01
3667, 6, 38, Status.SNAKE, 0.01
3668, 7, 54, Status.SNAKE, 0.01
3669, 11, 80, Status.SNAKE, 0.01
3670, 14, 109, Status.SNAKE, 0.01
3671, 6, 36, Status.SNAKE, 0.01
3672, 1, 5, Status.SNAKE, 0.01
3673, 8, 39, Status.SNAKE, 0.01
3674, 11, 55, Status.SNAKE, 0.01
3675, 6, 66, Status.SNAKE, 0.01
3676, 3, 22, Status.SNAKE, 0.01
3677, 14, 120, Status.SNAKE, 0.01
3678, 16, 106, Status.SNAKE, 0.01
3679, 6, 37, Status.WALL, 0.01
3680, 6, 35, Status.WALL, 0.01
3681, 10, 66, Status.SNAKE, 0.01
3682, 9, 62, Status.SNAKE, 0.01
3683, 14, 102, Status.SNAKE, 0.01
3684, 6, 44, Status.SNAKE, 0.01
3685, 8, 55, Status.WALL, 0.01
3686, 1, 12, Status.WALL, 0.01
3687, 11, 70, Status.SNAKE, 0.01
3688, 3, 17, Status.SNAKE, 0.01
3689, 5, 48, Status.SNAKE, 0.01
3690, 11, 72, Status.SNAKE, 0.01
3691, 8, 58, Status.SNAKE, 0.01
3692, 6, 29, Status.SNAKE, 0.01
3693, 12, 58, Status.SNAKE, 0.01
3694, 16, 103, Status.SNAKE, 0.01
3695, 3, 21, Status.WALL, 0.01
3696, 9, 42, Status.SNAKE, 0.01
3697, 9, 50, Status.WALL, 0.01
3698, 4, 22, Status.SNAKE, 0.01
3699, 9, 64, Status.SNAKE, 0.01
3700, 12, 103, Status.SNAKE, 0.01
3701, 9, 70, Status.SNAKE, 0.01
3702, 9, 69, Status.SNAKE, 0.01
3703, 10, 66, Status.WALL, 0.01
3704, 6, 30, Status.SNAKE, 0.01
3705, 20, 115, Status.SNAKE, 0.01
3706, 10, 59, Status.SNAKE, 0.01
3707, 5, 31, Status.SNAKE, 0.01
3708, 7, 35, Status.SNAKE, 0.01
3709, 18, 127, Status.SNAKE, 0.01
3710, 8, 53, Status.SNAKE, 0.01
3711, 5, 42, Status.WALL, 0.01
3712, 6, 45, Status.SNAKE, 0.01
3713, 1, 5, Status.SNAKE, 0.01
3714, 12, 73, Status.SNAKE, 0.01
3715, 1, 8, Status.WALL, 0.01
3716, 17, 112, Status.SNAKE, 0.01
3717, 7, 34, Status.SNAKE, 0.01
3718, 8, 69, Status.SNAKE, 0.01
3719, 5, 33, Status.SNAKE, 0.01
3720, 12, 115, Status.SNAKE, 0.01
3721, 5, 31, Status.SNAKE, 0.01
3722, 5, 29, Status.SNAKE, 0.01
3723, 20, 153, Status.WALL, 0.01
3724, 3, 20, Status.SNAKE, 0.01
3725, 9, 52, Status.SNAKE, 0.01
3726, 8, 79, Status.SNAKE, 0.01
3727, 5, 38, Status.SNAKE, 0.01
3728, 12, 90, Status.SNAKE, 0.01
3729, 14, 94, Status.SNAKE, 0.01
3730, 13, 104, Status.SNAKE, 0.01
3731, 9, 55, Status.SNAKE, 0.01
3732, 10, 79, Status.WALL, 0.01
3733, 9, 72, Status.WALL, 0.01
3734, 4, 35, Status.SNAKE, 0.01
3735, 7, 54, Status.SNAKE, 0.01
3736, 7, 36, Status.SNAKE, 0.01
3737, 9, 48, Status.SNAKE, 0.01
3738, 13, 103, Status.WALL, 0.01
3739, 10, 82, Status.SNAKE, 0.01
3740, 7, 63, Status.SNAKE, 0.01
3741, 7, 57, Status.SNAKE, 0.01
3742, 9, 67, Status.SNAKE, 0.01
3743, 13, 84, Status.SNAKE, 0.01
3744, 6, 40, Status.SNAKE, 0.01
3745, 5, 59, Status.WALL, 0.01
3746, 1, 11, Status.SNAKE, 0.01
3747, 13, 66, Status.SNAKE, 0.01
3748, 17, 121, Status.SNAKE, 0.01
3749, 8, 33, Status.SNAKE, 0.01
3750, 4, 25, Status.WALL, 0.01
3751, 15, 100, Status.SNAKE, 0.01
3752, 10, 75, Status.SNAKE, 0.01
3753, 12, 104, Status.SNAKE, 0.01
3754, 9, 66, Status.SNAKE, 0.01
3755, 6, 44, Status.WALL, 0.01
3756, 11, 77, Status.SNAKE, 0.01
3757, 7, 61, Status.SNAKE, 0.01
3758, 9, 59, Status.SNAKE, 0.01
3759, 9, 65, Status.SNAKE, 0.01
3760, 16, 117, Status.WALL, 0.01
3761, 17, 105, Status.SNAKE, 0.01
3762, 9, 56, Status.SNAKE, 0.01
3763, 9, 70, Status.SNAKE, 0.01
3764, 9, 46, Status.SNAKE, 0.01
3765, 13, 60, Status.SNAKE, 0.01
3766, 5, 29, Status.SNAKE, 0.01
3767, 10, 64, Status.SNAKE, 0.01
3768, 9, 44, Status.SNAKE, 0.01
3769, 12, 72, Status.SNAKE, 0.01
3770, 14, 91, Status.WALL, 0.01
3771, 10, 69, Status.SNAKE, 0.01
3772, 2, 16, Status.SNAKE, 0.01
3773, 10, 58, Status.SNAKE, 0.01
3774, 9, 76, Status.SNAKE, 0.01
3775, 11, 82, Status.SNAKE, 0.01
3776, 14, 94, Status.SNAKE, 0.01
3777, 12, 100, Status.SNAKE, 0.01
3778, 10, 69, Status.WALL, 0.01
3779, 11, 69, Status.SNAKE, 0.01
3780, 7, 44, Status.SNAKE, 0.01
3781, 1, 5, Status.SNAKE, 0.01
3782, 5, 43, Status.SNAKE, 0.01
3783, 7, 43, Status.SNAKE, 0.01
3784, 9, 60, Status.SNAKE, 0.01
3785, 12, 92, Status.SNAKE, 0.01
3786, 16, 107, Status.SNAKE, 0.01
3787, 14, 131, Status.SNAKE, 0.01
3788, 8, 55, Status.SNAKE, 0.01
3789, 11, 84, Status.SNAKE, 0.01
3790, 10, 66, Status.WALL, 0.01
3791, 16, 108, Status.SNAKE, 0.01
3792, 11, 72, Status.SNAKE, 0.01
3793, 5, 41, Status.SNAKE, 0.01
3794, 14, 79, Status.SNAKE, 0.01
3795, 16, 119, Status.SNAKE, 0.01
3796, 7, 49, Status.SNAKE, 0.01
3797, 3, 9, Status.WALL, 0.01
3798, 2, 10, Status.WALL, 0.01
3799, 15, 106, Status.SNAKE, 0.01
3800, 5, 28, Status.SNAKE, 0.01
3801, 7, 58, Status.SNAKE, 0.01
3802, 15, 121, Status.SNAKE, 0.01
3803, 4, 32, Status.SNAKE, 0.01
3804, 8, 41, Status.SNAKE, 0.01
3805, 10, 74, Status.WALL, 0.01
3806, 8, 62, Status.SNAKE, 0.01
3807, 12, 86, Status.SNAKE, 0.01
3808, 10, 88, Status.SNAKE, 0.01
3809, 10, 80, Status.WALL, 0.01
3810, 13, 78, Status.SNAKE, 0.01
3811, 8, 59, Status.SNAKE, 0.01
3812, 11, 102, Status.SNAKE, 0.01
3813, 14, 83, Status.WALL, 0.01
3814, 8, 44, Status.SNAKE, 0.01
3815, 13, 95, Status.SNAKE, 0.01
3816, 14, 86, Status.SNAKE, 0.01
3817, 14, 108, Status.SNAKE, 0.01
3818, 5, 39, Status.SNAKE, 0.01
3819, 10, 74, Status.SNAKE, 0.01
3820, 18, 127, Status.SNAKE, 0.01
3821, 8, 64, Status.WALL, 0.01
3822, 14, 100, Status.SNAKE, 0.01
3823, 5, 24, Status.SNAKE, 0.01
3824, 9, 61, Status.SNAKE, 0.01
3825, 10, 51, Status.SNAKE, 0.01
3826, 18, 121, Status.WALL, 0.01
3827, 11, 62, Status.WALL, 0.01
3828, 6, 58, Status.SNAKE, 0.01
3829, 12, 81, Status.SNAKE, 0.01
3830, 4, 25, Status.WALL, 0.01
3831, 7, 62, Status.SNAKE, 0.01
3832, 17, 115, Status.SNAKE, 0.01
3833, 1, 5, Status.SNAKE, 0.01
3834, 6, 44, Status.SNAKE, 0.01
3835, 5, 25, Status.SNAKE, 0.01
3836, 7, 53, Status.WALL, 0.01
3837, 17, 127, Status.SNAKE, 0.01
3838, 7, 42, Status.SNAKE, 0.01
3839, 16, 99, Status.SNAKE, 0.01
3840, 14, 109, Status.SNAKE, 0.01
3841, 9, 63, Status.SNAKE, 0.01
3842, 10, 89, Status.WALL, 0.01
3843, 7, 53, Status.SNAKE, 0.01
3844, 6, 32, Status.SNAKE, 0.01
3845, 14, 148, Status.SNAKE, 0.01
3846, 4, 10, Status.WALL, 0.01
3847, 5, 24, Status.SNAKE, 0.01
3848, 4, 37, Status.WALL, 0.01
3849, 20, 162, Status.SNAKE, 0.01
3850, 1, 9, Status.WALL, 0.01
3851, 7, 61, Status.SNAKE, 0.01
3852, 15, 140, Status.WALL, 0.01
3853, 11, 68, Status.SNAKE, 0.01
3854, 13, 77, Status.SNAKE, 0.01
3855, 3, 18, Status.WALL, 0.01
3856, 1, 5, Status.SNAKE, 0.01
3857, 17, 122, Status.SNAKE, 0.01
3858, 8, 51, Status.SNAKE, 0.01
3859, 17, 114, Status.SNAKE, 0.01
3860, 15, 94, Status.SNAKE, 0.01
3861, 3, 16, Status.WALL, 0.01
3862, 7, 59, Status.SNAKE, 0.01
3863, 7, 55, Status.SNAKE, 0.01
3864, 9, 52, Status.SNAKE, 0.01
3865, 1, 8, Status.SNAKE, 0.01
3866, 5, 29, Status.SNAKE, 0.01
3867, 12, 58, Status.SNAKE, 0.01
3868, 7, 38, Status.SNAKE, 0.01
3869, 9, 77, Status.WALL, 0.01
3870, 14, 87, Status.WALL, 0.01
3871, 8, 63, Status.SNAKE, 0.01
3872, 10, 79, Status.SNAKE, 0.01
3873, 17, 115, Status.SNAKE, 0.01
3874, 9, 75, Status.WALL, 0.01
3875, 4, 28, Status.WALL, 0.01
3876, 8, 75, Status.SNAKE, 0.01
3877, 5, 29, Status.WALL, 0.01
3878, 9, 81, Status.SNAKE, 0.01
3879, 11, 69, Status.SNAKE, 0.01
3880, 9, 63, Status.SNAKE, 0.01
3881, 9, 41, Status.SNAKE, 0.01
3882, 13, 88, Status.SNAKE, 0.01
3883, 7, 56, Status.WALL, 0.01
3884, 7, 38, Status.SNAKE, 0.01
3885, 8, 63, Status.SNAKE, 0.01
3886, 6, 30, Status.SNAKE, 0.01
3887, 14, 112, Status.WALL, 0.01
3888, 7, 47, Status.SNAKE, 0.01
3889, 3, 17, Status.SNAKE, 0.01
3890, 9, 72, Status.WALL, 0.01
3891, 10, 66, Status.SNAKE, 0.01
3892, 8, 61, Status.WALL, 0.01
3893, 5, 32, Status.SNAKE, 0.01
3894, 1, 12, Status.SNAKE, 0.01
3895, 16, 130, Status.WALL, 0.01
3896, 8, 59, Status.SNAKE, 0.01
3897, 11, 70, Status.SNAKE, 0.01
3898, 8, 61, Status.SNAKE, 0.01
3899, 7, 40, Status.SNAKE, 0.01
3900, 24, 152, Status.SNAKE, 0.01
3901, 11, 67, Status.SNAKE, 0.01
3902, 4, 27, Status.SNAKE, 0.01
3903, 8, 46, Status.SNAKE, 0.01
3904, 8, 57, Status.SNAKE, 0.01
3905, 14, 109, Status.SNAKE, 0.01
3906, 0, 5, Status.WALL, 0.01
3907, 8, 59, Status.SNAKE, 0.01
3908, 3, 20, Status.SNAKE, 0.01
3909, 13, 79, Status.SNAKE, 0.01
3910, 8, 52, Status.SNAKE, 0.01
3911, 14, 127, Status.SNAKE, 0.01
3912, 8, 57, Status.WALL, 0.01
3913, 4, 28, Status.WALL, 0.01
3914, 15, 115, Status.SNAKE, 0.01
3915, 11, 95, Status.SNAKE, 0.01
3916, 3, 16, Status.SNAKE, 0.01
3917, 9, 86, Status.SNAKE, 0.01
3918, 9, 58, Status.WALL, 0.01
3919, 10, 97, Status.WALL, 0.01
3920, 12, 75, Status.SNAKE, 0.01
3921, 15, 120, Status.WALL, 0.01
3922, 7, 65, Status.SNAKE, 0.01
3923, 11, 100, Status.WALL, 0.01
3924, 12, 102, Status.SNAKE, 0.01
3925, 9, 56, Status.SNAKE, 0.01
3926, 20, 164, Status.SNAKE, 0.01
3927, 13, 79, Status.SNAKE, 0.01
3928, 8, 48, Status.SNAKE, 0.01
3929, 13, 97, Status.SNAKE, 0.01
3930, 4, 29, Status.SNAKE, 0.01
3931, 3, 23, Status.SNAKE, 0.01
3932, 3, 12, Status.WALL, 0.01
3933, 13, 92, Status.SNAKE, 0.01
3934, 4, 21, Status.SNAKE, 0.01
3935, 6, 33, Status.SNAKE, 0.01
3936, 14, 68, Status.WALL, 0.01
3937, 10, 67, Status.SNAKE, 0.01
3938, 12, 93, Status.WALL, 0.01
3939, 7, 36, Status.SNAKE, 0.01
3940, 8, 47, Status.SNAKE, 0.01
3941, 16, 147, Status.SNAKE, 0.01
3942, 6, 44, Status.SNAKE, 0.01
3943, 5, 28, Status.SNAKE, 0.01
3944, 7, 52, Status.SNAKE, 0.01
3945, 18, 113, Status.SNAKE, 0.01
3946, 4, 37, Status.WALL, 0.01
3947, 8, 56, Status.SNAKE, 0.01
3948, 13, 94, Status.SNAKE, 0.01
3949, 9, 60, Status.SNAKE, 0.01
3950, 11, 104, Status.SNAKE, 0.01
3951, 12, 54, Status.SNAKE, 0.01
3952, 13, 91, Status.SNAKE, 0.01
3953, 11, 78, Status.SNAKE, 0.01
3954, 3, 20, Status.WALL, 0.01
3955, 8, 60, Status.SNAKE, 0.01
3956, 10, 73, Status.WALL, 0.01
3957, 2, 11, Status.SNAKE, 0.01
3958, 10, 64, Status.SNAKE, 0.01
3959, 6, 49, Status.SNAKE, 0.01
3960, 19, 140, Status.SNAKE, 0.01
3961, 6, 39, Status.SNAKE, 0.01
3962, 13, 86, Status.SNAKE, 0.01
3963, 9, 55, Status.SNAKE, 0.01
3964, 7, 37, Status.SNAKE, 0.01
3965, 15, 92, Status.SNAKE, 0.01
3966, 13, 83, Status.SNAKE, 0.01
3967, 12, 82, Status.SNAKE, 0.01
3968, 7, 45, Status.WALL, 0.01
3969, 8, 59, Status.WALL, 0.01
3970, 14, 117, Status.SNAKE, 0.01
3971, 11, 70, Status.WALL, 0.01
3972, 14, 111, Status.SNAKE, 0.01
3973, 1, 3, Status.SNAKE, 0.01
3974, 8, 71, Status.WALL, 0.01
3975, 11, 88, Status.SNAKE, 0.01
3976, 13, 70, Status.WALL, 0.01
3977, 13, 106, Status.SNAKE, 0.01
3978, 11, 67, Status.SNAKE, 0.01
3979, 11, 81, Status.SNAKE, 0.01
3980, 3, 16, Status.SNAKE, 0.01
3981, 10, 89, Status.SNAKE, 0.01
3982, 4, 25, Status.WALL, 0.01
3983, 2, 9, Status.SNAKE, 0.01
3984, 11, 64, Status.SNAKE, 0.01
3985, 13, 64, Status.WALL, 0.01
3986, 9, 62, Status.SNAKE, 0.01
3987, 13, 68, Status.SNAKE, 0.01
3988, 4, 25, Status.WALL, 0.01
3989, 6, 52, Status.SNAKE, 0.01
3990, 3, 23, Status.SNAKE, 0.01
3991, 5, 44, Status.SNAKE, 0.01
3992, 5, 22, Status.WALL, 0.01
3993, 12, 87, Status.WALL, 0.01
3994, 7, 32, Status.SNAKE, 0.01
3995, 10, 77, Status.SNAKE, 0.01
3996, 15, 127, Status.SNAKE, 0.01
3997, 16, 117, Status.SNAKE, 0.01
3998, 5, 36, Status.SNAKE, 0.01
3999, 6, 39, Status.SNAKE, 0.01
4000, 7, 37, Status.SNAKE, 0.01
4001, 1, 5, Status.SNAKE, 0.01
4002, 6, 36, Status.SNAKE, 0.01
4003, 12, 68, Status.WALL, 0.01
4004, 12, 78, Status.SNAKE, 0.01
4005, 8, 54, Status.SNAKE, 0.01
4006, 7, 45, Status.SNAKE, 0.01
4007, 2, 5, Status.SNAKE, 0.01
4008, 11, 57, Status.SNAKE, 0.01
4009, 4, 24, Status.SNAKE, 0.01
4010, 10, 74, Status.SNAKE, 0.01
4011, 1, 5, Status.SNAKE, 0.01
4012, 8, 47, Status.SNAKE, 0.01
4013, 12, 95, Status.SNAKE, 0.01
4014, 10, 68, Status.SNAKE, 0.01
4015, 12, 94, Status.SNAKE, 0.01
4016, 15, 111, Status.SNAKE, 0.01
4017, 12, 85, Status.SNAKE, 0.01
4018, 5, 17, Status.SNAKE, 0.01
4019, 4, 27, Status.WALL, 0.01
4020, 5, 52, Status.WALL, 0.01
4021, 16, 108, Status.SNAKE, 0.01
4022, 3, 27, Status.WALL, 0.01
4023, 4, 22, Status.SNAKE, 0.01
4024, 9, 63, Status.SNAKE, 0.01
4025, 6, 35, Status.WALL, 0.01
4026, 6, 43, Status.SNAKE, 0.01
4027, 6, 31, Status.SNAKE, 0.01
4028, 14, 132, Status.SNAKE, 0.01
4029, 3, 34, Status.WALL, 0.01
4030, 8, 46, Status.SNAKE, 0.01
4031, 4, 29, Status.SNAKE, 0.01
4032, 11, 86, Status.SNAKE, 0.01
4033, 8, 60, Status.SNAKE, 0.01
4034, 10, 103, Status.SNAKE, 0.01
4035, 11, 34, Status.SNAKE, 0.01
4036, 9, 72, Status.WALL, 0.01
4037, 13, 81, Status.SNAKE, 0.01
4038, 15, 89, Status.SNAKE, 0.01
4039, 9, 58, Status.SNAKE, 0.01
4040, 6, 34, Status.SNAKE, 0.01
4041, 7, 55, Status.SNAKE, 0.01
4042, 6, 36, Status.SNAKE, 0.01
4043, 12, 69, Status.SNAKE, 0.01
4044, 5, 41, Status.SNAKE, 0.01
4045, 14, 87, Status.SNAKE, 0.01
4046, 9, 73, Status.SNAKE, 0.01
4047, 5, 39, Status.SNAKE, 0.01
4048, 14, 86, Status.SNAKE, 0.01
4049, 7, 32, Status.SNAKE, 0.01
4050, 5, 34, Status.WALL, 0.01
4051, 7, 55, Status.WALL, 0.01
4052, 13, 104, Status.SNAKE, 0.01
4053, 6, 39, Status.SNAKE, 0.01
4054, 8, 64, Status.SNAKE, 0.01
4055, 0, 7, Status.WALL, 0.01
4056, 21, 141, Status.WALL, 0.01
4057, 14, 102, Status.SNAKE, 0.01
4058, 9, 53, Status.WALL, 0.01
4059, 5, 32, Status.SNAKE, 0.01
4060, 9, 57, Status.SNAKE, 0.01
4061, 2, 19, Status.SNAKE, 0.01
4062, 6, 37, Status.SNAKE, 0.01
4063, 9, 60, Status.SNAKE, 0.01
4064, 6, 40, Status.SNAKE, 0.01
4065, 7, 49, Status.SNAKE, 0.01
4066, 13, 95, Status.SNAKE, 0.01
4067, 5, 40, Status.WALL, 0.01
4068, 13, 80, Status.SNAKE, 0.01
4069, 8, 51, Status.SNAKE, 0.01
4070, 7, 52, Status.SNAKE, 0.01
4071, 6, 49, Status.SNAKE, 0.01
4072, 5, 32, Status.WALL, 0.01
4073, 4, 21, Status.SNAKE, 0.01
4074, 7, 57, Status.WALL, 0.01
4075, 10, 53, Status.SNAKE, 0.01
4076, 3, 34, Status.SNAKE, 0.01
4077, 19, 151, Status.SNAKE, 0.01
4078, 14, 106, Status.SNAKE, 0.01
4079, 8, 47, Status.SNAKE, 0.01
4080, 9, 73, Status.SNAKE, 0.01
4081, 9, 61, Status.WALL, 0.01
4082, 15, 89, Status.WALL, 0.01
4083, 6, 37, Status.WALL, 0.01
4084, 5, 20, Status.SNAKE, 0.01
4085, 3, 18, Status.WALL, 0.01
4086, 1, 7, Status.SNAKE, 0.01
4087, 5, 31, Status.SNAKE, 0.01
4088, 2, 13, Status.WALL, 0.01
4089, 10, 65, Status.SNAKE, 0.01
4090, 13, 109, Status.SNAKE, 0.01
4091, 10, 65, Status.SNAKE, 0.01
4092, 13, 101, Status.SNAKE, 0.01
4093, 9, 60, Status.SNAKE, 0.01
4094, 6, 45, Status.SNAKE, 0.01
4095, 12, 64, Status.SNAKE, 0.01
4096, 7, 39, Status.SNAKE, 0.01
4097, 7, 34, Status.WALL, 0.01
4098, 17, 102, Status.SNAKE, 0.01
4099, 4, 32, Status.SNAKE, 0.01
4100, 9, 62, Status.WALL, 0.01
4101, 16, 108, Status.SNAKE, 0.01
4102, 5, 33, Status.SNAKE, 0.01
4103, 5, 49, Status.WALL, 0.01
4104, 8, 51, Status.SNAKE, 0.01
4105, 3, 27, Status.SNAKE, 0.01
4106, 10, 86, Status.SNAKE, 0.01
4107, 4, 22, Status.SNAKE, 0.01
4108, 11, 61, Status.SNAKE, 0.01
4109, 12, 77, Status.SNAKE, 0.01
4110, 12, 60, Status.SNAKE, 0.01
4111, 15, 85, Status.SNAKE, 0.01
4112, 11, 71, Status.SNAKE, 0.01
4113, 21, 180, Status.SNAKE, 0.01
4114, 11, 81, Status.SNAKE, 0.01
4115, 17, 133, Status.SNAKE, 0.01
4116, 6, 38, Status.SNAKE, 0.01
4117, 7, 55, Status.WALL, 0.01
4118, 3, 21, Status.SNAKE, 0.01
4119, 7, 32, Status.SNAKE, 0.01
4120, 3, 27, Status.WALL, 0.01
4121, 10, 79, Status.WALL, 0.01
4122, 2, 18, Status.WALL, 0.01
4123, 9, 79, Status.SNAKE, 0.01
4124, 9, 73, Status.SNAKE, 0.01
4125, 10, 75, Status.SNAKE, 0.01
4126, 7, 46, Status.SNAKE, 0.01
4127, 3, 19, Status.SNAKE, 0.01
4128, 13, 114, Status.SNAKE, 0.01
4129, 24, 146, Status.SNAKE, 0.01
4130, 9, 60, Status.SNAKE, 0.01
4131, 8, 44, Status.SNAKE, 0.01
4132, 7, 44, Status.SNAKE, 0.01
4133, 10, 71, Status.SNAKE, 0.01
4134, 6, 41, Status.WALL, 0.01
4135, 10, 89, Status.WALL, 0.01
4136, 15, 96, Status.SNAKE, 0.01
4137, 11, 64, Status.SNAKE, 0.01
4138, 12, 67, Status.SNAKE, 0.01
4139, 10, 73, Status.WALL, 0.01
4140, 10, 69, Status.SNAKE, 0.01
4141, 3, 23, Status.SNAKE, 0.01
4142, 13, 91, Status.SNAKE, 0.01
4143, 8, 52, Status.SNAKE, 0.01
4144, 12, 87, Status.SNAKE, 0.01
4145, 7, 44, Status.SNAKE, 0.01
4146, 7, 51, Status.SNAKE, 0.01
4147, 11, 82, Status.SNAKE, 0.01
4148, 18, 114, Status.SNAKE, 0.01
4149, 14, 127, Status.WALL, 0.01
4150, 6, 33, Status.SNAKE, 0.01
4151, 13, 106, Status.WALL, 0.01
4152, 9, 71, Status.SNAKE, 0.01
4153, 6, 56, Status.SNAKE, 0.01
4154, 10, 57, Status.SNAKE, 0.01
4155, 12, 89, Status.SNAKE, 0.01
4156, 2, 18, Status.SNAKE, 0.01
4157, 3, 9, Status.WALL, 0.01
4158, 9, 74, Status.SNAKE, 0.01
4159, 5, 49, Status.SNAKE, 0.01
4160, 7, 41, Status.SNAKE, 0.01
4161, 8, 56, Status.WALL, 0.01
4162, 18, 136, Status.SNAKE, 0.01
4163, 13, 114, Status.SNAKE, 0.01
4164, 12, 66, Status.SNAKE, 0.01
4165, 17, 126, Status.SNAKE, 0.01
4166, 9, 54, Status.SNAKE, 0.01
4167, 16, 120, Status.WALL, 0.01
4168, 7, 51, Status.SNAKE, 0.01
4169, 10, 63, Status.SNAKE, 0.01
4170, 9, 65, Status.SNAKE, 0.01
4171, 10, 80, Status.SNAKE, 0.01
4172, 7, 42, Status.SNAKE, 0.01
4173, 2, 13, Status.WALL, 0.01
4174, 17, 121, Status.SNAKE, 0.01
4175, 7, 56, Status.WALL, 0.01
4176, 9, 80, Status.SNAKE, 0.01
4177, 4, 20, Status.WALL, 0.01
4178, 5, 35, Status.SNAKE, 0.01
4179, 2, 13, Status.SNAKE, 0.01
4180, 5, 40, Status.WALL, 0.01
4181, 5, 37, Status.SNAKE, 0.01
4182, 4, 21, Status.SNAKE, 0.01
4183, 4, 44, Status.SNAKE, 0.01
4184, 1, 5, Status.SNAKE, 0.01
4185, 2, 16, Status.WALL, 0.01
4186, 5, 24, Status.SNAKE, 0.01
4187, 5, 43, Status.SNAKE, 0.01
4188, 3, 17, Status.WALL, 0.01
4189, 5, 32, Status.SNAKE, 0.01
4190, 2, 24, Status.WALL, 0.01
4191, 9, 66, Status.SNAKE, 0.01
4192, 5, 28, Status.SNAKE, 0.01
4193, 7, 46, Status.SNAKE, 0.01
4194, 5, 41, Status.SNAKE, 0.01
4195, 11, 74, Status.SNAKE, 0.01
4196, 13, 74, Status.SNAKE, 0.01
4197, 6, 42, Status.SNAKE, 0.01
4198, 13, 112, Status.SNAKE, 0.01
4199, 11, 72, Status.SNAKE, 0.01
4200, 7, 49, Status.WALL, 0.01
4201, 8, 68, Status.SNAKE, 0.01
4202, 5, 39, Status.SNAKE, 0.01
4203, 11, 80, Status.SNAKE, 0.01
4204, 7, 55, Status.SNAKE, 0.01
4205, 15, 117, Status.SNAKE, 0.01
4206, 7, 55, Status.WALL, 0.01
4207, 6, 35, Status.SNAKE, 0.01
4208, 19, 109, Status.SNAKE, 0.01
4209, 5, 33, Status.SNAKE, 0.01
4210, 17, 95, Status.SNAKE, 0.01
4211, 15, 107, Status.SNAKE, 0.01
4212, 11, 87, Status.SNAKE, 0.01
4213, 18, 111, Status.SNAKE, 0.01
4214, 14, 105, Status.SNAKE, 0.01
4215, 3, 22, Status.SNAKE, 0.01
4216, 1, 13, Status.WALL, 0.01
4217, 8, 55, Status.SNAKE, 0.01
4218, 5, 43, Status.WALL, 0.01
4219, 13, 69, Status.SNAKE, 0.01
4220, 16, 128, Status.SNAKE, 0.01
4221, 8, 59, Status.WALL, 0.01
4222, 8, 61, Status.WALL, 0.01
4223, 13, 97, Status.SNAKE, 0.01
4224, 14, 82, Status.SNAKE, 0.01
4225, 16, 106, Status.SNAKE, 0.01
4226, 3, 30, Status.WALL, 0.01
4227, 7, 56, Status.SNAKE, 0.01
4228, 1, 7, Status.SNAKE, 0.01
4229, 8, 73, Status.SNAKE, 0.01
4230, 5, 36, Status.SNAKE, 0.01
4231, 8, 54, Status.SNAKE, 0.01
4232, 5, 31, Status.SNAKE, 0.01
4233, 14, 97, Status.SNAKE, 0.01
4234, 5, 41, Status.SNAKE, 0.01
4235, 3, 19, Status.WALL, 0.01
4236, 5, 24, Status.SNAKE, 0.01
4237, 15, 90, Status.SNAKE, 0.01
4238, 7, 43, Status.WALL, 0.01
4239, 3, 15, Status.SNAKE, 0.01
4240, 10, 54, Status.SNAKE, 0.01
4241, 13, 86, Status.SNAKE, 0.01
4242, 4, 25, Status.SNAKE, 0.01
4243, 3, 19, Status.WALL, 0.01
4244, 8, 47, Status.WALL, 0.01
4245, 5, 31, Status.WALL, 0.01
4246, 6, 49, Status.SNAKE, 0.01
4247, 7, 58, Status.SNAKE, 0.01
4248, 6, 25, Status.WALL, 0.01
4249, 7, 50, Status.SNAKE, 0.01
4250, 12, 120, Status.SNAKE, 0.01
4251, 3, 11, Status.SNAKE, 0.01
4252, 6, 35, Status.SNAKE, 0.01
4253, 8, 62, Status.SNAKE, 0.01
4254, 2, 7, Status.SNAKE, 0.01
4255, 11, 95, Status.SNAKE, 0.01
4256, 4, 17, Status.SNAKE, 0.01
4257, 3, 26, Status.WALL, 0.01
4258, 11, 81, Status.SNAKE, 0.01
4259, 12, 105, Status.SNAKE, 0.01
4260, 9, 59, Status.SNAKE, 0.01
4261, 1, 8, Status.WALL, 0.01
4262, 10, 56, Status.WALL, 0.01
4263, 10, 51, Status.WALL, 0.01
4264, 11, 58, Status.SNAKE, 0.01
4265, 11, 76, Status.SNAKE, 0.01
4266, 7, 63, Status.WALL, 0.01
4267, 11, 82, Status.SNAKE, 0.01
4268, 15, 99, Status.WALL, 0.01
4269, 4, 21, Status.SNAKE, 0.01
4270, 14, 82, Status.SNAKE, 0.01
4271, 15, 110, Status.SNAKE, 0.01
4272, 10, 71, Status.SNAKE, 0.01
4273, 6, 37, Status.WALL, 0.01
4274, 11, 70, Status.SNAKE, 0.01
4275, 9, 48, Status.WALL, 0.01
4276, 5, 30, Status.SNAKE, 0.01
4277, 17, 101, Status.SNAKE, 0.01
4278, 8, 57, Status.SNAKE, 0.01
4279, 10, 41, Status.WALL, 0.01
4280, 6, 45, Status.SNAKE, 0.01
4281, 7, 55, Status.SNAKE, 0.01
4282, 7, 49, Status.SNAKE, 0.01
4283, 15, 95, Status.SNAKE, 0.01
4284, 15, 95, Status.WALL, 0.01
4285, 5, 25, Status.SNAKE, 0.01
4286, 6, 38, Status.WALL, 0.01
4287, 9, 58, Status.SNAKE, 0.01
4288, 8, 40, Status.SNAKE, 0.01
4289, 19, 125, Status.SNAKE, 0.01
4290, 4, 19, Status.SNAKE, 0.01
4291, 5, 39, Status.SNAKE, 0.01
4292, 3, 25, Status.SNAKE, 0.01
4293, 13, 88, Status.SNAKE, 0.01
4294, 7, 49, Status.SNAKE, 0.01
4295, 2, 15, Status.WALL, 0.01
4296, 5, 31, Status.SNAKE, 0.01
4297, 1, 8, Status.WALL, 0.01
4298, 15, 84, Status.SNAKE, 0.01
4299, 11, 97, Status.SNAKE, 0.01
4300, 1, 8, Status.WALL, 0.01
4301, 13, 71, Status.SNAKE, 0.01
4302, 8, 58, Status.SNAKE, 0.01
4303, 6, 46, Status.SNAKE, 0.01
4304, 6, 33, Status.SNAKE, 0.01
4305, 1, 3, Status.SNAKE, 0.01
4306, 5, 48, Status.WALL, 0.01
4307, 5, 32, Status.SNAKE, 0.01
4308, 10, 74, Status.SNAKE, 0.01
4309, 18, 124, Status.WALL, 0.01
4310, 5, 30, Status.SNAKE, 0.01
4311, 12, 98, Status.SNAKE, 0.01
4312, 9, 59, Status.SNAKE, 0.01
4313, 3, 14, Status.SNAKE, 0.01
4314, 8, 51, Status.SNAKE, 0.01
4315, 8, 40, Status.SNAKE, 0.01
4316, 8, 57, Status.SNAKE, 0.01
4317, 9, 40, Status.SNAKE, 0.01
4318, 3, 13, Status.WALL, 0.01
4319, 6, 33, Status.SNAKE, 0.01
4320, 6, 27, Status.SNAKE, 0.01
4321, 3, 13, Status.SNAKE, 0.01
4322, 9, 62, Status.WALL, 0.01
4323, 5, 30, Status.WALL, 0.01
4324, 12, 98, Status.SNAKE, 0.01
4325, 3, 14, Status.SNAKE, 0.01
4326, 7, 51, Status.SNAKE, 0.01
4327, 6, 63, Status.WALL, 0.01
4328, 6, 53, Status.SNAKE, 0.01
4329, 5, 39, Status.SNAKE, 0.01
4330, 2, 16, Status.SNAKE, 0.01
4331, 16, 94, Status.SNAKE, 0.01
4332, 7, 57, Status.SNAKE, 0.01
4333, 11, 62, Status.SNAKE, 0.01
4334, 10, 55, Status.SNAKE, 0.01
4335, 20, 121, Status.WALL, 0.01
4336, 9, 60, Status.SNAKE, 0.01
4337, 8, 39, Status.SNAKE, 0.01
4338, 9, 56, Status.SNAKE, 0.01
4339, 1, 3, Status.SNAKE, 0.01
4340, 8, 62, Status.SNAKE, 0.01
4341, 6, 40, Status.WALL, 0.01
4342, 13, 92, Status.SNAKE, 0.01
4343, 6, 42, Status.SNAKE, 0.01
4344, 9, 51, Status.SNAKE, 0.01
4345, 9, 63, Status.WALL, 0.01
4346, 10, 75, Status.SNAKE, 0.01
4347, 9, 45, Status.WALL, 0.01
4348, 9, 61, Status.SNAKE, 0.01
4349, 3, 22, Status.SNAKE, 0.01
4350, 4, 18, Status.SNAKE, 0.01
4351, 16, 98, Status.WALL, 0.01
4352, 6, 49, Status.WALL, 0.01
4353, 14, 115, Status.SNAKE, 0.01
4354, 2, 13, Status.WALL, 0.01
4355, 4, 18, Status.WALL, 0.01
4356, 9, 69, Status.SNAKE, 0.01
4357, 6, 38, Status.SNAKE, 0.01
4358, 15, 89, Status.SNAKE, 0.01
4359, 1, 10, Status.SNAKE, 0.01
4360, 9, 59, Status.SNAKE, 0.01
4361, 14, 119, Status.SNAKE, 0.01
4362, 7, 47, Status.SNAKE, 0.01
4363, 1, 9, Status.WALL, 0.01
4364, 16, 118, Status.SNAKE, 0.01
4365, 2, 18, Status.WALL, 0.01
4366, 16, 116, Status.SNAKE, 0.01
4367, 7, 30, Status.SNAKE, 0.01
4368, 6, 45, Status.WALL, 0.01
4369, 11, 54, Status.SNAKE, 0.01
4370, 6, 36, Status.SNAKE, 0.01
4371, 12, 70, Status.SNAKE, 0.01
4372, 7, 58, Status.SNAKE, 0.01
4373, 11, 70, Status.SNAKE, 0.01
4374, 2, 8, Status.WALL, 0.01
4375, 9, 65, Status.SNAKE, 0.01
4376, 11, 85, Status.SNAKE, 0.01
4377, 7, 35, Status.SNAKE, 0.01
4378, 4, 39, Status.WALL, 0.01
4379, 6, 18, Status.WALL, 0.01
4380, 2, 24, Status.WALL, 0.01
4381, 9, 57, Status.SNAKE, 0.01
4382, 8, 53, Status.WALL, 0.01
4383, 11, 66, Status.SNAKE, 0.01
4384, 17, 128, Status.SNAKE, 0.01
4385, 7, 37, Status.WALL, 0.01
4386, 11, 71, Status.WALL, 0.01
4387, 5, 47, Status.SNAKE, 0.01
4388, 9, 75, Status.SNAKE, 0.01
4389, 4, 22, Status.SNAKE, 0.01
4390, 4, 18, Status.WALL, 0.01
4391, 15, 83, Status.SNAKE, 0.01
4392, 19, 124, Status.SNAKE, 0.01
4393, 15, 107, Status.SNAKE, 0.01
4394, 11, 78, Status.SNAKE, 0.01
4395, 9, 69, Status.WALL, 0.01
4396, 5, 25, Status.SNAKE, 0.01
4397, 3, 18, Status.SNAKE, 0.01
4398, 12, 66, Status.SNAKE, 0.01
4399, 4, 28, Status.SNAKE, 0.01
4400, 1, 3, Status.SNAKE, 0.01
4401, 5, 42, Status.SNAKE, 0.01
4402, 9, 49, Status.WALL, 0.01
4403, 1, 5, Status.SNAKE, 0.01
4404, 3, 12, Status.SNAKE, 0.01
4405, 5, 33, Status.SNAKE, 0.01
4406, 12, 85, Status.SNAKE, 0.01
4407, 9, 69, Status.WALL, 0.01
4408, 3, 25, Status.SNAKE, 0.01
4409, 7, 64, Status.SNAKE, 0.01
4410, 14, 94, Status.WALL, 0.01
4411, 8, 68, Status.SNAKE, 0.01
4412, 13, 116, Status.SNAKE, 0.01
4413, 13, 59, Status.SNAKE, 0.01
4414, 8, 45, Status.SNAKE, 0.01
4415, 10, 63, Status.WALL, 0.01
4416, 12, 92, Status.SNAKE, 0.01
4417, 15, 109, Status.SNAKE, 0.01
4418, 14, 101, Status.SNAKE, 0.01
4419, 12, 92, Status.SNAKE, 0.01
4420, 7, 56, Status.SNAKE, 0.01
4421, 5, 34, Status.SNAKE, 0.01
4422, 3, 26, Status.WALL, 0.01
4423, 1, 12, Status.WALL, 0.01
4424, 3, 26, Status.SNAKE, 0.01
4425, 7, 51, Status.WALL, 0.01
4426, 11, 62, Status.SNAKE, 0.01
4427, 14, 108, Status.SNAKE, 0.01
4428, 15, 84, Status.SNAKE, 0.01
4429, 15, 125, Status.SNAKE, 0.01
4430, 7, 45, Status.SNAKE, 0.01
4431, 2, 10, Status.SNAKE, 0.01
4432, 6, 62, Status.SNAKE, 0.01
4433, 13, 86, Status.SNAKE, 0.01
4434, 12, 73, Status.SNAKE, 0.01
4435, 14, 104, Status.SNAKE, 0.01
4436, 18, 133, Status.SNAKE, 0.01
4437, 13, 63, Status.WALL, 0.01
4438, 12, 92, Status.SNAKE, 0.01
4439, 3, 12, Status.WALL, 0.01
4440, 2, 18, Status.SNAKE, 0.01
4441, 5, 39, Status.SNAKE, 0.01
4442, 2, 10, Status.WALL, 0.01
4443, 7, 38, Status.SNAKE, 0.01
4444, 3, 17, Status.SNAKE, 0.01
4445, 11, 77, Status.SNAKE, 0.01
4446, 7, 46, Status.WALL, 0.01
4447, 16, 110, Status.SNAKE, 0.01
4448, 12, 91, Status.WALL, 0.01
4449, 4, 25, Status.SNAKE, 0.01
4450, 12, 79, Status.SNAKE, 0.01
4451, 13, 81, Status.SNAKE, 0.01
4452, 6, 31, Status.SNAKE, 0.01
4453, 14, 78, Status.SNAKE, 0.01
4454, 14, 82, Status.WALL, 0.01
4455, 9, 69, Status.SNAKE, 0.01
4456, 8, 52, Status.WALL, 0.01
4457, 7, 56, Status.SNAKE, 0.01
4458, 5, 22, Status.WALL, 0.01
4459, 2, 17, Status.WALL, 0.01
4460, 3, 16, Status.WALL, 0.01
4461, 17, 142, Status.SNAKE, 0.01
4462, 22, 151, Status.SNAKE, 0.01
4463, 14, 104, Status.SNAKE, 0.01
4464, 8, 58, Status.SNAKE, 0.01
4465, 8, 54, Status.SNAKE, 0.01
4466, 12, 84, Status.SNAKE, 0.01
4467, 5, 20, Status.SNAKE, 0.01
4468, 10, 69, Status.WALL, 0.01
4469, 5, 29, Status.SNAKE, 0.01
4470, 16, 144, Status.SNAKE, 0.01
4471, 19, 123, Status.WALL, 0.01
4472, 7, 42, Status.WALL, 0.01
4473, 8, 60, Status.SNAKE, 0.01
4474, 11, 61, Status.SNAKE, 0.01
4475, 6, 34, Status.SNAKE, 0.01
4476, 12, 114, Status.SNAKE, 0.01
4477, 1, 3, Status.SNAKE, 0.01
4478, 8, 51, Status.SNAKE, 0.01
4479, 4, 22, Status.SNAKE, 0.01
4480, 4, 19, Status.SNAKE, 0.01
4481, 1, 3, Status.SNAKE, 0.01
4482, 6, 33, Status.SNAKE, 0.01
4483, 5, 25, Status.SNAKE, 0.01
4484, 12, 58, Status.SNAKE, 0.01
4485, 13, 77, Status.SNAKE, 0.01
4486, 11, 71, Status.SNAKE, 0.01
4487, 7, 40, Status.SNAKE, 0.01
4488, 5, 47, Status.WALL, 0.01
4489, 6, 34, Status.WALL, 0.01
4490, 8, 55, Status.SNAKE, 0.01
4491, 9, 61, Status.SNAKE, 0.01
4492, 10, 63, Status.SNAKE, 0.01
4493, 5, 36, Status.SNAKE, 0.01
4494, 16, 96, Status.WALL, 0.01
4495, 6, 40, Status.SNAKE, 0.01
4496, 12, 84, Status.WALL, 0.01
4497, 6, 45, Status.SNAKE, 0.01
4498, 2, 10, Status.WALL, 0.01
4499, 17, 107, Status.WALL, 0.01
4500, 14, 84, Status.SNAKE, 0.01
4501, 5, 32, Status.SNAKE, 0.01
4502, 9, 55, Status.SNAKE, 0.01
4503, 5, 42, Status.SNAKE, 0.01
4504, 13, 85, Status.SNAKE, 0.01
4505, 9, 47, Status.SNAKE, 0.01
4506, 12, 73, Status.WALL, 0.01
4507, 5, 37, Status.SNAKE, 0.01
4508, 9, 71, Status.SNAKE, 0.01
4509, 11, 74, Status.SNAKE, 0.01
4510, 4, 25, Status.SNAKE, 0.01
4511, 5, 40, Status.SNAKE, 0.01
4512, 13, 63, Status.SNAKE, 0.01
4513, 5, 34, Status.SNAKE, 0.01
4514, 12, 101, Status.SNAKE, 0.01
4515, 17, 111, Status.SNAKE, 0.01
4516, 13, 105, Status.SNAKE, 0.01
4517, 3, 10, Status.SNAKE, 0.01
4518, 22, 140, Status.SNAKE, 0.01
4519, 11, 72, Status.SNAKE, 0.01
4520, 7, 47, Status.SNAKE, 0.01
4521, 4, 35, Status.SNAKE, 0.01
4522, 4, 29, Status.SNAKE, 0.01
4523, 11, 77, Status.SNAKE, 0.01
4524, 15, 96, Status.SNAKE, 0.01
4525, 20, 131, Status.SNAKE, 0.01
4526, 5, 33, Status.WALL, 0.01
4527, 5, 31, Status.SNAKE, 0.01
4528, 6, 38, Status.SNAKE, 0.01
4529, 9, 75, Status.SNAKE, 0.01
4530, 11, 73, Status.SNAKE, 0.01
4531, 16, 108, Status.SNAKE, 0.01
4532, 12, 93, Status.WALL, 0.01
4533, 7, 36, Status.SNAKE, 0.01
4534, 16, 128, Status.WALL, 0.01
4535, 9, 48, Status.SNAKE, 0.01
4536, 6, 33, Status.WALL, 0.01
4537, 8, 55, Status.SNAKE, 0.01
4538, 8, 58, Status.SNAKE, 0.01
4539, 12, 67, Status.SNAKE, 0.01
4540, 4, 40, Status.WALL, 0.01
4541, 6, 40, Status.SNAKE, 0.01
4542, 11, 64, Status.SNAKE, 0.01
4543, 5, 36, Status.WALL, 0.01
4544, 8, 50, Status.SNAKE, 0.01
4545, 7, 45, Status.SNAKE, 0.01
4546, 7, 40, Status.WALL, 0.01
4547, 13, 73, Status.SNAKE, 0.01
4548, 6, 26, Status.SNAKE, 0.01
4549, 8, 54, Status.WALL, 0.01
4550, 11, 78, Status.SNAKE, 0.01
4551, 10, 83, Status.SNAKE, 0.01
4552, 11, 76, Status.WALL, 0.01
4553, 8, 57, Status.SNAKE, 0.01
4554, 5, 34, Status.SNAKE, 0.01
4555, 13, 98, Status.SNAKE, 0.01
4556, 12, 68, Status.WALL, 0.01
4557, 6, 44, Status.SNAKE, 0.01
4558, 13, 93, Status.SNAKE, 0.01
4559, 10, 71, Status.SNAKE, 0.01
4560, 5, 27, Status.SNAKE, 0.01
4561, 15, 125, Status.SNAKE, 0.01
4562, 1, 9, Status.WALL, 0.01
4563, 7, 57, Status.SNAKE, 0.01
4564, 1, 8, Status.WALL, 0.01
4565, 8, 46, Status.SNAKE, 0.01
4566, 18, 87, Status.SNAKE, 0.01
4567, 6, 32, Status.SNAKE, 0.01
4568, 12, 67, Status.SNAKE, 0.01
4569, 12, 76, Status.SNAKE, 0.01
4570, 8, 60, Status.SNAKE, 0.01
4571, 14, 92, Status.SNAKE, 0.01
4572, 5, 33, Status.WALL, 0.01
4573, 4, 26, Status.SNAKE, 0.01
4574, 6, 42, Status.SNAKE, 0.01
4575, 1, 5, Status.SNAKE, 0.01
4576, 9, 45, Status.SNAKE, 0.01
4577, 12, 61, Status.WALL, 0.01
4578, 8, 54, Status.WALL, 0.01
4579, 2, 20, Status.SNAKE, 0.01
4580, 2, 20, Status.WALL, 0.01
4581, 9, 52, Status.SNAKE, 0.01
4582, 11, 98, Status.SNAKE, 0.01
4583, 11, 68, Status.SNAKE, 0.01
4584, 10, 81, Status.SNAKE, 0.01
4585, 10, 54, Status.SNAKE, 0.01
4586, 9, 57, Status.WALL, 0.01
4587, 19, 131, Status.SNAKE, 0.01
4588, 14, 100, Status.SNAKE, 0.01
4589, 3, 8, Status.SNAKE, 0.01
4590, 13, 101, Status.SNAKE, 0.01
4591, 12, 85, Status.SNAKE, 0.01
4592, 11, 65, Status.SNAKE, 0.01
4593, 6, 62, Status.SNAKE, 0.01
4594, 18, 108, Status.WALL, 0.01
4595, 12, 76, Status.SNAKE, 0.01
4596, 11, 79, Status.SNAKE, 0.01
4597, 7, 42, Status.SNAKE, 0.01
4598, 6, 39, Status.SNAKE, 0.01
4599, 11, 70, Status.SNAKE, 0.01
4600, 16, 86, Status.SNAKE, 0.01
4601, 12, 69, Status.WALL, 0.01
4602, 15, 103, Status.SNAKE, 0.01
4603, 5, 39, Status.SNAKE, 0.01
4604, 12, 71, Status.SNAKE, 0.01
4605, 9, 54, Status.SNAKE, 0.01
4606, 6, 31, Status.SNAKE, 0.01
4607, 5, 41, Status.SNAKE, 0.01
4608, 1, 5, Status.SNAKE, 0.01
4609, 11, 61, Status.SNAKE, 0.01
4610, 4, 20, Status.SNAKE, 0.01
4611, 8, 37, Status.SNAKE, 0.01
4612, 7, 39, Status.SNAKE, 0.01
4613, 8, 54, Status.SNAKE, 0.01
4614, 8, 67, Status.WALL, 0.01
4615, 18, 102, Status.SNAKE, 0.01
4616, 20, 133, Status.SNAKE, 0.01
4617, 12, 83, Status.SNAKE, 0.01
4618, 6, 37, Status.WALL, 0.01
4619, 5, 47, Status.SNAKE, 0.01
4620, 16, 99, Status.SNAKE, 0.01
4621, 10, 55, Status.SNAKE, 0.01
4622, 12, 101, Status.SNAKE, 0.01
4623, 4, 18, Status.WALL, 0.01
4624, 7, 29, Status.WALL, 0.01
4625, 3, 18, Status.SNAKE, 0.01
4626, 7, 48, Status.SNAKE, 0.01
4627, 7, 47, Status.WALL, 0.01
4628, 12, 76, Status.SNAKE, 0.01
4629, 12, 102, Status.SNAKE, 0.01
4630, 11, 52, Status.SNAKE, 0.01
4631, 2, 21, Status.WALL, 0.01
4632, 5, 49, Status.SNAKE, 0.01
4633, 15, 128, Status.WALL, 0.01
4634, 7, 56, Status.WALL, 0.01
4635, 2, 10, Status.SNAKE, 0.01
4636, 15, 111, Status.SNAKE, 0.01
4637, 4, 22, Status.SNAKE, 0.01
4638, 6, 35, Status.WALL, 0.01
4639, 8, 56, Status.SNAKE, 0.01
4640, 9, 63, Status.SNAKE, 0.01
4641, 14, 131, Status.WALL, 0.01
4642, 8, 46, Status.SNAKE, 0.01
4643, 8, 54, Status.SNAKE, 0.01
4644, 6, 34, Status.SNAKE, 0.01
4645, 6, 44, Status.WALL, 0.01
4646, 8, 46, Status.SNAKE, 0.01
4647, 11, 80, Status.SNAKE, 0.01
4648, 3, 31, Status.SNAKE, 0.01
4649, 3, 14, Status.WALL, 0.01
4650, 4, 21, Status.WALL, 0.01
4651, 7, 48, Status.SNAKE, 0.01
4652, 3, 28, Status.WALL, 0.01
4653, 8, 61, Status.WALL, 0.01
4654, 13, 111, Status.SNAKE, 0.01
4655, 13, 93, Status.SNAKE, 0.01
4656, 15, 95, Status.SNAKE, 0.01
4657, 8, 72, Status.SNAKE, 0.01
4658, 3, 23, Status.WALL, 0.01
4659, 5, 32, Status.SNAKE, 0.01
4660, 8, 48, Status.SNAKE, 0.01
4661, 16, 93, Status.WALL, 0.01
4662, 9, 80, Status.SNAKE, 0.01
4663, 4, 30, Status.SNAKE, 0.01
4664, 11, 49, Status.WALL, 0.01
4665, 5, 42, Status.WALL, 0.01
4666, 9, 84, Status.SNAKE, 0.01
4667, 16, 124, Status.SNAKE, 0.01
4668, 2, 7, Status.SNAKE, 0.01
4669, 3, 16, Status.SNAKE, 0.01
4670, 7, 41, Status.SNAKE, 0.01
4671, 7, 35, Status.WALL, 0.01
4672, 13, 93, Status.SNAKE, 0.01
4673, 3, 23, Status.SNAKE, 0.01
4674, 2, 16, Status.SNAKE, 0.01
4675, 7, 53, Status.SNAKE, 0.01
4676, 7, 46, Status.SNAKE, 0.01
4677, 12, 71, Status.SNAKE, 0.01
4678, 12, 71, Status.WALL, 0.01
4679, 11, 83, Status.SNAKE, 0.01
4680, 12, 80, Status.SNAKE, 0.01
4681, 5, 38, Status.SNAKE, 0.01
4682, 12, 100, Status.WALL, 0.01
4683, 5, 26, Status.SNAKE, 0.01
4684, 10, 61, Status.SNAKE, 0.01
4685, 2, 7, Status.WALL, 0.01
4686, 8, 55, Status.SNAKE, 0.01
4687, 8, 48, Status.SNAKE, 0.01
4688, 6, 35, Status.WALL, 0.01
4689, 6, 30, Status.WALL, 0.01
4690, 10, 63, Status.SNAKE, 0.01
4691, 3, 28, Status.WALL, 0.01
4692, 9, 74, Status.SNAKE, 0.01
4693, 13, 85, Status.SNAKE, 0.01
4694, 9, 48, Status.WALL, 0.01
4695, 6, 46, Status.SNAKE, 0.01
4696, 6, 32, Status.SNAKE, 0.01
4697, 10, 66, Status.SNAKE, 0.01
4698, 18, 172, Status.SNAKE, 0.01
4699, 9, 66, Status.WALL, 0.01
4700, 9, 67, Status.SNAKE, 0.01
4701, 10, 70, Status.SNAKE, 0.01
4702, 14, 95, Status.SNAKE, 0.01
4703, 11, 62, Status.SNAKE, 0.01
4704, 5, 48, Status.WALL, 0.01
4705, 3, 31, Status.SNAKE, 0.01
4706, 3, 12, Status.WALL, 0.01
4707, 3, 14, Status.SNAKE, 0.01
4708, 2, 8, Status.SNAKE, 0.01
4709, 12, 59, Status.SNAKE, 0.01
4710, 14, 84, Status.WALL, 0.01
4711, 6, 45, Status.WALL, 0.01
4712, 8, 44, Status.SNAKE, 0.01
4713, 4, 32, Status.WALL, 0.01
4714, 5, 32, Status.SNAKE, 0.01
4715, 16, 92, Status.SNAKE, 0.01
4716, 7, 62, Status.WALL, 0.01
4717, 10, 69, Status.SNAKE, 0.01
4718, 5, 27, Status.WALL, 0.01
4719, 13, 84, Status.SNAKE, 0.01
4720, 14, 90, Status.WALL, 0.01
4721, 11, 82, Status.SNAKE, 0.01
4722, 12, 101, Status.SNAKE, 0.01
4723, 1, 12, Status.WALL, 0.01
4724, 13, 106, Status.WALL, 0.01
4725, 3, 14, Status.WALL, 0.01
4726, 12, 89, Status.SNAKE, 0.01
4727, 8, 61, Status.SNAKE, 0.01
4728, 6, 52, Status.SNAKE, 0.01
4729, 8, 44, Status.SNAKE, 0.01
4730, 17, 124, Status.SNAKE, 0.01
4731, 5, 31, Status.SNAKE, 0.01
4732, 8, 54, Status.SNAKE, 0.01
4733, 13, 107, Status.SNAKE, 0.01
4734, 2, 14, Status.SNAKE, 0.01
4735, 2, 17, Status.SNAKE, 0.01
4736, 6, 43, Status.SNAKE, 0.01
4737, 7, 47, Status.SNAKE, 0.01
4738, 10, 97, Status.SNAKE, 0.01
4739, 3, 28, Status.SNAKE, 0.01
4740, 9, 67, Status.WALL, 0.01
4741, 0, 6, Status.WALL, 0.01
4742, 5, 34, Status.SNAKE, 0.01
4743, 5, 33, Status.SNAKE, 0.01
4744, 4, 28, Status.SNAKE, 0.01
4745, 14, 117, Status.SNAKE, 0.01
4746, 0, 6, Status.WALL, 0.01
4747, 2, 14, Status.WALL, 0.01
4748, 9, 50, Status.SNAKE, 0.01
4749, 5, 22, Status.SNAKE, 0.01
4750, 15, 114, Status.SNAKE, 0.01
4751, 4, 44, Status.WALL, 0.01
4752, 13, 81, Status.WALL, 0.01
4753, 10, 60, Status.SNAKE, 0.01
4754, 17, 111, Status.SNAKE, 0.01
4755, 2, 11, Status.SNAKE, 0.01
4756, 6, 36, Status.SNAKE, 0.01
4757, 11, 87, Status.SNAKE, 0.01
4758, 7, 29, Status.SNAKE, 0.01
4759, 4, 17, Status.SNAKE, 0.01
4760, 7, 40, Status.SNAKE, 0.01
4761, 6, 29, Status.SNAKE, 0.01
4762, 8, 58, Status.WALL, 0.01
4763, 8, 55, Status.SNAKE, 0.01
4764, 6, 41, Status.SNAKE, 0.01
4765, 8, 67, Status.SNAKE, 0.01
4766, 10, 78, Status.WALL, 0.01
4767, 1, 6, Status.SNAKE, 0.01
4768, 10, 66, Status.WALL, 0.01
4769, 3, 27, Status.SNAKE, 0.01
4770, 11, 54, Status.SNAKE, 0.01
4771, 11, 84, Status.SNAKE, 0.01
4772, 15, 108, Status.SNAKE, 0.01
4773, 14, 88, Status.SNAKE, 0.01
4774, 2, 7, Status.SNAKE, 0.01
4775, 9, 66, Status.WALL, 0.01
4776, 10, 71, Status.SNAKE, 0.01
4777, 5, 18, Status.WALL, 0.01
4778, 4, 32, Status.SNAKE, 0.01
4779, 5, 34, Status.SNAKE, 0.01
4780, 2, 14, Status.WALL, 0.01
4781, 11, 83, Status.SNAKE, 0.01
4782, 2, 20, Status.WALL, 0.01
4783, 9, 53, Status.SNAKE, 0.01
4784, 1, 7, Status.SNAKE, 0.01
4785, 7, 37, Status.SNAKE, 0.01
4786, 12, 94, Status.SNAKE, 0.01
4787, 13, 95, Status.SNAKE, 0.01
4788, 2, 16, Status.WALL, 0.01
4789, 13, 80, Status.SNAKE, 0.01
4790, 13, 78, Status.SNAKE, 0.01
4791, 8, 60, Status.SNAKE, 0.01
4792, 4, 33, Status.SNAKE, 0.01
4793, 15, 120, Status.SNAKE, 0.01
4794, 10, 56, Status.SNAKE, 0.01
4795, 5, 41, Status.WALL, 0.01
4796, 5, 30, Status.SNAKE, 0.01
4797, 1, 10, Status.WALL, 0.01
4798, 6, 42, Status.WALL, 0.01
4799, 2, 19, Status.SNAKE, 0.01
4800, 11, 108, Status.SNAKE, 0.01
4801, 13, 102, Status.SNAKE, 0.01
4802, 13, 92, Status.WALL, 0.01
4803, 4, 23, Status.SNAKE, 0.01
4804, 1, 13, Status.WALL, 0.01
4805, 7, 53, Status.SNAKE, 0.01
4806, 6, 48, Status.WALL, 0.01
4807, 9, 61, Status.SNAKE, 0.01
4808, 15, 105, Status.SNAKE, 0.01
4809, 5, 30, Status.SNAKE, 0.01
4810, 12, 71, Status.SNAKE, 0.01
4811, 5, 37, Status.WALL, 0.01
4812, 12, 90, Status.SNAKE, 0.01
4813, 6, 52, Status.SNAKE, 0.01
4814, 4, 32, Status.WALL, 0.01
4815, 5, 42, Status.SNAKE, 0.01
4816, 9, 85, Status.SNAKE, 0.01
4817, 4, 10, Status.SNAKE, 0.01
4818, 9, 57, Status.SNAKE, 0.01
4819, 14, 81, Status.WALL, 0.01
4820, 6, 53, Status.SNAKE, 0.01
4821, 4, 22, Status.SNAKE, 0.01
4822, 3, 12, Status.SNAKE, 0.01
4823, 3, 21, Status.SNAKE, 0.01
4824, 6, 34, Status.WALL, 0.01
4825, 13, 102, Status.SNAKE, 0.01
4826, 9, 77, Status.SNAKE, 0.01
4827, 15, 69, Status.WALL, 0.01
4828, 4, 21, Status.WALL, 0.01
4829, 10, 65, Status.SNAKE, 0.01
4830, 5, 25, Status.WALL, 0.01
4831, 4, 30, Status.WALL, 0.01
4832, 15, 137, Status.SNAKE, 0.01
4833, 1, 5, Status.SNAKE, 0.01
4834, 6, 34, Status.SNAKE, 0.01
4835, 7, 54, Status.SNAKE, 0.01
4836, 17, 123, Status.SNAKE, 0.01
4837, 10, 80, Status.WALL, 0.01
4838, 11, 95, Status.SNAKE, 0.01
4839, 6, 42, Status.SNAKE, 0.01
4840, 9, 69, Status.SNAKE, 0.01
4841, 8, 62, Status.SNAKE, 0.01
4842, 11, 80, Status.SNAKE, 0.01
4843, 12, 85, Status.SNAKE, 0.01
4844, 6, 51, Status.SNAKE, 0.01
4845, 10, 65, Status.WALL, 0.01
4846, 4, 20, Status.SNAKE, 0.01
4847, 4, 23, Status.SNAKE, 0.01
4848, 5, 42, Status.SNAKE, 0.01
4849, 2, 8, Status.SNAKE, 0.01
4850, 5, 44, Status.SNAKE, 0.01
4851, 7, 32, Status.WALL, 0.01
4852, 16, 138, Status.SNAKE, 0.01
4853, 16, 101, Status.SNAKE, 0.01
4854, 8, 48, Status.SNAKE, 0.01
4855, 5, 18, Status.SNAKE, 0.01
4856, 1, 7, Status.WALL, 0.01
4857, 12, 94, Status.SNAKE, 0.01
4858, 20, 144, Status.SNAKE, 0.01
4859, 6, 49, Status.WALL, 0.01
4860, 15, 106, Status.SNAKE, 0.01
4861, 10, 42, Status.SNAKE, 0.01
4862, 1, 7, Status.WALL, 0.01
4863, 10, 57, Status.SNAKE, 0.01
4864, 5, 33, Status.SNAKE, 0.01
4865, 9, 56, Status.SNAKE, 0.01
4866, 7, 57, Status.WALL, 0.01
4867, 5, 40, Status.SNAKE, 0.01
4868, 12, 100, Status.SNAKE, 0.01
4869, 17, 118, Status.SNAKE, 0.01
4870, 6, 34, Status.WALL, 0.01
4871, 12, 77, Status.SNAKE, 0.01
4872, 0, 7, Status.WALL, 0.01
4873, 11, 72, Status.SNAKE, 0.01
4874, 11, 78, Status.SNAKE, 0.01
4875, 4, 25, Status.SNAKE, 0.01
4876, 9, 62, Status.SNAKE, 0.01
4877, 4, 28, Status.SNAKE, 0.01
4878, 15, 111, Status.SNAKE, 0.01
4879, 5, 31, Status.SNAKE, 0.01
4880, 7, 44, Status.SNAKE, 0.01
4881, 7, 44, Status.SNAKE, 0.01
4882, 10, 54, Status.WALL, 0.01
4883, 8, 57, Status.SNAKE, 0.01
4884, 15, 89, Status.SNAKE, 0.01
4885, 2, 5, Status.SNAKE, 0.01
4886, 3, 25, Status.WALL, 0.01
4887, 5, 31, Status.SNAKE, 0.01
4888, 14, 114, Status.SNAKE, 0.01
4889, 6, 34, Status.SNAKE, 0.01
4890, 9, 62, Status.SNAKE, 0.01
4891, 8, 56, Status.WALL, 0.01
4892, 6, 72, Status.SNAKE, 0.01
4893, 5, 40, Status.SNAKE, 0.01
4894, 1, 12, Status.WALL, 0.01
4895, 7, 62, Status.SNAKE, 0.01
4896, 8, 63, Status.SNAKE, 0.01
4897, 12, 87, Status.SNAKE, 0.01
4898, 5, 39, Status.SNAKE, 0.01
4899, 15, 111, Status.WALL, 0.01
4900, 14, 89, Status.WALL, 0.01
4901, 6, 60, Status.WALL, 0.01
4902, 2, 11, Status.WALL, 0.01
4903, 2, 15, Status.WALL, 0.01
4904, 7, 38, Status.SNAKE, 0.01
4905, 5, 38, Status.SNAKE, 0.01
4906, 2, 5, Status.SNAKE, 0.01
4907, 4, 24, Status.SNAKE, 0.01
4908, 2, 12, Status.SNAKE, 0.01
4909, 17, 104, Status.SNAKE, 0.01
4910, 5, 32, Status.SNAKE, 0.01
4911, 8, 48, Status.SNAKE, 0.01
4912, 11, 67, Status.SNAKE, 0.01
4913, 13, 86, Status.SNAKE, 0.01
4914, 5, 63, Status.SNAKE, 0.01
4915, 11, 90, Status.SNAKE, 0.01
4916, 16, 81, Status.SNAKE, 0.01
4917, 5, 31, Status.WALL, 0.01
4918, 11, 72, Status.SNAKE, 0.01
4919, 9, 56, Status.SNAKE, 0.01
4920, 3, 17, Status.SNAKE, 0.01
4921, 12, 87, Status.SNAKE, 0.01
4922, 11, 70, Status.SNAKE, 0.01
4923, 2, 10, Status.SNAKE, 0.01
4924, 13, 90, Status.WALL, 0.01
4925, 8, 56, Status.SNAKE, 0.01
4926, 15, 111, Status.SNAKE, 0.01
4927, 10, 83, Status.SNAKE, 0.01
4928, 3, 23, Status.WALL, 0.01
4929, 17, 112, Status.SNAKE, 0.01
4930, 14, 131, Status.SNAKE, 0.01
4931, 14, 113, Status.WALL, 0.01
4932, 1, 5, Status.SNAKE, 0.01
4933, 5, 32, Status.SNAKE, 0.01
4934, 16, 141, Status.WALL, 0.01
4935, 18, 105, Status.SNAKE, 0.01
4936, 9, 66, Status.WALL, 0.01
4937, 17, 120, Status.WALL, 0.01
4938, 7, 44, Status.WALL, 0.01
4939, 12, 84, Status.SNAKE, 0.01
4940, 11, 88, Status.SNAKE, 0.01
4941, 15, 103, Status.SNAKE, 0.01
4942, 15, 108, Status.SNAKE, 0.01
4943, 11, 63, Status.SNAKE, 0.01
4944, 7, 51, Status.SNAKE, 0.01
4945, 6, 34, Status.WALL, 0.01
4946, 11, 68, Status.SNAKE, 0.01
4947, 7, 57, Status.SNAKE, 0.01
4948, 3, 21, Status.WALL, 0.01
4949, 8, 52, Status.SNAKE, 0.01
4950, 6, 40, Status.SNAKE, 0.01
4951, 2, 11, Status.SNAKE, 0.01
4952, 11, 71, Status.SNAKE, 0.01
4953, 12, 94, Status.SNAKE, 0.01
4954, 5, 29, Status.SNAKE, 0.01
4955, 3, 19, Status.SNAKE, 0.01
4956, 14, 94, Status.SNAKE, 0.01
4957, 4, 28, Status.SNAKE, 0.01
4958, 8, 36, Status.SNAKE, 0.01
4959, 10, 77, Status.SNAKE, 0.01
4960, 6, 43, Status.WALL, 0.01
4961, 5, 48, Status.WALL, 0.01
4962, 6, 58, Status.WALL, 0.01
4963, 7, 35, Status.WALL, 0.01
4964, 5, 42, Status.SNAKE, 0.01
4965, 4, 19, Status.SNAKE, 0.01
4966, 7, 39, Status.SNAKE, 0.01
4967, 5, 39, Status.SNAKE, 0.01
4968, 10, 71, Status.SNAKE, 0.01
4969, 9, 74, Status.SNAKE, 0.01
4970, 16, 114, Status.SNAKE, 0.01
4971, 8, 77, Status.SNAKE, 0.01
4972, 7, 58, Status.SNAKE, 0.01
4973, 15, 110, Status.SNAKE, 0.01
4974, 7, 48, Status.SNAKE, 0.01
4975, 11, 75, Status.SNAKE, 0.01
4976, 12, 105, Status.WALL, 0.01
4977, 3, 32, Status.SNAKE, 0.01
4978, 10, 83, Status.SNAKE, 0.01
4979, 7, 72, Status.WALL, 0.01
4980, 4, 34, Status.SNAKE, 0.01
4981, 9, 63, Status.SNAKE, 0.01
4982, 10, 85, Status.SNAKE, 0.01
4983, 8, 60, Status.SNAKE, 0.01
4984, 17, 101, Status.SNAKE, 0.01
4985, 11, 79, Status.SNAKE, 0.01
4986, 10, 67, Status.SNAKE, 0.01
4987, 6, 62, Status.SNAKE, 0.01
4988, 8, 71, Status.SNAKE, 0.01
4989, 8, 49, Status.SNAKE, 0.01
4990, 11, 112, Status.SNAKE, 0.01
4991, 2, 14, Status.WALL, 0.01
4992, 1, 6, Status.SNAKE, 0.01
4993, 7, 43, Status.SNAKE, 0.01
4994, 7, 37, Status.SNAKE, 0.01
4995, 11, 84, Status.SNAKE, 0.01
4996, 14, 108, Status.WALL, 0.01
4997, 10, 67, Status.SNAKE, 0.01
4998, 4, 32, Status.SNAKE, 0.01
4999, 6, 46, Status.SNAKE, 0.01
5000, 1, 7, Status.SNAKE, 0.01
5001, 19, 140, Status.SNAKE, 0.01
5002, 11, 74, Status.SNAKE, 0.01
5003, 15, 119, Status.SNAKE, 0.01
5004, 4, 32, Status.WALL, 0.01
5005, 12, 104, Status.SNAKE, 0.01
5006, 8, 54, Status.WALL, 0.01
5007, 4, 31, Status.SNAKE, 0.01
5008, 11, 64, Status.SNAKE, 0.01
5009, 2, 26, Status.WALL, 0.01
5010, 1, 15, Status.SNAKE, 0.01
5011, 8, 54, Status.SNAKE, 0.01
5012, 2, 24, Status.SNAKE, 0.01
5013, 5, 31, Status.SNAKE, 0.01
5014, 10, 63, Status.SNAKE, 0.01
5015, 10, 71, Status.SNAKE, 0.01
5016, 7, 58, Status.WALL, 0.01
5017, 7, 40, Status.SNAKE, 0.01
5018, 5, 51, Status.SNAKE, 0.01
5019, 12, 80, Status.SNAKE, 0.01
5020, 4, 28, Status.SNAKE, 0.01
5021, 3, 23, Status.SNAKE, 0.01
5022, 9, 81, Status.SNAKE, 0.01
5023, 2, 12, Status.SNAKE, 0.01
5024, 13, 75, Status.SNAKE, 0.01
5025, 22, 174, Status.SNAKE, 0.01
5026, 18, 129, Status.SNAKE, 0.01
5027, 4, 27, Status.SNAKE, 0.01
5028, 13, 88, Status.SNAKE, 0.01
5029, 8, 71, Status.SNAKE, 0.01
5030, 10, 78, Status.SNAKE, 0.01
5031, 14, 97, Status.SNAKE, 0.01
5032, 2, 11, Status.WALL, 0.01
5033, 6, 42, Status.SNAKE, 0.01
5034, 11, 80, Status.SNAKE, 0.01
5035, 15, 120, Status.SNAKE, 0.01
5036, 17, 121, Status.SNAKE, 0.01
5037, 8, 51, Status.SNAKE, 0.01
5038, 6, 48, Status.SNAKE, 0.01
5039, 11, 68, Status.SNAKE, 0.01
5040, 7, 64, Status.WALL, 0.01
5041, 6, 48, Status.WALL, 0.01
5042, 18, 160, Status.WALL, 0.01
5043, 12, 85, Status.SNAKE, 0.01
5044, 5, 29, Status.SNAKE, 0.01
5045, 9, 86, Status.WALL, 0.01
5046, 7, 59, Status.SNAKE, 0.01
5047, 7, 46, Status.SNAKE, 0.01
5048, 2, 8, Status.WALL, 0.01
5049, 5, 31, Status.SNAKE, 0.01
5050, 1, 3, Status.SNAKE, 0.01
5051, 10, 64, Status.WALL, 0.01
5052, 6, 52, Status.SNAKE, 0.01
5053, 15, 138, Status.SNAKE, 0.01
5054, 10, 75, Status.SNAKE, 0.01
5055, 17, 91, Status.SNAKE, 0.01
5056, 4, 27, Status.SNAKE, 0.01
5057, 12, 104, Status.WALL, 0.01
5058, 2, 12, Status.SNAKE, 0.01
5059, 8, 62, Status.SNAKE, 0.01
5060, 12, 98, Status.SNAKE, 0.01
5061, 13, 78, Status.SNAKE, 0.01
5062, 2, 7, Status.WALL, 0.01
5063, 7, 52, Status.SNAKE, 0.01
5064, 8, 46, Status.SNAKE, 0.01
5065, 15, 112, Status.SNAKE, 0.01
5066, 10, 73, Status.SNAKE, 0.01
5067, 9, 70, Status.SNAKE, 0.01
5068, 7, 44, Status.WALL, 0.01
5069, 5, 32, Status.SNAKE, 0.01
5070, 2, 11, Status.SNAKE, 0.01
5071, 5, 36, Status.WALL, 0.01
5072, 8, 44, Status.SNAKE, 0.01
5073, 2, 20, Status.SNAKE, 0.01
5074, 19, 147, Status.SNAKE, 0.01
5075, 9, 76, Status.SNAKE, 0.01
5076, 8, 70, Status.WALL, 0.01
5077, 13, 106, Status.SNAKE, 0.01
5078, 1, 8, Status.WALL, 0.01
5079, 11, 85, Status.SNAKE, 0.01
5080, 11, 93, Status.SNAKE, 0.01
5081, 7, 46, Status.SNAKE, 0.01
5082, 21, 137, Status.WALL, 0.01
5083, 8, 68, Status.WALL, 0.01
5084, 3, 14, Status.SNAKE, 0.01
5085, 16, 127, Status.SNAKE, 0.01
5086, 2, 11, Status.SNAKE, 0.01
5087, 8, 62, Status.WALL, 0.01
5088, 7, 61, Status.SNAKE, 0.01
5089, 6, 51, Status.SNAKE, 0.01
5090, 2, 9, Status.WALL, 0.01
5091, 5, 44, Status.SNAKE, 0.01
5092, 13, 93, Status.SNAKE, 0.01
5093, 3, 12, Status.SNAKE, 0.01
5094, 2, 9, Status.WALL, 0.01
5095, 3, 23, Status.SNAKE, 0.01
5096, 11, 62, Status.SNAKE, 0.01
5097, 4, 23, Status.SNAKE, 0.01
5098, 15, 101, Status.WALL, 0.01
5099, 8, 53, Status.WALL, 0.01
5100, 10, 66, Status.SNAKE, 0.01
5101, 11, 85, Status.SNAKE, 0.01
5102, 10, 58, Status.SNAKE, 0.01
5103, 10, 61, Status.SNAKE, 0.01
5104, 9, 55, Status.SNAKE, 0.01
5105, 5, 39, Status.SNAKE, 0.01
5106, 1, 5, Status.SNAKE, 0.01
5107, 16, 136, Status.SNAKE, 0.01
5108, 5, 41, Status.SNAKE, 0.01
5109, 13, 81, Status.SNAKE, 0.01
5110, 20, 140, Status.SNAKE, 0.01
5111, 4, 25, Status.WALL, 0.01
5112, 13, 88, Status.SNAKE, 0.01
5113, 3, 15, Status.SNAKE, 0.01
5114, 8, 63, Status.SNAKE, 0.01
5115, 15, 120, Status.SNAKE, 0.01
5116, 1, 7, Status.SNAKE, 0.01
5117, 4, 28, Status.SNAKE, 0.01
5118, 7, 49, Status.SNAKE, 0.01
5119, 4, 44, Status.WALL, 0.01
5120, 14, 88, Status.SNAKE, 0.01
5121, 6, 32, Status.WALL, 0.01
5122, 11, 90, Status.SNAKE, 0.01
5123, 12, 86, Status.WALL, 0.01
5124, 8, 69, Status.SNAKE, 0.01
5125, 10, 73, Status.SNAKE, 0.01
5126, 1, 5, Status.SNAKE, 0.01
5127, 4, 24, Status.WALL, 0.01
5128, 9, 86, Status.SNAKE, 0.01
5129, 13, 81, Status.SNAKE, 0.01
5130, 6, 35, Status.WALL, 0.01
5131, 7, 37, Status.SNAKE, 0.01
5132, 5, 30, Status.WALL, 0.01
5133, 8, 57, Status.SNAKE, 0.01
5134, 11, 77, Status.SNAKE, 0.01
5135, 8, 44, Status.WALL, 0.01
5136, 13, 94, Status.SNAKE, 0.01
5137, 2, 12, Status.WALL, 0.01
5138, 13, 68, Status.SNAKE, 0.01
5139, 11, 78, Status.SNAKE, 0.01
5140, 1, 6, Status.SNAKE, 0.01
5141, 3, 21, Status.SNAKE, 0.01
5142, 7, 55, Status.SNAKE, 0.01
5143, 18, 133, Status.SNAKE, 0.01
5144, 9, 72, Status.SNAKE, 0.01
5145, 5, 27, Status.SNAKE, 0.01
5146, 6, 33, Status.WALL, 0.01
5147, 7, 42, Status.SNAKE, 0.01
5148, 12, 103, Status.SNAKE, 0.01
5149, 5, 29, Status.SNAKE, 0.01
5150, 5, 38, Status.SNAKE, 0.01
5151, 6, 51, Status.SNAKE, 0.01
5152, 5, 50, Status.SNAKE, 0.01
5153, 8, 65, Status.SNAKE, 0.01
5154, 5, 29, Status.SNAKE, 0.01
5155, 20, 149, Status.SNAKE, 0.01
5156, 7, 48, Status.WALL, 0.01
5157, 5, 38, Status.SNAKE, 0.01
5158, 1, 8, Status.WALL, 0.01
5159, 15, 139, Status.SNAKE, 0.01
5160, 3, 37, Status.WALL, 0.01
5161, 2, 21, Status.SNAKE, 0.01
5162, 5, 43, Status.SNAKE, 0.01
5163, 9, 76, Status.SNAKE, 0.01
5164, 9, 67, Status.SNAKE, 0.01
5165, 10, 55, Status.SNAKE, 0.01
5166, 11, 93, Status.SNAKE, 0.01
5167, 3, 15, Status.SNAKE, 0.01
5168, 3, 24, Status.WALL, 0.01
5169, 7, 44, Status.WALL, 0.01
5170, 3, 13, Status.SNAKE, 0.01
5171, 6, 61, Status.SNAKE, 0.01
5172, 6, 37, Status.SNAKE, 0.01
5173, 13, 111, Status.WALL, 0.01
5174, 4, 22, Status.WALL, 0.01
5175, 6, 52, Status.SNAKE, 0.01
5176, 4, 40, Status.SNAKE, 0.01
5177, 8, 42, Status.WALL, 0.01
5178, 8, 43, Status.SNAKE, 0.01
5179, 3, 30, Status.SNAKE, 0.01
5180, 11, 80, Status.SNAKE, 0.01
5181, 8, 64, Status.SNAKE, 0.01
5182, 13, 89, Status.SNAKE, 0.01
5183, 5, 30, Status.SNAKE, 0.01
5184, 9, 49, Status.SNAKE, 0.01
5185, 7, 55, Status.SNAKE, 0.01
5186, 1, 13, Status.WALL, 0.01
5187, 12, 71, Status.SNAKE, 0.01
5188, 2, 18, Status.SNAKE, 0.01
5189, 8, 55, Status.SNAKE, 0.01
5190, 4, 37, Status.SNAKE, 0.01
5191, 7, 52, Status.SNAKE, 0.01
5192, 18, 146, Status.SNAKE, 0.01
5193, 1, 6, Status.SNAKE, 0.01
5194, 1, 3, Status.SNAKE, 0.01
5195, 10, 57, Status.SNAKE, 0.01
5196, 7, 37, Status.WALL, 0.01
5197, 6, 45, Status.WALL, 0.01
5198, 10, 61, Status.SNAKE, 0.01
5199, 9, 57, Status.SNAKE, 0.01
5200, 3, 16, Status.SNAKE, 0.01
5201, 7, 41, Status.SNAKE, 0.01
5202, 11, 111, Status.WALL, 0.01
5203, 4, 35, Status.WALL, 0.01
5204, 14, 123, Status.SNAKE, 0.01
5205, 9, 76, Status.WALL, 0.01
5206, 5, 34, Status.WALL, 0.01
5207, 10, 88, Status.SNAKE, 0.01
5208, 4, 25, Status.WALL, 0.01
5209, 6, 44, Status.WALL, 0.01
5210, 9, 61, Status.SNAKE, 0.01
5211, 9, 72, Status.SNAKE, 0.01
5212, 1, 6, Status.SNAKE, 0.01
5213, 2, 26, Status.SNAKE, 0.01
5214, 3, 37, Status.WALL, 0.01
5215, 5, 49, Status.SNAKE, 0.01
5216, 3, 27, Status.SNAKE, 0.01
5217, 0, 5, Status.WALL, 0.01
5218, 15, 101, Status.SNAKE, 0.01
5219, 2, 18, Status.WALL, 0.01
5220, 2, 13, Status.WALL, 0.01
5221, 13, 80, Status.SNAKE, 0.01
5222, 3, 19, Status.SNAKE, 0.01
5223, 13, 92, Status.SNAKE, 0.01
5224, 7, 38, Status.WALL, 0.01
5225, 3, 14, Status.SNAKE, 0.01
5226, 6, 53, Status.SNAKE, 0.01
5227, 12, 111, Status.SNAKE, 0.01
5228, 1, 8, Status.SNAKE, 0.01
5229, 5, 33, Status.SNAKE, 0.01
5230, 8, 70, Status.WALL, 0.01
5231, 8, 76, Status.SNAKE, 0.01
5232, 17, 124, Status.SNAKE, 0.01
5233, 12, 64, Status.SNAKE, 0.01
5234, 8, 54, Status.WALL, 0.01
5235, 3, 18, Status.SNAKE, 0.01
5236, 5, 40, Status.WALL, 0.01
5237, 11, 60, Status.SNAKE, 0.01
5238, 11, 71, Status.SNAKE, 0.01
5239, 11, 63, Status.SNAKE, 0.01
5240, 3, 18, Status.SNAKE, 0.01
5241, 2, 16, Status.SNAKE, 0.01
5242, 7, 46, Status.SNAKE, 0.01
5243, 6, 43, Status.WALL, 0.01
5244, 4, 22, Status.SNAKE, 0.01
5245, 12, 104, Status.WALL, 0.01
5246, 14, 117, Status.SNAKE, 0.01
5247, 10, 80, Status.SNAKE, 0.01
5248, 1, 6, Status.SNAKE, 0.01
5249, 3, 11, Status.SNAKE, 0.01
5250, 1, 3, Status.SNAKE, 0.01
5251, 17, 127, Status.WALL, 0.01
5252, 1, 5, Status.SNAKE, 0.01
5253, 9, 61, Status.SNAKE, 0.01
5254, 5, 42, Status.SNAKE, 0.01
5255, 9, 47, Status.WALL, 0.01
5256, 17, 139, Status.SNAKE, 0.01
5257, 4, 15, Status.SNAKE, 0.01
5258, 13, 89, Status.SNAKE, 0.01
5259, 18, 99, Status.SNAKE, 0.01
5260, 2, 16, Status.SNAKE, 0.01
5261, 7, 69, Status.SNAKE, 0.01
5262, 7, 57, Status.SNAKE, 0.01
5263, 2, 10, Status.SNAKE, 0.01
5264, 7, 48, Status.SNAKE, 0.01
5265, 5, 50, Status.SNAKE, 0.01
5266, 14, 101, Status.SNAKE, 0.01
5267, 1, 13, Status.WALL, 0.01
5268, 9, 71, Status.SNAKE, 0.01
5269, 7, 49, Status.SNAKE, 0.01
5270, 7, 47, Status.SNAKE, 0.01
5271, 5, 44, Status.SNAKE, 0.01
5272, 5, 31, Status.SNAKE, 0.01
5273, 1, 3, Status.SNAKE, 0.01
5274, 5, 32, Status.SNAKE, 0.01
5275, 1, 5, Status.SNAKE, 0.01
5276, 12, 75, Status.SNAKE, 0.01
5277, 12, 80, Status.SNAKE, 0.01
5278, 9, 56, Status.SNAKE, 0.01
5279, 11, 93, Status.SNAKE, 0.01
5280, 13, 78, Status.SNAKE, 0.01
5281, 2, 7, Status.WALL, 0.01
5282, 14, 85, Status.WALL, 0.01
5283, 6, 54, Status.SNAKE, 0.01
5284, 14, 95, Status.SNAKE, 0.01
5285, 8, 61, Status.SNAKE, 0.01
5286, 7, 46, Status.WALL, 0.01
5287, 6, 31, Status.WALL, 0.01
5288, 6, 41, Status.SNAKE, 0.01
5289, 1, 5, Status.SNAKE, 0.01
5290, 1, 10, Status.WALL, 0.01
5291, 13, 89, Status.SNAKE, 0.01
5292, 3, 26, Status.SNAKE, 0.01
5293, 16, 113, Status.SNAKE, 0.01
5294, 8, 62, Status.SNAKE, 0.01
5295, 11, 80, Status.WALL, 0.01
5296, 10, 75, Status.SNAKE, 0.01
5297, 12, 97, Status.SNAKE, 0.01
5298, 11, 68, Status.SNAKE, 0.01
5299, 5, 32, Status.WALL, 0.01
5300, 3, 18, Status.SNAKE, 0.01
5301, 13, 104, Status.SNAKE, 0.01
5302, 15, 69, Status.SNAKE, 0.01
5303, 4, 25, Status.SNAKE, 0.01
5304, 4, 21, Status.SNAKE, 0.01
5305, 8, 61, Status.WALL, 0.01
5306, 7, 35, Status.SNAKE, 0.01
5307, 15, 111, Status.SNAKE, 0.01
5308, 5, 40, Status.SNAKE, 0.01
5309, 8, 49, Status.SNAKE, 0.01
5310, 13, 101, Status.SNAKE, 0.01
5311, 1, 5, Status.SNAKE, 0.01
5312, 2, 24, Status.SNAKE, 0.01
5313, 2, 11, Status.SNAKE, 0.01
5314, 2, 14, Status.SNAKE, 0.01
5315, 8, 37, Status.WALL, 0.01
5316, 7, 38, Status.SNAKE, 0.01
5317, 20, 154, Status.SNAKE, 0.01
5318, 1, 7, Status.SNAKE, 0.01
5319, 6, 55, Status.SNAKE, 0.01
5320, 2, 14, Status.SNAKE, 0.01
5321, 7, 67, Status.WALL, 0.01
5322, 3, 27, Status.SNAKE, 0.01
5323, 8, 50, Status.SNAKE, 0.01
5324, 15, 126, Status.SNAKE, 0.01
5325, 8, 46, Status.WALL, 0.01
5326, 7, 41, Status.WALL, 0.01
5327, 11, 72, Status.SNAKE, 0.01
5328, 5, 39, Status.WALL, 0.01
5329, 7, 61, Status.WALL, 0.01
5330, 5, 33, Status.SNAKE, 0.01
5331, 15, 81, Status.SNAKE, 0.01
5332, 5, 23, Status.SNAKE, 0.01
5333, 4, 18, Status.WALL, 0.01
5334, 14, 83, Status.SNAKE, 0.01
5335, 3, 14, Status.SNAKE, 0.01
5336, 5, 38, Status.SNAKE, 0.01
5337, 7, 55, Status.SNAKE, 0.01
5338, 15, 115, Status.SNAKE, 0.01
5339, 11, 90, Status.SNAKE, 0.01
5340, 7, 51, Status.SNAKE, 0.01
5341, 7, 50, Status.SNAKE, 0.01
5342, 5, 36, Status.WALL, 0.01
5343, 5, 42, Status.SNAKE, 0.01
5344, 12, 94, Status.SNAKE, 0.01
5345, 12, 96, Status.SNAKE, 0.01
5346, 4, 29, Status.SNAKE, 0.01
5347, 9, 76, Status.SNAKE, 0.01
5348, 5, 34, Status.SNAKE, 0.01
5349, 23, 144, Status.SNAKE, 0.01
5350, 11, 93, Status.SNAKE, 0.01
5351, 9, 90, Status.SNAKE, 0.01
5352, 9, 55, Status.SNAKE, 0.01
5353, 8, 71, Status.WALL, 0.01
5354, 10, 48, Status.SNAKE, 0.01
5355, 8, 35, Status.SNAKE, 0.01
5356, 6, 40, Status.WALL, 0.01
5357, 10, 65, Status.SNAKE, 0.01
5358, 4, 30, Status.SNAKE, 0.01
5359, 17, 134, Status.SNAKE, 0.01
5360, 17, 113, Status.SNAKE, 0.01
5361, 2, 20, Status.WALL, 0.01
5362, 4, 31, Status.WALL, 0.01
5363, 2, 15, Status.SNAKE, 0.01
5364, 6, 30, Status.SNAKE, 0.01
5365, 4, 31, Status.WALL, 0.01
5366, 9, 82, Status.SNAKE, 0.01
5367, 6, 48, Status.SNAKE, 0.01
5368, 9, 54, Status.SNAKE, 0.01
5369, 8, 45, Status.SNAKE, 0.01
5370, 11, 91, Status.SNAKE, 0.01
5371, 11, 111, Status.SNAKE, 0.01
5372, 2, 11, Status.SNAKE, 0.01
5373, 2, 18, Status.WALL, 0.01
5374, 1, 8, Status.SNAKE, 0.01
5375, 16, 128, Status.SNAKE, 0.01
5376, 4, 28, Status.SNAKE, 0.01
5377, 2, 8, Status.SNAKE, 0.01
5378, 6, 43, Status.SNAKE, 0.01
5379, 16, 130, Status.SNAKE, 0.01
5380, 3, 31, Status.SNAKE, 0.01
5381, 14, 80, Status.SNAKE, 0.01
5382, 17, 144, Status.WALL, 0.01
5383, 16, 102, Status.SNAKE, 0.01
5384, 3, 16, Status.SNAKE, 0.01
5385, 15, 87, Status.SNAKE, 0.01
5386, 18, 126, Status.SNAKE, 0.01
5387, 7, 55, Status.WALL, 0.01
5388, 5, 31, Status.SNAKE, 0.01
5389, 8, 54, Status.SNAKE, 0.01
5390, 7, 42, Status.WALL, 0.01
5391, 1, 12, Status.WALL, 0.01
5392, 1, 19, Status.WALL, 0.01
5393, 5, 31, Status.SNAKE, 0.01
5394, 8, 43, Status.WALL, 0.01
5395, 10, 58, Status.WALL, 0.01
5396, 2, 17, Status.WALL, 0.01
5397, 9, 53, Status.SNAKE, 0.01
5398, 16, 128, Status.SNAKE, 0.01
5399, 4, 17, Status.SNAKE, 0.01
5400, 14, 113, Status.WALL, 0.01
5401, 6, 45, Status.WALL, 0.01
5402, 6, 54, Status.SNAKE, 0.01
5403, 8, 55, Status.SNAKE, 0.01
5404, 21, 160, Status.SNAKE, 0.01
5405, 7, 51, Status.SNAKE, 0.01
5406, 22, 158, Status.SNAKE, 0.01
5407, 6, 43, Status.SNAKE, 0.01
5408, 9, 82, Status.SNAKE, 0.01
5409, 16, 123, Status.SNAKE, 0.01
5410, 13, 108, Status.SNAKE, 0.01
5411, 3, 15, Status.SNAKE, 0.01
5412, 6, 34, Status.WALL, 0.01
5413, 15, 103, Status.SNAKE, 0.01
5414, 15, 130, Status.SNAKE, 0.01
5415, 3, 23, Status.WALL, 0.01
5416, 8, 57, Status.SNAKE, 0.01
5417, 6, 39, Status.SNAKE, 0.01
5418, 7, 48, Status.SNAKE, 0.01
5419, 5, 26, Status.WALL, 0.01
5420, 9, 66, Status.SNAKE, 0.01
5421, 13, 89, Status.SNAKE, 0.01
5422, 6, 58, Status.SNAKE, 0.01
5423, 23, 170, Status.SNAKE, 0.01
5424, 11, 99, Status.SNAKE, 0.01
5425, 13, 100, Status.SNAKE, 0.01
5426, 4, 30, Status.WALL, 0.01
5427, 5, 35, Status.SNAKE, 0.01
5428, 12, 105, Status.WALL, 0.01
5429, 8, 41, Status.SNAKE, 0.01
5430, 9, 67, Status.SNAKE, 0.01
5431, 8, 58, Status.SNAKE, 0.01
5432, 3, 24, Status.SNAKE, 0.01
5433, 9, 43, Status.SNAKE, 0.01
5434, 21, 165, Status.SNAKE, 0.01
5435, 11, 96, Status.SNAKE, 0.01
5436, 6, 46, Status.SNAKE, 0.01
5437, 2, 8, Status.SNAKE, 0.01
5438, 11, 54, Status.SNAKE, 0.01
5439, 2, 13, Status.SNAKE, 0.01
5440, 1, 5, Status.SNAKE, 0.01
5441, 6, 27, Status.SNAKE, 0.01
5442, 17, 111, Status.SNAKE, 0.01
5443, 12, 98, Status.WALL, 0.01
5444, 5, 47, Status.WALL, 0.01
5445, 10, 83, Status.SNAKE, 0.01
5446, 12, 82, Status.SNAKE, 0.01
5447, 3, 12, Status.SNAKE, 0.01
5448, 6, 42, Status.SNAKE, 0.01
5449, 7, 57, Status.SNAKE, 0.01
5450, 11, 87, Status.SNAKE, 0.01
5451, 15, 96, Status.WALL, 0.01
5452, 2, 15, Status.WALL, 0.01
5453, 12, 94, Status.SNAKE, 0.01
5454, 12, 101, Status.SNAKE, 0.01
5455, 5, 44, Status.SNAKE, 0.01
5456, 10, 65, Status.SNAKE, 0.01
5457, 0, 6, Status.WALL, 0.01
5458, 1, 10, Status.SNAKE, 0.01
5459, 7, 45, Status.SNAKE, 0.01
5460, 5, 22, Status.SNAKE, 0.01
5461, 10, 92, Status.SNAKE, 0.01
5462, 8, 61, Status.SNAKE, 0.01
5463, 12, 110, Status.SNAKE, 0.01
5464, 7, 45, Status.SNAKE, 0.01
5465, 1, 14, Status.SNAKE, 0.01
5466, 11, 89, Status.SNAKE, 0.01
5467, 6, 30, Status.SNAKE, 0.01
5468, 5, 29, Status.SNAKE, 0.01
5469, 3, 9, Status.SNAKE, 0.01
5470, 3, 15, Status.SNAKE, 0.01
5471, 2, 27, Status.WALL, 0.01
5472, 3, 23, Status.WALL, 0.01
5473, 13, 88, Status.SNAKE, 0.01
5474, 2, 13, Status.WALL, 0.01
5475, 9, 60, Status.SNAKE, 0.01
5476, 7, 38, Status.SNAKE, 0.01
5477, 9, 77, Status.SNAKE, 0.01
5478, 3, 21, Status.SNAKE, 0.01
5479, 4, 24, Status.SNAKE, 0.01
5480, 9, 58, Status.SNAKE, 0.01
5481, 6, 47, Status.SNAKE, 0.01
5482, 7, 52, Status.WALL, 0.01
5483, 2, 17, Status.SNAKE, 0.01
5484, 3, 19, Status.SNAKE, 0.01
5485, 4, 30, Status.SNAKE, 0.01
5486, 1, 5, Status.SNAKE, 0.01
5487, 8, 85, Status.SNAKE, 0.01
5488, 3, 13, Status.WALL, 0.01
5489, 5, 37, Status.SNAKE, 0.01
5490, 1, 3, Status.SNAKE, 0.01
5491, 5, 29, Status.SNAKE, 0.01
5492, 5, 39, Status.SNAKE, 0.01
5493, 10, 70, Status.SNAKE, 0.01
5494, 12, 90, Status.WALL, 0.01
5495, 12, 72, Status.SNAKE, 0.01
5496, 9, 47, Status.SNAKE, 0.01
5497, 11, 91, Status.SNAKE, 0.01
5498, 1, 10, Status.WALL, 0.01
5499, 0, 21, Status.WALL, 0.01
5500, 14, 103, Status.WALL, 0.01
5501, 3, 13, Status.SNAKE, 0.01
5502, 6, 40, Status.SNAKE, 0.01
5503, 12, 94, Status.WALL, 0.01
5504, 3, 23, Status.SNAKE, 0.01
5505, 17, 152, Status.SNAKE, 0.01
5506, 8, 71, Status.SNAKE, 0.01
5507, 15, 116, Status.SNAKE, 0.01
5508, 8, 45, Status.SNAKE, 0.01
5509, 6, 42, Status.SNAKE, 0.01
5510, 7, 57, Status.SNAKE, 0.01
5511, 10, 78, Status.WALL, 0.01
5512, 5, 28, Status.SNAKE, 0.01
5513, 11, 65, Status.WALL, 0.01
5514, 3, 32, Status.SNAKE, 0.01
5515, 9, 63, Status.SNAKE, 0.01
5516, 2, 13, Status.SNAKE, 0.01
5517, 8, 63, Status.SNAKE, 0.01
5518, 1, 5, Status.SNAKE, 0.01
5519, 9, 57, Status.SNAKE, 0.01
5520, 10, 122, Status.SNAKE, 0.01
5521, 8, 46, Status.SNAKE, 0.01
5522, 4, 38, Status.SNAKE, 0.01
5523, 9, 47, Status.SNAKE, 0.01
5524, 8, 81, Status.SNAKE, 0.01
5525, 5, 44, Status.SNAKE, 0.01
5526, 9, 53, Status.SNAKE, 0.01
5527, 14, 91, Status.SNAKE, 0.01
5528, 6, 42, Status.SNAKE, 0.01
5529, 18, 147, Status.SNAKE, 0.01
5530, 6, 53, Status.SNAKE, 0.01
5531, 8, 33, Status.WALL, 0.01
5532, 11, 78, Status.SNAKE, 0.01
5533, 13, 90, Status.SNAKE, 0.01
5534, 2, 19, Status.SNAKE, 0.01
5535, 4, 35, Status.WALL, 0.01
5536, 19, 169, Status.SNAKE, 0.01
5537, 7, 49, Status.SNAKE, 0.01
5538, 9, 64, Status.SNAKE, 0.01
5539, 12, 77, Status.SNAKE, 0.01
5540, 3, 22, Status.SNAKE, 0.01
5541, 1, 7, Status.SNAKE, 0.01
5542, 5, 28, Status.WALL, 0.01
5543, 4, 26, Status.SNAKE, 0.01
5544, 4, 24, Status.SNAKE, 0.01
5545, 8, 55, Status.SNAKE, 0.01
5546, 5, 33, Status.SNAKE, 0.01
5547, 15, 124, Status.SNAKE, 0.01
5548, 12, 138, Status.SNAKE, 0.01
5549, 9, 58, Status.SNAKE, 0.01
5550, 8, 62, Status.SNAKE, 0.01
5551, 1, 5, Status.SNAKE, 0.01
5552, 3, 23, Status.SNAKE, 0.01
5553, 1, 18, Status.WALL, 0.01
5554, 6, 37, Status.SNAKE, 0.01
5555, 3, 23, Status.SNAKE, 0.01
5556, 3, 15, Status.WALL, 0.01
5557, 12, 84, Status.SNAKE, 0.01
5558, 8, 49, Status.SNAKE, 0.01
5559, 6, 33, Status.SNAKE, 0.01
5560, 6, 40, Status.SNAKE, 0.01
5561, 1, 11, Status.WALL, 0.01
5562, 7, 37, Status.SNAKE, 0.01
5563, 13, 103, Status.SNAKE, 0.01
5564, 5, 41, Status.SNAKE, 0.01
5565, 1, 31, Status.WALL, 0.01
5566, 10, 83, Status.WALL, 0.01
5567, 6, 74, Status.SNAKE, 0.01
5568, 10, 80, Status.SNAKE, 0.01
5569, 6, 58, Status.SNAKE, 0.01
5570, 2, 38, Status.SNAKE, 0.01
5571, 12, 75, Status.SNAKE, 0.01
5572, 6, 32, Status.SNAKE, 0.01
5573, 4, 36, Status.SNAKE, 0.01
5574, 7, 33, Status.SNAKE, 0.01
5575, 9, 73, Status.WALL, 0.01
5576, 11, 113, Status.WALL, 0.01
5577, 2, 21, Status.SNAKE, 0.01
5578, 8, 85, Status.SNAKE, 0.01
5579, 11, 84, Status.SNAKE, 0.01
5580, 1, 8, Status.WALL, 0.01
5581, 8, 62, Status.SNAKE, 0.01
5582, 9, 70, Status.SNAKE, 0.01
5583, 2, 16, Status.WALL, 0.01
5584, 6, 41, Status.SNAKE, 0.01
5585, 14, 102, Status.SNAKE, 0.01
5586, 5, 35, Status.SNAKE, 0.01
5587, 15, 89, Status.SNAKE, 0.01
5588, 9, 65, Status.SNAKE, 0.01
5589, 8, 54, Status.SNAKE, 0.01
5590, 9, 71, Status.SNAKE, 0.01
5591, 9, 41, Status.SNAKE, 0.01
5592, 3, 33, Status.SNAKE, 0.01
5593, 8, 84, Status.WALL, 0.01
5594, 3, 46, Status.SNAKE, 0.01
5595, 15, 94, Status.SNAKE, 0.01
5596, 6, 48, Status.SNAKE, 0.01
5597, 11, 75, Status.SNAKE, 0.01
5598, 1, 11, Status.SNAKE, 0.01
5599, 7, 39, Status.SNAKE, 0.01
5600, 2, 31, Status.WALL, 0.01
5601, 18, 106, Status.SNAKE, 0.01
5602, 4, 28, Status.SNAKE, 0.01
5603, 8, 79, Status.SNAKE, 0.01
5604, 1, 6, Status.WALL, 0.01
5605, 3, 53, Status.SNAKE, 0.01
5606, 7, 46, Status.SNAKE, 0.01
5607, 7, 53, Status.SNAKE, 0.01
5608, 7, 47, Status.SNAKE, 0.01
5609, 8, 46, Status.SNAKE, 0.01
5610, 15, 105, Status.SNAKE, 0.01
5611, 13, 130, Status.WALL, 0.01
5612, 15, 118, Status.SNAKE, 0.01
5613, 13, 78, Status.SNAKE, 0.01
5614, 2, 19, Status.SNAKE, 0.01
5615, 3, 13, Status.WALL, 0.01
5616, 9, 53, Status.SNAKE, 0.01
5617, 4, 31, Status.WALL, 0.01
5618, 21, 169, Status.SNAKE, 0.01
5619, 2, 13, Status.WALL, 0.01
5620, 10, 100, Status.SNAKE, 0.01
5621, 16, 94, Status.SNAKE, 0.01
5622, 11, 65, Status.WALL, 0.01
5623, 12, 79, Status.SNAKE, 0.01
5624, 8, 71, Status.WALL, 0.01
5625, 4, 25, Status.WALL, 0.01
5626, 4, 30, Status.SNAKE, 0.01
5627, 1, 5, Status.SNAKE, 0.01
5628, 6, 44, Status.SNAKE, 0.01
5629, 9, 65, Status.SNAKE, 0.01
5630, 10, 87, Status.SNAKE, 0.01
5631, 1, 10, Status.WALL, 0.01
5632, 14, 117, Status.SNAKE, 0.01
5633, 1, 6, Status.WALL, 0.01
5634, 2, 9, Status.SNAKE, 0.01
5635, 5, 42, Status.SNAKE, 0.01
5636, 3, 22, Status.SNAKE, 0.01
5637, 10, 84, Status.SNAKE, 0.01
5638, 15, 109, Status.SNAKE, 0.01
5639, 8, 76, Status.SNAKE, 0.01
5640, 9, 69, Status.SNAKE, 0.01
5641, 2, 20, Status.SNAKE, 0.01
5642, 15, 129, Status.SNAKE, 0.01
5643, 9, 66, Status.SNAKE, 0.01
5644, 15, 166, Status.SNAKE, 0.01
5645, 8, 47, Status.SNAKE, 0.01
5646, 13, 117, Status.SNAKE, 0.01
5647, 8, 89, Status.SNAKE, 0.01
5648, 11, 84, Status.SNAKE, 0.01
5649, 0, 6, Status.WALL, 0.01
5650, 5, 49, Status.SNAKE, 0.01
5651, 7, 79, Status.SNAKE, 0.01
5652, 3, 32, Status.SNAKE, 0.01
5653, 0, 21, Status.WALL, 0.01
5654, 8, 71, Status.SNAKE, 0.01
5655, 7, 91, Status.SNAKE, 0.01
5656, 4, 32, Status.SNAKE, 0.01
5657, 1, 5, Status.SNAKE, 0.01
5658, 1, 5, Status.SNAKE, 0.01
5659, 3, 16, Status.SNAKE, 0.01
5660, 4, 31, Status.SNAKE, 0.01
5661, 9, 115, Status.WALL, 0.01
5662, 3, 20, Status.SNAKE, 0.01
5663, 8, 52, Status.SNAKE, 0.01
5664, 1, 5, Status.SNAKE, 0.01
5665, 8, 54, Status.SNAKE, 0.01
5666, 12, 77, Status.SNAKE, 0.01
5667, 7, 49, Status.SNAKE, 0.01
5668, 4, 35, Status.SNAKE, 0.01
5669, 10, 79, Status.SNAKE, 0.01
5670, 7, 47, Status.SNAKE, 0.01
5671, 3, 24, Status.SNAKE, 0.01
5672, 18, 121, Status.SNAKE, 0.01
5673, 4, 33, Status.SNAKE, 0.01
5674, 10, 86, Status.SNAKE, 0.01
5675, 2, 15, Status.SNAKE, 0.01
5676, 2, 15, Status.WALL, 0.01
5677, 6, 32, Status.SNAKE, 0.01
5678, 5, 31, Status.SNAKE, 0.01
5679, 1, 7, Status.SNAKE, 0.01
5680, 7, 70, Status.SNAKE, 0.01
5681, 1, 29, Status.WALL, 0.01
5682, 10, 48, Status.SNAKE, 0.01
5683, 3, 31, Status.SNAKE, 0.01
5684, 1, 5, Status.SNAKE, 0.01
5685, 5, 31, Status.WALL, 0.01
5686, 6, 28, Status.SNAKE, 0.01
5687, 14, 122, Status.WALL, 0.01
5688, 4, 31, Status.WALL, 0.01
5689, 6, 58, Status.SNAKE, 0.01
5690, 3, 8, Status.SNAKE, 0.01
5691, 4, 29, Status.SNAKE, 0.01
5692, 9, 51, Status.SNAKE, 0.01
5693, 5, 46, Status.SNAKE, 0.01
5694, 2, 21, Status.WALL, 0.01
5695, 11, 70, Status.SNAKE, 0.01
5696, 13, 88, Status.SNAKE, 0.01
5697, 1, 6, Status.SNAKE, 0.01
5698, 4, 41, Status.SNAKE, 0.01
5699, 7, 70, Status.SNAKE, 0.01
5700, 2, 28, Status.SNAKE, 0.01
5701, 3, 34, Status.WALL, 0.01
5702, 2, 20, Status.SNAKE, 0.01
5703, 9, 56, Status.WALL, 0.01
5704, 5, 24, Status.WALL, 0.01
5705, 7, 38, Status.SNAKE, 0.01
5706, 6, 49, Status.WALL, 0.01
5707, 6, 90, Status.SNAKE, 0.01
5708, 3, 12, Status.WALL, 0.01
5709, 3, 19, Status.SNAKE, 0.01
5710, 4, 38, Status.SNAKE, 0.01
5711, 10, 60, Status.SNAKE, 0.01
5712, 2, 7, Status.SNAKE, 0.01
5713, 2, 18, Status.SNAKE, 0.01
5714, 9, 72, Status.SNAKE, 0.01
5715, 8, 67, Status.WALL, 0.01
5716, 16, 139, Status.SNAKE, 0.01
5717, 8, 47, Status.WALL, 0.01
5718, 4, 24, Status.WALL, 0.01
5719, 10, 79, Status.SNAKE, 0.01
5720, 19, 134, Status.SNAKE, 0.01
5721, 5, 41, Status.SNAKE, 0.01
5722, 16, 121, Status.SNAKE, 0.01
5723, 7, 31, Status.SNAKE, 0.01
5724, 15, 129, Status.SNAKE, 0.01
5725, 1, 10, Status.SNAKE, 0.01
5726, 4, 16, Status.SNAKE, 0.01
5727, 9, 69, Status.SNAKE, 0.01
5728, 2, 13, Status.SNAKE, 0.01
5729, 21, 150, Status.SNAKE, 0.01
5730, 3, 15, Status.SNAKE, 0.01
5731, 14, 124, Status.WALL, 0.01
5732, 20, 113, Status.SNAKE, 0.01
5733, 11, 83, Status.SNAKE, 0.01
5734, 3, 23, Status.SNAKE, 0.01
5735, 17, 100, Status.SNAKE, 0.01
5736, 16, 89, Status.SNAKE, 0.01
5737, 6, 38, Status.SNAKE, 0.01
5738, 5, 22, Status.SNAKE, 0.01
5739, 8, 58, Status.SNAKE, 0.01
5740, 15, 126, Status.SNAKE, 0.01
5741, 13, 116, Status.SNAKE, 0.01
5742, 5, 35, Status.SNAKE, 0.01
5743, 15, 138, Status.SNAKE, 0.01
5744, 2, 12, Status.WALL, 0.01
5745, 16, 105, Status.WALL, 0.01
5746, 8, 65, Status.SNAKE, 0.01
5747, 20, 133, Status.SNAKE, 0.01
5748, 12, 77, Status.SNAKE, 0.01
5749, 5, 41, Status.SNAKE, 0.01
5750, 9, 54, Status.SNAKE, 0.01
5751, 5, 40, Status.SNAKE, 0.01
5752, 2, 11, Status.SNAKE, 0.01
5753, 4, 34, Status.SNAKE, 0.01
5754, 2, 16, Status.SNAKE, 0.01
5755, 7, 52, Status.WALL, 0.01
5756, 4, 29, Status.SNAKE, 0.01
5757, 1, 8, Status.SNAKE, 0.01
5758, 21, 173, Status.SNAKE, 0.01
5759, 8, 50, Status.WALL, 0.01
5760, 14, 83, Status.SNAKE, 0.01
5761, 2, 15, Status.SNAKE, 0.01
5762, 10, 73, Status.SNAKE, 0.01
5763, 10, 69, Status.SNAKE, 0.01
5764, 16, 135, Status.SNAKE, 0.01
5765, 9, 65, Status.SNAKE, 0.01
5766, 11, 60, Status.SNAKE, 0.01
5767, 4, 33, Status.SNAKE, 0.01
5768, 6, 44, Status.SNAKE, 0.01
5769, 1, 22, Status.SNAKE, 0.01
5770, 3, 22, Status.SNAKE, 0.01
5771, 8, 69, Status.SNAKE, 0.01
5772, 9, 71, Status.SNAKE, 0.01
5773, 18, 116, Status.SNAKE, 0.01
5774, 7, 37, Status.WALL, 0.01
5775, 11, 84, Status.SNAKE, 0.01
5776, 8, 48, Status.SNAKE, 0.01
5777, 11, 87, Status.WALL, 0.01
5778, 10, 85, Status.SNAKE, 0.01
5779, 2, 14, Status.SNAKE, 0.01
5780, 13, 112, Status.SNAKE, 0.01
5781, 6, 43, Status.SNAKE, 0.01
5782, 0, 6, Status.WALL, 0.01
5783, 6, 38, Status.SNAKE, 0.01
5784, 10, 73, Status.SNAKE, 0.01
5785, 1, 7, Status.WALL, 0.01
5786, 3, 24, Status.SNAKE, 0.01
5787, 13, 83, Status.SNAKE, 0.01
5788, 11, 101, Status.SNAKE, 0.01
5789, 16, 121, Status.SNAKE, 0.01
5790, 14, 107, Status.SNAKE, 0.01
5791, 10, 76, Status.SNAKE, 0.01
5792, 9, 63, Status.SNAKE, 0.01
5793, 9, 69, Status.WALL, 0.01
5794, 1, 5, Status.SNAKE, 0.01
5795, 8, 60, Status.SNAKE, 0.01
5796, 2, 18, Status.SNAKE, 0.01
5797, 11, 68, Status.SNAKE, 0.01
5798, 2, 21, Status.SNAKE, 0.01
5799, 1, 5, Status.SNAKE, 0.01
5800, 10, 78, Status.SNAKE, 0.01
5801, 4, 20, Status.WALL, 0.01
5802, 12, 98, Status.SNAKE, 0.01
5803, 1, 6, Status.SNAKE, 0.01
5804, 1, 9, Status.WALL, 0.01
5805, 1, 19, Status.SNAKE, 0.01
5806, 11, 63, Status.SNAKE, 0.01
5807, 8, 42, Status.SNAKE, 0.01
5808, 9, 54, Status.SNAKE, 0.01
5809, 4, 22, Status.SNAKE, 0.01
5810, 8, 50, Status.WALL, 0.01
5811, 6, 38, Status.SNAKE, 0.01
5812, 12, 114, Status.SNAKE, 0.01
5813, 7, 35, Status.SNAKE, 0.01
5814, 7, 55, Status.SNAKE, 0.01
5815, 4, 22, Status.SNAKE, 0.01
5816, 7, 52, Status.SNAKE, 0.01
5817, 5, 32, Status.SNAKE, 0.01
5818, 10, 54, Status.SNAKE, 0.01
5819, 1, 8, Status.SNAKE, 0.01
5820, 19, 148, Status.SNAKE, 0.01
5821, 2, 8, Status.SNAKE, 0.01
5822, 7, 51, Status.SNAKE, 0.01
5823, 17, 126, Status.WALL, 0.01
5824, 6, 59, Status.WALL, 0.01
5825, 10, 83, Status.SNAKE, 0.01
5826, 10, 63, Status.SNAKE, 0.01
5827, 2, 11, Status.SNAKE, 0.01
5828, 5, 37, Status.SNAKE, 0.01
5829, 1, 6, Status.SNAKE, 0.01
5830, 1, 15, Status.SNAKE, 0.01
5831, 3, 18, Status.WALL, 0.01
5832, 2, 27, Status.WALL, 0.01
5833, 7, 48, Status.SNAKE, 0.01
5834, 14, 93, Status.SNAKE, 0.01
5835, 3, 22, Status.SNAKE, 0.01
5836, 9, 66, Status.SNAKE, 0.01
5837, 8, 55, Status.SNAKE, 0.01
5838, 5, 50, Status.WALL, 0.01
5839, 1, 11, Status.SNAKE, 0.01
5840, 6, 37, Status.SNAKE, 0.01
5841, 15, 100, Status.SNAKE, 0.01
5842, 1, 6, Status.SNAKE, 0.01
5843, 9, 82, Status.SNAKE, 0.01
5844, 1, 9, Status.WALL, 0.01
5845, 2, 18, Status.WALL, 0.01
5846, 11, 82, Status.SNAKE, 0.01
5847, 7, 61, Status.SNAKE, 0.01
5848, 12, 86, Status.SNAKE, 0.01
5849, 9, 75, Status.SNAKE, 0.01
5850, 1, 10, Status.SNAKE, 0.01
5851, 7, 62, Status.SNAKE, 0.01
5852, 15, 109, Status.SNAKE, 0.01
5853, 2, 15, Status.SNAKE, 0.01
5854, 16, 95, Status.SNAKE, 0.01
5855, 2, 14, Status.WALL, 0.01
5856, 5, 44, Status.SNAKE, 0.01
5857, 6, 42, Status.SNAKE, 0.01
5858, 17, 144, Status.WALL, 0.01
5859, 4, 22, Status.SNAKE, 0.01
5860, 9, 66, Status.SNAKE, 0.01
5861, 5, 45, Status.SNAKE, 0.01
5862, 12, 79, Status.SNAKE, 0.01
5863, 3, 31, Status.SNAKE, 0.01
5864, 9, 70, Status.SNAKE, 0.01
5865, 10, 58, Status.SNAKE, 0.01
5866, 14, 121, Status.SNAKE, 0.01
5867, 9, 74, Status.WALL, 0.01
5868, 7, 39, Status.WALL, 0.01
5869, 14, 114, Status.SNAKE, 0.01
5870, 10, 89, Status.SNAKE, 0.01
5871, 6, 60, Status.SNAKE, 0.01
5872, 14, 105, Status.SNAKE, 0.01
5873, 8, 37, Status.SNAKE, 0.01
5874, 11, 68, Status.SNAKE, 0.01
5875, 18, 89, Status.SNAKE, 0.01
5876, 7, 45, Status.SNAKE, 0.01
5877, 9, 64, Status.SNAKE, 0.01
5878, 9, 71, Status.SNAKE, 0.01
5879, 7, 59, Status.SNAKE, 0.01
5880, 5, 48, Status.SNAKE, 0.01
5881, 8, 47, Status.SNAKE, 0.01
5882, 5, 33, Status.SNAKE, 0.01
5883, 8, 57, Status.SNAKE, 0.01
5884, 1, 5, Status.SNAKE, 0.01
5885, 12, 91, Status.SNAKE, 0.01
5886, 6, 26, Status.SNAKE, 0.01
5887, 15, 107, Status.WALL, 0.01
5888, 7, 49, Status.SNAKE, 0.01
5889, 18, 136, Status.WALL, 0.01
5890, 5, 35, Status.WALL, 0.01
5891, 5, 42, Status.SNAKE, 0.01
5892, 8, 64, Status.SNAKE, 0.01
5893, 12, 74, Status.SNAKE, 0.01
5894, 3, 20, Status.SNAKE, 0.01
5895, 1, 10, Status.WALL, 0.01
5896, 1, 7, Status.WALL, 0.01
5897, 7, 62, Status.SNAKE, 0.01
5898, 7, 61, Status.SNAKE, 0.01
5899, 4, 31, Status.WALL, 0.01
5900, 2, 15, Status.SNAKE, 0.01
5901, 1, 3, Status.SNAKE, 0.01
5902, 9, 101, Status.WALL, 0.01
5903, 3, 22, Status.WALL, 0.01
5904, 1, 9, Status.WALL, 0.01
5905, 15, 98, Status.SNAKE, 0.01
5906, 6, 81, Status.SNAKE, 0.01
5907, 3, 26, Status.WALL, 0.01
5908, 3, 24, Status.SNAKE, 0.01
5909, 13, 101, Status.SNAKE, 0.01
5910, 4, 21, Status.WALL, 0.01
5911, 11, 81, Status.SNAKE, 0.01
5912, 10, 75, Status.SNAKE, 0.01
5913, 14, 103, Status.SNAKE, 0.01
5914, 8, 31, Status.SNAKE, 0.01
5915, 3, 16, Status.WALL, 0.01
5916, 13, 87, Status.SNAKE, 0.01
5917, 10, 62, Status.WALL, 0.01
5918, 12, 90, Status.SNAKE, 0.01
5919, 13, 87, Status.SNAKE, 0.01
5920, 1, 6, Status.WALL, 0.01
5921, 12, 89, Status.WALL, 0.01
5922, 7, 45, Status.SNAKE, 0.01
5923, 6, 34, Status.SNAKE, 0.01
5924, 16, 132, Status.SNAKE, 0.01
5925, 1, 6, Status.SNAKE, 0.01
5926, 6, 52, Status.WALL, 0.01
5927, 8, 64, Status.WALL, 0.01
5928, 7, 34, Status.WALL, 0.01
5929, 11, 79, Status.SNAKE, 0.01
5930, 2, 21, Status.WALL, 0.01
5931, 5, 35, Status.SNAKE, 0.01
5932, 7, 37, Status.WALL, 0.01
5933, 8, 47, Status.SNAKE, 0.01
5934, 1, 5, Status.SNAKE, 0.01
5935, 1, 8, Status.SNAKE, 0.01
5936, 9, 55, Status.WALL, 0.01
5937, 10, 73, Status.SNAKE, 0.01
5938, 7, 51, Status.SNAKE, 0.01
5939, 4, 32, Status.SNAKE, 0.01
5940, 5, 37, Status.SNAKE, 0.01
5941, 1, 11, Status.SNAKE, 0.01
5942, 13, 95, Status.SNAKE, 0.01
5943, 3, 17, Status.WALL, 0.01
5944, 2, 18, Status.SNAKE, 0.01
5945, 7, 47, Status.SNAKE, 0.01
5946, 9, 56, Status.SNAKE, 0.01
5947, 4, 26, Status.SNAKE, 0.01
5948, 6, 33, Status.SNAKE, 0.01
5949, 6, 32, Status.SNAKE, 0.01
5950, 14, 93, Status.SNAKE, 0.01
5951, 11, 86, Status.SNAKE, 0.01
5952, 7, 38, Status.SNAKE, 0.01
5953, 9, 58, Status.SNAKE, 0.01
5954, 8, 45, Status.SNAKE, 0.01
5955, 2, 15, Status.WALL, 0.01
5956, 2, 14, Status.WALL, 0.01
5957, 10, 62, Status.SNAKE, 0.01
5958, 6, 47, Status.SNAKE, 0.01
5959, 16, 108, Status.SNAKE, 0.01
5960, 11, 104, Status.WALL, 0.01
5961, 16, 126, Status.SNAKE, 0.01
5962, 1, 5, Status.SNAKE, 0.01
5963, 11, 51, Status.SNAKE, 0.01
5964, 3, 25, Status.SNAKE, 0.01
5965, 7, 54, Status.WALL, 0.01
5966, 8, 60, Status.SNAKE, 0.01
5967, 8, 45, Status.SNAKE, 0.01
5968, 18, 141, Status.WALL, 0.01
5969, 16, 117, Status.SNAKE, 0.01
5970, 16, 149, Status.SNAKE, 0.01
5971, 19, 105, Status.SNAKE, 0.01
5972, 5, 52, Status.SNAKE, 0.01
5973, 16, 116, Status.SNAKE, 0.01
5974, 7, 42, Status.SNAKE, 0.01
5975, 7, 49, Status.SNAKE, 0.01
5976, 5, 33, Status.SNAKE, 0.01
5977, 1, 5, Status.SNAKE, 0.01
5978, 8, 79, Status.WALL, 0.01
5979, 8, 56, Status.SNAKE, 0.01
5980, 14, 108, Status.WALL, 0.01
5981, 11, 103, Status.SNAKE, 0.01
5982, 8, 60, Status.SNAKE, 0.01
5983, 3, 15, Status.SNAKE, 0.01
5984, 14, 107, Status.SNAKE, 0.01
5985, 2, 20, Status.WALL, 0.01
5986, 6, 43, Status.SNAKE, 0.01
5987, 11, 84, Status.SNAKE, 0.01
5988, 7, 50, Status.SNAKE, 0.01
5989, 1, 10, Status.SNAKE, 0.01
5990, 8, 51, Status.SNAKE, 0.01
5991, 4, 22, Status.SNAKE, 0.01
5992, 11, 70, Status.WALL, 0.01
5993, 6, 51, Status.SNAKE, 0.01
5994, 8, 65, Status.SNAKE, 0.01
5995, 1, 11, Status.SNAKE, 0.01
5996, 6, 57, Status.SNAKE, 0.01
5997, 5, 46, Status.SNAKE, 0.01
5998, 7, 44, Status.SNAKE, 0.01
5999, 6, 34, Status.WALL, 0.01
6000, 1, 5, Status.SNAKE, 0.01
6001, 13, 76, Status.SNAKE, 0.01
6002, 3, 26, Status.SNAKE, 0.01
6003, 9, 50, Status.WALL, 0.01
6004, 4, 27, Status.WALL, 0.01
6005, 4, 18, Status.SNAKE, 0.01
6006, 4, 19, Status.SNAKE, 0.01
6007, 8, 36, Status.SNAKE, 0.01
6008, 9, 79, Status.SNAKE, 0.01
6009, 7, 69, Status.SNAKE, 0.01
6010, 2, 13, Status.SNAKE, 0.01
6011, 15, 64, Status.SNAKE, 0.01
6012, 5, 30, Status.SNAKE, 0.01
6013, 7, 54, Status.SNAKE, 0.01
6014, 3, 28, Status.SNAKE, 0.01
6015, 13, 78, Status.SNAKE, 0.01
6016, 10, 88, Status.SNAKE, 0.01
6017, 10, 52, Status.SNAKE, 0.01
6018, 5, 43, Status.WALL, 0.01
6019, 6, 43, Status.SNAKE, 0.01
6020, 12, 90, Status.SNAKE, 0.01
6021, 2, 16, Status.SNAKE, 0.01
6022, 6, 62, Status.SNAKE, 0.01
6023, 7, 39, Status.SNAKE, 0.01
6024, 9, 58, Status.SNAKE, 0.01
6025, 5, 24, Status.SNAKE, 0.01
6026, 10, 61, Status.SNAKE, 0.01
6027, 2, 8, Status.WALL, 0.01
6028, 9, 65, Status.SNAKE, 0.01
6029, 4, 24, Status.SNAKE, 0.01
6030, 8, 53, Status.SNAKE, 0.01
6031, 3, 18, Status.WALL, 0.01
6032, 9, 75, Status.SNAKE, 0.01
6033, 7, 51, Status.SNAKE, 0.01
6034, 12, 67, Status.SNAKE, 0.01
6035, 5, 43, Status.SNAKE, 0.01
6036, 5, 45, Status.SNAKE, 0.01
6037, 8, 60, Status.WALL, 0.01
6038, 10, 62, Status.SNAKE, 0.01
6039, 5, 34, Status.SNAKE, 0.01
6040, 7, 46, Status.SNAKE, 0.01
6041, 6, 52, Status.SNAKE, 0.01
6042, 5, 41, Status.SNAKE, 0.01
6043, 5, 30, Status.SNAKE, 0.01
6044, 4, 29, Status.WALL, 0.01
6045, 1, 10, Status.WALL, 0.01
6046, 11, 102, Status.SNAKE, 0.01
6047, 9, 52, Status.SNAKE, 0.01
6048, 10, 90, Status.SNAKE, 0.01
6049, 9, 66, Status.SNAKE, 0.01
6050, 9, 46, Status.SNAKE, 0.01
6051, 0, 6, Status.WALL, 0.01
6052, 10, 64, Status.SNAKE, 0.01
6053, 10, 100, Status.SNAKE, 0.01
6054, 4, 28, Status.SNAKE, 0.01
6055, 3, 24, Status.WALL, 0.01
6056, 3, 18, Status.SNAKE, 0.01
6057, 5, 32, Status.SNAKE, 0.01
6058, 8, 43, Status.SNAKE, 0.01
6059, 11, 78, Status.SNAKE, 0.01
6060, 5, 33, Status.WALL, 0.01
6061, 3, 21, Status.SNAKE, 0.01
6062, 9, 55, Status.SNAKE, 0.01
6063, 14, 67, Status.SNAKE, 0.01
6064, 7, 52, Status.SNAKE, 0.01
6065, 9, 63, Status.SNAKE, 0.01
6066, 7, 59, Status.SNAKE, 0.01
6067, 4, 28, Status.WALL, 0.01
6068, 8, 70, Status.SNAKE, 0.01
6069, 8, 65, Status.SNAKE, 0.01
6070, 6, 43, Status.SNAKE, 0.01
6071, 6, 29, Status.SNAKE, 0.01
6072, 16, 121, Status.WALL, 0.01
6073, 3, 16, Status.SNAKE, 0.01
6074, 8, 75, Status.SNAKE, 0.01
6075, 10, 75, Status.SNAKE, 0.01
6076, 5, 37, Status.SNAKE, 0.01
6077, 11, 66, Status.SNAKE, 0.01
6078, 20, 156, Status.SNAKE, 0.01
6079, 5, 38, Status.SNAKE, 0.01
6080, 8, 55, Status.SNAKE, 0.01
6081, 10, 54, Status.SNAKE, 0.01
6082, 14, 115, Status.SNAKE, 0.01
6083, 9, 47, Status.SNAKE, 0.01
6084, 12, 50, Status.WALL, 0.01
6085, 14, 118, Status.SNAKE, 0.01
6086, 9, 69, Status.SNAKE, 0.01
6087, 3, 28, Status.SNAKE, 0.01
6088, 12, 73, Status.SNAKE, 0.01
6089, 3, 18, Status.WALL, 0.01
6090, 8, 61, Status.SNAKE, 0.01
6091, 15, 74, Status.SNAKE, 0.01
6092, 4, 18, Status.SNAKE, 0.01
6093, 18, 131, Status.SNAKE, 0.01
6094, 5, 38, Status.SNAKE, 0.01
6095, 2, 9, Status.WALL, 0.01
6096, 12, 91, Status.SNAKE, 0.01
6097, 6, 36, Status.SNAKE, 0.01
6098, 4, 37, Status.SNAKE, 0.01
6099, 3, 18, Status.SNAKE, 0.01
6100, 9, 52, Status.SNAKE, 0.01
6101, 7, 62, Status.WALL, 0.01
6102, 5, 38, Status.SNAKE, 0.01
6103, 9, 80, Status.SNAKE, 0.01
6104, 1, 10, Status.SNAKE, 0.01
6105, 2, 14, Status.SNAKE, 0.01
6106, 9, 63, Status.SNAKE, 0.01
6107, 9, 87, Status.SNAKE, 0.01
6108, 1, 10, Status.SNAKE, 0.01
6109, 9, 52, Status.SNAKE, 0.01
6110, 4, 17, Status.WALL, 0.01
6111, 13, 95, Status.WALL, 0.01
6112, 11, 80, Status.WALL, 0.01
6113, 10, 70, Status.SNAKE, 0.01
6114, 7, 70, Status.SNAKE, 0.01
6115, 8, 65, Status.WALL, 0.01
6116, 11, 67, Status.SNAKE, 0.01
6117, 16, 120, Status.SNAKE, 0.01
6118, 11, 81, Status.WALL, 0.01
6119, 13, 93, Status.SNAKE, 0.01
6120, 7, 49, Status.SNAKE, 0.01
6121, 15, 117, Status.SNAKE, 0.01
6122, 16, 104, Status.SNAKE, 0.01
6123, 0, 6, Status.WALL, 0.01
6124, 14, 94, Status.SNAKE, 0.01
6125, 10, 74, Status.SNAKE, 0.01
6126, 2, 9, Status.WALL, 0.01
6127, 0, 7, Status.WALL, 0.01
6128, 14, 126, Status.SNAKE, 0.01
6129, 19, 147, Status.SNAKE, 0.01
6130, 11, 83, Status.WALL, 0.01
6131, 1, 7, Status.WALL, 0.01
6132, 7, 42, Status.SNAKE, 0.01
6133, 2, 13, Status.WALL, 0.01
6134, 9, 59, Status.SNAKE, 0.01
6135, 2, 8, Status.SNAKE, 0.01
6136, 4, 25, Status.SNAKE, 0.01
6137, 13, 84, Status.SNAKE, 0.01
6138, 1, 5, Status.SNAKE, 0.01
6139, 7, 49, Status.SNAKE, 0.01
6140, 4, 29, Status.SNAKE, 0.01
6141, 15, 100, Status.SNAKE, 0.01
6142, 24, 176, Status.SNAKE, 0.01
6143, 9, 55, Status.WALL, 0.01
6144, 7, 49, Status.SNAKE, 0.01
6145, 3, 16, Status.SNAKE, 0.01
6146, 11, 65, Status.SNAKE, 0.01
6147, 14, 96, Status.SNAKE, 0.01
6148, 13, 74, Status.SNAKE, 0.01
6149, 1, 10, Status.WALL, 0.01
6150, 5, 44, Status.SNAKE, 0.01
6151, 14, 76, Status.SNAKE, 0.01
6152, 9, 52, Status.SNAKE, 0.01
6153, 3, 17, Status.SNAKE, 0.01
6154, 9, 64, Status.SNAKE, 0.01
6155, 4, 30, Status.SNAKE, 0.01
6156, 17, 116, Status.SNAKE, 0.01
6157, 3, 7, Status.WALL, 0.01
6158, 4, 36, Status.SNAKE, 0.01
6159, 8, 55, Status.SNAKE, 0.01
6160, 9, 56, Status.SNAKE, 0.01
6161, 15, 131, Status.SNAKE, 0.01
6162, 17, 135, Status.SNAKE, 0.01
6163, 6, 42, Status.SNAKE, 0.01
6164, 8, 57, Status.SNAKE, 0.01
6165, 23, 185, Status.SNAKE, 0.01
6166, 5, 32, Status.SNAKE, 0.01
6167, 5, 26, Status.SNAKE, 0.01
6168, 2, 14, Status.SNAKE, 0.01
6169, 7, 48, Status.SNAKE, 0.01
6170, 4, 26, Status.SNAKE, 0.01
6171, 8, 60, Status.SNAKE, 0.01
6172, 7, 48, Status.SNAKE, 0.01
6173, 2, 16, Status.SNAKE, 0.01
6174, 7, 45, Status.SNAKE, 0.01
6175, 8, 55, Status.SNAKE, 0.01
6176, 6, 29, Status.SNAKE, 0.01
6177, 2, 30, Status.SNAKE, 0.01
6178, 9, 76, Status.SNAKE, 0.01
6179, 6, 33, Status.SNAKE, 0.01
6180, 5, 38, Status.SNAKE, 0.01
6181, 1, 8, Status.WALL, 0.01
6182, 5, 32, Status.SNAKE, 0.01
6183, 6, 43, Status.SNAKE, 0.01
6184, 7, 37, Status.WALL, 0.01
6185, 20, 123, Status.WALL, 0.01
6186, 4, 36, Status.SNAKE, 0.01
6187, 7, 60, Status.SNAKE, 0.01
6188, 12, 102, Status.SNAKE, 0.01
6189, 10, 85, Status.SNAKE, 0.01
6190, 20, 175, Status.SNAKE, 0.01
6191, 14, 90, Status.SNAKE, 0.01
6192, 3, 16, Status.SNAKE, 0.01
6193, 10, 87, Status.SNAKE, 0.01
6194, 13, 98, Status.WALL, 0.01
6195, 4, 35, Status.WALL, 0.01
6196, 6, 33, Status.SNAKE, 0.01
6197, 1, 14, Status.SNAKE, 0.01
6198, 16, 111, Status.SNAKE, 0.01
6199, 12, 121, Status.SNAKE, 0.01
6200, 6, 29, Status.SNAKE, 0.01
6201, 6, 37, Status.SNAKE, 0.01
6202, 10, 83, Status.SNAKE, 0.01
6203, 13, 93, Status.SNAKE, 0.01
6204, 12, 100, Status.SNAKE, 0.01
6205, 16, 121, Status.WALL, 0.01
6206, 8, 49, Status.SNAKE, 0.01
6207, 7, 45, Status.SNAKE, 0.01
6208, 6, 29, Status.WALL, 0.01
6209, 3, 23, Status.SNAKE, 0.01
6210, 13, 84, Status.SNAKE, 0.01
6211, 6, 53, Status.SNAKE, 0.01
6212, 7, 48, Status.SNAKE, 0.01
6213, 17, 124, Status.WALL, 0.01
6214, 3, 15, Status.SNAKE, 0.01
6215, 12, 83, Status.WALL, 0.01
6216, 10, 96, Status.WALL, 0.01
6217, 2, 5, Status.SNAKE, 0.01
6218, 8, 60, Status.WALL, 0.01
6219, 4, 22, Status.SNAKE, 0.01
6220, 5, 41, Status.WALL, 0.01
6221, 9, 55, Status.SNAKE, 0.01
6222, 3, 22, Status.WALL, 0.01
6223, 11, 118, Status.SNAKE, 0.01
6224, 9, 61, Status.SNAKE, 0.01
6225, 10, 87, Status.SNAKE, 0.01
6226, 10, 57, Status.SNAKE, 0.01
6227, 7, 58, Status.SNAKE, 0.01
6228, 1, 3, Status.SNAKE, 0.01
6229, 5, 36, Status.SNAKE, 0.01
6230, 6, 46, Status.SNAKE, 0.01
6231, 8, 57, Status.SNAKE, 0.01
6232, 12, 107, Status.SNAKE, 0.01
6233, 3, 34, Status.SNAKE, 0.01
6234, 5, 29, Status.WALL, 0.01
6235, 16, 119, Status.SNAKE, 0.01
6236, 7, 62, Status.SNAKE, 0.01
6237, 7, 55, Status.SNAKE, 0.01
6238, 8, 63, Status.SNAKE, 0.01
6239, 6, 38, Status.SNAKE, 0.01
6240, 6, 39, Status.SNAKE, 0.01
6241, 5, 46, Status.SNAKE, 0.01
6242, 4, 36, Status.SNAKE, 0.01
6243, 10, 80, Status.SNAKE, 0.01
6244, 19, 135, Status.SNAKE, 0.01
6245, 16, 116, Status.WALL, 0.01
6246, 12, 70, Status.SNAKE, 0.01
6247, 5, 24, Status.SNAKE, 0.01
6248, 3, 16, Status.WALL, 0.01
6249, 8, 55, Status.SNAKE, 0.01
6250, 12, 79, Status.SNAKE, 0.01
6251, 3, 26, Status.SNAKE, 0.01
6252, 8, 61, Status.SNAKE, 0.01
6253, 5, 45, Status.SNAKE, 0.01
6254, 11, 84, Status.SNAKE, 0.01
6255, 10, 53, Status.SNAKE, 0.01
6256, 14, 114, Status.SNAKE, 0.01
6257, 2, 16, Status.SNAKE, 0.01
6258, 13, 107, Status.SNAKE, 0.01
6259, 2, 14, Status.WALL, 0.01
6260, 4, 28, Status.SNAKE, 0.01
6261, 7, 57, Status.WALL, 0.01
6262, 7, 63, Status.SNAKE, 0.01
6263, 5, 25, Status.WALL, 0.01
6264, 10, 84, Status.SNAKE, 0.01
6265, 4, 27, Status.WALL, 0.01
6266, 14, 98, Status.SNAKE, 0.01
6267, 2, 12, Status.WALL, 0.01
6268, 2, 22, Status.SNAKE, 0.01
6269, 11, 67, Status.SNAKE, 0.01
6270, 2, 10, Status.WALL, 0.01
6271, 7, 40, Status.SNAKE, 0.01
6272, 7, 39, Status.SNAKE, 0.01
6273, 9, 67, Status.WALL, 0.01
6274, 6, 57, Status.WALL, 0.01
6275, 3, 30, Status.SNAKE, 0.01
6276, 15, 115, Status.WALL, 0.01
6277, 11, 79, Status.SNAKE, 0.01
6278, 18, 121, Status.SNAKE, 0.01
6279, 5, 38, Status.SNAKE, 0.01
6280, 13, 72, Status.SNAKE, 0.01
6281, 9, 70, Status.SNAKE, 0.01
6282, 8, 61, Status.SNAKE, 0.01
6283, 15, 124, Status.SNAKE, 0.01
6284, 5, 39, Status.WALL, 0.01
6285, 5, 30, Status.SNAKE, 0.01
6286, 5, 36, Status.SNAKE, 0.01
6287, 11, 55, Status.SNAKE, 0.01
6288, 14, 117, Status.SNAKE, 0.01
6289, 11, 60, Status.SNAKE, 0.01
6290, 1, 5, Status.SNAKE, 0.01
6291, 5, 39, Status.SNAKE, 0.01
6292, 5, 25, Status.WALL, 0.01
6293, 11, 105, Status.SNAKE, 0.01
6294, 7, 37, Status.SNAKE, 0.01
6295, 7, 52, Status.WALL, 0.01
6296, 2, 8, Status.SNAKE, 0.01
6297, 4, 29, Status.WALL, 0.01
6298, 8, 54, Status.WALL, 0.01
6299, 12, 78, Status.SNAKE, 0.01
6300, 12, 72, Status.SNAKE, 0.01
6301, 7, 48, Status.SNAKE, 0.01
6302, 2, 13, Status.SNAKE, 0.01
6303, 7, 57, Status.SNAKE, 0.01
6304, 9, 75, Status.SNAKE, 0.01
6305, 7, 34, Status.WALL, 0.01
6306, 20, 160, Status.SNAKE, 0.01
6307, 9, 57, Status.SNAKE, 0.01
6308, 9, 60, Status.SNAKE, 0.01
6309, 9, 63, Status.SNAKE, 0.01
6310, 3, 33, Status.WALL, 0.01
6311, 10, 60, Status.SNAKE, 0.01
6312, 12, 87, Status.SNAKE, 0.01
6313, 5, 45, Status.SNAKE, 0.01
6314, 5, 24, Status.SNAKE, 0.01
6315, 10, 70, Status.SNAKE, 0.01
6316, 9, 54, Status.SNAKE, 0.01
6317, 5, 27, Status.SNAKE, 0.01
6318, 11, 102, Status.SNAKE, 0.01
6319, 11, 69, Status.WALL, 0.01
6320, 6, 54, Status.SNAKE, 0.01
6321, 6, 39, Status.SNAKE, 0.01
6322, 20, 159, Status.SNAKE, 0.01
6323, 6, 54, Status.SNAKE, 0.01
6324, 4, 30, Status.SNAKE, 0.01
6325, 3, 20, Status.SNAKE, 0.01
6326, 9, 71, Status.SNAKE, 0.01
6327, 14, 105, Status.SNAKE, 0.01
6328, 4, 25, Status.SNAKE, 0.01
6329, 1, 6, Status.SNAKE, 0.01
6330, 8, 48, Status.WALL, 0.01
6331, 12, 68, Status.SNAKE, 0.01
6332, 4, 32, Status.SNAKE, 0.01
6333, 17, 123, Status.SNAKE, 0.01
6334, 7, 32, Status.SNAKE, 0.01
6335, 15, 100, Status.SNAKE, 0.01
6336, 19, 150, Status.SNAKE, 0.01
6337, 9, 51, Status.SNAKE, 0.01
6338, 11, 68, Status.SNAKE, 0.01
6339, 8, 55, Status.SNAKE, 0.01
6340, 17, 127, Status.SNAKE, 0.01
6341, 5, 47, Status.SNAKE, 0.01
6342, 6, 44, Status.SNAKE, 0.01
6343, 5, 40, Status.SNAKE, 0.01
6344, 8, 59, Status.WALL, 0.01
6345, 12, 79, Status.SNAKE, 0.01
6346, 10, 75, Status.SNAKE, 0.01
6347, 3, 24, Status.WALL, 0.01
6348, 1, 5, Status.SNAKE, 0.01
6349, 5, 37, Status.SNAKE, 0.01
6350, 19, 141, Status.SNAKE, 0.01
6351, 11, 63, Status.SNAKE, 0.01
6352, 10, 74, Status.WALL, 0.01
6353, 4, 31, Status.SNAKE, 0.01
6354, 16, 94, Status.SNAKE, 0.01
6355, 4, 26, Status.WALL, 0.01
6356, 12, 92, Status.SNAKE, 0.01
6357, 2, 14, Status.SNAKE, 0.01
6358, 10, 66, Status.SNAKE, 0.01
6359, 2, 10, Status.SNAKE, 0.01
6360, 10, 80, Status.SNAKE, 0.01
6361, 3, 35, Status.SNAKE, 0.01
6362, 4, 29, Status.WALL, 0.01
6363, 11, 79, Status.SNAKE, 0.01
6364, 11, 65, Status.SNAKE, 0.01
6365, 13, 89, Status.WALL, 0.01
6366, 11, 87, Status.SNAKE, 0.01
6367, 14, 113, Status.SNAKE, 0.01
6368, 9, 71, Status.SNAKE, 0.01
6369, 19, 148, Status.SNAKE, 0.01
6370, 7, 67, Status.SNAKE, 0.01
6371, 9, 59, Status.SNAKE, 0.01
6372, 12, 81, Status.WALL, 0.01
6373, 15, 89, Status.SNAKE, 0.01
6374, 16, 131, Status.SNAKE, 0.01
6375, 5, 32, Status.SNAKE, 0.01
6376, 11, 63, Status.SNAKE, 0.01
6377, 8, 75, Status.WALL, 0.01
6378, 7, 37, Status.SNAKE, 0.01
6379, 15, 90, Status.SNAKE, 0.01
6380, 3, 14, Status.SNAKE, 0.01
6381, 9, 61, Status.SNAKE, 0.01
6382, 6, 34, Status.SNAKE, 0.01
6383, 6, 35, Status.SNAKE, 0.01
6384, 7, 34, Status.WALL, 0.01
6385, 2, 28, Status.WALL, 0.01
6386, 14, 75, Status.SNAKE, 0.01
6387, 7, 52, Status.WALL, 0.01
6388, 5, 39, Status.SNAKE, 0.01
6389, 5, 38, Status.SNAKE, 0.01
6390, 3, 28, Status.SNAKE, 0.01
6391, 16, 113, Status.SNAKE, 0.01
6392, 9, 72, Status.SNAKE, 0.01
6393, 11, 74, Status.SNAKE, 0.01
6394, 11, 101, Status.WALL, 0.01
6395, 9, 48, Status.SNAKE, 0.01
6396, 6, 48, Status.SNAKE, 0.01
6397, 8, 54, Status.SNAKE, 0.01
6398, 5, 33, Status.SNAKE, 0.01
6399, 11, 63, Status.SNAKE, 0.01
6400, 12, 104, Status.SNAKE, 0.01
6401, 3, 15, Status.WALL, 0.01
6402, 6, 50, Status.WALL, 0.01
6403, 4, 16, Status.SNAKE, 0.01
6404, 6, 42, Status.SNAKE, 0.01
6405, 7, 36, Status.SNAKE, 0.01
6406, 5, 27, Status.SNAKE, 0.01
6407, 4, 23, Status.WALL, 0.01
6408, 4, 20, Status.WALL, 0.01
6409, 4, 35, Status.WALL, 0.01
6410, 17, 122, Status.WALL, 0.01
6411, 8, 55, Status.SNAKE, 0.01
6412, 13, 104, Status.SNAKE, 0.01
6413, 14, 96, Status.SNAKE, 0.01
6414, 14, 80, Status.SNAKE, 0.01
6415, 2, 12, Status.SNAKE, 0.01
6416, 8, 55, Status.WALL, 0.01
6417, 4, 15, Status.SNAKE, 0.01
6418, 11, 90, Status.SNAKE, 0.01
6419, 6, 63, Status.SNAKE, 0.01
6420, 1, 8, Status.SNAKE, 0.01
6421, 7, 43, Status.SNAKE, 0.01
6422, 1, 5, Status.SNAKE, 0.01
6423, 16, 77, Status.WALL, 0.01
6424, 2, 17, Status.SNAKE, 0.01
6425, 3, 21, Status.WALL, 0.01
6426, 3, 12, Status.WALL, 0.01
6427, 3, 21, Status.WALL, 0.01
6428, 2, 24, Status.SNAKE, 0.01
6429, 15, 105, Status.SNAKE, 0.01
6430, 4, 30, Status.SNAKE, 0.01
6431, 12, 80, Status.SNAKE, 0.01
6432, 5, 37, Status.SNAKE, 0.01
6433, 7, 53, Status.SNAKE, 0.01
6434, 14, 136, Status.SNAKE, 0.01
6435, 7, 52, Status.SNAKE, 0.01
6436, 5, 33, Status.SNAKE, 0.01
6437, 10, 93, Status.SNAKE, 0.01
6438, 8, 58, Status.SNAKE, 0.01
6439, 5, 35, Status.WALL, 0.01
6440, 13, 104, Status.SNAKE, 0.01
6441, 8, 54, Status.WALL, 0.01
6442, 12, 94, Status.SNAKE, 0.01
6443, 12, 94, Status.WALL, 0.01
6444, 5, 44, Status.WALL, 0.01
6445, 11, 87, Status.SNAKE, 0.01
6446, 6, 56, Status.SNAKE, 0.01
6447, 11, 96, Status.SNAKE, 0.01
6448, 7, 46, Status.WALL, 0.01
6449, 4, 26, Status.WALL, 0.01
6450, 6, 41, Status.SNAKE, 0.01
6451, 10, 71, Status.SNAKE, 0.01
6452, 12, 86, Status.SNAKE, 0.01
6453, 6, 40, Status.WALL, 0.01
6454, 10, 72, Status.SNAKE, 0.01
6455, 8, 52, Status.SNAKE, 0.01
6456, 12, 78, Status.SNAKE, 0.01
6457, 8, 54, Status.SNAKE, 0.01
6458, 5, 33, Status.WALL, 0.01
6459, 1, 5, Status.SNAKE, 0.01
6460, 6, 33, Status.SNAKE, 0.01
6461, 11, 91, Status.SNAKE, 0.01
6462, 8, 53, Status.SNAKE, 0.01
6463, 5, 34, Status.SNAKE, 0.01
6464, 13, 98, Status.SNAKE, 0.01
6465, 3, 27, Status.SNAKE, 0.01
6466, 5, 33, Status.WALL, 0.01
6467, 0, 5, Status.WALL, 0.01
6468, 10, 77, Status.SNAKE, 0.01
6469, 5, 25, Status.SNAKE, 0.01
6470, 10, 73, Status.SNAKE, 0.01
6471, 16, 133, Status.SNAKE, 0.01
6472, 6, 39, Status.WALL, 0.01
6473, 11, 90, Status.WALL, 0.01
6474, 5, 33, Status.SNAKE, 0.01
6475, 4, 30, Status.SNAKE, 0.01
6476, 6, 50, Status.SNAKE, 0.01
6477, 2, 16, Status.SNAKE, 0.01
6478, 5, 35, Status.SNAKE, 0.01
6479, 8, 65, Status.WALL, 0.01
6480, 5, 45, Status.SNAKE, 0.01
6481, 17, 122, Status.SNAKE, 0.01
6482, 7, 56, Status.SNAKE, 0.01
6483, 13, 89, Status.SNAKE, 0.01
6484, 14, 100, Status.SNAKE, 0.01
6485, 14, 97, Status.SNAKE, 0.01
6486, 10, 88, Status.SNAKE, 0.01
6487, 3, 19, Status.SNAKE, 0.01
6488, 4, 28, Status.SNAKE, 0.01
6489, 17, 115, Status.SNAKE, 0.01
6490, 5, 31, Status.SNAKE, 0.01
6491, 4, 26, Status.WALL, 0.01
6492, 5, 35, Status.SNAKE, 0.01
6493, 17, 119, Status.SNAKE, 0.01
6494, 1, 8, Status.WALL, 0.01
6495, 3, 26, Status.SNAKE, 0.01
6496, 7, 46, Status.SNAKE, 0.01
6497, 8, 71, Status.SNAKE, 0.01
6498, 3, 18, Status.SNAKE, 0.01
6499, 6, 43, Status.SNAKE, 0.01
6500, 10, 60, Status.SNAKE, 0.01
6501, 4, 37, Status.SNAKE, 0.01
6502, 16, 118, Status.WALL, 0.01
6503, 4, 39, Status.SNAKE, 0.01
6504, 1, 9, Status.SNAKE, 0.01
6505, 10, 87, Status.WALL, 0.01
6506, 9, 66, Status.SNAKE, 0.01
6507, 5, 46, Status.WALL, 0.01
6508, 5, 51, Status.SNAKE, 0.01
6509, 10, 71, Status.SNAKE, 0.01
6510, 6, 54, Status.WALL, 0.01
6511, 11, 59, Status.SNAKE, 0.01
6512, 7, 38, Status.SNAKE, 0.01
6513, 2, 17, Status.WALL, 0.01
6514, 11, 83, Status.SNAKE, 0.01
6515, 7, 40, Status.SNAKE, 0.01
6516, 9, 63, Status.SNAKE, 0.01
6517, 10, 60, Status.SNAKE, 0.01
6518, 1, 8, Status.SNAKE, 0.01
6519, 5, 40, Status.SNAKE, 0.01
6520, 12, 96, Status.SNAKE, 0.01
6521, 6, 33, Status.SNAKE, 0.01
6522, 3, 14, Status.SNAKE, 0.01
6523, 11, 85, Status.SNAKE, 0.01
6524, 4, 22, Status.SNAKE, 0.01
6525, 13, 95, Status.WALL, 0.01
6526, 3, 34, Status.SNAKE, 0.01
6527, 16, 110, Status.SNAKE, 0.01
6528, 4, 38, Status.SNAKE, 0.01
6529, 3, 17, Status.SNAKE, 0.01
6530, 7, 61, Status.WALL, 0.01
6531, 7, 66, Status.SNAKE, 0.01
6532, 5, 31, Status.WALL, 0.01
6533, 13, 91, Status.SNAKE, 0.01
6534, 1, 6, Status.SNAKE, 0.01
6535, 8, 72, Status.SNAKE, 0.01
6536, 7, 49, Status.SNAKE, 0.01
6537, 12, 79, Status.SNAKE, 0.01
6538, 10, 61, Status.SNAKE, 0.01
6539, 5, 25, Status.SNAKE, 0.01
6540, 12, 86, Status.SNAKE, 0.01
6541, 14, 96, Status.SNAKE, 0.01
6542, 7, 48, Status.SNAKE, 0.01
6543, 6, 47, Status.SNAKE, 0.01
6544, 7, 52, Status.SNAKE, 0.01
6545, 8, 39, Status.SNAKE, 0.01
6546, 3, 19, Status.SNAKE, 0.01
6547, 4, 29, Status.SNAKE, 0.01
6548, 6, 38, Status.SNAKE, 0.01
6549, 20, 166, Status.SNAKE, 0.01
6550, 3, 15, Status.SNAKE, 0.01
6551, 1, 6, Status.WALL, 0.01
6552, 8, 51, Status.SNAKE, 0.01
6553, 12, 110, Status.WALL, 0.01
6554, 9, 70, Status.SNAKE, 0.01
6555, 4, 23, Status.SNAKE, 0.01
6556, 8, 64, Status.SNAKE, 0.01
6557, 14, 98, Status.SNAKE, 0.01
6558, 21, 131, Status.SNAKE, 0.01
6559, 8, 66, Status.WALL, 0.01
6560, 12, 98, Status.SNAKE, 0.01
6561, 1, 7, Status.SNAKE, 0.01
6562, 12, 73, Status.SNAKE, 0.01
6563, 8, 55, Status.SNAKE, 0.01
6564, 9, 75, Status.SNAKE, 0.01
6565, 7, 46, Status.WALL, 0.01
6566, 6, 30, Status.SNAKE, 0.01
6567, 2, 18, Status.WALL, 0.01
6568, 9, 70, Status.SNAKE, 0.01
6569, 7, 36, Status.SNAKE, 0.01
6570, 10, 72, Status.SNAKE, 0.01
6571, 8, 59, Status.SNAKE, 0.01
6572, 3, 14, Status.WALL, 0.01
6573, 19, 135, Status.SNAKE, 0.01
6574, 5, 33, Status.SNAKE, 0.01
6575, 5, 49, Status.SNAKE, 0.01
6576, 8, 56, Status.SNAKE, 0.01
6577, 6, 58, Status.SNAKE, 0.01
6578, 2, 8, Status.SNAKE, 0.01
6579, 10, 72, Status.SNAKE, 0.01
6580, 8, 69, Status.SNAKE, 0.01
6581, 2, 15, Status.SNAKE, 0.01
6582, 2, 11, Status.SNAKE, 0.01
6583, 11, 98, Status.SNAKE, 0.01
6584, 4, 26, Status.SNAKE, 0.01
6585, 6, 38, Status.SNAKE, 0.01
6586, 1, 5, Status.SNAKE, 0.01
6587, 10, 84, Status.SNAKE, 0.01
6588, 2, 13, Status.SNAKE, 0.01
6589, 4, 43, Status.SNAKE, 0.01
6590, 5, 30, Status.SNAKE, 0.01
6591, 5, 37, Status.SNAKE, 0.01
6592, 7, 56, Status.SNAKE, 0.01
6593, 9, 80, Status.SNAKE, 0.01
6594, 17, 158, Status.SNAKE, 0.01
6595, 4, 17, Status.SNAKE, 0.01
6596, 6, 48, Status.WALL, 0.01
6597, 5, 43, Status.SNAKE, 0.01
6598, 15, 98, Status.SNAKE, 0.01
6599, 3, 20, Status.WALL, 0.01
6600, 2, 17, Status.SNAKE, 0.01
6601, 2, 17, Status.WALL, 0.01
6602, 11, 57, Status.SNAKE, 0.01
6603, 1, 5, Status.SNAKE, 0.01
6604, 12, 99, Status.SNAKE, 0.01
6605, 9, 60, Status.SNAKE, 0.01
6606, 1, 7, Status.WALL, 0.01
6607, 11, 84, Status.SNAKE, 0.01
6608, 5, 44, Status.SNAKE, 0.01
6609, 5, 41, Status.SNAKE, 0.01
6610, 11, 63, Status.WALL, 0.01
6611, 1, 8, Status.WALL, 0.01
6612, 6, 46, Status.WALL, 0.01
6613, 7, 71, Status.SNAKE, 0.01
6614, 4, 27, Status.SNAKE, 0.01
6615, 8, 73, Status.SNAKE, 0.01
6616, 10, 59, Status.SNAKE, 0.01
6617, 6, 54, Status.WALL, 0.01
6618, 6, 40, Status.SNAKE, 0.01
6619, 6, 46, Status.SNAKE, 0.01
6620, 12, 72, Status.SNAKE, 0.01
6621, 12, 86, Status.SNAKE, 0.01
6622, 4, 35, Status.WALL, 0.01
6623, 11, 96, Status.SNAKE, 0.01
6624, 10, 70, Status.SNAKE, 0.01
6625, 4, 28, Status.WALL, 0.01
6626, 13, 79, Status.SNAKE, 0.01
6627, 10, 85, Status.SNAKE, 0.01
6628, 9, 59, Status.SNAKE, 0.01
6629, 5, 40, Status.SNAKE, 0.01
6630, 1, 7, Status.WALL, 0.01
6631, 21, 154, Status.SNAKE, 0.01
6632, 11, 93, Status.SNAKE, 0.01
6633, 13, 80, Status.SNAKE, 0.01
6634, 1, 5, Status.SNAKE, 0.01
6635, 11, 65, Status.WALL, 0.01
6636, 5, 42, Status.SNAKE, 0.01
6637, 12, 75, Status.SNAKE, 0.01
6638, 7, 31, Status.WALL, 0.01
6639, 13, 94, Status.SNAKE, 0.01
6640, 7, 70, Status.SNAKE, 0.01
6641, 4, 31, Status.SNAKE, 0.01
6642, 13, 106, Status.SNAKE, 0.01
6643, 4, 40, Status.SNAKE, 0.01
6644, 11, 98, Status.SNAKE, 0.01
6645, 15, 66, Status.SNAKE, 0.01
6646, 9, 80, Status.SNAKE, 0.01
6647, 5, 23, Status.SNAKE, 0.01
6648, 6, 39, Status.SNAKE, 0.01
6649, 8, 54, Status.SNAKE, 0.01
6650, 5, 29, Status.WALL, 0.01
6651, 6, 38, Status.WALL, 0.01
6652, 5, 22, Status.SNAKE, 0.01
6653, 12, 86, Status.SNAKE, 0.01
6654, 8, 69, Status.SNAKE, 0.01
6655, 8, 48, Status.WALL, 0.01
6656, 5, 25, Status.WALL, 0.01
6657, 11, 74, Status.WALL, 0.01
6658, 1, 8, Status.WALL, 0.01
6659, 4, 24, Status.WALL, 0.01
6660, 13, 108, Status.SNAKE, 0.01
6661, 4, 19, Status.SNAKE, 0.01
6662, 8, 42, Status.SNAKE, 0.01
6663, 11, 79, Status.SNAKE, 0.01
6664, 10, 71, Status.WALL, 0.01
6665, 10, 71, Status.SNAKE, 0.01
6666, 9, 72, Status.SNAKE, 0.01
6667, 5, 32, Status.SNAKE, 0.01
6668, 6, 43, Status.SNAKE, 0.01
6669, 8, 60, Status.SNAKE, 0.01
6670, 6, 34, Status.SNAKE, 0.01
6671, 11, 71, Status.SNAKE, 0.01
6672, 12, 70, Status.WALL, 0.01
6673, 14, 121, Status.SNAKE, 0.01
6674, 14, 107, Status.SNAKE, 0.01
6675, 8, 63, Status.SNAKE, 0.01
6676, 6, 32, Status.SNAKE, 0.01
6677, 4, 30, Status.WALL, 0.01
6678, 7, 33, Status.SNAKE, 0.01
6679, 13, 80, Status.SNAKE, 0.01
6680, 9, 66, Status.SNAKE, 0.01
6681, 3, 21, Status.SNAKE, 0.01
6682, 10, 110, Status.SNAKE, 0.01
6683, 3, 22, Status.WALL, 0.01
6684, 7, 53, Status.WALL, 0.01
6685, 6, 38, Status.WALL, 0.01
6686, 6, 28, Status.SNAKE, 0.01
6687, 6, 44, Status.WALL, 0.01
6688, 5, 25, Status.SNAKE, 0.01
6689, 4, 26, Status.SNAKE, 0.01
6690, 3, 14, Status.SNAKE, 0.01
6691, 9, 68, Status.SNAKE, 0.01
6692, 4, 20, Status.WALL, 0.01
6693, 8, 68, Status.SNAKE, 0.01
6694, 13, 81, Status.WALL, 0.01
6695, 17, 114, Status.SNAKE, 0.01
6696, 18, 169, Status.SNAKE, 0.01
6697, 5, 40, Status.SNAKE, 0.01
6698, 7, 52, Status.SNAKE, 0.01
6699, 1, 10, Status.SNAKE, 0.01
6700, 3, 10, Status.SNAKE, 0.01
6701, 1, 10, Status.SNAKE, 0.01
6702, 16, 119, Status.SNAKE, 0.01
6703, 3, 24, Status.SNAKE, 0.01
6704, 4, 23, Status.SNAKE, 0.01
6705, 7, 33, Status.SNAKE, 0.01
6706, 3, 15, Status.SNAKE, 0.01
6707, 15, 134, Status.SNAKE, 0.01
6708, 12, 80, Status.SNAKE, 0.01
6709, 10, 83, Status.SNAKE, 0.01
6710, 1, 12, Status.WALL, 0.01
6711, 5, 52, Status.WALL, 0.01
6712, 14, 115, Status.SNAKE, 0.01
6713, 6, 47, Status.SNAKE, 0.01
6714, 7, 32, Status.SNAKE, 0.01
6715, 9, 70, Status.SNAKE, 0.01
6716, 11, 91, Status.SNAKE, 0.01
6717, 9, 57, Status.WALL, 0.01
6718, 10, 66, Status.WALL, 0.01
6719, 11, 78, Status.SNAKE, 0.01
6720, 9, 62, Status.SNAKE, 0.01
6721, 13, 78, Status.SNAKE, 0.01
6722, 7, 55, Status.WALL, 0.01
6723, 4, 18, Status.SNAKE, 0.01
6724, 8, 65, Status.SNAKE, 0.01
6725, 7, 60, Status.SNAKE, 0.01
6726, 13, 90, Status.SNAKE, 0.01
6727, 6, 43, Status.SNAKE, 0.01
6728, 1, 8, Status.WALL, 0.01
6729, 12, 74, Status.SNAKE, 0.01
6730, 1, 10, Status.SNAKE, 0.01
6731, 4, 27, Status.SNAKE, 0.01
6732, 15, 117, Status.SNAKE, 0.01
6733, 8, 53, Status.SNAKE, 0.01
6734, 11, 72, Status.WALL, 0.01
6735, 6, 71, Status.SNAKE, 0.01
6736, 7, 60, Status.SNAKE, 0.01
6737, 3, 26, Status.SNAKE, 0.01
6738, 10, 76, Status.SNAKE, 0.01
6739, 11, 80, Status.WALL, 0.01
6740, 17, 140, Status.SNAKE, 0.01
6741, 4, 23, Status.WALL, 0.01
6742, 5, 28, Status.SNAKE, 0.01
6743, 7, 60, Status.SNAKE, 0.01
6744, 1, 6, Status.WALL, 0.01
6745, 6, 33, Status.SNAKE, 0.01
6746, 5, 35, Status.SNAKE, 0.01
6747, 12, 95, Status.SNAKE, 0.01
6748, 2, 17, Status.WALL, 0.01
6749, 5, 41, Status.SNAKE, 0.01
6750, 3, 35, Status.WALL, 0.01
6751, 5, 38, Status.WALL, 0.01
6752, 4, 27, Status.WALL, 0.01
6753, 1, 7, Status.SNAKE, 0.01
6754, 2, 11, Status.SNAKE, 0.01
6755, 15, 85, Status.SNAKE, 0.01
6756, 2, 10, Status.WALL, 0.01
6757, 5, 45, Status.SNAKE, 0.01
6758, 6, 56, Status.SNAKE, 0.01
6759, 3, 18, Status.WALL, 0.01
6760, 1, 8, Status.SNAKE, 0.01
6761, 5, 28, Status.SNAKE, 0.01
6762, 9, 54, Status.SNAKE, 0.01
6763, 17, 139, Status.WALL, 0.01
6764, 9, 67, Status.SNAKE, 0.01
6765, 1, 10, Status.SNAKE, 0.01
6766, 7, 38, Status.SNAKE, 0.01
6767, 3, 10, Status.SNAKE, 0.01
6768, 10, 65, Status.WALL, 0.01
6769, 9, 55, Status.SNAKE, 0.01
6770, 8, 54, Status.SNAKE, 0.01
6771, 4, 21, Status.SNAKE, 0.01
6772, 9, 62, Status.SNAKE, 0.01
6773, 15, 87, Status.SNAKE, 0.01
6774, 6, 61, Status.SNAKE, 0.01
6775, 3, 27, Status.SNAKE, 0.01
6776, 22, 136, Status.SNAKE, 0.01
6777, 2, 17, Status.WALL, 0.01
6778, 1, 5, Status.SNAKE, 0.01
6779, 3, 21, Status.SNAKE, 0.01
6780, 2, 14, Status.WALL, 0.01
6781, 7, 49, Status.SNAKE, 0.01
6782, 5, 52, Status.WALL, 0.01
6783, 11, 58, Status.SNAKE, 0.01
6784, 7, 65, Status.SNAKE, 0.01
6785, 1, 9, Status.WALL, 0.01
6786, 4, 36, Status.WALL, 0.01
6787, 13, 115, Status.SNAKE, 0.01
6788, 8, 35, Status.SNAKE, 0.01
6789, 9, 74, Status.SNAKE, 0.01
6790, 10, 77, Status.SNAKE, 0.01
6791, 9, 67, Status.SNAKE, 0.01
6792, 12, 94, Status.SNAKE, 0.01
6793, 8, 58, Status.SNAKE, 0.01
6794, 4, 22, Status.WALL, 0.01
6795, 3, 24, Status.SNAKE, 0.01
6796, 11, 94, Status.SNAKE, 0.01
6797, 7, 48, Status.SNAKE, 0.01
6798, 9, 63, Status.SNAKE, 0.01
6799, 1, 7, Status.SNAKE, 0.01
6800, 4, 30, Status.WALL, 0.01
6801, 5, 44, Status.SNAKE, 0.01
6802, 3, 8, Status.SNAKE, 0.01
6803, 11, 90, Status.SNAKE, 0.01
6804, 10, 83, Status.SNAKE, 0.01
6805, 7, 56, Status.SNAKE, 0.01
6806, 14, 88, Status.SNAKE, 0.01
6807, 3, 35, Status.SNAKE, 0.01
6808, 1, 6, Status.WALL, 0.01
6809, 2, 20, Status.WALL, 0.01
6810, 5, 30, Status.SNAKE, 0.01
6811, 7, 44, Status.SNAKE, 0.01
6812, 12, 90, Status.SNAKE, 0.01
6813, 16, 122, Status.SNAKE, 0.01
6814, 2, 9, Status.SNAKE, 0.01
6815, 7, 50, Status.SNAKE, 0.01
6816, 5, 25, Status.SNAKE, 0.01
6817, 6, 59, Status.SNAKE, 0.01
6818, 7, 51, Status.SNAKE, 0.01
6819, 5, 26, Status.WALL, 0.01
6820, 9, 56, Status.SNAKE, 0.01
6821, 8, 63, Status.SNAKE, 0.01
6822, 5, 22, Status.SNAKE, 0.01
6823, 6, 43, Status.SNAKE, 0.01
6824, 5, 33, Status.SNAKE, 0.01
6825, 9, 76, Status.SNAKE, 0.01
6826, 6, 39, Status.WALL, 0.01
6827, 7, 48, Status.SNAKE, 0.01
6828, 5, 32, Status.WALL, 0.01
6829, 4, 24, Status.SNAKE, 0.01
6830, 7, 56, Status.SNAKE, 0.01
6831, 11, 69, Status.WALL, 0.01
6832, 8, 68, Status.SNAKE, 0.01
6833, 8, 41, Status.SNAKE, 0.01
6834, 6, 40, Status.SNAKE, 0.01
6835, 15, 125, Status.SNAKE, 0.01
6836, 13, 67, Status.SNAKE, 0.01
6837, 6, 34, Status.SNAKE, 0.01
6838, 5, 38, Status.SNAKE, 0.01
6839, 2, 13, Status.SNAKE, 0.01
6840, 6, 52, Status.WALL, 0.01
6841, 12, 96, Status.SNAKE, 0.01
6842, 18, 114, Status.SNAKE, 0.01
6843, 11, 73, Status.SNAKE, 0.01
6844, 1, 9, Status.SNAKE, 0.01
6845, 13, 94, Status.SNAKE, 0.01
6846, 9, 52, Status.SNAKE, 0.01
6847, 12, 88, Status.WALL, 0.01
6848, 6, 48, Status.SNAKE, 0.01
6849, 12, 100, Status.SNAKE, 0.01
6850, 7, 75, Status.SNAKE, 0.01
6851, 9, 65, Status.SNAKE, 0.01
6852, 8, 57, Status.SNAKE, 0.01
6853, 5, 21, Status.WALL, 0.01
6854, 7, 26, Status.SNAKE, 0.01
6855, 11, 68, Status.WALL, 0.01
6856, 13, 92, Status.SNAKE, 0.01
6857, 4, 36, Status.SNAKE, 0.01
6858, 3, 16, Status.WALL, 0.01
6859, 1, 7, Status.WALL, 0.01
6860, 6, 39, Status.WALL, 0.01
6861, 8, 54, Status.WALL, 0.01
6862, 14, 98, Status.SNAKE, 0.01
6863, 7, 36, Status.SNAKE, 0.01
6864, 2, 11, Status.WALL, 0.01
6865, 12, 97, Status.SNAKE, 0.01
6866, 7, 36, Status.SNAKE, 0.01
6867, 1, 8, Status.WALL, 0.01
6868, 16, 99, Status.SNAKE, 0.01
6869, 3, 22, Status.SNAKE, 0.01
6870, 2, 17, Status.WALL, 0.01
6871, 10, 80, Status.WALL, 0.01
6872, 15, 97, Status.SNAKE, 0.01
6873, 6, 31, Status.SNAKE, 0.01
6874, 3, 17, Status.WALL, 0.01
6875, 12, 80, Status.WALL, 0.01
6876, 4, 24, Status.WALL, 0.01
6877, 6, 44, Status.SNAKE, 0.01
6878, 9, 56, Status.WALL, 0.01
6879, 4, 37, Status.WALL, 0.01
6880, 8, 62, Status.SNAKE, 0.01
6881, 3, 23, Status.SNAKE, 0.01
6882, 4, 30, Status.SNAKE, 0.01
6883, 13, 89, Status.SNAKE, 0.01
6884, 7, 34, Status.SNAKE, 0.01
6885, 12, 63, Status.SNAKE, 0.01
6886, 10, 79, Status.SNAKE, 0.01
6887, 9, 62, Status.SNAKE, 0.01
6888, 9, 63, Status.SNAKE, 0.01
6889, 8, 42, Status.SNAKE, 0.01
6890, 11, 67, Status.SNAKE, 0.01
6891, 10, 88, Status.SNAKE, 0.01
6892, 13, 91, Status.SNAKE, 0.01
6893, 8, 65, Status.SNAKE, 0.01
6894, 2, 9, Status.SNAKE, 0.01
6895, 5, 28, Status.SNAKE, 0.01
6896, 7, 62, Status.WALL, 0.01
6897, 3, 17, Status.WALL, 0.01
6898, 2, 14, Status.WALL, 0.01
6899, 11, 92, Status.SNAKE, 0.01
6900, 5, 22, Status.SNAKE, 0.01
6901, 3, 21, Status.WALL, 0.01
6902, 19, 120, Status.SNAKE, 0.01
6903, 18, 130, Status.SNAKE, 0.01
6904, 12, 108, Status.WALL, 0.01
6905, 11, 84, Status.SNAKE, 0.01
6906, 11, 67, Status.SNAKE, 0.01
6907, 5, 35, Status.SNAKE, 0.01
6908, 13, 80, Status.SNAKE, 0.01
6909, 9, 56, Status.SNAKE, 0.01
6910, 12, 82, Status.WALL, 0.01
6911, 8, 67, Status.WALL, 0.01
6912, 18, 124, Status.SNAKE, 0.01
6913, 9, 57, Status.SNAKE, 0.01
6914, 2, 7, Status.SNAKE, 0.01
6915, 6, 42, Status.SNAKE, 0.01
6916, 3, 28, Status.SNAKE, 0.01
6917, 10, 52, Status.SNAKE, 0.01
6918, 6, 45, Status.SNAKE, 0.01
6919, 5, 35, Status.SNAKE, 0.01
6920, 10, 50, Status.SNAKE, 0.01
6921, 9, 68, Status.SNAKE, 0.01
6922, 15, 118, Status.SNAKE, 0.01
6923, 2, 19, Status.SNAKE, 0.01
6924, 1, 10, Status.SNAKE, 0.01
6925, 8, 54, Status.WALL, 0.01
6926, 10, 80, Status.SNAKE, 0.01
6927, 9, 51, Status.SNAKE, 0.01
6928, 9, 68, Status.SNAKE, 0.01
6929, 5, 32, Status.SNAKE, 0.01
6930, 12, 93, Status.SNAKE, 0.01
6931, 15, 100, Status.SNAKE, 0.01
6932, 13, 69, Status.SNAKE, 0.01
6933, 3, 24, Status.SNAKE, 0.01
6934, 11, 91, Status.SNAKE, 0.01
6935, 8, 45, Status.SNAKE, 0.01
6936, 5, 30, Status.SNAKE, 0.01
6937, 2, 22, Status.WALL, 0.01
6938, 6, 54, Status.SNAKE, 0.01
6939, 7, 50, Status.WALL, 0.01
6940, 10, 59, Status.SNAKE, 0.01
6941, 2, 22, Status.WALL, 0.01
6942, 8, 51, Status.SNAKE, 0.01
6943, 6, 51, Status.SNAKE, 0.01
6944, 5, 28, Status.SNAKE, 0.01
6945, 0, 6, Status.WALL, 0.01
6946, 2, 9, Status.SNAKE, 0.01
6947, 1, 8, Status.WALL, 0.01
6948, 5, 29, Status.SNAKE, 0.01
6949, 13, 95, Status.SNAKE, 0.01
6950, 21, 155, Status.SNAKE, 0.01
6951, 6, 37, Status.SNAKE, 0.01
6952, 8, 50, Status.WALL, 0.01
6953, 9, 66, Status.SNAKE, 0.01
6954, 5, 39, Status.WALL, 0.01
6955, 1, 11, Status.WALL, 0.01
6956, 13, 80, Status.SNAKE, 0.01
6957, 6, 46, Status.WALL, 0.01
6958, 1, 6, Status.WALL, 0.01
6959, 9, 58, Status.WALL, 0.01
6960, 6, 48, Status.SNAKE, 0.01
6961, 2, 8, Status.SNAKE, 0.01
6962, 5, 59, Status.SNAKE, 0.01
6963, 15, 108, Status.SNAKE, 0.01
6964, 13, 94, Status.SNAKE, 0.01
6965, 18, 122, Status.SNAKE, 0.01
6966, 18, 121, Status.SNAKE, 0.01
6967, 14, 103, Status.SNAKE, 0.01
6968, 4, 38, Status.WALL, 0.01
6969, 11, 92, Status.SNAKE, 0.01
6970, 5, 36, Status.SNAKE, 0.01
6971, 9, 80, Status.SNAKE, 0.01
6972, 4, 32, Status.SNAKE, 0.01
6973, 12, 94, Status.SNAKE, 0.01
6974, 2, 14, Status.WALL, 0.01
6975, 9, 57, Status.WALL, 0.01
6976, 12, 104, Status.SNAKE, 0.01
6977, 5, 35, Status.SNAKE, 0.01
6978, 12, 87, Status.WALL, 0.01
6979, 10, 85, Status.SNAKE, 0.01
6980, 4, 32, Status.SNAKE, 0.01
6981, 3, 18, Status.SNAKE, 0.01
6982, 7, 37, Status.SNAKE, 0.01
6983, 6, 33, Status.SNAKE, 0.01
6984, 4, 31, Status.SNAKE, 0.01
6985, 11, 74, Status.SNAKE, 0.01
6986, 5, 51, Status.SNAKE, 0.01
6987, 6, 53, Status.SNAKE, 0.01
6988, 12, 96, Status.SNAKE, 0.01
6989, 6, 41, Status.SNAKE, 0.01
6990, 1, 10, Status.SNAKE, 0.01
6991, 6, 34, Status.WALL, 0.01
6992, 9, 58, Status.SNAKE, 0.01
6993, 3, 30, Status.SNAKE, 0.01
6994, 10, 89, Status.SNAKE, 0.01
6995, 5, 37, Status.SNAKE, 0.01
6996, 5, 47, Status.SNAKE, 0.01
6997, 5, 30, Status.SNAKE, 0.01
6998, 13, 114, Status.SNAKE, 0.01
6999, 7, 43, Status.SNAKE, 0.01
7000, 6, 28, Status.WALL, 0.01
7001, 3, 19, Status.WALL, 0.01
7002, 6, 53, Status.SNAKE, 0.01
7003, 13, 95, Status.WALL, 0.01
7004, 10, 53, Status.SNAKE, 0.01
7005, 10, 68, Status.SNAKE, 0.01
7006, 5, 35, Status.SNAKE, 0.01
7007, 5, 41, Status.SNAKE, 0.01
7008, 11, 76, Status.SNAKE, 0.01
7009, 9, 68, Status.SNAKE, 0.01
7010, 1, 6, Status.SNAKE, 0.01
7011, 3, 26, Status.WALL, 0.01
7012, 8, 63, Status.SNAKE, 0.01
7013, 11, 57, Status.SNAKE, 0.01
7014, 1, 10, Status.WALL, 0.01
7015, 9, 66, Status.SNAKE, 0.01
7016, 12, 90, Status.SNAKE, 0.01
7017, 8, 76, Status.WALL, 0.01
7018, 8, 65, Status.WALL, 0.01
7019, 11, 77, Status.SNAKE, 0.01
7020, 14, 123, Status.SNAKE, 0.01
7021, 1, 7, Status.SNAKE, 0.01
7022, 6, 43, Status.SNAKE, 0.01
7023, 5, 38, Status.WALL, 0.01
7024, 2, 8, Status.WALL, 0.01
7025, 1, 5, Status.SNAKE, 0.01
7026, 11, 81, Status.SNAKE, 0.01
7027, 2, 14, Status.WALL, 0.01
7028, 2, 13, Status.WALL, 0.01
7029, 3, 17, Status.SNAKE, 0.01
7030, 3, 21, Status.SNAKE, 0.01
7031, 3, 16, Status.SNAKE, 0.01
7032, 8, 68, Status.SNAKE, 0.01
7033, 9, 56, Status.SNAKE, 0.01
7034, 4, 17, Status.WALL, 0.01
7035, 6, 35, Status.SNAKE, 0.01
7036, 10, 74, Status.SNAKE, 0.01
7037, 3, 18, Status.SNAKE, 0.01
7038, 20, 129, Status.SNAKE, 0.01
7039, 9, 60, Status.SNAKE, 0.01
7040, 6, 44, Status.WALL, 0.01
7041, 15, 80, Status.SNAKE, 0.01
7042, 5, 48, Status.SNAKE, 0.01
7043, 17, 114, Status.SNAKE, 0.01
7044, 17, 104, Status.WALL, 0.01
7045, 7, 50, Status.SNAKE, 0.01
7046, 5, 34, Status.SNAKE, 0.01
7047, 7, 46, Status.WALL, 0.01
7048, 4, 26, Status.WALL, 0.01
7049, 7, 53, Status.SNAKE, 0.01
7050, 13, 96, Status.SNAKE, 0.01
7051, 1, 7, Status.WALL, 0.01
7052, 15, 62, Status.SNAKE, 0.01
7053, 5, 40, Status.SNAKE, 0.01
7054, 5, 34, Status.SNAKE, 0.01
7055, 11, 66, Status.SNAKE, 0.01
7056, 7, 49, Status.WALL, 0.01
7057, 5, 47, Status.SNAKE, 0.01
7058, 1, 5, Status.SNAKE, 0.01
7059, 2, 9, Status.WALL, 0.01
7060, 14, 124, Status.SNAKE, 0.01
7061, 7, 44, Status.SNAKE, 0.01
7062, 7, 57, Status.SNAKE, 0.01
7063, 11, 79, Status.SNAKE, 0.01
7064, 5, 44, Status.WALL, 0.01
7065, 5, 34, Status.SNAKE, 0.01
7066, 5, 31, Status.SNAKE, 0.01
7067, 5, 36, Status.SNAKE, 0.01
7068, 5, 32, Status.SNAKE, 0.01
7069, 8, 53, Status.WALL, 0.01
7070, 11, 96, Status.SNAKE, 0.01
7071, 3, 19, Status.SNAKE, 0.01
7072, 11, 61, Status.SNAKE, 0.01
7073, 8, 74, Status.WALL, 0.01
7074, 8, 62, Status.SNAKE, 0.01
7075, 3, 28, Status.SNAKE, 0.01
7076, 3, 11, Status.SNAKE, 0.01
7077, 4, 45, Status.SNAKE, 0.01
7078, 3, 20, Status.SNAKE, 0.01
7079, 7, 54, Status.SNAKE, 0.01
7080, 1, 13, Status.WALL, 0.01
7081, 9, 40, Status.SNAKE, 0.01
7082, 19, 140, Status.SNAKE, 0.01
7083, 4, 17, Status.WALL, 0.01
7084, 13, 100, Status.SNAKE, 0.01
7085, 12, 89, Status.SNAKE, 0.01
7086, 5, 39, Status.SNAKE, 0.01
7087, 6, 36, Status.SNAKE, 0.01
7088, 4, 18, Status.WALL, 0.01
7089, 5, 29, Status.SNAKE, 0.01
7090, 8, 76, Status.SNAKE, 0.01
7091, 11, 85, Status.SNAKE, 0.01
7092, 6, 56, Status.SNAKE, 0.01
7093, 3, 26, Status.SNAKE, 0.01
7094, 1, 7, Status.WALL, 0.01
7095, 8, 62, Status.SNAKE, 0.01
7096, 13, 57, Status.SNAKE, 0.01
7097, 7, 42, Status.SNAKE, 0.01
7098, 17, 118, Status.SNAKE, 0.01
7099, 10, 61, Status.SNAKE, 0.01
7100, 16, 103, Status.SNAKE, 0.01
7101, 8, 57, Status.SNAKE, 0.01
7102, 8, 56, Status.SNAKE, 0.01
7103, 13, 98, Status.SNAKE, 0.01
7104, 15, 131, Status.SNAKE, 0.01
7105, 14, 112, Status.SNAKE, 0.01
7106, 1, 7, Status.WALL, 0.01
7107, 9, 67, Status.WALL, 0.01
7108, 1, 8, Status.WALL, 0.01
7109, 2, 11, Status.WALL, 0.01
7110, 11, 71, Status.SNAKE, 0.01
7111, 12, 76, Status.SNAKE, 0.01
7112, 7, 52, Status.SNAKE, 0.01
7113, 5, 36, Status.SNAKE, 0.01
7114, 11, 85, Status.SNAKE, 0.01
7115, 2, 13, Status.SNAKE, 0.01
7116, 3, 24, Status.WALL, 0.01
7117, 12, 95, Status.WALL, 0.01
7118, 9, 53, Status.WALL, 0.01
7119, 9, 55, Status.SNAKE, 0.01
7120, 11, 79, Status.WALL, 0.01
7121, 8, 37, Status.SNAKE, 0.01
7122, 1, 7, Status.WALL, 0.01
7123, 1, 8, Status.WALL, 0.01
7124, 3, 21, Status.SNAKE, 0.01
7125, 2, 13, Status.SNAKE, 0.01
7126, 7, 46, Status.SNAKE, 0.01
7127, 2, 14, Status.SNAKE, 0.01
7128, 4, 44, Status.SNAKE, 0.01
7129, 8, 56, Status.SNAKE, 0.01
7130, 9, 65, Status.SNAKE, 0.01
7131, 8, 63, Status.SNAKE, 0.01
7132, 5, 29, Status.SNAKE, 0.01
7133, 6, 46, Status.WALL, 0.01
7134, 7, 49, Status.SNAKE, 0.01
7135, 6, 39, Status.SNAKE, 0.01
7136, 2, 16, Status.SNAKE, 0.01
7137, 10, 69, Status.SNAKE, 0.01
7138, 9, 61, Status.SNAKE, 0.01
7139, 7, 51, Status.SNAKE, 0.01
7140, 3, 18, Status.SNAKE, 0.01
7141, 12, 94, Status.SNAKE, 0.01
7142, 7, 48, Status.SNAKE, 0.01
7143, 12, 96, Status.SNAKE, 0.01
7144, 1, 5, Status.SNAKE, 0.01
7145, 17, 121, Status.SNAKE, 0.01
7146, 2, 30, Status.SNAKE, 0.01
7147, 15, 88, Status.SNAKE, 0.01
7148, 8, 48, Status.WALL, 0.01
7149, 2, 8, Status.WALL, 0.01
7150, 9, 58, Status.SNAKE, 0.01
7151, 8, 43, Status.WALL, 0.01
7152, 9, 60, Status.WALL, 0.01
7153, 11, 90, Status.SNAKE, 0.01
7154, 6, 51, Status.WALL, 0.01
7155, 4, 34, Status.SNAKE, 0.01
7156, 12, 66, Status.SNAKE, 0.01
7157, 6, 57, Status.WALL, 0.01
7158, 10, 65, Status.SNAKE, 0.01
7159, 3, 10, Status.SNAKE, 0.01
7160, 7, 26, Status.SNAKE, 0.01
7161, 5, 39, Status.SNAKE, 0.01
7162, 10, 56, Status.SNAKE, 0.01
7163, 11, 60, Status.SNAKE, 0.01
7164, 3, 25, Status.SNAKE, 0.01
7165, 13, 99, Status.SNAKE, 0.01
7166, 7, 45, Status.WALL, 0.01
7167, 16, 126, Status.SNAKE, 0.01
7168, 1, 8, Status.WALL, 0.01
7169, 8, 50, Status.SNAKE, 0.01
7170, 9, 90, Status.SNAKE, 0.01
7171, 14, 106, Status.SNAKE, 0.01
7172, 10, 59, Status.SNAKE, 0.01
7173, 9, 78, Status.SNAKE, 0.01
7174, 8, 44, Status.SNAKE, 0.01
7175, 1, 10, Status.SNAKE, 0.01
7176, 10, 84, Status.SNAKE, 0.01
7177, 16, 83, Status.WALL, 0.01
7178, 8, 63, Status.SNAKE, 0.01
7179, 11, 81, Status.SNAKE, 0.01
7180, 11, 75, Status.WALL, 0.01
7181, 14, 102, Status.WALL, 0.01
7182, 14, 96, Status.SNAKE, 0.01
7183, 7, 64, Status.SNAKE, 0.01
7184, 7, 52, Status.SNAKE, 0.01
7185, 4, 27, Status.SNAKE, 0.01
7186, 1, 3, Status.SNAKE, 0.01
7187, 5, 32, Status.SNAKE, 0.01
7188, 2, 21, Status.WALL, 0.01
7189, 13, 107, Status.SNAKE, 0.01
7190, 16, 81, Status.SNAKE, 0.01
7191, 17, 105, Status.SNAKE, 0.01
7192, 6, 26, Status.SNAKE, 0.01
7193, 11, 85, Status.SNAKE, 0.01
7194, 4, 34, Status.SNAKE, 0.01
7195, 11, 73, Status.SNAKE, 0.01
7196, 3, 19, Status.SNAKE, 0.01
7197, 2, 14, Status.SNAKE, 0.01
7198, 5, 39, Status.SNAKE, 0.01
7199, 16, 99, Status.SNAKE, 0.01
7200, 9, 64, Status.SNAKE, 0.01
7201, 4, 35, Status.WALL, 0.01
7202, 6, 39, Status.WALL, 0.01
7203, 12, 105, Status.WALL, 0.01
7204, 5, 27, Status.WALL, 0.01
7205, 5, 38, Status.SNAKE, 0.01
7206, 5, 50, Status.SNAKE, 0.01
7207, 10, 57, Status.WALL, 0.01
7208, 16, 149, Status.SNAKE, 0.01
7209, 12, 78, Status.SNAKE, 0.01
7210, 7, 45, Status.WALL, 0.01
7211, 9, 73, Status.SNAKE, 0.01
7212, 6, 44, Status.WALL, 0.01
7213, 4, 33, Status.SNAKE, 0.01
7214, 16, 136, Status.SNAKE, 0.01
7215, 12, 80, Status.WALL, 0.01
7216, 4, 22, Status.WALL, 0.01
7217, 11, 78, Status.SNAKE, 0.01
7218, 6, 41, Status.SNAKE, 0.01
7219, 4, 24, Status.SNAKE, 0.01
7220, 1, 16, Status.WALL, 0.01
7221, 5, 47, Status.SNAKE, 0.01
7222, 9, 75, Status.SNAKE, 0.01
7223, 16, 96, Status.SNAKE, 0.01
7224, 8, 97, Status.SNAKE, 0.01
7225, 7, 47, Status.SNAKE, 0.01
7226, 13, 84, Status.SNAKE, 0.01
7227, 3, 23, Status.SNAKE, 0.01
7228, 5, 40, Status.SNAKE, 0.01
7229, 6, 41, Status.SNAKE, 0.01
7230, 6, 49, Status.SNAKE, 0.01
7231, 4, 31, Status.SNAKE, 0.01
7232, 5, 31, Status.SNAKE, 0.01
7233, 12, 73, Status.SNAKE, 0.01
7234, 2, 22, Status.WALL, 0.01
7235, 4, 26, Status.SNAKE, 0.01
7236, 6, 43, Status.SNAKE, 0.01
7237, 10, 50, Status.SNAKE, 0.01
7238, 9, 46, Status.SNAKE, 0.01
7239, 3, 15, Status.SNAKE, 0.01
7240, 6, 27, Status.SNAKE, 0.01
7241, 18, 115, Status.SNAKE, 0.01
7242, 7, 47, Status.SNAKE, 0.01
7243, 10, 59, Status.SNAKE, 0.01
7244, 7, 46, Status.SNAKE, 0.01
7245, 10, 77, Status.SNAKE, 0.01
7246, 6, 40, Status.SNAKE, 0.01
7247, 3, 25, Status.WALL, 0.01
7248, 11, 82, Status.SNAKE, 0.01
7249, 19, 125, Status.WALL, 0.01
7250, 6, 50, Status.SNAKE, 0.01
7251, 2, 16, Status.WALL, 0.01
7252, 17, 120, Status.SNAKE, 0.01
7253, 2, 14, Status.WALL, 0.01
7254, 20, 156, Status.SNAKE, 0.01
7255, 2, 12, Status.SNAKE, 0.01
7256, 11, 80, Status.WALL, 0.01
7257, 11, 100, Status.SNAKE, 0.01
7258, 10, 72, Status.SNAKE, 0.01
7259, 5, 29, Status.SNAKE, 0.01
7260, 3, 18, Status.SNAKE, 0.01
7261, 1, 7, Status.WALL, 0.01
7262, 2, 22, Status.SNAKE, 0.01
7263, 3, 21, Status.SNAKE, 0.01
7264, 5, 58, Status.WALL, 0.01
7265, 8, 59, Status.SNAKE, 0.01
7266, 12, 73, Status.SNAKE, 0.01
7267, 13, 97, Status.SNAKE, 0.01
7268, 11, 72, Status.SNAKE, 0.01
7269, 4, 25, Status.WALL, 0.01
7270, 7, 62, Status.SNAKE, 0.01
7271, 3, 11, Status.SNAKE, 0.01
7272, 8, 40, Status.WALL, 0.01
7273, 1, 8, Status.SNAKE, 0.01
7274, 10, 47, Status.SNAKE, 0.01
7275, 6, 48, Status.SNAKE, 0.01
7276, 4, 35, Status.WALL, 0.01
7277, 6, 45, Status.WALL, 0.01
7278, 17, 116, Status.SNAKE, 0.01
7279, 1, 5, Status.SNAKE, 0.01
7280, 9, 65, Status.SNAKE, 0.01
7281, 2, 20, Status.SNAKE, 0.01
7282, 8, 44, Status.WALL, 0.01
7283, 6, 54, Status.WALL, 0.01
7284, 6, 57, Status.SNAKE, 0.01
7285, 3, 16, Status.WALL, 0.01
7286, 3, 36, Status.SNAKE, 0.01
7287, 2, 22, Status.SNAKE, 0.01
7288, 5, 43, Status.SNAKE, 0.01
7289, 7, 37, Status.SNAKE, 0.01
7290, 4, 28, Status.SNAKE, 0.01
7291, 3, 21, Status.SNAKE, 0.01
7292, 14, 86, Status.SNAKE, 0.01
7293, 13, 82, Status.SNAKE, 0.01
7294, 4, 32, Status.WALL, 0.01
7295, 7, 46, Status.SNAKE, 0.01
7296, 13, 86, Status.SNAKE, 0.01
7297, 9, 75, Status.SNAKE, 0.01
7298, 17, 100, Status.SNAKE, 0.01
7299, 8, 44, Status.WALL, 0.01
7300, 15, 138, Status.SNAKE, 0.01
7301, 9, 78, Status.SNAKE, 0.01
7302, 11, 69, Status.WALL, 0.01
7303, 4, 27, Status.SNAKE, 0.01
7304, 12, 70, Status.SNAKE, 0.01
7305, 1, 8, Status.WALL, 0.01
7306, 5, 32, Status.SNAKE, 0.01
7307, 1, 13, Status.SNAKE, 0.01
7308, 12, 69, Status.SNAKE, 0.01
7309, 8, 50, Status.SNAKE, 0.01
7310, 21, 147, Status.SNAKE, 0.01
7311, 7, 62, Status.SNAKE, 0.01
7312, 3, 23, Status.SNAKE, 0.01
7313, 12, 73, Status.SNAKE, 0.01
7314, 6, 49, Status.SNAKE, 0.01
7315, 11, 84, Status.SNAKE, 0.01
7316, 12, 77, Status.SNAKE, 0.01
7317, 9, 60, Status.WALL, 0.01
7318, 7, 52, Status.SNAKE, 0.01
7319, 10, 53, Status.WALL, 0.01
7320, 16, 87, Status.SNAKE, 0.01
7321, 5, 41, Status.SNAKE, 0.01
7322, 7, 40, Status.SNAKE, 0.01
7323, 3, 20, Status.WALL, 0.01
7324, 21, 146, Status.SNAKE, 0.01
7325, 8, 64, Status.WALL, 0.01
7326, 2, 23, Status.WALL, 0.01
7327, 1, 10, Status.WALL, 0.01
7328, 2, 20, Status.WALL, 0.01
7329, 13, 84, Status.SNAKE, 0.01
7330, 9, 55, Status.SNAKE, 0.01
7331, 7, 47, Status.SNAKE, 0.01
7332, 1, 8, Status.WALL, 0.01
7333, 4, 34, Status.SNAKE, 0.01
7334, 5, 31, Status.WALL, 0.01
7335, 9, 56, Status.SNAKE, 0.01
7336, 6, 44, Status.SNAKE, 0.01
7337, 1, 8, Status.WALL, 0.01
7338, 16, 116, Status.SNAKE, 0.01
7339, 8, 62, Status.SNAKE, 0.01
7340, 1, 10, Status.SNAKE, 0.01
7341, 1, 8, Status.WALL, 0.01
7342, 4, 29, Status.SNAKE, 0.01
7343, 6, 42, Status.SNAKE, 0.01
7344, 4, 38, Status.SNAKE, 0.01
7345, 6, 37, Status.SNAKE, 0.01
7346, 3, 16, Status.SNAKE, 0.01
7347, 13, 86, Status.SNAKE, 0.01
7348, 3, 32, Status.WALL, 0.01
7349, 6, 52, Status.SNAKE, 0.01
7350, 11, 71, Status.SNAKE, 0.01
7351, 6, 45, Status.SNAKE, 0.01
7352, 3, 19, Status.SNAKE, 0.01
7353, 12, 86, Status.SNAKE, 0.01
7354, 3, 16, Status.SNAKE, 0.01
7355, 5, 38, Status.SNAKE, 0.01
7356, 13, 87, Status.WALL, 0.01
7357, 7, 43, Status.SNAKE, 0.01
7358, 6, 37, Status.WALL, 0.01
7359, 10, 66, Status.SNAKE, 0.01
7360, 9, 80, Status.SNAKE, 0.01
7361, 5, 25, Status.SNAKE, 0.01
7362, 3, 20, Status.SNAKE, 0.01
7363, 9, 74, Status.SNAKE, 0.01
7364, 7, 59, Status.SNAKE, 0.01
7365, 4, 30, Status.SNAKE, 0.01
7366, 14, 92, Status.WALL, 0.01
7367, 13, 104, Status.SNAKE, 0.01
7368, 14, 110, Status.SNAKE, 0.01
7369, 15, 108, Status.SNAKE, 0.01
7370, 8, 53, Status.SNAKE, 0.01
7371, 16, 135, Status.SNAKE, 0.01
7372, 10, 84, Status.SNAKE, 0.01
7373, 3, 17, Status.SNAKE, 0.01
7374, 8, 49, Status.SNAKE, 0.01
7375, 5, 24, Status.SNAKE, 0.01
7376, 9, 69, Status.WALL, 0.01
7377, 5, 26, Status.WALL, 0.01
7378, 7, 57, Status.SNAKE, 0.01
7379, 1, 5, Status.SNAKE, 0.01
7380, 1, 6, Status.SNAKE, 0.01
7381, 6, 31, Status.SNAKE, 0.01
7382, 6, 26, Status.WALL, 0.01
7383, 6, 39, Status.SNAKE, 0.01
7384, 9, 69, Status.SNAKE, 0.01
7385, 11, 79, Status.SNAKE, 0.01
7386, 2, 11, Status.WALL, 0.01
7387, 15, 89, Status.WALL, 0.01
7388, 8, 67, Status.SNAKE, 0.01
7389, 3, 28, Status.WALL, 0.01
7390, 12, 99, Status.SNAKE, 0.01
7391, 5, 52, Status.WALL, 0.01
7392, 6, 42, Status.SNAKE, 0.01
7393, 13, 115, Status.SNAKE, 0.01
7394, 5, 24, Status.SNAKE, 0.01
7395, 8, 44, Status.SNAKE, 0.01
7396, 9, 79, Status.SNAKE, 0.01
7397, 10, 85, Status.SNAKE, 0.01
7398, 7, 60, Status.SNAKE, 0.01
7399, 1, 5, Status.SNAKE, 0.01
7400, 10, 64, Status.SNAKE, 0.01
7401, 13, 106, Status.SNAKE, 0.01
7402, 8, 74, Status.SNAKE, 0.01
7403, 5, 42, Status.SNAKE, 0.01
7404, 6, 49, Status.SNAKE, 0.01
7405, 11, 98, Status.WALL, 0.01
7406, 13, 87, Status.SNAKE, 0.01
7407, 10, 96, Status.SNAKE, 0.01
7408, 6, 48, Status.SNAKE, 0.01
7409, 9, 70, Status.SNAKE, 0.01
7410, 10, 68, Status.SNAKE, 0.01
7411, 1, 8, Status.WALL, 0.01
7412, 4, 27, Status.WALL, 0.01
7413, 6, 44, Status.SNAKE, 0.01
7414, 6, 36, Status.SNAKE, 0.01
7415, 4, 21, Status.SNAKE, 0.01
7416, 7, 59, Status.SNAKE, 0.01
7417, 5, 37, Status.SNAKE, 0.01
7418, 2, 18, Status.WALL, 0.01
7419, 11, 77, Status.SNAKE, 0.01
7420, 11, 72, Status.SNAKE, 0.01
7421, 19, 136, Status.SNAKE, 0.01
7422, 2, 12, Status.WALL, 0.01
7423, 10, 63, Status.SNAKE, 0.01
7424, 2, 24, Status.WALL, 0.01
7425, 16, 125, Status.WALL, 0.01
7426, 8, 58, Status.SNAKE, 0.01
7427, 11, 66, Status.SNAKE, 0.01
7428, 9, 61, Status.SNAKE, 0.01
7429, 9, 81, Status.SNAKE, 0.01
7430, 3, 18, Status.SNAKE, 0.01
7431, 9, 61, Status.SNAKE, 0.01
7432, 10, 59, Status.WALL, 0.01
7433, 3, 34, Status.WALL, 0.01
7434, 4, 46, Status.WALL, 0.01
7435, 9, 62, Status.SNAKE, 0.01
7436, 1, 9, Status.WALL, 0.01
7437, 4, 34, Status.WALL, 0.01
7438, 14, 122, Status.SNAKE, 0.01
7439, 3, 30, Status.SNAKE, 0.01
7440, 11, 79, Status.SNAKE, 0.01
7441, 4, 29, Status.SNAKE, 0.01
7442, 7, 57, Status.SNAKE, 0.01
7443, 9, 67, Status.WALL, 0.01
7444, 0, 6, Status.WALL, 0.01
7445, 3, 16, Status.SNAKE, 0.01
7446, 9, 76, Status.SNAKE, 0.01
7447, 20, 149, Status.SNAKE, 0.01
7448, 15, 103, Status.SNAKE, 0.01
7449, 16, 96, Status.SNAKE, 0.01
7450, 9, 70, Status.SNAKE, 0.01
7451, 15, 117, Status.SNAKE, 0.01
7452, 2, 14, Status.WALL, 0.01
7453, 15, 122, Status.SNAKE, 0.01
7454, 11, 95, Status.SNAKE, 0.01
7455, 7, 57, Status.SNAKE, 0.01
7456, 6, 56, Status.SNAKE, 0.01
7457, 11, 90, Status.SNAKE, 0.01
7458, 7, 50, Status.WALL, 0.01
7459, 12, 99, Status.SNAKE, 0.01
7460, 4, 31, Status.SNAKE, 0.01
7461, 17, 152, Status.SNAKE, 0.01
7462, 18, 122, Status.SNAKE, 0.01
7463, 5, 22, Status.SNAKE, 0.01
7464, 11, 74, Status.SNAKE, 0.01
7465, 8, 62, Status.SNAKE, 0.01
7466, 13, 102, Status.SNAKE, 0.01
7467, 13, 97, Status.SNAKE, 0.01
7468, 16, 109, Status.SNAKE, 0.01
7469, 6, 49, Status.SNAKE, 0.01
7470, 5, 39, Status.SNAKE, 0.01
7471, 6, 34, Status.WALL, 0.01
7472, 4, 29, Status.WALL, 0.01
7473, 14, 113, Status.SNAKE, 0.01
7474, 11, 89, Status.SNAKE, 0.01
7475, 5, 32, Status.SNAKE, 0.01
7476, 3, 18, Status.WALL, 0.01
7477, 12, 83, Status.SNAKE, 0.01
7478, 7, 47, Status.SNAKE, 0.01
7479, 2, 15, Status.SNAKE, 0.01
7480, 10, 86, Status.SNAKE, 0.01
7481, 13, 74, Status.SNAKE, 0.01
7482, 2, 14, Status.WALL, 0.01
7483, 11, 79, Status.SNAKE, 0.01
7484, 6, 42, Status.SNAKE, 0.01
7485, 7, 59, Status.SNAKE, 0.01
7486, 10, 87, Status.SNAKE, 0.01
7487, 9, 58, Status.SNAKE, 0.01
7488, 6, 55, Status.SNAKE, 0.01
7489, 9, 59, Status.SNAKE, 0.01
7490, 3, 28, Status.SNAKE, 0.01
7491, 10, 76, Status.SNAKE, 0.01
7492, 8, 51, Status.SNAKE, 0.01
7493, 7, 58, Status.SNAKE, 0.01
7494, 8, 88, Status.WALL, 0.01
7495, 9, 67, Status.SNAKE, 0.01
7496, 12, 110, Status.SNAKE, 0.01
7497, 9, 69, Status.SNAKE, 0.01
7498, 1, 10, Status.SNAKE, 0.01
7499, 1, 12, Status.SNAKE, 0.01
7500, 11, 77, Status.SNAKE, 0.01
7501, 7, 59, Status.SNAKE, 0.01
7502, 4, 38, Status.WALL, 0.01
7503, 10, 71, Status.SNAKE, 0.01
7504, 6, 40, Status.SNAKE, 0.01
7505, 18, 166, Status.SNAKE, 0.01
7506, 5, 53, Status.SNAKE, 0.01
7507, 5, 39, Status.SNAKE, 0.01
7508, 3, 14, Status.SNAKE, 0.01
7509, 1, 6, Status.SNAKE, 0.01
7510, 3, 16, Status.SNAKE, 0.01
7511, 6, 52, Status.WALL, 0.01
7512, 1, 6, Status.SNAKE, 0.01
7513, 7, 62, Status.WALL, 0.01
7514, 11, 81, Status.SNAKE, 0.01
7515, 13, 96, Status.SNAKE, 0.01
7516, 1, 5, Status.SNAKE, 0.01
7517, 1, 8, Status.SNAKE, 0.01
7518, 13, 106, Status.SNAKE, 0.01
7519, 16, 143, Status.SNAKE, 0.01
7520, 12, 77, Status.SNAKE, 0.01
7521, 10, 65, Status.WALL, 0.01
7522, 9, 49, Status.SNAKE, 0.01
7523, 16, 97, Status.SNAKE, 0.01
7524, 11, 89, Status.SNAKE, 0.01
7525, 10, 70, Status.SNAKE, 0.01
7526, 6, 44, Status.SNAKE, 0.01
7527, 11, 75, Status.WALL, 0.01
7528, 7, 62, Status.WALL, 0.01
7529, 3, 9, Status.SNAKE, 0.01
7530, 12, 84, Status.SNAKE, 0.01
7531, 4, 20, Status.SNAKE, 0.01
7532, 11, 67, Status.SNAKE, 0.01
7533, 1, 7, Status.SNAKE, 0.01
7534, 5, 36, Status.SNAKE, 0.01
7535, 6, 45, Status.SNAKE, 0.01
7536, 8, 73, Status.SNAKE, 0.01
7537, 15, 122, Status.SNAKE, 0.01
7538, 5, 36, Status.SNAKE, 0.01
7539, 10, 81, Status.SNAKE, 0.01
7540, 1, 9, Status.WALL, 0.01
7541, 18, 157, Status.WALL, 0.01
7542, 2, 15, Status.WALL, 0.01
7543, 9, 62, Status.WALL, 0.01
7544, 7, 45, Status.SNAKE, 0.01
7545, 14, 148, Status.SNAKE, 0.01
7546, 5, 35, Status.SNAKE, 0.01
7547, 13, 123, Status.SNAKE, 0.01
7548, 21, 166, Status.SNAKE, 0.01
7549, 12, 80, Status.WALL, 0.01
7550, 1, 8, Status.SNAKE, 0.01
7551, 4, 27, Status.SNAKE, 0.01
7552, 15, 105, Status.SNAKE, 0.01
7553, 7, 55, Status.SNAKE, 0.01
7554, 8, 59, Status.SNAKE, 0.01
7555, 4, 27, Status.SNAKE, 0.01
7556, 2, 20, Status.SNAKE, 0.01
7557, 1, 12, Status.WALL, 0.01
7558, 10, 83, Status.SNAKE, 0.01
7559, 3, 15, Status.SNAKE, 0.01
7560, 6, 30, Status.WALL, 0.01
7561, 6, 44, Status.SNAKE, 0.01
7562, 10, 70, Status.SNAKE, 0.01
7563, 12, 72, Status.SNAKE, 0.01
7564, 10, 63, Status.SNAKE, 0.01
7565, 8, 57, Status.SNAKE, 0.01
7566, 3, 14, Status.SNAKE, 0.01
7567, 1, 8, Status.SNAKE, 0.01
7568, 4, 29, Status.SNAKE, 0.01
7569, 7, 41, Status.SNAKE, 0.01
7570, 10, 99, Status.SNAKE, 0.01
7571, 11, 79, Status.SNAKE, 0.01
7572, 7, 48, Status.SNAKE, 0.01
7573, 5, 27, Status.WALL, 0.01
7574, 8, 45, Status.SNAKE, 0.01
7575, 6, 36, Status.SNAKE, 0.01
7576, 1, 10, Status.SNAKE, 0.01
7577, 3, 12, Status.SNAKE, 0.01
7578, 1, 10, Status.SNAKE, 0.01
7579, 1, 8, Status.WALL, 0.01
7580, 2, 8, Status.WALL, 0.01
7581, 3, 26, Status.SNAKE, 0.01
7582, 9, 65, Status.SNAKE, 0.01
7583, 1, 8, Status.SNAKE, 0.01
7584, 12, 85, Status.SNAKE, 0.01
7585, 11, 66, Status.SNAKE, 0.01
7586, 13, 79, Status.WALL, 0.01
7587, 4, 36, Status.WALL, 0.01
7588, 9, 71, Status.SNAKE, 0.01
7589, 3, 18, Status.SNAKE, 0.01
7590, 18, 119, Status.WALL, 0.01
7591, 1, 8, Status.SNAKE, 0.01
7592, 3, 34, Status.SNAKE, 0.01
7593, 4, 18, Status.SNAKE, 0.01
7594, 6, 33, Status.SNAKE, 0.01
7595, 2, 17, Status.WALL, 0.01
7596, 1, 14, Status.WALL, 0.01
7597, 16, 132, Status.SNAKE, 0.01
7598, 6, 39, Status.SNAKE, 0.01
7599, 2, 10, Status.SNAKE, 0.01
7600, 10, 81, Status.SNAKE, 0.01
7601, 10, 72, Status.SNAKE, 0.01
7602, 10, 68, Status.SNAKE, 0.01
7603, 5, 35, Status.SNAKE, 0.01
7604, 1, 6, Status.SNAKE, 0.01
7605, 1, 5, Status.SNAKE, 0.01
7606, 19, 139, Status.SNAKE, 0.01
7607, 7, 35, Status.SNAKE, 0.01
7608, 11, 71, Status.SNAKE, 0.01
7609, 10, 62, Status.SNAKE, 0.01
7610, 1, 11, Status.WALL, 0.01
7611, 7, 55, Status.WALL, 0.01
7612, 4, 31, Status.WALL, 0.01
7613, 19, 139, Status.SNAKE, 0.01
7614, 6, 39, Status.SNAKE, 0.01
7615, 7, 50, Status.SNAKE, 0.01
7616, 2, 16, Status.SNAKE, 0.01
7617, 6, 61, Status.SNAKE, 0.01
7618, 1, 8, Status.WALL, 0.01
7619, 18, 140, Status.SNAKE, 0.01
7620, 11, 72, Status.SNAKE, 0.01
7621, 22, 145, Status.SNAKE, 0.01
7622, 1, 9, Status.SNAKE, 0.01
7623, 6, 40, Status.SNAKE, 0.01
7624, 15, 123, Status.SNAKE, 0.01
7625, 11, 84, Status.SNAKE, 0.01
7626, 5, 39, Status.SNAKE, 0.01
7627, 14, 103, Status.SNAKE, 0.01
7628, 2, 26, Status.SNAKE, 0.01
7629, 11, 84, Status.SNAKE, 0.01
7630, 16, 91, Status.SNAKE, 0.01
7631, 8, 52, Status.SNAKE, 0.01
7632, 7, 50, Status.SNAKE, 0.01
7633, 1, 3, Status.SNAKE, 0.01
7634, 14, 104, Status.WALL, 0.01
7635, 6, 61, Status.SNAKE, 0.01
7636, 17, 124, Status.SNAKE, 0.01
7637, 9, 73, Status.SNAKE, 0.01
7638, 6, 44, Status.WALL, 0.01
7639, 4, 33, Status.SNAKE, 0.01
7640, 15, 106, Status.SNAKE, 0.01
7641, 9, 61, Status.SNAKE, 0.01
7642, 9, 74, Status.SNAKE, 0.01
7643, 5, 35, Status.SNAKE, 0.01
7644, 10, 86, Status.SNAKE, 0.01
7645, 6, 34, Status.SNAKE, 0.01
7646, 13, 88, Status.SNAKE, 0.01
7647, 18, 136, Status.SNAKE, 0.01
7648, 3, 24, Status.SNAKE, 0.01
7649, 4, 54, Status.WALL, 0.01
7650, 1, 5, Status.SNAKE, 0.01
7651, 4, 34, Status.SNAKE, 0.01
7652, 4, 41, Status.WALL, 0.01
7653, 14, 107, Status.SNAKE, 0.01
7654, 11, 67, Status.SNAKE, 0.01
7655, 17, 132, Status.SNAKE, 0.01
7656, 5, 40, Status.SNAKE, 0.01
7657, 2, 16, Status.SNAKE, 0.01
7658, 8, 68, Status.SNAKE, 0.01
7659, 12, 60, Status.SNAKE, 0.01
7660, 7, 57, Status.WALL, 0.01
7661, 4, 19, Status.SNAKE, 0.01
7662, 11, 114, Status.WALL, 0.01
7663, 9, 89, Status.SNAKE, 0.01
7664, 14, 116, Status.SNAKE, 0.01
7665, 14, 138, Status.SNAKE, 0.01
7666, 18, 132, Status.SNAKE, 0.01
7667, 9, 75, Status.SNAKE, 0.01
7668, 8, 62, Status.SNAKE, 0.01
7669, 2, 7, Status.SNAKE, 0.01
7670, 6, 48, Status.SNAKE, 0.01
7671, 16, 117, Status.WALL, 0.01
7672, 3, 20, Status.SNAKE, 0.01
7673, 9, 60, Status.SNAKE, 0.01
7674, 8, 68, Status.SNAKE, 0.01
7675, 8, 77, Status.SNAKE, 0.01
7676, 1, 10, Status.SNAKE, 0.01
7677, 6, 51, Status.SNAKE, 0.01
7678, 7, 67, Status.WALL, 0.01
7679, 1, 5, Status.WALL, 0.01
7680, 7, 57, Status.SNAKE, 0.01
7681, 9, 76, Status.SNAKE, 0.01
7682, 4, 22, Status.SNAKE, 0.01
7683, 6, 41, Status.SNAKE, 0.01
7684, 13, 74, Status.SNAKE, 0.01
7685, 3, 14, Status.SNAKE, 0.01
7686, 10, 78, Status.WALL, 0.01
7687, 8, 57, Status.SNAKE, 0.01
7688, 10, 76, Status.SNAKE, 0.01
7689, 15, 135, Status.SNAKE, 0.01
7690, 1, 5, Status.SNAKE, 0.01
7691, 9, 83, Status.SNAKE, 0.01
7692, 2, 11, Status.WALL, 0.01
7693, 7, 48, Status.SNAKE, 0.01
7694, 5, 42, Status.SNAKE, 0.01
7695, 2, 7, Status.SNAKE, 0.01
7696, 9, 56, Status.WALL, 0.01
7697, 7, 58, Status.WALL, 0.01
7698, 20, 140, Status.SNAKE, 0.01
7699, 4, 36, Status.SNAKE, 0.01
7700, 7, 33, Status.SNAKE, 0.01
7701, 16, 119, Status.SNAKE, 0.01
7702, 11, 76, Status.SNAKE, 0.01
7703, 18, 125, Status.SNAKE, 0.01
7704, 7, 51, Status.SNAKE, 0.01
7705, 6, 61, Status.WALL, 0.01
7706, 7, 62, Status.SNAKE, 0.01
7707, 9, 45, Status.SNAKE, 0.01
7708, 7, 48, Status.SNAKE, 0.01
7709, 7, 43, Status.SNAKE, 0.01
7710, 12, 89, Status.SNAKE, 0.01
7711, 18, 111, Status.SNAKE, 0.01
7712, 10, 66, Status.WALL, 0.01
7713, 10, 65, Status.SNAKE, 0.01
7714, 2, 8, Status.WALL, 0.01
7715, 2, 8, Status.SNAKE, 0.01
7716, 1, 3, Status.SNAKE, 0.01
7717, 8, 66, Status.WALL, 0.01
7718, 2, 20, Status.SNAKE, 0.01
7719, 5, 60, Status.SNAKE, 0.01
7720, 11, 78, Status.SNAKE, 0.01
7721, 19, 149, Status.SNAKE, 0.01
7722, 9, 59, Status.SNAKE, 0.01
7723, 1, 8, Status.SNAKE, 0.01
7724, 11, 72, Status.SNAKE, 0.01
7725, 13, 109, Status.SNAKE, 0.01
7726, 16, 104, Status.SNAKE, 0.01
7727, 5, 45, Status.SNAKE, 0.01
7728, 3, 22, Status.SNAKE, 0.01
7729, 0, 6, Status.WALL, 0.01
7730, 5, 21, Status.SNAKE, 0.01
7731, 5, 32, Status.SNAKE, 0.01
7732, 9, 59, Status.SNAKE, 0.01
7733, 13, 64, Status.SNAKE, 0.01
7734, 9, 73, Status.SNAKE, 0.01
7735, 1, 5, Status.SNAKE, 0.01
7736, 18, 107, Status.SNAKE, 0.01
7737, 10, 79, Status.SNAKE, 0.01
7738, 6, 39, Status.SNAKE, 0.01
7739, 2, 20, Status.SNAKE, 0.01
7740, 20, 148, Status.SNAKE, 0.01
7741, 5, 32, Status.WALL, 0.01
7742, 7, 43, Status.SNAKE, 0.01
7743, 2, 18, Status.SNAKE, 0.01
7744, 10, 71, Status.WALL, 0.01
7745, 10, 81, Status.SNAKE, 0.01
7746, 6, 36, Status.SNAKE, 0.01
7747, 13, 111, Status.WALL, 0.01
7748, 8, 65, Status.SNAKE, 0.01
7749, 7, 54, Status.SNAKE, 0.01
7750, 5, 42, Status.SNAKE, 0.01
7751, 3, 29, Status.SNAKE, 0.01
7752, 6, 35, Status.SNAKE, 0.01
7753, 11, 74, Status.SNAKE, 0.01
7754, 3, 20, Status.SNAKE, 0.01
7755, 11, 86, Status.SNAKE, 0.01
7756, 3, 24, Status.WALL, 0.01
7757, 11, 76, Status.SNAKE, 0.01
7758, 5, 57, Status.SNAKE, 0.01
7759, 8, 65, Status.SNAKE, 0.01
7760, 4, 32, Status.WALL, 0.01
7761, 10, 55, Status.SNAKE, 0.01
7762, 1, 5, Status.SNAKE, 0.01
7763, 8, 54, Status.SNAKE, 0.01
7764, 11, 88, Status.WALL, 0.01
7765, 1, 5, Status.SNAKE, 0.01
7766, 14, 95, Status.SNAKE, 0.01
7767, 10, 61, Status.SNAKE, 0.01
7768, 10, 61, Status.SNAKE, 0.01
7769, 9, 62, Status.SNAKE, 0.01
7770, 14, 132, Status.SNAKE, 0.01
7771, 8, 66, Status.SNAKE, 0.01
7772, 6, 57, Status.SNAKE, 0.01
7773, 5, 37, Status.SNAKE, 0.01
7774, 9, 68, Status.SNAKE, 0.01
7775, 12, 90, Status.SNAKE, 0.01
7776, 6, 82, Status.WALL, 0.01
7777, 19, 158, Status.SNAKE, 0.01
7778, 1, 10, Status.WALL, 0.01
7779, 7, 51, Status.SNAKE, 0.01
7780, 4, 31, Status.SNAKE, 0.01
7781, 23, 184, Status.SNAKE, 0.01
7782, 5, 30, Status.SNAKE, 0.01
7783, 15, 132, Status.SNAKE, 0.01
7784, 1, 19, Status.WALL, 0.01
7785, 2, 20, Status.SNAKE, 0.01
7786, 9, 93, Status.SNAKE, 0.01
7787, 11, 80, Status.SNAKE, 0.01
7788, 2, 23, Status.SNAKE, 0.01
7789, 5, 35, Status.SNAKE, 0.01
7790, 18, 116, Status.WALL, 0.01
7791, 5, 29, Status.SNAKE, 0.01
7792, 3, 41, Status.WALL, 0.01
7793, 2, 17, Status.WALL, 0.01
7794, 6, 49, Status.SNAKE, 0.01
7795, 14, 99, Status.SNAKE, 0.01
7796, 13, 87, Status.SNAKE, 0.01
7797, 14, 92, Status.SNAKE, 0.01
7798, 4, 26, Status.SNAKE, 0.01
7799, 0, 4, Status.WALL, 0.01
7800, 8, 73, Status.SNAKE, 0.01
7801, 14, 101, Status.SNAKE, 0.01
7802, 5, 33, Status.SNAKE, 0.01
7803, 3, 24, Status.WALL, 0.01
7804, 17, 129, Status.WALL, 0.01
7805, 6, 33, Status.SNAKE, 0.01
7806, 7, 53, Status.SNAKE, 0.01
7807, 5, 36, Status.SNAKE, 0.01
7808, 5, 31, Status.SNAKE, 0.01
7809, 9, 67, Status.SNAKE, 0.01
7810, 14, 107, Status.WALL, 0.01
7811, 22, 144, Status.SNAKE, 0.01
7812, 5, 43, Status.WALL, 0.01
7813, 12, 102, Status.SNAKE, 0.01
7814, 2, 20, Status.WALL, 0.01
7815, 18, 135, Status.SNAKE, 0.01
7816, 8, 49, Status.WALL, 0.01
7817, 6, 44, Status.WALL, 0.01
7818, 10, 76, Status.SNAKE, 0.01
7819, 7, 50, Status.SNAKE, 0.01
7820, 8, 67, Status.SNAKE, 0.01
7821, 10, 59, Status.SNAKE, 0.01
7822, 7, 75, Status.SNAKE, 0.01
7823, 15, 109, Status.WALL, 0.01
7824, 12, 105, Status.WALL, 0.01
7825, 11, 61, Status.WALL, 0.01
7826, 7, 49, Status.SNAKE, 0.01
7827, 12, 85, Status.SNAKE, 0.01
7828, 12, 86, Status.SNAKE, 0.01
7829, 6, 40, Status.WALL, 0.01
7830, 13, 91, Status.SNAKE, 0.01
7831, 1, 6, Status.SNAKE, 0.01
7832, 8, 68, Status.SNAKE, 0.01
7833, 9, 67, Status.SNAKE, 0.01
7834, 4, 26, Status.SNAKE, 0.01
7835, 7, 58, Status.SNAKE, 0.01
7836, 11, 104, Status.SNAKE, 0.01
7837, 4, 20, Status.SNAKE, 0.01
7838, 18, 105, Status.WALL, 0.01
7839, 7, 61, Status.WALL, 0.01
7840, 16, 102, Status.SNAKE, 0.01
7841, 13, 95, Status.WALL, 0.01
7842, 1, 12, Status.SNAKE, 0.01
7843, 5, 49, Status.WALL, 0.01
7844, 13, 106, Status.SNAKE, 0.01
7845, 2, 23, Status.SNAKE, 0.01
7846, 7, 53, Status.SNAKE, 0.01
7847, 6, 62, Status.SNAKE, 0.01
7848, 9, 68, Status.WALL, 0.01
7849, 4, 28, Status.WALL, 0.01
7850, 8, 51, Status.SNAKE, 0.01
7851, 14, 110, Status.SNAKE, 0.01
7852, 2, 21, Status.SNAKE, 0.01
7853, 14, 117, Status.SNAKE, 0.01
7854, 23, 182, Status.SNAKE, 0.01
7855, 10, 84, Status.SNAKE, 0.01
7856, 3, 22, Status.SNAKE, 0.01
7857, 2, 12, Status.WALL, 0.01
7858, 15, 108, Status.SNAKE, 0.01
7859, 17, 147, Status.WALL, 0.01
7860, 1, 8, Status.WALL, 0.01
7861, 4, 32, Status.SNAKE, 0.01
7862, 5, 33, Status.SNAKE, 0.01
7863, 8, 50, Status.SNAKE, 0.01
7864, 6, 58, Status.SNAKE, 0.01
7865, 7, 56, Status.SNAKE, 0.01
7866, 7, 53, Status.SNAKE, 0.01
7867, 12, 83, Status.SNAKE, 0.01
7868, 2, 24, Status.SNAKE, 0.01
7869, 7, 48, Status.SNAKE, 0.01
7870, 16, 115, Status.SNAKE, 0.01
7871, 9, 49, Status.SNAKE, 0.01
7872, 3, 21, Status.SNAKE, 0.01
7873, 8, 70, Status.SNAKE, 0.01
7874, 13, 109, Status.SNAKE, 0.01
7875, 7, 45, Status.WALL, 0.01
7876, 5, 47, Status.SNAKE, 0.01
7877, 8, 47, Status.SNAKE, 0.01
7878, 8, 68, Status.SNAKE, 0.01
7879, 1, 10, Status.SNAKE, 0.01
7880, 5, 31, Status.WALL, 0.01
7881, 7, 45, Status.SNAKE, 0.01
7882, 3, 32, Status.SNAKE, 0.01
7883, 6, 35, Status.SNAKE, 0.01
7884, 13, 105, Status.WALL, 0.01
7885, 6, 36, Status.SNAKE, 0.01
7886, 4, 38, Status.SNAKE, 0.01
7887, 4, 28, Status.SNAKE, 0.01
7888, 10, 71, Status.WALL, 0.01
7889, 6, 45, Status.WALL, 0.01
7890, 8, 89, Status.WALL, 0.01
7891, 8, 62, Status.SNAKE, 0.01
7892, 9, 65, Status.SNAKE, 0.01
7893, 13, 92, Status.SNAKE, 0.01
7894, 10, 93, Status.SNAKE, 0.01
7895, 5, 23, Status.SNAKE, 0.01
7896, 6, 22, Status.SNAKE, 0.01
7897, 9, 64, Status.SNAKE, 0.01
7898, 7, 55, Status.SNAKE, 0.01
7899, 9, 75, Status.SNAKE, 0.01
7900, 1, 6, Status.SNAKE, 0.01
7901, 2, 13, Status.WALL, 0.01
7902, 11, 65, Status.SNAKE, 0.01
7903, 11, 79, Status.SNAKE, 0.01
7904, 20, 129, Status.SNAKE, 0.01
7905, 11, 99, Status.SNAKE, 0.01
7906, 25, 177, Status.SNAKE, 0.01
7907, 14, 96, Status.SNAKE, 0.01
7908, 3, 16, Status.SNAKE, 0.01
7909, 10, 61, Status.SNAKE, 0.01
7910, 11, 73, Status.SNAKE, 0.01
7911, 5, 35, Status.SNAKE, 0.01
7912, 8, 60, Status.WALL, 0.01
7913, 10, 69, Status.SNAKE, 0.01
7914, 7, 46, Status.WALL, 0.01
7915, 1, 5, Status.SNAKE, 0.01
7916, 2, 16, Status.WALL, 0.01
7917, 8, 60, Status.SNAKE, 0.01
7918, 2, 26, Status.SNAKE, 0.01
7919, 3, 19, Status.WALL, 0.01
7920, 5, 40, Status.SNAKE, 0.01
7921, 9, 69, Status.SNAKE, 0.01
7922, 8, 46, Status.SNAKE, 0.01
7923, 13, 88, Status.SNAKE, 0.01
7924, 4, 31, Status.SNAKE, 0.01
7925, 3, 31, Status.SNAKE, 0.01
7926, 1, 3, Status.SNAKE, 0.01
7927, 12, 90, Status.WALL, 0.01
7928, 9, 64, Status.SNAKE, 0.01
7929, 16, 91, Status.SNAKE, 0.01
7930, 1, 7, Status.SNAKE, 0.01
7931, 2, 10, Status.SNAKE, 0.01
7932, 9, 65, Status.SNAKE, 0.01
7933, 12, 103, Status.SNAKE, 0.01
7934, 5, 50, Status.WALL, 0.01
7935, 17, 136, Status.WALL, 0.01
7936, 10, 82, Status.SNAKE, 0.01
7937, 5, 44, Status.SNAKE, 0.01
7938, 8, 48, Status.SNAKE, 0.01
7939, 15, 90, Status.SNAKE, 0.01
7940, 2, 9, Status.SNAKE, 0.01
7941, 6, 46, Status.WALL, 0.01
7942, 9, 61, Status.SNAKE, 0.01
7943, 12, 89, Status.SNAKE, 0.01
7944, 13, 98, Status.SNAKE, 0.01
7945, 7, 65, Status.SNAKE, 0.01
7946, 3, 18, Status.WALL, 0.01
7947, 7, 56, Status.SNAKE, 0.01
7948, 1, 8, Status.SNAKE, 0.01
7949, 8, 74, Status.WALL, 0.01
7950, 5, 35, Status.SNAKE, 0.01
7951, 2, 12, Status.WALL, 0.01
7952, 2, 12, Status.WALL, 0.01
7953, 4, 22, Status.WALL, 0.01
7954, 9, 67, Status.SNAKE, 0.01
7955, 1, 6, Status.SNAKE, 0.01
7956, 8, 61, Status.SNAKE, 0.01
7957, 15, 111, Status.WALL, 0.01
7958, 8, 48, Status.SNAKE, 0.01
7959, 1, 6, Status.SNAKE, 0.01
7960, 8, 56, Status.SNAKE, 0.01
7961, 8, 63, Status.WALL, 0.01
7962, 12, 71, Status.SNAKE, 0.01
7963, 4, 32, Status.SNAKE, 0.01
7964, 11, 101, Status.SNAKE, 0.01
7965, 12, 72, Status.WALL, 0.01
7966, 14, 97, Status.WALL, 0.01
7967, 12, 84, Status.SNAKE, 0.01
7968, 15, 86, Status.SNAKE, 0.01
7969, 4, 24, Status.SNAKE, 0.01
7970, 1, 17, Status.WALL, 0.01
7971, 16, 100, Status.SNAKE, 0.01
7972, 12, 76, Status.SNAKE, 0.01
7973, 14, 138, Status.WALL, 0.01
7974, 6, 40, Status.SNAKE, 0.01
7975, 13, 91, Status.WALL, 0.01
7976, 8, 72, Status.SNAKE, 0.01
7977, 7, 48, Status.SNAKE, 0.01
7978, 10, 55, Status.SNAKE, 0.01
7979, 6, 60, Status.SNAKE, 0.01
7980, 7, 48, Status.SNAKE, 0.01
7981, 5, 28, Status.SNAKE, 0.01
7982, 1, 8, Status.SNAKE, 0.01
7983, 6, 53, Status.WALL, 0.01
7984, 9, 74, Status.SNAKE, 0.01
7985, 7, 38, Status.SNAKE, 0.01
7986, 10, 59, Status.SNAKE, 0.01
7987, 3, 28, Status.WALL, 0.01
7988, 7, 46, Status.SNAKE, 0.01
7989, 3, 26, Status.SNAKE, 0.01
7990, 15, 114, Status.SNAKE, 0.01
7991, 3, 23, Status.SNAKE, 0.01
7992, 10, 71, Status.SNAKE, 0.01
7993, 6, 49, Status.SNAKE, 0.01
7994, 12, 85, Status.SNAKE, 0.01
7995, 14, 78, Status.SNAKE, 0.01
7996, 5, 34, Status.SNAKE, 0.01
7997, 7, 45, Status.WALL, 0.01
7998, 11, 76, Status.SNAKE, 0.01
7999, 10, 45, Status.SNAKE, 0.01
8000, 13, 116, Status.SNAKE, 0.01
8001, 5, 36, Status.SNAKE, 0.01
8002, 2, 19, Status.WALL, 0.01
8003, 14, 125, Status.SNAKE, 0.01
8004, 2, 9, Status.WALL, 0.01
8005, 4, 37, Status.SNAKE, 0.01
8006, 4, 35, Status.SNAKE, 0.01
8007, 8, 67, Status.SNAKE, 0.01
8008, 5, 41, Status.SNAKE, 0.01
8009, 10, 78, Status.SNAKE, 0.01
8010, 14, 106, Status.WALL, 0.01
8011, 8, 55, Status.SNAKE, 0.01
8012, 8, 76, Status.SNAKE, 0.01
8013, 9, 57, Status.SNAKE, 0.01
8014, 14, 107, Status.SNAKE, 0.01
8015, 2, 19, Status.SNAKE, 0.01
8016, 17, 132, Status.SNAKE, 0.01
8017, 7, 48, Status.SNAKE, 0.01
8018, 2, 8, Status.SNAKE, 0.01
8019, 5, 38, Status.SNAKE, 0.01
8020, 8, 46, Status.SNAKE, 0.01
8021, 1, 20, Status.SNAKE, 0.01
8022, 8, 49, Status.SNAKE, 0.01
8023, 13, 99, Status.SNAKE, 0.01
8024, 3, 21, Status.WALL, 0.01
8025, 14, 104, Status.SNAKE, 0.01
8026, 5, 43, Status.WALL, 0.01
8027, 16, 116, Status.SNAKE, 0.01
8028, 3, 23, Status.SNAKE, 0.01
8029, 11, 67, Status.SNAKE, 0.01
8030, 13, 76, Status.SNAKE, 0.01
8031, 16, 146, Status.SNAKE, 0.01
8032, 2, 10, Status.SNAKE, 0.01
8033, 4, 24, Status.SNAKE, 0.01
8034, 8, 68, Status.SNAKE, 0.01
8035, 12, 82, Status.SNAKE, 0.01
8036, 5, 39, Status.SNAKE, 0.01
8037, 8, 44, Status.SNAKE, 0.01
8038, 6, 47, Status.SNAKE, 0.01
8039, 8, 54, Status.SNAKE, 0.01
8040, 11, 91, Status.SNAKE, 0.01
8041, 3, 17, Status.WALL, 0.01
8042, 11, 72, Status.SNAKE, 0.01
8043, 4, 32, Status.SNAKE, 0.01
8044, 11, 90, Status.SNAKE, 0.01
8045, 14, 70, Status.WALL, 0.01
8046, 12, 105, Status.SNAKE, 0.01
8047, 1, 8, Status.WALL, 0.01
8048, 5, 31, Status.SNAKE, 0.01
8049, 3, 19, Status.SNAKE, 0.01
8050, 15, 115, Status.SNAKE, 0.01
8051, 10, 72, Status.SNAKE, 0.01
8052, 9, 66, Status.SNAKE, 0.01
8053, 9, 62, Status.SNAKE, 0.01
8054, 2, 14, Status.SNAKE, 0.01
8055, 9, 54, Status.SNAKE, 0.01
8056, 6, 47, Status.SNAKE, 0.01
8057, 8, 70, Status.SNAKE, 0.01
8058, 4, 23, Status.WALL, 0.01
8059, 14, 109, Status.SNAKE, 0.01
8060, 7, 40, Status.SNAKE, 0.01
8061, 6, 43, Status.SNAKE, 0.01
8062, 6, 36, Status.SNAKE, 0.01
8063, 1, 8, Status.WALL, 0.01
8064, 8, 46, Status.SNAKE, 0.01
8065, 15, 121, Status.SNAKE, 0.01
8066, 4, 32, Status.WALL, 0.01
8067, 7, 47, Status.SNAKE, 0.01
8068, 7, 58, Status.SNAKE, 0.01
8069, 4, 41, Status.SNAKE, 0.01
8070, 5, 32, Status.WALL, 0.01
8071, 9, 73, Status.SNAKE, 0.01
8072, 7, 37, Status.SNAKE, 0.01
8073, 16, 115, Status.SNAKE, 0.01
8074, 11, 76, Status.SNAKE, 0.01
8075, 2, 8, Status.SNAKE, 0.01
8076, 10, 74, Status.SNAKE, 0.01
8077, 10, 59, Status.SNAKE, 0.01
8078, 7, 42, Status.WALL, 0.01
8079, 10, 60, Status.SNAKE, 0.01
8080, 10, 62, Status.SNAKE, 0.01
8081, 1, 7, Status.WALL, 0.01
8082, 11, 64, Status.SNAKE, 0.01
8083, 1, 6, Status.SNAKE, 0.01
8084, 16, 121, Status.SNAKE, 0.01
8085, 4, 45, Status.SNAKE, 0.01
8086, 13, 93, Status.SNAKE, 0.01
8087, 13, 104, Status.SNAKE, 0.01
8088, 8, 57, Status.SNAKE, 0.01
8089, 6, 41, Status.WALL, 0.01
8090, 2, 16, Status.SNAKE, 0.01
8091, 11, 77, Status.SNAKE, 0.01
8092, 14, 106, Status.WALL, 0.01
8093, 7, 58, Status.SNAKE, 0.01
8094, 4, 36, Status.WALL, 0.01
8095, 6, 40, Status.SNAKE, 0.01
8096, 1, 10, Status.WALL, 0.01
8097, 4, 28, Status.SNAKE, 0.01
8098, 23, 139, Status.SNAKE, 0.01
8099, 13, 105, Status.SNAKE, 0.01
8100, 2, 16, Status.WALL, 0.01
8101, 12, 109, Status.SNAKE, 0.01
8102, 1, 8, Status.SNAKE, 0.01
8103, 16, 135, Status.SNAKE, 0.01
8104, 3, 26, Status.WALL, 0.01
8105, 6, 58, Status.SNAKE, 0.01
8106, 8, 82, Status.WALL, 0.01
8107, 8, 62, Status.SNAKE, 0.01
8108, 11, 82, Status.SNAKE, 0.01
8109, 13, 115, Status.SNAKE, 0.01
8110, 4, 34, Status.SNAKE, 0.01
8111, 4, 53, Status.WALL, 0.01
8112, 10, 56, Status.SNAKE, 0.01
8113, 4, 34, Status.SNAKE, 0.01
8114, 5, 30, Status.SNAKE, 0.01
8115, 5, 30, Status.SNAKE, 0.01
8116, 15, 116, Status.SNAKE, 0.01
8117, 3, 27, Status.SNAKE, 0.01
8118, 4, 34, Status.SNAKE, 0.01
8119, 9, 46, Status.SNAKE, 0.01
8120, 5, 34, Status.SNAKE, 0.01
8121, 10, 69, Status.WALL, 0.01
8122, 11, 97, Status.SNAKE, 0.01
8123, 1, 7, Status.WALL, 0.01
8124, 8, 67, Status.SNAKE, 0.01
8125, 7, 39, Status.SNAKE, 0.01
8126, 9, 53, Status.SNAKE, 0.01
8127, 1, 8, Status.SNAKE, 0.01
8128, 3, 24, Status.WALL, 0.01
8129, 3, 28, Status.SNAKE, 0.01
8130, 1, 19, Status.WALL, 0.01
8131, 11, 69, Status.SNAKE, 0.01
8132, 9, 54, Status.SNAKE, 0.01
8133, 8, 52, Status.SNAKE, 0.01
8134, 11, 72, Status.SNAKE, 0.01
8135, 1, 7, Status.SNAKE, 0.01
8136, 9, 63, Status.SNAKE, 0.01
8137, 2, 26, Status.WALL, 0.01
8138, 6, 40, Status.SNAKE, 0.01
8139, 5, 34, Status.WALL, 0.01
8140, 1, 10, Status.SNAKE, 0.01
8141, 9, 69, Status.SNAKE, 0.01
8142, 12, 72, Status.SNAKE, 0.01
8143, 12, 73, Status.SNAKE, 0.01
8144, 1, 6, Status.WALL, 0.01
8145, 11, 72, Status.SNAKE, 0.01
8146, 11, 84, Status.SNAKE, 0.01
8147, 6, 38, Status.SNAKE, 0.01
8148, 14, 117, Status.SNAKE, 0.01
8149, 6, 50, Status.WALL, 0.01
8150, 7, 38, Status.SNAKE, 0.01
8151, 15, 109, Status.SNAKE, 0.01
8152, 7, 42, Status.WALL, 0.01
8153, 5, 29, Status.SNAKE, 0.01
8154, 5, 21, Status.SNAKE, 0.01
8155, 6, 39, Status.SNAKE, 0.01
8156, 15, 124, Status.SNAKE, 0.01
8157, 13, 105, Status.SNAKE, 0.01
8158, 7, 52, Status.WALL, 0.01
8159, 12, 92, Status.SNAKE, 0.01
8160, 5, 35, Status.WALL, 0.01
8161, 9, 81, Status.SNAKE, 0.01
8162, 11, 86, Status.SNAKE, 0.01
8163, 4, 36, Status.SNAKE, 0.01
8164, 1, 5, Status.SNAKE, 0.01
8165, 1, 5, Status.SNAKE, 0.01
8166, 10, 76, Status.SNAKE, 0.01
8167, 7, 39, Status.WALL, 0.01
8168, 1, 5, Status.SNAKE, 0.01
8169, 5, 34, Status.SNAKE, 0.01
8170, 9, 82, Status.SNAKE, 0.01
8171, 6, 30, Status.SNAKE, 0.01
8172, 7, 50, Status.SNAKE, 0.01
8173, 5, 36, Status.SNAKE, 0.01
8174, 9, 55, Status.SNAKE, 0.01
8175, 12, 82, Status.SNAKE, 0.01
8176, 6, 26, Status.WALL, 0.01
8177, 7, 56, Status.SNAKE, 0.01
8178, 1, 10, Status.SNAKE, 0.01
8179, 2, 8, Status.SNAKE, 0.01
8180, 8, 64, Status.WALL, 0.01
8181, 6, 63, Status.SNAKE, 0.01
8182, 14, 82, Status.SNAKE, 0.01
8183, 14, 91, Status.WALL, 0.01
8184, 8, 47, Status.WALL, 0.01
8185, 4, 38, Status.SNAKE, 0.01
8186, 8, 48, Status.SNAKE, 0.01
8187, 2, 21, Status.SNAKE, 0.01
8188, 3, 10, Status.SNAKE, 0.01
8189, 6, 50, Status.SNAKE, 0.01
8190, 7, 36, Status.WALL, 0.01
8191, 5, 28, Status.SNAKE, 0.01
8192, 1, 19, Status.WALL, 0.01
8193, 9, 56, Status.SNAKE, 0.01
8194, 8, 65, Status.SNAKE, 0.01
8195, 14, 134, Status.SNAKE, 0.01
8196, 1, 7, Status.SNAKE, 0.01
8197, 17, 129, Status.SNAKE, 0.01
8198, 15, 106, Status.SNAKE, 0.01
8199, 7, 58, Status.SNAKE, 0.01
8200, 4, 23, Status.SNAKE, 0.01
8201, 17, 117, Status.SNAKE, 0.01
8202, 8, 45, Status.SNAKE, 0.01
8203, 9, 51, Status.SNAKE, 0.01
8204, 12, 71, Status.SNAKE, 0.01
8205, 6, 40, Status.WALL, 0.01
8206, 11, 61, Status.SNAKE, 0.01
8207, 12, 90, Status.WALL, 0.01
8208, 2, 8, Status.WALL, 0.01
8209, 5, 25, Status.SNAKE, 0.01
8210, 4, 41, Status.WALL, 0.01
8211, 5, 38, Status.WALL, 0.01
8212, 8, 58, Status.SNAKE, 0.01
8213, 7, 44, Status.SNAKE, 0.01
8214, 10, 62, Status.SNAKE, 0.01
8215, 5, 26, Status.WALL, 0.01
8216, 14, 72, Status.SNAKE, 0.01
8217, 13, 90, Status.SNAKE, 0.01
8218, 2, 7, Status.SNAKE, 0.01
8219, 4, 22, Status.SNAKE, 0.01
8220, 1, 5, Status.SNAKE, 0.01
8221, 8, 58, Status.SNAKE, 0.01
8222, 9, 82, Status.SNAKE, 0.01
8223, 3, 20, Status.SNAKE, 0.01
8224, 5, 26, Status.WALL, 0.01
8225, 6, 41, Status.SNAKE, 0.01
8226, 8, 47, Status.WALL, 0.01
8227, 11, 69, Status.SNAKE, 0.01
8228, 7, 46, Status.SNAKE, 0.01
8229, 7, 51, Status.SNAKE, 0.01
8230, 6, 45, Status.SNAKE, 0.01
8231, 1, 10, Status.WALL, 0.01
8232, 4, 23, Status.SNAKE, 0.01
8233, 8, 59, Status.SNAKE, 0.01
8234, 8, 58, Status.WALL, 0.01
8235, 7, 25, Status.SNAKE, 0.01
8236, 8, 65, Status.SNAKE, 0.01
8237, 15, 117, Status.SNAKE, 0.01
8238, 6, 56, Status.SNAKE, 0.01
8239, 8, 81, Status.WALL, 0.01
8240, 3, 24, Status.SNAKE, 0.01
8241, 8, 76, Status.SNAKE, 0.01
8242, 3, 17, Status.SNAKE, 0.01
8243, 6, 48, Status.SNAKE, 0.01
8244, 9, 54, Status.WALL, 0.01
8245, 10, 76, Status.SNAKE, 0.01
8246, 8, 57, Status.WALL, 0.01
8247, 4, 22, Status.SNAKE, 0.01
8248, 6, 43, Status.SNAKE, 0.01
8249, 7, 49, Status.SNAKE, 0.01
8250, 6, 33, Status.SNAKE, 0.01
8251, 7, 46, Status.SNAKE, 0.01
8252, 6, 45, Status.SNAKE, 0.01
8253, 9, 58, Status.SNAKE, 0.01
8254, 2, 11, Status.SNAKE, 0.01
8255, 9, 65, Status.SNAKE, 0.01
8256, 6, 47, Status.SNAKE, 0.01
8257, 11, 62, Status.SNAKE, 0.01
8258, 1, 11, Status.WALL, 0.01
8259, 9, 76, Status.SNAKE, 0.01
8260, 3, 23, Status.WALL, 0.01
8261, 8, 58, Status.SNAKE, 0.01
8262, 13, 83, Status.SNAKE, 0.01
8263, 4, 34, Status.WALL, 0.01
8264, 12, 73, Status.SNAKE, 0.01
8265, 3, 21, Status.WALL, 0.01
8266, 5, 26, Status.SNAKE, 0.01
8267, 9, 54, Status.SNAKE, 0.01
8268, 12, 98, Status.SNAKE, 0.01
8269, 6, 27, Status.WALL, 0.01
8270, 3, 18, Status.WALL, 0.01
8271, 7, 55, Status.SNAKE, 0.01
8272, 10, 77, Status.SNAKE, 0.01
8273, 2, 10, Status.WALL, 0.01
8274, 7, 30, Status.WALL, 0.01
8275, 17, 100, Status.SNAKE, 0.01
8276, 16, 124, Status.SNAKE, 0.01
8277, 15, 69, Status.WALL, 0.01
8278, 9, 62, Status.SNAKE, 0.01
8279, 16, 107, Status.SNAKE, 0.01
8280, 8, 62, Status.WALL, 0.01
8281, 2, 24, Status.SNAKE, 0.01
8282, 8, 78, Status.SNAKE, 0.01
8283, 4, 27, Status.WALL, 0.01
8284, 1, 8, Status.WALL, 0.01
8285, 16, 128, Status.SNAKE, 0.01
8286, 3, 26, Status.SNAKE, 0.01
8287, 12, 96, Status.SNAKE, 0.01
8288, 5, 32, Status.WALL, 0.01
8289, 8, 61, Status.SNAKE, 0.01
8290, 6, 48, Status.SNAKE, 0.01
8291, 6, 28, Status.WALL, 0.01
8292, 3, 26, Status.SNAKE, 0.01
8293, 3, 18, Status.SNAKE, 0.01
8294, 13, 74, Status.SNAKE, 0.01
8295, 3, 21, Status.SNAKE, 0.01
8296, 4, 29, Status.WALL, 0.01
8297, 3, 36, Status.SNAKE, 0.01
8298, 3, 19, Status.SNAKE, 0.01
8299, 9, 83, Status.SNAKE, 0.01
8300, 7, 38, Status.SNAKE, 0.01
8301, 7, 43, Status.SNAKE, 0.01
8302, 3, 17, Status.SNAKE, 0.01
8303, 3, 18, Status.SNAKE, 0.01
8304, 13, 78, Status.SNAKE, 0.01
8305, 3, 16, Status.SNAKE, 0.01
8306, 7, 62, Status.WALL, 0.01
8307, 3, 20, Status.SNAKE, 0.01
8308, 5, 36, Status.SNAKE, 0.01
8309, 11, 74, Status.SNAKE, 0.01
8310, 10, 92, Status.WALL, 0.01
8311, 5, 28, Status.WALL, 0.01
8312, 4, 16, Status.SNAKE, 0.01
8313, 2, 9, Status.WALL, 0.01
8314, 12, 92, Status.SNAKE, 0.01
8315, 12, 90, Status.SNAKE, 0.01
8316, 4, 27, Status.SNAKE, 0.01
8317, 7, 50, Status.SNAKE, 0.01
8318, 14, 110, Status.SNAKE, 0.01
8319, 16, 121, Status.SNAKE, 0.01
8320, 17, 160, Status.SNAKE, 0.01
8321, 12, 93, Status.SNAKE, 0.01
8322, 12, 99, Status.SNAKE, 0.01
8323, 13, 107, Status.SNAKE, 0.01
8324, 18, 103, Status.SNAKE, 0.01
8325, 9, 70, Status.SNAKE, 0.01
8326, 14, 103, Status.SNAKE, 0.01
8327, 5, 22, Status.SNAKE, 0.01
8328, 4, 17, Status.WALL, 0.01
8329, 1, 8, Status.SNAKE, 0.01
8330, 4, 13, Status.WALL, 0.01
8331, 10, 106, Status.SNAKE, 0.01
8332, 14, 105, Status.SNAKE, 0.01
8333, 19, 157, Status.WALL, 0.01
8334, 2, 16, Status.SNAKE, 0.01
8335, 1, 11, Status.WALL, 0.01
8336, 2, 14, Status.SNAKE, 0.01
8337, 1, 8, Status.SNAKE, 0.01
8338, 9, 47, Status.SNAKE, 0.01
8339, 8, 61, Status.SNAKE, 0.01
8340, 12, 76, Status.SNAKE, 0.01
8341, 16, 103, Status.WALL, 0.01
8342, 12, 82, Status.SNAKE, 0.01
8343, 18, 136, Status.SNAKE, 0.01
8344, 1, 7, Status.WALL, 0.01
8345, 5, 21, Status.SNAKE, 0.01
8346, 4, 33, Status.SNAKE, 0.01
8347, 7, 37, Status.SNAKE, 0.01
8348, 2, 16, Status.SNAKE, 0.01
8349, 7, 51, Status.SNAKE, 0.01
8350, 1, 5, Status.SNAKE, 0.01
8351, 9, 86, Status.SNAKE, 0.01
8352, 6, 39, Status.SNAKE, 0.01
8353, 9, 66, Status.WALL, 0.01
8354, 3, 19, Status.SNAKE, 0.01
8355, 13, 78, Status.SNAKE, 0.01
8356, 3, 22, Status.SNAKE, 0.01
8357, 8, 60, Status.SNAKE, 0.01
8358, 13, 116, Status.SNAKE, 0.01
8359, 6, 53, Status.SNAKE, 0.01
8360, 6, 41, Status.SNAKE, 0.01
8361, 8, 101, Status.WALL, 0.01
8362, 9, 63, Status.SNAKE, 0.01
8363, 10, 77, Status.SNAKE, 0.01
8364, 2, 18, Status.WALL, 0.01
8365, 9, 66, Status.SNAKE, 0.01
8366, 13, 170, Status.SNAKE, 0.01
8367, 5, 77, Status.SNAKE, 0.01
8368, 2, 9, Status.SNAKE, 0.01
8369, 6, 65, Status.SNAKE, 0.01
8370, 8, 56, Status.SNAKE, 0.01
8371, 10, 90, Status.SNAKE, 0.01
8372, 7, 37, Status.SNAKE, 0.01
8373, 3, 15, Status.SNAKE, 0.01
8374, 7, 48, Status.WALL, 0.01
8375, 0, 4, Status.WALL, 0.01
8376, 2, 18, Status.SNAKE, 0.01
8377, 0, 4, Status.WALL, 0.01
8378, 7, 44, Status.SNAKE, 0.01
8379, 1, 9, Status.SNAKE, 0.01
8380, 4, 33, Status.SNAKE, 0.01
8381, 15, 103, Status.SNAKE, 0.01
8382, 1, 7, Status.WALL, 0.01
8383, 11, 81, Status.SNAKE, 0.01
8384, 11, 83, Status.SNAKE, 0.01
8385, 1, 35, Status.WALL, 0.01
8386, 7, 48, Status.SNAKE, 0.01
8387, 11, 74, Status.SNAKE, 0.01
8388, 5, 42, Status.WALL, 0.01
8389, 16, 116, Status.SNAKE, 0.01
8390, 11, 66, Status.WALL, 0.01
8391, 1, 20, Status.SNAKE, 0.01
8392, 1, 7, Status.WALL, 0.01
8393, 21, 178, Status.SNAKE, 0.01
8394, 13, 135, Status.SNAKE, 0.01
8395, 17, 123, Status.SNAKE, 0.01
8396, 1, 9, Status.SNAKE, 0.01
8397, 1, 10, Status.SNAKE, 0.01
8398, 6, 30, Status.SNAKE, 0.01
8399, 4, 33, Status.SNAKE, 0.01
8400, 7, 46, Status.WALL, 0.01
8401, 6, 37, Status.WALL, 0.01
8402, 5, 54, Status.SNAKE, 0.01
8403, 3, 20, Status.SNAKE, 0.01
8404, 2, 16, Status.SNAKE, 0.01
8405, 7, 39, Status.SNAKE, 0.01
8406, 3, 25, Status.SNAKE, 0.01
8407, 13, 104, Status.WALL, 0.01
8408, 3, 23, Status.SNAKE, 0.01
8409, 2, 22, Status.SNAKE, 0.01
8410, 4, 20, Status.SNAKE, 0.01
8411, 8, 48, Status.SNAKE, 0.01
8412, 3, 24, Status.WALL, 0.01
8413, 10, 100, Status.SNAKE, 0.01
8414, 3, 13, Status.SNAKE, 0.01
8415, 10, 90, Status.SNAKE, 0.01
8416, 16, 119, Status.SNAKE, 0.01
8417, 10, 87, Status.SNAKE, 0.01
8418, 12, 74, Status.SNAKE, 0.01
8419, 2, 16, Status.WALL, 0.01
8420, 6, 41, Status.SNAKE, 0.01
8421, 1, 8, Status.SNAKE, 0.01
8422, 5, 33, Status.SNAKE, 0.01
8423, 1, 7, Status.SNAKE, 0.01
8424, 7, 42, Status.SNAKE, 0.01
8425, 8, 59, Status.SNAKE, 0.01
8426, 3, 30, Status.WALL, 0.01
8427, 6, 42, Status.WALL, 0.01
8428, 2, 28, Status.SNAKE, 0.01
8429, 16, 97, Status.SNAKE, 0.01
8430, 11, 76, Status.SNAKE, 0.01
8431, 10, 54, Status.SNAKE, 0.01
8432, 2, 15, Status.SNAKE, 0.01
8433, 4, 36, Status.SNAKE, 0.01
8434, 10, 85, Status.WALL, 0.01
8435, 14, 122, Status.SNAKE, 0.01
8436, 6, 44, Status.SNAKE, 0.01
8437, 8, 54, Status.SNAKE, 0.01
8438, 13, 100, Status.SNAKE, 0.01
8439, 5, 25, Status.SNAKE, 0.01
8440, 7, 52, Status.SNAKE, 0.01
8441, 10, 99, Status.SNAKE, 0.01
8442, 1, 5, Status.WALL, 0.01
8443, 5, 36, Status.SNAKE, 0.01
8444, 5, 36, Status.SNAKE, 0.01
8445, 8, 60, Status.SNAKE, 0.01
8446, 11, 76, Status.SNAKE, 0.01
8447, 8, 50, Status.SNAKE, 0.01
8448, 11, 87, Status.SNAKE, 0.01
8449, 10, 50, Status.SNAKE, 0.01
8450, 5, 53, Status.SNAKE, 0.01
8451, 5, 41, Status.SNAKE, 0.01
8452, 6, 31, Status.SNAKE, 0.01
8453, 8, 55, Status.SNAKE, 0.01
8454, 7, 56, Status.SNAKE, 0.01
8455, 3, 24, Status.SNAKE, 0.01
8456, 8, 44, Status.SNAKE, 0.01
8457, 1, 11, Status.WALL, 0.01
8458, 10, 68, Status.SNAKE, 0.01
8459, 7, 36, Status.SNAKE, 0.01
8460, 4, 30, Status.SNAKE, 0.01
8461, 12, 90, Status.SNAKE, 0.01
8462, 6, 42, Status.SNAKE, 0.01
8463, 6, 32, Status.SNAKE, 0.01
8464, 7, 70, Status.SNAKE, 0.01
8465, 13, 85, Status.SNAKE, 0.01
8466, 4, 30, Status.WALL, 0.01
8467, 8, 55, Status.SNAKE, 0.01
8468, 5, 40, Status.SNAKE, 0.01
8469, 16, 130, Status.SNAKE, 0.01
8470, 7, 52, Status.SNAKE, 0.01
8471, 5, 33, Status.SNAKE, 0.01
8472, 4, 29, Status.WALL, 0.01
8473, 7, 63, Status.SNAKE, 0.01
8474, 10, 72, Status.SNAKE, 0.01
8475, 5, 43, Status.WALL, 0.01
8476, 6, 72, Status.SNAKE, 0.01
8477, 9, 66, Status.SNAKE, 0.01
8478, 13, 103, Status.SNAKE, 0.01
8479, 9, 85, Status.SNAKE, 0.01
8480, 10, 71, Status.SNAKE, 0.01
8481, 8, 82, Status.WALL, 0.01
8482, 10, 107, Status.SNAKE, 0.01
8483, 5, 58, Status.WALL, 0.01
8484, 4, 39, Status.SNAKE, 0.01
8485, 7, 53, Status.SNAKE, 0.01
8486, 2, 17, Status.SNAKE, 0.01
8487, 16, 124, Status.SNAKE, 0.01
8488, 14, 78, Status.SNAKE, 0.01
8489, 3, 27, Status.SNAKE, 0.01
8490, 4, 24, Status.SNAKE, 0.01
8491, 16, 104, Status.SNAKE, 0.01
8492, 3, 14, Status.SNAKE, 0.01
8493, 5, 56, Status.SNAKE, 0.01
8494, 4, 19, Status.SNAKE, 0.01
8495, 8, 69, Status.SNAKE, 0.01
8496, 4, 32, Status.WALL, 0.01
8497, 7, 45, Status.WALL, 0.01
8498, 6, 55, Status.SNAKE, 0.01
8499, 1, 7, Status.SNAKE, 0.01
8500, 4, 25, Status.SNAKE, 0.01
8501, 6, 51, Status.SNAKE, 0.01
8502, 12, 86, Status.SNAKE, 0.01
8503, 4, 24, Status.SNAKE, 0.01
8504, 12, 93, Status.SNAKE, 0.01
8505, 4, 33, Status.SNAKE, 0.01
8506, 2, 13, Status.WALL, 0.01
8507, 7, 48, Status.SNAKE, 0.01
8508, 11, 69, Status.SNAKE, 0.01
8509, 2, 12, Status.SNAKE, 0.01
8510, 8, 49, Status.SNAKE, 0.01
8511, 7, 38, Status.SNAKE, 0.01
8512, 1, 10, Status.WALL, 0.01
8513, 17, 158, Status.SNAKE, 0.01
8514, 10, 81, Status.SNAKE, 0.01
8515, 5, 31, Status.SNAKE, 0.01
8516, 8, 70, Status.SNAKE, 0.01
8517, 7, 54, Status.WALL, 0.01
8518, 3, 22, Status.SNAKE, 0.01
8519, 18, 135, Status.SNAKE, 0.01
8520, 11, 88, Status.SNAKE, 0.01
8521, 17, 129, Status.SNAKE, 0.01
8522, 11, 89, Status.SNAKE, 0.01
8523, 11, 71, Status.SNAKE, 0.01
8524, 15, 111, Status.SNAKE, 0.01
8525, 7, 38, Status.SNAKE, 0.01
8526, 9, 58, Status.SNAKE, 0.01
8527, 6, 45, Status.SNAKE, 0.01
8528, 3, 14, Status.SNAKE, 0.01
8529, 7, 51, Status.SNAKE, 0.01
8530, 1, 8, Status.SNAKE, 0.01
8531, 5, 32, Status.SNAKE, 0.01
8532, 8, 67, Status.SNAKE, 0.01
8533, 1, 10, Status.WALL, 0.01
8534, 1, 6, Status.SNAKE, 0.01
8535, 3, 21, Status.SNAKE, 0.01
8536, 1, 8, Status.WALL, 0.01
8537, 7, 81, Status.WALL, 0.01
8538, 14, 97, Status.SNAKE, 0.01
8539, 4, 29, Status.SNAKE, 0.01
8540, 7, 61, Status.SNAKE, 0.01
8541, 3, 17, Status.WALL, 0.01
8542, 12, 92, Status.SNAKE, 0.01
8543, 8, 44, Status.WALL, 0.01
8544, 6, 30, Status.SNAKE, 0.01
8545, 8, 63, Status.WALL, 0.01
8546, 5, 45, Status.SNAKE, 0.01
8547, 17, 113, Status.SNAKE, 0.01
8548, 6, 62, Status.SNAKE, 0.01
8549, 2, 6, Status.SNAKE, 0.01
8550, 1, 5, Status.SNAKE, 0.01
8551, 16, 134, Status.SNAKE, 0.01
8552, 8, 80, Status.SNAKE, 0.01
8553, 3, 21, Status.SNAKE, 0.01
8554, 10, 102, Status.WALL, 0.01
8555, 8, 39, Status.SNAKE, 0.01
8556, 7, 32, Status.WALL, 0.01
8557, 7, 49, Status.SNAKE, 0.01
8558, 11, 68, Status.SNAKE, 0.01
8559, 4, 28, Status.WALL, 0.01
8560, 3, 16, Status.SNAKE, 0.01
8561, 4, 27, Status.SNAKE, 0.01
8562, 1, 7, Status.SNAKE, 0.01
8563, 2, 8, Status.WALL, 0.01
8564, 3, 30, Status.WALL, 0.01
8565, 5, 43, Status.SNAKE, 0.01
8566, 13, 105, Status.SNAKE, 0.01
8567, 8, 61, Status.SNAKE, 0.01
8568, 5, 27, Status.WALL, 0.01
8569, 10, 49, Status.SNAKE, 0.01
8570, 3, 13, Status.WALL, 0.01
8571, 11, 79, Status.SNAKE, 0.01
8572, 7, 59, Status.SNAKE, 0.01
8573, 9, 75, Status.SNAKE, 0.01
8574, 5, 28, Status.SNAKE, 0.01
8575, 9, 74, Status.SNAKE, 0.01
8576, 4, 20, Status.SNAKE, 0.01
8577, 10, 49, Status.SNAKE, 0.01
8578, 12, 95, Status.SNAKE, 0.01
8579, 2, 16, Status.SNAKE, 0.01
8580, 6, 53, Status.SNAKE, 0.01
8581, 11, 66, Status.SNAKE, 0.01
8582, 10, 83, Status.SNAKE, 0.01
8583, 10, 70, Status.SNAKE, 0.01
8584, 14, 91, Status.SNAKE, 0.01
8585, 2, 12, Status.SNAKE, 0.01
8586, 5, 39, Status.SNAKE, 0.01
8587, 6, 51, Status.SNAKE, 0.01
8588, 1, 8, Status.SNAKE, 0.01
8589, 14, 122, Status.SNAKE, 0.01
8590, 10, 72, Status.SNAKE, 0.01
8591, 13, 112, Status.SNAKE, 0.01
8592, 11, 69, Status.SNAKE, 0.01
8593, 3, 27, Status.SNAKE, 0.01
8594, 11, 88, Status.SNAKE, 0.01
8595, 10, 78, Status.SNAKE, 0.01
8596, 1, 5, Status.SNAKE, 0.01
8597, 10, 75, Status.SNAKE, 0.01
8598, 6, 52, Status.SNAKE, 0.01
8599, 7, 58, Status.WALL, 0.01
8600, 19, 135, Status.SNAKE, 0.01
8601, 1, 7, Status.SNAKE, 0.01
8602, 9, 53, Status.WALL, 0.01
8603, 9, 85, Status.SNAKE, 0.01
8604, 8, 56, Status.SNAKE, 0.01
8605, 9, 70, Status.SNAKE, 0.01
8606, 9, 54, Status.SNAKE, 0.01
8607, 7, 74, Status.SNAKE, 0.01
8608, 7, 62, Status.SNAKE, 0.01
8609, 10, 69, Status.WALL, 0.01
8610, 6, 30, Status.SNAKE, 0.01
8611, 5, 29, Status.SNAKE, 0.01
8612, 10, 40, Status.SNAKE, 0.01
8613, 12, 71, Status.WALL, 0.01
8614, 7, 51, Status.WALL, 0.01
8615, 10, 71, Status.SNAKE, 0.01
8616, 3, 16, Status.SNAKE, 0.01
8617, 12, 82, Status.WALL, 0.01
8618, 9, 67, Status.SNAKE, 0.01
8619, 2, 22, Status.SNAKE, 0.01
8620, 3, 20, Status.SNAKE, 0.01
8621, 5, 39, Status.SNAKE, 0.01
8622, 11, 69, Status.SNAKE, 0.01
8623, 14, 85, Status.SNAKE, 0.01
8624, 11, 84, Status.SNAKE, 0.01
8625, 1, 3, Status.SNAKE, 0.01
8626, 10, 67, Status.SNAKE, 0.01
8627, 4, 35, Status.WALL, 0.01
8628, 2, 18, Status.WALL, 0.01
8629, 5, 32, Status.SNAKE, 0.01
8630, 3, 21, Status.SNAKE, 0.01
8631, 1, 11, Status.SNAKE, 0.01
8632, 9, 48, Status.SNAKE, 0.01
8633, 5, 35, Status.SNAKE, 0.01
8634, 13, 107, Status.SNAKE, 0.01
8635, 6, 60, Status.SNAKE, 0.01
8636, 11, 77, Status.SNAKE, 0.01
8637, 3, 23, Status.WALL, 0.01
8638, 11, 112, Status.SNAKE, 0.01
8639, 3, 20, Status.SNAKE, 0.01
8640, 2, 14, Status.SNAKE, 0.01
8641, 1, 10, Status.WALL, 0.01
8642, 3, 22, Status.SNAKE, 0.01
8643, 8, 47, Status.WALL, 0.01
8644, 12, 86, Status.SNAKE, 0.01
8645, 1, 8, Status.WALL, 0.01
8646, 15, 113, Status.SNAKE, 0.01
8647, 8, 55, Status.SNAKE, 0.01
8648, 19, 101, Status.SNAKE, 0.01
8649, 5, 45, Status.SNAKE, 0.01
8650, 3, 32, Status.SNAKE, 0.01
8651, 6, 54, Status.WALL, 0.01
8652, 7, 30, Status.SNAKE, 0.01
8653, 11, 93, Status.WALL, 0.01
8654, 5, 30, Status.WALL, 0.01
8655, 6, 44, Status.WALL, 0.01
8656, 9, 64, Status.SNAKE, 0.01
8657, 11, 81, Status.SNAKE, 0.01
8658, 17, 134, Status.WALL, 0.01
8659, 9, 53, Status.WALL, 0.01
8660, 16, 98, Status.WALL, 0.01
8661, 14, 89, Status.SNAKE, 0.01
8662, 5, 20, Status.SNAKE, 0.01
8663, 9, 55, Status.SNAKE, 0.01
8664, 9, 66, Status.SNAKE, 0.01
8665, 12, 91, Status.SNAKE, 0.01
8666, 8, 52, Status.SNAKE, 0.01
8667, 7, 44, Status.SNAKE, 0.01
8668, 9, 73, Status.SNAKE, 0.01
8669, 11, 74, Status.SNAKE, 0.01
8670, 2, 15, Status.WALL, 0.01
8671, 17, 127, Status.WALL, 0.01
8672, 9, 68, Status.SNAKE, 0.01
8673, 4, 31, Status.SNAKE, 0.01
8674, 9, 44, Status.SNAKE, 0.01
8675, 2, 22, Status.WALL, 0.01
8676, 12, 98, Status.SNAKE, 0.01
8677, 10, 53, Status.SNAKE, 0.01
8678, 14, 102, Status.SNAKE, 0.01
8679, 5, 29, Status.SNAKE, 0.01
8680, 4, 29, Status.SNAKE, 0.01
8681, 15, 112, Status.SNAKE, 0.01
8682, 9, 76, Status.SNAKE, 0.01
8683, 11, 50, Status.SNAKE, 0.01
8684, 7, 32, Status.SNAKE, 0.01
8685, 5, 36, Status.SNAKE, 0.01
8686, 9, 73, Status.SNAKE, 0.01
8687, 10, 81, Status.SNAKE, 0.01
8688, 5, 33, Status.SNAKE, 0.01
8689, 6, 46, Status.SNAKE, 0.01
8690, 14, 110, Status.WALL, 0.01
8691, 15, 104, Status.SNAKE, 0.01
8692, 15, 93, Status.WALL, 0.01
8693, 19, 120, Status.SNAKE, 0.01
8694, 5, 38, Status.SNAKE, 0.01
8695, 15, 96, Status.SNAKE, 0.01
8696, 11, 96, Status.SNAKE, 0.01
8697, 7, 50, Status.SNAKE, 0.01
8698, 9, 49, Status.WALL, 0.01
8699, 4, 26, Status.SNAKE, 0.01
8700, 4, 26, Status.SNAKE, 0.01
8701, 7, 35, Status.SNAKE, 0.01
8702, 13, 86, Status.SNAKE, 0.01
8703, 12, 98, Status.SNAKE, 0.01
8704, 2, 13, Status.SNAKE, 0.01
8705, 16, 125, Status.SNAKE, 0.01
8706, 3, 26, Status.SNAKE, 0.01
8707, 11, 81, Status.WALL, 0.01
8708, 3, 26, Status.SNAKE, 0.01
8709, 3, 22, Status.SNAKE, 0.01
8710, 8, 68, Status.WALL, 0.01
8711, 7, 51, Status.SNAKE, 0.01
8712, 7, 59, Status.SNAKE, 0.01
8713, 4, 28, Status.SNAKE, 0.01
8714, 11, 60, Status.SNAKE, 0.01
8715, 5, 26, Status.SNAKE, 0.01
8716, 4, 33, Status.SNAKE, 0.01
8717, 9, 58, Status.SNAKE, 0.01
8718, 10, 63, Status.WALL, 0.01
8719, 15, 85, Status.SNAKE, 0.01
8720, 17, 121, Status.SNAKE, 0.01
8721, 16, 111, Status.SNAKE, 0.01
8722, 8, 57, Status.SNAKE, 0.01
8723, 3, 13, Status.WALL, 0.01
8724, 5, 35, Status.SNAKE, 0.01
8725, 8, 58, Status.WALL, 0.01
8726, 20, 126, Status.SNAKE, 0.01
8727, 14, 98, Status.WALL, 0.01
8728, 7, 52, Status.SNAKE, 0.01
8729, 2, 17, Status.WALL, 0.01
8730, 17, 108, Status.SNAKE, 0.01
8731, 10, 74, Status.SNAKE, 0.01
8732, 8, 60, Status.SNAKE, 0.01
8733, 7, 53, Status.SNAKE, 0.01
8734, 7, 41, Status.SNAKE, 0.01
8735, 4, 32, Status.WALL, 0.01
8736, 12, 106, Status.SNAKE, 0.01
8737, 4, 38, Status.WALL, 0.01
8738, 7, 56, Status.WALL, 0.01
8739, 5, 19, Status.SNAKE, 0.01
8740, 7, 47, Status.SNAKE, 0.01
8741, 9, 73, Status.SNAKE, 0.01
8742, 6, 42, Status.SNAKE, 0.01
8743, 4, 17, Status.WALL, 0.01
8744, 8, 42, Status.SNAKE, 0.01
8745, 3, 21, Status.SNAKE, 0.01
8746, 4, 28, Status.SNAKE, 0.01
8747, 13, 89, Status.SNAKE, 0.01
8748, 10, 57, Status.SNAKE, 0.01
8749, 7, 51, Status.SNAKE, 0.01
8750, 2, 21, Status.WALL, 0.01
8751, 5, 34, Status.SNAKE, 0.01
8752, 8, 47, Status.SNAKE, 0.01
8753, 5, 29, Status.SNAKE, 0.01
8754, 1, 6, Status.SNAKE, 0.01
8755, 16, 114, Status.WALL, 0.01
8756, 6, 36, Status.SNAKE, 0.01
8757, 2, 15, Status.SNAKE, 0.01
8758, 12, 77, Status.SNAKE, 0.01
8759, 5, 40, Status.SNAKE, 0.01
8760, 7, 42, Status.SNAKE, 0.01
8761, 3, 26, Status.SNAKE, 0.01
8762, 11, 61, Status.WALL, 0.01
8763, 6, 46, Status.WALL, 0.01
8764, 10, 68, Status.SNAKE, 0.01
8765, 2, 8, Status.SNAKE, 0.01
8766, 3, 15, Status.WALL, 0.01
8767, 14, 89, Status.SNAKE, 0.01
8768, 14, 106, Status.SNAKE, 0.01
8769, 10, 66, Status.SNAKE, 0.01
8770, 1, 10, Status.WALL, 0.01
8771, 13, 90, Status.SNAKE, 0.01
8772, 5, 38, Status.SNAKE, 0.01
8773, 8, 44, Status.SNAKE, 0.01
8774, 5, 57, Status.WALL, 0.01
8775, 3, 17, Status.SNAKE, 0.01
8776, 3, 18, Status.WALL, 0.01
8777, 10, 62, Status.SNAKE, 0.01
8778, 8, 60, Status.SNAKE, 0.01
8779, 9, 47, Status.SNAKE, 0.01
8780, 5, 24, Status.WALL, 0.01
8781, 18, 140, Status.SNAKE, 0.01
8782, 5, 32, Status.SNAKE, 0.01
8783, 9, 61, Status.SNAKE, 0.01
8784, 5, 36, Status.SNAKE, 0.01
8785, 3, 21, Status.SNAKE, 0.01
8786, 1, 8, Status.WALL, 0.01
8787, 5, 58, Status.SNAKE, 0.01
8788, 7, 49, Status.SNAKE, 0.01
8789, 1, 8, Status.SNAKE, 0.01
8790, 3, 25, Status.SNAKE, 0.01
8791, 6, 45, Status.SNAKE, 0.01
8792, 8, 49, Status.SNAKE, 0.01
8793, 3, 22, Status.SNAKE, 0.01
8794, 9, 81, Status.SNAKE, 0.01
8795, 14, 126, Status.SNAKE, 0.01
8796, 10, 96, Status.SNAKE, 0.01
8797, 7, 52, Status.WALL, 0.01
8798, 5, 36, Status.WALL, 0.01
8799, 1, 8, Status.WALL, 0.01
8800, 10, 77, Status.SNAKE, 0.01
8801, 2, 9, Status.WALL, 0.01
8802, 15, 78, Status.SNAKE, 0.01
8803, 8, 51, Status.SNAKE, 0.01
8804, 6, 29, Status.WALL, 0.01
8805, 1, 7, Status.WALL, 0.01
8806, 10, 70, Status.SNAKE, 0.01
8807, 9, 37, Status.SNAKE, 0.01
8808, 3, 30, Status.WALL, 0.01
8809, 6, 41, Status.SNAKE, 0.01
8810, 4, 61, Status.WALL, 0.01
8811, 18, 137, Status.SNAKE, 0.01
8812, 6, 49, Status.SNAKE, 0.01
8813, 14, 98, Status.SNAKE, 0.01
8814, 7, 44, Status.SNAKE, 0.01
8815, 9, 49, Status.SNAKE, 0.01
8816, 13, 99, Status.SNAKE, 0.01
8817, 8, 41, Status.SNAKE, 0.01
8818, 8, 60, Status.SNAKE, 0.01
8819, 5, 33, Status.SNAKE, 0.01
8820, 1, 7, Status.SNAKE, 0.01
8821, 13, 85, Status.SNAKE, 0.01
8822, 14, 74, Status.SNAKE, 0.01
8823, 9, 60, Status.SNAKE, 0.01
8824, 12, 66, Status.SNAKE, 0.01
8825, 10, 44, Status.SNAKE, 0.01
8826, 5, 26, Status.SNAKE, 0.01
8827, 17, 103, Status.SNAKE, 0.01
8828, 8, 62, Status.SNAKE, 0.01
8829, 8, 45, Status.SNAKE, 0.01
8830, 12, 111, Status.SNAKE, 0.01
8831, 6, 36, Status.SNAKE, 0.01
8832, 12, 77, Status.WALL, 0.01
8833, 7, 54, Status.SNAKE, 0.01
8834, 3, 17, Status.WALL, 0.01
8835, 13, 56, Status.WALL, 0.01
8836, 3, 25, Status.WALL, 0.01
8837, 9, 72, Status.SNAKE, 0.01
8838, 5, 41, Status.SNAKE, 0.01
8839, 19, 144, Status.SNAKE, 0.01
8840, 2, 8, Status.WALL, 0.01
8841, 6, 42, Status.SNAKE, 0.01
8842, 6, 30, Status.SNAKE, 0.01
8843, 1, 7, Status.SNAKE, 0.01
8844, 9, 71, Status.SNAKE, 0.01
8845, 6, 55, Status.SNAKE, 0.01
8846, 4, 26, Status.SNAKE, 0.01
8847, 15, 101, Status.SNAKE, 0.01
8848, 10, 44, Status.SNAKE, 0.01
8849, 6, 38, Status.SNAKE, 0.01
8850, 4, 26, Status.SNAKE, 0.01
8851, 5, 37, Status.SNAKE, 0.01
8852, 11, 69, Status.SNAKE, 0.01
8853, 7, 48, Status.SNAKE, 0.01
8854, 6, 46, Status.SNAKE, 0.01
8855, 9, 52, Status.WALL, 0.01
8856, 5, 24, Status.SNAKE, 0.01
8857, 4, 28, Status.SNAKE, 0.01
8858, 9, 47, Status.SNAKE, 0.01
8859, 10, 47, Status.WALL, 0.01
8860, 7, 47, Status.SNAKE, 0.01
8861, 7, 43, Status.SNAKE, 0.01
8862, 3, 19, Status.WALL, 0.01
8863, 11, 74, Status.SNAKE, 0.01
8864, 9, 58, Status.SNAKE, 0.01
8865, 13, 107, Status.SNAKE, 0.01
8866, 7, 40, Status.SNAKE, 0.01
8867, 7, 34, Status.SNAKE, 0.01
8868, 18, 125, Status.SNAKE, 0.01
8869, 4, 29, Status.WALL, 0.01
8870, 5, 38, Status.SNAKE, 0.01
8871, 4, 19, Status.SNAKE, 0.01
8872, 2, 19, Status.SNAKE, 0.01
8873, 7, 48, Status.SNAKE, 0.01
8874, 1, 6, Status.SNAKE, 0.01
8875, 5, 21, Status.SNAKE, 0.01
8876, 8, 55, Status.SNAKE, 0.01
8877, 2, 17, Status.SNAKE, 0.01
8878, 8, 41, Status.WALL, 0.01
8879, 10, 52, Status.SNAKE, 0.01
8880, 1, 6, Status.WALL, 0.01
8881, 5, 12, Status.SNAKE, 0.01
8882, 9, 69, Status.SNAKE, 0.01
8883, 11, 77, Status.SNAKE, 0.01
8884, 7, 45, Status.SNAKE, 0.01
8885, 3, 12, Status.SNAKE, 0.01
8886, 11, 85, Status.SNAKE, 0.01
8887, 13, 96, Status.SNAKE, 0.01
8888, 7, 42, Status.SNAKE, 0.01
8889, 13, 82, Status.SNAKE, 0.01
8890, 2, 18, Status.SNAKE, 0.01
8891, 1, 7, Status.SNAKE, 0.01
8892, 5, 29, Status.SNAKE, 0.01
8893, 10, 72, Status.SNAKE, 0.01
8894, 1, 5, Status.SNAKE, 0.01
8895, 12, 56, Status.SNAKE, 0.01
8896, 4, 23, Status.SNAKE, 0.01
8897, 1, 8, Status.SNAKE, 0.01
8898, 7, 35, Status.SNAKE, 0.01
8899, 4, 27, Status.SNAKE, 0.01
8900, 6, 43, Status.SNAKE, 0.01
8901, 11, 87, Status.SNAKE, 0.01
8902, 8, 60, Status.SNAKE, 0.01
8903, 13, 92, Status.WALL, 0.01
8904, 12, 80, Status.SNAKE, 0.01
8905, 18, 136, Status.WALL, 0.01
8906, 10, 53, Status.WALL, 0.01
8907, 10, 65, Status.SNAKE, 0.01
8908, 11, 45, Status.SNAKE, 0.01
8909, 12, 81, Status.SNAKE, 0.01
8910, 3, 15, Status.SNAKE, 0.01
8911, 5, 38, Status.SNAKE, 0.01
8912, 12, 95, Status.SNAKE, 0.01
8913, 7, 50, Status.SNAKE, 0.01
8914, 13, 67, Status.SNAKE, 0.01
8915, 15, 134, Status.SNAKE, 0.01
8916, 10, 62, Status.SNAKE, 0.01
8917, 5, 39, Status.SNAKE, 0.01
8918, 4, 20, Status.WALL, 0.01
8919, 10, 60, Status.SNAKE, 0.01
8920, 3, 20, Status.SNAKE, 0.01
8921, 1, 7, Status.WALL, 0.01
8922, 1, 6, Status.SNAKE, 0.01
8923, 13, 95, Status.SNAKE, 0.01
8924, 10, 68, Status.SNAKE, 0.01
8925, 13, 97, Status.SNAKE, 0.01
8926, 7, 36, Status.SNAKE, 0.01
8927, 9, 50, Status.SNAKE, 0.01
8928, 19, 134, Status.SNAKE, 0.01
8929, 2, 8, Status.SNAKE, 0.01
8930, 9, 65, Status.SNAKE, 0.01
8931, 13, 71, Status.WALL, 0.01
8932, 6, 42, Status.WALL, 0.01
8933, 12, 61, Status.SNAKE, 0.01
8934, 5, 23, Status.SNAKE, 0.01
8935, 14, 104, Status.SNAKE, 0.01
8936, 2, 9, Status.SNAKE, 0.01
8937, 7, 42, Status.SNAKE, 0.01
8938, 11, 66, Status.SNAKE, 0.01
8939, 14, 111, Status.SNAKE, 0.01
8940, 14, 108, Status.SNAKE, 0.01
8941, 5, 24, Status.SNAKE, 0.01
8942, 12, 105, Status.WALL, 0.01
8943, 12, 61, Status.WALL, 0.01
8944, 6, 56, Status.SNAKE, 0.01
8945, 4, 19, Status.SNAKE, 0.01
8946, 4, 24, Status.WALL, 0.01
8947, 8, 51, Status.SNAKE, 0.01
8948, 9, 55, Status.SNAKE, 0.01
8949, 2, 14, Status.SNAKE, 0.01
8950, 13, 98, Status.WALL, 0.01
8951, 10, 71, Status.SNAKE, 0.01
8952, 14, 113, Status.SNAKE, 0.01
8953, 1, 3, Status.SNAKE, 0.01
8954, 6, 34, Status.SNAKE, 0.01
8955, 8, 59, Status.SNAKE, 0.01
8956, 15, 99, Status.SNAKE, 0.01
8957, 8, 41, Status.SNAKE, 0.01
8958, 5, 34, Status.SNAKE, 0.01
8959, 5, 35, Status.WALL, 0.01
8960, 13, 92, Status.SNAKE, 0.01
8961, 3, 17, Status.SNAKE, 0.01
8962, 3, 13, Status.SNAKE, 0.01
8963, 8, 48, Status.SNAKE, 0.01
8964, 9, 71, Status.SNAKE, 0.01
8965, 5, 53, Status.SNAKE, 0.01
8966, 4, 26, Status.SNAKE, 0.01
8967, 14, 97, Status.SNAKE, 0.01
8968, 11, 94, Status.SNAKE, 0.01
8969, 7, 45, Status.SNAKE, 0.01
8970, 11, 52, Status.SNAKE, 0.01
8971, 3, 26, Status.SNAKE, 0.01
8972, 1, 8, Status.WALL, 0.01
8973, 1, 3, Status.SNAKE, 0.01
8974, 9, 59, Status.SNAKE, 0.01
8975, 8, 57, Status.SNAKE, 0.01
8976, 1, 10, Status.WALL, 0.01
8977, 9, 45, Status.SNAKE, 0.01
8978, 8, 41, Status.SNAKE, 0.01
8979, 5, 21, Status.WALL, 0.01
8980, 6, 44, Status.SNAKE, 0.01
8981, 11, 71, Status.SNAKE, 0.01
8982, 2, 17, Status.WALL, 0.01
8983, 11, 71, Status.SNAKE, 0.01
8984, 13, 106, Status.SNAKE, 0.01
8985, 4, 19, Status.SNAKE, 0.01
8986, 8, 53, Status.SNAKE, 0.01
8987, 8, 54, Status.SNAKE, 0.01
8988, 18, 148, Status.WALL, 0.01
8989, 6, 41, Status.SNAKE, 0.01
8990, 11, 41, Status.SNAKE, 0.01
8991, 15, 98, Status.SNAKE, 0.01
8992, 5, 41, Status.WALL, 0.01
8993, 9, 65, Status.SNAKE, 0.01
8994, 1, 5, Status.SNAKE, 0.01
8995, 8, 72, Status.SNAKE, 0.01
8996, 1, 3, Status.SNAKE, 0.01
8997, 8, 52, Status.SNAKE, 0.01
8998, 3, 18, Status.SNAKE, 0.01
8999, 10, 69, Status.SNAKE, 0.01
9000, 3, 11, Status.SNAKE, 0.01
9001, 1, 10, Status.WALL, 0.01
9002, 6, 37, Status.SNAKE, 0.01
9003, 6, 59, Status.WALL, 0.01
9004, 19, 131, Status.SNAKE, 0.01
9005, 1, 5, Status.SNAKE, 0.01
9006, 12, 81, Status.SNAKE, 0.01
9007, 4, 12, Status.SNAKE, 0.01
9008, 1, 3, Status.SNAKE, 0.01
9009, 8, 52, Status.SNAKE, 0.01
9010, 7, 48, Status.SNAKE, 0.01
9011, 3, 10, Status.WALL, 0.01
9012, 14, 120, Status.SNAKE, 0.01
9013, 4, 26, Status.SNAKE, 0.01
9014, 10, 74, Status.SNAKE, 0.01
9015, 4, 23, Status.SNAKE, 0.01
9016, 10, 44, Status.SNAKE, 0.01
9017, 3, 21, Status.SNAKE, 0.01
9018, 10, 69, Status.SNAKE, 0.01
9019, 3, 16, Status.SNAKE, 0.01
9020, 5, 42, Status.SNAKE, 0.01
9021, 5, 37, Status.SNAKE, 0.01
9022, 8, 70, Status.WALL, 0.01
9023, 12, 103, Status.SNAKE, 0.01
9024, 7, 44, Status.SNAKE, 0.01
9025, 8, 78, Status.WALL, 0.01
9026, 20, 145, Status.SNAKE, 0.01
9027, 15, 84, Status.WALL, 0.01
9028, 9, 47, Status.SNAKE, 0.01
9029, 18, 123, Status.SNAKE, 0.01
9030, 19, 91, Status.SNAKE, 0.01
9031, 8, 40, Status.SNAKE, 0.01
9032, 4, 39, Status.WALL, 0.01
9033, 11, 99, Status.SNAKE, 0.01
9034, 11, 61, Status.WALL, 0.01
9035, 12, 89, Status.SNAKE, 0.01
9036, 3, 24, Status.SNAKE, 0.01
9037, 10, 64, Status.SNAKE, 0.01
9038, 12, 107, Status.SNAKE, 0.01
9039, 1, 5, Status.WALL, 0.01
9040, 2, 22, Status.SNAKE, 0.01
9041, 4, 11, Status.WALL, 0.01
9042, 5, 31, Status.SNAKE, 0.01
9043, 19, 110, Status.SNAKE, 0.01
9044, 6, 40, Status.SNAKE, 0.01
9045, 4, 38, Status.SNAKE, 0.01
9046, 10, 76, Status.SNAKE, 0.01
9047, 12, 96, Status.SNAKE, 0.01
9048, 3, 24, Status.SNAKE, 0.01
9049, 14, 89, Status.SNAKE, 0.01
9050, 5, 43, Status.SNAKE, 0.01
9051, 6, 29, Status.SNAKE, 0.01
9052, 11, 84, Status.SNAKE, 0.01
9053, 11, 78, Status.SNAKE, 0.01
9054, 7, 22, Status.WALL, 0.01
9055, 16, 97, Status.WALL, 0.01
9056, 7, 44, Status.SNAKE, 0.01
9057, 8, 54, Status.SNAKE, 0.01
9058, 1, 5, Status.SNAKE, 0.01
9059, 10, 60, Status.SNAKE, 0.01
9060, 16, 115, Status.SNAKE, 0.01
9061, 2, 12, Status.SNAKE, 0.01
9062, 7, 55, Status.WALL, 0.01
9063, 10, 64, Status.WALL, 0.01
9064, 12, 73, Status.WALL, 0.01
9065, 13, 82, Status.WALL, 0.01
9066, 8, 58, Status.WALL, 0.01
9067, 6, 35, Status.SNAKE, 0.01
9068, 9, 54, Status.SNAKE, 0.01
9069, 17, 94, Status.WALL, 0.01
9070, 6, 25, Status.SNAKE, 0.01
9071, 2, 18, Status.WALL, 0.01
9072, 8, 51, Status.SNAKE, 0.01
9073, 12, 78, Status.SNAKE, 0.01
9074, 8, 64, Status.WALL, 0.01
9075, 13, 89, Status.SNAKE, 0.01
9076, 16, 116, Status.SNAKE, 0.01
9077, 10, 73, Status.SNAKE, 0.01
9078, 12, 96, Status.SNAKE, 0.01
9079, 9, 52, Status.WALL, 0.01
9080, 8, 61, Status.WALL, 0.01
9081, 11, 66, Status.SNAKE, 0.01
9082, 4, 23, Status.SNAKE, 0.01
9083, 13, 78, Status.SNAKE, 0.01
9084, 11, 79, Status.SNAKE, 0.01
9085, 12, 81, Status.SNAKE, 0.01
9086, 7, 52, Status.SNAKE, 0.01
9087, 5, 36, Status.SNAKE, 0.01
9088, 16, 111, Status.SNAKE, 0.01
9089, 14, 89, Status.SNAKE, 0.01
9090, 6, 50, Status.SNAKE, 0.01
9091, 9, 76, Status.SNAKE, 0.01
9092, 12, 83, Status.SNAKE, 0.01
9093, 11, 63, Status.SNAKE, 0.01
9094, 15, 111, Status.SNAKE, 0.01
9095, 4, 25, Status.SNAKE, 0.01
9096, 7, 38, Status.SNAKE, 0.01
9097, 13, 79, Status.WALL, 0.01
9098, 3, 18, Status.SNAKE, 0.01
9099, 10, 74, Status.SNAKE, 0.01
9100, 9, 44, Status.WALL, 0.01
9101, 14, 104, Status.SNAKE, 0.01
9102, 10, 51, Status.SNAKE, 0.01
9103, 14, 108, Status.SNAKE, 0.01
9104, 3, 19, Status.SNAKE, 0.01
9105, 19, 148, Status.SNAKE, 0.01
9106, 11, 90, Status.SNAKE, 0.01
9107, 11, 58, Status.SNAKE, 0.01
9108, 5, 27, Status.SNAKE, 0.01
9109, 17, 118, Status.SNAKE, 0.01
9110, 2, 6, Status.SNAKE, 0.01
9111, 6, 56, Status.SNAKE, 0.01
9112, 13, 72, Status.SNAKE, 0.01
9113, 4, 26, Status.SNAKE, 0.01
9114, 10, 49, Status.SNAKE, 0.01
9115, 1, 11, Status.WALL, 0.01
9116, 8, 55, Status.SNAKE, 0.01
9117, 5, 38, Status.SNAKE, 0.01
9118, 12, 64, Status.SNAKE, 0.01
9119, 5, 32, Status.WALL, 0.01
9120, 5, 29, Status.SNAKE, 0.01
9121, 6, 32, Status.WALL, 0.01
9122, 6, 29, Status.WALL, 0.01
9123, 3, 20, Status.SNAKE, 0.01
9124, 5, 31, Status.SNAKE, 0.01
9125, 10, 76, Status.SNAKE, 0.01
9126, 10, 84, Status.SNAKE, 0.01
9127, 10, 50, Status.SNAKE, 0.01
9128, 15, 96, Status.WALL, 0.01
9129, 6, 30, Status.SNAKE, 0.01
9130, 7, 43, Status.SNAKE, 0.01
9131, 5, 27, Status.SNAKE, 0.01
9132, 3, 14, Status.SNAKE, 0.01
9133, 2, 13, Status.SNAKE, 0.01
9134, 4, 18, Status.WALL, 0.01
9135, 8, 49, Status.WALL, 0.01
9136, 2, 11, Status.WALL, 0.01
9137, 9, 51, Status.SNAKE, 0.01
9138, 4, 24, Status.SNAKE, 0.01
9139, 5, 52, Status.WALL, 0.01
9140, 7, 46, Status.SNAKE, 0.01
9141, 1, 8, Status.SNAKE, 0.01
9142, 3, 19, Status.SNAKE, 0.01
9143, 15, 92, Status.SNAKE, 0.01
9144, 5, 35, Status.SNAKE, 0.01
9145, 10, 62, Status.SNAKE, 0.01
9146, 7, 45, Status.SNAKE, 0.01
9147, 8, 50, Status.SNAKE, 0.01
9148, 9, 51, Status.SNAKE, 0.01
9149, 6, 49, Status.SNAKE, 0.01
9150, 4, 36, Status.SNAKE, 0.01
9151, 10, 85, Status.SNAKE, 0.01
9152, 6, 34, Status.SNAKE, 0.01
9153, 10, 72, Status.SNAKE, 0.01
9154, 7, 50, Status.SNAKE, 0.01
9155, 2, 15, Status.SNAKE, 0.01
9156, 6, 37, Status.SNAKE, 0.01
9157, 1, 11, Status.WALL, 0.01
9158, 7, 33, Status.WALL, 0.01
9159, 7, 55, Status.WALL, 0.01
9160, 11, 64, Status.SNAKE, 0.01
9161, 6, 34, Status.WALL, 0.01
9162, 14, 101, Status.SNAKE, 0.01
9163, 10, 59, Status.SNAKE, 0.01
9164, 2, 22, Status.WALL, 0.01
9165, 6, 36, Status.SNAKE, 0.01
9166, 6, 36, Status.SNAKE, 0.01
9167, 10, 73, Status.SNAKE, 0.01
9168, 7, 57, Status.WALL, 0.01
9169, 14, 78, Status.SNAKE, 0.01
9170, 6, 39, Status.SNAKE, 0.01
9171, 16, 137, Status.SNAKE, 0.01
9172, 16, 107, Status.SNAKE, 0.01
9173, 5, 51, Status.SNAKE, 0.01
9174, 9, 49, Status.SNAKE, 0.01
9175, 15, 92, Status.SNAKE, 0.01
9176, 6, 37, Status.SNAKE, 0.01
9177, 11, 68, Status.SNAKE, 0.01
9178, 10, 66, Status.SNAKE, 0.01
9179, 1, 3, Status.SNAKE, 0.01
9180, 8, 56, Status.SNAKE, 0.01
9181, 14, 102, Status.SNAKE, 0.01
9182, 9, 59, Status.SNAKE, 0.01
9183, 10, 75, Status.SNAKE, 0.01
9184, 18, 116, Status.WALL, 0.01
9185, 11, 79, Status.SNAKE, 0.01
9186, 10, 56, Status.SNAKE, 0.01
9187, 11, 81, Status.SNAKE, 0.01
9188, 4, 22, Status.SNAKE, 0.01
9189, 11, 71, Status.SNAKE, 0.01
9190, 14, 90, Status.SNAKE, 0.01
9191, 9, 88, Status.SNAKE, 0.01
9192, 6, 27, Status.SNAKE, 0.01
9193, 14, 86, Status.SNAKE, 0.01
9194, 9, 64, Status.SNAKE, 0.01
9195, 8, 48, Status.SNAKE, 0.01
9196, 14, 93, Status.WALL, 0.01
9197, 0, 6, Status.WALL, 0.01
9198, 9, 56, Status.SNAKE, 0.01
9199, 9, 69, Status.WALL, 0.01
9200, 10, 53, Status.SNAKE, 0.01
9201, 11, 72, Status.SNAKE, 0.01
9202, 16, 93, Status.SNAKE, 0.01
9203, 7, 43, Status.SNAKE, 0.01
9204, 1, 3, Status.SNAKE, 0.01
9205, 5, 25, Status.SNAKE, 0.01
9206, 10, 60, Status.SNAKE, 0.01
9207, 13, 83, Status.WALL, 0.01
9208, 6, 46, Status.SNAKE, 0.01
9209, 14, 108, Status.SNAKE, 0.01
9210, 1, 8, Status.WALL, 0.01
9211, 15, 110, Status.SNAKE, 0.01
9212, 10, 67, Status.SNAKE, 0.01
9213, 2, 5, Status.SNAKE, 0.01
9214, 19, 129, Status.SNAKE, 0.01
9215, 4, 24, Status.SNAKE, 0.01
9216, 10, 82, Status.SNAKE, 0.01
9217, 7, 69, Status.SNAKE, 0.01
9218, 15, 108, Status.SNAKE, 0.01
9219, 12, 90, Status.SNAKE, 0.01
9220, 14, 101, Status.SNAKE, 0.01
9221, 12, 60, Status.WALL, 0.01
9222, 2, 15, Status.SNAKE, 0.01
9223, 5, 37, Status.WALL, 0.01
9224, 9, 60, Status.SNAKE, 0.01
9225, 14, 85, Status.SNAKE, 0.01
9226, 10, 61, Status.SNAKE, 0.01
9227, 5, 39, Status.WALL, 0.01
9228, 10, 58, Status.WALL, 0.01
9229, 12, 88, Status.SNAKE, 0.01
9230, 16, 139, Status.SNAKE, 0.01
9231, 8, 55, Status.WALL, 0.01
9232, 19, 121, Status.SNAKE, 0.01
9233, 8, 53, Status.SNAKE, 0.01
9234, 11, 91, Status.SNAKE, 0.01
9235, 6, 33, Status.SNAKE, 0.01
9236, 9, 38, Status.SNAKE, 0.01
9237, 4, 39, Status.WALL, 0.01
9238, 9, 62, Status.WALL, 0.01
9239, 9, 56, Status.SNAKE, 0.01
9240, 9, 79, Status.SNAKE, 0.01
9241, 9, 61, Status.WALL, 0.01
9242, 6, 32, Status.SNAKE, 0.01
9243, 12, 74, Status.SNAKE, 0.01
9244, 7, 41, Status.SNAKE, 0.01
9245, 5, 25, Status.SNAKE, 0.01
9246, 14, 93, Status.SNAKE, 0.01
9247, 1, 9, Status.WALL, 0.01
9248, 2, 7, Status.SNAKE, 0.01
9249, 2, 13, Status.SNAKE, 0.01
9250, 15, 108, Status.SNAKE, 0.01
9251, 2, 13, Status.WALL, 0.01
9252, 1, 11, Status.SNAKE, 0.01
9253, 3, 22, Status.SNAKE, 0.01
9254, 11, 83, Status.SNAKE, 0.01
9255, 9, 48, Status.SNAKE, 0.01
9256, 6, 46, Status.WALL, 0.01
9257, 12, 85, Status.SNAKE, 0.01
9258, 3, 15, Status.SNAKE, 0.01
9259, 11, 67, Status.SNAKE, 0.01
9260, 13, 86, Status.SNAKE, 0.01
9261, 2, 14, Status.SNAKE, 0.01
9262, 8, 56, Status.SNAKE, 0.01
9263, 9, 76, Status.SNAKE, 0.01
9264, 10, 65, Status.SNAKE, 0.01
9265, 2, 12, Status.SNAKE, 0.01
9266, 7, 34, Status.SNAKE, 0.01
9267, 13, 92, Status.SNAKE, 0.01
9268, 3, 16, Status.SNAKE, 0.01
9269, 15, 83, Status.WALL, 0.01
9270, 8, 50, Status.WALL, 0.01
9271, 12, 62, Status.SNAKE, 0.01
9272, 9, 56, Status.SNAKE, 0.01
9273, 9, 69, Status.SNAKE, 0.01
9274, 10, 53, Status.SNAKE, 0.01
9275, 5, 34, Status.SNAKE, 0.01
9276, 8, 62, Status.SNAKE, 0.01
9277, 1, 8, Status.WALL, 0.01
9278, 12, 87, Status.SNAKE, 0.01
9279, 6, 34, Status.SNAKE, 0.01
9280, 8, 52, Status.SNAKE, 0.01
9281, 5, 34, Status.SNAKE, 0.01
9282, 14, 111, Status.SNAKE, 0.01
9283, 6, 32, Status.SNAKE, 0.01
9284, 18, 134, Status.SNAKE, 0.01
9285, 4, 12, Status.SNAKE, 0.01
9286, 8, 63, Status.SNAKE, 0.01
9287, 19, 118, Status.SNAKE, 0.01
9288, 8, 70, Status.WALL, 0.01
9289, 5, 24, Status.SNAKE, 0.01
9290, 16, 106, Status.SNAKE, 0.01
9291, 3, 18, Status.SNAKE, 0.01
9292, 4, 30, Status.SNAKE, 0.01
9293, 15, 93, Status.SNAKE, 0.01
9294, 4, 22, Status.SNAKE, 0.01
9295, 10, 47, Status.SNAKE, 0.01
9296, 12, 70, Status.SNAKE, 0.01
9297, 15, 99, Status.SNAKE, 0.01
9298, 6, 51, Status.WALL, 0.01
9299, 8, 39, Status.SNAKE, 0.01
9300, 1, 3, Status.SNAKE, 0.01
9301, 5, 33, Status.SNAKE, 0.01
9302, 2, 9, Status.WALL, 0.01
9303, 8, 61, Status.SNAKE, 0.01
9304, 13, 133, Status.SNAKE, 0.01
9305, 12, 73, Status.SNAKE, 0.01
9306, 13, 93, Status.SNAKE, 0.01
9307, 2, 15, Status.WALL, 0.01
9308, 7, 66, Status.SNAKE, 0.01
9309, 4, 17, Status.SNAKE, 0.01
9310, 12, 88, Status.SNAKE, 0.01
9311, 18, 134, Status.SNAKE, 0.01
9312, 9, 53, Status.WALL, 0.01
9313, 11, 83, Status.SNAKE, 0.01
9314, 11, 72, Status.SNAKE, 0.01
9315, 5, 30, Status.WALL, 0.01
9316, 13, 88, Status.WALL, 0.01
9317, 5, 43, Status.SNAKE, 0.01
9318, 14, 82, Status.WALL, 0.01
9319, 2, 14, Status.SNAKE, 0.01
9320, 7, 39, Status.SNAKE, 0.01
9321, 12, 77, Status.SNAKE, 0.01
9322, 6, 37, Status.SNAKE, 0.01
9323, 6, 49, Status.SNAKE, 0.01
9324, 8, 54, Status.SNAKE, 0.01
9325, 4, 24, Status.SNAKE, 0.01
9326, 5, 29, Status.SNAKE, 0.01
9327, 5, 32, Status.SNAKE, 0.01
9328, 10, 74, Status.SNAKE, 0.01
9329, 14, 112, Status.SNAKE, 0.01
9330, 9, 58, Status.SNAKE, 0.01
9331, 3, 10, Status.WALL, 0.01
9332, 6, 45, Status.SNAKE, 0.01
9333, 2, 19, Status.SNAKE, 0.01
9334, 5, 28, Status.SNAKE, 0.01
9335, 13, 70, Status.SNAKE, 0.01
9336, 8, 53, Status.SNAKE, 0.01
9337, 12, 76, Status.SNAKE, 0.01
9338, 10, 75, Status.SNAKE, 0.01
9339, 5, 32, Status.WALL, 0.01
9340, 16, 99, Status.SNAKE, 0.01
9341, 5, 34, Status.SNAKE, 0.01
9342, 8, 62, Status.SNAKE, 0.01
9343, 1, 5, Status.SNAKE, 0.01
9344, 14, 113, Status.SNAKE, 0.01
9345, 17, 99, Status.SNAKE, 0.01
9346, 5, 25, Status.WALL, 0.01
9347, 5, 27, Status.WALL, 0.01
9348, 3, 16, Status.SNAKE, 0.01
9349, 7, 47, Status.SNAKE, 0.01
9350, 3, 20, Status.SNAKE, 0.01
9351, 11, 73, Status.SNAKE, 0.01
9352, 10, 74, Status.SNAKE, 0.01
9353, 7, 46, Status.SNAKE, 0.01
9354, 6, 44, Status.SNAKE, 0.01
9355, 12, 71, Status.WALL, 0.01
9356, 2, 14, Status.SNAKE, 0.01
9357, 5, 28, Status.SNAKE, 0.01
9358, 11, 84, Status.SNAKE, 0.01
9359, 12, 92, Status.SNAKE, 0.01
9360, 15, 83, Status.SNAKE, 0.01
9361, 2, 14, Status.SNAKE, 0.01
9362, 4, 39, Status.WALL, 0.01
9363, 11, 68, Status.SNAKE, 0.01
9364, 9, 57, Status.SNAKE, 0.01
9365, 14, 140, Status.SNAKE, 0.01
9366, 6, 66, Status.SNAKE, 0.01
9367, 6, 33, Status.SNAKE, 0.01
9368, 9, 59, Status.SNAKE, 0.01
9369, 10, 78, Status.SNAKE, 0.01
9370, 1, 3, Status.SNAKE, 0.01
9371, 6, 40, Status.SNAKE, 0.01
9372, 12, 82, Status.SNAKE, 0.01
9373, 10, 61, Status.SNAKE, 0.01
9374, 7, 47, Status.SNAKE, 0.01
9375, 6, 40, Status.WALL, 0.01
9376, 8, 54, Status.SNAKE, 0.01
9377, 9, 71, Status.SNAKE, 0.01
9378, 4, 33, Status.WALL, 0.01
9379, 8, 46, Status.SNAKE, 0.01
9380, 11, 57, Status.SNAKE, 0.01
9381, 12, 73, Status.SNAKE, 0.01
9382, 10, 48, Status.WALL, 0.01
9383, 3, 9, Status.SNAKE, 0.01
9384, 3, 16, Status.SNAKE, 0.01
9385, 12, 112, Status.SNAKE, 0.01
9386, 4, 36, Status.SNAKE, 0.01
9387, 6, 45, Status.SNAKE, 0.01
9388, 9, 56, Status.SNAKE, 0.01
9389, 7, 56, Status.WALL, 0.01
9390, 13, 113, Status.SNAKE, 0.01
9391, 9, 68, Status.WALL, 0.01
9392, 20, 161, Status.SNAKE, 0.01
9393, 7, 51, Status.SNAKE, 0.01
9394, 7, 53, Status.SNAKE, 0.01
9395, 3, 19, Status.SNAKE, 0.01
9396, 13, 72, Status.SNAKE, 0.01
9397, 6, 57, Status.SNAKE, 0.01
9398, 11, 93, Status.SNAKE, 0.01
9399, 12, 83, Status.SNAKE, 0.01
9400, 8, 64, Status.WALL, 0.01
9401, 7, 51, Status.SNAKE, 0.01
9402, 3, 16, Status.WALL, 0.01
9403, 11, 101, Status.SNAKE, 0.01
9404, 13, 98, Status.SNAKE, 0.01
9405, 9, 75, Status.SNAKE, 0.01
9406, 9, 59, Status.SNAKE, 0.01
9407, 4, 23, Status.SNAKE, 0.01
9408, 15, 93, Status.SNAKE, 0.01
9409, 6, 50, Status.SNAKE, 0.01
9410, 4, 22, Status.SNAKE, 0.01
9411, 5, 31, Status.SNAKE, 0.01
9412, 5, 39, Status.WALL, 0.01
9413, 7, 42, Status.SNAKE, 0.01
9414, 17, 116, Status.SNAKE, 0.01
9415, 6, 41, Status.SNAKE, 0.01
9416, 3, 9, Status.WALL, 0.01
9417, 10, 70, Status.SNAKE, 0.01
9418, 11, 80, Status.SNAKE, 0.01
9419, 10, 75, Status.SNAKE, 0.01
9420, 6, 34, Status.SNAKE, 0.01
9421, 10, 67, Status.SNAKE, 0.01
9422, 9, 46, Status.SNAKE, 0.01
9423, 4, 24, Status.WALL, 0.01
9424, 4, 37, Status.SNAKE, 0.01
9425, 4, 28, Status.SNAKE, 0.01
9426, 7, 33, Status.WALL, 0.01
9427, 16, 123, Status.SNAKE, 0.01
9428, 8, 59, Status.SNAKE, 0.01
9429, 6, 42, Status.SNAKE, 0.01
9430, 8, 67, Status.WALL, 0.01
9431, 12, 82, Status.SNAKE, 0.01
9432, 11, 64, Status.SNAKE, 0.01
9433, 9, 62, Status.SNAKE, 0.01
9434, 5, 39, Status.SNAKE, 0.01
9435, 11, 76, Status.SNAKE, 0.01
9436, 5, 32, Status.WALL, 0.01
9437, 11, 78, Status.SNAKE, 0.01
9438, 10, 90, Status.SNAKE, 0.01
9439, 12, 80, Status.SNAKE, 0.01
9440, 2, 29, Status.SNAKE, 0.01
9441, 10, 61, Status.WALL, 0.01
9442, 6, 38, Status.WALL, 0.01
9443, 12, 98, Status.SNAKE, 0.01
9444, 6, 41, Status.SNAKE, 0.01
9445, 8, 51, Status.WALL, 0.01
9446, 13, 78, Status.SNAKE, 0.01
9447, 9, 73, Status.SNAKE, 0.01
9448, 1, 5, Status.WALL, 0.01
9449, 1, 5, Status.SNAKE, 0.01
9450, 6, 36, Status.SNAKE, 0.01
9451, 12, 68, Status.SNAKE, 0.01
9452, 10, 56, Status.SNAKE, 0.01
9453, 8, 66, Status.SNAKE, 0.01
9454, 10, 69, Status.SNAKE, 0.01
9455, 7, 47, Status.SNAKE, 0.01
9456, 8, 44, Status.SNAKE, 0.01
9457, 3, 16, Status.SNAKE, 0.01
9458, 1, 8, Status.WALL, 0.01
9459, 9, 59, Status.WALL, 0.01
9460, 7, 61, Status.SNAKE, 0.01
9461, 3, 29, Status.SNAKE, 0.01
9462, 5, 42, Status.SNAKE, 0.01
9463, 11, 111, Status.WALL, 0.01
9464, 7, 60, Status.SNAKE, 0.01
9465, 5, 43, Status.SNAKE, 0.01
9466, 8, 63, Status.SNAKE, 0.01
9467, 18, 141, Status.SNAKE, 0.01
9468, 7, 58, Status.SNAKE, 0.01
9469, 2, 10, Status.SNAKE, 0.01
9470, 7, 62, Status.WALL, 0.01
9471, 10, 71, Status.SNAKE, 0.01
9472, 4, 26, Status.WALL, 0.01
9473, 18, 115, Status.SNAKE, 0.01
9474, 9, 60, Status.WALL, 0.01
9475, 12, 60, Status.SNAKE, 0.01
9476, 8, 61, Status.SNAKE, 0.01
9477, 12, 113, Status.SNAKE, 0.01
9478, 9, 49, Status.SNAKE, 0.01
9479, 16, 147, Status.SNAKE, 0.01
9480, 5, 23, Status.SNAKE, 0.01
9481, 14, 85, Status.SNAKE, 0.01
9482, 3, 16, Status.WALL, 0.01
9483, 17, 124, Status.SNAKE, 0.01
9484, 9, 62, Status.WALL, 0.01
9485, 19, 138, Status.SNAKE, 0.01
9486, 11, 57, Status.WALL, 0.01
9487, 5, 40, Status.SNAKE, 0.01
9488, 11, 66, Status.SNAKE, 0.01
9489, 16, 115, Status.SNAKE, 0.01
9490, 12, 78, Status.SNAKE, 0.01
9491, 14, 96, Status.SNAKE, 0.01
9492, 11, 70, Status.SNAKE, 0.01
9493, 5, 22, Status.WALL, 0.01
9494, 23, 141, Status.SNAKE, 0.01
9495, 2, 7, Status.SNAKE, 0.01
9496, 14, 88, Status.SNAKE, 0.01
9497, 4, 20, Status.SNAKE, 0.01
9498, 8, 65, Status.SNAKE, 0.01
9499, 3, 16, Status.SNAKE, 0.01
9500, 13, 79, Status.WALL, 0.01
9501, 4, 21, Status.SNAKE, 0.01
9502, 7, 48, Status.SNAKE, 0.01
9503, 8, 70, Status.SNAKE, 0.01
9504, 3, 29, Status.WALL, 0.01
9505, 6, 34, Status.SNAKE, 0.01
9506, 7, 37, Status.SNAKE, 0.01
9507, 10, 87, Status.SNAKE, 0.01
9508, 3, 23, Status.SNAKE, 0.01
9509, 4, 24, Status.WALL, 0.01
9510, 14, 100, Status.WALL, 0.01
9511, 20, 162, Status.SNAKE, 0.01
9512, 3, 19, Status.WALL, 0.01
9513, 9, 50, Status.SNAKE, 0.01
9514, 9, 51, Status.WALL, 0.01
9515, 17, 107, Status.SNAKE, 0.01
9516, 3, 16, Status.SNAKE, 0.01
9517, 11, 99, Status.SNAKE, 0.01
9518, 5, 32, Status.WALL, 0.01
9519, 7, 52, Status.SNAKE, 0.01
9520, 12, 117, Status.SNAKE, 0.01
9521, 1, 5, Status.SNAKE, 0.01
9522, 16, 89, Status.SNAKE, 0.01
9523, 15, 89, Status.WALL, 0.01
9524, 3, 10, Status.WALL, 0.01
9525, 4, 35, Status.WALL, 0.01
9526, 3, 21, Status.WALL, 0.01
9527, 1, 3, Status.SNAKE, 0.01
9528, 3, 16, Status.SNAKE, 0.01
9529, 6, 48, Status.SNAKE, 0.01
9530, 1, 7, Status.SNAKE, 0.01
9531, 1, 3, Status.SNAKE, 0.01
9532, 8, 49, Status.SNAKE, 0.01
9533, 10, 73, Status.SNAKE, 0.01
9534, 9, 56, Status.SNAKE, 0.01
9535, 1, 15, Status.WALL, 0.01
9536, 9, 57, Status.WALL, 0.01
9537, 5, 26, Status.WALL, 0.01
9538, 11, 63, Status.SNAKE, 0.01
9539, 9, 71, Status.SNAKE, 0.01
9540, 9, 55, Status.SNAKE, 0.01
9541, 5, 38, Status.SNAKE, 0.01
9542, 7, 41, Status.SNAKE, 0.01
9543, 16, 126, Status.WALL, 0.01
9544, 5, 32, Status.WALL, 0.01
9545, 8, 50, Status.WALL, 0.01
9546, 8, 63, Status.SNAKE, 0.01
9547, 2, 11, Status.SNAKE, 0.01
9548, 16, 112, Status.SNAKE, 0.01
9549, 5, 34, Status.SNAKE, 0.01
9550, 14, 98, Status.SNAKE, 0.01
9551, 8, 68, Status.SNAKE, 0.01
9552, 12, 106, Status.SNAKE, 0.01
9553, 5, 21, Status.WALL, 0.01
9554, 2, 12, Status.SNAKE, 0.01
9555, 8, 66, Status.WALL, 0.01
9556, 4, 12, Status.WALL, 0.01
9557, 3, 26, Status.WALL, 0.01
9558, 16, 146, Status.SNAKE, 0.01
9559, 6, 44, Status.SNAKE, 0.01
9560, 4, 17, Status.SNAKE, 0.01
9561, 11, 53, Status.SNAKE, 0.01
9562, 4, 17, Status.WALL, 0.01
9563, 17, 126, Status.SNAKE, 0.01
9564, 11, 80, Status.SNAKE, 0.01
9565, 11, 71, Status.SNAKE, 0.01
9566, 14, 119, Status.WALL, 0.01
9567, 3, 21, Status.WALL, 0.01
9568, 6, 43, Status.SNAKE, 0.01
9569, 14, 101, Status.SNAKE, 0.01
9570, 13, 131, Status.WALL, 0.01
9571, 13, 89, Status.SNAKE, 0.01
9572, 3, 18, Status.WALL, 0.01
9573, 11, 59, Status.SNAKE, 0.01
9574, 16, 117, Status.SNAKE, 0.01
9575, 6, 40, Status.SNAKE, 0.01
9576, 14, 103, Status.SNAKE, 0.01
9577, 11, 56, Status.WALL, 0.01
9578, 10, 61, Status.SNAKE, 0.01
9579, 10, 86, Status.SNAKE, 0.01
9580, 10, 62, Status.SNAKE, 0.01
9581, 3, 19, Status.WALL, 0.01
9582, 14, 126, Status.SNAKE, 0.01
9583, 10, 92, Status.WALL, 0.01
9584, 6, 46, Status.SNAKE, 0.01
9585, 11, 76, Status.SNAKE, 0.01
9586, 6, 40, Status.WALL, 0.01
9587, 8, 62, Status.SNAKE, 0.01
9588, 18, 112, Status.SNAKE, 0.01
9589, 10, 55, Status.WALL, 0.01
9590, 1, 3, Status.SNAKE, 0.01
9591, 2, 12, Status.SNAKE, 0.01
9592, 6, 36, Status.SNAKE, 0.01
9593, 7, 38, Status.SNAKE, 0.01
9594, 8, 40, Status.SNAKE, 0.01
9595, 5, 55, Status.SNAKE, 0.01
9596, 8, 51, Status.SNAKE, 0.01
9597, 11, 71, Status.SNAKE, 0.01
9598, 5, 40, Status.SNAKE, 0.01
9599, 16, 110, Status.SNAKE, 0.01
9600, 13, 105, Status.SNAKE, 0.01
9601, 12, 71, Status.SNAKE, 0.01
9602, 14, 113, Status.SNAKE, 0.01
9603, 5, 30, Status.SNAKE, 0.01
9604, 11, 78, Status.WALL, 0.01
9605, 12, 84, Status.SNAKE, 0.01
9606, 10, 69, Status.SNAKE, 0.01
9607, 11, 66, Status.SNAKE, 0.01
9608, 6, 40, Status.SNAKE, 0.01
9609, 9, 68, Status.SNAKE, 0.01
9610, 5, 36, Status.SNAKE, 0.01
9611, 11, 82, Status.SNAKE, 0.01
9612, 5, 34, Status.SNAKE, 0.01
9613, 8, 58, Status.WALL, 0.01
9614, 5, 44, Status.SNAKE, 0.01
9615, 9, 59, Status.SNAKE, 0.01
9616, 7, 47, Status.SNAKE, 0.01
9617, 6, 53, Status.SNAKE, 0.01
9618, 14, 93, Status.SNAKE, 0.01
9619, 1, 3, Status.SNAKE, 0.01
9620, 9, 71, Status.SNAKE, 0.01
9621, 5, 46, Status.WALL, 0.01
9622, 8, 74, Status.WALL, 0.01
9623, 2, 13, Status.SNAKE, 0.01
9624, 9, 57, Status.SNAKE, 0.01
9625, 2, 9, Status.WALL, 0.01
9626, 4, 34, Status.SNAKE, 0.01
9627, 4, 29, Status.SNAKE, 0.01
9628, 18, 126, Status.SNAKE, 0.01
9629, 9, 71, Status.SNAKE, 0.01
9630, 2, 12, Status.WALL, 0.01
9631, 4, 39, Status.SNAKE, 0.01
9632, 5, 22, Status.WALL, 0.01
9633, 1, 5, Status.SNAKE, 0.01
9634, 8, 52, Status.SNAKE, 0.01
9635, 3, 13, Status.SNAKE, 0.01
9636, 13, 68, Status.SNAKE, 0.01
9637, 9, 49, Status.WALL, 0.01
9638, 4, 28, Status.SNAKE, 0.01
9639, 7, 51, Status.SNAKE, 0.01
9640, 9, 65, Status.WALL, 0.01
9641, 18, 121, Status.SNAKE, 0.01
9642, 3, 28, Status.WALL, 0.01
9643, 8, 49, Status.SNAKE, 0.01
9644, 4, 36, Status.SNAKE, 0.01
9645, 14, 79, Status.WALL, 0.01
9646, 11, 70, Status.WALL, 0.01
9647, 12, 81, Status.WALL, 0.01
9648, 17, 106, Status.SNAKE, 0.01
9649, 4, 31, Status.SNAKE, 0.01
9650, 10, 75, Status.WALL, 0.01
9651, 10, 57, Status.SNAKE, 0.01
9652, 7, 49, Status.SNAKE, 0.01
9653, 16, 103, Status.SNAKE, 0.01
9654, 7, 37, Status.SNAKE, 0.01
9655, 13, 96, Status.WALL, 0.01
9656, 14, 117, Status.SNAKE, 0.01
9657, 4, 20, Status.SNAKE, 0.01
9658, 11, 72, Status.WALL, 0.01
9659, 3, 13, Status.SNAKE, 0.01
9660, 12, 84, Status.SNAKE, 0.01
9661, 6, 42, Status.SNAKE, 0.01
9662, 13, 105, Status.SNAKE, 0.01
9663, 8, 58, Status.WALL, 0.01
9664, 6, 31, Status.SNAKE, 0.01
9665, 14, 83, Status.WALL, 0.01
9666, 6, 30, Status.WALL, 0.01
9667, 17, 86, Status.SNAKE, 0.01
9668, 10, 59, Status.SNAKE, 0.01
9669, 2, 17, Status.WALL, 0.01
9670, 15, 110, Status.SNAKE, 0.01
9671, 11, 63, Status.SNAKE, 0.01
9672, 9, 73, Status.SNAKE, 0.01
9673, 7, 40, Status.SNAKE, 0.01
9674, 6, 43, Status.WALL, 0.01
9675, 6, 41, Status.SNAKE, 0.01
9676, 5, 42, Status.WALL, 0.01
9677, 7, 39, Status.SNAKE, 0.01
9678, 9, 37, Status.WALL, 0.01
9679, 6, 40, Status.WALL, 0.01
9680, 11, 52, Status.SNAKE, 0.01
9681, 5, 23, Status.WALL, 0.01
9682, 9, 66, Status.SNAKE, 0.01
9683, 5, 31, Status.SNAKE, 0.01
9684, 18, 124, Status.SNAKE, 0.01
9685, 4, 24, Status.SNAKE, 0.01
9686, 12, 80, Status.SNAKE, 0.01
9687, 8, 45, Status.WALL, 0.01
9688, 5, 24, Status.SNAKE, 0.01
9689, 10, 68, Status.WALL, 0.01
9690, 5, 42, Status.WALL, 0.01
9691, 5, 32, Status.SNAKE, 0.01
9692, 5, 17, Status.WALL, 0.01
9693, 6, 47, Status.SNAKE, 0.01
9694, 14, 107, Status.SNAKE, 0.01
9695, 3, 32, Status.SNAKE, 0.01
9696, 14, 87, Status.SNAKE, 0.01
9697, 11, 61, Status.SNAKE, 0.01
9698, 4, 27, Status.SNAKE, 0.01
9699, 10, 84, Status.SNAKE, 0.01
9700, 3, 13, Status.SNAKE, 0.01
9701, 20, 162, Status.SNAKE, 0.01
9702, 4, 32, Status.SNAKE, 0.01
9703, 5, 40, Status.SNAKE, 0.01
9704, 10, 56, Status.WALL, 0.01
9705, 17, 115, Status.SNAKE, 0.01
9706, 8, 60, Status.SNAKE, 0.01
9707, 3, 39, Status.SNAKE, 0.01
9708, 21, 149, Status.SNAKE, 0.01
9709, 11, 77, Status.SNAKE, 0.01
9710, 4, 19, Status.SNAKE, 0.01
9711, 8, 50, Status.SNAKE, 0.01
9712, 8, 52, Status.WALL, 0.01
9713, 16, 125, Status.SNAKE, 0.01
9714, 10, 68, Status.SNAKE, 0.01
9715, 4, 15, Status.SNAKE, 0.01
9716, 12, 97, Status.SNAKE, 0.01
9717, 13, 65, Status.SNAKE, 0.01
9718, 17, 114, Status.WALL, 0.01
9719, 11, 68, Status.SNAKE, 0.01
9720, 6, 47, Status.SNAKE, 0.01
9721, 7, 39, Status.SNAKE, 0.01
9722, 7, 60, Status.SNAKE, 0.01
9723, 7, 61, Status.SNAKE, 0.01
9724, 6, 50, Status.WALL, 0.01
9725, 8, 66, Status.WALL, 0.01
9726, 7, 45, Status.SNAKE, 0.01
9727, 1, 3, Status.SNAKE, 0.01
9728, 6, 30, Status.SNAKE, 0.01
9729, 9, 47, Status.SNAKE, 0.01
9730, 12, 67, Status.SNAKE, 0.01
9731, 3, 23, Status.SNAKE, 0.01
9732, 6, 49, Status.SNAKE, 0.01
9733, 9, 49, Status.SNAKE, 0.01
9734, 20, 149, Status.SNAKE, 0.01
9735, 13, 97, Status.WALL, 0.01
9736, 1, 10, Status.WALL, 0.01
9737, 8, 66, Status.WALL, 0.01
9738, 10, 77, Status.SNAKE, 0.01
9739, 17, 101, Status.SNAKE, 0.01
9740, 17, 102, Status.SNAKE, 0.01
9741, 8, 49, Status.SNAKE, 0.01
9742, 11, 87, Status.SNAKE, 0.01
9743, 10, 70, Status.SNAKE, 0.01
9744, 15, 117, Status.WALL, 0.01
9745, 10, 47, Status.SNAKE, 0.01
9746, 10, 48, Status.SNAKE, 0.01
9747, 18, 106, Status.WALL, 0.01
9748, 2, 14, Status.WALL, 0.01
9749, 5, 30, Status.SNAKE, 0.01
9750, 12, 85, Status.SNAKE, 0.01
9751, 8, 43, Status.SNAKE, 0.01
9752, 8, 51, Status.SNAKE, 0.01
9753, 2, 14, Status.SNAKE, 0.01
9754, 11, 70, Status.WALL, 0.01
9755, 12, 79, Status.SNAKE, 0.01
9756, 9, 64, Status.SNAKE, 0.01
9757, 3, 21, Status.SNAKE, 0.01
9758, 14, 85, Status.SNAKE, 0.01
9759, 11, 112, Status.WALL, 0.01
9760, 5, 32, Status.SNAKE, 0.01
9761, 5, 31, Status.SNAKE, 0.01
9762, 2, 11, Status.SNAKE, 0.01
9763, 7, 66, Status.WALL, 0.01
9764, 5, 52, Status.SNAKE, 0.01
9765, 8, 47, Status.SNAKE, 0.01
9766, 15, 132, Status.SNAKE, 0.01
9767, 7, 56, Status.WALL, 0.01
9768, 17, 133, Status.SNAKE, 0.01
9769, 13, 102, Status.SNAKE, 0.01
9770, 9, 68, Status.SNAKE, 0.01
9771, 11, 70, Status.SNAKE, 0.01
9772, 6, 38, Status.SNAKE, 0.01
9773, 17, 144, Status.WALL, 0.01
9774, 3, 23, Status.WALL, 0.01
9775, 11, 79, Status.SNAKE, 0.01
9776, 3, 11, Status.WALL, 0.01
9777, 18, 115, Status.WALL, 0.01
9778, 6, 42, Status.SNAKE, 0.01
9779, 16, 98, Status.SNAKE, 0.01
9780, 18, 107, Status.SNAKE, 0.01
9781, 10, 62, Status.SNAKE, 0.01
9782, 7, 46, Status.SNAKE, 0.01
9783, 11, 68, Status.SNAKE, 0.01
9784, 12, 71, Status.SNAKE, 0.01
9785, 5, 31, Status.SNAKE, 0.01
9786, 7, 47, Status.SNAKE, 0.01
9787, 15, 117, Status.SNAKE, 0.01
9788, 7, 32, Status.WALL, 0.01
9789, 10, 49, Status.SNAKE, 0.01
9790, 12, 118, Status.SNAKE, 0.01
9791, 15, 76, Status.SNAKE, 0.01
9792, 3, 14, Status.SNAKE, 0.01
9793, 10, 61, Status.SNAKE, 0.01
9794, 5, 41, Status.SNAKE, 0.01
9795, 14, 104, Status.SNAKE, 0.01
9796, 9, 63, Status.SNAKE, 0.01
9797, 5, 44, Status.SNAKE, 0.01
9798, 13, 96, Status.SNAKE, 0.01
9799, 5, 28, Status.WALL, 0.01
9800, 12, 86, Status.WALL, 0.01
9801, 4, 24, Status.SNAKE, 0.01
9802, 10, 53, Status.SNAKE, 0.01
9803, 2, 12, Status.WALL, 0.01
9804, 2, 21, Status.WALL, 0.01
9805, 14, 104, Status.WALL, 0.01
9806, 9, 60, Status.SNAKE, 0.01
9807, 17, 144, Status.SNAKE, 0.01
9808, 4, 45, Status.SNAKE, 0.01
9809, 2, 22, Status.SNAKE, 0.01
9810, 13, 96, Status.SNAKE, 0.01
9811, 12, 72, Status.WALL, 0.01
9812, 9, 52, Status.SNAKE, 0.01
9813, 16, 117, Status.SNAKE, 0.01
9814, 10, 70, Status.WALL, 0.01
9815, 4, 36, Status.SNAKE, 0.01
9816, 1, 10, Status.SNAKE, 0.01
9817, 14, 121, Status.SNAKE, 0.01
9818, 6, 60, Status.SNAKE, 0.01
9819, 10, 66, Status.SNAKE, 0.01
9820, 8, 74, Status.SNAKE, 0.01
9821, 2, 15, Status.WALL, 0.01
9822, 3, 22, Status.SNAKE, 0.01
9823, 6, 31, Status.SNAKE, 0.01
9824, 10, 59, Status.SNAKE, 0.01
9825, 6, 43, Status.SNAKE, 0.01
9826, 3, 19, Status.WALL, 0.01
9827, 14, 121, Status.WALL, 0.01
9828, 7, 58, Status.SNAKE, 0.01
9829, 7, 44, Status.WALL, 0.01
9830, 6, 44, Status.WALL, 0.01
9831, 9, 65, Status.SNAKE, 0.01
9832, 3, 15, Status.SNAKE, 0.01
9833, 6, 42, Status.SNAKE, 0.01
9834, 3, 16, Status.WALL, 0.01
9835, 5, 37, Status.SNAKE, 0.01
9836, 3, 22, Status.SNAKE, 0.01
9837, 9, 71, Status.SNAKE, 0.01
9838, 17, 134, Status.SNAKE, 0.01
9839, 5, 34, Status.WALL, 0.01
9840, 12, 107, Status.SNAKE, 0.01
9841, 6, 39, Status.SNAKE, 0.01
9842, 2, 20, Status.SNAKE, 0.01
9843, 5, 23, Status.SNAKE, 0.01
9844, 14, 93, Status.SNAKE, 0.01
9845, 2, 12, Status.SNAKE, 0.01
9846, 11, 68, Status.SNAKE, 0.01
9847, 8, 43, Status.SNAKE, 0.01
9848, 4, 22, Status.WALL, 0.01
9849, 6, 49, Status.SNAKE, 0.01
9850, 15, 82, Status.WALL, 0.01
9851, 9, 75, Status.SNAKE, 0.01
9852, 8, 67, Status.WALL, 0.01
9853, 1, 5, Status.SNAKE, 0.01
9854, 9, 73, Status.SNAKE, 0.01
9855, 11, 71, Status.WALL, 0.01
9856, 7, 42, Status.SNAKE, 0.01
9857, 4, 34, Status.SNAKE, 0.01
9858, 9, 68, Status.SNAKE, 0.01
9859, 14, 84, Status.SNAKE, 0.01
9860, 8, 52, Status.WALL, 0.01
9861, 10, 78, Status.WALL, 0.01
9862, 4, 21, Status.WALL, 0.01
9863, 8, 60, Status.WALL, 0.01
9864, 17, 106, Status.SNAKE, 0.01
9865, 6, 31, Status.SNAKE, 0.01
9866, 3, 20, Status.SNAKE, 0.01
9867, 3, 25, Status.SNAKE, 0.01
9868, 9, 58, Status.SNAKE, 0.01
9869, 13, 78, Status.WALL, 0.01
9870, 13, 68, Status.SNAKE, 0.01
9871, 4, 31, Status.SNAKE, 0.01
9872, 9, 83, Status.SNAKE, 0.01
9873, 5, 31, Status.SNAKE, 0.01
9874, 11, 76, Status.SNAKE, 0.01
9875, 4, 33, Status.WALL, 0.01
9876, 8, 45, Status.WALL, 0.01
9877, 14, 109, Status.WALL, 0.01
9878, 11, 78, Status.SNAKE, 0.01
9879, 2, 19, Status.WALL, 0.01
9880, 11, 78, Status.SNAKE, 0.01
9881, 1, 6, Status.SNAKE, 0.01
9882, 11, 60, Status.SNAKE, 0.01
9883, 10, 69, Status.SNAKE, 0.01
9884, 4, 22, Status.SNAKE, 0.01
9885, 18, 137, Status.SNAKE, 0.01
9886, 6, 52, Status.SNAKE, 0.01
9887, 17, 124, Status.SNAKE, 0.01
9888, 2, 21, Status.SNAKE, 0.01
9889, 11, 81, Status.SNAKE, 0.01
9890, 11, 96, Status.SNAKE, 0.01
9891, 11, 87, Status.SNAKE, 0.01
9892, 18, 141, Status.SNAKE, 0.01
9893, 10, 55, Status.SNAKE, 0.01
9894, 13, 96, Status.SNAKE, 0.01
9895, 8, 47, Status.WALL, 0.01
9896, 12, 68, Status.SNAKE, 0.01
9897, 15, 102, Status.SNAKE, 0.01
9898, 4, 21, Status.SNAKE, 0.01
9899, 6, 43, Status.WALL, 0.01
9900, 8, 61, Status.SNAKE, 0.01
9901, 14, 100, Status.SNAKE, 0.01
9902, 1, 17, Status.SNAKE, 0.01
9903, 7, 46, Status.SNAKE, 0.01
9904, 11, 70, Status.SNAKE, 0.01
9905, 9, 60, Status.SNAKE, 0.01
9906, 17, 77, Status.SNAKE, 0.01
9907, 4, 18, Status.WALL, 0.01
9908, 12, 90, Status.SNAKE, 0.01
9909, 7, 36, Status.WALL, 0.01
9910, 10, 87, Status.WALL, 0.01
9911, 4, 28, Status.SNAKE, 0.01
9912, 5, 32, Status.SNAKE, 0.01
9913, 17, 104, Status.WALL, 0.01
9914, 8, 63, Status.WALL, 0.01
9915, 1, 6, Status.SNAKE, 0.01
9916, 10, 60, Status.SNAKE, 0.01
9917, 8, 55, Status.WALL, 0.01
9918, 13, 106, Status.SNAKE, 0.01
9919, 14, 117, Status.SNAKE, 0.01
9920, 12, 63, Status.SNAKE, 0.01
9921, 7, 37, Status.WALL, 0.01
9922, 19, 121, Status.SNAKE, 0.01
9923, 8, 43, Status.WALL, 0.01
9924, 2, 13, Status.SNAKE, 0.01
9925, 3, 20, Status.SNAKE, 0.01
9926, 7, 53, Status.SNAKE, 0.01
9927, 10, 84, Status.SNAKE, 0.01
9928, 8, 53, Status.SNAKE, 0.01
9929, 4, 51, Status.SNAKE, 0.01
9930, 9, 64, Status.SNAKE, 0.01
9931, 7, 81, Status.SNAKE, 0.01
9932, 7, 44, Status.WALL, 0.01
9933, 16, 108, Status.WALL, 0.01
9934, 1, 6, Status.SNAKE, 0.01
9935, 8, 79, Status.SNAKE, 0.01
9936, 15, 97, Status.SNAKE, 0.01
9937, 2, 16, Status.SNAKE, 0.01
9938, 15, 101, Status.WALL, 0.01
9939, 11, 76, Status.WALL, 0.01
9940, 1, 5, Status.SNAKE, 0.01
9941, 13, 103, Status.SNAKE, 0.01
9942, 8, 45, Status.SNAKE, 0.01
9943, 11, 95, Status.WALL, 0.01
9944, 3, 17, Status.WALL, 0.01
9945, 7, 57, Status.SNAKE, 0.01
9946, 8, 57, Status.SNAKE, 0.01
9947, 18, 150, Status.WALL, 0.01
9948, 16, 126, Status.SNAKE, 0.01
9949, 5, 38, Status.SNAKE, 0.01
9950, 2, 22, Status.WALL, 0.01
9951, 9, 57, Status.SNAKE, 0.01
9952, 1, 5, Status.SNAKE, 0.01
9953, 8, 57, Status.SNAKE, 0.01
9954, 5, 46, Status.WALL, 0.01
9955, 4, 44, Status.SNAKE, 0.01
9956, 6, 41, Status.SNAKE, 0.01
9957, 1, 5, Status.SNAKE, 0.01
9958, 6, 50, Status.WALL, 0.01
9959, 11, 59, Status.SNAKE, 0.01
9960, 11, 69, Status.SNAKE, 0.01
9961, 10, 71, Status.SNAKE, 0.01
9962, 2, 14, Status.SNAKE, 0.01
9963, 21, 147, Status.SNAKE, 0.01
9964, 17, 123, Status.WALL, 0.01
9965, 2, 8, Status.SNAKE, 0.01
9966, 13, 80, Status.SNAKE, 0.01
9967, 14, 123, Status.SNAKE, 0.01
9968, 15, 93, Status.SNAKE, 0.01
9969, 10, 70, Status.WALL, 0.01
9970, 6, 41, Status.SNAKE, 0.01
9971, 6, 31, Status.WALL, 0.01
9972, 6, 41, Status.SNAKE, 0.01
9973, 11, 67, Status.WALL, 0.01
9974, 6, 43, Status.SNAKE, 0.01
9975, 11, 48, Status.SNAKE, 0.01
9976, 10, 76, Status.SNAKE, 0.01
9977, 6, 47, Status.SNAKE, 0.01
9978, 17, 133, Status.WALL, 0.01
9979, 4, 25, Status.SNAKE, 0.01
9980, 8, 53, Status.SNAKE, 0.01
9981, 5, 49, Status.WALL, 0.01
9982, 3, 19, Status.WALL, 0.01
9983, 5, 27, Status.SNAKE, 0.01
9984, 7, 55, Status.SNAKE, 0.01
9985, 5, 40, Status.SNAKE, 0.01
9986, 9, 49, Status.SNAKE, 0.01
9987, 20, 113, Status.SNAKE, 0.01
9988, 6, 27, Status.SNAKE, 0.01
9989, 20, 157, Status.SNAKE, 0.01
9990, 12, 87, Status.SNAKE, 0.01
9991, 6, 32, Status.SNAKE, 0.01
9992, 10, 70, Status.SNAKE, 0.01
9993, 16, 95, Status.SNAKE, 0.01
9994, 3, 20, Status.SNAKE, 0.01
9995, 6, 27, Status.SNAKE, 0.01
9996, 2, 12, Status.SNAKE, 0.01
9997, 11, 60, Status.SNAKE, 0.01
9998, 9, 71, Status.SNAKE, 0.01
9999, 20, 138, Status.SNAKE, 0.01
10000, 6, 32, Status.SNAKE, 0.01
