Episode,Score,Total Steps,Death,Epsilon
1, 0, 15, Status.WALL, 1.0
2, 0, 8, Status.WALL, 0.995
3, 0, 11, Status.WALL, 0.990025
4, 0, 14, Status.WALL, 0.985074875
5, 0, 11, Status.WALL, 0.9801495006250001
6, 1, 7, Status.WALL, 0.9752487531218751
7, 1, 18, Status.SNAKE, 0.9703725093562657
8, 0, 8, Status.WALL, 0.9655206468094844
9, 0, 19, Status.WALL, 0.960693043575437
10, 0, 9, Status.WALL, 0.9558895783575597
11, 0, 6, Status.WALL, 0.9511101304657719
12, 0, 7, Status.WALL, 0.946354579813443
13, 0, 5, Status.WALL, 0.9416228069143757
14, 0, 9, Status.WALL, 0.9369146928798039
15, 0, 16, Status.WALL, 0.9322301194154049
16, 0, 14, Status.WALL, 0.9275689688183278
17, 0, 6, Status.WALL, 0.9229311239742362
18, 0, 8, Status.WALL, 0.918316468354365
19, 0, 6, Status.WALL, 0.9137248860125932
20, 0, 23, Status.WALL, 0.9091562615825302
21, 0, 6, Status.WALL, 0.9046104802746175
22, 1, 14, Status.SNAKE, 0.9000874278732445
23, 0, 8, Status.WALL, 0.8955869907338783
24, 0, 17, Status.WALL, 0.8911090557802088
25, 0, 5, Status.WALL, 0.8866535105013078
26, 0, 21, Status.WALL, 0.8822202429488013
27, 0, 9, Status.WALL, 0.8778091417340573
28, 0, 14, Status.WALL, 0.8734200960253871
29, 0, 9, Status.WALL, 0.8690529955452602
30, 0, 11, Status.WALL, 0.8647077305675338
31, 1, 16, Status.WALL, 0.8603841919146962
32, 1, 12, Status.WALL, 0.8560822709551227
33, 0, 12, Status.WALL, 0.851801859600347
34, 0, 23, Status.WALL, 0.8475428503023453
35, 0, 4, Status.WALL, 0.8433051360508336
36, 0, 16, Status.WALL, 0.8390886103705794
37, 1, 4, Status.SNAKE, 0.8348931673187264
38, 0, 9, Status.WALL, 0.8307187014821328
39, 0, 14, Status.WALL, 0.8265651079747222
40, 0, 20, Status.WALL, 0.8224322824348486
41, 0, 7, Status.WALL, 0.8183201210226743
42, 0, 10, Status.WALL, 0.8142285204175609
43, 1, 3, Status.SNAKE, 0.810157377815473
44, 0, 17, Status.WALL, 0.8061065909263957
45, 0, 6, Status.WALL, 0.8020760579717637
46, 1, 17, Status.WALL, 0.798065677681905
47, 1, 7, Status.SNAKE, 0.7940753492934954
48, 0, 9, Status.WALL, 0.7901049725470279
49, 0, 9, Status.WALL, 0.7861544476842928
50, 0, 17, Status.WALL, 0.7822236754458713
51, 1, 17, Status.WALL, 0.778312557068642
52, 0, 7, Status.WALL, 0.7744209942832988
53, 0, 14, Status.WALL, 0.7705488893118823
54, 1, 7, Status.SNAKE, 0.7666961448653229
55, 0, 9, Status.WALL, 0.7628626641409962
56, 0, 11, Status.WALL, 0.7590483508202912
57, 1, 14, Status.WALL, 0.7552531090661897
58, 0, 14, Status.WALL, 0.7514768435208588
59, 1, 11, Status.WALL, 0.7477194593032545
60, 0, 13, Status.WALL, 0.7439808620067382
61, 0, 24, Status.WALL, 0.7402609576967045
62, 0, 17, Status.WALL, 0.736559652908221
63, 0, 7, Status.WALL, 0.7328768546436799
64, 1, 7, Status.WALL, 0.7292124703704616
65, 1, 28, Status.WALL, 0.7255664080186093
66, 1, 35, Status.WALL, 0.7219385759785162
67, 1, 12, Status.SNAKE, 0.7183288830986236
68, 2, 30, Status.WALL, 0.7147372386831305
69, 1, 14, Status.WALL, 0.7111635524897149
70, 0, 14, Status.WALL, 0.7076077347272662
71, 1, 20, Status.SNAKE, 0.7040696960536299
72, 0, 8, Status.WALL, 0.7005493475733617
73, 1, 30, Status.SNAKE, 0.697046600835495
74, 0, 22, Status.WALL, 0.6935613678313175
75, 0, 7, Status.WALL, 0.6900935609921609
76, 0, 9, Status.WALL, 0.6866430931872001
77, 0, 9, Status.WALL, 0.6832098777212641
78, 1, 26, Status.SNAKE, 0.6797938283326578
79, 1, 5, Status.SNAKE, 0.6763948591909945
80, 0, 18, Status.WALL, 0.6730128848950395
81, 3, 32, Status.WALL, 0.6696478204705644
82, 1, 7, Status.WALL, 0.6662995813682115
83, 1, 7, Status.WALL, 0.6629680834613705
84, 0, 9, Status.WALL, 0.6596532430440636
85, 1, 14, Status.WALL, 0.6563549768288433
86, 0, 7, Status.WALL, 0.653073201944699
87, 1, 16, Status.SNAKE, 0.6498078359349755
88, 0, 20, Status.WALL, 0.6465587967553006
89, 1, 15, Status.SNAKE, 0.6433260027715241
90, 2, 24, Status.SNAKE, 0.6401093727576664
91, 1, 25, Status.WALL, 0.6369088258938781
92, 0, 8, Status.WALL, 0.6337242817644086
93, 2, 29, Status.SNAKE, 0.6305556603555866
94, 0, 27, Status.WALL, 0.6274028820538087
95, 1, 13, Status.WALL, 0.6242658676435396
96, 0, 21, Status.WALL, 0.6211445383053219
97, 2, 13, Status.WALL, 0.6180388156137953
98, 0, 25, Status.WALL, 0.6149486215357263
99, 1, 18, Status.SNAKE, 0.6118738784280476
100, 1, 17, Status.SNAKE, 0.6088145090359074
101, 3, 74, Status.WALL, 0.6057704364907278
102, 1, 5, Status.WALL, 0.6027415843082742
103, 1, 18, Status.WALL, 0.5997278763867329
104, 0, 8, Status.WALL, 0.5967292370047992
105, 2, 9, Status.WALL, 0.5937455908197752
106, 1, 6, Status.WALL, 0.5907768628656763
107, 0, 11, Status.WALL, 0.5878229785513479
108, 1, 37, Status.WALL, 0.5848838636585911
109, 1, 12, Status.WALL, 0.5819594443402982
110, 0, 14, Status.WALL, 0.5790496471185967
111, 0, 5, Status.WALL, 0.5761543988830038
112, 2, 4, Status.WALL, 0.5732736268885887
113, 0, 8, Status.WALL, 0.5704072587541458
114, 0, 9, Status.WALL, 0.567555222460375
115, 0, 7, Status.WALL, 0.5647174463480732
116, 1, 28, Status.SNAKE, 0.5618938591163328
117, 1, 8, Status.WALL, 0.5590843898207511
118, 2, 8, Status.SNAKE, 0.5562889678716474
119, 0, 24, Status.WALL, 0.5535075230322891
120, 1, 12, Status.WALL, 0.5507399854171277
121, 0, 5, Status.WALL, 0.547986285490042
122, 0, 5, Status.WALL, 0.5452463540625918
123, 1, 10, Status.WALL, 0.5425201222922789
124, 0, 12, Status.WALL, 0.5398075216808175
125, 1, 19, Status.SNAKE, 0.5371084840724134
126, 1, 15, Status.WALL, 0.5344229416520513
127, 3, 26, Status.WALL, 0.531750826943791
128, 0, 6, Status.WALL, 0.5290920728090721
129, 0, 8, Status.WALL, 0.5264466124450268
130, 0, 13, Status.WALL, 0.5238143793828016
131, 1, 16, Status.WALL, 0.5211953074858876
132, 0, 20, Status.WALL, 0.5185893309484582
133, 0, 11, Status.WALL, 0.5159963842937159
134, 1, 19, Status.SNAKE, 0.5134164023722473
135, 3, 14, Status.SNAKE, 0.510849320360386
136, 2, 29, Status.SNAKE, 0.5082950737585841
137, 2, 34, Status.WALL, 0.5057535983897912
138, 2, 33, Status.WALL, 0.5032248303978422
139, 4, 16, Status.WALL, 0.500708706245853
140, 1, 7, Status.WALL, 0.4982051627146237
141, 0, 5, Status.WALL, 0.49571413690105054
142, 5, 62, Status.WALL, 0.4932355662165453
143, 3, 42, Status.WALL, 0.4907693883854626
144, 1, 12, Status.WALL, 0.4883155414435353
145, 1, 17, Status.WALL, 0.4858739637363176
146, 1, 7, Status.SNAKE, 0.483444593917636
147, 0, 8, Status.WALL, 0.4810273709480478
148, 1, 8, Status.WALL, 0.47862223409330756
149, 1, 22, Status.SNAKE, 0.47622912292284103
150, 0, 12, Status.WALL, 0.4738479773082268
151, 0, 19, Status.WALL, 0.47147873742168567
152, 0, 5, Status.WALL, 0.46912134373457726
153, 0, 9, Status.WALL, 0.46677573701590436
154, 0, 9, Status.WALL, 0.46444185833082485
155, 2, 16, Status.SNAKE, 0.46211964903917074
156, 1, 23, Status.WALL, 0.4598090507939749
157, 1, 10, Status.WALL, 0.457510005540005
158, 1, 19, Status.WALL, 0.45522245551230495
159, 0, 8, Status.WALL, 0.4529463432347434
160, 1, 12, Status.SNAKE, 0.4506816115185697
161, 0, 15, Status.WALL, 0.4484282034609769
162, 1, 17, Status.SNAKE, 0.446186062443672
163, 1, 9, Status.WALL, 0.4439551321314536
164, 0, 27, Status.WALL, 0.4417353564707963
165, 2, 20, Status.WALL, 0.43952667968844233
166, 1, 15, Status.WALL, 0.43732904629000013
167, 2, 14, Status.WALL, 0.4351424010585501
168, 0, 7, Status.WALL, 0.43296668905325736
169, 1, 21, Status.WALL, 0.43080185560799106
170, 2, 33, Status.SNAKE, 0.4286478463299511
171, 1, 15, Status.WALL, 0.42650460709830135
172, 3, 23, Status.SNAKE, 0.42437208406280985
173, 1, 14, Status.WALL, 0.4222502236424958
174, 2, 14, Status.SNAKE, 0.42013897252428334
175, 0, 13, Status.WALL, 0.4180382776616619
176, 1, 15, Status.SNAKE, 0.4159480862733536
177, 1, 27, Status.SNAKE, 0.41386834584198684
178, 1, 10, Status.SNAKE, 0.4117990041127769
179, 2, 27, Status.WALL, 0.40974000909221303
180, 0, 6, Status.WALL, 0.40769130904675194
181, 6, 58, Status.SNAKE, 0.40565285250151817
182, 0, 20, Status.WALL, 0.4036245882390106
183, 4, 25, Status.WALL, 0.4016064652978155
184, 0, 4, Status.WALL, 0.3995984329713264
185, 0, 4, Status.WALL, 0.3976004408064698
186, 0, 10, Status.WALL, 0.39561243860243744
187, 0, 32, Status.WALL, 0.3936343764094253
188, 1, 12, Status.WALL, 0.39166620452737816
189, 1, 13, Status.SNAKE, 0.3897078735047413
190, 5, 41, Status.WALL, 0.3877593341372176
191, 1, 8, Status.WALL, 0.3858205374665315
192, 2, 21, Status.WALL, 0.38389143477919885
193, 1, 10, Status.WALL, 0.3819719776053028
194, 2, 11, Status.SNAKE, 0.3800621177172763
195, 1, 25, Status.WALL, 0.37816180712868996
196, 2, 23, Status.WALL, 0.37627099809304654
197, 2, 40, Status.WALL, 0.3743896431025813
198, 2, 5, Status.SNAKE, 0.37251769488706843
199, 0, 7, Status.WALL, 0.3706551064126331
200, 1, 15, Status.WALL, 0.36880183088056995
201, 4, 50, Status.SNAKE, 0.3669578217261671
202, 3, 29, Status.SNAKE, 0.36512303261753626
203, 1, 18, Status.WALL, 0.3632974174544486
204, 1, 27, Status.WALL, 0.3614809303671764
205, 1, 31, Status.WALL, 0.3596735257153405
206, 1, 11, Status.SNAKE, 0.3578751580867638
207, 3, 22, Status.SNAKE, 0.35608578229633
208, 0, 7, Status.WALL, 0.3543053533848483
209, 3, 21, Status.SNAKE, 0.35253382661792404
210, 0, 13, Status.WALL, 0.3507711574848344
211, 0, 8, Status.WALL, 0.34901730169741024
212, 1, 23, Status.SNAKE, 0.3472722151889232
213, 0, 19, Status.WALL, 0.3455358541129786
214, 1, 7, Status.WALL, 0.3438081748424137
215, 1, 9, Status.WALL, 0.3420891339682016
216, 3, 51, Status.SNAKE, 0.3403786882983606
217, 1, 10, Status.WALL, 0.3386767948568688
218, 2, 14, Status.SNAKE, 0.33698341088258443
219, 1, 6, Status.SNAKE, 0.3352984938281715
220, 1, 10, Status.SNAKE, 0.33362200135903064
221, 1, 11, Status.SNAKE, 0.33195389135223546
222, 2, 23, Status.SNAKE, 0.3302941218954743
223, 1, 8, Status.SNAKE, 0.32864265128599696
224, 2, 17, Status.WALL, 0.326999438029567
225, 3, 26, Status.WALL, 0.3253644408394192
226, 5, 35, Status.SNAKE, 0.3237376186352221
227, 2, 17, Status.WALL, 0.322118930542046
228, 1, 10, Status.WALL, 0.32050833588933575
229, 1, 19, Status.WALL, 0.31890579420988907
230, 2, 28, Status.SNAKE, 0.3173112652388396
231, 2, 13, Status.SNAKE, 0.3157247089126454
232, 1, 16, Status.WALL, 0.3141460853680822
233, 0, 7, Status.WALL, 0.3125753549412418
234, 1, 6, Status.WALL, 0.31101247816653554
235, 1, 7, Status.SNAKE, 0.30945741577570285
236, 2, 20, Status.WALL, 0.3079101286968243
237, 2, 22, Status.WALL, 0.3063705780533402
238, 2, 25, Status.SNAKE, 0.30483872516307353
239, 1, 15, Status.SNAKE, 0.3033145315372582
240, 1, 9, Status.WALL, 0.3017979588795719
241, 2, 35, Status.WALL, 0.30028896908517405
242, 0, 6, Status.WALL, 0.2987875242397482
243, 2, 13, Status.SNAKE, 0.29729358661854943
244, 1, 11, Status.WALL, 0.29580711868545667
245, 1, 7, Status.WALL, 0.2943280830920294
246, 3, 37, Status.WALL, 0.29285644267656924
247, 2, 18, Status.SNAKE, 0.2913921604631864
248, 1, 16, Status.SNAKE, 0.28993519966087045
249, 1, 12, Status.WALL, 0.2884855236625661
250, 2, 28, Status.WALL, 0.28704309604425327
251, 4, 34, Status.SNAKE, 0.285607880564032
252, 2, 12, Status.WALL, 0.28417984116121187
253, 3, 33, Status.WALL, 0.2827589419554058
254, 1, 9, Status.WALL, 0.28134514724562876
255, 2, 16, Status.SNAKE, 0.2799384215094006
256, 1, 26, Status.SNAKE, 0.27853872940185365
257, 0, 5, Status.WALL, 0.27714603575484437
258, 2, 25, Status.SNAKE, 0.2757603055760701
259, 1, 14, Status.SNAKE, 0.2743815040481898
260, 3, 27, Status.SNAKE, 0.2730095965279488
261, 1, 11, Status.WALL, 0.27164454854530906
262, 2, 18, Status.WALL, 0.2702863258025825
263, 3, 16, Status.WALL, 0.2689348941735696
264, 0, 16, Status.WALL, 0.26759021970270175
265, 0, 5, Status.WALL, 0.2662522686041882
266, 6, 33, Status.SNAKE, 0.2649210072611673
267, 1, 7, Status.WALL, 0.26359640222486147
268, 3, 15, Status.SNAKE, 0.26227842021373715
269, 2, 27, Status.WALL, 0.2609670281126685
270, 2, 32, Status.SNAKE, 0.25966219297210513
271, 3, 24, Status.SNAKE, 0.2583638820072446
272, 3, 22, Status.WALL, 0.2570720625972084
273, 1, 12, Status.WALL, 0.25578670228422234
274, 1, 18, Status.WALL, 0.25450776877280124
275, 1, 8, Status.SNAKE, 0.2532352299289372
276, 0, 9, Status.WALL, 0.2519690537792925
277, 0, 10, Status.WALL, 0.2507092085103961
278, 5, 40, Status.WALL, 0.2494556624678441
279, 3, 27, Status.WALL, 0.24820838415550486
280, 4, 30, Status.WALL, 0.24696734223472733
281, 6, 36, Status.WALL, 0.2457325055235537
282, 1, 16, Status.SNAKE, 0.24450384299593592
283, 0, 9, Status.WALL, 0.24328132378095624
284, 2, 10, Status.SNAKE, 0.24206491716205145
285, 2, 14, Status.SNAKE, 0.2408545925762412
286, 1, 9, Status.WALL, 0.23965031961336
287, 2, 30, Status.WALL, 0.2384520680152932
288, 1, 21, Status.SNAKE, 0.23725980767521673
289, 3, 35, Status.SNAKE, 0.23607350863684065
290, 2, 30, Status.WALL, 0.23489314109365644
291, 5, 29, Status.SNAKE, 0.23371867538818816
292, 1, 15, Status.SNAKE, 0.23255008201124722
293, 1, 7, Status.SNAKE, 0.231387331601191
294, 2, 15, Status.WALL, 0.23023039494318503
295, 2, 16, Status.SNAKE, 0.2290792429684691
296, 3, 38, Status.WALL, 0.22793384675362674
297, 5, 49, Status.SNAKE, 0.22679417751985861
298, 3, 23, Status.WALL, 0.22566020663225933
299, 1, 9, Status.SNAKE, 0.22453190559909803
300, 3, 43, Status.SNAKE, 0.22340924607110255
301, 9, 40, Status.SNAKE, 0.22229219984074702
302, 2, 21, Status.SNAKE, 0.2211807388415433
303, 2, 33, Status.WALL, 0.22007483514733558
304, 2, 15, Status.SNAKE, 0.2189744609715989
305, 2, 26, Status.SNAKE, 0.2178795886667409
306, 1, 10, Status.SNAKE, 0.2167901907234072
307, 2, 20, Status.WALL, 0.21570623976979014
308, 1, 11, Status.SNAKE, 0.21462770857094118
309, 1, 19, Status.WALL, 0.21355457002808648
310, 1, 20, Status.SNAKE, 0.21248679717794605
311, 3, 21, Status.SNAKE, 0.21142436319205632
312, 2, 28, Status.SNAKE, 0.21036724137609603
313, 1, 6, Status.SNAKE, 0.20931540516921554
314, 2, 21, Status.WALL, 0.20826882814336947
315, 3, 38, Status.WALL, 0.20722748400265262
316, 3, 46, Status.SNAKE, 0.20619134658263935
317, 0, 11, Status.WALL, 0.20516038984972615
318, 1, 12, Status.SNAKE, 0.2041345879004775
319, 3, 32, Status.SNAKE, 0.2031139149609751
320, 0, 6, Status.WALL, 0.20209834538617025
321, 3, 7, Status.WALL, 0.2010878536592394
322, 2, 19, Status.WALL, 0.2000824143909432
323, 1, 5, Status.WALL, 0.19908200231898848
324, 1, 7, Status.SNAKE, 0.19808659230739353
325, 4, 46, Status.SNAKE, 0.19709615934585656
326, 2, 18, Status.SNAKE, 0.19611067854912728
327, 6, 32, Status.SNAKE, 0.19513012515638165
328, 1, 9, Status.WALL, 0.19415447453059972
329, 3, 30, Status.SNAKE, 0.19318370215794672
330, 1, 14, Status.WALL, 0.192217783647157
331, 1, 10, Status.WALL, 0.1912566947289212
332, 4, 16, Status.WALL, 0.1903004112552766
333, 8, 58, Status.SNAKE, 0.18934890919900021
334, 5, 42, Status.SNAKE, 0.18840216465300522
335, 1, 13, Status.WALL, 0.18746015382974018
336, 3, 24, Status.SNAKE, 0.1865228530605915
337, 1, 8, Status.WALL, 0.18559023879528855
338, 1, 8, Status.SNAKE, 0.1846622876013121
339, 5, 41, Status.WALL, 0.18373897616330553
340, 2, 14, Status.SNAKE, 0.182820281282489
341, 6, 35, Status.SNAKE, 0.18190617987607657
342, 3, 16, Status.SNAKE, 0.18099664897669618
343, 4, 37, Status.WALL, 0.1800916657318127
344, 1, 8, Status.WALL, 0.17919120740315364
345, 7, 67, Status.WALL, 0.17829525136613786
346, 3, 24, Status.SNAKE, 0.17740377510930716
347, 7, 54, Status.WALL, 0.17651675623376062
348, 6, 65, Status.WALL, 0.1756341724525918
349, 3, 21, Status.SNAKE, 0.17475600159032884
350, 6, 45, Status.SNAKE, 0.17388222158237718
351, 3, 23, Status.SNAKE, 0.1730128104744653
352, 1, 15, Status.SNAKE, 0.17214774642209296
353, 6, 37, Status.SNAKE, 0.1712870076899825
354, 5, 29, Status.WALL, 0.17043057265153258
355, 6, 66, Status.WALL, 0.16957841978827493
356, 3, 22, Status.SNAKE, 0.16873052768933355
357, 3, 22, Status.SNAKE, 0.1678868750508869
358, 2, 13, Status.SNAKE, 0.16704744067563246
359, 0, 4, Status.WALL, 0.1662122034722543
360, 4, 29, Status.SNAKE, 0.16538114245489302
361, 5, 28, Status.WALL, 0.16455423674261854
362, 3, 23, Status.SNAKE, 0.16373146555890544
363, 4, 44, Status.SNAKE, 0.16291280823111093
364, 4, 47, Status.SNAKE, 0.16209824418995536
365, 2, 9, Status.SNAKE, 0.16128775296900558
366, 6, 45, Status.SNAKE, 0.16048131420416054
367, 4, 27, Status.SNAKE, 0.15967890763313974
368, 2, 20, Status.SNAKE, 0.15888051309497406
369, 3, 8, Status.SNAKE, 0.1580861105294992
370, 5, 26, Status.SNAKE, 0.1572956799768517
371, 9, 64, Status.SNAKE, 0.15650920157696743
372, 2, 8, Status.SNAKE, 0.1557266555690826
373, 2, 6, Status.SNAKE, 0.1549480222912372
374, 10, 115, Status.SNAKE, 0.15417328217978102
375, 11, 73, Status.WALL, 0.1534024157688821
376, 0, 6, Status.WALL, 0.1526354036900377
377, 3, 24, Status.WALL, 0.1518722266715875
378, 2, 18, Status.WALL, 0.15111286553822956
379, 5, 32, Status.SNAKE, 0.15035730121053842
380, 2, 23, Status.SNAKE, 0.14960551470448571
381, 3, 26, Status.WALL, 0.14885748713096328
382, 0, 5, Status.WALL, 0.14811319969530845
383, 4, 35, Status.SNAKE, 0.1473726336968319
384, 2, 18, Status.SNAKE, 0.14663577052834775
385, 4, 23, Status.SNAKE, 0.14590259167570602
386, 4, 22, Status.SNAKE, 0.1451730787173275
387, 2, 13, Status.WALL, 0.14444721332374086
388, 1, 16, Status.WALL, 0.14372497725712216
389, 1, 9, Status.SNAKE, 0.14300635237083656
390, 2, 24, Status.SNAKE, 0.14229132060898236
391, 5, 41, Status.WALL, 0.14157986400593744
392, 4, 29, Status.WALL, 0.14087196468590776
393, 7, 50, Status.SNAKE, 0.14016760486247823
394, 5, 28, Status.SNAKE, 0.13946676683816583
395, 3, 16, Status.WALL, 0.138769433003975
396, 1, 16, Status.SNAKE, 0.13807558583895513
397, 1, 4, Status.SNAKE, 0.13738520790976036
398, 2, 7, Status.WALL, 0.13669828187021155
399, 6, 57, Status.WALL, 0.13601479046086049
400, 1, 3, Status.SNAKE, 0.1353347165085562
401, 4, 26, Status.WALL, 0.1346580429260134
402, 1, 13, Status.WALL, 0.13398475271138335
403, 2, 12, Status.SNAKE, 0.13331482894782642
404, 5, 29, Status.SNAKE, 0.13264825480308728
405, 9, 58, Status.WALL, 0.13198501352907185
406, 7, 48, Status.WALL, 0.1313250884614265
407, 6, 44, Status.WALL, 0.13066846301911936
408, 2, 18, Status.SNAKE, 0.13001512070402377
409, 1, 6, Status.WALL, 0.12936504510050365
410, 3, 22, Status.SNAKE, 0.12871821987500112
411, 4, 35, Status.SNAKE, 0.12807462877562611
412, 1, 17, Status.SNAKE, 0.12743425563174798
413, 4, 20, Status.SNAKE, 0.12679708435358925
414, 3, 24, Status.SNAKE, 0.1261630989318213
415, 4, 21, Status.SNAKE, 0.1255322834371622
416, 1, 7, Status.WALL, 0.12490462201997637
417, 2, 16, Status.WALL, 0.1242800989098765
418, 7, 44, Status.SNAKE, 0.12365869841532712
419, 9, 49, Status.SNAKE, 0.12304040492325048
420, 1, 8, Status.WALL, 0.12242520289863423
421, 2, 27, Status.WALL, 0.12181307688414106
422, 4, 43, Status.SNAKE, 0.12120401149972035
423, 0, 5, Status.WALL, 0.12059799144222175
424, 12, 89, Status.SNAKE, 0.11999500148501063
425, 6, 36, Status.SNAKE, 0.11939502647758558
426, 0, 5, Status.WALL, 0.11879805134519765
427, 1, 14, Status.WALL, 0.11820406108847166
428, 13, 76, Status.SNAKE, 0.1176130407830293
429, 2, 16, Status.SNAKE, 0.11702497557911415
430, 1, 10, Status.SNAKE, 0.11643985070121858
431, 2, 16, Status.SNAKE, 0.11585765144771248
432, 6, 41, Status.SNAKE, 0.11527836319047392
433, 10, 71, Status.SNAKE, 0.11470197137452155
434, 2, 27, Status.WALL, 0.11412846151764894
435, 3, 35, Status.WALL, 0.1135578192100607
436, 2, 7, Status.SNAKE, 0.11299003011401039
437, 1, 3, Status.SNAKE, 0.11242507996344034
438, 1, 7, Status.SNAKE, 0.11186295456362313
439, 6, 39, Status.WALL, 0.11130363979080501
440, 1, 23, Status.WALL, 0.11074712159185099
441, 2, 8, Status.WALL, 0.11019338598389174
442, 2, 13, Status.SNAKE, 0.10964241905397228
443, 3, 20, Status.SNAKE, 0.10909420695870241
444, 3, 10, Status.WALL, 0.1085487359239089
445, 3, 13, Status.SNAKE, 0.10800599224428936
446, 1, 5, Status.SNAKE, 0.10746596228306791
447, 1, 11, Status.SNAKE, 0.10692863247165257
448, 2, 18, Status.WALL, 0.1063939893092943
449, 1, 12, Status.WALL, 0.10586201936274783
450, 1, 8, Status.SNAKE, 0.10533270926593409
451, 2, 15, Status.WALL, 0.10480604571960442
452, 5, 36, Status.SNAKE, 0.1042820154910064
453, 8, 61, Status.WALL, 0.10376060541355137
454, 1, 9, Status.SNAKE, 0.1032418023864836
455, 3, 16, Status.SNAKE, 0.10272559337455119
456, 3, 25, Status.SNAKE, 0.10221196540767843
457, 2, 15, Status.SNAKE, 0.10170090558064004
458, 2, 8, Status.WALL, 0.10119240105273684
459, 2, 11, Status.SNAKE, 0.10068643904747315
460, 7, 54, Status.SNAKE, 0.10018300685223579
461, 5, 21, Status.SNAKE, 0.0996820918179746
462, 11, 71, Status.SNAKE, 0.09918368135888474
463, 9, 58, Status.SNAKE, 0.09868776295209031
464, 1, 18, Status.WALL, 0.09819432413732986
465, 3, 28, Status.SNAKE, 0.09770335251664321
466, 3, 23, Status.SNAKE, 0.09721483575406
467, 3, 18, Status.SNAKE, 0.09672876157528969
468, 5, 47, Status.WALL, 0.09624511776741324
469, 5, 29, Status.WALL, 0.09576389217857617
470, 3, 28, Status.SNAKE, 0.09528507271768329
471, 3, 26, Status.SNAKE, 0.09480864735409487
472, 7, 44, Status.SNAKE, 0.0943346041173244
473, 1, 10, Status.SNAKE, 0.09386293109673778
474, 1, 6, Status.SNAKE, 0.09339361644125409
475, 4, 27, Status.WALL, 0.09292664835904782
476, 11, 91, Status.WALL, 0.09246201511725258
477, 6, 35, Status.SNAKE, 0.09199970504166631
478, 3, 15, Status.WALL, 0.09153970651645797
479, 7, 43, Status.SNAKE, 0.09108200798387568
480, 3, 28, Status.SNAKE, 0.0906265979439563
481, 9, 59, Status.SNAKE, 0.09017346495423652
482, 5, 35, Status.SNAKE, 0.08972259762946533
483, 1, 10, Status.WALL, 0.089273984641318
484, 2, 25, Status.WALL, 0.0888276147181114
485, 8, 65, Status.SNAKE, 0.08838347664452084
486, 7, 53, Status.SNAKE, 0.08794155926129824
487, 4, 33, Status.SNAKE, 0.08750185146499175
488, 4, 43, Status.WALL, 0.08706434220766679
489, 1, 10, Status.WALL, 0.08662902049662846
490, 3, 35, Status.WALL, 0.08619587539414532
491, 10, 78, Status.SNAKE, 0.08576489601717459
492, 1, 5, Status.WALL, 0.08533607153708872
493, 6, 48, Status.WALL, 0.08490939117940327
494, 1, 7, Status.WALL, 0.08448484422350626
495, 12, 74, Status.SNAKE, 0.08406242000238873
496, 1, 10, Status.WALL, 0.08364210790237678
497, 10, 71, Status.WALL, 0.0832238973628649
498, 3, 15, Status.SNAKE, 0.08280777787605056
499, 2, 7, Status.SNAKE, 0.08239373898667031
500, 6, 62, Status.SNAKE, 0.08198177029173696
501, 3, 23, Status.WALL, 0.08157186144027828
502, 2, 18, Status.SNAKE, 0.0811640021330769
503, 4, 27, Status.SNAKE, 0.08075818212241151
504, 8, 58, Status.SNAKE, 0.08035439121179945
505, 2, 19, Status.SNAKE, 0.07995261925574046
506, 2, 24, Status.SNAKE, 0.07955285615946175
507, 3, 20, Status.WALL, 0.07915509187866444
508, 5, 28, Status.SNAKE, 0.07875931641927113
509, 4, 21, Status.WALL, 0.07836551983717477
510, 4, 32, Status.SNAKE, 0.07797369223798889
511, 3, 21, Status.WALL, 0.07758382377679894
512, 3, 18, Status.SNAKE, 0.07719590465791494
513, 3, 20, Status.WALL, 0.07680992513462537
514, 3, 29, Status.SNAKE, 0.07642587550895225
515, 1, 11, Status.WALL, 0.07604374613140748
516, 6, 32, Status.SNAKE, 0.07566352740075044
517, 2, 16, Status.SNAKE, 0.07528520976374668
518, 8, 39, Status.SNAKE, 0.07490878371492794
519, 0, 6, Status.WALL, 0.0745342397963533
520, 2, 16, Status.SNAKE, 0.07416156859737154
521, 0, 5, Status.WALL, 0.07379076075438468
522, 8, 53, Status.SNAKE, 0.07342180695061275
523, 3, 49, Status.SNAKE, 0.07305469791585968
524, 6, 51, Status.WALL, 0.07268942442628039
525, 3, 17, Status.WALL, 0.07232597730414898
526, 5, 38, Status.SNAKE, 0.07196434741762824
527, 8, 37, Status.SNAKE, 0.0716045256805401
528, 2, 14, Status.SNAKE, 0.0712465030521374
529, 5, 36, Status.WALL, 0.0708902705368767
530, 3, 33, Status.WALL, 0.07053581918419231
531, 2, 9, Status.SNAKE, 0.07018314008827135
532, 7, 35, Status.SNAKE, 0.06983222438783
533, 5, 19, Status.WALL, 0.06948306326589085
534, 1, 8, Status.SNAKE, 0.0691356479495614
535, 10, 68, Status.SNAKE, 0.06878996970981359
536, 1, 6, Status.SNAKE, 0.06844601986126451
537, 7, 33, Status.SNAKE, 0.06810378976195819
538, 6, 47, Status.SNAKE, 0.0677632708131484
539, 13, 73, Status.SNAKE, 0.06742445445908266
540, 1, 5, Status.SNAKE, 0.06708733218678724
541, 2, 13, Status.SNAKE, 0.0667518955258533
542, 6, 49, Status.SNAKE, 0.06641813604822402
543, 7, 45, Status.SNAKE, 0.0660860453679829
544, 9, 51, Status.WALL, 0.06575561514114299
545, 15, 108, Status.SNAKE, 0.06542683706543727
546, 6, 52, Status.SNAKE, 0.06509970288011008
547, 3, 24, Status.SNAKE, 0.06477420436570952
548, 4, 25, Status.SNAKE, 0.06445033334388098
549, 8, 71, Status.SNAKE, 0.06412808167716157
550, 6, 32, Status.SNAKE, 0.06380744126877576
551, 5, 35, Status.SNAKE, 0.06348840406243188
552, 1, 3, Status.SNAKE, 0.06317096204211972
553, 1, 7, Status.SNAKE, 0.06285510723190912
554, 7, 31, Status.SNAKE, 0.06254083169574957
555, 2, 12, Status.SNAKE, 0.062228127537270826
556, 6, 33, Status.SNAKE, 0.06191698689958447
557, 2, 6, Status.SNAKE, 0.061607401965086545
558, 1, 17, Status.WALL, 0.06129936495526111
559, 8, 63, Status.SNAKE, 0.0609928681304848
560, 3, 21, Status.SNAKE, 0.060687903789832374
561, 6, 47, Status.WALL, 0.06038446427088321
562, 5, 38, Status.WALL, 0.06008254194952879
563, 9, 52, Status.WALL, 0.05978212923978115
564, 1, 8, Status.SNAKE, 0.05948321859358224
565, 13, 71, Status.SNAKE, 0.05918580250061433
566, 2, 17, Status.WALL, 0.058889873488111255
567, 1, 12, Status.WALL, 0.058595424120670696
568, 5, 21, Status.SNAKE, 0.05830244700006734
569, 8, 59, Status.SNAKE, 0.058010934765067
570, 8, 58, Status.SNAKE, 0.05772088009124167
571, 10, 41, Status.SNAKE, 0.05743227569078546
572, 3, 25, Status.SNAKE, 0.05714511431233153
573, 2, 14, Status.SNAKE, 0.05685938874076987
574, 5, 27, Status.SNAKE, 0.056575091797066025
575, 1, 12, Status.WALL, 0.056292216338080694
576, 7, 80, Status.SNAKE, 0.05601075525639029
577, 7, 40, Status.SNAKE, 0.05573070148010834
578, 2, 18, Status.WALL, 0.0554520479727078
579, 1, 7, Status.WALL, 0.05517478773284426
580, 7, 36, Status.SNAKE, 0.05489891379418004
581, 8, 60, Status.SNAKE, 0.05462441922520914
582, 2, 18, Status.SNAKE, 0.0543512971290831
583, 8, 45, Status.SNAKE, 0.05407954064343768
584, 10, 49, Status.SNAKE, 0.05380914294022049
585, 8, 49, Status.SNAKE, 0.05354009722551939
586, 8, 91, Status.SNAKE, 0.05327239673939179
587, 6, 53, Status.SNAKE, 0.053006034755694834
588, 3, 14, Status.SNAKE, 0.052741004581916356
589, 2, 17, Status.SNAKE, 0.052477299559006776
590, 11, 77, Status.WALL, 0.052214913061211746
591, 3, 34, Status.SNAKE, 0.05195383849590569
592, 8, 55, Status.SNAKE, 0.05169406930342616
593, 6, 34, Status.SNAKE, 0.05143559895690903
594, 8, 72, Status.WALL, 0.051178420962124486
595, 1, 8, Status.SNAKE, 0.05092252885731386
596, 8, 25, Status.SNAKE, 0.05066791621302729
597, 3, 18, Status.SNAKE, 0.05041457663196215
598, 3, 27, Status.SNAKE, 0.050162503748802344
599, 6, 44, Status.SNAKE, 0.049911691230058335
600, 9, 80, Status.SNAKE, 0.04966213277390804
601, 4, 23, Status.SNAKE, 0.0494138221100385
602, 3, 15, Status.SNAKE, 0.04916675299948831
603, 3, 19, Status.SNAKE, 0.04892091923449087
604, 6, 37, Status.SNAKE, 0.04867631463831842
605, 3, 23, Status.SNAKE, 0.048432933065126825
606, 13, 83, Status.SNAKE, 0.048190768399801194
607, 3, 27, Status.SNAKE, 0.04794981455780219
608, 3, 32, Status.SNAKE, 0.04771006548501318
609, 9, 53, Status.WALL, 0.047471515157588115
610, 2, 16, Status.SNAKE, 0.047234157581800176
611, 2, 8, Status.SNAKE, 0.046997986793891174
612, 3, 25, Status.SNAKE, 0.04676299685992172
613, 5, 50, Status.SNAKE, 0.04652918187562211
614, 4, 23, Status.WALL, 0.046296535966244
615, 4, 28, Status.SNAKE, 0.046065053286412784
616, 6, 51, Status.SNAKE, 0.04583472801998072
617, 2, 29, Status.WALL, 0.045605554379880814
618, 11, 62, Status.SNAKE, 0.04537752660798141
619, 8, 39, Status.WALL, 0.0451506389749415
620, 4, 36, Status.WALL, 0.044924885780066794
621, 4, 20, Status.SNAKE, 0.04470026135116646
622, 9, 79, Status.SNAKE, 0.04447676004441063
623, 1, 7, Status.SNAKE, 0.04425437624418858
624, 7, 42, Status.SNAKE, 0.04403310436296763
625, 9, 53, Status.SNAKE, 0.043812938841152796
626, 7, 43, Status.SNAKE, 0.04359387414694703
627, 9, 68, Status.SNAKE, 0.043375904776212296
628, 4, 25, Status.WALL, 0.043159025252331236
629, 3, 23, Status.SNAKE, 0.04294323012606958
630, 14, 102, Status.SNAKE, 0.04272851397543923
631, 9, 54, Status.SNAKE, 0.04251487140556204
632, 4, 28, Status.SNAKE, 0.04230229704853423
633, 6, 57, Status.SNAKE, 0.04209078556329156
634, 6, 37, Status.WALL, 0.0418803316354751
635, 6, 45, Status.WALL, 0.041670929977297724
636, 4, 18, Status.SNAKE, 0.04146257532741124
637, 7, 55, Status.SNAKE, 0.04125526245077418
638, 10, 79, Status.SNAKE, 0.04104898613852031
639, 8, 59, Status.SNAKE, 0.04084374120782771
640, 3, 22, Status.SNAKE, 0.04063952250178857
641, 14, 101, Status.WALL, 0.04043632488927963
642, 7, 25, Status.SNAKE, 0.04023414326483323
643, 10, 59, Status.SNAKE, 0.040032972548509065
644, 3, 26, Status.SNAKE, 0.03983280768576652
645, 8, 56, Status.WALL, 0.03963364364733769
646, 5, 50, Status.SNAKE, 0.039435475429100995
647, 9, 67, Status.SNAKE, 0.03923829805195549
648, 4, 16, Status.WALL, 0.03904210656169572
649, 8, 57, Status.SNAKE, 0.03884689602888724
650, 4, 28, Status.WALL, 0.0386526615487428
651, 1, 3, Status.SNAKE, 0.03845939824099909
652, 6, 58, Status.SNAKE, 0.03826710124979409
653, 6, 34, Status.SNAKE, 0.038075765743545126
654, 4, 20, Status.SNAKE, 0.0378853869148274
655, 10, 83, Status.SNAKE, 0.03769595998025326
656, 6, 41, Status.WALL, 0.03750748018035199
657, 1, 11, Status.WALL, 0.037319942779450235
658, 10, 48, Status.SNAKE, 0.037133343065552986
659, 7, 47, Status.SNAKE, 0.03694767635022522
660, 14, 89, Status.SNAKE, 0.036762937968474095
661, 5, 32, Status.SNAKE, 0.03657912327863173
662, 8, 36, Status.SNAKE, 0.036396227662238566
663, 2, 12, Status.SNAKE, 0.03621424652392737
664, 9, 48, Status.SNAKE, 0.036033175291307735
665, 4, 15, Status.SNAKE, 0.03585300941485119
666, 10, 75, Status.SNAKE, 0.035673744367776934
667, 2, 23, Status.SNAKE, 0.03549537564593805
668, 3, 19, Status.SNAKE, 0.035317898767708356
669, 4, 36, Status.SNAKE, 0.03514130927386981
670, 14, 108, Status.SNAKE, 0.03496560272750046
671, 2, 13, Status.SNAKE, 0.03479077471386296
672, 11, 64, Status.SNAKE, 0.03461682084029365
673, 5, 40, Status.SNAKE, 0.034443736736092176
674, 9, 79, Status.SNAKE, 0.034271518052411715
675, 1, 8, Status.SNAKE, 0.034100160462149656
676, 10, 59, Status.SNAKE, 0.03392965965983891
677, 2, 10, Status.SNAKE, 0.033760011361539714
678, 9, 71, Status.WALL, 0.03359121130473201
679, 8, 55, Status.WALL, 0.033423255248208356
680, 8, 46, Status.SNAKE, 0.03325613897196732
681, 16, 124, Status.SNAKE, 0.03308985827710748
682, 10, 72, Status.WALL, 0.032924408985721944
683, 1, 6, Status.SNAKE, 0.03275978694079333
684, 4, 28, Status.SNAKE, 0.032595988006089364
685, 0, 6, Status.WALL, 0.032433008066058915
686, 4, 34, Status.WALL, 0.03227084302572862
687, 6, 43, Status.SNAKE, 0.032109488810599975
688, 3, 34, Status.SNAKE, 0.031948941366546975
689, 7, 44, Status.SNAKE, 0.03178919665971424
690, 13, 95, Status.SNAKE, 0.03163025067641567
691, 9, 55, Status.SNAKE, 0.03147209942303359
692, 9, 56, Status.SNAKE, 0.03131473892591842
693, 6, 52, Status.SNAKE, 0.031158165231288826
694, 2, 12, Status.SNAKE, 0.03100237440513238
695, 0, 5, Status.WALL, 0.030847362533106718
696, 7, 48, Status.SNAKE, 0.030693125720441184
697, 11, 88, Status.WALL, 0.030539660091838977
698, 5, 40, Status.SNAKE, 0.03038696179137978
699, 5, 26, Status.SNAKE, 0.030235026982422884
700, 3, 23, Status.SNAKE, 0.030083851847510768
701, 13, 94, Status.SNAKE, 0.029933432588273214
702, 9, 61, Status.SNAKE, 0.029783765425331846
703, 5, 25, Status.SNAKE, 0.029634846598205186
704, 12, 98, Status.WALL, 0.02948667236521416
705, 2, 16, Status.SNAKE, 0.029339239003388088
706, 12, 99, Status.SNAKE, 0.029192542808371146
707, 11, 64, Status.SNAKE, 0.02904658009432929
708, 1, 6, Status.WALL, 0.028901347193857643
709, 5, 40, Status.SNAKE, 0.028756840457888354
710, 1, 7, Status.SNAKE, 0.02861305625559891
711, 3, 22, Status.SNAKE, 0.028469990974320916
712, 12, 69, Status.SNAKE, 0.02832764101944931
713, 8, 66, Status.SNAKE, 0.028186002814352063
714, 13, 93, Status.SNAKE, 0.0280450728002803
715, 2, 21, Status.SNAKE, 0.0279048474362789
716, 4, 25, Status.WALL, 0.027765323199097504
717, 2, 11, Status.SNAKE, 0.027626496583102015
718, 2, 16, Status.SNAKE, 0.027488364100186506
719, 4, 40, Status.SNAKE, 0.027350922279685573
720, 12, 63, Status.SNAKE, 0.027214167668287145
721, 10, 65, Status.SNAKE, 0.02707809682994571
722, 1, 6, Status.SNAKE, 0.02694270634579598
723, 2, 13, Status.WALL, 0.026807992814067
724, 10, 50, Status.WALL, 0.026673952849996664
725, 5, 30, Status.SNAKE, 0.02654058308574668
726, 10, 60, Status.SNAKE, 0.026407880170317945
727, 3, 16, Status.SNAKE, 0.026275840769466357
728, 8, 39, Status.SNAKE, 0.026144461565619025
729, 8, 49, Status.SNAKE, 0.02601373925779093
730, 4, 24, Status.WALL, 0.025883670561501974
731, 9, 61, Status.WALL, 0.025754252208694463
732, 10, 45, Status.SNAKE, 0.02562548094765099
733, 2, 14, Status.SNAKE, 0.025497353542912736
734, 8, 29, Status.SNAKE, 0.02536986677519817
735, 7, 53, Status.SNAKE, 0.02524301744132218
736, 2, 13, Status.SNAKE, 0.025116802354115567
737, 10, 46, Status.SNAKE, 0.024991218342344988
738, 6, 47, Status.SNAKE, 0.024866262250633264
739, 9, 73, Status.SNAKE, 0.024741930939380097
740, 1, 9, Status.SNAKE, 0.024618221284683196
741, 7, 71, Status.SNAKE, 0.02449513017825978
742, 0, 5, Status.WALL, 0.02437265452736848
743, 2, 12, Status.WALL, 0.024250791254731636
744, 2, 14, Status.SNAKE, 0.024129537298457977
745, 1, 8, Status.SNAKE, 0.024008889611965685
746, 8, 62, Status.SNAKE, 0.023888845163905856
747, 2, 18, Status.SNAKE, 0.023769400938086327
748, 4, 21, Status.SNAKE, 0.023650553933395897
749, 5, 45, Status.WALL, 0.023532301163728918
750, 8, 74, Status.SNAKE, 0.023414639657910272
751, 5, 42, Status.WALL, 0.023297566459620722
752, 1, 8, Status.SNAKE, 0.023181078627322618
753, 1, 8, Status.SNAKE, 0.023065173234186005
754, 2, 19, Status.SNAKE, 0.022949847368015076
755, 8, 45, Status.SNAKE, 0.022835098131175
756, 2, 18, Status.SNAKE, 0.022720922640519125
757, 13, 105, Status.SNAKE, 0.02260731802731653
758, 1, 10, Status.SNAKE, 0.022494281437179946
759, 13, 61, Status.SNAKE, 0.022381810029994047
760, 5, 30, Status.WALL, 0.022269900979844076
761, 1, 8, Status.SNAKE, 0.022158551474944856
762, 6, 45, Status.SNAKE, 0.022047758717570132
763, 8, 39, Status.SNAKE, 0.021937519923982282
764, 12, 80, Status.SNAKE, 0.021827832324362372
765, 2, 16, Status.WALL, 0.02171869316274056
766, 3, 17, Status.WALL, 0.021610099696926857
767, 2, 11, Status.SNAKE, 0.021502049198442223
768, 1, 13, Status.WALL, 0.021394538952450012
769, 1, 7, Status.WALL, 0.02128756625768776
770, 3, 15, Status.WALL, 0.021181128426399323
771, 15, 105, Status.SNAKE, 0.021075222784267326
772, 4, 31, Status.SNAKE, 0.020969846670345987
773, 3, 14, Status.SNAKE, 0.020864997436994256
774, 7, 52, Status.SNAKE, 0.020760672449809284
775, 9, 62, Status.SNAKE, 0.020656869087560238
776, 6, 31, Status.WALL, 0.020553584742122436
777, 18, 138, Status.WALL, 0.020450816818411825
778, 7, 32, Status.SNAKE, 0.020348562734319765
779, 13, 85, Status.SNAKE, 0.020246819920648168
780, 1, 8, Status.SNAKE, 0.020145585821044927
781, 1, 10, Status.SNAKE, 0.020044857891939702
782, 7, 41, Status.SNAKE, 0.019944633602480003
783, 6, 48, Status.SNAKE, 0.019844910434467605
784, 5, 29, Status.SNAKE, 0.019745685882295267
785, 2, 24, Status.SNAKE, 0.01964695745288379
786, 8, 50, Status.SNAKE, 0.01954872266561937
787, 3, 21, Status.SNAKE, 0.019450979052291272
788, 3, 35, Status.WALL, 0.019353724157029815
789, 10, 70, Status.SNAKE, 0.019256955536244666
790, 6, 40, Status.SNAKE, 0.019160670758563442
791, 11, 64, Status.SNAKE, 0.019064867404770626
792, 1, 10, Status.WALL, 0.018969543067746772
793, 3, 28, Status.SNAKE, 0.018874695352408037
794, 3, 34, Status.WALL, 0.018780321875645996
795, 5, 29, Status.SNAKE, 0.018686420266267767
796, 19, 126, Status.SNAKE, 0.018592988164936427
797, 3, 17, Status.SNAKE, 0.018500023224111744
798, 5, 44, Status.SNAKE, 0.018407523107991184
799, 6, 42, Status.SNAKE, 0.01831548549245123
800, 5, 27, Status.SNAKE, 0.018223908064988973
801, 6, 33, Status.SNAKE, 0.018132788524664028
802, 13, 80, Status.SNAKE, 0.018042124582040707
803, 2, 5, Status.SNAKE, 0.017951913959130504
804, 7, 45, Status.SNAKE, 0.01786215438933485
805, 11, 95, Status.SNAKE, 0.017772843617388175
806, 12, 68, Status.SNAKE, 0.017683979399301233
807, 3, 18, Status.SNAKE, 0.017595559502304726
808, 6, 50, Status.WALL, 0.0175075817047932
809, 17, 93, Status.WALL, 0.017420043796269234
810, 11, 83, Status.SNAKE, 0.017332943577287888
811, 8, 58, Status.SNAKE, 0.01724627885940145
812, 1, 9, Status.SNAKE, 0.017160047465104442
813, 5, 38, Status.WALL, 0.01707424722777892
814, 12, 81, Status.WALL, 0.016988875991640028
815, 9, 52, Status.SNAKE, 0.016903931611681827
816, 1, 5, Status.SNAKE, 0.01681941195362342
817, 4, 30, Status.SNAKE, 0.016735314893855303
818, 8, 50, Status.SNAKE, 0.016651638319386028
819, 5, 31, Status.SNAKE, 0.0165683801277891
820, 1, 11, Status.SNAKE, 0.016485538227150154
821, 3, 23, Status.SNAKE, 0.0164031105360144
822, 8, 50, Status.SNAKE, 0.01632109498333433
823, 1, 8, Status.SNAKE, 0.016239489508417658
824, 8, 55, Status.WALL, 0.01615829206087557
825, 2, 15, Status.SNAKE, 0.01607750060057119
826, 10, 63, Status.SNAKE, 0.015997113097568336
827, 7, 50, Status.SNAKE, 0.015917127532080494
828, 8, 43, Status.SNAKE, 0.01583754189442009
829, 3, 14, Status.WALL, 0.01575835418494799
830, 3, 35, Status.WALL, 0.01567956241402325
831, 8, 37, Status.SNAKE, 0.015601164601953134
832, 6, 34, Status.WALL, 0.015523158778943369
833, 9, 65, Status.SNAKE, 0.015445542985048652
834, 10, 60, Status.SNAKE, 0.015368315270123408
835, 9, 59, Status.WALL, 0.01529147369377279
836, 4, 29, Status.SNAKE, 0.015215016325303928
837, 14, 81, Status.SNAKE, 0.015138941243677408
838, 15, 98, Status.SNAKE, 0.01506324653745902
839, 11, 85, Status.SNAKE, 0.014987930304771725
840, 12, 54, Status.SNAKE, 0.014912990653247866
841, 1, 8, Status.SNAKE, 0.014838425699981627
842, 9, 61, Status.SNAKE, 0.01476423357148172
843, 15, 90, Status.SNAKE, 0.014690412403624311
844, 3, 17, Status.SNAKE, 0.01461696034160619
845, 8, 46, Status.SNAKE, 0.014543875539898159
846, 2, 20, Status.SNAKE, 0.014471156162198668
847, 16, 104, Status.SNAKE, 0.014398800381387675
848, 1, 10, Status.SNAKE, 0.014326806379480736
849, 10, 65, Status.SNAKE, 0.014255172347583332
850, 3, 24, Status.SNAKE, 0.014183896485845416
851, 6, 24, Status.SNAKE, 0.014112977003416188
852, 8, 66, Status.SNAKE, 0.014042412118399107
853, 3, 24, Status.SNAKE, 0.013972200057807112
854, 3, 25, Status.SNAKE, 0.013902339057518077
855, 10, 71, Status.SNAKE, 0.013832827362230486
856, 4, 25, Status.SNAKE, 0.013763663225419333
857, 5, 33, Status.SNAKE, 0.013694844909292236
858, 9, 74, Status.WALL, 0.013626370684745774
859, 1, 9, Status.WALL, 0.013558238831322046
860, 11, 49, Status.WALL, 0.013490447637165436
861, 1, 6, Status.SNAKE, 0.013422995398979608
862, 11, 75, Status.SNAKE, 0.01335588042198471
863, 8, 47, Status.SNAKE, 0.013289101019874787
864, 1, 16, Status.SNAKE, 0.013222655514775413
865, 3, 24, Status.WALL, 0.013156542237201536
866, 8, 55, Status.SNAKE, 0.013090759526015528
867, 2, 17, Status.WALL, 0.01302530572838545
868, 4, 27, Status.WALL, 0.012960179199743523
869, 4, 21, Status.SNAKE, 0.012895378303744804
870, 4, 25, Status.SNAKE, 0.01283090141222608
871, 7, 33, Status.WALL, 0.012766746905164949
872, 16, 109, Status.WALL, 0.012702913170639124
873, 3, 12, Status.SNAKE, 0.012639398604785928
874, 1, 6, Status.WALL, 0.012576201611761997
875, 6, 56, Status.SNAKE, 0.012513320603703188
876, 10, 53, Status.WALL, 0.012450754000684672
877, 5, 38, Status.SNAKE, 0.012388500230681249
878, 2, 8, Status.WALL, 0.012326557729527843
879, 9, 46, Status.WALL, 0.012264924940880204
880, 7, 41, Status.SNAKE, 0.012203600316175803
881, 9, 65, Status.SNAKE, 0.012142582314594924
882, 15, 108, Status.SNAKE, 0.01208186940302195
883, 9, 70, Status.SNAKE, 0.01202146005600684
884, 2, 16, Status.SNAKE, 0.011961352755726806
885, 5, 25, Status.SNAKE, 0.01190154599194817
886, 13, 87, Status.SNAKE, 0.01184203826198843
887, 7, 50, Status.WALL, 0.011782828070678488
888, 5, 26, Status.SNAKE, 0.011723913930325095
889, 12, 93, Status.WALL, 0.01166529436067347
890, 6, 50, Status.SNAKE, 0.011606967888870102
891, 6, 51, Status.SNAKE, 0.01154893304942575
892, 3, 21, Status.WALL, 0.011491188384178622
893, 4, 36, Status.WALL, 0.011433732442257729
894, 1, 5, Status.SNAKE, 0.01137656378004644
895, 14, 104, Status.SNAKE, 0.011319680961146208
896, 9, 66, Status.SNAKE, 0.011263082556340478
897, 8, 58, Status.WALL, 0.011206767143558775
898, 8, 51, Status.WALL, 0.011150733307840981
899, 8, 46, Status.WALL, 0.011094979641301777
900, 5, 30, Status.WALL, 0.011039504743095268
901, 4, 31, Status.WALL, 0.01098430721937979
902, 2, 10, Status.WALL, 0.010929385683282892
903, 2, 14, Status.SNAKE, 0.010874738754866477
904, 9, 48, Status.WALL, 0.010820365061092144
905, 13, 88, Status.WALL, 0.010766263235786683
906, 3, 20, Status.WALL, 0.01071243191960775
907, 2, 10, Status.WALL, 0.010658869760009713
908, 15, 78, Status.SNAKE, 0.010605575411209664
909, 5, 42, Status.SNAKE, 0.010552547534153616
910, 4, 31, Status.WALL, 0.010499784796482848
911, 5, 32, Status.WALL, 0.010447285872500434
912, 7, 37, Status.SNAKE, 0.01039504944313793
913, 10, 55, Status.SNAKE, 0.010343074195922241
914, 3, 19, Status.WALL, 0.01029135882494263
915, 6, 63, Status.SNAKE, 0.010239902030817916
916, 1, 4, Status.SNAKE, 0.010188702520663827
917, 5, 28, Status.WALL, 0.010137759008060509
918, 11, 54, Status.SNAKE, 0.010087070213020206
919, 6, 34, Status.SNAKE, 0.010036634861955105
920, 13, 112, Status.SNAKE, 0.01
921, 7, 46, Status.SNAKE, 0.01
922, 9, 56, Status.SNAKE, 0.01
923, 3, 23, Status.SNAKE, 0.01
924, 7, 62, Status.SNAKE, 0.01
925, 5, 30, Status.SNAKE, 0.01
926, 5, 32, Status.SNAKE, 0.01
927, 2, 10, Status.SNAKE, 0.01
928, 6, 32, Status.SNAKE, 0.01
929, 5, 23, Status.WALL, 0.01
930, 4, 19, Status.SNAKE, 0.01
931, 5, 29, Status.SNAKE, 0.01
932, 6, 36, Status.WALL, 0.01
933, 3, 15, Status.SNAKE, 0.01
934, 7, 68, Status.WALL, 0.01
935, 3, 29, Status.SNAKE, 0.01
936, 11, 82, Status.WALL, 0.01
937, 11, 75, Status.SNAKE, 0.01
938, 3, 13, Status.SNAKE, 0.01
939, 3, 23, Status.SNAKE, 0.01
940, 11, 72, Status.WALL, 0.01
941, 9, 54, Status.SNAKE, 0.01
942, 5, 24, Status.SNAKE, 0.01
943, 13, 97, Status.SNAKE, 0.01
944, 12, 97, Status.SNAKE, 0.01
945, 4, 22, Status.SNAKE, 0.01
946, 12, 83, Status.SNAKE, 0.01
947, 4, 24, Status.SNAKE, 0.01
948, 7, 53, Status.WALL, 0.01
949, 17, 113, Status.WALL, 0.01
950, 1, 6, Status.SNAKE, 0.01
951, 2, 21, Status.SNAKE, 0.01
952, 7, 63, Status.WALL, 0.01
953, 8, 65, Status.SNAKE, 0.01
954, 7, 29, Status.SNAKE, 0.01
955, 1, 6, Status.WALL, 0.01
956, 10, 82, Status.SNAKE, 0.01
957, 3, 21, Status.WALL, 0.01
958, 4, 34, Status.SNAKE, 0.01
959, 5, 31, Status.SNAKE, 0.01
960, 6, 40, Status.SNAKE, 0.01
961, 7, 35, Status.WALL, 0.01
962, 2, 18, Status.WALL, 0.01
963, 8, 39, Status.SNAKE, 0.01
964, 9, 82, Status.WALL, 0.01
965, 5, 28, Status.SNAKE, 0.01
966, 16, 105, Status.SNAKE, 0.01
967, 8, 40, Status.SNAKE, 0.01
968, 4, 37, Status.SNAKE, 0.01
969, 6, 39, Status.WALL, 0.01
970, 12, 96, Status.SNAKE, 0.01
971, 3, 16, Status.SNAKE, 0.01
972, 9, 40, Status.SNAKE, 0.01
973, 6, 53, Status.WALL, 0.01
974, 2, 14, Status.SNAKE, 0.01
975, 13, 93, Status.SNAKE, 0.01
976, 3, 26, Status.WALL, 0.01
977, 7, 40, Status.SNAKE, 0.01
978, 8, 40, Status.SNAKE, 0.01
979, 5, 48, Status.SNAKE, 0.01
980, 10, 59, Status.SNAKE, 0.01
981, 14, 95, Status.SNAKE, 0.01
982, 11, 71, Status.SNAKE, 0.01
983, 5, 38, Status.WALL, 0.01
984, 7, 40, Status.SNAKE, 0.01
985, 6, 56, Status.SNAKE, 0.01
986, 16, 107, Status.SNAKE, 0.01
987, 3, 38, Status.SNAKE, 0.01
988, 4, 27, Status.SNAKE, 0.01
989, 2, 23, Status.SNAKE, 0.01
990, 10, 82, Status.WALL, 0.01
991, 9, 63, Status.SNAKE, 0.01
992, 3, 12, Status.SNAKE, 0.01
993, 9, 54, Status.SNAKE, 0.01
994, 9, 70, Status.SNAKE, 0.01
995, 1, 10, Status.WALL, 0.01
996, 10, 72, Status.SNAKE, 0.01
997, 11, 60, Status.SNAKE, 0.01
998, 4, 29, Status.WALL, 0.01
999, 13, 86, Status.SNAKE, 0.01
1000, 10, 97, Status.SNAKE, 0.01
1001, 9, 41, Status.SNAKE, 0.01
1002, 11, 83, Status.SNAKE, 0.01
1003, 3, 22, Status.SNAKE, 0.01
1004, 4, 39, Status.WALL, 0.01
1005, 10, 59, Status.SNAKE, 0.01
1006, 4, 29, Status.SNAKE, 0.01
1007, 1, 7, Status.WALL, 0.01
1008, 4, 31, Status.WALL, 0.01
1009, 6, 43, Status.SNAKE, 0.01
1010, 1, 10, Status.WALL, 0.01
1011, 4, 25, Status.SNAKE, 0.01
1012, 7, 41, Status.SNAKE, 0.01
1013, 6, 38, Status.SNAKE, 0.01
1014, 3, 21, Status.WALL, 0.01
1015, 8, 40, Status.SNAKE, 0.01
1016, 10, 71, Status.SNAKE, 0.01
1017, 9, 72, Status.SNAKE, 0.01
1018, 4, 26, Status.SNAKE, 0.01
1019, 6, 57, Status.SNAKE, 0.01
1020, 1, 5, Status.SNAKE, 0.01
1021, 5, 28, Status.WALL, 0.01
1022, 3, 14, Status.SNAKE, 0.01
1023, 6, 46, Status.SNAKE, 0.01
1024, 8, 60, Status.WALL, 0.01
1025, 1, 10, Status.WALL, 0.01
1026, 1, 7, Status.WALL, 0.01
1027, 8, 55, Status.SNAKE, 0.01
1028, 4, 22, Status.SNAKE, 0.01
1029, 4, 17, Status.SNAKE, 0.01
1030, 1, 21, Status.WALL, 0.01
1031, 2, 7, Status.SNAKE, 0.01
1032, 17, 129, Status.WALL, 0.01
1033, 8, 44, Status.SNAKE, 0.01
1034, 12, 78, Status.SNAKE, 0.01
1035, 11, 62, Status.SNAKE, 0.01
1036, 1, 10, Status.WALL, 0.01
1037, 8, 38, Status.SNAKE, 0.01
1038, 16, 100, Status.SNAKE, 0.01
1039, 7, 71, Status.SNAKE, 0.01
1040, 10, 82, Status.SNAKE, 0.01
1041, 5, 23, Status.SNAKE, 0.01
1042, 10, 65, Status.SNAKE, 0.01
1043, 17, 140, Status.SNAKE, 0.01
1044, 8, 56, Status.SNAKE, 0.01
1045, 3, 20, Status.SNAKE, 0.01
1046, 7, 30, Status.SNAKE, 0.01
1047, 1, 17, Status.SNAKE, 0.01
1048, 6, 51, Status.SNAKE, 0.01
1049, 7, 51, Status.SNAKE, 0.01
1050, 10, 76, Status.WALL, 0.01
1051, 7, 38, Status.SNAKE, 0.01
1052, 4, 35, Status.SNAKE, 0.01
1053, 10, 81, Status.SNAKE, 0.01
1054, 17, 122, Status.SNAKE, 0.01
1055, 5, 47, Status.WALL, 0.01
1056, 10, 69, Status.WALL, 0.01
1057, 12, 90, Status.SNAKE, 0.01
1058, 8, 52, Status.SNAKE, 0.01
1059, 7, 50, Status.SNAKE, 0.01
1060, 7, 55, Status.WALL, 0.01
1061, 6, 46, Status.WALL, 0.01
1062, 2, 13, Status.SNAKE, 0.01
1063, 2, 17, Status.SNAKE, 0.01
1064, 4, 21, Status.WALL, 0.01
1065, 11, 66, Status.SNAKE, 0.01
1066, 12, 78, Status.SNAKE, 0.01
1067, 1, 10, Status.WALL, 0.01
1068, 1, 4, Status.SNAKE, 0.01
1069, 2, 14, Status.SNAKE, 0.01
1070, 6, 47, Status.WALL, 0.01
1071, 14, 76, Status.SNAKE, 0.01
1072, 20, 95, Status.SNAKE, 0.01
1073, 9, 68, Status.WALL, 0.01
1074, 12, 87, Status.SNAKE, 0.01
1075, 6, 33, Status.SNAKE, 0.01
1076, 7, 63, Status.SNAKE, 0.01
1077, 8, 62, Status.SNAKE, 0.01
1078, 8, 58, Status.SNAKE, 0.01
1079, 5, 53, Status.SNAKE, 0.01
1080, 13, 96, Status.SNAKE, 0.01
1081, 4, 22, Status.WALL, 0.01
1082, 10, 83, Status.SNAKE, 0.01
1083, 7, 50, Status.WALL, 0.01
1084, 6, 28, Status.SNAKE, 0.01
1085, 8, 53, Status.SNAKE, 0.01
1086, 7, 38, Status.SNAKE, 0.01
1087, 9, 54, Status.SNAKE, 0.01
1088, 8, 35, Status.SNAKE, 0.01
1089, 2, 28, Status.SNAKE, 0.01
1090, 5, 29, Status.SNAKE, 0.01
1091, 19, 147, Status.SNAKE, 0.01
1092, 7, 34, Status.SNAKE, 0.01
1093, 7, 46, Status.SNAKE, 0.01
1094, 8, 40, Status.SNAKE, 0.01
1095, 7, 40, Status.SNAKE, 0.01
1096, 16, 86, Status.SNAKE, 0.01
1097, 7, 33, Status.SNAKE, 0.01
1098, 12, 78, Status.WALL, 0.01
1099, 7, 38, Status.WALL, 0.01
1100, 12, 67, Status.WALL, 0.01
1101, 4, 22, Status.WALL, 0.01
1102, 9, 68, Status.SNAKE, 0.01
1103, 9, 57, Status.SNAKE, 0.01
1104, 4, 24, Status.SNAKE, 0.01
1105, 1, 13, Status.WALL, 0.01
1106, 10, 49, Status.SNAKE, 0.01
1107, 9, 68, Status.SNAKE, 0.01
1108, 15, 98, Status.SNAKE, 0.01
1109, 15, 84, Status.SNAKE, 0.01
1110, 8, 57, Status.SNAKE, 0.01
1111, 2, 17, Status.SNAKE, 0.01
1112, 8, 56, Status.SNAKE, 0.01
1113, 10, 67, Status.SNAKE, 0.01
1114, 1, 13, Status.SNAKE, 0.01
1115, 12, 88, Status.SNAKE, 0.01
1116, 14, 118, Status.SNAKE, 0.01
1117, 1, 8, Status.WALL, 0.01
1118, 1, 5, Status.SNAKE, 0.01
1119, 10, 60, Status.SNAKE, 0.01
1120, 8, 50, Status.SNAKE, 0.01
1121, 7, 42, Status.SNAKE, 0.01
1122, 3, 20, Status.SNAKE, 0.01
1123, 8, 56, Status.WALL, 0.01
1124, 3, 18, Status.SNAKE, 0.01
1125, 6, 25, Status.SNAKE, 0.01
1126, 8, 46, Status.WALL, 0.01
1127, 3, 19, Status.SNAKE, 0.01
1128, 16, 83, Status.WALL, 0.01
1129, 9, 63, Status.SNAKE, 0.01
1130, 6, 48, Status.SNAKE, 0.01
1131, 3, 27, Status.SNAKE, 0.01
1132, 10, 72, Status.SNAKE, 0.01
1133, 2, 14, Status.WALL, 0.01
1134, 1, 5, Status.SNAKE, 0.01
1135, 3, 13, Status.SNAKE, 0.01
1136, 3, 18, Status.WALL, 0.01
1137, 4, 21, Status.SNAKE, 0.01
1138, 4, 30, Status.SNAKE, 0.01
1139, 3, 29, Status.SNAKE, 0.01
1140, 12, 71, Status.SNAKE, 0.01
1141, 10, 86, Status.SNAKE, 0.01
1142, 3, 28, Status.SNAKE, 0.01
1143, 11, 79, Status.SNAKE, 0.01
1144, 13, 75, Status.SNAKE, 0.01
1145, 11, 62, Status.SNAKE, 0.01
1146, 1, 8, Status.SNAKE, 0.01
1147, 16, 93, Status.SNAKE, 0.01
1148, 9, 46, Status.SNAKE, 0.01
1149, 9, 39, Status.SNAKE, 0.01
1150, 11, 55, Status.SNAKE, 0.01
1151, 4, 26, Status.SNAKE, 0.01
1152, 8, 59, Status.SNAKE, 0.01
1153, 5, 21, Status.WALL, 0.01
1154, 11, 69, Status.SNAKE, 0.01
1155, 8, 59, Status.SNAKE, 0.01
1156, 6, 50, Status.SNAKE, 0.01
1157, 4, 31, Status.SNAKE, 0.01
1158, 8, 53, Status.SNAKE, 0.01
1159, 1, 5, Status.SNAKE, 0.01
1160, 5, 39, Status.SNAKE, 0.01
1161, 13, 86, Status.WALL, 0.01
1162, 5, 33, Status.SNAKE, 0.01
1163, 4, 19, Status.SNAKE, 0.01
1164, 12, 70, Status.WALL, 0.01
1165, 14, 88, Status.SNAKE, 0.01
1166, 13, 88, Status.SNAKE, 0.01
1167, 4, 37, Status.SNAKE, 0.01
1168, 2, 10, Status.SNAKE, 0.01
1169, 2, 23, Status.SNAKE, 0.01
1170, 7, 39, Status.SNAKE, 0.01
1171, 4, 40, Status.WALL, 0.01
1172, 10, 73, Status.WALL, 0.01
1173, 11, 83, Status.WALL, 0.01
1174, 6, 39, Status.SNAKE, 0.01
1175, 1, 10, Status.WALL, 0.01
1176, 15, 92, Status.SNAKE, 0.01
1177, 11, 88, Status.SNAKE, 0.01
1178, 8, 49, Status.SNAKE, 0.01
1179, 17, 105, Status.WALL, 0.01
1180, 2, 7, Status.SNAKE, 0.01
1181, 7, 36, Status.WALL, 0.01
1182, 7, 51, Status.SNAKE, 0.01
1183, 16, 112, Status.SNAKE, 0.01
1184, 5, 26, Status.SNAKE, 0.01
1185, 4, 14, Status.WALL, 0.01
1186, 7, 62, Status.SNAKE, 0.01
1187, 1, 6, Status.SNAKE, 0.01
1188, 9, 67, Status.SNAKE, 0.01
1189, 4, 21, Status.SNAKE, 0.01
1190, 7, 56, Status.SNAKE, 0.01
1191, 13, 78, Status.SNAKE, 0.01
1192, 5, 27, Status.SNAKE, 0.01
1193, 5, 26, Status.SNAKE, 0.01
1194, 3, 19, Status.SNAKE, 0.01
1195, 14, 88, Status.WALL, 0.01
1196, 13, 76, Status.WALL, 0.01
1197, 3, 23, Status.SNAKE, 0.01
1198, 7, 45, Status.SNAKE, 0.01
1199, 5, 32, Status.SNAKE, 0.01
1200, 11, 70, Status.SNAKE, 0.01
1201, 1, 3, Status.SNAKE, 0.01
1202, 7, 50, Status.SNAKE, 0.01
1203, 7, 49, Status.SNAKE, 0.01
1204, 8, 45, Status.SNAKE, 0.01
1205, 13, 83, Status.SNAKE, 0.01
1206, 2, 7, Status.WALL, 0.01
1207, 3, 25, Status.WALL, 0.01
1208, 5, 30, Status.WALL, 0.01
1209, 7, 69, Status.WALL, 0.01
1210, 9, 76, Status.WALL, 0.01
1211, 3, 20, Status.SNAKE, 0.01
1212, 12, 97, Status.SNAKE, 0.01
1213, 3, 21, Status.SNAKE, 0.01
1214, 4, 24, Status.SNAKE, 0.01
1215, 7, 56, Status.SNAKE, 0.01
1216, 15, 94, Status.SNAKE, 0.01
1217, 2, 14, Status.SNAKE, 0.01
1218, 11, 109, Status.SNAKE, 0.01
1219, 5, 26, Status.SNAKE, 0.01
1220, 19, 120, Status.WALL, 0.01
1221, 9, 61, Status.SNAKE, 0.01
1222, 10, 72, Status.WALL, 0.01
1223, 14, 104, Status.SNAKE, 0.01
1224, 1, 5, Status.SNAKE, 0.01
1225, 11, 94, Status.SNAKE, 0.01
1226, 11, 82, Status.WALL, 0.01
1227, 14, 94, Status.SNAKE, 0.01
1228, 5, 29, Status.SNAKE, 0.01
1229, 1, 8, Status.WALL, 0.01
1230, 8, 49, Status.WALL, 0.01
1231, 8, 45, Status.SNAKE, 0.01
1232, 9, 60, Status.SNAKE, 0.01
1233, 3, 27, Status.SNAKE, 0.01
1234, 2, 9, Status.WALL, 0.01
1235, 6, 37, Status.SNAKE, 0.01
1236, 1, 13, Status.WALL, 0.01
1237, 6, 30, Status.SNAKE, 0.01
1238, 14, 117, Status.SNAKE, 0.01
1239, 14, 91, Status.SNAKE, 0.01
1240, 14, 93, Status.SNAKE, 0.01
1241, 5, 36, Status.SNAKE, 0.01
1242, 3, 20, Status.WALL, 0.01
1243, 6, 36, Status.SNAKE, 0.01
1244, 12, 73, Status.SNAKE, 0.01
1245, 9, 58, Status.SNAKE, 0.01
1246, 6, 40, Status.SNAKE, 0.01
1247, 1, 3, Status.SNAKE, 0.01
1248, 11, 73, Status.SNAKE, 0.01
1249, 8, 64, Status.SNAKE, 0.01
1250, 13, 79, Status.SNAKE, 0.01
1251, 11, 82, Status.SNAKE, 0.01
1252, 4, 26, Status.WALL, 0.01
1253, 17, 134, Status.SNAKE, 0.01
1254, 6, 46, Status.SNAKE, 0.01
1255, 1, 8, Status.WALL, 0.01
1256, 13, 94, Status.SNAKE, 0.01
1257, 11, 93, Status.SNAKE, 0.01
1258, 7, 45, Status.SNAKE, 0.01
1259, 7, 47, Status.SNAKE, 0.01
1260, 13, 98, Status.SNAKE, 0.01
1261, 6, 43, Status.SNAKE, 0.01
1262, 8, 66, Status.SNAKE, 0.01
1263, 10, 73, Status.WALL, 0.01
1264, 6, 31, Status.WALL, 0.01
1265, 11, 88, Status.SNAKE, 0.01
1266, 2, 14, Status.SNAKE, 0.01
1267, 7, 48, Status.SNAKE, 0.01
1268, 11, 76, Status.SNAKE, 0.01
1269, 7, 41, Status.WALL, 0.01
1270, 7, 63, Status.SNAKE, 0.01
1271, 3, 21, Status.WALL, 0.01
1272, 4, 58, Status.WALL, 0.01
1273, 9, 52, Status.SNAKE, 0.01
1274, 12, 85, Status.SNAKE, 0.01
1275, 2, 10, Status.SNAKE, 0.01
1276, 6, 27, Status.SNAKE, 0.01
1277, 1, 7, Status.SNAKE, 0.01
1278, 8, 41, Status.SNAKE, 0.01
1279, 13, 105, Status.SNAKE, 0.01
1280, 4, 20, Status.SNAKE, 0.01
1281, 1, 6, Status.SNAKE, 0.01
1282, 11, 76, Status.SNAKE, 0.01
1283, 11, 63, Status.SNAKE, 0.01
1284, 12, 82, Status.SNAKE, 0.01
1285, 11, 59, Status.WALL, 0.01
1286, 5, 41, Status.WALL, 0.01
1287, 4, 26, Status.SNAKE, 0.01
1288, 8, 66, Status.SNAKE, 0.01
1289, 16, 135, Status.SNAKE, 0.01
1290, 11, 68, Status.SNAKE, 0.01
1291, 5, 44, Status.SNAKE, 0.01
1292, 10, 86, Status.SNAKE, 0.01
1293, 8, 56, Status.SNAKE, 0.01
1294, 10, 65, Status.SNAKE, 0.01
1295, 9, 50, Status.SNAKE, 0.01
1296, 5, 33, Status.SNAKE, 0.01
1297, 4, 18, Status.SNAKE, 0.01
1298, 10, 79, Status.WALL, 0.01
1299, 7, 46, Status.SNAKE, 0.01
1300, 3, 25, Status.WALL, 0.01
1301, 6, 49, Status.SNAKE, 0.01
1302, 11, 85, Status.WALL, 0.01
1303, 6, 37, Status.SNAKE, 0.01
1304, 7, 54, Status.SNAKE, 0.01
1305, 8, 59, Status.SNAKE, 0.01
1306, 10, 83, Status.SNAKE, 0.01
1307, 5, 29, Status.SNAKE, 0.01
1308, 11, 90, Status.SNAKE, 0.01
1309, 4, 30, Status.SNAKE, 0.01
1310, 9, 60, Status.SNAKE, 0.01
1311, 9, 62, Status.SNAKE, 0.01
1312, 11, 88, Status.WALL, 0.01
1313, 13, 78, Status.SNAKE, 0.01
1314, 3, 22, Status.SNAKE, 0.01
1315, 13, 74, Status.SNAKE, 0.01
1316, 18, 103, Status.SNAKE, 0.01
1317, 20, 105, Status.SNAKE, 0.01
1318, 10, 44, Status.SNAKE, 0.01
1319, 15, 98, Status.WALL, 0.01
1320, 11, 66, Status.SNAKE, 0.01
1321, 8, 50, Status.WALL, 0.01
1322, 6, 33, Status.SNAKE, 0.01
1323, 11, 83, Status.SNAKE, 0.01
1324, 20, 142, Status.SNAKE, 0.01
1325, 5, 37, Status.SNAKE, 0.01
1326, 10, 69, Status.SNAKE, 0.01
1327, 7, 49, Status.WALL, 0.01
1328, 8, 58, Status.SNAKE, 0.01
1329, 9, 56, Status.SNAKE, 0.01
1330, 9, 51, Status.SNAKE, 0.01
1331, 4, 29, Status.SNAKE, 0.01
1332, 11, 70, Status.SNAKE, 0.01
1333, 12, 79, Status.SNAKE, 0.01
1334, 2, 14, Status.WALL, 0.01
1335, 7, 37, Status.SNAKE, 0.01
1336, 4, 17, Status.SNAKE, 0.01
1337, 8, 47, Status.SNAKE, 0.01
1338, 5, 26, Status.WALL, 0.01
1339, 5, 39, Status.SNAKE, 0.01
1340, 13, 74, Status.SNAKE, 0.01
1341, 7, 58, Status.SNAKE, 0.01
1342, 9, 54, Status.SNAKE, 0.01
1343, 5, 32, Status.WALL, 0.01
1344, 5, 31, Status.SNAKE, 0.01
1345, 8, 68, Status.WALL, 0.01
1346, 12, 108, Status.SNAKE, 0.01
1347, 10, 67, Status.SNAKE, 0.01
1348, 11, 81, Status.SNAKE, 0.01
1349, 8, 40, Status.WALL, 0.01
1350, 11, 74, Status.WALL, 0.01
1351, 7, 57, Status.WALL, 0.01
1352, 1, 7, Status.SNAKE, 0.01
1353, 5, 40, Status.SNAKE, 0.01
1354, 19, 131, Status.SNAKE, 0.01
1355, 4, 22, Status.WALL, 0.01
1356, 14, 107, Status.SNAKE, 0.01
1357, 4, 26, Status.SNAKE, 0.01
1358, 9, 65, Status.SNAKE, 0.01
1359, 4, 27, Status.SNAKE, 0.01
1360, 12, 81, Status.SNAKE, 0.01
1361, 11, 83, Status.SNAKE, 0.01
1362, 15, 88, Status.SNAKE, 0.01
1363, 16, 107, Status.SNAKE, 0.01
1364, 16, 108, Status.SNAKE, 0.01
1365, 5, 21, Status.SNAKE, 0.01
1366, 4, 23, Status.SNAKE, 0.01
1367, 12, 81, Status.SNAKE, 0.01
1368, 6, 49, Status.SNAKE, 0.01
1369, 6, 49, Status.SNAKE, 0.01
1370, 11, 73, Status.SNAKE, 0.01
1371, 2, 16, Status.SNAKE, 0.01
1372, 14, 74, Status.SNAKE, 0.01
1373, 11, 79, Status.SNAKE, 0.01
1374, 12, 53, Status.SNAKE, 0.01
1375, 10, 61, Status.SNAKE, 0.01
1376, 15, 80, Status.WALL, 0.01
1377, 6, 39, Status.SNAKE, 0.01
1378, 9, 50, Status.SNAKE, 0.01
1379, 5, 41, Status.SNAKE, 0.01
1380, 4, 26, Status.SNAKE, 0.01
1381, 6, 42, Status.SNAKE, 0.01
1382, 8, 35, Status.SNAKE, 0.01
1383, 8, 52, Status.WALL, 0.01
1384, 10, 49, Status.SNAKE, 0.01
1385, 5, 36, Status.SNAKE, 0.01
1386, 22, 176, Status.SNAKE, 0.01
1387, 12, 95, Status.SNAKE, 0.01
1388, 6, 56, Status.WALL, 0.01
1389, 15, 90, Status.SNAKE, 0.01
1390, 5, 28, Status.SNAKE, 0.01
1391, 5, 31, Status.SNAKE, 0.01
1392, 1, 6, Status.SNAKE, 0.01
1393, 8, 45, Status.SNAKE, 0.01
1394, 5, 30, Status.SNAKE, 0.01
1395, 8, 54, Status.SNAKE, 0.01
1396, 7, 43, Status.WALL, 0.01
1397, 18, 132, Status.WALL, 0.01
1398, 4, 22, Status.SNAKE, 0.01
1399, 7, 47, Status.SNAKE, 0.01
1400, 16, 115, Status.WALL, 0.01
1401, 8, 58, Status.WALL, 0.01
1402, 9, 63, Status.SNAKE, 0.01
1403, 4, 29, Status.SNAKE, 0.01
1404, 10, 63, Status.SNAKE, 0.01
1405, 14, 118, Status.SNAKE, 0.01
1406, 8, 41, Status.SNAKE, 0.01
1407, 2, 8, Status.SNAKE, 0.01
1408, 8, 54, Status.SNAKE, 0.01
1409, 11, 79, Status.SNAKE, 0.01
1410, 11, 60, Status.SNAKE, 0.01
1411, 5, 37, Status.SNAKE, 0.01
1412, 9, 82, Status.SNAKE, 0.01
1413, 13, 72, Status.SNAKE, 0.01
1414, 9, 52, Status.WALL, 0.01
1415, 16, 106, Status.SNAKE, 0.01
1416, 5, 34, Status.SNAKE, 0.01
1417, 16, 125, Status.WALL, 0.01
1418, 7, 43, Status.SNAKE, 0.01
1419, 8, 44, Status.SNAKE, 0.01
1420, 10, 66, Status.SNAKE, 0.01
1421, 5, 34, Status.WALL, 0.01
1422, 14, 82, Status.SNAKE, 0.01
1423, 8, 56, Status.SNAKE, 0.01
1424, 3, 12, Status.SNAKE, 0.01
1425, 17, 138, Status.SNAKE, 0.01
1426, 6, 35, Status.SNAKE, 0.01
1427, 5, 48, Status.WALL, 0.01
1428, 10, 58, Status.SNAKE, 0.01
1429, 7, 46, Status.WALL, 0.01
1430, 10, 57, Status.SNAKE, 0.01
1431, 13, 81, Status.SNAKE, 0.01
1432, 11, 77, Status.WALL, 0.01
1433, 3, 22, Status.WALL, 0.01
1434, 5, 27, Status.WALL, 0.01
1435, 4, 21, Status.SNAKE, 0.01
1436, 9, 55, Status.SNAKE, 0.01
1437, 1, 10, Status.WALL, 0.01
1438, 9, 74, Status.SNAKE, 0.01
1439, 6, 28, Status.SNAKE, 0.01
1440, 7, 51, Status.SNAKE, 0.01
1441, 11, 82, Status.SNAKE, 0.01
1442, 13, 68, Status.SNAKE, 0.01
1443, 4, 22, Status.SNAKE, 0.01
1444, 6, 32, Status.WALL, 0.01
1445, 3, 16, Status.SNAKE, 0.01
1446, 7, 40, Status.SNAKE, 0.01
1447, 10, 63, Status.SNAKE, 0.01
1448, 2, 12, Status.WALL, 0.01
1449, 17, 112, Status.WALL, 0.01
1450, 4, 29, Status.SNAKE, 0.01
1451, 5, 24, Status.WALL, 0.01
1452, 18, 127, Status.SNAKE, 0.01
1453, 3, 25, Status.SNAKE, 0.01
1454, 21, 144, Status.SNAKE, 0.01
1455, 5, 39, Status.SNAKE, 0.01
1456, 1, 8, Status.WALL, 0.01
1457, 3, 19, Status.SNAKE, 0.01
1458, 1, 3, Status.SNAKE, 0.01
1459, 13, 64, Status.WALL, 0.01
1460, 14, 110, Status.SNAKE, 0.01
1461, 1, 3, Status.SNAKE, 0.01
1462, 11, 60, Status.SNAKE, 0.01
1463, 14, 76, Status.SNAKE, 0.01
1464, 13, 95, Status.SNAKE, 0.01
1465, 6, 26, Status.SNAKE, 0.01
1466, 10, 66, Status.SNAKE, 0.01
1467, 17, 109, Status.SNAKE, 0.01
1468, 10, 70, Status.SNAKE, 0.01
1469, 4, 30, Status.SNAKE, 0.01
1470, 9, 73, Status.SNAKE, 0.01
1471, 2, 18, Status.SNAKE, 0.01
1472, 6, 45, Status.WALL, 0.01
1473, 3, 22, Status.SNAKE, 0.01
1474, 8, 34, Status.SNAKE, 0.01
1475, 4, 18, Status.SNAKE, 0.01
1476, 17, 104, Status.SNAKE, 0.01
1477, 2, 19, Status.WALL, 0.01
1478, 5, 44, Status.SNAKE, 0.01
1479, 5, 41, Status.SNAKE, 0.01
1480, 13, 78, Status.SNAKE, 0.01
1481, 10, 71, Status.SNAKE, 0.01
1482, 4, 30, Status.SNAKE, 0.01
1483, 5, 25, Status.SNAKE, 0.01
1484, 14, 85, Status.SNAKE, 0.01
1485, 7, 48, Status.WALL, 0.01
1486, 7, 43, Status.SNAKE, 0.01
1487, 5, 37, Status.SNAKE, 0.01
1488, 11, 58, Status.SNAKE, 0.01
1489, 16, 82, Status.SNAKE, 0.01
1490, 8, 54, Status.SNAKE, 0.01
1491, 3, 12, Status.SNAKE, 0.01
1492, 10, 77, Status.SNAKE, 0.01
1493, 13, 98, Status.SNAKE, 0.01
1494, 1, 10, Status.WALL, 0.01
1495, 15, 127, Status.SNAKE, 0.01
1496, 9, 37, Status.WALL, 0.01
1497, 14, 90, Status.SNAKE, 0.01
1498, 7, 50, Status.SNAKE, 0.01
1499, 8, 49, Status.SNAKE, 0.01
1500, 10, 62, Status.WALL, 0.01
1501, 3, 26, Status.SNAKE, 0.01
1502, 1, 3, Status.SNAKE, 0.01
1503, 16, 123, Status.WALL, 0.01
1504, 3, 25, Status.WALL, 0.01
1505, 7, 41, Status.SNAKE, 0.01
1506, 12, 87, Status.SNAKE, 0.01
1507, 2, 11, Status.WALL, 0.01
1508, 8, 63, Status.SNAKE, 0.01
1509, 7, 43, Status.SNAKE, 0.01
1510, 6, 49, Status.SNAKE, 0.01
1511, 10, 71, Status.SNAKE, 0.01
1512, 6, 45, Status.SNAKE, 0.01
1513, 10, 62, Status.SNAKE, 0.01
1514, 5, 36, Status.WALL, 0.01
1515, 3, 23, Status.SNAKE, 0.01
1516, 8, 65, Status.SNAKE, 0.01
1517, 11, 65, Status.SNAKE, 0.01
1518, 6, 37, Status.WALL, 0.01
1519, 9, 49, Status.SNAKE, 0.01
1520, 1, 6, Status.SNAKE, 0.01
1521, 5, 32, Status.SNAKE, 0.01
1522, 8, 68, Status.SNAKE, 0.01
1523, 1, 3, Status.SNAKE, 0.01
1524, 1, 10, Status.WALL, 0.01
1525, 1, 5, Status.SNAKE, 0.01
1526, 4, 30, Status.WALL, 0.01
1527, 1, 5, Status.SNAKE, 0.01
1528, 7, 48, Status.SNAKE, 0.01
1529, 2, 14, Status.WALL, 0.01
1530, 16, 103, Status.SNAKE, 0.01
1531, 11, 89, Status.SNAKE, 0.01
1532, 9, 58, Status.SNAKE, 0.01
1533, 3, 22, Status.WALL, 0.01
1534, 4, 28, Status.SNAKE, 0.01
1535, 8, 54, Status.SNAKE, 0.01
1536, 9, 68, Status.SNAKE, 0.01
1537, 20, 148, Status.SNAKE, 0.01
1538, 10, 75, Status.SNAKE, 0.01
1539, 1, 5, Status.SNAKE, 0.01
1540, 15, 100, Status.SNAKE, 0.01
1541, 7, 67, Status.SNAKE, 0.01
1542, 10, 103, Status.SNAKE, 0.01
1543, 9, 40, Status.SNAKE, 0.01
1544, 14, 84, Status.SNAKE, 0.01
1545, 11, 62, Status.SNAKE, 0.01
1546, 3, 18, Status.WALL, 0.01
1547, 2, 11, Status.WALL, 0.01
1548, 8, 43, Status.SNAKE, 0.01
1549, 9, 59, Status.SNAKE, 0.01
1550, 6, 50, Status.SNAKE, 0.01
1551, 11, 82, Status.SNAKE, 0.01
1552, 9, 50, Status.WALL, 0.01
1553, 11, 85, Status.SNAKE, 0.01
1554, 9, 59, Status.SNAKE, 0.01
1555, 11, 56, Status.SNAKE, 0.01
1556, 5, 25, Status.SNAKE, 0.01
1557, 13, 83, Status.SNAKE, 0.01
1558, 13, 89, Status.SNAKE, 0.01
1559, 9, 84, Status.SNAKE, 0.01
1560, 6, 38, Status.SNAKE, 0.01
1561, 1, 6, Status.WALL, 0.01
1562, 5, 36, Status.SNAKE, 0.01
1563, 6, 46, Status.WALL, 0.01
1564, 7, 23, Status.SNAKE, 0.01
1565, 5, 34, Status.SNAKE, 0.01
1566, 6, 39, Status.WALL, 0.01
1567, 4, 28, Status.WALL, 0.01
1568, 8, 51, Status.SNAKE, 0.01
1569, 1, 10, Status.WALL, 0.01
1570, 5, 35, Status.WALL, 0.01
1571, 6, 55, Status.SNAKE, 0.01
1572, 11, 54, Status.SNAKE, 0.01
1573, 1, 8, Status.WALL, 0.01
1574, 4, 18, Status.SNAKE, 0.01
1575, 19, 109, Status.WALL, 0.01
1576, 12, 93, Status.SNAKE, 0.01
1577, 8, 57, Status.WALL, 0.01
1578, 9, 71, Status.SNAKE, 0.01
1579, 1, 8, Status.SNAKE, 0.01
1580, 4, 16, Status.SNAKE, 0.01
1581, 12, 53, Status.SNAKE, 0.01
1582, 1, 5, Status.SNAKE, 0.01
1583, 10, 58, Status.SNAKE, 0.01
1584, 8, 57, Status.SNAKE, 0.01
1585, 1, 3, Status.SNAKE, 0.01
1586, 2, 13, Status.SNAKE, 0.01
1587, 10, 72, Status.SNAKE, 0.01
1588, 8, 64, Status.WALL, 0.01
1589, 10, 74, Status.SNAKE, 0.01
1590, 9, 51, Status.SNAKE, 0.01
1591, 17, 149, Status.SNAKE, 0.01
1592, 9, 39, Status.SNAKE, 0.01
1593, 8, 37, Status.WALL, 0.01
1594, 5, 31, Status.SNAKE, 0.01
1595, 12, 104, Status.WALL, 0.01
1596, 1, 3, Status.SNAKE, 0.01
1597, 3, 39, Status.WALL, 0.01
1598, 3, 18, Status.WALL, 0.01
1599, 2, 15, Status.SNAKE, 0.01
1600, 10, 78, Status.SNAKE, 0.01
1601, 9, 59, Status.SNAKE, 0.01
1602, 6, 40, Status.SNAKE, 0.01
1603, 8, 51, Status.WALL, 0.01
1604, 4, 29, Status.WALL, 0.01
1605, 12, 94, Status.SNAKE, 0.01
1606, 1, 5, Status.SNAKE, 0.01
1607, 7, 46, Status.SNAKE, 0.01
1608, 1, 5, Status.SNAKE, 0.01
1609, 1, 18, Status.WALL, 0.01
1610, 2, 5, Status.SNAKE, 0.01
1611, 9, 48, Status.SNAKE, 0.01
1612, 13, 73, Status.SNAKE, 0.01
1613, 7, 38, Status.SNAKE, 0.01
1614, 15, 97, Status.SNAKE, 0.01
1615, 5, 31, Status.SNAKE, 0.01
1616, 12, 84, Status.SNAKE, 0.01
1617, 3, 8, Status.SNAKE, 0.01
1618, 16, 110, Status.SNAKE, 0.01
1619, 8, 37, Status.SNAKE, 0.01
1620, 8, 33, Status.SNAKE, 0.01
1621, 13, 80, Status.SNAKE, 0.01
1622, 9, 45, Status.WALL, 0.01
1623, 7, 27, Status.SNAKE, 0.01
1624, 9, 59, Status.SNAKE, 0.01
1625, 9, 48, Status.SNAKE, 0.01
1626, 13, 78, Status.SNAKE, 0.01
1627, 9, 63, Status.WALL, 0.01
1628, 3, 16, Status.SNAKE, 0.01
1629, 7, 51, Status.SNAKE, 0.01
1630, 14, 90, Status.SNAKE, 0.01
1631, 5, 39, Status.SNAKE, 0.01
1632, 11, 96, Status.SNAKE, 0.01
1633, 8, 51, Status.SNAKE, 0.01
1634, 1, 3, Status.SNAKE, 0.01
1635, 2, 11, Status.SNAKE, 0.01
1636, 9, 48, Status.SNAKE, 0.01
1637, 5, 38, Status.WALL, 0.01
1638, 18, 123, Status.SNAKE, 0.01
1639, 5, 27, Status.SNAKE, 0.01
1640, 6, 41, Status.SNAKE, 0.01
1641, 2, 12, Status.WALL, 0.01
1642, 4, 25, Status.SNAKE, 0.01
1643, 11, 73, Status.SNAKE, 0.01
1644, 8, 62, Status.SNAKE, 0.01
1645, 9, 71, Status.SNAKE, 0.01
1646, 16, 113, Status.SNAKE, 0.01
1647, 7, 36, Status.SNAKE, 0.01
1648, 10, 44, Status.SNAKE, 0.01
1649, 4, 32, Status.SNAKE, 0.01
1650, 21, 134, Status.SNAKE, 0.01
1651, 17, 137, Status.SNAKE, 0.01
1652, 9, 65, Status.SNAKE, 0.01
1653, 6, 40, Status.SNAKE, 0.01
1654, 0, 8, Status.WALL, 0.01
1655, 13, 67, Status.SNAKE, 0.01
1656, 12, 70, Status.SNAKE, 0.01
1657, 8, 63, Status.SNAKE, 0.01
1658, 12, 75, Status.SNAKE, 0.01
1659, 14, 125, Status.SNAKE, 0.01
1660, 7, 42, Status.SNAKE, 0.01
1661, 2, 15, Status.WALL, 0.01
1662, 6, 45, Status.SNAKE, 0.01
1663, 2, 14, Status.WALL, 0.01
1664, 1, 5, Status.SNAKE, 0.01
1665, 5, 24, Status.SNAKE, 0.01
1666, 6, 42, Status.SNAKE, 0.01
1667, 7, 45, Status.SNAKE, 0.01
1668, 7, 43, Status.SNAKE, 0.01
1669, 2, 11, Status.SNAKE, 0.01
1670, 14, 76, Status.SNAKE, 0.01
1671, 9, 71, Status.SNAKE, 0.01
1672, 18, 129, Status.SNAKE, 0.01
1673, 3, 33, Status.WALL, 0.01
1674, 1, 5, Status.SNAKE, 0.01
1675, 8, 55, Status.SNAKE, 0.01
1676, 15, 112, Status.SNAKE, 0.01
1677, 2, 7, Status.SNAKE, 0.01
1678, 8, 58, Status.SNAKE, 0.01
1679, 12, 88, Status.SNAKE, 0.01
1680, 8, 54, Status.SNAKE, 0.01
1681, 14, 107, Status.WALL, 0.01
1682, 7, 38, Status.SNAKE, 0.01
1683, 8, 70, Status.SNAKE, 0.01
1684, 2, 15, Status.SNAKE, 0.01
1685, 12, 82, Status.SNAKE, 0.01
1686, 7, 53, Status.SNAKE, 0.01
1687, 5, 32, Status.SNAKE, 0.01
1688, 12, 115, Status.SNAKE, 0.01
1689, 4, 22, Status.SNAKE, 0.01
1690, 15, 99, Status.SNAKE, 0.01
1691, 11, 80, Status.SNAKE, 0.01
1692, 1, 3, Status.SNAKE, 0.01
1693, 4, 33, Status.SNAKE, 0.01
1694, 4, 20, Status.SNAKE, 0.01
1695, 4, 19, Status.SNAKE, 0.01
1696, 11, 78, Status.SNAKE, 0.01
1697, 9, 64, Status.SNAKE, 0.01
1698, 10, 68, Status.SNAKE, 0.01
1699, 12, 94, Status.SNAKE, 0.01
1700, 15, 100, Status.SNAKE, 0.01
1701, 2, 20, Status.SNAKE, 0.01
1702, 10, 63, Status.SNAKE, 0.01
1703, 14, 102, Status.SNAKE, 0.01
1704, 8, 37, Status.SNAKE, 0.01
1705, 9, 73, Status.SNAKE, 0.01
1706, 14, 93, Status.SNAKE, 0.01
1707, 7, 61, Status.SNAKE, 0.01
1708, 8, 49, Status.SNAKE, 0.01
1709, 3, 29, Status.SNAKE, 0.01
1710, 8, 63, Status.SNAKE, 0.01
1711, 9, 62, Status.WALL, 0.01
1712, 7, 46, Status.SNAKE, 0.01
1713, 13, 107, Status.SNAKE, 0.01
1714, 5, 44, Status.WALL, 0.01
1715, 3, 24, Status.SNAKE, 0.01
1716, 3, 30, Status.SNAKE, 0.01
1717, 11, 65, Status.SNAKE, 0.01
1718, 11, 69, Status.SNAKE, 0.01
1719, 2, 18, Status.SNAKE, 0.01
1720, 8, 51, Status.SNAKE, 0.01
1721, 5, 36, Status.SNAKE, 0.01
1722, 3, 21, Status.SNAKE, 0.01
1723, 8, 60, Status.SNAKE, 0.01
1724, 14, 98, Status.SNAKE, 0.01
1725, 12, 82, Status.WALL, 0.01
1726, 9, 50, Status.SNAKE, 0.01
1727, 12, 101, Status.WALL, 0.01
1728, 5, 45, Status.WALL, 0.01
1729, 1, 8, Status.SNAKE, 0.01
1730, 1, 7, Status.WALL, 0.01
1731, 6, 23, Status.SNAKE, 0.01
1732, 7, 59, Status.WALL, 0.01
1733, 13, 88, Status.SNAKE, 0.01
1734, 5, 30, Status.SNAKE, 0.01
1735, 1, 7, Status.WALL, 0.01
1736, 1, 12, Status.WALL, 0.01
1737, 10, 69, Status.SNAKE, 0.01
1738, 18, 100, Status.SNAKE, 0.01
1739, 15, 128, Status.SNAKE, 0.01
1740, 8, 47, Status.WALL, 0.01
1741, 7, 36, Status.SNAKE, 0.01
1742, 6, 24, Status.WALL, 0.01
1743, 1, 7, Status.WALL, 0.01
1744, 7, 64, Status.SNAKE, 0.01
1745, 13, 87, Status.SNAKE, 0.01
1746, 7, 61, Status.SNAKE, 0.01
1747, 1, 3, Status.SNAKE, 0.01
1748, 0, 7, Status.WALL, 0.01
1749, 12, 76, Status.SNAKE, 0.01
1750, 15, 112, Status.SNAKE, 0.01
1751, 6, 35, Status.SNAKE, 0.01
1752, 7, 46, Status.SNAKE, 0.01
1753, 10, 80, Status.SNAKE, 0.01
1754, 11, 92, Status.SNAKE, 0.01
1755, 11, 71, Status.SNAKE, 0.01
1756, 7, 56, Status.SNAKE, 0.01
1757, 8, 51, Status.SNAKE, 0.01
1758, 10, 85, Status.WALL, 0.01
1759, 7, 36, Status.SNAKE, 0.01
1760, 13, 97, Status.SNAKE, 0.01
1761, 13, 85, Status.SNAKE, 0.01
1762, 8, 60, Status.SNAKE, 0.01
1763, 2, 18, Status.SNAKE, 0.01
1764, 1, 10, Status.SNAKE, 0.01
1765, 1, 3, Status.SNAKE, 0.01
1766, 12, 75, Status.SNAKE, 0.01
1767, 4, 30, Status.SNAKE, 0.01
1768, 4, 21, Status.SNAKE, 0.01
1769, 6, 29, Status.WALL, 0.01
1770, 15, 119, Status.WALL, 0.01
1771, 0, 10, Status.WALL, 0.01
1772, 6, 27, Status.SNAKE, 0.01
1773, 10, 85, Status.SNAKE, 0.01
1774, 5, 43, Status.WALL, 0.01
1775, 2, 9, Status.SNAKE, 0.01
1776, 4, 20, Status.SNAKE, 0.01
1777, 7, 54, Status.WALL, 0.01
1778, 6, 26, Status.SNAKE, 0.01
1779, 3, 36, Status.SNAKE, 0.01
1780, 11, 68, Status.SNAKE, 0.01
1781, 13, 91, Status.SNAKE, 0.01
1782, 7, 57, Status.SNAKE, 0.01
1783, 3, 10, Status.SNAKE, 0.01
1784, 5, 44, Status.SNAKE, 0.01
1785, 16, 87, Status.SNAKE, 0.01
1786, 5, 45, Status.WALL, 0.01
1787, 5, 35, Status.SNAKE, 0.01
1788, 5, 48, Status.SNAKE, 0.01
1789, 10, 42, Status.SNAKE, 0.01
1790, 2, 19, Status.SNAKE, 0.01
1791, 8, 44, Status.SNAKE, 0.01
1792, 10, 68, Status.WALL, 0.01
1793, 2, 17, Status.SNAKE, 0.01
1794, 3, 20, Status.WALL, 0.01
1795, 5, 32, Status.SNAKE, 0.01
1796, 5, 19, Status.SNAKE, 0.01
1797, 10, 79, Status.SNAKE, 0.01
1798, 7, 39, Status.SNAKE, 0.01
1799, 1, 3, Status.SNAKE, 0.01
1800, 6, 49, Status.WALL, 0.01
1801, 12, 109, Status.SNAKE, 0.01
1802, 15, 123, Status.SNAKE, 0.01
1803, 7, 53, Status.SNAKE, 0.01
1804, 1, 10, Status.WALL, 0.01
1805, 9, 52, Status.WALL, 0.01
1806, 3, 28, Status.WALL, 0.01
1807, 3, 19, Status.SNAKE, 0.01
1808, 8, 42, Status.SNAKE, 0.01
1809, 17, 103, Status.SNAKE, 0.01
1810, 1, 6, Status.SNAKE, 0.01
1811, 7, 47, Status.SNAKE, 0.01
1812, 9, 70, Status.SNAKE, 0.01
1813, 8, 46, Status.SNAKE, 0.01
1814, 11, 79, Status.SNAKE, 0.01
1815, 2, 9, Status.SNAKE, 0.01
1816, 7, 67, Status.SNAKE, 0.01
1817, 13, 76, Status.SNAKE, 0.01
1818, 2, 20, Status.SNAKE, 0.01
1819, 5, 27, Status.SNAKE, 0.01
1820, 13, 76, Status.SNAKE, 0.01
1821, 5, 36, Status.WALL, 0.01
1822, 2, 16, Status.SNAKE, 0.01
1823, 10, 70, Status.SNAKE, 0.01
1824, 10, 45, Status.SNAKE, 0.01
1825, 13, 92, Status.WALL, 0.01
1826, 2, 10, Status.SNAKE, 0.01
1827, 4, 19, Status.WALL, 0.01
1828, 4, 20, Status.SNAKE, 0.01
1829, 15, 120, Status.SNAKE, 0.01
1830, 2, 13, Status.SNAKE, 0.01
1831, 9, 70, Status.SNAKE, 0.01
1832, 5, 40, Status.SNAKE, 0.01
1833, 4, 20, Status.SNAKE, 0.01
1834, 10, 63, Status.SNAKE, 0.01
1835, 16, 114, Status.SNAKE, 0.01
1836, 3, 29, Status.WALL, 0.01
1837, 15, 104, Status.SNAKE, 0.01
1838, 2, 12, Status.SNAKE, 0.01
1839, 12, 77, Status.SNAKE, 0.01
1840, 10, 66, Status.SNAKE, 0.01
1841, 7, 48, Status.SNAKE, 0.01
1842, 4, 15, Status.SNAKE, 0.01
1843, 7, 47, Status.SNAKE, 0.01
1844, 8, 45, Status.SNAKE, 0.01
1845, 5, 25, Status.SNAKE, 0.01
1846, 12, 85, Status.WALL, 0.01
1847, 5, 31, Status.SNAKE, 0.01
1848, 7, 51, Status.WALL, 0.01
1849, 9, 58, Status.WALL, 0.01
1850, 16, 96, Status.SNAKE, 0.01
1851, 6, 46, Status.WALL, 0.01
1852, 9, 61, Status.SNAKE, 0.01
1853, 1, 8, Status.SNAKE, 0.01
1854, 1, 3, Status.SNAKE, 0.01
1855, 3, 25, Status.SNAKE, 0.01
1856, 9, 72, Status.WALL, 0.01
1857, 5, 24, Status.SNAKE, 0.01
1858, 17, 145, Status.SNAKE, 0.01
1859, 3, 13, Status.SNAKE, 0.01
1860, 6, 43, Status.SNAKE, 0.01
1861, 3, 20, Status.SNAKE, 0.01
1862, 7, 54, Status.WALL, 0.01
1863, 0, 7, Status.WALL, 0.01
1864, 14, 88, Status.SNAKE, 0.01
1865, 1, 5, Status.SNAKE, 0.01
1866, 3, 23, Status.SNAKE, 0.01
1867, 2, 25, Status.SNAKE, 0.01
1868, 1, 10, Status.WALL, 0.01
1869, 5, 30, Status.SNAKE, 0.01
1870, 15, 98, Status.WALL, 0.01
1871, 5, 37, Status.SNAKE, 0.01
1872, 11, 82, Status.SNAKE, 0.01
1873, 1, 6, Status.SNAKE, 0.01
1874, 7, 51, Status.SNAKE, 0.01
1875, 7, 70, Status.SNAKE, 0.01
1876, 2, 17, Status.WALL, 0.01
1877, 18, 151, Status.WALL, 0.01
1878, 15, 100, Status.SNAKE, 0.01
1879, 5, 26, Status.SNAKE, 0.01
1880, 7, 43, Status.SNAKE, 0.01
1881, 2, 24, Status.WALL, 0.01
1882, 2, 15, Status.SNAKE, 0.01
1883, 8, 74, Status.WALL, 0.01
1884, 5, 43, Status.SNAKE, 0.01
1885, 8, 39, Status.WALL, 0.01
1886, 4, 30, Status.WALL, 0.01
1887, 8, 53, Status.WALL, 0.01
1888, 2, 18, Status.WALL, 0.01
1889, 8, 46, Status.SNAKE, 0.01
1890, 5, 37, Status.SNAKE, 0.01
1891, 4, 31, Status.WALL, 0.01
1892, 11, 69, Status.SNAKE, 0.01
1893, 10, 74, Status.SNAKE, 0.01
1894, 17, 104, Status.SNAKE, 0.01
1895, 11, 70, Status.SNAKE, 0.01
1896, 6, 38, Status.SNAKE, 0.01
1897, 2, 15, Status.SNAKE, 0.01
1898, 12, 85, Status.SNAKE, 0.01
1899, 8, 45, Status.SNAKE, 0.01
1900, 15, 90, Status.SNAKE, 0.01
1901, 7, 46, Status.SNAKE, 0.01
1902, 18, 95, Status.SNAKE, 0.01
1903, 12, 84, Status.SNAKE, 0.01
1904, 3, 22, Status.SNAKE, 0.01
1905, 10, 74, Status.SNAKE, 0.01
1906, 6, 49, Status.SNAKE, 0.01
1907, 12, 110, Status.SNAKE, 0.01
1908, 6, 24, Status.WALL, 0.01
1909, 11, 69, Status.SNAKE, 0.01
1910, 8, 55, Status.SNAKE, 0.01
1911, 5, 33, Status.SNAKE, 0.01
1912, 3, 19, Status.SNAKE, 0.01
1913, 7, 53, Status.SNAKE, 0.01
1914, 1, 3, Status.SNAKE, 0.01
1915, 9, 49, Status.WALL, 0.01
1916, 12, 71, Status.SNAKE, 0.01
1917, 18, 115, Status.WALL, 0.01
1918, 15, 104, Status.SNAKE, 0.01
1919, 6, 29, Status.WALL, 0.01
1920, 7, 46, Status.WALL, 0.01
1921, 15, 108, Status.SNAKE, 0.01
1922, 4, 17, Status.SNAKE, 0.01
1923, 3, 30, Status.WALL, 0.01
1924, 6, 55, Status.WALL, 0.01
1925, 2, 28, Status.WALL, 0.01
1926, 11, 49, Status.SNAKE, 0.01
1927, 5, 23, Status.SNAKE, 0.01
1928, 8, 62, Status.SNAKE, 0.01
1929, 5, 27, Status.SNAKE, 0.01
1930, 5, 23, Status.SNAKE, 0.01
1931, 6, 37, Status.SNAKE, 0.01
1932, 3, 27, Status.WALL, 0.01
1933, 6, 37, Status.SNAKE, 0.01
1934, 2, 25, Status.WALL, 0.01
1935, 4, 18, Status.SNAKE, 0.01
1936, 6, 56, Status.SNAKE, 0.01
1937, 20, 132, Status.SNAKE, 0.01
1938, 10, 52, Status.SNAKE, 0.01
1939, 1, 7, Status.SNAKE, 0.01
1940, 6, 45, Status.SNAKE, 0.01
1941, 11, 73, Status.WALL, 0.01
1942, 8, 61, Status.SNAKE, 0.01
1943, 2, 23, Status.SNAKE, 0.01
1944, 5, 42, Status.SNAKE, 0.01
1945, 3, 23, Status.SNAKE, 0.01
1946, 3, 19, Status.SNAKE, 0.01
1947, 10, 81, Status.SNAKE, 0.01
1948, 10, 79, Status.SNAKE, 0.01
1949, 3, 18, Status.SNAKE, 0.01
1950, 7, 43, Status.SNAKE, 0.01
1951, 9, 62, Status.SNAKE, 0.01
1952, 7, 47, Status.SNAKE, 0.01
1953, 9, 45, Status.SNAKE, 0.01
1954, 4, 30, Status.SNAKE, 0.01
1955, 9, 43, Status.SNAKE, 0.01
1956, 8, 66, Status.SNAKE, 0.01
1957, 5, 37, Status.SNAKE, 0.01
1958, 2, 12, Status.WALL, 0.01
1959, 2, 9, Status.WALL, 0.01
1960, 4, 26, Status.SNAKE, 0.01
1961, 1, 7, Status.SNAKE, 0.01
1962, 14, 86, Status.SNAKE, 0.01
1963, 3, 18, Status.WALL, 0.01
1964, 2, 7, Status.SNAKE, 0.01
1965, 7, 54, Status.SNAKE, 0.01
1966, 2, 6, Status.SNAKE, 0.01
1967, 7, 56, Status.SNAKE, 0.01
1968, 12, 100, Status.WALL, 0.01
1969, 11, 51, Status.SNAKE, 0.01
1970, 7, 50, Status.SNAKE, 0.01
1971, 12, 58, Status.SNAKE, 0.01
1972, 8, 52, Status.SNAKE, 0.01
1973, 7, 36, Status.SNAKE, 0.01
1974, 12, 85, Status.SNAKE, 0.01
1975, 2, 8, Status.SNAKE, 0.01
1976, 9, 56, Status.SNAKE, 0.01
1977, 1, 10, Status.WALL, 0.01
1978, 5, 41, Status.SNAKE, 0.01
1979, 2, 16, Status.SNAKE, 0.01
1980, 2, 13, Status.SNAKE, 0.01
1981, 15, 85, Status.WALL, 0.01
1982, 8, 56, Status.SNAKE, 0.01
1983, 7, 42, Status.SNAKE, 0.01
1984, 10, 71, Status.SNAKE, 0.01
1985, 9, 62, Status.WALL, 0.01
1986, 5, 39, Status.SNAKE, 0.01
1987, 3, 15, Status.WALL, 0.01
1988, 6, 51, Status.SNAKE, 0.01
1989, 3, 25, Status.SNAKE, 0.01
1990, 9, 60, Status.SNAKE, 0.01
1991, 5, 23, Status.WALL, 0.01
1992, 2, 26, Status.WALL, 0.01
1993, 2, 22, Status.WALL, 0.01
1994, 2, 14, Status.SNAKE, 0.01
1995, 9, 73, Status.WALL, 0.01
1996, 12, 75, Status.SNAKE, 0.01
1997, 7, 43, Status.WALL, 0.01
1998, 7, 54, Status.SNAKE, 0.01
1999, 15, 117, Status.SNAKE, 0.01
2000, 11, 77, Status.SNAKE, 0.01
2001, 6, 44, Status.SNAKE, 0.01
2002, 8, 41, Status.SNAKE, 0.01
2003, 11, 83, Status.SNAKE, 0.01
2004, 15, 104, Status.SNAKE, 0.01
2005, 12, 91, Status.WALL, 0.01
2006, 13, 76, Status.SNAKE, 0.01
2007, 13, 88, Status.WALL, 0.01
2008, 8, 79, Status.SNAKE, 0.01
2009, 4, 27, Status.SNAKE, 0.01
2010, 19, 136, Status.WALL, 0.01
2011, 12, 79, Status.WALL, 0.01
2012, 6, 40, Status.SNAKE, 0.01
2013, 5, 38, Status.SNAKE, 0.01
2014, 2, 17, Status.SNAKE, 0.01
2015, 12, 93, Status.SNAKE, 0.01
2016, 6, 37, Status.SNAKE, 0.01
2017, 3, 15, Status.SNAKE, 0.01
2018, 13, 81, Status.SNAKE, 0.01
2019, 11, 77, Status.SNAKE, 0.01
2020, 6, 48, Status.SNAKE, 0.01
2021, 7, 63, Status.SNAKE, 0.01
2022, 11, 87, Status.WALL, 0.01
2023, 8, 46, Status.SNAKE, 0.01
2024, 1, 7, Status.WALL, 0.01
2025, 14, 109, Status.SNAKE, 0.01
2026, 10, 79, Status.SNAKE, 0.01
2027, 11, 65, Status.WALL, 0.01
2028, 2, 17, Status.SNAKE, 0.01
2029, 8, 47, Status.SNAKE, 0.01
2030, 1, 6, Status.SNAKE, 0.01
2031, 13, 74, Status.SNAKE, 0.01
2032, 2, 17, Status.SNAKE, 0.01
2033, 18, 108, Status.SNAKE, 0.01
2034, 5, 30, Status.WALL, 0.01
2035, 11, 62, Status.SNAKE, 0.01
2036, 2, 16, Status.WALL, 0.01
2037, 5, 36, Status.SNAKE, 0.01
2038, 18, 109, Status.SNAKE, 0.01
2039, 3, 25, Status.SNAKE, 0.01
2040, 5, 23, Status.WALL, 0.01
2041, 4, 32, Status.WALL, 0.01
2042, 16, 74, Status.SNAKE, 0.01
2043, 4, 25, Status.SNAKE, 0.01
2044, 1, 8, Status.SNAKE, 0.01
2045, 6, 39, Status.WALL, 0.01
2046, 13, 87, Status.SNAKE, 0.01
2047, 11, 72, Status.SNAKE, 0.01
2048, 8, 46, Status.SNAKE, 0.01
2049, 5, 39, Status.SNAKE, 0.01
2050, 10, 78, Status.SNAKE, 0.01
2051, 9, 51, Status.SNAKE, 0.01
2052, 4, 25, Status.SNAKE, 0.01
2053, 12, 81, Status.SNAKE, 0.01
2054, 8, 43, Status.WALL, 0.01
2055, 9, 64, Status.SNAKE, 0.01
2056, 13, 89, Status.SNAKE, 0.01
2057, 2, 12, Status.WALL, 0.01
2058, 13, 74, Status.SNAKE, 0.01
2059, 7, 58, Status.SNAKE, 0.01
2060, 1, 3, Status.SNAKE, 0.01
2061, 13, 83, Status.SNAKE, 0.01
2062, 6, 38, Status.WALL, 0.01
2063, 4, 24, Status.SNAKE, 0.01
2064, 2, 26, Status.SNAKE, 0.01
2065, 3, 16, Status.SNAKE, 0.01
2066, 11, 60, Status.SNAKE, 0.01
2067, 3, 15, Status.SNAKE, 0.01
2068, 5, 37, Status.SNAKE, 0.01
2069, 4, 29, Status.SNAKE, 0.01
2070, 9, 68, Status.SNAKE, 0.01
2071, 9, 61, Status.SNAKE, 0.01
2072, 14, 70, Status.SNAKE, 0.01
2073, 9, 52, Status.SNAKE, 0.01
2074, 5, 25, Status.WALL, 0.01
2075, 2, 13, Status.SNAKE, 0.01
2076, 12, 86, Status.SNAKE, 0.01
2077, 1, 8, Status.WALL, 0.01
2078, 10, 68, Status.WALL, 0.01
2079, 3, 17, Status.SNAKE, 0.01
2080, 10, 52, Status.SNAKE, 0.01
2081, 15, 102, Status.SNAKE, 0.01
2082, 4, 34, Status.SNAKE, 0.01
2083, 12, 73, Status.SNAKE, 0.01
2084, 6, 42, Status.SNAKE, 0.01
2085, 3, 16, Status.SNAKE, 0.01
2086, 7, 54, Status.SNAKE, 0.01
2087, 7, 53, Status.SNAKE, 0.01
2088, 9, 80, Status.SNAKE, 0.01
2089, 8, 36, Status.SNAKE, 0.01
2090, 10, 70, Status.SNAKE, 0.01
2091, 11, 76, Status.SNAKE, 0.01
2092, 6, 43, Status.WALL, 0.01
2093, 7, 37, Status.SNAKE, 0.01
2094, 9, 75, Status.SNAKE, 0.01
2095, 12, 87, Status.SNAKE, 0.01
2096, 6, 37, Status.SNAKE, 0.01
2097, 9, 58, Status.SNAKE, 0.01
2098, 13, 89, Status.SNAKE, 0.01
2099, 1, 5, Status.SNAKE, 0.01
2100, 4, 26, Status.SNAKE, 0.01
2101, 7, 45, Status.SNAKE, 0.01
2102, 9, 45, Status.SNAKE, 0.01
2103, 1, 5, Status.SNAKE, 0.01
2104, 7, 47, Status.SNAKE, 0.01
2105, 12, 90, Status.SNAKE, 0.01
2106, 9, 57, Status.WALL, 0.01
2107, 1, 11, Status.WALL, 0.01
2108, 5, 23, Status.SNAKE, 0.01
2109, 18, 118, Status.SNAKE, 0.01
2110, 5, 37, Status.SNAKE, 0.01
2111, 4, 25, Status.SNAKE, 0.01
2112, 6, 35, Status.WALL, 0.01
2113, 8, 60, Status.SNAKE, 0.01
2114, 8, 37, Status.SNAKE, 0.01
2115, 5, 22, Status.SNAKE, 0.01
2116, 11, 86, Status.SNAKE, 0.01
2117, 15, 90, Status.SNAKE, 0.01
2118, 11, 68, Status.SNAKE, 0.01
2119, 5, 39, Status.SNAKE, 0.01
2120, 1, 3, Status.SNAKE, 0.01
2121, 2, 12, Status.WALL, 0.01
2122, 2, 13, Status.WALL, 0.01
2123, 1, 3, Status.SNAKE, 0.01
2124, 3, 28, Status.SNAKE, 0.01
2125, 1, 3, Status.SNAKE, 0.01
2126, 5, 28, Status.SNAKE, 0.01
2127, 13, 84, Status.SNAKE, 0.01
2128, 9, 66, Status.SNAKE, 0.01
2129, 5, 35, Status.SNAKE, 0.01
2130, 9, 61, Status.WALL, 0.01
2131, 3, 16, Status.SNAKE, 0.01
2132, 10, 55, Status.SNAKE, 0.01
2133, 9, 46, Status.WALL, 0.01
2134, 15, 90, Status.WALL, 0.01
2135, 7, 35, Status.SNAKE, 0.01
2136, 2, 13, Status.WALL, 0.01
2137, 8, 46, Status.SNAKE, 0.01
2138, 9, 62, Status.SNAKE, 0.01
2139, 3, 27, Status.SNAKE, 0.01
2140, 4, 27, Status.SNAKE, 0.01
2141, 8, 50, Status.SNAKE, 0.01
2142, 7, 50, Status.SNAKE, 0.01
2143, 2, 13, Status.WALL, 0.01
2144, 5, 42, Status.SNAKE, 0.01
2145, 11, 77, Status.SNAKE, 0.01
2146, 15, 86, Status.SNAKE, 0.01
2147, 14, 82, Status.WALL, 0.01
2148, 5, 33, Status.WALL, 0.01
2149, 8, 47, Status.SNAKE, 0.01
2150, 2, 20, Status.SNAKE, 0.01
2151, 16, 114, Status.SNAKE, 0.01
2152, 12, 78, Status.SNAKE, 0.01
2153, 7, 38, Status.SNAKE, 0.01
2154, 2, 18, Status.SNAKE, 0.01
2155, 15, 122, Status.SNAKE, 0.01
2156, 11, 91, Status.WALL, 0.01
2157, 23, 142, Status.WALL, 0.01
2158, 4, 25, Status.SNAKE, 0.01
2159, 1, 5, Status.SNAKE, 0.01
2160, 9, 77, Status.WALL, 0.01
2161, 6, 32, Status.SNAKE, 0.01
2162, 4, 25, Status.WALL, 0.01
2163, 2, 16, Status.SNAKE, 0.01
2164, 10, 61, Status.SNAKE, 0.01
2165, 5, 31, Status.WALL, 0.01
2166, 13, 98, Status.SNAKE, 0.01
2167, 11, 89, Status.SNAKE, 0.01
2168, 13, 90, Status.SNAKE, 0.01
2169, 3, 17, Status.SNAKE, 0.01
2170, 12, 85, Status.SNAKE, 0.01
2171, 8, 53, Status.SNAKE, 0.01
2172, 6, 46, Status.SNAKE, 0.01
2173, 14, 111, Status.SNAKE, 0.01
2174, 4, 27, Status.SNAKE, 0.01
2175, 12, 73, Status.SNAKE, 0.01
2176, 14, 83, Status.SNAKE, 0.01
2177, 2, 3, Status.SNAKE, 0.01
2178, 9, 57, Status.SNAKE, 0.01
2179, 13, 97, Status.SNAKE, 0.01
2180, 7, 50, Status.SNAKE, 0.01
2181, 6, 43, Status.SNAKE, 0.01
2182, 6, 40, Status.SNAKE, 0.01
2183, 10, 45, Status.SNAKE, 0.01
2184, 12, 71, Status.SNAKE, 0.01
2185, 12, 82, Status.SNAKE, 0.01
2186, 6, 37, Status.SNAKE, 0.01
2187, 1, 3, Status.SNAKE, 0.01
2188, 5, 27, Status.SNAKE, 0.01
2189, 4, 20, Status.SNAKE, 0.01
2190, 2, 22, Status.SNAKE, 0.01
2191, 10, 54, Status.SNAKE, 0.01
2192, 1, 8, Status.WALL, 0.01
2193, 10, 59, Status.SNAKE, 0.01
2194, 6, 28, Status.SNAKE, 0.01
2195, 4, 41, Status.SNAKE, 0.01
2196, 18, 140, Status.SNAKE, 0.01
2197, 8, 51, Status.SNAKE, 0.01
2198, 12, 77, Status.SNAKE, 0.01
2199, 4, 24, Status.SNAKE, 0.01
2200, 5, 23, Status.SNAKE, 0.01
2201, 15, 111, Status.SNAKE, 0.01
2202, 9, 42, Status.WALL, 0.01
2203, 6, 29, Status.WALL, 0.01
2204, 14, 83, Status.WALL, 0.01
2205, 13, 82, Status.SNAKE, 0.01
2206, 13, 93, Status.SNAKE, 0.01
2207, 3, 33, Status.SNAKE, 0.01
2208, 5, 32, Status.WALL, 0.01
2209, 2, 17, Status.SNAKE, 0.01
2210, 13, 89, Status.SNAKE, 0.01
2211, 9, 56, Status.SNAKE, 0.01
2212, 10, 62, Status.SNAKE, 0.01
2213, 16, 106, Status.SNAKE, 0.01
2214, 4, 22, Status.SNAKE, 0.01
2215, 11, 73, Status.SNAKE, 0.01
2216, 10, 58, Status.SNAKE, 0.01
2217, 4, 27, Status.SNAKE, 0.01
2218, 2, 14, Status.SNAKE, 0.01
2219, 4, 21, Status.WALL, 0.01
2220, 14, 80, Status.SNAKE, 0.01
2221, 5, 33, Status.SNAKE, 0.01
2222, 2, 11, Status.SNAKE, 0.01
2223, 7, 44, Status.SNAKE, 0.01
2224, 6, 36, Status.SNAKE, 0.01
2225, 5, 42, Status.WALL, 0.01
2226, 11, 50, Status.SNAKE, 0.01
2227, 10, 49, Status.SNAKE, 0.01
2228, 3, 20, Status.SNAKE, 0.01
2229, 8, 47, Status.WALL, 0.01
2230, 5, 37, Status.SNAKE, 0.01
2231, 2, 10, Status.WALL, 0.01
2232, 10, 57, Status.WALL, 0.01
2233, 9, 52, Status.SNAKE, 0.01
2234, 8, 54, Status.SNAKE, 0.01
2235, 1, 10, Status.SNAKE, 0.01
2236, 9, 59, Status.SNAKE, 0.01
2237, 14, 75, Status.SNAKE, 0.01
2238, 9, 68, Status.SNAKE, 0.01
2239, 17, 125, Status.SNAKE, 0.01
2240, 9, 79, Status.SNAKE, 0.01
2241, 8, 53, Status.SNAKE, 0.01
2242, 4, 17, Status.SNAKE, 0.01
2243, 13, 91, Status.SNAKE, 0.01
2244, 6, 49, Status.SNAKE, 0.01
2245, 4, 20, Status.SNAKE, 0.01
2246, 9, 56, Status.SNAKE, 0.01
2247, 16, 120, Status.SNAKE, 0.01
2248, 6, 38, Status.SNAKE, 0.01
2249, 6, 31, Status.SNAKE, 0.01
2250, 11, 75, Status.SNAKE, 0.01
2251, 2, 17, Status.SNAKE, 0.01
2252, 7, 51, Status.SNAKE, 0.01
2253, 11, 63, Status.SNAKE, 0.01
2254, 10, 77, Status.SNAKE, 0.01
2255, 6, 53, Status.SNAKE, 0.01
2256, 2, 17, Status.SNAKE, 0.01
2257, 2, 13, Status.SNAKE, 0.01
2258, 6, 44, Status.SNAKE, 0.01
2259, 10, 87, Status.SNAKE, 0.01
2260, 5, 41, Status.SNAKE, 0.01
2261, 11, 55, Status.SNAKE, 0.01
2262, 10, 63, Status.SNAKE, 0.01
2263, 3, 18, Status.SNAKE, 0.01
2264, 7, 51, Status.SNAKE, 0.01
2265, 3, 18, Status.SNAKE, 0.01
2266, 3, 14, Status.SNAKE, 0.01
2267, 10, 65, Status.SNAKE, 0.01
2268, 1, 6, Status.SNAKE, 0.01
2269, 4, 31, Status.WALL, 0.01
2270, 4, 23, Status.SNAKE, 0.01
2271, 12, 82, Status.SNAKE, 0.01
2272, 12, 65, Status.SNAKE, 0.01
2273, 10, 69, Status.SNAKE, 0.01
2274, 23, 164, Status.SNAKE, 0.01
2275, 7, 32, Status.SNAKE, 0.01
2276, 5, 19, Status.SNAKE, 0.01
2277, 20, 123, Status.SNAKE, 0.01
2278, 8, 65, Status.SNAKE, 0.01
2279, 19, 114, Status.SNAKE, 0.01
2280, 8, 60, Status.SNAKE, 0.01
2281, 13, 79, Status.SNAKE, 0.01
2282, 16, 105, Status.SNAKE, 0.01
2283, 7, 51, Status.WALL, 0.01
2284, 11, 78, Status.SNAKE, 0.01
2285, 4, 29, Status.SNAKE, 0.01
2286, 10, 59, Status.SNAKE, 0.01
2287, 12, 70, Status.WALL, 0.01
2288, 9, 47, Status.SNAKE, 0.01
2289, 9, 56, Status.SNAKE, 0.01
2290, 11, 94, Status.SNAKE, 0.01
2291, 9, 72, Status.SNAKE, 0.01
2292, 8, 64, Status.SNAKE, 0.01
2293, 3, 21, Status.WALL, 0.01
2294, 3, 19, Status.SNAKE, 0.01
2295, 10, 66, Status.SNAKE, 0.01
2296, 11, 85, Status.SNAKE, 0.01
2297, 13, 80, Status.SNAKE, 0.01
2298, 15, 106, Status.SNAKE, 0.01
2299, 4, 32, Status.WALL, 0.01
2300, 4, 35, Status.WALL, 0.01
2301, 7, 44, Status.SNAKE, 0.01
2302, 6, 57, Status.SNAKE, 0.01
2303, 5, 35, Status.SNAKE, 0.01
2304, 5, 33, Status.SNAKE, 0.01
2305, 10, 58, Status.SNAKE, 0.01
2306, 7, 32, Status.WALL, 0.01
2307, 5, 29, Status.SNAKE, 0.01
2308, 14, 94, Status.SNAKE, 0.01
2309, 17, 114, Status.SNAKE, 0.01
2310, 9, 79, Status.SNAKE, 0.01
2311, 11, 88, Status.SNAKE, 0.01
2312, 2, 9, Status.SNAKE, 0.01
2313, 12, 87, Status.SNAKE, 0.01
2314, 15, 130, Status.SNAKE, 0.01
2315, 3, 15, Status.SNAKE, 0.01
2316, 5, 31, Status.SNAKE, 0.01
2317, 1, 9, Status.SNAKE, 0.01
2318, 6, 47, Status.SNAKE, 0.01
2319, 7, 40, Status.SNAKE, 0.01
2320, 9, 73, Status.SNAKE, 0.01
2321, 1, 3, Status.SNAKE, 0.01
2322, 5, 30, Status.SNAKE, 0.01
2323, 3, 25, Status.SNAKE, 0.01
2324, 1, 8, Status.SNAKE, 0.01
2325, 11, 74, Status.WALL, 0.01
2326, 11, 65, Status.SNAKE, 0.01
2327, 12, 62, Status.SNAKE, 0.01
2328, 5, 27, Status.SNAKE, 0.01
2329, 10, 49, Status.WALL, 0.01
2330, 2, 16, Status.SNAKE, 0.01
2331, 15, 111, Status.SNAKE, 0.01
2332, 16, 98, Status.SNAKE, 0.01
2333, 9, 71, Status.SNAKE, 0.01
2334, 9, 68, Status.WALL, 0.01
2335, 7, 38, Status.SNAKE, 0.01
2336, 2, 9, Status.WALL, 0.01
2337, 15, 89, Status.WALL, 0.01
2338, 4, 26, Status.WALL, 0.01
2339, 13, 94, Status.SNAKE, 0.01
2340, 10, 70, Status.SNAKE, 0.01
2341, 2, 14, Status.WALL, 0.01
2342, 5, 41, Status.SNAKE, 0.01
2343, 8, 76, Status.WALL, 0.01
2344, 4, 25, Status.SNAKE, 0.01
2345, 14, 68, Status.SNAKE, 0.01
2346, 3, 24, Status.SNAKE, 0.01
2347, 9, 59, Status.SNAKE, 0.01
2348, 2, 16, Status.SNAKE, 0.01
2349, 6, 34, Status.SNAKE, 0.01
2350, 3, 22, Status.SNAKE, 0.01
2351, 9, 37, Status.SNAKE, 0.01
2352, 11, 69, Status.SNAKE, 0.01
2353, 5, 38, Status.SNAKE, 0.01
2354, 2, 19, Status.SNAKE, 0.01
2355, 4, 38, Status.WALL, 0.01
2356, 9, 56, Status.SNAKE, 0.01
2357, 3, 25, Status.SNAKE, 0.01
2358, 12, 74, Status.SNAKE, 0.01
2359, 11, 64, Status.WALL, 0.01
2360, 11, 73, Status.SNAKE, 0.01
2361, 5, 17, Status.SNAKE, 0.01
2362, 9, 42, Status.SNAKE, 0.01
2363, 3, 28, Status.WALL, 0.01
2364, 12, 72, Status.SNAKE, 0.01
2365, 16, 98, Status.SNAKE, 0.01
2366, 9, 87, Status.SNAKE, 0.01
2367, 16, 121, Status.SNAKE, 0.01
2368, 1, 10, Status.WALL, 0.01
2369, 18, 111, Status.SNAKE, 0.01
2370, 8, 61, Status.SNAKE, 0.01
2371, 6, 56, Status.WALL, 0.01
2372, 3, 21, Status.WALL, 0.01
2373, 13, 91, Status.SNAKE, 0.01
2374, 13, 73, Status.SNAKE, 0.01
2375, 9, 68, Status.SNAKE, 0.01
2376, 11, 91, Status.SNAKE, 0.01
2377, 9, 53, Status.WALL, 0.01
2378, 2, 24, Status.SNAKE, 0.01
2379, 9, 64, Status.SNAKE, 0.01
2380, 9, 49, Status.SNAKE, 0.01
2381, 3, 24, Status.WALL, 0.01
2382, 13, 105, Status.SNAKE, 0.01
2383, 6, 39, Status.SNAKE, 0.01
2384, 6, 36, Status.SNAKE, 0.01
2385, 8, 65, Status.WALL, 0.01
2386, 2, 15, Status.SNAKE, 0.01
2387, 9, 75, Status.SNAKE, 0.01
2388, 5, 33, Status.SNAKE, 0.01
2389, 7, 44, Status.SNAKE, 0.01
2390, 11, 71, Status.WALL, 0.01
2391, 15, 94, Status.SNAKE, 0.01
2392, 6, 29, Status.WALL, 0.01
2393, 13, 75, Status.SNAKE, 0.01
2394, 5, 31, Status.SNAKE, 0.01
2395, 6, 40, Status.SNAKE, 0.01
2396, 8, 64, Status.WALL, 0.01
2397, 3, 34, Status.WALL, 0.01
2398, 7, 29, Status.SNAKE, 0.01
2399, 3, 23, Status.WALL, 0.01
2400, 5, 44, Status.WALL, 0.01
2401, 8, 42, Status.SNAKE, 0.01
2402, 3, 26, Status.WALL, 0.01
2403, 7, 54, Status.SNAKE, 0.01
2404, 3, 28, Status.WALL, 0.01
2405, 12, 77, Status.SNAKE, 0.01
2406, 4, 17, Status.SNAKE, 0.01
2407, 7, 36, Status.WALL, 0.01
2408, 5, 21, Status.SNAKE, 0.01
2409, 9, 68, Status.SNAKE, 0.01
2410, 6, 34, Status.SNAKE, 0.01
2411, 7, 59, Status.WALL, 0.01
2412, 1, 22, Status.WALL, 0.01
2413, 4, 22, Status.SNAKE, 0.01
2414, 4, 24, Status.SNAKE, 0.01
2415, 14, 79, Status.SNAKE, 0.01
2416, 11, 78, Status.SNAKE, 0.01
2417, 3, 18, Status.SNAKE, 0.01
2418, 7, 56, Status.SNAKE, 0.01
2419, 12, 94, Status.SNAKE, 0.01
2420, 11, 74, Status.WALL, 0.01
2421, 7, 63, Status.SNAKE, 0.01
2422, 5, 37, Status.SNAKE, 0.01
2423, 6, 46, Status.SNAKE, 0.01
2424, 5, 18, Status.SNAKE, 0.01
2425, 4, 20, Status.SNAKE, 0.01
2426, 2, 14, Status.SNAKE, 0.01
2427, 8, 57, Status.SNAKE, 0.01
2428, 15, 98, Status.SNAKE, 0.01
2429, 14, 104, Status.SNAKE, 0.01
2430, 5, 32, Status.SNAKE, 0.01
2431, 5, 36, Status.SNAKE, 0.01
2432, 12, 66, Status.WALL, 0.01
2433, 2, 16, Status.WALL, 0.01
2434, 2, 24, Status.WALL, 0.01
2435, 15, 104, Status.SNAKE, 0.01
2436, 5, 32, Status.SNAKE, 0.01
2437, 3, 14, Status.WALL, 0.01
2438, 2, 22, Status.WALL, 0.01
2439, 5, 32, Status.SNAKE, 0.01
2440, 7, 47, Status.SNAKE, 0.01
2441, 3, 27, Status.WALL, 0.01
2442, 8, 64, Status.SNAKE, 0.01
2443, 8, 48, Status.SNAKE, 0.01
2444, 6, 40, Status.SNAKE, 0.01
2445, 4, 16, Status.WALL, 0.01
2446, 9, 74, Status.SNAKE, 0.01
2447, 3, 20, Status.WALL, 0.01
2448, 10, 70, Status.WALL, 0.01
2449, 6, 36, Status.WALL, 0.01
2450, 10, 58, Status.SNAKE, 0.01
2451, 5, 31, Status.SNAKE, 0.01
2452, 13, 101, Status.SNAKE, 0.01
2453, 7, 38, Status.SNAKE, 0.01
2454, 2, 18, Status.SNAKE, 0.01
2455, 4, 32, Status.SNAKE, 0.01
2456, 2, 6, Status.SNAKE, 0.01
2457, 14, 80, Status.SNAKE, 0.01
2458, 9, 65, Status.SNAKE, 0.01
2459, 1, 8, Status.WALL, 0.01
2460, 14, 114, Status.SNAKE, 0.01
2461, 1, 8, Status.SNAKE, 0.01
2462, 6, 53, Status.SNAKE, 0.01
2463, 4, 33, Status.WALL, 0.01
2464, 8, 63, Status.SNAKE, 0.01
2465, 3, 10, Status.WALL, 0.01
2466, 5, 43, Status.SNAKE, 0.01
2467, 3, 19, Status.WALL, 0.01
2468, 11, 68, Status.SNAKE, 0.01
2469, 8, 61, Status.WALL, 0.01
2470, 17, 103, Status.SNAKE, 0.01
2471, 5, 31, Status.SNAKE, 0.01
2472, 6, 37, Status.WALL, 0.01
2473, 15, 98, Status.SNAKE, 0.01
2474, 1, 13, Status.WALL, 0.01
2475, 3, 14, Status.SNAKE, 0.01
2476, 2, 10, Status.SNAKE, 0.01
2477, 2, 6, Status.SNAKE, 0.01
2478, 1, 5, Status.SNAKE, 0.01
2479, 3, 26, Status.SNAKE, 0.01
2480, 4, 31, Status.WALL, 0.01
2481, 1, 10, Status.WALL, 0.01
2482, 11, 87, Status.SNAKE, 0.01
2483, 2, 20, Status.SNAKE, 0.01
2484, 4, 22, Status.WALL, 0.01
2485, 13, 79, Status.SNAKE, 0.01
2486, 10, 73, Status.SNAKE, 0.01
2487, 16, 89, Status.SNAKE, 0.01
2488, 17, 112, Status.SNAKE, 0.01
2489, 12, 79, Status.WALL, 0.01
2490, 7, 69, Status.SNAKE, 0.01
2491, 11, 50, Status.SNAKE, 0.01
2492, 4, 32, Status.SNAKE, 0.01
2493, 9, 76, Status.SNAKE, 0.01
2494, 7, 47, Status.SNAKE, 0.01
2495, 8, 64, Status.SNAKE, 0.01
2496, 13, 96, Status.WALL, 0.01
2497, 16, 111, Status.SNAKE, 0.01
2498, 1, 9, Status.SNAKE, 0.01
2499, 1, 6, Status.SNAKE, 0.01
2500, 6, 46, Status.WALL, 0.01
2501, 9, 65, Status.SNAKE, 0.01
2502, 10, 63, Status.SNAKE, 0.01
2503, 7, 50, Status.SNAKE, 0.01
2504, 24, 138, Status.SNAKE, 0.01
2505, 7, 45, Status.SNAKE, 0.01
2506, 1, 8, Status.SNAKE, 0.01
2507, 10, 65, Status.SNAKE, 0.01
2508, 6, 25, Status.SNAKE, 0.01
2509, 7, 45, Status.SNAKE, 0.01
2510, 7, 46, Status.SNAKE, 0.01
2511, 10, 49, Status.SNAKE, 0.01
2512, 2, 9, Status.WALL, 0.01
2513, 15, 87, Status.WALL, 0.01
2514, 14, 85, Status.SNAKE, 0.01
2515, 2, 12, Status.WALL, 0.01
2516, 4, 42, Status.SNAKE, 0.01
2517, 4, 48, Status.SNAKE, 0.01
2518, 4, 21, Status.SNAKE, 0.01
2519, 10, 61, Status.SNAKE, 0.01
2520, 10, 50, Status.SNAKE, 0.01
2521, 1, 7, Status.SNAKE, 0.01
2522, 10, 65, Status.WALL, 0.01
2523, 8, 59, Status.SNAKE, 0.01
2524, 9, 60, Status.SNAKE, 0.01
2525, 5, 24, Status.WALL, 0.01
2526, 15, 107, Status.WALL, 0.01
2527, 5, 37, Status.SNAKE, 0.01
2528, 4, 30, Status.SNAKE, 0.01
2529, 14, 89, Status.SNAKE, 0.01
2530, 9, 65, Status.SNAKE, 0.01
2531, 8, 55, Status.SNAKE, 0.01
2532, 5, 31, Status.SNAKE, 0.01
2533, 10, 68, Status.SNAKE, 0.01
2534, 8, 57, Status.WALL, 0.01
2535, 10, 59, Status.SNAKE, 0.01
2536, 5, 18, Status.SNAKE, 0.01
2537, 12, 83, Status.SNAKE, 0.01
2538, 12, 71, Status.SNAKE, 0.01
2539, 0, 4, Status.WALL, 0.01
2540, 6, 20, Status.SNAKE, 0.01
2541, 0, 4, Status.WALL, 0.01
2542, 5, 46, Status.WALL, 0.01
2543, 4, 26, Status.SNAKE, 0.01
2544, 3, 20, Status.SNAKE, 0.01
2545, 7, 40, Status.SNAKE, 0.01
2546, 5, 47, Status.SNAKE, 0.01
2547, 4, 15, Status.SNAKE, 0.01
2548, 5, 34, Status.SNAKE, 0.01
2549, 8, 52, Status.SNAKE, 0.01
2550, 8, 49, Status.SNAKE, 0.01
2551, 9, 73, Status.WALL, 0.01
2552, 9, 68, Status.SNAKE, 0.01
2553, 8, 39, Status.WALL, 0.01
2554, 7, 50, Status.SNAKE, 0.01
2555, 5, 20, Status.WALL, 0.01
2556, 3, 17, Status.WALL, 0.01
2557, 4, 31, Status.WALL, 0.01
2558, 9, 59, Status.SNAKE, 0.01
2559, 1, 10, Status.WALL, 0.01
2560, 3, 28, Status.WALL, 0.01
2561, 6, 35, Status.SNAKE, 0.01
2562, 12, 69, Status.SNAKE, 0.01
2563, 7, 47, Status.WALL, 0.01
2564, 0, 4, Status.WALL, 0.01
2565, 8, 50, Status.SNAKE, 0.01
2566, 8, 35, Status.SNAKE, 0.01
2567, 9, 57, Status.SNAKE, 0.01
2568, 1, 5, Status.SNAKE, 0.01
2569, 6, 46, Status.WALL, 0.01
2570, 21, 126, Status.SNAKE, 0.01
2571, 7, 37, Status.SNAKE, 0.01
2572, 1, 3, Status.SNAKE, 0.01
2573, 15, 77, Status.WALL, 0.01
2574, 1, 3, Status.SNAKE, 0.01
2575, 5, 31, Status.SNAKE, 0.01
2576, 1, 8, Status.SNAKE, 0.01
2577, 2, 19, Status.WALL, 0.01
2578, 5, 45, Status.WALL, 0.01
2579, 13, 97, Status.SNAKE, 0.01
2580, 5, 26, Status.SNAKE, 0.01
2581, 2, 8, Status.WALL, 0.01
2582, 9, 67, Status.SNAKE, 0.01
2583, 12, 78, Status.SNAKE, 0.01
2584, 7, 45, Status.SNAKE, 0.01
2585, 6, 25, Status.SNAKE, 0.01
2586, 1, 7, Status.WALL, 0.01
2587, 5, 25, Status.SNAKE, 0.01
2588, 7, 46, Status.SNAKE, 0.01
2589, 9, 47, Status.SNAKE, 0.01
2590, 10, 95, Status.WALL, 0.01
2591, 3, 13, Status.SNAKE, 0.01
2592, 3, 19, Status.SNAKE, 0.01
2593, 11, 77, Status.SNAKE, 0.01
2594, 6, 40, Status.WALL, 0.01
2595, 5, 32, Status.SNAKE, 0.01
2596, 11, 62, Status.SNAKE, 0.01
2597, 6, 44, Status.SNAKE, 0.01
2598, 7, 53, Status.SNAKE, 0.01
2599, 7, 43, Status.WALL, 0.01
2600, 11, 89, Status.SNAKE, 0.01
2601, 5, 19, Status.SNAKE, 0.01
2602, 6, 38, Status.WALL, 0.01
2603, 7, 58, Status.SNAKE, 0.01
2604, 8, 44, Status.SNAKE, 0.01
2605, 14, 77, Status.SNAKE, 0.01
2606, 8, 51, Status.SNAKE, 0.01
2607, 15, 83, Status.SNAKE, 0.01
2608, 5, 26, Status.SNAKE, 0.01
2609, 10, 95, Status.SNAKE, 0.01
2610, 3, 21, Status.WALL, 0.01
2611, 11, 82, Status.SNAKE, 0.01
2612, 3, 23, Status.WALL, 0.01
2613, 7, 56, Status.SNAKE, 0.01
2614, 3, 11, Status.SNAKE, 0.01
2615, 7, 63, Status.WALL, 0.01
2616, 5, 26, Status.SNAKE, 0.01
2617, 2, 23, Status.SNAKE, 0.01
2618, 15, 102, Status.SNAKE, 0.01
2619, 11, 73, Status.SNAKE, 0.01
2620, 8, 73, Status.SNAKE, 0.01
2621, 8, 45, Status.WALL, 0.01
2622, 8, 47, Status.SNAKE, 0.01
2623, 13, 86, Status.SNAKE, 0.01
2624, 9, 68, Status.SNAKE, 0.01
2625, 7, 39, Status.SNAKE, 0.01
2626, 9, 59, Status.WALL, 0.01
2627, 5, 32, Status.SNAKE, 0.01
2628, 6, 28, Status.SNAKE, 0.01
2629, 17, 128, Status.WALL, 0.01
2630, 2, 4, Status.SNAKE, 0.01
2631, 4, 21, Status.WALL, 0.01
2632, 9, 43, Status.SNAKE, 0.01
2633, 6, 35, Status.SNAKE, 0.01
2634, 12, 82, Status.WALL, 0.01
2635, 7, 47, Status.SNAKE, 0.01
2636, 11, 84, Status.SNAKE, 0.01
2637, 9, 64, Status.SNAKE, 0.01
2638, 8, 34, Status.SNAKE, 0.01
2639, 12, 98, Status.SNAKE, 0.01
2640, 14, 82, Status.WALL, 0.01
2641, 13, 101, Status.SNAKE, 0.01
2642, 15, 136, Status.WALL, 0.01
2643, 3, 17, Status.SNAKE, 0.01
2644, 5, 39, Status.WALL, 0.01
2645, 17, 148, Status.SNAKE, 0.01
2646, 12, 90, Status.SNAKE, 0.01
2647, 6, 47, Status.SNAKE, 0.01
2648, 4, 32, Status.SNAKE, 0.01
2649, 10, 62, Status.WALL, 0.01
2650, 22, 144, Status.SNAKE, 0.01
2651, 11, 72, Status.WALL, 0.01
2652, 4, 38, Status.SNAKE, 0.01
2653, 19, 112, Status.SNAKE, 0.01
2654, 6, 49, Status.SNAKE, 0.01
2655, 8, 59, Status.SNAKE, 0.01
2656, 8, 49, Status.WALL, 0.01
2657, 11, 73, Status.WALL, 0.01
2658, 1, 8, Status.WALL, 0.01
2659, 5, 46, Status.WALL, 0.01
2660, 14, 95, Status.SNAKE, 0.01
2661, 14, 96, Status.SNAKE, 0.01
2662, 9, 68, Status.SNAKE, 0.01
2663, 8, 60, Status.WALL, 0.01
2664, 1, 3, Status.SNAKE, 0.01
2665, 14, 112, Status.SNAKE, 0.01
2666, 9, 66, Status.WALL, 0.01
2667, 7, 32, Status.SNAKE, 0.01
2668, 6, 48, Status.WALL, 0.01
2669, 11, 94, Status.SNAKE, 0.01
2670, 10, 75, Status.SNAKE, 0.01
2671, 9, 58, Status.SNAKE, 0.01
2672, 2, 21, Status.SNAKE, 0.01
2673, 19, 144, Status.SNAKE, 0.01
2674, 13, 81, Status.SNAKE, 0.01
2675, 7, 42, Status.WALL, 0.01
2676, 3, 19, Status.SNAKE, 0.01
2677, 2, 26, Status.WALL, 0.01
2678, 4, 25, Status.WALL, 0.01
2679, 4, 24, Status.SNAKE, 0.01
2680, 3, 17, Status.SNAKE, 0.01
2681, 7, 35, Status.SNAKE, 0.01
2682, 4, 24, Status.WALL, 0.01
2683, 13, 101, Status.SNAKE, 0.01
2684, 2, 15, Status.SNAKE, 0.01
2685, 5, 40, Status.WALL, 0.01
2686, 5, 31, Status.SNAKE, 0.01
2687, 9, 60, Status.WALL, 0.01
2688, 5, 25, Status.SNAKE, 0.01
2689, 17, 105, Status.SNAKE, 0.01
2690, 5, 28, Status.WALL, 0.01
2691, 2, 8, Status.SNAKE, 0.01
2692, 13, 83, Status.SNAKE, 0.01
2693, 6, 58, Status.SNAKE, 0.01
2694, 9, 53, Status.SNAKE, 0.01
2695, 8, 44, Status.SNAKE, 0.01
2696, 2, 11, Status.SNAKE, 0.01
2697, 9, 74, Status.SNAKE, 0.01
2698, 6, 47, Status.SNAKE, 0.01
2699, 3, 24, Status.WALL, 0.01
2700, 2, 13, Status.SNAKE, 0.01
2701, 16, 133, Status.WALL, 0.01
2702, 1, 10, Status.WALL, 0.01
2703, 12, 74, Status.SNAKE, 0.01
2704, 3, 19, Status.WALL, 0.01
2705, 2, 13, Status.SNAKE, 0.01
2706, 4, 28, Status.SNAKE, 0.01
2707, 8, 56, Status.SNAKE, 0.01
2708, 12, 63, Status.WALL, 0.01
2709, 10, 80, Status.WALL, 0.01
2710, 8, 66, Status.SNAKE, 0.01
2711, 7, 55, Status.WALL, 0.01
2712, 12, 106, Status.WALL, 0.01
2713, 11, 82, Status.SNAKE, 0.01
2714, 8, 65, Status.WALL, 0.01
2715, 1, 7, Status.WALL, 0.01
2716, 9, 49, Status.WALL, 0.01
2717, 17, 116, Status.SNAKE, 0.01
2718, 3, 21, Status.SNAKE, 0.01
2719, 8, 58, Status.SNAKE, 0.01
2720, 7, 48, Status.SNAKE, 0.01
2721, 17, 109, Status.WALL, 0.01
2722, 7, 49, Status.SNAKE, 0.01
2723, 2, 24, Status.WALL, 0.01
2724, 14, 70, Status.SNAKE, 0.01
2725, 5, 32, Status.SNAKE, 0.01
2726, 9, 48, Status.SNAKE, 0.01
2727, 4, 22, Status.SNAKE, 0.01
2728, 3, 21, Status.WALL, 0.01
2729, 7, 44, Status.WALL, 0.01
2730, 8, 52, Status.WALL, 0.01
2731, 7, 38, Status.WALL, 0.01
2732, 1, 17, Status.SNAKE, 0.01
2733, 10, 72, Status.SNAKE, 0.01
2734, 9, 52, Status.SNAKE, 0.01
2735, 1, 10, Status.WALL, 0.01
2736, 1, 8, Status.WALL, 0.01
2737, 6, 39, Status.SNAKE, 0.01
2738, 7, 53, Status.SNAKE, 0.01
2739, 5, 34, Status.WALL, 0.01
2740, 4, 27, Status.SNAKE, 0.01
2741, 13, 80, Status.WALL, 0.01
2742, 4, 23, Status.SNAKE, 0.01
2743, 4, 40, Status.SNAKE, 0.01
2744, 4, 27, Status.SNAKE, 0.01
2745, 6, 29, Status.SNAKE, 0.01
2746, 8, 53, Status.SNAKE, 0.01
2747, 2, 8, Status.WALL, 0.01
2748, 7, 39, Status.SNAKE, 0.01
2749, 5, 29, Status.SNAKE, 0.01
2750, 3, 10, Status.WALL, 0.01
2751, 3, 16, Status.WALL, 0.01
2752, 7, 48, Status.WALL, 0.01
2753, 5, 40, Status.SNAKE, 0.01
2754, 3, 20, Status.SNAKE, 0.01
2755, 5, 37, Status.SNAKE, 0.01
2756, 6, 24, Status.SNAKE, 0.01
2757, 6, 37, Status.SNAKE, 0.01
2758, 9, 50, Status.SNAKE, 0.01
2759, 5, 26, Status.SNAKE, 0.01
2760, 13, 91, Status.WALL, 0.01
2761, 7, 45, Status.SNAKE, 0.01
2762, 6, 35, Status.SNAKE, 0.01
2763, 4, 24, Status.SNAKE, 0.01
2764, 2, 11, Status.SNAKE, 0.01
2765, 10, 89, Status.SNAKE, 0.01
2766, 2, 9, Status.WALL, 0.01
2767, 9, 70, Status.WALL, 0.01
2768, 6, 36, Status.SNAKE, 0.01
2769, 7, 53, Status.SNAKE, 0.01
2770, 12, 72, Status.WALL, 0.01
2771, 10, 71, Status.SNAKE, 0.01
2772, 5, 36, Status.SNAKE, 0.01
2773, 4, 31, Status.SNAKE, 0.01
2774, 9, 66, Status.SNAKE, 0.01
2775, 3, 25, Status.SNAKE, 0.01
2776, 16, 101, Status.SNAKE, 0.01
2777, 8, 54, Status.SNAKE, 0.01
2778, 3, 24, Status.WALL, 0.01
2779, 6, 36, Status.SNAKE, 0.01
2780, 10, 74, Status.SNAKE, 0.01
2781, 2, 9, Status.WALL, 0.01
2782, 4, 24, Status.WALL, 0.01
2783, 8, 56, Status.SNAKE, 0.01
2784, 2, 9, Status.SNAKE, 0.01
2785, 9, 45, Status.SNAKE, 0.01
2786, 1, 8, Status.SNAKE, 0.01
2787, 5, 39, Status.SNAKE, 0.01
2788, 3, 26, Status.SNAKE, 0.01
2789, 1, 8, Status.SNAKE, 0.01
2790, 7, 51, Status.WALL, 0.01
2791, 8, 56, Status.SNAKE, 0.01
2792, 8, 68, Status.WALL, 0.01
2793, 3, 20, Status.WALL, 0.01
2794, 12, 91, Status.SNAKE, 0.01
2795, 15, 117, Status.SNAKE, 0.01
2796, 6, 39, Status.WALL, 0.01
2797, 1, 10, Status.WALL, 0.01
2798, 7, 52, Status.SNAKE, 0.01
2799, 1, 5, Status.SNAKE, 0.01
2800, 10, 52, Status.WALL, 0.01
2801, 8, 48, Status.SNAKE, 0.01
2802, 4, 36, Status.SNAKE, 0.01
2803, 9, 69, Status.SNAKE, 0.01
2804, 4, 21, Status.WALL, 0.01
2805, 17, 131, Status.SNAKE, 0.01
2806, 1, 6, Status.SNAKE, 0.01
2807, 6, 34, Status.WALL, 0.01
2808, 3, 14, Status.SNAKE, 0.01
2809, 3, 24, Status.SNAKE, 0.01
2810, 5, 24, Status.WALL, 0.01
2811, 16, 97, Status.WALL, 0.01
2812, 11, 96, Status.SNAKE, 0.01
2813, 7, 38, Status.SNAKE, 0.01
2814, 4, 21, Status.SNAKE, 0.01
2815, 5, 26, Status.WALL, 0.01
2816, 16, 105, Status.WALL, 0.01
2817, 5, 30, Status.SNAKE, 0.01
2818, 7, 57, Status.WALL, 0.01
2819, 5, 44, Status.WALL, 0.01
2820, 7, 51, Status.SNAKE, 0.01
2821, 4, 42, Status.WALL, 0.01
2822, 2, 22, Status.WALL, 0.01
2823, 10, 65, Status.SNAKE, 0.01
2824, 3, 27, Status.WALL, 0.01
2825, 19, 130, Status.SNAKE, 0.01
2826, 5, 42, Status.WALL, 0.01
2827, 14, 97, Status.SNAKE, 0.01
2828, 5, 34, Status.WALL, 0.01
2829, 5, 17, Status.SNAKE, 0.01
2830, 10, 76, Status.SNAKE, 0.01
2831, 1, 8, Status.WALL, 0.01
2832, 7, 58, Status.SNAKE, 0.01
2833, 13, 96, Status.SNAKE, 0.01
2834, 12, 87, Status.WALL, 0.01
2835, 8, 45, Status.SNAKE, 0.01
2836, 11, 83, Status.SNAKE, 0.01
2837, 3, 19, Status.WALL, 0.01
2838, 5, 27, Status.SNAKE, 0.01
2839, 11, 73, Status.SNAKE, 0.01
2840, 6, 35, Status.SNAKE, 0.01
2841, 18, 123, Status.SNAKE, 0.01
2842, 8, 68, Status.SNAKE, 0.01
2843, 12, 71, Status.SNAKE, 0.01
2844, 21, 138, Status.SNAKE, 0.01
2845, 6, 59, Status.SNAKE, 0.01
2846, 10, 50, Status.SNAKE, 0.01
2847, 2, 13, Status.WALL, 0.01
2848, 10, 63, Status.SNAKE, 0.01
2849, 4, 25, Status.WALL, 0.01
2850, 7, 51, Status.SNAKE, 0.01
2851, 1, 8, Status.WALL, 0.01
2852, 12, 79, Status.SNAKE, 0.01
2853, 3, 23, Status.SNAKE, 0.01
2854, 3, 25, Status.WALL, 0.01
2855, 2, 22, Status.SNAKE, 0.01
2856, 1, 8, Status.WALL, 0.01
2857, 6, 45, Status.SNAKE, 0.01
2858, 2, 21, Status.SNAKE, 0.01
2859, 5, 49, Status.SNAKE, 0.01
2860, 14, 112, Status.SNAKE, 0.01
2861, 3, 24, Status.SNAKE, 0.01
2862, 9, 63, Status.SNAKE, 0.01
2863, 3, 34, Status.SNAKE, 0.01
2864, 9, 69, Status.SNAKE, 0.01
2865, 10, 63, Status.SNAKE, 0.01
2866, 6, 29, Status.SNAKE, 0.01
2867, 20, 153, Status.WALL, 0.01
2868, 10, 77, Status.WALL, 0.01
2869, 7, 56, Status.SNAKE, 0.01
2870, 15, 93, Status.SNAKE, 0.01
2871, 3, 24, Status.WALL, 0.01
2872, 8, 47, Status.SNAKE, 0.01
2873, 2, 31, Status.WALL, 0.01
2874, 8, 84, Status.SNAKE, 0.01
2875, 7, 69, Status.WALL, 0.01
2876, 3, 33, Status.SNAKE, 0.01
2877, 3, 22, Status.WALL, 0.01
2878, 5, 37, Status.SNAKE, 0.01
2879, 13, 93, Status.SNAKE, 0.01
2880, 4, 23, Status.SNAKE, 0.01
2881, 5, 33, Status.SNAKE, 0.01
2882, 3, 20, Status.SNAKE, 0.01
2883, 6, 51, Status.SNAKE, 0.01
2884, 11, 86, Status.WALL, 0.01
2885, 16, 126, Status.SNAKE, 0.01
2886, 7, 39, Status.SNAKE, 0.01
2887, 16, 92, Status.SNAKE, 0.01
2888, 8, 46, Status.SNAKE, 0.01
2889, 11, 71, Status.SNAKE, 0.01
2890, 11, 71, Status.SNAKE, 0.01
2891, 16, 114, Status.SNAKE, 0.01
2892, 7, 41, Status.SNAKE, 0.01
2893, 14, 103, Status.WALL, 0.01
2894, 17, 112, Status.SNAKE, 0.01
2895, 9, 76, Status.SNAKE, 0.01
2896, 6, 40, Status.WALL, 0.01
2897, 8, 45, Status.SNAKE, 0.01
2898, 1, 8, Status.WALL, 0.01
2899, 2, 21, Status.WALL, 0.01
2900, 5, 35, Status.SNAKE, 0.01
2901, 8, 45, Status.SNAKE, 0.01
2902, 3, 24, Status.SNAKE, 0.01
2903, 11, 86, Status.SNAKE, 0.01
2904, 17, 95, Status.SNAKE, 0.01
2905, 12, 92, Status.SNAKE, 0.01
2906, 8, 61, Status.SNAKE, 0.01
2907, 6, 41, Status.WALL, 0.01
2908, 11, 56, Status.SNAKE, 0.01
2909, 1, 3, Status.SNAKE, 0.01
2910, 14, 89, Status.SNAKE, 0.01
2911, 10, 84, Status.SNAKE, 0.01
2912, 9, 64, Status.SNAKE, 0.01
2913, 5, 21, Status.SNAKE, 0.01
2914, 11, 79, Status.SNAKE, 0.01
2915, 13, 69, Status.SNAKE, 0.01
2916, 2, 13, Status.SNAKE, 0.01
2917, 3, 17, Status.SNAKE, 0.01
2918, 11, 73, Status.SNAKE, 0.01
2919, 1, 3, Status.SNAKE, 0.01
2920, 1, 10, Status.WALL, 0.01
2921, 4, 25, Status.SNAKE, 0.01
2922, 8, 75, Status.SNAKE, 0.01
2923, 3, 21, Status.SNAKE, 0.01
2924, 1, 3, Status.SNAKE, 0.01
2925, 21, 136, Status.SNAKE, 0.01
2926, 6, 37, Status.SNAKE, 0.01
2927, 6, 43, Status.SNAKE, 0.01
2928, 6, 46, Status.WALL, 0.01
2929, 14, 108, Status.SNAKE, 0.01
2930, 3, 18, Status.SNAKE, 0.01
2931, 16, 101, Status.SNAKE, 0.01
2932, 7, 56, Status.WALL, 0.01
2933, 10, 53, Status.WALL, 0.01
2934, 3, 28, Status.SNAKE, 0.01
2935, 15, 115, Status.SNAKE, 0.01
2936, 1, 7, Status.WALL, 0.01
2937, 8, 44, Status.SNAKE, 0.01
2938, 4, 28, Status.SNAKE, 0.01
2939, 3, 28, Status.SNAKE, 0.01
2940, 11, 95, Status.SNAKE, 0.01
2941, 1, 8, Status.WALL, 0.01
2942, 4, 38, Status.WALL, 0.01
2943, 11, 100, Status.WALL, 0.01
2944, 15, 99, Status.SNAKE, 0.01
2945, 11, 76, Status.SNAKE, 0.01
2946, 9, 81, Status.WALL, 0.01
2947, 8, 51, Status.SNAKE, 0.01
2948, 9, 64, Status.SNAKE, 0.01
2949, 10, 63, Status.SNAKE, 0.01
2950, 3, 30, Status.WALL, 0.01
2951, 5, 30, Status.WALL, 0.01
2952, 9, 70, Status.WALL, 0.01
2953, 16, 111, Status.SNAKE, 0.01
2954, 5, 50, Status.WALL, 0.01
2955, 5, 58, Status.WALL, 0.01
2956, 11, 82, Status.SNAKE, 0.01
2957, 6, 29, Status.SNAKE, 0.01
2958, 5, 34, Status.SNAKE, 0.01
2959, 4, 38, Status.WALL, 0.01
2960, 14, 77, Status.SNAKE, 0.01
2961, 3, 22, Status.SNAKE, 0.01
2962, 4, 24, Status.SNAKE, 0.01
2963, 6, 39, Status.SNAKE, 0.01
2964, 8, 52, Status.SNAKE, 0.01
2965, 12, 75, Status.SNAKE, 0.01
2966, 4, 27, Status.SNAKE, 0.01
2967, 8, 59, Status.WALL, 0.01
2968, 9, 44, Status.WALL, 0.01
2969, 5, 30, Status.SNAKE, 0.01
2970, 9, 75, Status.SNAKE, 0.01
2971, 5, 39, Status.SNAKE, 0.01
2972, 13, 106, Status.WALL, 0.01
2973, 2, 8, Status.WALL, 0.01
2974, 4, 33, Status.WALL, 0.01
2975, 12, 71, Status.SNAKE, 0.01
2976, 1, 7, Status.WALL, 0.01
2977, 7, 52, Status.SNAKE, 0.01
2978, 9, 59, Status.SNAKE, 0.01
2979, 8, 53, Status.SNAKE, 0.01
2980, 8, 53, Status.SNAKE, 0.01
2981, 13, 97, Status.SNAKE, 0.01
2982, 6, 31, Status.WALL, 0.01
2983, 1, 8, Status.WALL, 0.01
2984, 3, 15, Status.SNAKE, 0.01
2985, 2, 21, Status.SNAKE, 0.01
2986, 8, 60, Status.SNAKE, 0.01
2987, 17, 144, Status.SNAKE, 0.01
2988, 8, 63, Status.SNAKE, 0.01
2989, 8, 60, Status.SNAKE, 0.01
2990, 4, 29, Status.SNAKE, 0.01
2991, 9, 52, Status.WALL, 0.01
2992, 4, 24, Status.SNAKE, 0.01
2993, 8, 65, Status.SNAKE, 0.01
2994, 2, 19, Status.SNAKE, 0.01
2995, 10, 67, Status.SNAKE, 0.01
2996, 4, 39, Status.WALL, 0.01
2997, 2, 24, Status.WALL, 0.01
2998, 9, 61, Status.SNAKE, 0.01
2999, 7, 33, Status.SNAKE, 0.01
3000, 8, 57, Status.SNAKE, 0.01
3001, 6, 37, Status.SNAKE, 0.01
3002, 1, 9, Status.WALL, 0.01
3003, 6, 52, Status.WALL, 0.01
3004, 14, 116, Status.SNAKE, 0.01
3005, 8, 42, Status.WALL, 0.01
3006, 14, 92, Status.WALL, 0.01
3007, 7, 60, Status.SNAKE, 0.01
3008, 10, 70, Status.WALL, 0.01
3009, 9, 68, Status.WALL, 0.01
3010, 7, 42, Status.SNAKE, 0.01
3011, 4, 32, Status.WALL, 0.01
3012, 11, 80, Status.WALL, 0.01
3013, 9, 70, Status.SNAKE, 0.01
3014, 11, 84, Status.SNAKE, 0.01
3015, 9, 45, Status.SNAKE, 0.01
3016, 3, 24, Status.WALL, 0.01
3017, 7, 46, Status.WALL, 0.01
3018, 3, 27, Status.SNAKE, 0.01
3019, 5, 34, Status.SNAKE, 0.01
3020, 14, 109, Status.SNAKE, 0.01
3021, 8, 64, Status.SNAKE, 0.01
3022, 12, 91, Status.SNAKE, 0.01
3023, 7, 60, Status.SNAKE, 0.01
3024, 13, 101, Status.SNAKE, 0.01
3025, 7, 47, Status.SNAKE, 0.01
3026, 8, 53, Status.SNAKE, 0.01
3027, 3, 18, Status.WALL, 0.01
3028, 7, 44, Status.SNAKE, 0.01
3029, 4, 25, Status.SNAKE, 0.01
3030, 1, 6, Status.SNAKE, 0.01
3031, 1, 8, Status.WALL, 0.01
3032, 3, 22, Status.WALL, 0.01
3033, 4, 24, Status.WALL, 0.01
3034, 3, 25, Status.WALL, 0.01
3035, 6, 40, Status.WALL, 0.01
3036, 5, 22, Status.SNAKE, 0.01
3037, 4, 38, Status.WALL, 0.01
3038, 8, 47, Status.WALL, 0.01
3039, 1, 9, Status.SNAKE, 0.01
3040, 5, 39, Status.SNAKE, 0.01
3041, 11, 93, Status.SNAKE, 0.01
3042, 8, 44, Status.WALL, 0.01
3043, 10, 106, Status.SNAKE, 0.01
3044, 1, 5, Status.SNAKE, 0.01
3045, 8, 52, Status.SNAKE, 0.01
3046, 10, 60, Status.SNAKE, 0.01
3047, 8, 59, Status.SNAKE, 0.01
3048, 10, 79, Status.SNAKE, 0.01
3049, 3, 21, Status.SNAKE, 0.01
3050, 3, 15, Status.SNAKE, 0.01
3051, 3, 29, Status.WALL, 0.01
3052, 2, 16, Status.WALL, 0.01
3053, 18, 116, Status.SNAKE, 0.01
3054, 12, 90, Status.SNAKE, 0.01
3055, 12, 67, Status.WALL, 0.01
3056, 5, 40, Status.WALL, 0.01
3057, 10, 52, Status.SNAKE, 0.01
3058, 9, 54, Status.WALL, 0.01
3059, 2, 13, Status.WALL, 0.01
3060, 4, 48, Status.WALL, 0.01
3061, 8, 48, Status.SNAKE, 0.01
3062, 3, 24, Status.SNAKE, 0.01
3063, 11, 81, Status.SNAKE, 0.01
3064, 3, 19, Status.SNAKE, 0.01
3065, 3, 17, Status.WALL, 0.01
3066, 1, 8, Status.WALL, 0.01
3067, 15, 108, Status.SNAKE, 0.01
3068, 8, 41, Status.SNAKE, 0.01
3069, 14, 97, Status.SNAKE, 0.01
3070, 11, 83, Status.SNAKE, 0.01
3071, 10, 74, Status.WALL, 0.01
3072, 3, 19, Status.SNAKE, 0.01
3073, 6, 70, Status.WALL, 0.01
3074, 8, 49, Status.SNAKE, 0.01
3075, 3, 24, Status.WALL, 0.01
3076, 7, 45, Status.SNAKE, 0.01
3077, 4, 22, Status.SNAKE, 0.01
3078, 15, 103, Status.SNAKE, 0.01
3079, 2, 14, Status.WALL, 0.01
3080, 11, 78, Status.SNAKE, 0.01
3081, 10, 63, Status.SNAKE, 0.01
3082, 6, 31, Status.SNAKE, 0.01
3083, 11, 82, Status.SNAKE, 0.01
3084, 12, 97, Status.SNAKE, 0.01
3085, 5, 31, Status.SNAKE, 0.01
3086, 11, 71, Status.WALL, 0.01
3087, 3, 24, Status.WALL, 0.01
3088, 6, 35, Status.SNAKE, 0.01
3089, 2, 9, Status.SNAKE, 0.01
3090, 5, 40, Status.WALL, 0.01
3091, 9, 71, Status.WALL, 0.01
3092, 11, 74, Status.SNAKE, 0.01
3093, 6, 49, Status.WALL, 0.01
3094, 5, 41, Status.WALL, 0.01
3095, 7, 47, Status.WALL, 0.01
3096, 8, 54, Status.SNAKE, 0.01
3097, 5, 38, Status.SNAKE, 0.01
3098, 5, 46, Status.SNAKE, 0.01
3099, 10, 80, Status.SNAKE, 0.01
3100, 11, 71, Status.SNAKE, 0.01
3101, 7, 43, Status.WALL, 0.01
3102, 3, 19, Status.SNAKE, 0.01
3103, 9, 65, Status.SNAKE, 0.01
3104, 17, 126, Status.SNAKE, 0.01
3105, 1, 5, Status.SNAKE, 0.01
3106, 5, 63, Status.SNAKE, 0.01
3107, 5, 43, Status.SNAKE, 0.01
3108, 3, 13, Status.SNAKE, 0.01
3109, 4, 35, Status.SNAKE, 0.01
3110, 16, 116, Status.SNAKE, 0.01
3111, 12, 71, Status.WALL, 0.01
3112, 5, 36, Status.SNAKE, 0.01
3113, 1, 8, Status.WALL, 0.01
3114, 10, 52, Status.WALL, 0.01
3115, 2, 10, Status.WALL, 0.01
3116, 10, 71, Status.SNAKE, 0.01
3117, 8, 60, Status.SNAKE, 0.01
3118, 4, 25, Status.SNAKE, 0.01
3119, 8, 49, Status.SNAKE, 0.01
3120, 13, 72, Status.SNAKE, 0.01
3121, 9, 79, Status.SNAKE, 0.01
3122, 8, 35, Status.SNAKE, 0.01
3123, 7, 38, Status.SNAKE, 0.01
3124, 5, 38, Status.SNAKE, 0.01
3125, 6, 59, Status.WALL, 0.01
3126, 4, 21, Status.SNAKE, 0.01
3127, 1, 8, Status.WALL, 0.01
3128, 1, 3, Status.SNAKE, 0.01
3129, 12, 74, Status.SNAKE, 0.01
3130, 4, 29, Status.SNAKE, 0.01
3131, 2, 22, Status.SNAKE, 0.01
3132, 11, 75, Status.SNAKE, 0.01
3133, 12, 90, Status.SNAKE, 0.01
3134, 2, 14, Status.WALL, 0.01
3135, 16, 110, Status.SNAKE, 0.01
3136, 3, 29, Status.SNAKE, 0.01
3137, 4, 24, Status.SNAKE, 0.01
3138, 11, 74, Status.WALL, 0.01
3139, 12, 54, Status.SNAKE, 0.01
3140, 8, 60, Status.SNAKE, 0.01
3141, 3, 19, Status.SNAKE, 0.01
3142, 13, 58, Status.WALL, 0.01
3143, 8, 78, Status.SNAKE, 0.01
3144, 3, 26, Status.WALL, 0.01
3145, 8, 51, Status.SNAKE, 0.01
3146, 3, 23, Status.SNAKE, 0.01
3147, 8, 44, Status.SNAKE, 0.01
3148, 6, 42, Status.SNAKE, 0.01
3149, 6, 30, Status.SNAKE, 0.01
3150, 5, 41, Status.WALL, 0.01
3151, 1, 11, Status.SNAKE, 0.01
3152, 4, 28, Status.SNAKE, 0.01
3153, 1, 6, Status.SNAKE, 0.01
3154, 4, 19, Status.SNAKE, 0.01
3155, 3, 20, Status.SNAKE, 0.01
3156, 18, 116, Status.WALL, 0.01
3157, 14, 101, Status.SNAKE, 0.01
3158, 13, 85, Status.SNAKE, 0.01
3159, 4, 21, Status.SNAKE, 0.01
3160, 8, 47, Status.SNAKE, 0.01
3161, 13, 91, Status.SNAKE, 0.01
3162, 5, 15, Status.SNAKE, 0.01
3163, 5, 49, Status.SNAKE, 0.01
3164, 9, 80, Status.SNAKE, 0.01
3165, 6, 45, Status.WALL, 0.01
3166, 13, 67, Status.SNAKE, 0.01
3167, 5, 44, Status.WALL, 0.01
3168, 11, 55, Status.SNAKE, 0.01
3169, 8, 57, Status.SNAKE, 0.01
3170, 7, 60, Status.WALL, 0.01
3171, 7, 27, Status.SNAKE, 0.01
3172, 8, 49, Status.SNAKE, 0.01
3173, 6, 28, Status.SNAKE, 0.01
3174, 8, 51, Status.SNAKE, 0.01
3175, 6, 41, Status.SNAKE, 0.01
3176, 7, 57, Status.SNAKE, 0.01
3177, 12, 81, Status.SNAKE, 0.01
3178, 9, 77, Status.SNAKE, 0.01
3179, 10, 73, Status.WALL, 0.01
3180, 3, 21, Status.SNAKE, 0.01
3181, 9, 71, Status.SNAKE, 0.01
3182, 11, 69, Status.SNAKE, 0.01
3183, 2, 14, Status.SNAKE, 0.01
3184, 5, 30, Status.WALL, 0.01
3185, 10, 40, Status.SNAKE, 0.01
3186, 2, 19, Status.SNAKE, 0.01
3187, 7, 46, Status.SNAKE, 0.01
3188, 1, 8, Status.SNAKE, 0.01
3189, 13, 87, Status.SNAKE, 0.01
3190, 15, 115, Status.WALL, 0.01
3191, 15, 91, Status.SNAKE, 0.01
3192, 11, 47, Status.SNAKE, 0.01
3193, 7, 53, Status.WALL, 0.01
3194, 10, 80, Status.WALL, 0.01
3195, 15, 102, Status.SNAKE, 0.01
3196, 7, 39, Status.WALL, 0.01
3197, 4, 25, Status.SNAKE, 0.01
3198, 6, 35, Status.SNAKE, 0.01
3199, 16, 145, Status.SNAKE, 0.01
3200, 12, 84, Status.SNAKE, 0.01
3201, 21, 132, Status.SNAKE, 0.01
3202, 10, 85, Status.SNAKE, 0.01
3203, 8, 43, Status.SNAKE, 0.01
3204, 6, 42, Status.SNAKE, 0.01
3205, 12, 90, Status.SNAKE, 0.01
3206, 11, 62, Status.SNAKE, 0.01
3207, 8, 51, Status.SNAKE, 0.01
3208, 11, 87, Status.SNAKE, 0.01
3209, 4, 17, Status.SNAKE, 0.01
3210, 4, 24, Status.SNAKE, 0.01
3211, 11, 90, Status.SNAKE, 0.01
3212, 21, 153, Status.SNAKE, 0.01
3213, 7, 47, Status.SNAKE, 0.01
3214, 8, 58, Status.SNAKE, 0.01
3215, 5, 57, Status.SNAKE, 0.01
3216, 5, 52, Status.SNAKE, 0.01
3217, 15, 131, Status.WALL, 0.01
3218, 8, 57, Status.WALL, 0.01
3219, 6, 21, Status.WALL, 0.01
3220, 6, 40, Status.SNAKE, 0.01
3221, 11, 73, Status.SNAKE, 0.01
3222, 6, 43, Status.SNAKE, 0.01
3223, 7, 61, Status.SNAKE, 0.01
3224, 6, 30, Status.SNAKE, 0.01
3225, 4, 19, Status.WALL, 0.01
3226, 5, 19, Status.SNAKE, 0.01
3227, 15, 118, Status.SNAKE, 0.01
3228, 10, 67, Status.WALL, 0.01
3229, 4, 22, Status.SNAKE, 0.01
3230, 4, 29, Status.SNAKE, 0.01
3231, 7, 47, Status.WALL, 0.01
3232, 11, 95, Status.SNAKE, 0.01
3233, 13, 62, Status.SNAKE, 0.01
3234, 9, 68, Status.SNAKE, 0.01
3235, 14, 104, Status.SNAKE, 0.01
3236, 11, 75, Status.WALL, 0.01
3237, 6, 45, Status.SNAKE, 0.01
3238, 1, 3, Status.SNAKE, 0.01
3239, 3, 15, Status.SNAKE, 0.01
3240, 8, 63, Status.SNAKE, 0.01
3241, 7, 38, Status.SNAKE, 0.01
3242, 5, 43, Status.SNAKE, 0.01
3243, 8, 81, Status.WALL, 0.01
3244, 1, 3, Status.SNAKE, 0.01
3245, 17, 125, Status.SNAKE, 0.01
3246, 6, 48, Status.SNAKE, 0.01
3247, 7, 49, Status.SNAKE, 0.01
3248, 5, 35, Status.SNAKE, 0.01
3249, 15, 117, Status.SNAKE, 0.01
3250, 4, 22, Status.SNAKE, 0.01
3251, 5, 45, Status.SNAKE, 0.01
3252, 8, 49, Status.SNAKE, 0.01
3253, 13, 98, Status.WALL, 0.01
3254, 9, 75, Status.SNAKE, 0.01
3255, 9, 65, Status.SNAKE, 0.01
3256, 8, 69, Status.SNAKE, 0.01
3257, 5, 41, Status.SNAKE, 0.01
3258, 2, 19, Status.SNAKE, 0.01
3259, 3, 29, Status.WALL, 0.01
3260, 9, 77, Status.SNAKE, 0.01
3261, 10, 72, Status.WALL, 0.01
3262, 3, 16, Status.SNAKE, 0.01
3263, 5, 25, Status.SNAKE, 0.01
3264, 9, 74, Status.WALL, 0.01
3265, 26, 159, Status.SNAKE, 0.01
3266, 15, 100, Status.SNAKE, 0.01
3267, 4, 27, Status.SNAKE, 0.01
3268, 7, 47, Status.WALL, 0.01
3269, 15, 83, Status.SNAKE, 0.01
3270, 7, 46, Status.SNAKE, 0.01
3271, 2, 20, Status.WALL, 0.01
3272, 4, 18, Status.SNAKE, 0.01
3273, 13, 86, Status.WALL, 0.01
3274, 10, 60, Status.SNAKE, 0.01
3275, 6, 27, Status.SNAKE, 0.01
3276, 9, 67, Status.SNAKE, 0.01
3277, 4, 23, Status.SNAKE, 0.01
3278, 6, 36, Status.SNAKE, 0.01
3279, 9, 81, Status.SNAKE, 0.01
3280, 9, 67, Status.SNAKE, 0.01
3281, 7, 41, Status.SNAKE, 0.01
3282, 12, 106, Status.WALL, 0.01
3283, 5, 38, Status.SNAKE, 0.01
3284, 9, 60, Status.SNAKE, 0.01
3285, 12, 98, Status.SNAKE, 0.01
3286, 6, 41, Status.SNAKE, 0.01
3287, 9, 72, Status.SNAKE, 0.01
3288, 5, 35, Status.WALL, 0.01
3289, 5, 38, Status.WALL, 0.01
3290, 7, 50, Status.SNAKE, 0.01
3291, 7, 38, Status.WALL, 0.01
3292, 5, 36, Status.SNAKE, 0.01
3293, 5, 36, Status.SNAKE, 0.01
3294, 12, 90, Status.SNAKE, 0.01
3295, 9, 67, Status.WALL, 0.01
3296, 7, 48, Status.SNAKE, 0.01
3297, 6, 42, Status.WALL, 0.01
3298, 5, 39, Status.SNAKE, 0.01
3299, 13, 102, Status.WALL, 0.01
3300, 1, 5, Status.SNAKE, 0.01
3301, 4, 35, Status.SNAKE, 0.01
3302, 8, 49, Status.SNAKE, 0.01
3303, 0, 4, Status.WALL, 0.01
3304, 2, 14, Status.SNAKE, 0.01
3305, 5, 42, Status.SNAKE, 0.01
3306, 6, 46, Status.WALL, 0.01
3307, 6, 43, Status.SNAKE, 0.01
3308, 16, 120, Status.SNAKE, 0.01
3309, 2, 25, Status.SNAKE, 0.01
3310, 2, 16, Status.WALL, 0.01
3311, 4, 21, Status.SNAKE, 0.01
3312, 12, 73, Status.SNAKE, 0.01
3313, 3, 20, Status.WALL, 0.01
3314, 5, 32, Status.SNAKE, 0.01
3315, 6, 33, Status.SNAKE, 0.01
3316, 6, 56, Status.WALL, 0.01
3317, 6, 60, Status.SNAKE, 0.01
3318, 1, 5, Status.SNAKE, 0.01
3319, 1, 7, Status.SNAKE, 0.01
3320, 5, 35, Status.SNAKE, 0.01
3321, 11, 76, Status.SNAKE, 0.01
3322, 5, 36, Status.SNAKE, 0.01
3323, 10, 60, Status.SNAKE, 0.01
3324, 4, 27, Status.WALL, 0.01
3325, 15, 118, Status.SNAKE, 0.01
3326, 2, 15, Status.WALL, 0.01
3327, 6, 34, Status.SNAKE, 0.01
3328, 1, 3, Status.SNAKE, 0.01
3329, 4, 16, Status.SNAKE, 0.01
3330, 5, 36, Status.SNAKE, 0.01
3331, 8, 54, Status.SNAKE, 0.01
3332, 8, 73, Status.SNAKE, 0.01
3333, 8, 54, Status.SNAKE, 0.01
3334, 10, 67, Status.WALL, 0.01
3335, 2, 24, Status.WALL, 0.01
3336, 4, 37, Status.SNAKE, 0.01
3337, 11, 80, Status.SNAKE, 0.01
3338, 1, 3, Status.SNAKE, 0.01
3339, 2, 9, Status.WALL, 0.01
3340, 10, 73, Status.SNAKE, 0.01
3341, 3, 18, Status.SNAKE, 0.01
3342, 9, 49, Status.SNAKE, 0.01
3343, 3, 25, Status.SNAKE, 0.01
3344, 1, 8, Status.WALL, 0.01
3345, 2, 29, Status.WALL, 0.01
3346, 6, 38, Status.SNAKE, 0.01
3347, 2, 20, Status.SNAKE, 0.01
3348, 8, 42, Status.WALL, 0.01
3349, 5, 35, Status.WALL, 0.01
3350, 8, 75, Status.SNAKE, 0.01
3351, 1, 9, Status.WALL, 0.01
3352, 13, 84, Status.SNAKE, 0.01
3353, 5, 45, Status.SNAKE, 0.01
3354, 7, 53, Status.SNAKE, 0.01
3355, 1, 11, Status.WALL, 0.01
3356, 10, 59, Status.SNAKE, 0.01
3357, 9, 75, Status.SNAKE, 0.01
3358, 1, 10, Status.WALL, 0.01
3359, 13, 83, Status.SNAKE, 0.01
3360, 12, 111, Status.SNAKE, 0.01
3361, 2, 12, Status.SNAKE, 0.01
3362, 10, 42, Status.WALL, 0.01
3363, 10, 65, Status.WALL, 0.01
3364, 15, 100, Status.SNAKE, 0.01
3365, 11, 45, Status.SNAKE, 0.01
3366, 6, 30, Status.SNAKE, 0.01
3367, 15, 112, Status.SNAKE, 0.01
3368, 5, 42, Status.SNAKE, 0.01
3369, 5, 35, Status.SNAKE, 0.01
3370, 11, 77, Status.SNAKE, 0.01
3371, 4, 21, Status.SNAKE, 0.01
3372, 8, 44, Status.SNAKE, 0.01
3373, 5, 42, Status.WALL, 0.01
3374, 5, 37, Status.WALL, 0.01
3375, 5, 27, Status.WALL, 0.01
3376, 3, 24, Status.SNAKE, 0.01
3377, 3, 26, Status.WALL, 0.01
3378, 15, 68, Status.SNAKE, 0.01
3379, 9, 60, Status.SNAKE, 0.01
3380, 14, 106, Status.WALL, 0.01
3381, 10, 64, Status.WALL, 0.01
3382, 14, 118, Status.WALL, 0.01
3383, 6, 37, Status.SNAKE, 0.01
3384, 12, 91, Status.WALL, 0.01
3385, 5, 39, Status.SNAKE, 0.01
3386, 7, 36, Status.SNAKE, 0.01
3387, 14, 102, Status.SNAKE, 0.01
3388, 12, 80, Status.SNAKE, 0.01
3389, 12, 80, Status.SNAKE, 0.01
3390, 9, 48, Status.SNAKE, 0.01
3391, 5, 28, Status.WALL, 0.01
3392, 12, 85, Status.SNAKE, 0.01
3393, 7, 29, Status.SNAKE, 0.01
3394, 7, 45, Status.SNAKE, 0.01
3395, 7, 58, Status.SNAKE, 0.01
3396, 10, 51, Status.SNAKE, 0.01
3397, 9, 67, Status.SNAKE, 0.01
3398, 5, 26, Status.SNAKE, 0.01
3399, 5, 40, Status.SNAKE, 0.01
3400, 5, 22, Status.SNAKE, 0.01
3401, 8, 63, Status.SNAKE, 0.01
3402, 7, 57, Status.WALL, 0.01
3403, 11, 70, Status.SNAKE, 0.01
3404, 5, 29, Status.SNAKE, 0.01
3405, 4, 34, Status.SNAKE, 0.01
3406, 4, 36, Status.SNAKE, 0.01
3407, 3, 18, Status.SNAKE, 0.01
3408, 11, 67, Status.SNAKE, 0.01
3409, 7, 44, Status.SNAKE, 0.01
3410, 5, 29, Status.SNAKE, 0.01
3411, 7, 58, Status.WALL, 0.01
3412, 9, 73, Status.SNAKE, 0.01
3413, 5, 37, Status.WALL, 0.01
3414, 4, 39, Status.SNAKE, 0.01
3415, 1, 11, Status.WALL, 0.01
3416, 10, 80, Status.SNAKE, 0.01
3417, 9, 54, Status.WALL, 0.01
3418, 5, 37, Status.WALL, 0.01
3419, 6, 51, Status.SNAKE, 0.01
3420, 2, 13, Status.WALL, 0.01
3421, 17, 140, Status.SNAKE, 0.01
3422, 2, 9, Status.WALL, 0.01
3423, 17, 113, Status.SNAKE, 0.01
3424, 9, 66, Status.SNAKE, 0.01
3425, 9, 63, Status.SNAKE, 0.01
3426, 11, 67, Status.SNAKE, 0.01
3427, 4, 37, Status.SNAKE, 0.01
3428, 3, 25, Status.SNAKE, 0.01
3429, 6, 37, Status.SNAKE, 0.01
3430, 5, 32, Status.SNAKE, 0.01
3431, 4, 24, Status.WALL, 0.01
3432, 9, 72, Status.WALL, 0.01
3433, 12, 88, Status.WALL, 0.01
3434, 4, 31, Status.SNAKE, 0.01
3435, 5, 48, Status.SNAKE, 0.01
3436, 8, 63, Status.WALL, 0.01
3437, 3, 28, Status.WALL, 0.01
3438, 11, 81, Status.SNAKE, 0.01
3439, 4, 40, Status.WALL, 0.01
3440, 7, 75, Status.SNAKE, 0.01
3441, 8, 56, Status.SNAKE, 0.01
3442, 10, 63, Status.SNAKE, 0.01
3443, 4, 28, Status.WALL, 0.01
3444, 11, 73, Status.SNAKE, 0.01
3445, 7, 41, Status.SNAKE, 0.01
3446, 5, 31, Status.SNAKE, 0.01
3447, 7, 55, Status.SNAKE, 0.01
3448, 7, 41, Status.WALL, 0.01
3449, 13, 116, Status.SNAKE, 0.01
3450, 7, 44, Status.WALL, 0.01
3451, 14, 113, Status.WALL, 0.01
3452, 14, 103, Status.SNAKE, 0.01
3453, 5, 36, Status.SNAKE, 0.01
3454, 15, 91, Status.SNAKE, 0.01
3455, 9, 58, Status.SNAKE, 0.01
3456, 14, 109, Status.SNAKE, 0.01
3457, 10, 80, Status.SNAKE, 0.01
3458, 3, 29, Status.WALL, 0.01
3459, 1, 8, Status.WALL, 0.01
3460, 5, 37, Status.SNAKE, 0.01
3461, 7, 43, Status.SNAKE, 0.01
3462, 4, 20, Status.SNAKE, 0.01
3463, 2, 26, Status.WALL, 0.01
3464, 9, 57, Status.SNAKE, 0.01
3465, 17, 150, Status.SNAKE, 0.01
3466, 10, 82, Status.SNAKE, 0.01
3467, 18, 110, Status.SNAKE, 0.01
3468, 5, 39, Status.WALL, 0.01
3469, 9, 63, Status.SNAKE, 0.01
3470, 6, 29, Status.SNAKE, 0.01
3471, 12, 89, Status.SNAKE, 0.01
3472, 9, 58, Status.WALL, 0.01
3473, 2, 13, Status.WALL, 0.01
3474, 12, 80, Status.SNAKE, 0.01
3475, 12, 92, Status.SNAKE, 0.01
3476, 5, 28, Status.WALL, 0.01
3477, 7, 46, Status.SNAKE, 0.01
3478, 10, 68, Status.SNAKE, 0.01
3479, 2, 17, Status.SNAKE, 0.01
3480, 5, 31, Status.SNAKE, 0.01
3481, 8, 51, Status.SNAKE, 0.01
3482, 3, 23, Status.WALL, 0.01
3483, 14, 99, Status.SNAKE, 0.01
3484, 8, 55, Status.SNAKE, 0.01
3485, 13, 64, Status.WALL, 0.01
3486, 6, 47, Status.SNAKE, 0.01
3487, 5, 45, Status.SNAKE, 0.01
3488, 10, 54, Status.WALL, 0.01
3489, 11, 84, Status.SNAKE, 0.01
3490, 5, 24, Status.SNAKE, 0.01
3491, 1, 6, Status.SNAKE, 0.01
3492, 7, 45, Status.SNAKE, 0.01
3493, 7, 52, Status.SNAKE, 0.01
3494, 3, 16, Status.SNAKE, 0.01
3495, 7, 35, Status.SNAKE, 0.01
3496, 8, 70, Status.SNAKE, 0.01
3497, 4, 19, Status.SNAKE, 0.01
3498, 16, 117, Status.SNAKE, 0.01
3499, 8, 53, Status.SNAKE, 0.01
3500, 11, 58, Status.SNAKE, 0.01
3501, 13, 94, Status.SNAKE, 0.01
3502, 10, 56, Status.SNAKE, 0.01
3503, 3, 23, Status.WALL, 0.01
3504, 17, 143, Status.SNAKE, 0.01
3505, 3, 18, Status.SNAKE, 0.01
3506, 5, 57, Status.WALL, 0.01
3507, 12, 74, Status.SNAKE, 0.01
3508, 11, 82, Status.SNAKE, 0.01
3509, 1, 7, Status.SNAKE, 0.01
3510, 9, 76, Status.SNAKE, 0.01
3511, 1, 5, Status.WALL, 0.01
3512, 5, 25, Status.WALL, 0.01
3513, 8, 42, Status.SNAKE, 0.01
3514, 10, 96, Status.WALL, 0.01
3515, 21, 138, Status.SNAKE, 0.01
3516, 8, 67, Status.SNAKE, 0.01
3517, 11, 73, Status.SNAKE, 0.01
3518, 1, 8, Status.WALL, 0.01
3519, 7, 35, Status.SNAKE, 0.01
3520, 16, 143, Status.SNAKE, 0.01
3521, 11, 92, Status.SNAKE, 0.01
3522, 9, 76, Status.SNAKE, 0.01
3523, 2, 8, Status.WALL, 0.01
3524, 12, 72, Status.SNAKE, 0.01
3525, 12, 96, Status.SNAKE, 0.01
3526, 13, 92, Status.SNAKE, 0.01
3527, 6, 42, Status.SNAKE, 0.01
3528, 6, 56, Status.WALL, 0.01
3529, 7, 50, Status.WALL, 0.01
3530, 3, 22, Status.SNAKE, 0.01
3531, 11, 95, Status.SNAKE, 0.01
3532, 5, 33, Status.WALL, 0.01
3533, 3, 14, Status.SNAKE, 0.01
3534, 14, 113, Status.WALL, 0.01
3535, 14, 89, Status.WALL, 0.01
3536, 9, 80, Status.WALL, 0.01
3537, 16, 115, Status.WALL, 0.01
3538, 2, 19, Status.SNAKE, 0.01
3539, 8, 53, Status.SNAKE, 0.01
3540, 14, 122, Status.SNAKE, 0.01
3541, 11, 76, Status.SNAKE, 0.01
3542, 10, 78, Status.SNAKE, 0.01
3543, 3, 14, Status.WALL, 0.01
3544, 6, 45, Status.SNAKE, 0.01
3545, 7, 50, Status.WALL, 0.01
3546, 5, 39, Status.SNAKE, 0.01
3547, 1, 9, Status.WALL, 0.01
3548, 16, 121, Status.SNAKE, 0.01
3549, 6, 49, Status.SNAKE, 0.01
3550, 3, 21, Status.SNAKE, 0.01
3551, 10, 75, Status.WALL, 0.01
3552, 8, 53, Status.SNAKE, 0.01
3553, 4, 35, Status.WALL, 0.01
3554, 5, 28, Status.SNAKE, 0.01
3555, 11, 91, Status.SNAKE, 0.01
3556, 3, 19, Status.SNAKE, 0.01
3557, 6, 44, Status.SNAKE, 0.01
3558, 7, 61, Status.SNAKE, 0.01
3559, 2, 11, Status.WALL, 0.01
3560, 10, 63, Status.SNAKE, 0.01
3561, 9, 70, Status.SNAKE, 0.01
3562, 3, 12, Status.SNAKE, 0.01
3563, 14, 95, Status.SNAKE, 0.01
3564, 1, 9, Status.WALL, 0.01
3565, 7, 40, Status.WALL, 0.01
3566, 5, 50, Status.WALL, 0.01
3567, 11, 91, Status.SNAKE, 0.01
3568, 8, 57, Status.SNAKE, 0.01
3569, 4, 38, Status.WALL, 0.01
3570, 6, 55, Status.SNAKE, 0.01
3571, 8, 33, Status.SNAKE, 0.01
3572, 13, 72, Status.SNAKE, 0.01
3573, 5, 44, Status.SNAKE, 0.01
3574, 1, 3, Status.SNAKE, 0.01
3575, 1, 8, Status.WALL, 0.01
3576, 11, 74, Status.SNAKE, 0.01
3577, 9, 66, Status.SNAKE, 0.01
3578, 6, 51, Status.SNAKE, 0.01
3579, 1, 10, Status.WALL, 0.01
3580, 4, 18, Status.SNAKE, 0.01
3581, 5, 38, Status.SNAKE, 0.01
3582, 3, 21, Status.SNAKE, 0.01
3583, 15, 70, Status.SNAKE, 0.01
3584, 7, 51, Status.SNAKE, 0.01
3585, 13, 80, Status.SNAKE, 0.01
3586, 3, 13, Status.SNAKE, 0.01
3587, 5, 31, Status.SNAKE, 0.01
3588, 12, 71, Status.SNAKE, 0.01
3589, 3, 15, Status.SNAKE, 0.01
3590, 5, 36, Status.WALL, 0.01
3591, 6, 44, Status.WALL, 0.01
3592, 2, 18, Status.SNAKE, 0.01
3593, 3, 32, Status.SNAKE, 0.01
3594, 11, 69, Status.SNAKE, 0.01
3595, 7, 43, Status.WALL, 0.01
3596, 15, 93, Status.SNAKE, 0.01
3597, 19, 121, Status.SNAKE, 0.01
3598, 7, 40, Status.SNAKE, 0.01
3599, 5, 43, Status.SNAKE, 0.01
3600, 2, 18, Status.WALL, 0.01
3601, 8, 52, Status.SNAKE, 0.01
3602, 6, 39, Status.SNAKE, 0.01
3603, 6, 38, Status.SNAKE, 0.01
3604, 14, 86, Status.SNAKE, 0.01
3605, 4, 27, Status.WALL, 0.01
3606, 15, 89, Status.WALL, 0.01
3607, 5, 33, Status.SNAKE, 0.01
3608, 8, 56, Status.WALL, 0.01
3609, 1, 5, Status.SNAKE, 0.01
3610, 11, 86, Status.SNAKE, 0.01
3611, 14, 134, Status.SNAKE, 0.01
3612, 13, 90, Status.SNAKE, 0.01
3613, 4, 33, Status.WALL, 0.01
3614, 8, 54, Status.SNAKE, 0.01
3615, 15, 114, Status.SNAKE, 0.01
3616, 10, 73, Status.SNAKE, 0.01
3617, 2, 19, Status.WALL, 0.01
3618, 8, 69, Status.SNAKE, 0.01
3619, 4, 18, Status.SNAKE, 0.01
3620, 5, 34, Status.SNAKE, 0.01
3621, 6, 46, Status.SNAKE, 0.01
3622, 7, 52, Status.SNAKE, 0.01
3623, 10, 93, Status.WALL, 0.01
3624, 13, 87, Status.SNAKE, 0.01
3625, 16, 74, Status.WALL, 0.01
3626, 11, 64, Status.SNAKE, 0.01
3627, 1, 3, Status.SNAKE, 0.01
3628, 8, 51, Status.WALL, 0.01
3629, 3, 13, Status.WALL, 0.01
3630, 6, 42, Status.SNAKE, 0.01
3631, 9, 94, Status.SNAKE, 0.01
3632, 10, 64, Status.SNAKE, 0.01
3633, 9, 72, Status.SNAKE, 0.01
3634, 16, 121, Status.SNAKE, 0.01
3635, 4, 25, Status.SNAKE, 0.01
3636, 3, 29, Status.WALL, 0.01
3637, 6, 46, Status.SNAKE, 0.01
3638, 3, 19, Status.SNAKE, 0.01
3639, 6, 33, Status.WALL, 0.01
3640, 9, 78, Status.SNAKE, 0.01
3641, 3, 8, Status.WALL, 0.01
3642, 6, 33, Status.SNAKE, 0.01
3643, 9, 51, Status.SNAKE, 0.01
3644, 4, 32, Status.SNAKE, 0.01
3645, 5, 38, Status.SNAKE, 0.01
3646, 7, 54, Status.SNAKE, 0.01
3647, 16, 123, Status.SNAKE, 0.01
3648, 17, 121, Status.SNAKE, 0.01
3649, 10, 82, Status.SNAKE, 0.01
3650, 12, 78, Status.SNAKE, 0.01
3651, 6, 43, Status.SNAKE, 0.01
3652, 6, 49, Status.WALL, 0.01
3653, 3, 16, Status.SNAKE, 0.01
3654, 9, 57, Status.SNAKE, 0.01
3655, 7, 69, Status.SNAKE, 0.01
3656, 10, 69, Status.SNAKE, 0.01
3657, 10, 60, Status.SNAKE, 0.01
3658, 4, 27, Status.SNAKE, 0.01
3659, 5, 29, Status.WALL, 0.01
3660, 7, 38, Status.WALL, 0.01
3661, 12, 100, Status.SNAKE, 0.01
3662, 18, 106, Status.SNAKE, 0.01
3663, 8, 66, Status.WALL, 0.01
3664, 3, 22, Status.SNAKE, 0.01
3665, 5, 24, Status.WALL, 0.01
3666, 0, 7, Status.WALL, 0.01
3667, 4, 31, Status.WALL, 0.01
3668, 1, 7, Status.WALL, 0.01
3669, 8, 46, Status.SNAKE, 0.01
3670, 1, 6, Status.SNAKE, 0.01
3671, 4, 36, Status.SNAKE, 0.01
3672, 12, 75, Status.SNAKE, 0.01
3673, 8, 50, Status.SNAKE, 0.01
3674, 12, 56, Status.SNAKE, 0.01
3675, 6, 46, Status.SNAKE, 0.01
3676, 14, 92, Status.SNAKE, 0.01
3677, 11, 78, Status.SNAKE, 0.01
3678, 5, 27, Status.SNAKE, 0.01
3679, 8, 58, Status.WALL, 0.01
3680, 4, 33, Status.SNAKE, 0.01
3681, 3, 28, Status.SNAKE, 0.01
3682, 1, 6, Status.WALL, 0.01
3683, 14, 76, Status.SNAKE, 0.01
3684, 19, 147, Status.SNAKE, 0.01
3685, 1, 5, Status.SNAKE, 0.01
3686, 5, 34, Status.SNAKE, 0.01
3687, 9, 62, Status.SNAKE, 0.01
3688, 3, 22, Status.SNAKE, 0.01
3689, 6, 39, Status.SNAKE, 0.01
3690, 7, 49, Status.SNAKE, 0.01
3691, 9, 78, Status.SNAKE, 0.01
3692, 11, 101, Status.SNAKE, 0.01
3693, 19, 137, Status.SNAKE, 0.01
3694, 5, 34, Status.WALL, 0.01
3695, 10, 49, Status.SNAKE, 0.01
3696, 14, 107, Status.SNAKE, 0.01
3697, 9, 56, Status.SNAKE, 0.01
3698, 5, 34, Status.SNAKE, 0.01
3699, 7, 73, Status.SNAKE, 0.01
3700, 8, 51, Status.WALL, 0.01
3701, 2, 19, Status.WALL, 0.01
3702, 13, 104, Status.SNAKE, 0.01
3703, 5, 35, Status.SNAKE, 0.01
3704, 9, 70, Status.SNAKE, 0.01
3705, 8, 53, Status.SNAKE, 0.01
3706, 10, 62, Status.SNAKE, 0.01
3707, 3, 29, Status.SNAKE, 0.01
3708, 10, 75, Status.SNAKE, 0.01
3709, 8, 53, Status.SNAKE, 0.01
3710, 6, 41, Status.SNAKE, 0.01
3711, 8, 57, Status.SNAKE, 0.01
3712, 1, 7, Status.WALL, 0.01
3713, 18, 149, Status.SNAKE, 0.01
3714, 13, 90, Status.SNAKE, 0.01
3715, 7, 31, Status.SNAKE, 0.01
3716, 12, 85, Status.SNAKE, 0.01
3717, 10, 68, Status.WALL, 0.01
3718, 11, 99, Status.SNAKE, 0.01
3719, 2, 8, Status.SNAKE, 0.01
3720, 10, 87, Status.WALL, 0.01
3721, 8, 54, Status.SNAKE, 0.01
3722, 6, 29, Status.WALL, 0.01
3723, 15, 120, Status.SNAKE, 0.01
3724, 5, 34, Status.SNAKE, 0.01
3725, 2, 24, Status.WALL, 0.01
3726, 5, 35, Status.WALL, 0.01
3727, 3, 32, Status.SNAKE, 0.01
3728, 5, 51, Status.SNAKE, 0.01
3729, 12, 112, Status.SNAKE, 0.01
3730, 8, 64, Status.SNAKE, 0.01
3731, 7, 48, Status.SNAKE, 0.01
3732, 10, 71, Status.WALL, 0.01
3733, 3, 41, Status.WALL, 0.01
3734, 6, 36, Status.WALL, 0.01
3735, 8, 66, Status.WALL, 0.01
3736, 5, 52, Status.WALL, 0.01
3737, 10, 72, Status.SNAKE, 0.01
3738, 7, 43, Status.SNAKE, 0.01
3739, 7, 47, Status.SNAKE, 0.01
3740, 3, 11, Status.SNAKE, 0.01
3741, 4, 26, Status.WALL, 0.01
3742, 3, 26, Status.SNAKE, 0.01
3743, 13, 99, Status.SNAKE, 0.01
3744, 11, 90, Status.SNAKE, 0.01
3745, 10, 77, Status.SNAKE, 0.01
3746, 2, 19, Status.SNAKE, 0.01
3747, 5, 34, Status.SNAKE, 0.01
3748, 1, 5, Status.SNAKE, 0.01
3749, 16, 113, Status.SNAKE, 0.01
3750, 11, 76, Status.SNAKE, 0.01
3751, 12, 119, Status.WALL, 0.01
3752, 6, 43, Status.SNAKE, 0.01
3753, 3, 29, Status.WALL, 0.01
3754, 11, 68, Status.SNAKE, 0.01
3755, 8, 61, Status.SNAKE, 0.01
3756, 10, 81, Status.SNAKE, 0.01
3757, 2, 20, Status.SNAKE, 0.01
3758, 11, 61, Status.WALL, 0.01
3759, 4, 21, Status.SNAKE, 0.01
3760, 1, 3, Status.SNAKE, 0.01
3761, 8, 45, Status.SNAKE, 0.01
3762, 5, 33, Status.SNAKE, 0.01
3763, 5, 28, Status.SNAKE, 0.01
3764, 6, 41, Status.SNAKE, 0.01
3765, 5, 40, Status.SNAKE, 0.01
3766, 3, 27, Status.SNAKE, 0.01
3767, 14, 115, Status.SNAKE, 0.01
3768, 8, 45, Status.WALL, 0.01
3769, 2, 13, Status.SNAKE, 0.01
3770, 12, 92, Status.SNAKE, 0.01
3771, 5, 34, Status.SNAKE, 0.01
3772, 3, 17, Status.WALL, 0.01
3773, 9, 61, Status.SNAKE, 0.01
3774, 10, 62, Status.WALL, 0.01
3775, 8, 73, Status.SNAKE, 0.01
3776, 3, 19, Status.SNAKE, 0.01
3777, 5, 46, Status.WALL, 0.01
3778, 7, 52, Status.SNAKE, 0.01
3779, 5, 40, Status.SNAKE, 0.01
3780, 4, 27, Status.WALL, 0.01
3781, 10, 95, Status.SNAKE, 0.01
3782, 7, 40, Status.WALL, 0.01
3783, 8, 46, Status.SNAKE, 0.01
3784, 10, 98, Status.SNAKE, 0.01
3785, 20, 139, Status.SNAKE, 0.01
3786, 8, 90, Status.WALL, 0.01
3787, 6, 46, Status.SNAKE, 0.01
3788, 8, 42, Status.SNAKE, 0.01
3789, 8, 70, Status.SNAKE, 0.01
3790, 4, 24, Status.SNAKE, 0.01
3791, 9, 81, Status.SNAKE, 0.01
3792, 6, 48, Status.SNAKE, 0.01
3793, 8, 61, Status.SNAKE, 0.01
3794, 6, 52, Status.SNAKE, 0.01
3795, 16, 104, Status.SNAKE, 0.01
3796, 7, 39, Status.SNAKE, 0.01
3797, 4, 22, Status.SNAKE, 0.01
3798, 13, 102, Status.SNAKE, 0.01
3799, 7, 56, Status.SNAKE, 0.01
3800, 3, 35, Status.SNAKE, 0.01
3801, 11, 91, Status.WALL, 0.01
3802, 7, 40, Status.SNAKE, 0.01
3803, 5, 41, Status.SNAKE, 0.01
3804, 15, 95, Status.SNAKE, 0.01
3805, 12, 73, Status.SNAKE, 0.01
3806, 15, 101, Status.SNAKE, 0.01
3807, 25, 188, Status.SNAKE, 0.01
3808, 18, 117, Status.WALL, 0.01
3809, 6, 47, Status.SNAKE, 0.01
3810, 15, 98, Status.SNAKE, 0.01
3811, 6, 35, Status.SNAKE, 0.01
3812, 7, 56, Status.SNAKE, 0.01
3813, 5, 34, Status.SNAKE, 0.01
3814, 10, 73, Status.SNAKE, 0.01
3815, 2, 21, Status.SNAKE, 0.01
3816, 14, 116, Status.SNAKE, 0.01
3817, 1, 3, Status.SNAKE, 0.01
3818, 6, 38, Status.SNAKE, 0.01
3819, 5, 34, Status.SNAKE, 0.01
3820, 13, 115, Status.SNAKE, 0.01
3821, 7, 52, Status.SNAKE, 0.01
3822, 7, 56, Status.SNAKE, 0.01
3823, 8, 47, Status.WALL, 0.01
3824, 13, 89, Status.SNAKE, 0.01
3825, 6, 51, Status.WALL, 0.01
3826, 1, 16, Status.SNAKE, 0.01
3827, 9, 50, Status.WALL, 0.01
3828, 9, 55, Status.SNAKE, 0.01
3829, 1, 9, Status.WALL, 0.01
3830, 9, 68, Status.WALL, 0.01
3831, 9, 62, Status.SNAKE, 0.01
3832, 9, 57, Status.SNAKE, 0.01
3833, 13, 96, Status.WALL, 0.01
3834, 1, 13, Status.SNAKE, 0.01
3835, 15, 108, Status.SNAKE, 0.01
3836, 1, 3, Status.SNAKE, 0.01
3837, 2, 22, Status.WALL, 0.01
3838, 8, 46, Status.WALL, 0.01
3839, 2, 18, Status.WALL, 0.01
3840, 9, 65, Status.SNAKE, 0.01
3841, 15, 117, Status.SNAKE, 0.01
3842, 9, 63, Status.SNAKE, 0.01
3843, 12, 77, Status.SNAKE, 0.01
3844, 4, 35, Status.WALL, 0.01
3845, 12, 73, Status.SNAKE, 0.01
3846, 12, 80, Status.SNAKE, 0.01
3847, 4, 33, Status.WALL, 0.01
3848, 10, 78, Status.SNAKE, 0.01
3849, 4, 30, Status.WALL, 0.01
3850, 9, 73, Status.SNAKE, 0.01
3851, 7, 38, Status.SNAKE, 0.01
3852, 11, 74, Status.SNAKE, 0.01
3853, 8, 71, Status.WALL, 0.01
3854, 4, 22, Status.SNAKE, 0.01
3855, 6, 30, Status.WALL, 0.01
3856, 5, 47, Status.WALL, 0.01
3857, 7, 43, Status.SNAKE, 0.01
3858, 6, 40, Status.SNAKE, 0.01
3859, 5, 43, Status.SNAKE, 0.01
3860, 4, 29, Status.WALL, 0.01
3861, 11, 101, Status.SNAKE, 0.01
3862, 14, 90, Status.SNAKE, 0.01
3863, 8, 62, Status.SNAKE, 0.01
3864, 3, 17, Status.SNAKE, 0.01
3865, 5, 24, Status.SNAKE, 0.01
3866, 16, 110, Status.SNAKE, 0.01
3867, 12, 70, Status.SNAKE, 0.01
3868, 9, 39, Status.SNAKE, 0.01
3869, 8, 60, Status.SNAKE, 0.01
3870, 14, 81, Status.SNAKE, 0.01
3871, 19, 139, Status.SNAKE, 0.01
3872, 9, 54, Status.WALL, 0.01
3873, 9, 41, Status.SNAKE, 0.01
3874, 3, 21, Status.SNAKE, 0.01
3875, 12, 83, Status.WALL, 0.01
3876, 1, 8, Status.WALL, 0.01
3877, 15, 84, Status.SNAKE, 0.01
3878, 2, 19, Status.WALL, 0.01
3879, 4, 19, Status.WALL, 0.01
3880, 9, 60, Status.SNAKE, 0.01
3881, 4, 34, Status.SNAKE, 0.01
3882, 8, 72, Status.WALL, 0.01
3883, 12, 84, Status.WALL, 0.01
3884, 5, 34, Status.WALL, 0.01
3885, 11, 76, Status.WALL, 0.01
3886, 3, 26, Status.SNAKE, 0.01
3887, 6, 37, Status.WALL, 0.01
3888, 5, 50, Status.WALL, 0.01
3889, 1, 3, Status.SNAKE, 0.01
3890, 8, 40, Status.SNAKE, 0.01
3891, 10, 59, Status.SNAKE, 0.01
3892, 14, 113, Status.WALL, 0.01
3893, 13, 102, Status.WALL, 0.01
3894, 7, 38, Status.SNAKE, 0.01
3895, 7, 45, Status.SNAKE, 0.01
3896, 10, 82, Status.SNAKE, 0.01
3897, 10, 75, Status.SNAKE, 0.01
3898, 9, 67, Status.SNAKE, 0.01
3899, 5, 39, Status.SNAKE, 0.01
3900, 7, 39, Status.SNAKE, 0.01
3901, 10, 59, Status.SNAKE, 0.01
3902, 9, 76, Status.WALL, 0.01
3903, 10, 73, Status.SNAKE, 0.01
3904, 5, 56, Status.WALL, 0.01
3905, 9, 66, Status.SNAKE, 0.01
3906, 4, 30, Status.SNAKE, 0.01
3907, 14, 93, Status.SNAKE, 0.01
3908, 8, 52, Status.SNAKE, 0.01
3909, 11, 88, Status.SNAKE, 0.01
3910, 17, 116, Status.SNAKE, 0.01
3911, 11, 81, Status.SNAKE, 0.01
3912, 1, 3, Status.SNAKE, 0.01
3913, 7, 55, Status.SNAKE, 0.01
3914, 5, 42, Status.SNAKE, 0.01
3915, 2, 18, Status.WALL, 0.01
3916, 13, 87, Status.SNAKE, 0.01
3917, 8, 53, Status.SNAKE, 0.01
3918, 7, 45, Status.SNAKE, 0.01
3919, 11, 74, Status.SNAKE, 0.01
3920, 6, 34, Status.WALL, 0.01
3921, 14, 108, Status.SNAKE, 0.01
3922, 8, 59, Status.SNAKE, 0.01
3923, 15, 124, Status.WALL, 0.01
3924, 11, 63, Status.SNAKE, 0.01
3925, 1, 3, Status.SNAKE, 0.01
3926, 13, 100, Status.SNAKE, 0.01
3927, 19, 123, Status.SNAKE, 0.01
3928, 5, 27, Status.SNAKE, 0.01
3929, 5, 40, Status.SNAKE, 0.01
3930, 4, 27, Status.SNAKE, 0.01
3931, 13, 95, Status.SNAKE, 0.01
3932, 12, 74, Status.SNAKE, 0.01
3933, 11, 53, Status.SNAKE, 0.01
3934, 7, 43, Status.SNAKE, 0.01
3935, 12, 80, Status.SNAKE, 0.01
3936, 10, 89, Status.SNAKE, 0.01
3937, 18, 138, Status.SNAKE, 0.01
3938, 10, 73, Status.SNAKE, 0.01
3939, 12, 86, Status.SNAKE, 0.01
3940, 10, 63, Status.WALL, 0.01
3941, 7, 61, Status.WALL, 0.01
3942, 15, 121, Status.SNAKE, 0.01
3943, 8, 51, Status.SNAKE, 0.01
3944, 10, 62, Status.SNAKE, 0.01
3945, 10, 58, Status.SNAKE, 0.01
3946, 5, 33, Status.SNAKE, 0.01
3947, 11, 93, Status.SNAKE, 0.01
3948, 1, 6, Status.SNAKE, 0.01
3949, 5, 30, Status.SNAKE, 0.01
3950, 11, 80, Status.WALL, 0.01
3951, 8, 50, Status.WALL, 0.01
3952, 11, 96, Status.SNAKE, 0.01
3953, 7, 56, Status.SNAKE, 0.01
3954, 7, 47, Status.SNAKE, 0.01
3955, 3, 20, Status.SNAKE, 0.01
3956, 10, 67, Status.SNAKE, 0.01
3957, 1, 13, Status.WALL, 0.01
3958, 5, 31, Status.WALL, 0.01
3959, 15, 81, Status.SNAKE, 0.01
3960, 4, 28, Status.SNAKE, 0.01
3961, 5, 24, Status.SNAKE, 0.01
3962, 6, 34, Status.SNAKE, 0.01
3963, 8, 48, Status.SNAKE, 0.01
3964, 15, 105, Status.SNAKE, 0.01
3965, 11, 84, Status.WALL, 0.01
3966, 10, 67, Status.SNAKE, 0.01
3967, 5, 26, Status.SNAKE, 0.01
3968, 5, 36, Status.SNAKE, 0.01
3969, 5, 34, Status.SNAKE, 0.01
3970, 3, 23, Status.WALL, 0.01
3971, 5, 37, Status.SNAKE, 0.01
3972, 19, 161, Status.SNAKE, 0.01
3973, 1, 8, Status.WALL, 0.01
3974, 3, 27, Status.SNAKE, 0.01
3975, 9, 88, Status.SNAKE, 0.01
3976, 5, 31, Status.SNAKE, 0.01
3977, 19, 132, Status.WALL, 0.01
3978, 7, 37, Status.SNAKE, 0.01
3979, 11, 65, Status.SNAKE, 0.01
3980, 5, 23, Status.SNAKE, 0.01
3981, 5, 48, Status.SNAKE, 0.01
3982, 7, 48, Status.SNAKE, 0.01
3983, 10, 74, Status.SNAKE, 0.01
3984, 8, 64, Status.SNAKE, 0.01
3985, 9, 65, Status.SNAKE, 0.01
3986, 7, 46, Status.SNAKE, 0.01
3987, 12, 80, Status.SNAKE, 0.01
3988, 11, 94, Status.SNAKE, 0.01
3989, 11, 82, Status.SNAKE, 0.01
3990, 2, 13, Status.WALL, 0.01
3991, 5, 43, Status.SNAKE, 0.01
3992, 9, 63, Status.SNAKE, 0.01
3993, 1, 5, Status.SNAKE, 0.01
3994, 17, 97, Status.WALL, 0.01
3995, 10, 98, Status.SNAKE, 0.01
3996, 4, 29, Status.WALL, 0.01
3997, 18, 120, Status.SNAKE, 0.01
3998, 1, 20, Status.SNAKE, 0.01
3999, 4, 28, Status.WALL, 0.01
4000, 2, 21, Status.SNAKE, 0.01
4001, 13, 98, Status.SNAKE, 0.01
4002, 8, 64, Status.SNAKE, 0.01
4003, 8, 58, Status.SNAKE, 0.01
4004, 6, 56, Status.WALL, 0.01
4005, 6, 32, Status.SNAKE, 0.01
4006, 8, 55, Status.SNAKE, 0.01
4007, 1, 8, Status.WALL, 0.01
4008, 5, 26, Status.SNAKE, 0.01
4009, 12, 65, Status.SNAKE, 0.01
4010, 3, 26, Status.SNAKE, 0.01
4011, 4, 28, Status.SNAKE, 0.01
4012, 0, 6, Status.WALL, 0.01
4013, 9, 61, Status.SNAKE, 0.01
4014, 1, 5, Status.SNAKE, 0.01
4015, 2, 11, Status.WALL, 0.01
4016, 14, 118, Status.SNAKE, 0.01
4017, 8, 50, Status.WALL, 0.01
4018, 6, 45, Status.SNAKE, 0.01
4019, 8, 38, Status.SNAKE, 0.01
4020, 1, 9, Status.WALL, 0.01
4021, 6, 53, Status.SNAKE, 0.01
4022, 8, 50, Status.SNAKE, 0.01
4023, 7, 42, Status.SNAKE, 0.01
4024, 10, 76, Status.SNAKE, 0.01
4025, 10, 56, Status.SNAKE, 0.01
4026, 11, 91, Status.WALL, 0.01
4027, 8, 33, Status.SNAKE, 0.01
4028, 15, 123, Status.WALL, 0.01
4029, 5, 20, Status.WALL, 0.01
4030, 13, 70, Status.SNAKE, 0.01
4031, 7, 56, Status.SNAKE, 0.01
4032, 9, 65, Status.SNAKE, 0.01
4033, 10, 71, Status.SNAKE, 0.01
4034, 1, 4, Status.SNAKE, 0.01
4035, 6, 61, Status.SNAKE, 0.01
4036, 4, 20, Status.SNAKE, 0.01
4037, 15, 119, Status.WALL, 0.01
4038, 5, 35, Status.WALL, 0.01
4039, 10, 73, Status.WALL, 0.01
4040, 8, 55, Status.SNAKE, 0.01
4041, 14, 104, Status.SNAKE, 0.01
4042, 9, 57, Status.SNAKE, 0.01
4043, 3, 24, Status.SNAKE, 0.01
4044, 15, 83, Status.SNAKE, 0.01
4045, 3, 17, Status.WALL, 0.01
4046, 8, 63, Status.SNAKE, 0.01
4047, 7, 53, Status.SNAKE, 0.01
4048, 15, 104, Status.SNAKE, 0.01
4049, 1, 6, Status.SNAKE, 0.01
4050, 13, 91, Status.SNAKE, 0.01
4051, 3, 19, Status.WALL, 0.01
4052, 6, 48, Status.WALL, 0.01
4053, 6, 42, Status.WALL, 0.01
4054, 15, 111, Status.SNAKE, 0.01
4055, 1, 3, Status.SNAKE, 0.01
4056, 9, 58, Status.SNAKE, 0.01
4057, 8, 60, Status.SNAKE, 0.01
4058, 16, 98, Status.SNAKE, 0.01
4059, 12, 90, Status.SNAKE, 0.01
4060, 1, 8, Status.SNAKE, 0.01
4061, 3, 28, Status.WALL, 0.01
4062, 9, 51, Status.SNAKE, 0.01
4063, 5, 30, Status.WALL, 0.01
4064, 9, 57, Status.SNAKE, 0.01
4065, 7, 55, Status.WALL, 0.01
4066, 5, 31, Status.WALL, 0.01
4067, 10, 91, Status.SNAKE, 0.01
4068, 12, 82, Status.SNAKE, 0.01
4069, 4, 23, Status.SNAKE, 0.01
4070, 3, 17, Status.SNAKE, 0.01
4071, 1, 5, Status.SNAKE, 0.01
4072, 8, 75, Status.SNAKE, 0.01
4073, 2, 19, Status.WALL, 0.01
4074, 5, 40, Status.WALL, 0.01
4075, 10, 79, Status.WALL, 0.01
4076, 6, 26, Status.SNAKE, 0.01
4077, 6, 54, Status.WALL, 0.01
4078, 9, 60, Status.SNAKE, 0.01
4079, 2, 11, Status.WALL, 0.01
4080, 13, 88, Status.SNAKE, 0.01
4081, 9, 51, Status.WALL, 0.01
4082, 5, 26, Status.SNAKE, 0.01
4083, 11, 86, Status.SNAKE, 0.01
4084, 4, 32, Status.WALL, 0.01
4085, 14, 70, Status.SNAKE, 0.01
4086, 1, 6, Status.SNAKE, 0.01
4087, 16, 110, Status.SNAKE, 0.01
4088, 4, 31, Status.SNAKE, 0.01
4089, 10, 69, Status.SNAKE, 0.01
4090, 13, 106, Status.SNAKE, 0.01
4091, 9, 68, Status.SNAKE, 0.01
4092, 7, 33, Status.SNAKE, 0.01
4093, 10, 47, Status.SNAKE, 0.01
4094, 11, 48, Status.SNAKE, 0.01
4095, 8, 58, Status.SNAKE, 0.01
4096, 6, 62, Status.SNAKE, 0.01
4097, 9, 62, Status.SNAKE, 0.01
4098, 11, 60, Status.SNAKE, 0.01
4099, 0, 6, Status.WALL, 0.01
4100, 14, 94, Status.SNAKE, 0.01
4101, 4, 26, Status.SNAKE, 0.01
4102, 3, 25, Status.WALL, 0.01
4103, 6, 58, Status.SNAKE, 0.01
4104, 19, 115, Status.WALL, 0.01
4105, 5, 45, Status.WALL, 0.01
4106, 3, 18, Status.SNAKE, 0.01
4107, 12, 95, Status.SNAKE, 0.01
4108, 9, 47, Status.SNAKE, 0.01
4109, 10, 82, Status.SNAKE, 0.01
4110, 14, 130, Status.SNAKE, 0.01
4111, 11, 84, Status.SNAKE, 0.01
4112, 6, 45, Status.SNAKE, 0.01
4113, 14, 100, Status.SNAKE, 0.01
4114, 11, 82, Status.SNAKE, 0.01
4115, 1, 3, Status.SNAKE, 0.01
4116, 11, 90, Status.SNAKE, 0.01
4117, 8, 33, Status.WALL, 0.01
4118, 2, 30, Status.WALL, 0.01
4119, 2, 21, Status.SNAKE, 0.01
4120, 11, 86, Status.SNAKE, 0.01
4121, 16, 111, Status.SNAKE, 0.01
4122, 4, 28, Status.SNAKE, 0.01
4123, 7, 50, Status.SNAKE, 0.01
4124, 4, 31, Status.SNAKE, 0.01
4125, 5, 53, Status.WALL, 0.01
4126, 12, 70, Status.WALL, 0.01
4127, 13, 97, Status.WALL, 0.01
4128, 11, 68, Status.SNAKE, 0.01
4129, 10, 86, Status.SNAKE, 0.01
4130, 5, 40, Status.SNAKE, 0.01
4131, 5, 27, Status.WALL, 0.01
4132, 11, 80, Status.SNAKE, 0.01
4133, 4, 21, Status.SNAKE, 0.01
4134, 9, 87, Status.WALL, 0.01
4135, 7, 54, Status.SNAKE, 0.01
4136, 3, 22, Status.WALL, 0.01
4137, 5, 36, Status.SNAKE, 0.01
4138, 11, 103, Status.SNAKE, 0.01
4139, 10, 75, Status.SNAKE, 0.01
4140, 14, 119, Status.WALL, 0.01
4141, 5, 44, Status.SNAKE, 0.01
4142, 6, 26, Status.WALL, 0.01
4143, 12, 94, Status.SNAKE, 0.01
4144, 6, 19, Status.WALL, 0.01
4145, 7, 45, Status.WALL, 0.01
4146, 17, 98, Status.SNAKE, 0.01
4147, 7, 31, Status.SNAKE, 0.01
4148, 5, 27, Status.SNAKE, 0.01
4149, 11, 92, Status.SNAKE, 0.01
4150, 6, 47, Status.SNAKE, 0.01
4151, 3, 24, Status.SNAKE, 0.01
4152, 2, 15, Status.SNAKE, 0.01
4153, 1, 8, Status.WALL, 0.01
4154, 6, 35, Status.SNAKE, 0.01
4155, 9, 67, Status.SNAKE, 0.01
4156, 5, 17, Status.WALL, 0.01
4157, 1, 8, Status.WALL, 0.01
4158, 12, 105, Status.WALL, 0.01
4159, 8, 39, Status.SNAKE, 0.01
4160, 11, 77, Status.WALL, 0.01
4161, 14, 103, Status.SNAKE, 0.01
4162, 1, 4, Status.SNAKE, 0.01
4163, 1, 3, Status.SNAKE, 0.01
4164, 9, 77, Status.WALL, 0.01
4165, 9, 51, Status.SNAKE, 0.01
4166, 6, 42, Status.SNAKE, 0.01
4167, 10, 83, Status.SNAKE, 0.01
4168, 5, 44, Status.SNAKE, 0.01
4169, 7, 39, Status.WALL, 0.01
4170, 7, 41, Status.SNAKE, 0.01
4171, 5, 34, Status.WALL, 0.01
4172, 8, 57, Status.SNAKE, 0.01
4173, 3, 10, Status.WALL, 0.01
4174, 4, 16, Status.SNAKE, 0.01
4175, 1, 8, Status.WALL, 0.01
4176, 3, 35, Status.WALL, 0.01
4177, 5, 37, Status.SNAKE, 0.01
4178, 21, 124, Status.WALL, 0.01
4179, 5, 25, Status.SNAKE, 0.01
4180, 9, 66, Status.SNAKE, 0.01
4181, 14, 87, Status.SNAKE, 0.01
4182, 8, 51, Status.SNAKE, 0.01
4183, 11, 80, Status.SNAKE, 0.01
4184, 9, 69, Status.SNAKE, 0.01
4185, 10, 74, Status.SNAKE, 0.01
4186, 6, 46, Status.SNAKE, 0.01
4187, 12, 71, Status.SNAKE, 0.01
4188, 1, 5, Status.SNAKE, 0.01
4189, 13, 77, Status.SNAKE, 0.01
4190, 9, 56, Status.SNAKE, 0.01
4191, 12, 87, Status.SNAKE, 0.01
4192, 6, 48, Status.SNAKE, 0.01
4193, 4, 16, Status.SNAKE, 0.01
4194, 11, 91, Status.SNAKE, 0.01
4195, 10, 74, Status.SNAKE, 0.01
4196, 12, 93, Status.SNAKE, 0.01
4197, 7, 50, Status.SNAKE, 0.01
4198, 15, 100, Status.SNAKE, 0.01
4199, 14, 132, Status.SNAKE, 0.01
4200, 7, 47, Status.SNAKE, 0.01
4201, 1, 12, Status.WALL, 0.01
4202, 6, 46, Status.SNAKE, 0.01
4203, 8, 51, Status.SNAKE, 0.01
4204, 13, 94, Status.SNAKE, 0.01
4205, 15, 97, Status.WALL, 0.01
4206, 9, 75, Status.SNAKE, 0.01
4207, 1, 6, Status.SNAKE, 0.01
4208, 10, 79, Status.SNAKE, 0.01
4209, 7, 36, Status.WALL, 0.01
4210, 6, 40, Status.SNAKE, 0.01
4211, 12, 87, Status.SNAKE, 0.01
4212, 4, 27, Status.SNAKE, 0.01
4213, 5, 39, Status.SNAKE, 0.01
4214, 6, 32, Status.SNAKE, 0.01
4215, 2, 12, Status.SNAKE, 0.01
4216, 12, 84, Status.WALL, 0.01
4217, 11, 97, Status.SNAKE, 0.01
4218, 2, 9, Status.WALL, 0.01
4219, 6, 44, Status.SNAKE, 0.01
4220, 7, 66, Status.SNAKE, 0.01
4221, 2, 13, Status.WALL, 0.01
4222, 8, 39, Status.SNAKE, 0.01
4223, 3, 12, Status.SNAKE, 0.01
4224, 12, 100, Status.WALL, 0.01
4225, 4, 25, Status.SNAKE, 0.01
4226, 5, 43, Status.SNAKE, 0.01
4227, 7, 57, Status.SNAKE, 0.01
4228, 2, 8, Status.SNAKE, 0.01
4229, 10, 51, Status.SNAKE, 0.01
4230, 7, 67, Status.SNAKE, 0.01
4231, 6, 53, Status.SNAKE, 0.01
4232, 7, 31, Status.SNAKE, 0.01
4233, 16, 102, Status.SNAKE, 0.01
4234, 5, 47, Status.SNAKE, 0.01
4235, 5, 38, Status.SNAKE, 0.01
4236, 4, 24, Status.SNAKE, 0.01
4237, 8, 42, Status.SNAKE, 0.01
4238, 6, 37, Status.SNAKE, 0.01
4239, 8, 76, Status.SNAKE, 0.01
4240, 14, 91, Status.WALL, 0.01
4241, 24, 163, Status.SNAKE, 0.01
4242, 10, 75, Status.SNAKE, 0.01
4243, 8, 62, Status.SNAKE, 0.01
4244, 12, 92, Status.WALL, 0.01
4245, 6, 40, Status.SNAKE, 0.01
4246, 0, 10, Status.WALL, 0.01
4247, 11, 71, Status.SNAKE, 0.01
4248, 13, 95, Status.SNAKE, 0.01
4249, 1, 6, Status.SNAKE, 0.01
4250, 5, 28, Status.SNAKE, 0.01
4251, 11, 73, Status.SNAKE, 0.01
4252, 3, 31, Status.WALL, 0.01
4253, 11, 65, Status.SNAKE, 0.01
4254, 8, 40, Status.SNAKE, 0.01
4255, 5, 31, Status.SNAKE, 0.01
4256, 14, 106, Status.SNAKE, 0.01
4257, 16, 124, Status.SNAKE, 0.01
4258, 3, 22, Status.WALL, 0.01
4259, 3, 15, Status.SNAKE, 0.01
4260, 7, 77, Status.WALL, 0.01
4261, 11, 76, Status.SNAKE, 0.01
4262, 1, 3, Status.SNAKE, 0.01
4263, 1, 9, Status.WALL, 0.01
4264, 8, 66, Status.SNAKE, 0.01
4265, 3, 22, Status.SNAKE, 0.01
4266, 13, 88, Status.SNAKE, 0.01
4267, 5, 32, Status.SNAKE, 0.01
4268, 6, 56, Status.WALL, 0.01
4269, 5, 36, Status.SNAKE, 0.01
4270, 7, 48, Status.SNAKE, 0.01
4271, 7, 53, Status.SNAKE, 0.01
4272, 6, 52, Status.WALL, 0.01
4273, 5, 42, Status.SNAKE, 0.01
4274, 3, 17, Status.SNAKE, 0.01
4275, 9, 54, Status.WALL, 0.01
4276, 18, 101, Status.SNAKE, 0.01
4277, 6, 37, Status.WALL, 0.01
4278, 8, 59, Status.SNAKE, 0.01
4279, 18, 110, Status.SNAKE, 0.01
4280, 13, 71, Status.SNAKE, 0.01
4281, 9, 78, Status.SNAKE, 0.01
4282, 12, 72, Status.SNAKE, 0.01
4283, 5, 34, Status.SNAKE, 0.01
4284, 1, 8, Status.WALL, 0.01
4285, 1, 6, Status.SNAKE, 0.01
4286, 6, 47, Status.WALL, 0.01
4287, 11, 82, Status.SNAKE, 0.01
4288, 14, 105, Status.SNAKE, 0.01
4289, 11, 76, Status.WALL, 0.01
4290, 4, 37, Status.SNAKE, 0.01
4291, 10, 69, Status.SNAKE, 0.01
4292, 11, 64, Status.SNAKE, 0.01
4293, 12, 82, Status.WALL, 0.01
4294, 6, 42, Status.WALL, 0.01
4295, 8, 57, Status.WALL, 0.01
4296, 5, 35, Status.SNAKE, 0.01
4297, 5, 31, Status.SNAKE, 0.01
4298, 3, 32, Status.SNAKE, 0.01
4299, 2, 16, Status.WALL, 0.01
4300, 16, 99, Status.SNAKE, 0.01
4301, 9, 58, Status.WALL, 0.01
4302, 4, 40, Status.WALL, 0.01
4303, 5, 18, Status.SNAKE, 0.01
4304, 2, 17, Status.WALL, 0.01
4305, 3, 13, Status.SNAKE, 0.01
4306, 1, 6, Status.SNAKE, 0.01
4307, 8, 58, Status.SNAKE, 0.01
4308, 9, 63, Status.WALL, 0.01
4309, 1, 5, Status.SNAKE, 0.01
4310, 8, 56, Status.SNAKE, 0.01
4311, 10, 68, Status.SNAKE, 0.01
4312, 6, 61, Status.SNAKE, 0.01
4313, 14, 93, Status.SNAKE, 0.01
4314, 2, 21, Status.WALL, 0.01
4315, 7, 53, Status.SNAKE, 0.01
4316, 5, 38, Status.WALL, 0.01
4317, 11, 92, Status.SNAKE, 0.01
4318, 9, 55, Status.SNAKE, 0.01
4319, 5, 18, Status.WALL, 0.01
4320, 5, 34, Status.SNAKE, 0.01
4321, 17, 96, Status.SNAKE, 0.01
4322, 14, 78, Status.SNAKE, 0.01
4323, 8, 65, Status.WALL, 0.01
4324, 5, 39, Status.SNAKE, 0.01
4325, 1, 3, Status.SNAKE, 0.01
4326, 5, 36, Status.SNAKE, 0.01
4327, 15, 103, Status.SNAKE, 0.01
4328, 13, 84, Status.SNAKE, 0.01
4329, 7, 42, Status.SNAKE, 0.01
4330, 4, 24, Status.WALL, 0.01
4331, 21, 126, Status.SNAKE, 0.01
4332, 3, 31, Status.WALL, 0.01
4333, 13, 110, Status.SNAKE, 0.01
4334, 6, 43, Status.WALL, 0.01
4335, 6, 49, Status.SNAKE, 0.01
4336, 10, 58, Status.SNAKE, 0.01
4337, 6, 51, Status.SNAKE, 0.01
4338, 7, 56, Status.SNAKE, 0.01
4339, 3, 22, Status.SNAKE, 0.01
4340, 5, 39, Status.SNAKE, 0.01
4341, 9, 59, Status.SNAKE, 0.01
4342, 9, 61, Status.SNAKE, 0.01
4343, 16, 118, Status.SNAKE, 0.01
4344, 6, 39, Status.SNAKE, 0.01
4345, 6, 33, Status.WALL, 0.01
4346, 7, 33, Status.SNAKE, 0.01
4347, 2, 16, Status.WALL, 0.01
4348, 12, 80, Status.SNAKE, 0.01
4349, 7, 41, Status.WALL, 0.01
4350, 5, 33, Status.SNAKE, 0.01
4351, 9, 72, Status.SNAKE, 0.01
4352, 5, 29, Status.SNAKE, 0.01
4353, 19, 146, Status.SNAKE, 0.01
4354, 16, 98, Status.SNAKE, 0.01
4355, 14, 91, Status.SNAKE, 0.01
4356, 15, 121, Status.SNAKE, 0.01
4357, 1, 10, Status.WALL, 0.01
4358, 8, 47, Status.SNAKE, 0.01
4359, 9, 61, Status.SNAKE, 0.01
4360, 8, 50, Status.WALL, 0.01
4361, 4, 36, Status.SNAKE, 0.01
4362, 13, 114, Status.SNAKE, 0.01
4363, 6, 32, Status.SNAKE, 0.01
4364, 4, 19, Status.SNAKE, 0.01
4365, 17, 119, Status.SNAKE, 0.01
4366, 9, 72, Status.SNAKE, 0.01
4367, 8, 40, Status.WALL, 0.01
4368, 11, 86, Status.SNAKE, 0.01
4369, 14, 104, Status.SNAKE, 0.01
4370, 6, 40, Status.SNAKE, 0.01
4371, 8, 54, Status.SNAKE, 0.01
4372, 8, 66, Status.SNAKE, 0.01
4373, 7, 54, Status.SNAKE, 0.01
4374, 12, 82, Status.SNAKE, 0.01
4375, 3, 32, Status.WALL, 0.01
4376, 11, 75, Status.SNAKE, 0.01
4377, 13, 79, Status.SNAKE, 0.01
4378, 10, 74, Status.SNAKE, 0.01
4379, 14, 112, Status.WALL, 0.01
4380, 5, 24, Status.WALL, 0.01
4381, 13, 117, Status.WALL, 0.01
4382, 15, 77, Status.SNAKE, 0.01
4383, 7, 48, Status.SNAKE, 0.01
4384, 4, 20, Status.SNAKE, 0.01
4385, 12, 75, Status.SNAKE, 0.01
4386, 5, 44, Status.SNAKE, 0.01
4387, 6, 48, Status.SNAKE, 0.01
4388, 0, 7, Status.WALL, 0.01
4389, 6, 24, Status.SNAKE, 0.01
4390, 12, 104, Status.SNAKE, 0.01
4391, 10, 69, Status.SNAKE, 0.01
4392, 13, 102, Status.WALL, 0.01
4393, 10, 61, Status.WALL, 0.01
4394, 8, 47, Status.WALL, 0.01
4395, 12, 85, Status.SNAKE, 0.01
4396, 1, 4, Status.SNAKE, 0.01
4397, 7, 40, Status.SNAKE, 0.01
4398, 12, 72, Status.SNAKE, 0.01
4399, 3, 26, Status.WALL, 0.01
4400, 10, 63, Status.SNAKE, 0.01
4401, 2, 21, Status.SNAKE, 0.01
4402, 20, 118, Status.SNAKE, 0.01
4403, 5, 30, Status.WALL, 0.01
4404, 2, 15, Status.SNAKE, 0.01
4405, 9, 52, Status.SNAKE, 0.01
4406, 9, 70, Status.SNAKE, 0.01
4407, 2, 20, Status.WALL, 0.01
4408, 5, 46, Status.WALL, 0.01
4409, 5, 32, Status.SNAKE, 0.01
4410, 7, 35, Status.SNAKE, 0.01
4411, 1, 6, Status.SNAKE, 0.01
4412, 7, 41, Status.SNAKE, 0.01
4413, 3, 17, Status.SNAKE, 0.01
4414, 10, 75, Status.SNAKE, 0.01
4415, 8, 52, Status.SNAKE, 0.01
4416, 5, 37, Status.SNAKE, 0.01
4417, 13, 96, Status.WALL, 0.01
4418, 10, 59, Status.SNAKE, 0.01
4419, 5, 26, Status.WALL, 0.01
4420, 8, 60, Status.WALL, 0.01
4421, 12, 83, Status.SNAKE, 0.01
4422, 10, 52, Status.SNAKE, 0.01
4423, 11, 85, Status.WALL, 0.01
4424, 6, 41, Status.SNAKE, 0.01
4425, 2, 18, Status.SNAKE, 0.01
4426, 14, 106, Status.WALL, 0.01
4427, 7, 41, Status.SNAKE, 0.01
4428, 2, 10, Status.SNAKE, 0.01
4429, 7, 52, Status.SNAKE, 0.01
4430, 4, 23, Status.SNAKE, 0.01
4431, 4, 37, Status.WALL, 0.01
4432, 9, 52, Status.SNAKE, 0.01
4433, 15, 101, Status.SNAKE, 0.01
4434, 11, 77, Status.SNAKE, 0.01
4435, 9, 62, Status.SNAKE, 0.01
4436, 15, 120, Status.SNAKE, 0.01
4437, 14, 124, Status.SNAKE, 0.01
4438, 13, 86, Status.SNAKE, 0.01
4439, 12, 80, Status.SNAKE, 0.01
4440, 1, 10, Status.WALL, 0.01
4441, 7, 41, Status.WALL, 0.01
4442, 3, 27, Status.SNAKE, 0.01
4443, 6, 59, Status.SNAKE, 0.01
4444, 10, 60, Status.SNAKE, 0.01
4445, 6, 49, Status.SNAKE, 0.01
4446, 7, 49, Status.SNAKE, 0.01
4447, 10, 67, Status.WALL, 0.01
4448, 3, 17, Status.SNAKE, 0.01
4449, 8, 54, Status.WALL, 0.01
4450, 7, 65, Status.SNAKE, 0.01
4451, 7, 52, Status.SNAKE, 0.01
4452, 8, 55, Status.WALL, 0.01
4453, 5, 27, Status.SNAKE, 0.01
4454, 1, 5, Status.WALL, 0.01
4455, 6, 44, Status.WALL, 0.01
4456, 6, 30, Status.SNAKE, 0.01
4457, 8, 149, Status.SNAKE, 0.01
4458, 5, 75, Status.WALL, 0.01
4459, 12, 67, Status.SNAKE, 0.01
4460, 12, 117, Status.SNAKE, 0.01
4461, 1, 6, Status.SNAKE, 0.01
4462, 7, 59, Status.SNAKE, 0.01
4463, 14, 81, Status.SNAKE, 0.01
4464, 2, 24, Status.WALL, 0.01
4465, 12, 57, Status.SNAKE, 0.01
4466, 5, 39, Status.SNAKE, 0.01
4467, 3, 21, Status.WALL, 0.01
4468, 7, 61, Status.SNAKE, 0.01
4469, 3, 26, Status.SNAKE, 0.01
4470, 11, 85, Status.SNAKE, 0.01
4471, 13, 107, Status.SNAKE, 0.01
4472, 12, 93, Status.SNAKE, 0.01
4473, 9, 59, Status.SNAKE, 0.01
4474, 4, 52, Status.SNAKE, 0.01
4475, 5, 24, Status.SNAKE, 0.01
4476, 9, 70, Status.WALL, 0.01
4477, 2, 13, Status.SNAKE, 0.01
4478, 13, 103, Status.WALL, 0.01
4479, 11, 86, Status.SNAKE, 0.01
4480, 11, 59, Status.SNAKE, 0.01
4481, 9, 61, Status.SNAKE, 0.01
4482, 3, 11, Status.SNAKE, 0.01
4483, 8, 51, Status.WALL, 0.01
4484, 22, 141, Status.SNAKE, 0.01
4485, 5, 31, Status.SNAKE, 0.01
4486, 12, 73, Status.SNAKE, 0.01
4487, 12, 81, Status.SNAKE, 0.01
4488, 3, 16, Status.WALL, 0.01
4489, 4, 28, Status.SNAKE, 0.01
4490, 10, 75, Status.SNAKE, 0.01
4491, 4, 39, Status.WALL, 0.01
4492, 15, 96, Status.SNAKE, 0.01
4493, 4, 36, Status.SNAKE, 0.01
4494, 4, 26, Status.SNAKE, 0.01
4495, 2, 7, Status.WALL, 0.01
4496, 4, 40, Status.SNAKE, 0.01
4497, 8, 69, Status.SNAKE, 0.01
4498, 8, 53, Status.SNAKE, 0.01
4499, 3, 24, Status.SNAKE, 0.01
4500, 5, 57, Status.SNAKE, 0.01
4501, 10, 52, Status.WALL, 0.01
4502, 1, 19, Status.SNAKE, 0.01
4503, 6, 28, Status.WALL, 0.01
4504, 6, 37, Status.SNAKE, 0.01
4505, 1, 24, Status.WALL, 0.01
4506, 11, 116, Status.SNAKE, 0.01
4507, 8, 49, Status.SNAKE, 0.01
4508, 6, 26, Status.SNAKE, 0.01
4509, 8, 44, Status.SNAKE, 0.01
4510, 22, 149, Status.SNAKE, 0.01
4511, 9, 76, Status.WALL, 0.01
4512, 17, 136, Status.WALL, 0.01
4513, 6, 16, Status.WALL, 0.01
4514, 5, 47, Status.SNAKE, 0.01
4515, 3, 25, Status.WALL, 0.01
4516, 11, 64, Status.SNAKE, 0.01
4517, 10, 81, Status.SNAKE, 0.01
4518, 5, 39, Status.WALL, 0.01
4519, 2, 16, Status.SNAKE, 0.01
4520, 11, 54, Status.SNAKE, 0.01
4521, 3, 22, Status.WALL, 0.01
4522, 8, 45, Status.SNAKE, 0.01
4523, 19, 137, Status.SNAKE, 0.01
4524, 11, 92, Status.SNAKE, 0.01
4525, 4, 22, Status.WALL, 0.01
4526, 9, 66, Status.SNAKE, 0.01
4527, 10, 52, Status.SNAKE, 0.01
4528, 12, 90, Status.SNAKE, 0.01
4529, 11, 96, Status.WALL, 0.01
4530, 8, 57, Status.SNAKE, 0.01
4531, 7, 59, Status.SNAKE, 0.01
4532, 8, 52, Status.WALL, 0.01
4533, 12, 62, Status.SNAKE, 0.01
4534, 11, 55, Status.SNAKE, 0.01
4535, 8, 47, Status.SNAKE, 0.01
4536, 3, 24, Status.WALL, 0.01
4537, 10, 64, Status.SNAKE, 0.01
4538, 1, 17, Status.SNAKE, 0.01
4539, 10, 75, Status.SNAKE, 0.01
4540, 7, 45, Status.SNAKE, 0.01
4541, 11, 78, Status.SNAKE, 0.01
4542, 24, 165, Status.SNAKE, 0.01
4543, 15, 93, Status.WALL, 0.01
4544, 14, 108, Status.SNAKE, 0.01
4545, 5, 38, Status.SNAKE, 0.01
4546, 2, 17, Status.WALL, 0.01
4547, 5, 35, Status.SNAKE, 0.01
4548, 8, 49, Status.SNAKE, 0.01
4549, 6, 45, Status.SNAKE, 0.01
4550, 8, 46, Status.SNAKE, 0.01
4551, 2, 10, Status.SNAKE, 0.01
4552, 17, 136, Status.WALL, 0.01
4553, 9, 70, Status.SNAKE, 0.01
4554, 19, 136, Status.SNAKE, 0.01
4555, 3, 23, Status.SNAKE, 0.01
4556, 10, 67, Status.SNAKE, 0.01
4557, 2, 7, Status.SNAKE, 0.01
4558, 9, 54, Status.SNAKE, 0.01
4559, 10, 70, Status.SNAKE, 0.01
4560, 11, 61, Status.SNAKE, 0.01
4561, 2, 17, Status.SNAKE, 0.01
4562, 8, 51, Status.SNAKE, 0.01
4563, 4, 30, Status.WALL, 0.01
4564, 16, 140, Status.SNAKE, 0.01
4565, 8, 58, Status.SNAKE, 0.01
4566, 21, 150, Status.SNAKE, 0.01
4567, 12, 85, Status.WALL, 0.01
4568, 6, 42, Status.SNAKE, 0.01
4569, 2, 16, Status.SNAKE, 0.01
4570, 6, 53, Status.SNAKE, 0.01
4571, 6, 35, Status.SNAKE, 0.01
4572, 7, 59, Status.SNAKE, 0.01
4573, 11, 86, Status.SNAKE, 0.01
4574, 13, 103, Status.SNAKE, 0.01
4575, 14, 105, Status.SNAKE, 0.01
4576, 9, 86, Status.SNAKE, 0.01
4577, 4, 23, Status.WALL, 0.01
4578, 5, 25, Status.SNAKE, 0.01
4579, 14, 98, Status.WALL, 0.01
4580, 9, 74, Status.SNAKE, 0.01
4581, 11, 72, Status.SNAKE, 0.01
4582, 3, 22, Status.WALL, 0.01
4583, 8, 51, Status.SNAKE, 0.01
4584, 7, 68, Status.SNAKE, 0.01
4585, 14, 98, Status.WALL, 0.01
4586, 5, 43, Status.SNAKE, 0.01
4587, 2, 17, Status.SNAKE, 0.01
4588, 21, 150, Status.SNAKE, 0.01
4589, 10, 73, Status.SNAKE, 0.01
4590, 10, 52, Status.SNAKE, 0.01
4591, 11, 93, Status.SNAKE, 0.01
4592, 4, 27, Status.SNAKE, 0.01
4593, 5, 38, Status.SNAKE, 0.01
4594, 1, 11, Status.SNAKE, 0.01
4595, 11, 89, Status.SNAKE, 0.01
4596, 9, 78, Status.SNAKE, 0.01
4597, 5, 30, Status.SNAKE, 0.01
4598, 12, 57, Status.SNAKE, 0.01
4599, 12, 94, Status.SNAKE, 0.01
4600, 12, 75, Status.SNAKE, 0.01
4601, 3, 28, Status.WALL, 0.01
4602, 7, 21, Status.SNAKE, 0.01
4603, 6, 37, Status.SNAKE, 0.01
4604, 11, 82, Status.SNAKE, 0.01
4605, 8, 61, Status.SNAKE, 0.01
4606, 5, 32, Status.SNAKE, 0.01
4607, 6, 55, Status.WALL, 0.01
4608, 4, 24, Status.SNAKE, 0.01
4609, 11, 68, Status.SNAKE, 0.01
4610, 17, 98, Status.SNAKE, 0.01
4611, 9, 65, Status.WALL, 0.01
4612, 12, 69, Status.SNAKE, 0.01
4613, 7, 35, Status.SNAKE, 0.01
4614, 9, 81, Status.WALL, 0.01
4615, 12, 73, Status.SNAKE, 0.01
4616, 17, 130, Status.SNAKE, 0.01
4617, 7, 53, Status.WALL, 0.01
4618, 5, 33, Status.SNAKE, 0.01
4619, 9, 75, Status.SNAKE, 0.01
4620, 20, 138, Status.SNAKE, 0.01
4621, 11, 93, Status.SNAKE, 0.01
4622, 7, 49, Status.SNAKE, 0.01
4623, 8, 54, Status.SNAKE, 0.01
4624, 11, 75, Status.SNAKE, 0.01
4625, 4, 25, Status.SNAKE, 0.01
4626, 5, 48, Status.SNAKE, 0.01
4627, 8, 52, Status.WALL, 0.01
4628, 14, 80, Status.SNAKE, 0.01
4629, 7, 61, Status.SNAKE, 0.01
4630, 13, 92, Status.SNAKE, 0.01
4631, 6, 47, Status.SNAKE, 0.01
4632, 14, 102, Status.SNAKE, 0.01
4633, 1, 6, Status.SNAKE, 0.01
4634, 2, 18, Status.SNAKE, 0.01
4635, 9, 78, Status.SNAKE, 0.01
4636, 10, 84, Status.SNAKE, 0.01
4637, 9, 87, Status.WALL, 0.01
4638, 1, 6, Status.WALL, 0.01
4639, 9, 54, Status.SNAKE, 0.01
4640, 11, 61, Status.WALL, 0.01
4641, 9, 46, Status.SNAKE, 0.01
4642, 4, 24, Status.SNAKE, 0.01
4643, 7, 43, Status.SNAKE, 0.01
4644, 2, 22, Status.SNAKE, 0.01
4645, 7, 41, Status.SNAKE, 0.01
4646, 1, 3, Status.SNAKE, 0.01
4647, 6, 34, Status.SNAKE, 0.01
4648, 9, 58, Status.SNAKE, 0.01
4649, 5, 41, Status.SNAKE, 0.01
4650, 6, 40, Status.SNAKE, 0.01
4651, 5, 36, Status.WALL, 0.01
4652, 21, 128, Status.SNAKE, 0.01
4653, 2, 17, Status.SNAKE, 0.01
4654, 2, 15, Status.SNAKE, 0.01
4655, 11, 67, Status.SNAKE, 0.01
4656, 6, 48, Status.SNAKE, 0.01
4657, 7, 37, Status.SNAKE, 0.01
4658, 11, 74, Status.SNAKE, 0.01
4659, 5, 34, Status.SNAKE, 0.01
4660, 3, 30, Status.WALL, 0.01
4661, 5, 30, Status.WALL, 0.01
4662, 3, 30, Status.SNAKE, 0.01
4663, 7, 33, Status.SNAKE, 0.01
4664, 7, 51, Status.SNAKE, 0.01
4665, 6, 50, Status.SNAKE, 0.01
4666, 12, 99, Status.SNAKE, 0.01
4667, 8, 47, Status.SNAKE, 0.01
4668, 16, 122, Status.SNAKE, 0.01
4669, 9, 39, Status.SNAKE, 0.01
4670, 7, 47, Status.SNAKE, 0.01
4671, 12, 79, Status.WALL, 0.01
4672, 7, 52, Status.SNAKE, 0.01
4673, 1, 7, Status.SNAKE, 0.01
4674, 5, 35, Status.SNAKE, 0.01
4675, 11, 85, Status.SNAKE, 0.01
4676, 3, 22, Status.SNAKE, 0.01
4677, 4, 39, Status.SNAKE, 0.01
4678, 6, 46, Status.WALL, 0.01
4679, 4, 33, Status.SNAKE, 0.01
4680, 7, 38, Status.WALL, 0.01
4681, 9, 87, Status.SNAKE, 0.01
4682, 8, 40, Status.SNAKE, 0.01
4683, 5, 23, Status.SNAKE, 0.01
4684, 6, 44, Status.SNAKE, 0.01
4685, 2, 11, Status.WALL, 0.01
4686, 6, 31, Status.SNAKE, 0.01
4687, 7, 42, Status.SNAKE, 0.01
4688, 9, 76, Status.SNAKE, 0.01
4689, 11, 70, Status.SNAKE, 0.01
4690, 6, 39, Status.WALL, 0.01
4691, 9, 63, Status.SNAKE, 0.01
4692, 14, 85, Status.WALL, 0.01
4693, 10, 66, Status.SNAKE, 0.01
4694, 5, 32, Status.SNAKE, 0.01
4695, 5, 37, Status.SNAKE, 0.01
4696, 11, 102, Status.SNAKE, 0.01
4697, 14, 131, Status.SNAKE, 0.01
4698, 2, 12, Status.WALL, 0.01
4699, 7, 54, Status.SNAKE, 0.01
4700, 4, 33, Status.WALL, 0.01
4701, 11, 78, Status.SNAKE, 0.01
4702, 5, 22, Status.SNAKE, 0.01
4703, 21, 119, Status.SNAKE, 0.01
4704, 9, 68, Status.SNAKE, 0.01
4705, 6, 51, Status.WALL, 0.01
4706, 13, 106, Status.SNAKE, 0.01
4707, 5, 30, Status.SNAKE, 0.01
4708, 13, 101, Status.SNAKE, 0.01
4709, 4, 23, Status.WALL, 0.01
4710, 12, 97, Status.SNAKE, 0.01
4711, 13, 117, Status.SNAKE, 0.01
4712, 3, 24, Status.SNAKE, 0.01
4713, 10, 57, Status.SNAKE, 0.01
4714, 10, 63, Status.SNAKE, 0.01
4715, 7, 50, Status.SNAKE, 0.01
4716, 14, 108, Status.SNAKE, 0.01
4717, 13, 98, Status.SNAKE, 0.01
4718, 3, 21, Status.SNAKE, 0.01
4719, 3, 26, Status.SNAKE, 0.01
4720, 6, 36, Status.SNAKE, 0.01
4721, 5, 42, Status.SNAKE, 0.01
4722, 15, 105, Status.SNAKE, 0.01
4723, 1, 7, Status.SNAKE, 0.01
4724, 14, 97, Status.SNAKE, 0.01
4725, 15, 95, Status.SNAKE, 0.01
4726, 9, 56, Status.SNAKE, 0.01
4727, 7, 41, Status.SNAKE, 0.01
4728, 2, 8, Status.WALL, 0.01
4729, 15, 96, Status.SNAKE, 0.01
4730, 12, 97, Status.WALL, 0.01
4731, 12, 107, Status.WALL, 0.01
4732, 1, 6, Status.SNAKE, 0.01
4733, 6, 50, Status.SNAKE, 0.01
4734, 5, 50, Status.SNAKE, 0.01
4735, 7, 62, Status.SNAKE, 0.01
4736, 10, 82, Status.SNAKE, 0.01
4737, 3, 18, Status.SNAKE, 0.01
4738, 8, 54, Status.SNAKE, 0.01
4739, 10, 61, Status.SNAKE, 0.01
4740, 10, 54, Status.SNAKE, 0.01
4741, 10, 74, Status.SNAKE, 0.01
4742, 6, 42, Status.SNAKE, 0.01
4743, 17, 115, Status.SNAKE, 0.01
4744, 8, 62, Status.SNAKE, 0.01
4745, 10, 54, Status.SNAKE, 0.01
4746, 8, 55, Status.SNAKE, 0.01
4747, 1, 9, Status.SNAKE, 0.01
4748, 5, 35, Status.SNAKE, 0.01
4749, 5, 35, Status.SNAKE, 0.01
4750, 7, 50, Status.SNAKE, 0.01
4751, 20, 128, Status.SNAKE, 0.01
4752, 12, 110, Status.SNAKE, 0.01
4753, 6, 60, Status.SNAKE, 0.01
4754, 6, 42, Status.SNAKE, 0.01
4755, 2, 16, Status.SNAKE, 0.01
4756, 3, 13, Status.WALL, 0.01
4757, 18, 123, Status.SNAKE, 0.01
4758, 7, 51, Status.SNAKE, 0.01
4759, 17, 103, Status.SNAKE, 0.01
4760, 6, 28, Status.SNAKE, 0.01
4761, 13, 125, Status.SNAKE, 0.01
4762, 7, 62, Status.SNAKE, 0.01
4763, 11, 61, Status.SNAKE, 0.01
4764, 2, 22, Status.WALL, 0.01
4765, 10, 83, Status.WALL, 0.01
4766, 4, 23, Status.WALL, 0.01
4767, 1, 5, Status.WALL, 0.01
4768, 5, 28, Status.WALL, 0.01
4769, 5, 32, Status.SNAKE, 0.01
4770, 13, 78, Status.SNAKE, 0.01
4771, 5, 43, Status.SNAKE, 0.01
4772, 10, 83, Status.SNAKE, 0.01
4773, 6, 38, Status.SNAKE, 0.01
4774, 5, 32, Status.SNAKE, 0.01
4775, 13, 86, Status.SNAKE, 0.01
4776, 3, 20, Status.SNAKE, 0.01
4777, 7, 33, Status.SNAKE, 0.01
4778, 14, 119, Status.WALL, 0.01
4779, 9, 65, Status.SNAKE, 0.01
4780, 1, 7, Status.SNAKE, 0.01
4781, 6, 47, Status.SNAKE, 0.01
4782, 12, 90, Status.WALL, 0.01
4783, 7, 51, Status.WALL, 0.01
4784, 8, 48, Status.SNAKE, 0.01
4785, 8, 52, Status.SNAKE, 0.01
4786, 25, 156, Status.SNAKE, 0.01
4787, 2, 11, Status.SNAKE, 0.01
4788, 14, 97, Status.SNAKE, 0.01
4789, 17, 109, Status.WALL, 0.01
4790, 11, 74, Status.SNAKE, 0.01
4791, 8, 72, Status.SNAKE, 0.01
4792, 11, 71, Status.SNAKE, 0.01
4793, 4, 27, Status.SNAKE, 0.01
4794, 2, 8, Status.WALL, 0.01
4795, 3, 28, Status.SNAKE, 0.01
4796, 11, 84, Status.SNAKE, 0.01
4797, 3, 25, Status.SNAKE, 0.01
4798, 6, 34, Status.SNAKE, 0.01
4799, 13, 81, Status.SNAKE, 0.01
4800, 12, 78, Status.SNAKE, 0.01
4801, 14, 105, Status.WALL, 0.01
4802, 3, 34, Status.SNAKE, 0.01
4803, 10, 96, Status.SNAKE, 0.01
4804, 2, 24, Status.WALL, 0.01
4805, 8, 44, Status.WALL, 0.01
4806, 14, 89, Status.SNAKE, 0.01
4807, 5, 45, Status.SNAKE, 0.01
4808, 5, 27, Status.SNAKE, 0.01
4809, 11, 78, Status.SNAKE, 0.01
4810, 12, 56, Status.SNAKE, 0.01
4811, 5, 45, Status.SNAKE, 0.01
4812, 5, 37, Status.SNAKE, 0.01
4813, 12, 94, Status.WALL, 0.01
4814, 6, 51, Status.SNAKE, 0.01
4815, 5, 37, Status.SNAKE, 0.01
4816, 8, 75, Status.WALL, 0.01
4817, 13, 79, Status.SNAKE, 0.01
4818, 8, 40, Status.SNAKE, 0.01
4819, 13, 79, Status.SNAKE, 0.01
4820, 3, 26, Status.SNAKE, 0.01
4821, 9, 53, Status.SNAKE, 0.01
4822, 6, 39, Status.SNAKE, 0.01
4823, 10, 45, Status.WALL, 0.01
4824, 7, 56, Status.SNAKE, 0.01
4825, 11, 64, Status.WALL, 0.01
4826, 5, 40, Status.SNAKE, 0.01
4827, 1, 3, Status.SNAKE, 0.01
4828, 1, 3, Status.SNAKE, 0.01
4829, 8, 65, Status.SNAKE, 0.01
4830, 14, 102, Status.WALL, 0.01
4831, 6, 39, Status.SNAKE, 0.01
4832, 4, 23, Status.WALL, 0.01
4833, 10, 66, Status.SNAKE, 0.01
4834, 2, 11, Status.SNAKE, 0.01
4835, 7, 59, Status.SNAKE, 0.01
4836, 7, 50, Status.SNAKE, 0.01
4837, 5, 42, Status.SNAKE, 0.01
4838, 12, 82, Status.SNAKE, 0.01
4839, 14, 88, Status.SNAKE, 0.01
4840, 11, 83, Status.SNAKE, 0.01
4841, 5, 33, Status.SNAKE, 0.01
4842, 6, 40, Status.WALL, 0.01
4843, 9, 58, Status.SNAKE, 0.01
4844, 16, 124, Status.SNAKE, 0.01
4845, 5, 27, Status.SNAKE, 0.01
4846, 2, 18, Status.WALL, 0.01
4847, 3, 20, Status.WALL, 0.01
4848, 6, 37, Status.SNAKE, 0.01
4849, 2, 6, Status.WALL, 0.01
4850, 3, 24, Status.SNAKE, 0.01
4851, 3, 29, Status.WALL, 0.01
4852, 7, 34, Status.SNAKE, 0.01
4853, 5, 38, Status.WALL, 0.01
4854, 13, 110, Status.SNAKE, 0.01
4855, 5, 36, Status.SNAKE, 0.01
4856, 9, 68, Status.SNAKE, 0.01
4857, 6, 30, Status.SNAKE, 0.01
4858, 5, 32, Status.SNAKE, 0.01
4859, 13, 64, Status.SNAKE, 0.01
4860, 4, 27, Status.SNAKE, 0.01
4861, 12, 84, Status.SNAKE, 0.01
4862, 12, 99, Status.SNAKE, 0.01
4863, 10, 67, Status.WALL, 0.01
4864, 1, 8, Status.WALL, 0.01
4865, 2, 15, Status.WALL, 0.01
4866, 3, 24, Status.WALL, 0.01
4867, 3, 29, Status.SNAKE, 0.01
4868, 6, 52, Status.SNAKE, 0.01
4869, 11, 70, Status.SNAKE, 0.01
4870, 1, 3, Status.SNAKE, 0.01
4871, 2, 19, Status.SNAKE, 0.01
4872, 10, 74, Status.SNAKE, 0.01
4873, 19, 151, Status.SNAKE, 0.01
4874, 3, 25, Status.WALL, 0.01
4875, 11, 66, Status.SNAKE, 0.01
4876, 5, 51, Status.WALL, 0.01
4877, 7, 46, Status.SNAKE, 0.01
4878, 2, 19, Status.SNAKE, 0.01
4879, 9, 64, Status.SNAKE, 0.01
4880, 5, 44, Status.WALL, 0.01
4881, 5, 33, Status.WALL, 0.01
4882, 7, 52, Status.SNAKE, 0.01
4883, 12, 85, Status.SNAKE, 0.01
4884, 5, 23, Status.SNAKE, 0.01
4885, 15, 142, Status.SNAKE, 0.01
4886, 2, 15, Status.SNAKE, 0.01
4887, 3, 18, Status.WALL, 0.01
4888, 7, 52, Status.SNAKE, 0.01
4889, 8, 38, Status.SNAKE, 0.01
4890, 8, 54, Status.WALL, 0.01
4891, 6, 56, Status.WALL, 0.01
4892, 7, 49, Status.SNAKE, 0.01
4893, 5, 39, Status.SNAKE, 0.01
4894, 3, 27, Status.WALL, 0.01
4895, 10, 81, Status.SNAKE, 0.01
4896, 3, 19, Status.SNAKE, 0.01
4897, 4, 28, Status.SNAKE, 0.01
4898, 12, 86, Status.WALL, 0.01
4899, 5, 28, Status.SNAKE, 0.01
4900, 8, 44, Status.SNAKE, 0.01
4901, 9, 52, Status.SNAKE, 0.01
4902, 3, 18, Status.SNAKE, 0.01
4903, 8, 58, Status.SNAKE, 0.01
4904, 11, 56, Status.WALL, 0.01
4905, 7, 55, Status.SNAKE, 0.01
4906, 6, 36, Status.WALL, 0.01
4907, 13, 69, Status.WALL, 0.01
4908, 3, 35, Status.SNAKE, 0.01
4909, 10, 85, Status.WALL, 0.01
4910, 8, 71, Status.WALL, 0.01
4911, 8, 40, Status.SNAKE, 0.01
4912, 8, 50, Status.WALL, 0.01
4913, 9, 56, Status.WALL, 0.01
4914, 10, 69, Status.SNAKE, 0.01
4915, 4, 18, Status.SNAKE, 0.01
4916, 8, 54, Status.SNAKE, 0.01
4917, 5, 36, Status.WALL, 0.01
4918, 10, 81, Status.SNAKE, 0.01
4919, 6, 35, Status.SNAKE, 0.01
4920, 6, 28, Status.WALL, 0.01
4921, 7, 52, Status.SNAKE, 0.01
4922, 8, 42, Status.SNAKE, 0.01
4923, 1, 12, Status.WALL, 0.01
4924, 4, 38, Status.WALL, 0.01
4925, 12, 84, Status.SNAKE, 0.01
4926, 2, 14, Status.SNAKE, 0.01
4927, 14, 101, Status.SNAKE, 0.01
4928, 17, 130, Status.SNAKE, 0.01
4929, 1, 11, Status.WALL, 0.01
4930, 7, 63, Status.SNAKE, 0.01
4931, 16, 88, Status.SNAKE, 0.01
4932, 8, 52, Status.SNAKE, 0.01
4933, 9, 55, Status.SNAKE, 0.01
4934, 12, 77, Status.SNAKE, 0.01
4935, 8, 58, Status.WALL, 0.01
4936, 10, 77, Status.SNAKE, 0.01
4937, 5, 26, Status.SNAKE, 0.01
4938, 11, 68, Status.SNAKE, 0.01
4939, 4, 26, Status.WALL, 0.01
4940, 7, 44, Status.SNAKE, 0.01
4941, 2, 10, Status.WALL, 0.01
4942, 1, 6, Status.SNAKE, 0.01
4943, 7, 44, Status.SNAKE, 0.01
4944, 9, 68, Status.SNAKE, 0.01
4945, 7, 52, Status.WALL, 0.01
4946, 10, 76, Status.SNAKE, 0.01
4947, 5, 35, Status.WALL, 0.01
4948, 6, 36, Status.SNAKE, 0.01
4949, 5, 36, Status.SNAKE, 0.01
4950, 5, 49, Status.SNAKE, 0.01
4951, 8, 43, Status.WALL, 0.01
4952, 8, 64, Status.WALL, 0.01
4953, 11, 80, Status.WALL, 0.01
4954, 3, 17, Status.SNAKE, 0.01
4955, 14, 109, Status.SNAKE, 0.01
4956, 15, 85, Status.SNAKE, 0.01
4957, 0, 11, Status.WALL, 0.01
4958, 12, 62, Status.SNAKE, 0.01
4959, 11, 93, Status.SNAKE, 0.01
4960, 11, 56, Status.SNAKE, 0.01
4961, 8, 72, Status.SNAKE, 0.01
4962, 5, 26, Status.WALL, 0.01
4963, 14, 118, Status.SNAKE, 0.01
4964, 4, 25, Status.WALL, 0.01
4965, 3, 15, Status.SNAKE, 0.01
4966, 8, 50, Status.WALL, 0.01
4967, 1, 6, Status.SNAKE, 0.01
4968, 3, 31, Status.SNAKE, 0.01
4969, 6, 51, Status.SNAKE, 0.01
4970, 13, 78, Status.SNAKE, 0.01
4971, 1, 13, Status.WALL, 0.01
4972, 1, 3, Status.SNAKE, 0.01
4973, 10, 80, Status.SNAKE, 0.01
4974, 3, 20, Status.SNAKE, 0.01
4975, 9, 56, Status.SNAKE, 0.01
4976, 4, 25, Status.SNAKE, 0.01
4977, 7, 47, Status.SNAKE, 0.01
4978, 11, 77, Status.SNAKE, 0.01
4979, 8, 70, Status.SNAKE, 0.01
4980, 14, 83, Status.SNAKE, 0.01
4981, 10, 68, Status.WALL, 0.01
4982, 9, 74, Status.SNAKE, 0.01
4983, 8, 47, Status.SNAKE, 0.01
4984, 5, 32, Status.SNAKE, 0.01
4985, 5, 29, Status.SNAKE, 0.01
4986, 10, 73, Status.SNAKE, 0.01
4987, 2, 8, Status.WALL, 0.01
4988, 8, 60, Status.SNAKE, 0.01
4989, 10, 70, Status.SNAKE, 0.01
4990, 5, 27, Status.SNAKE, 0.01
4991, 6, 36, Status.WALL, 0.01
4992, 3, 22, Status.WALL, 0.01
4993, 5, 41, Status.SNAKE, 0.01
4994, 14, 94, Status.WALL, 0.01
4995, 10, 83, Status.SNAKE, 0.01
4996, 3, 22, Status.WALL, 0.01
4997, 6, 41, Status.SNAKE, 0.01
4998, 11, 63, Status.SNAKE, 0.01
4999, 2, 17, Status.SNAKE, 0.01
5000, 11, 84, Status.SNAKE, 0.01
5001, 9, 68, Status.SNAKE, 0.01
5002, 10, 84, Status.SNAKE, 0.01
5003, 8, 48, Status.WALL, 0.01
5004, 11, 85, Status.SNAKE, 0.01
5005, 8, 65, Status.SNAKE, 0.01
5006, 6, 44, Status.SNAKE, 0.01
5007, 3, 23, Status.SNAKE, 0.01
5008, 5, 23, Status.SNAKE, 0.01
5009, 6, 34, Status.SNAKE, 0.01
5010, 8, 40, Status.WALL, 0.01
5011, 4, 21, Status.SNAKE, 0.01
5012, 1, 5, Status.SNAKE, 0.01
5013, 11, 87, Status.SNAKE, 0.01
5014, 7, 52, Status.SNAKE, 0.01
5015, 6, 44, Status.SNAKE, 0.01
5016, 7, 55, Status.SNAKE, 0.01
5017, 2, 8, Status.WALL, 0.01
5018, 2, 20, Status.SNAKE, 0.01
5019, 9, 67, Status.SNAKE, 0.01
5020, 6, 44, Status.SNAKE, 0.01
5021, 11, 73, Status.SNAKE, 0.01
5022, 3, 7, Status.SNAKE, 0.01
5023, 8, 49, Status.SNAKE, 0.01
5024, 5, 39, Status.SNAKE, 0.01
5025, 2, 15, Status.SNAKE, 0.01
5026, 9, 85, Status.SNAKE, 0.01
5027, 11, 78, Status.SNAKE, 0.01
5028, 13, 85, Status.WALL, 0.01
5029, 4, 51, Status.WALL, 0.01
5030, 2, 15, Status.SNAKE, 0.01
5031, 9, 76, Status.SNAKE, 0.01
5032, 6, 39, Status.SNAKE, 0.01
5033, 4, 26, Status.WALL, 0.01
5034, 10, 80, Status.SNAKE, 0.01
5035, 8, 50, Status.SNAKE, 0.01
5036, 9, 69, Status.SNAKE, 0.01
5037, 8, 49, Status.SNAKE, 0.01
5038, 7, 50, Status.SNAKE, 0.01
5039, 14, 87, Status.WALL, 0.01
5040, 8, 52, Status.SNAKE, 0.01
5041, 6, 54, Status.SNAKE, 0.01
5042, 7, 43, Status.SNAKE, 0.01
5043, 8, 53, Status.SNAKE, 0.01
5044, 5, 24, Status.SNAKE, 0.01
5045, 5, 25, Status.WALL, 0.01
5046, 10, 56, Status.SNAKE, 0.01
5047, 10, 54, Status.SNAKE, 0.01
5048, 3, 19, Status.SNAKE, 0.01
5049, 13, 73, Status.SNAKE, 0.01
5050, 5, 33, Status.SNAKE, 0.01
5051, 15, 122, Status.SNAKE, 0.01
5052, 4, 35, Status.WALL, 0.01
5053, 5, 26, Status.SNAKE, 0.01
5054, 21, 140, Status.SNAKE, 0.01
5055, 5, 48, Status.WALL, 0.01
5056, 17, 117, Status.SNAKE, 0.01
5057, 4, 22, Status.SNAKE, 0.01
5058, 25, 159, Status.WALL, 0.01
5059, 14, 120, Status.SNAKE, 0.01
5060, 16, 118, Status.SNAKE, 0.01
5061, 4, 34, Status.SNAKE, 0.01
5062, 19, 135, Status.SNAKE, 0.01
5063, 1, 12, Status.SNAKE, 0.01
5064, 6, 51, Status.SNAKE, 0.01
5065, 12, 84, Status.WALL, 0.01
5066, 2, 13, Status.SNAKE, 0.01
5067, 2, 33, Status.WALL, 0.01
5068, 17, 124, Status.WALL, 0.01
5069, 4, 23, Status.WALL, 0.01
5070, 2, 13, Status.WALL, 0.01
5071, 21, 158, Status.WALL, 0.01
5072, 2, 18, Status.SNAKE, 0.01
5073, 9, 54, Status.SNAKE, 0.01
5074, 2, 22, Status.WALL, 0.01
5075, 5, 37, Status.SNAKE, 0.01
5076, 13, 88, Status.SNAKE, 0.01
5077, 2, 15, Status.WALL, 0.01
5078, 6, 53, Status.SNAKE, 0.01
5079, 7, 45, Status.SNAKE, 0.01
5080, 12, 84, Status.SNAKE, 0.01
5081, 8, 44, Status.SNAKE, 0.01
5082, 4, 24, Status.WALL, 0.01
5083, 5, 47, Status.WALL, 0.01
5084, 13, 87, Status.SNAKE, 0.01
5085, 10, 69, Status.SNAKE, 0.01
5086, 4, 28, Status.WALL, 0.01
5087, 4, 31, Status.WALL, 0.01
5088, 7, 37, Status.SNAKE, 0.01
5089, 5, 54, Status.SNAKE, 0.01
5090, 13, 85, Status.SNAKE, 0.01
5091, 6, 45, Status.WALL, 0.01
5092, 8, 58, Status.SNAKE, 0.01
5093, 11, 77, Status.WALL, 0.01
5094, 2, 27, Status.WALL, 0.01
5095, 5, 34, Status.SNAKE, 0.01
5096, 6, 30, Status.WALL, 0.01
5097, 6, 43, Status.WALL, 0.01
5098, 3, 27, Status.SNAKE, 0.01
5099, 12, 74, Status.SNAKE, 0.01
5100, 5, 30, Status.WALL, 0.01
5101, 10, 69, Status.WALL, 0.01
5102, 8, 67, Status.WALL, 0.01
5103, 12, 72, Status.SNAKE, 0.01
5104, 2, 20, Status.SNAKE, 0.01
5105, 12, 77, Status.SNAKE, 0.01
5106, 10, 69, Status.SNAKE, 0.01
5107, 10, 48, Status.SNAKE, 0.01
5108, 16, 108, Status.SNAKE, 0.01
5109, 3, 13, Status.WALL, 0.01
5110, 12, 81, Status.WALL, 0.01
5111, 8, 53, Status.WALL, 0.01
5112, 15, 110, Status.SNAKE, 0.01
5113, 12, 88, Status.SNAKE, 0.01
5114, 7, 52, Status.SNAKE, 0.01
5115, 4, 25, Status.SNAKE, 0.01
5116, 9, 63, Status.SNAKE, 0.01
5117, 2, 14, Status.SNAKE, 0.01
5118, 9, 64, Status.SNAKE, 0.01
5119, 3, 28, Status.WALL, 0.01
5120, 1, 4, Status.SNAKE, 0.01
5121, 18, 93, Status.SNAKE, 0.01
5122, 4, 30, Status.WALL, 0.01
5123, 9, 74, Status.SNAKE, 0.01
5124, 6, 43, Status.SNAKE, 0.01
5125, 5, 52, Status.SNAKE, 0.01
5126, 4, 38, Status.SNAKE, 0.01
5127, 10, 68, Status.WALL, 0.01
5128, 15, 116, Status.WALL, 0.01
5129, 10, 67, Status.SNAKE, 0.01
5130, 8, 44, Status.WALL, 0.01
5131, 7, 45, Status.SNAKE, 0.01
5132, 14, 86, Status.WALL, 0.01
5133, 7, 60, Status.WALL, 0.01
5134, 9, 68, Status.SNAKE, 0.01
5135, 8, 41, Status.SNAKE, 0.01
5136, 6, 33, Status.SNAKE, 0.01
5137, 8, 54, Status.SNAKE, 0.01
5138, 1, 12, Status.WALL, 0.01
5139, 12, 88, Status.SNAKE, 0.01
5140, 14, 75, Status.SNAKE, 0.01
5141, 10, 74, Status.SNAKE, 0.01
5142, 16, 109, Status.SNAKE, 0.01
5143, 10, 70, Status.SNAKE, 0.01
5144, 17, 109, Status.SNAKE, 0.01
5145, 9, 61, Status.SNAKE, 0.01
5146, 5, 30, Status.SNAKE, 0.01
5147, 12, 61, Status.SNAKE, 0.01
5148, 13, 94, Status.SNAKE, 0.01
5149, 7, 37, Status.SNAKE, 0.01
5150, 5, 32, Status.SNAKE, 0.01
5151, 2, 16, Status.SNAKE, 0.01
5152, 11, 60, Status.SNAKE, 0.01
5153, 16, 100, Status.SNAKE, 0.01
5154, 12, 69, Status.SNAKE, 0.01
5155, 3, 9, Status.SNAKE, 0.01
5156, 3, 15, Status.SNAKE, 0.01
5157, 18, 145, Status.SNAKE, 0.01
5158, 9, 55, Status.SNAKE, 0.01
5159, 8, 67, Status.WALL, 0.01
5160, 5, 30, Status.SNAKE, 0.01
5161, 18, 100, Status.SNAKE, 0.01
5162, 2, 12, Status.SNAKE, 0.01
5163, 2, 9, Status.SNAKE, 0.01
5164, 9, 64, Status.SNAKE, 0.01
5165, 10, 65, Status.SNAKE, 0.01
5166, 13, 72, Status.SNAKE, 0.01
5167, 12, 75, Status.WALL, 0.01
5168, 6, 32, Status.SNAKE, 0.01
5169, 8, 53, Status.SNAKE, 0.01
5170, 7, 61, Status.SNAKE, 0.01
5171, 2, 14, Status.SNAKE, 0.01
5172, 9, 75, Status.SNAKE, 0.01
5173, 13, 76, Status.SNAKE, 0.01
5174, 12, 78, Status.SNAKE, 0.01
5175, 1, 8, Status.WALL, 0.01
5176, 15, 97, Status.SNAKE, 0.01
5177, 3, 18, Status.SNAKE, 0.01
5178, 15, 86, Status.WALL, 0.01
5179, 1, 3, Status.SNAKE, 0.01
5180, 2, 17, Status.SNAKE, 0.01
5181, 10, 72, Status.SNAKE, 0.01
5182, 4, 49, Status.SNAKE, 0.01
5183, 1, 14, Status.SNAKE, 0.01
5184, 6, 32, Status.SNAKE, 0.01
5185, 5, 36, Status.SNAKE, 0.01
5186, 7, 61, Status.SNAKE, 0.01
5187, 6, 34, Status.SNAKE, 0.01
5188, 4, 34, Status.WALL, 0.01
5189, 2, 12, Status.WALL, 0.01
5190, 7, 48, Status.SNAKE, 0.01
5191, 6, 45, Status.SNAKE, 0.01
5192, 3, 26, Status.SNAKE, 0.01
5193, 4, 45, Status.SNAKE, 0.01
5194, 2, 16, Status.SNAKE, 0.01
5195, 1, 8, Status.SNAKE, 0.01
5196, 9, 70, Status.SNAKE, 0.01
5197, 5, 39, Status.SNAKE, 0.01
5198, 5, 33, Status.SNAKE, 0.01
5199, 1, 5, Status.SNAKE, 0.01
5200, 8, 58, Status.SNAKE, 0.01
5201, 12, 96, Status.WALL, 0.01
5202, 2, 18, Status.SNAKE, 0.01
5203, 10, 71, Status.WALL, 0.01
5204, 11, 56, Status.SNAKE, 0.01
5205, 8, 35, Status.WALL, 0.01
5206, 5, 34, Status.SNAKE, 0.01
5207, 10, 73, Status.SNAKE, 0.01
5208, 2, 11, Status.WALL, 0.01
5209, 2, 17, Status.SNAKE, 0.01
5210, 11, 72, Status.SNAKE, 0.01
5211, 0, 6, Status.WALL, 0.01
5212, 12, 70, Status.SNAKE, 0.01
5213, 8, 49, Status.SNAKE, 0.01
5214, 12, 78, Status.SNAKE, 0.01
5215, 13, 61, Status.SNAKE, 0.01
5216, 2, 21, Status.SNAKE, 0.01
5217, 3, 17, Status.WALL, 0.01
5218, 5, 61, Status.WALL, 0.01
5219, 10, 75, Status.SNAKE, 0.01
5220, 4, 33, Status.SNAKE, 0.01
5221, 10, 80, Status.WALL, 0.01
5222, 16, 130, Status.SNAKE, 0.01
5223, 9, 58, Status.SNAKE, 0.01
5224, 3, 11, Status.WALL, 0.01
5225, 3, 17, Status.SNAKE, 0.01
5226, 11, 81, Status.SNAKE, 0.01
5227, 8, 32, Status.SNAKE, 0.01
5228, 4, 23, Status.SNAKE, 0.01
5229, 9, 50, Status.WALL, 0.01
5230, 21, 115, Status.SNAKE, 0.01
5231, 7, 60, Status.SNAKE, 0.01
5232, 11, 75, Status.SNAKE, 0.01
5233, 6, 34, Status.WALL, 0.01
5234, 12, 99, Status.SNAKE, 0.01
5235, 10, 82, Status.SNAKE, 0.01
5236, 4, 18, Status.SNAKE, 0.01
5237, 9, 55, Status.SNAKE, 0.01
5238, 5, 31, Status.SNAKE, 0.01
5239, 7, 53, Status.SNAKE, 0.01
5240, 7, 43, Status.SNAKE, 0.01
5241, 10, 67, Status.SNAKE, 0.01
5242, 10, 64, Status.SNAKE, 0.01
5243, 7, 49, Status.SNAKE, 0.01
5244, 8, 54, Status.SNAKE, 0.01
5245, 4, 23, Status.WALL, 0.01
5246, 18, 93, Status.SNAKE, 0.01
5247, 9, 51, Status.SNAKE, 0.01
5248, 13, 87, Status.SNAKE, 0.01
5249, 13, 95, Status.SNAKE, 0.01
5250, 10, 63, Status.SNAKE, 0.01
5251, 1, 5, Status.SNAKE, 0.01
5252, 8, 63, Status.SNAKE, 0.01
5253, 5, 24, Status.SNAKE, 0.01
5254, 16, 102, Status.SNAKE, 0.01
5255, 16, 97, Status.SNAKE, 0.01
5256, 6, 48, Status.SNAKE, 0.01
5257, 19, 149, Status.SNAKE, 0.01
5258, 2, 11, Status.SNAKE, 0.01
5259, 8, 44, Status.SNAKE, 0.01
5260, 7, 41, Status.SNAKE, 0.01
5261, 11, 67, Status.SNAKE, 0.01
5262, 8, 56, Status.SNAKE, 0.01
5263, 15, 104, Status.SNAKE, 0.01
5264, 12, 74, Status.SNAKE, 0.01
5265, 9, 56, Status.SNAKE, 0.01
5266, 5, 26, Status.SNAKE, 0.01
5267, 3, 32, Status.SNAKE, 0.01
5268, 5, 27, Status.SNAKE, 0.01
5269, 6, 27, Status.SNAKE, 0.01
5270, 12, 72, Status.SNAKE, 0.01
5271, 2, 19, Status.SNAKE, 0.01
5272, 12, 68, Status.SNAKE, 0.01
5273, 3, 16, Status.SNAKE, 0.01
5274, 7, 31, Status.SNAKE, 0.01
5275, 5, 31, Status.SNAKE, 0.01
5276, 17, 125, Status.SNAKE, 0.01
5277, 5, 23, Status.SNAKE, 0.01
5278, 6, 41, Status.SNAKE, 0.01
5279, 13, 72, Status.WALL, 0.01
5280, 7, 55, Status.SNAKE, 0.01
5281, 1, 8, Status.WALL, 0.01
5282, 12, 67, Status.SNAKE, 0.01
5283, 9, 54, Status.SNAKE, 0.01
5284, 11, 71, Status.SNAKE, 0.01
5285, 12, 72, Status.WALL, 0.01
5286, 7, 45, Status.SNAKE, 0.01
5287, 5, 45, Status.SNAKE, 0.01
5288, 12, 90, Status.SNAKE, 0.01
5289, 11, 73, Status.SNAKE, 0.01
5290, 8, 56, Status.SNAKE, 0.01
5291, 12, 96, Status.WALL, 0.01
5292, 21, 124, Status.SNAKE, 0.01
5293, 6, 58, Status.WALL, 0.01
5294, 9, 45, Status.SNAKE, 0.01
5295, 7, 48, Status.SNAKE, 0.01
5296, 2, 17, Status.SNAKE, 0.01
5297, 3, 18, Status.WALL, 0.01
5298, 16, 110, Status.SNAKE, 0.01
5299, 2, 18, Status.WALL, 0.01
5300, 1, 13, Status.WALL, 0.01
5301, 8, 51, Status.SNAKE, 0.01
5302, 10, 77, Status.SNAKE, 0.01
5303, 11, 80, Status.WALL, 0.01
5304, 5, 40, Status.SNAKE, 0.01
5305, 6, 41, Status.SNAKE, 0.01
5306, 12, 72, Status.SNAKE, 0.01
5307, 6, 34, Status.SNAKE, 0.01
5308, 1, 6, Status.SNAKE, 0.01
5309, 6, 42, Status.SNAKE, 0.01
5310, 13, 89, Status.SNAKE, 0.01
5311, 7, 52, Status.SNAKE, 0.01
5312, 3, 15, Status.SNAKE, 0.01
5313, 9, 73, Status.SNAKE, 0.01
5314, 12, 76, Status.SNAKE, 0.01
5315, 3, 18, Status.SNAKE, 0.01
5316, 10, 66, Status.WALL, 0.01
5317, 10, 70, Status.SNAKE, 0.01
5318, 6, 51, Status.SNAKE, 0.01
5319, 4, 27, Status.SNAKE, 0.01
5320, 7, 36, Status.SNAKE, 0.01
5321, 10, 73, Status.WALL, 0.01
5322, 7, 31, Status.SNAKE, 0.01
5323, 6, 43, Status.SNAKE, 0.01
5324, 4, 33, Status.WALL, 0.01
5325, 11, 89, Status.SNAKE, 0.01
5326, 9, 48, Status.SNAKE, 0.01
5327, 11, 68, Status.WALL, 0.01
5328, 11, 55, Status.SNAKE, 0.01
5329, 12, 62, Status.SNAKE, 0.01
5330, 7, 39, Status.SNAKE, 0.01
5331, 9, 63, Status.WALL, 0.01
5332, 11, 55, Status.SNAKE, 0.01
5333, 11, 63, Status.SNAKE, 0.01
5334, 6, 41, Status.WALL, 0.01
5335, 7, 51, Status.SNAKE, 0.01
5336, 10, 74, Status.SNAKE, 0.01
5337, 1, 3, Status.SNAKE, 0.01
5338, 7, 39, Status.SNAKE, 0.01
5339, 9, 59, Status.SNAKE, 0.01
5340, 12, 77, Status.SNAKE, 0.01
5341, 7, 50, Status.SNAKE, 0.01
5342, 1, 5, Status.SNAKE, 0.01
5343, 5, 39, Status.SNAKE, 0.01
5344, 3, 27, Status.SNAKE, 0.01
5345, 5, 35, Status.SNAKE, 0.01
5346, 7, 34, Status.WALL, 0.01
5347, 10, 54, Status.SNAKE, 0.01
5348, 9, 59, Status.SNAKE, 0.01
5349, 1, 3, Status.SNAKE, 0.01
5350, 7, 47, Status.SNAKE, 0.01
5351, 9, 61, Status.WALL, 0.01
5352, 6, 46, Status.SNAKE, 0.01
5353, 13, 84, Status.SNAKE, 0.01
5354, 4, 29, Status.SNAKE, 0.01
5355, 3, 26, Status.WALL, 0.01
5356, 4, 18, Status.WALL, 0.01
5357, 3, 24, Status.WALL, 0.01
5358, 12, 94, Status.SNAKE, 0.01
5359, 13, 114, Status.SNAKE, 0.01
5360, 10, 76, Status.WALL, 0.01
5361, 3, 17, Status.SNAKE, 0.01
5362, 9, 67, Status.SNAKE, 0.01
5363, 13, 103, Status.SNAKE, 0.01
5364, 8, 53, Status.SNAKE, 0.01
5365, 4, 34, Status.SNAKE, 0.01
5366, 1, 10, Status.WALL, 0.01
5367, 9, 67, Status.SNAKE, 0.01
5368, 7, 49, Status.SNAKE, 0.01
5369, 10, 70, Status.SNAKE, 0.01
5370, 7, 49, Status.SNAKE, 0.01
5371, 2, 18, Status.WALL, 0.01
5372, 6, 38, Status.SNAKE, 0.01
5373, 8, 44, Status.SNAKE, 0.01
5374, 11, 59, Status.SNAKE, 0.01
5375, 14, 99, Status.SNAKE, 0.01
5376, 6, 45, Status.SNAKE, 0.01
5377, 1, 3, Status.SNAKE, 0.01
5378, 13, 85, Status.SNAKE, 0.01
5379, 9, 58, Status.SNAKE, 0.01
5380, 6, 32, Status.WALL, 0.01
5381, 11, 81, Status.SNAKE, 0.01
5382, 10, 80, Status.SNAKE, 0.01
5383, 6, 30, Status.SNAKE, 0.01
5384, 2, 16, Status.WALL, 0.01
5385, 7, 67, Status.SNAKE, 0.01
5386, 5, 39, Status.WALL, 0.01
5387, 8, 63, Status.SNAKE, 0.01
5388, 8, 28, Status.SNAKE, 0.01
5389, 10, 55, Status.SNAKE, 0.01
5390, 1, 5, Status.SNAKE, 0.01
5391, 6, 34, Status.SNAKE, 0.01
5392, 2, 12, Status.WALL, 0.01
5393, 4, 31, Status.SNAKE, 0.01
5394, 16, 111, Status.SNAKE, 0.01
5395, 4, 34, Status.SNAKE, 0.01
5396, 16, 116, Status.SNAKE, 0.01
5397, 12, 84, Status.WALL, 0.01
5398, 9, 64, Status.WALL, 0.01
5399, 7, 40, Status.SNAKE, 0.01
5400, 1, 10, Status.SNAKE, 0.01
5401, 9, 50, Status.SNAKE, 0.01
5402, 6, 41, Status.WALL, 0.01
5403, 2, 19, Status.SNAKE, 0.01
5404, 6, 48, Status.SNAKE, 0.01
5405, 7, 49, Status.SNAKE, 0.01
5406, 12, 76, Status.WALL, 0.01
5407, 9, 75, Status.SNAKE, 0.01
5408, 8, 47, Status.SNAKE, 0.01
5409, 2, 23, Status.SNAKE, 0.01
5410, 7, 61, Status.SNAKE, 0.01
5411, 8, 69, Status.SNAKE, 0.01
5412, 12, 85, Status.SNAKE, 0.01
5413, 8, 64, Status.WALL, 0.01
5414, 4, 30, Status.SNAKE, 0.01
5415, 1, 10, Status.WALL, 0.01
5416, 24, 132, Status.WALL, 0.01
5417, 11, 81, Status.SNAKE, 0.01
5418, 12, 75, Status.SNAKE, 0.01
5419, 4, 30, Status.SNAKE, 0.01
5420, 10, 68, Status.WALL, 0.01
5421, 3, 27, Status.SNAKE, 0.01
5422, 5, 35, Status.WALL, 0.01
5423, 8, 41, Status.SNAKE, 0.01
5424, 7, 40, Status.SNAKE, 0.01
5425, 8, 83, Status.SNAKE, 0.01
5426, 12, 77, Status.SNAKE, 0.01
5427, 21, 94, Status.SNAKE, 0.01
5428, 9, 56, Status.SNAKE, 0.01
5429, 16, 131, Status.WALL, 0.01
5430, 6, 41, Status.SNAKE, 0.01
5431, 12, 82, Status.SNAKE, 0.01
5432, 19, 106, Status.SNAKE, 0.01
5433, 3, 11, Status.SNAKE, 0.01
5434, 14, 112, Status.SNAKE, 0.01
5435, 6, 42, Status.WALL, 0.01
5436, 4, 26, Status.WALL, 0.01
5437, 6, 54, Status.SNAKE, 0.01
5438, 5, 17, Status.SNAKE, 0.01
5439, 7, 45, Status.SNAKE, 0.01
5440, 4, 21, Status.WALL, 0.01
5441, 10, 55, Status.SNAKE, 0.01
5442, 11, 83, Status.SNAKE, 0.01
5443, 13, 81, Status.SNAKE, 0.01
5444, 14, 76, Status.SNAKE, 0.01
5445, 9, 60, Status.SNAKE, 0.01
5446, 3, 20, Status.SNAKE, 0.01
5447, 5, 31, Status.SNAKE, 0.01
5448, 1, 11, Status.WALL, 0.01
5449, 7, 34, Status.SNAKE, 0.01
5450, 6, 34, Status.WALL, 0.01
5451, 10, 60, Status.SNAKE, 0.01
5452, 11, 84, Status.WALL, 0.01
5453, 10, 58, Status.SNAKE, 0.01
5454, 7, 41, Status.SNAKE, 0.01
5455, 11, 73, Status.SNAKE, 0.01
5456, 2, 13, Status.WALL, 0.01
5457, 4, 15, Status.SNAKE, 0.01
5458, 7, 45, Status.WALL, 0.01
5459, 18, 111, Status.WALL, 0.01
5460, 3, 27, Status.SNAKE, 0.01
5461, 12, 97, Status.SNAKE, 0.01
5462, 17, 97, Status.SNAKE, 0.01
5463, 11, 64, Status.SNAKE, 0.01
5464, 15, 94, Status.SNAKE, 0.01
5465, 11, 89, Status.SNAKE, 0.01
5466, 6, 31, Status.SNAKE, 0.01
5467, 18, 114, Status.WALL, 0.01
5468, 3, 22, Status.SNAKE, 0.01
5469, 6, 39, Status.SNAKE, 0.01
5470, 7, 52, Status.SNAKE, 0.01
5471, 2, 20, Status.SNAKE, 0.01
5472, 7, 56, Status.SNAKE, 0.01
5473, 7, 44, Status.SNAKE, 0.01
5474, 14, 113, Status.SNAKE, 0.01
5475, 15, 101, Status.SNAKE, 0.01
5476, 16, 115, Status.SNAKE, 0.01
5477, 4, 34, Status.WALL, 0.01
5478, 11, 72, Status.SNAKE, 0.01
5479, 1, 8, Status.WALL, 0.01
5480, 12, 58, Status.SNAKE, 0.01
5481, 9, 52, Status.SNAKE, 0.01
5482, 14, 94, Status.SNAKE, 0.01
5483, 8, 44, Status.SNAKE, 0.01
5484, 12, 81, Status.WALL, 0.01
5485, 15, 90, Status.SNAKE, 0.01
5486, 9, 64, Status.WALL, 0.01
5487, 15, 119, Status.SNAKE, 0.01
5488, 13, 89, Status.SNAKE, 0.01
5489, 17, 100, Status.SNAKE, 0.01
5490, 1, 8, Status.SNAKE, 0.01
5491, 15, 112, Status.SNAKE, 0.01
5492, 9, 58, Status.WALL, 0.01
5493, 7, 38, Status.SNAKE, 0.01
5494, 9, 53, Status.SNAKE, 0.01
5495, 5, 21, Status.SNAKE, 0.01
5496, 21, 150, Status.SNAKE, 0.01
5497, 6, 50, Status.SNAKE, 0.01
5498, 8, 54, Status.WALL, 0.01
5499, 11, 87, Status.SNAKE, 0.01
5500, 12, 96, Status.SNAKE, 0.01
5501, 3, 24, Status.SNAKE, 0.01
5502, 8, 57, Status.SNAKE, 0.01
5503, 13, 83, Status.SNAKE, 0.01
5504, 8, 47, Status.WALL, 0.01
5505, 5, 32, Status.SNAKE, 0.01
5506, 9, 53, Status.SNAKE, 0.01
5507, 8, 41, Status.SNAKE, 0.01
5508, 10, 81, Status.WALL, 0.01
5509, 12, 62, Status.SNAKE, 0.01
5510, 12, 62, Status.SNAKE, 0.01
5511, 6, 42, Status.SNAKE, 0.01
5512, 12, 67, Status.WALL, 0.01
5513, 6, 38, Status.SNAKE, 0.01
5514, 5, 41, Status.SNAKE, 0.01
5515, 13, 73, Status.SNAKE, 0.01
5516, 22, 140, Status.SNAKE, 0.01
5517, 13, 84, Status.SNAKE, 0.01
5518, 15, 108, Status.SNAKE, 0.01
5519, 4, 22, Status.SNAKE, 0.01
5520, 12, 94, Status.WALL, 0.01
5521, 8, 41, Status.SNAKE, 0.01
5522, 9, 50, Status.SNAKE, 0.01
5523, 8, 55, Status.SNAKE, 0.01
5524, 9, 68, Status.SNAKE, 0.01
5525, 13, 79, Status.SNAKE, 0.01
5526, 10, 66, Status.SNAKE, 0.01
5527, 11, 62, Status.SNAKE, 0.01
5528, 1, 6, Status.SNAKE, 0.01
5529, 11, 75, Status.SNAKE, 0.01
5530, 1, 5, Status.SNAKE, 0.01
5531, 10, 81, Status.SNAKE, 0.01
5532, 7, 53, Status.SNAKE, 0.01
5533, 4, 21, Status.SNAKE, 0.01
5534, 8, 39, Status.SNAKE, 0.01
5535, 7, 31, Status.SNAKE, 0.01
5536, 7, 42, Status.SNAKE, 0.01
5537, 5, 49, Status.SNAKE, 0.01
5538, 13, 80, Status.WALL, 0.01
5539, 13, 74, Status.SNAKE, 0.01
5540, 7, 35, Status.WALL, 0.01
5541, 8, 57, Status.SNAKE, 0.01
5542, 7, 60, Status.SNAKE, 0.01
5543, 7, 31, Status.WALL, 0.01
5544, 9, 49, Status.SNAKE, 0.01
5545, 5, 42, Status.WALL, 0.01
5546, 9, 66, Status.SNAKE, 0.01
5547, 13, 77, Status.SNAKE, 0.01
5548, 5, 36, Status.SNAKE, 0.01
5549, 13, 82, Status.SNAKE, 0.01
5550, 9, 80, Status.SNAKE, 0.01
5551, 6, 54, Status.WALL, 0.01
5552, 8, 49, Status.SNAKE, 0.01
5553, 1, 6, Status.SNAKE, 0.01
5554, 5, 35, Status.SNAKE, 0.01
5555, 14, 69, Status.SNAKE, 0.01
5556, 9, 58, Status.SNAKE, 0.01
5557, 10, 54, Status.SNAKE, 0.01
5558, 7, 41, Status.SNAKE, 0.01
5559, 8, 65, Status.SNAKE, 0.01
5560, 7, 47, Status.WALL, 0.01
5561, 14, 82, Status.SNAKE, 0.01
5562, 10, 65, Status.SNAKE, 0.01
5563, 11, 80, Status.SNAKE, 0.01
5564, 6, 45, Status.SNAKE, 0.01
5565, 6, 35, Status.SNAKE, 0.01
5566, 9, 72, Status.SNAKE, 0.01
5567, 6, 53, Status.SNAKE, 0.01
5568, 13, 74, Status.SNAKE, 0.01
5569, 9, 57, Status.SNAKE, 0.01
5570, 8, 79, Status.SNAKE, 0.01
5571, 12, 95, Status.SNAKE, 0.01
5572, 10, 59, Status.SNAKE, 0.01
5573, 4, 14, Status.SNAKE, 0.01
5574, 5, 35, Status.SNAKE, 0.01
5575, 4, 20, Status.SNAKE, 0.01
5576, 3, 17, Status.SNAKE, 0.01
5577, 7, 44, Status.SNAKE, 0.01
5578, 1, 7, Status.SNAKE, 0.01
5579, 7, 37, Status.SNAKE, 0.01
5580, 1, 8, Status.WALL, 0.01
5581, 10, 61, Status.SNAKE, 0.01
5582, 7, 55, Status.SNAKE, 0.01
5583, 13, 87, Status.SNAKE, 0.01
5584, 5, 33, Status.SNAKE, 0.01
5585, 8, 45, Status.SNAKE, 0.01
5586, 14, 105, Status.SNAKE, 0.01
5587, 8, 69, Status.SNAKE, 0.01
5588, 5, 33, Status.SNAKE, 0.01
5589, 8, 61, Status.SNAKE, 0.01
5590, 7, 45, Status.SNAKE, 0.01
5591, 3, 15, Status.SNAKE, 0.01
5592, 7, 53, Status.SNAKE, 0.01
5593, 4, 21, Status.SNAKE, 0.01
5594, 4, 24, Status.WALL, 0.01
5595, 2, 12, Status.WALL, 0.01
5596, 1, 5, Status.SNAKE, 0.01
5597, 12, 114, Status.SNAKE, 0.01
5598, 10, 75, Status.SNAKE, 0.01
5599, 6, 38, Status.SNAKE, 0.01
5600, 9, 61, Status.SNAKE, 0.01
5601, 7, 60, Status.SNAKE, 0.01
5602, 8, 48, Status.WALL, 0.01
5603, 13, 95, Status.SNAKE, 0.01
5604, 13, 79, Status.WALL, 0.01
5605, 15, 88, Status.SNAKE, 0.01
5606, 1, 6, Status.SNAKE, 0.01
5607, 7, 58, Status.SNAKE, 0.01
5608, 9, 49, Status.SNAKE, 0.01
5609, 7, 38, Status.SNAKE, 0.01
5610, 5, 28, Status.SNAKE, 0.01
5611, 11, 54, Status.SNAKE, 0.01
5612, 5, 33, Status.SNAKE, 0.01
5613, 6, 30, Status.SNAKE, 0.01
5614, 13, 95, Status.SNAKE, 0.01
5615, 3, 22, Status.SNAKE, 0.01
5616, 13, 77, Status.SNAKE, 0.01
5617, 9, 63, Status.SNAKE, 0.01
5618, 6, 40, Status.WALL, 0.01
5619, 13, 89, Status.SNAKE, 0.01
5620, 14, 74, Status.SNAKE, 0.01
5621, 13, 84, Status.SNAKE, 0.01
5622, 13, 69, Status.SNAKE, 0.01
5623, 6, 45, Status.WALL, 0.01
5624, 7, 46, Status.SNAKE, 0.01
5625, 9, 45, Status.SNAKE, 0.01
5626, 8, 54, Status.SNAKE, 0.01
5627, 4, 38, Status.SNAKE, 0.01
5628, 2, 12, Status.WALL, 0.01
5629, 4, 41, Status.SNAKE, 0.01
5630, 9, 48, Status.WALL, 0.01
5631, 4, 26, Status.SNAKE, 0.01
5632, 14, 84, Status.SNAKE, 0.01
5633, 4, 30, Status.SNAKE, 0.01
5634, 11, 73, Status.SNAKE, 0.01
5635, 2, 17, Status.SNAKE, 0.01
5636, 6, 34, Status.SNAKE, 0.01
5637, 17, 136, Status.SNAKE, 0.01
5638, 10, 71, Status.SNAKE, 0.01
5639, 6, 61, Status.SNAKE, 0.01
5640, 4, 22, Status.SNAKE, 0.01
5641, 10, 89, Status.SNAKE, 0.01
5642, 8, 53, Status.SNAKE, 0.01
5643, 7, 45, Status.SNAKE, 0.01
5644, 7, 55, Status.SNAKE, 0.01
5645, 13, 82, Status.SNAKE, 0.01
5646, 4, 30, Status.WALL, 0.01
5647, 8, 46, Status.SNAKE, 0.01
5648, 12, 70, Status.SNAKE, 0.01
5649, 15, 118, Status.SNAKE, 0.01
5650, 8, 59, Status.SNAKE, 0.01
5651, 5, 18, Status.SNAKE, 0.01
5652, 3, 23, Status.SNAKE, 0.01
5653, 16, 117, Status.SNAKE, 0.01
5654, 5, 22, Status.SNAKE, 0.01
5655, 1, 9, Status.WALL, 0.01
5656, 11, 69, Status.SNAKE, 0.01
5657, 7, 45, Status.SNAKE, 0.01
5658, 15, 83, Status.SNAKE, 0.01
5659, 2, 26, Status.WALL, 0.01
5660, 11, 71, Status.SNAKE, 0.01
5661, 9, 55, Status.SNAKE, 0.01
5662, 12, 85, Status.SNAKE, 0.01
5663, 7, 38, Status.SNAKE, 0.01
5664, 15, 109, Status.SNAKE, 0.01
5665, 24, 159, Status.WALL, 0.01
5666, 12, 101, Status.WALL, 0.01
5667, 6, 44, Status.WALL, 0.01
5668, 4, 27, Status.SNAKE, 0.01
5669, 17, 122, Status.SNAKE, 0.01
5670, 12, 94, Status.SNAKE, 0.01
5671, 7, 63, Status.WALL, 0.01
5672, 7, 52, Status.SNAKE, 0.01
5673, 14, 105, Status.SNAKE, 0.01
5674, 6, 56, Status.SNAKE, 0.01
5675, 2, 17, Status.SNAKE, 0.01
5676, 3, 18, Status.SNAKE, 0.01
5677, 4, 30, Status.SNAKE, 0.01
5678, 4, 36, Status.SNAKE, 0.01
5679, 13, 95, Status.SNAKE, 0.01
5680, 14, 109, Status.SNAKE, 0.01
5681, 12, 66, Status.WALL, 0.01
5682, 7, 40, Status.WALL, 0.01
5683, 5, 29, Status.SNAKE, 0.01
5684, 7, 52, Status.SNAKE, 0.01
5685, 6, 36, Status.SNAKE, 0.01
5686, 4, 28, Status.WALL, 0.01
5687, 2, 14, Status.WALL, 0.01
5688, 3, 18, Status.SNAKE, 0.01
5689, 1, 9, Status.WALL, 0.01
5690, 3, 31, Status.WALL, 0.01
5691, 4, 30, Status.SNAKE, 0.01
5692, 9, 45, Status.SNAKE, 0.01
5693, 8, 68, Status.SNAKE, 0.01
5694, 18, 109, Status.SNAKE, 0.01
5695, 15, 103, Status.SNAKE, 0.01
5696, 11, 58, Status.SNAKE, 0.01
5697, 1, 11, Status.WALL, 0.01
5698, 17, 109, Status.SNAKE, 0.01
5699, 8, 71, Status.SNAKE, 0.01
5700, 6, 38, Status.SNAKE, 0.01
5701, 6, 53, Status.SNAKE, 0.01
5702, 6, 39, Status.SNAKE, 0.01
5703, 12, 74, Status.SNAKE, 0.01
5704, 8, 61, Status.WALL, 0.01
5705, 3, 22, Status.SNAKE, 0.01
5706, 5, 23, Status.SNAKE, 0.01
5707, 10, 47, Status.SNAKE, 0.01
5708, 13, 74, Status.SNAKE, 0.01
5709, 8, 77, Status.SNAKE, 0.01
5710, 12, 74, Status.SNAKE, 0.01
5711, 11, 80, Status.SNAKE, 0.01
5712, 2, 14, Status.SNAKE, 0.01
5713, 8, 46, Status.SNAKE, 0.01
5714, 11, 57, Status.WALL, 0.01
5715, 8, 73, Status.WALL, 0.01
5716, 5, 40, Status.SNAKE, 0.01
5717, 4, 28, Status.WALL, 0.01
5718, 1, 7, Status.SNAKE, 0.01
5719, 9, 61, Status.SNAKE, 0.01
5720, 5, 41, Status.SNAKE, 0.01
5721, 21, 157, Status.SNAKE, 0.01
5722, 12, 74, Status.SNAKE, 0.01
5723, 9, 51, Status.SNAKE, 0.01
5724, 2, 10, Status.SNAKE, 0.01
5725, 2, 8, Status.SNAKE, 0.01
5726, 2, 16, Status.SNAKE, 0.01
5727, 5, 31, Status.SNAKE, 0.01
5728, 8, 72, Status.SNAKE, 0.01
5729, 16, 116, Status.SNAKE, 0.01
5730, 9, 46, Status.WALL, 0.01
5731, 9, 48, Status.SNAKE, 0.01
5732, 9, 55, Status.SNAKE, 0.01
5733, 3, 19, Status.WALL, 0.01
5734, 12, 61, Status.SNAKE, 0.01
5735, 7, 44, Status.SNAKE, 0.01
5736, 3, 22, Status.WALL, 0.01
5737, 2, 16, Status.SNAKE, 0.01
5738, 12, 76, Status.SNAKE, 0.01
5739, 14, 110, Status.SNAKE, 0.01
5740, 7, 36, Status.SNAKE, 0.01
5741, 2, 23, Status.WALL, 0.01
5742, 1, 8, Status.WALL, 0.01
5743, 7, 55, Status.SNAKE, 0.01
5744, 7, 38, Status.SNAKE, 0.01
5745, 10, 73, Status.SNAKE, 0.01
5746, 10, 73, Status.SNAKE, 0.01
5747, 12, 64, Status.SNAKE, 0.01
5748, 9, 74, Status.SNAKE, 0.01
5749, 3, 27, Status.WALL, 0.01
5750, 5, 20, Status.SNAKE, 0.01
5751, 2, 8, Status.SNAKE, 0.01
5752, 8, 56, Status.SNAKE, 0.01
5753, 5, 27, Status.SNAKE, 0.01
5754, 1, 5, Status.SNAKE, 0.01
5755, 15, 124, Status.SNAKE, 0.01
5756, 13, 73, Status.SNAKE, 0.01
5757, 6, 48, Status.SNAKE, 0.01
5758, 10, 49, Status.SNAKE, 0.01
5759, 4, 26, Status.SNAKE, 0.01
5760, 1, 5, Status.SNAKE, 0.01
5761, 10, 84, Status.SNAKE, 0.01
5762, 6, 35, Status.SNAKE, 0.01
5763, 10, 67, Status.SNAKE, 0.01
5764, 7, 58, Status.WALL, 0.01
5765, 2, 25, Status.WALL, 0.01
5766, 9, 79, Status.SNAKE, 0.01
5767, 1, 9, Status.WALL, 0.01
5768, 4, 11, Status.WALL, 0.01
5769, 4, 32, Status.SNAKE, 0.01
5770, 5, 25, Status.SNAKE, 0.01
5771, 3, 14, Status.SNAKE, 0.01
5772, 7, 40, Status.SNAKE, 0.01
5773, 1, 13, Status.WALL, 0.01
5774, 0, 7, Status.WALL, 0.01
5775, 3, 32, Status.SNAKE, 0.01
5776, 5, 37, Status.SNAKE, 0.01
5777, 13, 83, Status.SNAKE, 0.01
5778, 6, 57, Status.SNAKE, 0.01
5779, 5, 34, Status.SNAKE, 0.01
5780, 18, 115, Status.SNAKE, 0.01
5781, 13, 98, Status.SNAKE, 0.01
5782, 4, 29, Status.WALL, 0.01
5783, 11, 80, Status.SNAKE, 0.01
5784, 10, 62, Status.SNAKE, 0.01
5785, 6, 32, Status.WALL, 0.01
5786, 17, 127, Status.SNAKE, 0.01
5787, 17, 94, Status.SNAKE, 0.01
5788, 10, 68, Status.WALL, 0.01
5789, 15, 105, Status.SNAKE, 0.01
5790, 9, 62, Status.SNAKE, 0.01
5791, 15, 120, Status.SNAKE, 0.01
5792, 1, 23, Status.WALL, 0.01
5793, 14, 105, Status.SNAKE, 0.01
5794, 16, 92, Status.SNAKE, 0.01
5795, 12, 87, Status.SNAKE, 0.01
5796, 3, 28, Status.WALL, 0.01
5797, 10, 66, Status.SNAKE, 0.01
5798, 5, 23, Status.SNAKE, 0.01
5799, 7, 40, Status.SNAKE, 0.01
5800, 6, 46, Status.SNAKE, 0.01
5801, 1, 5, Status.SNAKE, 0.01
5802, 15, 104, Status.WALL, 0.01
5803, 9, 53, Status.SNAKE, 0.01
5804, 12, 86, Status.SNAKE, 0.01
5805, 10, 55, Status.SNAKE, 0.01
5806, 9, 72, Status.SNAKE, 0.01
5807, 6, 33, Status.SNAKE, 0.01
5808, 13, 81, Status.SNAKE, 0.01
5809, 5, 27, Status.SNAKE, 0.01
5810, 13, 72, Status.SNAKE, 0.01
5811, 7, 41, Status.SNAKE, 0.01
5812, 2, 13, Status.SNAKE, 0.01
5813, 5, 48, Status.WALL, 0.01
5814, 9, 55, Status.WALL, 0.01
5815, 11, 66, Status.WALL, 0.01
5816, 8, 52, Status.SNAKE, 0.01
5817, 15, 91, Status.SNAKE, 0.01
5818, 4, 27, Status.SNAKE, 0.01
5819, 10, 82, Status.SNAKE, 0.01
5820, 13, 86, Status.SNAKE, 0.01
5821, 9, 71, Status.SNAKE, 0.01
5822, 12, 69, Status.WALL, 0.01
5823, 1, 3, Status.SNAKE, 0.01
5824, 11, 75, Status.SNAKE, 0.01
5825, 4, 28, Status.SNAKE, 0.01
5826, 11, 83, Status.SNAKE, 0.01
5827, 3, 8, Status.SNAKE, 0.01
5828, 5, 44, Status.SNAKE, 0.01
5829, 2, 15, Status.SNAKE, 0.01
5830, 1, 8, Status.WALL, 0.01
5831, 3, 18, Status.SNAKE, 0.01
5832, 4, 24, Status.SNAKE, 0.01
5833, 13, 86, Status.SNAKE, 0.01
5834, 16, 109, Status.WALL, 0.01
5835, 11, 74, Status.SNAKE, 0.01
5836, 6, 52, Status.SNAKE, 0.01
5837, 8, 45, Status.WALL, 0.01
5838, 4, 35, Status.SNAKE, 0.01
5839, 8, 44, Status.SNAKE, 0.01
5840, 23, 142, Status.SNAKE, 0.01
5841, 8, 49, Status.SNAKE, 0.01
5842, 6, 23, Status.SNAKE, 0.01
5843, 10, 62, Status.SNAKE, 0.01
5844, 4, 20, Status.SNAKE, 0.01
5845, 5, 29, Status.SNAKE, 0.01
5846, 7, 48, Status.SNAKE, 0.01
5847, 9, 64, Status.SNAKE, 0.01
5848, 6, 31, Status.SNAKE, 0.01
5849, 10, 63, Status.SNAKE, 0.01
5850, 17, 121, Status.SNAKE, 0.01
5851, 10, 84, Status.SNAKE, 0.01
5852, 4, 20, Status.SNAKE, 0.01
5853, 10, 55, Status.SNAKE, 0.01
5854, 13, 101, Status.WALL, 0.01
5855, 6, 21, Status.SNAKE, 0.01
5856, 12, 84, Status.SNAKE, 0.01
5857, 4, 32, Status.WALL, 0.01
5858, 11, 104, Status.SNAKE, 0.01
5859, 13, 89, Status.SNAKE, 0.01
5860, 7, 50, Status.SNAKE, 0.01
5861, 12, 77, Status.WALL, 0.01
5862, 12, 102, Status.SNAKE, 0.01
5863, 3, 27, Status.WALL, 0.01
5864, 5, 32, Status.SNAKE, 0.01
5865, 9, 43, Status.SNAKE, 0.01
5866, 10, 56, Status.SNAKE, 0.01
5867, 6, 53, Status.SNAKE, 0.01
5868, 4, 33, Status.SNAKE, 0.01
5869, 4, 31, Status.WALL, 0.01
5870, 7, 52, Status.SNAKE, 0.01
5871, 3, 16, Status.SNAKE, 0.01
5872, 11, 81, Status.SNAKE, 0.01
5873, 6, 38, Status.SNAKE, 0.01
5874, 1, 5, Status.SNAKE, 0.01
5875, 10, 53, Status.SNAKE, 0.01
5876, 9, 44, Status.SNAKE, 0.01
5877, 11, 60, Status.WALL, 0.01
5878, 9, 49, Status.SNAKE, 0.01
5879, 5, 53, Status.SNAKE, 0.01
5880, 2, 15, Status.SNAKE, 0.01
5881, 7, 44, Status.SNAKE, 0.01
5882, 8, 64, Status.SNAKE, 0.01
5883, 1, 5, Status.SNAKE, 0.01
5884, 8, 46, Status.WALL, 0.01
5885, 6, 25, Status.SNAKE, 0.01
5886, 12, 80, Status.SNAKE, 0.01
5887, 10, 71, Status.SNAKE, 0.01
5888, 12, 69, Status.SNAKE, 0.01
5889, 12, 95, Status.SNAKE, 0.01
5890, 13, 103, Status.SNAKE, 0.01
5891, 5, 38, Status.WALL, 0.01
5892, 9, 52, Status.SNAKE, 0.01
5893, 16, 108, Status.SNAKE, 0.01
5894, 13, 104, Status.SNAKE, 0.01
5895, 9, 62, Status.SNAKE, 0.01
5896, 10, 65, Status.SNAKE, 0.01
5897, 3, 14, Status.SNAKE, 0.01
5898, 4, 29, Status.WALL, 0.01
5899, 3, 18, Status.SNAKE, 0.01
5900, 5, 25, Status.SNAKE, 0.01
5901, 7, 46, Status.WALL, 0.01
5902, 3, 32, Status.SNAKE, 0.01
5903, 14, 116, Status.SNAKE, 0.01
5904, 20, 130, Status.SNAKE, 0.01
5905, 14, 107, Status.SNAKE, 0.01
5906, 2, 18, Status.WALL, 0.01
5907, 6, 45, Status.WALL, 0.01
5908, 5, 39, Status.SNAKE, 0.01
5909, 9, 66, Status.WALL, 0.01
5910, 11, 68, Status.SNAKE, 0.01
5911, 9, 51, Status.SNAKE, 0.01
5912, 7, 41, Status.SNAKE, 0.01
5913, 15, 106, Status.SNAKE, 0.01
5914, 19, 126, Status.SNAKE, 0.01
5915, 2, 10, Status.WALL, 0.01
5916, 10, 91, Status.SNAKE, 0.01
5917, 6, 44, Status.WALL, 0.01
5918, 8, 44, Status.SNAKE, 0.01
5919, 16, 102, Status.SNAKE, 0.01
5920, 7, 51, Status.WALL, 0.01
5921, 14, 87, Status.WALL, 0.01
5922, 9, 63, Status.SNAKE, 0.01
5923, 4, 28, Status.WALL, 0.01
5924, 10, 69, Status.SNAKE, 0.01
5925, 12, 82, Status.WALL, 0.01
5926, 24, 170, Status.SNAKE, 0.01
5927, 8, 54, Status.SNAKE, 0.01
5928, 2, 22, Status.WALL, 0.01
5929, 3, 13, Status.SNAKE, 0.01
5930, 12, 110, Status.SNAKE, 0.01
5931, 2, 19, Status.SNAKE, 0.01
5932, 10, 64, Status.SNAKE, 0.01
5933, 3, 21, Status.SNAKE, 0.01
5934, 11, 78, Status.SNAKE, 0.01
5935, 7, 53, Status.SNAKE, 0.01
5936, 7, 46, Status.SNAKE, 0.01
5937, 19, 129, Status.SNAKE, 0.01
5938, 7, 56, Status.SNAKE, 0.01
5939, 5, 29, Status.SNAKE, 0.01
5940, 3, 16, Status.WALL, 0.01
5941, 12, 95, Status.SNAKE, 0.01
5942, 11, 66, Status.SNAKE, 0.01
5943, 21, 161, Status.SNAKE, 0.01
5944, 6, 51, Status.WALL, 0.01
5945, 1, 3, Status.SNAKE, 0.01
5946, 7, 34, Status.SNAKE, 0.01
5947, 7, 65, Status.SNAKE, 0.01
5948, 10, 70, Status.WALL, 0.01
5949, 12, 84, Status.SNAKE, 0.01
5950, 5, 32, Status.WALL, 0.01
5951, 5, 43, Status.SNAKE, 0.01
5952, 1, 10, Status.WALL, 0.01
5953, 10, 85, Status.WALL, 0.01
5954, 5, 35, Status.SNAKE, 0.01
5955, 5, 40, Status.SNAKE, 0.01
5956, 6, 44, Status.SNAKE, 0.01
5957, 1, 6, Status.SNAKE, 0.01
5958, 7, 43, Status.SNAKE, 0.01
5959, 13, 105, Status.SNAKE, 0.01
5960, 10, 74, Status.WALL, 0.01
5961, 5, 32, Status.SNAKE, 0.01
5962, 10, 50, Status.SNAKE, 0.01
5963, 20, 154, Status.SNAKE, 0.01
5964, 9, 48, Status.SNAKE, 0.01
5965, 12, 96, Status.SNAKE, 0.01
5966, 19, 139, Status.WALL, 0.01
5967, 3, 31, Status.WALL, 0.01
5968, 10, 67, Status.SNAKE, 0.01
5969, 5, 27, Status.SNAKE, 0.01
5970, 9, 63, Status.WALL, 0.01
5971, 11, 80, Status.WALL, 0.01
5972, 8, 61, Status.SNAKE, 0.01
5973, 11, 82, Status.SNAKE, 0.01
5974, 6, 53, Status.SNAKE, 0.01
5975, 6, 38, Status.SNAKE, 0.01
5976, 5, 31, Status.WALL, 0.01
5977, 7, 48, Status.SNAKE, 0.01
5978, 7, 46, Status.SNAKE, 0.01
5979, 15, 108, Status.SNAKE, 0.01
5980, 14, 110, Status.SNAKE, 0.01
5981, 4, 39, Status.SNAKE, 0.01
5982, 15, 108, Status.SNAKE, 0.01
5983, 6, 41, Status.SNAKE, 0.01
5984, 13, 101, Status.WALL, 0.01
5985, 11, 94, Status.SNAKE, 0.01
5986, 16, 108, Status.SNAKE, 0.01
5987, 3, 8, Status.SNAKE, 0.01
5988, 15, 100, Status.SNAKE, 0.01
5989, 9, 68, Status.WALL, 0.01
5990, 16, 95, Status.SNAKE, 0.01
5991, 3, 19, Status.WALL, 0.01
5992, 11, 53, Status.SNAKE, 0.01
5993, 15, 91, Status.SNAKE, 0.01
5994, 3, 20, Status.SNAKE, 0.01
5995, 4, 29, Status.WALL, 0.01
5996, 16, 91, Status.SNAKE, 0.01
5997, 14, 79, Status.SNAKE, 0.01
5998, 12, 76, Status.SNAKE, 0.01
5999, 10, 79, Status.SNAKE, 0.01
6000, 11, 72, Status.SNAKE, 0.01
6001, 15, 85, Status.SNAKE, 0.01
6002, 10, 61, Status.SNAKE, 0.01
6003, 4, 18, Status.SNAKE, 0.01
6004, 7, 46, Status.SNAKE, 0.01
6005, 7, 29, Status.SNAKE, 0.01
6006, 5, 50, Status.SNAKE, 0.01
6007, 6, 41, Status.SNAKE, 0.01
6008, 5, 52, Status.SNAKE, 0.01
6009, 10, 62, Status.SNAKE, 0.01
6010, 16, 107, Status.SNAKE, 0.01
6011, 7, 60, Status.WALL, 0.01
6012, 13, 97, Status.SNAKE, 0.01
6013, 16, 126, Status.WALL, 0.01
6014, 3, 13, Status.SNAKE, 0.01
6015, 14, 66, Status.SNAKE, 0.01
6016, 5, 36, Status.WALL, 0.01
6017, 3, 22, Status.WALL, 0.01
6018, 1, 5, Status.SNAKE, 0.01
6019, 1, 8, Status.SNAKE, 0.01
6020, 18, 139, Status.SNAKE, 0.01
6021, 11, 87, Status.SNAKE, 0.01
6022, 15, 110, Status.SNAKE, 0.01
6023, 14, 85, Status.SNAKE, 0.01
6024, 8, 72, Status.SNAKE, 0.01
6025, 12, 94, Status.SNAKE, 0.01
6026, 7, 50, Status.SNAKE, 0.01
6027, 6, 41, Status.SNAKE, 0.01
6028, 5, 51, Status.SNAKE, 0.01
6029, 10, 75, Status.SNAKE, 0.01
6030, 14, 110, Status.SNAKE, 0.01
6031, 14, 107, Status.SNAKE, 0.01
6032, 10, 58, Status.SNAKE, 0.01
6033, 13, 91, Status.SNAKE, 0.01
6034, 2, 20, Status.WALL, 0.01
6035, 11, 67, Status.SNAKE, 0.01
6036, 3, 21, Status.SNAKE, 0.01
6037, 6, 38, Status.SNAKE, 0.01
6038, 10, 54, Status.SNAKE, 0.01
6039, 1, 7, Status.SNAKE, 0.01
6040, 13, 85, Status.SNAKE, 0.01
6041, 9, 57, Status.SNAKE, 0.01
6042, 7, 60, Status.SNAKE, 0.01
6043, 3, 22, Status.WALL, 0.01
6044, 2, 13, Status.WALL, 0.01
6045, 10, 77, Status.WALL, 0.01
6046, 7, 36, Status.SNAKE, 0.01
6047, 14, 118, Status.SNAKE, 0.01
6048, 9, 72, Status.SNAKE, 0.01
6049, 22, 134, Status.SNAKE, 0.01
6050, 18, 139, Status.SNAKE, 0.01
6051, 11, 70, Status.WALL, 0.01
6052, 14, 108, Status.SNAKE, 0.01
6053, 12, 89, Status.SNAKE, 0.01
6054, 15, 120, Status.SNAKE, 0.01
6055, 10, 96, Status.SNAKE, 0.01
6056, 20, 121, Status.SNAKE, 0.01
6057, 15, 107, Status.SNAKE, 0.01
6058, 6, 34, Status.SNAKE, 0.01
6059, 7, 55, Status.WALL, 0.01
6060, 0, 4, Status.WALL, 0.01
6061, 6, 47, Status.WALL, 0.01
6062, 2, 8, Status.WALL, 0.01
6063, 11, 81, Status.WALL, 0.01
6064, 9, 72, Status.SNAKE, 0.01
6065, 13, 76, Status.SNAKE, 0.01
6066, 10, 96, Status.SNAKE, 0.01
6067, 10, 67, Status.SNAKE, 0.01
6068, 10, 52, Status.SNAKE, 0.01
6069, 16, 117, Status.SNAKE, 0.01
6070, 10, 74, Status.SNAKE, 0.01
6071, 8, 62, Status.SNAKE, 0.01
6072, 15, 88, Status.SNAKE, 0.01
6073, 17, 120, Status.WALL, 0.01
6074, 11, 54, Status.SNAKE, 0.01
6075, 9, 56, Status.SNAKE, 0.01
6076, 6, 44, Status.SNAKE, 0.01
6077, 10, 59, Status.SNAKE, 0.01
6078, 7, 40, Status.SNAKE, 0.01
6079, 11, 64, Status.SNAKE, 0.01
6080, 2, 21, Status.SNAKE, 0.01
6081, 8, 60, Status.SNAKE, 0.01
6082, 12, 74, Status.SNAKE, 0.01
6083, 6, 45, Status.WALL, 0.01
6084, 5, 20, Status.SNAKE, 0.01
6085, 8, 53, Status.SNAKE, 0.01
6086, 7, 46, Status.SNAKE, 0.01
6087, 15, 118, Status.SNAKE, 0.01
6088, 7, 58, Status.SNAKE, 0.01
6089, 12, 83, Status.WALL, 0.01
6090, 22, 141, Status.SNAKE, 0.01
6091, 9, 56, Status.SNAKE, 0.01
6092, 13, 76, Status.SNAKE, 0.01
6093, 17, 118, Status.SNAKE, 0.01
6094, 7, 48, Status.SNAKE, 0.01
6095, 11, 79, Status.WALL, 0.01
6096, 4, 27, Status.SNAKE, 0.01
6097, 5, 24, Status.SNAKE, 0.01
6098, 6, 35, Status.WALL, 0.01
6099, 10, 61, Status.SNAKE, 0.01
6100, 5, 37, Status.SNAKE, 0.01
6101, 8, 60, Status.SNAKE, 0.01
6102, 2, 20, Status.WALL, 0.01
6103, 12, 81, Status.SNAKE, 0.01
6104, 7, 54, Status.WALL, 0.01
6105, 8, 49, Status.WALL, 0.01
6106, 10, 90, Status.SNAKE, 0.01
6107, 13, 85, Status.SNAKE, 0.01
6108, 11, 70, Status.SNAKE, 0.01
6109, 13, 88, Status.SNAKE, 0.01
6110, 16, 86, Status.WALL, 0.01
6111, 2, 15, Status.WALL, 0.01
6112, 15, 108, Status.SNAKE, 0.01
6113, 8, 67, Status.SNAKE, 0.01
6114, 9, 62, Status.SNAKE, 0.01
6115, 11, 69, Status.SNAKE, 0.01
6116, 13, 100, Status.SNAKE, 0.01
6117, 9, 70, Status.SNAKE, 0.01
6118, 11, 49, Status.WALL, 0.01
6119, 7, 38, Status.SNAKE, 0.01
6120, 5, 31, Status.SNAKE, 0.01
6121, 13, 106, Status.SNAKE, 0.01
6122, 2, 10, Status.SNAKE, 0.01
6123, 4, 31, Status.SNAKE, 0.01
6124, 15, 77, Status.WALL, 0.01
6125, 8, 41, Status.WALL, 0.01
6126, 9, 62, Status.WALL, 0.01
6127, 10, 74, Status.SNAKE, 0.01
6128, 16, 156, Status.SNAKE, 0.01
6129, 14, 122, Status.SNAKE, 0.01
6130, 11, 95, Status.SNAKE, 0.01
6131, 16, 124, Status.SNAKE, 0.01
6132, 4, 28, Status.SNAKE, 0.01
6133, 14, 103, Status.SNAKE, 0.01
6134, 11, 71, Status.SNAKE, 0.01
6135, 13, 88, Status.SNAKE, 0.01
6136, 8, 56, Status.SNAKE, 0.01
6137, 9, 74, Status.WALL, 0.01
6138, 7, 53, Status.SNAKE, 0.01
6139, 4, 13, Status.SNAKE, 0.01
6140, 16, 121, Status.SNAKE, 0.01
6141, 8, 68, Status.SNAKE, 0.01
6142, 8, 78, Status.SNAKE, 0.01
6143, 6, 50, Status.SNAKE, 0.01
6144, 7, 44, Status.SNAKE, 0.01
6145, 15, 103, Status.SNAKE, 0.01
6146, 11, 76, Status.SNAKE, 0.01
6147, 10, 51, Status.SNAKE, 0.01
6148, 11, 63, Status.SNAKE, 0.01
6149, 8, 55, Status.SNAKE, 0.01
6150, 6, 31, Status.SNAKE, 0.01
6151, 8, 45, Status.WALL, 0.01
6152, 16, 119, Status.WALL, 0.01
6153, 10, 72, Status.SNAKE, 0.01
6154, 16, 123, Status.SNAKE, 0.01
6155, 0, 6, Status.WALL, 0.01
6156, 11, 68, Status.SNAKE, 0.01
6157, 11, 72, Status.SNAKE, 0.01
6158, 7, 36, Status.SNAKE, 0.01
6159, 12, 47, Status.SNAKE, 0.01
6160, 13, 99, Status.SNAKE, 0.01
6161, 11, 74, Status.SNAKE, 0.01
6162, 8, 72, Status.SNAKE, 0.01
6163, 5, 31, Status.WALL, 0.01
6164, 6, 39, Status.SNAKE, 0.01
6165, 14, 107, Status.SNAKE, 0.01
6166, 15, 107, Status.SNAKE, 0.01
6167, 6, 36, Status.SNAKE, 0.01
6168, 5, 37, Status.SNAKE, 0.01
6169, 8, 54, Status.SNAKE, 0.01
6170, 7, 51, Status.SNAKE, 0.01
6171, 14, 117, Status.SNAKE, 0.01
6172, 18, 157, Status.SNAKE, 0.01
6173, 8, 43, Status.SNAKE, 0.01
6174, 6, 26, Status.SNAKE, 0.01
6175, 19, 128, Status.SNAKE, 0.01
6176, 4, 35, Status.WALL, 0.01
6177, 6, 35, Status.WALL, 0.01
6178, 6, 56, Status.SNAKE, 0.01
6179, 12, 81, Status.SNAKE, 0.01
6180, 3, 24, Status.WALL, 0.01
6181, 4, 21, Status.SNAKE, 0.01
6182, 12, 83, Status.SNAKE, 0.01
6183, 7, 41, Status.WALL, 0.01
6184, 6, 31, Status.SNAKE, 0.01
6185, 10, 62, Status.WALL, 0.01
6186, 10, 77, Status.SNAKE, 0.01
6187, 16, 101, Status.SNAKE, 0.01
6188, 8, 47, Status.SNAKE, 0.01
6189, 7, 47, Status.SNAKE, 0.01
6190, 14, 112, Status.WALL, 0.01
6191, 7, 57, Status.SNAKE, 0.01
6192, 3, 24, Status.SNAKE, 0.01
6193, 2, 15, Status.SNAKE, 0.01
6194, 2, 9, Status.WALL, 0.01
6195, 9, 66, Status.SNAKE, 0.01
6196, 11, 97, Status.SNAKE, 0.01
6197, 1, 6, Status.SNAKE, 0.01
6198, 6, 38, Status.SNAKE, 0.01
6199, 10, 97, Status.SNAKE, 0.01
6200, 6, 46, Status.SNAKE, 0.01
6201, 12, 89, Status.SNAKE, 0.01
6202, 2, 10, Status.SNAKE, 0.01
6203, 6, 35, Status.SNAKE, 0.01
6204, 1, 14, Status.SNAKE, 0.01
6205, 2, 12, Status.WALL, 0.01
6206, 6, 39, Status.SNAKE, 0.01
6207, 7, 50, Status.SNAKE, 0.01
6208, 9, 60, Status.SNAKE, 0.01
6209, 6, 36, Status.SNAKE, 0.01
6210, 1, 7, Status.SNAKE, 0.01
6211, 9, 77, Status.SNAKE, 0.01
6212, 1, 3, Status.SNAKE, 0.01
6213, 11, 76, Status.SNAKE, 0.01
6214, 13, 89, Status.WALL, 0.01
6215, 11, 62, Status.WALL, 0.01
6216, 6, 28, Status.WALL, 0.01
6217, 3, 10, Status.SNAKE, 0.01
6218, 6, 34, Status.SNAKE, 0.01
6219, 9, 83, Status.SNAKE, 0.01
6220, 8, 38, Status.SNAKE, 0.01
6221, 5, 25, Status.SNAKE, 0.01
6222, 7, 46, Status.SNAKE, 0.01
6223, 4, 30, Status.WALL, 0.01
6224, 11, 97, Status.SNAKE, 0.01
6225, 12, 79, Status.SNAKE, 0.01
6226, 22, 159, Status.SNAKE, 0.01
6227, 6, 48, Status.SNAKE, 0.01
6228, 14, 120, Status.WALL, 0.01
6229, 14, 96, Status.WALL, 0.01
6230, 4, 14, Status.SNAKE, 0.01
6231, 9, 65, Status.SNAKE, 0.01
6232, 7, 41, Status.SNAKE, 0.01
6233, 7, 40, Status.WALL, 0.01
6234, 7, 60, Status.SNAKE, 0.01
6235, 14, 85, Status.SNAKE, 0.01
6236, 1, 10, Status.WALL, 0.01
6237, 12, 110, Status.SNAKE, 0.01
6238, 5, 30, Status.SNAKE, 0.01
6239, 3, 29, Status.WALL, 0.01
6240, 0, 6, Status.WALL, 0.01
6241, 6, 27, Status.SNAKE, 0.01
6242, 5, 34, Status.SNAKE, 0.01
6243, 14, 105, Status.SNAKE, 0.01
6244, 7, 41, Status.SNAKE, 0.01
6245, 11, 70, Status.SNAKE, 0.01
6246, 16, 78, Status.SNAKE, 0.01
6247, 5, 36, Status.SNAKE, 0.01
6248, 10, 85, Status.SNAKE, 0.01
6249, 8, 51, Status.SNAKE, 0.01
6250, 9, 53, Status.SNAKE, 0.01
6251, 5, 39, Status.WALL, 0.01
6252, 7, 43, Status.SNAKE, 0.01
6253, 3, 24, Status.SNAKE, 0.01
6254, 12, 108, Status.SNAKE, 0.01
6255, 8, 47, Status.SNAKE, 0.01
6256, 7, 39, Status.SNAKE, 0.01
6257, 10, 78, Status.SNAKE, 0.01
6258, 1, 10, Status.WALL, 0.01
6259, 13, 77, Status.SNAKE, 0.01
6260, 10, 53, Status.SNAKE, 0.01
6261, 6, 58, Status.SNAKE, 0.01
6262, 7, 42, Status.SNAKE, 0.01
6263, 2, 18, Status.WALL, 0.01
6264, 13, 76, Status.SNAKE, 0.01
6265, 7, 46, Status.SNAKE, 0.01
6266, 1, 5, Status.SNAKE, 0.01
6267, 15, 102, Status.SNAKE, 0.01
6268, 6, 38, Status.SNAKE, 0.01
6269, 11, 56, Status.SNAKE, 0.01
6270, 9, 74, Status.SNAKE, 0.01
6271, 18, 122, Status.SNAKE, 0.01
6272, 7, 41, Status.WALL, 0.01
6273, 9, 96, Status.SNAKE, 0.01
6274, 5, 34, Status.SNAKE, 0.01
6275, 8, 70, Status.SNAKE, 0.01
6276, 13, 83, Status.SNAKE, 0.01
6277, 5, 30, Status.SNAKE, 0.01
6278, 11, 58, Status.SNAKE, 0.01
6279, 12, 69, Status.SNAKE, 0.01
6280, 11, 89, Status.SNAKE, 0.01
6281, 1, 12, Status.WALL, 0.01
6282, 11, 93, Status.SNAKE, 0.01
6283, 10, 72, Status.SNAKE, 0.01
6284, 10, 75, Status.SNAKE, 0.01
6285, 13, 75, Status.SNAKE, 0.01
6286, 6, 33, Status.SNAKE, 0.01
6287, 11, 81, Status.SNAKE, 0.01
6288, 9, 52, Status.SNAKE, 0.01
6289, 7, 39, Status.SNAKE, 0.01
6290, 14, 115, Status.SNAKE, 0.01
6291, 11, 59, Status.SNAKE, 0.01
6292, 8, 38, Status.WALL, 0.01
6293, 7, 56, Status.SNAKE, 0.01
6294, 2, 19, Status.SNAKE, 0.01
6295, 7, 46, Status.SNAKE, 0.01
6296, 11, 90, Status.SNAKE, 0.01
6297, 12, 89, Status.SNAKE, 0.01
6298, 4, 22, Status.SNAKE, 0.01
6299, 5, 26, Status.SNAKE, 0.01
6300, 8, 49, Status.WALL, 0.01
6301, 16, 103, Status.SNAKE, 0.01
6302, 20, 169, Status.SNAKE, 0.01
6303, 14, 85, Status.SNAKE, 0.01
6304, 10, 105, Status.WALL, 0.01
6305, 11, 62, Status.SNAKE, 0.01
6306, 6, 46, Status.SNAKE, 0.01
6307, 8, 78, Status.SNAKE, 0.01
6308, 2, 9, Status.SNAKE, 0.01
6309, 9, 86, Status.SNAKE, 0.01
6310, 2, 14, Status.SNAKE, 0.01
6311, 13, 94, Status.SNAKE, 0.01
6312, 11, 93, Status.WALL, 0.01
6313, 6, 41, Status.SNAKE, 0.01
6314, 13, 69, Status.WALL, 0.01
6315, 1, 8, Status.SNAKE, 0.01
6316, 6, 31, Status.SNAKE, 0.01
6317, 8, 61, Status.SNAKE, 0.01
6318, 14, 119, Status.SNAKE, 0.01
6319, 8, 59, Status.SNAKE, 0.01
6320, 18, 141, Status.SNAKE, 0.01
6321, 14, 75, Status.SNAKE, 0.01
6322, 5, 50, Status.SNAKE, 0.01
6323, 15, 99, Status.SNAKE, 0.01
6324, 2, 26, Status.WALL, 0.01
6325, 6, 34, Status.WALL, 0.01
6326, 15, 95, Status.SNAKE, 0.01
6327, 8, 63, Status.SNAKE, 0.01
6328, 9, 62, Status.SNAKE, 0.01
6329, 7, 27, Status.SNAKE, 0.01
6330, 10, 69, Status.SNAKE, 0.01
6331, 5, 34, Status.SNAKE, 0.01
6332, 6, 33, Status.SNAKE, 0.01
6333, 5, 43, Status.SNAKE, 0.01
6334, 17, 111, Status.SNAKE, 0.01
6335, 1, 3, Status.SNAKE, 0.01
6336, 17, 107, Status.WALL, 0.01
6337, 10, 59, Status.SNAKE, 0.01
6338, 12, 62, Status.SNAKE, 0.01
6339, 17, 123, Status.SNAKE, 0.01
6340, 4, 35, Status.SNAKE, 0.01
6341, 10, 63, Status.SNAKE, 0.01
6342, 4, 18, Status.SNAKE, 0.01
6343, 5, 24, Status.SNAKE, 0.01
6344, 3, 18, Status.SNAKE, 0.01
6345, 12, 106, Status.SNAKE, 0.01
6346, 16, 98, Status.SNAKE, 0.01
6347, 5, 37, Status.SNAKE, 0.01
6348, 11, 64, Status.SNAKE, 0.01
6349, 6, 22, Status.SNAKE, 0.01
6350, 6, 49, Status.SNAKE, 0.01
6351, 5, 21, Status.SNAKE, 0.01
6352, 4, 24, Status.SNAKE, 0.01
6353, 11, 100, Status.SNAKE, 0.01
6354, 14, 88, Status.SNAKE, 0.01
6355, 5, 36, Status.SNAKE, 0.01
6356, 5, 28, Status.SNAKE, 0.01
6357, 9, 61, Status.SNAKE, 0.01
6358, 11, 77, Status.SNAKE, 0.01
6359, 13, 84, Status.SNAKE, 0.01
6360, 17, 113, Status.SNAKE, 0.01
6361, 12, 73, Status.SNAKE, 0.01
6362, 12, 84, Status.WALL, 0.01
6363, 3, 29, Status.WALL, 0.01
6364, 8, 54, Status.SNAKE, 0.01
6365, 4, 27, Status.SNAKE, 0.01
6366, 5, 43, Status.SNAKE, 0.01
6367, 1, 6, Status.SNAKE, 0.01
6368, 10, 64, Status.SNAKE, 0.01
6369, 8, 40, Status.SNAKE, 0.01
6370, 1, 5, Status.SNAKE, 0.01
6371, 13, 52, Status.SNAKE, 0.01
6372, 14, 87, Status.SNAKE, 0.01
6373, 13, 78, Status.SNAKE, 0.01
6374, 4, 25, Status.SNAKE, 0.01
6375, 12, 90, Status.SNAKE, 0.01
6376, 10, 64, Status.SNAKE, 0.01
6377, 11, 76, Status.SNAKE, 0.01
6378, 9, 39, Status.WALL, 0.01
6379, 13, 82, Status.SNAKE, 0.01
6380, 16, 112, Status.SNAKE, 0.01
6381, 1, 7, Status.SNAKE, 0.01
6382, 11, 94, Status.WALL, 0.01
6383, 9, 57, Status.SNAKE, 0.01
6384, 5, 35, Status.SNAKE, 0.01
6385, 9, 61, Status.SNAKE, 0.01
6386, 8, 45, Status.WALL, 0.01
6387, 15, 93, Status.WALL, 0.01
6388, 7, 40, Status.WALL, 0.01
6389, 7, 70, Status.WALL, 0.01
6390, 15, 102, Status.WALL, 0.01
6391, 3, 18, Status.SNAKE, 0.01
6392, 20, 112, Status.WALL, 0.01
6393, 14, 128, Status.SNAKE, 0.01
6394, 7, 63, Status.SNAKE, 0.01
6395, 11, 75, Status.SNAKE, 0.01
6396, 6, 50, Status.SNAKE, 0.01
6397, 11, 68, Status.SNAKE, 0.01
6398, 2, 17, Status.SNAKE, 0.01
6399, 4, 27, Status.SNAKE, 0.01
6400, 9, 57, Status.SNAKE, 0.01
6401, 7, 53, Status.SNAKE, 0.01
6402, 11, 86, Status.SNAKE, 0.01
6403, 4, 14, Status.SNAKE, 0.01
6404, 4, 31, Status.SNAKE, 0.01
6405, 5, 29, Status.SNAKE, 0.01
6406, 12, 81, Status.SNAKE, 0.01
6407, 3, 22, Status.SNAKE, 0.01
6408, 2, 14, Status.SNAKE, 0.01
6409, 10, 62, Status.SNAKE, 0.01
6410, 12, 76, Status.SNAKE, 0.01
6411, 8, 48, Status.SNAKE, 0.01
6412, 14, 80, Status.SNAKE, 0.01
6413, 14, 105, Status.SNAKE, 0.01
6414, 4, 27, Status.SNAKE, 0.01
6415, 5, 30, Status.WALL, 0.01
6416, 13, 92, Status.WALL, 0.01
6417, 6, 34, Status.SNAKE, 0.01
6418, 3, 14, Status.SNAKE, 0.01
6419, 16, 103, Status.SNAKE, 0.01
6420, 13, 85, Status.SNAKE, 0.01
6421, 7, 46, Status.SNAKE, 0.01
6422, 11, 81, Status.SNAKE, 0.01
6423, 14, 80, Status.SNAKE, 0.01
6424, 9, 56, Status.SNAKE, 0.01
6425, 20, 168, Status.SNAKE, 0.01
6426, 19, 159, Status.SNAKE, 0.01
6427, 14, 84, Status.SNAKE, 0.01
6428, 6, 46, Status.SNAKE, 0.01
6429, 1, 8, Status.SNAKE, 0.01
6430, 5, 38, Status.SNAKE, 0.01
6431, 12, 106, Status.SNAKE, 0.01
6432, 5, 54, Status.WALL, 0.01
6433, 6, 39, Status.SNAKE, 0.01
6434, 13, 79, Status.SNAKE, 0.01
6435, 5, 25, Status.SNAKE, 0.01
6436, 2, 11, Status.WALL, 0.01
6437, 11, 65, Status.SNAKE, 0.01
6438, 13, 87, Status.WALL, 0.01
6439, 11, 74, Status.SNAKE, 0.01
6440, 13, 75, Status.SNAKE, 0.01
6441, 8, 76, Status.SNAKE, 0.01
6442, 9, 60, Status.SNAKE, 0.01
6443, 14, 121, Status.SNAKE, 0.01
6444, 8, 48, Status.SNAKE, 0.01
6445, 12, 62, Status.SNAKE, 0.01
6446, 10, 46, Status.SNAKE, 0.01
6447, 13, 87, Status.SNAKE, 0.01
6448, 14, 103, Status.SNAKE, 0.01
6449, 6, 33, Status.SNAKE, 0.01
6450, 3, 31, Status.WALL, 0.01
6451, 20, 143, Status.SNAKE, 0.01
6452, 12, 70, Status.SNAKE, 0.01
6453, 5, 39, Status.SNAKE, 0.01
6454, 4, 35, Status.WALL, 0.01
6455, 1, 8, Status.WALL, 0.01
6456, 5, 34, Status.WALL, 0.01
6457, 8, 45, Status.SNAKE, 0.01
6458, 15, 116, Status.SNAKE, 0.01
6459, 10, 61, Status.SNAKE, 0.01
6460, 8, 49, Status.SNAKE, 0.01
6461, 5, 29, Status.SNAKE, 0.01
6462, 6, 50, Status.SNAKE, 0.01
6463, 1, 8, Status.SNAKE, 0.01
6464, 7, 47, Status.SNAKE, 0.01
6465, 7, 42, Status.WALL, 0.01
6466, 6, 66, Status.WALL, 0.01
6467, 10, 42, Status.SNAKE, 0.01
6468, 14, 88, Status.SNAKE, 0.01
6469, 11, 61, Status.SNAKE, 0.01
6470, 8, 48, Status.SNAKE, 0.01
6471, 6, 36, Status.SNAKE, 0.01
6472, 8, 60, Status.SNAKE, 0.01
6473, 7, 42, Status.SNAKE, 0.01
6474, 11, 73, Status.SNAKE, 0.01
6475, 14, 109, Status.SNAKE, 0.01
6476, 8, 76, Status.SNAKE, 0.01
6477, 8, 44, Status.SNAKE, 0.01
6478, 4, 27, Status.SNAKE, 0.01
6479, 16, 91, Status.SNAKE, 0.01
6480, 6, 43, Status.SNAKE, 0.01
6481, 16, 119, Status.SNAKE, 0.01
6482, 13, 98, Status.SNAKE, 0.01
6483, 14, 97, Status.SNAKE, 0.01
6484, 5, 37, Status.SNAKE, 0.01
6485, 5, 38, Status.SNAKE, 0.01
6486, 12, 89, Status.WALL, 0.01
6487, 5, 32, Status.WALL, 0.01
6488, 13, 76, Status.WALL, 0.01
6489, 11, 75, Status.SNAKE, 0.01
6490, 6, 43, Status.SNAKE, 0.01
6491, 1, 7, Status.SNAKE, 0.01
6492, 11, 85, Status.WALL, 0.01
6493, 6, 27, Status.SNAKE, 0.01
6494, 10, 66, Status.SNAKE, 0.01
6495, 11, 81, Status.SNAKE, 0.01
6496, 5, 27, Status.WALL, 0.01
6497, 13, 70, Status.WALL, 0.01
6498, 6, 31, Status.SNAKE, 0.01
6499, 3, 10, Status.SNAKE, 0.01
6500, 12, 95, Status.SNAKE, 0.01
6501, 9, 62, Status.SNAKE, 0.01
6502, 14, 104, Status.WALL, 0.01
6503, 12, 102, Status.WALL, 0.01
6504, 5, 53, Status.SNAKE, 0.01
6505, 14, 105, Status.SNAKE, 0.01
6506, 12, 125, Status.SNAKE, 0.01
6507, 11, 81, Status.SNAKE, 0.01
6508, 5, 43, Status.SNAKE, 0.01
6509, 2, 14, Status.SNAKE, 0.01
6510, 1, 10, Status.WALL, 0.01
6511, 8, 59, Status.SNAKE, 0.01
6512, 4, 26, Status.SNAKE, 0.01
6513, 4, 32, Status.SNAKE, 0.01
6514, 11, 78, Status.SNAKE, 0.01
6515, 12, 91, Status.SNAKE, 0.01
6516, 8, 56, Status.SNAKE, 0.01
6517, 5, 40, Status.SNAKE, 0.01
6518, 4, 19, Status.WALL, 0.01
6519, 14, 88, Status.SNAKE, 0.01
6520, 8, 63, Status.SNAKE, 0.01
6521, 5, 31, Status.SNAKE, 0.01
6522, 7, 50, Status.SNAKE, 0.01
6523, 7, 76, Status.SNAKE, 0.01
6524, 2, 12, Status.WALL, 0.01
6525, 12, 80, Status.SNAKE, 0.01
6526, 5, 40, Status.SNAKE, 0.01
6527, 9, 54, Status.SNAKE, 0.01
6528, 10, 77, Status.SNAKE, 0.01
6529, 8, 52, Status.SNAKE, 0.01
6530, 16, 87, Status.SNAKE, 0.01
6531, 6, 48, Status.SNAKE, 0.01
6532, 15, 110, Status.SNAKE, 0.01
6533, 10, 97, Status.SNAKE, 0.01
6534, 4, 31, Status.SNAKE, 0.01
6535, 5, 22, Status.SNAKE, 0.01
6536, 6, 38, Status.SNAKE, 0.01
6537, 12, 105, Status.SNAKE, 0.01
6538, 6, 43, Status.SNAKE, 0.01
6539, 5, 35, Status.SNAKE, 0.01
6540, 8, 70, Status.SNAKE, 0.01
6541, 7, 32, Status.SNAKE, 0.01
6542, 11, 93, Status.SNAKE, 0.01
6543, 4, 29, Status.SNAKE, 0.01
6544, 3, 12, Status.SNAKE, 0.01
6545, 18, 108, Status.SNAKE, 0.01
6546, 0, 6, Status.WALL, 0.01
6547, 11, 75, Status.SNAKE, 0.01
6548, 10, 81, Status.SNAKE, 0.01
6549, 10, 54, Status.SNAKE, 0.01
6550, 12, 80, Status.SNAKE, 0.01
6551, 7, 46, Status.SNAKE, 0.01
6552, 10, 71, Status.SNAKE, 0.01
6553, 13, 103, Status.WALL, 0.01
6554, 14, 73, Status.SNAKE, 0.01
6555, 1, 12, Status.WALL, 0.01
6556, 4, 20, Status.SNAKE, 0.01
6557, 2, 14, Status.SNAKE, 0.01
6558, 4, 28, Status.WALL, 0.01
6559, 8, 39, Status.SNAKE, 0.01
6560, 5, 33, Status.SNAKE, 0.01
6561, 5, 34, Status.SNAKE, 0.01
6562, 1, 7, Status.SNAKE, 0.01
6563, 9, 57, Status.SNAKE, 0.01
6564, 8, 62, Status.SNAKE, 0.01
6565, 7, 52, Status.SNAKE, 0.01
6566, 5, 32, Status.SNAKE, 0.01
6567, 2, 12, Status.WALL, 0.01
6568, 10, 64, Status.SNAKE, 0.01
6569, 1, 20, Status.WALL, 0.01
6570, 4, 35, Status.SNAKE, 0.01
6571, 8, 52, Status.SNAKE, 0.01
6572, 4, 27, Status.SNAKE, 0.01
6573, 18, 135, Status.SNAKE, 0.01
6574, 8, 72, Status.SNAKE, 0.01
6575, 2, 19, Status.WALL, 0.01
6576, 2, 20, Status.WALL, 0.01
6577, 8, 40, Status.SNAKE, 0.01
6578, 9, 59, Status.SNAKE, 0.01
6579, 6, 37, Status.SNAKE, 0.01
6580, 3, 28, Status.WALL, 0.01
6581, 11, 91, Status.SNAKE, 0.01
6582, 7, 60, Status.SNAKE, 0.01
6583, 3, 16, Status.SNAKE, 0.01
6584, 6, 56, Status.WALL, 0.01
6585, 11, 96, Status.SNAKE, 0.01
6586, 7, 50, Status.SNAKE, 0.01
6587, 6, 49, Status.SNAKE, 0.01
6588, 1, 6, Status.SNAKE, 0.01
6589, 8, 55, Status.SNAKE, 0.01
6590, 6, 49, Status.WALL, 0.01
6591, 1, 6, Status.SNAKE, 0.01
6592, 10, 61, Status.SNAKE, 0.01
6593, 8, 49, Status.SNAKE, 0.01
6594, 19, 134, Status.SNAKE, 0.01
6595, 2, 13, Status.WALL, 0.01
6596, 1, 22, Status.WALL, 0.01
6597, 5, 49, Status.SNAKE, 0.01
6598, 1, 6, Status.WALL, 0.01
6599, 5, 30, Status.SNAKE, 0.01
6600, 1, 7, Status.SNAKE, 0.01
6601, 6, 44, Status.SNAKE, 0.01
6602, 8, 49, Status.SNAKE, 0.01
6603, 11, 77, Status.WALL, 0.01
6604, 6, 34, Status.SNAKE, 0.01
6605, 2, 12, Status.SNAKE, 0.01
6606, 5, 27, Status.SNAKE, 0.01
6607, 19, 148, Status.WALL, 0.01
6608, 1, 3, Status.SNAKE, 0.01
6609, 3, 25, Status.SNAKE, 0.01
6610, 18, 131, Status.SNAKE, 0.01
6611, 6, 47, Status.SNAKE, 0.01
6612, 7, 45, Status.SNAKE, 0.01
6613, 1, 4, Status.SNAKE, 0.01
6614, 5, 35, Status.WALL, 0.01
6615, 5, 23, Status.SNAKE, 0.01
6616, 6, 38, Status.SNAKE, 0.01
6617, 1, 8, Status.WALL, 0.01
6618, 4, 42, Status.SNAKE, 0.01
6619, 6, 51, Status.WALL, 0.01
6620, 13, 80, Status.SNAKE, 0.01
6621, 5, 27, Status.SNAKE, 0.01
6622, 12, 85, Status.SNAKE, 0.01
6623, 1, 7, Status.SNAKE, 0.01
6624, 9, 51, Status.SNAKE, 0.01
6625, 1, 8, Status.SNAKE, 0.01
6626, 3, 32, Status.SNAKE, 0.01
6627, 5, 22, Status.SNAKE, 0.01
6628, 11, 83, Status.SNAKE, 0.01
6629, 9, 61, Status.SNAKE, 0.01
6630, 10, 74, Status.WALL, 0.01
6631, 14, 84, Status.WALL, 0.01
6632, 16, 110, Status.SNAKE, 0.01
6633, 2, 21, Status.WALL, 0.01
6634, 11, 71, Status.SNAKE, 0.01
6635, 10, 55, Status.SNAKE, 0.01
6636, 10, 76, Status.SNAKE, 0.01
6637, 9, 54, Status.SNAKE, 0.01
6638, 4, 30, Status.SNAKE, 0.01
6639, 5, 42, Status.SNAKE, 0.01
6640, 1, 12, Status.WALL, 0.01
6641, 6, 41, Status.WALL, 0.01
6642, 10, 78, Status.SNAKE, 0.01
6643, 2, 18, Status.WALL, 0.01
6644, 13, 67, Status.SNAKE, 0.01
6645, 9, 58, Status.SNAKE, 0.01
6646, 17, 120, Status.SNAKE, 0.01
6647, 2, 9, Status.WALL, 0.01
6648, 6, 41, Status.SNAKE, 0.01
6649, 13, 64, Status.SNAKE, 0.01
6650, 5, 33, Status.SNAKE, 0.01
6651, 6, 55, Status.WALL, 0.01
6652, 8, 56, Status.SNAKE, 0.01
6653, 3, 25, Status.WALL, 0.01
6654, 2, 16, Status.WALL, 0.01
6655, 1, 6, Status.SNAKE, 0.01
6656, 6, 39, Status.WALL, 0.01
6657, 2, 8, Status.SNAKE, 0.01
6658, 3, 16, Status.SNAKE, 0.01
6659, 10, 68, Status.SNAKE, 0.01
6660, 18, 115, Status.SNAKE, 0.01
6661, 15, 102, Status.SNAKE, 0.01
6662, 6, 61, Status.SNAKE, 0.01
6663, 0, 6, Status.WALL, 0.01
6664, 3, 21, Status.SNAKE, 0.01
6665, 2, 15, Status.SNAKE, 0.01
6666, 15, 119, Status.SNAKE, 0.01
6667, 2, 13, Status.WALL, 0.01
6668, 3, 19, Status.SNAKE, 0.01
6669, 6, 45, Status.WALL, 0.01
6670, 9, 80, Status.SNAKE, 0.01
6671, 6, 38, Status.WALL, 0.01
6672, 13, 89, Status.SNAKE, 0.01
6673, 12, 86, Status.WALL, 0.01
6674, 7, 63, Status.SNAKE, 0.01
6675, 11, 70, Status.WALL, 0.01
6676, 10, 58, Status.SNAKE, 0.01
6677, 2, 16, Status.SNAKE, 0.01
6678, 5, 31, Status.SNAKE, 0.01
6679, 12, 75, Status.SNAKE, 0.01
6680, 10, 71, Status.SNAKE, 0.01
6681, 9, 59, Status.SNAKE, 0.01
6682, 12, 77, Status.SNAKE, 0.01
6683, 14, 79, Status.SNAKE, 0.01
6684, 9, 69, Status.SNAKE, 0.01
6685, 5, 27, Status.SNAKE, 0.01
6686, 10, 62, Status.SNAKE, 0.01
6687, 10, 95, Status.WALL, 0.01
6688, 1, 6, Status.SNAKE, 0.01
6689, 1, 8, Status.WALL, 0.01
6690, 5, 24, Status.SNAKE, 0.01
6691, 6, 39, Status.SNAKE, 0.01
6692, 9, 60, Status.WALL, 0.01
6693, 9, 64, Status.WALL, 0.01
6694, 8, 49, Status.SNAKE, 0.01
6695, 1, 3, Status.SNAKE, 0.01
6696, 16, 93, Status.SNAKE, 0.01
6697, 9, 83, Status.WALL, 0.01
6698, 9, 71, Status.SNAKE, 0.01
6699, 2, 12, Status.SNAKE, 0.01
6700, 7, 42, Status.WALL, 0.01
6701, 17, 140, Status.SNAKE, 0.01
6702, 16, 109, Status.WALL, 0.01
6703, 8, 68, Status.SNAKE, 0.01
6704, 1, 6, Status.SNAKE, 0.01
6705, 17, 116, Status.SNAKE, 0.01
6706, 8, 44, Status.WALL, 0.01
6707, 5, 56, Status.WALL, 0.01
6708, 14, 107, Status.SNAKE, 0.01
6709, 9, 62, Status.WALL, 0.01
6710, 3, 16, Status.SNAKE, 0.01
6711, 7, 63, Status.SNAKE, 0.01
6712, 4, 30, Status.SNAKE, 0.01
6713, 1, 23, Status.WALL, 0.01
6714, 15, 110, Status.SNAKE, 0.01
6715, 17, 133, Status.SNAKE, 0.01
6716, 14, 111, Status.SNAKE, 0.01
6717, 7, 47, Status.SNAKE, 0.01
6718, 10, 63, Status.SNAKE, 0.01
6719, 10, 56, Status.SNAKE, 0.01
6720, 11, 79, Status.SNAKE, 0.01
6721, 18, 123, Status.SNAKE, 0.01
6722, 9, 45, Status.SNAKE, 0.01
6723, 13, 98, Status.WALL, 0.01
6724, 9, 85, Status.SNAKE, 0.01
6725, 8, 46, Status.SNAKE, 0.01
6726, 11, 69, Status.SNAKE, 0.01
6727, 13, 97, Status.SNAKE, 0.01
6728, 8, 57, Status.SNAKE, 0.01
6729, 5, 29, Status.SNAKE, 0.01
6730, 16, 91, Status.WALL, 0.01
6731, 9, 47, Status.SNAKE, 0.01
6732, 10, 60, Status.SNAKE, 0.01
6733, 8, 36, Status.SNAKE, 0.01
6734, 4, 26, Status.SNAKE, 0.01
6735, 7, 54, Status.SNAKE, 0.01
6736, 8, 55, Status.SNAKE, 0.01
6737, 10, 64, Status.SNAKE, 0.01
6738, 10, 82, Status.SNAKE, 0.01
6739, 11, 68, Status.SNAKE, 0.01
6740, 5, 36, Status.SNAKE, 0.01
6741, 5, 19, Status.SNAKE, 0.01
6742, 6, 35, Status.SNAKE, 0.01
6743, 15, 98, Status.SNAKE, 0.01
6744, 5, 39, Status.WALL, 0.01
6745, 26, 152, Status.SNAKE, 0.01
6746, 7, 48, Status.SNAKE, 0.01
6747, 1, 6, Status.SNAKE, 0.01
6748, 10, 72, Status.SNAKE, 0.01
6749, 12, 85, Status.SNAKE, 0.01
6750, 23, 191, Status.SNAKE, 0.01
6751, 7, 61, Status.SNAKE, 0.01
6752, 6, 42, Status.WALL, 0.01
6753, 2, 28, Status.WALL, 0.01
6754, 10, 63, Status.SNAKE, 0.01
6755, 1, 7, Status.SNAKE, 0.01
6756, 5, 21, Status.SNAKE, 0.01
6757, 11, 89, Status.SNAKE, 0.01
6758, 10, 72, Status.SNAKE, 0.01
6759, 4, 25, Status.SNAKE, 0.01
6760, 6, 44, Status.SNAKE, 0.01
6761, 8, 60, Status.WALL, 0.01
6762, 8, 55, Status.WALL, 0.01
6763, 10, 75, Status.SNAKE, 0.01
6764, 3, 16, Status.SNAKE, 0.01
6765, 9, 62, Status.SNAKE, 0.01
6766, 4, 24, Status.SNAKE, 0.01
6767, 5, 32, Status.SNAKE, 0.01
6768, 7, 49, Status.SNAKE, 0.01
6769, 17, 113, Status.SNAKE, 0.01
6770, 19, 145, Status.SNAKE, 0.01
6771, 6, 47, Status.SNAKE, 0.01
6772, 4, 23, Status.SNAKE, 0.01
6773, 1, 11, Status.SNAKE, 0.01
6774, 5, 50, Status.SNAKE, 0.01
6775, 8, 44, Status.SNAKE, 0.01
6776, 12, 88, Status.SNAKE, 0.01
6777, 8, 67, Status.SNAKE, 0.01
6778, 10, 97, Status.SNAKE, 0.01
6779, 12, 80, Status.SNAKE, 0.01
6780, 8, 44, Status.SNAKE, 0.01
6781, 13, 92, Status.WALL, 0.01
6782, 4, 36, Status.SNAKE, 0.01
6783, 8, 51, Status.SNAKE, 0.01
6784, 14, 93, Status.SNAKE, 0.01
6785, 3, 15, Status.SNAKE, 0.01
6786, 1, 10, Status.WALL, 0.01
6787, 13, 89, Status.SNAKE, 0.01
6788, 16, 90, Status.SNAKE, 0.01
6789, 3, 17, Status.SNAKE, 0.01
6790, 13, 91, Status.SNAKE, 0.01
6791, 7, 51, Status.SNAKE, 0.01
6792, 16, 111, Status.SNAKE, 0.01
6793, 26, 135, Status.SNAKE, 0.01
6794, 12, 84, Status.SNAKE, 0.01
6795, 7, 53, Status.SNAKE, 0.01
6796, 10, 76, Status.SNAKE, 0.01
6797, 11, 64, Status.SNAKE, 0.01
6798, 5, 34, Status.SNAKE, 0.01
6799, 1, 8, Status.SNAKE, 0.01
6800, 8, 67, Status.SNAKE, 0.01
6801, 13, 71, Status.SNAKE, 0.01
6802, 22, 168, Status.SNAKE, 0.01
6803, 7, 57, Status.WALL, 0.01
6804, 4, 28, Status.WALL, 0.01
6805, 11, 80, Status.SNAKE, 0.01
6806, 10, 54, Status.SNAKE, 0.01
6807, 4, 28, Status.SNAKE, 0.01
6808, 5, 37, Status.SNAKE, 0.01
6809, 13, 98, Status.SNAKE, 0.01
6810, 3, 18, Status.WALL, 0.01
6811, 7, 41, Status.SNAKE, 0.01
6812, 2, 9, Status.SNAKE, 0.01
6813, 6, 22, Status.SNAKE, 0.01
6814, 10, 79, Status.SNAKE, 0.01
6815, 4, 30, Status.SNAKE, 0.01
6816, 4, 40, Status.SNAKE, 0.01
6817, 2, 20, Status.SNAKE, 0.01
6818, 13, 76, Status.SNAKE, 0.01
6819, 5, 40, Status.SNAKE, 0.01
6820, 10, 90, Status.SNAKE, 0.01
6821, 5, 39, Status.SNAKE, 0.01
6822, 18, 141, Status.SNAKE, 0.01
6823, 9, 68, Status.SNAKE, 0.01
6824, 1, 10, Status.WALL, 0.01
6825, 12, 81, Status.SNAKE, 0.01
6826, 16, 136, Status.SNAKE, 0.01
6827, 7, 49, Status.SNAKE, 0.01
6828, 5, 32, Status.SNAKE, 0.01
6829, 5, 38, Status.SNAKE, 0.01
6830, 7, 54, Status.WALL, 0.01
6831, 2, 14, Status.SNAKE, 0.01
6832, 13, 90, Status.SNAKE, 0.01
6833, 13, 99, Status.WALL, 0.01
6834, 6, 36, Status.SNAKE, 0.01
6835, 17, 99, Status.WALL, 0.01
6836, 6, 46, Status.WALL, 0.01
6837, 4, 13, Status.WALL, 0.01
6838, 6, 27, Status.SNAKE, 0.01
6839, 15, 127, Status.SNAKE, 0.01
6840, 12, 71, Status.SNAKE, 0.01
6841, 1, 3, Status.SNAKE, 0.01
6842, 9, 55, Status.SNAKE, 0.01
6843, 6, 57, Status.SNAKE, 0.01
6844, 3, 23, Status.SNAKE, 0.01
6845, 7, 38, Status.SNAKE, 0.01
6846, 11, 84, Status.SNAKE, 0.01
6847, 8, 47, Status.SNAKE, 0.01
6848, 6, 32, Status.SNAKE, 0.01
6849, 8, 46, Status.SNAKE, 0.01
6850, 22, 187, Status.WALL, 0.01
6851, 5, 38, Status.WALL, 0.01
6852, 3, 20, Status.SNAKE, 0.01
6853, 7, 55, Status.WALL, 0.01
6854, 6, 51, Status.SNAKE, 0.01
6855, 9, 66, Status.WALL, 0.01
6856, 6, 40, Status.SNAKE, 0.01
6857, 8, 64, Status.SNAKE, 0.01
6858, 14, 93, Status.SNAKE, 0.01
6859, 17, 110, Status.SNAKE, 0.01
6860, 10, 67, Status.SNAKE, 0.01
6861, 11, 82, Status.SNAKE, 0.01
6862, 11, 83, Status.SNAKE, 0.01
6863, 12, 91, Status.SNAKE, 0.01
6864, 17, 93, Status.WALL, 0.01
6865, 8, 37, Status.SNAKE, 0.01
6866, 1, 8, Status.SNAKE, 0.01
6867, 14, 110, Status.SNAKE, 0.01
6868, 12, 110, Status.SNAKE, 0.01
6869, 14, 98, Status.SNAKE, 0.01
6870, 1, 14, Status.WALL, 0.01
6871, 1, 7, Status.SNAKE, 0.01
6872, 1, 6, Status.SNAKE, 0.01
6873, 7, 38, Status.SNAKE, 0.01
6874, 5, 46, Status.SNAKE, 0.01
6875, 13, 72, Status.SNAKE, 0.01
6876, 9, 66, Status.SNAKE, 0.01
6877, 1, 6, Status.WALL, 0.01
6878, 6, 37, Status.SNAKE, 0.01
6879, 12, 85, Status.SNAKE, 0.01
6880, 3, 23, Status.SNAKE, 0.01
6881, 3, 16, Status.SNAKE, 0.01
6882, 4, 40, Status.WALL, 0.01
6883, 13, 92, Status.SNAKE, 0.01
6884, 10, 83, Status.SNAKE, 0.01
6885, 6, 32, Status.SNAKE, 0.01
6886, 9, 58, Status.SNAKE, 0.01
6887, 1, 3, Status.SNAKE, 0.01
6888, 7, 42, Status.SNAKE, 0.01
6889, 6, 35, Status.SNAKE, 0.01
6890, 12, 88, Status.WALL, 0.01
6891, 9, 63, Status.SNAKE, 0.01
6892, 18, 133, Status.SNAKE, 0.01
6893, 3, 24, Status.SNAKE, 0.01
6894, 7, 55, Status.WALL, 0.01
6895, 9, 81, Status.SNAKE, 0.01
6896, 5, 34, Status.SNAKE, 0.01
6897, 13, 87, Status.SNAKE, 0.01
6898, 18, 130, Status.SNAKE, 0.01
6899, 2, 17, Status.SNAKE, 0.01
6900, 13, 91, Status.SNAKE, 0.01
6901, 6, 42, Status.SNAKE, 0.01
6902, 7, 46, Status.SNAKE, 0.01
6903, 3, 12, Status.SNAKE, 0.01
6904, 7, 42, Status.SNAKE, 0.01
6905, 3, 20, Status.WALL, 0.01
6906, 14, 82, Status.SNAKE, 0.01
6907, 11, 91, Status.SNAKE, 0.01
6908, 8, 47, Status.SNAKE, 0.01
6909, 16, 159, Status.SNAKE, 0.01
6910, 7, 57, Status.SNAKE, 0.01
6911, 13, 88, Status.SNAKE, 0.01
6912, 10, 72, Status.SNAKE, 0.01
6913, 14, 89, Status.SNAKE, 0.01
6914, 3, 19, Status.SNAKE, 0.01
6915, 10, 51, Status.SNAKE, 0.01
6916, 13, 118, Status.SNAKE, 0.01
6917, 9, 68, Status.SNAKE, 0.01
6918, 5, 42, Status.SNAKE, 0.01
6919, 6, 45, Status.SNAKE, 0.01
6920, 6, 43, Status.SNAKE, 0.01
6921, 8, 42, Status.SNAKE, 0.01
6922, 4, 23, Status.WALL, 0.01
6923, 13, 112, Status.SNAKE, 0.01
6924, 8, 46, Status.SNAKE, 0.01
6925, 10, 70, Status.SNAKE, 0.01
6926, 3, 32, Status.SNAKE, 0.01
6927, 8, 49, Status.WALL, 0.01
6928, 2, 8, Status.SNAKE, 0.01
6929, 15, 133, Status.WALL, 0.01
6930, 1, 4, Status.SNAKE, 0.01
6931, 3, 12, Status.SNAKE, 0.01
6932, 10, 67, Status.SNAKE, 0.01
6933, 4, 28, Status.SNAKE, 0.01
6934, 5, 34, Status.SNAKE, 0.01
6935, 3, 17, Status.SNAKE, 0.01
6936, 11, 61, Status.WALL, 0.01
6937, 6, 34, Status.SNAKE, 0.01
6938, 11, 74, Status.SNAKE, 0.01
6939, 7, 40, Status.SNAKE, 0.01
6940, 1, 6, Status.SNAKE, 0.01
6941, 2, 11, Status.SNAKE, 0.01
6942, 3, 19, Status.WALL, 0.01
6943, 9, 55, Status.SNAKE, 0.01
6944, 12, 80, Status.SNAKE, 0.01
6945, 5, 34, Status.SNAKE, 0.01
6946, 9, 71, Status.SNAKE, 0.01
6947, 12, 92, Status.SNAKE, 0.01
6948, 14, 94, Status.SNAKE, 0.01
6949, 6, 27, Status.SNAKE, 0.01
6950, 1, 6, Status.SNAKE, 0.01
6951, 13, 99, Status.SNAKE, 0.01
6952, 8, 65, Status.SNAKE, 0.01
6953, 10, 67, Status.SNAKE, 0.01
6954, 8, 51, Status.SNAKE, 0.01
6955, 6, 49, Status.SNAKE, 0.01
6956, 10, 70, Status.SNAKE, 0.01
6957, 8, 51, Status.SNAKE, 0.01
6958, 10, 66, Status.SNAKE, 0.01
6959, 13, 74, Status.SNAKE, 0.01
6960, 6, 41, Status.SNAKE, 0.01
6961, 6, 55, Status.SNAKE, 0.01
6962, 3, 21, Status.WALL, 0.01
6963, 11, 100, Status.WALL, 0.01
6964, 5, 42, Status.WALL, 0.01
6965, 11, 73, Status.SNAKE, 0.01
6966, 17, 111, Status.SNAKE, 0.01
6967, 1, 7, Status.SNAKE, 0.01
6968, 12, 91, Status.SNAKE, 0.01
6969, 14, 95, Status.SNAKE, 0.01
6970, 8, 47, Status.WALL, 0.01
6971, 6, 37, Status.SNAKE, 0.01
6972, 8, 50, Status.SNAKE, 0.01
6973, 9, 69, Status.SNAKE, 0.01
6974, 12, 88, Status.SNAKE, 0.01
6975, 8, 54, Status.SNAKE, 0.01
6976, 6, 23, Status.SNAKE, 0.01
6977, 9, 51, Status.SNAKE, 0.01
6978, 8, 71, Status.SNAKE, 0.01
6979, 7, 39, Status.SNAKE, 0.01
6980, 12, 83, Status.SNAKE, 0.01
6981, 11, 81, Status.SNAKE, 0.01
6982, 10, 76, Status.SNAKE, 0.01
6983, 6, 43, Status.SNAKE, 0.01
6984, 7, 41, Status.SNAKE, 0.01
6985, 3, 19, Status.SNAKE, 0.01
6986, 14, 101, Status.WALL, 0.01
6987, 4, 18, Status.SNAKE, 0.01
6988, 0, 7, Status.WALL, 0.01
6989, 6, 29, Status.WALL, 0.01
6990, 10, 68, Status.SNAKE, 0.01
6991, 6, 51, Status.SNAKE, 0.01
6992, 2, 14, Status.SNAKE, 0.01
6993, 5, 31, Status.SNAKE, 0.01
6994, 10, 90, Status.SNAKE, 0.01
6995, 8, 71, Status.SNAKE, 0.01
6996, 11, 69, Status.SNAKE, 0.01
6997, 7, 40, Status.SNAKE, 0.01
6998, 8, 59, Status.SNAKE, 0.01
6999, 12, 77, Status.SNAKE, 0.01
7000, 8, 40, Status.SNAKE, 0.01
7001, 8, 73, Status.SNAKE, 0.01
7002, 8, 58, Status.SNAKE, 0.01
7003, 13, 83, Status.SNAKE, 0.01
7004, 11, 69, Status.SNAKE, 0.01
7005, 6, 49, Status.WALL, 0.01
7006, 10, 67, Status.SNAKE, 0.01
7007, 1, 5, Status.SNAKE, 0.01
7008, 9, 45, Status.SNAKE, 0.01
7009, 2, 19, Status.SNAKE, 0.01
7010, 6, 32, Status.SNAKE, 0.01
7011, 15, 113, Status.SNAKE, 0.01
7012, 2, 19, Status.SNAKE, 0.01
7013, 15, 128, Status.SNAKE, 0.01
7014, 7, 64, Status.SNAKE, 0.01
7015, 6, 36, Status.SNAKE, 0.01
7016, 5, 31, Status.SNAKE, 0.01
7017, 5, 40, Status.WALL, 0.01
7018, 7, 36, Status.SNAKE, 0.01
7019, 6, 48, Status.SNAKE, 0.01
7020, 4, 15, Status.SNAKE, 0.01
7021, 12, 100, Status.SNAKE, 0.01
7022, 9, 76, Status.SNAKE, 0.01
7023, 18, 127, Status.SNAKE, 0.01
7024, 7, 46, Status.SNAKE, 0.01
7025, 1, 3, Status.SNAKE, 0.01
7026, 15, 133, Status.SNAKE, 0.01
7027, 5, 23, Status.SNAKE, 0.01
7028, 10, 52, Status.SNAKE, 0.01
7029, 9, 89, Status.SNAKE, 0.01
7030, 7, 50, Status.SNAKE, 0.01
7031, 7, 44, Status.SNAKE, 0.01
7032, 4, 23, Status.SNAKE, 0.01
7033, 3, 16, Status.SNAKE, 0.01
7034, 7, 47, Status.WALL, 0.01
7035, 5, 30, Status.SNAKE, 0.01
7036, 6, 60, Status.SNAKE, 0.01
7037, 18, 108, Status.SNAKE, 0.01
7038, 16, 101, Status.SNAKE, 0.01
7039, 3, 10, Status.WALL, 0.01
7040, 5, 31, Status.SNAKE, 0.01
7041, 15, 124, Status.WALL, 0.01
7042, 15, 94, Status.SNAKE, 0.01
7043, 11, 74, Status.SNAKE, 0.01
7044, 10, 78, Status.SNAKE, 0.01
7045, 12, 63, Status.SNAKE, 0.01
7046, 3, 24, Status.SNAKE, 0.01
7047, 11, 73, Status.SNAKE, 0.01
7048, 10, 88, Status.SNAKE, 0.01
7049, 6, 61, Status.WALL, 0.01
7050, 9, 58, Status.SNAKE, 0.01
7051, 9, 65, Status.SNAKE, 0.01
7052, 7, 32, Status.SNAKE, 0.01
7053, 6, 47, Status.SNAKE, 0.01
7054, 7, 43, Status.SNAKE, 0.01
7055, 9, 50, Status.SNAKE, 0.01
7056, 3, 21, Status.SNAKE, 0.01
7057, 8, 73, Status.WALL, 0.01
7058, 8, 36, Status.SNAKE, 0.01
7059, 4, 30, Status.WALL, 0.01
7060, 13, 93, Status.SNAKE, 0.01
7061, 10, 70, Status.SNAKE, 0.01
7062, 4, 30, Status.SNAKE, 0.01
7063, 6, 65, Status.SNAKE, 0.01
7064, 15, 97, Status.SNAKE, 0.01
7065, 5, 24, Status.SNAKE, 0.01
7066, 6, 65, Status.SNAKE, 0.01
7067, 4, 23, Status.WALL, 0.01
7068, 13, 72, Status.SNAKE, 0.01
7069, 10, 57, Status.SNAKE, 0.01
7070, 14, 80, Status.SNAKE, 0.01
7071, 7, 45, Status.SNAKE, 0.01
7072, 10, 81, Status.SNAKE, 0.01
7073, 15, 111, Status.SNAKE, 0.01
7074, 4, 14, Status.SNAKE, 0.01
7075, 6, 28, Status.SNAKE, 0.01
7076, 11, 74, Status.SNAKE, 0.01
7077, 17, 138, Status.WALL, 0.01
7078, 8, 62, Status.SNAKE, 0.01
7079, 3, 17, Status.SNAKE, 0.01
7080, 8, 60, Status.SNAKE, 0.01
7081, 6, 43, Status.SNAKE, 0.01
7082, 5, 38, Status.SNAKE, 0.01
7083, 9, 75, Status.SNAKE, 0.01
7084, 17, 106, Status.SNAKE, 0.01
7085, 1, 3, Status.SNAKE, 0.01
7086, 6, 34, Status.SNAKE, 0.01
7087, 7, 52, Status.SNAKE, 0.01
7088, 11, 87, Status.SNAKE, 0.01
7089, 13, 102, Status.SNAKE, 0.01
7090, 12, 86, Status.SNAKE, 0.01
7091, 11, 81, Status.SNAKE, 0.01
7092, 14, 103, Status.SNAKE, 0.01
7093, 14, 96, Status.SNAKE, 0.01
7094, 14, 116, Status.SNAKE, 0.01
7095, 7, 50, Status.SNAKE, 0.01
7096, 11, 74, Status.SNAKE, 0.01
7097, 5, 32, Status.SNAKE, 0.01
7098, 12, 76, Status.SNAKE, 0.01
7099, 3, 8, Status.SNAKE, 0.01
7100, 11, 62, Status.WALL, 0.01
7101, 5, 36, Status.SNAKE, 0.01
7102, 14, 83, Status.SNAKE, 0.01
7103, 2, 17, Status.WALL, 0.01
7104, 1, 7, Status.WALL, 0.01
7105, 6, 46, Status.SNAKE, 0.01
7106, 11, 82, Status.SNAKE, 0.01
7107, 5, 38, Status.SNAKE, 0.01
7108, 7, 43, Status.SNAKE, 0.01
7109, 5, 32, Status.WALL, 0.01
7110, 15, 119, Status.WALL, 0.01
7111, 2, 15, Status.SNAKE, 0.01
7112, 2, 9, Status.SNAKE, 0.01
7113, 4, 11, Status.WALL, 0.01
7114, 10, 94, Status.WALL, 0.01
7115, 4, 36, Status.SNAKE, 0.01
7116, 11, 81, Status.SNAKE, 0.01
7117, 14, 83, Status.SNAKE, 0.01
7118, 7, 36, Status.SNAKE, 0.01
7119, 5, 30, Status.SNAKE, 0.01
7120, 18, 148, Status.WALL, 0.01
7121, 14, 89, Status.WALL, 0.01
7122, 12, 87, Status.SNAKE, 0.01
7123, 5, 35, Status.SNAKE, 0.01
7124, 5, 26, Status.SNAKE, 0.01
7125, 13, 83, Status.SNAKE, 0.01
7126, 2, 29, Status.SNAKE, 0.01
7127, 11, 60, Status.SNAKE, 0.01
7128, 7, 45, Status.SNAKE, 0.01
7129, 7, 61, Status.WALL, 0.01
7130, 8, 66, Status.SNAKE, 0.01
7131, 13, 100, Status.SNAKE, 0.01
7132, 15, 101, Status.SNAKE, 0.01
7133, 7, 57, Status.SNAKE, 0.01
7134, 14, 91, Status.SNAKE, 0.01
7135, 6, 54, Status.WALL, 0.01
7136, 6, 44, Status.SNAKE, 0.01
7137, 3, 16, Status.SNAKE, 0.01
7138, 10, 73, Status.WALL, 0.01
7139, 4, 30, Status.WALL, 0.01
7140, 9, 62, Status.WALL, 0.01
7141, 0, 4, Status.WALL, 0.01
7142, 12, 93, Status.WALL, 0.01
7143, 18, 130, Status.SNAKE, 0.01
7144, 15, 108, Status.SNAKE, 0.01
7145, 11, 103, Status.SNAKE, 0.01
7146, 5, 29, Status.SNAKE, 0.01
7147, 5, 21, Status.SNAKE, 0.01
7148, 19, 107, Status.WALL, 0.01
7149, 10, 79, Status.SNAKE, 0.01
7150, 9, 70, Status.SNAKE, 0.01
7151, 7, 53, Status.SNAKE, 0.01
7152, 6, 54, Status.SNAKE, 0.01
7153, 12, 96, Status.SNAKE, 0.01
7154, 11, 96, Status.SNAKE, 0.01
7155, 7, 51, Status.WALL, 0.01
7156, 10, 48, Status.WALL, 0.01
7157, 3, 13, Status.SNAKE, 0.01
7158, 11, 68, Status.SNAKE, 0.01
7159, 10, 78, Status.WALL, 0.01
7160, 7, 52, Status.WALL, 0.01
7161, 0, 13, Status.WALL, 0.01
7162, 5, 62, Status.SNAKE, 0.01
7163, 18, 122, Status.SNAKE, 0.01
7164, 8, 53, Status.WALL, 0.01
7165, 20, 145, Status.WALL, 0.01
7166, 11, 78, Status.SNAKE, 0.01
7167, 3, 15, Status.SNAKE, 0.01
7168, 8, 51, Status.SNAKE, 0.01
7169, 11, 71, Status.SNAKE, 0.01
7170, 6, 44, Status.SNAKE, 0.01
7171, 10, 77, Status.SNAKE, 0.01
7172, 6, 55, Status.SNAKE, 0.01
7173, 11, 64, Status.SNAKE, 0.01
7174, 6, 55, Status.SNAKE, 0.01
7175, 12, 64, Status.SNAKE, 0.01
7176, 10, 69, Status.SNAKE, 0.01
7177, 3, 21, Status.WALL, 0.01
7178, 4, 30, Status.WALL, 0.01
7179, 4, 33, Status.WALL, 0.01
7180, 15, 87, Status.SNAKE, 0.01
7181, 9, 84, Status.SNAKE, 0.01
7182, 10, 82, Status.SNAKE, 0.01
7183, 13, 98, Status.SNAKE, 0.01
7184, 1, 5, Status.SNAKE, 0.01
7185, 5, 34, Status.SNAKE, 0.01
7186, 20, 143, Status.WALL, 0.01
7187, 12, 92, Status.SNAKE, 0.01
7188, 18, 152, Status.SNAKE, 0.01
7189, 11, 84, Status.SNAKE, 0.01
7190, 11, 90, Status.SNAKE, 0.01
7191, 4, 22, Status.SNAKE, 0.01
7192, 12, 94, Status.WALL, 0.01
7193, 6, 38, Status.SNAKE, 0.01
7194, 1, 24, Status.WALL, 0.01
7195, 10, 71, Status.SNAKE, 0.01
7196, 6, 43, Status.SNAKE, 0.01
7197, 3, 32, Status.SNAKE, 0.01
7198, 3, 25, Status.SNAKE, 0.01
7199, 10, 66, Status.WALL, 0.01
7200, 12, 103, Status.SNAKE, 0.01
7201, 8, 58, Status.SNAKE, 0.01
7202, 3, 18, Status.WALL, 0.01
7203, 4, 20, Status.SNAKE, 0.01
7204, 7, 43, Status.SNAKE, 0.01
7205, 16, 123, Status.SNAKE, 0.01
7206, 5, 35, Status.SNAKE, 0.01
7207, 12, 63, Status.SNAKE, 0.01
7208, 6, 50, Status.WALL, 0.01
7209, 6, 30, Status.SNAKE, 0.01
7210, 7, 50, Status.SNAKE, 0.01
7211, 7, 42, Status.SNAKE, 0.01
7212, 10, 77, Status.WALL, 0.01
7213, 9, 76, Status.SNAKE, 0.01
7214, 13, 85, Status.WALL, 0.01
7215, 9, 68, Status.SNAKE, 0.01
7216, 14, 89, Status.SNAKE, 0.01
7217, 6, 60, Status.SNAKE, 0.01
7218, 16, 99, Status.SNAKE, 0.01
7219, 10, 62, Status.SNAKE, 0.01
7220, 9, 63, Status.WALL, 0.01
7221, 5, 42, Status.SNAKE, 0.01
7222, 1, 7, Status.WALL, 0.01
7223, 5, 40, Status.SNAKE, 0.01
7224, 9, 71, Status.SNAKE, 0.01
7225, 6, 43, Status.SNAKE, 0.01
7226, 13, 94, Status.SNAKE, 0.01
7227, 14, 84, Status.SNAKE, 0.01
7228, 5, 38, Status.SNAKE, 0.01
7229, 9, 54, Status.SNAKE, 0.01
7230, 2, 20, Status.SNAKE, 0.01
7231, 4, 27, Status.WALL, 0.01
7232, 5, 26, Status.SNAKE, 0.01
7233, 17, 130, Status.WALL, 0.01
7234, 7, 43, Status.SNAKE, 0.01
7235, 8, 52, Status.SNAKE, 0.01
7236, 7, 53, Status.SNAKE, 0.01
7237, 9, 38, Status.WALL, 0.01
7238, 12, 73, Status.SNAKE, 0.01
7239, 13, 117, Status.WALL, 0.01
7240, 15, 104, Status.SNAKE, 0.01
7241, 9, 58, Status.WALL, 0.01
7242, 7, 46, Status.WALL, 0.01
7243, 17, 100, Status.SNAKE, 0.01
7244, 6, 53, Status.SNAKE, 0.01
7245, 6, 39, Status.SNAKE, 0.01
7246, 10, 81, Status.SNAKE, 0.01
7247, 3, 20, Status.WALL, 0.01
7248, 14, 81, Status.SNAKE, 0.01
7249, 17, 123, Status.WALL, 0.01
7250, 5, 26, Status.SNAKE, 0.01
7251, 7, 48, Status.SNAKE, 0.01
7252, 17, 96, Status.SNAKE, 0.01
7253, 9, 84, Status.SNAKE, 0.01
7254, 13, 130, Status.WALL, 0.01
7255, 16, 112, Status.SNAKE, 0.01
7256, 2, 11, Status.SNAKE, 0.01
7257, 4, 21, Status.WALL, 0.01
7258, 14, 89, Status.SNAKE, 0.01
7259, 8, 73, Status.SNAKE, 0.01
7260, 7, 59, Status.WALL, 0.01
7261, 11, 88, Status.SNAKE, 0.01
7262, 8, 63, Status.WALL, 0.01
7263, 5, 36, Status.WALL, 0.01
7264, 15, 100, Status.SNAKE, 0.01
7265, 15, 111, Status.SNAKE, 0.01
7266, 4, 24, Status.SNAKE, 0.01
7267, 2, 19, Status.WALL, 0.01
7268, 10, 52, Status.SNAKE, 0.01
7269, 3, 23, Status.SNAKE, 0.01
7270, 1, 3, Status.SNAKE, 0.01
7271, 7, 39, Status.WALL, 0.01
7272, 15, 98, Status.SNAKE, 0.01
7273, 2, 8, Status.SNAKE, 0.01
7274, 10, 59, Status.SNAKE, 0.01
7275, 2, 16, Status.SNAKE, 0.01
7276, 4, 31, Status.WALL, 0.01
7277, 5, 35, Status.SNAKE, 0.01
7278, 7, 59, Status.SNAKE, 0.01
7279, 10, 80, Status.SNAKE, 0.01
7280, 7, 46, Status.SNAKE, 0.01
7281, 8, 45, Status.SNAKE, 0.01
7282, 4, 29, Status.SNAKE, 0.01
7283, 5, 43, Status.SNAKE, 0.01
7284, 12, 80, Status.SNAKE, 0.01
7285, 11, 70, Status.SNAKE, 0.01
7286, 3, 22, Status.SNAKE, 0.01
7287, 6, 33, Status.SNAKE, 0.01
7288, 2, 10, Status.SNAKE, 0.01
7289, 5, 38, Status.SNAKE, 0.01
7290, 15, 84, Status.WALL, 0.01
7291, 4, 24, Status.SNAKE, 0.01
7292, 4, 16, Status.SNAKE, 0.01
7293, 14, 92, Status.SNAKE, 0.01
7294, 5, 32, Status.SNAKE, 0.01
7295, 9, 45, Status.SNAKE, 0.01
7296, 17, 124, Status.SNAKE, 0.01
7297, 4, 28, Status.SNAKE, 0.01
7298, 12, 82, Status.SNAKE, 0.01
7299, 16, 112, Status.SNAKE, 0.01
7300, 6, 51, Status.SNAKE, 0.01
7301, 8, 48, Status.SNAKE, 0.01
7302, 9, 68, Status.SNAKE, 0.01
7303, 9, 65, Status.SNAKE, 0.01
7304, 5, 41, Status.SNAKE, 0.01
7305, 13, 94, Status.SNAKE, 0.01
7306, 10, 74, Status.WALL, 0.01
7307, 6, 30, Status.SNAKE, 0.01
7308, 12, 80, Status.SNAKE, 0.01
7309, 6, 45, Status.SNAKE, 0.01
7310, 5, 26, Status.SNAKE, 0.01
7311, 3, 16, Status.SNAKE, 0.01
7312, 9, 50, Status.SNAKE, 0.01
7313, 15, 134, Status.SNAKE, 0.01
7314, 7, 53, Status.WALL, 0.01
7315, 8, 60, Status.SNAKE, 0.01
7316, 7, 52, Status.SNAKE, 0.01
7317, 12, 82, Status.SNAKE, 0.01
7318, 3, 13, Status.SNAKE, 0.01
7319, 11, 62, Status.SNAKE, 0.01
7320, 14, 125, Status.SNAKE, 0.01
7321, 5, 34, Status.SNAKE, 0.01
7322, 11, 68, Status.SNAKE, 0.01
7323, 8, 66, Status.SNAKE, 0.01
7324, 7, 63, Status.SNAKE, 0.01
7325, 6, 40, Status.SNAKE, 0.01
7326, 9, 42, Status.WALL, 0.01
7327, 11, 80, Status.SNAKE, 0.01
7328, 4, 22, Status.SNAKE, 0.01
7329, 12, 88, Status.SNAKE, 0.01
7330, 7, 44, Status.WALL, 0.01
7331, 8, 68, Status.WALL, 0.01
7332, 5, 28, Status.WALL, 0.01
7333, 7, 41, Status.SNAKE, 0.01
7334, 8, 37, Status.SNAKE, 0.01
7335, 8, 61, Status.SNAKE, 0.01
7336, 10, 91, Status.SNAKE, 0.01
7337, 5, 24, Status.SNAKE, 0.01
7338, 10, 57, Status.SNAKE, 0.01
7339, 9, 66, Status.SNAKE, 0.01
7340, 7, 41, Status.WALL, 0.01
7341, 16, 115, Status.SNAKE, 0.01
7342, 3, 22, Status.WALL, 0.01
7343, 9, 63, Status.SNAKE, 0.01
7344, 2, 17, Status.SNAKE, 0.01
7345, 5, 28, Status.SNAKE, 0.01
7346, 14, 91, Status.SNAKE, 0.01
7347, 15, 86, Status.SNAKE, 0.01
7348, 9, 71, Status.SNAKE, 0.01
7349, 6, 33, Status.SNAKE, 0.01
7350, 8, 71, Status.WALL, 0.01
7351, 11, 43, Status.SNAKE, 0.01
7352, 7, 47, Status.SNAKE, 0.01
7353, 18, 127, Status.SNAKE, 0.01
7354, 5, 33, Status.SNAKE, 0.01
7355, 11, 78, Status.WALL, 0.01
7356, 7, 45, Status.SNAKE, 0.01
7357, 14, 90, Status.SNAKE, 0.01
7358, 5, 29, Status.SNAKE, 0.01
7359, 14, 98, Status.WALL, 0.01
7360, 19, 148, Status.WALL, 0.01
7361, 5, 20, Status.SNAKE, 0.01
7362, 6, 36, Status.SNAKE, 0.01
7363, 9, 49, Status.SNAKE, 0.01
7364, 13, 95, Status.SNAKE, 0.01
7365, 9, 59, Status.SNAKE, 0.01
7366, 14, 81, Status.SNAKE, 0.01
7367, 15, 99, Status.WALL, 0.01
7368, 2, 11, Status.WALL, 0.01
7369, 5, 44, Status.SNAKE, 0.01
7370, 3, 26, Status.SNAKE, 0.01
7371, 5, 46, Status.SNAKE, 0.01
7372, 2, 9, Status.WALL, 0.01
7373, 14, 84, Status.SNAKE, 0.01
7374, 1, 6, Status.SNAKE, 0.01
7375, 14, 105, Status.SNAKE, 0.01
7376, 7, 57, Status.SNAKE, 0.01
7377, 6, 30, Status.SNAKE, 0.01
7378, 4, 18, Status.SNAKE, 0.01
7379, 9, 60, Status.SNAKE, 0.01
7380, 12, 79, Status.SNAKE, 0.01
7381, 2, 7, Status.SNAKE, 0.01
7382, 12, 61, Status.SNAKE, 0.01
7383, 13, 68, Status.WALL, 0.01
7384, 5, 31, Status.SNAKE, 0.01
7385, 5, 24, Status.SNAKE, 0.01
7386, 11, 79, Status.SNAKE, 0.01
7387, 5, 35, Status.SNAKE, 0.01
7388, 16, 88, Status.SNAKE, 0.01
7389, 11, 62, Status.WALL, 0.01
7390, 3, 25, Status.WALL, 0.01
7391, 14, 103, Status.SNAKE, 0.01
7392, 5, 50, Status.SNAKE, 0.01
7393, 3, 15, Status.SNAKE, 0.01
7394, 9, 62, Status.SNAKE, 0.01
7395, 14, 114, Status.SNAKE, 0.01
7396, 6, 48, Status.SNAKE, 0.01
7397, 10, 76, Status.SNAKE, 0.01
7398, 11, 77, Status.WALL, 0.01
7399, 17, 121, Status.WALL, 0.01
7400, 11, 86, Status.WALL, 0.01
7401, 16, 136, Status.WALL, 0.01
7402, 6, 28, Status.SNAKE, 0.01
7403, 12, 84, Status.SNAKE, 0.01
7404, 9, 72, Status.SNAKE, 0.01
7405, 15, 109, Status.SNAKE, 0.01
7406, 3, 21, Status.SNAKE, 0.01
7407, 9, 75, Status.SNAKE, 0.01
7408, 12, 75, Status.SNAKE, 0.01
7409, 8, 57, Status.SNAKE, 0.01
7410, 8, 53, Status.WALL, 0.01
7411, 5, 36, Status.SNAKE, 0.01
7412, 14, 122, Status.SNAKE, 0.01
7413, 9, 77, Status.SNAKE, 0.01
7414, 7, 67, Status.SNAKE, 0.01
7415, 5, 36, Status.SNAKE, 0.01
7416, 2, 19, Status.SNAKE, 0.01
7417, 5, 33, Status.SNAKE, 0.01
7418, 2, 6, Status.SNAKE, 0.01
7419, 12, 84, Status.SNAKE, 0.01
7420, 10, 43, Status.SNAKE, 0.01
7421, 8, 56, Status.SNAKE, 0.01
7422, 2, 24, Status.WALL, 0.01
7423, 7, 62, Status.SNAKE, 0.01
7424, 10, 56, Status.WALL, 0.01
7425, 12, 82, Status.SNAKE, 0.01
7426, 2, 20, Status.WALL, 0.01
7427, 10, 65, Status.SNAKE, 0.01
7428, 5, 22, Status.WALL, 0.01
7429, 13, 91, Status.SNAKE, 0.01
7430, 20, 163, Status.SNAKE, 0.01
7431, 14, 103, Status.SNAKE, 0.01
7432, 11, 68, Status.SNAKE, 0.01
7433, 3, 29, Status.WALL, 0.01
7434, 3, 18, Status.WALL, 0.01
7435, 17, 101, Status.SNAKE, 0.01
7436, 10, 79, Status.SNAKE, 0.01
7437, 4, 35, Status.SNAKE, 0.01
7438, 12, 95, Status.WALL, 0.01
7439, 14, 104, Status.SNAKE, 0.01
7440, 6, 43, Status.WALL, 0.01
7441, 17, 107, Status.SNAKE, 0.01
7442, 7, 38, Status.SNAKE, 0.01
7443, 11, 52, Status.SNAKE, 0.01
7444, 13, 77, Status.SNAKE, 0.01
7445, 5, 44, Status.SNAKE, 0.01
7446, 7, 60, Status.SNAKE, 0.01
7447, 10, 65, Status.SNAKE, 0.01
7448, 7, 26, Status.SNAKE, 0.01
7449, 14, 90, Status.WALL, 0.01
7450, 12, 73, Status.WALL, 0.01
7451, 5, 49, Status.SNAKE, 0.01
7452, 10, 73, Status.SNAKE, 0.01
7453, 13, 75, Status.SNAKE, 0.01
7454, 15, 136, Status.SNAKE, 0.01
7455, 14, 90, Status.SNAKE, 0.01
7456, 10, 53, Status.WALL, 0.01
7457, 11, 81, Status.SNAKE, 0.01
7458, 10, 67, Status.SNAKE, 0.01
7459, 9, 57, Status.SNAKE, 0.01
7460, 20, 92, Status.SNAKE, 0.01
7461, 9, 47, Status.SNAKE, 0.01
7462, 13, 104, Status.SNAKE, 0.01
7463, 7, 43, Status.WALL, 0.01
7464, 13, 65, Status.SNAKE, 0.01
7465, 16, 82, Status.SNAKE, 0.01
7466, 6, 25, Status.SNAKE, 0.01
7467, 12, 98, Status.SNAKE, 0.01
7468, 3, 24, Status.SNAKE, 0.01
7469, 24, 157, Status.WALL, 0.01
7470, 10, 45, Status.SNAKE, 0.01
7471, 1, 8, Status.WALL, 0.01
7472, 14, 111, Status.SNAKE, 0.01
7473, 14, 88, Status.SNAKE, 0.01
7474, 7, 48, Status.SNAKE, 0.01
7475, 15, 101, Status.SNAKE, 0.01
7476, 2, 8, Status.SNAKE, 0.01
7477, 15, 119, Status.SNAKE, 0.01
7478, 15, 109, Status.SNAKE, 0.01
7479, 7, 40, Status.SNAKE, 0.01
7480, 4, 37, Status.WALL, 0.01
7481, 18, 118, Status.WALL, 0.01
7482, 13, 96, Status.SNAKE, 0.01
7483, 7, 37, Status.SNAKE, 0.01
7484, 6, 38, Status.SNAKE, 0.01
7485, 5, 43, Status.SNAKE, 0.01
7486, 9, 53, Status.SNAKE, 0.01
7487, 17, 129, Status.SNAKE, 0.01
7488, 15, 93, Status.SNAKE, 0.01
7489, 15, 130, Status.SNAKE, 0.01
7490, 9, 76, Status.SNAKE, 0.01
7491, 8, 36, Status.SNAKE, 0.01
7492, 4, 26, Status.SNAKE, 0.01
7493, 8, 60, Status.SNAKE, 0.01
7494, 8, 59, Status.SNAKE, 0.01
7495, 8, 57, Status.SNAKE, 0.01
7496, 10, 65, Status.SNAKE, 0.01
7497, 17, 112, Status.SNAKE, 0.01
7498, 7, 36, Status.WALL, 0.01
7499, 18, 118, Status.SNAKE, 0.01
7500, 8, 47, Status.WALL, 0.01
7501, 11, 74, Status.WALL, 0.01
7502, 12, 91, Status.SNAKE, 0.01
7503, 12, 101, Status.SNAKE, 0.01
7504, 10, 83, Status.WALL, 0.01
7505, 15, 119, Status.SNAKE, 0.01
7506, 4, 19, Status.SNAKE, 0.01
7507, 6, 45, Status.SNAKE, 0.01
7508, 9, 46, Status.SNAKE, 0.01
7509, 19, 133, Status.SNAKE, 0.01
7510, 7, 45, Status.SNAKE, 0.01
7511, 9, 69, Status.SNAKE, 0.01
7512, 1, 3, Status.SNAKE, 0.01
7513, 11, 83, Status.SNAKE, 0.01
7514, 20, 151, Status.SNAKE, 0.01
7515, 11, 67, Status.SNAKE, 0.01
7516, 5, 27, Status.SNAKE, 0.01
7517, 7, 37, Status.SNAKE, 0.01
7518, 13, 90, Status.SNAKE, 0.01
7519, 10, 74, Status.SNAKE, 0.01
7520, 3, 9, Status.WALL, 0.01
7521, 3, 24, Status.SNAKE, 0.01
7522, 12, 75, Status.WALL, 0.01
7523, 10, 65, Status.SNAKE, 0.01
7524, 4, 25, Status.SNAKE, 0.01
7525, 6, 37, Status.WALL, 0.01
7526, 1, 7, Status.SNAKE, 0.01
7527, 13, 86, Status.WALL, 0.01
7528, 5, 38, Status.SNAKE, 0.01
7529, 6, 34, Status.SNAKE, 0.01
7530, 9, 63, Status.WALL, 0.01
7531, 11, 54, Status.WALL, 0.01
7532, 6, 44, Status.WALL, 0.01
7533, 17, 135, Status.SNAKE, 0.01
7534, 3, 22, Status.SNAKE, 0.01
7535, 3, 10, Status.SNAKE, 0.01
7536, 8, 65, Status.SNAKE, 0.01
7537, 10, 63, Status.SNAKE, 0.01
7538, 10, 63, Status.WALL, 0.01
7539, 16, 111, Status.SNAKE, 0.01
7540, 6, 45, Status.SNAKE, 0.01
7541, 5, 35, Status.SNAKE, 0.01
7542, 11, 76, Status.SNAKE, 0.01
7543, 9, 47, Status.SNAKE, 0.01
7544, 10, 56, Status.SNAKE, 0.01
7545, 18, 120, Status.WALL, 0.01
7546, 11, 70, Status.SNAKE, 0.01
7547, 14, 109, Status.WALL, 0.01
7548, 10, 62, Status.SNAKE, 0.01
7549, 15, 106, Status.SNAKE, 0.01
7550, 12, 85, Status.SNAKE, 0.01
7551, 8, 53, Status.WALL, 0.01
7552, 11, 81, Status.SNAKE, 0.01
7553, 8, 54, Status.SNAKE, 0.01
7554, 10, 71, Status.SNAKE, 0.01
7555, 1, 9, Status.SNAKE, 0.01
7556, 8, 47, Status.SNAKE, 0.01
7557, 14, 102, Status.SNAKE, 0.01
7558, 6, 51, Status.SNAKE, 0.01
7559, 6, 39, Status.SNAKE, 0.01
7560, 6, 56, Status.WALL, 0.01
7561, 11, 64, Status.SNAKE, 0.01
7562, 3, 21, Status.SNAKE, 0.01
7563, 9, 62, Status.SNAKE, 0.01
7564, 6, 50, Status.WALL, 0.01
7565, 6, 42, Status.SNAKE, 0.01
7566, 5, 37, Status.SNAKE, 0.01
7567, 16, 121, Status.SNAKE, 0.01
7568, 6, 50, Status.SNAKE, 0.01
7569, 4, 29, Status.SNAKE, 0.01
7570, 5, 28, Status.SNAKE, 0.01
7571, 11, 68, Status.SNAKE, 0.01
7572, 10, 67, Status.SNAKE, 0.01
7573, 2, 21, Status.SNAKE, 0.01
7574, 16, 108, Status.SNAKE, 0.01
7575, 3, 18, Status.WALL, 0.01
7576, 12, 77, Status.SNAKE, 0.01
7577, 7, 35, Status.SNAKE, 0.01
7578, 3, 21, Status.SNAKE, 0.01
7579, 14, 91, Status.SNAKE, 0.01
7580, 7, 47, Status.SNAKE, 0.01
7581, 3, 13, Status.SNAKE, 0.01
7582, 5, 31, Status.WALL, 0.01
7583, 3, 18, Status.WALL, 0.01
7584, 7, 55, Status.SNAKE, 0.01
7585, 15, 107, Status.SNAKE, 0.01
7586, 11, 75, Status.WALL, 0.01
7587, 3, 18, Status.SNAKE, 0.01
7588, 7, 51, Status.SNAKE, 0.01
7589, 6, 38, Status.SNAKE, 0.01
7590, 14, 87, Status.SNAKE, 0.01
7591, 5, 28, Status.WALL, 0.01
7592, 15, 94, Status.SNAKE, 0.01
7593, 5, 41, Status.SNAKE, 0.01
7594, 7, 47, Status.SNAKE, 0.01
7595, 14, 94, Status.SNAKE, 0.01
7596, 1, 10, Status.WALL, 0.01
7597, 3, 13, Status.SNAKE, 0.01
7598, 18, 110, Status.SNAKE, 0.01
7599, 4, 36, Status.SNAKE, 0.01
7600, 10, 69, Status.WALL, 0.01
7601, 4, 23, Status.SNAKE, 0.01
7602, 12, 89, Status.SNAKE, 0.01
7603, 4, 23, Status.SNAKE, 0.01
7604, 1, 3, Status.SNAKE, 0.01
7605, 6, 31, Status.SNAKE, 0.01
7606, 10, 57, Status.SNAKE, 0.01
7607, 7, 57, Status.SNAKE, 0.01
7608, 6, 28, Status.SNAKE, 0.01
7609, 8, 33, Status.SNAKE, 0.01
7610, 10, 67, Status.SNAKE, 0.01
7611, 13, 97, Status.SNAKE, 0.01
7612, 5, 23, Status.SNAKE, 0.01
7613, 7, 58, Status.SNAKE, 0.01
7614, 21, 139, Status.SNAKE, 0.01
7615, 11, 94, Status.SNAKE, 0.01
7616, 17, 106, Status.WALL, 0.01
7617, 11, 80, Status.SNAKE, 0.01
7618, 2, 14, Status.SNAKE, 0.01
7619, 7, 54, Status.SNAKE, 0.01
7620, 16, 110, Status.SNAKE, 0.01
7621, 13, 120, Status.SNAKE, 0.01
7622, 9, 68, Status.SNAKE, 0.01
7623, 7, 56, Status.WALL, 0.01
7624, 11, 82, Status.SNAKE, 0.01
7625, 5, 27, Status.SNAKE, 0.01
7626, 6, 28, Status.SNAKE, 0.01
7627, 5, 41, Status.SNAKE, 0.01
7628, 6, 37, Status.SNAKE, 0.01
7629, 8, 50, Status.SNAKE, 0.01
7630, 1, 3, Status.SNAKE, 0.01
7631, 1, 8, Status.SNAKE, 0.01
7632, 10, 83, Status.SNAKE, 0.01
7633, 14, 107, Status.SNAKE, 0.01
7634, 11, 78, Status.SNAKE, 0.01
7635, 8, 39, Status.SNAKE, 0.01
7636, 12, 81, Status.SNAKE, 0.01
7637, 5, 36, Status.SNAKE, 0.01
7638, 7, 53, Status.SNAKE, 0.01
7639, 5, 52, Status.WALL, 0.01
7640, 5, 28, Status.WALL, 0.01
7641, 10, 56, Status.SNAKE, 0.01
7642, 4, 23, Status.SNAKE, 0.01
7643, 9, 72, Status.SNAKE, 0.01
7644, 8, 51, Status.SNAKE, 0.01
7645, 6, 44, Status.WALL, 0.01
7646, 1, 3, Status.SNAKE, 0.01
7647, 8, 56, Status.SNAKE, 0.01
7648, 7, 48, Status.SNAKE, 0.01
7649, 8, 67, Status.SNAKE, 0.01
7650, 5, 24, Status.SNAKE, 0.01
7651, 13, 93, Status.SNAKE, 0.01
7652, 3, 11, Status.SNAKE, 0.01
7653, 6, 27, Status.SNAKE, 0.01
7654, 5, 28, Status.SNAKE, 0.01
7655, 13, 72, Status.WALL, 0.01
7656, 11, 68, Status.SNAKE, 0.01
7657, 9, 56, Status.SNAKE, 0.01
7658, 14, 84, Status.SNAKE, 0.01
7659, 6, 45, Status.SNAKE, 0.01
7660, 11, 60, Status.SNAKE, 0.01
7661, 3, 21, Status.WALL, 0.01
7662, 15, 80, Status.SNAKE, 0.01
7663, 7, 57, Status.WALL, 0.01
7664, 10, 61, Status.WALL, 0.01
7665, 7, 54, Status.SNAKE, 0.01
7666, 1, 10, Status.WALL, 0.01
7667, 4, 25, Status.SNAKE, 0.01
7668, 4, 28, Status.SNAKE, 0.01
7669, 1, 6, Status.SNAKE, 0.01
7670, 13, 88, Status.SNAKE, 0.01
7671, 2, 9, Status.WALL, 0.01
7672, 9, 71, Status.SNAKE, 0.01
7673, 6, 44, Status.SNAKE, 0.01
7674, 9, 61, Status.SNAKE, 0.01
7675, 5, 40, Status.SNAKE, 0.01
7676, 11, 79, Status.SNAKE, 0.01
7677, 13, 90, Status.SNAKE, 0.01
7678, 9, 64, Status.SNAKE, 0.01
7679, 8, 51, Status.WALL, 0.01
7680, 16, 93, Status.SNAKE, 0.01
7681, 6, 47, Status.SNAKE, 0.01
7682, 1, 10, Status.WALL, 0.01
7683, 7, 43, Status.SNAKE, 0.01
7684, 6, 32, Status.SNAKE, 0.01
7685, 1, 7, Status.SNAKE, 0.01
7686, 10, 66, Status.SNAKE, 0.01
7687, 16, 93, Status.SNAKE, 0.01
7688, 4, 19, Status.SNAKE, 0.01
7689, 17, 121, Status.SNAKE, 0.01
7690, 10, 82, Status.WALL, 0.01
7691, 3, 20, Status.SNAKE, 0.01
7692, 8, 47, Status.SNAKE, 0.01
7693, 7, 42, Status.SNAKE, 0.01
7694, 8, 59, Status.SNAKE, 0.01
7695, 13, 92, Status.WALL, 0.01
7696, 1, 5, Status.WALL, 0.01
7697, 11, 56, Status.WALL, 0.01
7698, 10, 67, Status.SNAKE, 0.01
7699, 10, 70, Status.SNAKE, 0.01
7700, 14, 89, Status.SNAKE, 0.01
7701, 11, 85, Status.SNAKE, 0.01
7702, 15, 102, Status.SNAKE, 0.01
7703, 8, 51, Status.SNAKE, 0.01
7704, 9, 55, Status.SNAKE, 0.01
7705, 12, 70, Status.WALL, 0.01
7706, 9, 55, Status.WALL, 0.01
7707, 7, 38, Status.SNAKE, 0.01
7708, 5, 31, Status.SNAKE, 0.01
7709, 5, 52, Status.SNAKE, 0.01
7710, 12, 82, Status.SNAKE, 0.01
7711, 14, 96, Status.SNAKE, 0.01
7712, 6, 37, Status.SNAKE, 0.01
7713, 8, 58, Status.SNAKE, 0.01
7714, 10, 56, Status.SNAKE, 0.01
7715, 6, 52, Status.SNAKE, 0.01
7716, 8, 51, Status.WALL, 0.01
7717, 5, 26, Status.WALL, 0.01
7718, 2, 8, Status.SNAKE, 0.01
7719, 20, 128, Status.WALL, 0.01
7720, 7, 46, Status.SNAKE, 0.01
7721, 4, 27, Status.SNAKE, 0.01
7722, 3, 20, Status.SNAKE, 0.01
7723, 8, 40, Status.SNAKE, 0.01
7724, 8, 55, Status.WALL, 0.01
7725, 7, 45, Status.SNAKE, 0.01
7726, 7, 45, Status.SNAKE, 0.01
7727, 2, 9, Status.WALL, 0.01
7728, 1, 5, Status.SNAKE, 0.01
7729, 5, 40, Status.SNAKE, 0.01
7730, 3, 18, Status.SNAKE, 0.01
7731, 12, 85, Status.WALL, 0.01
7732, 2, 6, Status.SNAKE, 0.01
7733, 9, 62, Status.SNAKE, 0.01
7734, 14, 88, Status.WALL, 0.01
7735, 11, 63, Status.WALL, 0.01
7736, 14, 117, Status.SNAKE, 0.01
7737, 7, 56, Status.SNAKE, 0.01
7738, 8, 51, Status.SNAKE, 0.01
7739, 3, 22, Status.WALL, 0.01
7740, 9, 62, Status.SNAKE, 0.01
7741, 7, 56, Status.SNAKE, 0.01
7742, 7, 54, Status.SNAKE, 0.01
7743, 7, 34, Status.WALL, 0.01
7744, 6, 52, Status.SNAKE, 0.01
7745, 11, 65, Status.SNAKE, 0.01
7746, 3, 24, Status.WALL, 0.01
7747, 5, 43, Status.SNAKE, 0.01
7748, 9, 50, Status.WALL, 0.01
7749, 11, 88, Status.SNAKE, 0.01
7750, 9, 73, Status.WALL, 0.01
7751, 12, 96, Status.SNAKE, 0.01
7752, 7, 53, Status.SNAKE, 0.01
7753, 5, 49, Status.SNAKE, 0.01
7754, 12, 88, Status.SNAKE, 0.01
7755, 17, 122, Status.SNAKE, 0.01
7756, 6, 48, Status.SNAKE, 0.01
7757, 10, 54, Status.SNAKE, 0.01
7758, 1, 11, Status.WALL, 0.01
7759, 7, 42, Status.SNAKE, 0.01
7760, 14, 102, Status.SNAKE, 0.01
7761, 13, 79, Status.SNAKE, 0.01
7762, 21, 132, Status.SNAKE, 0.01
7763, 10, 56, Status.SNAKE, 0.01
7764, 10, 53, Status.SNAKE, 0.01
7765, 4, 28, Status.SNAKE, 0.01
7766, 14, 102, Status.SNAKE, 0.01
7767, 2, 17, Status.SNAKE, 0.01
7768, 5, 47, Status.SNAKE, 0.01
7769, 4, 28, Status.SNAKE, 0.01
7770, 4, 25, Status.SNAKE, 0.01
7771, 7, 43, Status.SNAKE, 0.01
7772, 10, 71, Status.SNAKE, 0.01
7773, 8, 58, Status.SNAKE, 0.01
7774, 10, 89, Status.SNAKE, 0.01
7775, 6, 25, Status.SNAKE, 0.01
7776, 15, 83, Status.SNAKE, 0.01
7777, 8, 64, Status.SNAKE, 0.01
7778, 7, 60, Status.WALL, 0.01
7779, 5, 34, Status.SNAKE, 0.01
7780, 9, 71, Status.SNAKE, 0.01
7781, 2, 26, Status.WALL, 0.01
7782, 2, 25, Status.WALL, 0.01
7783, 7, 48, Status.WALL, 0.01
7784, 15, 109, Status.SNAKE, 0.01
7785, 11, 75, Status.SNAKE, 0.01
7786, 17, 136, Status.SNAKE, 0.01
7787, 6, 47, Status.SNAKE, 0.01
7788, 6, 26, Status.SNAKE, 0.01
7789, 5, 34, Status.SNAKE, 0.01
7790, 14, 97, Status.WALL, 0.01
7791, 7, 55, Status.SNAKE, 0.01
7792, 9, 62, Status.SNAKE, 0.01
7793, 5, 37, Status.SNAKE, 0.01
7794, 19, 115, Status.SNAKE, 0.01
7795, 5, 34, Status.SNAKE, 0.01
7796, 12, 90, Status.SNAKE, 0.01
7797, 7, 38, Status.WALL, 0.01
7798, 16, 111, Status.SNAKE, 0.01
7799, 14, 115, Status.SNAKE, 0.01
7800, 14, 111, Status.SNAKE, 0.01
7801, 10, 66, Status.WALL, 0.01
7802, 11, 66, Status.SNAKE, 0.01
7803, 2, 19, Status.SNAKE, 0.01
7804, 9, 66, Status.SNAKE, 0.01
7805, 13, 90, Status.SNAKE, 0.01
7806, 4, 18, Status.WALL, 0.01
7807, 6, 50, Status.SNAKE, 0.01
7808, 7, 37, Status.SNAKE, 0.01
7809, 21, 165, Status.WALL, 0.01
7810, 7, 36, Status.WALL, 0.01
7811, 2, 7, Status.WALL, 0.01
7812, 7, 47, Status.SNAKE, 0.01
7813, 4, 28, Status.SNAKE, 0.01
7814, 6, 44, Status.WALL, 0.01
7815, 13, 88, Status.SNAKE, 0.01
7816, 1, 7, Status.SNAKE, 0.01
7817, 7, 40, Status.SNAKE, 0.01
7818, 5, 30, Status.SNAKE, 0.01
7819, 2, 18, Status.WALL, 0.01
7820, 9, 60, Status.SNAKE, 0.01
7821, 5, 39, Status.SNAKE, 0.01
7822, 7, 48, Status.SNAKE, 0.01
7823, 2, 13, Status.SNAKE, 0.01
7824, 2, 10, Status.WALL, 0.01
7825, 14, 90, Status.WALL, 0.01
7826, 6, 46, Status.SNAKE, 0.01
7827, 8, 49, Status.WALL, 0.01
7828, 13, 125, Status.SNAKE, 0.01
7829, 8, 69, Status.SNAKE, 0.01
7830, 3, 30, Status.SNAKE, 0.01
7831, 6, 51, Status.SNAKE, 0.01
7832, 14, 65, Status.SNAKE, 0.01
7833, 15, 104, Status.SNAKE, 0.01
7834, 7, 63, Status.SNAKE, 0.01
7835, 2, 14, Status.SNAKE, 0.01
7836, 10, 76, Status.WALL, 0.01
7837, 8, 40, Status.SNAKE, 0.01
7838, 17, 102, Status.SNAKE, 0.01
7839, 12, 88, Status.SNAKE, 0.01
7840, 12, 84, Status.WALL, 0.01
7841, 9, 63, Status.WALL, 0.01
7842, 9, 65, Status.SNAKE, 0.01
7843, 15, 104, Status.SNAKE, 0.01
7844, 2, 7, Status.SNAKE, 0.01
7845, 12, 73, Status.SNAKE, 0.01
7846, 1, 9, Status.WALL, 0.01
7847, 6, 38, Status.WALL, 0.01
7848, 0, 7, Status.WALL, 0.01
7849, 1, 8, Status.WALL, 0.01
7850, 5, 33, Status.WALL, 0.01
7851, 4, 27, Status.WALL, 0.01
7852, 2, 8, Status.WALL, 0.01
7853, 4, 47, Status.WALL, 0.01
7854, 4, 34, Status.WALL, 0.01
7855, 7, 48, Status.SNAKE, 0.01
7856, 1, 10, Status.WALL, 0.01
7857, 1, 7, Status.SNAKE, 0.01
7858, 8, 56, Status.SNAKE, 0.01
7859, 5, 23, Status.SNAKE, 0.01
7860, 10, 68, Status.SNAKE, 0.01
7861, 10, 55, Status.SNAKE, 0.01
7862, 11, 72, Status.SNAKE, 0.01
7863, 17, 120, Status.SNAKE, 0.01
7864, 8, 50, Status.WALL, 0.01
7865, 9, 64, Status.SNAKE, 0.01
7866, 11, 59, Status.SNAKE, 0.01
7867, 17, 118, Status.SNAKE, 0.01
7868, 7, 51, Status.WALL, 0.01
7869, 17, 107, Status.SNAKE, 0.01
7870, 8, 64, Status.WALL, 0.01
7871, 4, 28, Status.SNAKE, 0.01
7872, 2, 15, Status.SNAKE, 0.01
7873, 16, 114, Status.SNAKE, 0.01
7874, 10, 86, Status.SNAKE, 0.01
7875, 14, 88, Status.SNAKE, 0.01
7876, 13, 91, Status.SNAKE, 0.01
7877, 12, 94, Status.SNAKE, 0.01
7878, 16, 93, Status.SNAKE, 0.01
7879, 5, 31, Status.SNAKE, 0.01
7880, 12, 106, Status.WALL, 0.01
7881, 15, 100, Status.SNAKE, 0.01
7882, 7, 41, Status.SNAKE, 0.01
7883, 15, 88, Status.WALL, 0.01
7884, 12, 60, Status.SNAKE, 0.01
7885, 13, 68, Status.SNAKE, 0.01
7886, 14, 69, Status.SNAKE, 0.01
7887, 9, 49, Status.SNAKE, 0.01
7888, 7, 43, Status.WALL, 0.01
7889, 16, 103, Status.SNAKE, 0.01
7890, 2, 14, Status.SNAKE, 0.01
7891, 7, 75, Status.SNAKE, 0.01
7892, 9, 64, Status.SNAKE, 0.01
7893, 9, 59, Status.SNAKE, 0.01
7894, 1, 3, Status.SNAKE, 0.01
7895, 2, 21, Status.SNAKE, 0.01
7896, 7, 57, Status.SNAKE, 0.01
7897, 4, 19, Status.SNAKE, 0.01
7898, 5, 31, Status.SNAKE, 0.01
7899, 5, 27, Status.SNAKE, 0.01
7900, 9, 44, Status.SNAKE, 0.01
7901, 10, 100, Status.SNAKE, 0.01
7902, 12, 74, Status.SNAKE, 0.01
7903, 12, 100, Status.SNAKE, 0.01
7904, 1, 17, Status.WALL, 0.01
7905, 1, 5, Status.SNAKE, 0.01
7906, 5, 43, Status.WALL, 0.01
7907, 16, 104, Status.SNAKE, 0.01
7908, 14, 92, Status.SNAKE, 0.01
7909, 4, 32, Status.SNAKE, 0.01
7910, 16, 97, Status.SNAKE, 0.01
7911, 9, 63, Status.SNAKE, 0.01
7912, 11, 95, Status.SNAKE, 0.01
7913, 10, 65, Status.WALL, 0.01
7914, 1, 13, Status.WALL, 0.01
7915, 12, 83, Status.SNAKE, 0.01
7916, 9, 89, Status.SNAKE, 0.01
7917, 5, 28, Status.SNAKE, 0.01
7918, 19, 104, Status.SNAKE, 0.01
7919, 8, 59, Status.SNAKE, 0.01
7920, 12, 87, Status.SNAKE, 0.01
7921, 10, 65, Status.SNAKE, 0.01
7922, 14, 118, Status.SNAKE, 0.01
7923, 5, 33, Status.SNAKE, 0.01
7924, 7, 57, Status.WALL, 0.01
7925, 10, 73, Status.SNAKE, 0.01
7926, 21, 138, Status.SNAKE, 0.01
7927, 6, 23, Status.SNAKE, 0.01
7928, 13, 79, Status.SNAKE, 0.01
7929, 12, 59, Status.SNAKE, 0.01
7930, 12, 78, Status.WALL, 0.01
7931, 15, 121, Status.WALL, 0.01
7932, 18, 123, Status.SNAKE, 0.01
7933, 22, 171, Status.SNAKE, 0.01
7934, 9, 45, Status.SNAKE, 0.01
7935, 2, 13, Status.SNAKE, 0.01
7936, 17, 116, Status.SNAKE, 0.01
7937, 5, 38, Status.SNAKE, 0.01
7938, 2, 20, Status.SNAKE, 0.01
7939, 3, 14, Status.SNAKE, 0.01
7940, 3, 15, Status.SNAKE, 0.01
7941, 16, 97, Status.SNAKE, 0.01
7942, 10, 67, Status.SNAKE, 0.01
7943, 12, 74, Status.WALL, 0.01
7944, 4, 18, Status.SNAKE, 0.01
7945, 14, 103, Status.SNAKE, 0.01
7946, 14, 85, Status.SNAKE, 0.01
7947, 9, 51, Status.SNAKE, 0.01
7948, 18, 97, Status.SNAKE, 0.01
7949, 8, 38, Status.WALL, 0.01
7950, 9, 82, Status.SNAKE, 0.01
7951, 4, 28, Status.SNAKE, 0.01
7952, 8, 49, Status.SNAKE, 0.01
7953, 18, 120, Status.WALL, 0.01
7954, 8, 61, Status.SNAKE, 0.01
7955, 15, 99, Status.SNAKE, 0.01
7956, 12, 93, Status.SNAKE, 0.01
7957, 9, 50, Status.SNAKE, 0.01
7958, 10, 77, Status.SNAKE, 0.01
7959, 8, 54, Status.WALL, 0.01
7960, 11, 83, Status.SNAKE, 0.01
7961, 5, 36, Status.WALL, 0.01
7962, 15, 104, Status.SNAKE, 0.01
7963, 5, 28, Status.SNAKE, 0.01
7964, 2, 9, Status.SNAKE, 0.01
7965, 7, 58, Status.SNAKE, 0.01
7966, 10, 57, Status.SNAKE, 0.01
7967, 6, 42, Status.SNAKE, 0.01
7968, 0, 6, Status.WALL, 0.01
7969, 5, 30, Status.SNAKE, 0.01
7970, 3, 19, Status.WALL, 0.01
7971, 8, 60, Status.SNAKE, 0.01
7972, 7, 41, Status.SNAKE, 0.01
7973, 10, 54, Status.WALL, 0.01
7974, 15, 109, Status.WALL, 0.01
7975, 12, 92, Status.SNAKE, 0.01
7976, 15, 96, Status.SNAKE, 0.01
7977, 7, 45, Status.SNAKE, 0.01
7978, 11, 62, Status.SNAKE, 0.01
7979, 9, 51, Status.SNAKE, 0.01
7980, 8, 43, Status.SNAKE, 0.01
7981, 15, 89, Status.SNAKE, 0.01
7982, 5, 52, Status.WALL, 0.01
7983, 6, 32, Status.WALL, 0.01
7984, 6, 47, Status.SNAKE, 0.01
7985, 9, 60, Status.SNAKE, 0.01
7986, 10, 59, Status.SNAKE, 0.01
7987, 9, 69, Status.SNAKE, 0.01
7988, 14, 112, Status.SNAKE, 0.01
7989, 5, 21, Status.SNAKE, 0.01
7990, 1, 7, Status.WALL, 0.01
7991, 10, 54, Status.SNAKE, 0.01
7992, 4, 26, Status.SNAKE, 0.01
7993, 4, 31, Status.WALL, 0.01
7994, 12, 66, Status.SNAKE, 0.01
7995, 3, 29, Status.WALL, 0.01
7996, 16, 107, Status.SNAKE, 0.01
7997, 5, 27, Status.SNAKE, 0.01
7998, 14, 79, Status.SNAKE, 0.01
7999, 10, 57, Status.WALL, 0.01
8000, 18, 113, Status.SNAKE, 0.01
8001, 12, 86, Status.SNAKE, 0.01
8002, 1, 3, Status.SNAKE, 0.01
8003, 12, 80, Status.SNAKE, 0.01
8004, 5, 21, Status.SNAKE, 0.01
8005, 10, 60, Status.SNAKE, 0.01
8006, 7, 43, Status.SNAKE, 0.01
8007, 14, 90, Status.SNAKE, 0.01
8008, 2, 26, Status.WALL, 0.01
8009, 17, 95, Status.SNAKE, 0.01
8010, 4, 37, Status.WALL, 0.01
8011, 9, 39, Status.SNAKE, 0.01
8012, 12, 76, Status.WALL, 0.01
8013, 5, 24, Status.SNAKE, 0.01
8014, 8, 47, Status.SNAKE, 0.01
8015, 8, 67, Status.SNAKE, 0.01
8016, 4, 31, Status.SNAKE, 0.01
8017, 6, 30, Status.SNAKE, 0.01
8018, 9, 48, Status.SNAKE, 0.01
8019, 7, 22, Status.SNAKE, 0.01
8020, 10, 64, Status.SNAKE, 0.01
8021, 1, 8, Status.WALL, 0.01
8022, 4, 16, Status.SNAKE, 0.01
8023, 12, 60, Status.SNAKE, 0.01
8024, 17, 103, Status.WALL, 0.01
8025, 7, 51, Status.SNAKE, 0.01
8026, 2, 7, Status.WALL, 0.01
8027, 19, 139, Status.SNAKE, 0.01
8028, 6, 39, Status.WALL, 0.01
8029, 7, 57, Status.SNAKE, 0.01
8030, 1, 3, Status.SNAKE, 0.01
8031, 16, 130, Status.SNAKE, 0.01
8032, 1, 5, Status.SNAKE, 0.01
8033, 10, 66, Status.WALL, 0.01
8034, 15, 110, Status.SNAKE, 0.01
8035, 16, 108, Status.SNAKE, 0.01
8036, 11, 68, Status.WALL, 0.01
8037, 1, 12, Status.WALL, 0.01
8038, 3, 24, Status.SNAKE, 0.01
8039, 9, 68, Status.SNAKE, 0.01
8040, 12, 72, Status.SNAKE, 0.01
8041, 11, 75, Status.SNAKE, 0.01
8042, 1, 5, Status.SNAKE, 0.01
8043, 11, 79, Status.SNAKE, 0.01
8044, 17, 105, Status.SNAKE, 0.01
8045, 5, 26, Status.WALL, 0.01
8046, 13, 72, Status.SNAKE, 0.01
8047, 1, 15, Status.WALL, 0.01
8048, 5, 33, Status.SNAKE, 0.01
8049, 2, 9, Status.SNAKE, 0.01
8050, 11, 69, Status.SNAKE, 0.01
8051, 4, 29, Status.SNAKE, 0.01
8052, 4, 27, Status.SNAKE, 0.01
8053, 1, 3, Status.SNAKE, 0.01
8054, 10, 66, Status.SNAKE, 0.01
8055, 12, 79, Status.SNAKE, 0.01
8056, 1, 8, Status.WALL, 0.01
8057, 3, 21, Status.SNAKE, 0.01
8058, 5, 30, Status.SNAKE, 0.01
8059, 2, 9, Status.SNAKE, 0.01
8060, 8, 45, Status.SNAKE, 0.01
8061, 3, 24, Status.SNAKE, 0.01
8062, 13, 92, Status.SNAKE, 0.01
8063, 2, 20, Status.SNAKE, 0.01
8064, 13, 79, Status.SNAKE, 0.01
8065, 7, 41, Status.SNAKE, 0.01
8066, 9, 57, Status.SNAKE, 0.01
8067, 10, 65, Status.WALL, 0.01
8068, 10, 58, Status.SNAKE, 0.01
8069, 10, 75, Status.SNAKE, 0.01
8070, 3, 17, Status.SNAKE, 0.01
8071, 4, 15, Status.SNAKE, 0.01
8072, 12, 81, Status.SNAKE, 0.01
8073, 7, 60, Status.SNAKE, 0.01
8074, 7, 47, Status.SNAKE, 0.01
8075, 5, 35, Status.SNAKE, 0.01
8076, 19, 135, Status.SNAKE, 0.01
8077, 9, 71, Status.SNAKE, 0.01
8078, 5, 39, Status.SNAKE, 0.01
8079, 6, 50, Status.SNAKE, 0.01
8080, 10, 57, Status.SNAKE, 0.01
8081, 8, 59, Status.SNAKE, 0.01
8082, 4, 21, Status.SNAKE, 0.01
8083, 12, 82, Status.SNAKE, 0.01
8084, 7, 40, Status.SNAKE, 0.01
8085, 3, 18, Status.SNAKE, 0.01
8086, 4, 22, Status.SNAKE, 0.01
8087, 9, 57, Status.SNAKE, 0.01
8088, 7, 45, Status.SNAKE, 0.01
8089, 3, 19, Status.SNAKE, 0.01
8090, 7, 50, Status.SNAKE, 0.01
8091, 2, 7, Status.SNAKE, 0.01
8092, 6, 33, Status.SNAKE, 0.01
8093, 12, 102, Status.WALL, 0.01
8094, 0, 6, Status.WALL, 0.01
8095, 9, 81, Status.SNAKE, 0.01
8096, 12, 79, Status.SNAKE, 0.01
8097, 9, 70, Status.SNAKE, 0.01
8098, 12, 81, Status.SNAKE, 0.01
8099, 12, 89, Status.SNAKE, 0.01
8100, 6, 50, Status.SNAKE, 0.01
8101, 5, 44, Status.SNAKE, 0.01
8102, 5, 33, Status.SNAKE, 0.01
8103, 3, 12, Status.WALL, 0.01
8104, 5, 32, Status.SNAKE, 0.01
8105, 12, 97, Status.SNAKE, 0.01
8106, 2, 21, Status.WALL, 0.01
8107, 1, 9, Status.WALL, 0.01
8108, 8, 79, Status.SNAKE, 0.01
8109, 12, 64, Status.SNAKE, 0.01
8110, 8, 48, Status.SNAKE, 0.01
8111, 4, 36, Status.SNAKE, 0.01
8112, 4, 33, Status.WALL, 0.01
8113, 3, 24, Status.WALL, 0.01
8114, 6, 34, Status.SNAKE, 0.01
8115, 3, 20, Status.SNAKE, 0.01
8116, 4, 34, Status.WALL, 0.01
8117, 15, 90, Status.SNAKE, 0.01
8118, 7, 50, Status.SNAKE, 0.01
8119, 17, 123, Status.SNAKE, 0.01
8120, 14, 99, Status.SNAKE, 0.01
8121, 8, 55, Status.SNAKE, 0.01
8122, 16, 135, Status.SNAKE, 0.01
8123, 14, 87, Status.SNAKE, 0.01
8124, 1, 8, Status.SNAKE, 0.01
8125, 1, 8, Status.WALL, 0.01
8126, 5, 26, Status.WALL, 0.01
8127, 11, 69, Status.SNAKE, 0.01
8128, 1, 10, Status.SNAKE, 0.01
8129, 2, 20, Status.WALL, 0.01
8130, 18, 97, Status.SNAKE, 0.01
8131, 7, 42, Status.SNAKE, 0.01
8132, 14, 106, Status.SNAKE, 0.01
8133, 5, 38, Status.SNAKE, 0.01
8134, 4, 37, Status.WALL, 0.01
8135, 7, 34, Status.SNAKE, 0.01
8136, 3, 13, Status.SNAKE, 0.01
8137, 19, 98, Status.SNAKE, 0.01
8138, 9, 59, Status.SNAKE, 0.01
8139, 7, 62, Status.SNAKE, 0.01
8140, 6, 48, Status.WALL, 0.01
8141, 5, 29, Status.WALL, 0.01
8142, 4, 42, Status.SNAKE, 0.01
8143, 10, 60, Status.SNAKE, 0.01
8144, 11, 57, Status.SNAKE, 0.01
8145, 9, 66, Status.SNAKE, 0.01
8146, 6, 39, Status.SNAKE, 0.01
8147, 1, 6, Status.SNAKE, 0.01
8148, 8, 68, Status.WALL, 0.01
8149, 5, 28, Status.WALL, 0.01
8150, 10, 78, Status.WALL, 0.01
8151, 10, 75, Status.SNAKE, 0.01
8152, 13, 100, Status.SNAKE, 0.01
8153, 1, 9, Status.WALL, 0.01
8154, 7, 52, Status.SNAKE, 0.01
8155, 10, 70, Status.SNAKE, 0.01
8156, 7, 52, Status.SNAKE, 0.01
8157, 13, 78, Status.WALL, 0.01
8158, 7, 43, Status.SNAKE, 0.01
8159, 3, 22, Status.SNAKE, 0.01
8160, 11, 66, Status.SNAKE, 0.01
8161, 6, 38, Status.WALL, 0.01
8162, 2, 24, Status.WALL, 0.01
8163, 12, 79, Status.SNAKE, 0.01
8164, 5, 38, Status.WALL, 0.01
8165, 5, 25, Status.SNAKE, 0.01
8166, 12, 89, Status.SNAKE, 0.01
8167, 7, 62, Status.SNAKE, 0.01
8168, 1, 3, Status.SNAKE, 0.01
8169, 6, 54, Status.SNAKE, 0.01
8170, 18, 150, Status.SNAKE, 0.01
8171, 1, 3, Status.SNAKE, 0.01
8172, 15, 83, Status.WALL, 0.01
8173, 13, 95, Status.SNAKE, 0.01
8174, 7, 40, Status.SNAKE, 0.01
8175, 15, 119, Status.SNAKE, 0.01
8176, 15, 98, Status.SNAKE, 0.01
8177, 12, 93, Status.SNAKE, 0.01
8178, 5, 32, Status.SNAKE, 0.01
8179, 3, 16, Status.SNAKE, 0.01
8180, 12, 103, Status.SNAKE, 0.01
8181, 5, 33, Status.SNAKE, 0.01
8182, 11, 66, Status.WALL, 0.01
8183, 9, 71, Status.SNAKE, 0.01
8184, 12, 97, Status.WALL, 0.01
8185, 8, 47, Status.WALL, 0.01
8186, 11, 105, Status.SNAKE, 0.01
8187, 14, 124, Status.WALL, 0.01
8188, 10, 73, Status.SNAKE, 0.01
8189, 20, 115, Status.SNAKE, 0.01
8190, 10, 63, Status.SNAKE, 0.01
8191, 9, 57, Status.SNAKE, 0.01
8192, 12, 70, Status.WALL, 0.01
8193, 12, 72, Status.SNAKE, 0.01
8194, 5, 26, Status.SNAKE, 0.01
8195, 3, 17, Status.SNAKE, 0.01
8196, 7, 73, Status.WALL, 0.01
8197, 4, 26, Status.SNAKE, 0.01
8198, 9, 62, Status.SNAKE, 0.01
8199, 10, 65, Status.SNAKE, 0.01
8200, 8, 67, Status.WALL, 0.01
8201, 8, 48, Status.SNAKE, 0.01
8202, 13, 70, Status.SNAKE, 0.01
8203, 3, 10, Status.WALL, 0.01
8204, 4, 22, Status.WALL, 0.01
8205, 12, 84, Status.SNAKE, 0.01
8206, 13, 73, Status.SNAKE, 0.01
8207, 14, 100, Status.SNAKE, 0.01
8208, 5, 34, Status.WALL, 0.01
8209, 4, 30, Status.SNAKE, 0.01
8210, 8, 48, Status.SNAKE, 0.01
8211, 1, 5, Status.SNAKE, 0.01
8212, 3, 10, Status.WALL, 0.01
8213, 11, 71, Status.SNAKE, 0.01
8214, 15, 62, Status.SNAKE, 0.01
8215, 5, 30, Status.SNAKE, 0.01
8216, 7, 54, Status.SNAKE, 0.01
8217, 10, 90, Status.WALL, 0.01
8218, 11, 82, Status.WALL, 0.01
8219, 7, 57, Status.SNAKE, 0.01
8220, 7, 61, Status.WALL, 0.01
8221, 6, 32, Status.WALL, 0.01
8222, 4, 38, Status.WALL, 0.01
8223, 4, 16, Status.WALL, 0.01
8224, 12, 70, Status.SNAKE, 0.01
8225, 9, 75, Status.SNAKE, 0.01
8226, 15, 99, Status.SNAKE, 0.01
8227, 8, 43, Status.SNAKE, 0.01
8228, 9, 52, Status.SNAKE, 0.01
8229, 18, 144, Status.SNAKE, 0.01
8230, 1, 5, Status.SNAKE, 0.01
8231, 12, 97, Status.SNAKE, 0.01
8232, 5, 22, Status.SNAKE, 0.01
8233, 3, 25, Status.WALL, 0.01
8234, 11, 70, Status.SNAKE, 0.01
8235, 10, 66, Status.SNAKE, 0.01
8236, 5, 21, Status.SNAKE, 0.01
8237, 3, 21, Status.SNAKE, 0.01
8238, 13, 65, Status.SNAKE, 0.01
8239, 8, 67, Status.SNAKE, 0.01
8240, 14, 66, Status.SNAKE, 0.01
8241, 14, 94, Status.WALL, 0.01
8242, 4, 28, Status.WALL, 0.01
8243, 7, 59, Status.SNAKE, 0.01
8244, 12, 87, Status.SNAKE, 0.01
8245, 5, 39, Status.SNAKE, 0.01
8246, 6, 46, Status.WALL, 0.01
8247, 14, 109, Status.WALL, 0.01
8248, 15, 111, Status.WALL, 0.01
8249, 14, 80, Status.SNAKE, 0.01
8250, 4, 25, Status.SNAKE, 0.01
8251, 9, 57, Status.SNAKE, 0.01
8252, 8, 55, Status.SNAKE, 0.01
8253, 15, 109, Status.SNAKE, 0.01
8254, 14, 109, Status.SNAKE, 0.01
8255, 6, 26, Status.SNAKE, 0.01
8256, 5, 30, Status.SNAKE, 0.01
8257, 8, 53, Status.SNAKE, 0.01
8258, 9, 61, Status.WALL, 0.01
8259, 1, 5, Status.SNAKE, 0.01
8260, 4, 36, Status.WALL, 0.01
8261, 3, 20, Status.SNAKE, 0.01
8262, 7, 53, Status.SNAKE, 0.01
8263, 14, 76, Status.SNAKE, 0.01
8264, 8, 53, Status.SNAKE, 0.01
8265, 16, 100, Status.WALL, 0.01
8266, 20, 158, Status.WALL, 0.01
8267, 7, 54, Status.SNAKE, 0.01
8268, 2, 17, Status.SNAKE, 0.01
8269, 17, 154, Status.SNAKE, 0.01
8270, 9, 62, Status.SNAKE, 0.01
8271, 8, 56, Status.SNAKE, 0.01
8272, 11, 89, Status.SNAKE, 0.01
8273, 10, 60, Status.SNAKE, 0.01
8274, 9, 67, Status.SNAKE, 0.01
8275, 11, 87, Status.WALL, 0.01
8276, 4, 32, Status.SNAKE, 0.01
8277, 7, 57, Status.SNAKE, 0.01
8278, 2, 13, Status.SNAKE, 0.01
8279, 15, 96, Status.SNAKE, 0.01
8280, 16, 87, Status.SNAKE, 0.01
8281, 9, 66, Status.SNAKE, 0.01
8282, 8, 29, Status.SNAKE, 0.01
8283, 3, 14, Status.SNAKE, 0.01
8284, 9, 75, Status.SNAKE, 0.01
8285, 6, 39, Status.SNAKE, 0.01
8286, 1, 5, Status.SNAKE, 0.01
8287, 6, 37, Status.SNAKE, 0.01
8288, 9, 61, Status.SNAKE, 0.01
8289, 9, 55, Status.SNAKE, 0.01
8290, 12, 86, Status.SNAKE, 0.01
8291, 8, 53, Status.SNAKE, 0.01
8292, 20, 150, Status.SNAKE, 0.01
8293, 11, 85, Status.SNAKE, 0.01
8294, 7, 43, Status.SNAKE, 0.01
8295, 8, 38, Status.SNAKE, 0.01
8296, 9, 46, Status.WALL, 0.01
8297, 6, 34, Status.WALL, 0.01
8298, 8, 46, Status.SNAKE, 0.01
8299, 7, 53, Status.SNAKE, 0.01
8300, 8, 56, Status.SNAKE, 0.01
8301, 14, 84, Status.SNAKE, 0.01
8302, 1, 5, Status.SNAKE, 0.01
8303, 12, 95, Status.SNAKE, 0.01
8304, 19, 149, Status.SNAKE, 0.01
8305, 10, 76, Status.SNAKE, 0.01
8306, 6, 57, Status.WALL, 0.01
8307, 7, 39, Status.SNAKE, 0.01
8308, 6, 38, Status.SNAKE, 0.01
8309, 10, 66, Status.SNAKE, 0.01
8310, 5, 35, Status.SNAKE, 0.01
8311, 2, 20, Status.WALL, 0.01
8312, 5, 25, Status.SNAKE, 0.01
8313, 11, 64, Status.SNAKE, 0.01
8314, 10, 69, Status.SNAKE, 0.01
8315, 18, 144, Status.SNAKE, 0.01
8316, 15, 82, Status.SNAKE, 0.01
8317, 5, 31, Status.SNAKE, 0.01
8318, 11, 87, Status.SNAKE, 0.01
8319, 14, 73, Status.SNAKE, 0.01
8320, 1, 5, Status.SNAKE, 0.01
8321, 11, 84, Status.SNAKE, 0.01
8322, 4, 31, Status.SNAKE, 0.01
8323, 9, 69, Status.SNAKE, 0.01
8324, 10, 75, Status.SNAKE, 0.01
8325, 14, 70, Status.SNAKE, 0.01
8326, 9, 51, Status.SNAKE, 0.01
8327, 13, 86, Status.WALL, 0.01
8328, 12, 84, Status.SNAKE, 0.01
8329, 6, 46, Status.SNAKE, 0.01
8330, 11, 62, Status.WALL, 0.01
8331, 8, 68, Status.SNAKE, 0.01
8332, 4, 37, Status.WALL, 0.01
8333, 8, 51, Status.SNAKE, 0.01
8334, 6, 57, Status.SNAKE, 0.01
8335, 9, 47, Status.SNAKE, 0.01
8336, 4, 29, Status.SNAKE, 0.01
8337, 3, 24, Status.SNAKE, 0.01
8338, 1, 3, Status.SNAKE, 0.01
8339, 7, 45, Status.WALL, 0.01
8340, 3, 30, Status.SNAKE, 0.01
8341, 16, 130, Status.SNAKE, 0.01
8342, 15, 94, Status.SNAKE, 0.01
8343, 7, 35, Status.SNAKE, 0.01
8344, 12, 92, Status.SNAKE, 0.01
8345, 9, 53, Status.WALL, 0.01
8346, 5, 27, Status.SNAKE, 0.01
8347, 14, 106, Status.SNAKE, 0.01
8348, 8, 59, Status.WALL, 0.01
8349, 4, 31, Status.SNAKE, 0.01
8350, 1, 10, Status.WALL, 0.01
8351, 9, 59, Status.SNAKE, 0.01
8352, 16, 117, Status.SNAKE, 0.01
8353, 11, 97, Status.SNAKE, 0.01
8354, 10, 77, Status.SNAKE, 0.01
8355, 13, 105, Status.SNAKE, 0.01
8356, 5, 28, Status.SNAKE, 0.01
8357, 3, 13, Status.SNAKE, 0.01
8358, 11, 87, Status.SNAKE, 0.01
8359, 3, 25, Status.SNAKE, 0.01
8360, 16, 126, Status.SNAKE, 0.01
8361, 7, 52, Status.SNAKE, 0.01
8362, 15, 119, Status.SNAKE, 0.01
8363, 6, 30, Status.SNAKE, 0.01
8364, 11, 81, Status.SNAKE, 0.01
8365, 1, 5, Status.SNAKE, 0.01
8366, 10, 77, Status.SNAKE, 0.01
8367, 17, 122, Status.SNAKE, 0.01
8368, 6, 41, Status.SNAKE, 0.01
8369, 13, 93, Status.SNAKE, 0.01
8370, 5, 34, Status.SNAKE, 0.01
8371, 18, 123, Status.SNAKE, 0.01
8372, 10, 54, Status.WALL, 0.01
8373, 7, 42, Status.SNAKE, 0.01
8374, 8, 69, Status.WALL, 0.01
8375, 3, 25, Status.SNAKE, 0.01
8376, 7, 50, Status.WALL, 0.01
8377, 9, 59, Status.SNAKE, 0.01
8378, 7, 34, Status.SNAKE, 0.01
8379, 9, 56, Status.WALL, 0.01
8380, 9, 61, Status.SNAKE, 0.01
8381, 9, 57, Status.SNAKE, 0.01
8382, 11, 83, Status.SNAKE, 0.01
8383, 9, 48, Status.SNAKE, 0.01
8384, 7, 41, Status.WALL, 0.01
8385, 11, 94, Status.SNAKE, 0.01
8386, 11, 71, Status.SNAKE, 0.01
8387, 13, 82, Status.SNAKE, 0.01
8388, 6, 39, Status.SNAKE, 0.01
8389, 8, 63, Status.SNAKE, 0.01
8390, 10, 68, Status.SNAKE, 0.01
8391, 5, 36, Status.WALL, 0.01
8392, 5, 34, Status.SNAKE, 0.01
8393, 11, 99, Status.WALL, 0.01
8394, 13, 88, Status.WALL, 0.01
8395, 10, 51, Status.SNAKE, 0.01
8396, 1, 3, Status.SNAKE, 0.01
8397, 2, 16, Status.SNAKE, 0.01
8398, 11, 71, Status.WALL, 0.01
8399, 13, 101, Status.SNAKE, 0.01
8400, 7, 53, Status.WALL, 0.01
8401, 11, 72, Status.WALL, 0.01
8402, 3, 29, Status.SNAKE, 0.01
8403, 2, 22, Status.WALL, 0.01
8404, 11, 84, Status.SNAKE, 0.01
8405, 3, 21, Status.SNAKE, 0.01
8406, 11, 81, Status.SNAKE, 0.01
8407, 7, 57, Status.SNAKE, 0.01
8408, 7, 36, Status.SNAKE, 0.01
8409, 4, 45, Status.SNAKE, 0.01
8410, 7, 60, Status.SNAKE, 0.01
8411, 9, 64, Status.WALL, 0.01
8412, 8, 37, Status.SNAKE, 0.01
8413, 5, 29, Status.SNAKE, 0.01
8414, 10, 61, Status.SNAKE, 0.01
8415, 5, 17, Status.WALL, 0.01
8416, 4, 24, Status.SNAKE, 0.01
8417, 2, 11, Status.WALL, 0.01
8418, 11, 87, Status.SNAKE, 0.01
8419, 13, 104, Status.SNAKE, 0.01
8420, 6, 41, Status.WALL, 0.01
8421, 5, 41, Status.SNAKE, 0.01
8422, 13, 81, Status.SNAKE, 0.01
8423, 4, 49, Status.WALL, 0.01
8424, 1, 5, Status.SNAKE, 0.01
8425, 9, 50, Status.SNAKE, 0.01
8426, 1, 3, Status.SNAKE, 0.01
8427, 5, 26, Status.WALL, 0.01
8428, 11, 72, Status.SNAKE, 0.01
8429, 1, 22, Status.WALL, 0.01
8430, 7, 47, Status.SNAKE, 0.01
8431, 13, 90, Status.SNAKE, 0.01
8432, 8, 52, Status.SNAKE, 0.01
8433, 6, 39, Status.SNAKE, 0.01
8434, 5, 38, Status.SNAKE, 0.01
8435, 4, 29, Status.WALL, 0.01
8436, 1, 3, Status.SNAKE, 0.01
8437, 9, 51, Status.SNAKE, 0.01
8438, 8, 59, Status.SNAKE, 0.01
8439, 12, 78, Status.SNAKE, 0.01
8440, 6, 39, Status.SNAKE, 0.01
8441, 15, 111, Status.SNAKE, 0.01
8442, 11, 72, Status.SNAKE, 0.01
8443, 8, 49, Status.SNAKE, 0.01
8444, 6, 42, Status.SNAKE, 0.01
8445, 6, 30, Status.SNAKE, 0.01
8446, 5, 23, Status.WALL, 0.01
8447, 5, 35, Status.SNAKE, 0.01
8448, 10, 82, Status.WALL, 0.01
8449, 10, 49, Status.SNAKE, 0.01
8450, 4, 36, Status.SNAKE, 0.01
8451, 21, 166, Status.SNAKE, 0.01
8452, 4, 31, Status.WALL, 0.01
8453, 18, 130, Status.SNAKE, 0.01
8454, 12, 82, Status.SNAKE, 0.01
8455, 7, 38, Status.WALL, 0.01
8456, 21, 137, Status.SNAKE, 0.01
8457, 3, 9, Status.SNAKE, 0.01
8458, 16, 106, Status.SNAKE, 0.01
8459, 15, 113, Status.SNAKE, 0.01
8460, 4, 27, Status.WALL, 0.01
8461, 7, 63, Status.SNAKE, 0.01
8462, 12, 84, Status.SNAKE, 0.01
8463, 7, 48, Status.SNAKE, 0.01
8464, 12, 97, Status.SNAKE, 0.01
8465, 9, 70, Status.WALL, 0.01
8466, 6, 49, Status.SNAKE, 0.01
8467, 5, 27, Status.SNAKE, 0.01
8468, 13, 84, Status.SNAKE, 0.01
8469, 2, 12, Status.SNAKE, 0.01
8470, 7, 27, Status.SNAKE, 0.01
8471, 3, 30, Status.WALL, 0.01
8472, 6, 45, Status.SNAKE, 0.01
8473, 1, 5, Status.SNAKE, 0.01
8474, 11, 71, Status.SNAKE, 0.01
8475, 3, 10, Status.WALL, 0.01
8476, 9, 57, Status.WALL, 0.01
8477, 4, 36, Status.WALL, 0.01
8478, 16, 98, Status.SNAKE, 0.01
8479, 9, 70, Status.WALL, 0.01
8480, 9, 44, Status.SNAKE, 0.01
8481, 5, 53, Status.SNAKE, 0.01
8482, 4, 31, Status.SNAKE, 0.01
8483, 11, 50, Status.SNAKE, 0.01
8484, 8, 43, Status.SNAKE, 0.01
8485, 10, 75, Status.SNAKE, 0.01
8486, 12, 71, Status.WALL, 0.01
8487, 15, 107, Status.SNAKE, 0.01
8488, 22, 148, Status.SNAKE, 0.01
8489, 15, 112, Status.SNAKE, 0.01
8490, 6, 24, Status.WALL, 0.01
8491, 8, 44, Status.SNAKE, 0.01
8492, 10, 77, Status.SNAKE, 0.01
8493, 9, 65, Status.WALL, 0.01
8494, 9, 78, Status.SNAKE, 0.01
8495, 8, 63, Status.SNAKE, 0.01
8496, 12, 79, Status.SNAKE, 0.01
8497, 6, 43, Status.SNAKE, 0.01
8498, 1, 13, Status.WALL, 0.01
8499, 7, 34, Status.SNAKE, 0.01
8500, 8, 38, Status.WALL, 0.01
8501, 4, 29, Status.SNAKE, 0.01
8502, 2, 10, Status.WALL, 0.01
8503, 8, 66, Status.SNAKE, 0.01
8504, 15, 103, Status.SNAKE, 0.01
8505, 7, 41, Status.SNAKE, 0.01
8506, 15, 91, Status.SNAKE, 0.01
8507, 17, 114, Status.SNAKE, 0.01
8508, 11, 68, Status.SNAKE, 0.01
8509, 9, 57, Status.SNAKE, 0.01
8510, 8, 54, Status.SNAKE, 0.01
8511, 13, 98, Status.SNAKE, 0.01
8512, 7, 48, Status.SNAKE, 0.01
8513, 6, 45, Status.SNAKE, 0.01
8514, 6, 45, Status.SNAKE, 0.01
8515, 12, 77, Status.SNAKE, 0.01
8516, 10, 59, Status.SNAKE, 0.01
8517, 7, 51, Status.SNAKE, 0.01
8518, 3, 22, Status.WALL, 0.01
8519, 2, 15, Status.SNAKE, 0.01
8520, 12, 65, Status.SNAKE, 0.01
8521, 5, 29, Status.SNAKE, 0.01
8522, 5, 53, Status.WALL, 0.01
8523, 11, 75, Status.SNAKE, 0.01
8524, 7, 45, Status.SNAKE, 0.01
8525, 13, 86, Status.SNAKE, 0.01
8526, 11, 86, Status.SNAKE, 0.01
8527, 5, 27, Status.SNAKE, 0.01
8528, 13, 94, Status.SNAKE, 0.01
8529, 11, 70, Status.SNAKE, 0.01
8530, 8, 54, Status.SNAKE, 0.01
8531, 13, 89, Status.SNAKE, 0.01
8532, 14, 101, Status.SNAKE, 0.01
8533, 6, 47, Status.SNAKE, 0.01
8534, 20, 146, Status.SNAKE, 0.01
8535, 5, 30, Status.SNAKE, 0.01
8536, 9, 76, Status.SNAKE, 0.01
8537, 8, 34, Status.WALL, 0.01
8538, 1, 5, Status.SNAKE, 0.01
8539, 18, 121, Status.SNAKE, 0.01
8540, 10, 84, Status.SNAKE, 0.01
8541, 5, 38, Status.SNAKE, 0.01
8542, 14, 101, Status.SNAKE, 0.01
8543, 10, 60, Status.SNAKE, 0.01
8544, 16, 113, Status.WALL, 0.01
8545, 3, 20, Status.SNAKE, 0.01
8546, 15, 95, Status.SNAKE, 0.01
8547, 10, 69, Status.WALL, 0.01
8548, 8, 67, Status.WALL, 0.01
8549, 16, 97, Status.WALL, 0.01
8550, 4, 24, Status.SNAKE, 0.01
8551, 8, 51, Status.SNAKE, 0.01
8552, 7, 51, Status.SNAKE, 0.01
8553, 4, 24, Status.SNAKE, 0.01
8554, 11, 78, Status.SNAKE, 0.01
8555, 5, 22, Status.WALL, 0.01
8556, 19, 150, Status.SNAKE, 0.01
8557, 2, 10, Status.WALL, 0.01
8558, 9, 54, Status.SNAKE, 0.01
8559, 10, 78, Status.SNAKE, 0.01
8560, 13, 97, Status.SNAKE, 0.01
8561, 13, 77, Status.SNAKE, 0.01
8562, 8, 64, Status.SNAKE, 0.01
8563, 15, 95, Status.SNAKE, 0.01
8564, 8, 47, Status.SNAKE, 0.01
8565, 3, 9, Status.SNAKE, 0.01
8566, 9, 39, Status.SNAKE, 0.01
8567, 7, 27, Status.SNAKE, 0.01
8568, 16, 116, Status.WALL, 0.01
8569, 20, 122, Status.SNAKE, 0.01
8570, 8, 44, Status.SNAKE, 0.01
8571, 9, 51, Status.SNAKE, 0.01
8572, 8, 62, Status.WALL, 0.01
8573, 1, 13, Status.WALL, 0.01
8574, 8, 38, Status.SNAKE, 0.01
8575, 11, 84, Status.SNAKE, 0.01
8576, 19, 105, Status.SNAKE, 0.01
8577, 13, 83, Status.SNAKE, 0.01
8578, 15, 114, Status.SNAKE, 0.01
8579, 5, 25, Status.SNAKE, 0.01
8580, 4, 21, Status.SNAKE, 0.01
8581, 16, 146, Status.SNAKE, 0.01
8582, 11, 70, Status.SNAKE, 0.01
8583, 10, 48, Status.SNAKE, 0.01
8584, 1, 14, Status.WALL, 0.01
8585, 12, 68, Status.SNAKE, 0.01
8586, 10, 66, Status.SNAKE, 0.01
8587, 6, 48, Status.WALL, 0.01
8588, 1, 5, Status.SNAKE, 0.01
8589, 10, 59, Status.SNAKE, 0.01
8590, 17, 112, Status.SNAKE, 0.01
8591, 3, 19, Status.SNAKE, 0.01
8592, 5, 30, Status.SNAKE, 0.01
8593, 2, 10, Status.WALL, 0.01
8594, 13, 95, Status.WALL, 0.01
8595, 5, 32, Status.SNAKE, 0.01
8596, 10, 74, Status.SNAKE, 0.01
8597, 16, 129, Status.SNAKE, 0.01
8598, 6, 46, Status.SNAKE, 0.01
8599, 9, 67, Status.SNAKE, 0.01
8600, 6, 48, Status.SNAKE, 0.01
8601, 19, 114, Status.SNAKE, 0.01
8602, 8, 43, Status.WALL, 0.01
8603, 12, 97, Status.SNAKE, 0.01
8604, 6, 37, Status.SNAKE, 0.01
8605, 8, 60, Status.SNAKE, 0.01
8606, 15, 87, Status.SNAKE, 0.01
8607, 12, 71, Status.SNAKE, 0.01
8608, 14, 108, Status.SNAKE, 0.01
8609, 3, 14, Status.SNAKE, 0.01
8610, 8, 75, Status.SNAKE, 0.01
8611, 13, 86, Status.WALL, 0.01
8612, 12, 109, Status.SNAKE, 0.01
8613, 4, 26, Status.SNAKE, 0.01
8614, 11, 87, Status.WALL, 0.01
8615, 10, 67, Status.SNAKE, 0.01
8616, 8, 66, Status.SNAKE, 0.01
8617, 4, 19, Status.SNAKE, 0.01
8618, 10, 65, Status.SNAKE, 0.01
8619, 8, 62, Status.SNAKE, 0.01
8620, 8, 63, Status.WALL, 0.01
8621, 8, 62, Status.SNAKE, 0.01
8622, 14, 78, Status.WALL, 0.01
8623, 2, 31, Status.WALL, 0.01
8624, 11, 88, Status.SNAKE, 0.01
8625, 5, 23, Status.SNAKE, 0.01
8626, 5, 28, Status.WALL, 0.01
8627, 7, 36, Status.SNAKE, 0.01
8628, 19, 126, Status.SNAKE, 0.01
8629, 5, 33, Status.SNAKE, 0.01
8630, 10, 52, Status.SNAKE, 0.01
8631, 5, 29, Status.SNAKE, 0.01
8632, 3, 28, Status.WALL, 0.01
8633, 18, 125, Status.SNAKE, 0.01
8634, 7, 56, Status.SNAKE, 0.01
8635, 6, 48, Status.WALL, 0.01
8636, 19, 138, Status.SNAKE, 0.01
8637, 5, 30, Status.SNAKE, 0.01
8638, 5, 26, Status.SNAKE, 0.01
8639, 10, 76, Status.SNAKE, 0.01
8640, 8, 60, Status.SNAKE, 0.01
8641, 11, 71, Status.WALL, 0.01
8642, 1, 5, Status.SNAKE, 0.01
8643, 5, 32, Status.SNAKE, 0.01
8644, 7, 69, Status.WALL, 0.01
8645, 15, 114, Status.SNAKE, 0.01
8646, 9, 51, Status.SNAKE, 0.01
8647, 14, 100, Status.SNAKE, 0.01
8648, 7, 44, Status.SNAKE, 0.01
8649, 11, 64, Status.SNAKE, 0.01
8650, 13, 69, Status.SNAKE, 0.01
8651, 6, 42, Status.SNAKE, 0.01
8652, 13, 74, Status.SNAKE, 0.01
8653, 13, 102, Status.SNAKE, 0.01
8654, 4, 26, Status.WALL, 0.01
8655, 5, 24, Status.WALL, 0.01
8656, 11, 89, Status.SNAKE, 0.01
8657, 12, 79, Status.SNAKE, 0.01
8658, 11, 75, Status.SNAKE, 0.01
8659, 8, 62, Status.WALL, 0.01
8660, 5, 45, Status.WALL, 0.01
8661, 8, 52, Status.SNAKE, 0.01
8662, 5, 47, Status.SNAKE, 0.01
8663, 5, 31, Status.SNAKE, 0.01
8664, 5, 32, Status.WALL, 0.01
8665, 6, 31, Status.SNAKE, 0.01
8666, 8, 52, Status.SNAKE, 0.01
8667, 2, 16, Status.WALL, 0.01
8668, 3, 15, Status.WALL, 0.01
8669, 10, 59, Status.SNAKE, 0.01
8670, 6, 33, Status.SNAKE, 0.01
8671, 1, 12, Status.WALL, 0.01
8672, 4, 39, Status.WALL, 0.01
8673, 10, 72, Status.SNAKE, 0.01
8674, 6, 50, Status.SNAKE, 0.01
8675, 6, 40, Status.WALL, 0.01
8676, 13, 93, Status.SNAKE, 0.01
8677, 6, 41, Status.SNAKE, 0.01
8678, 16, 122, Status.SNAKE, 0.01
8679, 11, 65, Status.WALL, 0.01
8680, 6, 40, Status.SNAKE, 0.01
8681, 6, 26, Status.WALL, 0.01
8682, 10, 73, Status.SNAKE, 0.01
8683, 5, 32, Status.SNAKE, 0.01
8684, 11, 100, Status.SNAKE, 0.01
8685, 11, 78, Status.SNAKE, 0.01
8686, 3, 34, Status.SNAKE, 0.01
8687, 4, 23, Status.SNAKE, 0.01
8688, 9, 58, Status.WALL, 0.01
8689, 2, 20, Status.SNAKE, 0.01
8690, 6, 56, Status.SNAKE, 0.01
8691, 5, 48, Status.SNAKE, 0.01
8692, 13, 78, Status.SNAKE, 0.01
8693, 7, 44, Status.WALL, 0.01
8694, 2, 16, Status.SNAKE, 0.01
8695, 4, 38, Status.SNAKE, 0.01
8696, 4, 17, Status.WALL, 0.01
8697, 4, 21, Status.SNAKE, 0.01
8698, 12, 99, Status.SNAKE, 0.01
8699, 4, 30, Status.WALL, 0.01
8700, 16, 120, Status.SNAKE, 0.01
8701, 10, 76, Status.SNAKE, 0.01
8702, 9, 77, Status.SNAKE, 0.01
8703, 5, 39, Status.SNAKE, 0.01
8704, 8, 37, Status.SNAKE, 0.01
8705, 5, 34, Status.SNAKE, 0.01
8706, 3, 20, Status.SNAKE, 0.01
8707, 12, 69, Status.SNAKE, 0.01
8708, 8, 60, Status.SNAKE, 0.01
8709, 5, 38, Status.SNAKE, 0.01
8710, 8, 49, Status.WALL, 0.01
8711, 10, 65, Status.SNAKE, 0.01
8712, 3, 31, Status.WALL, 0.01
8713, 7, 32, Status.SNAKE, 0.01
8714, 7, 56, Status.SNAKE, 0.01
8715, 12, 112, Status.SNAKE, 0.01
8716, 12, 91, Status.SNAKE, 0.01
8717, 4, 30, Status.SNAKE, 0.01
8718, 14, 83, Status.SNAKE, 0.01
8719, 8, 64, Status.SNAKE, 0.01
8720, 8, 48, Status.SNAKE, 0.01
8721, 7, 52, Status.SNAKE, 0.01
8722, 11, 66, Status.SNAKE, 0.01
8723, 7, 46, Status.SNAKE, 0.01
8724, 3, 8, Status.SNAKE, 0.01
8725, 12, 86, Status.SNAKE, 0.01
8726, 6, 33, Status.SNAKE, 0.01
8727, 6, 44, Status.SNAKE, 0.01
8728, 11, 60, Status.SNAKE, 0.01
8729, 19, 145, Status.SNAKE, 0.01
8730, 4, 22, Status.SNAKE, 0.01
8731, 10, 52, Status.SNAKE, 0.01
8732, 1, 5, Status.SNAKE, 0.01
8733, 16, 106, Status.SNAKE, 0.01
8734, 13, 89, Status.SNAKE, 0.01
8735, 3, 22, Status.WALL, 0.01
8736, 12, 64, Status.SNAKE, 0.01
8737, 13, 83, Status.SNAKE, 0.01
8738, 9, 43, Status.SNAKE, 0.01
8739, 6, 23, Status.SNAKE, 0.01
8740, 7, 53, Status.SNAKE, 0.01
8741, 10, 57, Status.SNAKE, 0.01
8742, 8, 53, Status.SNAKE, 0.01
8743, 8, 63, Status.SNAKE, 0.01
8744, 5, 42, Status.SNAKE, 0.01
8745, 11, 66, Status.SNAKE, 0.01
8746, 12, 90, Status.SNAKE, 0.01
8747, 1, 13, Status.WALL, 0.01
8748, 7, 46, Status.SNAKE, 0.01
8749, 14, 120, Status.WALL, 0.01
8750, 8, 67, Status.SNAKE, 0.01
8751, 9, 60, Status.SNAKE, 0.01
8752, 1, 8, Status.SNAKE, 0.01
8753, 7, 51, Status.SNAKE, 0.01
8754, 8, 67, Status.SNAKE, 0.01
8755, 6, 32, Status.SNAKE, 0.01
8756, 8, 54, Status.SNAKE, 0.01
8757, 4, 25, Status.SNAKE, 0.01
8758, 8, 51, Status.SNAKE, 0.01
8759, 11, 95, Status.WALL, 0.01
8760, 9, 39, Status.SNAKE, 0.01
8761, 10, 54, Status.WALL, 0.01
8762, 2, 18, Status.SNAKE, 0.01
8763, 16, 105, Status.WALL, 0.01
8764, 15, 66, Status.SNAKE, 0.01
8765, 10, 49, Status.SNAKE, 0.01
8766, 7, 51, Status.SNAKE, 0.01
8767, 6, 41, Status.WALL, 0.01
8768, 12, 56, Status.SNAKE, 0.01
8769, 9, 58, Status.SNAKE, 0.01
8770, 5, 25, Status.SNAKE, 0.01
8771, 10, 43, Status.WALL, 0.01
8772, 13, 106, Status.WALL, 0.01
8773, 10, 58, Status.SNAKE, 0.01
8774, 1, 8, Status.WALL, 0.01
8775, 7, 39, Status.SNAKE, 0.01
8776, 7, 37, Status.SNAKE, 0.01
8777, 6, 57, Status.SNAKE, 0.01
8778, 4, 26, Status.WALL, 0.01
8779, 9, 35, Status.SNAKE, 0.01
8780, 15, 92, Status.SNAKE, 0.01
8781, 13, 83, Status.SNAKE, 0.01
8782, 8, 59, Status.SNAKE, 0.01
8783, 12, 67, Status.SNAKE, 0.01
8784, 7, 31, Status.WALL, 0.01
8785, 7, 38, Status.SNAKE, 0.01
8786, 16, 112, Status.SNAKE, 0.01
8787, 9, 51, Status.SNAKE, 0.01
8788, 8, 61, Status.WALL, 0.01
8789, 20, 103, Status.WALL, 0.01
8790, 6, 28, Status.SNAKE, 0.01
8791, 8, 63, Status.WALL, 0.01
8792, 6, 38, Status.SNAKE, 0.01
8793, 2, 20, Status.WALL, 0.01
8794, 1, 10, Status.WALL, 0.01
8795, 1, 8, Status.WALL, 0.01
8796, 9, 71, Status.SNAKE, 0.01
8797, 9, 76, Status.WALL, 0.01
8798, 9, 38, Status.SNAKE, 0.01
8799, 11, 88, Status.SNAKE, 0.01
8800, 13, 71, Status.SNAKE, 0.01
8801, 8, 59, Status.WALL, 0.01
8802, 3, 18, Status.WALL, 0.01
8803, 4, 20, Status.WALL, 0.01
8804, 2, 18, Status.SNAKE, 0.01
8805, 3, 12, Status.SNAKE, 0.01
8806, 20, 108, Status.WALL, 0.01
8807, 9, 58, Status.SNAKE, 0.01
8808, 13, 86, Status.WALL, 0.01
8809, 10, 83, Status.SNAKE, 0.01
8810, 7, 46, Status.SNAKE, 0.01
8811, 11, 63, Status.SNAKE, 0.01
8812, 9, 68, Status.SNAKE, 0.01
8813, 5, 35, Status.SNAKE, 0.01
8814, 12, 86, Status.SNAKE, 0.01
8815, 7, 34, Status.SNAKE, 0.01
8816, 9, 85, Status.SNAKE, 0.01
8817, 2, 19, Status.SNAKE, 0.01
8818, 7, 46, Status.SNAKE, 0.01
8819, 5, 33, Status.SNAKE, 0.01
8820, 1, 5, Status.SNAKE, 0.01
8821, 11, 104, Status.SNAKE, 0.01
8822, 8, 74, Status.SNAKE, 0.01
8823, 10, 64, Status.SNAKE, 0.01
8824, 18, 93, Status.SNAKE, 0.01
8825, 7, 50, Status.SNAKE, 0.01
8826, 12, 62, Status.SNAKE, 0.01
8827, 11, 48, Status.SNAKE, 0.01
8828, 1, 5, Status.SNAKE, 0.01
8829, 3, 28, Status.WALL, 0.01
8830, 7, 56, Status.SNAKE, 0.01
8831, 2, 8, Status.WALL, 0.01
8832, 10, 65, Status.SNAKE, 0.01
8833, 3, 11, Status.SNAKE, 0.01
8834, 8, 61, Status.SNAKE, 0.01
8835, 9, 69, Status.SNAKE, 0.01
8836, 9, 59, Status.SNAKE, 0.01
8837, 12, 119, Status.SNAKE, 0.01
8838, 17, 104, Status.SNAKE, 0.01
8839, 11, 85, Status.SNAKE, 0.01
8840, 15, 117, Status.SNAKE, 0.01
8841, 13, 89, Status.WALL, 0.01
8842, 12, 106, Status.SNAKE, 0.01
8843, 11, 89, Status.SNAKE, 0.01
8844, 6, 60, Status.SNAKE, 0.01
8845, 3, 22, Status.SNAKE, 0.01
8846, 9, 52, Status.SNAKE, 0.01
8847, 10, 46, Status.SNAKE, 0.01
8848, 9, 63, Status.SNAKE, 0.01
8849, 10, 56, Status.SNAKE, 0.01
8850, 13, 92, Status.SNAKE, 0.01
8851, 9, 57, Status.SNAKE, 0.01
8852, 7, 46, Status.SNAKE, 0.01
8853, 3, 40, Status.SNAKE, 0.01
8854, 9, 67, Status.SNAKE, 0.01
8855, 12, 81, Status.SNAKE, 0.01
8856, 5, 28, Status.WALL, 0.01
8857, 2, 15, Status.WALL, 0.01
8858, 9, 58, Status.SNAKE, 0.01
8859, 8, 63, Status.SNAKE, 0.01
8860, 16, 115, Status.SNAKE, 0.01
8861, 16, 93, Status.SNAKE, 0.01
8862, 10, 71, Status.SNAKE, 0.01
8863, 7, 40, Status.SNAKE, 0.01
8864, 3, 19, Status.SNAKE, 0.01
8865, 3, 17, Status.SNAKE, 0.01
8866, 8, 63, Status.SNAKE, 0.01
8867, 5, 44, Status.SNAKE, 0.01
8868, 15, 87, Status.SNAKE, 0.01
8869, 12, 68, Status.SNAKE, 0.01
8870, 6, 42, Status.WALL, 0.01
8871, 1, 5, Status.SNAKE, 0.01
8872, 15, 101, Status.SNAKE, 0.01
8873, 9, 46, Status.WALL, 0.01
8874, 8, 49, Status.SNAKE, 0.01
8875, 10, 75, Status.SNAKE, 0.01
8876, 3, 19, Status.SNAKE, 0.01
8877, 12, 97, Status.SNAKE, 0.01
8878, 6, 49, Status.SNAKE, 0.01
8879, 4, 31, Status.SNAKE, 0.01
8880, 6, 40, Status.SNAKE, 0.01
8881, 12, 80, Status.SNAKE, 0.01
8882, 4, 19, Status.WALL, 0.01
8883, 3, 12, Status.WALL, 0.01
8884, 12, 84, Status.SNAKE, 0.01
8885, 0, 7, Status.WALL, 0.01
8886, 4, 21, Status.SNAKE, 0.01
8887, 4, 22, Status.SNAKE, 0.01
8888, 17, 122, Status.WALL, 0.01
8889, 4, 23, Status.SNAKE, 0.01
8890, 4, 39, Status.SNAKE, 0.01
8891, 4, 31, Status.SNAKE, 0.01
8892, 14, 115, Status.SNAKE, 0.01
8893, 11, 78, Status.SNAKE, 0.01
8894, 14, 82, Status.SNAKE, 0.01
8895, 5, 35, Status.SNAKE, 0.01
8896, 11, 64, Status.SNAKE, 0.01
8897, 6, 32, Status.SNAKE, 0.01
8898, 3, 28, Status.WALL, 0.01
8899, 5, 40, Status.SNAKE, 0.01
8900, 12, 82, Status.WALL, 0.01
8901, 8, 43, Status.WALL, 0.01
8902, 11, 96, Status.SNAKE, 0.01
8903, 5, 22, Status.SNAKE, 0.01
8904, 10, 53, Status.SNAKE, 0.01
8905, 9, 67, Status.WALL, 0.01
8906, 4, 16, Status.SNAKE, 0.01
8907, 7, 63, Status.SNAKE, 0.01
8908, 18, 125, Status.SNAKE, 0.01
8909, 4, 28, Status.SNAKE, 0.01
8910, 4, 31, Status.SNAKE, 0.01
8911, 14, 64, Status.SNAKE, 0.01
8912, 10, 68, Status.SNAKE, 0.01
8913, 7, 40, Status.WALL, 0.01
8914, 22, 150, Status.SNAKE, 0.01
8915, 11, 80, Status.SNAKE, 0.01
8916, 4, 29, Status.WALL, 0.01
8917, 6, 45, Status.WALL, 0.01
8918, 11, 68, Status.SNAKE, 0.01
8919, 14, 78, Status.SNAKE, 0.01
8920, 1, 5, Status.SNAKE, 0.01
8921, 15, 132, Status.SNAKE, 0.01
8922, 5, 39, Status.SNAKE, 0.01
8923, 10, 74, Status.SNAKE, 0.01
8924, 6, 31, Status.WALL, 0.01
8925, 9, 37, Status.SNAKE, 0.01
8926, 7, 46, Status.SNAKE, 0.01
8927, 11, 97, Status.SNAKE, 0.01
8928, 17, 123, Status.SNAKE, 0.01
8929, 2, 12, Status.WALL, 0.01
8930, 9, 65, Status.SNAKE, 0.01
8931, 16, 105, Status.SNAKE, 0.01
8932, 12, 81, Status.SNAKE, 0.01
8933, 14, 115, Status.WALL, 0.01
8934, 1, 4, Status.SNAKE, 0.01
8935, 11, 62, Status.WALL, 0.01
8936, 5, 37, Status.WALL, 0.01
8937, 1, 10, Status.WALL, 0.01
8938, 12, 79, Status.WALL, 0.01
8939, 1, 5, Status.SNAKE, 0.01
8940, 7, 51, Status.WALL, 0.01
8941, 10, 77, Status.SNAKE, 0.01
8942, 6, 49, Status.WALL, 0.01
8943, 13, 86, Status.SNAKE, 0.01
8944, 11, 67, Status.WALL, 0.01
8945, 9, 70, Status.SNAKE, 0.01
8946, 3, 15, Status.SNAKE, 0.01
8947, 4, 25, Status.SNAKE, 0.01
8948, 9, 81, Status.WALL, 0.01
8949, 5, 63, Status.SNAKE, 0.01
8950, 7, 47, Status.SNAKE, 0.01
8951, 5, 34, Status.WALL, 0.01
8952, 12, 71, Status.SNAKE, 0.01
8953, 20, 138, Status.SNAKE, 0.01
8954, 7, 53, Status.SNAKE, 0.01
8955, 7, 42, Status.SNAKE, 0.01
8956, 5, 24, Status.WALL, 0.01
8957, 13, 89, Status.SNAKE, 0.01
8958, 1, 5, Status.SNAKE, 0.01
8959, 10, 65, Status.SNAKE, 0.01
8960, 4, 23, Status.SNAKE, 0.01
8961, 5, 29, Status.SNAKE, 0.01
8962, 1, 3, Status.SNAKE, 0.01
8963, 12, 71, Status.SNAKE, 0.01
8964, 9, 83, Status.WALL, 0.01
8965, 9, 57, Status.SNAKE, 0.01
8966, 5, 53, Status.WALL, 0.01
8967, 9, 66, Status.SNAKE, 0.01
8968, 8, 63, Status.SNAKE, 0.01
8969, 11, 54, Status.SNAKE, 0.01
8970, 6, 41, Status.SNAKE, 0.01
8971, 6, 34, Status.WALL, 0.01
8972, 8, 40, Status.SNAKE, 0.01
8973, 9, 52, Status.SNAKE, 0.01
8974, 9, 54, Status.SNAKE, 0.01
8975, 5, 38, Status.SNAKE, 0.01
8976, 13, 101, Status.SNAKE, 0.01
8977, 13, 98, Status.SNAKE, 0.01
8978, 7, 51, Status.SNAKE, 0.01
8979, 13, 82, Status.WALL, 0.01
8980, 7, 62, Status.SNAKE, 0.01
8981, 4, 35, Status.SNAKE, 0.01
8982, 12, 80, Status.SNAKE, 0.01
8983, 11, 85, Status.SNAKE, 0.01
8984, 12, 81, Status.SNAKE, 0.01
8985, 9, 58, Status.SNAKE, 0.01
8986, 10, 52, Status.SNAKE, 0.01
8987, 7, 46, Status.WALL, 0.01
8988, 3, 20, Status.SNAKE, 0.01
8989, 7, 42, Status.SNAKE, 0.01
8990, 10, 66, Status.SNAKE, 0.01
8991, 5, 39, Status.SNAKE, 0.01
8992, 10, 82, Status.SNAKE, 0.01
8993, 12, 82, Status.SNAKE, 0.01
8994, 14, 71, Status.SNAKE, 0.01
8995, 10, 72, Status.SNAKE, 0.01
8996, 10, 89, Status.SNAKE, 0.01
8997, 8, 54, Status.SNAKE, 0.01
8998, 5, 31, Status.SNAKE, 0.01
8999, 8, 55, Status.SNAKE, 0.01
9000, 12, 79, Status.WALL, 0.01
9001, 10, 84, Status.SNAKE, 0.01
9002, 8, 40, Status.SNAKE, 0.01
9003, 4, 26, Status.WALL, 0.01
9004, 13, 80, Status.SNAKE, 0.01
9005, 2, 8, Status.WALL, 0.01
9006, 1, 8, Status.SNAKE, 0.01
9007, 14, 117, Status.SNAKE, 0.01
9008, 11, 77, Status.SNAKE, 0.01
9009, 12, 78, Status.WALL, 0.01
9010, 6, 30, Status.SNAKE, 0.01
9011, 14, 89, Status.SNAKE, 0.01
9012, 17, 126, Status.SNAKE, 0.01
9013, 17, 119, Status.SNAKE, 0.01
9014, 11, 84, Status.SNAKE, 0.01
9015, 10, 62, Status.SNAKE, 0.01
9016, 3, 15, Status.SNAKE, 0.01
9017, 11, 74, Status.SNAKE, 0.01
9018, 9, 57, Status.SNAKE, 0.01
9019, 5, 20, Status.WALL, 0.01
9020, 7, 45, Status.SNAKE, 0.01
9021, 6, 51, Status.SNAKE, 0.01
9022, 8, 66, Status.SNAKE, 0.01
9023, 10, 68, Status.WALL, 0.01
9024, 19, 122, Status.SNAKE, 0.01
9025, 3, 21, Status.SNAKE, 0.01
9026, 8, 51, Status.SNAKE, 0.01
9027, 9, 66, Status.SNAKE, 0.01
9028, 13, 108, Status.SNAKE, 0.01
9029, 11, 67, Status.SNAKE, 0.01
9030, 8, 63, Status.WALL, 0.01
9031, 13, 96, Status.SNAKE, 0.01
9032, 13, 76, Status.SNAKE, 0.01
9033, 5, 28, Status.WALL, 0.01
9034, 6, 33, Status.SNAKE, 0.01
9035, 22, 135, Status.WALL, 0.01
9036, 5, 39, Status.SNAKE, 0.01
9037, 17, 86, Status.WALL, 0.01
9038, 5, 30, Status.WALL, 0.01
9039, 8, 57, Status.SNAKE, 0.01
9040, 13, 94, Status.WALL, 0.01
9041, 7, 57, Status.SNAKE, 0.01
9042, 5, 40, Status.WALL, 0.01
9043, 12, 86, Status.SNAKE, 0.01
9044, 9, 61, Status.WALL, 0.01
9045, 5, 34, Status.SNAKE, 0.01
9046, 3, 10, Status.SNAKE, 0.01
9047, 10, 58, Status.SNAKE, 0.01
9048, 2, 7, Status.WALL, 0.01
9049, 5, 36, Status.SNAKE, 0.01
9050, 9, 54, Status.SNAKE, 0.01
9051, 7, 43, Status.SNAKE, 0.01
9052, 12, 96, Status.SNAKE, 0.01
9053, 7, 45, Status.SNAKE, 0.01
9054, 13, 94, Status.SNAKE, 0.01
9055, 11, 71, Status.SNAKE, 0.01
9056, 4, 30, Status.WALL, 0.01
9057, 3, 23, Status.SNAKE, 0.01
9058, 4, 23, Status.SNAKE, 0.01
9059, 6, 31, Status.SNAKE, 0.01
9060, 6, 54, Status.SNAKE, 0.01
9061, 6, 50, Status.SNAKE, 0.01
9062, 7, 38, Status.SNAKE, 0.01
9063, 4, 19, Status.WALL, 0.01
9064, 13, 88, Status.SNAKE, 0.01
9065, 8, 55, Status.SNAKE, 0.01
9066, 5, 44, Status.WALL, 0.01
9067, 18, 162, Status.SNAKE, 0.01
9068, 11, 69, Status.SNAKE, 0.01
9069, 5, 22, Status.SNAKE, 0.01
9070, 3, 15, Status.SNAKE, 0.01
9071, 17, 122, Status.SNAKE, 0.01
9072, 13, 78, Status.SNAKE, 0.01
9073, 3, 18, Status.WALL, 0.01
9074, 10, 80, Status.SNAKE, 0.01
9075, 11, 89, Status.SNAKE, 0.01
9076, 13, 86, Status.SNAKE, 0.01
9077, 11, 67, Status.SNAKE, 0.01
9078, 6, 35, Status.SNAKE, 0.01
9079, 8, 73, Status.SNAKE, 0.01
9080, 5, 40, Status.WALL, 0.01
9081, 2, 13, Status.SNAKE, 0.01
9082, 4, 17, Status.WALL, 0.01
9083, 10, 70, Status.WALL, 0.01
9084, 7, 35, Status.SNAKE, 0.01
9085, 6, 27, Status.WALL, 0.01
9086, 14, 93, Status.SNAKE, 0.01
9087, 4, 24, Status.SNAKE, 0.01
9088, 10, 72, Status.SNAKE, 0.01
9089, 1, 21, Status.SNAKE, 0.01
9090, 5, 34, Status.SNAKE, 0.01
9091, 1, 11, Status.WALL, 0.01
9092, 7, 40, Status.SNAKE, 0.01
9093, 15, 117, Status.SNAKE, 0.01
9094, 12, 56, Status.SNAKE, 0.01
9095, 14, 67, Status.SNAKE, 0.01
9096, 10, 65, Status.SNAKE, 0.01
9097, 12, 56, Status.SNAKE, 0.01
9098, 9, 62, Status.WALL, 0.01
9099, 8, 64, Status.SNAKE, 0.01
9100, 4, 26, Status.SNAKE, 0.01
9101, 13, 62, Status.SNAKE, 0.01
9102, 6, 38, Status.WALL, 0.01
9103, 7, 53, Status.SNAKE, 0.01
9104, 11, 78, Status.SNAKE, 0.01
9105, 4, 21, Status.WALL, 0.01
9106, 6, 30, Status.SNAKE, 0.01
9107, 4, 30, Status.WALL, 0.01
9108, 6, 29, Status.SNAKE, 0.01
9109, 4, 32, Status.SNAKE, 0.01
9110, 16, 108, Status.SNAKE, 0.01
9111, 1, 3, Status.SNAKE, 0.01
9112, 16, 100, Status.SNAKE, 0.01
9113, 4, 31, Status.SNAKE, 0.01
9114, 3, 9, Status.WALL, 0.01
9115, 2, 13, Status.SNAKE, 0.01
9116, 8, 44, Status.SNAKE, 0.01
9117, 8, 60, Status.SNAKE, 0.01
9118, 1, 10, Status.WALL, 0.01
9119, 4, 38, Status.SNAKE, 0.01
9120, 10, 51, Status.WALL, 0.01
9121, 5, 32, Status.SNAKE, 0.01
9122, 8, 58, Status.SNAKE, 0.01
9123, 10, 59, Status.SNAKE, 0.01
9124, 11, 89, Status.WALL, 0.01
9125, 5, 41, Status.SNAKE, 0.01
9126, 8, 54, Status.SNAKE, 0.01
9127, 3, 30, Status.WALL, 0.01
9128, 9, 53, Status.SNAKE, 0.01
9129, 8, 44, Status.SNAKE, 0.01
9130, 2, 21, Status.SNAKE, 0.01
9131, 13, 87, Status.SNAKE, 0.01
9132, 3, 27, Status.SNAKE, 0.01
9133, 4, 21, Status.WALL, 0.01
9134, 8, 63, Status.SNAKE, 0.01
9135, 24, 163, Status.SNAKE, 0.01
9136, 9, 68, Status.SNAKE, 0.01
9137, 7, 45, Status.SNAKE, 0.01
9138, 1, 5, Status.SNAKE, 0.01
9139, 11, 81, Status.SNAKE, 0.01
9140, 6, 43, Status.SNAKE, 0.01
9141, 13, 87, Status.SNAKE, 0.01
9142, 9, 60, Status.WALL, 0.01
9143, 2, 23, Status.WALL, 0.01
9144, 15, 102, Status.SNAKE, 0.01
9145, 12, 77, Status.SNAKE, 0.01
9146, 9, 52, Status.SNAKE, 0.01
9147, 1, 10, Status.WALL, 0.01
9148, 9, 65, Status.SNAKE, 0.01
9149, 14, 107, Status.SNAKE, 0.01
9150, 8, 60, Status.WALL, 0.01
9151, 6, 40, Status.SNAKE, 0.01
9152, 3, 18, Status.SNAKE, 0.01
9153, 12, 79, Status.SNAKE, 0.01
9154, 14, 111, Status.SNAKE, 0.01
9155, 7, 41, Status.SNAKE, 0.01
9156, 15, 99, Status.WALL, 0.01
9157, 2, 5, Status.SNAKE, 0.01
9158, 13, 109, Status.SNAKE, 0.01
9159, 11, 69, Status.SNAKE, 0.01
9160, 8, 53, Status.WALL, 0.01
9161, 18, 129, Status.SNAKE, 0.01
9162, 7, 42, Status.WALL, 0.01
9163, 17, 104, Status.SNAKE, 0.01
9164, 2, 12, Status.SNAKE, 0.01
9165, 9, 69, Status.WALL, 0.01
9166, 5, 48, Status.WALL, 0.01
9167, 7, 41, Status.WALL, 0.01
9168, 15, 106, Status.SNAKE, 0.01
9169, 16, 107, Status.SNAKE, 0.01
9170, 16, 110, Status.WALL, 0.01
9171, 5, 43, Status.SNAKE, 0.01
9172, 10, 58, Status.SNAKE, 0.01
9173, 9, 58, Status.SNAKE, 0.01
9174, 5, 35, Status.SNAKE, 0.01
9175, 14, 85, Status.SNAKE, 0.01
9176, 15, 110, Status.SNAKE, 0.01
9177, 22, 139, Status.SNAKE, 0.01
9178, 12, 98, Status.SNAKE, 0.01
9179, 13, 75, Status.SNAKE, 0.01
9180, 4, 26, Status.WALL, 0.01
9181, 12, 93, Status.WALL, 0.01
9182, 11, 58, Status.SNAKE, 0.01
9183, 16, 127, Status.SNAKE, 0.01
9184, 4, 25, Status.SNAKE, 0.01
9185, 9, 62, Status.SNAKE, 0.01
9186, 5, 16, Status.WALL, 0.01
9187, 2, 16, Status.WALL, 0.01
9188, 8, 41, Status.SNAKE, 0.01
9189, 16, 109, Status.SNAKE, 0.01
9190, 9, 76, Status.SNAKE, 0.01
9191, 5, 23, Status.SNAKE, 0.01
9192, 3, 33, Status.SNAKE, 0.01
9193, 1, 4, Status.SNAKE, 0.01
9194, 7, 48, Status.SNAKE, 0.01
9195, 5, 44, Status.WALL, 0.01
9196, 7, 44, Status.SNAKE, 0.01
9197, 7, 51, Status.SNAKE, 0.01
9198, 14, 93, Status.WALL, 0.01
9199, 6, 54, Status.WALL, 0.01
9200, 1, 5, Status.SNAKE, 0.01
9201, 6, 39, Status.SNAKE, 0.01
9202, 7, 52, Status.SNAKE, 0.01
9203, 8, 58, Status.SNAKE, 0.01
9204, 9, 64, Status.WALL, 0.01
9205, 10, 76, Status.SNAKE, 0.01
9206, 8, 48, Status.SNAKE, 0.01
9207, 13, 67, Status.SNAKE, 0.01
9208, 3, 24, Status.WALL, 0.01
9209, 15, 101, Status.SNAKE, 0.01
9210, 2, 15, Status.SNAKE, 0.01
9211, 8, 38, Status.WALL, 0.01
9212, 9, 62, Status.SNAKE, 0.01
9213, 5, 42, Status.SNAKE, 0.01
9214, 12, 117, Status.SNAKE, 0.01
9215, 7, 50, Status.SNAKE, 0.01
9216, 9, 60, Status.WALL, 0.01
9217, 7, 58, Status.SNAKE, 0.01
9218, 7, 50, Status.SNAKE, 0.01
9219, 5, 16, Status.SNAKE, 0.01
9220, 11, 77, Status.SNAKE, 0.01
9221, 10, 77, Status.SNAKE, 0.01
9222, 6, 54, Status.SNAKE, 0.01
9223, 16, 111, Status.SNAKE, 0.01
9224, 15, 93, Status.SNAKE, 0.01
9225, 7, 38, Status.SNAKE, 0.01
9226, 8, 64, Status.SNAKE, 0.01
9227, 18, 161, Status.SNAKE, 0.01
9228, 6, 33, Status.SNAKE, 0.01
9229, 13, 114, Status.WALL, 0.01
9230, 9, 64, Status.SNAKE, 0.01
9231, 9, 57, Status.SNAKE, 0.01
9232, 5, 39, Status.SNAKE, 0.01
9233, 5, 28, Status.SNAKE, 0.01
9234, 4, 26, Status.SNAKE, 0.01
9235, 3, 21, Status.SNAKE, 0.01
9236, 6, 35, Status.SNAKE, 0.01
9237, 7, 40, Status.SNAKE, 0.01
9238, 15, 99, Status.WALL, 0.01
9239, 22, 149, Status.SNAKE, 0.01
9240, 4, 27, Status.SNAKE, 0.01
9241, 10, 74, Status.SNAKE, 0.01
9242, 5, 22, Status.SNAKE, 0.01
9243, 6, 45, Status.WALL, 0.01
9244, 17, 115, Status.SNAKE, 0.01
9245, 7, 44, Status.SNAKE, 0.01
9246, 17, 117, Status.SNAKE, 0.01
9247, 9, 60, Status.SNAKE, 0.01
9248, 10, 66, Status.SNAKE, 0.01
9249, 11, 58, Status.SNAKE, 0.01
9250, 11, 70, Status.WALL, 0.01
9251, 6, 53, Status.SNAKE, 0.01
9252, 8, 42, Status.SNAKE, 0.01
9253, 7, 36, Status.WALL, 0.01
9254, 8, 47, Status.SNAKE, 0.01
9255, 27, 184, Status.SNAKE, 0.01
9256, 5, 55, Status.SNAKE, 0.01
9257, 16, 102, Status.SNAKE, 0.01
9258, 9, 44, Status.SNAKE, 0.01
9259, 3, 25, Status.SNAKE, 0.01
9260, 5, 33, Status.SNAKE, 0.01
9261, 15, 125, Status.WALL, 0.01
9262, 10, 110, Status.SNAKE, 0.01
9263, 10, 73, Status.WALL, 0.01
9264, 9, 65, Status.SNAKE, 0.01
9265, 3, 31, Status.SNAKE, 0.01
9266, 6, 50, Status.SNAKE, 0.01
9267, 12, 78, Status.SNAKE, 0.01
9268, 2, 17, Status.SNAKE, 0.01
9269, 7, 41, Status.SNAKE, 0.01
9270, 12, 100, Status.SNAKE, 0.01
9271, 3, 16, Status.SNAKE, 0.01
9272, 12, 83, Status.SNAKE, 0.01
9273, 8, 55, Status.SNAKE, 0.01
9274, 11, 79, Status.SNAKE, 0.01
9275, 12, 86, Status.SNAKE, 0.01
9276, 18, 96, Status.SNAKE, 0.01
9277, 10, 49, Status.SNAKE, 0.01
9278, 10, 81, Status.SNAKE, 0.01
9279, 5, 45, Status.SNAKE, 0.01
9280, 13, 74, Status.SNAKE, 0.01
9281, 3, 23, Status.SNAKE, 0.01
9282, 4, 38, Status.WALL, 0.01
9283, 11, 64, Status.SNAKE, 0.01
9284, 16, 113, Status.SNAKE, 0.01
9285, 6, 33, Status.SNAKE, 0.01
9286, 10, 58, Status.WALL, 0.01
9287, 10, 72, Status.SNAKE, 0.01
9288, 9, 73, Status.SNAKE, 0.01
9289, 5, 28, Status.WALL, 0.01
9290, 13, 110, Status.SNAKE, 0.01
9291, 12, 75, Status.WALL, 0.01
9292, 9, 79, Status.SNAKE, 0.01
9293, 7, 53, Status.SNAKE, 0.01
9294, 3, 14, Status.SNAKE, 0.01
9295, 2, 16, Status.WALL, 0.01
9296, 5, 46, Status.SNAKE, 0.01
9297, 11, 87, Status.SNAKE, 0.01
9298, 2, 15, Status.SNAKE, 0.01
9299, 6, 29, Status.SNAKE, 0.01
9300, 2, 12, Status.WALL, 0.01
9301, 1, 10, Status.WALL, 0.01
9302, 11, 62, Status.SNAKE, 0.01
9303, 15, 111, Status.WALL, 0.01
9304, 10, 60, Status.SNAKE, 0.01
9305, 8, 72, Status.SNAKE, 0.01
9306, 7, 46, Status.SNAKE, 0.01
9307, 9, 52, Status.SNAKE, 0.01
9308, 13, 85, Status.SNAKE, 0.01
9309, 23, 177, Status.SNAKE, 0.01
9310, 7, 55, Status.SNAKE, 0.01
9311, 10, 53, Status.SNAKE, 0.01
9312, 15, 104, Status.SNAKE, 0.01
9313, 5, 27, Status.WALL, 0.01
9314, 7, 28, Status.SNAKE, 0.01
9315, 19, 169, Status.SNAKE, 0.01
9316, 12, 87, Status.SNAKE, 0.01
9317, 17, 86, Status.SNAKE, 0.01
9318, 7, 59, Status.SNAKE, 0.01
9319, 3, 21, Status.SNAKE, 0.01
9320, 12, 77, Status.SNAKE, 0.01
9321, 3, 17, Status.SNAKE, 0.01
9322, 1, 9, Status.WALL, 0.01
9323, 9, 74, Status.WALL, 0.01
9324, 9, 44, Status.SNAKE, 0.01
9325, 13, 91, Status.SNAKE, 0.01
9326, 9, 67, Status.SNAKE, 0.01
9327, 1, 12, Status.WALL, 0.01
9328, 7, 61, Status.WALL, 0.01
9329, 8, 37, Status.SNAKE, 0.01
9330, 2, 10, Status.SNAKE, 0.01
9331, 10, 85, Status.SNAKE, 0.01
9332, 3, 20, Status.WALL, 0.01
9333, 5, 31, Status.SNAKE, 0.01
9334, 11, 74, Status.SNAKE, 0.01
9335, 1, 6, Status.WALL, 0.01
9336, 14, 99, Status.SNAKE, 0.01
9337, 4, 42, Status.SNAKE, 0.01
9338, 7, 51, Status.SNAKE, 0.01
9339, 4, 14, Status.WALL, 0.01
9340, 14, 95, Status.SNAKE, 0.01
9341, 4, 27, Status.WALL, 0.01
9342, 4, 33, Status.SNAKE, 0.01
9343, 5, 30, Status.SNAKE, 0.01
9344, 8, 53, Status.WALL, 0.01
9345, 5, 21, Status.WALL, 0.01
9346, 15, 109, Status.SNAKE, 0.01
9347, 6, 38, Status.SNAKE, 0.01
9348, 8, 52, Status.SNAKE, 0.01
9349, 10, 81, Status.SNAKE, 0.01
9350, 6, 38, Status.SNAKE, 0.01
9351, 12, 74, Status.SNAKE, 0.01
9352, 9, 51, Status.SNAKE, 0.01
9353, 6, 43, Status.WALL, 0.01
9354, 1, 3, Status.SNAKE, 0.01
9355, 2, 23, Status.SNAKE, 0.01
9356, 10, 71, Status.SNAKE, 0.01
9357, 13, 58, Status.SNAKE, 0.01
9358, 9, 47, Status.SNAKE, 0.01
9359, 6, 41, Status.SNAKE, 0.01
9360, 7, 49, Status.WALL, 0.01
9361, 17, 106, Status.SNAKE, 0.01
9362, 9, 51, Status.SNAKE, 0.01
9363, 7, 46, Status.SNAKE, 0.01
9364, 4, 26, Status.SNAKE, 0.01
9365, 2, 10, Status.WALL, 0.01
9366, 14, 128, Status.SNAKE, 0.01
9367, 2, 25, Status.WALL, 0.01
9368, 11, 80, Status.SNAKE, 0.01
9369, 2, 14, Status.WALL, 0.01
9370, 19, 115, Status.SNAKE, 0.01
9371, 4, 33, Status.SNAKE, 0.01
9372, 4, 28, Status.SNAKE, 0.01
9373, 7, 34, Status.SNAKE, 0.01
9374, 8, 48, Status.SNAKE, 0.01
9375, 2, 16, Status.WALL, 0.01
9376, 8, 48, Status.SNAKE, 0.01
9377, 9, 65, Status.SNAKE, 0.01
9378, 16, 133, Status.WALL, 0.01
9379, 17, 102, Status.SNAKE, 0.01
9380, 9, 47, Status.SNAKE, 0.01
9381, 11, 65, Status.SNAKE, 0.01
9382, 6, 49, Status.SNAKE, 0.01
9383, 9, 79, Status.SNAKE, 0.01
9384, 16, 106, Status.SNAKE, 0.01
9385, 14, 88, Status.SNAKE, 0.01
9386, 13, 93, Status.SNAKE, 0.01
9387, 4, 24, Status.SNAKE, 0.01
9388, 13, 79, Status.SNAKE, 0.01
9389, 17, 105, Status.WALL, 0.01
9390, 8, 67, Status.WALL, 0.01
9391, 13, 81, Status.WALL, 0.01
9392, 8, 58, Status.SNAKE, 0.01
9393, 8, 56, Status.SNAKE, 0.01
9394, 7, 39, Status.WALL, 0.01
9395, 14, 91, Status.SNAKE, 0.01
9396, 4, 36, Status.SNAKE, 0.01
9397, 6, 40, Status.SNAKE, 0.01
9398, 13, 99, Status.SNAKE, 0.01
9399, 1, 9, Status.WALL, 0.01
9400, 5, 27, Status.WALL, 0.01
9401, 7, 64, Status.SNAKE, 0.01
9402, 3, 31, Status.WALL, 0.01
9403, 10, 65, Status.WALL, 0.01
9404, 15, 82, Status.SNAKE, 0.01
9405, 10, 47, Status.SNAKE, 0.01
9406, 10, 66, Status.SNAKE, 0.01
9407, 9, 63, Status.WALL, 0.01
9408, 11, 61, Status.SNAKE, 0.01
9409, 9, 69, Status.SNAKE, 0.01
9410, 2, 12, Status.SNAKE, 0.01
9411, 18, 126, Status.WALL, 0.01
9412, 5, 34, Status.SNAKE, 0.01
9413, 3, 17, Status.SNAKE, 0.01
9414, 9, 54, Status.WALL, 0.01
9415, 16, 86, Status.SNAKE, 0.01
9416, 7, 45, Status.SNAKE, 0.01
9417, 10, 88, Status.WALL, 0.01
9418, 13, 69, Status.WALL, 0.01
9419, 11, 83, Status.SNAKE, 0.01
9420, 4, 35, Status.SNAKE, 0.01
9421, 9, 62, Status.SNAKE, 0.01
9422, 8, 42, Status.SNAKE, 0.01
9423, 6, 26, Status.SNAKE, 0.01
9424, 9, 49, Status.SNAKE, 0.01
9425, 21, 142, Status.SNAKE, 0.01
9426, 1, 5, Status.SNAKE, 0.01
9427, 14, 70, Status.SNAKE, 0.01
9428, 10, 57, Status.WALL, 0.01
9429, 5, 26, Status.WALL, 0.01
9430, 4, 36, Status.WALL, 0.01
9431, 4, 24, Status.SNAKE, 0.01
9432, 9, 55, Status.SNAKE, 0.01
9433, 9, 49, Status.SNAKE, 0.01
9434, 5, 41, Status.SNAKE, 0.01
9435, 4, 17, Status.SNAKE, 0.01
9436, 13, 102, Status.SNAKE, 0.01
9437, 4, 32, Status.WALL, 0.01
9438, 17, 123, Status.SNAKE, 0.01
9439, 4, 23, Status.WALL, 0.01
9440, 11, 104, Status.SNAKE, 0.01
9441, 4, 29, Status.SNAKE, 0.01
9442, 7, 36, Status.WALL, 0.01
9443, 4, 19, Status.SNAKE, 0.01
9444, 1, 10, Status.WALL, 0.01
9445, 10, 73, Status.SNAKE, 0.01
9446, 6, 57, Status.SNAKE, 0.01
9447, 2, 13, Status.WALL, 0.01
9448, 9, 60, Status.SNAKE, 0.01
9449, 11, 86, Status.SNAKE, 0.01
9450, 3, 16, Status.SNAKE, 0.01
9451, 13, 76, Status.SNAKE, 0.01
9452, 5, 32, Status.SNAKE, 0.01
9453, 13, 77, Status.WALL, 0.01
9454, 10, 68, Status.SNAKE, 0.01
9455, 3, 29, Status.SNAKE, 0.01
9456, 4, 39, Status.SNAKE, 0.01
9457, 7, 43, Status.SNAKE, 0.01
9458, 6, 34, Status.SNAKE, 0.01
9459, 12, 86, Status.SNAKE, 0.01
9460, 7, 53, Status.SNAKE, 0.01
9461, 12, 67, Status.SNAKE, 0.01
9462, 4, 26, Status.SNAKE, 0.01
9463, 12, 109, Status.SNAKE, 0.01
9464, 12, 106, Status.WALL, 0.01
9465, 9, 63, Status.WALL, 0.01
9466, 13, 78, Status.SNAKE, 0.01
9467, 15, 91, Status.WALL, 0.01
9468, 11, 94, Status.SNAKE, 0.01
9469, 12, 58, Status.SNAKE, 0.01
9470, 5, 25, Status.SNAKE, 0.01
9471, 9, 54, Status.SNAKE, 0.01
9472, 7, 45, Status.SNAKE, 0.01
9473, 1, 3, Status.SNAKE, 0.01
9474, 14, 86, Status.SNAKE, 0.01
9475, 7, 45, Status.SNAKE, 0.01
9476, 14, 103, Status.SNAKE, 0.01
9477, 15, 89, Status.SNAKE, 0.01
9478, 7, 45, Status.SNAKE, 0.01
9479, 6, 34, Status.WALL, 0.01
9480, 9, 48, Status.SNAKE, 0.01
9481, 10, 62, Status.SNAKE, 0.01
9482, 12, 96, Status.WALL, 0.01
9483, 12, 84, Status.SNAKE, 0.01
9484, 4, 26, Status.WALL, 0.01
9485, 9, 51, Status.SNAKE, 0.01
9486, 5, 32, Status.SNAKE, 0.01
9487, 6, 37, Status.SNAKE, 0.01
9488, 6, 46, Status.SNAKE, 0.01
9489, 8, 46, Status.SNAKE, 0.01
9490, 13, 93, Status.SNAKE, 0.01
9491, 1, 10, Status.WALL, 0.01
9492, 19, 126, Status.SNAKE, 0.01
9493, 13, 84, Status.SNAKE, 0.01
9494, 5, 26, Status.SNAKE, 0.01
9495, 10, 55, Status.SNAKE, 0.01
9496, 2, 12, Status.WALL, 0.01
9497, 8, 48, Status.SNAKE, 0.01
9498, 13, 67, Status.SNAKE, 0.01
9499, 3, 12, Status.WALL, 0.01
9500, 6, 33, Status.SNAKE, 0.01
9501, 10, 64, Status.SNAKE, 0.01
9502, 6, 37, Status.SNAKE, 0.01
9503, 8, 65, Status.SNAKE, 0.01
9504, 5, 33, Status.WALL, 0.01
9505, 6, 55, Status.SNAKE, 0.01
9506, 3, 15, Status.SNAKE, 0.01
9507, 21, 160, Status.SNAKE, 0.01
9508, 11, 90, Status.WALL, 0.01
9509, 21, 151, Status.SNAKE, 0.01
9510, 20, 122, Status.SNAKE, 0.01
9511, 11, 76, Status.SNAKE, 0.01
9512, 16, 98, Status.SNAKE, 0.01
9513, 2, 13, Status.SNAKE, 0.01
9514, 10, 58, Status.SNAKE, 0.01
9515, 12, 81, Status.SNAKE, 0.01
9516, 1, 7, Status.WALL, 0.01
9517, 2, 34, Status.WALL, 0.01
9518, 6, 37, Status.SNAKE, 0.01
9519, 2, 14, Status.WALL, 0.01
9520, 10, 78, Status.SNAKE, 0.01
9521, 11, 68, Status.SNAKE, 0.01
9522, 11, 64, Status.WALL, 0.01
9523, 14, 109, Status.SNAKE, 0.01
9524, 8, 50, Status.SNAKE, 0.01
9525, 10, 47, Status.SNAKE, 0.01
9526, 4, 21, Status.WALL, 0.01
9527, 9, 74, Status.SNAKE, 0.01
9528, 17, 121, Status.SNAKE, 0.01
9529, 12, 76, Status.WALL, 0.01
9530, 2, 10, Status.WALL, 0.01
9531, 8, 63, Status.SNAKE, 0.01
9532, 11, 59, Status.SNAKE, 0.01
9533, 5, 49, Status.WALL, 0.01
9534, 18, 126, Status.SNAKE, 0.01
9535, 6, 42, Status.SNAKE, 0.01
9536, 11, 57, Status.SNAKE, 0.01
9537, 10, 63, Status.SNAKE, 0.01
9538, 5, 31, Status.SNAKE, 0.01
9539, 5, 31, Status.SNAKE, 0.01
9540, 2, 20, Status.SNAKE, 0.01
9541, 16, 113, Status.WALL, 0.01
9542, 10, 59, Status.SNAKE, 0.01
9543, 3, 24, Status.SNAKE, 0.01
9544, 7, 41, Status.WALL, 0.01
9545, 8, 53, Status.SNAKE, 0.01
9546, 9, 69, Status.WALL, 0.01
9547, 8, 55, Status.SNAKE, 0.01
9548, 16, 104, Status.SNAKE, 0.01
9549, 4, 31, Status.WALL, 0.01
9550, 11, 74, Status.SNAKE, 0.01
9551, 3, 18, Status.WALL, 0.01
9552, 5, 31, Status.WALL, 0.01
9553, 11, 68, Status.SNAKE, 0.01
9554, 9, 64, Status.SNAKE, 0.01
9555, 9, 76, Status.SNAKE, 0.01
9556, 6, 31, Status.SNAKE, 0.01
9557, 11, 59, Status.WALL, 0.01
9558, 10, 61, Status.SNAKE, 0.01
9559, 8, 50, Status.SNAKE, 0.01
9560, 9, 65, Status.SNAKE, 0.01
9561, 13, 81, Status.SNAKE, 0.01
9562, 11, 90, Status.SNAKE, 0.01
9563, 18, 138, Status.WALL, 0.01
9564, 0, 6, Status.WALL, 0.01
9565, 5, 23, Status.SNAKE, 0.01
9566, 16, 98, Status.SNAKE, 0.01
9567, 5, 34, Status.SNAKE, 0.01
9568, 11, 101, Status.SNAKE, 0.01
9569, 20, 125, Status.SNAKE, 0.01
9570, 9, 64, Status.SNAKE, 0.01
9571, 13, 86, Status.SNAKE, 0.01
9572, 5, 27, Status.SNAKE, 0.01
9573, 6, 42, Status.SNAKE, 0.01
9574, 13, 76, Status.SNAKE, 0.01
9575, 1, 7, Status.WALL, 0.01
9576, 7, 46, Status.WALL, 0.01
9577, 12, 90, Status.WALL, 0.01
9578, 5, 51, Status.WALL, 0.01
9579, 14, 101, Status.SNAKE, 0.01
9580, 6, 47, Status.SNAKE, 0.01
9581, 5, 50, Status.SNAKE, 0.01
9582, 3, 26, Status.SNAKE, 0.01
9583, 14, 99, Status.SNAKE, 0.01
9584, 9, 44, Status.SNAKE, 0.01
9585, 9, 51, Status.SNAKE, 0.01
9586, 11, 66, Status.SNAKE, 0.01
9587, 4, 16, Status.SNAKE, 0.01
9588, 12, 79, Status.SNAKE, 0.01
9589, 5, 48, Status.SNAKE, 0.01
9590, 4, 27, Status.WALL, 0.01
9591, 11, 76, Status.SNAKE, 0.01
9592, 10, 61, Status.SNAKE, 0.01
9593, 6, 36, Status.SNAKE, 0.01
9594, 4, 37, Status.SNAKE, 0.01
9595, 10, 70, Status.SNAKE, 0.01
9596, 20, 128, Status.SNAKE, 0.01
9597, 16, 94, Status.SNAKE, 0.01
9598, 2, 15, Status.SNAKE, 0.01
9599, 6, 46, Status.WALL, 0.01
9600, 14, 72, Status.SNAKE, 0.01
9601, 2, 13, Status.SNAKE, 0.01
9602, 12, 86, Status.WALL, 0.01
9603, 11, 77, Status.SNAKE, 0.01
9604, 11, 72, Status.WALL, 0.01
9605, 11, 86, Status.SNAKE, 0.01
9606, 5, 28, Status.WALL, 0.01
9607, 9, 77, Status.SNAKE, 0.01
9608, 4, 17, Status.WALL, 0.01
9609, 7, 43, Status.SNAKE, 0.01
9610, 15, 78, Status.SNAKE, 0.01
9611, 9, 47, Status.SNAKE, 0.01
9612, 12, 77, Status.SNAKE, 0.01
9613, 14, 101, Status.SNAKE, 0.01
9614, 5, 31, Status.SNAKE, 0.01
9615, 6, 34, Status.SNAKE, 0.01
9616, 11, 72, Status.SNAKE, 0.01
9617, 14, 94, Status.WALL, 0.01
9618, 9, 65, Status.SNAKE, 0.01
9619, 10, 54, Status.SNAKE, 0.01
9620, 9, 62, Status.SNAKE, 0.01
9621, 3, 19, Status.WALL, 0.01
9622, 17, 107, Status.SNAKE, 0.01
9623, 12, 84, Status.WALL, 0.01
9624, 18, 108, Status.SNAKE, 0.01
9625, 6, 35, Status.SNAKE, 0.01
9626, 10, 62, Status.SNAKE, 0.01
9627, 9, 56, Status.SNAKE, 0.01
9628, 7, 61, Status.SNAKE, 0.01
9629, 2, 22, Status.SNAKE, 0.01
9630, 17, 84, Status.WALL, 0.01
9631, 9, 46, Status.SNAKE, 0.01
9632, 6, 38, Status.WALL, 0.01
9633, 12, 65, Status.SNAKE, 0.01
9634, 8, 32, Status.WALL, 0.01
9635, 10, 79, Status.SNAKE, 0.01
9636, 3, 14, Status.WALL, 0.01
9637, 1, 3, Status.SNAKE, 0.01
9638, 7, 35, Status.WALL, 0.01
9639, 16, 104, Status.WALL, 0.01
9640, 10, 54, Status.SNAKE, 0.01
9641, 6, 64, Status.SNAKE, 0.01
9642, 15, 87, Status.SNAKE, 0.01
9643, 7, 47, Status.SNAKE, 0.01
9644, 5, 29, Status.SNAKE, 0.01
9645, 1, 7, Status.WALL, 0.01
9646, 12, 87, Status.SNAKE, 0.01
9647, 12, 57, Status.SNAKE, 0.01
9648, 3, 24, Status.WALL, 0.01
9649, 2, 13, Status.WALL, 0.01
9650, 10, 92, Status.SNAKE, 0.01
9651, 9, 58, Status.SNAKE, 0.01
9652, 15, 118, Status.WALL, 0.01
9653, 3, 18, Status.WALL, 0.01
9654, 6, 42, Status.WALL, 0.01
9655, 11, 60, Status.SNAKE, 0.01
9656, 15, 98, Status.WALL, 0.01
9657, 14, 87, Status.SNAKE, 0.01
9658, 9, 53, Status.SNAKE, 0.01
9659, 13, 107, Status.SNAKE, 0.01
9660, 6, 26, Status.SNAKE, 0.01
9661, 11, 73, Status.SNAKE, 0.01
9662, 5, 35, Status.SNAKE, 0.01
9663, 7, 55, Status.SNAKE, 0.01
9664, 11, 67, Status.SNAKE, 0.01
9665, 2, 20, Status.SNAKE, 0.01
9666, 11, 55, Status.SNAKE, 0.01
9667, 11, 63, Status.SNAKE, 0.01
9668, 12, 83, Status.SNAKE, 0.01
9669, 14, 82, Status.SNAKE, 0.01
9670, 8, 53, Status.WALL, 0.01
9671, 5, 41, Status.SNAKE, 0.01
9672, 2, 16, Status.WALL, 0.01
9673, 8, 59, Status.SNAKE, 0.01
9674, 13, 72, Status.SNAKE, 0.01
9675, 9, 47, Status.SNAKE, 0.01
9676, 14, 87, Status.SNAKE, 0.01
9677, 12, 70, Status.SNAKE, 0.01
9678, 6, 45, Status.SNAKE, 0.01
9679, 1, 3, Status.SNAKE, 0.01
9680, 12, 75, Status.SNAKE, 0.01
9681, 8, 50, Status.WALL, 0.01
9682, 6, 43, Status.SNAKE, 0.01
9683, 15, 91, Status.SNAKE, 0.01
9684, 17, 104, Status.SNAKE, 0.01
9685, 7, 46, Status.SNAKE, 0.01
9686, 5, 28, Status.SNAKE, 0.01
9687, 1, 3, Status.SNAKE, 0.01
9688, 3, 18, Status.WALL, 0.01
9689, 9, 70, Status.WALL, 0.01
9690, 10, 52, Status.SNAKE, 0.01
9691, 9, 52, Status.SNAKE, 0.01
9692, 6, 40, Status.SNAKE, 0.01
9693, 14, 92, Status.SNAKE, 0.01
9694, 8, 59, Status.WALL, 0.01
9695, 6, 41, Status.SNAKE, 0.01
9696, 8, 63, Status.SNAKE, 0.01
9697, 7, 51, Status.SNAKE, 0.01
9698, 8, 59, Status.SNAKE, 0.01
9699, 5, 35, Status.SNAKE, 0.01
9700, 16, 115, Status.SNAKE, 0.01
9701, 10, 73, Status.SNAKE, 0.01
9702, 7, 41, Status.SNAKE, 0.01
9703, 7, 52, Status.SNAKE, 0.01
9704, 3, 20, Status.SNAKE, 0.01
9705, 11, 83, Status.SNAKE, 0.01
9706, 2, 7, Status.WALL, 0.01
9707, 2, 11, Status.SNAKE, 0.01
9708, 6, 33, Status.SNAKE, 0.01
9709, 19, 143, Status.WALL, 0.01
9710, 9, 82, Status.SNAKE, 0.01
9711, 9, 52, Status.SNAKE, 0.01
9712, 12, 77, Status.SNAKE, 0.01
9713, 6, 33, Status.SNAKE, 0.01
9714, 8, 65, Status.SNAKE, 0.01
9715, 11, 57, Status.SNAKE, 0.01
9716, 4, 15, Status.SNAKE, 0.01
9717, 10, 79, Status.WALL, 0.01
9718, 11, 66, Status.SNAKE, 0.01
9719, 16, 96, Status.SNAKE, 0.01
9720, 6, 33, Status.SNAKE, 0.01
9721, 5, 38, Status.WALL, 0.01
9722, 6, 31, Status.SNAKE, 0.01
9723, 9, 49, Status.SNAKE, 0.01
9724, 5, 30, Status.SNAKE, 0.01
9725, 19, 131, Status.SNAKE, 0.01
9726, 11, 70, Status.SNAKE, 0.01
9727, 12, 64, Status.SNAKE, 0.01
9728, 22, 137, Status.SNAKE, 0.01
9729, 23, 142, Status.WALL, 0.01
9730, 11, 90, Status.SNAKE, 0.01
9731, 9, 54, Status.SNAKE, 0.01
9732, 4, 20, Status.WALL, 0.01
9733, 9, 61, Status.SNAKE, 0.01
9734, 8, 52, Status.SNAKE, 0.01
9735, 8, 45, Status.WALL, 0.01
9736, 11, 87, Status.SNAKE, 0.01
9737, 12, 69, Status.SNAKE, 0.01
9738, 8, 44, Status.WALL, 0.01
9739, 1, 3, Status.SNAKE, 0.01
9740, 7, 39, Status.SNAKE, 0.01
9741, 12, 86, Status.SNAKE, 0.01
9742, 8, 47, Status.SNAKE, 0.01
9743, 6, 42, Status.WALL, 0.01
9744, 3, 21, Status.SNAKE, 0.01
9745, 14, 94, Status.WALL, 0.01
9746, 7, 42, Status.WALL, 0.01
9747, 6, 38, Status.SNAKE, 0.01
9748, 12, 75, Status.SNAKE, 0.01
9749, 14, 77, Status.SNAKE, 0.01
9750, 5, 32, Status.SNAKE, 0.01
9751, 4, 27, Status.WALL, 0.01
9752, 2, 13, Status.WALL, 0.01
9753, 3, 18, Status.SNAKE, 0.01
9754, 7, 50, Status.SNAKE, 0.01
9755, 6, 38, Status.SNAKE, 0.01
9756, 15, 108, Status.WALL, 0.01
9757, 15, 108, Status.SNAKE, 0.01
9758, 10, 54, Status.SNAKE, 0.01
9759, 8, 38, Status.SNAKE, 0.01
9760, 10, 50, Status.SNAKE, 0.01
9761, 7, 54, Status.SNAKE, 0.01
9762, 14, 111, Status.SNAKE, 0.01
9763, 9, 76, Status.SNAKE, 0.01
9764, 17, 105, Status.SNAKE, 0.01
9765, 15, 86, Status.SNAKE, 0.01
9766, 3, 14, Status.SNAKE, 0.01
9767, 7, 42, Status.SNAKE, 0.01
9768, 11, 83, Status.WALL, 0.01
9769, 6, 46, Status.SNAKE, 0.01
9770, 5, 28, Status.SNAKE, 0.01
9771, 7, 40, Status.WALL, 0.01
9772, 11, 75, Status.SNAKE, 0.01
9773, 11, 85, Status.SNAKE, 0.01
9774, 6, 42, Status.WALL, 0.01
9775, 16, 113, Status.SNAKE, 0.01
9776, 12, 82, Status.SNAKE, 0.01
9777, 7, 48, Status.SNAKE, 0.01
9778, 13, 95, Status.SNAKE, 0.01
9779, 5, 36, Status.WALL, 0.01
9780, 9, 54, Status.SNAKE, 0.01
9781, 10, 59, Status.SNAKE, 0.01
9782, 14, 90, Status.WALL, 0.01
9783, 5, 32, Status.SNAKE, 0.01
9784, 11, 65, Status.WALL, 0.01
9785, 14, 105, Status.SNAKE, 0.01
9786, 8, 43, Status.SNAKE, 0.01
9787, 11, 86, Status.WALL, 0.01
9788, 15, 93, Status.WALL, 0.01
9789, 24, 178, Status.SNAKE, 0.01
9790, 3, 16, Status.SNAKE, 0.01
9791, 5, 33, Status.WALL, 0.01
9792, 11, 62, Status.WALL, 0.01
9793, 5, 33, Status.SNAKE, 0.01
9794, 14, 94, Status.SNAKE, 0.01
9795, 5, 33, Status.SNAKE, 0.01
9796, 11, 47, Status.WALL, 0.01
9797, 10, 64, Status.WALL, 0.01
9798, 7, 56, Status.SNAKE, 0.01
9799, 2, 9, Status.SNAKE, 0.01
9800, 6, 36, Status.SNAKE, 0.01
9801, 6, 40, Status.SNAKE, 0.01
9802, 9, 65, Status.WALL, 0.01
9803, 16, 118, Status.SNAKE, 0.01
9804, 4, 18, Status.SNAKE, 0.01
9805, 7, 48, Status.WALL, 0.01
9806, 10, 58, Status.SNAKE, 0.01
9807, 7, 33, Status.SNAKE, 0.01
9808, 14, 112, Status.SNAKE, 0.01
9809, 8, 55, Status.SNAKE, 0.01
9810, 4, 28, Status.SNAKE, 0.01
9811, 12, 91, Status.SNAKE, 0.01
9812, 17, 115, Status.SNAKE, 0.01
9813, 13, 88, Status.SNAKE, 0.01
9814, 7, 53, Status.SNAKE, 0.01
9815, 5, 35, Status.SNAKE, 0.01
9816, 14, 76, Status.SNAKE, 0.01
9817, 7, 42, Status.SNAKE, 0.01
9818, 11, 59, Status.SNAKE, 0.01
9819, 3, 30, Status.WALL, 0.01
9820, 15, 115, Status.SNAKE, 0.01
9821, 11, 70, Status.SNAKE, 0.01
9822, 11, 83, Status.WALL, 0.01
9823, 10, 80, Status.WALL, 0.01
9824, 4, 22, Status.SNAKE, 0.01
9825, 9, 49, Status.SNAKE, 0.01
9826, 7, 48, Status.SNAKE, 0.01
9827, 7, 39, Status.SNAKE, 0.01
9828, 5, 30, Status.SNAKE, 0.01
9829, 6, 31, Status.SNAKE, 0.01
9830, 11, 74, Status.SNAKE, 0.01
9831, 11, 78, Status.SNAKE, 0.01
9832, 13, 79, Status.SNAKE, 0.01
9833, 14, 133, Status.SNAKE, 0.01
9834, 13, 100, Status.SNAKE, 0.01
9835, 5, 37, Status.SNAKE, 0.01
9836, 11, 77, Status.SNAKE, 0.01
9837, 14, 110, Status.SNAKE, 0.01
9838, 4, 24, Status.WALL, 0.01
9839, 4, 30, Status.SNAKE, 0.01
9840, 16, 107, Status.SNAKE, 0.01
9841, 5, 35, Status.SNAKE, 0.01
9842, 8, 51, Status.SNAKE, 0.01
9843, 1, 10, Status.WALL, 0.01
9844, 6, 42, Status.SNAKE, 0.01
9845, 4, 30, Status.SNAKE, 0.01
9846, 4, 19, Status.SNAKE, 0.01
9847, 13, 88, Status.SNAKE, 0.01
9848, 5, 32, Status.SNAKE, 0.01
9849, 5, 23, Status.SNAKE, 0.01
9850, 9, 62, Status.SNAKE, 0.01
9851, 8, 43, Status.SNAKE, 0.01
9852, 12, 96, Status.SNAKE, 0.01
9853, 8, 52, Status.WALL, 0.01
9854, 8, 71, Status.WALL, 0.01
9855, 8, 49, Status.SNAKE, 0.01
9856, 1, 3, Status.SNAKE, 0.01
9857, 5, 26, Status.WALL, 0.01
9858, 2, 10, Status.WALL, 0.01
9859, 14, 100, Status.SNAKE, 0.01
9860, 14, 121, Status.SNAKE, 0.01
9861, 2, 17, Status.SNAKE, 0.01
9862, 9, 52, Status.SNAKE, 0.01
9863, 10, 50, Status.WALL, 0.01
9864, 8, 49, Status.SNAKE, 0.01
9865, 9, 61, Status.WALL, 0.01
9866, 10, 78, Status.WALL, 0.01
9867, 8, 67, Status.SNAKE, 0.01
9868, 16, 97, Status.SNAKE, 0.01
9869, 10, 61, Status.SNAKE, 0.01
9870, 9, 57, Status.SNAKE, 0.01
9871, 10, 55, Status.SNAKE, 0.01
9872, 7, 50, Status.SNAKE, 0.01
9873, 5, 35, Status.SNAKE, 0.01
9874, 3, 26, Status.SNAKE, 0.01
9875, 9, 59, Status.SNAKE, 0.01
9876, 15, 109, Status.SNAKE, 0.01
9877, 8, 46, Status.SNAKE, 0.01
9878, 1, 5, Status.SNAKE, 0.01
9879, 10, 63, Status.SNAKE, 0.01
9880, 5, 30, Status.WALL, 0.01
9881, 1, 3, Status.SNAKE, 0.01
9882, 12, 70, Status.SNAKE, 0.01
9883, 8, 41, Status.SNAKE, 0.01
9884, 6, 20, Status.SNAKE, 0.01
9885, 13, 88, Status.SNAKE, 0.01
9886, 16, 93, Status.SNAKE, 0.01
9887, 4, 24, Status.SNAKE, 0.01
9888, 13, 66, Status.SNAKE, 0.01
9889, 4, 12, Status.SNAKE, 0.01
9890, 7, 59, Status.SNAKE, 0.01
9891, 9, 75, Status.WALL, 0.01
9892, 15, 107, Status.SNAKE, 0.01
9893, 5, 37, Status.SNAKE, 0.01
9894, 11, 67, Status.SNAKE, 0.01
9895, 6, 41, Status.SNAKE, 0.01
9896, 8, 71, Status.WALL, 0.01
9897, 9, 43, Status.SNAKE, 0.01
9898, 7, 48, Status.SNAKE, 0.01
9899, 7, 39, Status.SNAKE, 0.01
9900, 12, 94, Status.SNAKE, 0.01
9901, 13, 83, Status.SNAKE, 0.01
9902, 14, 115, Status.SNAKE, 0.01
9903, 1, 5, Status.SNAKE, 0.01
9904, 12, 81, Status.SNAKE, 0.01
9905, 10, 68, Status.SNAKE, 0.01
9906, 7, 40, Status.SNAKE, 0.01
9907, 7, 46, Status.SNAKE, 0.01
9908, 11, 71, Status.SNAKE, 0.01
9909, 8, 46, Status.SNAKE, 0.01
9910, 5, 38, Status.WALL, 0.01
9911, 9, 57, Status.SNAKE, 0.01
9912, 10, 61, Status.SNAKE, 0.01
9913, 3, 16, Status.SNAKE, 0.01
9914, 5, 29, Status.SNAKE, 0.01
9915, 14, 73, Status.SNAKE, 0.01
9916, 16, 116, Status.WALL, 0.01
9917, 16, 90, Status.SNAKE, 0.01
9918, 12, 79, Status.SNAKE, 0.01
9919, 11, 71, Status.SNAKE, 0.01
9920, 9, 63, Status.SNAKE, 0.01
9921, 12, 91, Status.WALL, 0.01
9922, 1, 14, Status.SNAKE, 0.01
9923, 10, 77, Status.SNAKE, 0.01
9924, 8, 51, Status.SNAKE, 0.01
9925, 13, 97, Status.SNAKE, 0.01
9926, 13, 74, Status.SNAKE, 0.01
9927, 7, 54, Status.SNAKE, 0.01
9928, 6, 44, Status.WALL, 0.01
9929, 9, 44, Status.SNAKE, 0.01
9930, 3, 28, Status.SNAKE, 0.01
9931, 3, 22, Status.SNAKE, 0.01
9932, 3, 17, Status.SNAKE, 0.01
9933, 6, 40, Status.SNAKE, 0.01
9934, 6, 40, Status.SNAKE, 0.01
9935, 17, 133, Status.SNAKE, 0.01
9936, 9, 59, Status.SNAKE, 0.01
9937, 4, 25, Status.SNAKE, 0.01
9938, 6, 35, Status.SNAKE, 0.01
9939, 22, 163, Status.SNAKE, 0.01
9940, 2, 13, Status.WALL, 0.01
9941, 4, 26, Status.WALL, 0.01
9942, 7, 35, Status.SNAKE, 0.01
9943, 13, 101, Status.WALL, 0.01
9944, 9, 46, Status.WALL, 0.01
9945, 4, 39, Status.SNAKE, 0.01
9946, 6, 39, Status.SNAKE, 0.01
9947, 9, 76, Status.SNAKE, 0.01
9948, 9, 57, Status.SNAKE, 0.01
9949, 4, 23, Status.WALL, 0.01
9950, 12, 96, Status.SNAKE, 0.01
9951, 17, 100, Status.SNAKE, 0.01
9952, 8, 39, Status.SNAKE, 0.01
9953, 8, 51, Status.SNAKE, 0.01
9954, 6, 31, Status.SNAKE, 0.01
9955, 14, 78, Status.SNAKE, 0.01
9956, 5, 34, Status.SNAKE, 0.01
9957, 13, 81, Status.SNAKE, 0.01
9958, 13, 79, Status.SNAKE, 0.01
9959, 9, 80, Status.SNAKE, 0.01
9960, 9, 63, Status.SNAKE, 0.01
9961, 6, 35, Status.SNAKE, 0.01
9962, 3, 9, Status.SNAKE, 0.01
9963, 15, 105, Status.SNAKE, 0.01
9964, 9, 50, Status.SNAKE, 0.01
9965, 16, 127, Status.SNAKE, 0.01
9966, 3, 22, Status.SNAKE, 0.01
9967, 1, 5, Status.SNAKE, 0.01
9968, 5, 29, Status.SNAKE, 0.01
9969, 12, 77, Status.SNAKE, 0.01
9970, 10, 62, Status.SNAKE, 0.01
9971, 13, 86, Status.SNAKE, 0.01
9972, 3, 12, Status.SNAKE, 0.01
9973, 10, 58, Status.SNAKE, 0.01
9974, 16, 109, Status.SNAKE, 0.01
9975, 9, 59, Status.SNAKE, 0.01
9976, 6, 46, Status.SNAKE, 0.01
9977, 7, 47, Status.SNAKE, 0.01
9978, 9, 72, Status.SNAKE, 0.01
9979, 9, 63, Status.WALL, 0.01
9980, 9, 43, Status.SNAKE, 0.01
9981, 20, 143, Status.SNAKE, 0.01
9982, 7, 48, Status.WALL, 0.01
9983, 8, 51, Status.SNAKE, 0.01
9984, 8, 52, Status.SNAKE, 0.01
9985, 9, 84, Status.WALL, 0.01
9986, 11, 65, Status.SNAKE, 0.01
9987, 8, 55, Status.SNAKE, 0.01
9988, 10, 98, Status.SNAKE, 0.01
9989, 3, 10, Status.SNAKE, 0.01
9990, 16, 93, Status.WALL, 0.01
9991, 11, 62, Status.SNAKE, 0.01
9992, 16, 91, Status.SNAKE, 0.01
9993, 8, 60, Status.WALL, 0.01
9994, 14, 88, Status.SNAKE, 0.01
9995, 11, 84, Status.SNAKE, 0.01
9996, 4, 29, Status.WALL, 0.01
9997, 9, 67, Status.SNAKE, 0.01
9998, 15, 87, Status.SNAKE, 0.01
9999, 4, 28, Status.WALL, 0.01
10000, 5, 30, Status.SNAKE, 0.01
