Episode,Score,Total Steps,Death,Epsilon
1, 0, 8, Status.WALL, 1.0
2, 0, 12, Status.WALL, 0.995
3, 0, 10, Status.WALL, 0.990025
4, 0, 38, Status.WALL, 0.985074875
5, 0, 16, Status.WALL, 0.9801495006250001
6, 0, 5, Status.WALL, 0.9752487531218751
7, 1, 3, Status.SNAKE, 0.9703725093562657
8, 0, 7, Status.WALL, 0.9655206468094844
9, 0, 9, Status.WALL, 0.960693043575437
10, 0, 14, Status.WALL, 0.9558895783575597
11, 0, 14, Status.WALL, 0.9511101304657719
12, 1, 12, Status.WALL, 0.946354579813443
13, 0, 15, Status.WALL, 0.9416228069143757
14, 0, 23, Status.WALL, 0.9369146928798039
15, 0, 4, Status.WALL, 0.9322301194154049
16, 1, 32, Status.WALL, 0.9275689688183278
17, 0, 13, Status.WALL, 0.9229311239742362
18, 0, 9, Status.WALL, 0.918316468354365
19, 0, 37, Status.WALL, 0.9137248860125932
20, 0, 23, Status.WALL, 0.9091562615825302
21, 0, 10, Status.WALL, 0.9046104802746175
22, 0, 9, Status.WALL, 0.9000874278732445
23, 0, 11, Status.WALL, 0.8955869907338783
24, 0, 10, Status.WALL, 0.8911090557802088
25, 0, 7, Status.WALL, 0.8866535105013078
26, 1, 5, Status.SNAKE, 0.8822202429488013
27, 0, 7, Status.WALL, 0.8778091417340573
28, 1, 19, Status.WALL, 0.8734200960253871
29, 0, 9, Status.WALL, 0.8690529955452602
30, 0, 20, Status.WALL, 0.8647077305675338
31, 1, 14, Status.SNAKE, 0.8603841919146962
32, 1, 26, Status.WALL, 0.8560822709551227
33, 0, 31, Status.WALL, 0.851801859600347
34, 0, 30, Status.WALL, 0.8475428503023453
35, 1, 8, Status.SNAKE, 0.8433051360508336
36, 1, 10, Status.WALL, 0.8390886103705794
37, 1, 21, Status.WALL, 0.8348931673187264
38, 0, 12, Status.WALL, 0.8307187014821328
39, 1, 17, Status.WALL, 0.8265651079747222
40, 0, 14, Status.WALL, 0.8224322824348486
41, 0, 5, Status.WALL, 0.8183201210226743
42, 0, 13, Status.WALL, 0.8142285204175609
43, 0, 10, Status.WALL, 0.810157377815473
44, 1, 14, Status.WALL, 0.8061065909263957
45, 0, 34, Status.WALL, 0.8020760579717637
46, 0, 13, Status.WALL, 0.798065677681905
47, 2, 27, Status.SNAKE, 0.7940753492934954
48, 0, 20, Status.WALL, 0.7901049725470279
49, 1, 12, Status.WALL, 0.7861544476842928
50, 0, 32, Status.WALL, 0.7822236754458713
51, 1, 35, Status.WALL, 0.778312557068642
52, 1, 9, Status.WALL, 0.7744209942832988
53, 0, 8, Status.WALL, 0.7705488893118823
54, 1, 7, Status.WALL, 0.7666961448653229
55, 0, 6, Status.WALL, 0.7628626641409962
56, 0, 12, Status.WALL, 0.7590483508202912
57, 0, 6, Status.WALL, 0.7552531090661897
58, 0, 5, Status.WALL, 0.7514768435208588
59, 0, 9, Status.WALL, 0.7477194593032545
60, 0, 15, Status.WALL, 0.7439808620067382
61, 1, 17, Status.WALL, 0.7402609576967045
62, 0, 14, Status.WALL, 0.736559652908221
63, 0, 16, Status.WALL, 0.7328768546436799
64, 1, 13, Status.SNAKE, 0.7292124703704616
65, 1, 14, Status.WALL, 0.7255664080186093
66, 1, 8, Status.WALL, 0.7219385759785162
67, 2, 30, Status.SNAKE, 0.7183288830986236
68, 1, 12, Status.SNAKE, 0.7147372386831305
69, 0, 7, Status.WALL, 0.7111635524897149
70, 1, 50, Status.SNAKE, 0.7076077347272662
71, 0, 6, Status.WALL, 0.7040696960536299
72, 0, 26, Status.WALL, 0.7005493475733617
73, 1, 13, Status.SNAKE, 0.697046600835495
74, 0, 5, Status.WALL, 0.6935613678313175
75, 0, 15, Status.WALL, 0.6900935609921609
76, 0, 11, Status.WALL, 0.6866430931872001
77, 0, 9, Status.WALL, 0.6832098777212641
78, 0, 13, Status.WALL, 0.6797938283326578
79, 0, 41, Status.WALL, 0.6763948591909945
80, 0, 10, Status.WALL, 0.6730128848950395
81, 0, 8, Status.WALL, 0.6696478204705644
82, 0, 12, Status.WALL, 0.6662995813682115
83, 1, 18, Status.WALL, 0.6629680834613705
84, 1, 17, Status.WALL, 0.6596532430440636
85, 0, 9, Status.WALL, 0.6563549768288433
86, 0, 6, Status.WALL, 0.653073201944699
87, 0, 6, Status.WALL, 0.6498078359349755
88, 0, 6, Status.WALL, 0.6465587967553006
89, 0, 15, Status.WALL, 0.6433260027715241
90, 0, 37, Status.WALL, 0.6401093727576664
91, 2, 15, Status.WALL, 0.6369088258938781
92, 0, 21, Status.WALL, 0.6337242817644086
93, 0, 7, Status.WALL, 0.6305556603555866
94, 2, 10, Status.WALL, 0.6274028820538087
95, 0, 7, Status.WALL, 0.6242658676435396
96, 0, 14, Status.WALL, 0.6211445383053219
97, 0, 19, Status.WALL, 0.6180388156137953
98, 2, 18, Status.WALL, 0.6149486215357263
99, 1, 19, Status.WALL, 0.6118738784280476
100, 0, 7, Status.WALL, 0.6088145090359074
101, 1, 5, Status.SNAKE, 0.6057704364907278
102, 0, 9, Status.WALL, 0.6027415843082742
103, 1, 16, Status.SNAKE, 0.5997278763867329
104, 0, 7, Status.WALL, 0.5967292370047992
105, 1, 36, Status.WALL, 0.5937455908197752
106, 2, 21, Status.WALL, 0.5907768628656763
107, 2, 26, Status.WALL, 0.5878229785513479
108, 0, 7, Status.WALL, 0.5848838636585911
109, 1, 33, Status.SNAKE, 0.5819594443402982
110, 2, 26, Status.WALL, 0.5790496471185967
111, 2, 26, Status.SNAKE, 0.5761543988830038
112, 1, 14, Status.SNAKE, 0.5732736268885887
113, 0, 8, Status.WALL, 0.5704072587541458
114, 0, 9, Status.WALL, 0.567555222460375
115, 1, 11, Status.SNAKE, 0.5647174463480732
116, 1, 9, Status.WALL, 0.5618938591163328
117, 1, 15, Status.SNAKE, 0.5590843898207511
118, 2, 15, Status.WALL, 0.5562889678716474
119, 0, 8, Status.WALL, 0.5535075230322891
120, 1, 6, Status.WALL, 0.5507399854171277
121, 1, 10, Status.WALL, 0.547986285490042
122, 1, 33, Status.WALL, 0.5452463540625918
123, 1, 9, Status.WALL, 0.5425201222922789
124, 0, 12, Status.WALL, 0.5398075216808175
125, 1, 19, Status.SNAKE, 0.5371084840724134
126, 2, 13, Status.WALL, 0.5344229416520513
127, 1, 21, Status.SNAKE, 0.531750826943791
128, 0, 12, Status.WALL, 0.5290920728090721
129, 0, 13, Status.WALL, 0.5264466124450268
130, 1, 6, Status.SNAKE, 0.5238143793828016
131, 1, 4, Status.WALL, 0.5211953074858876
132, 1, 4, Status.SNAKE, 0.5185893309484582
133, 2, 22, Status.WALL, 0.5159963842937159
134, 1, 8, Status.WALL, 0.5134164023722473
135, 1, 11, Status.WALL, 0.510849320360386
136, 0, 7, Status.WALL, 0.5082950737585841
137, 1, 12, Status.WALL, 0.5057535983897912
138, 1, 20, Status.WALL, 0.5032248303978422
139, 1, 13, Status.WALL, 0.500708706245853
140, 1, 16, Status.SNAKE, 0.4982051627146237
141, 0, 9, Status.WALL, 0.49571413690105054
142, 1, 9, Status.WALL, 0.4932355662165453
143, 1, 3, Status.SNAKE, 0.4907693883854626
144, 1, 10, Status.WALL, 0.4883155414435353
145, 2, 30, Status.SNAKE, 0.4858739637363176
146, 6, 65, Status.SNAKE, 0.483444593917636
147, 1, 30, Status.WALL, 0.4810273709480478
148, 0, 5, Status.WALL, 0.47862223409330756
149, 0, 6, Status.WALL, 0.47622912292284103
150, 2, 15, Status.WALL, 0.4738479773082268
151, 2, 39, Status.WALL, 0.47147873742168567
152, 3, 40, Status.WALL, 0.46912134373457726
153, 0, 4, Status.WALL, 0.46677573701590436
154, 0, 6, Status.WALL, 0.46444185833082485
155, 0, 21, Status.WALL, 0.46211964903917074
156, 0, 9, Status.WALL, 0.4598090507939749
157, 1, 6, Status.WALL, 0.457510005540005
158, 1, 12, Status.WALL, 0.45522245551230495
159, 8, 61, Status.WALL, 0.4529463432347434
160, 0, 6, Status.WALL, 0.4506816115185697
161, 0, 8, Status.WALL, 0.4484282034609769
162, 2, 21, Status.WALL, 0.446186062443672
163, 1, 17, Status.SNAKE, 0.4439551321314536
164, 1, 12, Status.SNAKE, 0.4417353564707963
165, 2, 69, Status.SNAKE, 0.43952667968844233
166, 1, 7, Status.SNAKE, 0.43732904629000013
167, 1, 36, Status.SNAKE, 0.4351424010585501
168, 1, 6, Status.WALL, 0.43296668905325736
169, 1, 16, Status.SNAKE, 0.43080185560799106
170, 1, 12, Status.SNAKE, 0.4286478463299511
171, 3, 57, Status.SNAKE, 0.42650460709830135
172, 1, 20, Status.WALL, 0.42437208406280985
173, 0, 14, Status.WALL, 0.4222502236424958
174, 1, 26, Status.WALL, 0.42013897252428334
175, 1, 5, Status.WALL, 0.4180382776616619
176, 1, 8, Status.SNAKE, 0.4159480862733536
177, 1, 19, Status.SNAKE, 0.41386834584198684
178, 2, 25, Status.SNAKE, 0.4117990041127769
179, 3, 26, Status.SNAKE, 0.40974000909221303
180, 0, 11, Status.WALL, 0.40769130904675194
181, 0, 12, Status.WALL, 0.40565285250151817
182, 2, 20, Status.SNAKE, 0.4036245882390106
183, 1, 12, Status.WALL, 0.4016064652978155
184, 1, 3, Status.SNAKE, 0.3995984329713264
185, 1, 8, Status.WALL, 0.3976004408064698
186, 1, 5, Status.SNAKE, 0.39561243860243744
187, 1, 11, Status.SNAKE, 0.3936343764094253
188, 3, 49, Status.WALL, 0.39166620452737816
189, 1, 3, Status.SNAKE, 0.3897078735047413
190, 1, 12, Status.WALL, 0.3877593341372176
191, 0, 12, Status.WALL, 0.3858205374665315
192, 1, 23, Status.SNAKE, 0.38389143477919885
193, 2, 21, Status.WALL, 0.3819719776053028
194, 0, 34, Status.WALL, 0.3800621177172763
195, 3, 30, Status.SNAKE, 0.37816180712868996
196, 2, 16, Status.WALL, 0.37627099809304654
197, 4, 55, Status.SNAKE, 0.3743896431025813
198, 3, 13, Status.WALL, 0.37251769488706843
199, 3, 44, Status.WALL, 0.3706551064126331
200, 1, 18, Status.SNAKE, 0.36880183088056995
201, 1, 13, Status.SNAKE, 0.3669578217261671
202, 2, 22, Status.WALL, 0.36512303261753626
203, 0, 7, Status.WALL, 0.3632974174544486
204, 1, 3, Status.SNAKE, 0.3614809303671764
205, 4, 25, Status.WALL, 0.3596735257153405
206, 5, 40, Status.SNAKE, 0.3578751580867638
207, 1, 8, Status.SNAKE, 0.35608578229633
208, 1, 9, Status.WALL, 0.3543053533848483
209, 2, 28, Status.SNAKE, 0.35253382661792404
210, 2, 24, Status.SNAKE, 0.3507711574848344
211, 4, 34, Status.WALL, 0.34901730169741024
212, 2, 17, Status.WALL, 0.3472722151889232
213, 1, 7, Status.WALL, 0.3455358541129786
214, 3, 45, Status.WALL, 0.3438081748424137
215, 5, 32, Status.WALL, 0.3420891339682016
216, 1, 12, Status.WALL, 0.3403786882983606
217, 2, 26, Status.SNAKE, 0.3386767948568688
218, 3, 48, Status.SNAKE, 0.33698341088258443
219, 4, 37, Status.SNAKE, 0.3352984938281715
220, 2, 30, Status.WALL, 0.33362200135903064
221, 2, 59, Status.SNAKE, 0.33195389135223546
222, 2, 14, Status.SNAKE, 0.3302941218954743
223, 0, 8, Status.WALL, 0.32864265128599696
224, 1, 18, Status.SNAKE, 0.326999438029567
225, 2, 24, Status.WALL, 0.3253644408394192
226, 2, 8, Status.SNAKE, 0.3237376186352221
227, 3, 27, Status.SNAKE, 0.322118930542046
228, 3, 25, Status.WALL, 0.32050833588933575
229, 3, 30, Status.SNAKE, 0.31890579420988907
230, 1, 8, Status.WALL, 0.3173112652388396
231, 1, 11, Status.WALL, 0.3157247089126454
232, 4, 16, Status.SNAKE, 0.3141460853680822
233, 6, 46, Status.WALL, 0.3125753549412418
234, 2, 10, Status.SNAKE, 0.31101247816653554
235, 5, 60, Status.SNAKE, 0.30945741577570285
236, 1, 9, Status.WALL, 0.3079101286968243
237, 1, 20, Status.WALL, 0.3063705780533402
238, 3, 50, Status.WALL, 0.30483872516307353
239, 0, 7, Status.WALL, 0.3033145315372582
240, 5, 35, Status.SNAKE, 0.3017979588795719
241, 4, 26, Status.WALL, 0.30028896908517405
242, 4, 23, Status.WALL, 0.2987875242397482
243, 3, 18, Status.WALL, 0.29729358661854943
244, 3, 27, Status.SNAKE, 0.29580711868545667
245, 2, 14, Status.WALL, 0.2943280830920294
246, 0, 6, Status.WALL, 0.29285644267656924
247, 3, 23, Status.WALL, 0.2913921604631864
248, 2, 30, Status.WALL, 0.28993519966087045
249, 1, 9, Status.SNAKE, 0.2884855236625661
250, 0, 6, Status.WALL, 0.28704309604425327
251, 2, 27, Status.SNAKE, 0.285607880564032
252, 3, 24, Status.WALL, 0.28417984116121187
253, 3, 19, Status.SNAKE, 0.2827589419554058
254, 0, 29, Status.WALL, 0.28134514724562876
255, 1, 5, Status.WALL, 0.2799384215094006
256, 0, 6, Status.WALL, 0.27853872940185365
257, 4, 47, Status.WALL, 0.27714603575484437
258, 1, 8, Status.SNAKE, 0.2757603055760701
259, 1, 8, Status.SNAKE, 0.2743815040481898
260, 0, 13, Status.WALL, 0.2730095965279488
261, 2, 24, Status.WALL, 0.27164454854530906
262, 1, 22, Status.SNAKE, 0.2702863258025825
263, 3, 28, Status.SNAKE, 0.2689348941735696
264, 2, 19, Status.SNAKE, 0.26759021970270175
265, 1, 8, Status.SNAKE, 0.2662522686041882
266, 2, 47, Status.WALL, 0.2649210072611673
267, 3, 17, Status.SNAKE, 0.26359640222486147
268, 2, 31, Status.WALL, 0.26227842021373715
269, 6, 51, Status.WALL, 0.2609670281126685
270, 1, 22, Status.WALL, 0.25966219297210513
271, 7, 42, Status.WALL, 0.2583638820072446
272, 1, 6, Status.SNAKE, 0.2570720625972084
273, 1, 13, Status.WALL, 0.25578670228422234
274, 1, 13, Status.WALL, 0.25450776877280124
275, 1, 8, Status.SNAKE, 0.2532352299289372
276, 2, 9, Status.WALL, 0.2519690537792925
277, 3, 16, Status.SNAKE, 0.2507092085103961
278, 1, 12, Status.WALL, 0.2494556624678441
279, 3, 26, Status.SNAKE, 0.24820838415550486
280, 1, 13, Status.WALL, 0.24696734223472733
281, 4, 43, Status.WALL, 0.2457325055235537
282, 6, 35, Status.SNAKE, 0.24450384299593592
283, 3, 22, Status.WALL, 0.24328132378095624
284, 1, 9, Status.WALL, 0.24206491716205145
285, 4, 47, Status.WALL, 0.2408545925762412
286, 5, 26, Status.SNAKE, 0.23965031961336
287, 1, 5, Status.WALL, 0.2384520680152932
288, 4, 32, Status.SNAKE, 0.23725980767521673
289, 2, 53, Status.WALL, 0.23607350863684065
290, 3, 37, Status.SNAKE, 0.23489314109365644
291, 3, 37, Status.WALL, 0.23371867538818816
292, 4, 44, Status.WALL, 0.23255008201124722
293, 8, 61, Status.SNAKE, 0.231387331601191
294, 0, 12, Status.WALL, 0.23023039494318503
295, 6, 47, Status.WALL, 0.2290792429684691
296, 1, 11, Status.SNAKE, 0.22793384675362674
297, 3, 41, Status.WALL, 0.22679417751985861
298, 2, 5, Status.SNAKE, 0.22566020663225933
299, 1, 15, Status.SNAKE, 0.22453190559909803
300, 4, 37, Status.SNAKE, 0.22340924607110255
301, 3, 15, Status.WALL, 0.22229219984074702
302, 0, 9, Status.WALL, 0.2211807388415433
303, 1, 23, Status.SNAKE, 0.22007483514733558
304, 3, 39, Status.WALL, 0.2189744609715989
305, 0, 10, Status.WALL, 0.2178795886667409
306, 1, 12, Status.SNAKE, 0.2167901907234072
307, 1, 12, Status.WALL, 0.21570623976979014
308, 2, 21, Status.WALL, 0.21462770857094118
309, 1, 16, Status.WALL, 0.21355457002808648
310, 5, 38, Status.SNAKE, 0.21248679717794605
311, 3, 26, Status.WALL, 0.21142436319205632
312, 0, 9, Status.WALL, 0.21036724137609603
313, 3, 10, Status.SNAKE, 0.20931540516921554
314, 6, 35, Status.SNAKE, 0.20826882814336947
315, 6, 41, Status.SNAKE, 0.20722748400265262
316, 6, 67, Status.SNAKE, 0.20619134658263935
317, 3, 24, Status.SNAKE, 0.20516038984972615
318, 1, 8, Status.SNAKE, 0.2041345879004775
319, 6, 50, Status.WALL, 0.2031139149609751
320, 8, 37, Status.WALL, 0.20209834538617025
321, 2, 18, Status.WALL, 0.2010878536592394
322, 1, 10, Status.SNAKE, 0.2000824143909432
323, 0, 14, Status.WALL, 0.19908200231898848
324, 1, 14, Status.SNAKE, 0.19808659230739353
325, 3, 24, Status.SNAKE, 0.19709615934585656
326, 3, 24, Status.SNAKE, 0.19611067854912728
327, 5, 19, Status.SNAKE, 0.19513012515638165
328, 4, 46, Status.WALL, 0.19415447453059972
329, 1, 10, Status.WALL, 0.19318370215794672
330, 4, 35, Status.SNAKE, 0.192217783647157
331, 6, 40, Status.SNAKE, 0.1912566947289212
332, 0, 8, Status.WALL, 0.1903004112552766
333, 2, 25, Status.SNAKE, 0.18934890919900021
334, 3, 41, Status.WALL, 0.18840216465300522
335, 1, 19, Status.WALL, 0.18746015382974018
336, 4, 61, Status.WALL, 0.1865228530605915
337, 4, 15, Status.SNAKE, 0.18559023879528855
338, 3, 22, Status.WALL, 0.1846622876013121
339, 5, 42, Status.WALL, 0.18373897616330553
340, 0, 7, Status.WALL, 0.182820281282489
341, 6, 34, Status.SNAKE, 0.18190617987607657
342, 6, 66, Status.SNAKE, 0.18099664897669618
343, 3, 15, Status.SNAKE, 0.1800916657318127
344, 4, 42, Status.WALL, 0.17919120740315364
345, 0, 7, Status.WALL, 0.17829525136613786
346, 2, 19, Status.WALL, 0.17740377510930716
347, 1, 14, Status.SNAKE, 0.17651675623376062
348, 0, 15, Status.WALL, 0.1756341724525918
349, 0, 7, Status.WALL, 0.17475600159032884
350, 1, 8, Status.WALL, 0.17388222158237718
351, 13, 114, Status.SNAKE, 0.1730128104744653
352, 1, 9, Status.WALL, 0.17214774642209296
353, 2, 13, Status.WALL, 0.1712870076899825
354, 1, 9, Status.WALL, 0.17043057265153258
355, 1, 14, Status.WALL, 0.16957841978827493
356, 3, 14, Status.WALL, 0.16873052768933355
357, 0, 12, Status.WALL, 0.1678868750508869
358, 5, 45, Status.SNAKE, 0.16704744067563246
359, 6, 55, Status.WALL, 0.1662122034722543
360, 4, 53, Status.SNAKE, 0.16538114245489302
361, 0, 4, Status.WALL, 0.16455423674261854
362, 1, 7, Status.WALL, 0.16373146555890544
363, 4, 23, Status.SNAKE, 0.16291280823111093
364, 4, 20, Status.SNAKE, 0.16209824418995536
365, 2, 20, Status.SNAKE, 0.16128775296900558
366, 3, 27, Status.WALL, 0.16048131420416054
367, 3, 30, Status.SNAKE, 0.15967890763313974
368, 1, 9, Status.WALL, 0.15888051309497406
369, 3, 23, Status.WALL, 0.1580861105294992
370, 0, 17, Status.WALL, 0.1572956799768517
371, 2, 10, Status.SNAKE, 0.15650920157696743
372, 4, 28, Status.WALL, 0.1557266555690826
373, 2, 12, Status.WALL, 0.1549480222912372
374, 3, 36, Status.WALL, 0.15417328217978102
375, 1, 16, Status.WALL, 0.1534024157688821
376, 2, 20, Status.SNAKE, 0.1526354036900377
377, 10, 61, Status.WALL, 0.1518722266715875
378, 5, 48, Status.WALL, 0.15111286553822956
379, 2, 26, Status.WALL, 0.15035730121053842
380, 5, 33, Status.SNAKE, 0.14960551470448571
381, 4, 47, Status.SNAKE, 0.14885748713096328
382, 3, 25, Status.WALL, 0.14811319969530845
383, 2, 15, Status.SNAKE, 0.1473726336968319
384, 4, 28, Status.SNAKE, 0.14663577052834775
385, 8, 55, Status.WALL, 0.14590259167570602
386, 9, 62, Status.SNAKE, 0.1451730787173275
387, 1, 16, Status.WALL, 0.14444721332374086
388, 2, 18, Status.SNAKE, 0.14372497725712216
389, 3, 13, Status.SNAKE, 0.14300635237083656
390, 5, 37, Status.SNAKE, 0.14229132060898236
391, 4, 16, Status.SNAKE, 0.14157986400593744
392, 1, 12, Status.SNAKE, 0.14087196468590776
393, 5, 44, Status.WALL, 0.14016760486247823
394, 3, 31, Status.SNAKE, 0.13946676683816583
395, 4, 38, Status.SNAKE, 0.138769433003975
396, 2, 21, Status.WALL, 0.13807558583895513
397, 6, 39, Status.WALL, 0.13738520790976036
398, 1, 5, Status.WALL, 0.13669828187021155
399, 5, 39, Status.SNAKE, 0.13601479046086049
400, 6, 39, Status.WALL, 0.1353347165085562
401, 0, 13, Status.WALL, 0.1346580429260134
402, 3, 11, Status.WALL, 0.13398475271138335
403, 1, 3, Status.SNAKE, 0.13331482894782642
404, 2, 12, Status.SNAKE, 0.13264825480308728
405, 4, 31, Status.SNAKE, 0.13198501352907185
406, 2, 16, Status.WALL, 0.1313250884614265
407, 1, 11, Status.WALL, 0.13066846301911936
408, 13, 83, Status.SNAKE, 0.13001512070402377
409, 3, 24, Status.SNAKE, 0.12936504510050365
410, 3, 32, Status.WALL, 0.12871821987500112
411, 10, 48, Status.SNAKE, 0.12807462877562611
412, 6, 39, Status.SNAKE, 0.12743425563174798
413, 1, 11, Status.WALL, 0.12679708435358925
414, 1, 11, Status.SNAKE, 0.1261630989318213
415, 7, 57, Status.WALL, 0.1255322834371622
416, 5, 25, Status.WALL, 0.12490462201997637
417, 2, 19, Status.WALL, 0.1242800989098765
418, 2, 22, Status.SNAKE, 0.12365869841532712
419, 3, 25, Status.WALL, 0.12304040492325048
420, 7, 48, Status.SNAKE, 0.12242520289863423
421, 8, 55, Status.SNAKE, 0.12181307688414106
422, 3, 16, Status.SNAKE, 0.12120401149972035
423, 10, 79, Status.SNAKE, 0.12059799144222175
424, 11, 102, Status.SNAKE, 0.11999500148501063
425, 6, 42, Status.WALL, 0.11939502647758558
426, 8, 61, Status.SNAKE, 0.11879805134519765
427, 4, 16, Status.WALL, 0.11820406108847166
428, 2, 24, Status.SNAKE, 0.1176130407830293
429, 2, 23, Status.SNAKE, 0.11702497557911415
430, 3, 26, Status.WALL, 0.11643985070121858
431, 2, 8, Status.WALL, 0.11585765144771248
432, 9, 69, Status.WALL, 0.11527836319047392
433, 3, 17, Status.SNAKE, 0.11470197137452155
434, 1, 24, Status.WALL, 0.11412846151764894
435, 8, 47, Status.SNAKE, 0.1135578192100607
436, 1, 9, Status.SNAKE, 0.11299003011401039
437, 2, 15, Status.SNAKE, 0.11242507996344034
438, 0, 6, Status.WALL, 0.11186295456362313
439, 8, 53, Status.WALL, 0.11130363979080501
440, 2, 20, Status.SNAKE, 0.11074712159185099
441, 2, 14, Status.SNAKE, 0.11019338598389174
442, 7, 43, Status.SNAKE, 0.10964241905397228
443, 1, 9, Status.WALL, 0.10909420695870241
444, 9, 81, Status.SNAKE, 0.1085487359239089
445, 4, 42, Status.WALL, 0.10800599224428936
446, 3, 25, Status.SNAKE, 0.10746596228306791
447, 3, 28, Status.WALL, 0.10692863247165257
448, 9, 85, Status.SNAKE, 0.1063939893092943
449, 12, 56, Status.SNAKE, 0.10586201936274783
450, 0, 10, Status.WALL, 0.10533270926593409
451, 2, 23, Status.WALL, 0.10480604571960442
452, 4, 29, Status.SNAKE, 0.1042820154910064
453, 3, 29, Status.SNAKE, 0.10376060541355137
454, 4, 30, Status.SNAKE, 0.1032418023864836
455, 10, 60, Status.SNAKE, 0.10272559337455119
456, 1, 6, Status.SNAKE, 0.10221196540767843
457, 3, 19, Status.WALL, 0.10170090558064004
458, 7, 59, Status.WALL, 0.10119240105273684
459, 5, 43, Status.WALL, 0.10068643904747315
460, 3, 21, Status.SNAKE, 0.10018300685223579
461, 5, 19, Status.SNAKE, 0.0996820918179746
462, 1, 24, Status.SNAKE, 0.09918368135888474
463, 5, 40, Status.SNAKE, 0.09868776295209031
464, 5, 31, Status.SNAKE, 0.09819432413732986
465, 1, 8, Status.WALL, 0.09770335251664321
466, 3, 6, Status.WALL, 0.09721483575406
467, 5, 34, Status.SNAKE, 0.09672876157528969
468, 4, 25, Status.SNAKE, 0.09624511776741324
469, 7, 66, Status.WALL, 0.09576389217857617
470, 2, 6, Status.SNAKE, 0.09528507271768329
471, 2, 23, Status.SNAKE, 0.09480864735409487
472, 1, 9, Status.SNAKE, 0.0943346041173244
473, 9, 68, Status.WALL, 0.09386293109673778
474, 1, 7, Status.WALL, 0.09339361644125409
475, 5, 36, Status.WALL, 0.09292664835904782
476, 4, 27, Status.SNAKE, 0.09246201511725258
477, 14, 95, Status.SNAKE, 0.09199970504166631
478, 2, 20, Status.SNAKE, 0.09153970651645797
479, 11, 91, Status.SNAKE, 0.09108200798387568
480, 2, 22, Status.SNAKE, 0.0906265979439563
481, 7, 59, Status.SNAKE, 0.09017346495423652
482, 8, 51, Status.WALL, 0.08972259762946533
483, 4, 21, Status.SNAKE, 0.089273984641318
484, 3, 25, Status.WALL, 0.0888276147181114
485, 1, 5, Status.WALL, 0.08838347664452084
486, 7, 53, Status.WALL, 0.08794155926129824
487, 8, 63, Status.WALL, 0.08750185146499175
488, 7, 43, Status.SNAKE, 0.08706434220766679
489, 1, 12, Status.SNAKE, 0.08662902049662846
490, 2, 14, Status.SNAKE, 0.08619587539414532
491, 10, 102, Status.SNAKE, 0.08576489601717459
492, 13, 78, Status.SNAKE, 0.08533607153708872
493, 6, 63, Status.WALL, 0.08490939117940327
494, 5, 34, Status.WALL, 0.08448484422350626
495, 4, 22, Status.WALL, 0.08406242000238873
496, 15, 73, Status.SNAKE, 0.08364210790237678
497, 11, 73, Status.SNAKE, 0.0832238973628649
498, 14, 83, Status.WALL, 0.08280777787605056
499, 6, 41, Status.SNAKE, 0.08239373898667031
500, 2, 10, Status.WALL, 0.08198177029173696
501, 7, 53, Status.SNAKE, 0.08157186144027828
502, 3, 13, Status.WALL, 0.0811640021330769
503, 7, 48, Status.WALL, 0.08075818212241151
504, 2, 23, Status.SNAKE, 0.08035439121179945
505, 3, 16, Status.SNAKE, 0.07995261925574046
506, 2, 14, Status.SNAKE, 0.07955285615946175
507, 5, 28, Status.WALL, 0.07915509187866444
508, 3, 12, Status.SNAKE, 0.07875931641927113
509, 3, 14, Status.WALL, 0.07836551983717477
510, 1, 10, Status.WALL, 0.07797369223798889
511, 8, 65, Status.SNAKE, 0.07758382377679894
512, 5, 30, Status.SNAKE, 0.07719590465791494
513, 2, 15, Status.WALL, 0.07680992513462537
514, 3, 15, Status.SNAKE, 0.07642587550895225
515, 8, 32, Status.SNAKE, 0.07604374613140748
516, 14, 79, Status.SNAKE, 0.07566352740075044
517, 3, 24, Status.SNAKE, 0.07528520976374668
518, 4, 28, Status.SNAKE, 0.07490878371492794
519, 1, 13, Status.WALL, 0.0745342397963533
520, 2, 10, Status.SNAKE, 0.07416156859737154
521, 3, 24, Status.WALL, 0.07379076075438468
522, 6, 28, Status.SNAKE, 0.07342180695061275
523, 8, 70, Status.SNAKE, 0.07305469791585968
524, 12, 86, Status.SNAKE, 0.07268942442628039
525, 1, 7, Status.WALL, 0.07232597730414898
526, 5, 34, Status.WALL, 0.07196434741762824
527, 11, 81, Status.SNAKE, 0.0716045256805401
528, 6, 55, Status.WALL, 0.0712465030521374
529, 4, 37, Status.SNAKE, 0.0708902705368767
530, 5, 54, Status.SNAKE, 0.07053581918419231
531, 5, 34, Status.SNAKE, 0.07018314008827135
532, 8, 49, Status.SNAKE, 0.06983222438783
533, 3, 34, Status.SNAKE, 0.06948306326589085
534, 10, 102, Status.SNAKE, 0.0691356479495614
535, 7, 39, Status.SNAKE, 0.06878996970981359
536, 1, 9, Status.WALL, 0.06844601986126451
537, 12, 67, Status.WALL, 0.06810378976195819
538, 4, 39, Status.WALL, 0.0677632708131484
539, 8, 63, Status.SNAKE, 0.06742445445908266
540, 7, 39, Status.SNAKE, 0.06708733218678724
541, 5, 29, Status.WALL, 0.0667518955258533
542, 1, 8, Status.WALL, 0.06641813604822402
543, 2, 21, Status.WALL, 0.0660860453679829
544, 12, 91, Status.SNAKE, 0.06575561514114299
545, 7, 39, Status.WALL, 0.06542683706543727
546, 6, 55, Status.WALL, 0.06509970288011008
547, 4, 19, Status.SNAKE, 0.06477420436570952
548, 2, 14, Status.WALL, 0.06445033334388098
549, 7, 46, Status.SNAKE, 0.06412808167716157
550, 2, 12, Status.SNAKE, 0.06380744126877576
551, 11, 86, Status.WALL, 0.06348840406243188
552, 2, 17, Status.WALL, 0.06317096204211972
553, 1, 6, Status.SNAKE, 0.06285510723190912
554, 7, 50, Status.SNAKE, 0.06254083169574957
555, 11, 78, Status.SNAKE, 0.062228127537270826
556, 3, 28, Status.SNAKE, 0.06191698689958447
557, 10, 62, Status.WALL, 0.061607401965086545
558, 10, 48, Status.SNAKE, 0.06129936495526111
559, 4, 26, Status.WALL, 0.0609928681304848
560, 8, 47, Status.SNAKE, 0.060687903789832374
561, 4, 23, Status.SNAKE, 0.06038446427088321
562, 9, 60, Status.SNAKE, 0.06008254194952879
563, 4, 19, Status.SNAKE, 0.05978212923978115
564, 6, 44, Status.WALL, 0.05948321859358224
565, 14, 74, Status.SNAKE, 0.05918580250061433
566, 10, 89, Status.WALL, 0.058889873488111255
567, 8, 29, Status.SNAKE, 0.058595424120670696
568, 6, 58, Status.SNAKE, 0.05830244700006734
569, 7, 41, Status.SNAKE, 0.058010934765067
570, 1, 6, Status.SNAKE, 0.05772088009124167
571, 1, 9, Status.SNAKE, 0.05743227569078546
572, 11, 64, Status.WALL, 0.05714511431233153
573, 2, 15, Status.WALL, 0.05685938874076987
574, 1, 5, Status.SNAKE, 0.056575091797066025
575, 1, 12, Status.WALL, 0.056292216338080694
576, 19, 110, Status.SNAKE, 0.05601075525639029
577, 8, 58, Status.SNAKE, 0.05573070148010834
578, 1, 12, Status.WALL, 0.0554520479727078
579, 11, 63, Status.SNAKE, 0.05517478773284426
580, 5, 20, Status.SNAKE, 0.05489891379418004
581, 5, 41, Status.SNAKE, 0.05462441922520914
582, 1, 12, Status.WALL, 0.0543512971290831
583, 6, 32, Status.WALL, 0.05407954064343768
584, 4, 37, Status.WALL, 0.05380914294022049
585, 12, 75, Status.SNAKE, 0.05354009722551939
586, 4, 30, Status.SNAKE, 0.05327239673939179
587, 10, 65, Status.SNAKE, 0.053006034755694834
588, 5, 31, Status.SNAKE, 0.052741004581916356
589, 5, 34, Status.WALL, 0.052477299559006776
590, 6, 48, Status.SNAKE, 0.052214913061211746
591, 6, 29, Status.WALL, 0.05195383849590569
592, 5, 31, Status.WALL, 0.05169406930342616
593, 1, 8, Status.SNAKE, 0.05143559895690903
594, 5, 43, Status.SNAKE, 0.051178420962124486
595, 5, 38, Status.WALL, 0.05092252885731386
596, 7, 62, Status.SNAKE, 0.05066791621302729
597, 2, 28, Status.WALL, 0.05041457663196215
598, 3, 19, Status.SNAKE, 0.050162503748802344
599, 13, 81, Status.SNAKE, 0.049911691230058335
600, 2, 19, Status.WALL, 0.04966213277390804
601, 3, 23, Status.SNAKE, 0.0494138221100385
602, 2, 8, Status.WALL, 0.04916675299948831
603, 5, 27, Status.SNAKE, 0.04892091923449087
604, 4, 22, Status.WALL, 0.04867631463831842
605, 4, 42, Status.SNAKE, 0.048432933065126825
606, 4, 27, Status.WALL, 0.048190768399801194
607, 11, 67, Status.WALL, 0.04794981455780219
608, 8, 80, Status.WALL, 0.04771006548501318
609, 1, 7, Status.SNAKE, 0.047471515157588115
610, 8, 56, Status.WALL, 0.047234157581800176
611, 2, 20, Status.WALL, 0.046997986793891174
612, 13, 95, Status.SNAKE, 0.04676299685992172
613, 6, 43, Status.SNAKE, 0.04652918187562211
614, 3, 19, Status.WALL, 0.046296535966244
615, 9, 81, Status.SNAKE, 0.046065053286412784
616, 11, 65, Status.SNAKE, 0.04583472801998072
617, 3, 20, Status.WALL, 0.045605554379880814
618, 1, 5, Status.SNAKE, 0.04537752660798141
619, 2, 17, Status.WALL, 0.0451506389749415
620, 4, 36, Status.WALL, 0.044924885780066794
621, 2, 25, Status.SNAKE, 0.04470026135116646
622, 4, 27, Status.SNAKE, 0.04447676004441063
623, 5, 20, Status.SNAKE, 0.04425437624418858
624, 1, 7, Status.SNAKE, 0.04403310436296763
625, 10, 76, Status.SNAKE, 0.043812938841152796
626, 8, 49, Status.SNAKE, 0.04359387414694703
627, 12, 83, Status.SNAKE, 0.043375904776212296
628, 4, 23, Status.SNAKE, 0.043159025252331236
629, 4, 28, Status.SNAKE, 0.04294323012606958
630, 4, 21, Status.WALL, 0.04272851397543923
631, 6, 46, Status.SNAKE, 0.04251487140556204
632, 10, 80, Status.SNAKE, 0.04230229704853423
633, 7, 47, Status.SNAKE, 0.04209078556329156
634, 5, 34, Status.WALL, 0.0418803316354751
635, 5, 36, Status.SNAKE, 0.041670929977297724
636, 6, 46, Status.SNAKE, 0.04146257532741124
637, 9, 63, Status.SNAKE, 0.04125526245077418
638, 3, 14, Status.SNAKE, 0.04104898613852031
639, 5, 35, Status.SNAKE, 0.04084374120782771
640, 13, 93, Status.SNAKE, 0.04063952250178857
641, 4, 33, Status.SNAKE, 0.04043632488927963
642, 5, 33, Status.WALL, 0.04023414326483323
643, 2, 27, Status.WALL, 0.040032972548509065
644, 3, 28, Status.WALL, 0.03983280768576652
645, 2, 12, Status.SNAKE, 0.03963364364733769
646, 0, 5, Status.WALL, 0.039435475429100995
647, 7, 60, Status.WALL, 0.03923829805195549
648, 9, 38, Status.SNAKE, 0.03904210656169572
649, 6, 42, Status.SNAKE, 0.03884689602888724
650, 7, 51, Status.SNAKE, 0.0386526615487428
651, 20, 120, Status.SNAKE, 0.03845939824099909
652, 8, 54, Status.WALL, 0.03826710124979409
653, 11, 62, Status.WALL, 0.038075765743545126
654, 10, 89, Status.WALL, 0.0378853869148274
655, 11, 107, Status.SNAKE, 0.03769595998025326
656, 9, 53, Status.SNAKE, 0.03750748018035199
657, 4, 33, Status.WALL, 0.037319942779450235
658, 12, 98, Status.SNAKE, 0.037133343065552986
659, 6, 64, Status.SNAKE, 0.03694767635022522
660, 9, 73, Status.SNAKE, 0.036762937968474095
661, 7, 49, Status.SNAKE, 0.03657912327863173
662, 9, 63, Status.SNAKE, 0.036396227662238566
663, 1, 10, Status.WALL, 0.03621424652392737
664, 4, 25, Status.WALL, 0.036033175291307735
665, 9, 53, Status.SNAKE, 0.03585300941485119
666, 8, 49, Status.SNAKE, 0.035673744367776934
667, 12, 85, Status.WALL, 0.03549537564593805
668, 5, 30, Status.SNAKE, 0.035317898767708356
669, 5, 44, Status.SNAKE, 0.03514130927386981
670, 14, 106, Status.SNAKE, 0.03496560272750046
671, 6, 52, Status.SNAKE, 0.03479077471386296
672, 1, 12, Status.SNAKE, 0.03461682084029365
673, 17, 148, Status.SNAKE, 0.034443736736092176
674, 10, 75, Status.SNAKE, 0.034271518052411715
675, 10, 62, Status.WALL, 0.034100160462149656
676, 5, 31, Status.SNAKE, 0.03392965965983891
677, 11, 75, Status.SNAKE, 0.033760011361539714
678, 4, 25, Status.SNAKE, 0.03359121130473201
679, 13, 76, Status.WALL, 0.033423255248208356
680, 5, 35, Status.SNAKE, 0.03325613897196732
681, 4, 27, Status.SNAKE, 0.03308985827710748
682, 13, 105, Status.SNAKE, 0.032924408985721944
683, 13, 91, Status.SNAKE, 0.03275978694079333
684, 1, 3, Status.SNAKE, 0.032595988006089364
685, 7, 52, Status.WALL, 0.032433008066058915
686, 4, 31, Status.WALL, 0.03227084302572862
687, 10, 78, Status.WALL, 0.032109488810599975
688, 7, 36, Status.SNAKE, 0.031948941366546975
689, 7, 50, Status.SNAKE, 0.03178919665971424
690, 3, 17, Status.SNAKE, 0.03163025067641567
691, 3, 20, Status.SNAKE, 0.03147209942303359
692, 1, 10, Status.SNAKE, 0.03131473892591842
693, 5, 39, Status.WALL, 0.031158165231288826
694, 7, 48, Status.SNAKE, 0.03100237440513238
695, 12, 115, Status.WALL, 0.030847362533106718
696, 2, 10, Status.WALL, 0.030693125720441184
697, 7, 48, Status.SNAKE, 0.030539660091838977
698, 9, 55, Status.SNAKE, 0.03038696179137978
699, 16, 100, Status.WALL, 0.030235026982422884
700, 9, 57, Status.SNAKE, 0.030083851847510768
701, 9, 63, Status.SNAKE, 0.029933432588273214
702, 13, 88, Status.SNAKE, 0.029783765425331846
703, 8, 41, Status.SNAKE, 0.029634846598205186
704, 10, 77, Status.SNAKE, 0.02948667236521416
705, 3, 17, Status.SNAKE, 0.029339239003388088
706, 11, 71, Status.SNAKE, 0.029192542808371146
707, 4, 24, Status.WALL, 0.02904658009432929
708, 9, 72, Status.WALL, 0.028901347193857643
709, 11, 93, Status.SNAKE, 0.028756840457888354
710, 4, 29, Status.WALL, 0.02861305625559891
711, 7, 43, Status.SNAKE, 0.028469990974320916
712, 9, 68, Status.SNAKE, 0.02832764101944931
713, 8, 49, Status.SNAKE, 0.028186002814352063
714, 8, 42, Status.SNAKE, 0.0280450728002803
715, 4, 18, Status.SNAKE, 0.0279048474362789
716, 12, 95, Status.SNAKE, 0.027765323199097504
717, 7, 40, Status.SNAKE, 0.027626496583102015
718, 19, 109, Status.SNAKE, 0.027488364100186506
719, 12, 103, Status.SNAKE, 0.027350922279685573
720, 11, 67, Status.SNAKE, 0.027214167668287145
721, 13, 86, Status.SNAKE, 0.02707809682994571
722, 3, 17, Status.SNAKE, 0.02694270634579598
723, 9, 60, Status.SNAKE, 0.026807992814067
724, 2, 22, Status.SNAKE, 0.026673952849996664
725, 4, 14, Status.WALL, 0.02654058308574668
726, 4, 20, Status.SNAKE, 0.026407880170317945
727, 2, 23, Status.SNAKE, 0.026275840769466357
728, 1, 10, Status.WALL, 0.026144461565619025
729, 6, 50, Status.SNAKE, 0.02601373925779093
730, 10, 46, Status.SNAKE, 0.025883670561501974
731, 10, 79, Status.SNAKE, 0.025754252208694463
732, 12, 96, Status.SNAKE, 0.02562548094765099
733, 6, 57, Status.WALL, 0.025497353542912736
734, 3, 25, Status.SNAKE, 0.02536986677519817
735, 6, 33, Status.SNAKE, 0.02524301744132218
736, 7, 61, Status.SNAKE, 0.025116802354115567
737, 2, 14, Status.WALL, 0.024991218342344988
738, 3, 18, Status.SNAKE, 0.024866262250633264
739, 1, 3, Status.SNAKE, 0.024741930939380097
740, 7, 55, Status.SNAKE, 0.024618221284683196
741, 5, 38, Status.SNAKE, 0.02449513017825978
742, 1, 3, Status.SNAKE, 0.02437265452736848
743, 9, 64, Status.SNAKE, 0.024250791254731636
744, 6, 39, Status.SNAKE, 0.024129537298457977
745, 13, 78, Status.SNAKE, 0.024008889611965685
746, 5, 40, Status.SNAKE, 0.023888845163905856
747, 5, 35, Status.SNAKE, 0.023769400938086327
748, 11, 68, Status.SNAKE, 0.023650553933395897
749, 1, 10, Status.SNAKE, 0.023532301163728918
750, 5, 36, Status.SNAKE, 0.023414639657910272
751, 1, 10, Status.WALL, 0.023297566459620722
752, 6, 44, Status.SNAKE, 0.023181078627322618
753, 4, 36, Status.WALL, 0.023065173234186005
754, 6, 37, Status.SNAKE, 0.022949847368015076
755, 15, 95, Status.SNAKE, 0.022835098131175
756, 8, 50, Status.WALL, 0.022720922640519125
757, 3, 20, Status.WALL, 0.02260731802731653
758, 12, 110, Status.SNAKE, 0.022494281437179946
759, 6, 52, Status.WALL, 0.022381810029994047
760, 8, 53, Status.SNAKE, 0.022269900979844076
761, 4, 17, Status.SNAKE, 0.022158551474944856
762, 17, 106, Status.SNAKE, 0.022047758717570132
763, 7, 53, Status.SNAKE, 0.021937519923982282
764, 3, 20, Status.WALL, 0.021827832324362372
765, 10, 76, Status.SNAKE, 0.02171869316274056
766, 5, 40, Status.SNAKE, 0.021610099696926857
767, 7, 24, Status.SNAKE, 0.021502049198442223
768, 10, 86, Status.WALL, 0.021394538952450012
769, 7, 49, Status.SNAKE, 0.02128756625768776
770, 14, 94, Status.SNAKE, 0.021181128426399323
771, 1, 6, Status.SNAKE, 0.021075222784267326
772, 11, 81, Status.SNAKE, 0.020969846670345987
773, 8, 48, Status.WALL, 0.020864997436994256
774, 8, 39, Status.WALL, 0.020760672449809284
775, 2, 16, Status.WALL, 0.020656869087560238
776, 10, 64, Status.SNAKE, 0.020553584742122436
777, 4, 42, Status.SNAKE, 0.020450816818411825
778, 4, 27, Status.SNAKE, 0.020348562734319765
779, 10, 73, Status.SNAKE, 0.020246819920648168
780, 1, 10, Status.WALL, 0.020145585821044927
781, 3, 20, Status.SNAKE, 0.020044857891939702
782, 4, 16, Status.SNAKE, 0.019944633602480003
783, 2, 18, Status.WALL, 0.019844910434467605
784, 16, 126, Status.SNAKE, 0.019745685882295267
785, 10, 79, Status.SNAKE, 0.01964695745288379
786, 12, 69, Status.SNAKE, 0.01954872266561937
787, 12, 80, Status.SNAKE, 0.019450979052291272
788, 5, 36, Status.SNAKE, 0.019353724157029815
789, 6, 33, Status.WALL, 0.019256955536244666
790, 8, 43, Status.WALL, 0.019160670758563442
791, 10, 60, Status.SNAKE, 0.019064867404770626
792, 12, 81, Status.SNAKE, 0.018969543067746772
793, 8, 65, Status.SNAKE, 0.018874695352408037
794, 12, 77, Status.SNAKE, 0.018780321875645996
795, 13, 94, Status.SNAKE, 0.018686420266267767
796, 5, 37, Status.WALL, 0.018592988164936427
797, 9, 70, Status.SNAKE, 0.018500023224111744
798, 9, 68, Status.SNAKE, 0.018407523107991184
799, 12, 87, Status.WALL, 0.01831548549245123
800, 3, 16, Status.SNAKE, 0.018223908064988973
801, 8, 68, Status.SNAKE, 0.018132788524664028
802, 4, 29, Status.SNAKE, 0.018042124582040707
803, 7, 49, Status.SNAKE, 0.017951913959130504
804, 11, 92, Status.SNAKE, 0.01786215438933485
805, 1, 9, Status.WALL, 0.017772843617388175
806, 5, 39, Status.SNAKE, 0.017683979399301233
807, 2, 16, Status.SNAKE, 0.017595559502304726
808, 3, 20, Status.SNAKE, 0.0175075817047932
809, 7, 79, Status.WALL, 0.017420043796269234
810, 11, 76, Status.SNAKE, 0.017332943577287888
811, 1, 10, Status.WALL, 0.01724627885940145
812, 15, 75, Status.WALL, 0.017160047465104442
813, 6, 33, Status.SNAKE, 0.01707424722777892
814, 14, 105, Status.SNAKE, 0.016988875991640028
815, 3, 19, Status.SNAKE, 0.016903931611681827
816, 3, 26, Status.WALL, 0.01681941195362342
817, 6, 27, Status.SNAKE, 0.016735314893855303
818, 12, 89, Status.SNAKE, 0.016651638319386028
819, 6, 34, Status.WALL, 0.0165683801277891
820, 9, 53, Status.SNAKE, 0.016485538227150154
821, 6, 49, Status.SNAKE, 0.0164031105360144
822, 14, 88, Status.WALL, 0.01632109498333433
823, 6, 40, Status.SNAKE, 0.016239489508417658
824, 10, 66, Status.SNAKE, 0.01615829206087557
825, 2, 8, Status.WALL, 0.01607750060057119
826, 1, 7, Status.SNAKE, 0.015997113097568336
827, 6, 52, Status.SNAKE, 0.015917127532080494
828, 6, 42, Status.SNAKE, 0.01583754189442009
829, 7, 38, Status.SNAKE, 0.01575835418494799
830, 7, 57, Status.SNAKE, 0.01567956241402325
831, 10, 57, Status.SNAKE, 0.015601164601953134
832, 12, 94, Status.SNAKE, 0.015523158778943369
833, 14, 101, Status.SNAKE, 0.015445542985048652
834, 9, 39, Status.SNAKE, 0.015368315270123408
835, 3, 24, Status.WALL, 0.01529147369377279
836, 15, 87, Status.SNAKE, 0.015215016325303928
837, 10, 58, Status.SNAKE, 0.015138941243677408
838, 16, 95, Status.SNAKE, 0.01506324653745902
839, 8, 52, Status.WALL, 0.014987930304771725
840, 16, 95, Status.SNAKE, 0.014912990653247866
841, 19, 116, Status.SNAKE, 0.014838425699981627
842, 13, 65, Status.SNAKE, 0.01476423357148172
843, 3, 19, Status.SNAKE, 0.014690412403624311
844, 2, 11, Status.WALL, 0.01461696034160619
845, 8, 57, Status.SNAKE, 0.014543875539898159
846, 5, 33, Status.SNAKE, 0.014471156162198668
847, 3, 16, Status.WALL, 0.014398800381387675
848, 6, 46, Status.SNAKE, 0.014326806379480736
849, 7, 33, Status.SNAKE, 0.014255172347583332
850, 7, 36, Status.SNAKE, 0.014183896485845416
851, 3, 19, Status.SNAKE, 0.014112977003416188
852, 10, 60, Status.SNAKE, 0.014042412118399107
853, 4, 19, Status.SNAKE, 0.013972200057807112
854, 12, 88, Status.WALL, 0.013902339057518077
855, 7, 44, Status.SNAKE, 0.013832827362230486
856, 9, 41, Status.WALL, 0.013763663225419333
857, 15, 104, Status.SNAKE, 0.013694844909292236
858, 14, 95, Status.SNAKE, 0.013626370684745774
859, 2, 21, Status.SNAKE, 0.013558238831322046
860, 6, 49, Status.SNAKE, 0.013490447637165436
861, 4, 21, Status.SNAKE, 0.013422995398979608
862, 8, 70, Status.WALL, 0.01335588042198471
863, 10, 77, Status.SNAKE, 0.013289101019874787
864, 13, 113, Status.SNAKE, 0.013222655514775413
865, 8, 48, Status.SNAKE, 0.013156542237201536
866, 15, 93, Status.SNAKE, 0.013090759526015528
867, 6, 30, Status.SNAKE, 0.01302530572838545
868, 13, 116, Status.SNAKE, 0.012960179199743523
869, 4, 20, Status.SNAKE, 0.012895378303744804
870, 7, 40, Status.SNAKE, 0.01283090141222608
871, 3, 16, Status.SNAKE, 0.012766746905164949
872, 10, 72, Status.WALL, 0.012702913170639124
873, 9, 58, Status.SNAKE, 0.012639398604785928
874, 11, 66, Status.SNAKE, 0.012576201611761997
875, 9, 49, Status.SNAKE, 0.012513320603703188
876, 7, 38, Status.SNAKE, 0.012450754000684672
877, 16, 114, Status.WALL, 0.012388500230681249
878, 5, 47, Status.SNAKE, 0.012326557729527843
879, 2, 25, Status.SNAKE, 0.012264924940880204
880, 7, 48, Status.WALL, 0.012203600316175803
881, 7, 45, Status.SNAKE, 0.012142582314594924
882, 2, 23, Status.SNAKE, 0.01208186940302195
883, 11, 58, Status.SNAKE, 0.01202146005600684
884, 10, 72, Status.SNAKE, 0.011961352755726806
885, 2, 6, Status.SNAKE, 0.01190154599194817
886, 15, 88, Status.SNAKE, 0.01184203826198843
887, 8, 56, Status.SNAKE, 0.011782828070678488
888, 2, 8, Status.WALL, 0.011723913930325095
889, 3, 27, Status.SNAKE, 0.01166529436067347
890, 5, 38, Status.WALL, 0.011606967888870102
891, 1, 9, Status.SNAKE, 0.01154893304942575
892, 6, 46, Status.SNAKE, 0.011491188384178622
893, 5, 29, Status.SNAKE, 0.011433732442257729
894, 11, 87, Status.WALL, 0.01137656378004644
895, 3, 19, Status.SNAKE, 0.011319680961146208
896, 9, 52, Status.WALL, 0.011263082556340478
897, 6, 41, Status.WALL, 0.011206767143558775
898, 15, 109, Status.SNAKE, 0.011150733307840981
899, 4, 33, Status.SNAKE, 0.011094979641301777
900, 8, 64, Status.WALL, 0.011039504743095268
901, 5, 27, Status.SNAKE, 0.01098430721937979
902, 4, 38, Status.SNAKE, 0.010929385683282892
903, 7, 52, Status.SNAKE, 0.010874738754866477
904, 11, 83, Status.WALL, 0.010820365061092144
905, 6, 41, Status.WALL, 0.010766263235786683
906, 2, 11, Status.SNAKE, 0.01071243191960775
907, 3, 30, Status.SNAKE, 0.010658869760009713
908, 11, 75, Status.SNAKE, 0.010605575411209664
909, 8, 45, Status.SNAKE, 0.010552547534153616
910, 1, 16, Status.SNAKE, 0.010499784796482848
911, 5, 43, Status.SNAKE, 0.010447285872500434
912, 6, 34, Status.SNAKE, 0.01039504944313793
913, 1, 7, Status.SNAKE, 0.010343074195922241
914, 12, 89, Status.SNAKE, 0.01029135882494263
915, 1, 17, Status.SNAKE, 0.010239902030817916
916, 5, 33, Status.SNAKE, 0.010188702520663827
917, 7, 50, Status.SNAKE, 0.010137759008060509
918, 8, 40, Status.SNAKE, 0.010087070213020206
919, 15, 105, Status.SNAKE, 0.010036634861955105
920, 4, 17, Status.SNAKE, 0.01
921, 20, 121, Status.SNAKE, 0.01
922, 17, 137, Status.SNAKE, 0.01
923, 1, 3, Status.SNAKE, 0.01
924, 15, 119, Status.SNAKE, 0.01
925, 10, 63, Status.SNAKE, 0.01
926, 9, 50, Status.SNAKE, 0.01
927, 7, 47, Status.SNAKE, 0.01
928, 2, 24, Status.SNAKE, 0.01
929, 2, 21, Status.SNAKE, 0.01
930, 6, 49, Status.SNAKE, 0.01
931, 12, 68, Status.SNAKE, 0.01
932, 2, 10, Status.WALL, 0.01
933, 9, 46, Status.SNAKE, 0.01
934, 3, 10, Status.WALL, 0.01
935, 2, 9, Status.WALL, 0.01
936, 14, 86, Status.SNAKE, 0.01
937, 5, 43, Status.SNAKE, 0.01
938, 7, 62, Status.SNAKE, 0.01
939, 6, 40, Status.SNAKE, 0.01
940, 13, 76, Status.WALL, 0.01
941, 6, 56, Status.SNAKE, 0.01
942, 12, 73, Status.SNAKE, 0.01
943, 3, 26, Status.SNAKE, 0.01
944, 9, 65, Status.SNAKE, 0.01
945, 5, 51, Status.WALL, 0.01
946, 4, 47, Status.SNAKE, 0.01
947, 2, 17, Status.SNAKE, 0.01
948, 6, 49, Status.WALL, 0.01
949, 3, 13, Status.SNAKE, 0.01
950, 3, 24, Status.SNAKE, 0.01
951, 1, 5, Status.SNAKE, 0.01
952, 5, 23, Status.SNAKE, 0.01
953, 8, 74, Status.SNAKE, 0.01
954, 6, 31, Status.SNAKE, 0.01
955, 15, 63, Status.SNAKE, 0.01
956, 3, 21, Status.WALL, 0.01
957, 7, 67, Status.SNAKE, 0.01
958, 10, 66, Status.WALL, 0.01
959, 6, 46, Status.WALL, 0.01
960, 4, 26, Status.SNAKE, 0.01
961, 9, 52, Status.SNAKE, 0.01
962, 3, 10, Status.SNAKE, 0.01
963, 12, 67, Status.SNAKE, 0.01
964, 13, 90, Status.SNAKE, 0.01
965, 7, 56, Status.SNAKE, 0.01
966, 14, 76, Status.SNAKE, 0.01
967, 11, 62, Status.SNAKE, 0.01
968, 7, 63, Status.SNAKE, 0.01
969, 7, 48, Status.SNAKE, 0.01
970, 12, 76, Status.SNAKE, 0.01
971, 14, 103, Status.WALL, 0.01
972, 5, 18, Status.SNAKE, 0.01
973, 3, 17, Status.SNAKE, 0.01
974, 16, 121, Status.SNAKE, 0.01
975, 5, 47, Status.SNAKE, 0.01
976, 9, 63, Status.SNAKE, 0.01
977, 4, 32, Status.SNAKE, 0.01
978, 5, 36, Status.SNAKE, 0.01
979, 4, 17, Status.SNAKE, 0.01
980, 9, 41, Status.SNAKE, 0.01
981, 8, 63, Status.WALL, 0.01
982, 9, 60, Status.SNAKE, 0.01
983, 3, 13, Status.SNAKE, 0.01
984, 5, 22, Status.SNAKE, 0.01
985, 5, 25, Status.SNAKE, 0.01
986, 5, 34, Status.SNAKE, 0.01
987, 6, 35, Status.SNAKE, 0.01
988, 12, 80, Status.SNAKE, 0.01
989, 14, 99, Status.SNAKE, 0.01
990, 6, 50, Status.SNAKE, 0.01
991, 12, 58, Status.SNAKE, 0.01
992, 8, 50, Status.SNAKE, 0.01
993, 18, 144, Status.SNAKE, 0.01
994, 19, 113, Status.SNAKE, 0.01
995, 11, 64, Status.SNAKE, 0.01
996, 8, 44, Status.WALL, 0.01
997, 8, 59, Status.SNAKE, 0.01
998, 7, 60, Status.WALL, 0.01
999, 16, 101, Status.SNAKE, 0.01
1000, 6, 37, Status.WALL, 0.01
1001, 12, 93, Status.SNAKE, 0.01
1002, 5, 29, Status.SNAKE, 0.01
1003, 8, 56, Status.SNAKE, 0.01
1004, 9, 60, Status.SNAKE, 0.01
1005, 14, 83, Status.SNAKE, 0.01
1006, 7, 51, Status.SNAKE, 0.01
1007, 3, 11, Status.WALL, 0.01
1008, 10, 81, Status.SNAKE, 0.01
1009, 19, 104, Status.SNAKE, 0.01
1010, 13, 73, Status.SNAKE, 0.01
1011, 2, 23, Status.WALL, 0.01
1012, 8, 43, Status.SNAKE, 0.01
1013, 19, 130, Status.SNAKE, 0.01
1014, 5, 19, Status.SNAKE, 0.01
1015, 6, 45, Status.SNAKE, 0.01
1016, 6, 38, Status.WALL, 0.01
1017, 3, 18, Status.SNAKE, 0.01
1018, 9, 72, Status.SNAKE, 0.01
1019, 11, 73, Status.SNAKE, 0.01
1020, 13, 87, Status.SNAKE, 0.01
1021, 6, 37, Status.SNAKE, 0.01
1022, 6, 36, Status.SNAKE, 0.01
1023, 8, 47, Status.SNAKE, 0.01
1024, 3, 19, Status.SNAKE, 0.01
1025, 13, 86, Status.SNAKE, 0.01
1026, 7, 50, Status.SNAKE, 0.01
1027, 3, 20, Status.SNAKE, 0.01
1028, 5, 47, Status.SNAKE, 0.01
1029, 5, 22, Status.SNAKE, 0.01
1030, 13, 93, Status.SNAKE, 0.01
1031, 14, 115, Status.SNAKE, 0.01
1032, 13, 84, Status.SNAKE, 0.01
1033, 6, 34, Status.SNAKE, 0.01
1034, 11, 61, Status.SNAKE, 0.01
1035, 2, 22, Status.WALL, 0.01
1036, 9, 44, Status.SNAKE, 0.01
1037, 8, 61, Status.SNAKE, 0.01
1038, 4, 25, Status.SNAKE, 0.01
1039, 4, 16, Status.SNAKE, 0.01
1040, 15, 79, Status.SNAKE, 0.01
1041, 3, 18, Status.SNAKE, 0.01
1042, 15, 89, Status.SNAKE, 0.01
1043, 2, 17, Status.SNAKE, 0.01
1044, 13, 81, Status.WALL, 0.01
1045, 19, 123, Status.SNAKE, 0.01
1046, 14, 83, Status.SNAKE, 0.01
1047, 18, 122, Status.SNAKE, 0.01
1048, 12, 94, Status.SNAKE, 0.01
1049, 4, 14, Status.SNAKE, 0.01
1050, 2, 10, Status.WALL, 0.01
1051, 8, 61, Status.SNAKE, 0.01
1052, 11, 84, Status.SNAKE, 0.01
1053, 1, 5, Status.WALL, 0.01
1054, 6, 48, Status.SNAKE, 0.01
1055, 8, 46, Status.SNAKE, 0.01
1056, 5, 25, Status.SNAKE, 0.01
1057, 14, 99, Status.WALL, 0.01
1058, 8, 61, Status.SNAKE, 0.01
1059, 4, 31, Status.WALL, 0.01
1060, 15, 117, Status.SNAKE, 0.01
1061, 6, 45, Status.SNAKE, 0.01
1062, 9, 58, Status.SNAKE, 0.01
1063, 6, 55, Status.SNAKE, 0.01
1064, 15, 93, Status.SNAKE, 0.01
1065, 0, 7, Status.WALL, 0.01
1066, 14, 105, Status.SNAKE, 0.01
1067, 14, 65, Status.SNAKE, 0.01
1068, 9, 41, Status.SNAKE, 0.01
1069, 15, 111, Status.SNAKE, 0.01
1070, 2, 19, Status.SNAKE, 0.01
1071, 4, 34, Status.WALL, 0.01
1072, 6, 25, Status.SNAKE, 0.01
1073, 8, 40, Status.SNAKE, 0.01
1074, 2, 15, Status.SNAKE, 0.01
1075, 5, 39, Status.SNAKE, 0.01
1076, 8, 55, Status.SNAKE, 0.01
1077, 19, 153, Status.SNAKE, 0.01
1078, 12, 67, Status.SNAKE, 0.01
1079, 7, 62, Status.SNAKE, 0.01
1080, 8, 48, Status.SNAKE, 0.01
1081, 2, 17, Status.SNAKE, 0.01
1082, 1, 10, Status.WALL, 0.01
1083, 11, 71, Status.SNAKE, 0.01
1084, 10, 44, Status.SNAKE, 0.01
1085, 6, 38, Status.WALL, 0.01
1086, 5, 24, Status.SNAKE, 0.01
1087, 16, 116, Status.WALL, 0.01
1088, 5, 15, Status.SNAKE, 0.01
1089, 3, 14, Status.WALL, 0.01
1090, 5, 19, Status.SNAKE, 0.01
1091, 4, 34, Status.SNAKE, 0.01
1092, 3, 14, Status.SNAKE, 0.01
1093, 3, 21, Status.SNAKE, 0.01
1094, 4, 28, Status.SNAKE, 0.01
1095, 8, 44, Status.SNAKE, 0.01
1096, 9, 49, Status.SNAKE, 0.01
1097, 2, 10, Status.SNAKE, 0.01
1098, 7, 44, Status.WALL, 0.01
1099, 12, 63, Status.SNAKE, 0.01
1100, 1, 10, Status.WALL, 0.01
1101, 9, 62, Status.SNAKE, 0.01
1102, 3, 18, Status.WALL, 0.01
1103, 2, 15, Status.SNAKE, 0.01
1104, 1, 4, Status.SNAKE, 0.01
1105, 9, 54, Status.WALL, 0.01
1106, 9, 59, Status.SNAKE, 0.01
1107, 4, 28, Status.WALL, 0.01
1108, 5, 26, Status.SNAKE, 0.01
1109, 6, 30, Status.SNAKE, 0.01
1110, 8, 49, Status.WALL, 0.01
1111, 5, 45, Status.SNAKE, 0.01
1112, 8, 62, Status.SNAKE, 0.01
1113, 5, 25, Status.SNAKE, 0.01
1114, 6, 40, Status.SNAKE, 0.01
1115, 2, 11, Status.SNAKE, 0.01
1116, 4, 23, Status.SNAKE, 0.01
1117, 6, 45, Status.WALL, 0.01
1118, 2, 17, Status.SNAKE, 0.01
1119, 7, 48, Status.SNAKE, 0.01
1120, 9, 76, Status.SNAKE, 0.01
1121, 5, 38, Status.SNAKE, 0.01
1122, 13, 78, Status.SNAKE, 0.01
1123, 9, 39, Status.SNAKE, 0.01
1124, 11, 53, Status.SNAKE, 0.01
1125, 5, 29, Status.SNAKE, 0.01
1126, 4, 24, Status.WALL, 0.01
1127, 9, 66, Status.WALL, 0.01
1128, 9, 55, Status.SNAKE, 0.01
1129, 4, 24, Status.SNAKE, 0.01
1130, 3, 31, Status.SNAKE, 0.01
1131, 11, 58, Status.WALL, 0.01
1132, 5, 30, Status.SNAKE, 0.01
1133, 6, 41, Status.SNAKE, 0.01
1134, 10, 52, Status.WALL, 0.01
1135, 6, 33, Status.SNAKE, 0.01
1136, 8, 43, Status.SNAKE, 0.01
1137, 7, 50, Status.SNAKE, 0.01
1138, 3, 26, Status.SNAKE, 0.01
1139, 12, 92, Status.SNAKE, 0.01
1140, 15, 94, Status.SNAKE, 0.01
1141, 1, 7, Status.WALL, 0.01
1142, 6, 42, Status.SNAKE, 0.01
1143, 10, 70, Status.WALL, 0.01
1144, 7, 64, Status.SNAKE, 0.01
1145, 13, 100, Status.SNAKE, 0.01
1146, 5, 38, Status.SNAKE, 0.01
1147, 1, 8, Status.SNAKE, 0.01
1148, 9, 55, Status.SNAKE, 0.01
1149, 7, 53, Status.SNAKE, 0.01
1150, 11, 73, Status.WALL, 0.01
1151, 18, 117, Status.WALL, 0.01
1152, 8, 55, Status.SNAKE, 0.01
1153, 8, 47, Status.SNAKE, 0.01
1154, 12, 92, Status.SNAKE, 0.01
1155, 11, 59, Status.SNAKE, 0.01
1156, 8, 53, Status.SNAKE, 0.01
1157, 9, 73, Status.SNAKE, 0.01
1158, 13, 130, Status.WALL, 0.01
1159, 9, 73, Status.SNAKE, 0.01
1160, 9, 55, Status.SNAKE, 0.01
1161, 5, 27, Status.SNAKE, 0.01
1162, 7, 47, Status.SNAKE, 0.01
1163, 2, 15, Status.WALL, 0.01
1164, 7, 41, Status.WALL, 0.01
1165, 8, 49, Status.SNAKE, 0.01
1166, 2, 12, Status.WALL, 0.01
1167, 13, 82, Status.SNAKE, 0.01
1168, 15, 84, Status.SNAKE, 0.01
1169, 5, 42, Status.SNAKE, 0.01
1170, 13, 90, Status.SNAKE, 0.01
1171, 7, 51, Status.SNAKE, 0.01
1172, 11, 78, Status.SNAKE, 0.01
1173, 3, 15, Status.SNAKE, 0.01
1174, 2, 26, Status.WALL, 0.01
1175, 2, 20, Status.WALL, 0.01
1176, 9, 42, Status.SNAKE, 0.01
1177, 11, 87, Status.SNAKE, 0.01
1178, 15, 87, Status.SNAKE, 0.01
1179, 8, 47, Status.SNAKE, 0.01
1180, 3, 18, Status.WALL, 0.01
1181, 6, 31, Status.SNAKE, 0.01
1182, 6, 34, Status.SNAKE, 0.01
1183, 12, 93, Status.SNAKE, 0.01
1184, 4, 18, Status.WALL, 0.01
1185, 4, 43, Status.WALL, 0.01
1186, 4, 21, Status.WALL, 0.01
1187, 7, 38, Status.SNAKE, 0.01
1188, 7, 45, Status.SNAKE, 0.01
1189, 15, 95, Status.WALL, 0.01
1190, 12, 72, Status.WALL, 0.01
1191, 13, 99, Status.SNAKE, 0.01
1192, 8, 72, Status.SNAKE, 0.01
1193, 9, 40, Status.SNAKE, 0.01
1194, 2, 16, Status.WALL, 0.01
1195, 14, 102, Status.SNAKE, 0.01
1196, 7, 56, Status.SNAKE, 0.01
1197, 8, 44, Status.SNAKE, 0.01
1198, 1, 8, Status.WALL, 0.01
1199, 3, 21, Status.SNAKE, 0.01
1200, 12, 81, Status.SNAKE, 0.01
1201, 3, 16, Status.SNAKE, 0.01
1202, 17, 112, Status.SNAKE, 0.01
1203, 12, 71, Status.SNAKE, 0.01
1204, 7, 53, Status.SNAKE, 0.01
1205, 10, 51, Status.SNAKE, 0.01
1206, 3, 12, Status.SNAKE, 0.01
1207, 7, 56, Status.SNAKE, 0.01
1208, 14, 80, Status.SNAKE, 0.01
1209, 7, 34, Status.SNAKE, 0.01
1210, 4, 25, Status.SNAKE, 0.01
1211, 7, 33, Status.SNAKE, 0.01
1212, 7, 52, Status.WALL, 0.01
1213, 9, 64, Status.SNAKE, 0.01
1214, 8, 47, Status.SNAKE, 0.01
1215, 7, 49, Status.SNAKE, 0.01
1216, 7, 51, Status.WALL, 0.01
1217, 2, 15, Status.SNAKE, 0.01
1218, 14, 102, Status.SNAKE, 0.01
1219, 12, 58, Status.SNAKE, 0.01
1220, 6, 35, Status.SNAKE, 0.01
1221, 7, 62, Status.WALL, 0.01
1222, 7, 51, Status.SNAKE, 0.01
1223, 3, 24, Status.WALL, 0.01
1224, 9, 52, Status.SNAKE, 0.01
1225, 7, 51, Status.SNAKE, 0.01
1226, 7, 57, Status.SNAKE, 0.01
1227, 5, 35, Status.SNAKE, 0.01
1228, 2, 22, Status.SNAKE, 0.01
1229, 6, 32, Status.SNAKE, 0.01
1230, 8, 77, Status.SNAKE, 0.01
1231, 15, 111, Status.SNAKE, 0.01
1232, 11, 74, Status.SNAKE, 0.01
1233, 8, 39, Status.SNAKE, 0.01
1234, 16, 112, Status.SNAKE, 0.01
1235, 12, 84, Status.SNAKE, 0.01
1236, 18, 136, Status.WALL, 0.01
1237, 11, 65, Status.SNAKE, 0.01
1238, 4, 41, Status.WALL, 0.01
1239, 8, 52, Status.WALL, 0.01
1240, 1, 3, Status.SNAKE, 0.01
1241, 5, 44, Status.SNAKE, 0.01
1242, 17, 108, Status.WALL, 0.01
1243, 10, 46, Status.SNAKE, 0.01
1244, 19, 109, Status.SNAKE, 0.01
1245, 9, 71, Status.SNAKE, 0.01
1246, 9, 73, Status.WALL, 0.01
1247, 7, 40, Status.SNAKE, 0.01
1248, 7, 49, Status.SNAKE, 0.01
1249, 6, 48, Status.SNAKE, 0.01
1250, 11, 84, Status.WALL, 0.01
1251, 3, 17, Status.SNAKE, 0.01
1252, 14, 101, Status.SNAKE, 0.01
1253, 7, 47, Status.SNAKE, 0.01
1254, 9, 59, Status.WALL, 0.01
1255, 7, 49, Status.WALL, 0.01
1256, 9, 61, Status.SNAKE, 0.01
1257, 11, 70, Status.SNAKE, 0.01
1258, 5, 25, Status.SNAKE, 0.01
1259, 4, 14, Status.SNAKE, 0.01
1260, 4, 28, Status.SNAKE, 0.01
1261, 4, 17, Status.SNAKE, 0.01
1262, 12, 70, Status.SNAKE, 0.01
1263, 9, 50, Status.SNAKE, 0.01
1264, 4, 20, Status.SNAKE, 0.01
1265, 9, 50, Status.SNAKE, 0.01
1266, 2, 15, Status.SNAKE, 0.01
1267, 7, 30, Status.WALL, 0.01
1268, 9, 67, Status.SNAKE, 0.01
1269, 4, 37, Status.WALL, 0.01
1270, 12, 87, Status.SNAKE, 0.01
1271, 1, 3, Status.SNAKE, 0.01
1272, 6, 49, Status.SNAKE, 0.01
1273, 11, 54, Status.SNAKE, 0.01
1274, 4, 29, Status.SNAKE, 0.01
1275, 10, 55, Status.SNAKE, 0.01
1276, 11, 112, Status.SNAKE, 0.01
1277, 5, 40, Status.SNAKE, 0.01
1278, 15, 132, Status.SNAKE, 0.01
1279, 9, 65, Status.SNAKE, 0.01
1280, 11, 104, Status.SNAKE, 0.01
1281, 5, 35, Status.SNAKE, 0.01
1282, 1, 12, Status.SNAKE, 0.01
1283, 7, 52, Status.SNAKE, 0.01
1284, 7, 43, Status.SNAKE, 0.01
1285, 0, 10, Status.WALL, 0.01
1286, 7, 48, Status.SNAKE, 0.01
1287, 12, 96, Status.SNAKE, 0.01
1288, 7, 30, Status.SNAKE, 0.01
1289, 13, 92, Status.SNAKE, 0.01
1290, 3, 41, Status.WALL, 0.01
1291, 5, 24, Status.WALL, 0.01
1292, 6, 33, Status.SNAKE, 0.01
1293, 9, 67, Status.SNAKE, 0.01
1294, 9, 62, Status.WALL, 0.01
1295, 15, 113, Status.WALL, 0.01
1296, 1, 6, Status.WALL, 0.01
1297, 20, 145, Status.SNAKE, 0.01
1298, 8, 67, Status.SNAKE, 0.01
1299, 7, 36, Status.SNAKE, 0.01
1300, 7, 55, Status.SNAKE, 0.01
1301, 1, 5, Status.SNAKE, 0.01
1302, 9, 74, Status.SNAKE, 0.01
1303, 7, 42, Status.SNAKE, 0.01
1304, 11, 73, Status.SNAKE, 0.01
1305, 15, 110, Status.WALL, 0.01
1306, 7, 63, Status.SNAKE, 0.01
1307, 5, 44, Status.SNAKE, 0.01
1308, 5, 23, Status.SNAKE, 0.01
1309, 2, 28, Status.WALL, 0.01
1310, 15, 76, Status.SNAKE, 0.01
1311, 7, 58, Status.SNAKE, 0.01
1312, 6, 27, Status.WALL, 0.01
1313, 9, 66, Status.WALL, 0.01
1314, 14, 104, Status.SNAKE, 0.01
1315, 8, 44, Status.WALL, 0.01
1316, 10, 83, Status.SNAKE, 0.01
1317, 17, 85, Status.SNAKE, 0.01
1318, 7, 40, Status.SNAKE, 0.01
1319, 7, 53, Status.SNAKE, 0.01
1320, 9, 60, Status.SNAKE, 0.01
1321, 14, 85, Status.WALL, 0.01
1322, 5, 33, Status.SNAKE, 0.01
1323, 5, 44, Status.SNAKE, 0.01
1324, 14, 86, Status.SNAKE, 0.01
1325, 13, 83, Status.SNAKE, 0.01
1326, 4, 18, Status.SNAKE, 0.01
1327, 15, 61, Status.SNAKE, 0.01
1328, 14, 84, Status.SNAKE, 0.01
1329, 6, 34, Status.WALL, 0.01
1330, 8, 47, Status.SNAKE, 0.01
1331, 14, 111, Status.WALL, 0.01
1332, 8, 53, Status.SNAKE, 0.01
1333, 3, 20, Status.SNAKE, 0.01
1334, 12, 67, Status.SNAKE, 0.01
1335, 11, 86, Status.SNAKE, 0.01
1336, 3, 22, Status.SNAKE, 0.01
1337, 12, 67, Status.SNAKE, 0.01
1338, 17, 102, Status.SNAKE, 0.01
1339, 8, 59, Status.SNAKE, 0.01
1340, 15, 100, Status.WALL, 0.01
1341, 16, 124, Status.SNAKE, 0.01
1342, 12, 67, Status.WALL, 0.01
1343, 12, 83, Status.SNAKE, 0.01
1344, 16, 109, Status.SNAKE, 0.01
1345, 10, 58, Status.SNAKE, 0.01
1346, 8, 64, Status.SNAKE, 0.01
1347, 6, 35, Status.WALL, 0.01
1348, 11, 81, Status.WALL, 0.01
1349, 21, 154, Status.SNAKE, 0.01
1350, 15, 104, Status.SNAKE, 0.01
1351, 15, 95, Status.SNAKE, 0.01
1352, 10, 87, Status.SNAKE, 0.01
1353, 7, 32, Status.WALL, 0.01
1354, 15, 87, Status.SNAKE, 0.01
1355, 9, 59, Status.SNAKE, 0.01
1356, 13, 88, Status.WALL, 0.01
1357, 1, 12, Status.WALL, 0.01
1358, 8, 56, Status.SNAKE, 0.01
1359, 3, 24, Status.SNAKE, 0.01
1360, 14, 78, Status.SNAKE, 0.01
1361, 17, 158, Status.WALL, 0.01
1362, 9, 66, Status.SNAKE, 0.01
1363, 15, 117, Status.SNAKE, 0.01
1364, 4, 24, Status.SNAKE, 0.01
1365, 13, 101, Status.SNAKE, 0.01
1366, 6, 47, Status.SNAKE, 0.01
1367, 16, 115, Status.SNAKE, 0.01
1368, 3, 18, Status.SNAKE, 0.01
1369, 13, 76, Status.WALL, 0.01
1370, 12, 78, Status.SNAKE, 0.01
1371, 5, 27, Status.SNAKE, 0.01
1372, 1, 11, Status.WALL, 0.01
1373, 9, 69, Status.WALL, 0.01
1374, 16, 107, Status.WALL, 0.01
1375, 11, 73, Status.SNAKE, 0.01
1376, 2, 13, Status.SNAKE, 0.01
1377, 11, 76, Status.SNAKE, 0.01
1378, 8, 80, Status.WALL, 0.01
1379, 2, 13, Status.SNAKE, 0.01
1380, 14, 102, Status.WALL, 0.01
1381, 4, 27, Status.SNAKE, 0.01
1382, 15, 82, Status.SNAKE, 0.01
1383, 9, 61, Status.SNAKE, 0.01
1384, 3, 18, Status.WALL, 0.01
1385, 12, 107, Status.SNAKE, 0.01
1386, 5, 22, Status.SNAKE, 0.01
1387, 2, 22, Status.SNAKE, 0.01
1388, 6, 39, Status.SNAKE, 0.01
1389, 14, 81, Status.SNAKE, 0.01
1390, 5, 40, Status.SNAKE, 0.01
1391, 12, 88, Status.SNAKE, 0.01
1392, 5, 35, Status.SNAKE, 0.01
1393, 8, 38, Status.SNAKE, 0.01
1394, 13, 72, Status.SNAKE, 0.01
1395, 14, 109, Status.SNAKE, 0.01
1396, 5, 34, Status.WALL, 0.01
1397, 9, 73, Status.SNAKE, 0.01
1398, 14, 92, Status.SNAKE, 0.01
1399, 4, 27, Status.SNAKE, 0.01
1400, 3, 27, Status.WALL, 0.01
1401, 11, 68, Status.SNAKE, 0.01
1402, 7, 48, Status.WALL, 0.01
1403, 2, 13, Status.SNAKE, 0.01
1404, 1, 9, Status.WALL, 0.01
1405, 12, 104, Status.SNAKE, 0.01
1406, 6, 32, Status.SNAKE, 0.01
1407, 9, 50, Status.SNAKE, 0.01
1408, 10, 65, Status.SNAKE, 0.01
1409, 20, 159, Status.WALL, 0.01
1410, 13, 83, Status.SNAKE, 0.01
1411, 8, 48, Status.WALL, 0.01
1412, 13, 77, Status.SNAKE, 0.01
1413, 6, 40, Status.WALL, 0.01
1414, 13, 89, Status.WALL, 0.01
1415, 6, 52, Status.SNAKE, 0.01
1416, 2, 15, Status.SNAKE, 0.01
1417, 9, 60, Status.SNAKE, 0.01
1418, 8, 45, Status.SNAKE, 0.01
1419, 5, 37, Status.SNAKE, 0.01
1420, 14, 89, Status.WALL, 0.01
1421, 18, 106, Status.SNAKE, 0.01
1422, 11, 78, Status.SNAKE, 0.01
1423, 7, 61, Status.SNAKE, 0.01
1424, 12, 74, Status.SNAKE, 0.01
1425, 13, 85, Status.SNAKE, 0.01
1426, 11, 80, Status.SNAKE, 0.01
1427, 1, 3, Status.SNAKE, 0.01
1428, 14, 75, Status.SNAKE, 0.01
1429, 11, 69, Status.SNAKE, 0.01
1430, 12, 69, Status.SNAKE, 0.01
1431, 9, 59, Status.SNAKE, 0.01
1432, 12, 89, Status.SNAKE, 0.01
1433, 5, 20, Status.SNAKE, 0.01
1434, 12, 81, Status.SNAKE, 0.01
1435, 9, 79, Status.WALL, 0.01
1436, 5, 49, Status.SNAKE, 0.01
1437, 3, 29, Status.WALL, 0.01
1438, 12, 97, Status.SNAKE, 0.01
1439, 11, 90, Status.WALL, 0.01
1440, 5, 41, Status.SNAKE, 0.01
1441, 1, 5, Status.SNAKE, 0.01
1442, 2, 10, Status.SNAKE, 0.01
1443, 11, 76, Status.WALL, 0.01
1444, 10, 51, Status.SNAKE, 0.01
1445, 13, 81, Status.SNAKE, 0.01
1446, 16, 87, Status.WALL, 0.01
1447, 11, 83, Status.SNAKE, 0.01
1448, 5, 34, Status.SNAKE, 0.01
1449, 10, 91, Status.SNAKE, 0.01
1450, 13, 112, Status.SNAKE, 0.01
1451, 6, 44, Status.SNAKE, 0.01
1452, 4, 29, Status.SNAKE, 0.01
1453, 5, 29, Status.SNAKE, 0.01
1454, 5, 39, Status.SNAKE, 0.01
1455, 8, 60, Status.SNAKE, 0.01
1456, 13, 88, Status.SNAKE, 0.01
1457, 5, 22, Status.SNAKE, 0.01
1458, 19, 123, Status.SNAKE, 0.01
1459, 14, 72, Status.SNAKE, 0.01
1460, 19, 135, Status.SNAKE, 0.01
1461, 7, 43, Status.WALL, 0.01
1462, 3, 18, Status.SNAKE, 0.01
1463, 7, 39, Status.SNAKE, 0.01
1464, 6, 38, Status.SNAKE, 0.01
1465, 7, 53, Status.SNAKE, 0.01
1466, 6, 29, Status.SNAKE, 0.01
1467, 11, 70, Status.WALL, 0.01
1468, 8, 27, Status.SNAKE, 0.01
1469, 11, 53, Status.SNAKE, 0.01
1470, 5, 34, Status.SNAKE, 0.01
1471, 5, 24, Status.WALL, 0.01
1472, 11, 88, Status.SNAKE, 0.01
1473, 6, 47, Status.SNAKE, 0.01
1474, 10, 54, Status.SNAKE, 0.01
1475, 9, 67, Status.SNAKE, 0.01
1476, 16, 121, Status.SNAKE, 0.01
1477, 4, 22, Status.SNAKE, 0.01
1478, 5, 28, Status.SNAKE, 0.01
1479, 8, 61, Status.WALL, 0.01
1480, 11, 68, Status.WALL, 0.01
1481, 4, 26, Status.SNAKE, 0.01
1482, 8, 52, Status.SNAKE, 0.01
1483, 6, 32, Status.SNAKE, 0.01
1484, 10, 95, Status.WALL, 0.01
1485, 15, 92, Status.SNAKE, 0.01
1486, 1, 12, Status.WALL, 0.01
1487, 4, 36, Status.WALL, 0.01
1488, 16, 99, Status.SNAKE, 0.01
1489, 11, 72, Status.SNAKE, 0.01
1490, 10, 82, Status.WALL, 0.01
1491, 7, 46, Status.WALL, 0.01
1492, 5, 29, Status.SNAKE, 0.01
1493, 11, 60, Status.SNAKE, 0.01
1494, 6, 32, Status.SNAKE, 0.01
1495, 5, 41, Status.SNAKE, 0.01
1496, 14, 103, Status.SNAKE, 0.01
1497, 3, 33, Status.SNAKE, 0.01
1498, 4, 33, Status.SNAKE, 0.01
1499, 5, 33, Status.SNAKE, 0.01
1500, 8, 60, Status.SNAKE, 0.01
1501, 5, 38, Status.SNAKE, 0.01
1502, 7, 41, Status.SNAKE, 0.01
1503, 7, 40, Status.SNAKE, 0.01
1504, 8, 70, Status.WALL, 0.01
1505, 11, 87, Status.SNAKE, 0.01
1506, 10, 61, Status.SNAKE, 0.01
1507, 7, 48, Status.WALL, 0.01
1508, 7, 55, Status.SNAKE, 0.01
1509, 4, 23, Status.WALL, 0.01
1510, 14, 75, Status.SNAKE, 0.01
1511, 10, 59, Status.WALL, 0.01
1512, 3, 21, Status.SNAKE, 0.01
1513, 12, 81, Status.SNAKE, 0.01
1514, 8, 66, Status.SNAKE, 0.01
1515, 11, 65, Status.SNAKE, 0.01
1516, 10, 72, Status.SNAKE, 0.01
1517, 10, 58, Status.WALL, 0.01
1518, 4, 21, Status.SNAKE, 0.01
1519, 6, 39, Status.SNAKE, 0.01
1520, 6, 31, Status.SNAKE, 0.01
1521, 11, 83, Status.SNAKE, 0.01
1522, 4, 24, Status.WALL, 0.01
1523, 8, 40, Status.SNAKE, 0.01
1524, 4, 28, Status.WALL, 0.01
1525, 15, 122, Status.SNAKE, 0.01
1526, 10, 65, Status.SNAKE, 0.01
1527, 7, 55, Status.SNAKE, 0.01
1528, 6, 38, Status.WALL, 0.01
1529, 5, 42, Status.SNAKE, 0.01
1530, 11, 67, Status.SNAKE, 0.01
1531, 3, 19, Status.SNAKE, 0.01
1532, 6, 45, Status.SNAKE, 0.01
1533, 12, 75, Status.WALL, 0.01
1534, 5, 32, Status.SNAKE, 0.01
1535, 9, 60, Status.WALL, 0.01
1536, 12, 90, Status.SNAKE, 0.01
1537, 16, 108, Status.SNAKE, 0.01
1538, 6, 48, Status.SNAKE, 0.01
1539, 8, 50, Status.SNAKE, 0.01
1540, 7, 58, Status.SNAKE, 0.01
1541, 11, 71, Status.SNAKE, 0.01
1542, 6, 39, Status.WALL, 0.01
1543, 7, 61, Status.SNAKE, 0.01
1544, 9, 62, Status.WALL, 0.01
1545, 0, 8, Status.WALL, 0.01
1546, 21, 132, Status.SNAKE, 0.01
1547, 9, 57, Status.SNAKE, 0.01
1548, 6, 43, Status.WALL, 0.01
1549, 9, 69, Status.SNAKE, 0.01
1550, 3, 16, Status.SNAKE, 0.01
1551, 8, 48, Status.SNAKE, 0.01
1552, 2, 9, Status.SNAKE, 0.01
1553, 2, 17, Status.SNAKE, 0.01
1554, 7, 46, Status.WALL, 0.01
1555, 5, 35, Status.SNAKE, 0.01
1556, 7, 57, Status.SNAKE, 0.01
1557, 8, 48, Status.SNAKE, 0.01
1558, 4, 24, Status.SNAKE, 0.01
1559, 3, 20, Status.SNAKE, 0.01
1560, 17, 121, Status.WALL, 0.01
1561, 10, 68, Status.SNAKE, 0.01
1562, 15, 69, Status.SNAKE, 0.01
1563, 12, 85, Status.WALL, 0.01
1564, 12, 69, Status.SNAKE, 0.01
1565, 7, 47, Status.SNAKE, 0.01
1566, 8, 48, Status.SNAKE, 0.01
1567, 7, 32, Status.WALL, 0.01
1568, 7, 47, Status.SNAKE, 0.01
1569, 8, 60, Status.SNAKE, 0.01
1570, 7, 45, Status.SNAKE, 0.01
1571, 14, 117, Status.SNAKE, 0.01
1572, 7, 52, Status.WALL, 0.01
1573, 6, 27, Status.SNAKE, 0.01
1574, 6, 38, Status.WALL, 0.01
1575, 15, 95, Status.SNAKE, 0.01
1576, 4, 35, Status.WALL, 0.01
1577, 8, 54, Status.SNAKE, 0.01
1578, 3, 27, Status.WALL, 0.01
1579, 12, 76, Status.SNAKE, 0.01
1580, 11, 66, Status.SNAKE, 0.01
1581, 10, 66, Status.SNAKE, 0.01
1582, 14, 78, Status.WALL, 0.01
1583, 15, 121, Status.SNAKE, 0.01
1584, 14, 81, Status.SNAKE, 0.01
1585, 12, 64, Status.SNAKE, 0.01
1586, 3, 18, Status.SNAKE, 0.01
1587, 7, 54, Status.SNAKE, 0.01
1588, 2, 7, Status.SNAKE, 0.01
1589, 8, 58, Status.SNAKE, 0.01
1590, 8, 56, Status.SNAKE, 0.01
1591, 6, 42, Status.WALL, 0.01
1592, 8, 55, Status.SNAKE, 0.01
1593, 11, 69, Status.WALL, 0.01
1594, 7, 53, Status.SNAKE, 0.01
1595, 18, 139, Status.SNAKE, 0.01
1596, 11, 90, Status.WALL, 0.01
1597, 8, 53, Status.SNAKE, 0.01
1598, 1, 3, Status.SNAKE, 0.01
1599, 5, 38, Status.SNAKE, 0.01
1600, 17, 121, Status.WALL, 0.01
1601, 15, 109, Status.SNAKE, 0.01
1602, 8, 40, Status.WALL, 0.01
1603, 12, 64, Status.SNAKE, 0.01
1604, 2, 10, Status.SNAKE, 0.01
1605, 8, 58, Status.SNAKE, 0.01
1606, 1, 16, Status.WALL, 0.01
1607, 7, 27, Status.SNAKE, 0.01
1608, 4, 21, Status.WALL, 0.01
1609, 8, 43, Status.SNAKE, 0.01
1610, 11, 79, Status.SNAKE, 0.01
1611, 3, 23, Status.SNAKE, 0.01
1612, 9, 71, Status.SNAKE, 0.01
1613, 6, 41, Status.SNAKE, 0.01
1614, 5, 33, Status.SNAKE, 0.01
1615, 14, 78, Status.SNAKE, 0.01
1616, 5, 30, Status.SNAKE, 0.01
1617, 12, 96, Status.SNAKE, 0.01
1618, 6, 41, Status.SNAKE, 0.01
1619, 8, 62, Status.WALL, 0.01
1620, 3, 23, Status.SNAKE, 0.01
1621, 11, 66, Status.SNAKE, 0.01
1622, 5, 38, Status.SNAKE, 0.01
1623, 12, 93, Status.SNAKE, 0.01
1624, 11, 48, Status.SNAKE, 0.01
1625, 11, 81, Status.SNAKE, 0.01
1626, 9, 63, Status.SNAKE, 0.01
1627, 10, 79, Status.SNAKE, 0.01
1628, 4, 16, Status.SNAKE, 0.01
1629, 13, 78, Status.SNAKE, 0.01
1630, 11, 63, Status.SNAKE, 0.01
1631, 11, 88, Status.SNAKE, 0.01
1632, 11, 68, Status.SNAKE, 0.01
1633, 9, 40, Status.SNAKE, 0.01
1634, 18, 142, Status.SNAKE, 0.01
1635, 3, 23, Status.SNAKE, 0.01
1636, 6, 39, Status.SNAKE, 0.01
1637, 12, 96, Status.SNAKE, 0.01
1638, 2, 16, Status.SNAKE, 0.01
1639, 7, 40, Status.SNAKE, 0.01
1640, 3, 18, Status.WALL, 0.01
1641, 10, 57, Status.SNAKE, 0.01
1642, 5, 52, Status.SNAKE, 0.01
1643, 6, 52, Status.WALL, 0.01
1644, 10, 78, Status.SNAKE, 0.01
1645, 7, 62, Status.SNAKE, 0.01
1646, 5, 24, Status.SNAKE, 0.01
1647, 6, 30, Status.SNAKE, 0.01
1648, 9, 67, Status.SNAKE, 0.01
1649, 7, 50, Status.SNAKE, 0.01
1650, 5, 24, Status.SNAKE, 0.01
1651, 2, 17, Status.SNAKE, 0.01
1652, 11, 80, Status.WALL, 0.01
1653, 10, 52, Status.SNAKE, 0.01
1654, 14, 102, Status.SNAKE, 0.01
1655, 8, 51, Status.SNAKE, 0.01
1656, 11, 78, Status.SNAKE, 0.01
1657, 8, 46, Status.SNAKE, 0.01
1658, 14, 95, Status.SNAKE, 0.01
1659, 9, 54, Status.SNAKE, 0.01
1660, 23, 144, Status.SNAKE, 0.01
1661, 1, 8, Status.WALL, 0.01
1662, 10, 74, Status.SNAKE, 0.01
1663, 4, 51, Status.WALL, 0.01
1664, 6, 38, Status.SNAKE, 0.01
1665, 13, 105, Status.SNAKE, 0.01
1666, 8, 37, Status.SNAKE, 0.01
1667, 11, 72, Status.WALL, 0.01
1668, 7, 46, Status.SNAKE, 0.01
1669, 6, 37, Status.WALL, 0.01
1670, 11, 71, Status.SNAKE, 0.01
1671, 15, 75, Status.SNAKE, 0.01
1672, 13, 80, Status.SNAKE, 0.01
1673, 7, 57, Status.SNAKE, 0.01
1674, 2, 18, Status.WALL, 0.01
1675, 9, 61, Status.WALL, 0.01
1676, 1, 5, Status.SNAKE, 0.01
1677, 3, 26, Status.SNAKE, 0.01
1678, 9, 63, Status.SNAKE, 0.01
1679, 12, 65, Status.SNAKE, 0.01
1680, 7, 26, Status.SNAKE, 0.01
1681, 2, 26, Status.WALL, 0.01
1682, 2, 20, Status.SNAKE, 0.01
1683, 14, 107, Status.SNAKE, 0.01
1684, 7, 41, Status.SNAKE, 0.01
1685, 15, 130, Status.SNAKE, 0.01
1686, 9, 66, Status.SNAKE, 0.01
1687, 11, 56, Status.SNAKE, 0.01
1688, 1, 12, Status.WALL, 0.01
1689, 1, 10, Status.WALL, 0.01
1690, 17, 121, Status.SNAKE, 0.01
1691, 9, 66, Status.SNAKE, 0.01
1692, 12, 78, Status.SNAKE, 0.01
1693, 12, 93, Status.SNAKE, 0.01
1694, 12, 73, Status.SNAKE, 0.01
1695, 6, 37, Status.SNAKE, 0.01
1696, 10, 72, Status.SNAKE, 0.01
1697, 4, 27, Status.WALL, 0.01
1698, 4, 26, Status.WALL, 0.01
1699, 12, 88, Status.WALL, 0.01
1700, 9, 74, Status.WALL, 0.01
1701, 4, 25, Status.WALL, 0.01
1702, 7, 45, Status.SNAKE, 0.01
1703, 5, 35, Status.SNAKE, 0.01
1704, 13, 99, Status.SNAKE, 0.01
1705, 14, 81, Status.SNAKE, 0.01
1706, 5, 29, Status.SNAKE, 0.01
1707, 11, 88, Status.WALL, 0.01
1708, 8, 61, Status.SNAKE, 0.01
1709, 5, 16, Status.WALL, 0.01
1710, 10, 63, Status.WALL, 0.01
1711, 13, 67, Status.SNAKE, 0.01
1712, 8, 68, Status.SNAKE, 0.01
1713, 13, 61, Status.SNAKE, 0.01
1714, 5, 24, Status.SNAKE, 0.01
1715, 9, 58, Status.SNAKE, 0.01
1716, 4, 27, Status.SNAKE, 0.01
1717, 3, 16, Status.SNAKE, 0.01
1718, 3, 14, Status.WALL, 0.01
1719, 14, 95, Status.SNAKE, 0.01
1720, 14, 85, Status.SNAKE, 0.01
1721, 10, 78, Status.SNAKE, 0.01
1722, 7, 40, Status.WALL, 0.01
1723, 11, 75, Status.WALL, 0.01
1724, 3, 15, Status.WALL, 0.01
1725, 4, 33, Status.SNAKE, 0.01
1726, 7, 30, Status.SNAKE, 0.01
1727, 1, 3, Status.SNAKE, 0.01
1728, 5, 35, Status.WALL, 0.01
1729, 12, 76, Status.SNAKE, 0.01
1730, 12, 69, Status.WALL, 0.01
1731, 4, 14, Status.SNAKE, 0.01
1732, 17, 118, Status.SNAKE, 0.01
1733, 11, 55, Status.SNAKE, 0.01
1734, 8, 59, Status.SNAKE, 0.01
1735, 8, 69, Status.SNAKE, 0.01
1736, 9, 39, Status.SNAKE, 0.01
1737, 11, 59, Status.SNAKE, 0.01
1738, 8, 42, Status.SNAKE, 0.01
1739, 6, 34, Status.SNAKE, 0.01
1740, 3, 16, Status.SNAKE, 0.01
1741, 1, 12, Status.WALL, 0.01
1742, 9, 54, Status.SNAKE, 0.01
1743, 2, 11, Status.SNAKE, 0.01
1744, 9, 52, Status.SNAKE, 0.01
1745, 18, 129, Status.SNAKE, 0.01
1746, 7, 56, Status.SNAKE, 0.01
1747, 9, 55, Status.SNAKE, 0.01
1748, 14, 98, Status.SNAKE, 0.01
1749, 5, 26, Status.SNAKE, 0.01
1750, 10, 80, Status.SNAKE, 0.01
1751, 7, 33, Status.SNAKE, 0.01
1752, 8, 53, Status.SNAKE, 0.01
1753, 2, 19, Status.WALL, 0.01
1754, 7, 66, Status.WALL, 0.01
1755, 7, 50, Status.SNAKE, 0.01
1756, 13, 86, Status.SNAKE, 0.01
1757, 5, 39, Status.WALL, 0.01
1758, 1, 8, Status.SNAKE, 0.01
1759, 3, 18, Status.SNAKE, 0.01
1760, 6, 61, Status.WALL, 0.01
1761, 7, 39, Status.SNAKE, 0.01
1762, 15, 111, Status.SNAKE, 0.01
1763, 2, 14, Status.WALL, 0.01
1764, 7, 34, Status.SNAKE, 0.01
1765, 12, 100, Status.SNAKE, 0.01
1766, 12, 109, Status.SNAKE, 0.01
1767, 15, 101, Status.SNAKE, 0.01
1768, 15, 118, Status.SNAKE, 0.01
1769, 3, 17, Status.SNAKE, 0.01
1770, 19, 136, Status.SNAKE, 0.01
1771, 14, 84, Status.SNAKE, 0.01
1772, 14, 109, Status.SNAKE, 0.01
1773, 12, 81, Status.SNAKE, 0.01
1774, 7, 64, Status.WALL, 0.01
1775, 17, 97, Status.SNAKE, 0.01
1776, 11, 62, Status.SNAKE, 0.01
1777, 14, 102, Status.SNAKE, 0.01
1778, 3, 25, Status.WALL, 0.01
1779, 9, 49, Status.SNAKE, 0.01
1780, 6, 40, Status.WALL, 0.01
1781, 5, 35, Status.SNAKE, 0.01
1782, 13, 88, Status.SNAKE, 0.01
1783, 7, 30, Status.SNAKE, 0.01
1784, 3, 11, Status.SNAKE, 0.01
1785, 15, 94, Status.SNAKE, 0.01
1786, 5, 26, Status.SNAKE, 0.01
1787, 4, 24, Status.WALL, 0.01
1788, 10, 73, Status.SNAKE, 0.01
1789, 11, 72, Status.SNAKE, 0.01
1790, 10, 68, Status.SNAKE, 0.01
1791, 9, 57, Status.SNAKE, 0.01
1792, 7, 44, Status.SNAKE, 0.01
1793, 1, 26, Status.WALL, 0.01
1794, 11, 73, Status.SNAKE, 0.01
1795, 13, 66, Status.WALL, 0.01
1796, 9, 52, Status.SNAKE, 0.01
1797, 9, 63, Status.SNAKE, 0.01
1798, 10, 66, Status.SNAKE, 0.01
1799, 7, 52, Status.WALL, 0.01
1800, 12, 87, Status.SNAKE, 0.01
1801, 11, 74, Status.SNAKE, 0.01
1802, 8, 69, Status.SNAKE, 0.01
1803, 7, 35, Status.SNAKE, 0.01
1804, 14, 86, Status.SNAKE, 0.01
1805, 11, 76, Status.SNAKE, 0.01
1806, 8, 57, Status.SNAKE, 0.01
1807, 19, 141, Status.SNAKE, 0.01
1808, 8, 51, Status.SNAKE, 0.01
1809, 6, 32, Status.SNAKE, 0.01
1810, 13, 98, Status.SNAKE, 0.01
1811, 6, 53, Status.SNAKE, 0.01
1812, 13, 93, Status.SNAKE, 0.01
1813, 6, 45, Status.SNAKE, 0.01
1814, 7, 55, Status.SNAKE, 0.01
1815, 12, 75, Status.SNAKE, 0.01
1816, 9, 44, Status.SNAKE, 0.01
1817, 12, 70, Status.SNAKE, 0.01
1818, 8, 51, Status.WALL, 0.01
1819, 12, 84, Status.SNAKE, 0.01
1820, 9, 70, Status.WALL, 0.01
1821, 7, 51, Status.SNAKE, 0.01
1822, 3, 24, Status.WALL, 0.01
1823, 7, 40, Status.SNAKE, 0.01
1824, 10, 68, Status.SNAKE, 0.01
1825, 7, 42, Status.SNAKE, 0.01
1826, 15, 116, Status.SNAKE, 0.01
1827, 8, 64, Status.SNAKE, 0.01
1828, 6, 52, Status.SNAKE, 0.01
1829, 9, 66, Status.SNAKE, 0.01
1830, 7, 51, Status.SNAKE, 0.01
1831, 11, 66, Status.SNAKE, 0.01
1832, 13, 87, Status.SNAKE, 0.01
1833, 5, 19, Status.SNAKE, 0.01
1834, 13, 95, Status.WALL, 0.01
1835, 5, 39, Status.SNAKE, 0.01
1836, 13, 101, Status.WALL, 0.01
1837, 6, 45, Status.SNAKE, 0.01
1838, 3, 18, Status.WALL, 0.01
1839, 15, 114, Status.SNAKE, 0.01
1840, 10, 79, Status.SNAKE, 0.01
1841, 10, 68, Status.SNAKE, 0.01
1842, 10, 65, Status.SNAKE, 0.01
1843, 4, 13, Status.SNAKE, 0.01
1844, 8, 58, Status.SNAKE, 0.01
1845, 7, 45, Status.SNAKE, 0.01
1846, 13, 97, Status.SNAKE, 0.01
1847, 9, 63, Status.WALL, 0.01
1848, 1, 10, Status.WALL, 0.01
1849, 18, 111, Status.SNAKE, 0.01
1850, 1, 8, Status.SNAKE, 0.01
1851, 15, 107, Status.SNAKE, 0.01
1852, 7, 69, Status.SNAKE, 0.01
1853, 6, 45, Status.SNAKE, 0.01
1854, 5, 37, Status.SNAKE, 0.01
1855, 5, 29, Status.SNAKE, 0.01
1856, 7, 61, Status.WALL, 0.01
1857, 2, 19, Status.SNAKE, 0.01
1858, 15, 111, Status.SNAKE, 0.01
1859, 12, 68, Status.SNAKE, 0.01
1860, 9, 97, Status.WALL, 0.01
1861, 6, 54, Status.SNAKE, 0.01
1862, 9, 48, Status.SNAKE, 0.01
1863, 9, 72, Status.SNAKE, 0.01
1864, 12, 83, Status.WALL, 0.01
1865, 5, 35, Status.SNAKE, 0.01
1866, 16, 121, Status.SNAKE, 0.01
1867, 3, 16, Status.SNAKE, 0.01
1868, 9, 64, Status.SNAKE, 0.01
1869, 3, 19, Status.SNAKE, 0.01
1870, 5, 30, Status.SNAKE, 0.01
1871, 11, 77, Status.SNAKE, 0.01
1872, 8, 61, Status.SNAKE, 0.01
1873, 13, 107, Status.SNAKE, 0.01
1874, 7, 41, Status.SNAKE, 0.01
1875, 7, 45, Status.SNAKE, 0.01
1876, 6, 50, Status.SNAKE, 0.01
1877, 17, 91, Status.SNAKE, 0.01
1878, 2, 3, Status.SNAKE, 0.01
1879, 11, 103, Status.SNAKE, 0.01
1880, 9, 48, Status.SNAKE, 0.01
1881, 12, 77, Status.WALL, 0.01
1882, 10, 72, Status.SNAKE, 0.01
1883, 10, 67, Status.SNAKE, 0.01
1884, 8, 63, Status.SNAKE, 0.01
1885, 11, 53, Status.SNAKE, 0.01
1886, 4, 34, Status.SNAKE, 0.01
1887, 10, 70, Status.SNAKE, 0.01
1888, 12, 81, Status.SNAKE, 0.01
1889, 12, 90, Status.SNAKE, 0.01
1890, 6, 41, Status.SNAKE, 0.01
1891, 6, 41, Status.WALL, 0.01
1892, 4, 33, Status.SNAKE, 0.01
1893, 17, 112, Status.SNAKE, 0.01
1894, 14, 88, Status.WALL, 0.01
1895, 9, 45, Status.SNAKE, 0.01
1896, 13, 97, Status.SNAKE, 0.01
1897, 9, 49, Status.SNAKE, 0.01
1898, 9, 59, Status.SNAKE, 0.01
1899, 10, 103, Status.SNAKE, 0.01
1900, 10, 74, Status.SNAKE, 0.01
1901, 4, 53, Status.WALL, 0.01
1902, 10, 75, Status.SNAKE, 0.01
1903, 13, 83, Status.SNAKE, 0.01
1904, 9, 76, Status.SNAKE, 0.01
1905, 14, 93, Status.SNAKE, 0.01
1906, 1, 3, Status.SNAKE, 0.01
1907, 9, 64, Status.SNAKE, 0.01
1908, 10, 53, Status.SNAKE, 0.01
1909, 5, 33, Status.SNAKE, 0.01
1910, 4, 27, Status.SNAKE, 0.01
1911, 13, 87, Status.SNAKE, 0.01
1912, 7, 62, Status.SNAKE, 0.01
1913, 8, 46, Status.SNAKE, 0.01
1914, 9, 60, Status.SNAKE, 0.01
1915, 5, 41, Status.WALL, 0.01
1916, 13, 54, Status.WALL, 0.01
1917, 6, 23, Status.WALL, 0.01
1918, 5, 35, Status.SNAKE, 0.01
1919, 12, 76, Status.SNAKE, 0.01
1920, 11, 70, Status.SNAKE, 0.01
1921, 7, 32, Status.SNAKE, 0.01
1922, 6, 32, Status.SNAKE, 0.01
1923, 2, 14, Status.SNAKE, 0.01
1924, 20, 116, Status.SNAKE, 0.01
1925, 5, 43, Status.SNAKE, 0.01
1926, 13, 73, Status.SNAKE, 0.01
1927, 13, 81, Status.WALL, 0.01
1928, 5, 31, Status.SNAKE, 0.01
1929, 9, 52, Status.SNAKE, 0.01
1930, 8, 46, Status.SNAKE, 0.01
1931, 10, 69, Status.WALL, 0.01
1932, 3, 25, Status.WALL, 0.01
1933, 7, 58, Status.WALL, 0.01
1934, 0, 6, Status.WALL, 0.01
1935, 9, 61, Status.SNAKE, 0.01
1936, 3, 16, Status.SNAKE, 0.01
1937, 11, 74, Status.SNAKE, 0.01
1938, 7, 37, Status.SNAKE, 0.01
1939, 15, 120, Status.SNAKE, 0.01
1940, 9, 76, Status.SNAKE, 0.01
1941, 9, 65, Status.SNAKE, 0.01
1942, 4, 18, Status.SNAKE, 0.01
1943, 14, 98, Status.SNAKE, 0.01
1944, 3, 19, Status.WALL, 0.01
1945, 9, 65, Status.SNAKE, 0.01
1946, 3, 29, Status.SNAKE, 0.01
1947, 3, 28, Status.SNAKE, 0.01
1948, 2, 22, Status.SNAKE, 0.01
1949, 5, 27, Status.SNAKE, 0.01
1950, 11, 61, Status.SNAKE, 0.01
1951, 1, 10, Status.SNAKE, 0.01
1952, 3, 20, Status.SNAKE, 0.01
1953, 5, 27, Status.SNAKE, 0.01
1954, 12, 86, Status.SNAKE, 0.01
1955, 6, 41, Status.WALL, 0.01
1956, 3, 29, Status.SNAKE, 0.01
1957, 6, 40, Status.SNAKE, 0.01
1958, 8, 39, Status.SNAKE, 0.01
1959, 11, 84, Status.SNAKE, 0.01
1960, 15, 109, Status.SNAKE, 0.01
1961, 7, 28, Status.SNAKE, 0.01
1962, 7, 55, Status.SNAKE, 0.01
1963, 1, 3, Status.SNAKE, 0.01
1964, 9, 68, Status.SNAKE, 0.01
1965, 13, 100, Status.SNAKE, 0.01
1966, 1, 5, Status.SNAKE, 0.01
1967, 8, 54, Status.SNAKE, 0.01
1968, 1, 5, Status.SNAKE, 0.01
1969, 8, 58, Status.SNAKE, 0.01
1970, 2, 12, Status.SNAKE, 0.01
1971, 9, 58, Status.SNAKE, 0.01
1972, 11, 74, Status.SNAKE, 0.01
1973, 5, 22, Status.SNAKE, 0.01
1974, 12, 108, Status.SNAKE, 0.01
1975, 11, 93, Status.SNAKE, 0.01
1976, 13, 114, Status.SNAKE, 0.01
1977, 8, 60, Status.SNAKE, 0.01
1978, 9, 59, Status.SNAKE, 0.01
1979, 5, 36, Status.SNAKE, 0.01
1980, 8, 60, Status.SNAKE, 0.01
1981, 7, 56, Status.SNAKE, 0.01
1982, 9, 55, Status.SNAKE, 0.01
1983, 11, 75, Status.SNAKE, 0.01
1984, 5, 26, Status.SNAKE, 0.01
1985, 7, 68, Status.SNAKE, 0.01
1986, 7, 42, Status.SNAKE, 0.01
1987, 9, 66, Status.WALL, 0.01
1988, 1, 7, Status.SNAKE, 0.01
1989, 10, 60, Status.WALL, 0.01
1990, 1, 3, Status.SNAKE, 0.01
1991, 7, 40, Status.SNAKE, 0.01
1992, 6, 30, Status.SNAKE, 0.01
1993, 3, 22, Status.SNAKE, 0.01
1994, 14, 107, Status.SNAKE, 0.01
1995, 10, 46, Status.SNAKE, 0.01
1996, 9, 54, Status.SNAKE, 0.01
1997, 7, 41, Status.SNAKE, 0.01
1998, 9, 57, Status.SNAKE, 0.01
1999, 9, 74, Status.SNAKE, 0.01
2000, 6, 34, Status.SNAKE, 0.01
2001, 9, 65, Status.WALL, 0.01
2002, 16, 130, Status.SNAKE, 0.01
2003, 11, 80, Status.SNAKE, 0.01
2004, 2, 17, Status.WALL, 0.01
2005, 9, 77, Status.SNAKE, 0.01
2006, 12, 79, Status.WALL, 0.01
2007, 15, 97, Status.SNAKE, 0.01
2008, 17, 119, Status.WALL, 0.01
2009, 13, 84, Status.SNAKE, 0.01
2010, 4, 24, Status.WALL, 0.01
2011, 8, 69, Status.SNAKE, 0.01
2012, 2, 15, Status.WALL, 0.01
2013, 9, 62, Status.SNAKE, 0.01
2014, 9, 57, Status.SNAKE, 0.01
2015, 7, 47, Status.SNAKE, 0.01
2016, 15, 127, Status.SNAKE, 0.01
2017, 11, 68, Status.WALL, 0.01
2018, 12, 91, Status.SNAKE, 0.01
2019, 3, 22, Status.WALL, 0.01
2020, 4, 28, Status.SNAKE, 0.01
2021, 12, 104, Status.SNAKE, 0.01
2022, 5, 43, Status.SNAKE, 0.01
2023, 6, 34, Status.SNAKE, 0.01
2024, 10, 83, Status.WALL, 0.01
2025, 12, 100, Status.SNAKE, 0.01
2026, 14, 88, Status.SNAKE, 0.01
2027, 7, 48, Status.SNAKE, 0.01
2028, 11, 100, Status.SNAKE, 0.01
2029, 5, 21, Status.SNAKE, 0.01
2030, 1, 10, Status.WALL, 0.01
2031, 4, 42, Status.SNAKE, 0.01
2032, 10, 83, Status.SNAKE, 0.01
2033, 10, 83, Status.SNAKE, 0.01
2034, 9, 55, Status.WALL, 0.01
2035, 14, 108, Status.SNAKE, 0.01
2036, 6, 24, Status.SNAKE, 0.01
2037, 3, 26, Status.SNAKE, 0.01
2038, 14, 117, Status.SNAKE, 0.01
2039, 7, 49, Status.SNAKE, 0.01
2040, 9, 83, Status.SNAKE, 0.01
2041, 17, 122, Status.SNAKE, 0.01
2042, 5, 41, Status.SNAKE, 0.01
2043, 3, 10, Status.SNAKE, 0.01
2044, 15, 86, Status.SNAKE, 0.01
2045, 6, 45, Status.SNAKE, 0.01
2046, 5, 26, Status.SNAKE, 0.01
2047, 15, 111, Status.SNAKE, 0.01
2048, 13, 84, Status.WALL, 0.01
2049, 13, 69, Status.SNAKE, 0.01
2050, 10, 75, Status.SNAKE, 0.01
2051, 9, 54, Status.SNAKE, 0.01
2052, 3, 33, Status.WALL, 0.01
2053, 9, 52, Status.SNAKE, 0.01
2054, 10, 44, Status.SNAKE, 0.01
2055, 4, 47, Status.SNAKE, 0.01
2056, 9, 72, Status.SNAKE, 0.01
2057, 4, 21, Status.SNAKE, 0.01
2058, 11, 91, Status.SNAKE, 0.01
2059, 16, 117, Status.SNAKE, 0.01
2060, 9, 72, Status.SNAKE, 0.01
2061, 1, 5, Status.SNAKE, 0.01
2062, 22, 177, Status.SNAKE, 0.01
2063, 2, 34, Status.WALL, 0.01
2064, 1, 7, Status.SNAKE, 0.01
2065, 8, 65, Status.SNAKE, 0.01
2066, 5, 33, Status.SNAKE, 0.01
2067, 4, 22, Status.SNAKE, 0.01
2068, 8, 45, Status.WALL, 0.01
2069, 14, 96, Status.SNAKE, 0.01
2070, 10, 57, Status.WALL, 0.01
2071, 12, 77, Status.SNAKE, 0.01
2072, 1, 11, Status.SNAKE, 0.01
2073, 9, 52, Status.SNAKE, 0.01
2074, 5, 27, Status.SNAKE, 0.01
2075, 13, 103, Status.SNAKE, 0.01
2076, 13, 113, Status.WALL, 0.01
2077, 11, 86, Status.SNAKE, 0.01
2078, 3, 16, Status.SNAKE, 0.01
2079, 3, 31, Status.SNAKE, 0.01
2080, 8, 55, Status.SNAKE, 0.01
2081, 1, 11, Status.WALL, 0.01
2082, 6, 41, Status.SNAKE, 0.01
2083, 4, 36, Status.SNAKE, 0.01
2084, 10, 69, Status.SNAKE, 0.01
2085, 5, 38, Status.SNAKE, 0.01
2086, 11, 65, Status.SNAKE, 0.01
2087, 1, 3, Status.SNAKE, 0.01
2088, 11, 111, Status.SNAKE, 0.01
2089, 4, 21, Status.SNAKE, 0.01
2090, 16, 106, Status.SNAKE, 0.01
2091, 9, 82, Status.SNAKE, 0.01
2092, 10, 67, Status.SNAKE, 0.01
2093, 5, 41, Status.SNAKE, 0.01
2094, 1, 3, Status.SNAKE, 0.01
2095, 9, 71, Status.SNAKE, 0.01
2096, 5, 48, Status.SNAKE, 0.01
2097, 12, 87, Status.SNAKE, 0.01
2098, 5, 30, Status.SNAKE, 0.01
2099, 15, 112, Status.WALL, 0.01
2100, 9, 46, Status.SNAKE, 0.01
2101, 12, 90, Status.WALL, 0.01
2102, 17, 169, Status.SNAKE, 0.01
2103, 5, 28, Status.SNAKE, 0.01
2104, 11, 73, Status.SNAKE, 0.01
2105, 15, 78, Status.WALL, 0.01
2106, 15, 115, Status.SNAKE, 0.01
2107, 13, 72, Status.SNAKE, 0.01
2108, 14, 96, Status.SNAKE, 0.01
2109, 10, 60, Status.SNAKE, 0.01
2110, 9, 74, Status.SNAKE, 0.01
2111, 11, 64, Status.SNAKE, 0.01
2112, 12, 102, Status.SNAKE, 0.01
2113, 13, 84, Status.SNAKE, 0.01
2114, 7, 67, Status.SNAKE, 0.01
2115, 15, 129, Status.SNAKE, 0.01
2116, 7, 40, Status.SNAKE, 0.01
2117, 9, 51, Status.SNAKE, 0.01
2118, 6, 48, Status.SNAKE, 0.01
2119, 7, 42, Status.WALL, 0.01
2120, 10, 57, Status.SNAKE, 0.01
2121, 8, 58, Status.SNAKE, 0.01
2122, 4, 19, Status.SNAKE, 0.01
2123, 14, 83, Status.SNAKE, 0.01
2124, 8, 54, Status.SNAKE, 0.01
2125, 9, 89, Status.SNAKE, 0.01
2126, 8, 56, Status.SNAKE, 0.01
2127, 6, 30, Status.SNAKE, 0.01
2128, 3, 19, Status.SNAKE, 0.01
2129, 3, 15, Status.SNAKE, 0.01
2130, 11, 76, Status.SNAKE, 0.01
2131, 19, 116, Status.SNAKE, 0.01
2132, 11, 65, Status.SNAKE, 0.01
2133, 5, 44, Status.SNAKE, 0.01
2134, 17, 120, Status.SNAKE, 0.01
2135, 11, 96, Status.SNAKE, 0.01
2136, 16, 128, Status.SNAKE, 0.01
2137, 15, 80, Status.SNAKE, 0.01
2138, 4, 48, Status.SNAKE, 0.01
2139, 18, 103, Status.WALL, 0.01
2140, 14, 106, Status.SNAKE, 0.01
2141, 3, 7, Status.WALL, 0.01
2142, 10, 56, Status.SNAKE, 0.01
2143, 16, 110, Status.SNAKE, 0.01
2144, 4, 13, Status.SNAKE, 0.01
2145, 7, 39, Status.SNAKE, 0.01
2146, 14, 107, Status.SNAKE, 0.01
2147, 5, 45, Status.WALL, 0.01
2148, 7, 63, Status.SNAKE, 0.01
2149, 12, 91, Status.SNAKE, 0.01
2150, 2, 24, Status.WALL, 0.01
2151, 2, 22, Status.SNAKE, 0.01
2152, 1, 5, Status.SNAKE, 0.01
2153, 3, 22, Status.SNAKE, 0.01
2154, 9, 58, Status.WALL, 0.01
2155, 7, 64, Status.WALL, 0.01
2156, 2, 10, Status.WALL, 0.01
2157, 2, 19, Status.WALL, 0.01
2158, 6, 57, Status.SNAKE, 0.01
2159, 15, 94, Status.SNAKE, 0.01
2160, 14, 95, Status.SNAKE, 0.01
2161, 5, 44, Status.WALL, 0.01
2162, 5, 17, Status.SNAKE, 0.01
2163, 12, 112, Status.SNAKE, 0.01
2164, 1, 3, Status.SNAKE, 0.01
2165, 8, 67, Status.SNAKE, 0.01
2166, 3, 25, Status.SNAKE, 0.01
2167, 8, 51, Status.WALL, 0.01
2168, 12, 103, Status.SNAKE, 0.01
2169, 10, 58, Status.SNAKE, 0.01
2170, 8, 71, Status.WALL, 0.01
2171, 9, 50, Status.SNAKE, 0.01
2172, 13, 103, Status.WALL, 0.01
2173, 16, 111, Status.SNAKE, 0.01
2174, 6, 52, Status.SNAKE, 0.01
2175, 15, 112, Status.SNAKE, 0.01
2176, 3, 23, Status.WALL, 0.01
2177, 3, 27, Status.SNAKE, 0.01
2178, 13, 95, Status.SNAKE, 0.01
2179, 15, 69, Status.SNAKE, 0.01
2180, 6, 41, Status.WALL, 0.01
2181, 6, 35, Status.SNAKE, 0.01
2182, 9, 64, Status.SNAKE, 0.01
2183, 11, 99, Status.SNAKE, 0.01
2184, 6, 37, Status.SNAKE, 0.01
2185, 11, 90, Status.SNAKE, 0.01
2186, 6, 36, Status.SNAKE, 0.01
2187, 21, 143, Status.SNAKE, 0.01
2188, 5, 42, Status.WALL, 0.01
2189, 16, 98, Status.WALL, 0.01
2190, 23, 191, Status.SNAKE, 0.01
2191, 9, 56, Status.SNAKE, 0.01
2192, 1, 8, Status.WALL, 0.01
2193, 10, 73, Status.SNAKE, 0.01
2194, 8, 62, Status.SNAKE, 0.01
2195, 4, 26, Status.WALL, 0.01
2196, 5, 34, Status.SNAKE, 0.01
2197, 0, 8, Status.WALL, 0.01
2198, 0, 7, Status.WALL, 0.01
2199, 12, 96, Status.WALL, 0.01
2200, 15, 94, Status.SNAKE, 0.01
2201, 5, 41, Status.SNAKE, 0.01
2202, 5, 34, Status.SNAKE, 0.01
2203, 8, 56, Status.SNAKE, 0.01
2204, 4, 24, Status.SNAKE, 0.01
2205, 1, 13, Status.WALL, 0.01
2206, 13, 100, Status.SNAKE, 0.01
2207, 6, 40, Status.SNAKE, 0.01
2208, 11, 71, Status.SNAKE, 0.01
2209, 11, 69, Status.SNAKE, 0.01
2210, 9, 60, Status.WALL, 0.01
2211, 16, 111, Status.SNAKE, 0.01
2212, 12, 98, Status.SNAKE, 0.01
2213, 6, 36, Status.SNAKE, 0.01
2214, 1, 4, Status.SNAKE, 0.01
2215, 19, 98, Status.SNAKE, 0.01
2216, 1, 9, Status.WALL, 0.01
2217, 14, 80, Status.SNAKE, 0.01
2218, 11, 82, Status.SNAKE, 0.01
2219, 3, 22, Status.WALL, 0.01
2220, 4, 32, Status.WALL, 0.01
2221, 10, 61, Status.SNAKE, 0.01
2222, 7, 78, Status.SNAKE, 0.01
2223, 4, 23, Status.SNAKE, 0.01
2224, 9, 56, Status.SNAKE, 0.01
2225, 4, 13, Status.WALL, 0.01
2226, 7, 68, Status.SNAKE, 0.01
2227, 8, 52, Status.SNAKE, 0.01
2228, 13, 93, Status.SNAKE, 0.01
2229, 22, 176, Status.SNAKE, 0.01
2230, 12, 129, Status.SNAKE, 0.01
2231, 10, 91, Status.SNAKE, 0.01
2232, 4, 31, Status.WALL, 0.01
2233, 14, 110, Status.SNAKE, 0.01
2234, 8, 48, Status.SNAKE, 0.01
2235, 3, 24, Status.WALL, 0.01
2236, 8, 42, Status.SNAKE, 0.01
2237, 13, 86, Status.SNAKE, 0.01
2238, 8, 70, Status.WALL, 0.01
2239, 13, 79, Status.SNAKE, 0.01
2240, 16, 113, Status.SNAKE, 0.01
2241, 16, 154, Status.SNAKE, 0.01
2242, 9, 74, Status.SNAKE, 0.01
2243, 4, 33, Status.SNAKE, 0.01
2244, 11, 64, Status.SNAKE, 0.01
2245, 5, 25, Status.SNAKE, 0.01
2246, 10, 67, Status.SNAKE, 0.01
2247, 1, 3, Status.SNAKE, 0.01
2248, 8, 54, Status.SNAKE, 0.01
2249, 9, 68, Status.SNAKE, 0.01
2250, 11, 97, Status.SNAKE, 0.01
2251, 12, 91, Status.SNAKE, 0.01
2252, 16, 108, Status.SNAKE, 0.01
2253, 12, 79, Status.SNAKE, 0.01
2254, 2, 23, Status.WALL, 0.01
2255, 3, 13, Status.WALL, 0.01
2256, 12, 80, Status.SNAKE, 0.01
2257, 7, 40, Status.SNAKE, 0.01
2258, 20, 131, Status.WALL, 0.01
2259, 11, 77, Status.SNAKE, 0.01
2260, 11, 94, Status.SNAKE, 0.01
2261, 5, 19, Status.SNAKE, 0.01
2262, 13, 82, Status.SNAKE, 0.01
2263, 11, 78, Status.WALL, 0.01
2264, 5, 47, Status.SNAKE, 0.01
2265, 5, 33, Status.SNAKE, 0.01
2266, 12, 77, Status.SNAKE, 0.01
2267, 11, 79, Status.WALL, 0.01
2268, 5, 43, Status.SNAKE, 0.01
2269, 4, 34, Status.SNAKE, 0.01
2270, 23, 122, Status.SNAKE, 0.01
2271, 12, 74, Status.SNAKE, 0.01
2272, 13, 106, Status.SNAKE, 0.01
2273, 6, 48, Status.WALL, 0.01
2274, 9, 58, Status.SNAKE, 0.01
2275, 20, 119, Status.SNAKE, 0.01
2276, 6, 39, Status.SNAKE, 0.01
2277, 12, 77, Status.WALL, 0.01
2278, 5, 26, Status.SNAKE, 0.01
2279, 7, 52, Status.SNAKE, 0.01
2280, 11, 67, Status.SNAKE, 0.01
2281, 12, 66, Status.SNAKE, 0.01
2282, 13, 107, Status.SNAKE, 0.01
2283, 4, 38, Status.SNAKE, 0.01
2284, 11, 74, Status.SNAKE, 0.01
2285, 12, 87, Status.SNAKE, 0.01
2286, 6, 59, Status.WALL, 0.01
2287, 9, 42, Status.SNAKE, 0.01
2288, 21, 124, Status.WALL, 0.01
2289, 7, 42, Status.WALL, 0.01
2290, 10, 71, Status.SNAKE, 0.01
2291, 9, 62, Status.SNAKE, 0.01
2292, 17, 130, Status.WALL, 0.01
2293, 11, 67, Status.SNAKE, 0.01
2294, 4, 22, Status.SNAKE, 0.01
2295, 7, 52, Status.SNAKE, 0.01
2296, 18, 161, Status.WALL, 0.01
2297, 10, 55, Status.SNAKE, 0.01
2298, 11, 74, Status.SNAKE, 0.01
2299, 9, 63, Status.SNAKE, 0.01
2300, 5, 42, Status.SNAKE, 0.01
2301, 12, 61, Status.SNAKE, 0.01
2302, 8, 45, Status.SNAKE, 0.01
2303, 4, 26, Status.SNAKE, 0.01
2304, 10, 76, Status.SNAKE, 0.01
2305, 8, 52, Status.SNAKE, 0.01
2306, 15, 84, Status.WALL, 0.01
2307, 14, 94, Status.SNAKE, 0.01
2308, 7, 50, Status.SNAKE, 0.01
2309, 16, 108, Status.SNAKE, 0.01
2310, 17, 105, Status.SNAKE, 0.01
2311, 6, 35, Status.SNAKE, 0.01
2312, 9, 76, Status.SNAKE, 0.01
2313, 8, 33, Status.SNAKE, 0.01
2314, 4, 28, Status.SNAKE, 0.01
2315, 10, 71, Status.SNAKE, 0.01
2316, 1, 8, Status.SNAKE, 0.01
2317, 6, 36, Status.SNAKE, 0.01
2318, 1, 18, Status.WALL, 0.01
2319, 10, 74, Status.SNAKE, 0.01
2320, 7, 33, Status.SNAKE, 0.01
2321, 1, 5, Status.SNAKE, 0.01
2322, 8, 47, Status.WALL, 0.01
2323, 14, 97, Status.SNAKE, 0.01
2324, 8, 59, Status.WALL, 0.01
2325, 6, 27, Status.SNAKE, 0.01
2326, 8, 44, Status.SNAKE, 0.01
2327, 11, 59, Status.SNAKE, 0.01
2328, 19, 100, Status.SNAKE, 0.01
2329, 10, 61, Status.SNAKE, 0.01
2330, 11, 60, Status.SNAKE, 0.01
2331, 7, 48, Status.SNAKE, 0.01
2332, 11, 69, Status.SNAKE, 0.01
2333, 6, 53, Status.WALL, 0.01
2334, 7, 60, Status.WALL, 0.01
2335, 2, 10, Status.SNAKE, 0.01
2336, 8, 53, Status.SNAKE, 0.01
2337, 7, 50, Status.SNAKE, 0.01
2338, 15, 118, Status.SNAKE, 0.01
2339, 8, 46, Status.SNAKE, 0.01
2340, 13, 69, Status.SNAKE, 0.01
2341, 15, 89, Status.SNAKE, 0.01
2342, 7, 52, Status.SNAKE, 0.01
2343, 11, 92, Status.WALL, 0.01
2344, 9, 57, Status.WALL, 0.01
2345, 6, 56, Status.SNAKE, 0.01
2346, 5, 37, Status.SNAKE, 0.01
2347, 9, 63, Status.WALL, 0.01
2348, 4, 20, Status.SNAKE, 0.01
2349, 2, 8, Status.SNAKE, 0.01
2350, 9, 69, Status.SNAKE, 0.01
2351, 10, 83, Status.SNAKE, 0.01
2352, 1, 3, Status.SNAKE, 0.01
2353, 5, 42, Status.WALL, 0.01
2354, 12, 82, Status.WALL, 0.01
2355, 3, 10, Status.SNAKE, 0.01
2356, 9, 73, Status.WALL, 0.01
2357, 10, 97, Status.SNAKE, 0.01
2358, 13, 65, Status.SNAKE, 0.01
2359, 5, 35, Status.SNAKE, 0.01
2360, 12, 90, Status.SNAKE, 0.01
2361, 13, 85, Status.SNAKE, 0.01
2362, 6, 25, Status.SNAKE, 0.01
2363, 3, 25, Status.WALL, 0.01
2364, 11, 90, Status.SNAKE, 0.01
2365, 10, 64, Status.SNAKE, 0.01
2366, 13, 66, Status.SNAKE, 0.01
2367, 14, 82, Status.SNAKE, 0.01
2368, 14, 96, Status.SNAKE, 0.01
2369, 13, 79, Status.SNAKE, 0.01
2370, 7, 57, Status.WALL, 0.01
2371, 9, 53, Status.SNAKE, 0.01
2372, 10, 87, Status.SNAKE, 0.01
2373, 11, 79, Status.SNAKE, 0.01
2374, 11, 103, Status.WALL, 0.01
2375, 11, 83, Status.WALL, 0.01
2376, 5, 30, Status.SNAKE, 0.01
2377, 1, 24, Status.SNAKE, 0.01
2378, 16, 115, Status.SNAKE, 0.01
2379, 15, 88, Status.SNAKE, 0.01
2380, 10, 88, Status.WALL, 0.01
2381, 8, 50, Status.SNAKE, 0.01
2382, 4, 25, Status.WALL, 0.01
2383, 1, 8, Status.SNAKE, 0.01
2384, 5, 39, Status.WALL, 0.01
2385, 13, 88, Status.SNAKE, 0.01
2386, 12, 75, Status.SNAKE, 0.01
2387, 3, 22, Status.SNAKE, 0.01
2388, 17, 91, Status.SNAKE, 0.01
2389, 9, 48, Status.SNAKE, 0.01
2390, 3, 32, Status.WALL, 0.01
2391, 13, 109, Status.SNAKE, 0.01
2392, 16, 108, Status.WALL, 0.01
2393, 3, 26, Status.SNAKE, 0.01
2394, 8, 47, Status.SNAKE, 0.01
2395, 14, 96, Status.SNAKE, 0.01
2396, 2, 23, Status.WALL, 0.01
2397, 11, 77, Status.SNAKE, 0.01
2398, 13, 99, Status.SNAKE, 0.01
2399, 5, 36, Status.SNAKE, 0.01
2400, 5, 31, Status.SNAKE, 0.01
2401, 14, 104, Status.SNAKE, 0.01
2402, 9, 54, Status.SNAKE, 0.01
2403, 10, 63, Status.WALL, 0.01
2404, 11, 76, Status.SNAKE, 0.01
2405, 3, 15, Status.SNAKE, 0.01
2406, 3, 33, Status.WALL, 0.01
2407, 6, 52, Status.WALL, 0.01
2408, 10, 67, Status.SNAKE, 0.01
2409, 8, 57, Status.SNAKE, 0.01
2410, 6, 36, Status.SNAKE, 0.01
2411, 3, 29, Status.SNAKE, 0.01
2412, 17, 120, Status.SNAKE, 0.01
2413, 9, 73, Status.SNAKE, 0.01
2414, 1, 5, Status.SNAKE, 0.01
2415, 2, 20, Status.WALL, 0.01
2416, 9, 77, Status.SNAKE, 0.01
2417, 8, 49, Status.SNAKE, 0.01
2418, 8, 63, Status.WALL, 0.01
2419, 9, 73, Status.SNAKE, 0.01
2420, 7, 41, Status.SNAKE, 0.01
2421, 16, 113, Status.SNAKE, 0.01
2422, 15, 126, Status.SNAKE, 0.01
2423, 11, 93, Status.SNAKE, 0.01
2424, 5, 32, Status.SNAKE, 0.01
2425, 20, 148, Status.SNAKE, 0.01
2426, 7, 43, Status.SNAKE, 0.01
2427, 16, 97, Status.SNAKE, 0.01
2428, 6, 43, Status.SNAKE, 0.01
2429, 3, 14, Status.WALL, 0.01
2430, 4, 33, Status.SNAKE, 0.01
2431, 6, 43, Status.WALL, 0.01
2432, 11, 58, Status.SNAKE, 0.01
2433, 2, 18, Status.SNAKE, 0.01
2434, 13, 114, Status.SNAKE, 0.01
2435, 3, 13, Status.SNAKE, 0.01
2436, 10, 70, Status.SNAKE, 0.01
2437, 19, 123, Status.SNAKE, 0.01
2438, 6, 32, Status.WALL, 0.01
2439, 7, 36, Status.SNAKE, 0.01
2440, 13, 88, Status.WALL, 0.01
2441, 7, 41, Status.SNAKE, 0.01
2442, 2, 19, Status.SNAKE, 0.01
2443, 7, 40, Status.SNAKE, 0.01
2444, 4, 21, Status.SNAKE, 0.01
2445, 1, 8, Status.WALL, 0.01
2446, 11, 68, Status.SNAKE, 0.01
2447, 9, 79, Status.SNAKE, 0.01
2448, 6, 42, Status.SNAKE, 0.01
2449, 8, 43, Status.SNAKE, 0.01
2450, 6, 44, Status.SNAKE, 0.01
2451, 11, 69, Status.SNAKE, 0.01
2452, 9, 56, Status.SNAKE, 0.01
2453, 6, 37, Status.SNAKE, 0.01
2454, 2, 11, Status.WALL, 0.01
2455, 9, 43, Status.SNAKE, 0.01
2456, 8, 39, Status.SNAKE, 0.01
2457, 7, 42, Status.WALL, 0.01
2458, 3, 11, Status.SNAKE, 0.01
2459, 1, 8, Status.WALL, 0.01
2460, 5, 35, Status.SNAKE, 0.01
2461, 9, 77, Status.SNAKE, 0.01
2462, 6, 39, Status.WALL, 0.01
2463, 14, 91, Status.SNAKE, 0.01
2464, 6, 38, Status.SNAKE, 0.01
2465, 5, 32, Status.SNAKE, 0.01
2466, 8, 51, Status.SNAKE, 0.01
2467, 5, 32, Status.SNAKE, 0.01
2468, 12, 81, Status.SNAKE, 0.01
2469, 6, 40, Status.WALL, 0.01
2470, 1, 9, Status.WALL, 0.01
2471, 3, 20, Status.SNAKE, 0.01
2472, 2, 26, Status.WALL, 0.01
2473, 12, 104, Status.SNAKE, 0.01
2474, 13, 74, Status.WALL, 0.01
2475, 2, 10, Status.SNAKE, 0.01
2476, 9, 66, Status.SNAKE, 0.01
2477, 11, 82, Status.SNAKE, 0.01
2478, 11, 97, Status.SNAKE, 0.01
2479, 11, 75, Status.SNAKE, 0.01
2480, 6, 40, Status.WALL, 0.01
2481, 1, 8, Status.WALL, 0.01
2482, 15, 79, Status.SNAKE, 0.01
2483, 7, 37, Status.SNAKE, 0.01
2484, 1, 5, Status.SNAKE, 0.01
2485, 12, 70, Status.SNAKE, 0.01
2486, 12, 129, Status.SNAKE, 0.01
2487, 7, 28, Status.SNAKE, 0.01
2488, 14, 96, Status.SNAKE, 0.01
2489, 9, 50, Status.SNAKE, 0.01
2490, 7, 48, Status.SNAKE, 0.01
2491, 9, 51, Status.SNAKE, 0.01
2492, 12, 98, Status.SNAKE, 0.01
2493, 7, 40, Status.SNAKE, 0.01
2494, 13, 93, Status.SNAKE, 0.01
2495, 8, 51, Status.SNAKE, 0.01
2496, 10, 89, Status.SNAKE, 0.01
2497, 8, 80, Status.SNAKE, 0.01
2498, 1, 8, Status.SNAKE, 0.01
2499, 12, 73, Status.WALL, 0.01
2500, 5, 38, Status.SNAKE, 0.01
2501, 13, 59, Status.SNAKE, 0.01
2502, 8, 53, Status.SNAKE, 0.01
2503, 7, 33, Status.SNAKE, 0.01
2504, 12, 100, Status.WALL, 0.01
2505, 6, 39, Status.WALL, 0.01
2506, 14, 104, Status.SNAKE, 0.01
2507, 4, 28, Status.SNAKE, 0.01
2508, 6, 33, Status.SNAKE, 0.01
2509, 11, 68, Status.SNAKE, 0.01
2510, 14, 94, Status.SNAKE, 0.01
2511, 5, 42, Status.SNAKE, 0.01
2512, 6, 45, Status.SNAKE, 0.01
2513, 15, 80, Status.SNAKE, 0.01
2514, 5, 22, Status.WALL, 0.01
2515, 12, 90, Status.WALL, 0.01
2516, 10, 88, Status.SNAKE, 0.01
2517, 14, 97, Status.WALL, 0.01
2518, 13, 93, Status.WALL, 0.01
2519, 5, 25, Status.SNAKE, 0.01
2520, 10, 51, Status.SNAKE, 0.01
2521, 2, 23, Status.SNAKE, 0.01
2522, 8, 39, Status.SNAKE, 0.01
2523, 8, 51, Status.WALL, 0.01
2524, 8, 71, Status.WALL, 0.01
2525, 12, 75, Status.SNAKE, 0.01
2526, 13, 87, Status.WALL, 0.01
2527, 3, 29, Status.WALL, 0.01
2528, 5, 30, Status.SNAKE, 0.01
2529, 7, 40, Status.SNAKE, 0.01
2530, 5, 27, Status.SNAKE, 0.01
2531, 2, 15, Status.WALL, 0.01
2532, 4, 38, Status.WALL, 0.01
2533, 14, 103, Status.SNAKE, 0.01
2534, 3, 31, Status.WALL, 0.01
2535, 17, 114, Status.SNAKE, 0.01
2536, 1, 3, Status.SNAKE, 0.01
2537, 0, 7, Status.WALL, 0.01
2538, 3, 22, Status.SNAKE, 0.01
2539, 1, 8, Status.WALL, 0.01
2540, 11, 106, Status.SNAKE, 0.01
2541, 3, 19, Status.SNAKE, 0.01
2542, 4, 29, Status.SNAKE, 0.01
2543, 5, 38, Status.SNAKE, 0.01
2544, 8, 64, Status.SNAKE, 0.01
2545, 9, 74, Status.SNAKE, 0.01
2546, 4, 27, Status.SNAKE, 0.01
2547, 4, 31, Status.SNAKE, 0.01
2548, 3, 24, Status.WALL, 0.01
2549, 9, 75, Status.SNAKE, 0.01
2550, 7, 51, Status.SNAKE, 0.01
2551, 9, 52, Status.SNAKE, 0.01
2552, 5, 49, Status.SNAKE, 0.01
2553, 11, 68, Status.SNAKE, 0.01
2554, 5, 42, Status.SNAKE, 0.01
2555, 5, 32, Status.SNAKE, 0.01
2556, 4, 23, Status.SNAKE, 0.01
2557, 6, 27, Status.SNAKE, 0.01
2558, 14, 100, Status.SNAKE, 0.01
2559, 10, 73, Status.SNAKE, 0.01
2560, 16, 133, Status.WALL, 0.01
2561, 11, 58, Status.WALL, 0.01
2562, 11, 62, Status.WALL, 0.01
2563, 11, 64, Status.SNAKE, 0.01
2564, 2, 16, Status.SNAKE, 0.01
2565, 3, 5, Status.SNAKE, 0.01
2566, 1, 13, Status.WALL, 0.01
2567, 7, 43, Status.SNAKE, 0.01
2568, 5, 30, Status.SNAKE, 0.01
2569, 11, 60, Status.SNAKE, 0.01
2570, 7, 50, Status.SNAKE, 0.01
2571, 10, 87, Status.SNAKE, 0.01
2572, 8, 42, Status.SNAKE, 0.01
2573, 9, 46, Status.SNAKE, 0.01
2574, 12, 63, Status.SNAKE, 0.01
2575, 10, 62, Status.WALL, 0.01
2576, 12, 97, Status.SNAKE, 0.01
2577, 3, 17, Status.SNAKE, 0.01
2578, 9, 46, Status.SNAKE, 0.01
2579, 8, 55, Status.WALL, 0.01
2580, 9, 34, Status.SNAKE, 0.01
2581, 1, 8, Status.SNAKE, 0.01
2582, 0, 6, Status.WALL, 0.01
2583, 18, 111, Status.SNAKE, 0.01
2584, 4, 21, Status.SNAKE, 0.01
2585, 1, 7, Status.SNAKE, 0.01
2586, 7, 54, Status.SNAKE, 0.01
2587, 1, 13, Status.WALL, 0.01
2588, 17, 134, Status.SNAKE, 0.01
2589, 6, 39, Status.SNAKE, 0.01
2590, 11, 76, Status.SNAKE, 0.01
2591, 10, 64, Status.SNAKE, 0.01
2592, 5, 36, Status.SNAKE, 0.01
2593, 17, 112, Status.SNAKE, 0.01
2594, 3, 12, Status.SNAKE, 0.01
2595, 3, 28, Status.SNAKE, 0.01
2596, 11, 65, Status.SNAKE, 0.01
2597, 3, 12, Status.SNAKE, 0.01
2598, 15, 121, Status.SNAKE, 0.01
2599, 15, 103, Status.SNAKE, 0.01
2600, 2, 11, Status.SNAKE, 0.01
2601, 4, 19, Status.WALL, 0.01
2602, 2, 9, Status.WALL, 0.01
2603, 20, 126, Status.SNAKE, 0.01
2604, 12, 88, Status.SNAKE, 0.01
2605, 3, 30, Status.SNAKE, 0.01
2606, 9, 58, Status.SNAKE, 0.01
2607, 8, 53, Status.SNAKE, 0.01
2608, 14, 96, Status.SNAKE, 0.01
2609, 12, 95, Status.SNAKE, 0.01
2610, 10, 53, Status.SNAKE, 0.01
2611, 12, 89, Status.SNAKE, 0.01
2612, 7, 43, Status.SNAKE, 0.01
2613, 8, 44, Status.SNAKE, 0.01
2614, 3, 19, Status.SNAKE, 0.01
2615, 9, 62, Status.SNAKE, 0.01
2616, 19, 125, Status.SNAKE, 0.01
2617, 8, 56, Status.SNAKE, 0.01
2618, 1, 12, Status.WALL, 0.01
2619, 1, 8, Status.WALL, 0.01
2620, 15, 97, Status.SNAKE, 0.01
2621, 12, 99, Status.WALL, 0.01
2622, 9, 42, Status.WALL, 0.01
2623, 11, 104, Status.SNAKE, 0.01
2624, 6, 38, Status.SNAKE, 0.01
2625, 5, 21, Status.SNAKE, 0.01
2626, 5, 34, Status.SNAKE, 0.01
2627, 7, 51, Status.SNAKE, 0.01
2628, 8, 56, Status.SNAKE, 0.01
2629, 5, 27, Status.SNAKE, 0.01
2630, 15, 110, Status.SNAKE, 0.01
2631, 4, 27, Status.SNAKE, 0.01
2632, 8, 47, Status.WALL, 0.01
2633, 14, 90, Status.WALL, 0.01
2634, 15, 106, Status.SNAKE, 0.01
2635, 9, 65, Status.SNAKE, 0.01
2636, 15, 141, Status.WALL, 0.01
2637, 11, 58, Status.WALL, 0.01
2638, 9, 60, Status.SNAKE, 0.01
2639, 4, 35, Status.SNAKE, 0.01
2640, 2, 10, Status.SNAKE, 0.01
2641, 20, 147, Status.SNAKE, 0.01
2642, 7, 53, Status.SNAKE, 0.01
2643, 5, 41, Status.WALL, 0.01
2644, 17, 115, Status.SNAKE, 0.01
2645, 17, 129, Status.SNAKE, 0.01
2646, 3, 23, Status.SNAKE, 0.01
2647, 10, 71, Status.SNAKE, 0.01
2648, 11, 60, Status.SNAKE, 0.01
2649, 4, 27, Status.SNAKE, 0.01
2650, 17, 116, Status.SNAKE, 0.01
2651, 10, 75, Status.SNAKE, 0.01
2652, 7, 33, Status.SNAKE, 0.01
2653, 5, 40, Status.WALL, 0.01
2654, 11, 59, Status.SNAKE, 0.01
2655, 3, 12, Status.SNAKE, 0.01
2656, 15, 92, Status.SNAKE, 0.01
2657, 12, 81, Status.SNAKE, 0.01
2658, 9, 43, Status.SNAKE, 0.01
2659, 13, 98, Status.SNAKE, 0.01
2660, 16, 121, Status.WALL, 0.01
2661, 2, 6, Status.SNAKE, 0.01
2662, 5, 33, Status.SNAKE, 0.01
2663, 12, 81, Status.SNAKE, 0.01
2664, 4, 35, Status.WALL, 0.01
2665, 6, 33, Status.SNAKE, 0.01
2666, 1, 3, Status.SNAKE, 0.01
2667, 5, 45, Status.SNAKE, 0.01
2668, 18, 139, Status.SNAKE, 0.01
2669, 1, 3, Status.SNAKE, 0.01
2670, 5, 32, Status.SNAKE, 0.01
2671, 4, 21, Status.SNAKE, 0.01
2672, 6, 43, Status.SNAKE, 0.01
2673, 6, 29, Status.SNAKE, 0.01
2674, 7, 64, Status.SNAKE, 0.01
2675, 10, 69, Status.SNAKE, 0.01
2676, 8, 46, Status.SNAKE, 0.01
2677, 16, 119, Status.WALL, 0.01
2678, 20, 111, Status.SNAKE, 0.01
2679, 17, 112, Status.SNAKE, 0.01
2680, 7, 59, Status.SNAKE, 0.01
2681, 3, 14, Status.SNAKE, 0.01
2682, 8, 33, Status.WALL, 0.01
2683, 4, 45, Status.WALL, 0.01
2684, 5, 31, Status.SNAKE, 0.01
2685, 3, 21, Status.SNAKE, 0.01
2686, 9, 71, Status.SNAKE, 0.01
2687, 3, 16, Status.SNAKE, 0.01
2688, 8, 51, Status.SNAKE, 0.01
2689, 6, 36, Status.SNAKE, 0.01
2690, 8, 56, Status.SNAKE, 0.01
2691, 9, 68, Status.SNAKE, 0.01
2692, 8, 43, Status.SNAKE, 0.01
2693, 6, 38, Status.WALL, 0.01
2694, 12, 97, Status.SNAKE, 0.01
2695, 14, 103, Status.SNAKE, 0.01
2696, 11, 83, Status.SNAKE, 0.01
2697, 3, 36, Status.WALL, 0.01
2698, 4, 21, Status.WALL, 0.01
2699, 10, 74, Status.WALL, 0.01
2700, 3, 16, Status.SNAKE, 0.01
2701, 11, 75, Status.SNAKE, 0.01
2702, 6, 40, Status.SNAKE, 0.01
2703, 6, 50, Status.SNAKE, 0.01
2704, 3, 19, Status.SNAKE, 0.01
2705, 4, 26, Status.SNAKE, 0.01
2706, 5, 54, Status.SNAKE, 0.01
2707, 2, 10, Status.SNAKE, 0.01
2708, 6, 46, Status.WALL, 0.01
2709, 14, 68, Status.SNAKE, 0.01
2710, 3, 17, Status.SNAKE, 0.01
2711, 7, 61, Status.SNAKE, 0.01
2712, 14, 65, Status.WALL, 0.01
2713, 17, 106, Status.SNAKE, 0.01
2714, 16, 135, Status.SNAKE, 0.01
2715, 3, 19, Status.SNAKE, 0.01
2716, 10, 58, Status.SNAKE, 0.01
2717, 9, 57, Status.SNAKE, 0.01
2718, 1, 8, Status.SNAKE, 0.01
2719, 3, 25, Status.SNAKE, 0.01
2720, 8, 48, Status.SNAKE, 0.01
2721, 9, 64, Status.SNAKE, 0.01
2722, 8, 46, Status.SNAKE, 0.01
2723, 6, 34, Status.SNAKE, 0.01
2724, 13, 84, Status.SNAKE, 0.01
2725, 12, 86, Status.WALL, 0.01
2726, 4, 24, Status.SNAKE, 0.01
2727, 5, 36, Status.SNAKE, 0.01
2728, 12, 66, Status.SNAKE, 0.01
2729, 12, 74, Status.SNAKE, 0.01
2730, 3, 15, Status.SNAKE, 0.01
2731, 12, 85, Status.SNAKE, 0.01
2732, 12, 93, Status.SNAKE, 0.01
2733, 9, 55, Status.SNAKE, 0.01
2734, 13, 81, Status.SNAKE, 0.01
2735, 7, 37, Status.SNAKE, 0.01
2736, 4, 31, Status.SNAKE, 0.01
2737, 11, 72, Status.WALL, 0.01
2738, 7, 42, Status.SNAKE, 0.01
2739, 12, 99, Status.SNAKE, 0.01
2740, 2, 15, Status.SNAKE, 0.01
2741, 15, 110, Status.SNAKE, 0.01
2742, 5, 38, Status.SNAKE, 0.01
2743, 12, 63, Status.SNAKE, 0.01
2744, 10, 80, Status.SNAKE, 0.01
2745, 7, 57, Status.SNAKE, 0.01
2746, 9, 80, Status.SNAKE, 0.01
2747, 10, 68, Status.SNAKE, 0.01
2748, 8, 69, Status.SNAKE, 0.01
2749, 5, 44, Status.SNAKE, 0.01
2750, 11, 78, Status.SNAKE, 0.01
2751, 13, 100, Status.SNAKE, 0.01
2752, 2, 9, Status.SNAKE, 0.01
2753, 12, 82, Status.SNAKE, 0.01
2754, 5, 36, Status.SNAKE, 0.01
2755, 1, 8, Status.SNAKE, 0.01
2756, 10, 72, Status.SNAKE, 0.01
2757, 12, 79, Status.SNAKE, 0.01
2758, 8, 54, Status.SNAKE, 0.01
2759, 10, 63, Status.SNAKE, 0.01
2760, 10, 70, Status.WALL, 0.01
2761, 9, 83, Status.SNAKE, 0.01
2762, 13, 99, Status.SNAKE, 0.01
2763, 4, 26, Status.SNAKE, 0.01
2764, 2, 19, Status.SNAKE, 0.01
2765, 12, 88, Status.SNAKE, 0.01
2766, 19, 125, Status.SNAKE, 0.01
2767, 3, 15, Status.SNAKE, 0.01
2768, 6, 41, Status.SNAKE, 0.01
2769, 11, 74, Status.SNAKE, 0.01
2770, 3, 26, Status.WALL, 0.01
2771, 2, 11, Status.SNAKE, 0.01
2772, 11, 85, Status.SNAKE, 0.01
2773, 7, 36, Status.SNAKE, 0.01
2774, 7, 57, Status.SNAKE, 0.01
2775, 7, 26, Status.SNAKE, 0.01
2776, 6, 41, Status.SNAKE, 0.01
2777, 19, 130, Status.WALL, 0.01
2778, 2, 13, Status.SNAKE, 0.01
2779, 3, 14, Status.SNAKE, 0.01
2780, 11, 94, Status.SNAKE, 0.01
2781, 11, 79, Status.SNAKE, 0.01
2782, 17, 104, Status.SNAKE, 0.01
2783, 3, 16, Status.WALL, 0.01
2784, 12, 92, Status.SNAKE, 0.01
2785, 2, 10, Status.WALL, 0.01
2786, 14, 90, Status.SNAKE, 0.01
2787, 12, 77, Status.SNAKE, 0.01
2788, 9, 47, Status.SNAKE, 0.01
2789, 1, 7, Status.WALL, 0.01
2790, 12, 89, Status.SNAKE, 0.01
2791, 7, 54, Status.SNAKE, 0.01
2792, 2, 11, Status.WALL, 0.01
2793, 1, 11, Status.WALL, 0.01
2794, 2, 9, Status.WALL, 0.01
2795, 3, 13, Status.WALL, 0.01
2796, 5, 27, Status.SNAKE, 0.01
2797, 13, 87, Status.SNAKE, 0.01
2798, 9, 72, Status.WALL, 0.01
2799, 14, 86, Status.SNAKE, 0.01
2800, 12, 63, Status.SNAKE, 0.01
2801, 15, 87, Status.SNAKE, 0.01
2802, 10, 60, Status.SNAKE, 0.01
2803, 7, 43, Status.SNAKE, 0.01
2804, 8, 59, Status.SNAKE, 0.01
2805, 13, 93, Status.SNAKE, 0.01
2806, 8, 72, Status.WALL, 0.01
2807, 10, 76, Status.SNAKE, 0.01
2808, 3, 22, Status.SNAKE, 0.01
2809, 7, 52, Status.SNAKE, 0.01
2810, 11, 80, Status.WALL, 0.01
2811, 12, 77, Status.SNAKE, 0.01
2812, 9, 65, Status.SNAKE, 0.01
2813, 6, 52, Status.SNAKE, 0.01
2814, 17, 81, Status.SNAKE, 0.01
2815, 1, 5, Status.SNAKE, 0.01
2816, 13, 89, Status.SNAKE, 0.01
2817, 15, 119, Status.WALL, 0.01
2818, 12, 78, Status.WALL, 0.01
2819, 6, 37, Status.SNAKE, 0.01
2820, 7, 36, Status.WALL, 0.01
2821, 11, 67, Status.WALL, 0.01
2822, 7, 52, Status.SNAKE, 0.01
2823, 12, 89, Status.WALL, 0.01
2824, 3, 25, Status.WALL, 0.01
2825, 2, 15, Status.SNAKE, 0.01
2826, 11, 85, Status.SNAKE, 0.01
2827, 8, 45, Status.SNAKE, 0.01
2828, 15, 79, Status.SNAKE, 0.01
2829, 9, 56, Status.SNAKE, 0.01
2830, 9, 55, Status.SNAKE, 0.01
2831, 5, 28, Status.SNAKE, 0.01
2832, 10, 61, Status.SNAKE, 0.01
2833, 14, 90, Status.SNAKE, 0.01
2834, 20, 115, Status.SNAKE, 0.01
2835, 5, 26, Status.SNAKE, 0.01
2836, 11, 66, Status.WALL, 0.01
2837, 1, 10, Status.WALL, 0.01
2838, 1, 3, Status.SNAKE, 0.01
2839, 6, 40, Status.SNAKE, 0.01
2840, 1, 9, Status.WALL, 0.01
2841, 5, 32, Status.SNAKE, 0.01
2842, 6, 38, Status.SNAKE, 0.01
2843, 8, 57, Status.SNAKE, 0.01
2844, 5, 40, Status.WALL, 0.01
2845, 11, 90, Status.SNAKE, 0.01
2846, 10, 49, Status.SNAKE, 0.01
2847, 6, 33, Status.WALL, 0.01
2848, 15, 103, Status.SNAKE, 0.01
2849, 7, 57, Status.SNAKE, 0.01
2850, 2, 15, Status.SNAKE, 0.01
2851, 1, 3, Status.SNAKE, 0.01
2852, 3, 21, Status.WALL, 0.01
2853, 14, 86, Status.SNAKE, 0.01
2854, 10, 83, Status.WALL, 0.01
2855, 6, 45, Status.SNAKE, 0.01
2856, 10, 52, Status.SNAKE, 0.01
2857, 8, 37, Status.SNAKE, 0.01
2858, 16, 120, Status.SNAKE, 0.01
2859, 6, 38, Status.SNAKE, 0.01
2860, 9, 79, Status.SNAKE, 0.01
2861, 5, 55, Status.SNAKE, 0.01
2862, 9, 70, Status.SNAKE, 0.01
2863, 13, 101, Status.WALL, 0.01
2864, 15, 92, Status.WALL, 0.01
2865, 11, 73, Status.SNAKE, 0.01
2866, 3, 10, Status.WALL, 0.01
2867, 7, 45, Status.WALL, 0.01
2868, 6, 35, Status.SNAKE, 0.01
2869, 19, 129, Status.SNAKE, 0.01
2870, 8, 42, Status.WALL, 0.01
2871, 3, 9, Status.WALL, 0.01
2872, 7, 59, Status.SNAKE, 0.01
2873, 3, 25, Status.WALL, 0.01
2874, 21, 161, Status.SNAKE, 0.01
2875, 10, 57, Status.SNAKE, 0.01
2876, 15, 110, Status.SNAKE, 0.01
2877, 6, 42, Status.SNAKE, 0.01
2878, 4, 21, Status.SNAKE, 0.01
2879, 6, 57, Status.SNAKE, 0.01
2880, 16, 124, Status.SNAKE, 0.01
2881, 12, 56, Status.SNAKE, 0.01
2882, 19, 135, Status.WALL, 0.01
2883, 6, 36, Status.SNAKE, 0.01
2884, 8, 55, Status.SNAKE, 0.01
2885, 6, 62, Status.SNAKE, 0.01
2886, 13, 88, Status.WALL, 0.01
2887, 6, 56, Status.SNAKE, 0.01
2888, 8, 39, Status.SNAKE, 0.01
2889, 22, 133, Status.SNAKE, 0.01
2890, 17, 114, Status.SNAKE, 0.01
2891, 4, 29, Status.WALL, 0.01
2892, 7, 26, Status.SNAKE, 0.01
2893, 9, 75, Status.SNAKE, 0.01
2894, 14, 81, Status.SNAKE, 0.01
2895, 8, 38, Status.WALL, 0.01
2896, 1, 12, Status.WALL, 0.01
2897, 1, 5, Status.SNAKE, 0.01
2898, 9, 46, Status.WALL, 0.01
2899, 10, 60, Status.WALL, 0.01
2900, 14, 90, Status.SNAKE, 0.01
2901, 2, 17, Status.SNAKE, 0.01
2902, 14, 117, Status.WALL, 0.01
2903, 1, 3, Status.SNAKE, 0.01
2904, 5, 27, Status.SNAKE, 0.01
2905, 3, 21, Status.SNAKE, 0.01
2906, 11, 59, Status.SNAKE, 0.01
2907, 2, 11, Status.SNAKE, 0.01
2908, 11, 72, Status.WALL, 0.01
2909, 11, 87, Status.SNAKE, 0.01
2910, 11, 74, Status.WALL, 0.01
2911, 7, 43, Status.SNAKE, 0.01
2912, 9, 70, Status.SNAKE, 0.01
2913, 4, 28, Status.SNAKE, 0.01
2914, 12, 79, Status.SNAKE, 0.01
2915, 6, 29, Status.SNAKE, 0.01
2916, 6, 39, Status.SNAKE, 0.01
2917, 14, 117, Status.SNAKE, 0.01
2918, 9, 62, Status.WALL, 0.01
2919, 10, 74, Status.SNAKE, 0.01
2920, 7, 39, Status.SNAKE, 0.01
2921, 1, 7, Status.SNAKE, 0.01
2922, 19, 117, Status.SNAKE, 0.01
2923, 7, 42, Status.SNAKE, 0.01
2924, 8, 50, Status.SNAKE, 0.01
2925, 14, 96, Status.SNAKE, 0.01
2926, 9, 36, Status.SNAKE, 0.01
2927, 6, 37, Status.WALL, 0.01
2928, 13, 89, Status.SNAKE, 0.01
2929, 0, 9, Status.WALL, 0.01
2930, 9, 68, Status.SNAKE, 0.01
2931, 9, 52, Status.SNAKE, 0.01
2932, 12, 88, Status.SNAKE, 0.01
2933, 3, 27, Status.SNAKE, 0.01
2934, 3, 17, Status.SNAKE, 0.01
2935, 8, 50, Status.WALL, 0.01
2936, 15, 118, Status.SNAKE, 0.01
2937, 4, 21, Status.SNAKE, 0.01
2938, 7, 50, Status.SNAKE, 0.01
2939, 7, 56, Status.SNAKE, 0.01
2940, 8, 61, Status.SNAKE, 0.01
2941, 3, 15, Status.SNAKE, 0.01
2942, 8, 64, Status.WALL, 0.01
2943, 1, 5, Status.SNAKE, 0.01
2944, 11, 61, Status.SNAKE, 0.01
2945, 15, 100, Status.SNAKE, 0.01
2946, 12, 73, Status.WALL, 0.01
2947, 8, 68, Status.SNAKE, 0.01
2948, 9, 79, Status.SNAKE, 0.01
2949, 7, 45, Status.SNAKE, 0.01
2950, 14, 125, Status.SNAKE, 0.01
2951, 8, 47, Status.SNAKE, 0.01
2952, 4, 23, Status.SNAKE, 0.01
2953, 9, 54, Status.WALL, 0.01
2954, 5, 26, Status.SNAKE, 0.01
2955, 10, 45, Status.SNAKE, 0.01
2956, 13, 101, Status.SNAKE, 0.01
2957, 13, 90, Status.SNAKE, 0.01
2958, 14, 102, Status.SNAKE, 0.01
2959, 6, 41, Status.WALL, 0.01
2960, 7, 46, Status.SNAKE, 0.01
2961, 12, 55, Status.SNAKE, 0.01
2962, 7, 32, Status.SNAKE, 0.01
2963, 15, 86, Status.SNAKE, 0.01
2964, 6, 43, Status.SNAKE, 0.01
2965, 3, 29, Status.WALL, 0.01
2966, 7, 76, Status.WALL, 0.01
2967, 2, 18, Status.WALL, 0.01
2968, 9, 62, Status.SNAKE, 0.01
2969, 15, 118, Status.SNAKE, 0.01
2970, 10, 60, Status.SNAKE, 0.01
2971, 12, 108, Status.SNAKE, 0.01
2972, 4, 37, Status.WALL, 0.01
2973, 6, 34, Status.SNAKE, 0.01
2974, 3, 31, Status.SNAKE, 0.01
2975, 11, 81, Status.SNAKE, 0.01
2976, 17, 119, Status.SNAKE, 0.01
2977, 5, 37, Status.SNAKE, 0.01
2978, 7, 50, Status.SNAKE, 0.01
2979, 4, 24, Status.SNAKE, 0.01
2980, 1, 5, Status.SNAKE, 0.01
2981, 11, 70, Status.SNAKE, 0.01
2982, 3, 14, Status.SNAKE, 0.01
2983, 10, 92, Status.SNAKE, 0.01
2984, 7, 40, Status.SNAKE, 0.01
2985, 7, 35, Status.SNAKE, 0.01
2986, 5, 28, Status.SNAKE, 0.01
2987, 3, 22, Status.SNAKE, 0.01
2988, 20, 129, Status.SNAKE, 0.01
2989, 6, 31, Status.SNAKE, 0.01
2990, 1, 5, Status.SNAKE, 0.01
2991, 1, 3, Status.SNAKE, 0.01
2992, 9, 64, Status.SNAKE, 0.01
2993, 16, 130, Status.SNAKE, 0.01
2994, 11, 53, Status.SNAKE, 0.01
2995, 12, 78, Status.SNAKE, 0.01
2996, 4, 25, Status.SNAKE, 0.01
2997, 10, 80, Status.SNAKE, 0.01
2998, 6, 31, Status.SNAKE, 0.01
2999, 9, 49, Status.SNAKE, 0.01
3000, 5, 36, Status.WALL, 0.01
3001, 12, 87, Status.SNAKE, 0.01
3002, 6, 36, Status.SNAKE, 0.01
3003, 8, 77, Status.SNAKE, 0.01
3004, 7, 66, Status.SNAKE, 0.01
3005, 11, 78, Status.WALL, 0.01
3006, 9, 61, Status.SNAKE, 0.01
3007, 3, 20, Status.SNAKE, 0.01
3008, 6, 34, Status.WALL, 0.01
3009, 5, 28, Status.WALL, 0.01
3010, 11, 85, Status.WALL, 0.01
3011, 3, 24, Status.WALL, 0.01
3012, 5, 36, Status.SNAKE, 0.01
3013, 9, 63, Status.SNAKE, 0.01
3014, 6, 27, Status.WALL, 0.01
3015, 14, 105, Status.SNAKE, 0.01
3016, 9, 49, Status.SNAKE, 0.01
3017, 8, 74, Status.WALL, 0.01
3018, 5, 23, Status.WALL, 0.01
3019, 10, 62, Status.SNAKE, 0.01
3020, 9, 54, Status.WALL, 0.01
3021, 7, 69, Status.WALL, 0.01
3022, 8, 39, Status.SNAKE, 0.01
3023, 8, 79, Status.SNAKE, 0.01
3024, 8, 51, Status.SNAKE, 0.01
3025, 2, 19, Status.SNAKE, 0.01
3026, 9, 50, Status.SNAKE, 0.01
3027, 8, 56, Status.WALL, 0.01
3028, 2, 7, Status.SNAKE, 0.01
3029, 3, 22, Status.SNAKE, 0.01
3030, 2, 11, Status.SNAKE, 0.01
3031, 6, 59, Status.SNAKE, 0.01
3032, 1, 5, Status.SNAKE, 0.01
3033, 6, 45, Status.SNAKE, 0.01
3034, 14, 104, Status.WALL, 0.01
3035, 10, 61, Status.SNAKE, 0.01
3036, 3, 16, Status.WALL, 0.01
3037, 1, 5, Status.SNAKE, 0.01
3038, 5, 33, Status.SNAKE, 0.01
3039, 10, 52, Status.SNAKE, 0.01
3040, 18, 139, Status.SNAKE, 0.01
3041, 9, 74, Status.SNAKE, 0.01
3042, 1, 9, Status.WALL, 0.01
3043, 13, 87, Status.SNAKE, 0.01
3044, 3, 24, Status.SNAKE, 0.01
3045, 4, 31, Status.SNAKE, 0.01
3046, 2, 14, Status.SNAKE, 0.01
3047, 4, 17, Status.SNAKE, 0.01
3048, 6, 34, Status.SNAKE, 0.01
3049, 1, 8, Status.WALL, 0.01
3050, 8, 84, Status.WALL, 0.01
3051, 12, 72, Status.SNAKE, 0.01
3052, 5, 34, Status.WALL, 0.01
3053, 2, 6, Status.SNAKE, 0.01
3054, 14, 103, Status.WALL, 0.01
3055, 4, 37, Status.SNAKE, 0.01
3056, 2, 23, Status.WALL, 0.01
3057, 14, 67, Status.SNAKE, 0.01
3058, 7, 44, Status.SNAKE, 0.01
3059, 10, 76, Status.SNAKE, 0.01
3060, 6, 31, Status.SNAKE, 0.01
3061, 6, 24, Status.SNAKE, 0.01
3062, 11, 78, Status.SNAKE, 0.01
3063, 10, 60, Status.SNAKE, 0.01
3064, 3, 17, Status.SNAKE, 0.01
3065, 8, 40, Status.WALL, 0.01
3066, 5, 37, Status.SNAKE, 0.01
3067, 10, 70, Status.SNAKE, 0.01
3068, 11, 72, Status.SNAKE, 0.01
3069, 17, 111, Status.SNAKE, 0.01
3070, 5, 22, Status.WALL, 0.01
3071, 16, 126, Status.SNAKE, 0.01
3072, 9, 55, Status.SNAKE, 0.01
3073, 16, 114, Status.SNAKE, 0.01
3074, 4, 23, Status.SNAKE, 0.01
3075, 1, 8, Status.SNAKE, 0.01
3076, 6, 38, Status.WALL, 0.01
3077, 9, 54, Status.WALL, 0.01
3078, 14, 78, Status.SNAKE, 0.01
3079, 9, 49, Status.SNAKE, 0.01
3080, 11, 76, Status.WALL, 0.01
3081, 8, 45, Status.SNAKE, 0.01
3082, 8, 61, Status.SNAKE, 0.01
3083, 5, 39, Status.SNAKE, 0.01
3084, 7, 55, Status.SNAKE, 0.01
3085, 15, 97, Status.WALL, 0.01
3086, 7, 43, Status.SNAKE, 0.01
3087, 6, 49, Status.SNAKE, 0.01
3088, 10, 58, Status.SNAKE, 0.01
3089, 8, 42, Status.SNAKE, 0.01
3090, 8, 45, Status.SNAKE, 0.01
3091, 7, 54, Status.SNAKE, 0.01
3092, 9, 47, Status.SNAKE, 0.01
3093, 5, 34, Status.WALL, 0.01
3094, 7, 45, Status.WALL, 0.01
3095, 7, 53, Status.SNAKE, 0.01
3096, 12, 72, Status.SNAKE, 0.01
3097, 5, 38, Status.SNAKE, 0.01
3098, 0, 7, Status.WALL, 0.01
3099, 0, 6, Status.WALL, 0.01
3100, 3, 22, Status.WALL, 0.01
3101, 14, 111, Status.SNAKE, 0.01
3102, 8, 48, Status.SNAKE, 0.01
3103, 13, 61, Status.SNAKE, 0.01
3104, 2, 12, Status.WALL, 0.01
3105, 11, 57, Status.SNAKE, 0.01
3106, 13, 80, Status.SNAKE, 0.01
3107, 7, 59, Status.SNAKE, 0.01
3108, 15, 142, Status.WALL, 0.01
3109, 9, 45, Status.SNAKE, 0.01
3110, 8, 73, Status.SNAKE, 0.01
3111, 1, 10, Status.WALL, 0.01
3112, 1, 3, Status.SNAKE, 0.01
3113, 9, 58, Status.SNAKE, 0.01
3114, 9, 65, Status.SNAKE, 0.01
3115, 12, 77, Status.SNAKE, 0.01
3116, 5, 37, Status.WALL, 0.01
3117, 3, 22, Status.SNAKE, 0.01
3118, 10, 64, Status.SNAKE, 0.01
3119, 11, 70, Status.SNAKE, 0.01
3120, 16, 133, Status.WALL, 0.01
3121, 9, 43, Status.SNAKE, 0.01
3122, 5, 36, Status.WALL, 0.01
3123, 11, 85, Status.SNAKE, 0.01
3124, 7, 49, Status.SNAKE, 0.01
3125, 10, 46, Status.SNAKE, 0.01
3126, 8, 46, Status.SNAKE, 0.01
3127, 13, 84, Status.SNAKE, 0.01
3128, 9, 71, Status.SNAKE, 0.01
3129, 11, 71, Status.WALL, 0.01
3130, 13, 80, Status.SNAKE, 0.01
3131, 7, 47, Status.WALL, 0.01
3132, 2, 7, Status.SNAKE, 0.01
3133, 6, 44, Status.WALL, 0.01
3134, 11, 57, Status.SNAKE, 0.01
3135, 15, 106, Status.WALL, 0.01
3136, 4, 27, Status.SNAKE, 0.01
3137, 1, 5, Status.SNAKE, 0.01
3138, 11, 72, Status.SNAKE, 0.01
3139, 10, 64, Status.SNAKE, 0.01
3140, 6, 51, Status.SNAKE, 0.01
3141, 9, 42, Status.SNAKE, 0.01
3142, 23, 141, Status.SNAKE, 0.01
3143, 1, 3, Status.SNAKE, 0.01
3144, 9, 48, Status.SNAKE, 0.01
3145, 5, 33, Status.SNAKE, 0.01
3146, 12, 72, Status.SNAKE, 0.01
3147, 9, 52, Status.SNAKE, 0.01
3148, 8, 34, Status.WALL, 0.01
3149, 10, 51, Status.SNAKE, 0.01
3150, 12, 75, Status.SNAKE, 0.01
3151, 7, 33, Status.SNAKE, 0.01
3152, 10, 68, Status.WALL, 0.01
3153, 5, 33, Status.WALL, 0.01
3154, 7, 30, Status.WALL, 0.01
3155, 19, 122, Status.SNAKE, 0.01
3156, 13, 85, Status.SNAKE, 0.01
3157, 23, 159, Status.SNAKE, 0.01
3158, 12, 68, Status.WALL, 0.01
3159, 11, 61, Status.SNAKE, 0.01
3160, 8, 56, Status.SNAKE, 0.01
3161, 5, 30, Status.SNAKE, 0.01
3162, 16, 120, Status.SNAKE, 0.01
3163, 8, 53, Status.SNAKE, 0.01
3164, 5, 35, Status.SNAKE, 0.01
3165, 11, 75, Status.SNAKE, 0.01
3166, 5, 24, Status.SNAKE, 0.01
3167, 2, 17, Status.WALL, 0.01
3168, 11, 66, Status.SNAKE, 0.01
3169, 10, 85, Status.SNAKE, 0.01
3170, 12, 85, Status.SNAKE, 0.01
3171, 5, 27, Status.SNAKE, 0.01
3172, 3, 26, Status.SNAKE, 0.01
3173, 8, 59, Status.SNAKE, 0.01
3174, 5, 32, Status.SNAKE, 0.01
3175, 1, 10, Status.WALL, 0.01
3176, 9, 75, Status.SNAKE, 0.01
3177, 4, 39, Status.SNAKE, 0.01
3178, 1, 3, Status.SNAKE, 0.01
3179, 7, 45, Status.SNAKE, 0.01
3180, 9, 75, Status.SNAKE, 0.01
3181, 12, 87, Status.SNAKE, 0.01
3182, 13, 80, Status.SNAKE, 0.01
3183, 9, 67, Status.SNAKE, 0.01
3184, 13, 93, Status.SNAKE, 0.01
3185, 15, 93, Status.SNAKE, 0.01
3186, 16, 112, Status.SNAKE, 0.01
3187, 8, 50, Status.WALL, 0.01
3188, 9, 53, Status.SNAKE, 0.01
3189, 7, 46, Status.SNAKE, 0.01
3190, 9, 70, Status.SNAKE, 0.01
3191, 5, 26, Status.SNAKE, 0.01
3192, 15, 93, Status.SNAKE, 0.01
3193, 9, 62, Status.SNAKE, 0.01
3194, 22, 134, Status.SNAKE, 0.01
3195, 13, 79, Status.SNAKE, 0.01
3196, 1, 8, Status.SNAKE, 0.01
3197, 6, 39, Status.SNAKE, 0.01
3198, 5, 29, Status.SNAKE, 0.01
3199, 11, 65, Status.WALL, 0.01
3200, 6, 41, Status.SNAKE, 0.01
3201, 17, 112, Status.WALL, 0.01
3202, 16, 120, Status.WALL, 0.01
3203, 10, 45, Status.WALL, 0.01
3204, 10, 61, Status.SNAKE, 0.01
3205, 4, 19, Status.SNAKE, 0.01
3206, 16, 107, Status.WALL, 0.01
3207, 8, 45, Status.SNAKE, 0.01
3208, 1, 3, Status.SNAKE, 0.01
3209, 11, 52, Status.SNAKE, 0.01
3210, 13, 106, Status.SNAKE, 0.01
3211, 19, 119, Status.SNAKE, 0.01
3212, 5, 36, Status.SNAKE, 0.01
3213, 5, 26, Status.SNAKE, 0.01
3214, 4, 16, Status.SNAKE, 0.01
3215, 7, 46, Status.SNAKE, 0.01
3216, 6, 52, Status.SNAKE, 0.01
3217, 15, 99, Status.SNAKE, 0.01
3218, 1, 18, Status.SNAKE, 0.01
3219, 9, 74, Status.WALL, 0.01
3220, 13, 90, Status.SNAKE, 0.01
3221, 12, 77, Status.SNAKE, 0.01
3222, 12, 76, Status.SNAKE, 0.01
3223, 7, 36, Status.SNAKE, 0.01
3224, 11, 70, Status.SNAKE, 0.01
3225, 10, 58, Status.SNAKE, 0.01
3226, 4, 24, Status.SNAKE, 0.01
3227, 12, 63, Status.WALL, 0.01
3228, 9, 57, Status.SNAKE, 0.01
3229, 16, 91, Status.SNAKE, 0.01
3230, 10, 80, Status.SNAKE, 0.01
3231, 10, 66, Status.WALL, 0.01
3232, 18, 99, Status.SNAKE, 0.01
3233, 5, 25, Status.SNAKE, 0.01
3234, 6, 45, Status.SNAKE, 0.01
3235, 8, 38, Status.WALL, 0.01
3236, 17, 103, Status.SNAKE, 0.01
3237, 11, 71, Status.WALL, 0.01
3238, 13, 93, Status.SNAKE, 0.01
3239, 8, 34, Status.SNAKE, 0.01
3240, 8, 40, Status.SNAKE, 0.01
3241, 14, 65, Status.SNAKE, 0.01
3242, 3, 14, Status.SNAKE, 0.01
3243, 8, 76, Status.SNAKE, 0.01
3244, 5, 59, Status.SNAKE, 0.01
3245, 2, 22, Status.SNAKE, 0.01
3246, 1, 6, Status.SNAKE, 0.01
3247, 17, 127, Status.SNAKE, 0.01
3248, 14, 107, Status.WALL, 0.01
3249, 13, 107, Status.SNAKE, 0.01
3250, 3, 22, Status.SNAKE, 0.01
3251, 4, 17, Status.SNAKE, 0.01
3252, 10, 65, Status.SNAKE, 0.01
3253, 13, 62, Status.SNAKE, 0.01
3254, 16, 109, Status.SNAKE, 0.01
3255, 3, 16, Status.WALL, 0.01
3256, 3, 15, Status.SNAKE, 0.01
3257, 4, 30, Status.SNAKE, 0.01
3258, 6, 45, Status.WALL, 0.01
3259, 7, 64, Status.SNAKE, 0.01
3260, 19, 141, Status.SNAKE, 0.01
3261, 16, 109, Status.SNAKE, 0.01
3262, 6, 33, Status.SNAKE, 0.01
3263, 15, 85, Status.SNAKE, 0.01
3264, 10, 57, Status.SNAKE, 0.01
3265, 7, 52, Status.WALL, 0.01
3266, 6, 37, Status.SNAKE, 0.01
3267, 15, 95, Status.WALL, 0.01
3268, 6, 37, Status.SNAKE, 0.01
3269, 2, 12, Status.SNAKE, 0.01
3270, 7, 46, Status.SNAKE, 0.01
3271, 8, 38, Status.SNAKE, 0.01
3272, 0, 7, Status.WALL, 0.01
3273, 11, 82, Status.SNAKE, 0.01
3274, 10, 85, Status.WALL, 0.01
3275, 11, 73, Status.WALL, 0.01
3276, 10, 87, Status.SNAKE, 0.01
3277, 7, 32, Status.SNAKE, 0.01
3278, 1, 9, Status.WALL, 0.01
3279, 7, 61, Status.SNAKE, 0.01
3280, 12, 72, Status.SNAKE, 0.01
3281, 9, 55, Status.SNAKE, 0.01
3282, 13, 84, Status.SNAKE, 0.01
3283, 12, 89, Status.SNAKE, 0.01
3284, 15, 93, Status.SNAKE, 0.01
3285, 11, 68, Status.SNAKE, 0.01
3286, 5, 42, Status.WALL, 0.01
3287, 1, 8, Status.SNAKE, 0.01
3288, 16, 88, Status.SNAKE, 0.01
3289, 11, 79, Status.SNAKE, 0.01
3290, 12, 95, Status.WALL, 0.01
3291, 8, 46, Status.SNAKE, 0.01
3292, 5, 38, Status.SNAKE, 0.01
3293, 7, 43, Status.SNAKE, 0.01
3294, 16, 111, Status.WALL, 0.01
3295, 9, 56, Status.SNAKE, 0.01
3296, 6, 54, Status.SNAKE, 0.01
3297, 5, 37, Status.WALL, 0.01
3298, 2, 8, Status.SNAKE, 0.01
3299, 10, 67, Status.SNAKE, 0.01
3300, 9, 93, Status.WALL, 0.01
3301, 5, 28, Status.SNAKE, 0.01
3302, 15, 95, Status.SNAKE, 0.01
3303, 4, 26, Status.SNAKE, 0.01
3304, 12, 85, Status.WALL, 0.01
3305, 12, 73, Status.WALL, 0.01
3306, 9, 59, Status.SNAKE, 0.01
3307, 11, 74, Status.SNAKE, 0.01
3308, 8, 64, Status.SNAKE, 0.01
3309, 6, 40, Status.SNAKE, 0.01
3310, 12, 98, Status.SNAKE, 0.01
3311, 6, 48, Status.SNAKE, 0.01
3312, 9, 57, Status.SNAKE, 0.01
3313, 16, 99, Status.SNAKE, 0.01
3314, 5, 38, Status.SNAKE, 0.01
3315, 9, 52, Status.SNAKE, 0.01
3316, 5, 27, Status.SNAKE, 0.01
3317, 6, 41, Status.SNAKE, 0.01
3318, 4, 18, Status.SNAKE, 0.01
3319, 1, 10, Status.SNAKE, 0.01
3320, 12, 52, Status.SNAKE, 0.01
3321, 5, 26, Status.WALL, 0.01
3322, 2, 14, Status.SNAKE, 0.01
3323, 14, 96, Status.SNAKE, 0.01
3324, 2, 16, Status.WALL, 0.01
3325, 0, 7, Status.WALL, 0.01
3326, 10, 66, Status.SNAKE, 0.01
3327, 2, 22, Status.SNAKE, 0.01
3328, 19, 131, Status.SNAKE, 0.01
3329, 7, 50, Status.WALL, 0.01
3330, 7, 39, Status.SNAKE, 0.01
3331, 6, 42, Status.SNAKE, 0.01
3332, 6, 30, Status.SNAKE, 0.01
3333, 9, 81, Status.SNAKE, 0.01
3334, 13, 104, Status.SNAKE, 0.01
3335, 12, 84, Status.SNAKE, 0.01
3336, 10, 69, Status.SNAKE, 0.01
3337, 8, 61, Status.SNAKE, 0.01
3338, 11, 84, Status.SNAKE, 0.01
3339, 7, 48, Status.WALL, 0.01
3340, 9, 45, Status.SNAKE, 0.01
3341, 10, 68, Status.SNAKE, 0.01
3342, 14, 76, Status.WALL, 0.01
3343, 3, 26, Status.SNAKE, 0.01
3344, 13, 80, Status.SNAKE, 0.01
3345, 4, 25, Status.WALL, 0.01
3346, 6, 30, Status.SNAKE, 0.01
3347, 13, 106, Status.SNAKE, 0.01
3348, 5, 39, Status.WALL, 0.01
3349, 8, 61, Status.WALL, 0.01
3350, 4, 26, Status.WALL, 0.01
3351, 3, 22, Status.SNAKE, 0.01
3352, 3, 19, Status.WALL, 0.01
3353, 9, 62, Status.SNAKE, 0.01
3354, 13, 73, Status.SNAKE, 0.01
3355, 12, 71, Status.WALL, 0.01
3356, 1, 11, Status.WALL, 0.01
3357, 3, 21, Status.WALL, 0.01
3358, 6, 37, Status.SNAKE, 0.01
3359, 8, 57, Status.SNAKE, 0.01
3360, 9, 72, Status.SNAKE, 0.01
3361, 16, 98, Status.SNAKE, 0.01
3362, 11, 79, Status.SNAKE, 0.01
3363, 6, 29, Status.SNAKE, 0.01
3364, 11, 64, Status.SNAKE, 0.01
3365, 6, 45, Status.SNAKE, 0.01
3366, 10, 75, Status.WALL, 0.01
3367, 15, 141, Status.SNAKE, 0.01
3368, 2, 11, Status.WALL, 0.01
3369, 6, 37, Status.SNAKE, 0.01
3370, 11, 78, Status.SNAKE, 0.01
3371, 7, 47, Status.SNAKE, 0.01
3372, 5, 51, Status.SNAKE, 0.01
3373, 15, 110, Status.SNAKE, 0.01
3374, 8, 70, Status.SNAKE, 0.01
3375, 11, 85, Status.SNAKE, 0.01
3376, 16, 122, Status.SNAKE, 0.01
3377, 5, 37, Status.WALL, 0.01
3378, 23, 153, Status.SNAKE, 0.01
3379, 10, 49, Status.SNAKE, 0.01
3380, 7, 42, Status.SNAKE, 0.01
3381, 9, 58, Status.SNAKE, 0.01
3382, 11, 81, Status.SNAKE, 0.01
3383, 6, 42, Status.SNAKE, 0.01
3384, 11, 83, Status.SNAKE, 0.01
3385, 8, 48, Status.SNAKE, 0.01
3386, 13, 99, Status.SNAKE, 0.01
3387, 13, 97, Status.SNAKE, 0.01
3388, 13, 61, Status.SNAKE, 0.01
3389, 4, 33, Status.WALL, 0.01
3390, 7, 43, Status.SNAKE, 0.01
3391, 14, 101, Status.SNAKE, 0.01
3392, 10, 88, Status.WALL, 0.01
3393, 14, 102, Status.SNAKE, 0.01
3394, 9, 76, Status.SNAKE, 0.01
3395, 6, 51, Status.WALL, 0.01
3396, 3, 27, Status.SNAKE, 0.01
3397, 10, 71, Status.SNAKE, 0.01
3398, 10, 73, Status.SNAKE, 0.01
3399, 9, 66, Status.WALL, 0.01
3400, 8, 44, Status.SNAKE, 0.01
3401, 10, 77, Status.SNAKE, 0.01
3402, 11, 51, Status.SNAKE, 0.01
3403, 8, 66, Status.WALL, 0.01
3404, 10, 51, Status.SNAKE, 0.01
3405, 8, 77, Status.SNAKE, 0.01
3406, 5, 23, Status.SNAKE, 0.01
3407, 8, 52, Status.WALL, 0.01
3408, 11, 76, Status.SNAKE, 0.01
3409, 7, 41, Status.SNAKE, 0.01
3410, 2, 8, Status.WALL, 0.01
3411, 6, 40, Status.WALL, 0.01
3412, 17, 125, Status.SNAKE, 0.01
3413, 4, 20, Status.SNAKE, 0.01
3414, 12, 69, Status.WALL, 0.01
3415, 11, 78, Status.SNAKE, 0.01
3416, 18, 122, Status.SNAKE, 0.01
3417, 11, 73, Status.SNAKE, 0.01
3418, 6, 37, Status.SNAKE, 0.01
3419, 24, 174, Status.SNAKE, 0.01
3420, 17, 89, Status.WALL, 0.01
3421, 4, 28, Status.SNAKE, 0.01
3422, 6, 31, Status.SNAKE, 0.01
3423, 5, 25, Status.SNAKE, 0.01
3424, 9, 52, Status.SNAKE, 0.01
3425, 9, 57, Status.SNAKE, 0.01
3426, 3, 16, Status.SNAKE, 0.01
3427, 13, 104, Status.SNAKE, 0.01
3428, 15, 91, Status.SNAKE, 0.01
3429, 16, 100, Status.SNAKE, 0.01
3430, 9, 71, Status.SNAKE, 0.01
3431, 5, 32, Status.SNAKE, 0.01
3432, 5, 26, Status.SNAKE, 0.01
3433, 2, 15, Status.SNAKE, 0.01
3434, 2, 10, Status.WALL, 0.01
3435, 10, 79, Status.WALL, 0.01
3436, 7, 44, Status.SNAKE, 0.01
3437, 11, 61, Status.SNAKE, 0.01
3438, 10, 69, Status.WALL, 0.01
3439, 6, 41, Status.SNAKE, 0.01
3440, 9, 56, Status.SNAKE, 0.01
3441, 7, 48, Status.SNAKE, 0.01
3442, 5, 38, Status.WALL, 0.01
3443, 13, 81, Status.SNAKE, 0.01
3444, 10, 55, Status.SNAKE, 0.01
3445, 16, 105, Status.SNAKE, 0.01
3446, 9, 66, Status.SNAKE, 0.01
3447, 4, 22, Status.WALL, 0.01
3448, 6, 35, Status.SNAKE, 0.01
3449, 6, 36, Status.SNAKE, 0.01
3450, 5, 42, Status.SNAKE, 0.01
3451, 4, 30, Status.SNAKE, 0.01
3452, 12, 97, Status.SNAKE, 0.01
3453, 11, 98, Status.WALL, 0.01
3454, 9, 33, Status.SNAKE, 0.01
3455, 6, 50, Status.SNAKE, 0.01
3456, 17, 82, Status.SNAKE, 0.01
3457, 2, 11, Status.SNAKE, 0.01
3458, 10, 82, Status.SNAKE, 0.01
3459, 12, 74, Status.SNAKE, 0.01
3460, 15, 98, Status.SNAKE, 0.01
3461, 5, 40, Status.SNAKE, 0.01
3462, 6, 40, Status.SNAKE, 0.01
3463, 3, 11, Status.SNAKE, 0.01
3464, 11, 79, Status.SNAKE, 0.01
3465, 5, 46, Status.WALL, 0.01
3466, 13, 127, Status.SNAKE, 0.01
3467, 4, 18, Status.WALL, 0.01
3468, 13, 77, Status.SNAKE, 0.01
3469, 18, 117, Status.SNAKE, 0.01
3470, 12, 95, Status.SNAKE, 0.01
3471, 8, 27, Status.SNAKE, 0.01
3472, 8, 63, Status.SNAKE, 0.01
3473, 18, 129, Status.SNAKE, 0.01
3474, 5, 19, Status.SNAKE, 0.01
3475, 8, 51, Status.SNAKE, 0.01
3476, 13, 70, Status.SNAKE, 0.01
3477, 4, 21, Status.SNAKE, 0.01
3478, 9, 68, Status.SNAKE, 0.01
3479, 14, 100, Status.SNAKE, 0.01
3480, 9, 61, Status.SNAKE, 0.01
3481, 15, 109, Status.SNAKE, 0.01
3482, 15, 114, Status.SNAKE, 0.01
3483, 8, 44, Status.SNAKE, 0.01
3484, 14, 117, Status.SNAKE, 0.01
3485, 10, 63, Status.SNAKE, 0.01
3486, 9, 53, Status.WALL, 0.01
3487, 9, 57, Status.SNAKE, 0.01
3488, 20, 112, Status.WALL, 0.01
3489, 2, 12, Status.SNAKE, 0.01
3490, 11, 66, Status.WALL, 0.01
3491, 8, 45, Status.SNAKE, 0.01
3492, 9, 61, Status.SNAKE, 0.01
3493, 2, 14, Status.SNAKE, 0.01
3494, 11, 109, Status.SNAKE, 0.01
3495, 15, 89, Status.SNAKE, 0.01
3496, 6, 39, Status.SNAKE, 0.01
3497, 14, 108, Status.SNAKE, 0.01
3498, 17, 124, Status.SNAKE, 0.01
3499, 10, 71, Status.SNAKE, 0.01
3500, 13, 82, Status.SNAKE, 0.01
3501, 11, 84, Status.WALL, 0.01
3502, 22, 152, Status.SNAKE, 0.01
3503, 8, 51, Status.WALL, 0.01
3504, 21, 121, Status.WALL, 0.01
3505, 15, 99, Status.SNAKE, 0.01
3506, 7, 63, Status.SNAKE, 0.01
3507, 9, 54, Status.WALL, 0.01
3508, 5, 31, Status.SNAKE, 0.01
3509, 13, 91, Status.SNAKE, 0.01
3510, 3, 12, Status.SNAKE, 0.01
3511, 23, 126, Status.SNAKE, 0.01
3512, 9, 48, Status.SNAKE, 0.01
3513, 1, 10, Status.WALL, 0.01
3514, 12, 60, Status.WALL, 0.01
3515, 1, 5, Status.SNAKE, 0.01
3516, 9, 83, Status.SNAKE, 0.01
3517, 3, 36, Status.WALL, 0.01
3518, 10, 63, Status.SNAKE, 0.01
3519, 7, 52, Status.SNAKE, 0.01
3520, 13, 119, Status.WALL, 0.01
3521, 7, 55, Status.SNAKE, 0.01
3522, 5, 36, Status.WALL, 0.01
3523, 2, 20, Status.SNAKE, 0.01
3524, 3, 23, Status.SNAKE, 0.01
3525, 5, 27, Status.SNAKE, 0.01
3526, 19, 134, Status.SNAKE, 0.01
3527, 6, 53, Status.WALL, 0.01
3528, 2, 14, Status.SNAKE, 0.01
3529, 9, 49, Status.SNAKE, 0.01
3530, 4, 29, Status.SNAKE, 0.01
3531, 12, 80, Status.SNAKE, 0.01
3532, 6, 36, Status.SNAKE, 0.01
3533, 6, 31, Status.SNAKE, 0.01
3534, 14, 92, Status.SNAKE, 0.01
3535, 13, 68, Status.SNAKE, 0.01
3536, 8, 48, Status.SNAKE, 0.01
3537, 9, 62, Status.SNAKE, 0.01
3538, 5, 53, Status.SNAKE, 0.01
3539, 13, 96, Status.WALL, 0.01
3540, 13, 106, Status.SNAKE, 0.01
3541, 9, 77, Status.SNAKE, 0.01
3542, 2, 21, Status.SNAKE, 0.01
3543, 13, 85, Status.SNAKE, 0.01
3544, 21, 131, Status.WALL, 0.01
3545, 16, 120, Status.SNAKE, 0.01
3546, 12, 78, Status.SNAKE, 0.01
3547, 7, 41, Status.SNAKE, 0.01
3548, 13, 70, Status.SNAKE, 0.01
3549, 13, 74, Status.SNAKE, 0.01
3550, 3, 14, Status.SNAKE, 0.01
3551, 10, 89, Status.SNAKE, 0.01
3552, 2, 17, Status.SNAKE, 0.01
3553, 2, 14, Status.WALL, 0.01
3554, 17, 126, Status.SNAKE, 0.01
3555, 3, 15, Status.SNAKE, 0.01
3556, 7, 46, Status.SNAKE, 0.01
3557, 9, 46, Status.SNAKE, 0.01
3558, 6, 56, Status.SNAKE, 0.01
3559, 16, 114, Status.SNAKE, 0.01
3560, 5, 39, Status.SNAKE, 0.01
3561, 3, 28, Status.WALL, 0.01
3562, 14, 114, Status.WALL, 0.01
3563, 10, 70, Status.SNAKE, 0.01
3564, 5, 22, Status.SNAKE, 0.01
3565, 9, 80, Status.SNAKE, 0.01
3566, 15, 110, Status.SNAKE, 0.01
3567, 5, 23, Status.SNAKE, 0.01
3568, 12, 84, Status.SNAKE, 0.01
3569, 4, 25, Status.SNAKE, 0.01
3570, 6, 43, Status.SNAKE, 0.01
3571, 9, 68, Status.SNAKE, 0.01
3572, 7, 44, Status.WALL, 0.01
3573, 7, 47, Status.SNAKE, 0.01
3574, 1, 5, Status.SNAKE, 0.01
3575, 12, 83, Status.SNAKE, 0.01
3576, 11, 85, Status.SNAKE, 0.01
3577, 17, 123, Status.WALL, 0.01
3578, 11, 80, Status.SNAKE, 0.01
3579, 15, 82, Status.WALL, 0.01
3580, 12, 76, Status.SNAKE, 0.01
3581, 1, 3, Status.SNAKE, 0.01
3582, 21, 150, Status.SNAKE, 0.01
3583, 2, 25, Status.SNAKE, 0.01
3584, 10, 90, Status.SNAKE, 0.01
3585, 10, 73, Status.SNAKE, 0.01
3586, 9, 61, Status.SNAKE, 0.01
3587, 1, 14, Status.WALL, 0.01
3588, 7, 42, Status.SNAKE, 0.01
3589, 12, 71, Status.SNAKE, 0.01
3590, 9, 60, Status.SNAKE, 0.01
3591, 16, 99, Status.SNAKE, 0.01
3592, 12, 85, Status.SNAKE, 0.01
3593, 15, 126, Status.SNAKE, 0.01
3594, 7, 60, Status.SNAKE, 0.01
3595, 13, 94, Status.SNAKE, 0.01
3596, 4, 32, Status.WALL, 0.01
3597, 15, 89, Status.SNAKE, 0.01
3598, 8, 65, Status.SNAKE, 0.01
3599, 12, 101, Status.SNAKE, 0.01
3600, 9, 71, Status.SNAKE, 0.01
3601, 14, 102, Status.SNAKE, 0.01
3602, 1, 9, Status.WALL, 0.01
3603, 7, 51, Status.SNAKE, 0.01
3604, 3, 11, Status.SNAKE, 0.01
3605, 13, 105, Status.SNAKE, 0.01
3606, 7, 64, Status.SNAKE, 0.01
3607, 13, 110, Status.SNAKE, 0.01
3608, 6, 37, Status.WALL, 0.01
3609, 4, 24, Status.SNAKE, 0.01
3610, 7, 43, Status.WALL, 0.01
3611, 5, 34, Status.SNAKE, 0.01
3612, 9, 57, Status.SNAKE, 0.01
3613, 9, 48, Status.SNAKE, 0.01
3614, 5, 43, Status.SNAKE, 0.01
3615, 3, 22, Status.WALL, 0.01
3616, 13, 90, Status.SNAKE, 0.01
3617, 14, 112, Status.SNAKE, 0.01
3618, 19, 155, Status.SNAKE, 0.01
3619, 5, 28, Status.SNAKE, 0.01
3620, 4, 22, Status.SNAKE, 0.01
3621, 12, 85, Status.SNAKE, 0.01
3622, 9, 67, Status.SNAKE, 0.01
3623, 13, 71, Status.SNAKE, 0.01
3624, 1, 3, Status.SNAKE, 0.01
3625, 11, 63, Status.SNAKE, 0.01
3626, 14, 112, Status.SNAKE, 0.01
3627, 8, 38, Status.WALL, 0.01
3628, 7, 64, Status.WALL, 0.01
3629, 17, 136, Status.SNAKE, 0.01
3630, 13, 90, Status.SNAKE, 0.01
3631, 11, 61, Status.SNAKE, 0.01
3632, 12, 89, Status.SNAKE, 0.01
3633, 14, 113, Status.SNAKE, 0.01
3634, 8, 47, Status.SNAKE, 0.01
3635, 2, 17, Status.WALL, 0.01
3636, 17, 117, Status.WALL, 0.01
3637, 14, 104, Status.WALL, 0.01
3638, 4, 27, Status.SNAKE, 0.01
3639, 5, 27, Status.SNAKE, 0.01
3640, 10, 71, Status.SNAKE, 0.01
3641, 9, 91, Status.SNAKE, 0.01
3642, 11, 74, Status.SNAKE, 0.01
3643, 3, 35, Status.WALL, 0.01
3644, 10, 58, Status.SNAKE, 0.01
3645, 8, 56, Status.SNAKE, 0.01
3646, 18, 132, Status.SNAKE, 0.01
3647, 1, 3, Status.SNAKE, 0.01
3648, 8, 49, Status.WALL, 0.01
3649, 2, 10, Status.WALL, 0.01
3650, 15, 95, Status.SNAKE, 0.01
3651, 7, 34, Status.SNAKE, 0.01
3652, 9, 45, Status.SNAKE, 0.01
3653, 17, 126, Status.SNAKE, 0.01
3654, 8, 39, Status.SNAKE, 0.01
3655, 7, 44, Status.SNAKE, 0.01
3656, 5, 39, Status.WALL, 0.01
3657, 6, 26, Status.WALL, 0.01
3658, 14, 113, Status.SNAKE, 0.01
3659, 4, 22, Status.SNAKE, 0.01
3660, 17, 131, Status.SNAKE, 0.01
3661, 13, 98, Status.SNAKE, 0.01
3662, 17, 104, Status.SNAKE, 0.01
3663, 9, 54, Status.SNAKE, 0.01
3664, 4, 25, Status.WALL, 0.01
3665, 7, 49, Status.SNAKE, 0.01
3666, 8, 58, Status.WALL, 0.01
3667, 12, 89, Status.SNAKE, 0.01
3668, 7, 21, Status.SNAKE, 0.01
3669, 9, 66, Status.SNAKE, 0.01
3670, 14, 106, Status.SNAKE, 0.01
3671, 4, 30, Status.WALL, 0.01
3672, 14, 101, Status.SNAKE, 0.01
3673, 11, 55, Status.WALL, 0.01
3674, 2, 13, Status.SNAKE, 0.01
3675, 11, 100, Status.WALL, 0.01
3676, 12, 92, Status.SNAKE, 0.01
3677, 15, 95, Status.SNAKE, 0.01
3678, 15, 97, Status.SNAKE, 0.01
3679, 10, 61, Status.SNAKE, 0.01
3680, 6, 34, Status.SNAKE, 0.01
3681, 14, 130, Status.SNAKE, 0.01
3682, 6, 61, Status.SNAKE, 0.01
3683, 15, 120, Status.SNAKE, 0.01
3684, 9, 70, Status.SNAKE, 0.01
3685, 6, 42, Status.SNAKE, 0.01
3686, 2, 19, Status.SNAKE, 0.01
3687, 1, 7, Status.WALL, 0.01
3688, 12, 100, Status.SNAKE, 0.01
3689, 14, 117, Status.SNAKE, 0.01
3690, 7, 62, Status.SNAKE, 0.01
3691, 9, 60, Status.SNAKE, 0.01
3692, 8, 50, Status.SNAKE, 0.01
3693, 11, 78, Status.SNAKE, 0.01
3694, 6, 51, Status.SNAKE, 0.01
3695, 9, 51, Status.SNAKE, 0.01
3696, 8, 39, Status.SNAKE, 0.01
3697, 25, 149, Status.SNAKE, 0.01
3698, 5, 34, Status.SNAKE, 0.01
3699, 4, 17, Status.SNAKE, 0.01
3700, 6, 37, Status.WALL, 0.01
3701, 8, 43, Status.SNAKE, 0.01
3702, 8, 39, Status.SNAKE, 0.01
3703, 4, 22, Status.WALL, 0.01
3704, 5, 35, Status.SNAKE, 0.01
3705, 3, 25, Status.SNAKE, 0.01
3706, 13, 91, Status.SNAKE, 0.01
3707, 4, 31, Status.SNAKE, 0.01
3708, 5, 29, Status.SNAKE, 0.01
3709, 4, 23, Status.SNAKE, 0.01
3710, 3, 15, Status.SNAKE, 0.01
3711, 11, 49, Status.SNAKE, 0.01
3712, 1, 7, Status.WALL, 0.01
3713, 18, 159, Status.SNAKE, 0.01
3714, 14, 90, Status.SNAKE, 0.01
3715, 7, 49, Status.WALL, 0.01
3716, 6, 49, Status.SNAKE, 0.01
3717, 13, 93, Status.SNAKE, 0.01
3718, 4, 32, Status.WALL, 0.01
3719, 5, 26, Status.SNAKE, 0.01
3720, 15, 111, Status.SNAKE, 0.01
3721, 10, 75, Status.SNAKE, 0.01
3722, 10, 68, Status.SNAKE, 0.01
3723, 5, 38, Status.SNAKE, 0.01
3724, 6, 43, Status.WALL, 0.01
3725, 3, 32, Status.WALL, 0.01
3726, 10, 69, Status.SNAKE, 0.01
3727, 2, 10, Status.SNAKE, 0.01
3728, 6, 31, Status.SNAKE, 0.01
3729, 12, 66, Status.SNAKE, 0.01
3730, 9, 60, Status.WALL, 0.01
3731, 17, 104, Status.SNAKE, 0.01
3732, 7, 49, Status.SNAKE, 0.01
3733, 11, 59, Status.WALL, 0.01
3734, 2, 15, Status.WALL, 0.01
3735, 4, 32, Status.WALL, 0.01
3736, 13, 65, Status.SNAKE, 0.01
3737, 8, 38, Status.SNAKE, 0.01
3738, 2, 17, Status.SNAKE, 0.01
3739, 6, 40, Status.WALL, 0.01
3740, 16, 119, Status.SNAKE, 0.01
3741, 10, 88, Status.WALL, 0.01
3742, 11, 66, Status.SNAKE, 0.01
3743, 10, 62, Status.SNAKE, 0.01
3744, 11, 76, Status.SNAKE, 0.01
3745, 3, 21, Status.SNAKE, 0.01
3746, 11, 93, Status.SNAKE, 0.01
3747, 12, 73, Status.SNAKE, 0.01
3748, 12, 94, Status.SNAKE, 0.01
3749, 3, 15, Status.SNAKE, 0.01
3750, 8, 65, Status.SNAKE, 0.01
3751, 7, 50, Status.SNAKE, 0.01
3752, 6, 43, Status.SNAKE, 0.01
3753, 1, 6, Status.WALL, 0.01
3754, 8, 70, Status.WALL, 0.01
3755, 9, 66, Status.WALL, 0.01
3756, 5, 26, Status.SNAKE, 0.01
3757, 8, 75, Status.SNAKE, 0.01
3758, 7, 62, Status.SNAKE, 0.01
3759, 5, 37, Status.SNAKE, 0.01
3760, 8, 59, Status.SNAKE, 0.01
3761, 9, 65, Status.SNAKE, 0.01
3762, 9, 73, Status.WALL, 0.01
3763, 12, 85, Status.SNAKE, 0.01
3764, 4, 20, Status.SNAKE, 0.01
3765, 10, 96, Status.WALL, 0.01
3766, 6, 31, Status.WALL, 0.01
3767, 12, 88, Status.SNAKE, 0.01
3768, 4, 28, Status.SNAKE, 0.01
3769, 4, 39, Status.WALL, 0.01
3770, 9, 58, Status.WALL, 0.01
3771, 2, 15, Status.SNAKE, 0.01
3772, 9, 74, Status.WALL, 0.01
3773, 7, 48, Status.SNAKE, 0.01
3774, 6, 34, Status.SNAKE, 0.01
3775, 6, 43, Status.SNAKE, 0.01
3776, 5, 40, Status.SNAKE, 0.01
3777, 7, 43, Status.SNAKE, 0.01
3778, 2, 11, Status.SNAKE, 0.01
3779, 3, 20, Status.WALL, 0.01
3780, 10, 74, Status.WALL, 0.01
3781, 5, 34, Status.SNAKE, 0.01
3782, 12, 95, Status.SNAKE, 0.01
3783, 5, 44, Status.SNAKE, 0.01
3784, 5, 44, Status.SNAKE, 0.01
3785, 6, 47, Status.SNAKE, 0.01
3786, 8, 52, Status.SNAKE, 0.01
3787, 3, 18, Status.SNAKE, 0.01
3788, 15, 78, Status.SNAKE, 0.01
3789, 5, 32, Status.SNAKE, 0.01
3790, 1, 3, Status.SNAKE, 0.01
3791, 11, 81, Status.SNAKE, 0.01
3792, 2, 18, Status.SNAKE, 0.01
3793, 5, 40, Status.SNAKE, 0.01
3794, 9, 45, Status.SNAKE, 0.01
3795, 7, 44, Status.SNAKE, 0.01
3796, 5, 30, Status.SNAKE, 0.01
3797, 17, 126, Status.SNAKE, 0.01
3798, 16, 107, Status.SNAKE, 0.01
3799, 5, 36, Status.WALL, 0.01
3800, 4, 21, Status.SNAKE, 0.01
3801, 6, 48, Status.SNAKE, 0.01
3802, 2, 12, Status.WALL, 0.01
3803, 6, 42, Status.SNAKE, 0.01
3804, 5, 49, Status.SNAKE, 0.01
3805, 7, 52, Status.SNAKE, 0.01
3806, 9, 65, Status.SNAKE, 0.01
3807, 2, 18, Status.SNAKE, 0.01
3808, 5, 28, Status.SNAKE, 0.01
3809, 11, 85, Status.WALL, 0.01
3810, 7, 44, Status.SNAKE, 0.01
3811, 17, 132, Status.SNAKE, 0.01
3812, 13, 92, Status.SNAKE, 0.01
3813, 3, 20, Status.WALL, 0.01
3814, 4, 26, Status.WALL, 0.01
3815, 7, 42, Status.SNAKE, 0.01
3816, 10, 66, Status.SNAKE, 0.01
3817, 4, 21, Status.WALL, 0.01
3818, 6, 25, Status.SNAKE, 0.01
3819, 8, 67, Status.SNAKE, 0.01
3820, 5, 30, Status.SNAKE, 0.01
3821, 1, 7, Status.WALL, 0.01
3822, 6, 35, Status.SNAKE, 0.01
3823, 3, 11, Status.WALL, 0.01
3824, 13, 62, Status.SNAKE, 0.01
3825, 15, 130, Status.SNAKE, 0.01
3826, 12, 113, Status.SNAKE, 0.01
3827, 3, 13, Status.SNAKE, 0.01
3828, 1, 15, Status.SNAKE, 0.01
3829, 4, 40, Status.SNAKE, 0.01
3830, 8, 56, Status.WALL, 0.01
3831, 15, 148, Status.WALL, 0.01
3832, 15, 98, Status.SNAKE, 0.01
3833, 12, 101, Status.WALL, 0.01
3834, 11, 73, Status.SNAKE, 0.01
3835, 13, 76, Status.WALL, 0.01
3836, 5, 43, Status.SNAKE, 0.01
3837, 7, 71, Status.SNAKE, 0.01
3838, 17, 100, Status.SNAKE, 0.01
3839, 12, 72, Status.SNAKE, 0.01
3840, 18, 119, Status.SNAKE, 0.01
3841, 17, 92, Status.SNAKE, 0.01
3842, 7, 47, Status.SNAKE, 0.01
3843, 9, 57, Status.SNAKE, 0.01
3844, 14, 86, Status.SNAKE, 0.01
3845, 14, 117, Status.SNAKE, 0.01
3846, 9, 67, Status.SNAKE, 0.01
3847, 18, 103, Status.SNAKE, 0.01
3848, 9, 68, Status.SNAKE, 0.01
3849, 11, 76, Status.WALL, 0.01
3850, 13, 66, Status.SNAKE, 0.01
3851, 11, 77, Status.WALL, 0.01
3852, 10, 75, Status.WALL, 0.01
3853, 12, 105, Status.SNAKE, 0.01
3854, 11, 102, Status.SNAKE, 0.01
3855, 2, 6, Status.SNAKE, 0.01
3856, 12, 84, Status.WALL, 0.01
3857, 7, 58, Status.SNAKE, 0.01
3858, 13, 106, Status.SNAKE, 0.01
3859, 13, 78, Status.SNAKE, 0.01
3860, 10, 78, Status.WALL, 0.01
3861, 15, 106, Status.SNAKE, 0.01
3862, 1, 16, Status.SNAKE, 0.01
3863, 8, 63, Status.SNAKE, 0.01
3864, 3, 12, Status.SNAKE, 0.01
3865, 11, 76, Status.WALL, 0.01
3866, 15, 97, Status.SNAKE, 0.01
3867, 5, 20, Status.SNAKE, 0.01
3868, 9, 56, Status.SNAKE, 0.01
3869, 15, 103, Status.WALL, 0.01
3870, 7, 36, Status.WALL, 0.01
3871, 7, 32, Status.SNAKE, 0.01
3872, 4, 39, Status.SNAKE, 0.01
3873, 9, 61, Status.SNAKE, 0.01
3874, 10, 66, Status.SNAKE, 0.01
3875, 5, 25, Status.SNAKE, 0.01
3876, 12, 78, Status.SNAKE, 0.01
3877, 8, 66, Status.SNAKE, 0.01
3878, 14, 86, Status.SNAKE, 0.01
3879, 15, 96, Status.SNAKE, 0.01
3880, 7, 44, Status.SNAKE, 0.01
3881, 11, 74, Status.SNAKE, 0.01
3882, 11, 69, Status.SNAKE, 0.01
3883, 14, 104, Status.SNAKE, 0.01
3884, 5, 45, Status.SNAKE, 0.01
3885, 5, 37, Status.WALL, 0.01
3886, 4, 51, Status.SNAKE, 0.01
3887, 13, 89, Status.SNAKE, 0.01
3888, 12, 77, Status.SNAKE, 0.01
3889, 12, 89, Status.SNAKE, 0.01
3890, 13, 72, Status.SNAKE, 0.01
3891, 8, 38, Status.SNAKE, 0.01
3892, 10, 92, Status.SNAKE, 0.01
3893, 13, 96, Status.WALL, 0.01
3894, 9, 85, Status.SNAKE, 0.01
3895, 3, 24, Status.WALL, 0.01
3896, 15, 101, Status.SNAKE, 0.01
3897, 11, 62, Status.WALL, 0.01
3898, 11, 86, Status.WALL, 0.01
3899, 5, 25, Status.SNAKE, 0.01
3900, 10, 74, Status.SNAKE, 0.01
3901, 2, 20, Status.WALL, 0.01
3902, 4, 39, Status.SNAKE, 0.01
3903, 2, 16, Status.WALL, 0.01
3904, 1, 6, Status.WALL, 0.01
3905, 9, 48, Status.SNAKE, 0.01
3906, 4, 23, Status.SNAKE, 0.01
3907, 10, 68, Status.SNAKE, 0.01
3908, 8, 35, Status.WALL, 0.01
3909, 6, 41, Status.WALL, 0.01
3910, 13, 70, Status.SNAKE, 0.01
3911, 4, 44, Status.SNAKE, 0.01
3912, 11, 63, Status.SNAKE, 0.01
3913, 7, 40, Status.SNAKE, 0.01
3914, 8, 47, Status.WALL, 0.01
3915, 11, 95, Status.SNAKE, 0.01
3916, 8, 58, Status.WALL, 0.01
3917, 5, 41, Status.WALL, 0.01
3918, 6, 33, Status.SNAKE, 0.01
3919, 8, 60, Status.WALL, 0.01
3920, 8, 56, Status.SNAKE, 0.01
3921, 3, 17, Status.SNAKE, 0.01
3922, 9, 62, Status.SNAKE, 0.01
3923, 11, 70, Status.SNAKE, 0.01
3924, 1, 3, Status.SNAKE, 0.01
3925, 8, 53, Status.SNAKE, 0.01
3926, 6, 47, Status.SNAKE, 0.01
3927, 9, 65, Status.SNAKE, 0.01
3928, 7, 48, Status.SNAKE, 0.01
3929, 2, 15, Status.SNAKE, 0.01
3930, 10, 54, Status.SNAKE, 0.01
3931, 15, 92, Status.SNAKE, 0.01
3932, 3, 7, Status.SNAKE, 0.01
3933, 11, 60, Status.SNAKE, 0.01
3934, 3, 13, Status.SNAKE, 0.01
3935, 3, 27, Status.SNAKE, 0.01
3936, 12, 53, Status.WALL, 0.01
3937, 9, 58, Status.SNAKE, 0.01
3938, 19, 108, Status.WALL, 0.01
3939, 16, 96, Status.SNAKE, 0.01
3940, 12, 83, Status.SNAKE, 0.01
3941, 2, 25, Status.WALL, 0.01
3942, 7, 44, Status.SNAKE, 0.01
3943, 20, 154, Status.WALL, 0.01
3944, 8, 76, Status.SNAKE, 0.01
3945, 17, 137, Status.SNAKE, 0.01
3946, 15, 111, Status.SNAKE, 0.01
3947, 11, 96, Status.SNAKE, 0.01
3948, 7, 67, Status.WALL, 0.01
3949, 4, 28, Status.SNAKE, 0.01
3950, 8, 60, Status.SNAKE, 0.01
3951, 13, 96, Status.SNAKE, 0.01
3952, 15, 103, Status.SNAKE, 0.01
3953, 6, 47, Status.SNAKE, 0.01
3954, 5, 25, Status.SNAKE, 0.01
3955, 5, 33, Status.SNAKE, 0.01
3956, 19, 118, Status.SNAKE, 0.01
3957, 11, 59, Status.SNAKE, 0.01
3958, 12, 62, Status.SNAKE, 0.01
3959, 5, 22, Status.SNAKE, 0.01
3960, 6, 49, Status.WALL, 0.01
3961, 7, 39, Status.SNAKE, 0.01
3962, 9, 75, Status.SNAKE, 0.01
3963, 11, 75, Status.SNAKE, 0.01
3964, 8, 59, Status.SNAKE, 0.01
3965, 11, 83, Status.SNAKE, 0.01
3966, 19, 101, Status.SNAKE, 0.01
3967, 5, 36, Status.SNAKE, 0.01
3968, 11, 64, Status.SNAKE, 0.01
3969, 8, 42, Status.SNAKE, 0.01
3970, 6, 53, Status.WALL, 0.01
3971, 7, 50, Status.SNAKE, 0.01
3972, 7, 61, Status.WALL, 0.01
3973, 11, 71, Status.SNAKE, 0.01
3974, 8, 46, Status.WALL, 0.01
3975, 1, 10, Status.SNAKE, 0.01
3976, 12, 66, Status.SNAKE, 0.01
3977, 8, 44, Status.SNAKE, 0.01
3978, 9, 82, Status.SNAKE, 0.01
3979, 11, 65, Status.SNAKE, 0.01
3980, 3, 14, Status.SNAKE, 0.01
3981, 4, 23, Status.SNAKE, 0.01
3982, 5, 31, Status.SNAKE, 0.01
3983, 9, 63, Status.SNAKE, 0.01
3984, 12, 74, Status.SNAKE, 0.01
3985, 10, 82, Status.WALL, 0.01
3986, 11, 91, Status.SNAKE, 0.01
3987, 5, 35, Status.WALL, 0.01
3988, 10, 78, Status.WALL, 0.01
3989, 6, 45, Status.WALL, 0.01
3990, 17, 131, Status.SNAKE, 0.01
3991, 10, 71, Status.SNAKE, 0.01
3992, 11, 64, Status.SNAKE, 0.01
3993, 13, 87, Status.SNAKE, 0.01
3994, 5, 61, Status.SNAKE, 0.01
3995, 8, 49, Status.WALL, 0.01
3996, 3, 16, Status.WALL, 0.01
3997, 11, 59, Status.WALL, 0.01
3998, 10, 69, Status.SNAKE, 0.01
3999, 0, 7, Status.WALL, 0.01
4000, 17, 122, Status.SNAKE, 0.01
4001, 9, 65, Status.SNAKE, 0.01
4002, 16, 89, Status.WALL, 0.01
4003, 6, 47, Status.SNAKE, 0.01
4004, 17, 107, Status.SNAKE, 0.01
4005, 9, 63, Status.WALL, 0.01
4006, 10, 55, Status.SNAKE, 0.01
4007, 6, 42, Status.SNAKE, 0.01
4008, 6, 37, Status.WALL, 0.01
4009, 11, 77, Status.SNAKE, 0.01
4010, 11, 82, Status.SNAKE, 0.01
4011, 10, 63, Status.SNAKE, 0.01
4012, 8, 71, Status.WALL, 0.01
4013, 5, 24, Status.WALL, 0.01
4014, 11, 75, Status.SNAKE, 0.01
4015, 14, 109, Status.WALL, 0.01
4016, 7, 40, Status.SNAKE, 0.01
4017, 16, 85, Status.SNAKE, 0.01
4018, 9, 69, Status.SNAKE, 0.01
4019, 13, 79, Status.WALL, 0.01
4020, 7, 51, Status.SNAKE, 0.01
4021, 11, 82, Status.SNAKE, 0.01
4022, 16, 100, Status.SNAKE, 0.01
4023, 1, 23, Status.WALL, 0.01
4024, 5, 42, Status.SNAKE, 0.01
4025, 12, 64, Status.SNAKE, 0.01
4026, 2, 3, Status.SNAKE, 0.01
4027, 10, 58, Status.SNAKE, 0.01
4028, 12, 77, Status.WALL, 0.01
4029, 11, 93, Status.WALL, 0.01
4030, 9, 48, Status.SNAKE, 0.01
4031, 12, 77, Status.WALL, 0.01
4032, 2, 13, Status.WALL, 0.01
4033, 0, 5, Status.WALL, 0.01
4034, 12, 87, Status.SNAKE, 0.01
4035, 4, 23, Status.SNAKE, 0.01
4036, 8, 66, Status.SNAKE, 0.01
4037, 5, 48, Status.WALL, 0.01
4038, 7, 40, Status.SNAKE, 0.01
4039, 11, 91, Status.SNAKE, 0.01
4040, 1, 5, Status.SNAKE, 0.01
4041, 5, 30, Status.SNAKE, 0.01
4042, 11, 80, Status.SNAKE, 0.01
4043, 9, 60, Status.SNAKE, 0.01
4044, 8, 47, Status.SNAKE, 0.01
4045, 11, 60, Status.SNAKE, 0.01
4046, 12, 88, Status.SNAKE, 0.01
4047, 7, 48, Status.SNAKE, 0.01
4048, 5, 31, Status.WALL, 0.01
4049, 8, 54, Status.SNAKE, 0.01
4050, 10, 60, Status.SNAKE, 0.01
4051, 5, 29, Status.SNAKE, 0.01
4052, 7, 55, Status.SNAKE, 0.01
4053, 18, 104, Status.SNAKE, 0.01
4054, 11, 66, Status.SNAKE, 0.01
4055, 9, 62, Status.SNAKE, 0.01
4056, 8, 37, Status.SNAKE, 0.01
4057, 2, 19, Status.SNAKE, 0.01
4058, 9, 77, Status.SNAKE, 0.01
4059, 8, 55, Status.SNAKE, 0.01
4060, 6, 37, Status.WALL, 0.01
4061, 13, 90, Status.SNAKE, 0.01
4062, 5, 31, Status.WALL, 0.01
4063, 3, 15, Status.WALL, 0.01
4064, 5, 37, Status.SNAKE, 0.01
4065, 4, 18, Status.SNAKE, 0.01
4066, 16, 144, Status.SNAKE, 0.01
4067, 11, 93, Status.SNAKE, 0.01
4068, 15, 100, Status.WALL, 0.01
4069, 11, 74, Status.SNAKE, 0.01
4070, 19, 130, Status.SNAKE, 0.01
4071, 11, 79, Status.SNAKE, 0.01
4072, 4, 35, Status.SNAKE, 0.01
4073, 7, 45, Status.WALL, 0.01
4074, 3, 19, Status.WALL, 0.01
4075, 7, 50, Status.SNAKE, 0.01
4076, 8, 64, Status.WALL, 0.01
4077, 9, 82, Status.WALL, 0.01
4078, 15, 80, Status.SNAKE, 0.01
4079, 6, 35, Status.WALL, 0.01
4080, 4, 20, Status.SNAKE, 0.01
4081, 6, 46, Status.SNAKE, 0.01
4082, 8, 55, Status.SNAKE, 0.01
4083, 9, 57, Status.SNAKE, 0.01
4084, 6, 37, Status.SNAKE, 0.01
4085, 9, 85, Status.WALL, 0.01
4086, 6, 29, Status.SNAKE, 0.01
4087, 7, 45, Status.SNAKE, 0.01
4088, 8, 35, Status.SNAKE, 0.01
4089, 9, 48, Status.SNAKE, 0.01
4090, 8, 42, Status.SNAKE, 0.01
4091, 13, 104, Status.SNAKE, 0.01
4092, 3, 16, Status.SNAKE, 0.01
4093, 12, 80, Status.SNAKE, 0.01
4094, 0, 4, Status.WALL, 0.01
4095, 13, 78, Status.SNAKE, 0.01
4096, 7, 47, Status.SNAKE, 0.01
4097, 21, 135, Status.SNAKE, 0.01
4098, 10, 73, Status.SNAKE, 0.01
4099, 12, 102, Status.SNAKE, 0.01
4100, 11, 92, Status.SNAKE, 0.01
4101, 13, 82, Status.SNAKE, 0.01
4102, 4, 49, Status.SNAKE, 0.01
4103, 16, 107, Status.SNAKE, 0.01
4104, 3, 14, Status.SNAKE, 0.01
4105, 6, 35, Status.SNAKE, 0.01
4106, 6, 40, Status.SNAKE, 0.01
4107, 10, 61, Status.WALL, 0.01
4108, 13, 85, Status.WALL, 0.01
4109, 2, 11, Status.SNAKE, 0.01
4110, 10, 76, Status.WALL, 0.01
4111, 7, 48, Status.SNAKE, 0.01
4112, 10, 52, Status.SNAKE, 0.01
4113, 16, 108, Status.SNAKE, 0.01
4114, 5, 36, Status.SNAKE, 0.01
4115, 4, 22, Status.SNAKE, 0.01
4116, 6, 36, Status.SNAKE, 0.01
4117, 7, 57, Status.SNAKE, 0.01
4118, 8, 66, Status.SNAKE, 0.01
4119, 9, 62, Status.SNAKE, 0.01
4120, 12, 101, Status.SNAKE, 0.01
4121, 11, 82, Status.SNAKE, 0.01
4122, 10, 74, Status.SNAKE, 0.01
4123, 7, 43, Status.WALL, 0.01
4124, 14, 93, Status.WALL, 0.01
4125, 2, 10, Status.SNAKE, 0.01
4126, 7, 37, Status.WALL, 0.01
4127, 10, 104, Status.WALL, 0.01
4128, 1, 3, Status.SNAKE, 0.01
4129, 14, 96, Status.SNAKE, 0.01
4130, 10, 55, Status.SNAKE, 0.01
4131, 5, 34, Status.SNAKE, 0.01
4132, 7, 63, Status.WALL, 0.01
4133, 2, 22, Status.WALL, 0.01
4134, 12, 82, Status.SNAKE, 0.01
4135, 3, 25, Status.SNAKE, 0.01
4136, 10, 71, Status.SNAKE, 0.01
4137, 3, 5, Status.SNAKE, 0.01
4138, 6, 40, Status.SNAKE, 0.01
4139, 6, 52, Status.SNAKE, 0.01
4140, 4, 21, Status.SNAKE, 0.01
4141, 9, 69, Status.SNAKE, 0.01
4142, 3, 28, Status.WALL, 0.01
4143, 9, 52, Status.SNAKE, 0.01
4144, 5, 26, Status.SNAKE, 0.01
4145, 12, 71, Status.SNAKE, 0.01
4146, 5, 29, Status.SNAKE, 0.01
4147, 10, 59, Status.SNAKE, 0.01
4148, 3, 28, Status.SNAKE, 0.01
4149, 10, 79, Status.WALL, 0.01
4150, 9, 49, Status.SNAKE, 0.01
4151, 7, 44, Status.SNAKE, 0.01
4152, 8, 50, Status.SNAKE, 0.01
4153, 12, 124, Status.SNAKE, 0.01
4154, 8, 41, Status.SNAKE, 0.01
4155, 4, 22, Status.SNAKE, 0.01
4156, 2, 14, Status.SNAKE, 0.01
4157, 9, 81, Status.WALL, 0.01
4158, 9, 87, Status.WALL, 0.01
4159, 12, 85, Status.SNAKE, 0.01
4160, 1, 14, Status.WALL, 0.01
4161, 9, 62, Status.SNAKE, 0.01
4162, 11, 87, Status.WALL, 0.01
4163, 14, 85, Status.SNAKE, 0.01
4164, 12, 74, Status.SNAKE, 0.01
4165, 9, 38, Status.SNAKE, 0.01
4166, 11, 56, Status.SNAKE, 0.01
4167, 13, 84, Status.SNAKE, 0.01
4168, 6, 47, Status.SNAKE, 0.01
4169, 17, 119, Status.SNAKE, 0.01
4170, 7, 58, Status.SNAKE, 0.01
4171, 2, 15, Status.WALL, 0.01
4172, 15, 95, Status.SNAKE, 0.01
4173, 12, 123, Status.SNAKE, 0.01
4174, 13, 93, Status.SNAKE, 0.01
4175, 3, 26, Status.SNAKE, 0.01
4176, 11, 62, Status.SNAKE, 0.01
4177, 5, 26, Status.SNAKE, 0.01
4178, 14, 85, Status.SNAKE, 0.01
4179, 14, 103, Status.SNAKE, 0.01
4180, 14, 115, Status.SNAKE, 0.01
4181, 8, 50, Status.WALL, 0.01
4182, 7, 40, Status.SNAKE, 0.01
4183, 5, 21, Status.WALL, 0.01
4184, 4, 36, Status.SNAKE, 0.01
4185, 18, 114, Status.SNAKE, 0.01
4186, 10, 67, Status.SNAKE, 0.01
4187, 18, 126, Status.SNAKE, 0.01
4188, 3, 16, Status.SNAKE, 0.01
4189, 3, 12, Status.WALL, 0.01
4190, 5, 39, Status.SNAKE, 0.01
4191, 5, 30, Status.SNAKE, 0.01
4192, 15, 82, Status.SNAKE, 0.01
4193, 1, 5, Status.SNAKE, 0.01
4194, 18, 132, Status.SNAKE, 0.01
4195, 6, 30, Status.SNAKE, 0.01
4196, 5, 37, Status.SNAKE, 0.01
4197, 15, 122, Status.SNAKE, 0.01
4198, 8, 58, Status.SNAKE, 0.01
4199, 12, 102, Status.SNAKE, 0.01
4200, 11, 92, Status.WALL, 0.01
4201, 12, 74, Status.SNAKE, 0.01
4202, 10, 66, Status.WALL, 0.01
4203, 3, 22, Status.WALL, 0.01
4204, 7, 43, Status.SNAKE, 0.01
4205, 9, 69, Status.SNAKE, 0.01
4206, 15, 80, Status.SNAKE, 0.01
4207, 14, 82, Status.SNAKE, 0.01
4208, 3, 19, Status.WALL, 0.01
4209, 6, 43, Status.SNAKE, 0.01
4210, 11, 64, Status.SNAKE, 0.01
4211, 11, 70, Status.SNAKE, 0.01
4212, 5, 32, Status.SNAKE, 0.01
4213, 11, 74, Status.SNAKE, 0.01
4214, 1, 11, Status.SNAKE, 0.01
4215, 2, 12, Status.SNAKE, 0.01
4216, 12, 88, Status.SNAKE, 0.01
4217, 7, 49, Status.SNAKE, 0.01
4218, 6, 52, Status.WALL, 0.01
4219, 8, 49, Status.WALL, 0.01
4220, 5, 15, Status.SNAKE, 0.01
4221, 8, 51, Status.WALL, 0.01
4222, 5, 37, Status.SNAKE, 0.01
4223, 5, 34, Status.SNAKE, 0.01
4224, 12, 74, Status.SNAKE, 0.01
4225, 4, 16, Status.SNAKE, 0.01
4226, 3, 26, Status.SNAKE, 0.01
4227, 11, 75, Status.SNAKE, 0.01
4228, 18, 112, Status.WALL, 0.01
4229, 4, 22, Status.SNAKE, 0.01
4230, 5, 53, Status.SNAKE, 0.01
4231, 1, 10, Status.WALL, 0.01
4232, 7, 58, Status.SNAKE, 0.01
4233, 1, 9, Status.WALL, 0.01
4234, 2, 26, Status.SNAKE, 0.01
4235, 6, 45, Status.SNAKE, 0.01
4236, 11, 74, Status.SNAKE, 0.01
4237, 15, 90, Status.SNAKE, 0.01
4238, 3, 23, Status.SNAKE, 0.01
4239, 11, 50, Status.SNAKE, 0.01
4240, 4, 26, Status.SNAKE, 0.01
4241, 7, 28, Status.SNAKE, 0.01
4242, 13, 90, Status.SNAKE, 0.01
4243, 5, 27, Status.SNAKE, 0.01
4244, 10, 67, Status.SNAKE, 0.01
4245, 22, 154, Status.SNAKE, 0.01
4246, 4, 26, Status.SNAKE, 0.01
4247, 2, 17, Status.SNAKE, 0.01
4248, 7, 42, Status.WALL, 0.01
4249, 4, 21, Status.SNAKE, 0.01
4250, 9, 71, Status.SNAKE, 0.01
4251, 9, 71, Status.WALL, 0.01
4252, 11, 86, Status.WALL, 0.01
4253, 12, 81, Status.WALL, 0.01
4254, 7, 44, Status.SNAKE, 0.01
4255, 6, 29, Status.SNAKE, 0.01
4256, 7, 39, Status.SNAKE, 0.01
4257, 10, 55, Status.SNAKE, 0.01
4258, 13, 79, Status.SNAKE, 0.01
4259, 15, 103, Status.SNAKE, 0.01
4260, 11, 59, Status.SNAKE, 0.01
4261, 11, 69, Status.SNAKE, 0.01
4262, 12, 94, Status.SNAKE, 0.01
4263, 11, 75, Status.SNAKE, 0.01
4264, 10, 63, Status.SNAKE, 0.01
4265, 16, 133, Status.SNAKE, 0.01
4266, 8, 57, Status.SNAKE, 0.01
4267, 9, 51, Status.SNAKE, 0.01
4268, 8, 59, Status.SNAKE, 0.01
4269, 10, 83, Status.SNAKE, 0.01
4270, 14, 90, Status.SNAKE, 0.01
4271, 20, 113, Status.SNAKE, 0.01
4272, 5, 42, Status.WALL, 0.01
4273, 5, 36, Status.SNAKE, 0.01
4274, 6, 33, Status.SNAKE, 0.01
4275, 4, 28, Status.WALL, 0.01
4276, 14, 87, Status.SNAKE, 0.01
4277, 17, 116, Status.SNAKE, 0.01
4278, 12, 83, Status.SNAKE, 0.01
4279, 10, 69, Status.SNAKE, 0.01
4280, 1, 3, Status.SNAKE, 0.01
4281, 10, 61, Status.SNAKE, 0.01
4282, 9, 71, Status.SNAKE, 0.01
4283, 11, 98, Status.SNAKE, 0.01
4284, 21, 167, Status.SNAKE, 0.01
4285, 2, 8, Status.WALL, 0.01
4286, 5, 28, Status.SNAKE, 0.01
4287, 11, 81, Status.SNAKE, 0.01
4288, 15, 94, Status.SNAKE, 0.01
4289, 12, 74, Status.SNAKE, 0.01
4290, 17, 126, Status.SNAKE, 0.01
4291, 9, 67, Status.SNAKE, 0.01
4292, 3, 16, Status.WALL, 0.01
4293, 8, 47, Status.SNAKE, 0.01
4294, 12, 89, Status.SNAKE, 0.01
4295, 3, 16, Status.SNAKE, 0.01
4296, 10, 70, Status.SNAKE, 0.01
4297, 11, 67, Status.SNAKE, 0.01
4298, 4, 19, Status.SNAKE, 0.01
4299, 3, 24, Status.SNAKE, 0.01
4300, 4, 26, Status.WALL, 0.01
4301, 8, 70, Status.SNAKE, 0.01
4302, 12, 76, Status.SNAKE, 0.01
4303, 7, 47, Status.SNAKE, 0.01
4304, 7, 48, Status.WALL, 0.01
4305, 8, 39, Status.SNAKE, 0.01
4306, 8, 53, Status.SNAKE, 0.01
4307, 5, 33, Status.SNAKE, 0.01
4308, 8, 70, Status.SNAKE, 0.01
4309, 3, 18, Status.WALL, 0.01
4310, 7, 40, Status.SNAKE, 0.01
4311, 12, 80, Status.SNAKE, 0.01
4312, 11, 70, Status.WALL, 0.01
4313, 6, 49, Status.SNAKE, 0.01
4314, 11, 76, Status.SNAKE, 0.01
4315, 4, 24, Status.SNAKE, 0.01
4316, 17, 122, Status.SNAKE, 0.01
4317, 9, 56, Status.WALL, 0.01
4318, 13, 112, Status.WALL, 0.01
4319, 9, 58, Status.SNAKE, 0.01
4320, 5, 32, Status.SNAKE, 0.01
4321, 10, 56, Status.SNAKE, 0.01
4322, 2, 10, Status.SNAKE, 0.01
4323, 1, 5, Status.SNAKE, 0.01
4324, 7, 46, Status.WALL, 0.01
4325, 12, 102, Status.SNAKE, 0.01
4326, 7, 58, Status.SNAKE, 0.01
4327, 5, 20, Status.SNAKE, 0.01
4328, 11, 69, Status.WALL, 0.01
4329, 10, 63, Status.WALL, 0.01
4330, 5, 31, Status.SNAKE, 0.01
4331, 15, 108, Status.SNAKE, 0.01
4332, 23, 145, Status.SNAKE, 0.01
4333, 7, 45, Status.SNAKE, 0.01
4334, 8, 45, Status.SNAKE, 0.01
4335, 5, 33, Status.SNAKE, 0.01
4336, 1, 5, Status.SNAKE, 0.01
4337, 6, 47, Status.SNAKE, 0.01
4338, 7, 46, Status.SNAKE, 0.01
4339, 1, 3, Status.SNAKE, 0.01
4340, 8, 49, Status.WALL, 0.01
4341, 18, 151, Status.SNAKE, 0.01
4342, 8, 58, Status.SNAKE, 0.01
4343, 5, 30, Status.SNAKE, 0.01
4344, 1, 7, Status.WALL, 0.01
4345, 14, 90, Status.SNAKE, 0.01
4346, 6, 40, Status.WALL, 0.01
4347, 7, 42, Status.SNAKE, 0.01
4348, 16, 131, Status.SNAKE, 0.01
4349, 12, 80, Status.SNAKE, 0.01
4350, 13, 98, Status.WALL, 0.01
4351, 6, 41, Status.WALL, 0.01
4352, 6, 48, Status.SNAKE, 0.01
4353, 5, 45, Status.SNAKE, 0.01
4354, 16, 142, Status.SNAKE, 0.01
4355, 14, 100, Status.WALL, 0.01
4356, 12, 83, Status.SNAKE, 0.01
4357, 5, 34, Status.SNAKE, 0.01
4358, 11, 87, Status.SNAKE, 0.01
4359, 9, 54, Status.SNAKE, 0.01
4360, 1, 3, Status.SNAKE, 0.01
4361, 18, 140, Status.SNAKE, 0.01
4362, 5, 29, Status.SNAKE, 0.01
4363, 11, 78, Status.WALL, 0.01
4364, 1, 5, Status.SNAKE, 0.01
4365, 12, 87, Status.SNAKE, 0.01
4366, 9, 75, Status.SNAKE, 0.01
4367, 12, 97, Status.SNAKE, 0.01
4368, 8, 47, Status.SNAKE, 0.01
4369, 6, 35, Status.WALL, 0.01
4370, 2, 12, Status.WALL, 0.01
4371, 11, 76, Status.SNAKE, 0.01
4372, 9, 82, Status.SNAKE, 0.01
4373, 7, 38, Status.SNAKE, 0.01
4374, 11, 86, Status.SNAKE, 0.01
4375, 3, 27, Status.WALL, 0.01
4376, 8, 62, Status.SNAKE, 0.01
4377, 6, 47, Status.WALL, 0.01
4378, 6, 42, Status.SNAKE, 0.01
4379, 12, 69, Status.SNAKE, 0.01
4380, 13, 85, Status.WALL, 0.01
4381, 10, 85, Status.WALL, 0.01
4382, 3, 21, Status.SNAKE, 0.01
4383, 5, 34, Status.WALL, 0.01
4384, 2, 13, Status.SNAKE, 0.01
4385, 6, 42, Status.WALL, 0.01
4386, 6, 38, Status.WALL, 0.01
4387, 8, 43, Status.SNAKE, 0.01
4388, 2, 11, Status.WALL, 0.01
4389, 4, 10, Status.SNAKE, 0.01
4390, 9, 80, Status.WALL, 0.01
4391, 15, 82, Status.WALL, 0.01
4392, 6, 39, Status.SNAKE, 0.01
4393, 4, 28, Status.SNAKE, 0.01
4394, 8, 72, Status.SNAKE, 0.01
4395, 5, 33, Status.SNAKE, 0.01
4396, 1, 3, Status.SNAKE, 0.01
4397, 10, 74, Status.SNAKE, 0.01
4398, 6, 35, Status.WALL, 0.01
4399, 7, 50, Status.WALL, 0.01
4400, 14, 77, Status.SNAKE, 0.01
4401, 1, 17, Status.SNAKE, 0.01
4402, 10, 74, Status.SNAKE, 0.01
4403, 12, 75, Status.WALL, 0.01
4404, 5, 25, Status.SNAKE, 0.01
4405, 11, 78, Status.SNAKE, 0.01
4406, 6, 68, Status.SNAKE, 0.01
4407, 7, 74, Status.SNAKE, 0.01
4408, 7, 35, Status.SNAKE, 0.01
4409, 11, 57, Status.SNAKE, 0.01
4410, 12, 71, Status.SNAKE, 0.01
4411, 8, 42, Status.WALL, 0.01
4412, 4, 32, Status.WALL, 0.01
4413, 8, 54, Status.SNAKE, 0.01
4414, 11, 94, Status.SNAKE, 0.01
4415, 6, 54, Status.SNAKE, 0.01
4416, 12, 116, Status.SNAKE, 0.01
4417, 11, 69, Status.SNAKE, 0.01
4418, 14, 93, Status.SNAKE, 0.01
4419, 9, 51, Status.SNAKE, 0.01
4420, 11, 78, Status.SNAKE, 0.01
4421, 8, 47, Status.SNAKE, 0.01
4422, 6, 50, Status.SNAKE, 0.01
4423, 8, 42, Status.WALL, 0.01
4424, 8, 76, Status.SNAKE, 0.01
4425, 15, 105, Status.SNAKE, 0.01
4426, 6, 38, Status.SNAKE, 0.01
4427, 18, 115, Status.SNAKE, 0.01
4428, 4, 31, Status.WALL, 0.01
4429, 15, 89, Status.SNAKE, 0.01
4430, 1, 3, Status.SNAKE, 0.01
4431, 10, 81, Status.SNAKE, 0.01
4432, 11, 76, Status.SNAKE, 0.01
4433, 6, 33, Status.WALL, 0.01
4434, 7, 50, Status.SNAKE, 0.01
4435, 5, 32, Status.SNAKE, 0.01
4436, 13, 82, Status.SNAKE, 0.01
4437, 8, 63, Status.SNAKE, 0.01
4438, 14, 113, Status.SNAKE, 0.01
4439, 5, 25, Status.SNAKE, 0.01
4440, 8, 50, Status.WALL, 0.01
4441, 9, 47, Status.SNAKE, 0.01
4442, 13, 104, Status.SNAKE, 0.01
4443, 5, 37, Status.WALL, 0.01
4444, 6, 37, Status.WALL, 0.01
4445, 3, 35, Status.WALL, 0.01
4446, 7, 49, Status.WALL, 0.01
4447, 8, 51, Status.SNAKE, 0.01
4448, 10, 72, Status.SNAKE, 0.01
4449, 10, 64, Status.SNAKE, 0.01
4450, 11, 83, Status.SNAKE, 0.01
4451, 6, 34, Status.WALL, 0.01
4452, 9, 49, Status.WALL, 0.01
4453, 6, 53, Status.WALL, 0.01
4454, 8, 65, Status.SNAKE, 0.01
4455, 6, 39, Status.SNAKE, 0.01
4456, 8, 53, Status.WALL, 0.01
4457, 8, 45, Status.SNAKE, 0.01
4458, 3, 10, Status.SNAKE, 0.01
4459, 8, 55, Status.SNAKE, 0.01
4460, 6, 45, Status.WALL, 0.01
4461, 10, 74, Status.SNAKE, 0.01
4462, 7, 38, Status.SNAKE, 0.01
4463, 20, 148, Status.SNAKE, 0.01
4464, 10, 55, Status.SNAKE, 0.01
4465, 12, 64, Status.SNAKE, 0.01
4466, 11, 53, Status.WALL, 0.01
4467, 16, 116, Status.SNAKE, 0.01
4468, 6, 51, Status.SNAKE, 0.01
4469, 2, 21, Status.WALL, 0.01
4470, 5, 32, Status.SNAKE, 0.01
4471, 4, 39, Status.WALL, 0.01
4472, 5, 30, Status.SNAKE, 0.01
4473, 12, 91, Status.SNAKE, 0.01
4474, 10, 68, Status.WALL, 0.01
4475, 7, 47, Status.SNAKE, 0.01
4476, 11, 80, Status.SNAKE, 0.01
4477, 7, 36, Status.SNAKE, 0.01
4478, 12, 86, Status.SNAKE, 0.01
4479, 6, 33, Status.SNAKE, 0.01
4480, 9, 54, Status.SNAKE, 0.01
4481, 11, 74, Status.SNAKE, 0.01
4482, 13, 98, Status.SNAKE, 0.01
4483, 4, 34, Status.SNAKE, 0.01
4484, 11, 66, Status.SNAKE, 0.01
4485, 11, 82, Status.SNAKE, 0.01
4486, 5, 31, Status.SNAKE, 0.01
4487, 3, 22, Status.WALL, 0.01
4488, 3, 5, Status.SNAKE, 0.01
4489, 16, 113, Status.SNAKE, 0.01
4490, 11, 70, Status.SNAKE, 0.01
4491, 8, 53, Status.SNAKE, 0.01
4492, 18, 105, Status.WALL, 0.01
4493, 2, 24, Status.WALL, 0.01
4494, 9, 46, Status.SNAKE, 0.01
4495, 12, 79, Status.SNAKE, 0.01
4496, 10, 90, Status.SNAKE, 0.01
4497, 12, 97, Status.WALL, 0.01
4498, 9, 68, Status.WALL, 0.01
4499, 8, 50, Status.SNAKE, 0.01
4500, 10, 67, Status.SNAKE, 0.01
4501, 9, 54, Status.SNAKE, 0.01
4502, 11, 78, Status.SNAKE, 0.01
4503, 13, 87, Status.SNAKE, 0.01
4504, 10, 96, Status.SNAKE, 0.01
4505, 9, 64, Status.SNAKE, 0.01
4506, 3, 22, Status.SNAKE, 0.01
4507, 3, 34, Status.WALL, 0.01
4508, 7, 65, Status.SNAKE, 0.01
4509, 3, 21, Status.WALL, 0.01
4510, 11, 70, Status.SNAKE, 0.01
4511, 7, 60, Status.SNAKE, 0.01
4512, 1, 5, Status.WALL, 0.01
4513, 13, 94, Status.WALL, 0.01
4514, 13, 84, Status.SNAKE, 0.01
4515, 4, 52, Status.WALL, 0.01
4516, 11, 69, Status.SNAKE, 0.01
4517, 8, 43, Status.WALL, 0.01
4518, 11, 78, Status.SNAKE, 0.01
4519, 14, 125, Status.WALL, 0.01
4520, 10, 90, Status.WALL, 0.01
4521, 9, 70, Status.SNAKE, 0.01
4522, 2, 16, Status.SNAKE, 0.01
4523, 11, 47, Status.SNAKE, 0.01
4524, 9, 74, Status.SNAKE, 0.01
4525, 5, 36, Status.SNAKE, 0.01
4526, 19, 145, Status.WALL, 0.01
4527, 8, 62, Status.SNAKE, 0.01
4528, 6, 50, Status.SNAKE, 0.01
4529, 15, 103, Status.WALL, 0.01
4530, 6, 33, Status.WALL, 0.01
4531, 7, 37, Status.SNAKE, 0.01
4532, 11, 68, Status.SNAKE, 0.01
4533, 11, 71, Status.SNAKE, 0.01
4534, 17, 120, Status.SNAKE, 0.01
4535, 12, 85, Status.SNAKE, 0.01
4536, 18, 114, Status.SNAKE, 0.01
4537, 9, 58, Status.WALL, 0.01
4538, 9, 52, Status.SNAKE, 0.01
4539, 8, 53, Status.SNAKE, 0.01
4540, 10, 48, Status.SNAKE, 0.01
4541, 5, 39, Status.SNAKE, 0.01
4542, 11, 58, Status.SNAKE, 0.01
4543, 11, 90, Status.SNAKE, 0.01
4544, 11, 90, Status.SNAKE, 0.01
4545, 8, 49, Status.SNAKE, 0.01
4546, 9, 53, Status.SNAKE, 0.01
4547, 7, 47, Status.SNAKE, 0.01
4548, 11, 77, Status.SNAKE, 0.01
4549, 10, 68, Status.SNAKE, 0.01
4550, 6, 32, Status.SNAKE, 0.01
4551, 6, 37, Status.WALL, 0.01
4552, 12, 92, Status.SNAKE, 0.01
4553, 15, 114, Status.SNAKE, 0.01
4554, 3, 18, Status.SNAKE, 0.01
4555, 12, 89, Status.SNAKE, 0.01
4556, 11, 81, Status.SNAKE, 0.01
4557, 8, 52, Status.WALL, 0.01
4558, 10, 82, Status.SNAKE, 0.01
4559, 12, 84, Status.SNAKE, 0.01
4560, 11, 84, Status.SNAKE, 0.01
4561, 7, 45, Status.SNAKE, 0.01
4562, 16, 128, Status.SNAKE, 0.01
4563, 1, 8, Status.WALL, 0.01
4564, 8, 46, Status.SNAKE, 0.01
4565, 10, 59, Status.SNAKE, 0.01
4566, 14, 117, Status.SNAKE, 0.01
4567, 8, 47, Status.SNAKE, 0.01
4568, 7, 43, Status.SNAKE, 0.01
4569, 7, 60, Status.SNAKE, 0.01
4570, 1, 24, Status.WALL, 0.01
4571, 15, 102, Status.SNAKE, 0.01
4572, 4, 20, Status.SNAKE, 0.01
4573, 1, 10, Status.SNAKE, 0.01
4574, 13, 108, Status.WALL, 0.01
4575, 9, 54, Status.WALL, 0.01
4576, 7, 49, Status.WALL, 0.01
4577, 11, 78, Status.SNAKE, 0.01
4578, 17, 114, Status.WALL, 0.01
4579, 14, 84, Status.WALL, 0.01
4580, 10, 82, Status.SNAKE, 0.01
4581, 15, 104, Status.WALL, 0.01
4582, 5, 24, Status.WALL, 0.01
4583, 3, 15, Status.WALL, 0.01
4584, 0, 6, Status.WALL, 0.01
4585, 4, 29, Status.WALL, 0.01
4586, 7, 42, Status.SNAKE, 0.01
4587, 12, 78, Status.SNAKE, 0.01
4588, 6, 27, Status.SNAKE, 0.01
4589, 6, 45, Status.WALL, 0.01
4590, 7, 63, Status.SNAKE, 0.01
4591, 4, 32, Status.SNAKE, 0.01
4592, 6, 41, Status.WALL, 0.01
4593, 11, 59, Status.SNAKE, 0.01
4594, 3, 9, Status.WALL, 0.01
4595, 1, 8, Status.WALL, 0.01
4596, 15, 118, Status.SNAKE, 0.01
4597, 20, 144, Status.SNAKE, 0.01
4598, 1, 3, Status.SNAKE, 0.01
4599, 8, 69, Status.SNAKE, 0.01
4600, 8, 55, Status.SNAKE, 0.01
4601, 1, 5, Status.SNAKE, 0.01
4602, 7, 41, Status.SNAKE, 0.01
4603, 16, 105, Status.SNAKE, 0.01
4604, 11, 88, Status.SNAKE, 0.01
4605, 3, 20, Status.SNAKE, 0.01
4606, 2, 35, Status.WALL, 0.01
4607, 1, 5, Status.SNAKE, 0.01
4608, 5, 32, Status.SNAKE, 0.01
4609, 9, 71, Status.SNAKE, 0.01
4610, 9, 65, Status.WALL, 0.01
4611, 4, 29, Status.WALL, 0.01
4612, 5, 22, Status.SNAKE, 0.01
4613, 20, 141, Status.SNAKE, 0.01
4614, 14, 97, Status.WALL, 0.01
4615, 7, 43, Status.SNAKE, 0.01
4616, 14, 85, Status.WALL, 0.01
4617, 5, 31, Status.SNAKE, 0.01
4618, 4, 18, Status.SNAKE, 0.01
4619, 11, 68, Status.SNAKE, 0.01
4620, 5, 29, Status.SNAKE, 0.01
4621, 8, 58, Status.SNAKE, 0.01
4622, 7, 41, Status.SNAKE, 0.01
4623, 14, 81, Status.SNAKE, 0.01
4624, 2, 14, Status.SNAKE, 0.01
4625, 1, 13, Status.WALL, 0.01
4626, 3, 24, Status.WALL, 0.01
4627, 9, 58, Status.SNAKE, 0.01
4628, 9, 67, Status.SNAKE, 0.01
4629, 11, 59, Status.SNAKE, 0.01
4630, 5, 27, Status.SNAKE, 0.01
4631, 9, 71, Status.SNAKE, 0.01
4632, 10, 64, Status.SNAKE, 0.01
4633, 9, 80, Status.WALL, 0.01
4634, 6, 51, Status.SNAKE, 0.01
4635, 7, 40, Status.SNAKE, 0.01
4636, 7, 51, Status.SNAKE, 0.01
4637, 3, 27, Status.WALL, 0.01
4638, 3, 14, Status.SNAKE, 0.01
4639, 23, 162, Status.SNAKE, 0.01
4640, 9, 74, Status.WALL, 0.01
4641, 8, 57, Status.SNAKE, 0.01
4642, 13, 101, Status.WALL, 0.01
4643, 8, 52, Status.SNAKE, 0.01
4644, 11, 111, Status.SNAKE, 0.01
4645, 2, 10, Status.SNAKE, 0.01
4646, 2, 13, Status.WALL, 0.01
4647, 7, 44, Status.SNAKE, 0.01
4648, 17, 135, Status.SNAKE, 0.01
4649, 6, 58, Status.SNAKE, 0.01
4650, 7, 45, Status.SNAKE, 0.01
4651, 3, 20, Status.WALL, 0.01
4652, 9, 52, Status.SNAKE, 0.01
4653, 11, 58, Status.SNAKE, 0.01
4654, 8, 49, Status.WALL, 0.01
4655, 9, 61, Status.WALL, 0.01
4656, 12, 93, Status.SNAKE, 0.01
4657, 15, 137, Status.WALL, 0.01
4658, 17, 127, Status.SNAKE, 0.01
4659, 10, 83, Status.SNAKE, 0.01
4660, 12, 83, Status.SNAKE, 0.01
4661, 15, 85, Status.SNAKE, 0.01
4662, 17, 111, Status.SNAKE, 0.01
4663, 19, 90, Status.SNAKE, 0.01
4664, 5, 26, Status.WALL, 0.01
4665, 9, 58, Status.SNAKE, 0.01
4666, 11, 77, Status.SNAKE, 0.01
4667, 3, 24, Status.SNAKE, 0.01
4668, 8, 65, Status.WALL, 0.01
4669, 10, 68, Status.SNAKE, 0.01
4670, 6, 37, Status.SNAKE, 0.01
4671, 1, 10, Status.WALL, 0.01
4672, 9, 52, Status.SNAKE, 0.01
4673, 2, 4, Status.SNAKE, 0.01
4674, 9, 66, Status.SNAKE, 0.01
4675, 11, 70, Status.SNAKE, 0.01
4676, 15, 103, Status.SNAKE, 0.01
4677, 4, 45, Status.SNAKE, 0.01
4678, 12, 81, Status.WALL, 0.01
4679, 1, 10, Status.WALL, 0.01
4680, 16, 131, Status.SNAKE, 0.01
4681, 12, 104, Status.WALL, 0.01
4682, 14, 131, Status.WALL, 0.01
4683, 12, 72, Status.WALL, 0.01
4684, 11, 85, Status.SNAKE, 0.01
4685, 7, 48, Status.SNAKE, 0.01
4686, 5, 28, Status.SNAKE, 0.01
4687, 5, 32, Status.SNAKE, 0.01
4688, 14, 101, Status.WALL, 0.01
4689, 9, 52, Status.SNAKE, 0.01
4690, 1, 3, Status.SNAKE, 0.01
4691, 3, 24, Status.WALL, 0.01
4692, 6, 49, Status.SNAKE, 0.01
4693, 17, 125, Status.SNAKE, 0.01
4694, 18, 104, Status.SNAKE, 0.01
4695, 18, 116, Status.SNAKE, 0.01
4696, 8, 56, Status.WALL, 0.01
4697, 3, 12, Status.WALL, 0.01
4698, 12, 97, Status.SNAKE, 0.01
4699, 3, 27, Status.SNAKE, 0.01
4700, 6, 40, Status.SNAKE, 0.01
4701, 12, 102, Status.WALL, 0.01
4702, 5, 24, Status.SNAKE, 0.01
4703, 2, 7, Status.SNAKE, 0.01
4704, 12, 112, Status.SNAKE, 0.01
4705, 18, 137, Status.SNAKE, 0.01
4706, 12, 126, Status.SNAKE, 0.01
4707, 3, 20, Status.SNAKE, 0.01
4708, 2, 10, Status.WALL, 0.01
4709, 9, 75, Status.SNAKE, 0.01
4710, 14, 119, Status.SNAKE, 0.01
4711, 13, 79, Status.SNAKE, 0.01
4712, 9, 61, Status.SNAKE, 0.01
4713, 13, 99, Status.WALL, 0.01
4714, 9, 64, Status.SNAKE, 0.01
4715, 7, 42, Status.SNAKE, 0.01
4716, 11, 62, Status.WALL, 0.01
4717, 0, 8, Status.WALL, 0.01
4718, 9, 64, Status.SNAKE, 0.01
4719, 3, 17, Status.SNAKE, 0.01
4720, 10, 59, Status.SNAKE, 0.01
4721, 8, 60, Status.SNAKE, 0.01
4722, 16, 117, Status.SNAKE, 0.01
4723, 21, 112, Status.SNAKE, 0.01
4724, 2, 21, Status.SNAKE, 0.01
4725, 6, 34, Status.SNAKE, 0.01
4726, 2, 12, Status.SNAKE, 0.01
4727, 7, 42, Status.WALL, 0.01
4728, 6, 33, Status.SNAKE, 0.01
4729, 2, 17, Status.SNAKE, 0.01
4730, 3, 23, Status.SNAKE, 0.01
4731, 13, 83, Status.SNAKE, 0.01
4732, 7, 63, Status.SNAKE, 0.01
4733, 3, 23, Status.SNAKE, 0.01
4734, 5, 35, Status.WALL, 0.01
4735, 15, 117, Status.SNAKE, 0.01
4736, 13, 101, Status.SNAKE, 0.01
4737, 6, 39, Status.SNAKE, 0.01
4738, 6, 40, Status.SNAKE, 0.01
4739, 6, 37, Status.SNAKE, 0.01
4740, 8, 53, Status.SNAKE, 0.01
4741, 6, 62, Status.SNAKE, 0.01
4742, 13, 104, Status.WALL, 0.01
4743, 1, 5, Status.SNAKE, 0.01
4744, 8, 43, Status.SNAKE, 0.01
4745, 9, 73, Status.WALL, 0.01
4746, 6, 29, Status.SNAKE, 0.01
4747, 4, 7, Status.SNAKE, 0.01
4748, 12, 77, Status.WALL, 0.01
4749, 8, 54, Status.WALL, 0.01
4750, 11, 55, Status.SNAKE, 0.01
4751, 12, 82, Status.SNAKE, 0.01
4752, 2, 10, Status.SNAKE, 0.01
4753, 9, 64, Status.WALL, 0.01
4754, 1, 3, Status.SNAKE, 0.01
4755, 9, 58, Status.WALL, 0.01
4756, 8, 45, Status.SNAKE, 0.01
4757, 4, 22, Status.SNAKE, 0.01
4758, 10, 69, Status.SNAKE, 0.01
4759, 11, 51, Status.WALL, 0.01
4760, 7, 36, Status.SNAKE, 0.01
4761, 10, 59, Status.SNAKE, 0.01
4762, 11, 81, Status.WALL, 0.01
4763, 5, 38, Status.SNAKE, 0.01
4764, 12, 81, Status.SNAKE, 0.01
4765, 5, 33, Status.SNAKE, 0.01
4766, 5, 33, Status.SNAKE, 0.01
4767, 15, 98, Status.SNAKE, 0.01
4768, 11, 70, Status.SNAKE, 0.01
4769, 8, 42, Status.WALL, 0.01
4770, 3, 21, Status.SNAKE, 0.01
4771, 5, 39, Status.SNAKE, 0.01
4772, 4, 18, Status.SNAKE, 0.01
4773, 3, 14, Status.SNAKE, 0.01
4774, 9, 62, Status.SNAKE, 0.01
4775, 19, 124, Status.SNAKE, 0.01
4776, 13, 91, Status.SNAKE, 0.01
4777, 12, 69, Status.SNAKE, 0.01
4778, 12, 91, Status.SNAKE, 0.01
4779, 9, 56, Status.SNAKE, 0.01
4780, 10, 73, Status.SNAKE, 0.01
4781, 11, 83, Status.SNAKE, 0.01
4782, 2, 17, Status.SNAKE, 0.01
4783, 8, 59, Status.SNAKE, 0.01
4784, 1, 3, Status.SNAKE, 0.01
4785, 14, 115, Status.SNAKE, 0.01
4786, 14, 100, Status.SNAKE, 0.01
4787, 7, 60, Status.SNAKE, 0.01
4788, 10, 56, Status.WALL, 0.01
4789, 9, 71, Status.SNAKE, 0.01
4790, 10, 72, Status.SNAKE, 0.01
4791, 13, 91, Status.SNAKE, 0.01
4792, 1, 3, Status.SNAKE, 0.01
4793, 11, 63, Status.SNAKE, 0.01
4794, 5, 35, Status.WALL, 0.01
4795, 7, 61, Status.WALL, 0.01
4796, 6, 37, Status.SNAKE, 0.01
4797, 9, 51, Status.SNAKE, 0.01
4798, 8, 38, Status.SNAKE, 0.01
4799, 1, 5, Status.SNAKE, 0.01
4800, 10, 67, Status.SNAKE, 0.01
4801, 1, 5, Status.SNAKE, 0.01
4802, 8, 40, Status.WALL, 0.01
4803, 14, 82, Status.SNAKE, 0.01
4804, 9, 39, Status.SNAKE, 0.01
4805, 8, 42, Status.WALL, 0.01
4806, 9, 53, Status.WALL, 0.01
4807, 1, 10, Status.WALL, 0.01
4808, 11, 65, Status.SNAKE, 0.01
4809, 11, 90, Status.SNAKE, 0.01
4810, 9, 48, Status.SNAKE, 0.01
4811, 9, 53, Status.SNAKE, 0.01
4812, 4, 16, Status.SNAKE, 0.01
4813, 6, 42, Status.WALL, 0.01
4814, 14, 108, Status.SNAKE, 0.01
4815, 1, 10, Status.WALL, 0.01
4816, 9, 95, Status.WALL, 0.01
4817, 7, 49, Status.SNAKE, 0.01
4818, 1, 5, Status.SNAKE, 0.01
4819, 12, 84, Status.SNAKE, 0.01
4820, 12, 71, Status.SNAKE, 0.01
4821, 14, 107, Status.SNAKE, 0.01
4822, 8, 38, Status.SNAKE, 0.01
4823, 2, 22, Status.WALL, 0.01
4824, 2, 19, Status.SNAKE, 0.01
4825, 9, 52, Status.SNAKE, 0.01
4826, 14, 72, Status.SNAKE, 0.01
4827, 5, 29, Status.SNAKE, 0.01
4828, 17, 119, Status.SNAKE, 0.01
4829, 7, 36, Status.SNAKE, 0.01
4830, 12, 106, Status.SNAKE, 0.01
4831, 13, 87, Status.SNAKE, 0.01
4832, 1, 8, Status.WALL, 0.01
4833, 9, 51, Status.SNAKE, 0.01
4834, 18, 114, Status.SNAKE, 0.01
4835, 2, 18, Status.SNAKE, 0.01
4836, 2, 16, Status.SNAKE, 0.01
4837, 11, 62, Status.SNAKE, 0.01
4838, 5, 43, Status.WALL, 0.01
4839, 1, 7, Status.SNAKE, 0.01
4840, 2, 14, Status.SNAKE, 0.01
4841, 5, 36, Status.WALL, 0.01
4842, 3, 16, Status.SNAKE, 0.01
4843, 10, 66, Status.SNAKE, 0.01
4844, 10, 64, Status.SNAKE, 0.01
4845, 10, 107, Status.SNAKE, 0.01
4846, 9, 54, Status.SNAKE, 0.01
4847, 15, 115, Status.SNAKE, 0.01
4848, 6, 43, Status.WALL, 0.01
4849, 6, 30, Status.SNAKE, 0.01
4850, 8, 46, Status.SNAKE, 0.01
4851, 7, 68, Status.SNAKE, 0.01
4852, 9, 51, Status.SNAKE, 0.01
4853, 8, 48, Status.WALL, 0.01
4854, 8, 42, Status.SNAKE, 0.01
4855, 5, 24, Status.SNAKE, 0.01
4856, 12, 77, Status.SNAKE, 0.01
4857, 1, 3, Status.SNAKE, 0.01
4858, 9, 55, Status.SNAKE, 0.01
4859, 5, 21, Status.SNAKE, 0.01
4860, 5, 24, Status.SNAKE, 0.01
4861, 11, 77, Status.SNAKE, 0.01
4862, 12, 69, Status.SNAKE, 0.01
4863, 9, 62, Status.SNAKE, 0.01
4864, 5, 40, Status.SNAKE, 0.01
4865, 7, 51, Status.SNAKE, 0.01
4866, 12, 75, Status.WALL, 0.01
4867, 3, 13, Status.SNAKE, 0.01
4868, 17, 104, Status.WALL, 0.01
4869, 15, 109, Status.SNAKE, 0.01
4870, 14, 108, Status.SNAKE, 0.01
4871, 11, 89, Status.SNAKE, 0.01
4872, 13, 85, Status.SNAKE, 0.01
4873, 12, 69, Status.SNAKE, 0.01
4874, 12, 101, Status.SNAKE, 0.01
4875, 5, 33, Status.SNAKE, 0.01
4876, 13, 109, Status.WALL, 0.01
4877, 13, 74, Status.SNAKE, 0.01
4878, 5, 45, Status.SNAKE, 0.01
4879, 8, 56, Status.WALL, 0.01
4880, 5, 27, Status.SNAKE, 0.01
4881, 6, 36, Status.WALL, 0.01
4882, 10, 62, Status.SNAKE, 0.01
4883, 5, 33, Status.SNAKE, 0.01
4884, 2, 13, Status.SNAKE, 0.01
4885, 12, 77, Status.SNAKE, 0.01
4886, 10, 51, Status.SNAKE, 0.01
4887, 11, 69, Status.SNAKE, 0.01
4888, 9, 57, Status.SNAKE, 0.01
4889, 2, 19, Status.SNAKE, 0.01
4890, 20, 178, Status.SNAKE, 0.01
4891, 13, 86, Status.SNAKE, 0.01
4892, 3, 13, Status.SNAKE, 0.01
4893, 13, 106, Status.WALL, 0.01
4894, 1, 8, Status.WALL, 0.01
4895, 18, 155, Status.SNAKE, 0.01
4896, 8, 63, Status.WALL, 0.01
4897, 6, 34, Status.SNAKE, 0.01
4898, 11, 85, Status.SNAKE, 0.01
4899, 10, 50, Status.SNAKE, 0.01
4900, 5, 33, Status.SNAKE, 0.01
4901, 4, 26, Status.WALL, 0.01
4902, 1, 5, Status.SNAKE, 0.01
4903, 9, 58, Status.SNAKE, 0.01
4904, 11, 80, Status.SNAKE, 0.01
4905, 4, 22, Status.WALL, 0.01
4906, 11, 58, Status.SNAKE, 0.01
4907, 10, 72, Status.SNAKE, 0.01
4908, 1, 10, Status.WALL, 0.01
4909, 1, 13, Status.WALL, 0.01
4910, 10, 73, Status.SNAKE, 0.01
4911, 6, 34, Status.SNAKE, 0.01
4912, 7, 45, Status.SNAKE, 0.01
4913, 8, 51, Status.SNAKE, 0.01
4914, 11, 55, Status.SNAKE, 0.01
4915, 6, 42, Status.SNAKE, 0.01
4916, 5, 19, Status.SNAKE, 0.01
4917, 6, 29, Status.SNAKE, 0.01
4918, 9, 59, Status.SNAKE, 0.01
4919, 11, 87, Status.SNAKE, 0.01
4920, 6, 30, Status.SNAKE, 0.01
4921, 5, 43, Status.WALL, 0.01
4922, 2, 18, Status.WALL, 0.01
4923, 7, 40, Status.WALL, 0.01
4924, 9, 52, Status.SNAKE, 0.01
4925, 14, 97, Status.SNAKE, 0.01
4926, 2, 7, Status.SNAKE, 0.01
4927, 12, 95, Status.SNAKE, 0.01
4928, 3, 14, Status.SNAKE, 0.01
4929, 13, 76, Status.SNAKE, 0.01
4930, 9, 53, Status.SNAKE, 0.01
4931, 2, 4, Status.SNAKE, 0.01
4932, 8, 50, Status.SNAKE, 0.01
4933, 11, 76, Status.SNAKE, 0.01
4934, 5, 31, Status.SNAKE, 0.01
4935, 13, 101, Status.SNAKE, 0.01
4936, 8, 58, Status.SNAKE, 0.01
4937, 7, 38, Status.SNAKE, 0.01
4938, 6, 40, Status.WALL, 0.01
4939, 12, 68, Status.WALL, 0.01
4940, 4, 27, Status.SNAKE, 0.01
4941, 7, 33, Status.SNAKE, 0.01
4942, 8, 57, Status.SNAKE, 0.01
4943, 3, 16, Status.WALL, 0.01
4944, 6, 46, Status.SNAKE, 0.01
4945, 9, 52, Status.SNAKE, 0.01
4946, 5, 29, Status.SNAKE, 0.01
4947, 11, 81, Status.SNAKE, 0.01
4948, 9, 60, Status.SNAKE, 0.01
4949, 6, 47, Status.WALL, 0.01
4950, 21, 121, Status.SNAKE, 0.01
4951, 7, 44, Status.SNAKE, 0.01
4952, 8, 62, Status.WALL, 0.01
4953, 1, 3, Status.SNAKE, 0.01
4954, 14, 124, Status.SNAKE, 0.01
4955, 15, 80, Status.SNAKE, 0.01
4956, 4, 29, Status.WALL, 0.01
4957, 14, 81, Status.SNAKE, 0.01
4958, 15, 109, Status.SNAKE, 0.01
4959, 12, 73, Status.SNAKE, 0.01
4960, 10, 72, Status.SNAKE, 0.01
4961, 17, 143, Status.SNAKE, 0.01
4962, 5, 43, Status.SNAKE, 0.01
4963, 12, 80, Status.WALL, 0.01
4964, 13, 110, Status.SNAKE, 0.01
4965, 2, 9, Status.WALL, 0.01
4966, 10, 56, Status.SNAKE, 0.01
4967, 0, 7, Status.WALL, 0.01
4968, 14, 113, Status.SNAKE, 0.01
4969, 9, 65, Status.SNAKE, 0.01
4970, 4, 27, Status.SNAKE, 0.01
4971, 5, 34, Status.SNAKE, 0.01
4972, 7, 51, Status.SNAKE, 0.01
4973, 13, 79, Status.WALL, 0.01
4974, 6, 37, Status.WALL, 0.01
4975, 10, 66, Status.WALL, 0.01
4976, 9, 57, Status.SNAKE, 0.01
4977, 10, 71, Status.SNAKE, 0.01
4978, 9, 63, Status.SNAKE, 0.01
4979, 6, 41, Status.SNAKE, 0.01
4980, 17, 137, Status.SNAKE, 0.01
4981, 8, 49, Status.SNAKE, 0.01
4982, 10, 91, Status.WALL, 0.01
4983, 14, 99, Status.SNAKE, 0.01
4984, 15, 104, Status.SNAKE, 0.01
4985, 13, 93, Status.WALL, 0.01
4986, 7, 61, Status.WALL, 0.01
4987, 14, 125, Status.SNAKE, 0.01
4988, 12, 84, Status.SNAKE, 0.01
4989, 4, 20, Status.SNAKE, 0.01
4990, 18, 110, Status.SNAKE, 0.01
4991, 3, 18, Status.SNAKE, 0.01
4992, 3, 23, Status.SNAKE, 0.01
4993, 5, 30, Status.WALL, 0.01
4994, 8, 47, Status.SNAKE, 0.01
4995, 7, 49, Status.WALL, 0.01
4996, 2, 16, Status.SNAKE, 0.01
4997, 11, 93, Status.SNAKE, 0.01
4998, 9, 53, Status.SNAKE, 0.01
4999, 8, 56, Status.SNAKE, 0.01
5000, 11, 111, Status.SNAKE, 0.01
5001, 11, 80, Status.SNAKE, 0.01
5002, 8, 52, Status.SNAKE, 0.01
5003, 7, 36, Status.SNAKE, 0.01
5004, 8, 44, Status.WALL, 0.01
5005, 6, 48, Status.SNAKE, 0.01
5006, 11, 78, Status.SNAKE, 0.01
5007, 6, 48, Status.SNAKE, 0.01
5008, 17, 113, Status.SNAKE, 0.01
5009, 7, 43, Status.SNAKE, 0.01
5010, 7, 50, Status.SNAKE, 0.01
5011, 3, 22, Status.SNAKE, 0.01
5012, 3, 16, Status.WALL, 0.01
5013, 8, 50, Status.SNAKE, 0.01
5014, 14, 103, Status.SNAKE, 0.01
5015, 3, 17, Status.SNAKE, 0.01
5016, 14, 123, Status.SNAKE, 0.01
5017, 9, 53, Status.WALL, 0.01
5018, 13, 63, Status.SNAKE, 0.01
5019, 9, 59, Status.SNAKE, 0.01
5020, 3, 21, Status.WALL, 0.01
5021, 13, 85, Status.SNAKE, 0.01
5022, 3, 26, Status.SNAKE, 0.01
5023, 12, 80, Status.SNAKE, 0.01
5024, 5, 32, Status.SNAKE, 0.01
5025, 15, 96, Status.SNAKE, 0.01
5026, 6, 45, Status.SNAKE, 0.01
5027, 13, 63, Status.SNAKE, 0.01
5028, 9, 80, Status.SNAKE, 0.01
5029, 10, 65, Status.WALL, 0.01
5030, 12, 83, Status.SNAKE, 0.01
5031, 8, 50, Status.SNAKE, 0.01
5032, 11, 73, Status.SNAKE, 0.01
5033, 9, 66, Status.WALL, 0.01
5034, 6, 36, Status.SNAKE, 0.01
5035, 3, 20, Status.SNAKE, 0.01
5036, 9, 53, Status.WALL, 0.01
5037, 7, 44, Status.WALL, 0.01
5038, 10, 64, Status.SNAKE, 0.01
5039, 8, 53, Status.SNAKE, 0.01
5040, 14, 81, Status.WALL, 0.01
5041, 6, 40, Status.SNAKE, 0.01
5042, 10, 50, Status.SNAKE, 0.01
5043, 5, 28, Status.WALL, 0.01
5044, 13, 82, Status.SNAKE, 0.01
5045, 10, 82, Status.WALL, 0.01
5046, 2, 15, Status.SNAKE, 0.01
5047, 4, 23, Status.WALL, 0.01
5048, 9, 63, Status.SNAKE, 0.01
5049, 0, 6, Status.WALL, 0.01
5050, 9, 74, Status.SNAKE, 0.01
5051, 6, 37, Status.WALL, 0.01
5052, 15, 90, Status.SNAKE, 0.01
5053, 11, 65, Status.SNAKE, 0.01
5054, 7, 45, Status.SNAKE, 0.01
5055, 5, 22, Status.SNAKE, 0.01
5056, 11, 75, Status.SNAKE, 0.01
5057, 6, 43, Status.WALL, 0.01
5058, 1, 3, Status.SNAKE, 0.01
5059, 11, 64, Status.SNAKE, 0.01
5060, 6, 41, Status.SNAKE, 0.01
5061, 13, 96, Status.SNAKE, 0.01
5062, 12, 104, Status.WALL, 0.01
5063, 0, 7, Status.WALL, 0.01
5064, 11, 78, Status.SNAKE, 0.01
5065, 9, 51, Status.WALL, 0.01
5066, 6, 51, Status.SNAKE, 0.01
5067, 9, 50, Status.SNAKE, 0.01
5068, 13, 70, Status.SNAKE, 0.01
5069, 6, 44, Status.WALL, 0.01
5070, 8, 58, Status.WALL, 0.01
5071, 5, 27, Status.SNAKE, 0.01
5072, 12, 67, Status.SNAKE, 0.01
5073, 4, 17, Status.SNAKE, 0.01
5074, 9, 68, Status.SNAKE, 0.01
5075, 10, 82, Status.SNAKE, 0.01
5076, 19, 138, Status.SNAKE, 0.01
5077, 2, 14, Status.WALL, 0.01
5078, 14, 104, Status.WALL, 0.01
5079, 5, 32, Status.SNAKE, 0.01
5080, 5, 27, Status.SNAKE, 0.01
5081, 7, 49, Status.SNAKE, 0.01
5082, 4, 12, Status.SNAKE, 0.01
5083, 6, 55, Status.SNAKE, 0.01
5084, 6, 42, Status.SNAKE, 0.01
5085, 10, 69, Status.SNAKE, 0.01
5086, 4, 35, Status.WALL, 0.01
5087, 13, 90, Status.SNAKE, 0.01
5088, 18, 122, Status.SNAKE, 0.01
5089, 5, 34, Status.SNAKE, 0.01
5090, 13, 77, Status.SNAKE, 0.01
5091, 3, 12, Status.SNAKE, 0.01
5092, 7, 52, Status.WALL, 0.01
5093, 6, 21, Status.SNAKE, 0.01
5094, 10, 50, Status.SNAKE, 0.01
5095, 15, 85, Status.SNAKE, 0.01
5096, 16, 143, Status.SNAKE, 0.01
5097, 17, 128, Status.SNAKE, 0.01
5098, 3, 19, Status.SNAKE, 0.01
5099, 1, 15, Status.WALL, 0.01
5100, 4, 38, Status.WALL, 0.01
5101, 7, 65, Status.SNAKE, 0.01
5102, 14, 87, Status.WALL, 0.01
5103, 15, 107, Status.SNAKE, 0.01
5104, 5, 29, Status.SNAKE, 0.01
5105, 8, 65, Status.SNAKE, 0.01
5106, 5, 20, Status.SNAKE, 0.01
5107, 10, 52, Status.SNAKE, 0.01
5108, 7, 55, Status.SNAKE, 0.01
5109, 2, 10, Status.SNAKE, 0.01
5110, 5, 28, Status.SNAKE, 0.01
5111, 8, 64, Status.SNAKE, 0.01
5112, 7, 40, Status.SNAKE, 0.01
5113, 15, 123, Status.WALL, 0.01
5114, 12, 92, Status.SNAKE, 0.01
5115, 4, 30, Status.SNAKE, 0.01
5116, 19, 98, Status.SNAKE, 0.01
5117, 15, 109, Status.SNAKE, 0.01
5118, 9, 66, Status.SNAKE, 0.01
5119, 1, 3, Status.SNAKE, 0.01
5120, 10, 82, Status.SNAKE, 0.01
5121, 12, 87, Status.SNAKE, 0.01
5122, 8, 60, Status.SNAKE, 0.01
5123, 9, 63, Status.SNAKE, 0.01
5124, 10, 84, Status.SNAKE, 0.01
5125, 6, 43, Status.SNAKE, 0.01
5126, 16, 109, Status.SNAKE, 0.01
5127, 13, 124, Status.SNAKE, 0.01
5128, 5, 32, Status.WALL, 0.01
5129, 11, 87, Status.WALL, 0.01
5130, 8, 70, Status.SNAKE, 0.01
5131, 9, 74, Status.SNAKE, 0.01
5132, 15, 114, Status.SNAKE, 0.01
5133, 16, 126, Status.SNAKE, 0.01
5134, 5, 25, Status.WALL, 0.01
5135, 4, 29, Status.SNAKE, 0.01
5136, 10, 78, Status.SNAKE, 0.01
5137, 7, 54, Status.SNAKE, 0.01
5138, 3, 31, Status.WALL, 0.01
5139, 5, 34, Status.WALL, 0.01
5140, 10, 74, Status.SNAKE, 0.01
5141, 16, 134, Status.SNAKE, 0.01
5142, 18, 123, Status.SNAKE, 0.01
5143, 10, 78, Status.WALL, 0.01
5144, 12, 74, Status.SNAKE, 0.01
5145, 9, 62, Status.SNAKE, 0.01
5146, 14, 109, Status.SNAKE, 0.01
5147, 2, 14, Status.SNAKE, 0.01
5148, 17, 131, Status.SNAKE, 0.01
5149, 8, 68, Status.SNAKE, 0.01
5150, 9, 52, Status.SNAKE, 0.01
5151, 10, 67, Status.SNAKE, 0.01
5152, 6, 38, Status.WALL, 0.01
5153, 13, 89, Status.SNAKE, 0.01
5154, 11, 83, Status.SNAKE, 0.01
5155, 8, 36, Status.SNAKE, 0.01
5156, 0, 7, Status.WALL, 0.01
5157, 16, 115, Status.SNAKE, 0.01
5158, 12, 111, Status.WALL, 0.01
5159, 9, 69, Status.SNAKE, 0.01
5160, 11, 70, Status.SNAKE, 0.01
5161, 16, 106, Status.WALL, 0.01
5162, 5, 23, Status.SNAKE, 0.01
5163, 11, 72, Status.SNAKE, 0.01
5164, 6, 55, Status.SNAKE, 0.01
5165, 8, 56, Status.SNAKE, 0.01
5166, 3, 26, Status.SNAKE, 0.01
5167, 7, 66, Status.SNAKE, 0.01
5168, 8, 46, Status.SNAKE, 0.01
5169, 2, 16, Status.SNAKE, 0.01
5170, 12, 108, Status.SNAKE, 0.01
5171, 4, 19, Status.WALL, 0.01
5172, 7, 44, Status.SNAKE, 0.01
5173, 6, 51, Status.WALL, 0.01
5174, 12, 87, Status.WALL, 0.01
5175, 13, 117, Status.SNAKE, 0.01
5176, 14, 96, Status.SNAKE, 0.01
5177, 14, 100, Status.SNAKE, 0.01
5178, 11, 79, Status.SNAKE, 0.01
5179, 14, 108, Status.SNAKE, 0.01
5180, 5, 26, Status.SNAKE, 0.01
5181, 12, 82, Status.SNAKE, 0.01
5182, 9, 73, Status.SNAKE, 0.01
5183, 14, 89, Status.SNAKE, 0.01
5184, 8, 50, Status.SNAKE, 0.01
5185, 15, 115, Status.SNAKE, 0.01
5186, 16, 103, Status.SNAKE, 0.01
5187, 7, 54, Status.SNAKE, 0.01
5188, 12, 88, Status.SNAKE, 0.01
5189, 10, 75, Status.SNAKE, 0.01
5190, 2, 11, Status.WALL, 0.01
5191, 11, 65, Status.SNAKE, 0.01
5192, 6, 35, Status.SNAKE, 0.01
5193, 13, 90, Status.SNAKE, 0.01
5194, 2, 10, Status.WALL, 0.01
5195, 13, 112, Status.SNAKE, 0.01
5196, 3, 21, Status.WALL, 0.01
5197, 2, 20, Status.SNAKE, 0.01
5198, 8, 67, Status.SNAKE, 0.01
5199, 3, 10, Status.SNAKE, 0.01
5200, 2, 13, Status.SNAKE, 0.01
5201, 11, 97, Status.WALL, 0.01
5202, 10, 59, Status.SNAKE, 0.01
5203, 5, 25, Status.SNAKE, 0.01
5204, 12, 93, Status.SNAKE, 0.01
5205, 1, 3, Status.SNAKE, 0.01
5206, 4, 30, Status.WALL, 0.01
5207, 2, 28, Status.WALL, 0.01
5208, 7, 51, Status.SNAKE, 0.01
5209, 12, 105, Status.SNAKE, 0.01
5210, 6, 46, Status.SNAKE, 0.01
5211, 3, 17, Status.WALL, 0.01
5212, 13, 69, Status.SNAKE, 0.01
5213, 8, 46, Status.SNAKE, 0.01
5214, 7, 60, Status.SNAKE, 0.01
5215, 12, 82, Status.WALL, 0.01
5216, 11, 80, Status.SNAKE, 0.01
5217, 1, 22, Status.WALL, 0.01
5218, 9, 66, Status.SNAKE, 0.01
5219, 13, 82, Status.SNAKE, 0.01
5220, 9, 79, Status.WALL, 0.01
5221, 11, 66, Status.SNAKE, 0.01
5222, 7, 38, Status.WALL, 0.01
5223, 22, 143, Status.SNAKE, 0.01
5224, 13, 84, Status.SNAKE, 0.01
5225, 3, 38, Status.SNAKE, 0.01
5226, 15, 107, Status.SNAKE, 0.01
5227, 8, 56, Status.SNAKE, 0.01
5228, 9, 49, Status.SNAKE, 0.01
5229, 16, 105, Status.WALL, 0.01
5230, 5, 38, Status.SNAKE, 0.01
5231, 12, 85, Status.SNAKE, 0.01
5232, 12, 90, Status.SNAKE, 0.01
5233, 5, 35, Status.SNAKE, 0.01
5234, 12, 77, Status.SNAKE, 0.01
5235, 11, 69, Status.SNAKE, 0.01
5236, 10, 72, Status.SNAKE, 0.01
5237, 2, 6, Status.SNAKE, 0.01
5238, 10, 63, Status.SNAKE, 0.01
5239, 5, 37, Status.SNAKE, 0.01
5240, 7, 35, Status.SNAKE, 0.01
5241, 7, 57, Status.SNAKE, 0.01
5242, 6, 39, Status.SNAKE, 0.01
5243, 7, 50, Status.SNAKE, 0.01
5244, 5, 30, Status.SNAKE, 0.01
5245, 14, 109, Status.WALL, 0.01
5246, 11, 71, Status.SNAKE, 0.01
5247, 14, 93, Status.SNAKE, 0.01
5248, 8, 63, Status.SNAKE, 0.01
5249, 9, 72, Status.SNAKE, 0.01
5250, 13, 72, Status.SNAKE, 0.01
5251, 7, 45, Status.WALL, 0.01
5252, 18, 124, Status.SNAKE, 0.01
5253, 14, 118, Status.SNAKE, 0.01
5254, 8, 47, Status.SNAKE, 0.01
5255, 13, 85, Status.SNAKE, 0.01
5256, 3, 10, Status.SNAKE, 0.01
5257, 11, 81, Status.SNAKE, 0.01
5258, 10, 53, Status.SNAKE, 0.01
5259, 9, 38, Status.SNAKE, 0.01
5260, 11, 63, Status.SNAKE, 0.01
5261, 9, 74, Status.SNAKE, 0.01
5262, 1, 11, Status.WALL, 0.01
5263, 16, 128, Status.WALL, 0.01
5264, 17, 104, Status.SNAKE, 0.01
5265, 10, 89, Status.SNAKE, 0.01
5266, 11, 75, Status.SNAKE, 0.01
5267, 4, 33, Status.WALL, 0.01
5268, 14, 90, Status.SNAKE, 0.01
5269, 19, 104, Status.SNAKE, 0.01
5270, 15, 100, Status.SNAKE, 0.01
5271, 3, 14, Status.SNAKE, 0.01
5272, 18, 137, Status.SNAKE, 0.01
5273, 9, 73, Status.SNAKE, 0.01
5274, 13, 122, Status.SNAKE, 0.01
5275, 9, 52, Status.SNAKE, 0.01
5276, 9, 72, Status.SNAKE, 0.01
5277, 15, 92, Status.SNAKE, 0.01
5278, 1, 5, Status.SNAKE, 0.01
5279, 12, 80, Status.WALL, 0.01
5280, 13, 90, Status.SNAKE, 0.01
5281, 12, 71, Status.WALL, 0.01
5282, 14, 99, Status.SNAKE, 0.01
5283, 10, 67, Status.SNAKE, 0.01
5284, 10, 62, Status.WALL, 0.01
5285, 3, 17, Status.SNAKE, 0.01
5286, 15, 84, Status.SNAKE, 0.01
5287, 6, 42, Status.SNAKE, 0.01
5288, 7, 49, Status.SNAKE, 0.01
5289, 10, 63, Status.SNAKE, 0.01
5290, 1, 10, Status.SNAKE, 0.01
5291, 8, 76, Status.SNAKE, 0.01
5292, 6, 42, Status.SNAKE, 0.01
5293, 7, 60, Status.SNAKE, 0.01
5294, 9, 69, Status.SNAKE, 0.01
5295, 5, 27, Status.SNAKE, 0.01
5296, 9, 57, Status.SNAKE, 0.01
5297, 19, 126, Status.SNAKE, 0.01
5298, 6, 37, Status.SNAKE, 0.01
5299, 11, 72, Status.SNAKE, 0.01
5300, 11, 77, Status.SNAKE, 0.01
5301, 13, 102, Status.SNAKE, 0.01
5302, 15, 99, Status.WALL, 0.01
5303, 13, 88, Status.SNAKE, 0.01
5304, 11, 72, Status.SNAKE, 0.01
5305, 5, 21, Status.WALL, 0.01
5306, 10, 87, Status.SNAKE, 0.01
5307, 9, 37, Status.SNAKE, 0.01
5308, 8, 57, Status.SNAKE, 0.01
5309, 6, 38, Status.WALL, 0.01
5310, 7, 29, Status.SNAKE, 0.01
5311, 9, 60, Status.SNAKE, 0.01
5312, 9, 51, Status.SNAKE, 0.01
5313, 0, 7, Status.WALL, 0.01
5314, 8, 78, Status.SNAKE, 0.01
5315, 13, 80, Status.SNAKE, 0.01
5316, 3, 25, Status.SNAKE, 0.01
5317, 15, 112, Status.WALL, 0.01
5318, 9, 66, Status.SNAKE, 0.01
5319, 15, 90, Status.SNAKE, 0.01
5320, 7, 36, Status.SNAKE, 0.01
5321, 9, 51, Status.SNAKE, 0.01
5322, 10, 67, Status.SNAKE, 0.01
5323, 16, 129, Status.SNAKE, 0.01
5324, 7, 57, Status.SNAKE, 0.01
5325, 15, 98, Status.SNAKE, 0.01
5326, 11, 78, Status.SNAKE, 0.01
5327, 4, 22, Status.SNAKE, 0.01
5328, 11, 76, Status.SNAKE, 0.01
5329, 11, 86, Status.WALL, 0.01
5330, 10, 82, Status.SNAKE, 0.01
5331, 4, 23, Status.SNAKE, 0.01
5332, 17, 137, Status.SNAKE, 0.01
5333, 5, 33, Status.WALL, 0.01
5334, 12, 115, Status.SNAKE, 0.01
5335, 9, 81, Status.SNAKE, 0.01
5336, 1, 7, Status.SNAKE, 0.01
5337, 1, 13, Status.WALL, 0.01
5338, 3, 34, Status.SNAKE, 0.01
5339, 5, 37, Status.SNAKE, 0.01
5340, 4, 18, Status.WALL, 0.01
5341, 13, 85, Status.SNAKE, 0.01
5342, 14, 106, Status.SNAKE, 0.01
5343, 24, 154, Status.SNAKE, 0.01
5344, 15, 92, Status.SNAKE, 0.01
5345, 5, 26, Status.SNAKE, 0.01
5346, 1, 17, Status.WALL, 0.01
5347, 2, 14, Status.SNAKE, 0.01
5348, 9, 59, Status.SNAKE, 0.01
5349, 5, 40, Status.SNAKE, 0.01
5350, 8, 45, Status.SNAKE, 0.01
5351, 5, 21, Status.SNAKE, 0.01
5352, 11, 59, Status.SNAKE, 0.01
5353, 9, 52, Status.SNAKE, 0.01
5354, 15, 102, Status.WALL, 0.01
5355, 19, 163, Status.SNAKE, 0.01
5356, 4, 18, Status.WALL, 0.01
5357, 4, 31, Status.SNAKE, 0.01
5358, 12, 108, Status.SNAKE, 0.01
5359, 9, 55, Status.SNAKE, 0.01
5360, 3, 24, Status.WALL, 0.01
5361, 12, 79, Status.SNAKE, 0.01
5362, 14, 107, Status.SNAKE, 0.01
5363, 11, 71, Status.SNAKE, 0.01
5364, 7, 43, Status.SNAKE, 0.01
5365, 10, 66, Status.SNAKE, 0.01
5366, 7, 58, Status.SNAKE, 0.01
5367, 11, 72, Status.SNAKE, 0.01
5368, 8, 52, Status.SNAKE, 0.01
5369, 8, 35, Status.SNAKE, 0.01
5370, 11, 80, Status.SNAKE, 0.01
5371, 4, 30, Status.SNAKE, 0.01
5372, 10, 79, Status.WALL, 0.01
5373, 6, 51, Status.SNAKE, 0.01
5374, 12, 99, Status.SNAKE, 0.01
5375, 2, 17, Status.WALL, 0.01
5376, 10, 59, Status.SNAKE, 0.01
5377, 19, 140, Status.WALL, 0.01
5378, 8, 52, Status.SNAKE, 0.01
5379, 6, 30, Status.SNAKE, 0.01
5380, 3, 21, Status.SNAKE, 0.01
5381, 15, 103, Status.SNAKE, 0.01
5382, 17, 142, Status.WALL, 0.01
5383, 4, 27, Status.SNAKE, 0.01
5384, 7, 34, Status.SNAKE, 0.01
5385, 8, 63, Status.WALL, 0.01
5386, 13, 89, Status.SNAKE, 0.01
5387, 10, 76, Status.SNAKE, 0.01
5388, 20, 137, Status.WALL, 0.01
5389, 12, 85, Status.SNAKE, 0.01
5390, 7, 42, Status.WALL, 0.01
5391, 5, 39, Status.SNAKE, 0.01
5392, 9, 70, Status.WALL, 0.01
5393, 13, 114, Status.SNAKE, 0.01
5394, 10, 64, Status.SNAKE, 0.01
5395, 10, 72, Status.SNAKE, 0.01
5396, 9, 52, Status.SNAKE, 0.01
5397, 13, 65, Status.WALL, 0.01
5398, 13, 94, Status.SNAKE, 0.01
5399, 1, 3, Status.SNAKE, 0.01
5400, 5, 26, Status.WALL, 0.01
5401, 12, 95, Status.WALL, 0.01
5402, 12, 103, Status.SNAKE, 0.01
5403, 5, 37, Status.WALL, 0.01
5404, 15, 117, Status.SNAKE, 0.01
5405, 1, 8, Status.WALL, 0.01
5406, 10, 66, Status.SNAKE, 0.01
5407, 11, 91, Status.SNAKE, 0.01
5408, 13, 93, Status.SNAKE, 0.01
5409, 10, 76, Status.WALL, 0.01
5410, 4, 19, Status.SNAKE, 0.01
5411, 5, 38, Status.WALL, 0.01
5412, 10, 74, Status.WALL, 0.01
5413, 10, 78, Status.SNAKE, 0.01
5414, 10, 65, Status.SNAKE, 0.01
5415, 5, 28, Status.SNAKE, 0.01
5416, 10, 63, Status.WALL, 0.01
5417, 3, 17, Status.SNAKE, 0.01
5418, 1, 3, Status.SNAKE, 0.01
5419, 7, 53, Status.SNAKE, 0.01
5420, 6, 58, Status.WALL, 0.01
5421, 1, 3, Status.SNAKE, 0.01
5422, 7, 45, Status.SNAKE, 0.01
5423, 9, 73, Status.WALL, 0.01
5424, 14, 100, Status.SNAKE, 0.01
5425, 11, 67, Status.SNAKE, 0.01
5426, 11, 100, Status.WALL, 0.01
5427, 19, 133, Status.SNAKE, 0.01
5428, 5, 31, Status.SNAKE, 0.01
5429, 16, 142, Status.SNAKE, 0.01
5430, 9, 54, Status.SNAKE, 0.01
5431, 10, 60, Status.SNAKE, 0.01
5432, 7, 50, Status.SNAKE, 0.01
5433, 15, 132, Status.SNAKE, 0.01
5434, 16, 98, Status.SNAKE, 0.01
5435, 13, 102, Status.SNAKE, 0.01
5436, 12, 81, Status.SNAKE, 0.01
5437, 9, 53, Status.SNAKE, 0.01
5438, 2, 13, Status.WALL, 0.01
5439, 9, 64, Status.SNAKE, 0.01
5440, 9, 64, Status.SNAKE, 0.01
5441, 6, 34, Status.WALL, 0.01
5442, 13, 60, Status.SNAKE, 0.01
5443, 3, 21, Status.WALL, 0.01
5444, 1, 15, Status.SNAKE, 0.01
5445, 13, 89, Status.SNAKE, 0.01
5446, 2, 14, Status.WALL, 0.01
5447, 3, 28, Status.SNAKE, 0.01
5448, 9, 47, Status.SNAKE, 0.01
5449, 10, 59, Status.SNAKE, 0.01
5450, 16, 109, Status.SNAKE, 0.01
5451, 4, 24, Status.WALL, 0.01
5452, 6, 36, Status.WALL, 0.01
5453, 11, 81, Status.SNAKE, 0.01
5454, 12, 63, Status.SNAKE, 0.01
5455, 14, 79, Status.SNAKE, 0.01
5456, 5, 28, Status.SNAKE, 0.01
5457, 13, 99, Status.SNAKE, 0.01
5458, 9, 59, Status.SNAKE, 0.01
5459, 12, 60, Status.WALL, 0.01
5460, 1, 18, Status.SNAKE, 0.01
5461, 10, 69, Status.SNAKE, 0.01
5462, 9, 87, Status.SNAKE, 0.01
5463, 6, 21, Status.WALL, 0.01
5464, 9, 60, Status.WALL, 0.01
5465, 8, 75, Status.WALL, 0.01
5466, 4, 39, Status.SNAKE, 0.01
5467, 2, 15, Status.WALL, 0.01
5468, 9, 62, Status.WALL, 0.01
5469, 22, 161, Status.SNAKE, 0.01
5470, 6, 27, Status.SNAKE, 0.01
5471, 18, 133, Status.SNAKE, 0.01
5472, 4, 36, Status.WALL, 0.01
5473, 2, 16, Status.SNAKE, 0.01
5474, 5, 38, Status.WALL, 0.01
5475, 7, 40, Status.SNAKE, 0.01
5476, 6, 42, Status.WALL, 0.01
5477, 8, 66, Status.SNAKE, 0.01
5478, 10, 71, Status.SNAKE, 0.01
5479, 9, 61, Status.SNAKE, 0.01
5480, 2, 37, Status.WALL, 0.01
5481, 1, 3, Status.SNAKE, 0.01
5482, 3, 13, Status.WALL, 0.01
5483, 7, 49, Status.SNAKE, 0.01
5484, 11, 83, Status.SNAKE, 0.01
5485, 8, 56, Status.SNAKE, 0.01
5486, 9, 71, Status.SNAKE, 0.01
5487, 11, 83, Status.SNAKE, 0.01
5488, 7, 43, Status.SNAKE, 0.01
5489, 12, 77, Status.SNAKE, 0.01
5490, 5, 26, Status.SNAKE, 0.01
5491, 7, 49, Status.SNAKE, 0.01
5492, 10, 61, Status.SNAKE, 0.01
5493, 2, 17, Status.SNAKE, 0.01
5494, 8, 63, Status.SNAKE, 0.01
5495, 6, 50, Status.SNAKE, 0.01
5496, 7, 49, Status.SNAKE, 0.01
5497, 9, 59, Status.SNAKE, 0.01
5498, 6, 33, Status.SNAKE, 0.01
5499, 13, 112, Status.SNAKE, 0.01
5500, 3, 22, Status.WALL, 0.01
5501, 6, 31, Status.SNAKE, 0.01
5502, 9, 59, Status.SNAKE, 0.01
5503, 4, 28, Status.WALL, 0.01
5504, 10, 73, Status.WALL, 0.01
5505, 6, 53, Status.WALL, 0.01
5506, 7, 50, Status.SNAKE, 0.01
5507, 5, 30, Status.WALL, 0.01
5508, 10, 89, Status.SNAKE, 0.01
5509, 6, 42, Status.SNAKE, 0.01
5510, 3, 19, Status.WALL, 0.01
5511, 10, 69, Status.SNAKE, 0.01
5512, 17, 111, Status.SNAKE, 0.01
5513, 8, 63, Status.SNAKE, 0.01
5514, 7, 49, Status.SNAKE, 0.01
5515, 12, 87, Status.WALL, 0.01
5516, 6, 45, Status.SNAKE, 0.01
5517, 11, 75, Status.SNAKE, 0.01
5518, 10, 77, Status.SNAKE, 0.01
5519, 1, 5, Status.SNAKE, 0.01
5520, 17, 122, Status.SNAKE, 0.01
5521, 10, 59, Status.SNAKE, 0.01
5522, 8, 58, Status.SNAKE, 0.01
5523, 10, 51, Status.SNAKE, 0.01
5524, 2, 7, Status.SNAKE, 0.01
5525, 12, 92, Status.SNAKE, 0.01
5526, 10, 69, Status.SNAKE, 0.01
5527, 7, 50, Status.SNAKE, 0.01
5528, 11, 68, Status.SNAKE, 0.01
5529, 5, 28, Status.SNAKE, 0.01
5530, 16, 95, Status.SNAKE, 0.01
5531, 1, 5, Status.SNAKE, 0.01
5532, 1, 5, Status.SNAKE, 0.01
5533, 5, 32, Status.WALL, 0.01
5534, 9, 42, Status.SNAKE, 0.01
5535, 5, 41, Status.SNAKE, 0.01
5536, 7, 67, Status.WALL, 0.01
5537, 12, 103, Status.SNAKE, 0.01
5538, 1, 13, Status.WALL, 0.01
5539, 5, 29, Status.SNAKE, 0.01
5540, 6, 47, Status.WALL, 0.01
5541, 21, 172, Status.SNAKE, 0.01
5542, 15, 131, Status.SNAKE, 0.01
5543, 8, 56, Status.WALL, 0.01
5544, 8, 61, Status.SNAKE, 0.01
5545, 7, 46, Status.WALL, 0.01
5546, 19, 106, Status.SNAKE, 0.01
5547, 17, 138, Status.SNAKE, 0.01
5548, 17, 121, Status.SNAKE, 0.01
5549, 5, 33, Status.SNAKE, 0.01
5550, 17, 104, Status.SNAKE, 0.01
5551, 12, 87, Status.WALL, 0.01
5552, 2, 27, Status.WALL, 0.01
5553, 0, 7, Status.WALL, 0.01
5554, 9, 61, Status.SNAKE, 0.01
5555, 8, 51, Status.SNAKE, 0.01
5556, 19, 118, Status.SNAKE, 0.01
5557, 11, 102, Status.SNAKE, 0.01
5558, 10, 78, Status.SNAKE, 0.01
5559, 10, 67, Status.SNAKE, 0.01
5560, 7, 42, Status.SNAKE, 0.01
5561, 12, 80, Status.WALL, 0.01
5562, 7, 66, Status.SNAKE, 0.01
5563, 13, 81, Status.WALL, 0.01
5564, 6, 41, Status.SNAKE, 0.01
5565, 6, 37, Status.SNAKE, 0.01
5566, 12, 87, Status.SNAKE, 0.01
5567, 1, 9, Status.WALL, 0.01
5568, 14, 78, Status.SNAKE, 0.01
5569, 6, 40, Status.SNAKE, 0.01
5570, 5, 37, Status.SNAKE, 0.01
5571, 7, 50, Status.WALL, 0.01
5572, 3, 29, Status.WALL, 0.01
5573, 7, 52, Status.SNAKE, 0.01
5574, 9, 45, Status.SNAKE, 0.01
5575, 3, 11, Status.SNAKE, 0.01
5576, 15, 115, Status.SNAKE, 0.01
5577, 17, 113, Status.SNAKE, 0.01
5578, 11, 96, Status.SNAKE, 0.01
5579, 0, 8, Status.WALL, 0.01
5580, 6, 47, Status.SNAKE, 0.01
5581, 10, 79, Status.SNAKE, 0.01
5582, 9, 63, Status.SNAKE, 0.01
5583, 8, 57, Status.SNAKE, 0.01
5584, 10, 51, Status.SNAKE, 0.01
5585, 10, 64, Status.SNAKE, 0.01
5586, 8, 52, Status.SNAKE, 0.01
5587, 9, 43, Status.SNAKE, 0.01
5588, 11, 65, Status.SNAKE, 0.01
5589, 9, 79, Status.SNAKE, 0.01
5590, 7, 54, Status.SNAKE, 0.01
5591, 13, 114, Status.SNAKE, 0.01
5592, 11, 57, Status.SNAKE, 0.01
5593, 12, 78, Status.WALL, 0.01
5594, 8, 32, Status.SNAKE, 0.01
5595, 4, 24, Status.SNAKE, 0.01
5596, 6, 53, Status.SNAKE, 0.01
5597, 10, 67, Status.SNAKE, 0.01
5598, 14, 89, Status.SNAKE, 0.01
5599, 3, 20, Status.SNAKE, 0.01
5600, 10, 59, Status.WALL, 0.01
5601, 17, 112, Status.SNAKE, 0.01
5602, 12, 85, Status.SNAKE, 0.01
5603, 13, 112, Status.WALL, 0.01
5604, 10, 79, Status.SNAKE, 0.01
5605, 11, 72, Status.SNAKE, 0.01
5606, 16, 105, Status.SNAKE, 0.01
5607, 15, 87, Status.SNAKE, 0.01
5608, 17, 77, Status.WALL, 0.01
5609, 2, 17, Status.WALL, 0.01
5610, 6, 41, Status.SNAKE, 0.01
5611, 9, 69, Status.SNAKE, 0.01
5612, 7, 47, Status.SNAKE, 0.01
5613, 12, 62, Status.SNAKE, 0.01
5614, 5, 42, Status.SNAKE, 0.01
5615, 3, 21, Status.WALL, 0.01
5616, 9, 91, Status.SNAKE, 0.01
5617, 20, 144, Status.WALL, 0.01
5618, 4, 28, Status.WALL, 0.01
5619, 10, 70, Status.SNAKE, 0.01
5620, 1, 16, Status.WALL, 0.01
5621, 3, 17, Status.SNAKE, 0.01
5622, 6, 40, Status.WALL, 0.01
5623, 10, 64, Status.WALL, 0.01
5624, 5, 62, Status.WALL, 0.01
5625, 16, 95, Status.SNAKE, 0.01
5626, 15, 130, Status.WALL, 0.01
5627, 12, 84, Status.SNAKE, 0.01
5628, 7, 46, Status.SNAKE, 0.01
5629, 2, 16, Status.WALL, 0.01
5630, 8, 50, Status.SNAKE, 0.01
5631, 17, 88, Status.SNAKE, 0.01
5632, 7, 46, Status.SNAKE, 0.01
5633, 9, 50, Status.SNAKE, 0.01
5634, 10, 72, Status.WALL, 0.01
5635, 4, 27, Status.WALL, 0.01
5636, 8, 58, Status.SNAKE, 0.01
5637, 22, 147, Status.SNAKE, 0.01
5638, 12, 109, Status.SNAKE, 0.01
5639, 12, 65, Status.SNAKE, 0.01
5640, 3, 22, Status.WALL, 0.01
5641, 9, 59, Status.SNAKE, 0.01
5642, 10, 68, Status.WALL, 0.01
5643, 8, 61, Status.SNAKE, 0.01
5644, 17, 132, Status.SNAKE, 0.01
5645, 6, 31, Status.SNAKE, 0.01
5646, 6, 38, Status.WALL, 0.01
5647, 0, 4, Status.WALL, 0.01
5648, 2, 10, Status.WALL, 0.01
5649, 3, 17, Status.SNAKE, 0.01
5650, 10, 67, Status.SNAKE, 0.01
5651, 11, 108, Status.SNAKE, 0.01
5652, 2, 16, Status.WALL, 0.01
5653, 12, 90, Status.SNAKE, 0.01
5654, 5, 24, Status.SNAKE, 0.01
5655, 15, 123, Status.WALL, 0.01
5656, 7, 44, Status.SNAKE, 0.01
5657, 11, 94, Status.SNAKE, 0.01
5658, 6, 40, Status.WALL, 0.01
5659, 11, 78, Status.SNAKE, 0.01
5660, 7, 43, Status.WALL, 0.01
5661, 11, 84, Status.SNAKE, 0.01
5662, 2, 16, Status.SNAKE, 0.01
5663, 13, 94, Status.SNAKE, 0.01
5664, 5, 23, Status.SNAKE, 0.01
5665, 11, 79, Status.SNAKE, 0.01
5666, 6, 41, Status.WALL, 0.01
5667, 4, 20, Status.WALL, 0.01
5668, 4, 20, Status.WALL, 0.01
5669, 9, 65, Status.SNAKE, 0.01
5670, 13, 101, Status.SNAKE, 0.01
5671, 18, 159, Status.SNAKE, 0.01
5672, 13, 81, Status.SNAKE, 0.01
5673, 4, 24, Status.SNAKE, 0.01
5674, 3, 32, Status.SNAKE, 0.01
5675, 10, 70, Status.SNAKE, 0.01
5676, 14, 87, Status.SNAKE, 0.01
5677, 1, 5, Status.SNAKE, 0.01
5678, 7, 47, Status.SNAKE, 0.01
5679, 6, 42, Status.SNAKE, 0.01
5680, 7, 42, Status.SNAKE, 0.01
5681, 10, 60, Status.SNAKE, 0.01
5682, 6, 33, Status.SNAKE, 0.01
5683, 8, 55, Status.SNAKE, 0.01
5684, 8, 48, Status.SNAKE, 0.01
5685, 13, 104, Status.WALL, 0.01
5686, 14, 86, Status.WALL, 0.01
5687, 2, 9, Status.SNAKE, 0.01
5688, 13, 67, Status.WALL, 0.01
5689, 13, 70, Status.SNAKE, 0.01
5690, 10, 64, Status.SNAKE, 0.01
5691, 10, 82, Status.SNAKE, 0.01
5692, 8, 51, Status.SNAKE, 0.01
5693, 5, 38, Status.SNAKE, 0.01
5694, 8, 57, Status.SNAKE, 0.01
5695, 9, 47, Status.SNAKE, 0.01
5696, 8, 58, Status.SNAKE, 0.01
5697, 1, 5, Status.SNAKE, 0.01
5698, 8, 36, Status.SNAKE, 0.01
5699, 21, 129, Status.SNAKE, 0.01
5700, 7, 42, Status.SNAKE, 0.01
5701, 9, 61, Status.SNAKE, 0.01
5702, 4, 41, Status.WALL, 0.01
5703, 9, 58, Status.SNAKE, 0.01
5704, 7, 50, Status.SNAKE, 0.01
5705, 11, 63, Status.SNAKE, 0.01
5706, 10, 50, Status.SNAKE, 0.01
5707, 5, 33, Status.SNAKE, 0.01
5708, 11, 59, Status.SNAKE, 0.01
5709, 13, 89, Status.SNAKE, 0.01
5710, 15, 102, Status.SNAKE, 0.01
5711, 10, 67, Status.WALL, 0.01
5712, 6, 50, Status.SNAKE, 0.01
5713, 6, 52, Status.SNAKE, 0.01
5714, 2, 14, Status.WALL, 0.01
5715, 7, 47, Status.SNAKE, 0.01
5716, 13, 115, Status.SNAKE, 0.01
5717, 10, 69, Status.SNAKE, 0.01
5718, 8, 61, Status.SNAKE, 0.01
5719, 6, 46, Status.SNAKE, 0.01
5720, 8, 49, Status.SNAKE, 0.01
5721, 10, 70, Status.SNAKE, 0.01
5722, 11, 68, Status.SNAKE, 0.01
5723, 4, 24, Status.WALL, 0.01
5724, 12, 90, Status.SNAKE, 0.01
5725, 4, 22, Status.SNAKE, 0.01
5726, 12, 55, Status.SNAKE, 0.01
5727, 7, 33, Status.WALL, 0.01
5728, 6, 36, Status.WALL, 0.01
5729, 3, 20, Status.SNAKE, 0.01
5730, 12, 56, Status.SNAKE, 0.01
5731, 2, 10, Status.WALL, 0.01
5732, 4, 27, Status.SNAKE, 0.01
5733, 13, 70, Status.SNAKE, 0.01
5734, 7, 49, Status.SNAKE, 0.01
5735, 6, 39, Status.SNAKE, 0.01
5736, 11, 71, Status.SNAKE, 0.01
5737, 7, 34, Status.SNAKE, 0.01
5738, 19, 125, Status.SNAKE, 0.01
5739, 18, 119, Status.WALL, 0.01
5740, 13, 94, Status.SNAKE, 0.01
5741, 17, 90, Status.WALL, 0.01
5742, 12, 85, Status.WALL, 0.01
5743, 8, 55, Status.SNAKE, 0.01
5744, 3, 22, Status.SNAKE, 0.01
5745, 9, 63, Status.WALL, 0.01
5746, 12, 82, Status.WALL, 0.01
5747, 14, 69, Status.SNAKE, 0.01
5748, 9, 70, Status.SNAKE, 0.01
5749, 14, 110, Status.SNAKE, 0.01
5750, 13, 99, Status.SNAKE, 0.01
5751, 1, 5, Status.SNAKE, 0.01
5752, 8, 45, Status.SNAKE, 0.01
5753, 6, 37, Status.SNAKE, 0.01
5754, 18, 106, Status.SNAKE, 0.01
5755, 11, 57, Status.SNAKE, 0.01
5756, 18, 160, Status.SNAKE, 0.01
5757, 16, 104, Status.SNAKE, 0.01
5758, 9, 79, Status.SNAKE, 0.01
5759, 9, 51, Status.SNAKE, 0.01
5760, 4, 21, Status.SNAKE, 0.01
5761, 13, 76, Status.SNAKE, 0.01
5762, 19, 130, Status.SNAKE, 0.01
5763, 0, 5, Status.WALL, 0.01
5764, 11, 85, Status.SNAKE, 0.01
5765, 12, 81, Status.SNAKE, 0.01
5766, 6, 47, Status.SNAKE, 0.01
5767, 12, 89, Status.SNAKE, 0.01
5768, 6, 38, Status.SNAKE, 0.01
5769, 10, 58, Status.SNAKE, 0.01
5770, 10, 50, Status.SNAKE, 0.01
5771, 4, 22, Status.SNAKE, 0.01
5772, 6, 46, Status.SNAKE, 0.01
5773, 5, 32, Status.SNAKE, 0.01
5774, 6, 35, Status.SNAKE, 0.01
5775, 2, 14, Status.SNAKE, 0.01
5776, 18, 113, Status.SNAKE, 0.01
5777, 15, 108, Status.WALL, 0.01
5778, 13, 86, Status.SNAKE, 0.01
5779, 5, 22, Status.SNAKE, 0.01
5780, 16, 130, Status.WALL, 0.01
5781, 13, 65, Status.SNAKE, 0.01
5782, 11, 89, Status.SNAKE, 0.01
5783, 15, 108, Status.WALL, 0.01
5784, 5, 30, Status.SNAKE, 0.01
5785, 15, 100, Status.SNAKE, 0.01
5786, 12, 81, Status.SNAKE, 0.01
5787, 6, 35, Status.SNAKE, 0.01
5788, 8, 54, Status.WALL, 0.01
5789, 5, 21, Status.SNAKE, 0.01
5790, 13, 82, Status.WALL, 0.01
5791, 5, 51, Status.WALL, 0.01
5792, 17, 127, Status.SNAKE, 0.01
5793, 17, 105, Status.SNAKE, 0.01
5794, 10, 67, Status.SNAKE, 0.01
5795, 8, 57, Status.WALL, 0.01
5796, 6, 50, Status.SNAKE, 0.01
5797, 6, 43, Status.SNAKE, 0.01
5798, 8, 52, Status.SNAKE, 0.01
5799, 12, 86, Status.SNAKE, 0.01
5800, 12, 73, Status.WALL, 0.01
5801, 16, 107, Status.SNAKE, 0.01
5802, 7, 51, Status.SNAKE, 0.01
5803, 6, 35, Status.SNAKE, 0.01
5804, 12, 86, Status.SNAKE, 0.01
5805, 8, 53, Status.WALL, 0.01
5806, 2, 14, Status.WALL, 0.01
5807, 11, 86, Status.SNAKE, 0.01
5808, 3, 23, Status.SNAKE, 0.01
5809, 12, 86, Status.WALL, 0.01
5810, 8, 51, Status.SNAKE, 0.01
5811, 13, 92, Status.SNAKE, 0.01
5812, 10, 56, Status.SNAKE, 0.01
5813, 13, 77, Status.WALL, 0.01
5814, 22, 149, Status.WALL, 0.01
5815, 4, 19, Status.SNAKE, 0.01
5816, 10, 75, Status.SNAKE, 0.01
5817, 8, 57, Status.WALL, 0.01
5818, 4, 36, Status.WALL, 0.01
5819, 9, 73, Status.SNAKE, 0.01
5820, 18, 136, Status.SNAKE, 0.01
5821, 13, 107, Status.SNAKE, 0.01
5822, 10, 72, Status.SNAKE, 0.01
5823, 18, 91, Status.SNAKE, 0.01
5824, 5, 30, Status.SNAKE, 0.01
5825, 10, 82, Status.WALL, 0.01
5826, 11, 90, Status.SNAKE, 0.01
5827, 15, 76, Status.SNAKE, 0.01
5828, 6, 37, Status.SNAKE, 0.01
5829, 15, 95, Status.SNAKE, 0.01
5830, 3, 17, Status.SNAKE, 0.01
5831, 5, 30, Status.SNAKE, 0.01
5832, 12, 89, Status.SNAKE, 0.01
5833, 13, 88, Status.SNAKE, 0.01
5834, 12, 83, Status.SNAKE, 0.01
5835, 12, 86, Status.SNAKE, 0.01
5836, 3, 27, Status.WALL, 0.01
5837, 9, 68, Status.SNAKE, 0.01
5838, 17, 123, Status.SNAKE, 0.01
5839, 11, 70, Status.SNAKE, 0.01
5840, 15, 115, Status.SNAKE, 0.01
5841, 5, 32, Status.SNAKE, 0.01
5842, 11, 84, Status.WALL, 0.01
5843, 9, 68, Status.SNAKE, 0.01
5844, 5, 53, Status.WALL, 0.01
5845, 16, 117, Status.SNAKE, 0.01
5846, 7, 42, Status.SNAKE, 0.01
5847, 5, 37, Status.WALL, 0.01
5848, 6, 48, Status.SNAKE, 0.01
5849, 6, 40, Status.SNAKE, 0.01
5850, 10, 69, Status.SNAKE, 0.01
5851, 11, 76, Status.SNAKE, 0.01
5852, 16, 94, Status.SNAKE, 0.01
5853, 3, 32, Status.SNAKE, 0.01
5854, 11, 79, Status.SNAKE, 0.01
5855, 8, 55, Status.SNAKE, 0.01
5856, 12, 69, Status.SNAKE, 0.01
5857, 1, 3, Status.SNAKE, 0.01
5858, 8, 71, Status.WALL, 0.01
5859, 10, 84, Status.SNAKE, 0.01
5860, 2, 16, Status.WALL, 0.01
5861, 17, 136, Status.WALL, 0.01
5862, 5, 30, Status.WALL, 0.01
5863, 6, 32, Status.SNAKE, 0.01
5864, 8, 56, Status.WALL, 0.01
5865, 7, 66, Status.SNAKE, 0.01
5866, 6, 57, Status.SNAKE, 0.01
5867, 5, 33, Status.SNAKE, 0.01
5868, 12, 84, Status.SNAKE, 0.01
5869, 7, 45, Status.SNAKE, 0.01
5870, 15, 89, Status.SNAKE, 0.01
5871, 11, 76, Status.SNAKE, 0.01
5872, 1, 5, Status.SNAKE, 0.01
5873, 21, 160, Status.SNAKE, 0.01
5874, 5, 31, Status.SNAKE, 0.01
5875, 15, 107, Status.SNAKE, 0.01
5876, 8, 45, Status.SNAKE, 0.01
5877, 8, 66, Status.WALL, 0.01
5878, 12, 81, Status.SNAKE, 0.01
5879, 6, 35, Status.SNAKE, 0.01
5880, 6, 28, Status.SNAKE, 0.01
5881, 5, 42, Status.WALL, 0.01
5882, 11, 78, Status.SNAKE, 0.01
5883, 14, 120, Status.SNAKE, 0.01
5884, 7, 36, Status.SNAKE, 0.01
5885, 7, 48, Status.SNAKE, 0.01
5886, 15, 122, Status.SNAKE, 0.01
5887, 1, 3, Status.SNAKE, 0.01
5888, 11, 92, Status.WALL, 0.01
5889, 20, 152, Status.SNAKE, 0.01
5890, 12, 102, Status.WALL, 0.01
5891, 15, 97, Status.SNAKE, 0.01
5892, 11, 79, Status.SNAKE, 0.01
5893, 11, 65, Status.SNAKE, 0.01
5894, 5, 22, Status.SNAKE, 0.01
5895, 14, 114, Status.SNAKE, 0.01
5896, 6, 36, Status.SNAKE, 0.01
5897, 8, 50, Status.SNAKE, 0.01
5898, 5, 37, Status.SNAKE, 0.01
5899, 15, 85, Status.SNAKE, 0.01
5900, 7, 81, Status.SNAKE, 0.01
5901, 13, 104, Status.SNAKE, 0.01
5902, 7, 37, Status.SNAKE, 0.01
5903, 8, 74, Status.WALL, 0.01
5904, 7, 50, Status.SNAKE, 0.01
5905, 2, 19, Status.WALL, 0.01
5906, 8, 70, Status.SNAKE, 0.01
5907, 3, 18, Status.WALL, 0.01
5908, 1, 8, Status.WALL, 0.01
5909, 8, 52, Status.SNAKE, 0.01
5910, 9, 52, Status.SNAKE, 0.01
5911, 6, 25, Status.SNAKE, 0.01
5912, 8, 46, Status.SNAKE, 0.01
5913, 5, 29, Status.SNAKE, 0.01
5914, 14, 102, Status.WALL, 0.01
5915, 9, 86, Status.WALL, 0.01
5916, 1, 5, Status.SNAKE, 0.01
5917, 13, 83, Status.SNAKE, 0.01
5918, 10, 69, Status.SNAKE, 0.01
5919, 9, 56, Status.SNAKE, 0.01
5920, 3, 10, Status.SNAKE, 0.01
5921, 10, 72, Status.WALL, 0.01
5922, 8, 66, Status.WALL, 0.01
5923, 4, 30, Status.SNAKE, 0.01
5924, 6, 60, Status.SNAKE, 0.01
5925, 8, 38, Status.SNAKE, 0.01
5926, 7, 51, Status.WALL, 0.01
5927, 2, 14, Status.WALL, 0.01
5928, 4, 30, Status.WALL, 0.01
5929, 16, 104, Status.WALL, 0.01
5930, 21, 134, Status.SNAKE, 0.01
5931, 3, 18, Status.WALL, 0.01
5932, 7, 48, Status.SNAKE, 0.01
5933, 5, 47, Status.SNAKE, 0.01
5934, 12, 65, Status.SNAKE, 0.01
5935, 6, 38, Status.WALL, 0.01
5936, 10, 48, Status.WALL, 0.01
5937, 6, 62, Status.SNAKE, 0.01
5938, 6, 38, Status.WALL, 0.01
5939, 3, 34, Status.SNAKE, 0.01
5940, 9, 85, Status.SNAKE, 0.01
5941, 13, 126, Status.SNAKE, 0.01
5942, 1, 7, Status.WALL, 0.01
5943, 14, 115, Status.SNAKE, 0.01
5944, 12, 83, Status.SNAKE, 0.01
5945, 9, 51, Status.SNAKE, 0.01
5946, 5, 29, Status.SNAKE, 0.01
5947, 3, 26, Status.WALL, 0.01
5948, 4, 39, Status.SNAKE, 0.01
5949, 15, 92, Status.SNAKE, 0.01
5950, 14, 93, Status.WALL, 0.01
5951, 10, 59, Status.WALL, 0.01
5952, 16, 122, Status.SNAKE, 0.01
5953, 9, 60, Status.SNAKE, 0.01
5954, 13, 101, Status.SNAKE, 0.01
5955, 1, 8, Status.WALL, 0.01
5956, 7, 32, Status.SNAKE, 0.01
5957, 16, 136, Status.SNAKE, 0.01
5958, 5, 37, Status.SNAKE, 0.01
5959, 5, 18, Status.SNAKE, 0.01
5960, 5, 47, Status.SNAKE, 0.01
5961, 9, 82, Status.SNAKE, 0.01
5962, 12, 70, Status.SNAKE, 0.01
5963, 12, 91, Status.SNAKE, 0.01
5964, 14, 107, Status.SNAKE, 0.01
5965, 14, 89, Status.WALL, 0.01
5966, 2, 19, Status.SNAKE, 0.01
5967, 7, 48, Status.WALL, 0.01
5968, 12, 86, Status.SNAKE, 0.01
5969, 8, 72, Status.WALL, 0.01
5970, 4, 26, Status.SNAKE, 0.01
5971, 5, 38, Status.WALL, 0.01
5972, 12, 80, Status.WALL, 0.01
5973, 9, 64, Status.SNAKE, 0.01
5974, 11, 85, Status.SNAKE, 0.01
5975, 12, 83, Status.SNAKE, 0.01
5976, 8, 57, Status.SNAKE, 0.01
5977, 0, 6, Status.WALL, 0.01
5978, 15, 104, Status.SNAKE, 0.01
5979, 12, 101, Status.SNAKE, 0.01
5980, 16, 95, Status.SNAKE, 0.01
5981, 8, 64, Status.SNAKE, 0.01
5982, 18, 139, Status.SNAKE, 0.01
5983, 5, 27, Status.WALL, 0.01
5984, 6, 35, Status.SNAKE, 0.01
5985, 12, 70, Status.WALL, 0.01
5986, 3, 21, Status.SNAKE, 0.01
5987, 5, 20, Status.WALL, 0.01
5988, 5, 41, Status.SNAKE, 0.01
5989, 2, 19, Status.WALL, 0.01
5990, 11, 82, Status.SNAKE, 0.01
5991, 2, 14, Status.SNAKE, 0.01
5992, 18, 137, Status.SNAKE, 0.01
5993, 3, 16, Status.WALL, 0.01
5994, 7, 36, Status.SNAKE, 0.01
5995, 9, 58, Status.SNAKE, 0.01
5996, 16, 106, Status.SNAKE, 0.01
5997, 10, 65, Status.SNAKE, 0.01
5998, 5, 26, Status.SNAKE, 0.01
5999, 2, 19, Status.SNAKE, 0.01
6000, 12, 104, Status.WALL, 0.01
6001, 11, 82, Status.SNAKE, 0.01
6002, 8, 42, Status.WALL, 0.01
6003, 8, 61, Status.SNAKE, 0.01
6004, 18, 100, Status.WALL, 0.01
6005, 5, 22, Status.SNAKE, 0.01
6006, 7, 41, Status.SNAKE, 0.01
6007, 8, 63, Status.SNAKE, 0.01
6008, 0, 6, Status.WALL, 0.01
6009, 7, 49, Status.SNAKE, 0.01
6010, 8, 46, Status.SNAKE, 0.01
6011, 5, 31, Status.WALL, 0.01
6012, 9, 60, Status.SNAKE, 0.01
6013, 7, 37, Status.SNAKE, 0.01
6014, 11, 87, Status.SNAKE, 0.01
6015, 2, 18, Status.SNAKE, 0.01
6016, 3, 16, Status.WALL, 0.01
6017, 7, 57, Status.SNAKE, 0.01
6018, 2, 16, Status.WALL, 0.01
6019, 6, 41, Status.SNAKE, 0.01
6020, 8, 60, Status.WALL, 0.01
6021, 14, 124, Status.SNAKE, 0.01
6022, 11, 59, Status.SNAKE, 0.01
6023, 10, 67, Status.SNAKE, 0.01
6024, 6, 23, Status.SNAKE, 0.01
6025, 5, 25, Status.SNAKE, 0.01
6026, 11, 63, Status.SNAKE, 0.01
6027, 12, 99, Status.SNAKE, 0.01
6028, 10, 53, Status.SNAKE, 0.01
6029, 20, 142, Status.SNAKE, 0.01
6030, 8, 57, Status.SNAKE, 0.01
6031, 3, 21, Status.WALL, 0.01
6032, 14, 116, Status.SNAKE, 0.01
6033, 11, 73, Status.SNAKE, 0.01
6034, 1, 9, Status.SNAKE, 0.01
6035, 7, 50, Status.SNAKE, 0.01
6036, 5, 17, Status.SNAKE, 0.01
6037, 10, 64, Status.WALL, 0.01
6038, 15, 100, Status.SNAKE, 0.01
6039, 4, 27, Status.SNAKE, 0.01
6040, 10, 43, Status.SNAKE, 0.01
6041, 2, 21, Status.SNAKE, 0.01
6042, 9, 61, Status.SNAKE, 0.01
6043, 10, 61, Status.SNAKE, 0.01
6044, 11, 62, Status.SNAKE, 0.01
6045, 7, 36, Status.SNAKE, 0.01
6046, 9, 62, Status.WALL, 0.01
6047, 3, 8, Status.WALL, 0.01
6048, 5, 29, Status.SNAKE, 0.01
6049, 9, 67, Status.SNAKE, 0.01
6050, 8, 44, Status.SNAKE, 0.01
6051, 7, 52, Status.SNAKE, 0.01
6052, 7, 38, Status.SNAKE, 0.01
6053, 4, 25, Status.WALL, 0.01
6054, 4, 21, Status.WALL, 0.01
6055, 13, 85, Status.SNAKE, 0.01
6056, 15, 130, Status.WALL, 0.01
6057, 5, 32, Status.SNAKE, 0.01
6058, 2, 12, Status.SNAKE, 0.01
6059, 11, 72, Status.SNAKE, 0.01
6060, 12, 73, Status.SNAKE, 0.01
6061, 13, 93, Status.SNAKE, 0.01
6062, 8, 52, Status.SNAKE, 0.01
6063, 8, 39, Status.SNAKE, 0.01
6064, 19, 130, Status.SNAKE, 0.01
6065, 14, 107, Status.SNAKE, 0.01
6066, 5, 37, Status.SNAKE, 0.01
6067, 16, 111, Status.SNAKE, 0.01
6068, 4, 32, Status.WALL, 0.01
6069, 4, 33, Status.WALL, 0.01
6070, 15, 108, Status.SNAKE, 0.01
6071, 9, 67, Status.WALL, 0.01
6072, 6, 44, Status.SNAKE, 0.01
6073, 11, 68, Status.SNAKE, 0.01
6074, 20, 133, Status.SNAKE, 0.01
6075, 6, 47, Status.WALL, 0.01
6076, 8, 48, Status.WALL, 0.01
6077, 10, 71, Status.SNAKE, 0.01
6078, 3, 17, Status.SNAKE, 0.01
6079, 9, 53, Status.SNAKE, 0.01
6080, 15, 103, Status.SNAKE, 0.01
6081, 8, 48, Status.SNAKE, 0.01
6082, 18, 113, Status.SNAKE, 0.01
6083, 10, 84, Status.SNAKE, 0.01
6084, 11, 66, Status.SNAKE, 0.01
6085, 2, 11, Status.SNAKE, 0.01
6086, 4, 33, Status.WALL, 0.01
6087, 1, 3, Status.SNAKE, 0.01
6088, 9, 46, Status.SNAKE, 0.01
6089, 1, 10, Status.WALL, 0.01
6090, 11, 65, Status.WALL, 0.01
6091, 9, 59, Status.SNAKE, 0.01
6092, 9, 51, Status.SNAKE, 0.01
6093, 10, 65, Status.SNAKE, 0.01
6094, 10, 72, Status.WALL, 0.01
6095, 15, 88, Status.SNAKE, 0.01
6096, 10, 71, Status.SNAKE, 0.01
6097, 11, 65, Status.WALL, 0.01
6098, 10, 49, Status.SNAKE, 0.01
6099, 9, 58, Status.SNAKE, 0.01
6100, 10, 55, Status.SNAKE, 0.01
6101, 13, 96, Status.SNAKE, 0.01
6102, 21, 117, Status.SNAKE, 0.01
6103, 5, 35, Status.SNAKE, 0.01
6104, 22, 151, Status.SNAKE, 0.01
6105, 15, 114, Status.SNAKE, 0.01
6106, 7, 43, Status.SNAKE, 0.01
6107, 21, 125, Status.SNAKE, 0.01
6108, 6, 51, Status.SNAKE, 0.01
6109, 2, 15, Status.WALL, 0.01
6110, 13, 103, Status.WALL, 0.01
6111, 14, 68, Status.SNAKE, 0.01
6112, 5, 34, Status.SNAKE, 0.01
6113, 4, 20, Status.SNAKE, 0.01
6114, 3, 26, Status.SNAKE, 0.01
6115, 3, 28, Status.SNAKE, 0.01
6116, 6, 36, Status.SNAKE, 0.01
6117, 10, 75, Status.SNAKE, 0.01
6118, 6, 41, Status.SNAKE, 0.01
6119, 6, 37, Status.SNAKE, 0.01
6120, 19, 114, Status.WALL, 0.01
6121, 6, 36, Status.SNAKE, 0.01
6122, 11, 56, Status.WALL, 0.01
6123, 13, 61, Status.WALL, 0.01
6124, 12, 75, Status.SNAKE, 0.01
6125, 3, 11, Status.SNAKE, 0.01
6126, 24, 131, Status.WALL, 0.01
6127, 8, 51, Status.SNAKE, 0.01
6128, 5, 38, Status.SNAKE, 0.01
6129, 9, 49, Status.SNAKE, 0.01
6130, 8, 60, Status.SNAKE, 0.01
6131, 13, 75, Status.SNAKE, 0.01
6132, 19, 138, Status.SNAKE, 0.01
6133, 3, 23, Status.WALL, 0.01
6134, 3, 16, Status.WALL, 0.01
6135, 5, 27, Status.SNAKE, 0.01
6136, 14, 81, Status.SNAKE, 0.01
6137, 11, 82, Status.WALL, 0.01
6138, 6, 51, Status.SNAKE, 0.01
6139, 16, 97, Status.SNAKE, 0.01
6140, 15, 125, Status.SNAKE, 0.01
6141, 15, 82, Status.SNAKE, 0.01
6142, 4, 33, Status.WALL, 0.01
6143, 20, 115, Status.SNAKE, 0.01
6144, 6, 51, Status.WALL, 0.01
6145, 10, 75, Status.SNAKE, 0.01
6146, 6, 33, Status.SNAKE, 0.01
6147, 16, 124, Status.SNAKE, 0.01
6148, 4, 17, Status.SNAKE, 0.01
6149, 2, 14, Status.SNAKE, 0.01
6150, 14, 82, Status.WALL, 0.01
6151, 9, 57, Status.SNAKE, 0.01
6152, 6, 41, Status.SNAKE, 0.01
6153, 12, 86, Status.WALL, 0.01
6154, 1, 17, Status.SNAKE, 0.01
6155, 6, 40, Status.SNAKE, 0.01
6156, 6, 39, Status.SNAKE, 0.01
6157, 19, 115, Status.WALL, 0.01
6158, 11, 67, Status.SNAKE, 0.01
6159, 3, 16, Status.SNAKE, 0.01
6160, 5, 33, Status.WALL, 0.01
6161, 4, 20, Status.SNAKE, 0.01
6162, 14, 97, Status.SNAKE, 0.01
6163, 2, 14, Status.SNAKE, 0.01
6164, 2, 14, Status.WALL, 0.01
6165, 6, 22, Status.SNAKE, 0.01
6166, 5, 46, Status.SNAKE, 0.01
6167, 6, 39, Status.SNAKE, 0.01
6168, 12, 80, Status.SNAKE, 0.01
6169, 6, 30, Status.SNAKE, 0.01
6170, 14, 92, Status.WALL, 0.01
6171, 6, 22, Status.WALL, 0.01
6172, 5, 30, Status.SNAKE, 0.01
6173, 3, 24, Status.SNAKE, 0.01
6174, 13, 94, Status.SNAKE, 0.01
6175, 6, 37, Status.SNAKE, 0.01
6176, 4, 28, Status.SNAKE, 0.01
6177, 6, 42, Status.SNAKE, 0.01
6178, 13, 79, Status.SNAKE, 0.01
6179, 8, 40, Status.WALL, 0.01
6180, 4, 27, Status.SNAKE, 0.01
6181, 12, 81, Status.SNAKE, 0.01
6182, 7, 50, Status.SNAKE, 0.01
6183, 8, 74, Status.SNAKE, 0.01
6184, 1, 14, Status.WALL, 0.01
6185, 7, 45, Status.WALL, 0.01
6186, 17, 105, Status.SNAKE, 0.01
6187, 7, 44, Status.SNAKE, 0.01
6188, 2, 22, Status.WALL, 0.01
6189, 7, 39, Status.WALL, 0.01
6190, 19, 116, Status.SNAKE, 0.01
6191, 2, 17, Status.WALL, 0.01
6192, 7, 52, Status.WALL, 0.01
6193, 8, 49, Status.SNAKE, 0.01
6194, 11, 63, Status.WALL, 0.01
6195, 12, 89, Status.SNAKE, 0.01
6196, 5, 24, Status.WALL, 0.01
6197, 7, 39, Status.SNAKE, 0.01
6198, 3, 12, Status.SNAKE, 0.01
6199, 15, 101, Status.SNAKE, 0.01
6200, 16, 149, Status.SNAKE, 0.01
6201, 17, 105, Status.WALL, 0.01
6202, 6, 32, Status.SNAKE, 0.01
6203, 13, 87, Status.SNAKE, 0.01
6204, 15, 110, Status.SNAKE, 0.01
6205, 5, 32, Status.SNAKE, 0.01
6206, 15, 88, Status.SNAKE, 0.01
6207, 13, 92, Status.SNAKE, 0.01
6208, 5, 20, Status.SNAKE, 0.01
6209, 11, 75, Status.WALL, 0.01
6210, 9, 60, Status.SNAKE, 0.01
6211, 16, 102, Status.SNAKE, 0.01
6212, 10, 68, Status.WALL, 0.01
6213, 15, 112, Status.SNAKE, 0.01
6214, 9, 53, Status.SNAKE, 0.01
6215, 7, 51, Status.WALL, 0.01
6216, 9, 62, Status.WALL, 0.01
6217, 9, 54, Status.SNAKE, 0.01
6218, 7, 43, Status.SNAKE, 0.01
6219, 3, 17, Status.SNAKE, 0.01
6220, 1, 5, Status.SNAKE, 0.01
6221, 12, 87, Status.SNAKE, 0.01
6222, 6, 52, Status.SNAKE, 0.01
6223, 2, 22, Status.WALL, 0.01
6224, 3, 29, Status.WALL, 0.01
6225, 7, 48, Status.SNAKE, 0.01
6226, 10, 73, Status.SNAKE, 0.01
6227, 17, 129, Status.SNAKE, 0.01
6228, 7, 54, Status.SNAKE, 0.01
6229, 15, 94, Status.SNAKE, 0.01
6230, 1, 9, Status.WALL, 0.01
6231, 14, 89, Status.SNAKE, 0.01
6232, 6, 50, Status.SNAKE, 0.01
6233, 13, 90, Status.SNAKE, 0.01
6234, 17, 85, Status.SNAKE, 0.01
6235, 13, 86, Status.SNAKE, 0.01
6236, 13, 98, Status.SNAKE, 0.01
6237, 10, 73, Status.SNAKE, 0.01
6238, 21, 129, Status.SNAKE, 0.01
6239, 3, 19, Status.SNAKE, 0.01
6240, 11, 62, Status.WALL, 0.01
6241, 9, 52, Status.SNAKE, 0.01
6242, 13, 98, Status.WALL, 0.01
6243, 11, 79, Status.WALL, 0.01
6244, 3, 18, Status.SNAKE, 0.01
6245, 9, 56, Status.SNAKE, 0.01
6246, 9, 51, Status.SNAKE, 0.01
6247, 8, 49, Status.SNAKE, 0.01
6248, 7, 42, Status.SNAKE, 0.01
6249, 10, 59, Status.SNAKE, 0.01
6250, 7, 38, Status.SNAKE, 0.01
6251, 10, 68, Status.SNAKE, 0.01
6252, 4, 28, Status.SNAKE, 0.01
6253, 14, 89, Status.SNAKE, 0.01
6254, 5, 34, Status.SNAKE, 0.01
6255, 1, 11, Status.WALL, 0.01
6256, 11, 78, Status.SNAKE, 0.01
6257, 10, 64, Status.SNAKE, 0.01
6258, 3, 19, Status.WALL, 0.01
6259, 9, 59, Status.SNAKE, 0.01
6260, 1, 7, Status.WALL, 0.01
6261, 9, 75, Status.SNAKE, 0.01
6262, 11, 87, Status.SNAKE, 0.01
6263, 4, 28, Status.SNAKE, 0.01
6264, 11, 74, Status.WALL, 0.01
6265, 4, 32, Status.WALL, 0.01
6266, 14, 102, Status.SNAKE, 0.01
6267, 9, 59, Status.WALL, 0.01
6268, 14, 103, Status.SNAKE, 0.01
6269, 6, 43, Status.SNAKE, 0.01
6270, 3, 26, Status.SNAKE, 0.01
6271, 9, 58, Status.SNAKE, 0.01
6272, 4, 22, Status.SNAKE, 0.01
6273, 10, 56, Status.SNAKE, 0.01
6274, 5, 36, Status.SNAKE, 0.01
6275, 5, 30, Status.SNAKE, 0.01
6276, 7, 50, Status.SNAKE, 0.01
6277, 14, 80, Status.SNAKE, 0.01
6278, 8, 64, Status.SNAKE, 0.01
6279, 17, 121, Status.SNAKE, 0.01
6280, 16, 107, Status.SNAKE, 0.01
6281, 4, 18, Status.SNAKE, 0.01
6282, 15, 111, Status.SNAKE, 0.01
6283, 1, 5, Status.SNAKE, 0.01
6284, 8, 57, Status.SNAKE, 0.01
6285, 17, 96, Status.SNAKE, 0.01
6286, 9, 52, Status.SNAKE, 0.01
6287, 11, 88, Status.WALL, 0.01
6288, 8, 60, Status.SNAKE, 0.01
6289, 4, 30, Status.SNAKE, 0.01
6290, 14, 82, Status.WALL, 0.01
6291, 8, 39, Status.SNAKE, 0.01
6292, 2, 8, Status.SNAKE, 0.01
6293, 1, 7, Status.SNAKE, 0.01
6294, 21, 149, Status.SNAKE, 0.01
6295, 2, 14, Status.SNAKE, 0.01
6296, 10, 74, Status.SNAKE, 0.01
6297, 13, 69, Status.SNAKE, 0.01
6298, 13, 85, Status.SNAKE, 0.01
6299, 5, 30, Status.SNAKE, 0.01
6300, 6, 44, Status.SNAKE, 0.01
6301, 7, 43, Status.WALL, 0.01
6302, 8, 38, Status.WALL, 0.01
6303, 13, 106, Status.SNAKE, 0.01
6304, 18, 115, Status.SNAKE, 0.01
6305, 4, 33, Status.WALL, 0.01
6306, 4, 35, Status.SNAKE, 0.01
6307, 1, 16, Status.WALL, 0.01
6308, 9, 76, Status.WALL, 0.01
6309, 4, 24, Status.WALL, 0.01
6310, 15, 128, Status.SNAKE, 0.01
6311, 15, 88, Status.SNAKE, 0.01
6312, 7, 68, Status.WALL, 0.01
6313, 11, 75, Status.SNAKE, 0.01
6314, 9, 53, Status.SNAKE, 0.01
6315, 15, 99, Status.SNAKE, 0.01
6316, 6, 41, Status.SNAKE, 0.01
6317, 7, 62, Status.WALL, 0.01
6318, 6, 53, Status.SNAKE, 0.01
6319, 13, 67, Status.SNAKE, 0.01
6320, 1, 16, Status.WALL, 0.01
6321, 5, 37, Status.WALL, 0.01
6322, 16, 93, Status.SNAKE, 0.01
6323, 17, 120, Status.WALL, 0.01
6324, 12, 83, Status.SNAKE, 0.01
6325, 8, 63, Status.SNAKE, 0.01
6326, 4, 29, Status.WALL, 0.01
6327, 5, 23, Status.SNAKE, 0.01
6328, 8, 47, Status.SNAKE, 0.01
6329, 11, 81, Status.SNAKE, 0.01
6330, 4, 24, Status.SNAKE, 0.01
6331, 17, 127, Status.SNAKE, 0.01
6332, 18, 125, Status.SNAKE, 0.01
6333, 4, 24, Status.SNAKE, 0.01
6334, 8, 57, Status.SNAKE, 0.01
6335, 8, 48, Status.SNAKE, 0.01
6336, 17, 113, Status.SNAKE, 0.01
6337, 8, 71, Status.SNAKE, 0.01
6338, 11, 85, Status.SNAKE, 0.01
6339, 7, 52, Status.WALL, 0.01
6340, 8, 45, Status.SNAKE, 0.01
6341, 6, 32, Status.SNAKE, 0.01
6342, 8, 47, Status.WALL, 0.01
6343, 3, 19, Status.SNAKE, 0.01
6344, 11, 66, Status.SNAKE, 0.01
6345, 13, 82, Status.SNAKE, 0.01
6346, 5, 35, Status.SNAKE, 0.01
6347, 11, 64, Status.SNAKE, 0.01
6348, 6, 28, Status.WALL, 0.01
6349, 10, 63, Status.SNAKE, 0.01
6350, 7, 50, Status.SNAKE, 0.01
6351, 14, 88, Status.SNAKE, 0.01
6352, 8, 65, Status.SNAKE, 0.01
6353, 6, 37, Status.SNAKE, 0.01
6354, 5, 18, Status.WALL, 0.01
6355, 6, 47, Status.WALL, 0.01
6356, 8, 57, Status.SNAKE, 0.01
6357, 1, 10, Status.WALL, 0.01
6358, 9, 55, Status.SNAKE, 0.01
6359, 7, 56, Status.SNAKE, 0.01
6360, 10, 73, Status.WALL, 0.01
6361, 9, 50, Status.SNAKE, 0.01
6362, 7, 57, Status.SNAKE, 0.01
6363, 11, 73, Status.SNAKE, 0.01
6364, 13, 107, Status.SNAKE, 0.01
6365, 14, 106, Status.SNAKE, 0.01
6366, 5, 36, Status.WALL, 0.01
6367, 14, 136, Status.SNAKE, 0.01
6368, 5, 46, Status.SNAKE, 0.01
6369, 17, 119, Status.SNAKE, 0.01
6370, 5, 24, Status.SNAKE, 0.01
6371, 11, 71, Status.SNAKE, 0.01
6372, 9, 55, Status.SNAKE, 0.01
6373, 1, 7, Status.SNAKE, 0.01
6374, 9, 75, Status.SNAKE, 0.01
6375, 14, 97, Status.SNAKE, 0.01
6376, 13, 87, Status.WALL, 0.01
6377, 6, 49, Status.WALL, 0.01
6378, 5, 33, Status.SNAKE, 0.01
6379, 1, 9, Status.WALL, 0.01
6380, 8, 52, Status.WALL, 0.01
6381, 4, 26, Status.WALL, 0.01
6382, 19, 96, Status.SNAKE, 0.01
6383, 7, 38, Status.SNAKE, 0.01
6384, 5, 20, Status.SNAKE, 0.01
6385, 12, 84, Status.SNAKE, 0.01
6386, 10, 67, Status.SNAKE, 0.01
6387, 18, 105, Status.SNAKE, 0.01
6388, 14, 91, Status.SNAKE, 0.01
6389, 10, 67, Status.WALL, 0.01
6390, 3, 13, Status.WALL, 0.01
6391, 11, 65, Status.SNAKE, 0.01
6392, 18, 106, Status.SNAKE, 0.01
6393, 17, 118, Status.SNAKE, 0.01
6394, 7, 50, Status.WALL, 0.01
6395, 10, 68, Status.SNAKE, 0.01
6396, 12, 74, Status.SNAKE, 0.01
6397, 9, 53, Status.SNAKE, 0.01
6398, 13, 87, Status.SNAKE, 0.01
6399, 10, 60, Status.SNAKE, 0.01
6400, 11, 78, Status.SNAKE, 0.01
6401, 8, 67, Status.SNAKE, 0.01
6402, 5, 32, Status.SNAKE, 0.01
6403, 5, 32, Status.SNAKE, 0.01
6404, 5, 49, Status.SNAKE, 0.01
6405, 8, 59, Status.SNAKE, 0.01
6406, 9, 66, Status.SNAKE, 0.01
6407, 15, 103, Status.SNAKE, 0.01
6408, 5, 33, Status.SNAKE, 0.01
6409, 6, 54, Status.WALL, 0.01
6410, 7, 52, Status.SNAKE, 0.01
6411, 9, 66, Status.SNAKE, 0.01
6412, 9, 64, Status.SNAKE, 0.01
6413, 6, 29, Status.SNAKE, 0.01
6414, 5, 32, Status.SNAKE, 0.01
6415, 3, 12, Status.SNAKE, 0.01
6416, 5, 50, Status.WALL, 0.01
6417, 8, 47, Status.SNAKE, 0.01
6418, 13, 82, Status.SNAKE, 0.01
6419, 6, 35, Status.SNAKE, 0.01
6420, 10, 79, Status.SNAKE, 0.01
6421, 10, 75, Status.WALL, 0.01
6422, 10, 64, Status.SNAKE, 0.01
6423, 11, 82, Status.WALL, 0.01
6424, 16, 94, Status.WALL, 0.01
6425, 10, 74, Status.SNAKE, 0.01
6426, 7, 36, Status.SNAKE, 0.01
6427, 7, 59, Status.SNAKE, 0.01
6428, 17, 126, Status.SNAKE, 0.01
6429, 11, 70, Status.SNAKE, 0.01
6430, 7, 44, Status.SNAKE, 0.01
6431, 6, 35, Status.SNAKE, 0.01
6432, 9, 55, Status.SNAKE, 0.01
6433, 7, 38, Status.SNAKE, 0.01
6434, 7, 40, Status.SNAKE, 0.01
6435, 5, 45, Status.SNAKE, 0.01
6436, 13, 81, Status.SNAKE, 0.01
6437, 9, 80, Status.WALL, 0.01
6438, 5, 26, Status.SNAKE, 0.01
6439, 7, 53, Status.SNAKE, 0.01
6440, 10, 71, Status.SNAKE, 0.01
6441, 16, 108, Status.SNAKE, 0.01
6442, 6, 31, Status.SNAKE, 0.01
6443, 1, 13, Status.WALL, 0.01
6444, 12, 85, Status.SNAKE, 0.01
6445, 7, 39, Status.SNAKE, 0.01
6446, 2, 19, Status.SNAKE, 0.01
6447, 11, 95, Status.SNAKE, 0.01
6448, 4, 25, Status.SNAKE, 0.01
6449, 16, 99, Status.SNAKE, 0.01
6450, 8, 55, Status.SNAKE, 0.01
6451, 10, 51, Status.SNAKE, 0.01
6452, 10, 77, Status.SNAKE, 0.01
6453, 11, 78, Status.SNAKE, 0.01
6454, 5, 40, Status.SNAKE, 0.01
6455, 16, 113, Status.SNAKE, 0.01
6456, 9, 55, Status.SNAKE, 0.01
6457, 14, 73, Status.SNAKE, 0.01
6458, 12, 69, Status.SNAKE, 0.01
6459, 6, 34, Status.SNAKE, 0.01
6460, 13, 84, Status.SNAKE, 0.01
6461, 5, 41, Status.SNAKE, 0.01
6462, 10, 69, Status.SNAKE, 0.01
6463, 9, 61, Status.WALL, 0.01
6464, 17, 125, Status.SNAKE, 0.01
6465, 18, 100, Status.SNAKE, 0.01
6466, 17, 92, Status.SNAKE, 0.01
6467, 6, 51, Status.SNAKE, 0.01
6468, 11, 75, Status.SNAKE, 0.01
6469, 3, 23, Status.WALL, 0.01
6470, 14, 116, Status.SNAKE, 0.01
6471, 2, 8, Status.WALL, 0.01
6472, 6, 37, Status.SNAKE, 0.01
6473, 12, 75, Status.SNAKE, 0.01
6474, 4, 15, Status.SNAKE, 0.01
6475, 16, 106, Status.SNAKE, 0.01
6476, 12, 90, Status.SNAKE, 0.01
6477, 14, 84, Status.SNAKE, 0.01
6478, 10, 79, Status.SNAKE, 0.01
6479, 5, 28, Status.WALL, 0.01
6480, 7, 51, Status.WALL, 0.01
6481, 8, 50, Status.SNAKE, 0.01
6482, 5, 38, Status.WALL, 0.01
6483, 12, 98, Status.SNAKE, 0.01
6484, 6, 46, Status.WALL, 0.01
6485, 0, 6, Status.WALL, 0.01
6486, 4, 20, Status.SNAKE, 0.01
6487, 7, 69, Status.SNAKE, 0.01
6488, 5, 32, Status.SNAKE, 0.01
6489, 10, 82, Status.WALL, 0.01
6490, 13, 98, Status.SNAKE, 0.01
6491, 6, 39, Status.SNAKE, 0.01
6492, 8, 59, Status.SNAKE, 0.01
6493, 8, 36, Status.SNAKE, 0.01
6494, 5, 29, Status.SNAKE, 0.01
6495, 2, 16, Status.WALL, 0.01
6496, 7, 63, Status.SNAKE, 0.01
6497, 5, 30, Status.SNAKE, 0.01
6498, 5, 27, Status.SNAKE, 0.01
6499, 12, 101, Status.SNAKE, 0.01
6500, 12, 75, Status.SNAKE, 0.01
6501, 12, 81, Status.SNAKE, 0.01
6502, 8, 59, Status.WALL, 0.01
6503, 3, 19, Status.SNAKE, 0.01
6504, 7, 67, Status.SNAKE, 0.01
6505, 1, 5, Status.SNAKE, 0.01
6506, 9, 53, Status.WALL, 0.01
6507, 4, 29, Status.WALL, 0.01
6508, 14, 96, Status.WALL, 0.01
6509, 9, 58, Status.SNAKE, 0.01
6510, 4, 16, Status.SNAKE, 0.01
6511, 3, 23, Status.SNAKE, 0.01
6512, 4, 20, Status.SNAKE, 0.01
6513, 14, 113, Status.SNAKE, 0.01
6514, 4, 26, Status.WALL, 0.01
6515, 14, 117, Status.SNAKE, 0.01
6516, 9, 79, Status.SNAKE, 0.01
6517, 4, 25, Status.WALL, 0.01
6518, 5, 31, Status.WALL, 0.01
6519, 4, 22, Status.SNAKE, 0.01
6520, 6, 27, Status.WALL, 0.01
6521, 9, 86, Status.SNAKE, 0.01
6522, 11, 82, Status.SNAKE, 0.01
6523, 15, 113, Status.SNAKE, 0.01
6524, 10, 85, Status.SNAKE, 0.01
6525, 18, 121, Status.SNAKE, 0.01
6526, 4, 42, Status.WALL, 0.01
6527, 7, 40, Status.WALL, 0.01
6528, 15, 129, Status.SNAKE, 0.01
6529, 8, 34, Status.SNAKE, 0.01
6530, 5, 44, Status.SNAKE, 0.01
6531, 24, 156, Status.WALL, 0.01
6532, 12, 92, Status.WALL, 0.01
6533, 9, 51, Status.SNAKE, 0.01
6534, 14, 86, Status.SNAKE, 0.01
6535, 7, 45, Status.SNAKE, 0.01
6536, 17, 146, Status.SNAKE, 0.01
6537, 6, 42, Status.SNAKE, 0.01
6538, 12, 61, Status.SNAKE, 0.01
6539, 0, 7, Status.WALL, 0.01
6540, 4, 24, Status.SNAKE, 0.01
6541, 6, 32, Status.SNAKE, 0.01
6542, 9, 72, Status.SNAKE, 0.01
6543, 9, 39, Status.SNAKE, 0.01
6544, 8, 73, Status.SNAKE, 0.01
6545, 9, 70, Status.SNAKE, 0.01
6546, 4, 29, Status.WALL, 0.01
6547, 11, 67, Status.SNAKE, 0.01
6548, 6, 45, Status.SNAKE, 0.01
6549, 11, 84, Status.WALL, 0.01
6550, 16, 134, Status.SNAKE, 0.01
6551, 1, 5, Status.SNAKE, 0.01
6552, 10, 71, Status.SNAKE, 0.01
6553, 9, 77, Status.SNAKE, 0.01
6554, 2, 6, Status.SNAKE, 0.01
6555, 1, 10, Status.WALL, 0.01
6556, 7, 38, Status.SNAKE, 0.01
6557, 8, 51, Status.WALL, 0.01
6558, 7, 44, Status.SNAKE, 0.01
6559, 5, 16, Status.SNAKE, 0.01
6560, 8, 61, Status.SNAKE, 0.01
6561, 2, 12, Status.WALL, 0.01
6562, 1, 5, Status.SNAKE, 0.01
6563, 1, 10, Status.WALL, 0.01
6564, 10, 68, Status.SNAKE, 0.01
6565, 7, 42, Status.SNAKE, 0.01
6566, 17, 134, Status.SNAKE, 0.01
6567, 10, 57, Status.SNAKE, 0.01
6568, 8, 58, Status.SNAKE, 0.01
6569, 14, 127, Status.SNAKE, 0.01
6570, 9, 60, Status.SNAKE, 0.01
6571, 12, 112, Status.SNAKE, 0.01
6572, 10, 59, Status.WALL, 0.01
6573, 21, 159, Status.SNAKE, 0.01
6574, 12, 61, Status.SNAKE, 0.01
6575, 6, 50, Status.WALL, 0.01
6576, 7, 54, Status.SNAKE, 0.01
6577, 13, 85, Status.SNAKE, 0.01
6578, 16, 95, Status.SNAKE, 0.01
6579, 8, 49, Status.SNAKE, 0.01
6580, 7, 32, Status.SNAKE, 0.01
6581, 13, 96, Status.SNAKE, 0.01
6582, 2, 14, Status.SNAKE, 0.01
6583, 9, 63, Status.SNAKE, 0.01
6584, 5, 41, Status.SNAKE, 0.01
6585, 6, 26, Status.WALL, 0.01
6586, 4, 20, Status.WALL, 0.01
6587, 12, 88, Status.WALL, 0.01
6588, 4, 37, Status.SNAKE, 0.01
6589, 6, 44, Status.SNAKE, 0.01
6590, 6, 32, Status.SNAKE, 0.01
6591, 6, 48, Status.SNAKE, 0.01
6592, 6, 37, Status.SNAKE, 0.01
6593, 13, 102, Status.WALL, 0.01
6594, 11, 81, Status.SNAKE, 0.01
6595, 12, 93, Status.SNAKE, 0.01
6596, 7, 42, Status.SNAKE, 0.01
6597, 5, 27, Status.SNAKE, 0.01
6598, 6, 34, Status.SNAKE, 0.01
6599, 11, 90, Status.SNAKE, 0.01
6600, 6, 45, Status.WALL, 0.01
6601, 11, 103, Status.WALL, 0.01
6602, 15, 125, Status.WALL, 0.01
6603, 16, 105, Status.SNAKE, 0.01
6604, 2, 10, Status.WALL, 0.01
6605, 8, 57, Status.SNAKE, 0.01
6606, 2, 9, Status.SNAKE, 0.01
6607, 12, 81, Status.SNAKE, 0.01
6608, 8, 48, Status.SNAKE, 0.01
6609, 10, 66, Status.WALL, 0.01
6610, 15, 106, Status.SNAKE, 0.01
6611, 6, 33, Status.WALL, 0.01
6612, 3, 12, Status.SNAKE, 0.01
6613, 4, 23, Status.SNAKE, 0.01
6614, 22, 163, Status.WALL, 0.01
6615, 12, 64, Status.WALL, 0.01
6616, 4, 33, Status.SNAKE, 0.01
6617, 5, 30, Status.SNAKE, 0.01
6618, 13, 83, Status.SNAKE, 0.01
6619, 13, 88, Status.SNAKE, 0.01
6620, 8, 48, Status.SNAKE, 0.01
6621, 13, 82, Status.SNAKE, 0.01
6622, 7, 47, Status.SNAKE, 0.01
6623, 2, 15, Status.SNAKE, 0.01
6624, 3, 22, Status.SNAKE, 0.01
6625, 16, 90, Status.SNAKE, 0.01
6626, 7, 49, Status.SNAKE, 0.01
6627, 4, 21, Status.SNAKE, 0.01
6628, 11, 56, Status.SNAKE, 0.01
6629, 3, 19, Status.SNAKE, 0.01
6630, 14, 97, Status.SNAKE, 0.01
6631, 18, 143, Status.SNAKE, 0.01
6632, 2, 13, Status.SNAKE, 0.01
6633, 7, 54, Status.WALL, 0.01
6634, 18, 125, Status.SNAKE, 0.01
6635, 8, 42, Status.SNAKE, 0.01
6636, 5, 35, Status.SNAKE, 0.01
6637, 5, 35, Status.SNAKE, 0.01
6638, 7, 38, Status.SNAKE, 0.01
6639, 3, 16, Status.SNAKE, 0.01
6640, 7, 46, Status.SNAKE, 0.01
6641, 10, 47, Status.SNAKE, 0.01
6642, 5, 31, Status.SNAKE, 0.01
6643, 8, 75, Status.SNAKE, 0.01
6644, 4, 27, Status.SNAKE, 0.01
6645, 19, 122, Status.SNAKE, 0.01
6646, 11, 67, Status.SNAKE, 0.01
6647, 15, 128, Status.SNAKE, 0.01
6648, 8, 65, Status.SNAKE, 0.01
6649, 8, 50, Status.SNAKE, 0.01
6650, 14, 88, Status.SNAKE, 0.01
6651, 15, 102, Status.SNAKE, 0.01
6652, 6, 39, Status.WALL, 0.01
6653, 3, 21, Status.SNAKE, 0.01
6654, 3, 19, Status.SNAKE, 0.01
6655, 8, 55, Status.SNAKE, 0.01
6656, 8, 44, Status.WALL, 0.01
6657, 6, 46, Status.WALL, 0.01
6658, 13, 86, Status.WALL, 0.01
6659, 3, 28, Status.SNAKE, 0.01
6660, 14, 77, Status.SNAKE, 0.01
6661, 7, 37, Status.SNAKE, 0.01
6662, 7, 45, Status.SNAKE, 0.01
6663, 11, 72, Status.SNAKE, 0.01
6664, 11, 68, Status.SNAKE, 0.01
6665, 1, 11, Status.WALL, 0.01
6666, 7, 39, Status.SNAKE, 0.01
6667, 13, 87, Status.SNAKE, 0.01
6668, 11, 69, Status.SNAKE, 0.01
6669, 11, 80, Status.SNAKE, 0.01
6670, 4, 23, Status.WALL, 0.01
6671, 9, 63, Status.WALL, 0.01
6672, 5, 34, Status.WALL, 0.01
6673, 10, 90, Status.SNAKE, 0.01
6674, 5, 38, Status.SNAKE, 0.01
6675, 6, 37, Status.SNAKE, 0.01
6676, 11, 57, Status.WALL, 0.01
6677, 9, 61, Status.WALL, 0.01
6678, 10, 69, Status.SNAKE, 0.01
6679, 11, 65, Status.WALL, 0.01
6680, 12, 115, Status.SNAKE, 0.01
6681, 7, 42, Status.SNAKE, 0.01
6682, 7, 51, Status.SNAKE, 0.01
6683, 12, 74, Status.SNAKE, 0.01
6684, 10, 66, Status.SNAKE, 0.01
6685, 12, 85, Status.SNAKE, 0.01
6686, 18, 136, Status.WALL, 0.01
6687, 13, 105, Status.SNAKE, 0.01
6688, 18, 135, Status.SNAKE, 0.01
6689, 10, 68, Status.SNAKE, 0.01
6690, 9, 64, Status.SNAKE, 0.01
6691, 21, 119, Status.WALL, 0.01
6692, 7, 74, Status.SNAKE, 0.01
6693, 9, 43, Status.SNAKE, 0.01
6694, 14, 72, Status.SNAKE, 0.01
6695, 4, 26, Status.SNAKE, 0.01
6696, 6, 52, Status.WALL, 0.01
6697, 3, 19, Status.SNAKE, 0.01
6698, 7, 43, Status.SNAKE, 0.01
6699, 5, 26, Status.SNAKE, 0.01
6700, 3, 27, Status.SNAKE, 0.01
6701, 8, 50, Status.SNAKE, 0.01
6702, 16, 96, Status.SNAKE, 0.01
6703, 6, 38, Status.SNAKE, 0.01
6704, 10, 64, Status.SNAKE, 0.01
6705, 11, 80, Status.SNAKE, 0.01
6706, 9, 52, Status.SNAKE, 0.01
6707, 13, 103, Status.SNAKE, 0.01
6708, 5, 34, Status.WALL, 0.01
6709, 7, 58, Status.SNAKE, 0.01
6710, 7, 55, Status.SNAKE, 0.01
6711, 13, 78, Status.SNAKE, 0.01
6712, 5, 57, Status.SNAKE, 0.01
6713, 15, 120, Status.SNAKE, 0.01
6714, 3, 28, Status.SNAKE, 0.01
6715, 12, 68, Status.SNAKE, 0.01
6716, 6, 39, Status.SNAKE, 0.01
6717, 14, 75, Status.SNAKE, 0.01
6718, 10, 101, Status.WALL, 0.01
6719, 7, 49, Status.SNAKE, 0.01
6720, 13, 87, Status.SNAKE, 0.01
6721, 9, 59, Status.WALL, 0.01
6722, 5, 37, Status.SNAKE, 0.01
6723, 6, 45, Status.WALL, 0.01
6724, 15, 82, Status.SNAKE, 0.01
6725, 5, 40, Status.SNAKE, 0.01
6726, 3, 9, Status.SNAKE, 0.01
6727, 9, 63, Status.SNAKE, 0.01
6728, 5, 40, Status.SNAKE, 0.01
6729, 10, 65, Status.SNAKE, 0.01
6730, 8, 37, Status.SNAKE, 0.01
6731, 8, 54, Status.SNAKE, 0.01
6732, 13, 93, Status.SNAKE, 0.01
6733, 5, 16, Status.WALL, 0.01
6734, 8, 63, Status.SNAKE, 0.01
6735, 16, 94, Status.SNAKE, 0.01
6736, 17, 99, Status.SNAKE, 0.01
6737, 8, 61, Status.SNAKE, 0.01
6738, 6, 29, Status.SNAKE, 0.01
6739, 10, 55, Status.SNAKE, 0.01
6740, 7, 47, Status.WALL, 0.01
6741, 10, 86, Status.SNAKE, 0.01
6742, 5, 31, Status.SNAKE, 0.01
6743, 1, 5, Status.SNAKE, 0.01
6744, 13, 84, Status.SNAKE, 0.01
6745, 14, 105, Status.SNAKE, 0.01
6746, 8, 68, Status.SNAKE, 0.01
6747, 2, 24, Status.WALL, 0.01
6748, 15, 115, Status.SNAKE, 0.01
6749, 9, 56, Status.SNAKE, 0.01
6750, 7, 54, Status.SNAKE, 0.01
6751, 12, 62, Status.WALL, 0.01
6752, 4, 20, Status.SNAKE, 0.01
6753, 11, 98, Status.SNAKE, 0.01
6754, 4, 12, Status.SNAKE, 0.01
6755, 3, 23, Status.WALL, 0.01
6756, 5, 34, Status.SNAKE, 0.01
6757, 3, 23, Status.WALL, 0.01
6758, 2, 6, Status.WALL, 0.01
6759, 11, 73, Status.WALL, 0.01
6760, 8, 67, Status.SNAKE, 0.01
6761, 13, 104, Status.WALL, 0.01
6762, 18, 131, Status.WALL, 0.01
6763, 1, 13, Status.WALL, 0.01
6764, 5, 31, Status.SNAKE, 0.01
6765, 10, 56, Status.SNAKE, 0.01
6766, 3, 15, Status.WALL, 0.01
6767, 7, 56, Status.SNAKE, 0.01
6768, 10, 63, Status.WALL, 0.01
6769, 15, 111, Status.SNAKE, 0.01
6770, 2, 14, Status.SNAKE, 0.01
6771, 12, 69, Status.SNAKE, 0.01
6772, 5, 35, Status.SNAKE, 0.01
6773, 18, 137, Status.SNAKE, 0.01
6774, 4, 37, Status.WALL, 0.01
6775, 2, 19, Status.WALL, 0.01
6776, 5, 38, Status.WALL, 0.01
6777, 15, 95, Status.SNAKE, 0.01
6778, 1, 13, Status.WALL, 0.01
6779, 2, 21, Status.WALL, 0.01
6780, 10, 74, Status.SNAKE, 0.01
6781, 3, 18, Status.SNAKE, 0.01
6782, 12, 98, Status.SNAKE, 0.01
6783, 6, 38, Status.SNAKE, 0.01
6784, 13, 104, Status.SNAKE, 0.01
6785, 15, 100, Status.SNAKE, 0.01
6786, 14, 120, Status.SNAKE, 0.01
6787, 14, 113, Status.SNAKE, 0.01
6788, 6, 40, Status.SNAKE, 0.01
6789, 6, 33, Status.WALL, 0.01
6790, 12, 86, Status.SNAKE, 0.01
6791, 3, 14, Status.SNAKE, 0.01
6792, 15, 109, Status.WALL, 0.01
6793, 12, 84, Status.SNAKE, 0.01
6794, 7, 49, Status.WALL, 0.01
6795, 3, 21, Status.WALL, 0.01
6796, 15, 105, Status.WALL, 0.01
6797, 11, 54, Status.SNAKE, 0.01
6798, 11, 70, Status.SNAKE, 0.01
6799, 1, 8, Status.WALL, 0.01
6800, 18, 125, Status.SNAKE, 0.01
6801, 5, 28, Status.SNAKE, 0.01
6802, 4, 26, Status.SNAKE, 0.01
6803, 9, 64, Status.WALL, 0.01
6804, 8, 42, Status.SNAKE, 0.01
6805, 10, 92, Status.SNAKE, 0.01
6806, 6, 29, Status.SNAKE, 0.01
6807, 5, 30, Status.SNAKE, 0.01
6808, 9, 45, Status.SNAKE, 0.01
6809, 14, 110, Status.SNAKE, 0.01
6810, 10, 59, Status.WALL, 0.01
6811, 5, 37, Status.SNAKE, 0.01
6812, 12, 84, Status.SNAKE, 0.01
6813, 3, 17, Status.SNAKE, 0.01
6814, 15, 103, Status.SNAKE, 0.01
6815, 5, 31, Status.SNAKE, 0.01
6816, 3, 10, Status.WALL, 0.01
6817, 9, 57, Status.SNAKE, 0.01
6818, 13, 86, Status.SNAKE, 0.01
6819, 8, 52, Status.SNAKE, 0.01
6820, 13, 110, Status.SNAKE, 0.01
6821, 16, 117, Status.SNAKE, 0.01
6822, 18, 129, Status.SNAKE, 0.01
6823, 12, 68, Status.WALL, 0.01
6824, 7, 34, Status.SNAKE, 0.01
6825, 3, 18, Status.SNAKE, 0.01
6826, 15, 96, Status.SNAKE, 0.01
6827, 6, 45, Status.SNAKE, 0.01
6828, 7, 38, Status.SNAKE, 0.01
6829, 16, 112, Status.SNAKE, 0.01
6830, 18, 143, Status.SNAKE, 0.01
6831, 9, 83, Status.SNAKE, 0.01
6832, 9, 78, Status.SNAKE, 0.01
6833, 11, 73, Status.SNAKE, 0.01
6834, 8, 44, Status.SNAKE, 0.01
6835, 9, 45, Status.SNAKE, 0.01
6836, 12, 91, Status.SNAKE, 0.01
6837, 13, 78, Status.SNAKE, 0.01
6838, 9, 59, Status.SNAKE, 0.01
6839, 12, 85, Status.SNAKE, 0.01
6840, 11, 62, Status.SNAKE, 0.01
6841, 10, 45, Status.WALL, 0.01
6842, 17, 108, Status.SNAKE, 0.01
6843, 14, 128, Status.WALL, 0.01
6844, 23, 149, Status.SNAKE, 0.01
6845, 13, 101, Status.SNAKE, 0.01
6846, 8, 62, Status.WALL, 0.01
6847, 2, 19, Status.WALL, 0.01
6848, 9, 34, Status.SNAKE, 0.01
6849, 16, 111, Status.SNAKE, 0.01
6850, 8, 57, Status.WALL, 0.01
6851, 4, 27, Status.SNAKE, 0.01
6852, 4, 35, Status.SNAKE, 0.01
6853, 11, 78, Status.SNAKE, 0.01
6854, 18, 110, Status.WALL, 0.01
6855, 8, 49, Status.SNAKE, 0.01
6856, 10, 75, Status.SNAKE, 0.01
6857, 14, 107, Status.SNAKE, 0.01
6858, 14, 108, Status.SNAKE, 0.01
6859, 3, 18, Status.SNAKE, 0.01
6860, 6, 25, Status.SNAKE, 0.01
6861, 15, 119, Status.WALL, 0.01
6862, 6, 36, Status.SNAKE, 0.01
6863, 6, 33, Status.WALL, 0.01
6864, 14, 102, Status.SNAKE, 0.01
6865, 8, 43, Status.WALL, 0.01
6866, 8, 50, Status.SNAKE, 0.01
6867, 21, 147, Status.SNAKE, 0.01
6868, 7, 40, Status.SNAKE, 0.01
6869, 4, 24, Status.WALL, 0.01
6870, 13, 104, Status.WALL, 0.01
6871, 11, 76, Status.SNAKE, 0.01
6872, 13, 99, Status.SNAKE, 0.01
6873, 5, 37, Status.SNAKE, 0.01
6874, 3, 10, Status.SNAKE, 0.01
6875, 9, 68, Status.SNAKE, 0.01
6876, 15, 111, Status.SNAKE, 0.01
6877, 7, 43, Status.SNAKE, 0.01
6878, 7, 43, Status.SNAKE, 0.01
6879, 7, 34, Status.SNAKE, 0.01
6880, 9, 74, Status.SNAKE, 0.01
6881, 6, 42, Status.WALL, 0.01
6882, 2, 19, Status.WALL, 0.01
6883, 11, 70, Status.SNAKE, 0.01
6884, 5, 29, Status.WALL, 0.01
6885, 0, 8, Status.WALL, 0.01
6886, 13, 94, Status.WALL, 0.01
6887, 11, 71, Status.SNAKE, 0.01
6888, 5, 45, Status.SNAKE, 0.01
6889, 2, 24, Status.WALL, 0.01
6890, 3, 42, Status.WALL, 0.01
6891, 11, 61, Status.SNAKE, 0.01
6892, 7, 33, Status.SNAKE, 0.01
6893, 1, 7, Status.WALL, 0.01
6894, 5, 26, Status.SNAKE, 0.01
6895, 4, 26, Status.SNAKE, 0.01
6896, 8, 61, Status.WALL, 0.01
6897, 7, 50, Status.SNAKE, 0.01
6898, 6, 46, Status.SNAKE, 0.01
6899, 10, 38, Status.SNAKE, 0.01
6900, 10, 65, Status.WALL, 0.01
6901, 9, 59, Status.SNAKE, 0.01
6902, 5, 31, Status.WALL, 0.01
6903, 9, 43, Status.SNAKE, 0.01
6904, 3, 25, Status.WALL, 0.01
6905, 8, 59, Status.SNAKE, 0.01
6906, 11, 69, Status.SNAKE, 0.01
6907, 8, 42, Status.SNAKE, 0.01
6908, 9, 57, Status.SNAKE, 0.01
6909, 10, 51, Status.SNAKE, 0.01
6910, 2, 13, Status.SNAKE, 0.01
6911, 8, 80, Status.SNAKE, 0.01
6912, 5, 29, Status.SNAKE, 0.01
6913, 5, 24, Status.WALL, 0.01
6914, 1, 6, Status.SNAKE, 0.01
6915, 4, 38, Status.WALL, 0.01
6916, 1, 10, Status.SNAKE, 0.01
6917, 12, 82, Status.SNAKE, 0.01
6918, 6, 34, Status.SNAKE, 0.01
6919, 6, 39, Status.SNAKE, 0.01
6920, 1, 10, Status.WALL, 0.01
6921, 15, 108, Status.SNAKE, 0.01
6922, 11, 56, Status.WALL, 0.01
6923, 17, 134, Status.WALL, 0.01
6924, 5, 43, Status.SNAKE, 0.01
6925, 9, 64, Status.SNAKE, 0.01
6926, 9, 64, Status.SNAKE, 0.01
6927, 22, 118, Status.SNAKE, 0.01
6928, 0, 6, Status.WALL, 0.01
6929, 5, 45, Status.SNAKE, 0.01
6930, 15, 133, Status.SNAKE, 0.01
6931, 10, 71, Status.SNAKE, 0.01
6932, 8, 57, Status.SNAKE, 0.01
6933, 17, 116, Status.WALL, 0.01
6934, 1, 17, Status.WALL, 0.01
6935, 12, 90, Status.SNAKE, 0.01
6936, 7, 59, Status.WALL, 0.01
6937, 8, 52, Status.WALL, 0.01
6938, 7, 38, Status.WALL, 0.01
6939, 2, 21, Status.WALL, 0.01
6940, 4, 25, Status.SNAKE, 0.01
6941, 13, 88, Status.SNAKE, 0.01
6942, 12, 85, Status.SNAKE, 0.01
6943, 3, 31, Status.WALL, 0.01
6944, 11, 60, Status.SNAKE, 0.01
6945, 3, 20, Status.SNAKE, 0.01
6946, 7, 50, Status.SNAKE, 0.01
6947, 17, 113, Status.SNAKE, 0.01
6948, 13, 91, Status.SNAKE, 0.01
6949, 10, 64, Status.SNAKE, 0.01
6950, 9, 58, Status.SNAKE, 0.01
6951, 12, 92, Status.SNAKE, 0.01
6952, 5, 16, Status.SNAKE, 0.01
6953, 8, 58, Status.SNAKE, 0.01
6954, 4, 28, Status.WALL, 0.01
6955, 6, 46, Status.WALL, 0.01
6956, 10, 49, Status.WALL, 0.01
6957, 17, 125, Status.SNAKE, 0.01
6958, 3, 12, Status.WALL, 0.01
6959, 3, 22, Status.WALL, 0.01
6960, 10, 65, Status.SNAKE, 0.01
6961, 6, 29, Status.SNAKE, 0.01
6962, 3, 20, Status.WALL, 0.01
6963, 10, 75, Status.SNAKE, 0.01
6964, 13, 88, Status.SNAKE, 0.01
6965, 11, 108, Status.SNAKE, 0.01
6966, 7, 48, Status.WALL, 0.01
6967, 14, 108, Status.WALL, 0.01
6968, 14, 98, Status.SNAKE, 0.01
6969, 7, 47, Status.SNAKE, 0.01
6970, 5, 40, Status.WALL, 0.01
6971, 0, 7, Status.WALL, 0.01
6972, 2, 11, Status.SNAKE, 0.01
6973, 2, 24, Status.WALL, 0.01
6974, 3, 13, Status.WALL, 0.01
6975, 0, 8, Status.WALL, 0.01
6976, 2, 7, Status.WALL, 0.01
6977, 11, 71, Status.SNAKE, 0.01
6978, 7, 51, Status.SNAKE, 0.01
6979, 15, 96, Status.SNAKE, 0.01
6980, 7, 77, Status.SNAKE, 0.01
6981, 7, 36, Status.SNAKE, 0.01
6982, 12, 84, Status.SNAKE, 0.01
6983, 18, 110, Status.SNAKE, 0.01
6984, 4, 26, Status.SNAKE, 0.01
6985, 8, 63, Status.SNAKE, 0.01
6986, 11, 78, Status.SNAKE, 0.01
6987, 11, 81, Status.SNAKE, 0.01
6988, 10, 64, Status.WALL, 0.01
6989, 13, 103, Status.WALL, 0.01
6990, 15, 83, Status.WALL, 0.01
6991, 22, 150, Status.SNAKE, 0.01
6992, 9, 68, Status.SNAKE, 0.01
6993, 13, 71, Status.WALL, 0.01
6994, 1, 6, Status.WALL, 0.01
6995, 16, 97, Status.SNAKE, 0.01
6996, 6, 38, Status.SNAKE, 0.01
6997, 12, 102, Status.WALL, 0.01
6998, 8, 64, Status.SNAKE, 0.01
6999, 14, 128, Status.SNAKE, 0.01
7000, 17, 115, Status.SNAKE, 0.01
7001, 8, 48, Status.SNAKE, 0.01
7002, 14, 110, Status.SNAKE, 0.01
7003, 3, 20, Status.SNAKE, 0.01
7004, 7, 49, Status.SNAKE, 0.01
7005, 18, 124, Status.SNAKE, 0.01
7006, 11, 103, Status.SNAKE, 0.01
7007, 10, 84, Status.SNAKE, 0.01
7008, 10, 72, Status.SNAKE, 0.01
7009, 7, 40, Status.SNAKE, 0.01
7010, 1, 10, Status.SNAKE, 0.01
7011, 8, 44, Status.SNAKE, 0.01
7012, 6, 31, Status.SNAKE, 0.01
7013, 9, 64, Status.SNAKE, 0.01
7014, 9, 52, Status.WALL, 0.01
7015, 6, 53, Status.SNAKE, 0.01
7016, 14, 90, Status.SNAKE, 0.01
7017, 20, 133, Status.SNAKE, 0.01
7018, 8, 65, Status.SNAKE, 0.01
7019, 18, 138, Status.SNAKE, 0.01
7020, 3, 10, Status.WALL, 0.01
7021, 5, 33, Status.SNAKE, 0.01
7022, 7, 38, Status.SNAKE, 0.01
7023, 8, 58, Status.WALL, 0.01
7024, 13, 106, Status.SNAKE, 0.01
7025, 5, 43, Status.WALL, 0.01
7026, 7, 43, Status.SNAKE, 0.01
7027, 9, 58, Status.WALL, 0.01
7028, 12, 81, Status.SNAKE, 0.01
7029, 5, 28, Status.SNAKE, 0.01
7030, 6, 50, Status.SNAKE, 0.01
7031, 11, 56, Status.SNAKE, 0.01
7032, 6, 35, Status.SNAKE, 0.01
7033, 5, 32, Status.SNAKE, 0.01
7034, 6, 36, Status.SNAKE, 0.01
7035, 10, 78, Status.SNAKE, 0.01
7036, 3, 16, Status.WALL, 0.01
7037, 4, 29, Status.WALL, 0.01
7038, 6, 40, Status.SNAKE, 0.01
7039, 6, 38, Status.SNAKE, 0.01
7040, 2, 7, Status.WALL, 0.01
7041, 11, 96, Status.SNAKE, 0.01
7042, 5, 46, Status.SNAKE, 0.01
7043, 5, 34, Status.SNAKE, 0.01
7044, 11, 78, Status.SNAKE, 0.01
7045, 9, 53, Status.SNAKE, 0.01
7046, 8, 31, Status.SNAKE, 0.01
7047, 18, 118, Status.SNAKE, 0.01
7048, 6, 23, Status.SNAKE, 0.01
7049, 10, 72, Status.SNAKE, 0.01
7050, 2, 17, Status.SNAKE, 0.01
7051, 6, 38, Status.SNAKE, 0.01
7052, 13, 82, Status.SNAKE, 0.01
7053, 7, 34, Status.WALL, 0.01
7054, 14, 87, Status.SNAKE, 0.01
7055, 9, 63, Status.SNAKE, 0.01
7056, 3, 21, Status.SNAKE, 0.01
7057, 7, 44, Status.WALL, 0.01
7058, 9, 53, Status.SNAKE, 0.01
7059, 7, 54, Status.SNAKE, 0.01
7060, 13, 76, Status.SNAKE, 0.01
7061, 15, 98, Status.SNAKE, 0.01
7062, 3, 20, Status.WALL, 0.01
7063, 3, 12, Status.SNAKE, 0.01
7064, 17, 106, Status.SNAKE, 0.01
7065, 2, 15, Status.WALL, 0.01
7066, 12, 63, Status.SNAKE, 0.01
7067, 10, 56, Status.SNAKE, 0.01
7068, 5, 33, Status.SNAKE, 0.01
7069, 13, 101, Status.WALL, 0.01
7070, 2, 12, Status.SNAKE, 0.01
7071, 19, 119, Status.SNAKE, 0.01
7072, 9, 63, Status.SNAKE, 0.01
7073, 9, 47, Status.SNAKE, 0.01
7074, 11, 72, Status.WALL, 0.01
7075, 4, 25, Status.SNAKE, 0.01
7076, 3, 19, Status.SNAKE, 0.01
7077, 3, 22, Status.WALL, 0.01
7078, 2, 15, Status.SNAKE, 0.01
7079, 5, 37, Status.SNAKE, 0.01
7080, 5, 36, Status.SNAKE, 0.01
7081, 11, 60, Status.SNAKE, 0.01
7082, 15, 77, Status.SNAKE, 0.01
7083, 10, 88, Status.WALL, 0.01
7084, 12, 77, Status.SNAKE, 0.01
7085, 10, 63, Status.SNAKE, 0.01
7086, 13, 74, Status.SNAKE, 0.01
7087, 11, 66, Status.SNAKE, 0.01
7088, 2, 16, Status.SNAKE, 0.01
7089, 3, 18, Status.SNAKE, 0.01
7090, 13, 75, Status.SNAKE, 0.01
7091, 12, 76, Status.SNAKE, 0.01
7092, 5, 19, Status.SNAKE, 0.01
7093, 12, 88, Status.WALL, 0.01
7094, 12, 98, Status.SNAKE, 0.01
7095, 10, 60, Status.SNAKE, 0.01
7096, 7, 37, Status.WALL, 0.01
7097, 16, 112, Status.WALL, 0.01
7098, 5, 32, Status.WALL, 0.01
7099, 7, 53, Status.SNAKE, 0.01
7100, 13, 72, Status.SNAKE, 0.01
7101, 13, 85, Status.SNAKE, 0.01
7102, 6, 40, Status.WALL, 0.01
7103, 3, 13, Status.SNAKE, 0.01
7104, 6, 31, Status.SNAKE, 0.01
7105, 8, 53, Status.SNAKE, 0.01
7106, 4, 30, Status.SNAKE, 0.01
7107, 8, 43, Status.SNAKE, 0.01
7108, 14, 73, Status.SNAKE, 0.01
7109, 5, 34, Status.SNAKE, 0.01
7110, 6, 44, Status.SNAKE, 0.01
7111, 8, 56, Status.SNAKE, 0.01
7112, 13, 109, Status.SNAKE, 0.01
7113, 9, 67, Status.WALL, 0.01
7114, 11, 87, Status.WALL, 0.01
7115, 5, 53, Status.WALL, 0.01
7116, 11, 67, Status.SNAKE, 0.01
7117, 13, 66, Status.SNAKE, 0.01
7118, 1, 14, Status.SNAKE, 0.01
7119, 8, 36, Status.SNAKE, 0.01
7120, 3, 13, Status.SNAKE, 0.01
7121, 11, 78, Status.SNAKE, 0.01
7122, 7, 40, Status.SNAKE, 0.01
7123, 2, 13, Status.WALL, 0.01
7124, 9, 85, Status.SNAKE, 0.01
7125, 6, 40, Status.SNAKE, 0.01
7126, 6, 40, Status.WALL, 0.01
7127, 5, 25, Status.SNAKE, 0.01
7128, 14, 100, Status.SNAKE, 0.01
7129, 13, 78, Status.SNAKE, 0.01
7130, 13, 90, Status.SNAKE, 0.01
7131, 9, 62, Status.SNAKE, 0.01
7132, 12, 81, Status.WALL, 0.01
7133, 3, 23, Status.SNAKE, 0.01
7134, 10, 77, Status.SNAKE, 0.01
7135, 14, 90, Status.SNAKE, 0.01
7136, 12, 73, Status.WALL, 0.01
7137, 15, 111, Status.SNAKE, 0.01
7138, 6, 34, Status.SNAKE, 0.01
7139, 11, 61, Status.SNAKE, 0.01
7140, 8, 43, Status.WALL, 0.01
7141, 14, 103, Status.SNAKE, 0.01
7142, 10, 60, Status.SNAKE, 0.01
7143, 8, 54, Status.WALL, 0.01
7144, 13, 68, Status.SNAKE, 0.01
7145, 14, 104, Status.SNAKE, 0.01
7146, 6, 41, Status.SNAKE, 0.01
7147, 14, 132, Status.SNAKE, 0.01
7148, 14, 79, Status.SNAKE, 0.01
7149, 16, 120, Status.SNAKE, 0.01
7150, 3, 15, Status.SNAKE, 0.01
7151, 15, 107, Status.SNAKE, 0.01
7152, 1, 8, Status.SNAKE, 0.01
7153, 9, 46, Status.SNAKE, 0.01
7154, 6, 56, Status.SNAKE, 0.01
7155, 13, 86, Status.SNAKE, 0.01
7156, 12, 76, Status.SNAKE, 0.01
7157, 14, 101, Status.SNAKE, 0.01
7158, 6, 58, Status.SNAKE, 0.01
7159, 4, 29, Status.SNAKE, 0.01
7160, 3, 11, Status.WALL, 0.01
7161, 10, 57, Status.SNAKE, 0.01
7162, 7, 49, Status.SNAKE, 0.01
7163, 3, 20, Status.SNAKE, 0.01
7164, 5, 23, Status.SNAKE, 0.01
7165, 10, 58, Status.SNAKE, 0.01
7166, 4, 33, Status.WALL, 0.01
7167, 5, 24, Status.SNAKE, 0.01
7168, 11, 80, Status.SNAKE, 0.01
7169, 14, 119, Status.SNAKE, 0.01
7170, 6, 35, Status.SNAKE, 0.01
7171, 11, 95, Status.SNAKE, 0.01
7172, 1, 9, Status.WALL, 0.01
7173, 2, 18, Status.SNAKE, 0.01
7174, 13, 83, Status.SNAKE, 0.01
7175, 5, 68, Status.WALL, 0.01
7176, 6, 50, Status.SNAKE, 0.01
7177, 1, 5, Status.SNAKE, 0.01
7178, 7, 42, Status.SNAKE, 0.01
7179, 15, 95, Status.SNAKE, 0.01
7180, 9, 56, Status.SNAKE, 0.01
7181, 11, 63, Status.SNAKE, 0.01
7182, 4, 30, Status.WALL, 0.01
7183, 6, 44, Status.SNAKE, 0.01
7184, 10, 66, Status.SNAKE, 0.01
7185, 16, 86, Status.SNAKE, 0.01
7186, 10, 74, Status.SNAKE, 0.01
7187, 6, 41, Status.SNAKE, 0.01
7188, 10, 52, Status.SNAKE, 0.01
7189, 7, 28, Status.SNAKE, 0.01
7190, 5, 24, Status.WALL, 0.01
7191, 9, 79, Status.SNAKE, 0.01
7192, 9, 56, Status.SNAKE, 0.01
7193, 16, 107, Status.SNAKE, 0.01
7194, 9, 54, Status.SNAKE, 0.01
7195, 13, 88, Status.SNAKE, 0.01
7196, 7, 59, Status.SNAKE, 0.01
7197, 9, 65, Status.WALL, 0.01
7198, 5, 26, Status.SNAKE, 0.01
7199, 10, 61, Status.WALL, 0.01
7200, 11, 78, Status.SNAKE, 0.01
7201, 16, 105, Status.SNAKE, 0.01
7202, 8, 55, Status.SNAKE, 0.01
7203, 10, 89, Status.SNAKE, 0.01
7204, 4, 22, Status.SNAKE, 0.01
7205, 7, 45, Status.SNAKE, 0.01
7206, 12, 78, Status.SNAKE, 0.01
7207, 7, 33, Status.SNAKE, 0.01
7208, 7, 41, Status.SNAKE, 0.01
7209, 9, 53, Status.SNAKE, 0.01
7210, 1, 3, Status.SNAKE, 0.01
7211, 7, 51, Status.SNAKE, 0.01
7212, 4, 27, Status.SNAKE, 0.01
7213, 17, 107, Status.SNAKE, 0.01
7214, 12, 71, Status.SNAKE, 0.01
7215, 16, 127, Status.SNAKE, 0.01
7216, 9, 70, Status.SNAKE, 0.01
7217, 6, 31, Status.SNAKE, 0.01
7218, 14, 117, Status.SNAKE, 0.01
7219, 17, 123, Status.SNAKE, 0.01
7220, 14, 88, Status.SNAKE, 0.01
7221, 15, 118, Status.SNAKE, 0.01
7222, 8, 66, Status.WALL, 0.01
7223, 15, 78, Status.SNAKE, 0.01
7224, 5, 35, Status.SNAKE, 0.01
7225, 12, 77, Status.SNAKE, 0.01
7226, 20, 139, Status.SNAKE, 0.01
7227, 11, 58, Status.SNAKE, 0.01
7228, 7, 29, Status.SNAKE, 0.01
7229, 3, 24, Status.SNAKE, 0.01
7230, 4, 31, Status.SNAKE, 0.01
7231, 13, 77, Status.WALL, 0.01
7232, 7, 52, Status.WALL, 0.01
7233, 20, 149, Status.SNAKE, 0.01
7234, 9, 46, Status.SNAKE, 0.01
7235, 5, 32, Status.WALL, 0.01
7236, 10, 71, Status.SNAKE, 0.01
7237, 8, 34, Status.WALL, 0.01
7238, 11, 67, Status.SNAKE, 0.01
7239, 10, 51, Status.SNAKE, 0.01
7240, 7, 35, Status.SNAKE, 0.01
7241, 8, 58, Status.SNAKE, 0.01
7242, 9, 59, Status.SNAKE, 0.01
7243, 13, 79, Status.SNAKE, 0.01
7244, 6, 51, Status.SNAKE, 0.01
7245, 8, 55, Status.SNAKE, 0.01
7246, 19, 119, Status.SNAKE, 0.01
7247, 6, 26, Status.WALL, 0.01
7248, 1, 3, Status.SNAKE, 0.01
7249, 5, 31, Status.SNAKE, 0.01
7250, 6, 26, Status.SNAKE, 0.01
7251, 15, 98, Status.WALL, 0.01
7252, 11, 93, Status.SNAKE, 0.01
7253, 13, 80, Status.SNAKE, 0.01
7254, 6, 33, Status.SNAKE, 0.01
7255, 1, 23, Status.WALL, 0.01
7256, 6, 41, Status.SNAKE, 0.01
7257, 15, 114, Status.SNAKE, 0.01
7258, 17, 120, Status.SNAKE, 0.01
7259, 1, 3, Status.SNAKE, 0.01
7260, 8, 43, Status.WALL, 0.01
7261, 6, 27, Status.SNAKE, 0.01
7262, 11, 72, Status.SNAKE, 0.01
7263, 1, 8, Status.WALL, 0.01
7264, 17, 115, Status.SNAKE, 0.01
7265, 10, 78, Status.WALL, 0.01
7266, 9, 49, Status.WALL, 0.01
7267, 11, 111, Status.SNAKE, 0.01
7268, 10, 66, Status.SNAKE, 0.01
7269, 17, 105, Status.SNAKE, 0.01
7270, 12, 95, Status.SNAKE, 0.01
7271, 12, 78, Status.SNAKE, 0.01
7272, 12, 73, Status.WALL, 0.01
7273, 12, 55, Status.SNAKE, 0.01
7274, 15, 126, Status.SNAKE, 0.01
7275, 18, 133, Status.SNAKE, 0.01
7276, 4, 26, Status.WALL, 0.01
7277, 13, 83, Status.SNAKE, 0.01
7278, 11, 66, Status.SNAKE, 0.01
7279, 9, 63, Status.SNAKE, 0.01
7280, 2, 16, Status.WALL, 0.01
7281, 20, 156, Status.SNAKE, 0.01
7282, 17, 106, Status.SNAKE, 0.01
7283, 14, 101, Status.SNAKE, 0.01
7284, 2, 7, Status.SNAKE, 0.01
7285, 2, 17, Status.SNAKE, 0.01
7286, 12, 60, Status.SNAKE, 0.01
7287, 7, 41, Status.SNAKE, 0.01
7288, 12, 100, Status.SNAKE, 0.01
7289, 9, 56, Status.SNAKE, 0.01
7290, 3, 20, Status.SNAKE, 0.01
7291, 15, 98, Status.SNAKE, 0.01
7292, 17, 105, Status.SNAKE, 0.01
7293, 13, 98, Status.SNAKE, 0.01
7294, 5, 40, Status.SNAKE, 0.01
7295, 13, 105, Status.SNAKE, 0.01
7296, 7, 53, Status.SNAKE, 0.01
7297, 8, 66, Status.SNAKE, 0.01
7298, 21, 164, Status.SNAKE, 0.01
7299, 7, 52, Status.SNAKE, 0.01
7300, 9, 76, Status.SNAKE, 0.01
7301, 10, 62, Status.SNAKE, 0.01
7302, 3, 7, Status.SNAKE, 0.01
7303, 8, 66, Status.SNAKE, 0.01
7304, 9, 61, Status.SNAKE, 0.01
7305, 6, 41, Status.SNAKE, 0.01
7306, 7, 47, Status.SNAKE, 0.01
7307, 6, 34, Status.SNAKE, 0.01
7308, 7, 56, Status.SNAKE, 0.01
7309, 7, 45, Status.SNAKE, 0.01
7310, 5, 46, Status.SNAKE, 0.01
7311, 7, 47, Status.SNAKE, 0.01
7312, 10, 62, Status.SNAKE, 0.01
7313, 3, 19, Status.SNAKE, 0.01
7314, 4, 29, Status.SNAKE, 0.01
7315, 2, 19, Status.SNAKE, 0.01
7316, 8, 61, Status.SNAKE, 0.01
7317, 4, 25, Status.SNAKE, 0.01
7318, 8, 65, Status.SNAKE, 0.01
7319, 1, 8, Status.WALL, 0.01
7320, 8, 42, Status.SNAKE, 0.01
7321, 14, 131, Status.SNAKE, 0.01
7322, 8, 36, Status.SNAKE, 0.01
7323, 8, 42, Status.WALL, 0.01
7324, 3, 23, Status.WALL, 0.01
7325, 2, 19, Status.SNAKE, 0.01
7326, 15, 98, Status.SNAKE, 0.01
7327, 5, 35, Status.SNAKE, 0.01
7328, 2, 11, Status.WALL, 0.01
7329, 5, 26, Status.SNAKE, 0.01
7330, 3, 19, Status.SNAKE, 0.01
7331, 14, 104, Status.SNAKE, 0.01
7332, 8, 37, Status.SNAKE, 0.01
7333, 6, 49, Status.WALL, 0.01
7334, 2, 12, Status.WALL, 0.01
7335, 6, 47, Status.SNAKE, 0.01
7336, 11, 108, Status.WALL, 0.01
7337, 8, 41, Status.SNAKE, 0.01
7338, 11, 56, Status.WALL, 0.01
7339, 8, 47, Status.SNAKE, 0.01
7340, 8, 34, Status.SNAKE, 0.01
7341, 6, 30, Status.SNAKE, 0.01
7342, 10, 81, Status.WALL, 0.01
7343, 4, 24, Status.SNAKE, 0.01
7344, 12, 91, Status.SNAKE, 0.01
7345, 8, 56, Status.SNAKE, 0.01
7346, 10, 76, Status.WALL, 0.01
7347, 5, 35, Status.SNAKE, 0.01
7348, 17, 135, Status.SNAKE, 0.01
7349, 6, 36, Status.SNAKE, 0.01
7350, 19, 155, Status.SNAKE, 0.01
7351, 4, 20, Status.SNAKE, 0.01
7352, 13, 67, Status.SNAKE, 0.01
7353, 5, 33, Status.SNAKE, 0.01
7354, 1, 5, Status.SNAKE, 0.01
7355, 10, 58, Status.SNAKE, 0.01
7356, 3, 22, Status.WALL, 0.01
7357, 1, 8, Status.WALL, 0.01
7358, 16, 125, Status.SNAKE, 0.01
7359, 11, 93, Status.SNAKE, 0.01
7360, 11, 60, Status.WALL, 0.01
7361, 5, 20, Status.SNAKE, 0.01
7362, 10, 70, Status.SNAKE, 0.01
7363, 12, 76, Status.WALL, 0.01
7364, 16, 126, Status.SNAKE, 0.01
7365, 10, 50, Status.WALL, 0.01
7366, 5, 32, Status.SNAKE, 0.01
7367, 5, 30, Status.SNAKE, 0.01
7368, 3, 20, Status.SNAKE, 0.01
7369, 7, 48, Status.SNAKE, 0.01
7370, 7, 43, Status.SNAKE, 0.01
7371, 5, 44, Status.SNAKE, 0.01
7372, 11, 95, Status.SNAKE, 0.01
7373, 4, 24, Status.SNAKE, 0.01
7374, 9, 69, Status.SNAKE, 0.01
7375, 10, 50, Status.SNAKE, 0.01
7376, 15, 122, Status.SNAKE, 0.01
7377, 10, 70, Status.SNAKE, 0.01
7378, 12, 59, Status.SNAKE, 0.01
7379, 14, 109, Status.SNAKE, 0.01
7380, 17, 140, Status.SNAKE, 0.01
7381, 6, 46, Status.SNAKE, 0.01
7382, 4, 35, Status.SNAKE, 0.01
7383, 9, 59, Status.SNAKE, 0.01
7384, 5, 39, Status.SNAKE, 0.01
7385, 5, 41, Status.WALL, 0.01
7386, 10, 69, Status.WALL, 0.01
7387, 3, 15, Status.WALL, 0.01
7388, 17, 126, Status.WALL, 0.01
7389, 12, 104, Status.SNAKE, 0.01
7390, 2, 11, Status.WALL, 0.01
7391, 8, 36, Status.SNAKE, 0.01
7392, 4, 22, Status.WALL, 0.01
7393, 9, 54, Status.SNAKE, 0.01
7394, 14, 90, Status.SNAKE, 0.01
7395, 1, 5, Status.SNAKE, 0.01
7396, 10, 103, Status.SNAKE, 0.01
7397, 10, 43, Status.SNAKE, 0.01
7398, 3, 21, Status.WALL, 0.01
7399, 11, 86, Status.SNAKE, 0.01
7400, 1, 6, Status.SNAKE, 0.01
7401, 13, 89, Status.SNAKE, 0.01
7402, 3, 16, Status.WALL, 0.01
7403, 1, 3, Status.SNAKE, 0.01
7404, 4, 34, Status.WALL, 0.01
7405, 8, 55, Status.SNAKE, 0.01
7406, 9, 46, Status.SNAKE, 0.01
7407, 5, 33, Status.SNAKE, 0.01
7408, 15, 126, Status.WALL, 0.01
7409, 8, 42, Status.SNAKE, 0.01
7410, 11, 73, Status.SNAKE, 0.01
7411, 3, 22, Status.WALL, 0.01
7412, 1, 7, Status.WALL, 0.01
7413, 17, 107, Status.SNAKE, 0.01
7414, 13, 58, Status.SNAKE, 0.01
7415, 8, 63, Status.SNAKE, 0.01
7416, 11, 90, Status.SNAKE, 0.01
7417, 8, 44, Status.SNAKE, 0.01
7418, 8, 60, Status.SNAKE, 0.01
7419, 9, 57, Status.SNAKE, 0.01
7420, 6, 38, Status.SNAKE, 0.01
7421, 13, 82, Status.WALL, 0.01
7422, 13, 118, Status.SNAKE, 0.01
7423, 9, 54, Status.SNAKE, 0.01
7424, 7, 40, Status.SNAKE, 0.01
7425, 15, 109, Status.SNAKE, 0.01
7426, 7, 44, Status.WALL, 0.01
7427, 9, 55, Status.SNAKE, 0.01
7428, 11, 85, Status.SNAKE, 0.01
7429, 5, 30, Status.SNAKE, 0.01
7430, 8, 54, Status.SNAKE, 0.01
7431, 5, 37, Status.SNAKE, 0.01
7432, 3, 16, Status.SNAKE, 0.01
7433, 3, 26, Status.WALL, 0.01
7434, 16, 120, Status.SNAKE, 0.01
7435, 10, 73, Status.SNAKE, 0.01
7436, 16, 113, Status.SNAKE, 0.01
7437, 10, 43, Status.SNAKE, 0.01
7438, 11, 51, Status.SNAKE, 0.01
7439, 10, 47, Status.SNAKE, 0.01
7440, 6, 47, Status.SNAKE, 0.01
7441, 11, 57, Status.SNAKE, 0.01
7442, 2, 9, Status.WALL, 0.01
7443, 2, 14, Status.SNAKE, 0.01
7444, 3, 16, Status.SNAKE, 0.01
7445, 8, 50, Status.WALL, 0.01
7446, 11, 80, Status.WALL, 0.01
7447, 5, 31, Status.SNAKE, 0.01
7448, 13, 84, Status.SNAKE, 0.01
7449, 7, 52, Status.SNAKE, 0.01
7450, 15, 107, Status.SNAKE, 0.01
7451, 9, 74, Status.SNAKE, 0.01
7452, 6, 36, Status.WALL, 0.01
7453, 10, 83, Status.SNAKE, 0.01
7454, 7, 51, Status.SNAKE, 0.01
7455, 16, 110, Status.SNAKE, 0.01
7456, 9, 58, Status.SNAKE, 0.01
7457, 14, 97, Status.SNAKE, 0.01
7458, 10, 70, Status.SNAKE, 0.01
7459, 9, 69, Status.SNAKE, 0.01
7460, 9, 77, Status.SNAKE, 0.01
7461, 1, 5, Status.SNAKE, 0.01
7462, 5, 30, Status.SNAKE, 0.01
7463, 6, 34, Status.SNAKE, 0.01
7464, 17, 111, Status.SNAKE, 0.01
7465, 5, 31, Status.SNAKE, 0.01
7466, 14, 92, Status.SNAKE, 0.01
7467, 8, 70, Status.WALL, 0.01
7468, 8, 47, Status.SNAKE, 0.01
7469, 4, 34, Status.SNAKE, 0.01
7470, 8, 76, Status.SNAKE, 0.01
7471, 5, 31, Status.WALL, 0.01
7472, 13, 80, Status.SNAKE, 0.01
7473, 10, 67, Status.SNAKE, 0.01
7474, 2, 21, Status.WALL, 0.01
7475, 10, 62, Status.SNAKE, 0.01
7476, 13, 66, Status.SNAKE, 0.01
7477, 10, 77, Status.SNAKE, 0.01
7478, 1, 7, Status.SNAKE, 0.01
7479, 12, 100, Status.WALL, 0.01
7480, 9, 72, Status.SNAKE, 0.01
7481, 1, 7, Status.WALL, 0.01
7482, 3, 16, Status.SNAKE, 0.01
7483, 3, 46, Status.SNAKE, 0.01
7484, 11, 71, Status.SNAKE, 0.01
7485, 16, 96, Status.SNAKE, 0.01
7486, 5, 39, Status.SNAKE, 0.01
7487, 11, 64, Status.WALL, 0.01
7488, 15, 111, Status.SNAKE, 0.01
7489, 8, 71, Status.SNAKE, 0.01
7490, 3, 17, Status.WALL, 0.01
7491, 7, 70, Status.WALL, 0.01
7492, 6, 27, Status.SNAKE, 0.01
7493, 18, 107, Status.SNAKE, 0.01
7494, 19, 159, Status.SNAKE, 0.01
7495, 2, 25, Status.WALL, 0.01
7496, 8, 54, Status.SNAKE, 0.01
7497, 3, 19, Status.SNAKE, 0.01
7498, 10, 55, Status.SNAKE, 0.01
7499, 6, 42, Status.SNAKE, 0.01
7500, 9, 53, Status.SNAKE, 0.01
7501, 8, 63, Status.SNAKE, 0.01
7502, 14, 79, Status.SNAKE, 0.01
7503, 8, 53, Status.SNAKE, 0.01
7504, 9, 74, Status.SNAKE, 0.01
7505, 19, 134, Status.SNAKE, 0.01
7506, 4, 16, Status.WALL, 0.01
7507, 5, 29, Status.SNAKE, 0.01
7508, 1, 3, Status.SNAKE, 0.01
7509, 10, 65, Status.SNAKE, 0.01
7510, 10, 68, Status.SNAKE, 0.01
7511, 18, 117, Status.SNAKE, 0.01
7512, 10, 86, Status.SNAKE, 0.01
7513, 15, 120, Status.WALL, 0.01
7514, 11, 68, Status.WALL, 0.01
7515, 2, 12, Status.SNAKE, 0.01
7516, 7, 49, Status.SNAKE, 0.01
7517, 12, 70, Status.SNAKE, 0.01
7518, 5, 24, Status.WALL, 0.01
7519, 10, 76, Status.SNAKE, 0.01
7520, 2, 21, Status.WALL, 0.01
7521, 1, 9, Status.SNAKE, 0.01
7522, 6, 39, Status.SNAKE, 0.01
7523, 8, 51, Status.SNAKE, 0.01
7524, 2, 16, Status.WALL, 0.01
7525, 3, 9, Status.SNAKE, 0.01
7526, 5, 27, Status.SNAKE, 0.01
7527, 16, 135, Status.SNAKE, 0.01
7528, 20, 113, Status.SNAKE, 0.01
7529, 13, 87, Status.SNAKE, 0.01
7530, 6, 42, Status.SNAKE, 0.01
7531, 4, 35, Status.SNAKE, 0.01
7532, 10, 88, Status.SNAKE, 0.01
7533, 6, 49, Status.SNAKE, 0.01
7534, 9, 73, Status.SNAKE, 0.01
7535, 6, 55, Status.WALL, 0.01
7536, 1, 8, Status.WALL, 0.01
7537, 9, 71, Status.SNAKE, 0.01
7538, 13, 117, Status.WALL, 0.01
7539, 2, 13, Status.SNAKE, 0.01
7540, 16, 74, Status.SNAKE, 0.01
7541, 6, 37, Status.SNAKE, 0.01
7542, 9, 54, Status.SNAKE, 0.01
7543, 6, 40, Status.WALL, 0.01
7544, 7, 34, Status.SNAKE, 0.01
7545, 13, 91, Status.SNAKE, 0.01
7546, 5, 32, Status.SNAKE, 0.01
7547, 7, 57, Status.SNAKE, 0.01
7548, 8, 52, Status.SNAKE, 0.01
7549, 13, 96, Status.SNAKE, 0.01
7550, 11, 69, Status.SNAKE, 0.01
7551, 11, 87, Status.SNAKE, 0.01
7552, 1, 5, Status.SNAKE, 0.01
7553, 14, 148, Status.SNAKE, 0.01
7554, 10, 92, Status.SNAKE, 0.01
7555, 6, 40, Status.SNAKE, 0.01
7556, 3, 16, Status.WALL, 0.01
7557, 5, 26, Status.WALL, 0.01
7558, 1, 9, Status.WALL, 0.01
7559, 10, 78, Status.SNAKE, 0.01
7560, 13, 72, Status.SNAKE, 0.01
7561, 8, 67, Status.SNAKE, 0.01
7562, 18, 118, Status.SNAKE, 0.01
7563, 4, 33, Status.WALL, 0.01
7564, 15, 92, Status.SNAKE, 0.01
7565, 17, 119, Status.SNAKE, 0.01
7566, 14, 109, Status.SNAKE, 0.01
7567, 8, 50, Status.SNAKE, 0.01
7568, 7, 51, Status.SNAKE, 0.01
7569, 6, 44, Status.SNAKE, 0.01
7570, 1, 10, Status.WALL, 0.01
7571, 10, 48, Status.SNAKE, 0.01
7572, 7, 44, Status.SNAKE, 0.01
7573, 1, 6, Status.SNAKE, 0.01
7574, 2, 18, Status.SNAKE, 0.01
7575, 9, 65, Status.SNAKE, 0.01
7576, 8, 61, Status.SNAKE, 0.01
7577, 5, 38, Status.WALL, 0.01
7578, 6, 28, Status.SNAKE, 0.01
7579, 6, 43, Status.SNAKE, 0.01
7580, 2, 16, Status.WALL, 0.01
7581, 7, 47, Status.SNAKE, 0.01
7582, 12, 100, Status.WALL, 0.01
7583, 0, 7, Status.WALL, 0.01
7584, 11, 65, Status.SNAKE, 0.01
7585, 7, 54, Status.SNAKE, 0.01
7586, 8, 51, Status.SNAKE, 0.01
7587, 5, 45, Status.SNAKE, 0.01
7588, 1, 3, Status.SNAKE, 0.01
7589, 2, 18, Status.SNAKE, 0.01
7590, 6, 38, Status.SNAKE, 0.01
7591, 11, 77, Status.SNAKE, 0.01
7592, 12, 81, Status.SNAKE, 0.01
7593, 9, 59, Status.SNAKE, 0.01
7594, 3, 33, Status.SNAKE, 0.01
7595, 4, 27, Status.WALL, 0.01
7596, 3, 20, Status.SNAKE, 0.01
7597, 10, 68, Status.SNAKE, 0.01
7598, 2, 19, Status.SNAKE, 0.01
7599, 9, 54, Status.SNAKE, 0.01
7600, 1, 9, Status.WALL, 0.01
7601, 2, 18, Status.SNAKE, 0.01
7602, 9, 53, Status.SNAKE, 0.01
7603, 14, 77, Status.SNAKE, 0.01
7604, 1, 5, Status.SNAKE, 0.01
7605, 7, 27, Status.SNAKE, 0.01
7606, 1, 9, Status.SNAKE, 0.01
7607, 14, 107, Status.SNAKE, 0.01
7608, 3, 34, Status.WALL, 0.01
7609, 11, 77, Status.SNAKE, 0.01
7610, 6, 48, Status.SNAKE, 0.01
7611, 7, 48, Status.SNAKE, 0.01
7612, 19, 147, Status.SNAKE, 0.01
7613, 16, 75, Status.SNAKE, 0.01
7614, 11, 65, Status.SNAKE, 0.01
7615, 3, 25, Status.WALL, 0.01
7616, 8, 66, Status.SNAKE, 0.01
7617, 6, 38, Status.SNAKE, 0.01
7618, 3, 20, Status.SNAKE, 0.01
7619, 10, 84, Status.SNAKE, 0.01
7620, 19, 136, Status.SNAKE, 0.01
7621, 5, 37, Status.SNAKE, 0.01
7622, 18, 124, Status.SNAKE, 0.01
7623, 19, 139, Status.SNAKE, 0.01
7624, 14, 109, Status.SNAKE, 0.01
7625, 1, 9, Status.SNAKE, 0.01
7626, 14, 99, Status.WALL, 0.01
7627, 6, 44, Status.SNAKE, 0.01
7628, 8, 57, Status.SNAKE, 0.01
7629, 6, 56, Status.SNAKE, 0.01
7630, 5, 42, Status.SNAKE, 0.01
7631, 6, 50, Status.WALL, 0.01
7632, 6, 40, Status.WALL, 0.01
7633, 2, 16, Status.WALL, 0.01
7634, 2, 20, Status.SNAKE, 0.01
7635, 3, 21, Status.SNAKE, 0.01
7636, 2, 19, Status.SNAKE, 0.01
7637, 11, 64, Status.SNAKE, 0.01
7638, 8, 70, Status.SNAKE, 0.01
7639, 14, 97, Status.SNAKE, 0.01
7640, 4, 34, Status.SNAKE, 0.01
7641, 5, 39, Status.SNAKE, 0.01
7642, 3, 29, Status.WALL, 0.01
7643, 9, 64, Status.SNAKE, 0.01
7644, 3, 16, Status.WALL, 0.01
7645, 3, 15, Status.WALL, 0.01
7646, 5, 33, Status.SNAKE, 0.01
7647, 1, 5, Status.SNAKE, 0.01
7648, 1, 3, Status.SNAKE, 0.01
7649, 3, 7, Status.SNAKE, 0.01
7650, 2, 9, Status.WALL, 0.01
7651, 13, 107, Status.SNAKE, 0.01
7652, 10, 75, Status.SNAKE, 0.01
7653, 10, 68, Status.SNAKE, 0.01
7654, 7, 51, Status.SNAKE, 0.01
7655, 8, 46, Status.SNAKE, 0.01
7656, 6, 48, Status.SNAKE, 0.01
7657, 5, 50, Status.WALL, 0.01
7658, 9, 54, Status.SNAKE, 0.01
7659, 3, 20, Status.SNAKE, 0.01
7660, 11, 64, Status.SNAKE, 0.01
7661, 5, 27, Status.WALL, 0.01
7662, 12, 65, Status.WALL, 0.01
7663, 1, 5, Status.SNAKE, 0.01
7664, 9, 70, Status.SNAKE, 0.01
7665, 19, 108, Status.SNAKE, 0.01
7666, 2, 8, Status.SNAKE, 0.01
7667, 8, 54, Status.WALL, 0.01
7668, 12, 90, Status.SNAKE, 0.01
7669, 9, 72, Status.SNAKE, 0.01
7670, 15, 111, Status.SNAKE, 0.01
7671, 13, 82, Status.SNAKE, 0.01
7672, 13, 84, Status.SNAKE, 0.01
7673, 6, 55, Status.SNAKE, 0.01
7674, 8, 58, Status.SNAKE, 0.01
7675, 7, 63, Status.SNAKE, 0.01
7676, 14, 112, Status.SNAKE, 0.01
7677, 13, 84, Status.SNAKE, 0.01
7678, 11, 64, Status.WALL, 0.01
7679, 10, 80, Status.SNAKE, 0.01
7680, 4, 20, Status.SNAKE, 0.01
7681, 6, 46, Status.SNAKE, 0.01
7682, 13, 90, Status.SNAKE, 0.01
7683, 5, 25, Status.WALL, 0.01
7684, 8, 36, Status.SNAKE, 0.01
7685, 5, 37, Status.SNAKE, 0.01
7686, 17, 118, Status.WALL, 0.01
7687, 5, 32, Status.SNAKE, 0.01
7688, 6, 48, Status.SNAKE, 0.01
7689, 11, 85, Status.SNAKE, 0.01
7690, 14, 123, Status.SNAKE, 0.01
7691, 3, 13, Status.SNAKE, 0.01
7692, 14, 74, Status.SNAKE, 0.01
7693, 10, 73, Status.SNAKE, 0.01
7694, 10, 75, Status.WALL, 0.01
7695, 3, 24, Status.WALL, 0.01
7696, 7, 30, Status.SNAKE, 0.01
7697, 14, 90, Status.WALL, 0.01
7698, 13, 107, Status.SNAKE, 0.01
7699, 12, 85, Status.SNAKE, 0.01
7700, 5, 41, Status.SNAKE, 0.01
7701, 9, 72, Status.SNAKE, 0.01
7702, 8, 77, Status.SNAKE, 0.01
7703, 15, 99, Status.SNAKE, 0.01
7704, 12, 103, Status.SNAKE, 0.01
7705, 5, 30, Status.SNAKE, 0.01
7706, 8, 44, Status.SNAKE, 0.01
7707, 6, 47, Status.SNAKE, 0.01
7708, 8, 47, Status.SNAKE, 0.01
7709, 13, 105, Status.SNAKE, 0.01
7710, 9, 82, Status.WALL, 0.01
7711, 10, 61, Status.SNAKE, 0.01
7712, 14, 78, Status.SNAKE, 0.01
7713, 9, 53, Status.SNAKE, 0.01
7714, 5, 38, Status.SNAKE, 0.01
7715, 10, 39, Status.WALL, 0.01
7716, 11, 93, Status.SNAKE, 0.01
7717, 11, 61, Status.SNAKE, 0.01
7718, 16, 117, Status.SNAKE, 0.01
7719, 11, 86, Status.SNAKE, 0.01
7720, 6, 47, Status.SNAKE, 0.01
7721, 13, 82, Status.WALL, 0.01
7722, 11, 72, Status.SNAKE, 0.01
7723, 8, 63, Status.SNAKE, 0.01
7724, 18, 135, Status.SNAKE, 0.01
7725, 6, 48, Status.WALL, 0.01
7726, 10, 101, Status.WALL, 0.01
7727, 14, 101, Status.SNAKE, 0.01
7728, 13, 125, Status.SNAKE, 0.01
7729, 10, 67, Status.SNAKE, 0.01
7730, 13, 122, Status.SNAKE, 0.01
7731, 5, 37, Status.SNAKE, 0.01
7732, 4, 26, Status.SNAKE, 0.01
7733, 2, 15, Status.WALL, 0.01
7734, 10, 94, Status.SNAKE, 0.01
7735, 6, 40, Status.SNAKE, 0.01
7736, 5, 29, Status.SNAKE, 0.01
7737, 7, 50, Status.SNAKE, 0.01
7738, 8, 65, Status.SNAKE, 0.01
7739, 10, 79, Status.SNAKE, 0.01
7740, 12, 63, Status.SNAKE, 0.01
7741, 12, 115, Status.SNAKE, 0.01
7742, 6, 40, Status.WALL, 0.01
7743, 2, 18, Status.WALL, 0.01
7744, 11, 55, Status.SNAKE, 0.01
7745, 9, 69, Status.WALL, 0.01
7746, 5, 43, Status.WALL, 0.01
7747, 2, 10, Status.SNAKE, 0.01
7748, 1, 8, Status.WALL, 0.01
7749, 14, 99, Status.SNAKE, 0.01
7750, 4, 24, Status.WALL, 0.01
7751, 10, 79, Status.WALL, 0.01
7752, 7, 31, Status.SNAKE, 0.01
7753, 8, 50, Status.SNAKE, 0.01
7754, 6, 45, Status.WALL, 0.01
7755, 6, 36, Status.SNAKE, 0.01
7756, 5, 35, Status.SNAKE, 0.01
7757, 10, 66, Status.SNAKE, 0.01
7758, 13, 77, Status.SNAKE, 0.01
7759, 7, 72, Status.SNAKE, 0.01
7760, 9, 45, Status.SNAKE, 0.01
7761, 16, 94, Status.SNAKE, 0.01
7762, 9, 54, Status.SNAKE, 0.01
7763, 10, 74, Status.SNAKE, 0.01
7764, 6, 40, Status.SNAKE, 0.01
7765, 7, 49, Status.SNAKE, 0.01
7766, 1, 10, Status.WALL, 0.01
7767, 10, 82, Status.SNAKE, 0.01
7768, 10, 61, Status.SNAKE, 0.01
7769, 10, 73, Status.SNAKE, 0.01
7770, 9, 57, Status.SNAKE, 0.01
7771, 17, 108, Status.WALL, 0.01
7772, 11, 70, Status.SNAKE, 0.01
7773, 14, 93, Status.SNAKE, 0.01
7774, 18, 150, Status.SNAKE, 0.01
7775, 16, 108, Status.SNAKE, 0.01
7776, 1, 3, Status.SNAKE, 0.01
7777, 11, 56, Status.WALL, 0.01
7778, 7, 32, Status.SNAKE, 0.01
7779, 12, 99, Status.SNAKE, 0.01
7780, 14, 101, Status.WALL, 0.01
7781, 5, 40, Status.SNAKE, 0.01
7782, 14, 91, Status.WALL, 0.01
7783, 4, 21, Status.SNAKE, 0.01
7784, 12, 101, Status.WALL, 0.01
7785, 6, 29, Status.SNAKE, 0.01
7786, 10, 63, Status.SNAKE, 0.01
7787, 19, 131, Status.SNAKE, 0.01
7788, 6, 42, Status.SNAKE, 0.01
7789, 16, 112, Status.SNAKE, 0.01
7790, 8, 59, Status.SNAKE, 0.01
7791, 1, 5, Status.SNAKE, 0.01
7792, 9, 49, Status.SNAKE, 0.01
7793, 7, 40, Status.WALL, 0.01
7794, 10, 104, Status.SNAKE, 0.01
7795, 13, 92, Status.SNAKE, 0.01
7796, 13, 102, Status.WALL, 0.01
7797, 19, 128, Status.SNAKE, 0.01
7798, 13, 78, Status.SNAKE, 0.01
7799, 5, 40, Status.WALL, 0.01
7800, 10, 65, Status.SNAKE, 0.01
7801, 16, 100, Status.SNAKE, 0.01
7802, 14, 91, Status.WALL, 0.01
7803, 2, 27, Status.WALL, 0.01
7804, 4, 41, Status.SNAKE, 0.01
7805, 9, 74, Status.SNAKE, 0.01
7806, 3, 18, Status.WALL, 0.01
7807, 8, 41, Status.SNAKE, 0.01
7808, 4, 22, Status.SNAKE, 0.01
7809, 6, 41, Status.SNAKE, 0.01
7810, 10, 76, Status.SNAKE, 0.01
7811, 15, 107, Status.SNAKE, 0.01
7812, 9, 43, Status.SNAKE, 0.01
7813, 8, 43, Status.WALL, 0.01
7814, 14, 117, Status.WALL, 0.01
7815, 12, 94, Status.SNAKE, 0.01
7816, 3, 30, Status.WALL, 0.01
7817, 13, 93, Status.WALL, 0.01
7818, 10, 75, Status.SNAKE, 0.01
7819, 17, 104, Status.SNAKE, 0.01
7820, 15, 86, Status.WALL, 0.01
7821, 15, 138, Status.SNAKE, 0.01
7822, 1, 9, Status.SNAKE, 0.01
7823, 12, 90, Status.SNAKE, 0.01
7824, 5, 36, Status.SNAKE, 0.01
7825, 13, 97, Status.SNAKE, 0.01
7826, 3, 10, Status.WALL, 0.01
7827, 5, 36, Status.SNAKE, 0.01
7828, 9, 89, Status.SNAKE, 0.01
7829, 15, 111, Status.WALL, 0.01
7830, 10, 59, Status.SNAKE, 0.01
7831, 11, 84, Status.SNAKE, 0.01
7832, 1, 3, Status.SNAKE, 0.01
7833, 10, 93, Status.SNAKE, 0.01
7834, 7, 25, Status.SNAKE, 0.01
7835, 7, 35, Status.SNAKE, 0.01
7836, 11, 87, Status.SNAKE, 0.01
7837, 10, 61, Status.SNAKE, 0.01
7838, 15, 104, Status.SNAKE, 0.01
7839, 4, 30, Status.WALL, 0.01
7840, 5, 41, Status.SNAKE, 0.01
7841, 8, 69, Status.SNAKE, 0.01
7842, 15, 98, Status.SNAKE, 0.01
7843, 5, 17, Status.SNAKE, 0.01
7844, 5, 26, Status.SNAKE, 0.01
7845, 8, 79, Status.SNAKE, 0.01
7846, 2, 19, Status.SNAKE, 0.01
7847, 10, 65, Status.SNAKE, 0.01
7848, 17, 130, Status.SNAKE, 0.01
7849, 6, 35, Status.SNAKE, 0.01
7850, 8, 48, Status.SNAKE, 0.01
7851, 10, 51, Status.SNAKE, 0.01
7852, 15, 97, Status.WALL, 0.01
7853, 13, 82, Status.WALL, 0.01
7854, 7, 43, Status.SNAKE, 0.01
7855, 8, 45, Status.SNAKE, 0.01
7856, 6, 39, Status.SNAKE, 0.01
7857, 2, 18, Status.SNAKE, 0.01
7858, 8, 61, Status.SNAKE, 0.01
7859, 8, 61, Status.SNAKE, 0.01
7860, 5, 34, Status.WALL, 0.01
7861, 3, 11, Status.WALL, 0.01
7862, 14, 79, Status.WALL, 0.01
7863, 1, 9, Status.SNAKE, 0.01
7864, 1, 3, Status.SNAKE, 0.01
7865, 5, 44, Status.SNAKE, 0.01
7866, 3, 25, Status.WALL, 0.01
7867, 5, 22, Status.WALL, 0.01
7868, 5, 31, Status.SNAKE, 0.01
7869, 12, 90, Status.SNAKE, 0.01
7870, 20, 138, Status.WALL, 0.01
7871, 4, 35, Status.SNAKE, 0.01
7872, 9, 55, Status.SNAKE, 0.01
7873, 9, 63, Status.SNAKE, 0.01
7874, 8, 48, Status.SNAKE, 0.01
7875, 11, 97, Status.SNAKE, 0.01
7876, 7, 40, Status.SNAKE, 0.01
7877, 9, 68, Status.SNAKE, 0.01
7878, 5, 24, Status.WALL, 0.01
7879, 14, 99, Status.SNAKE, 0.01
7880, 12, 74, Status.SNAKE, 0.01
7881, 19, 142, Status.WALL, 0.01
7882, 9, 52, Status.SNAKE, 0.01
7883, 5, 30, Status.SNAKE, 0.01
7884, 6, 35, Status.SNAKE, 0.01
7885, 20, 112, Status.SNAKE, 0.01
7886, 15, 150, Status.SNAKE, 0.01
7887, 5, 41, Status.SNAKE, 0.01
7888, 11, 78, Status.SNAKE, 0.01
7889, 17, 115, Status.SNAKE, 0.01
7890, 10, 55, Status.SNAKE, 0.01
7891, 4, 26, Status.WALL, 0.01
7892, 11, 68, Status.SNAKE, 0.01
7893, 13, 81, Status.SNAKE, 0.01
7894, 11, 80, Status.SNAKE, 0.01
7895, 10, 73, Status.SNAKE, 0.01
7896, 4, 31, Status.SNAKE, 0.01
7897, 11, 74, Status.SNAKE, 0.01
7898, 16, 124, Status.WALL, 0.01
7899, 1, 5, Status.SNAKE, 0.01
7900, 8, 53, Status.SNAKE, 0.01
7901, 9, 57, Status.SNAKE, 0.01
7902, 17, 113, Status.SNAKE, 0.01
7903, 8, 54, Status.SNAKE, 0.01
7904, 5, 30, Status.SNAKE, 0.01
7905, 22, 149, Status.SNAKE, 0.01
7906, 16, 101, Status.SNAKE, 0.01
7907, 12, 89, Status.SNAKE, 0.01
7908, 3, 14, Status.SNAKE, 0.01
7909, 10, 72, Status.SNAKE, 0.01
7910, 4, 22, Status.SNAKE, 0.01
7911, 3, 18, Status.SNAKE, 0.01
7912, 11, 82, Status.SNAKE, 0.01
7913, 14, 121, Status.SNAKE, 0.01
7914, 12, 86, Status.SNAKE, 0.01
7915, 2, 15, Status.WALL, 0.01
7916, 12, 83, Status.WALL, 0.01
7917, 2, 20, Status.WALL, 0.01
7918, 9, 55, Status.SNAKE, 0.01
7919, 7, 53, Status.SNAKE, 0.01
7920, 16, 98, Status.SNAKE, 0.01
7921, 6, 53, Status.SNAKE, 0.01
7922, 2, 21, Status.SNAKE, 0.01
7923, 4, 17, Status.SNAKE, 0.01
7924, 17, 103, Status.SNAKE, 0.01
7925, 6, 39, Status.SNAKE, 0.01
7926, 1, 3, Status.SNAKE, 0.01
7927, 8, 61, Status.SNAKE, 0.01
7928, 5, 30, Status.SNAKE, 0.01
7929, 1, 3, Status.SNAKE, 0.01
7930, 9, 58, Status.SNAKE, 0.01
7931, 4, 38, Status.WALL, 0.01
7932, 11, 110, Status.SNAKE, 0.01
7933, 5, 37, Status.SNAKE, 0.01
7934, 11, 82, Status.SNAKE, 0.01
7935, 6, 32, Status.SNAKE, 0.01
7936, 8, 61, Status.SNAKE, 0.01
7937, 12, 84, Status.SNAKE, 0.01
7938, 1, 11, Status.WALL, 0.01
7939, 14, 115, Status.SNAKE, 0.01
7940, 17, 97, Status.SNAKE, 0.01
7941, 5, 42, Status.SNAKE, 0.01
7942, 5, 26, Status.SNAKE, 0.01
7943, 11, 71, Status.WALL, 0.01
7944, 6, 49, Status.SNAKE, 0.01
7945, 13, 98, Status.SNAKE, 0.01
7946, 16, 124, Status.SNAKE, 0.01
7947, 5, 28, Status.WALL, 0.01
7948, 9, 74, Status.SNAKE, 0.01
7949, 4, 32, Status.WALL, 0.01
7950, 10, 82, Status.SNAKE, 0.01
7951, 4, 13, Status.SNAKE, 0.01
7952, 2, 5, Status.SNAKE, 0.01
7953, 6, 32, Status.SNAKE, 0.01
7954, 9, 87, Status.SNAKE, 0.01
7955, 10, 73, Status.SNAKE, 0.01
7956, 7, 48, Status.SNAKE, 0.01
7957, 10, 56, Status.SNAKE, 0.01
7958, 6, 38, Status.WALL, 0.01
7959, 11, 68, Status.SNAKE, 0.01
7960, 11, 76, Status.SNAKE, 0.01
7961, 12, 88, Status.SNAKE, 0.01
7962, 14, 110, Status.WALL, 0.01
7963, 16, 114, Status.SNAKE, 0.01
7964, 3, 34, Status.WALL, 0.01
7965, 10, 70, Status.SNAKE, 0.01
7966, 13, 103, Status.WALL, 0.01
7967, 3, 19, Status.SNAKE, 0.01
7968, 3, 18, Status.SNAKE, 0.01
7969, 17, 183, Status.SNAKE, 0.01
7970, 10, 46, Status.SNAKE, 0.01
7971, 7, 26, Status.WALL, 0.01
7972, 3, 21, Status.WALL, 0.01
7973, 4, 37, Status.SNAKE, 0.01
7974, 11, 73, Status.WALL, 0.01
7975, 4, 35, Status.SNAKE, 0.01
7976, 12, 88, Status.SNAKE, 0.01
7977, 2, 15, Status.SNAKE, 0.01
7978, 11, 75, Status.SNAKE, 0.01
7979, 10, 51, Status.SNAKE, 0.01
7980, 6, 50, Status.WALL, 0.01
7981, 8, 52, Status.SNAKE, 0.01
7982, 17, 128, Status.SNAKE, 0.01
7983, 5, 22, Status.SNAKE, 0.01
7984, 14, 85, Status.SNAKE, 0.01
7985, 4, 19, Status.SNAKE, 0.01
7986, 4, 20, Status.SNAKE, 0.01
7987, 11, 87, Status.SNAKE, 0.01
7988, 4, 32, Status.SNAKE, 0.01
7989, 10, 66, Status.SNAKE, 0.01
7990, 6, 36, Status.SNAKE, 0.01
7991, 8, 61, Status.SNAKE, 0.01
7992, 2, 33, Status.WALL, 0.01
7993, 8, 51, Status.SNAKE, 0.01
7994, 13, 98, Status.SNAKE, 0.01
7995, 8, 73, Status.WALL, 0.01
7996, 6, 42, Status.SNAKE, 0.01
7997, 8, 56, Status.SNAKE, 0.01
7998, 19, 140, Status.SNAKE, 0.01
7999, 13, 114, Status.SNAKE, 0.01
8000, 5, 41, Status.SNAKE, 0.01
8001, 14, 99, Status.SNAKE, 0.01
8002, 2, 13, Status.SNAKE, 0.01
8003, 15, 121, Status.SNAKE, 0.01
8004, 7, 52, Status.SNAKE, 0.01
8005, 7, 50, Status.WALL, 0.01
8006, 11, 98, Status.SNAKE, 0.01
8007, 7, 62, Status.WALL, 0.01
8008, 6, 28, Status.SNAKE, 0.01
8009, 11, 69, Status.SNAKE, 0.01
8010, 9, 74, Status.SNAKE, 0.01
8011, 5, 24, Status.SNAKE, 0.01
8012, 7, 54, Status.SNAKE, 0.01
8013, 7, 51, Status.WALL, 0.01
8014, 6, 29, Status.WALL, 0.01
8015, 8, 62, Status.SNAKE, 0.01
8016, 17, 117, Status.SNAKE, 0.01
8017, 12, 65, Status.SNAKE, 0.01
8018, 9, 68, Status.SNAKE, 0.01
8019, 11, 63, Status.SNAKE, 0.01
8020, 5, 23, Status.SNAKE, 0.01
8021, 7, 57, Status.SNAKE, 0.01
8022, 4, 21, Status.SNAKE, 0.01
8023, 7, 33, Status.SNAKE, 0.01
8024, 6, 54, Status.SNAKE, 0.01
8025, 3, 22, Status.SNAKE, 0.01
8026, 20, 145, Status.SNAKE, 0.01
8027, 10, 83, Status.SNAKE, 0.01
8028, 2, 23, Status.WALL, 0.01
8029, 9, 71, Status.WALL, 0.01
8030, 16, 95, Status.WALL, 0.01
8031, 2, 16, Status.WALL, 0.01
8032, 2, 24, Status.WALL, 0.01
8033, 12, 90, Status.WALL, 0.01
8034, 12, 95, Status.SNAKE, 0.01
8035, 11, 50, Status.SNAKE, 0.01
8036, 18, 118, Status.WALL, 0.01
8037, 7, 54, Status.SNAKE, 0.01
8038, 11, 81, Status.SNAKE, 0.01
8039, 11, 75, Status.SNAKE, 0.01
8040, 11, 58, Status.SNAKE, 0.01
8041, 16, 112, Status.SNAKE, 0.01
8042, 16, 121, Status.SNAKE, 0.01
8043, 8, 46, Status.SNAKE, 0.01
8044, 6, 31, Status.WALL, 0.01
8045, 6, 53, Status.WALL, 0.01
8046, 13, 83, Status.SNAKE, 0.01
8047, 11, 93, Status.WALL, 0.01
8048, 6, 37, Status.WALL, 0.01
8049, 13, 116, Status.WALL, 0.01
8050, 4, 46, Status.SNAKE, 0.01
8051, 11, 93, Status.SNAKE, 0.01
8052, 12, 116, Status.WALL, 0.01
8053, 9, 72, Status.SNAKE, 0.01
8054, 1, 19, Status.WALL, 0.01
8055, 2, 21, Status.WALL, 0.01
8056, 17, 99, Status.SNAKE, 0.01
8057, 8, 71, Status.WALL, 0.01
8058, 11, 91, Status.SNAKE, 0.01
8059, 2, 15, Status.SNAKE, 0.01
8060, 4, 26, Status.SNAKE, 0.01
8061, 14, 88, Status.SNAKE, 0.01
8062, 9, 54, Status.SNAKE, 0.01
8063, 11, 96, Status.WALL, 0.01
8064, 4, 29, Status.SNAKE, 0.01
8065, 1, 11, Status.SNAKE, 0.01
8066, 15, 123, Status.WALL, 0.01
8067, 4, 46, Status.WALL, 0.01
8068, 6, 61, Status.WALL, 0.01
8069, 11, 85, Status.SNAKE, 0.01
8070, 6, 59, Status.WALL, 0.01
8071, 9, 66, Status.SNAKE, 0.01
8072, 2, 17, Status.SNAKE, 0.01
8073, 2, 21, Status.WALL, 0.01
8074, 10, 92, Status.WALL, 0.01
8075, 12, 74, Status.SNAKE, 0.01
8076, 10, 58, Status.SNAKE, 0.01
8077, 7, 36, Status.WALL, 0.01
8078, 9, 73, Status.SNAKE, 0.01
8079, 4, 34, Status.WALL, 0.01
8080, 9, 91, Status.SNAKE, 0.01
8081, 12, 107, Status.SNAKE, 0.01
8082, 4, 31, Status.WALL, 0.01
8083, 15, 105, Status.SNAKE, 0.01
8084, 1, 8, Status.SNAKE, 0.01
8085, 15, 106, Status.SNAKE, 0.01
8086, 6, 46, Status.WALL, 0.01
8087, 2, 15, Status.SNAKE, 0.01
8088, 14, 75, Status.SNAKE, 0.01
8089, 4, 19, Status.SNAKE, 0.01
8090, 12, 71, Status.SNAKE, 0.01
8091, 18, 152, Status.SNAKE, 0.01
8092, 13, 71, Status.SNAKE, 0.01
8093, 8, 60, Status.SNAKE, 0.01
8094, 4, 24, Status.SNAKE, 0.01
8095, 5, 26, Status.WALL, 0.01
8096, 13, 97, Status.SNAKE, 0.01
8097, 10, 73, Status.SNAKE, 0.01
8098, 8, 48, Status.SNAKE, 0.01
8099, 6, 34, Status.SNAKE, 0.01
8100, 13, 91, Status.SNAKE, 0.01
8101, 5, 33, Status.WALL, 0.01
8102, 8, 43, Status.SNAKE, 0.01
8103, 4, 26, Status.SNAKE, 0.01
8104, 6, 47, Status.SNAKE, 0.01
8105, 8, 48, Status.SNAKE, 0.01
8106, 15, 104, Status.SNAKE, 0.01
8107, 8, 80, Status.WALL, 0.01
8108, 9, 43, Status.SNAKE, 0.01
8109, 3, 16, Status.WALL, 0.01
8110, 12, 73, Status.SNAKE, 0.01
8111, 3, 18, Status.SNAKE, 0.01
8112, 17, 133, Status.SNAKE, 0.01
8113, 16, 93, Status.SNAKE, 0.01
8114, 8, 47, Status.WALL, 0.01
8115, 3, 20, Status.SNAKE, 0.01
8116, 3, 25, Status.SNAKE, 0.01
8117, 13, 103, Status.WALL, 0.01
8118, 7, 48, Status.SNAKE, 0.01
8119, 9, 66, Status.WALL, 0.01
8120, 6, 59, Status.WALL, 0.01
8121, 7, 37, Status.WALL, 0.01
8122, 8, 42, Status.SNAKE, 0.01
8123, 5, 35, Status.WALL, 0.01
8124, 14, 77, Status.SNAKE, 0.01
8125, 8, 39, Status.SNAKE, 0.01
8126, 6, 38, Status.WALL, 0.01
8127, 10, 68, Status.WALL, 0.01
8128, 9, 95, Status.SNAKE, 0.01
8129, 7, 36, Status.SNAKE, 0.01
8130, 6, 49, Status.SNAKE, 0.01
8131, 8, 53, Status.SNAKE, 0.01
8132, 16, 105, Status.SNAKE, 0.01
8133, 8, 57, Status.SNAKE, 0.01
8134, 15, 92, Status.SNAKE, 0.01
8135, 8, 62, Status.SNAKE, 0.01
8136, 4, 32, Status.WALL, 0.01
8137, 2, 9, Status.WALL, 0.01
8138, 5, 30, Status.SNAKE, 0.01
8139, 10, 63, Status.WALL, 0.01
8140, 9, 47, Status.SNAKE, 0.01
8141, 7, 59, Status.SNAKE, 0.01
8142, 10, 53, Status.SNAKE, 0.01
8143, 10, 60, Status.SNAKE, 0.01
8144, 14, 76, Status.SNAKE, 0.01
8145, 11, 69, Status.SNAKE, 0.01
8146, 9, 58, Status.SNAKE, 0.01
8147, 10, 83, Status.SNAKE, 0.01
8148, 13, 89, Status.SNAKE, 0.01
8149, 10, 83, Status.SNAKE, 0.01
8150, 14, 83, Status.SNAKE, 0.01
8151, 5, 35, Status.WALL, 0.01
8152, 11, 67, Status.SNAKE, 0.01
8153, 10, 75, Status.SNAKE, 0.01
8154, 5, 42, Status.SNAKE, 0.01
8155, 5, 40, Status.WALL, 0.01
8156, 8, 55, Status.SNAKE, 0.01
8157, 13, 100, Status.SNAKE, 0.01
8158, 2, 9, Status.SNAKE, 0.01
8159, 11, 81, Status.WALL, 0.01
8160, 3, 33, Status.SNAKE, 0.01
8161, 2, 16, Status.SNAKE, 0.01
8162, 10, 64, Status.SNAKE, 0.01
8163, 6, 43, Status.SNAKE, 0.01
8164, 14, 107, Status.SNAKE, 0.01
8165, 11, 85, Status.SNAKE, 0.01
8166, 7, 57, Status.SNAKE, 0.01
8167, 8, 50, Status.WALL, 0.01
8168, 9, 60, Status.SNAKE, 0.01
8169, 6, 49, Status.SNAKE, 0.01
8170, 6, 44, Status.WALL, 0.01
8171, 11, 78, Status.SNAKE, 0.01
8172, 2, 27, Status.WALL, 0.01
8173, 5, 36, Status.SNAKE, 0.01
8174, 7, 41, Status.SNAKE, 0.01
8175, 15, 104, Status.WALL, 0.01
8176, 12, 87, Status.SNAKE, 0.01
8177, 10, 61, Status.SNAKE, 0.01
8178, 9, 64, Status.SNAKE, 0.01
8179, 1, 10, Status.WALL, 0.01
8180, 2, 7, Status.WALL, 0.01
8181, 9, 60, Status.SNAKE, 0.01
8182, 6, 50, Status.WALL, 0.01
8183, 2, 13, Status.SNAKE, 0.01
8184, 5, 31, Status.SNAKE, 0.01
8185, 7, 45, Status.WALL, 0.01
8186, 9, 53, Status.SNAKE, 0.01
8187, 6, 41, Status.SNAKE, 0.01
8188, 6, 46, Status.WALL, 0.01
8189, 5, 25, Status.SNAKE, 0.01
8190, 3, 21, Status.SNAKE, 0.01
8191, 11, 72, Status.SNAKE, 0.01
8192, 9, 48, Status.SNAKE, 0.01
8193, 2, 3, Status.SNAKE, 0.01
8194, 1, 6, Status.WALL, 0.01
8195, 5, 40, Status.SNAKE, 0.01
8196, 11, 67, Status.WALL, 0.01
8197, 9, 74, Status.WALL, 0.01
8198, 4, 15, Status.SNAKE, 0.01
8199, 10, 58, Status.SNAKE, 0.01
8200, 18, 93, Status.SNAKE, 0.01
8201, 12, 92, Status.SNAKE, 0.01
8202, 2, 10, Status.WALL, 0.01
8203, 11, 69, Status.SNAKE, 0.01
8204, 5, 26, Status.SNAKE, 0.01
8205, 2, 19, Status.SNAKE, 0.01
8206, 5, 31, Status.SNAKE, 0.01
8207, 2, 18, Status.SNAKE, 0.01
8208, 3, 13, Status.SNAKE, 0.01
8209, 2, 18, Status.SNAKE, 0.01
8210, 7, 65, Status.SNAKE, 0.01
8211, 8, 43, Status.SNAKE, 0.01
8212, 8, 76, Status.SNAKE, 0.01
8213, 10, 64, Status.SNAKE, 0.01
8214, 12, 92, Status.SNAKE, 0.01
8215, 7, 47, Status.SNAKE, 0.01
8216, 1, 7, Status.SNAKE, 0.01
8217, 9, 64, Status.SNAKE, 0.01
8218, 8, 54, Status.SNAKE, 0.01
8219, 10, 77, Status.WALL, 0.01
8220, 1, 10, Status.WALL, 0.01
8221, 3, 10, Status.SNAKE, 0.01
8222, 11, 76, Status.WALL, 0.01
8223, 9, 46, Status.WALL, 0.01
8224, 14, 108, Status.SNAKE, 0.01
8225, 6, 46, Status.WALL, 0.01
8226, 1, 9, Status.WALL, 0.01
8227, 8, 50, Status.SNAKE, 0.01
8228, 1, 5, Status.SNAKE, 0.01
8229, 12, 65, Status.SNAKE, 0.01
8230, 4, 25, Status.WALL, 0.01
8231, 13, 85, Status.SNAKE, 0.01
8232, 9, 62, Status.SNAKE, 0.01
8233, 5, 40, Status.SNAKE, 0.01
8234, 15, 100, Status.SNAKE, 0.01
8235, 11, 67, Status.WALL, 0.01
8236, 13, 80, Status.SNAKE, 0.01
8237, 5, 35, Status.SNAKE, 0.01
8238, 6, 43, Status.SNAKE, 0.01
8239, 8, 69, Status.SNAKE, 0.01
8240, 8, 73, Status.SNAKE, 0.01
8241, 13, 118, Status.SNAKE, 0.01
8242, 1, 5, Status.SNAKE, 0.01
8243, 7, 38, Status.SNAKE, 0.01
8244, 12, 67, Status.WALL, 0.01
8245, 6, 47, Status.SNAKE, 0.01
8246, 7, 46, Status.SNAKE, 0.01
8247, 6, 46, Status.SNAKE, 0.01
8248, 13, 107, Status.SNAKE, 0.01
8249, 4, 24, Status.SNAKE, 0.01
8250, 10, 72, Status.SNAKE, 0.01
8251, 8, 62, Status.SNAKE, 0.01
8252, 4, 18, Status.SNAKE, 0.01
8253, 4, 44, Status.WALL, 0.01
8254, 5, 30, Status.SNAKE, 0.01
8255, 3, 9, Status.SNAKE, 0.01
8256, 17, 138, Status.SNAKE, 0.01
8257, 12, 99, Status.SNAKE, 0.01
8258, 14, 102, Status.SNAKE, 0.01
8259, 1, 6, Status.SNAKE, 0.01
8260, 3, 22, Status.WALL, 0.01
8261, 11, 82, Status.WALL, 0.01
8262, 1, 5, Status.SNAKE, 0.01
8263, 1, 9, Status.WALL, 0.01
8264, 18, 125, Status.WALL, 0.01
8265, 13, 107, Status.WALL, 0.01
8266, 10, 78, Status.SNAKE, 0.01
8267, 13, 109, Status.SNAKE, 0.01
8268, 3, 26, Status.WALL, 0.01
8269, 5, 20, Status.SNAKE, 0.01
8270, 3, 24, Status.SNAKE, 0.01
8271, 10, 62, Status.SNAKE, 0.01
8272, 9, 50, Status.SNAKE, 0.01
8273, 7, 57, Status.SNAKE, 0.01
8274, 11, 65, Status.SNAKE, 0.01
8275, 15, 101, Status.SNAKE, 0.01
8276, 10, 60, Status.WALL, 0.01
8277, 2, 18, Status.WALL, 0.01
8278, 0, 8, Status.WALL, 0.01
8279, 15, 82, Status.SNAKE, 0.01
8280, 2, 21, Status.WALL, 0.01
8281, 9, 73, Status.WALL, 0.01
8282, 6, 45, Status.WALL, 0.01
8283, 7, 25, Status.WALL, 0.01
8284, 20, 142, Status.SNAKE, 0.01
8285, 12, 96, Status.SNAKE, 0.01
8286, 1, 6, Status.SNAKE, 0.01
8287, 6, 27, Status.SNAKE, 0.01
8288, 7, 38, Status.SNAKE, 0.01
8289, 11, 89, Status.WALL, 0.01
8290, 7, 42, Status.SNAKE, 0.01
8291, 8, 51, Status.SNAKE, 0.01
8292, 11, 77, Status.SNAKE, 0.01
8293, 11, 84, Status.SNAKE, 0.01
8294, 5, 44, Status.WALL, 0.01
8295, 18, 136, Status.SNAKE, 0.01
8296, 7, 44, Status.SNAKE, 0.01
8297, 1, 7, Status.SNAKE, 0.01
8298, 20, 141, Status.SNAKE, 0.01
8299, 9, 79, Status.SNAKE, 0.01
8300, 9, 76, Status.SNAKE, 0.01
8301, 4, 26, Status.SNAKE, 0.01
8302, 7, 67, Status.SNAKE, 0.01
8303, 5, 28, Status.WALL, 0.01
8304, 7, 34, Status.SNAKE, 0.01
8305, 8, 58, Status.SNAKE, 0.01
8306, 8, 52, Status.SNAKE, 0.01
8307, 17, 139, Status.SNAKE, 0.01
8308, 10, 72, Status.SNAKE, 0.01
8309, 17, 97, Status.SNAKE, 0.01
8310, 10, 71, Status.SNAKE, 0.01
8311, 15, 110, Status.SNAKE, 0.01
8312, 5, 26, Status.SNAKE, 0.01
8313, 8, 63, Status.SNAKE, 0.01
8314, 7, 55, Status.SNAKE, 0.01
8315, 18, 132, Status.SNAKE, 0.01
8316, 8, 54, Status.SNAKE, 0.01
8317, 11, 89, Status.SNAKE, 0.01
8318, 12, 73, Status.WALL, 0.01
8319, 3, 21, Status.WALL, 0.01
8320, 15, 109, Status.SNAKE, 0.01
8321, 8, 54, Status.WALL, 0.01
8322, 11, 56, Status.WALL, 0.01
8323, 10, 54, Status.SNAKE, 0.01
8324, 13, 87, Status.SNAKE, 0.01
8325, 7, 31, Status.SNAKE, 0.01
8326, 1, 3, Status.SNAKE, 0.01
8327, 12, 72, Status.SNAKE, 0.01
8328, 8, 60, Status.SNAKE, 0.01
8329, 16, 106, Status.SNAKE, 0.01
8330, 14, 110, Status.SNAKE, 0.01
8331, 4, 24, Status.SNAKE, 0.01
8332, 1, 6, Status.SNAKE, 0.01
8333, 6, 41, Status.SNAKE, 0.01
8334, 12, 89, Status.SNAKE, 0.01
8335, 10, 55, Status.SNAKE, 0.01
8336, 7, 39, Status.SNAKE, 0.01
8337, 12, 86, Status.SNAKE, 0.01
8338, 10, 95, Status.WALL, 0.01
8339, 6, 33, Status.SNAKE, 0.01
8340, 12, 89, Status.SNAKE, 0.01
8341, 9, 75, Status.SNAKE, 0.01
8342, 4, 26, Status.SNAKE, 0.01
8343, 11, 77, Status.SNAKE, 0.01
8344, 8, 46, Status.SNAKE, 0.01
8345, 11, 59, Status.SNAKE, 0.01
8346, 6, 43, Status.SNAKE, 0.01
8347, 13, 112, Status.SNAKE, 0.01
8348, 7, 61, Status.SNAKE, 0.01
8349, 9, 58, Status.SNAKE, 0.01
8350, 9, 83, Status.SNAKE, 0.01
8351, 3, 14, Status.SNAKE, 0.01
8352, 10, 60, Status.WALL, 0.01
8353, 2, 21, Status.SNAKE, 0.01
8354, 12, 68, Status.SNAKE, 0.01
8355, 7, 38, Status.WALL, 0.01
8356, 13, 85, Status.SNAKE, 0.01
8357, 4, 21, Status.SNAKE, 0.01
8358, 5, 27, Status.WALL, 0.01
8359, 4, 24, Status.WALL, 0.01
8360, 6, 32, Status.SNAKE, 0.01
8361, 16, 96, Status.SNAKE, 0.01
8362, 8, 53, Status.SNAKE, 0.01
8363, 3, 18, Status.SNAKE, 0.01
8364, 10, 75, Status.SNAKE, 0.01
8365, 9, 49, Status.WALL, 0.01
8366, 6, 34, Status.SNAKE, 0.01
8367, 10, 72, Status.SNAKE, 0.01
8368, 15, 127, Status.SNAKE, 0.01
8369, 8, 60, Status.SNAKE, 0.01
8370, 17, 105, Status.WALL, 0.01
8371, 4, 26, Status.SNAKE, 0.01
8372, 1, 12, Status.WALL, 0.01
8373, 9, 52, Status.SNAKE, 0.01
8374, 5, 29, Status.SNAKE, 0.01
8375, 1, 7, Status.WALL, 0.01
8376, 9, 56, Status.WALL, 0.01
8377, 15, 124, Status.SNAKE, 0.01
8378, 9, 58, Status.SNAKE, 0.01
8379, 9, 58, Status.SNAKE, 0.01
8380, 11, 71, Status.SNAKE, 0.01
8381, 8, 55, Status.SNAKE, 0.01
8382, 7, 48, Status.SNAKE, 0.01
8383, 5, 30, Status.SNAKE, 0.01
8384, 8, 61, Status.WALL, 0.01
8385, 7, 45, Status.SNAKE, 0.01
8386, 14, 112, Status.SNAKE, 0.01
8387, 10, 67, Status.WALL, 0.01
8388, 5, 25, Status.SNAKE, 0.01
8389, 9, 58, Status.WALL, 0.01
8390, 7, 36, Status.WALL, 0.01
8391, 9, 60, Status.SNAKE, 0.01
8392, 9, 48, Status.SNAKE, 0.01
8393, 2, 12, Status.SNAKE, 0.01
8394, 7, 38, Status.WALL, 0.01
8395, 6, 56, Status.SNAKE, 0.01
8396, 9, 62, Status.WALL, 0.01
8397, 5, 36, Status.SNAKE, 0.01
8398, 5, 43, Status.WALL, 0.01
8399, 8, 44, Status.SNAKE, 0.01
8400, 7, 40, Status.SNAKE, 0.01
8401, 4, 20, Status.SNAKE, 0.01
8402, 3, 12, Status.SNAKE, 0.01
8403, 7, 47, Status.SNAKE, 0.01
8404, 8, 51, Status.SNAKE, 0.01
8405, 5, 34, Status.SNAKE, 0.01
8406, 8, 53, Status.WALL, 0.01
8407, 3, 15, Status.WALL, 0.01
8408, 19, 122, Status.WALL, 0.01
8409, 12, 72, Status.SNAKE, 0.01
8410, 7, 25, Status.SNAKE, 0.01
8411, 9, 55, Status.SNAKE, 0.01
8412, 10, 70, Status.SNAKE, 0.01
8413, 5, 40, Status.SNAKE, 0.01
8414, 9, 50, Status.SNAKE, 0.01
8415, 6, 44, Status.WALL, 0.01
8416, 12, 88, Status.SNAKE, 0.01
8417, 4, 24, Status.SNAKE, 0.01
8418, 8, 62, Status.SNAKE, 0.01
8419, 9, 64, Status.SNAKE, 0.01
8420, 5, 27, Status.SNAKE, 0.01
8421, 18, 131, Status.SNAKE, 0.01
8422, 6, 34, Status.SNAKE, 0.01
8423, 13, 96, Status.SNAKE, 0.01
8424, 11, 69, Status.SNAKE, 0.01
8425, 3, 24, Status.SNAKE, 0.01
8426, 8, 49, Status.SNAKE, 0.01
8427, 8, 73, Status.WALL, 0.01
8428, 4, 21, Status.WALL, 0.01
8429, 12, 76, Status.SNAKE, 0.01
8430, 8, 50, Status.WALL, 0.01
8431, 15, 107, Status.SNAKE, 0.01
8432, 12, 75, Status.SNAKE, 0.01
8433, 6, 32, Status.SNAKE, 0.01
8434, 1, 3, Status.SNAKE, 0.01
8435, 6, 24, Status.SNAKE, 0.01
8436, 9, 64, Status.SNAKE, 0.01
8437, 5, 28, Status.SNAKE, 0.01
8438, 11, 78, Status.SNAKE, 0.01
8439, 5, 35, Status.SNAKE, 0.01
8440, 4, 17, Status.SNAKE, 0.01
8441, 3, 19, Status.SNAKE, 0.01
8442, 12, 71, Status.SNAKE, 0.01
8443, 4, 26, Status.SNAKE, 0.01
8444, 13, 92, Status.WALL, 0.01
8445, 11, 81, Status.SNAKE, 0.01
8446, 8, 38, Status.WALL, 0.01
8447, 8, 64, Status.SNAKE, 0.01
8448, 10, 70, Status.SNAKE, 0.01
8449, 13, 83, Status.SNAKE, 0.01
8450, 2, 29, Status.WALL, 0.01
8451, 10, 71, Status.SNAKE, 0.01
8452, 5, 33, Status.SNAKE, 0.01
8453, 12, 110, Status.SNAKE, 0.01
8454, 10, 81, Status.SNAKE, 0.01
8455, 20, 132, Status.SNAKE, 0.01
8456, 3, 13, Status.SNAKE, 0.01
8457, 9, 70, Status.SNAKE, 0.01
8458, 2, 14, Status.SNAKE, 0.01
8459, 1, 3, Status.SNAKE, 0.01
8460, 19, 138, Status.WALL, 0.01
8461, 4, 22, Status.SNAKE, 0.01
8462, 7, 45, Status.SNAKE, 0.01
8463, 5, 43, Status.SNAKE, 0.01
8464, 8, 51, Status.SNAKE, 0.01
8465, 10, 68, Status.SNAKE, 0.01
8466, 4, 24, Status.SNAKE, 0.01
8467, 9, 63, Status.SNAKE, 0.01
8468, 11, 58, Status.SNAKE, 0.01
8469, 8, 42, Status.SNAKE, 0.01
8470, 1, 8, Status.WALL, 0.01
8471, 8, 60, Status.WALL, 0.01
8472, 10, 51, Status.SNAKE, 0.01
8473, 5, 20, Status.SNAKE, 0.01
8474, 7, 33, Status.SNAKE, 0.01
8475, 5, 25, Status.SNAKE, 0.01
8476, 7, 52, Status.SNAKE, 0.01
8477, 9, 49, Status.SNAKE, 0.01
8478, 6, 34, Status.SNAKE, 0.01
8479, 3, 24, Status.WALL, 0.01
8480, 0, 4, Status.WALL, 0.01
8481, 0, 4, Status.WALL, 0.01
8482, 6, 37, Status.SNAKE, 0.01
8483, 4, 26, Status.SNAKE, 0.01
8484, 15, 117, Status.SNAKE, 0.01
8485, 11, 102, Status.SNAKE, 0.01
8486, 2, 18, Status.WALL, 0.01
8487, 16, 114, Status.SNAKE, 0.01
8488, 1, 8, Status.WALL, 0.01
8489, 7, 45, Status.WALL, 0.01
8490, 8, 54, Status.SNAKE, 0.01
8491, 12, 88, Status.WALL, 0.01
8492, 7, 50, Status.SNAKE, 0.01
8493, 6, 42, Status.WALL, 0.01
8494, 11, 89, Status.SNAKE, 0.01
8495, 10, 71, Status.SNAKE, 0.01
8496, 10, 64, Status.SNAKE, 0.01
8497, 12, 91, Status.WALL, 0.01
8498, 7, 64, Status.SNAKE, 0.01
8499, 7, 40, Status.SNAKE, 0.01
8500, 10, 62, Status.SNAKE, 0.01
8501, 8, 40, Status.SNAKE, 0.01
8502, 5, 21, Status.SNAKE, 0.01
8503, 8, 62, Status.SNAKE, 0.01
8504, 7, 40, Status.SNAKE, 0.01
8505, 7, 46, Status.SNAKE, 0.01
8506, 11, 68, Status.WALL, 0.01
8507, 20, 111, Status.SNAKE, 0.01
8508, 10, 71, Status.SNAKE, 0.01
8509, 12, 96, Status.SNAKE, 0.01
8510, 14, 125, Status.SNAKE, 0.01
8511, 21, 166, Status.SNAKE, 0.01
8512, 9, 59, Status.WALL, 0.01
8513, 8, 42, Status.SNAKE, 0.01
8514, 8, 47, Status.SNAKE, 0.01
8515, 13, 86, Status.SNAKE, 0.01
8516, 11, 67, Status.SNAKE, 0.01
8517, 2, 12, Status.SNAKE, 0.01
8518, 13, 97, Status.SNAKE, 0.01
8519, 16, 94, Status.SNAKE, 0.01
8520, 4, 31, Status.SNAKE, 0.01
8521, 6, 31, Status.SNAKE, 0.01
8522, 7, 49, Status.SNAKE, 0.01
8523, 3, 15, Status.SNAKE, 0.01
8524, 9, 57, Status.SNAKE, 0.01
8525, 7, 75, Status.SNAKE, 0.01
8526, 12, 74, Status.WALL, 0.01
8527, 1, 10, Status.WALL, 0.01
8528, 3, 20, Status.SNAKE, 0.01
8529, 9, 47, Status.SNAKE, 0.01
8530, 3, 15, Status.SNAKE, 0.01
8531, 4, 24, Status.SNAKE, 0.01
8532, 9, 57, Status.SNAKE, 0.01
8533, 11, 65, Status.WALL, 0.01
8534, 18, 114, Status.SNAKE, 0.01
8535, 7, 48, Status.SNAKE, 0.01
8536, 16, 108, Status.SNAKE, 0.01
8537, 15, 93, Status.SNAKE, 0.01
8538, 12, 75, Status.SNAKE, 0.01
8539, 10, 50, Status.SNAKE, 0.01
8540, 11, 76, Status.SNAKE, 0.01
8541, 17, 127, Status.SNAKE, 0.01
8542, 4, 24, Status.SNAKE, 0.01
8543, 16, 80, Status.SNAKE, 0.01
8544, 12, 78, Status.SNAKE, 0.01
8545, 2, 20, Status.SNAKE, 0.01
8546, 3, 18, Status.SNAKE, 0.01
8547, 4, 22, Status.SNAKE, 0.01
8548, 2, 6, Status.WALL, 0.01
8549, 6, 47, Status.SNAKE, 0.01
8550, 15, 105, Status.WALL, 0.01
8551, 8, 50, Status.SNAKE, 0.01
8552, 11, 81, Status.SNAKE, 0.01
8553, 11, 66, Status.SNAKE, 0.01
8554, 14, 109, Status.SNAKE, 0.01
8555, 15, 95, Status.SNAKE, 0.01
8556, 9, 56, Status.WALL, 0.01
8557, 7, 50, Status.WALL, 0.01
8558, 2, 10, Status.SNAKE, 0.01
8559, 5, 53, Status.SNAKE, 0.01
8560, 10, 58, Status.SNAKE, 0.01
8561, 11, 81, Status.SNAKE, 0.01
8562, 3, 14, Status.SNAKE, 0.01
8563, 13, 119, Status.SNAKE, 0.01
8564, 6, 49, Status.SNAKE, 0.01
8565, 13, 77, Status.SNAKE, 0.01
8566, 14, 111, Status.SNAKE, 0.01
8567, 5, 33, Status.SNAKE, 0.01
8568, 8, 53, Status.WALL, 0.01
8569, 14, 83, Status.WALL, 0.01
8570, 11, 62, Status.SNAKE, 0.01
8571, 8, 49, Status.SNAKE, 0.01
8572, 1, 8, Status.WALL, 0.01
8573, 10, 75, Status.SNAKE, 0.01
8574, 3, 22, Status.WALL, 0.01
8575, 6, 34, Status.SNAKE, 0.01
8576, 10, 91, Status.SNAKE, 0.01
8577, 11, 90, Status.WALL, 0.01
8578, 8, 48, Status.SNAKE, 0.01
8579, 10, 63, Status.SNAKE, 0.01
8580, 9, 68, Status.WALL, 0.01
8581, 10, 72, Status.SNAKE, 0.01
8582, 13, 63, Status.SNAKE, 0.01
8583, 6, 36, Status.SNAKE, 0.01
8584, 3, 12, Status.SNAKE, 0.01
8585, 7, 51, Status.SNAKE, 0.01
8586, 5, 44, Status.WALL, 0.01
8587, 15, 100, Status.SNAKE, 0.01
8588, 10, 58, Status.WALL, 0.01
8589, 6, 50, Status.SNAKE, 0.01
8590, 8, 42, Status.SNAKE, 0.01
8591, 25, 157, Status.SNAKE, 0.01
8592, 4, 20, Status.WALL, 0.01
8593, 4, 28, Status.SNAKE, 0.01
8594, 8, 49, Status.WALL, 0.01
8595, 14, 109, Status.SNAKE, 0.01
8596, 13, 80, Status.SNAKE, 0.01
8597, 9, 71, Status.SNAKE, 0.01
8598, 14, 103, Status.WALL, 0.01
8599, 9, 71, Status.SNAKE, 0.01
8600, 5, 24, Status.SNAKE, 0.01
8601, 7, 44, Status.WALL, 0.01
8602, 9, 82, Status.SNAKE, 0.01
8603, 11, 66, Status.WALL, 0.01
8604, 10, 69, Status.SNAKE, 0.01
8605, 2, 16, Status.WALL, 0.01
8606, 8, 63, Status.SNAKE, 0.01
8607, 4, 26, Status.SNAKE, 0.01
8608, 12, 78, Status.SNAKE, 0.01
8609, 10, 62, Status.SNAKE, 0.01
8610, 6, 41, Status.SNAKE, 0.01
8611, 7, 58, Status.SNAKE, 0.01
8612, 9, 61, Status.SNAKE, 0.01
8613, 1, 8, Status.SNAKE, 0.01
8614, 2, 8, Status.WALL, 0.01
8615, 6, 37, Status.SNAKE, 0.01
8616, 17, 100, Status.SNAKE, 0.01
8617, 15, 110, Status.SNAKE, 0.01
8618, 3, 22, Status.WALL, 0.01
8619, 2, 14, Status.SNAKE, 0.01
8620, 9, 57, Status.SNAKE, 0.01
8621, 9, 78, Status.SNAKE, 0.01
8622, 12, 84, Status.SNAKE, 0.01
8623, 10, 65, Status.SNAKE, 0.01
8624, 9, 57, Status.SNAKE, 0.01
8625, 14, 78, Status.SNAKE, 0.01
8626, 6, 47, Status.SNAKE, 0.01
8627, 14, 69, Status.SNAKE, 0.01
8628, 1, 5, Status.SNAKE, 0.01
8629, 9, 73, Status.SNAKE, 0.01
8630, 11, 85, Status.SNAKE, 0.01
8631, 4, 26, Status.SNAKE, 0.01
8632, 15, 115, Status.SNAKE, 0.01
8633, 19, 135, Status.SNAKE, 0.01
8634, 10, 83, Status.SNAKE, 0.01
8635, 9, 60, Status.SNAKE, 0.01
8636, 16, 124, Status.SNAKE, 0.01
8637, 12, 70, Status.WALL, 0.01
8638, 19, 123, Status.WALL, 0.01
8639, 12, 90, Status.WALL, 0.01
8640, 8, 50, Status.SNAKE, 0.01
8641, 1, 6, Status.SNAKE, 0.01
8642, 11, 90, Status.SNAKE, 0.01
8643, 11, 71, Status.SNAKE, 0.01
8644, 14, 74, Status.SNAKE, 0.01
8645, 6, 30, Status.SNAKE, 0.01
8646, 12, 83, Status.SNAKE, 0.01
8647, 6, 30, Status.WALL, 0.01
8648, 2, 7, Status.SNAKE, 0.01
8649, 7, 45, Status.SNAKE, 0.01
8650, 11, 75, Status.SNAKE, 0.01
8651, 15, 114, Status.SNAKE, 0.01
8652, 6, 50, Status.WALL, 0.01
8653, 13, 101, Status.SNAKE, 0.01
8654, 2, 10, Status.SNAKE, 0.01
8655, 11, 79, Status.SNAKE, 0.01
8656, 10, 67, Status.SNAKE, 0.01
8657, 8, 53, Status.SNAKE, 0.01
8658, 7, 54, Status.SNAKE, 0.01
8659, 7, 39, Status.SNAKE, 0.01
8660, 13, 100, Status.SNAKE, 0.01
8661, 5, 34, Status.WALL, 0.01
8662, 4, 24, Status.WALL, 0.01
8663, 1, 5, Status.SNAKE, 0.01
8664, 7, 41, Status.SNAKE, 0.01
8665, 22, 159, Status.SNAKE, 0.01
8666, 6, 35, Status.SNAKE, 0.01
8667, 13, 82, Status.SNAKE, 0.01
8668, 13, 99, Status.SNAKE, 0.01
8669, 1, 5, Status.SNAKE, 0.01
8670, 9, 47, Status.SNAKE, 0.01
8671, 5, 29, Status.SNAKE, 0.01
8672, 13, 69, Status.SNAKE, 0.01
8673, 7, 32, Status.WALL, 0.01
8674, 15, 105, Status.SNAKE, 0.01
8675, 3, 20, Status.SNAKE, 0.01
8676, 9, 58, Status.SNAKE, 0.01
8677, 12, 63, Status.SNAKE, 0.01
8678, 11, 57, Status.SNAKE, 0.01
8679, 10, 62, Status.WALL, 0.01
8680, 11, 75, Status.SNAKE, 0.01
8681, 5, 37, Status.SNAKE, 0.01
8682, 10, 52, Status.WALL, 0.01
8683, 6, 43, Status.SNAKE, 0.01
8684, 16, 110, Status.SNAKE, 0.01
8685, 1, 10, Status.WALL, 0.01
8686, 8, 56, Status.SNAKE, 0.01
8687, 10, 67, Status.WALL, 0.01
8688, 1, 5, Status.SNAKE, 0.01
8689, 14, 84, Status.SNAKE, 0.01
8690, 14, 113, Status.SNAKE, 0.01
8691, 4, 12, Status.SNAKE, 0.01
8692, 6, 36, Status.WALL, 0.01
8693, 6, 34, Status.SNAKE, 0.01
8694, 8, 53, Status.SNAKE, 0.01
8695, 10, 61, Status.WALL, 0.01
8696, 9, 57, Status.SNAKE, 0.01
8697, 3, 36, Status.WALL, 0.01
8698, 4, 15, Status.SNAKE, 0.01
8699, 15, 91, Status.SNAKE, 0.01
8700, 9, 65, Status.SNAKE, 0.01
8701, 3, 15, Status.SNAKE, 0.01
8702, 9, 66, Status.SNAKE, 0.01
8703, 8, 61, Status.SNAKE, 0.01
8704, 5, 25, Status.SNAKE, 0.01
8705, 11, 51, Status.WALL, 0.01
8706, 13, 83, Status.SNAKE, 0.01
8707, 7, 52, Status.WALL, 0.01
8708, 5, 34, Status.SNAKE, 0.01
8709, 9, 54, Status.WALL, 0.01
8710, 14, 87, Status.SNAKE, 0.01
8711, 16, 112, Status.SNAKE, 0.01
8712, 6, 39, Status.SNAKE, 0.01
8713, 10, 44, Status.WALL, 0.01
8714, 5, 41, Status.SNAKE, 0.01
8715, 17, 125, Status.SNAKE, 0.01
8716, 8, 35, Status.WALL, 0.01
8717, 9, 49, Status.SNAKE, 0.01
8718, 6, 35, Status.SNAKE, 0.01
8719, 9, 64, Status.SNAKE, 0.01
8720, 9, 52, Status.SNAKE, 0.01
8721, 5, 23, Status.SNAKE, 0.01
8722, 10, 96, Status.SNAKE, 0.01
8723, 9, 59, Status.SNAKE, 0.01
8724, 10, 69, Status.SNAKE, 0.01
8725, 19, 140, Status.SNAKE, 0.01
8726, 9, 41, Status.SNAKE, 0.01
8727, 16, 128, Status.SNAKE, 0.01
8728, 12, 72, Status.SNAKE, 0.01
8729, 10, 71, Status.SNAKE, 0.01
8730, 13, 98, Status.SNAKE, 0.01
8731, 5, 19, Status.SNAKE, 0.01
8732, 17, 123, Status.SNAKE, 0.01
8733, 8, 57, Status.SNAKE, 0.01
8734, 5, 37, Status.SNAKE, 0.01
8735, 9, 55, Status.SNAKE, 0.01
8736, 15, 102, Status.SNAKE, 0.01
8737, 6, 52, Status.SNAKE, 0.01
8738, 7, 40, Status.SNAKE, 0.01
8739, 15, 107, Status.WALL, 0.01
8740, 12, 87, Status.WALL, 0.01
8741, 13, 104, Status.SNAKE, 0.01
8742, 5, 33, Status.SNAKE, 0.01
8743, 11, 94, Status.SNAKE, 0.01
8744, 14, 88, Status.WALL, 0.01
8745, 6, 39, Status.SNAKE, 0.01
8746, 15, 104, Status.SNAKE, 0.01
8747, 11, 85, Status.WALL, 0.01
8748, 14, 95, Status.SNAKE, 0.01
8749, 13, 80, Status.SNAKE, 0.01
8750, 10, 69, Status.SNAKE, 0.01
8751, 11, 92, Status.SNAKE, 0.01
8752, 3, 12, Status.WALL, 0.01
8753, 14, 95, Status.SNAKE, 0.01
8754, 6, 49, Status.WALL, 0.01
8755, 6, 32, Status.SNAKE, 0.01
8756, 13, 98, Status.SNAKE, 0.01
8757, 9, 71, Status.SNAKE, 0.01
8758, 6, 28, Status.SNAKE, 0.01
8759, 8, 78, Status.SNAKE, 0.01
8760, 9, 60, Status.WALL, 0.01
8761, 12, 72, Status.SNAKE, 0.01
8762, 14, 120, Status.WALL, 0.01
8763, 9, 64, Status.SNAKE, 0.01
8764, 10, 47, Status.SNAKE, 0.01
8765, 12, 70, Status.SNAKE, 0.01
8766, 1, 8, Status.WALL, 0.01
8767, 11, 82, Status.WALL, 0.01
8768, 11, 67, Status.SNAKE, 0.01
8769, 9, 62, Status.SNAKE, 0.01
8770, 4, 14, Status.SNAKE, 0.01
8771, 4, 42, Status.WALL, 0.01
8772, 6, 36, Status.WALL, 0.01
8773, 10, 53, Status.SNAKE, 0.01
8774, 9, 79, Status.WALL, 0.01
8775, 19, 151, Status.SNAKE, 0.01
8776, 0, 4, Status.WALL, 0.01
8777, 6, 41, Status.WALL, 0.01
8778, 13, 89, Status.SNAKE, 0.01
8779, 1, 9, Status.WALL, 0.01
8780, 9, 44, Status.SNAKE, 0.01
8781, 1, 23, Status.WALL, 0.01
8782, 6, 30, Status.SNAKE, 0.01
8783, 12, 83, Status.SNAKE, 0.01
8784, 9, 71, Status.SNAKE, 0.01
8785, 1, 8, Status.WALL, 0.01
8786, 0, 4, Status.WALL, 0.01
8787, 11, 78, Status.SNAKE, 0.01
8788, 4, 27, Status.WALL, 0.01
8789, 4, 35, Status.SNAKE, 0.01
8790, 11, 77, Status.SNAKE, 0.01
8791, 10, 68, Status.WALL, 0.01
8792, 12, 95, Status.SNAKE, 0.01
8793, 5, 16, Status.SNAKE, 0.01
8794, 6, 41, Status.SNAKE, 0.01
8795, 9, 63, Status.SNAKE, 0.01
8796, 10, 77, Status.SNAKE, 0.01
8797, 4, 34, Status.WALL, 0.01
8798, 3, 20, Status.SNAKE, 0.01
8799, 2, 21, Status.SNAKE, 0.01
8800, 4, 31, Status.WALL, 0.01
8801, 19, 127, Status.SNAKE, 0.01
8802, 10, 86, Status.SNAKE, 0.01
8803, 14, 111, Status.SNAKE, 0.01
8804, 12, 79, Status.SNAKE, 0.01
8805, 7, 70, Status.SNAKE, 0.01
8806, 13, 91, Status.SNAKE, 0.01
8807, 10, 55, Status.SNAKE, 0.01
8808, 14, 82, Status.SNAKE, 0.01
8809, 5, 30, Status.SNAKE, 0.01
8810, 5, 38, Status.SNAKE, 0.01
8811, 1, 9, Status.WALL, 0.01
8812, 9, 60, Status.SNAKE, 0.01
8813, 13, 89, Status.SNAKE, 0.01
8814, 3, 22, Status.SNAKE, 0.01
8815, 5, 40, Status.SNAKE, 0.01
8816, 15, 111, Status.SNAKE, 0.01
8817, 13, 76, Status.SNAKE, 0.01
8818, 16, 101, Status.SNAKE, 0.01
8819, 14, 85, Status.SNAKE, 0.01
8820, 10, 69, Status.SNAKE, 0.01
8821, 9, 58, Status.SNAKE, 0.01
8822, 3, 17, Status.SNAKE, 0.01
8823, 9, 43, Status.SNAKE, 0.01
8824, 11, 66, Status.SNAKE, 0.01
8825, 15, 133, Status.SNAKE, 0.01
8826, 11, 78, Status.SNAKE, 0.01
8827, 9, 63, Status.WALL, 0.01
8828, 2, 23, Status.WALL, 0.01
8829, 5, 24, Status.SNAKE, 0.01
8830, 15, 103, Status.SNAKE, 0.01
8831, 12, 65, Status.SNAKE, 0.01
8832, 4, 26, Status.SNAKE, 0.01
8833, 4, 36, Status.WALL, 0.01
8834, 4, 30, Status.WALL, 0.01
8835, 11, 96, Status.SNAKE, 0.01
8836, 14, 88, Status.SNAKE, 0.01
8837, 4, 25, Status.SNAKE, 0.01
8838, 2, 22, Status.SNAKE, 0.01
8839, 2, 10, Status.SNAKE, 0.01
8840, 4, 17, Status.SNAKE, 0.01
8841, 1, 10, Status.WALL, 0.01
8842, 7, 47, Status.SNAKE, 0.01
8843, 10, 60, Status.WALL, 0.01
8844, 5, 30, Status.SNAKE, 0.01
8845, 14, 110, Status.SNAKE, 0.01
8846, 13, 76, Status.WALL, 0.01
8847, 6, 39, Status.SNAKE, 0.01
8848, 5, 44, Status.WALL, 0.01
8849, 12, 81, Status.WALL, 0.01
8850, 1, 8, Status.WALL, 0.01
8851, 6, 44, Status.WALL, 0.01
8852, 9, 79, Status.SNAKE, 0.01
8853, 1, 8, Status.SNAKE, 0.01
8854, 9, 63, Status.SNAKE, 0.01
8855, 1, 5, Status.SNAKE, 0.01
8856, 8, 64, Status.WALL, 0.01
8857, 11, 69, Status.SNAKE, 0.01
8858, 5, 31, Status.SNAKE, 0.01
8859, 13, 80, Status.WALL, 0.01
8860, 9, 61, Status.SNAKE, 0.01
8861, 4, 32, Status.WALL, 0.01
8862, 19, 114, Status.SNAKE, 0.01
8863, 12, 84, Status.SNAKE, 0.01
8864, 9, 62, Status.SNAKE, 0.01
8865, 9, 45, Status.SNAKE, 0.01
8866, 2, 19, Status.SNAKE, 0.01
8867, 7, 39, Status.SNAKE, 0.01
8868, 9, 67, Status.SNAKE, 0.01
8869, 10, 69, Status.SNAKE, 0.01
8870, 6, 51, Status.WALL, 0.01
8871, 13, 106, Status.WALL, 0.01
8872, 10, 68, Status.SNAKE, 0.01
8873, 13, 60, Status.SNAKE, 0.01
8874, 13, 91, Status.SNAKE, 0.01
8875, 2, 16, Status.WALL, 0.01
8876, 6, 43, Status.SNAKE, 0.01
8877, 4, 25, Status.SNAKE, 0.01
8878, 9, 82, Status.SNAKE, 0.01
8879, 16, 106, Status.SNAKE, 0.01
8880, 9, 49, Status.SNAKE, 0.01
8881, 9, 84, Status.SNAKE, 0.01
8882, 13, 91, Status.WALL, 0.01
8883, 10, 65, Status.WALL, 0.01
8884, 7, 27, Status.SNAKE, 0.01
8885, 14, 99, Status.SNAKE, 0.01
8886, 10, 68, Status.SNAKE, 0.01
8887, 12, 81, Status.SNAKE, 0.01
8888, 3, 19, Status.SNAKE, 0.01
8889, 11, 62, Status.WALL, 0.01
8890, 12, 87, Status.SNAKE, 0.01
8891, 10, 68, Status.SNAKE, 0.01
8892, 9, 79, Status.SNAKE, 0.01
8893, 11, 85, Status.SNAKE, 0.01
8894, 3, 8, Status.SNAKE, 0.01
8895, 8, 64, Status.SNAKE, 0.01
8896, 6, 26, Status.SNAKE, 0.01
8897, 12, 83, Status.SNAKE, 0.01
8898, 5, 33, Status.SNAKE, 0.01
8899, 8, 60, Status.SNAKE, 0.01
8900, 8, 72, Status.WALL, 0.01
8901, 8, 51, Status.WALL, 0.01
8902, 6, 22, Status.SNAKE, 0.01
8903, 2, 12, Status.SNAKE, 0.01
8904, 21, 166, Status.SNAKE, 0.01
8905, 10, 68, Status.SNAKE, 0.01
8906, 4, 41, Status.WALL, 0.01
8907, 11, 80, Status.SNAKE, 0.01
8908, 14, 98, Status.SNAKE, 0.01
8909, 11, 54, Status.SNAKE, 0.01
8910, 10, 70, Status.WALL, 0.01
8911, 1, 9, Status.SNAKE, 0.01
8912, 9, 38, Status.SNAKE, 0.01
8913, 6, 41, Status.WALL, 0.01
8914, 15, 97, Status.SNAKE, 0.01
8915, 2, 11, Status.WALL, 0.01
8916, 11, 69, Status.SNAKE, 0.01
8917, 7, 54, Status.WALL, 0.01
8918, 2, 10, Status.SNAKE, 0.01
8919, 12, 91, Status.SNAKE, 0.01
8920, 23, 136, Status.SNAKE, 0.01
8921, 7, 31, Status.SNAKE, 0.01
8922, 5, 23, Status.SNAKE, 0.01
8923, 5, 35, Status.SNAKE, 0.01
8924, 10, 58, Status.SNAKE, 0.01
8925, 1, 5, Status.SNAKE, 0.01
8926, 3, 20, Status.WALL, 0.01
8927, 2, 19, Status.SNAKE, 0.01
8928, 5, 27, Status.SNAKE, 0.01
8929, 7, 43, Status.SNAKE, 0.01
8930, 11, 69, Status.SNAKE, 0.01
8931, 5, 23, Status.SNAKE, 0.01
8932, 7, 46, Status.SNAKE, 0.01
8933, 5, 39, Status.WALL, 0.01
8934, 3, 25, Status.WALL, 0.01
8935, 5, 38, Status.SNAKE, 0.01
8936, 3, 9, Status.SNAKE, 0.01
8937, 5, 27, Status.SNAKE, 0.01
8938, 13, 91, Status.SNAKE, 0.01
8939, 14, 68, Status.SNAKE, 0.01
8940, 5, 31, Status.SNAKE, 0.01
8941, 14, 89, Status.SNAKE, 0.01
8942, 4, 29, Status.SNAKE, 0.01
8943, 1, 6, Status.WALL, 0.01
8944, 8, 68, Status.SNAKE, 0.01
8945, 1, 3, Status.SNAKE, 0.01
8946, 8, 53, Status.SNAKE, 0.01
8947, 12, 79, Status.SNAKE, 0.01
8948, 15, 92, Status.WALL, 0.01
8949, 8, 51, Status.SNAKE, 0.01
8950, 21, 149, Status.WALL, 0.01
8951, 8, 49, Status.SNAKE, 0.01
8952, 15, 94, Status.SNAKE, 0.01
8953, 4, 31, Status.SNAKE, 0.01
8954, 10, 95, Status.SNAKE, 0.01
8955, 12, 76, Status.SNAKE, 0.01
8956, 6, 37, Status.SNAKE, 0.01
8957, 7, 57, Status.SNAKE, 0.01
8958, 5, 23, Status.SNAKE, 0.01
8959, 10, 46, Status.SNAKE, 0.01
8960, 18, 124, Status.SNAKE, 0.01
8961, 6, 48, Status.WALL, 0.01
8962, 6, 40, Status.WALL, 0.01
8963, 9, 50, Status.SNAKE, 0.01
8964, 9, 61, Status.SNAKE, 0.01
8965, 8, 61, Status.SNAKE, 0.01
8966, 6, 38, Status.SNAKE, 0.01
8967, 18, 113, Status.SNAKE, 0.01
8968, 22, 136, Status.SNAKE, 0.01
8969, 8, 50, Status.SNAKE, 0.01
8970, 2, 14, Status.SNAKE, 0.01
8971, 17, 108, Status.SNAKE, 0.01
8972, 21, 153, Status.SNAKE, 0.01
8973, 15, 120, Status.SNAKE, 0.01
8974, 5, 25, Status.SNAKE, 0.01
8975, 11, 91, Status.SNAKE, 0.01
8976, 6, 43, Status.SNAKE, 0.01
8977, 8, 70, Status.SNAKE, 0.01
8978, 7, 58, Status.WALL, 0.01
8979, 9, 73, Status.SNAKE, 0.01
8980, 13, 101, Status.SNAKE, 0.01
8981, 12, 61, Status.SNAKE, 0.01
8982, 7, 40, Status.SNAKE, 0.01
8983, 4, 18, Status.SNAKE, 0.01
8984, 7, 48, Status.SNAKE, 0.01
8985, 9, 47, Status.SNAKE, 0.01
8986, 17, 145, Status.SNAKE, 0.01
8987, 15, 73, Status.SNAKE, 0.01
8988, 6, 40, Status.WALL, 0.01
8989, 5, 25, Status.SNAKE, 0.01
8990, 3, 23, Status.WALL, 0.01
8991, 9, 72, Status.SNAKE, 0.01
8992, 6, 47, Status.SNAKE, 0.01
8993, 17, 108, Status.SNAKE, 0.01
8994, 13, 85, Status.SNAKE, 0.01
8995, 15, 104, Status.SNAKE, 0.01
8996, 5, 45, Status.SNAKE, 0.01
8997, 16, 89, Status.SNAKE, 0.01
8998, 5, 50, Status.WALL, 0.01
8999, 13, 101, Status.SNAKE, 0.01
9000, 4, 18, Status.WALL, 0.01
9001, 4, 35, Status.SNAKE, 0.01
9002, 15, 97, Status.SNAKE, 0.01
9003, 8, 40, Status.SNAKE, 0.01
9004, 2, 14, Status.WALL, 0.01
9005, 7, 58, Status.SNAKE, 0.01
9006, 6, 24, Status.WALL, 0.01
9007, 9, 53, Status.SNAKE, 0.01
9008, 6, 45, Status.SNAKE, 0.01
9009, 3, 11, Status.SNAKE, 0.01
9010, 9, 53, Status.WALL, 0.01
9011, 8, 46, Status.SNAKE, 0.01
9012, 7, 35, Status.SNAKE, 0.01
9013, 14, 79, Status.WALL, 0.01
9014, 11, 83, Status.SNAKE, 0.01
9015, 12, 87, Status.WALL, 0.01
9016, 13, 93, Status.SNAKE, 0.01
9017, 6, 36, Status.SNAKE, 0.01
9018, 4, 30, Status.WALL, 0.01
9019, 12, 89, Status.SNAKE, 0.01
9020, 11, 66, Status.SNAKE, 0.01
9021, 23, 179, Status.SNAKE, 0.01
9022, 1, 3, Status.SNAKE, 0.01
9023, 15, 121, Status.WALL, 0.01
9024, 12, 98, Status.SNAKE, 0.01
9025, 3, 15, Status.SNAKE, 0.01
9026, 5, 37, Status.WALL, 0.01
9027, 12, 79, Status.SNAKE, 0.01
9028, 11, 72, Status.SNAKE, 0.01
9029, 15, 95, Status.SNAKE, 0.01
9030, 2, 10, Status.SNAKE, 0.01
9031, 11, 73, Status.SNAKE, 0.01
9032, 12, 90, Status.SNAKE, 0.01
9033, 5, 25, Status.SNAKE, 0.01
9034, 9, 67, Status.SNAKE, 0.01
9035, 11, 63, Status.SNAKE, 0.01
9036, 8, 50, Status.WALL, 0.01
9037, 5, 31, Status.SNAKE, 0.01
9038, 9, 52, Status.SNAKE, 0.01
9039, 7, 53, Status.SNAKE, 0.01
9040, 7, 38, Status.SNAKE, 0.01
9041, 12, 62, Status.SNAKE, 0.01
9042, 5, 23, Status.WALL, 0.01
9043, 11, 75, Status.SNAKE, 0.01
9044, 12, 112, Status.WALL, 0.01
9045, 10, 81, Status.WALL, 0.01
9046, 12, 103, Status.SNAKE, 0.01
9047, 17, 105, Status.SNAKE, 0.01
9048, 7, 56, Status.SNAKE, 0.01
9049, 1, 3, Status.SNAKE, 0.01
9050, 7, 54, Status.SNAKE, 0.01
9051, 3, 19, Status.SNAKE, 0.01
9052, 10, 59, Status.SNAKE, 0.01
9053, 10, 75, Status.SNAKE, 0.01
9054, 9, 50, Status.WALL, 0.01
9055, 16, 105, Status.WALL, 0.01
9056, 6, 48, Status.WALL, 0.01
9057, 16, 106, Status.SNAKE, 0.01
9058, 7, 36, Status.SNAKE, 0.01
9059, 9, 67, Status.SNAKE, 0.01
9060, 6, 43, Status.WALL, 0.01
9061, 11, 110, Status.SNAKE, 0.01
9062, 11, 91, Status.SNAKE, 0.01
9063, 4, 16, Status.SNAKE, 0.01
9064, 17, 124, Status.WALL, 0.01
9065, 19, 132, Status.SNAKE, 0.01
9066, 9, 62, Status.SNAKE, 0.01
9067, 8, 38, Status.SNAKE, 0.01
9068, 5, 35, Status.SNAKE, 0.01
9069, 6, 31, Status.SNAKE, 0.01
9070, 12, 73, Status.SNAKE, 0.01
9071, 4, 27, Status.SNAKE, 0.01
9072, 6, 44, Status.SNAKE, 0.01
9073, 5, 28, Status.SNAKE, 0.01
9074, 11, 77, Status.SNAKE, 0.01
9075, 5, 30, Status.SNAKE, 0.01
9076, 6, 31, Status.WALL, 0.01
9077, 15, 108, Status.SNAKE, 0.01
9078, 1, 13, Status.WALL, 0.01
9079, 4, 23, Status.SNAKE, 0.01
9080, 9, 72, Status.SNAKE, 0.01
9081, 2, 23, Status.SNAKE, 0.01
9082, 8, 48, Status.SNAKE, 0.01
9083, 12, 54, Status.SNAKE, 0.01
9084, 10, 73, Status.WALL, 0.01
9085, 7, 49, Status.SNAKE, 0.01
9086, 8, 54, Status.SNAKE, 0.01
9087, 14, 106, Status.SNAKE, 0.01
9088, 14, 95, Status.SNAKE, 0.01
9089, 7, 45, Status.SNAKE, 0.01
9090, 8, 52, Status.SNAKE, 0.01
9091, 9, 68, Status.SNAKE, 0.01
9092, 13, 64, Status.SNAKE, 0.01
9093, 8, 55, Status.SNAKE, 0.01
9094, 10, 70, Status.SNAKE, 0.01
9095, 3, 21, Status.SNAKE, 0.01
9096, 7, 35, Status.SNAKE, 0.01
9097, 7, 41, Status.SNAKE, 0.01
9098, 11, 74, Status.SNAKE, 0.01
9099, 9, 52, Status.WALL, 0.01
9100, 14, 90, Status.SNAKE, 0.01
9101, 9, 63, Status.SNAKE, 0.01
9102, 8, 47, Status.SNAKE, 0.01
9103, 3, 13, Status.WALL, 0.01
9104, 5, 34, Status.WALL, 0.01
9105, 8, 33, Status.SNAKE, 0.01
9106, 6, 42, Status.SNAKE, 0.01
9107, 2, 14, Status.SNAKE, 0.01
9108, 3, 25, Status.SNAKE, 0.01
9109, 11, 47, Status.WALL, 0.01
9110, 9, 82, Status.SNAKE, 0.01
9111, 13, 83, Status.SNAKE, 0.01
9112, 12, 80, Status.WALL, 0.01
9113, 10, 84, Status.SNAKE, 0.01
9114, 3, 28, Status.WALL, 0.01
9115, 13, 77, Status.SNAKE, 0.01
9116, 4, 26, Status.SNAKE, 0.01
9117, 11, 58, Status.SNAKE, 0.01
9118, 3, 18, Status.SNAKE, 0.01
9119, 18, 106, Status.SNAKE, 0.01
9120, 12, 95, Status.SNAKE, 0.01
9121, 7, 45, Status.SNAKE, 0.01
9122, 15, 129, Status.SNAKE, 0.01
9123, 9, 70, Status.WALL, 0.01
9124, 1, 6, Status.WALL, 0.01
9125, 10, 39, Status.SNAKE, 0.01
9126, 7, 45, Status.SNAKE, 0.01
9127, 10, 66, Status.SNAKE, 0.01
9128, 10, 70, Status.SNAKE, 0.01
9129, 11, 71, Status.SNAKE, 0.01
9130, 8, 54, Status.WALL, 0.01
9131, 5, 40, Status.SNAKE, 0.01
9132, 1, 3, Status.SNAKE, 0.01
9133, 4, 17, Status.SNAKE, 0.01
9134, 13, 75, Status.SNAKE, 0.01
9135, 5, 33, Status.SNAKE, 0.01
9136, 7, 45, Status.SNAKE, 0.01
9137, 5, 34, Status.SNAKE, 0.01
9138, 3, 16, Status.SNAKE, 0.01
9139, 5, 45, Status.SNAKE, 0.01
9140, 6, 33, Status.SNAKE, 0.01
9141, 3, 22, Status.SNAKE, 0.01
9142, 11, 94, Status.SNAKE, 0.01
9143, 8, 62, Status.SNAKE, 0.01
9144, 10, 85, Status.SNAKE, 0.01
9145, 10, 92, Status.SNAKE, 0.01
9146, 15, 106, Status.SNAKE, 0.01
9147, 7, 34, Status.SNAKE, 0.01
9148, 0, 5, Status.WALL, 0.01
9149, 13, 67, Status.SNAKE, 0.01
9150, 1, 12, Status.SNAKE, 0.01
9151, 10, 75, Status.WALL, 0.01
9152, 6, 35, Status.SNAKE, 0.01
9153, 9, 50, Status.SNAKE, 0.01
9154, 11, 76, Status.WALL, 0.01
9155, 11, 80, Status.SNAKE, 0.01
9156, 17, 128, Status.SNAKE, 0.01
9157, 2, 16, Status.SNAKE, 0.01
9158, 11, 59, Status.SNAKE, 0.01
9159, 12, 77, Status.SNAKE, 0.01
9160, 5, 30, Status.SNAKE, 0.01
9161, 1, 10, Status.WALL, 0.01
9162, 9, 43, Status.SNAKE, 0.01
9163, 11, 80, Status.SNAKE, 0.01
9164, 8, 59, Status.SNAKE, 0.01
9165, 14, 102, Status.SNAKE, 0.01
9166, 10, 78, Status.WALL, 0.01
9167, 6, 48, Status.WALL, 0.01
9168, 20, 107, Status.SNAKE, 0.01
9169, 6, 39, Status.SNAKE, 0.01
9170, 0, 6, Status.WALL, 0.01
9171, 3, 16, Status.WALL, 0.01
9172, 8, 72, Status.WALL, 0.01
9173, 4, 25, Status.WALL, 0.01
9174, 11, 85, Status.SNAKE, 0.01
9175, 1, 8, Status.WALL, 0.01
9176, 3, 23, Status.WALL, 0.01
9177, 8, 48, Status.SNAKE, 0.01
9178, 12, 85, Status.WALL, 0.01
9179, 8, 68, Status.SNAKE, 0.01
9180, 7, 57, Status.SNAKE, 0.01
9181, 11, 79, Status.SNAKE, 0.01
9182, 15, 141, Status.WALL, 0.01
9183, 9, 81, Status.SNAKE, 0.01
9184, 9, 56, Status.SNAKE, 0.01
9185, 5, 37, Status.SNAKE, 0.01
9186, 6, 52, Status.WALL, 0.01
9187, 7, 51, Status.SNAKE, 0.01
9188, 16, 115, Status.SNAKE, 0.01
9189, 14, 108, Status.SNAKE, 0.01
9190, 12, 89, Status.SNAKE, 0.01
9191, 6, 29, Status.SNAKE, 0.01
9192, 1, 3, Status.SNAKE, 0.01
9193, 13, 78, Status.SNAKE, 0.01
9194, 11, 61, Status.SNAKE, 0.01
9195, 7, 31, Status.SNAKE, 0.01
9196, 10, 89, Status.SNAKE, 0.01
9197, 7, 49, Status.SNAKE, 0.01
9198, 10, 81, Status.WALL, 0.01
9199, 12, 74, Status.SNAKE, 0.01
9200, 9, 58, Status.WALL, 0.01
9201, 5, 31, Status.SNAKE, 0.01
9202, 10, 82, Status.SNAKE, 0.01
9203, 11, 72, Status.SNAKE, 0.01
9204, 9, 77, Status.SNAKE, 0.01
9205, 5, 29, Status.SNAKE, 0.01
9206, 4, 17, Status.SNAKE, 0.01
9207, 4, 22, Status.SNAKE, 0.01
9208, 10, 63, Status.WALL, 0.01
9209, 22, 127, Status.WALL, 0.01
9210, 7, 54, Status.SNAKE, 0.01
9211, 5, 32, Status.SNAKE, 0.01
9212, 4, 26, Status.SNAKE, 0.01
9213, 6, 46, Status.SNAKE, 0.01
9214, 7, 71, Status.SNAKE, 0.01
9215, 3, 25, Status.SNAKE, 0.01
9216, 14, 87, Status.SNAKE, 0.01
9217, 2, 19, Status.SNAKE, 0.01
9218, 6, 44, Status.SNAKE, 0.01
9219, 9, 72, Status.SNAKE, 0.01
9220, 3, 22, Status.SNAKE, 0.01
9221, 5, 38, Status.SNAKE, 0.01
9222, 13, 88, Status.SNAKE, 0.01
9223, 19, 111, Status.SNAKE, 0.01
9224, 4, 20, Status.SNAKE, 0.01
9225, 11, 73, Status.SNAKE, 0.01
9226, 14, 96, Status.SNAKE, 0.01
9227, 13, 93, Status.SNAKE, 0.01
9228, 11, 67, Status.SNAKE, 0.01
9229, 8, 56, Status.SNAKE, 0.01
9230, 10, 61, Status.SNAKE, 0.01
9231, 11, 83, Status.WALL, 0.01
9232, 6, 38, Status.WALL, 0.01
9233, 14, 85, Status.WALL, 0.01
9234, 7, 53, Status.WALL, 0.01
9235, 2, 10, Status.SNAKE, 0.01
9236, 13, 93, Status.SNAKE, 0.01
9237, 9, 92, Status.SNAKE, 0.01
9238, 7, 55, Status.SNAKE, 0.01
9239, 11, 84, Status.SNAKE, 0.01
9240, 5, 28, Status.SNAKE, 0.01
9241, 10, 49, Status.SNAKE, 0.01
9242, 1, 8, Status.WALL, 0.01
9243, 7, 57, Status.SNAKE, 0.01
9244, 8, 52, Status.SNAKE, 0.01
9245, 8, 56, Status.SNAKE, 0.01
9246, 4, 36, Status.WALL, 0.01
9247, 9, 50, Status.SNAKE, 0.01
9248, 12, 56, Status.SNAKE, 0.01
9249, 11, 81, Status.SNAKE, 0.01
9250, 4, 24, Status.WALL, 0.01
9251, 8, 50, Status.SNAKE, 0.01
9252, 3, 20, Status.WALL, 0.01
9253, 7, 52, Status.SNAKE, 0.01
9254, 24, 181, Status.SNAKE, 0.01
9255, 7, 47, Status.SNAKE, 0.01
9256, 6, 42, Status.WALL, 0.01
9257, 5, 36, Status.SNAKE, 0.01
9258, 6, 38, Status.SNAKE, 0.01
9259, 1, 7, Status.SNAKE, 0.01
9260, 20, 132, Status.SNAKE, 0.01
9261, 14, 76, Status.WALL, 0.01
9262, 7, 45, Status.SNAKE, 0.01
9263, 7, 30, Status.SNAKE, 0.01
9264, 18, 129, Status.SNAKE, 0.01
9265, 17, 132, Status.SNAKE, 0.01
9266, 12, 88, Status.SNAKE, 0.01
9267, 12, 93, Status.WALL, 0.01
9268, 18, 94, Status.SNAKE, 0.01
9269, 5, 28, Status.WALL, 0.01
9270, 23, 173, Status.WALL, 0.01
9271, 11, 62, Status.SNAKE, 0.01
9272, 15, 110, Status.SNAKE, 0.01
9273, 7, 33, Status.SNAKE, 0.01
9274, 5, 29, Status.WALL, 0.01
9275, 5, 28, Status.SNAKE, 0.01
9276, 11, 63, Status.SNAKE, 0.01
9277, 9, 61, Status.SNAKE, 0.01
9278, 11, 62, Status.SNAKE, 0.01
9279, 5, 30, Status.SNAKE, 0.01
9280, 7, 59, Status.SNAKE, 0.01
9281, 3, 14, Status.WALL, 0.01
9282, 5, 38, Status.SNAKE, 0.01
9283, 5, 39, Status.WALL, 0.01
9284, 12, 79, Status.SNAKE, 0.01
9285, 2, 7, Status.SNAKE, 0.01
9286, 3, 27, Status.SNAKE, 0.01
9287, 10, 57, Status.SNAKE, 0.01
9288, 19, 148, Status.SNAKE, 0.01
9289, 3, 18, Status.SNAKE, 0.01
9290, 7, 39, Status.WALL, 0.01
9291, 2, 14, Status.SNAKE, 0.01
9292, 8, 48, Status.SNAKE, 0.01
9293, 8, 63, Status.WALL, 0.01
9294, 9, 63, Status.SNAKE, 0.01
9295, 2, 15, Status.WALL, 0.01
9296, 10, 105, Status.SNAKE, 0.01
9297, 19, 125, Status.SNAKE, 0.01
9298, 10, 64, Status.SNAKE, 0.01
9299, 8, 68, Status.SNAKE, 0.01
9300, 7, 52, Status.SNAKE, 0.01
9301, 9, 48, Status.SNAKE, 0.01
9302, 4, 24, Status.SNAKE, 0.01
9303, 2, 5, Status.SNAKE, 0.01
9304, 6, 52, Status.SNAKE, 0.01
9305, 5, 31, Status.SNAKE, 0.01
9306, 3, 21, Status.WALL, 0.01
9307, 6, 25, Status.SNAKE, 0.01
9308, 8, 57, Status.SNAKE, 0.01
9309, 1, 12, Status.WALL, 0.01
9310, 6, 41, Status.SNAKE, 0.01
9311, 1, 5, Status.SNAKE, 0.01
9312, 17, 117, Status.SNAKE, 0.01
9313, 4, 38, Status.WALL, 0.01
9314, 6, 39, Status.SNAKE, 0.01
9315, 10, 60, Status.SNAKE, 0.01
9316, 14, 108, Status.SNAKE, 0.01
9317, 3, 22, Status.SNAKE, 0.01
9318, 3, 18, Status.SNAKE, 0.01
9319, 5, 29, Status.SNAKE, 0.01
9320, 3, 12, Status.SNAKE, 0.01
9321, 6, 29, Status.SNAKE, 0.01
9322, 9, 36, Status.SNAKE, 0.01
9323, 5, 41, Status.SNAKE, 0.01
9324, 5, 46, Status.WALL, 0.01
9325, 7, 43, Status.SNAKE, 0.01
9326, 8, 61, Status.SNAKE, 0.01
9327, 8, 34, Status.SNAKE, 0.01
9328, 1, 6, Status.SNAKE, 0.01
9329, 15, 102, Status.SNAKE, 0.01
9330, 3, 31, Status.SNAKE, 0.01
9331, 5, 47, Status.WALL, 0.01
9332, 7, 44, Status.SNAKE, 0.01
9333, 9, 52, Status.SNAKE, 0.01
9334, 10, 81, Status.WALL, 0.01
9335, 6, 75, Status.SNAKE, 0.01
9336, 12, 78, Status.SNAKE, 0.01
9337, 6, 36, Status.SNAKE, 0.01
9338, 4, 32, Status.SNAKE, 0.01
9339, 6, 52, Status.WALL, 0.01
9340, 7, 56, Status.SNAKE, 0.01
9341, 5, 32, Status.SNAKE, 0.01
9342, 15, 107, Status.SNAKE, 0.01
9343, 12, 63, Status.SNAKE, 0.01
9344, 13, 98, Status.SNAKE, 0.01
9345, 5, 37, Status.SNAKE, 0.01
9346, 13, 85, Status.SNAKE, 0.01
9347, 6, 44, Status.SNAKE, 0.01
9348, 7, 46, Status.WALL, 0.01
9349, 13, 67, Status.SNAKE, 0.01
9350, 1, 9, Status.WALL, 0.01
9351, 15, 94, Status.WALL, 0.01
9352, 2, 5, Status.SNAKE, 0.01
9353, 9, 71, Status.WALL, 0.01
9354, 5, 48, Status.SNAKE, 0.01
9355, 5, 33, Status.SNAKE, 0.01
9356, 8, 57, Status.SNAKE, 0.01
9357, 9, 64, Status.SNAKE, 0.01
9358, 6, 56, Status.WALL, 0.01
9359, 1, 4, Status.SNAKE, 0.01
9360, 14, 91, Status.WALL, 0.01
9361, 3, 27, Status.SNAKE, 0.01
9362, 9, 69, Status.SNAKE, 0.01
9363, 8, 45, Status.SNAKE, 0.01
9364, 5, 35, Status.SNAKE, 0.01
9365, 12, 78, Status.SNAKE, 0.01
9366, 16, 114, Status.SNAKE, 0.01
9367, 7, 48, Status.SNAKE, 0.01
9368, 5, 27, Status.SNAKE, 0.01
9369, 5, 27, Status.SNAKE, 0.01
9370, 1, 9, Status.WALL, 0.01
9371, 9, 80, Status.SNAKE, 0.01
9372, 9, 56, Status.SNAKE, 0.01
9373, 13, 89, Status.SNAKE, 0.01
9374, 14, 119, Status.SNAKE, 0.01
9375, 16, 124, Status.SNAKE, 0.01
9376, 17, 143, Status.SNAKE, 0.01
9377, 7, 44, Status.SNAKE, 0.01
9378, 4, 19, Status.SNAKE, 0.01
9379, 10, 74, Status.SNAKE, 0.01
9380, 7, 42, Status.SNAKE, 0.01
9381, 1, 5, Status.SNAKE, 0.01
9382, 10, 54, Status.WALL, 0.01
9383, 4, 15, Status.SNAKE, 0.01
9384, 2, 27, Status.WALL, 0.01
9385, 10, 65, Status.SNAKE, 0.01
9386, 11, 70, Status.WALL, 0.01
9387, 12, 86, Status.SNAKE, 0.01
9388, 2, 20, Status.SNAKE, 0.01
9389, 6, 41, Status.SNAKE, 0.01
9390, 3, 8, Status.SNAKE, 0.01
9391, 1, 5, Status.SNAKE, 0.01
9392, 14, 98, Status.SNAKE, 0.01
9393, 6, 31, Status.WALL, 0.01
9394, 2, 5, Status.SNAKE, 0.01
9395, 1, 5, Status.SNAKE, 0.01
9396, 1, 8, Status.WALL, 0.01
9397, 4, 18, Status.SNAKE, 0.01
9398, 14, 86, Status.SNAKE, 0.01
9399, 18, 135, Status.SNAKE, 0.01
9400, 11, 56, Status.SNAKE, 0.01
9401, 7, 56, Status.SNAKE, 0.01
9402, 9, 66, Status.SNAKE, 0.01
9403, 15, 115, Status.WALL, 0.01
9404, 6, 58, Status.SNAKE, 0.01
9405, 9, 79, Status.SNAKE, 0.01
9406, 8, 66, Status.SNAKE, 0.01
9407, 7, 32, Status.SNAKE, 0.01
9408, 7, 37, Status.SNAKE, 0.01
9409, 4, 20, Status.SNAKE, 0.01
9410, 11, 81, Status.SNAKE, 0.01
9411, 1, 5, Status.SNAKE, 0.01
9412, 5, 30, Status.SNAKE, 0.01
9413, 7, 43, Status.SNAKE, 0.01
9414, 6, 26, Status.SNAKE, 0.01
9415, 16, 102, Status.SNAKE, 0.01
9416, 4, 28, Status.SNAKE, 0.01
9417, 4, 25, Status.WALL, 0.01
9418, 12, 77, Status.SNAKE, 0.01
9419, 12, 81, Status.SNAKE, 0.01
9420, 6, 45, Status.SNAKE, 0.01
9421, 3, 16, Status.SNAKE, 0.01
9422, 5, 36, Status.SNAKE, 0.01
9423, 3, 20, Status.SNAKE, 0.01
9424, 12, 85, Status.WALL, 0.01
9425, 2, 17, Status.SNAKE, 0.01
9426, 7, 46, Status.WALL, 0.01
9427, 10, 88, Status.SNAKE, 0.01
9428, 9, 75, Status.WALL, 0.01
9429, 10, 64, Status.SNAKE, 0.01
9430, 14, 97, Status.SNAKE, 0.01
9431, 12, 89, Status.SNAKE, 0.01
9432, 7, 55, Status.SNAKE, 0.01
9433, 3, 31, Status.WALL, 0.01
9434, 6, 25, Status.SNAKE, 0.01
9435, 7, 44, Status.WALL, 0.01
9436, 11, 73, Status.SNAKE, 0.01
9437, 12, 79, Status.WALL, 0.01
9438, 10, 69, Status.SNAKE, 0.01
9439, 4, 24, Status.WALL, 0.01
9440, 3, 29, Status.SNAKE, 0.01
9441, 3, 19, Status.SNAKE, 0.01
9442, 7, 68, Status.WALL, 0.01
9443, 7, 43, Status.WALL, 0.01
9444, 2, 19, Status.WALL, 0.01
9445, 16, 111, Status.SNAKE, 0.01
9446, 15, 102, Status.WALL, 0.01
9447, 3, 21, Status.WALL, 0.01
9448, 9, 66, Status.SNAKE, 0.01
9449, 9, 55, Status.SNAKE, 0.01
9450, 8, 58, Status.SNAKE, 0.01
9451, 3, 17, Status.SNAKE, 0.01
9452, 5, 37, Status.SNAKE, 0.01
9453, 10, 72, Status.SNAKE, 0.01
9454, 6, 42, Status.SNAKE, 0.01
9455, 8, 81, Status.SNAKE, 0.01
9456, 1, 5, Status.SNAKE, 0.01
9457, 1, 9, Status.WALL, 0.01
9458, 13, 85, Status.SNAKE, 0.01
9459, 5, 24, Status.WALL, 0.01
9460, 1, 8, Status.WALL, 0.01
9461, 5, 36, Status.WALL, 0.01
9462, 2, 19, Status.WALL, 0.01
9463, 11, 85, Status.WALL, 0.01
9464, 7, 42, Status.SNAKE, 0.01
9465, 12, 98, Status.SNAKE, 0.01
9466, 11, 73, Status.SNAKE, 0.01
9467, 10, 89, Status.SNAKE, 0.01
9468, 5, 36, Status.SNAKE, 0.01
9469, 5, 30, Status.SNAKE, 0.01
9470, 5, 38, Status.SNAKE, 0.01
9471, 5, 32, Status.SNAKE, 0.01
9472, 6, 41, Status.SNAKE, 0.01
9473, 12, 92, Status.SNAKE, 0.01
9474, 6, 43, Status.SNAKE, 0.01
9475, 6, 47, Status.WALL, 0.01
9476, 10, 57, Status.SNAKE, 0.01
9477, 16, 118, Status.SNAKE, 0.01
9478, 2, 25, Status.WALL, 0.01
9479, 12, 58, Status.SNAKE, 0.01
9480, 5, 34, Status.SNAKE, 0.01
9481, 2, 15, Status.SNAKE, 0.01
9482, 5, 33, Status.SNAKE, 0.01
9483, 9, 66, Status.SNAKE, 0.01
9484, 4, 20, Status.SNAKE, 0.01
9485, 13, 83, Status.WALL, 0.01
9486, 6, 36, Status.WALL, 0.01
9487, 8, 48, Status.SNAKE, 0.01
9488, 11, 77, Status.SNAKE, 0.01
9489, 2, 25, Status.WALL, 0.01
9490, 11, 81, Status.WALL, 0.01
9491, 3, 18, Status.WALL, 0.01
9492, 5, 30, Status.SNAKE, 0.01
9493, 4, 35, Status.SNAKE, 0.01
9494, 8, 54, Status.SNAKE, 0.01
9495, 13, 76, Status.WALL, 0.01
9496, 3, 27, Status.SNAKE, 0.01
9497, 14, 84, Status.WALL, 0.01
9498, 2, 13, Status.WALL, 0.01
9499, 4, 24, Status.SNAKE, 0.01
9500, 14, 90, Status.SNAKE, 0.01
9501, 8, 59, Status.SNAKE, 0.01
9502, 3, 25, Status.SNAKE, 0.01
9503, 3, 12, Status.SNAKE, 0.01
9504, 5, 50, Status.SNAKE, 0.01
9505, 14, 102, Status.SNAKE, 0.01
9506, 9, 64, Status.SNAKE, 0.01
9507, 2, 15, Status.SNAKE, 0.01
9508, 11, 102, Status.SNAKE, 0.01
9509, 7, 68, Status.WALL, 0.01
9510, 7, 38, Status.WALL, 0.01
9511, 15, 84, Status.SNAKE, 0.01
9512, 15, 91, Status.SNAKE, 0.01
9513, 7, 55, Status.SNAKE, 0.01
9514, 11, 61, Status.SNAKE, 0.01
9515, 9, 53, Status.SNAKE, 0.01
9516, 9, 76, Status.SNAKE, 0.01
9517, 14, 107, Status.SNAKE, 0.01
9518, 4, 20, Status.SNAKE, 0.01
9519, 7, 64, Status.SNAKE, 0.01
9520, 13, 93, Status.SNAKE, 0.01
9521, 11, 70, Status.SNAKE, 0.01
9522, 3, 25, Status.SNAKE, 0.01
9523, 4, 35, Status.SNAKE, 0.01
9524, 3, 18, Status.SNAKE, 0.01
9525, 2, 7, Status.SNAKE, 0.01
9526, 2, 6, Status.SNAKE, 0.01
9527, 7, 43, Status.SNAKE, 0.01
9528, 5, 43, Status.SNAKE, 0.01
9529, 10, 45, Status.SNAKE, 0.01
9530, 15, 127, Status.SNAKE, 0.01
9531, 7, 65, Status.SNAKE, 0.01
9532, 13, 84, Status.WALL, 0.01
9533, 8, 59, Status.SNAKE, 0.01
9534, 5, 48, Status.SNAKE, 0.01
9535, 14, 82, Status.SNAKE, 0.01
9536, 8, 53, Status.WALL, 0.01
9537, 15, 104, Status.SNAKE, 0.01
9538, 9, 65, Status.SNAKE, 0.01
9539, 18, 144, Status.SNAKE, 0.01
9540, 7, 56, Status.SNAKE, 0.01
9541, 5, 32, Status.SNAKE, 0.01
9542, 13, 103, Status.SNAKE, 0.01
9543, 6, 48, Status.SNAKE, 0.01
9544, 16, 98, Status.SNAKE, 0.01
9545, 12, 75, Status.SNAKE, 0.01
9546, 10, 83, Status.WALL, 0.01
9547, 5, 24, Status.WALL, 0.01
9548, 6, 28, Status.WALL, 0.01
9549, 8, 44, Status.SNAKE, 0.01
9550, 11, 66, Status.SNAKE, 0.01
9551, 16, 129, Status.SNAKE, 0.01
9552, 2, 11, Status.SNAKE, 0.01
9553, 6, 59, Status.SNAKE, 0.01
9554, 16, 115, Status.SNAKE, 0.01
9555, 13, 77, Status.WALL, 0.01
9556, 6, 35, Status.SNAKE, 0.01
9557, 6, 34, Status.SNAKE, 0.01
9558, 8, 78, Status.SNAKE, 0.01
9559, 7, 44, Status.SNAKE, 0.01
9560, 9, 47, Status.SNAKE, 0.01
9561, 9, 52, Status.SNAKE, 0.01
9562, 7, 41, Status.SNAKE, 0.01
9563, 3, 24, Status.SNAKE, 0.01
9564, 11, 47, Status.SNAKE, 0.01
9565, 11, 66, Status.WALL, 0.01
9566, 6, 45, Status.SNAKE, 0.01
9567, 9, 72, Status.WALL, 0.01
9568, 12, 83, Status.SNAKE, 0.01
9569, 9, 52, Status.SNAKE, 0.01
9570, 12, 96, Status.SNAKE, 0.01
9571, 4, 26, Status.WALL, 0.01
9572, 13, 80, Status.SNAKE, 0.01
9573, 4, 11, Status.SNAKE, 0.01
9574, 3, 26, Status.SNAKE, 0.01
9575, 16, 109, Status.SNAKE, 0.01
9576, 13, 84, Status.SNAKE, 0.01
9577, 7, 48, Status.SNAKE, 0.01
9578, 10, 64, Status.SNAKE, 0.01
9579, 10, 76, Status.SNAKE, 0.01
9580, 4, 33, Status.SNAKE, 0.01
9581, 11, 78, Status.SNAKE, 0.01
9582, 9, 57, Status.SNAKE, 0.01
9583, 10, 85, Status.SNAKE, 0.01
9584, 12, 88, Status.SNAKE, 0.01
9585, 1, 3, Status.SNAKE, 0.01
9586, 15, 121, Status.SNAKE, 0.01
9587, 13, 93, Status.SNAKE, 0.01
9588, 6, 41, Status.SNAKE, 0.01
9589, 5, 36, Status.SNAKE, 0.01
9590, 5, 34, Status.SNAKE, 0.01
9591, 19, 139, Status.SNAKE, 0.01
9592, 5, 42, Status.SNAKE, 0.01
9593, 1, 11, Status.WALL, 0.01
9594, 11, 73, Status.SNAKE, 0.01
9595, 6, 30, Status.SNAKE, 0.01
9596, 9, 57, Status.SNAKE, 0.01
9597, 1, 5, Status.SNAKE, 0.01
9598, 20, 115, Status.SNAKE, 0.01
9599, 12, 88, Status.SNAKE, 0.01
9600, 5, 36, Status.SNAKE, 0.01
9601, 11, 80, Status.SNAKE, 0.01
9602, 14, 94, Status.SNAKE, 0.01
9603, 1, 10, Status.WALL, 0.01
9604, 10, 67, Status.SNAKE, 0.01
9605, 13, 116, Status.WALL, 0.01
9606, 6, 38, Status.SNAKE, 0.01
9607, 13, 101, Status.SNAKE, 0.01
9608, 6, 45, Status.WALL, 0.01
9609, 13, 103, Status.SNAKE, 0.01
9610, 17, 134, Status.SNAKE, 0.01
9611, 4, 30, Status.SNAKE, 0.01
9612, 11, 91, Status.SNAKE, 0.01
9613, 12, 82, Status.SNAKE, 0.01
9614, 9, 89, Status.WALL, 0.01
9615, 12, 100, Status.WALL, 0.01
9616, 10, 62, Status.WALL, 0.01
9617, 6, 53, Status.SNAKE, 0.01
9618, 9, 54, Status.SNAKE, 0.01
9619, 5, 33, Status.SNAKE, 0.01
9620, 12, 81, Status.WALL, 0.01
9621, 10, 65, Status.SNAKE, 0.01
9622, 11, 74, Status.SNAKE, 0.01
9623, 9, 70, Status.SNAKE, 0.01
9624, 4, 33, Status.SNAKE, 0.01
9625, 7, 41, Status.SNAKE, 0.01
9626, 13, 119, Status.WALL, 0.01
9627, 5, 36, Status.SNAKE, 0.01
9628, 9, 58, Status.WALL, 0.01
9629, 10, 75, Status.SNAKE, 0.01
9630, 6, 38, Status.SNAKE, 0.01
9631, 13, 85, Status.WALL, 0.01
9632, 2, 15, Status.WALL, 0.01
9633, 10, 90, Status.SNAKE, 0.01
9634, 3, 16, Status.SNAKE, 0.01
9635, 10, 84, Status.WALL, 0.01
9636, 15, 96, Status.SNAKE, 0.01
9637, 11, 78, Status.SNAKE, 0.01
9638, 13, 104, Status.SNAKE, 0.01
9639, 15, 126, Status.SNAKE, 0.01
9640, 6, 73, Status.SNAKE, 0.01
9641, 12, 76, Status.SNAKE, 0.01
9642, 12, 83, Status.SNAKE, 0.01
9643, 8, 53, Status.WALL, 0.01
9644, 10, 82, Status.WALL, 0.01
9645, 9, 58, Status.SNAKE, 0.01
9646, 5, 27, Status.SNAKE, 0.01
9647, 12, 86, Status.SNAKE, 0.01
9648, 1, 15, Status.WALL, 0.01
9649, 7, 58, Status.WALL, 0.01
9650, 7, 49, Status.SNAKE, 0.01
9651, 18, 140, Status.SNAKE, 0.01
9652, 15, 126, Status.SNAKE, 0.01
9653, 5, 35, Status.SNAKE, 0.01
9654, 3, 19, Status.SNAKE, 0.01
9655, 18, 109, Status.WALL, 0.01
9656, 16, 101, Status.SNAKE, 0.01
9657, 7, 43, Status.SNAKE, 0.01
9658, 6, 31, Status.SNAKE, 0.01
9659, 12, 78, Status.SNAKE, 0.01
9660, 9, 71, Status.SNAKE, 0.01
9661, 5, 42, Status.SNAKE, 0.01
9662, 9, 70, Status.SNAKE, 0.01
9663, 6, 51, Status.SNAKE, 0.01
9664, 11, 59, Status.WALL, 0.01
9665, 2, 8, Status.WALL, 0.01
9666, 6, 51, Status.SNAKE, 0.01
9667, 5, 31, Status.SNAKE, 0.01
9668, 13, 68, Status.SNAKE, 0.01
9669, 6, 31, Status.SNAKE, 0.01
9670, 11, 65, Status.SNAKE, 0.01
9671, 1, 3, Status.SNAKE, 0.01
9672, 8, 52, Status.SNAKE, 0.01
9673, 11, 63, Status.SNAKE, 0.01
9674, 3, 12, Status.SNAKE, 0.01
9675, 8, 54, Status.SNAKE, 0.01
9676, 15, 83, Status.SNAKE, 0.01
9677, 19, 139, Status.SNAKE, 0.01
9678, 7, 73, Status.SNAKE, 0.01
9679, 10, 62, Status.WALL, 0.01
9680, 7, 27, Status.SNAKE, 0.01
9681, 3, 29, Status.SNAKE, 0.01
9682, 7, 55, Status.SNAKE, 0.01
9683, 10, 80, Status.SNAKE, 0.01
9684, 6, 39, Status.SNAKE, 0.01
9685, 4, 23, Status.SNAKE, 0.01
9686, 4, 40, Status.SNAKE, 0.01
9687, 13, 84, Status.SNAKE, 0.01
9688, 2, 11, Status.SNAKE, 0.01
9689, 7, 55, Status.SNAKE, 0.01
9690, 5, 24, Status.SNAKE, 0.01
9691, 0, 6, Status.WALL, 0.01
9692, 13, 89, Status.SNAKE, 0.01
9693, 15, 97, Status.SNAKE, 0.01
9694, 13, 87, Status.SNAKE, 0.01
9695, 7, 47, Status.SNAKE, 0.01
9696, 2, 16, Status.WALL, 0.01
9697, 2, 8, Status.WALL, 0.01
9698, 9, 60, Status.SNAKE, 0.01
9699, 17, 126, Status.SNAKE, 0.01
9700, 12, 87, Status.WALL, 0.01
9701, 8, 63, Status.WALL, 0.01
9702, 5, 35, Status.WALL, 0.01
9703, 10, 71, Status.SNAKE, 0.01
9704, 3, 26, Status.SNAKE, 0.01
9705, 9, 41, Status.SNAKE, 0.01
9706, 11, 56, Status.SNAKE, 0.01
9707, 7, 36, Status.WALL, 0.01
9708, 5, 33, Status.SNAKE, 0.01
9709, 12, 70, Status.SNAKE, 0.01
9710, 12, 80, Status.SNAKE, 0.01
9711, 7, 52, Status.SNAKE, 0.01
9712, 5, 30, Status.SNAKE, 0.01
9713, 3, 10, Status.SNAKE, 0.01
9714, 9, 57, Status.SNAKE, 0.01
9715, 3, 24, Status.WALL, 0.01
9716, 13, 89, Status.WALL, 0.01
9717, 3, 17, Status.SNAKE, 0.01
9718, 9, 66, Status.SNAKE, 0.01
9719, 15, 109, Status.SNAKE, 0.01
9720, 8, 47, Status.SNAKE, 0.01
9721, 11, 63, Status.SNAKE, 0.01
9722, 18, 134, Status.SNAKE, 0.01
9723, 19, 133, Status.WALL, 0.01
9724, 20, 128, Status.SNAKE, 0.01
9725, 4, 15, Status.SNAKE, 0.01
9726, 5, 27, Status.SNAKE, 0.01
9727, 12, 75, Status.SNAKE, 0.01
9728, 8, 49, Status.SNAKE, 0.01
9729, 11, 65, Status.SNAKE, 0.01
9730, 4, 27, Status.SNAKE, 0.01
9731, 9, 71, Status.SNAKE, 0.01
9732, 14, 82, Status.SNAKE, 0.01
9733, 14, 97, Status.SNAKE, 0.01
9734, 3, 20, Status.WALL, 0.01
9735, 5, 38, Status.WALL, 0.01
9736, 6, 48, Status.WALL, 0.01
9737, 0, 6, Status.WALL, 0.01
9738, 14, 98, Status.WALL, 0.01
9739, 4, 35, Status.WALL, 0.01
9740, 10, 80, Status.WALL, 0.01
9741, 11, 81, Status.SNAKE, 0.01
9742, 10, 59, Status.WALL, 0.01
9743, 8, 55, Status.WALL, 0.01
9744, 5, 27, Status.SNAKE, 0.01
9745, 15, 112, Status.SNAKE, 0.01
9746, 8, 55, Status.WALL, 0.01
9747, 7, 37, Status.SNAKE, 0.01
9748, 8, 48, Status.SNAKE, 0.01
9749, 24, 153, Status.SNAKE, 0.01
9750, 13, 89, Status.SNAKE, 0.01
9751, 10, 64, Status.SNAKE, 0.01
9752, 5, 20, Status.SNAKE, 0.01
9753, 14, 90, Status.SNAKE, 0.01
9754, 14, 81, Status.SNAKE, 0.01
9755, 11, 83, Status.SNAKE, 0.01
9756, 13, 77, Status.WALL, 0.01
9757, 1, 12, Status.SNAKE, 0.01
9758, 8, 55, Status.SNAKE, 0.01
9759, 7, 50, Status.SNAKE, 0.01
9760, 0, 4, Status.WALL, 0.01
9761, 9, 59, Status.SNAKE, 0.01
9762, 11, 77, Status.SNAKE, 0.01
9763, 8, 39, Status.SNAKE, 0.01
9764, 6, 26, Status.SNAKE, 0.01
9765, 19, 140, Status.WALL, 0.01
9766, 13, 113, Status.SNAKE, 0.01
9767, 12, 66, Status.SNAKE, 0.01
9768, 5, 26, Status.SNAKE, 0.01
9769, 6, 29, Status.SNAKE, 0.01
9770, 11, 73, Status.SNAKE, 0.01
9771, 12, 89, Status.WALL, 0.01
9772, 11, 81, Status.SNAKE, 0.01
9773, 6, 67, Status.WALL, 0.01
9774, 6, 32, Status.WALL, 0.01
9775, 11, 97, Status.SNAKE, 0.01
9776, 17, 137, Status.SNAKE, 0.01
9777, 10, 68, Status.SNAKE, 0.01
9778, 3, 10, Status.SNAKE, 0.01
9779, 6, 41, Status.SNAKE, 0.01
9780, 11, 67, Status.SNAKE, 0.01
9781, 7, 39, Status.SNAKE, 0.01
9782, 10, 66, Status.SNAKE, 0.01
9783, 7, 40, Status.WALL, 0.01
9784, 13, 89, Status.SNAKE, 0.01
9785, 13, 75, Status.SNAKE, 0.01
9786, 6, 46, Status.SNAKE, 0.01
9787, 11, 84, Status.SNAKE, 0.01
9788, 6, 29, Status.WALL, 0.01
9789, 20, 110, Status.SNAKE, 0.01
9790, 9, 57, Status.WALL, 0.01
9791, 8, 52, Status.SNAKE, 0.01
9792, 7, 41, Status.SNAKE, 0.01
9793, 15, 98, Status.SNAKE, 0.01
9794, 11, 84, Status.WALL, 0.01
9795, 9, 42, Status.WALL, 0.01
9796, 11, 55, Status.SNAKE, 0.01
9797, 3, 12, Status.WALL, 0.01
9798, 16, 124, Status.SNAKE, 0.01
9799, 3, 19, Status.SNAKE, 0.01
9800, 4, 25, Status.WALL, 0.01
9801, 15, 80, Status.SNAKE, 0.01
9802, 7, 46, Status.SNAKE, 0.01
9803, 9, 50, Status.WALL, 0.01
9804, 12, 80, Status.SNAKE, 0.01
9805, 5, 43, Status.SNAKE, 0.01
9806, 9, 60, Status.SNAKE, 0.01
9807, 17, 126, Status.SNAKE, 0.01
9808, 8, 56, Status.SNAKE, 0.01
9809, 7, 47, Status.SNAKE, 0.01
9810, 1, 6, Status.WALL, 0.01
9811, 1, 10, Status.WALL, 0.01
9812, 13, 62, Status.WALL, 0.01
9813, 1, 7, Status.WALL, 0.01
9814, 9, 53, Status.SNAKE, 0.01
9815, 3, 15, Status.WALL, 0.01
9816, 10, 75, Status.SNAKE, 0.01
9817, 12, 83, Status.SNAKE, 0.01
9818, 7, 50, Status.WALL, 0.01
9819, 5, 42, Status.WALL, 0.01
9820, 6, 26, Status.SNAKE, 0.01
9821, 9, 48, Status.SNAKE, 0.01
9822, 5, 54, Status.WALL, 0.01
9823, 8, 51, Status.WALL, 0.01
9824, 14, 79, Status.SNAKE, 0.01
9825, 12, 80, Status.SNAKE, 0.01
9826, 15, 93, Status.SNAKE, 0.01
9827, 17, 116, Status.SNAKE, 0.01
9828, 6, 29, Status.SNAKE, 0.01
9829, 6, 59, Status.WALL, 0.01
9830, 3, 25, Status.WALL, 0.01
9831, 14, 114, Status.WALL, 0.01
9832, 7, 49, Status.SNAKE, 0.01
9833, 7, 49, Status.SNAKE, 0.01
9834, 10, 65, Status.SNAKE, 0.01
9835, 4, 25, Status.WALL, 0.01
9836, 4, 21, Status.SNAKE, 0.01
9837, 9, 66, Status.SNAKE, 0.01
9838, 8, 58, Status.SNAKE, 0.01
9839, 13, 95, Status.WALL, 0.01
9840, 9, 57, Status.SNAKE, 0.01
9841, 18, 127, Status.SNAKE, 0.01
9842, 11, 61, Status.SNAKE, 0.01
9843, 4, 36, Status.SNAKE, 0.01
9844, 14, 88, Status.SNAKE, 0.01
9845, 3, 14, Status.WALL, 0.01
9846, 7, 40, Status.SNAKE, 0.01
9847, 3, 13, Status.SNAKE, 0.01
9848, 4, 16, Status.SNAKE, 0.01
9849, 5, 28, Status.SNAKE, 0.01
9850, 12, 71, Status.WALL, 0.01
9851, 7, 37, Status.WALL, 0.01
9852, 12, 93, Status.SNAKE, 0.01
9853, 5, 36, Status.SNAKE, 0.01
9854, 15, 97, Status.SNAKE, 0.01
9855, 8, 59, Status.SNAKE, 0.01
9856, 12, 59, Status.SNAKE, 0.01
9857, 12, 85, Status.SNAKE, 0.01
9858, 17, 149, Status.SNAKE, 0.01
9859, 11, 63, Status.SNAKE, 0.01
9860, 3, 28, Status.SNAKE, 0.01
9861, 9, 53, Status.SNAKE, 0.01
9862, 12, 71, Status.SNAKE, 0.01
9863, 5, 37, Status.SNAKE, 0.01
9864, 9, 56, Status.WALL, 0.01
9865, 3, 18, Status.SNAKE, 0.01
9866, 19, 162, Status.SNAKE, 0.01
9867, 5, 23, Status.SNAKE, 0.01
9868, 5, 43, Status.WALL, 0.01
9869, 7, 56, Status.SNAKE, 0.01
9870, 5, 27, Status.SNAKE, 0.01
9871, 14, 99, Status.SNAKE, 0.01
9872, 6, 33, Status.SNAKE, 0.01
9873, 6, 47, Status.SNAKE, 0.01
9874, 6, 59, Status.SNAKE, 0.01
9875, 16, 82, Status.SNAKE, 0.01
9876, 18, 145, Status.SNAKE, 0.01
9877, 14, 126, Status.SNAKE, 0.01
9878, 5, 39, Status.WALL, 0.01
9879, 6, 33, Status.SNAKE, 0.01
9880, 5, 40, Status.SNAKE, 0.01
9881, 10, 77, Status.SNAKE, 0.01
9882, 9, 73, Status.SNAKE, 0.01
9883, 6, 38, Status.SNAKE, 0.01
9884, 11, 86, Status.SNAKE, 0.01
9885, 3, 24, Status.WALL, 0.01
9886, 8, 49, Status.SNAKE, 0.01
9887, 6, 21, Status.SNAKE, 0.01
9888, 11, 62, Status.SNAKE, 0.01
9889, 4, 21, Status.SNAKE, 0.01
9890, 9, 66, Status.SNAKE, 0.01
9891, 6, 48, Status.SNAKE, 0.01
9892, 4, 38, Status.SNAKE, 0.01
9893, 9, 70, Status.SNAKE, 0.01
9894, 15, 109, Status.WALL, 0.01
9895, 7, 61, Status.WALL, 0.01
9896, 6, 29, Status.SNAKE, 0.01
9897, 8, 61, Status.WALL, 0.01
9898, 11, 69, Status.SNAKE, 0.01
9899, 14, 96, Status.SNAKE, 0.01
9900, 12, 83, Status.SNAKE, 0.01
9901, 10, 65, Status.SNAKE, 0.01
9902, 16, 111, Status.SNAKE, 0.01
9903, 10, 66, Status.SNAKE, 0.01
9904, 4, 18, Status.SNAKE, 0.01
9905, 7, 44, Status.SNAKE, 0.01
9906, 21, 128, Status.SNAKE, 0.01
9907, 10, 53, Status.SNAKE, 0.01
9908, 12, 85, Status.SNAKE, 0.01
9909, 9, 55, Status.SNAKE, 0.01
9910, 3, 15, Status.SNAKE, 0.01
9911, 14, 111, Status.SNAKE, 0.01
9912, 9, 40, Status.SNAKE, 0.01
9913, 6, 48, Status.WALL, 0.01
9914, 10, 38, Status.SNAKE, 0.01
9915, 7, 57, Status.SNAKE, 0.01
9916, 20, 120, Status.SNAKE, 0.01
9917, 15, 100, Status.SNAKE, 0.01
9918, 10, 57, Status.SNAKE, 0.01
9919, 10, 78, Status.SNAKE, 0.01
9920, 8, 64, Status.SNAKE, 0.01
9921, 18, 102, Status.SNAKE, 0.01
9922, 8, 37, Status.WALL, 0.01
9923, 4, 26, Status.WALL, 0.01
9924, 3, 22, Status.WALL, 0.01
9925, 9, 71, Status.SNAKE, 0.01
9926, 3, 26, Status.SNAKE, 0.01
9927, 6, 51, Status.WALL, 0.01
9928, 1, 8, Status.SNAKE, 0.01
9929, 6, 48, Status.SNAKE, 0.01
9930, 3, 17, Status.SNAKE, 0.01
9931, 4, 17, Status.SNAKE, 0.01
9932, 6, 49, Status.SNAKE, 0.01
9933, 14, 68, Status.SNAKE, 0.01
9934, 5, 28, Status.WALL, 0.01
9935, 7, 47, Status.SNAKE, 0.01
9936, 10, 62, Status.SNAKE, 0.01
9937, 8, 40, Status.SNAKE, 0.01
9938, 9, 71, Status.SNAKE, 0.01
9939, 9, 69, Status.SNAKE, 0.01
9940, 7, 44, Status.SNAKE, 0.01
9941, 13, 74, Status.SNAKE, 0.01
9942, 19, 128, Status.SNAKE, 0.01
9943, 11, 72, Status.SNAKE, 0.01
9944, 3, 28, Status.SNAKE, 0.01
9945, 7, 35, Status.WALL, 0.01
9946, 15, 88, Status.SNAKE, 0.01
9947, 1, 9, Status.WALL, 0.01
9948, 10, 68, Status.SNAKE, 0.01
9949, 5, 35, Status.SNAKE, 0.01
9950, 8, 53, Status.SNAKE, 0.01
9951, 10, 56, Status.SNAKE, 0.01
9952, 10, 71, Status.SNAKE, 0.01
9953, 8, 55, Status.SNAKE, 0.01
9954, 8, 66, Status.SNAKE, 0.01
9955, 6, 47, Status.WALL, 0.01
9956, 15, 101, Status.SNAKE, 0.01
9957, 11, 81, Status.SNAKE, 0.01
9958, 9, 56, Status.SNAKE, 0.01
9959, 3, 27, Status.SNAKE, 0.01
9960, 17, 112, Status.SNAKE, 0.01
9961, 2, 11, Status.WALL, 0.01
9962, 6, 47, Status.WALL, 0.01
9963, 2, 7, Status.SNAKE, 0.01
9964, 13, 64, Status.SNAKE, 0.01
9965, 7, 53, Status.SNAKE, 0.01
9966, 5, 30, Status.SNAKE, 0.01
9967, 17, 111, Status.WALL, 0.01
9968, 4, 23, Status.SNAKE, 0.01
9969, 6, 35, Status.WALL, 0.01
9970, 8, 65, Status.SNAKE, 0.01
9971, 12, 97, Status.WALL, 0.01
9972, 12, 81, Status.SNAKE, 0.01
9973, 5, 32, Status.WALL, 0.01
9974, 6, 39, Status.SNAKE, 0.01
9975, 5, 26, Status.SNAKE, 0.01
9976, 8, 40, Status.WALL, 0.01
9977, 11, 52, Status.WALL, 0.01
9978, 1, 5, Status.WALL, 0.01
9979, 7, 45, Status.WALL, 0.01
9980, 22, 126, Status.SNAKE, 0.01
9981, 5, 31, Status.WALL, 0.01
9982, 9, 64, Status.SNAKE, 0.01
9983, 5, 24, Status.WALL, 0.01
9984, 9, 44, Status.SNAKE, 0.01
9985, 9, 60, Status.WALL, 0.01
9986, 14, 89, Status.SNAKE, 0.01
9987, 3, 24, Status.SNAKE, 0.01
9988, 12, 97, Status.SNAKE, 0.01
9989, 13, 88, Status.SNAKE, 0.01
9990, 16, 93, Status.SNAKE, 0.01
9991, 13, 101, Status.SNAKE, 0.01
9992, 5, 45, Status.WALL, 0.01
9993, 8, 47, Status.SNAKE, 0.01
9994, 2, 9, Status.WALL, 0.01
9995, 15, 98, Status.SNAKE, 0.01
9996, 6, 29, Status.WALL, 0.01
9997, 13, 78, Status.WALL, 0.01
9998, 6, 31, Status.SNAKE, 0.01
9999, 4, 24, Status.SNAKE, 0.01
10000, 13, 73, Status.SNAKE, 0.01
