Episode,Score,Total Steps,Death,Epsilon
1, 0, 12, Status.WALL, 1.0
2, 0, 9, Status.WALL, 0.995
3, 1, 9, Status.SNAKE, 0.990025
4, 0, 21, Status.WALL, 0.985074875
5, 1, 49, Status.WALL, 0.9801495006250001
6, 0, 10, Status.WALL, 0.9752487531218751
7, 0, 19, Status.WALL, 0.9703725093562657
8, 0, 11, Status.WALL, 0.9655206468094844
9, 0, 4, Status.WALL, 0.960693043575437
10, 0, 9, Status.WALL, 0.9558895783575597
11, 0, 4, Status.WALL, 0.9511101304657719
12, 0, 6, Status.WALL, 0.946354579813443
13, 0, 6, Status.WALL, 0.9416228069143757
14, 0, 10, Status.WALL, 0.9369146928798039
15, 0, 13, Status.WALL, 0.9322301194154049
16, 0, 4, Status.WALL, 0.9275689688183278
17, 0, 8, Status.WALL, 0.9229311239742362
18, 0, 7, Status.WALL, 0.918316468354365
19, 0, 17, Status.WALL, 0.9137248860125932
20, 0, 22, Status.WALL, 0.9091562615825302
21, 0, 7, Status.WALL, 0.9046104802746175
22, 0, 5, Status.WALL, 0.9000874278732445
23, 0, 12, Status.WALL, 0.8955869907338783
24, 0, 12, Status.WALL, 0.8911090557802088
25, 0, 10, Status.WALL, 0.8866535105013078
26, 1, 18, Status.WALL, 0.8822202429488013
27, 0, 10, Status.WALL, 0.8778091417340573
28, 0, 16, Status.WALL, 0.8734200960253871
29, 0, 11, Status.WALL, 0.8690529955452602
30, 1, 8, Status.SNAKE, 0.8647077305675338
31, 0, 9, Status.WALL, 0.8603841919146962
32, 1, 5, Status.WALL, 0.8560822709551227
33, 0, 9, Status.WALL, 0.851801859600347
34, 0, 5, Status.WALL, 0.8475428503023453
35, 0, 6, Status.WALL, 0.8433051360508336
36, 1, 39, Status.WALL, 0.8390886103705794
37, 0, 11, Status.WALL, 0.8348931673187264
38, 0, 19, Status.WALL, 0.8307187014821328
39, 0, 5, Status.WALL, 0.8265651079747222
40, 0, 30, Status.WALL, 0.8224322824348486
41, 0, 16, Status.WALL, 0.8183201210226743
42, 1, 19, Status.WALL, 0.8142285204175609
43, 0, 33, Status.WALL, 0.810157377815473
44, 0, 24, Status.WALL, 0.8061065909263957
45, 0, 12, Status.WALL, 0.8020760579717637
46, 0, 16, Status.WALL, 0.798065677681905
47, 0, 17, Status.WALL, 0.7940753492934954
48, 1, 9, Status.WALL, 0.7901049725470279
49, 0, 6, Status.WALL, 0.7861544476842928
50, 0, 30, Status.WALL, 0.7822236754458713
51, 0, 5, Status.WALL, 0.778312557068642
52, 1, 20, Status.WALL, 0.7744209942832988
53, 0, 9, Status.WALL, 0.7705488893118823
54, 0, 10, Status.WALL, 0.7666961448653229
55, 0, 10, Status.WALL, 0.7628626641409962
56, 0, 8, Status.WALL, 0.7590483508202912
57, 0, 9, Status.WALL, 0.7552531090661897
58, 0, 18, Status.WALL, 0.7514768435208588
59, 1, 11, Status.WALL, 0.7477194593032545
60, 0, 5, Status.WALL, 0.7439808620067382
61, 0, 12, Status.WALL, 0.7402609576967045
62, 0, 8, Status.WALL, 0.736559652908221
63, 0, 12, Status.WALL, 0.7328768546436799
64, 2, 39, Status.WALL, 0.7292124703704616
65, 1, 8, Status.WALL, 0.7255664080186093
66, 1, 4, Status.SNAKE, 0.7219385759785162
67, 1, 23, Status.WALL, 0.7183288830986236
68, 1, 13, Status.WALL, 0.7147372386831305
69, 0, 9, Status.WALL, 0.7111635524897149
70, 1, 9, Status.WALL, 0.7076077347272662
71, 1, 21, Status.WALL, 0.7040696960536299
72, 0, 7, Status.WALL, 0.7005493475733617
73, 0, 22, Status.WALL, 0.697046600835495
74, 0, 6, Status.WALL, 0.6935613678313175
75, 0, 22, Status.WALL, 0.6900935609921609
76, 0, 14, Status.WALL, 0.6866430931872001
77, 1, 20, Status.SNAKE, 0.6832098777212641
78, 0, 24, Status.WALL, 0.6797938283326578
79, 0, 5, Status.WALL, 0.6763948591909945
80, 1, 9, Status.WALL, 0.6730128848950395
81, 1, 7, Status.WALL, 0.6696478204705644
82, 1, 16, Status.SNAKE, 0.6662995813682115
83, 0, 26, Status.WALL, 0.6629680834613705
84, 3, 20, Status.WALL, 0.6596532430440636
85, 0, 12, Status.WALL, 0.6563549768288433
86, 1, 11, Status.SNAKE, 0.653073201944699
87, 1, 13, Status.WALL, 0.6498078359349755
88, 1, 21, Status.WALL, 0.6465587967553006
89, 1, 7, Status.SNAKE, 0.6433260027715241
90, 0, 9, Status.WALL, 0.6401093727576664
91, 0, 15, Status.WALL, 0.6369088258938781
92, 1, 6, Status.WALL, 0.6337242817644086
93, 1, 6, Status.WALL, 0.6305556603555866
94, 0, 6, Status.WALL, 0.6274028820538087
95, 1, 25, Status.WALL, 0.6242658676435396
96, 1, 38, Status.SNAKE, 0.6211445383053219
97, 0, 10, Status.WALL, 0.6180388156137953
98, 0, 9, Status.WALL, 0.6149486215357263
99, 0, 13, Status.WALL, 0.6118738784280476
100, 0, 7, Status.WALL, 0.6088145090359074
101, 0, 9, Status.WALL, 0.6057704364907278
102, 0, 7, Status.WALL, 0.6027415843082742
103, 0, 5, Status.WALL, 0.5997278763867329
104, 0, 7, Status.WALL, 0.5967292370047992
105, 1, 11, Status.SNAKE, 0.5937455908197752
106, 0, 37, Status.WALL, 0.5907768628656763
107, 0, 6, Status.WALL, 0.5878229785513479
108, 2, 10, Status.WALL, 0.5848838636585911
109, 1, 5, Status.SNAKE, 0.5819594443402982
110, 0, 14, Status.WALL, 0.5790496471185967
111, 1, 38, Status.WALL, 0.5761543988830038
112, 1, 8, Status.WALL, 0.5732736268885887
113, 1, 15, Status.WALL, 0.5704072587541458
114, 2, 29, Status.WALL, 0.567555222460375
115, 0, 10, Status.WALL, 0.5647174463480732
116, 1, 7, Status.WALL, 0.5618938591163328
117, 0, 26, Status.WALL, 0.5590843898207511
118, 2, 21, Status.WALL, 0.5562889678716474
119, 0, 11, Status.WALL, 0.5535075230322891
120, 1, 34, Status.SNAKE, 0.5507399854171277
121, 1, 17, Status.WALL, 0.547986285490042
122, 2, 31, Status.WALL, 0.5452463540625918
123, 0, 7, Status.WALL, 0.5425201222922789
124, 0, 11, Status.WALL, 0.5398075216808175
125, 4, 56, Status.SNAKE, 0.5371084840724134
126, 1, 5, Status.SNAKE, 0.5344229416520513
127, 1, 49, Status.WALL, 0.531750826943791
128, 1, 11, Status.SNAKE, 0.5290920728090721
129, 2, 17, Status.WALL, 0.5264466124450268
130, 0, 21, Status.WALL, 0.5238143793828016
131, 1, 13, Status.SNAKE, 0.5211953074858876
132, 1, 6, Status.WALL, 0.5185893309484582
133, 1, 20, Status.WALL, 0.5159963842937159
134, 2, 24, Status.SNAKE, 0.5134164023722473
135, 1, 11, Status.WALL, 0.510849320360386
136, 2, 15, Status.WALL, 0.5082950737585841
137, 0, 43, Status.WALL, 0.5057535983897912
138, 1, 5, Status.SNAKE, 0.5032248303978422
139, 3, 31, Status.WALL, 0.500708706245853
140, 1, 18, Status.WALL, 0.4982051627146237
141, 2, 25, Status.WALL, 0.49571413690105054
142, 1, 22, Status.SNAKE, 0.4932355662165453
143, 0, 27, Status.WALL, 0.4907693883854626
144, 0, 12, Status.WALL, 0.4883155414435353
145, 1, 7, Status.WALL, 0.4858739637363176
146, 1, 18, Status.WALL, 0.483444593917636
147, 1, 16, Status.SNAKE, 0.4810273709480478
148, 0, 7, Status.WALL, 0.47862223409330756
149, 0, 9, Status.WALL, 0.47622912292284103
150, 1, 11, Status.SNAKE, 0.4738479773082268
151, 0, 8, Status.WALL, 0.47147873742168567
152, 1, 5, Status.SNAKE, 0.46912134373457726
153, 1, 34, Status.SNAKE, 0.46677573701590436
154, 1, 17, Status.SNAKE, 0.46444185833082485
155, 0, 6, Status.WALL, 0.46211964903917074
156, 0, 11, Status.WALL, 0.4598090507939749
157, 5, 37, Status.WALL, 0.457510005540005
158, 2, 14, Status.WALL, 0.45522245551230495
159, 1, 20, Status.SNAKE, 0.4529463432347434
160, 1, 14, Status.WALL, 0.4506816115185697
161, 1, 8, Status.SNAKE, 0.4484282034609769
162, 1, 8, Status.SNAKE, 0.446186062443672
163, 2, 9, Status.WALL, 0.4439551321314536
164, 0, 20, Status.WALL, 0.4417353564707963
165, 0, 15, Status.WALL, 0.43952667968844233
166, 2, 28, Status.SNAKE, 0.43732904629000013
167, 2, 10, Status.SNAKE, 0.4351424010585501
168, 5, 55, Status.WALL, 0.43296668905325736
169, 2, 38, Status.WALL, 0.43080185560799106
170, 2, 31, Status.WALL, 0.4286478463299511
171, 1, 11, Status.SNAKE, 0.42650460709830135
172, 1, 22, Status.WALL, 0.42437208406280985
173, 0, 23, Status.WALL, 0.4222502236424958
174, 1, 27, Status.WALL, 0.42013897252428334
175, 0, 25, Status.WALL, 0.4180382776616619
176, 1, 17, Status.SNAKE, 0.4159480862733536
177, 1, 15, Status.SNAKE, 0.41386834584198684
178, 0, 20, Status.WALL, 0.4117990041127769
179, 0, 8, Status.WALL, 0.40974000909221303
180, 2, 49, Status.SNAKE, 0.40769130904675194
181, 2, 23, Status.WALL, 0.40565285250151817
182, 2, 20, Status.WALL, 0.4036245882390106
183, 1, 25, Status.SNAKE, 0.4016064652978155
184, 0, 9, Status.WALL, 0.3995984329713264
185, 1, 7, Status.SNAKE, 0.3976004408064698
186, 1, 22, Status.SNAKE, 0.39561243860243744
187, 1, 18, Status.SNAKE, 0.3936343764094253
188, 1, 6, Status.WALL, 0.39166620452737816
189, 1, 23, Status.WALL, 0.3897078735047413
190, 0, 21, Status.WALL, 0.3877593341372176
191, 1, 18, Status.WALL, 0.3858205374665315
192, 1, 17, Status.SNAKE, 0.38389143477919885
193, 2, 13, Status.SNAKE, 0.3819719776053028
194, 1, 16, Status.WALL, 0.3800621177172763
195, 0, 15, Status.WALL, 0.37816180712868996
196, 1, 8, Status.WALL, 0.37627099809304654
197, 1, 7, Status.SNAKE, 0.3743896431025813
198, 0, 22, Status.WALL, 0.37251769488706843
199, 1, 10, Status.SNAKE, 0.3706551064126331
200, 2, 34, Status.WALL, 0.36880183088056995
201, 2, 14, Status.WALL, 0.3669578217261671
202, 1, 6, Status.SNAKE, 0.36512303261753626
203, 1, 7, Status.SNAKE, 0.3632974174544486
204, 2, 17, Status.WALL, 0.3614809303671764
205, 4, 50, Status.SNAKE, 0.3596735257153405
206, 1, 5, Status.SNAKE, 0.3578751580867638
207, 0, 7, Status.WALL, 0.35608578229633
208, 1, 17, Status.WALL, 0.3543053533848483
209, 1, 9, Status.WALL, 0.35253382661792404
210, 2, 18, Status.WALL, 0.3507711574848344
211, 1, 12, Status.SNAKE, 0.34901730169741024
212, 1, 6, Status.WALL, 0.3472722151889232
213, 1, 14, Status.SNAKE, 0.3455358541129786
214, 3, 34, Status.WALL, 0.3438081748424137
215, 1, 10, Status.SNAKE, 0.3420891339682016
216, 1, 20, Status.SNAKE, 0.3403786882983606
217, 3, 31, Status.SNAKE, 0.3386767948568688
218, 3, 23, Status.WALL, 0.33698341088258443
219, 2, 20, Status.WALL, 0.3352984938281715
220, 2, 12, Status.SNAKE, 0.33362200135903064
221, 1, 6, Status.SNAKE, 0.33195389135223546
222, 2, 21, Status.SNAKE, 0.3302941218954743
223, 3, 40, Status.WALL, 0.32864265128599696
224, 1, 30, Status.SNAKE, 0.326999438029567
225, 0, 6, Status.WALL, 0.3253644408394192
226, 5, 55, Status.WALL, 0.3237376186352221
227, 2, 22, Status.WALL, 0.322118930542046
228, 2, 21, Status.SNAKE, 0.32050833588933575
229, 1, 12, Status.SNAKE, 0.31890579420988907
230, 2, 18, Status.WALL, 0.3173112652388396
231, 4, 27, Status.WALL, 0.3157247089126454
232, 2, 18, Status.WALL, 0.3141460853680822
233, 1, 10, Status.SNAKE, 0.3125753549412418
234, 1, 16, Status.SNAKE, 0.31101247816653554
235, 2, 13, Status.WALL, 0.30945741577570285
236, 1, 6, Status.SNAKE, 0.3079101286968243
237, 3, 47, Status.SNAKE, 0.3063705780533402
238, 1, 14, Status.WALL, 0.30483872516307353
239, 5, 36, Status.WALL, 0.3033145315372582
240, 1, 9, Status.SNAKE, 0.3017979588795719
241, 1, 28, Status.SNAKE, 0.30028896908517405
242, 1, 8, Status.WALL, 0.2987875242397482
243, 1, 3, Status.SNAKE, 0.29729358661854943
244, 4, 47, Status.SNAKE, 0.29580711868545667
245, 2, 17, Status.WALL, 0.2943280830920294
246, 3, 19, Status.SNAKE, 0.29285644267656924
247, 3, 34, Status.WALL, 0.2913921604631864
248, 0, 7, Status.WALL, 0.28993519966087045
249, 0, 18, Status.WALL, 0.2884855236625661
250, 7, 59, Status.WALL, 0.28704309604425327
251, 1, 19, Status.SNAKE, 0.285607880564032
252, 1, 7, Status.SNAKE, 0.28417984116121187
253, 14, 93, Status.SNAKE, 0.2827589419554058
254, 1, 15, Status.SNAKE, 0.28134514724562876
255, 2, 18, Status.WALL, 0.2799384215094006
256, 1, 10, Status.WALL, 0.27853872940185365
257, 8, 58, Status.SNAKE, 0.27714603575484437
258, 1, 13, Status.SNAKE, 0.2757603055760701
259, 7, 57, Status.WALL, 0.2743815040481898
260, 10, 98, Status.SNAKE, 0.2730095965279488
261, 3, 47, Status.WALL, 0.27164454854530906
262, 1, 8, Status.WALL, 0.2702863258025825
263, 2, 14, Status.SNAKE, 0.2689348941735696
264, 5, 46, Status.SNAKE, 0.26759021970270175
265, 4, 18, Status.SNAKE, 0.2662522686041882
266, 4, 27, Status.SNAKE, 0.2649210072611673
267, 0, 8, Status.WALL, 0.26359640222486147
268, 4, 36, Status.WALL, 0.26227842021373715
269, 3, 17, Status.SNAKE, 0.2609670281126685
270, 1, 11, Status.WALL, 0.25966219297210513
271, 1, 5, Status.SNAKE, 0.2583638820072446
272, 1, 8, Status.WALL, 0.2570720625972084
273, 9, 87, Status.SNAKE, 0.25578670228422234
274, 2, 17, Status.SNAKE, 0.25450776877280124
275, 6, 54, Status.WALL, 0.2532352299289372
276, 4, 38, Status.WALL, 0.2519690537792925
277, 0, 7, Status.WALL, 0.2507092085103961
278, 1, 16, Status.SNAKE, 0.2494556624678441
279, 4, 39, Status.SNAKE, 0.24820838415550486
280, 3, 13, Status.WALL, 0.24696734223472733
281, 3, 24, Status.SNAKE, 0.2457325055235537
282, 3, 40, Status.SNAKE, 0.24450384299593592
283, 3, 23, Status.WALL, 0.24328132378095624
284, 3, 26, Status.SNAKE, 0.24206491716205145
285, 4, 30, Status.WALL, 0.2408545925762412
286, 4, 20, Status.SNAKE, 0.23965031961336
287, 2, 23, Status.WALL, 0.2384520680152932
288, 5, 45, Status.SNAKE, 0.23725980767521673
289, 6, 39, Status.SNAKE, 0.23607350863684065
290, 4, 29, Status.WALL, 0.23489314109365644
291, 1, 9, Status.WALL, 0.23371867538818816
292, 3, 22, Status.WALL, 0.23255008201124722
293, 2, 15, Status.SNAKE, 0.231387331601191
294, 1, 13, Status.WALL, 0.23023039494318503
295, 7, 61, Status.SNAKE, 0.2290792429684691
296, 1, 29, Status.WALL, 0.22793384675362674
297, 6, 56, Status.WALL, 0.22679417751985861
298, 12, 87, Status.WALL, 0.22566020663225933
299, 0, 10, Status.WALL, 0.22453190559909803
300, 3, 17, Status.WALL, 0.22340924607110255
301, 3, 37, Status.SNAKE, 0.22229219984074702
302, 6, 45, Status.SNAKE, 0.2211807388415433
303, 2, 13, Status.SNAKE, 0.22007483514733558
304, 2, 21, Status.WALL, 0.2189744609715989
305, 1, 7, Status.WALL, 0.2178795886667409
306, 7, 45, Status.SNAKE, 0.2167901907234072
307, 1, 12, Status.WALL, 0.21570623976979014
308, 1, 5, Status.SNAKE, 0.21462770857094118
309, 5, 37, Status.SNAKE, 0.21355457002808648
310, 3, 27, Status.SNAKE, 0.21248679717794605
311, 5, 37, Status.SNAKE, 0.21142436319205632
312, 2, 21, Status.WALL, 0.21036724137609603
313, 3, 19, Status.WALL, 0.20931540516921554
314, 1, 8, Status.WALL, 0.20826882814336947
315, 4, 34, Status.WALL, 0.20722748400265262
316, 2, 21, Status.SNAKE, 0.20619134658263935
317, 3, 22, Status.SNAKE, 0.20516038984972615
318, 7, 66, Status.SNAKE, 0.2041345879004775
319, 1, 15, Status.WALL, 0.2031139149609751
320, 4, 18, Status.SNAKE, 0.20209834538617025
321, 6, 60, Status.SNAKE, 0.2010878536592394
322, 2, 7, Status.SNAKE, 0.2000824143909432
323, 2, 18, Status.SNAKE, 0.19908200231898848
324, 1, 20, Status.SNAKE, 0.19808659230739353
325, 2, 27, Status.WALL, 0.19709615934585656
326, 1, 12, Status.WALL, 0.19611067854912728
327, 2, 22, Status.WALL, 0.19513012515638165
328, 8, 47, Status.SNAKE, 0.19415447453059972
329, 3, 28, Status.WALL, 0.19318370215794672
330, 7, 35, Status.SNAKE, 0.192217783647157
331, 3, 22, Status.WALL, 0.1912566947289212
332, 1, 7, Status.WALL, 0.1903004112552766
333, 3, 27, Status.WALL, 0.18934890919900021
334, 1, 9, Status.WALL, 0.18840216465300522
335, 5, 28, Status.WALL, 0.18746015382974018
336, 9, 62, Status.WALL, 0.1865228530605915
337, 4, 32, Status.SNAKE, 0.18559023879528855
338, 7, 57, Status.WALL, 0.1846622876013121
339, 2, 31, Status.SNAKE, 0.18373897616330553
340, 7, 49, Status.SNAKE, 0.182820281282489
341, 7, 46, Status.SNAKE, 0.18190617987607657
342, 4, 46, Status.WALL, 0.18099664897669618
343, 1, 14, Status.WALL, 0.1800916657318127
344, 3, 41, Status.SNAKE, 0.17919120740315364
345, 4, 33, Status.SNAKE, 0.17829525136613786
346, 0, 13, Status.WALL, 0.17740377510930716
347, 2, 5, Status.WALL, 0.17651675623376062
348, 1, 10, Status.WALL, 0.1756341724525918
349, 10, 52, Status.SNAKE, 0.17475600159032884
350, 0, 6, Status.WALL, 0.17388222158237718
351, 1, 3, Status.SNAKE, 0.1730128104744653
352, 7, 47, Status.SNAKE, 0.17214774642209296
353, 2, 21, Status.WALL, 0.1712870076899825
354, 8, 69, Status.WALL, 0.17043057265153258
355, 1, 6, Status.SNAKE, 0.16957841978827493
356, 3, 24, Status.SNAKE, 0.16873052768933355
357, 1, 17, Status.WALL, 0.1678868750508869
358, 1, 8, Status.SNAKE, 0.16704744067563246
359, 2, 9, Status.SNAKE, 0.1662122034722543
360, 2, 8, Status.WALL, 0.16538114245489302
361, 3, 28, Status.SNAKE, 0.16455423674261854
362, 3, 20, Status.WALL, 0.16373146555890544
363, 3, 21, Status.SNAKE, 0.16291280823111093
364, 4, 34, Status.SNAKE, 0.16209824418995536
365, 1, 8, Status.WALL, 0.16128775296900558
366, 1, 11, Status.WALL, 0.16048131420416054
367, 5, 27, Status.WALL, 0.15967890763313974
368, 4, 31, Status.WALL, 0.15888051309497406
369, 0, 4, Status.WALL, 0.1580861105294992
370, 3, 14, Status.WALL, 0.1572956799768517
371, 2, 26, Status.SNAKE, 0.15650920157696743
372, 4, 22, Status.SNAKE, 0.1557266555690826
373, 1, 4, Status.SNAKE, 0.1549480222912372
374, 7, 55, Status.SNAKE, 0.15417328217978102
375, 6, 47, Status.SNAKE, 0.1534024157688821
376, 3, 25, Status.WALL, 0.1526354036900377
377, 3, 23, Status.SNAKE, 0.1518722266715875
378, 9, 56, Status.SNAKE, 0.15111286553822956
379, 10, 71, Status.SNAKE, 0.15035730121053842
380, 4, 34, Status.WALL, 0.14960551470448571
381, 0, 4, Status.WALL, 0.14885748713096328
382, 4, 34, Status.WALL, 0.14811319969530845
383, 5, 46, Status.WALL, 0.1473726336968319
384, 1, 12, Status.WALL, 0.14663577052834775
385, 3, 31, Status.SNAKE, 0.14590259167570602
386, 1, 9, Status.WALL, 0.1451730787173275
387, 1, 11, Status.WALL, 0.14444721332374086
388, 3, 25, Status.SNAKE, 0.14372497725712216
389, 5, 28, Status.SNAKE, 0.14300635237083656
390, 1, 14, Status.WALL, 0.14229132060898236
391, 5, 34, Status.SNAKE, 0.14157986400593744
392, 3, 15, Status.WALL, 0.14087196468590776
393, 1, 9, Status.WALL, 0.14016760486247823
394, 8, 47, Status.SNAKE, 0.13946676683816583
395, 2, 8, Status.SNAKE, 0.138769433003975
396, 7, 54, Status.SNAKE, 0.13807558583895513
397, 4, 28, Status.WALL, 0.13738520790976036
398, 6, 37, Status.SNAKE, 0.13669828187021155
399, 0, 11, Status.WALL, 0.13601479046086049
400, 4, 23, Status.WALL, 0.1353347165085562
401, 4, 26, Status.SNAKE, 0.1346580429260134
402, 6, 57, Status.SNAKE, 0.13398475271138335
403, 6, 42, Status.WALL, 0.13331482894782642
404, 12, 73, Status.SNAKE, 0.13264825480308728
405, 5, 46, Status.SNAKE, 0.13198501352907185
406, 1, 14, Status.WALL, 0.1313250884614265
407, 5, 41, Status.SNAKE, 0.13066846301911936
408, 4, 15, Status.SNAKE, 0.13001512070402377
409, 6, 34, Status.WALL, 0.12936504510050365
410, 2, 15, Status.SNAKE, 0.12871821987500112
411, 4, 30, Status.WALL, 0.12807462877562611
412, 7, 56, Status.WALL, 0.12743425563174798
413, 7, 51, Status.WALL, 0.12679708435358925
414, 6, 38, Status.SNAKE, 0.1261630989318213
415, 9, 47, Status.WALL, 0.1255322834371622
416, 4, 34, Status.SNAKE, 0.12490462201997637
417, 1, 8, Status.SNAKE, 0.1242800989098765
418, 5, 49, Status.SNAKE, 0.12365869841532712
419, 1, 3, Status.SNAKE, 0.12304040492325048
420, 1, 7, Status.WALL, 0.12242520289863423
421, 1, 5, Status.SNAKE, 0.12181307688414106
422, 1, 14, Status.SNAKE, 0.12120401149972035
423, 1, 8, Status.WALL, 0.12059799144222175
424, 1, 10, Status.WALL, 0.11999500148501063
425, 5, 34, Status.SNAKE, 0.11939502647758558
426, 5, 24, Status.SNAKE, 0.11879805134519765
427, 1, 9, Status.WALL, 0.11820406108847166
428, 2, 12, Status.SNAKE, 0.1176130407830293
429, 5, 43, Status.SNAKE, 0.11702497557911415
430, 5, 34, Status.SNAKE, 0.11643985070121858
431, 4, 31, Status.SNAKE, 0.11585765144771248
432, 12, 86, Status.SNAKE, 0.11527836319047392
433, 10, 75, Status.SNAKE, 0.11470197137452155
434, 2, 20, Status.WALL, 0.11412846151764894
435, 13, 62, Status.SNAKE, 0.1135578192100607
436, 12, 83, Status.WALL, 0.11299003011401039
437, 1, 8, Status.WALL, 0.11242507996344034
438, 8, 48, Status.WALL, 0.11186295456362313
439, 4, 14, Status.SNAKE, 0.11130363979080501
440, 3, 23, Status.WALL, 0.11074712159185099
441, 1, 3, Status.SNAKE, 0.11019338598389174
442, 5, 30, Status.SNAKE, 0.10964241905397228
443, 3, 16, Status.SNAKE, 0.10909420695870241
444, 15, 86, Status.SNAKE, 0.1085487359239089
445, 6, 21, Status.WALL, 0.10800599224428936
446, 3, 25, Status.WALL, 0.10746596228306791
447, 1, 10, Status.SNAKE, 0.10692863247165257
448, 2, 27, Status.WALL, 0.1063939893092943
449, 4, 27, Status.SNAKE, 0.10586201936274783
450, 3, 23, Status.SNAKE, 0.10533270926593409
451, 11, 79, Status.SNAKE, 0.10480604571960442
452, 2, 19, Status.WALL, 0.1042820154910064
453, 4, 23, Status.SNAKE, 0.10376060541355137
454, 4, 18, Status.SNAKE, 0.1032418023864836
455, 5, 31, Status.SNAKE, 0.10272559337455119
456, 5, 27, Status.SNAKE, 0.10221196540767843
457, 9, 70, Status.SNAKE, 0.10170090558064004
458, 8, 53, Status.SNAKE, 0.10119240105273684
459, 4, 43, Status.WALL, 0.10068643904747315
460, 2, 18, Status.WALL, 0.10018300685223579
461, 11, 76, Status.SNAKE, 0.0996820918179746
462, 4, 24, Status.SNAKE, 0.09918368135888474
463, 7, 36, Status.SNAKE, 0.09868776295209031
464, 2, 12, Status.SNAKE, 0.09819432413732986
465, 5, 30, Status.SNAKE, 0.09770335251664321
466, 3, 8, Status.SNAKE, 0.09721483575406
467, 4, 14, Status.SNAKE, 0.09672876157528969
468, 1, 14, Status.WALL, 0.09624511776741324
469, 1, 9, Status.SNAKE, 0.09576389217857617
470, 1, 18, Status.WALL, 0.09528507271768329
471, 3, 34, Status.SNAKE, 0.09480864735409487
472, 12, 83, Status.SNAKE, 0.0943346041173244
473, 4, 34, Status.WALL, 0.09386293109673778
474, 11, 52, Status.SNAKE, 0.09339361644125409
475, 3, 25, Status.WALL, 0.09292664835904782
476, 12, 91, Status.SNAKE, 0.09246201511725258
477, 2, 15, Status.WALL, 0.09199970504166631
478, 3, 23, Status.SNAKE, 0.09153970651645797
479, 11, 91, Status.SNAKE, 0.09108200798387568
480, 2, 16, Status.SNAKE, 0.0906265979439563
481, 4, 39, Status.WALL, 0.09017346495423652
482, 3, 13, Status.WALL, 0.08972259762946533
483, 6, 46, Status.SNAKE, 0.089273984641318
484, 0, 9, Status.WALL, 0.0888276147181114
485, 1, 10, Status.WALL, 0.08838347664452084
486, 3, 23, Status.SNAKE, 0.08794155926129824
487, 9, 64, Status.SNAKE, 0.08750185146499175
488, 5, 48, Status.WALL, 0.08706434220766679
489, 11, 91, Status.SNAKE, 0.08662902049662846
490, 5, 43, Status.SNAKE, 0.08619587539414532
491, 0, 6, Status.WALL, 0.08576489601717459
492, 2, 8, Status.WALL, 0.08533607153708872
493, 6, 36, Status.SNAKE, 0.08490939117940327
494, 13, 106, Status.SNAKE, 0.08448484422350626
495, 5, 19, Status.SNAKE, 0.08406242000238873
496, 4, 24, Status.SNAKE, 0.08364210790237678
497, 3, 22, Status.SNAKE, 0.0832238973628649
498, 2, 12, Status.WALL, 0.08280777787605056
499, 1, 16, Status.SNAKE, 0.08239373898667031
500, 2, 13, Status.SNAKE, 0.08198177029173696
501, 3, 15, Status.WALL, 0.08157186144027828
502, 2, 9, Status.WALL, 0.0811640021330769
503, 1, 11, Status.SNAKE, 0.08075818212241151
504, 5, 34, Status.SNAKE, 0.08035439121179945
505, 7, 56, Status.WALL, 0.07995261925574046
506, 6, 57, Status.SNAKE, 0.07955285615946175
507, 5, 34, Status.SNAKE, 0.07915509187866444
508, 1, 9, Status.SNAKE, 0.07875931641927113
509, 5, 24, Status.WALL, 0.07836551983717477
510, 16, 106, Status.SNAKE, 0.07797369223798889
511, 6, 42, Status.SNAKE, 0.07758382377679894
512, 7, 65, Status.WALL, 0.07719590465791494
513, 1, 7, Status.WALL, 0.07680992513462537
514, 1, 9, Status.WALL, 0.07642587550895225
515, 1, 15, Status.WALL, 0.07604374613140748
516, 1, 6, Status.SNAKE, 0.07566352740075044
517, 11, 80, Status.SNAKE, 0.07528520976374668
518, 2, 24, Status.WALL, 0.07490878371492794
519, 3, 20, Status.SNAKE, 0.0745342397963533
520, 3, 26, Status.WALL, 0.07416156859737154
521, 3, 30, Status.SNAKE, 0.07379076075438468
522, 2, 15, Status.SNAKE, 0.07342180695061275
523, 1, 5, Status.WALL, 0.07305469791585968
524, 9, 45, Status.WALL, 0.07268942442628039
525, 5, 17, Status.SNAKE, 0.07232597730414898
526, 8, 43, Status.SNAKE, 0.07196434741762824
527, 1, 8, Status.SNAKE, 0.0716045256805401
528, 5, 27, Status.SNAKE, 0.0712465030521374
529, 1, 5, Status.SNAKE, 0.0708902705368767
530, 0, 5, Status.WALL, 0.07053581918419231
531, 1, 7, Status.WALL, 0.07018314008827135
532, 2, 17, Status.WALL, 0.06983222438783
533, 2, 18, Status.WALL, 0.06948306326589085
534, 8, 67, Status.SNAKE, 0.0691356479495614
535, 1, 8, Status.SNAKE, 0.06878996970981359
536, 5, 31, Status.WALL, 0.06844601986126451
537, 4, 31, Status.SNAKE, 0.06810378976195819
538, 10, 82, Status.SNAKE, 0.0677632708131484
539, 9, 53, Status.WALL, 0.06742445445908266
540, 1, 5, Status.WALL, 0.06708733218678724
541, 8, 51, Status.SNAKE, 0.0667518955258533
542, 5, 24, Status.SNAKE, 0.06641813604822402
543, 2, 8, Status.WALL, 0.0660860453679829
544, 7, 34, Status.SNAKE, 0.06575561514114299
545, 7, 48, Status.SNAKE, 0.06542683706543727
546, 1, 5, Status.WALL, 0.06509970288011008
547, 9, 68, Status.SNAKE, 0.06477420436570952
548, 1, 14, Status.WALL, 0.06445033334388098
549, 1, 6, Status.SNAKE, 0.06412808167716157
550, 1, 8, Status.SNAKE, 0.06380744126877576
551, 3, 19, Status.SNAKE, 0.06348840406243188
552, 4, 20, Status.SNAKE, 0.06317096204211972
553, 2, 16, Status.WALL, 0.06285510723190912
554, 6, 47, Status.WALL, 0.06254083169574957
555, 3, 24, Status.WALL, 0.062228127537270826
556, 15, 93, Status.WALL, 0.06191698689958447
557, 2, 9, Status.SNAKE, 0.061607401965086545
558, 4, 34, Status.SNAKE, 0.06129936495526111
559, 7, 47, Status.SNAKE, 0.0609928681304848
560, 8, 49, Status.SNAKE, 0.060687903789832374
561, 11, 72, Status.SNAKE, 0.06038446427088321
562, 4, 25, Status.SNAKE, 0.06008254194952879
563, 7, 48, Status.SNAKE, 0.05978212923978115
564, 1, 7, Status.SNAKE, 0.05948321859358224
565, 9, 46, Status.SNAKE, 0.05918580250061433
566, 6, 40, Status.SNAKE, 0.058889873488111255
567, 8, 41, Status.SNAKE, 0.058595424120670696
568, 2, 19, Status.SNAKE, 0.05830244700006734
569, 3, 15, Status.WALL, 0.058010934765067
570, 3, 18, Status.SNAKE, 0.05772088009124167
571, 7, 44, Status.SNAKE, 0.05743227569078546
572, 14, 92, Status.SNAKE, 0.05714511431233153
573, 7, 65, Status.SNAKE, 0.05685938874076987
574, 6, 27, Status.SNAKE, 0.056575091797066025
575, 8, 38, Status.WALL, 0.056292216338080694
576, 5, 35, Status.SNAKE, 0.05601075525639029
577, 7, 48, Status.WALL, 0.05573070148010834
578, 9, 54, Status.SNAKE, 0.0554520479727078
579, 1, 19, Status.WALL, 0.05517478773284426
580, 4, 20, Status.SNAKE, 0.05489891379418004
581, 4, 25, Status.SNAKE, 0.05462441922520914
582, 2, 12, Status.SNAKE, 0.0543512971290831
583, 2, 11, Status.WALL, 0.05407954064343768
584, 10, 79, Status.SNAKE, 0.05380914294022049
585, 9, 49, Status.WALL, 0.05354009722551939
586, 9, 40, Status.SNAKE, 0.05327239673939179
587, 3, 28, Status.SNAKE, 0.053006034755694834
588, 5, 28, Status.SNAKE, 0.052741004581916356
589, 3, 18, Status.WALL, 0.052477299559006776
590, 1, 3, Status.SNAKE, 0.052214913061211746
591, 9, 78, Status.WALL, 0.05195383849590569
592, 5, 20, Status.SNAKE, 0.05169406930342616
593, 7, 36, Status.SNAKE, 0.05143559895690903
594, 5, 40, Status.SNAKE, 0.051178420962124486
595, 7, 42, Status.SNAKE, 0.05092252885731386
596, 7, 41, Status.WALL, 0.05066791621302729
597, 11, 64, Status.WALL, 0.05041457663196215
598, 11, 90, Status.SNAKE, 0.050162503748802344
599, 3, 13, Status.SNAKE, 0.049911691230058335
600, 2, 7, Status.WALL, 0.04966213277390804
601, 1, 8, Status.SNAKE, 0.0494138221100385
602, 11, 95, Status.SNAKE, 0.04916675299948831
603, 3, 18, Status.SNAKE, 0.04892091923449087
604, 7, 55, Status.SNAKE, 0.04867631463831842
605, 6, 72, Status.WALL, 0.048432933065126825
606, 2, 10, Status.SNAKE, 0.048190768399801194
607, 2, 14, Status.SNAKE, 0.04794981455780219
608, 10, 46, Status.SNAKE, 0.04771006548501318
609, 8, 59, Status.SNAKE, 0.047471515157588115
610, 7, 54, Status.SNAKE, 0.047234157581800176
611, 13, 125, Status.SNAKE, 0.046997986793891174
612, 2, 16, Status.WALL, 0.04676299685992172
613, 6, 57, Status.SNAKE, 0.04652918187562211
614, 15, 120, Status.SNAKE, 0.046296535966244
615, 10, 64, Status.SNAKE, 0.046065053286412784
616, 10, 56, Status.SNAKE, 0.04583472801998072
617, 12, 81, Status.SNAKE, 0.045605554379880814
618, 2, 21, Status.WALL, 0.04537752660798141
619, 3, 21, Status.WALL, 0.0451506389749415
620, 1, 15, Status.WALL, 0.044924885780066794
621, 9, 70, Status.SNAKE, 0.04470026135116646
622, 10, 73, Status.SNAKE, 0.04447676004441063
623, 15, 65, Status.SNAKE, 0.04425437624418858
624, 9, 45, Status.SNAKE, 0.04403310436296763
625, 2, 21, Status.WALL, 0.043812938841152796
626, 4, 26, Status.SNAKE, 0.04359387414694703
627, 6, 59, Status.WALL, 0.043375904776212296
628, 1, 6, Status.SNAKE, 0.043159025252331236
629, 3, 25, Status.SNAKE, 0.04294323012606958
630, 7, 57, Status.SNAKE, 0.04272851397543923
631, 9, 67, Status.WALL, 0.04251487140556204
632, 3, 19, Status.SNAKE, 0.04230229704853423
633, 2, 19, Status.WALL, 0.04209078556329156
634, 6, 28, Status.WALL, 0.0418803316354751
635, 12, 76, Status.WALL, 0.041670929977297724
636, 4, 24, Status.WALL, 0.04146257532741124
637, 14, 69, Status.WALL, 0.04125526245077418
638, 11, 76, Status.SNAKE, 0.04104898613852031
639, 9, 52, Status.WALL, 0.04084374120782771
640, 5, 42, Status.SNAKE, 0.04063952250178857
641, 10, 47, Status.SNAKE, 0.04043632488927963
642, 13, 82, Status.SNAKE, 0.04023414326483323
643, 11, 76, Status.WALL, 0.040032972548509065
644, 14, 101, Status.SNAKE, 0.03983280768576652
645, 1, 4, Status.SNAKE, 0.03963364364733769
646, 14, 85, Status.SNAKE, 0.039435475429100995
647, 9, 58, Status.WALL, 0.03923829805195549
648, 4, 26, Status.SNAKE, 0.03904210656169572
649, 7, 39, Status.SNAKE, 0.03884689602888724
650, 9, 58, Status.SNAKE, 0.0386526615487428
651, 5, 44, Status.SNAKE, 0.03845939824099909
652, 0, 6, Status.WALL, 0.03826710124979409
653, 7, 27, Status.SNAKE, 0.038075765743545126
654, 8, 51, Status.SNAKE, 0.0378853869148274
655, 2, 19, Status.SNAKE, 0.03769595998025326
656, 8, 57, Status.SNAKE, 0.03750748018035199
657, 2, 15, Status.SNAKE, 0.037319942779450235
658, 11, 51, Status.SNAKE, 0.037133343065552986
659, 1, 8, Status.SNAKE, 0.03694767635022522
660, 4, 31, Status.SNAKE, 0.036762937968474095
661, 4, 24, Status.SNAKE, 0.03657912327863173
662, 2, 24, Status.SNAKE, 0.036396227662238566
663, 5, 31, Status.SNAKE, 0.03621424652392737
664, 4, 25, Status.SNAKE, 0.036033175291307735
665, 10, 93, Status.SNAKE, 0.03585300941485119
666, 10, 72, Status.SNAKE, 0.035673744367776934
667, 14, 94, Status.SNAKE, 0.03549537564593805
668, 8, 59, Status.WALL, 0.035317898767708356
669, 9, 43, Status.SNAKE, 0.03514130927386981
670, 4, 21, Status.SNAKE, 0.03496560272750046
671, 5, 39, Status.WALL, 0.03479077471386296
672, 11, 68, Status.SNAKE, 0.03461682084029365
673, 8, 53, Status.WALL, 0.034443736736092176
674, 4, 24, Status.SNAKE, 0.034271518052411715
675, 2, 27, Status.WALL, 0.034100160462149656
676, 7, 34, Status.SNAKE, 0.03392965965983891
677, 3, 22, Status.WALL, 0.033760011361539714
678, 5, 17, Status.SNAKE, 0.03359121130473201
679, 3, 23, Status.SNAKE, 0.033423255248208356
680, 6, 36, Status.WALL, 0.03325613897196732
681, 4, 21, Status.SNAKE, 0.03308985827710748
682, 2, 20, Status.SNAKE, 0.032924408985721944
683, 6, 27, Status.WALL, 0.03275978694079333
684, 2, 9, Status.SNAKE, 0.032595988006089364
685, 1, 14, Status.WALL, 0.032433008066058915
686, 9, 55, Status.SNAKE, 0.03227084302572862
687, 4, 29, Status.WALL, 0.032109488810599975
688, 2, 5, Status.SNAKE, 0.031948941366546975
689, 17, 112, Status.WALL, 0.03178919665971424
690, 14, 110, Status.SNAKE, 0.03163025067641567
691, 3, 18, Status.WALL, 0.03147209942303359
692, 1, 6, Status.WALL, 0.03131473892591842
693, 1, 8, Status.WALL, 0.031158165231288826
694, 10, 63, Status.SNAKE, 0.03100237440513238
695, 1, 6, Status.SNAKE, 0.030847362533106718
696, 12, 64, Status.WALL, 0.030693125720441184
697, 4, 31, Status.SNAKE, 0.030539660091838977
698, 6, 38, Status.WALL, 0.03038696179137978
699, 2, 29, Status.SNAKE, 0.030235026982422884
700, 12, 82, Status.SNAKE, 0.030083851847510768
701, 7, 33, Status.SNAKE, 0.029933432588273214
702, 6, 44, Status.SNAKE, 0.029783765425331846
703, 5, 30, Status.SNAKE, 0.029634846598205186
704, 7, 53, Status.SNAKE, 0.02948667236521416
705, 8, 78, Status.SNAKE, 0.029339239003388088
706, 6, 24, Status.WALL, 0.029192542808371146
707, 15, 109, Status.SNAKE, 0.02904658009432929
708, 1, 9, Status.SNAKE, 0.028901347193857643
709, 12, 76, Status.SNAKE, 0.028756840457888354
710, 11, 88, Status.SNAKE, 0.02861305625559891
711, 8, 45, Status.SNAKE, 0.028469990974320916
712, 10, 46, Status.WALL, 0.02832764101944931
713, 7, 42, Status.SNAKE, 0.028186002814352063
714, 7, 61, Status.SNAKE, 0.0280450728002803
715, 5, 31, Status.SNAKE, 0.0279048474362789
716, 7, 58, Status.SNAKE, 0.027765323199097504
717, 2, 3, Status.SNAKE, 0.027626496583102015
718, 3, 20, Status.SNAKE, 0.027488364100186506
719, 3, 21, Status.WALL, 0.027350922279685573
720, 1, 5, Status.SNAKE, 0.027214167668287145
721, 6, 47, Status.SNAKE, 0.02707809682994571
722, 9, 69, Status.SNAKE, 0.02694270634579598
723, 5, 31, Status.SNAKE, 0.026807992814067
724, 13, 73, Status.SNAKE, 0.026673952849996664
725, 3, 12, Status.SNAKE, 0.02654058308574668
726, 7, 50, Status.SNAKE, 0.026407880170317945
727, 9, 64, Status.SNAKE, 0.026275840769466357
728, 5, 26, Status.SNAKE, 0.026144461565619025
729, 5, 37, Status.WALL, 0.02601373925779093
730, 9, 56, Status.WALL, 0.025883670561501974
731, 13, 87, Status.SNAKE, 0.025754252208694463
732, 1, 5, Status.SNAKE, 0.02562548094765099
733, 2, 16, Status.SNAKE, 0.025497353542912736
734, 8, 38, Status.SNAKE, 0.02536986677519817
735, 15, 92, Status.SNAKE, 0.02524301744132218
736, 11, 71, Status.SNAKE, 0.025116802354115567
737, 5, 33, Status.WALL, 0.024991218342344988
738, 6, 52, Status.WALL, 0.024866262250633264
739, 8, 61, Status.SNAKE, 0.024741930939380097
740, 14, 148, Status.SNAKE, 0.024618221284683196
741, 3, 26, Status.SNAKE, 0.02449513017825978
742, 7, 34, Status.SNAKE, 0.02437265452736848
743, 4, 30, Status.SNAKE, 0.024250791254731636
744, 6, 57, Status.SNAKE, 0.024129537298457977
745, 12, 71, Status.SNAKE, 0.024008889611965685
746, 10, 59, Status.SNAKE, 0.023888845163905856
747, 12, 93, Status.SNAKE, 0.023769400938086327
748, 9, 49, Status.WALL, 0.023650553933395897
749, 10, 73, Status.SNAKE, 0.023532301163728918
750, 7, 50, Status.WALL, 0.023414639657910272
751, 10, 69, Status.SNAKE, 0.023297566459620722
752, 7, 40, Status.SNAKE, 0.023181078627322618
753, 11, 76, Status.SNAKE, 0.023065173234186005
754, 3, 21, Status.SNAKE, 0.022949847368015076
755, 5, 27, Status.SNAKE, 0.022835098131175
756, 7, 45, Status.WALL, 0.022720922640519125
757, 2, 17, Status.WALL, 0.02260731802731653
758, 3, 36, Status.WALL, 0.022494281437179946
759, 1, 4, Status.SNAKE, 0.022381810029994047
760, 6, 52, Status.SNAKE, 0.022269900979844076
761, 7, 45, Status.WALL, 0.022158551474944856
762, 15, 110, Status.WALL, 0.022047758717570132
763, 7, 37, Status.SNAKE, 0.021937519923982282
764, 7, 52, Status.WALL, 0.021827832324362372
765, 8, 51, Status.SNAKE, 0.02171869316274056
766, 4, 25, Status.WALL, 0.021610099696926857
767, 7, 47, Status.SNAKE, 0.021502049198442223
768, 3, 26, Status.WALL, 0.021394538952450012
769, 10, 62, Status.WALL, 0.02128756625768776
770, 16, 106, Status.SNAKE, 0.021181128426399323
771, 7, 44, Status.SNAKE, 0.021075222784267326
772, 5, 38, Status.WALL, 0.020969846670345987
773, 5, 41, Status.SNAKE, 0.020864997436994256
774, 6, 43, Status.SNAKE, 0.020760672449809284
775, 11, 68, Status.SNAKE, 0.020656869087560238
776, 11, 84, Status.SNAKE, 0.020553584742122436
777, 7, 41, Status.SNAKE, 0.020450816818411825
778, 3, 24, Status.WALL, 0.020348562734319765
779, 11, 85, Status.SNAKE, 0.020246819920648168
780, 9, 72, Status.WALL, 0.020145585821044927
781, 2, 11, Status.WALL, 0.020044857891939702
782, 12, 87, Status.SNAKE, 0.019944633602480003
783, 12, 85, Status.SNAKE, 0.019844910434467605
784, 9, 73, Status.SNAKE, 0.019745685882295267
785, 15, 85, Status.SNAKE, 0.01964695745288379
786, 6, 24, Status.SNAKE, 0.01954872266561937
787, 1, 7, Status.WALL, 0.019450979052291272
788, 12, 81, Status.SNAKE, 0.019353724157029815
789, 13, 99, Status.WALL, 0.019256955536244666
790, 8, 54, Status.SNAKE, 0.019160670758563442
791, 1, 3, Status.SNAKE, 0.019064867404770626
792, 7, 32, Status.SNAKE, 0.018969543067746772
793, 9, 42, Status.SNAKE, 0.018874695352408037
794, 4, 18, Status.WALL, 0.018780321875645996
795, 9, 42, Status.WALL, 0.018686420266267767
796, 3, 20, Status.SNAKE, 0.018592988164936427
797, 5, 31, Status.SNAKE, 0.018500023224111744
798, 4, 21, Status.SNAKE, 0.018407523107991184
799, 5, 34, Status.SNAKE, 0.01831548549245123
800, 11, 53, Status.SNAKE, 0.018223908064988973
801, 5, 43, Status.SNAKE, 0.018132788524664028
802, 10, 52, Status.SNAKE, 0.018042124582040707
803, 5, 37, Status.SNAKE, 0.017951913959130504
804, 4, 18, Status.WALL, 0.01786215438933485
805, 10, 60, Status.SNAKE, 0.017772843617388175
806, 1, 6, Status.SNAKE, 0.017683979399301233
807, 16, 96, Status.SNAKE, 0.017595559502304726
808, 17, 99, Status.SNAKE, 0.0175075817047932
809, 8, 48, Status.SNAKE, 0.017420043796269234
810, 16, 89, Status.SNAKE, 0.017332943577287888
811, 6, 54, Status.SNAKE, 0.01724627885940145
812, 3, 10, Status.WALL, 0.017160047465104442
813, 16, 130, Status.SNAKE, 0.01707424722777892
814, 1, 12, Status.SNAKE, 0.016988875991640028
815, 4, 38, Status.SNAKE, 0.016903931611681827
816, 6, 34, Status.WALL, 0.01681941195362342
817, 15, 84, Status.SNAKE, 0.016735314893855303
818, 15, 116, Status.SNAKE, 0.016651638319386028
819, 5, 37, Status.WALL, 0.0165683801277891
820, 1, 5, Status.WALL, 0.016485538227150154
821, 1, 5, Status.WALL, 0.0164031105360144
822, 6, 35, Status.SNAKE, 0.01632109498333433
823, 6, 30, Status.SNAKE, 0.016239489508417658
824, 7, 47, Status.SNAKE, 0.01615829206087557
825, 9, 54, Status.SNAKE, 0.01607750060057119
826, 4, 31, Status.WALL, 0.015997113097568336
827, 5, 22, Status.SNAKE, 0.015917127532080494
828, 7, 63, Status.WALL, 0.01583754189442009
829, 9, 39, Status.SNAKE, 0.01575835418494799
830, 9, 65, Status.SNAKE, 0.01567956241402325
831, 12, 97, Status.SNAKE, 0.015601164601953134
832, 1, 8, Status.WALL, 0.015523158778943369
833, 4, 24, Status.WALL, 0.015445542985048652
834, 7, 64, Status.SNAKE, 0.015368315270123408
835, 7, 45, Status.WALL, 0.01529147369377279
836, 12, 82, Status.SNAKE, 0.015215016325303928
837, 2, 15, Status.SNAKE, 0.015138941243677408
838, 1, 6, Status.SNAKE, 0.01506324653745902
839, 1, 5, Status.SNAKE, 0.014987930304771725
840, 3, 20, Status.WALL, 0.014912990653247866
841, 11, 92, Status.SNAKE, 0.014838425699981627
842, 8, 47, Status.SNAKE, 0.01476423357148172
843, 4, 28, Status.SNAKE, 0.014690412403624311
844, 11, 53, Status.SNAKE, 0.01461696034160619
845, 6, 44, Status.WALL, 0.014543875539898159
846, 9, 64, Status.WALL, 0.014471156162198668
847, 5, 34, Status.WALL, 0.014398800381387675
848, 11, 67, Status.SNAKE, 0.014326806379480736
849, 1, 10, Status.SNAKE, 0.014255172347583332
850, 9, 64, Status.SNAKE, 0.014183896485845416
851, 15, 87, Status.SNAKE, 0.014112977003416188
852, 8, 74, Status.SNAKE, 0.014042412118399107
853, 2, 20, Status.SNAKE, 0.013972200057807112
854, 5, 25, Status.SNAKE, 0.013902339057518077
855, 4, 19, Status.SNAKE, 0.013832827362230486
856, 11, 78, Status.SNAKE, 0.013763663225419333
857, 11, 65, Status.WALL, 0.013694844909292236
858, 7, 28, Status.SNAKE, 0.013626370684745774
859, 6, 35, Status.SNAKE, 0.013558238831322046
860, 12, 82, Status.SNAKE, 0.013490447637165436
861, 8, 42, Status.WALL, 0.013422995398979608
862, 11, 53, Status.SNAKE, 0.01335588042198471
863, 6, 27, Status.SNAKE, 0.013289101019874787
864, 11, 59, Status.SNAKE, 0.013222655514775413
865, 1, 8, Status.SNAKE, 0.013156542237201536
866, 18, 105, Status.SNAKE, 0.013090759526015528
867, 7, 49, Status.SNAKE, 0.01302530572838545
868, 6, 30, Status.WALL, 0.012960179199743523
869, 1, 16, Status.WALL, 0.012895378303744804
870, 2, 10, Status.WALL, 0.01283090141222608
871, 18, 128, Status.WALL, 0.012766746905164949
872, 9, 71, Status.SNAKE, 0.012702913170639124
873, 9, 81, Status.SNAKE, 0.012639398604785928
874, 9, 73, Status.WALL, 0.012576201611761997
875, 12, 78, Status.SNAKE, 0.012513320603703188
876, 7, 55, Status.WALL, 0.012450754000684672
877, 9, 45, Status.SNAKE, 0.012388500230681249
878, 7, 46, Status.SNAKE, 0.012326557729527843
879, 9, 55, Status.SNAKE, 0.012264924940880204
880, 1, 9, Status.SNAKE, 0.012203600316175803
881, 13, 89, Status.SNAKE, 0.012142582314594924
882, 8, 63, Status.SNAKE, 0.01208186940302195
883, 9, 41, Status.SNAKE, 0.01202146005600684
884, 8, 59, Status.WALL, 0.011961352755726806
885, 8, 41, Status.WALL, 0.01190154599194817
886, 7, 38, Status.SNAKE, 0.01184203826198843
887, 12, 57, Status.SNAKE, 0.011782828070678488
888, 8, 43, Status.SNAKE, 0.011723913930325095
889, 7, 41, Status.SNAKE, 0.01166529436067347
890, 5, 39, Status.SNAKE, 0.011606967888870102
891, 8, 49, Status.SNAKE, 0.01154893304942575
892, 6, 50, Status.SNAKE, 0.011491188384178622
893, 10, 68, Status.WALL, 0.011433732442257729
894, 9, 74, Status.WALL, 0.01137656378004644
895, 11, 49, Status.SNAKE, 0.011319680961146208
896, 12, 80, Status.SNAKE, 0.011263082556340478
897, 8, 55, Status.SNAKE, 0.011206767143558775
898, 4, 29, Status.SNAKE, 0.011150733307840981
899, 5, 41, Status.SNAKE, 0.011094979641301777
900, 12, 84, Status.SNAKE, 0.011039504743095268
901, 8, 45, Status.SNAKE, 0.01098430721937979
902, 12, 79, Status.SNAKE, 0.010929385683282892
903, 15, 105, Status.SNAKE, 0.010874738754866477
904, 8, 50, Status.SNAKE, 0.010820365061092144
905, 11, 47, Status.SNAKE, 0.010766263235786683
906, 5, 34, Status.SNAKE, 0.01071243191960775
907, 3, 26, Status.WALL, 0.010658869760009713
908, 8, 39, Status.SNAKE, 0.010605575411209664
909, 13, 108, Status.SNAKE, 0.010552547534153616
910, 8, 60, Status.SNAKE, 0.010499784796482848
911, 13, 113, Status.SNAKE, 0.010447285872500434
912, 2, 11, Status.SNAKE, 0.01039504944313793
913, 9, 56, Status.SNAKE, 0.010343074195922241
914, 10, 79, Status.WALL, 0.01029135882494263
915, 7, 51, Status.WALL, 0.010239902030817916
916, 14, 94, Status.SNAKE, 0.010188702520663827
917, 7, 43, Status.SNAKE, 0.010137759008060509
918, 6, 42, Status.WALL, 0.010087070213020206
919, 14, 93, Status.SNAKE, 0.010036634861955105
920, 5, 30, Status.SNAKE, 0.01
921, 11, 59, Status.WALL, 0.01
922, 1, 5, Status.SNAKE, 0.01
923, 3, 11, Status.SNAKE, 0.01
924, 1, 6, Status.SNAKE, 0.01
925, 8, 41, Status.SNAKE, 0.01
926, 3, 18, Status.SNAKE, 0.01
927, 15, 104, Status.SNAKE, 0.01
928, 3, 28, Status.SNAKE, 0.01
929, 12, 69, Status.SNAKE, 0.01
930, 11, 70, Status.SNAKE, 0.01
931, 9, 57, Status.WALL, 0.01
932, 3, 11, Status.SNAKE, 0.01
933, 2, 19, Status.WALL, 0.01
934, 11, 62, Status.SNAKE, 0.01
935, 9, 52, Status.SNAKE, 0.01
936, 15, 87, Status.SNAKE, 0.01
937, 10, 73, Status.SNAKE, 0.01
938, 4, 26, Status.SNAKE, 0.01
939, 8, 67, Status.SNAKE, 0.01
940, 8, 47, Status.SNAKE, 0.01
941, 12, 83, Status.WALL, 0.01
942, 10, 73, Status.SNAKE, 0.01
943, 7, 42, Status.SNAKE, 0.01
944, 10, 68, Status.SNAKE, 0.01
945, 6, 29, Status.SNAKE, 0.01
946, 12, 57, Status.SNAKE, 0.01
947, 13, 75, Status.WALL, 0.01
948, 7, 53, Status.SNAKE, 0.01
949, 6, 21, Status.SNAKE, 0.01
950, 14, 99, Status.SNAKE, 0.01
951, 4, 23, Status.SNAKE, 0.01
952, 2, 11, Status.SNAKE, 0.01
953, 10, 61, Status.SNAKE, 0.01
954, 7, 48, Status.SNAKE, 0.01
955, 10, 67, Status.SNAKE, 0.01
956, 13, 91, Status.SNAKE, 0.01
957, 1, 6, Status.SNAKE, 0.01
958, 6, 26, Status.SNAKE, 0.01
959, 4, 30, Status.WALL, 0.01
960, 5, 36, Status.SNAKE, 0.01
961, 11, 73, Status.SNAKE, 0.01
962, 8, 72, Status.SNAKE, 0.01
963, 2, 9, Status.SNAKE, 0.01
964, 11, 69, Status.SNAKE, 0.01
965, 2, 15, Status.WALL, 0.01
966, 5, 26, Status.SNAKE, 0.01
967, 6, 44, Status.SNAKE, 0.01
968, 1, 7, Status.SNAKE, 0.01
969, 6, 50, Status.SNAKE, 0.01
970, 1, 8, Status.SNAKE, 0.01
971, 2, 17, Status.SNAKE, 0.01
972, 6, 37, Status.SNAKE, 0.01
973, 3, 20, Status.WALL, 0.01
974, 20, 129, Status.SNAKE, 0.01
975, 8, 57, Status.SNAKE, 0.01
976, 12, 77, Status.SNAKE, 0.01
977, 3, 19, Status.WALL, 0.01
978, 9, 75, Status.SNAKE, 0.01
979, 15, 84, Status.SNAKE, 0.01
980, 2, 12, Status.SNAKE, 0.01
981, 4, 19, Status.SNAKE, 0.01
982, 8, 67, Status.WALL, 0.01
983, 7, 54, Status.SNAKE, 0.01
984, 7, 46, Status.SNAKE, 0.01
985, 1, 10, Status.WALL, 0.01
986, 12, 96, Status.SNAKE, 0.01
987, 11, 67, Status.SNAKE, 0.01
988, 6, 53, Status.SNAKE, 0.01
989, 8, 80, Status.WALL, 0.01
990, 5, 32, Status.SNAKE, 0.01
991, 9, 49, Status.SNAKE, 0.01
992, 8, 45, Status.SNAKE, 0.01
993, 11, 72, Status.SNAKE, 0.01
994, 4, 29, Status.SNAKE, 0.01
995, 2, 8, Status.WALL, 0.01
996, 14, 110, Status.SNAKE, 0.01
997, 3, 15, Status.WALL, 0.01
998, 10, 56, Status.SNAKE, 0.01
999, 7, 55, Status.SNAKE, 0.01
1000, 14, 62, Status.SNAKE, 0.01
1001, 15, 83, Status.SNAKE, 0.01
1002, 6, 40, Status.SNAKE, 0.01
1003, 11, 60, Status.WALL, 0.01
1004, 1, 5, Status.SNAKE, 0.01
1005, 10, 77, Status.SNAKE, 0.01
1006, 2, 7, Status.SNAKE, 0.01
1007, 16, 113, Status.WALL, 0.01
1008, 9, 59, Status.SNAKE, 0.01
1009, 5, 25, Status.SNAKE, 0.01
1010, 17, 104, Status.SNAKE, 0.01
1011, 12, 73, Status.SNAKE, 0.01
1012, 13, 115, Status.SNAKE, 0.01
1013, 12, 100, Status.SNAKE, 0.01
1014, 6, 34, Status.WALL, 0.01
1015, 6, 32, Status.WALL, 0.01
1016, 4, 12, Status.WALL, 0.01
1017, 14, 75, Status.SNAKE, 0.01
1018, 10, 62, Status.SNAKE, 0.01
1019, 8, 69, Status.SNAKE, 0.01
1020, 2, 15, Status.SNAKE, 0.01
1021, 2, 11, Status.SNAKE, 0.01
1022, 16, 103, Status.SNAKE, 0.01
1023, 12, 118, Status.SNAKE, 0.01
1024, 18, 117, Status.SNAKE, 0.01
1025, 7, 53, Status.SNAKE, 0.01
1026, 15, 116, Status.SNAKE, 0.01
1027, 14, 124, Status.SNAKE, 0.01
1028, 6, 49, Status.SNAKE, 0.01
1029, 2, 6, Status.SNAKE, 0.01
1030, 3, 24, Status.SNAKE, 0.01
1031, 10, 60, Status.SNAKE, 0.01
1032, 3, 28, Status.WALL, 0.01
1033, 10, 50, Status.WALL, 0.01
1034, 9, 68, Status.SNAKE, 0.01
1035, 1, 4, Status.SNAKE, 0.01
1036, 5, 46, Status.SNAKE, 0.01
1037, 6, 45, Status.SNAKE, 0.01
1038, 13, 94, Status.SNAKE, 0.01
1039, 7, 40, Status.SNAKE, 0.01
1040, 10, 59, Status.SNAKE, 0.01
1041, 2, 20, Status.SNAKE, 0.01
1042, 15, 112, Status.SNAKE, 0.01
1043, 10, 96, Status.SNAKE, 0.01
1044, 5, 26, Status.SNAKE, 0.01
1045, 2, 8, Status.WALL, 0.01
1046, 11, 62, Status.SNAKE, 0.01
1047, 4, 24, Status.SNAKE, 0.01
1048, 10, 74, Status.SNAKE, 0.01
1049, 17, 98, Status.SNAKE, 0.01
1050, 11, 89, Status.SNAKE, 0.01
1051, 19, 115, Status.SNAKE, 0.01
1052, 7, 62, Status.SNAKE, 0.01
1053, 2, 31, Status.WALL, 0.01
1054, 13, 75, Status.SNAKE, 0.01
1055, 13, 112, Status.SNAKE, 0.01
1056, 6, 38, Status.WALL, 0.01
1057, 6, 47, Status.SNAKE, 0.01
1058, 4, 40, Status.SNAKE, 0.01
1059, 4, 40, Status.SNAKE, 0.01
1060, 11, 60, Status.WALL, 0.01
1061, 4, 20, Status.SNAKE, 0.01
1062, 2, 10, Status.WALL, 0.01
1063, 7, 50, Status.SNAKE, 0.01
1064, 11, 70, Status.SNAKE, 0.01
1065, 8, 57, Status.SNAKE, 0.01
1066, 9, 50, Status.SNAKE, 0.01
1067, 12, 82, Status.SNAKE, 0.01
1068, 17, 111, Status.SNAKE, 0.01
1069, 14, 114, Status.SNAKE, 0.01
1070, 10, 68, Status.SNAKE, 0.01
1071, 4, 20, Status.SNAKE, 0.01
1072, 8, 49, Status.SNAKE, 0.01
1073, 14, 96, Status.SNAKE, 0.01
1074, 2, 13, Status.SNAKE, 0.01
1075, 11, 68, Status.SNAKE, 0.01
1076, 1, 14, Status.WALL, 0.01
1077, 11, 69, Status.SNAKE, 0.01
1078, 17, 135, Status.SNAKE, 0.01
1079, 9, 48, Status.SNAKE, 0.01
1080, 5, 46, Status.SNAKE, 0.01
1081, 10, 61, Status.SNAKE, 0.01
1082, 5, 32, Status.SNAKE, 0.01
1083, 10, 63, Status.SNAKE, 0.01
1084, 15, 103, Status.SNAKE, 0.01
1085, 13, 94, Status.SNAKE, 0.01
1086, 7, 59, Status.SNAKE, 0.01
1087, 1, 18, Status.SNAKE, 0.01
1088, 4, 35, Status.SNAKE, 0.01
1089, 3, 25, Status.WALL, 0.01
1090, 10, 51, Status.SNAKE, 0.01
1091, 9, 61, Status.SNAKE, 0.01
1092, 3, 18, Status.SNAKE, 0.01
1093, 7, 50, Status.SNAKE, 0.01
1094, 2, 12, Status.SNAKE, 0.01
1095, 4, 23, Status.SNAKE, 0.01
1096, 4, 23, Status.SNAKE, 0.01
1097, 4, 30, Status.SNAKE, 0.01
1098, 12, 96, Status.SNAKE, 0.01
1099, 12, 80, Status.SNAKE, 0.01
1100, 3, 29, Status.WALL, 0.01
1101, 14, 92, Status.SNAKE, 0.01
1102, 10, 68, Status.SNAKE, 0.01
1103, 11, 83, Status.WALL, 0.01
1104, 2, 23, Status.SNAKE, 0.01
1105, 6, 32, Status.SNAKE, 0.01
1106, 5, 19, Status.WALL, 0.01
1107, 11, 68, Status.SNAKE, 0.01
1108, 15, 103, Status.SNAKE, 0.01
1109, 11, 59, Status.SNAKE, 0.01
1110, 5, 39, Status.SNAKE, 0.01
1111, 1, 5, Status.SNAKE, 0.01
1112, 7, 57, Status.SNAKE, 0.01
1113, 3, 19, Status.SNAKE, 0.01
1114, 4, 33, Status.WALL, 0.01
1115, 6, 56, Status.SNAKE, 0.01
1116, 4, 20, Status.WALL, 0.01
1117, 4, 44, Status.WALL, 0.01
1118, 13, 89, Status.SNAKE, 0.01
1119, 7, 36, Status.SNAKE, 0.01
1120, 8, 62, Status.WALL, 0.01
1121, 18, 153, Status.SNAKE, 0.01
1122, 12, 99, Status.SNAKE, 0.01
1123, 5, 36, Status.SNAKE, 0.01
1124, 0, 12, Status.WALL, 0.01
1125, 12, 100, Status.WALL, 0.01
1126, 7, 42, Status.SNAKE, 0.01
1127, 11, 61, Status.SNAKE, 0.01
1128, 4, 27, Status.WALL, 0.01
1129, 10, 88, Status.SNAKE, 0.01
1130, 6, 28, Status.SNAKE, 0.01
1131, 12, 90, Status.SNAKE, 0.01
1132, 8, 69, Status.SNAKE, 0.01
1133, 13, 84, Status.WALL, 0.01
1134, 1, 11, Status.WALL, 0.01
1135, 8, 39, Status.SNAKE, 0.01
1136, 4, 47, Status.SNAKE, 0.01
1137, 14, 136, Status.SNAKE, 0.01
1138, 7, 37, Status.SNAKE, 0.01
1139, 2, 18, Status.WALL, 0.01
1140, 1, 5, Status.SNAKE, 0.01
1141, 17, 115, Status.SNAKE, 0.01
1142, 10, 53, Status.WALL, 0.01
1143, 14, 108, Status.SNAKE, 0.01
1144, 7, 49, Status.SNAKE, 0.01
1145, 14, 93, Status.WALL, 0.01
1146, 12, 61, Status.SNAKE, 0.01
1147, 10, 69, Status.SNAKE, 0.01
1148, 6, 37, Status.SNAKE, 0.01
1149, 5, 42, Status.WALL, 0.01
1150, 10, 59, Status.SNAKE, 0.01
1151, 14, 88, Status.SNAKE, 0.01
1152, 8, 43, Status.SNAKE, 0.01
1153, 6, 47, Status.SNAKE, 0.01
1154, 18, 93, Status.SNAKE, 0.01
1155, 5, 52, Status.WALL, 0.01
1156, 9, 46, Status.SNAKE, 0.01
1157, 5, 20, Status.SNAKE, 0.01
1158, 3, 17, Status.SNAKE, 0.01
1159, 1, 10, Status.WALL, 0.01
1160, 13, 95, Status.SNAKE, 0.01
1161, 8, 57, Status.SNAKE, 0.01
1162, 10, 55, Status.SNAKE, 0.01
1163, 11, 103, Status.SNAKE, 0.01
1164, 11, 77, Status.WALL, 0.01
1165, 4, 22, Status.SNAKE, 0.01
1166, 3, 22, Status.WALL, 0.01
1167, 11, 79, Status.WALL, 0.01
1168, 8, 69, Status.SNAKE, 0.01
1169, 16, 89, Status.WALL, 0.01
1170, 10, 86, Status.WALL, 0.01
1171, 9, 54, Status.SNAKE, 0.01
1172, 4, 23, Status.SNAKE, 0.01
1173, 1, 3, Status.SNAKE, 0.01
1174, 6, 36, Status.SNAKE, 0.01
1175, 7, 50, Status.SNAKE, 0.01
1176, 5, 27, Status.SNAKE, 0.01
1177, 18, 125, Status.WALL, 0.01
1178, 6, 49, Status.WALL, 0.01
1179, 4, 19, Status.SNAKE, 0.01
1180, 7, 47, Status.SNAKE, 0.01
1181, 1, 5, Status.SNAKE, 0.01
1182, 1, 5, Status.SNAKE, 0.01
1183, 9, 61, Status.SNAKE, 0.01
1184, 8, 69, Status.SNAKE, 0.01
1185, 3, 21, Status.WALL, 0.01
1186, 11, 93, Status.SNAKE, 0.01
1187, 6, 33, Status.SNAKE, 0.01
1188, 13, 104, Status.SNAKE, 0.01
1189, 10, 56, Status.SNAKE, 0.01
1190, 21, 152, Status.SNAKE, 0.01
1191, 4, 37, Status.SNAKE, 0.01
1192, 5, 28, Status.SNAKE, 0.01
1193, 1, 3, Status.SNAKE, 0.01
1194, 2, 22, Status.WALL, 0.01
1195, 16, 115, Status.SNAKE, 0.01
1196, 9, 80, Status.SNAKE, 0.01
1197, 10, 64, Status.SNAKE, 0.01
1198, 5, 29, Status.SNAKE, 0.01
1199, 10, 51, Status.SNAKE, 0.01
1200, 9, 34, Status.SNAKE, 0.01
1201, 10, 82, Status.WALL, 0.01
1202, 4, 29, Status.SNAKE, 0.01
1203, 7, 34, Status.SNAKE, 0.01
1204, 4, 24, Status.SNAKE, 0.01
1205, 10, 69, Status.SNAKE, 0.01
1206, 10, 71, Status.SNAKE, 0.01
1207, 9, 58, Status.SNAKE, 0.01
1208, 9, 74, Status.SNAKE, 0.01
1209, 4, 25, Status.SNAKE, 0.01
1210, 7, 39, Status.SNAKE, 0.01
1211, 9, 71, Status.WALL, 0.01
1212, 9, 48, Status.WALL, 0.01
1213, 8, 67, Status.WALL, 0.01
1214, 13, 82, Status.SNAKE, 0.01
1215, 10, 70, Status.SNAKE, 0.01
1216, 13, 81, Status.SNAKE, 0.01
1217, 4, 31, Status.WALL, 0.01
1218, 6, 29, Status.WALL, 0.01
1219, 5, 25, Status.SNAKE, 0.01
1220, 4, 12, Status.SNAKE, 0.01
1221, 14, 83, Status.SNAKE, 0.01
1222, 4, 24, Status.WALL, 0.01
1223, 5, 24, Status.SNAKE, 0.01
1224, 8, 51, Status.SNAKE, 0.01
1225, 5, 44, Status.WALL, 0.01
1226, 5, 35, Status.SNAKE, 0.01
1227, 6, 55, Status.SNAKE, 0.01
1228, 6, 47, Status.WALL, 0.01
1229, 4, 21, Status.SNAKE, 0.01
1230, 3, 18, Status.SNAKE, 0.01
1231, 3, 16, Status.SNAKE, 0.01
1232, 19, 145, Status.SNAKE, 0.01
1233, 15, 89, Status.SNAKE, 0.01
1234, 4, 21, Status.SNAKE, 0.01
1235, 10, 52, Status.SNAKE, 0.01
1236, 16, 135, Status.SNAKE, 0.01
1237, 15, 96, Status.SNAKE, 0.01
1238, 1, 3, Status.SNAKE, 0.01
1239, 12, 89, Status.SNAKE, 0.01
1240, 6, 47, Status.SNAKE, 0.01
1241, 7, 43, Status.SNAKE, 0.01
1242, 5, 37, Status.SNAKE, 0.01
1243, 20, 112, Status.SNAKE, 0.01
1244, 17, 143, Status.SNAKE, 0.01
1245, 5, 38, Status.SNAKE, 0.01
1246, 8, 55, Status.SNAKE, 0.01
1247, 18, 139, Status.SNAKE, 0.01
1248, 4, 21, Status.WALL, 0.01
1249, 15, 92, Status.SNAKE, 0.01
1250, 6, 32, Status.SNAKE, 0.01
1251, 13, 102, Status.SNAKE, 0.01
1252, 4, 17, Status.SNAKE, 0.01
1253, 7, 37, Status.SNAKE, 0.01
1254, 4, 32, Status.SNAKE, 0.01
1255, 5, 34, Status.WALL, 0.01
1256, 6, 61, Status.SNAKE, 0.01
1257, 4, 19, Status.SNAKE, 0.01
1258, 9, 59, Status.WALL, 0.01
1259, 13, 107, Status.SNAKE, 0.01
1260, 10, 58, Status.SNAKE, 0.01
1261, 5, 42, Status.SNAKE, 0.01
1262, 9, 44, Status.SNAKE, 0.01
1263, 10, 71, Status.SNAKE, 0.01
1264, 4, 32, Status.SNAKE, 0.01
1265, 19, 123, Status.SNAKE, 0.01
1266, 12, 89, Status.SNAKE, 0.01
1267, 9, 71, Status.SNAKE, 0.01
1268, 11, 79, Status.SNAKE, 0.01
1269, 7, 42, Status.SNAKE, 0.01
1270, 3, 23, Status.SNAKE, 0.01
1271, 14, 89, Status.SNAKE, 0.01
1272, 4, 34, Status.WALL, 0.01
1273, 7, 45, Status.SNAKE, 0.01
1274, 14, 126, Status.SNAKE, 0.01
1275, 11, 92, Status.SNAKE, 0.01
1276, 10, 62, Status.SNAKE, 0.01
1277, 9, 94, Status.SNAKE, 0.01
1278, 8, 61, Status.SNAKE, 0.01
1279, 14, 83, Status.WALL, 0.01
1280, 12, 75, Status.SNAKE, 0.01
1281, 2, 12, Status.SNAKE, 0.01
1282, 5, 29, Status.SNAKE, 0.01
1283, 11, 63, Status.SNAKE, 0.01
1284, 1, 5, Status.SNAKE, 0.01
1285, 14, 90, Status.SNAKE, 0.01
1286, 6, 36, Status.SNAKE, 0.01
1287, 14, 95, Status.SNAKE, 0.01
1288, 5, 28, Status.SNAKE, 0.01
1289, 16, 122, Status.WALL, 0.01
1290, 9, 75, Status.SNAKE, 0.01
1291, 2, 9, Status.SNAKE, 0.01
1292, 9, 76, Status.SNAKE, 0.01
1293, 7, 37, Status.SNAKE, 0.01
1294, 7, 48, Status.WALL, 0.01
1295, 16, 123, Status.SNAKE, 0.01
1296, 3, 18, Status.WALL, 0.01
1297, 15, 121, Status.SNAKE, 0.01
1298, 12, 81, Status.SNAKE, 0.01
1299, 4, 22, Status.SNAKE, 0.01
1300, 6, 35, Status.SNAKE, 0.01
1301, 6, 36, Status.SNAKE, 0.01
1302, 12, 115, Status.SNAKE, 0.01
1303, 9, 55, Status.SNAKE, 0.01
1304, 2, 14, Status.WALL, 0.01
1305, 13, 89, Status.SNAKE, 0.01
1306, 9, 69, Status.SNAKE, 0.01
1307, 6, 37, Status.SNAKE, 0.01
1308, 2, 12, Status.SNAKE, 0.01
1309, 5, 31, Status.SNAKE, 0.01
1310, 13, 89, Status.SNAKE, 0.01
1311, 0, 5, Status.WALL, 0.01
1312, 7, 65, Status.WALL, 0.01
1313, 7, 44, Status.SNAKE, 0.01
1314, 5, 35, Status.WALL, 0.01
1315, 9, 65, Status.SNAKE, 0.01
1316, 4, 29, Status.SNAKE, 0.01
1317, 14, 92, Status.WALL, 0.01
1318, 2, 18, Status.WALL, 0.01
1319, 12, 78, Status.SNAKE, 0.01
1320, 1, 3, Status.SNAKE, 0.01
1321, 6, 41, Status.SNAKE, 0.01
1322, 11, 52, Status.SNAKE, 0.01
1323, 16, 117, Status.SNAKE, 0.01
1324, 4, 20, Status.WALL, 0.01
1325, 9, 66, Status.SNAKE, 0.01
1326, 6, 33, Status.SNAKE, 0.01
1327, 12, 86, Status.SNAKE, 0.01
1328, 2, 18, Status.SNAKE, 0.01
1329, 10, 60, Status.SNAKE, 0.01
1330, 7, 51, Status.WALL, 0.01
1331, 4, 23, Status.SNAKE, 0.01
1332, 5, 49, Status.SNAKE, 0.01
1333, 6, 51, Status.SNAKE, 0.01
1334, 9, 65, Status.SNAKE, 0.01
1335, 5, 36, Status.SNAKE, 0.01
1336, 11, 79, Status.SNAKE, 0.01
1337, 6, 43, Status.WALL, 0.01
1338, 4, 28, Status.SNAKE, 0.01
1339, 14, 83, Status.WALL, 0.01
1340, 7, 40, Status.WALL, 0.01
1341, 11, 84, Status.WALL, 0.01
1342, 7, 49, Status.SNAKE, 0.01
1343, 3, 24, Status.SNAKE, 0.01
1344, 4, 34, Status.WALL, 0.01
1345, 1, 5, Status.SNAKE, 0.01
1346, 5, 20, Status.SNAKE, 0.01
1347, 9, 49, Status.SNAKE, 0.01
1348, 1, 8, Status.WALL, 0.01
1349, 9, 58, Status.SNAKE, 0.01
1350, 8, 54, Status.WALL, 0.01
1351, 7, 64, Status.SNAKE, 0.01
1352, 11, 46, Status.SNAKE, 0.01
1353, 10, 53, Status.SNAKE, 0.01
1354, 6, 55, Status.WALL, 0.01
1355, 15, 110, Status.SNAKE, 0.01
1356, 15, 108, Status.SNAKE, 0.01
1357, 12, 83, Status.SNAKE, 0.01
1358, 14, 82, Status.SNAKE, 0.01
1359, 10, 60, Status.WALL, 0.01
1360, 6, 32, Status.SNAKE, 0.01
1361, 1, 3, Status.SNAKE, 0.01
1362, 12, 121, Status.SNAKE, 0.01
1363, 3, 17, Status.SNAKE, 0.01
1364, 10, 82, Status.SNAKE, 0.01
1365, 6, 35, Status.WALL, 0.01
1366, 11, 81, Status.SNAKE, 0.01
1367, 17, 143, Status.SNAKE, 0.01
1368, 11, 84, Status.SNAKE, 0.01
1369, 8, 48, Status.SNAKE, 0.01
1370, 14, 87, Status.SNAKE, 0.01
1371, 12, 83, Status.SNAKE, 0.01
1372, 4, 21, Status.SNAKE, 0.01
1373, 3, 14, Status.SNAKE, 0.01
1374, 15, 107, Status.SNAKE, 0.01
1375, 14, 99, Status.SNAKE, 0.01
1376, 10, 60, Status.SNAKE, 0.01
1377, 4, 18, Status.SNAKE, 0.01
1378, 8, 49, Status.SNAKE, 0.01
1379, 12, 76, Status.SNAKE, 0.01
1380, 11, 82, Status.SNAKE, 0.01
1381, 7, 45, Status.SNAKE, 0.01
1382, 16, 117, Status.WALL, 0.01
1383, 8, 67, Status.SNAKE, 0.01
1384, 10, 90, Status.SNAKE, 0.01
1385, 14, 73, Status.SNAKE, 0.01
1386, 3, 24, Status.WALL, 0.01
1387, 5, 40, Status.SNAKE, 0.01
1388, 12, 80, Status.SNAKE, 0.01
1389, 16, 94, Status.SNAKE, 0.01
1390, 11, 73, Status.SNAKE, 0.01
1391, 12, 108, Status.SNAKE, 0.01
1392, 1, 3, Status.SNAKE, 0.01
1393, 1, 9, Status.WALL, 0.01
1394, 1, 7, Status.WALL, 0.01
1395, 6, 55, Status.SNAKE, 0.01
1396, 7, 54, Status.SNAKE, 0.01
1397, 6, 33, Status.SNAKE, 0.01
1398, 3, 20, Status.SNAKE, 0.01
1399, 8, 49, Status.SNAKE, 0.01
1400, 4, 33, Status.SNAKE, 0.01
1401, 1, 9, Status.WALL, 0.01
1402, 5, 47, Status.SNAKE, 0.01
1403, 8, 58, Status.SNAKE, 0.01
1404, 12, 93, Status.SNAKE, 0.01
1405, 10, 74, Status.SNAKE, 0.01
1406, 11, 80, Status.SNAKE, 0.01
1407, 1, 8, Status.SNAKE, 0.01
1408, 4, 26, Status.WALL, 0.01
1409, 10, 71, Status.WALL, 0.01
1410, 8, 62, Status.SNAKE, 0.01
1411, 12, 92, Status.WALL, 0.01
1412, 8, 41, Status.SNAKE, 0.01
1413, 4, 20, Status.SNAKE, 0.01
1414, 12, 85, Status.SNAKE, 0.01
1415, 19, 115, Status.WALL, 0.01
1416, 2, 14, Status.SNAKE, 0.01
1417, 5, 55, Status.WALL, 0.01
1418, 9, 55, Status.SNAKE, 0.01
1419, 17, 107, Status.SNAKE, 0.01
1420, 9, 65, Status.SNAKE, 0.01
1421, 1, 9, Status.WALL, 0.01
1422, 8, 32, Status.SNAKE, 0.01
1423, 14, 91, Status.SNAKE, 0.01
1424, 8, 44, Status.SNAKE, 0.01
1425, 8, 56, Status.SNAKE, 0.01
1426, 18, 117, Status.WALL, 0.01
1427, 13, 90, Status.SNAKE, 0.01
1428, 14, 77, Status.SNAKE, 0.01
1429, 13, 102, Status.SNAKE, 0.01
1430, 3, 24, Status.WALL, 0.01
1431, 6, 47, Status.SNAKE, 0.01
1432, 16, 110, Status.WALL, 0.01
1433, 2, 20, Status.WALL, 0.01
1434, 1, 5, Status.SNAKE, 0.01
1435, 16, 106, Status.SNAKE, 0.01
1436, 9, 47, Status.SNAKE, 0.01
1437, 12, 69, Status.SNAKE, 0.01
1438, 6, 36, Status.SNAKE, 0.01
1439, 3, 18, Status.WALL, 0.01
1440, 15, 106, Status.SNAKE, 0.01
1441, 13, 94, Status.SNAKE, 0.01
1442, 11, 90, Status.SNAKE, 0.01
1443, 12, 68, Status.WALL, 0.01
1444, 9, 80, Status.SNAKE, 0.01
1445, 19, 131, Status.SNAKE, 0.01
1446, 6, 45, Status.WALL, 0.01
1447, 11, 60, Status.SNAKE, 0.01
1448, 6, 41, Status.WALL, 0.01
1449, 12, 86, Status.SNAKE, 0.01
1450, 10, 53, Status.SNAKE, 0.01
1451, 11, 56, Status.SNAKE, 0.01
1452, 2, 14, Status.WALL, 0.01
1453, 9, 49, Status.WALL, 0.01
1454, 14, 96, Status.SNAKE, 0.01
1455, 11, 87, Status.SNAKE, 0.01
1456, 9, 65, Status.SNAKE, 0.01
1457, 0, 10, Status.WALL, 0.01
1458, 15, 95, Status.WALL, 0.01
1459, 12, 53, Status.SNAKE, 0.01
1460, 4, 19, Status.SNAKE, 0.01
1461, 9, 71, Status.SNAKE, 0.01
1462, 16, 121, Status.SNAKE, 0.01
1463, 13, 105, Status.SNAKE, 0.01
1464, 7, 49, Status.SNAKE, 0.01
1465, 1, 10, Status.WALL, 0.01
1466, 14, 110, Status.SNAKE, 0.01
1467, 6, 53, Status.SNAKE, 0.01
1468, 11, 74, Status.SNAKE, 0.01
1469, 15, 98, Status.WALL, 0.01
1470, 11, 77, Status.WALL, 0.01
1471, 14, 96, Status.SNAKE, 0.01
1472, 16, 104, Status.WALL, 0.01
1473, 14, 93, Status.SNAKE, 0.01
1474, 22, 114, Status.SNAKE, 0.01
1475, 4, 25, Status.SNAKE, 0.01
1476, 12, 81, Status.SNAKE, 0.01
1477, 19, 121, Status.SNAKE, 0.01
1478, 8, 43, Status.SNAKE, 0.01
1479, 14, 96, Status.SNAKE, 0.01
1480, 5, 32, Status.SNAKE, 0.01
1481, 14, 92, Status.SNAKE, 0.01
1482, 6, 52, Status.SNAKE, 0.01
1483, 13, 95, Status.SNAKE, 0.01
1484, 5, 32, Status.SNAKE, 0.01
1485, 11, 92, Status.SNAKE, 0.01
1486, 10, 93, Status.SNAKE, 0.01
1487, 5, 31, Status.SNAKE, 0.01
1488, 5, 27, Status.SNAKE, 0.01
1489, 7, 49, Status.SNAKE, 0.01
1490, 9, 54, Status.WALL, 0.01
1491, 16, 101, Status.SNAKE, 0.01
1492, 1, 5, Status.SNAKE, 0.01
1493, 15, 107, Status.SNAKE, 0.01
1494, 10, 78, Status.SNAKE, 0.01
1495, 4, 33, Status.SNAKE, 0.01
1496, 1, 13, Status.WALL, 0.01
1497, 12, 93, Status.SNAKE, 0.01
1498, 5, 42, Status.WALL, 0.01
1499, 15, 75, Status.SNAKE, 0.01
1500, 8, 74, Status.SNAKE, 0.01
1501, 11, 74, Status.SNAKE, 0.01
1502, 7, 41, Status.SNAKE, 0.01
1503, 15, 90, Status.SNAKE, 0.01
1504, 14, 98, Status.WALL, 0.01
1505, 7, 29, Status.SNAKE, 0.01
1506, 15, 97, Status.SNAKE, 0.01
1507, 9, 67, Status.SNAKE, 0.01
1508, 11, 51, Status.SNAKE, 0.01
1509, 11, 82, Status.SNAKE, 0.01
1510, 2, 24, Status.SNAKE, 0.01
1511, 7, 46, Status.WALL, 0.01
1512, 4, 27, Status.SNAKE, 0.01
1513, 12, 75, Status.SNAKE, 0.01
1514, 7, 71, Status.SNAKE, 0.01
1515, 6, 45, Status.WALL, 0.01
1516, 3, 28, Status.WALL, 0.01
1517, 17, 98, Status.SNAKE, 0.01
1518, 6, 46, Status.SNAKE, 0.01
1519, 9, 84, Status.SNAKE, 0.01
1520, 14, 119, Status.SNAKE, 0.01
1521, 18, 138, Status.SNAKE, 0.01
1522, 9, 44, Status.SNAKE, 0.01
1523, 2, 11, Status.SNAKE, 0.01
1524, 7, 42, Status.SNAKE, 0.01
1525, 18, 124, Status.SNAKE, 0.01
1526, 9, 61, Status.SNAKE, 0.01
1527, 5, 41, Status.SNAKE, 0.01
1528, 10, 66, Status.SNAKE, 0.01
1529, 8, 59, Status.SNAKE, 0.01
1530, 10, 50, Status.SNAKE, 0.01
1531, 11, 75, Status.SNAKE, 0.01
1532, 4, 33, Status.WALL, 0.01
1533, 13, 91, Status.SNAKE, 0.01
1534, 9, 55, Status.SNAKE, 0.01
1535, 8, 67, Status.SNAKE, 0.01
1536, 8, 38, Status.WALL, 0.01
1537, 11, 77, Status.SNAKE, 0.01
1538, 8, 44, Status.SNAKE, 0.01
1539, 7, 37, Status.SNAKE, 0.01
1540, 8, 45, Status.SNAKE, 0.01
1541, 2, 14, Status.WALL, 0.01
1542, 12, 79, Status.SNAKE, 0.01
1543, 14, 88, Status.SNAKE, 0.01
1544, 11, 72, Status.WALL, 0.01
1545, 10, 74, Status.WALL, 0.01
1546, 13, 87, Status.SNAKE, 0.01
1547, 9, 74, Status.SNAKE, 0.01
1548, 9, 60, Status.SNAKE, 0.01
1549, 14, 115, Status.SNAKE, 0.01
1550, 7, 59, Status.SNAKE, 0.01
1551, 5, 33, Status.SNAKE, 0.01
1552, 6, 26, Status.SNAKE, 0.01
1553, 13, 93, Status.WALL, 0.01
1554, 20, 125, Status.SNAKE, 0.01
1555, 4, 14, Status.SNAKE, 0.01
1556, 8, 50, Status.SNAKE, 0.01
1557, 6, 35, Status.SNAKE, 0.01
1558, 11, 62, Status.SNAKE, 0.01
1559, 10, 84, Status.WALL, 0.01
1560, 2, 9, Status.WALL, 0.01
1561, 16, 106, Status.SNAKE, 0.01
1562, 21, 148, Status.SNAKE, 0.01
1563, 2, 10, Status.SNAKE, 0.01
1564, 9, 53, Status.SNAKE, 0.01
1565, 4, 23, Status.SNAKE, 0.01
1566, 9, 44, Status.WALL, 0.01
1567, 13, 95, Status.SNAKE, 0.01
1568, 10, 64, Status.SNAKE, 0.01
1569, 3, 28, Status.SNAKE, 0.01
1570, 6, 37, Status.SNAKE, 0.01
1571, 10, 69, Status.SNAKE, 0.01
1572, 2, 11, Status.SNAKE, 0.01
1573, 15, 125, Status.SNAKE, 0.01
1574, 8, 46, Status.SNAKE, 0.01
1575, 9, 75, Status.SNAKE, 0.01
1576, 1, 5, Status.SNAKE, 0.01
1577, 8, 53, Status.SNAKE, 0.01
1578, 6, 42, Status.SNAKE, 0.01
1579, 12, 89, Status.SNAKE, 0.01
1580, 3, 17, Status.WALL, 0.01
1581, 6, 34, Status.SNAKE, 0.01
1582, 11, 72, Status.SNAKE, 0.01
1583, 3, 27, Status.SNAKE, 0.01
1584, 13, 82, Status.SNAKE, 0.01
1585, 11, 63, Status.SNAKE, 0.01
1586, 13, 83, Status.SNAKE, 0.01
1587, 13, 84, Status.WALL, 0.01
1588, 8, 29, Status.SNAKE, 0.01
1589, 11, 77, Status.SNAKE, 0.01
1590, 4, 20, Status.SNAKE, 0.01
1591, 4, 33, Status.WALL, 0.01
1592, 8, 42, Status.SNAKE, 0.01
1593, 15, 110, Status.SNAKE, 0.01
1594, 8, 48, Status.SNAKE, 0.01
1595, 6, 21, Status.SNAKE, 0.01
1596, 12, 102, Status.SNAKE, 0.01
1597, 12, 59, Status.SNAKE, 0.01
1598, 20, 142, Status.SNAKE, 0.01
1599, 5, 43, Status.SNAKE, 0.01
1600, 6, 44, Status.SNAKE, 0.01
1601, 3, 16, Status.SNAKE, 0.01
1602, 13, 75, Status.SNAKE, 0.01
1603, 12, 80, Status.SNAKE, 0.01
1604, 10, 64, Status.SNAKE, 0.01
1605, 6, 38, Status.WALL, 0.01
1606, 6, 38, Status.SNAKE, 0.01
1607, 5, 35, Status.SNAKE, 0.01
1608, 12, 93, Status.SNAKE, 0.01
1609, 6, 26, Status.SNAKE, 0.01
1610, 8, 59, Status.WALL, 0.01
1611, 12, 94, Status.SNAKE, 0.01
1612, 1, 6, Status.WALL, 0.01
1613, 1, 3, Status.SNAKE, 0.01
1614, 10, 61, Status.SNAKE, 0.01
1615, 10, 77, Status.SNAKE, 0.01
1616, 9, 71, Status.WALL, 0.01
1617, 12, 73, Status.SNAKE, 0.01
1618, 15, 110, Status.SNAKE, 0.01
1619, 13, 107, Status.SNAKE, 0.01
1620, 12, 92, Status.SNAKE, 0.01
1621, 13, 98, Status.SNAKE, 0.01
1622, 12, 82, Status.SNAKE, 0.01
1623, 12, 68, Status.WALL, 0.01
1624, 2, 25, Status.WALL, 0.01
1625, 10, 62, Status.SNAKE, 0.01
1626, 19, 110, Status.SNAKE, 0.01
1627, 5, 28, Status.SNAKE, 0.01
1628, 2, 22, Status.SNAKE, 0.01
1629, 12, 92, Status.SNAKE, 0.01
1630, 1, 7, Status.SNAKE, 0.01
1631, 14, 115, Status.SNAKE, 0.01
1632, 13, 90, Status.SNAKE, 0.01
1633, 8, 31, Status.SNAKE, 0.01
1634, 8, 60, Status.SNAKE, 0.01
1635, 15, 114, Status.SNAKE, 0.01
1636, 4, 29, Status.SNAKE, 0.01
1637, 8, 56, Status.SNAKE, 0.01
1638, 9, 55, Status.SNAKE, 0.01
1639, 12, 90, Status.SNAKE, 0.01
1640, 7, 51, Status.SNAKE, 0.01
1641, 8, 46, Status.SNAKE, 0.01
1642, 5, 26, Status.SNAKE, 0.01
1643, 13, 80, Status.WALL, 0.01
1644, 17, 107, Status.SNAKE, 0.01
1645, 9, 65, Status.SNAKE, 0.01
1646, 13, 67, Status.SNAKE, 0.01
1647, 5, 30, Status.SNAKE, 0.01
1648, 8, 51, Status.SNAKE, 0.01
1649, 5, 47, Status.SNAKE, 0.01
1650, 5, 31, Status.SNAKE, 0.01
1651, 15, 89, Status.SNAKE, 0.01
1652, 10, 85, Status.SNAKE, 0.01
1653, 10, 52, Status.SNAKE, 0.01
1654, 2, 10, Status.WALL, 0.01
1655, 10, 63, Status.SNAKE, 0.01
1656, 5, 33, Status.SNAKE, 0.01
1657, 8, 72, Status.SNAKE, 0.01
1658, 16, 119, Status.SNAKE, 0.01
1659, 12, 81, Status.SNAKE, 0.01
1660, 2, 12, Status.SNAKE, 0.01
1661, 12, 111, Status.SNAKE, 0.01
1662, 4, 25, Status.SNAKE, 0.01
1663, 6, 33, Status.SNAKE, 0.01
1664, 7, 43, Status.SNAKE, 0.01
1665, 7, 46, Status.SNAKE, 0.01
1666, 8, 43, Status.WALL, 0.01
1667, 9, 49, Status.SNAKE, 0.01
1668, 3, 19, Status.SNAKE, 0.01
1669, 13, 95, Status.SNAKE, 0.01
1670, 11, 79, Status.SNAKE, 0.01
1671, 9, 67, Status.SNAKE, 0.01
1672, 7, 38, Status.SNAKE, 0.01
1673, 9, 56, Status.SNAKE, 0.01
1674, 8, 70, Status.SNAKE, 0.01
1675, 6, 37, Status.SNAKE, 0.01
1676, 12, 109, Status.WALL, 0.01
1677, 15, 104, Status.SNAKE, 0.01
1678, 11, 81, Status.WALL, 0.01
1679, 8, 33, Status.SNAKE, 0.01
1680, 8, 56, Status.WALL, 0.01
1681, 13, 84, Status.SNAKE, 0.01
1682, 10, 46, Status.SNAKE, 0.01
1683, 9, 45, Status.WALL, 0.01
1684, 10, 64, Status.SNAKE, 0.01
1685, 11, 60, Status.SNAKE, 0.01
1686, 18, 82, Status.SNAKE, 0.01
1687, 9, 75, Status.SNAKE, 0.01
1688, 9, 53, Status.SNAKE, 0.01
1689, 5, 18, Status.SNAKE, 0.01
1690, 18, 125, Status.SNAKE, 0.01
1691, 2, 14, Status.SNAKE, 0.01
1692, 9, 68, Status.WALL, 0.01
1693, 5, 39, Status.WALL, 0.01
1694, 8, 53, Status.SNAKE, 0.01
1695, 12, 91, Status.WALL, 0.01
1696, 3, 16, Status.SNAKE, 0.01
1697, 5, 34, Status.SNAKE, 0.01
1698, 1, 8, Status.SNAKE, 0.01
1699, 4, 32, Status.SNAKE, 0.01
1700, 4, 17, Status.WALL, 0.01
1701, 8, 32, Status.SNAKE, 0.01
1702, 11, 92, Status.SNAKE, 0.01
1703, 10, 82, Status.SNAKE, 0.01
1704, 11, 77, Status.SNAKE, 0.01
1705, 4, 19, Status.SNAKE, 0.01
1706, 5, 50, Status.SNAKE, 0.01
1707, 11, 56, Status.SNAKE, 0.01
1708, 7, 42, Status.SNAKE, 0.01
1709, 8, 63, Status.SNAKE, 0.01
1710, 10, 66, Status.SNAKE, 0.01
1711, 10, 91, Status.SNAKE, 0.01
1712, 7, 52, Status.WALL, 0.01
1713, 6, 45, Status.SNAKE, 0.01
1714, 10, 66, Status.SNAKE, 0.01
1715, 11, 75, Status.SNAKE, 0.01
1716, 8, 56, Status.SNAKE, 0.01
1717, 16, 118, Status.SNAKE, 0.01
1718, 11, 59, Status.SNAKE, 0.01
1719, 10, 70, Status.WALL, 0.01
1720, 12, 80, Status.SNAKE, 0.01
1721, 5, 26, Status.WALL, 0.01
1722, 11, 68, Status.SNAKE, 0.01
1723, 11, 71, Status.WALL, 0.01
1724, 13, 97, Status.SNAKE, 0.01
1725, 15, 89, Status.SNAKE, 0.01
1726, 14, 123, Status.WALL, 0.01
1727, 9, 53, Status.SNAKE, 0.01
1728, 5, 40, Status.SNAKE, 0.01
1729, 14, 85, Status.SNAKE, 0.01
1730, 8, 43, Status.SNAKE, 0.01
1731, 13, 80, Status.SNAKE, 0.01
1732, 13, 81, Status.SNAKE, 0.01
1733, 7, 50, Status.SNAKE, 0.01
1734, 13, 80, Status.SNAKE, 0.01
1735, 11, 67, Status.SNAKE, 0.01
1736, 11, 77, Status.SNAKE, 0.01
1737, 3, 6, Status.SNAKE, 0.01
1738, 3, 21, Status.WALL, 0.01
1739, 17, 116, Status.WALL, 0.01
1740, 5, 39, Status.SNAKE, 0.01
1741, 11, 60, Status.SNAKE, 0.01
1742, 13, 108, Status.SNAKE, 0.01
1743, 5, 42, Status.SNAKE, 0.01
1744, 13, 79, Status.SNAKE, 0.01
1745, 2, 23, Status.WALL, 0.01
1746, 7, 53, Status.SNAKE, 0.01
1747, 1, 7, Status.SNAKE, 0.01
1748, 5, 35, Status.SNAKE, 0.01
1749, 15, 128, Status.SNAKE, 0.01
1750, 11, 72, Status.SNAKE, 0.01
1751, 15, 122, Status.SNAKE, 0.01
1752, 8, 46, Status.SNAKE, 0.01
1753, 11, 73, Status.WALL, 0.01
1754, 13, 83, Status.SNAKE, 0.01
1755, 4, 25, Status.SNAKE, 0.01
1756, 11, 64, Status.SNAKE, 0.01
1757, 4, 15, Status.SNAKE, 0.01
1758, 10, 57, Status.SNAKE, 0.01
1759, 13, 91, Status.SNAKE, 0.01
1760, 15, 112, Status.SNAKE, 0.01
1761, 12, 98, Status.SNAKE, 0.01
1762, 14, 81, Status.SNAKE, 0.01
1763, 11, 56, Status.WALL, 0.01
1764, 3, 16, Status.SNAKE, 0.01
1765, 12, 66, Status.SNAKE, 0.01
1766, 6, 42, Status.SNAKE, 0.01
1767, 12, 84, Status.SNAKE, 0.01
1768, 4, 26, Status.WALL, 0.01
1769, 10, 65, Status.SNAKE, 0.01
1770, 12, 69, Status.SNAKE, 0.01
1771, 6, 46, Status.SNAKE, 0.01
1772, 3, 21, Status.SNAKE, 0.01
1773, 12, 82, Status.SNAKE, 0.01
1774, 3, 20, Status.SNAKE, 0.01
1775, 6, 37, Status.SNAKE, 0.01
1776, 2, 19, Status.SNAKE, 0.01
1777, 8, 53, Status.SNAKE, 0.01
1778, 9, 65, Status.SNAKE, 0.01
1779, 5, 37, Status.SNAKE, 0.01
1780, 10, 86, Status.SNAKE, 0.01
1781, 15, 87, Status.SNAKE, 0.01
1782, 9, 61, Status.SNAKE, 0.01
1783, 3, 15, Status.SNAKE, 0.01
1784, 16, 103, Status.SNAKE, 0.01
1785, 11, 69, Status.SNAKE, 0.01
1786, 10, 55, Status.SNAKE, 0.01
1787, 14, 100, Status.WALL, 0.01
1788, 8, 66, Status.SNAKE, 0.01
1789, 12, 65, Status.SNAKE, 0.01
1790, 2, 11, Status.SNAKE, 0.01
1791, 7, 60, Status.WALL, 0.01
1792, 13, 87, Status.SNAKE, 0.01
1793, 3, 18, Status.SNAKE, 0.01
1794, 16, 97, Status.SNAKE, 0.01
1795, 8, 55, Status.WALL, 0.01
1796, 11, 77, Status.SNAKE, 0.01
1797, 12, 77, Status.SNAKE, 0.01
1798, 9, 45, Status.SNAKE, 0.01
1799, 5, 26, Status.WALL, 0.01
1800, 6, 30, Status.SNAKE, 0.01
1801, 8, 61, Status.SNAKE, 0.01
1802, 12, 86, Status.WALL, 0.01
1803, 4, 30, Status.SNAKE, 0.01
1804, 10, 53, Status.SNAKE, 0.01
1805, 15, 82, Status.SNAKE, 0.01
1806, 11, 53, Status.SNAKE, 0.01
1807, 4, 28, Status.SNAKE, 0.01
1808, 2, 13, Status.SNAKE, 0.01
1809, 13, 61, Status.SNAKE, 0.01
1810, 3, 25, Status.SNAKE, 0.01
1811, 16, 132, Status.SNAKE, 0.01
1812, 4, 20, Status.SNAKE, 0.01
1813, 3, 21, Status.SNAKE, 0.01
1814, 12, 82, Status.SNAKE, 0.01
1815, 8, 51, Status.SNAKE, 0.01
1816, 11, 83, Status.SNAKE, 0.01
1817, 11, 65, Status.SNAKE, 0.01
1818, 3, 23, Status.SNAKE, 0.01
1819, 7, 47, Status.SNAKE, 0.01
1820, 9, 56, Status.SNAKE, 0.01
1821, 12, 75, Status.SNAKE, 0.01
1822, 9, 68, Status.SNAKE, 0.01
1823, 5, 40, Status.SNAKE, 0.01
1824, 10, 60, Status.SNAKE, 0.01
1825, 9, 67, Status.WALL, 0.01
1826, 7, 43, Status.SNAKE, 0.01
1827, 4, 31, Status.SNAKE, 0.01
1828, 20, 150, Status.SNAKE, 0.01
1829, 11, 114, Status.SNAKE, 0.01
1830, 12, 56, Status.SNAKE, 0.01
1831, 16, 94, Status.SNAKE, 0.01
1832, 7, 43, Status.SNAKE, 0.01
1833, 2, 16, Status.SNAKE, 0.01
1834, 12, 70, Status.SNAKE, 0.01
1835, 5, 28, Status.WALL, 0.01
1836, 4, 39, Status.SNAKE, 0.01
1837, 5, 37, Status.SNAKE, 0.01
1838, 11, 59, Status.SNAKE, 0.01
1839, 1, 12, Status.WALL, 0.01
1840, 10, 54, Status.SNAKE, 0.01
1841, 12, 73, Status.SNAKE, 0.01
1842, 10, 80, Status.SNAKE, 0.01
1843, 2, 15, Status.WALL, 0.01
1844, 3, 26, Status.WALL, 0.01
1845, 3, 23, Status.SNAKE, 0.01
1846, 4, 33, Status.SNAKE, 0.01
1847, 6, 28, Status.WALL, 0.01
1848, 4, 34, Status.SNAKE, 0.01
1849, 18, 124, Status.SNAKE, 0.01
1850, 1, 5, Status.SNAKE, 0.01
1851, 5, 43, Status.SNAKE, 0.01
1852, 13, 93, Status.WALL, 0.01
1853, 8, 59, Status.SNAKE, 0.01
1854, 16, 107, Status.SNAKE, 0.01
1855, 10, 69, Status.SNAKE, 0.01
1856, 4, 34, Status.SNAKE, 0.01
1857, 10, 74, Status.WALL, 0.01
1858, 4, 30, Status.WALL, 0.01
1859, 7, 71, Status.SNAKE, 0.01
1860, 10, 76, Status.SNAKE, 0.01
1861, 12, 83, Status.SNAKE, 0.01
1862, 3, 12, Status.WALL, 0.01
1863, 16, 105, Status.WALL, 0.01
1864, 1, 8, Status.WALL, 0.01
1865, 14, 86, Status.SNAKE, 0.01
1866, 8, 60, Status.SNAKE, 0.01
1867, 11, 63, Status.SNAKE, 0.01
1868, 13, 70, Status.SNAKE, 0.01
1869, 3, 25, Status.SNAKE, 0.01
1870, 3, 25, Status.SNAKE, 0.01
1871, 12, 97, Status.SNAKE, 0.01
1872, 7, 64, Status.SNAKE, 0.01
1873, 19, 132, Status.SNAKE, 0.01
1874, 4, 29, Status.SNAKE, 0.01
1875, 4, 25, Status.SNAKE, 0.01
1876, 3, 42, Status.WALL, 0.01
1877, 18, 139, Status.WALL, 0.01
1878, 9, 58, Status.SNAKE, 0.01
1879, 6, 37, Status.WALL, 0.01
1880, 14, 88, Status.WALL, 0.01
1881, 9, 66, Status.SNAKE, 0.01
1882, 8, 61, Status.SNAKE, 0.01
1883, 9, 59, Status.WALL, 0.01
1884, 7, 43, Status.WALL, 0.01
1885, 11, 71, Status.SNAKE, 0.01
1886, 3, 23, Status.SNAKE, 0.01
1887, 14, 77, Status.SNAKE, 0.01
1888, 7, 52, Status.SNAKE, 0.01
1889, 5, 36, Status.SNAKE, 0.01
1890, 7, 39, Status.SNAKE, 0.01
1891, 9, 54, Status.SNAKE, 0.01
1892, 10, 80, Status.SNAKE, 0.01
1893, 11, 69, Status.WALL, 0.01
1894, 11, 96, Status.SNAKE, 0.01
1895, 13, 95, Status.SNAKE, 0.01
1896, 14, 104, Status.SNAKE, 0.01
1897, 8, 59, Status.SNAKE, 0.01
1898, 9, 54, Status.SNAKE, 0.01
1899, 1, 11, Status.WALL, 0.01
1900, 3, 26, Status.SNAKE, 0.01
1901, 8, 48, Status.SNAKE, 0.01
1902, 3, 15, Status.SNAKE, 0.01
1903, 11, 96, Status.SNAKE, 0.01
1904, 10, 58, Status.SNAKE, 0.01
1905, 5, 33, Status.SNAKE, 0.01
1906, 9, 54, Status.SNAKE, 0.01
1907, 1, 7, Status.SNAKE, 0.01
1908, 4, 31, Status.WALL, 0.01
1909, 8, 53, Status.SNAKE, 0.01
1910, 6, 34, Status.SNAKE, 0.01
1911, 14, 89, Status.SNAKE, 0.01
1912, 5, 40, Status.WALL, 0.01
1913, 5, 43, Status.SNAKE, 0.01
1914, 8, 64, Status.SNAKE, 0.01
1915, 1, 7, Status.SNAKE, 0.01
1916, 22, 145, Status.SNAKE, 0.01
1917, 10, 80, Status.WALL, 0.01
1918, 8, 46, Status.SNAKE, 0.01
1919, 10, 63, Status.SNAKE, 0.01
1920, 20, 142, Status.SNAKE, 0.01
1921, 12, 84, Status.SNAKE, 0.01
1922, 13, 97, Status.SNAKE, 0.01
1923, 9, 56, Status.WALL, 0.01
1924, 7, 57, Status.WALL, 0.01
1925, 8, 54, Status.SNAKE, 0.01
1926, 7, 52, Status.SNAKE, 0.01
1927, 11, 85, Status.SNAKE, 0.01
1928, 7, 48, Status.SNAKE, 0.01
1929, 8, 46, Status.SNAKE, 0.01
1930, 14, 103, Status.SNAKE, 0.01
1931, 17, 118, Status.SNAKE, 0.01
1932, 15, 92, Status.WALL, 0.01
1933, 2, 22, Status.WALL, 0.01
1934, 11, 89, Status.SNAKE, 0.01
1935, 5, 38, Status.SNAKE, 0.01
1936, 2, 14, Status.SNAKE, 0.01
1937, 10, 65, Status.SNAKE, 0.01
1938, 6, 56, Status.SNAKE, 0.01
1939, 13, 68, Status.SNAKE, 0.01
1940, 9, 49, Status.SNAKE, 0.01
1941, 3, 27, Status.SNAKE, 0.01
1942, 7, 53, Status.SNAKE, 0.01
1943, 11, 80, Status.SNAKE, 0.01
1944, 11, 74, Status.WALL, 0.01
1945, 8, 62, Status.SNAKE, 0.01
1946, 7, 50, Status.SNAKE, 0.01
1947, 1, 7, Status.SNAKE, 0.01
1948, 13, 94, Status.SNAKE, 0.01
1949, 7, 49, Status.SNAKE, 0.01
1950, 1, 9, Status.WALL, 0.01
1951, 4, 24, Status.SNAKE, 0.01
1952, 5, 26, Status.SNAKE, 0.01
1953, 16, 110, Status.SNAKE, 0.01
1954, 7, 45, Status.SNAKE, 0.01
1955, 4, 34, Status.SNAKE, 0.01
1956, 8, 58, Status.SNAKE, 0.01
1957, 14, 97, Status.WALL, 0.01
1958, 1, 7, Status.SNAKE, 0.01
1959, 13, 89, Status.SNAKE, 0.01
1960, 6, 31, Status.WALL, 0.01
1961, 4, 24, Status.SNAKE, 0.01
1962, 4, 20, Status.WALL, 0.01
1963, 4, 43, Status.SNAKE, 0.01
1964, 4, 26, Status.SNAKE, 0.01
1965, 8, 72, Status.WALL, 0.01
1966, 8, 36, Status.SNAKE, 0.01
1967, 9, 63, Status.SNAKE, 0.01
1968, 6, 51, Status.SNAKE, 0.01
1969, 3, 15, Status.SNAKE, 0.01
1970, 13, 70, Status.SNAKE, 0.01
1971, 9, 57, Status.SNAKE, 0.01
1972, 2, 18, Status.WALL, 0.01
1973, 5, 37, Status.SNAKE, 0.01
1974, 4, 25, Status.SNAKE, 0.01
1975, 1, 10, Status.WALL, 0.01
1976, 3, 30, Status.SNAKE, 0.01
1977, 12, 73, Status.WALL, 0.01
1978, 5, 35, Status.SNAKE, 0.01
1979, 6, 51, Status.SNAKE, 0.01
1980, 3, 28, Status.SNAKE, 0.01
1981, 5, 37, Status.WALL, 0.01
1982, 2, 17, Status.SNAKE, 0.01
1983, 4, 25, Status.SNAKE, 0.01
1984, 7, 48, Status.SNAKE, 0.01
1985, 6, 41, Status.SNAKE, 0.01
1986, 8, 43, Status.SNAKE, 0.01
1987, 9, 61, Status.SNAKE, 0.01
1988, 6, 45, Status.SNAKE, 0.01
1989, 4, 16, Status.SNAKE, 0.01
1990, 4, 16, Status.SNAKE, 0.01
1991, 15, 112, Status.SNAKE, 0.01
1992, 7, 53, Status.SNAKE, 0.01
1993, 5, 47, Status.SNAKE, 0.01
1994, 1, 5, Status.SNAKE, 0.01
1995, 6, 53, Status.SNAKE, 0.01
1996, 2, 23, Status.WALL, 0.01
1997, 13, 92, Status.SNAKE, 0.01
1998, 14, 90, Status.SNAKE, 0.01
1999, 9, 52, Status.SNAKE, 0.01
2000, 4, 36, Status.SNAKE, 0.01
2001, 2, 12, Status.SNAKE, 0.01
2002, 8, 48, Status.SNAKE, 0.01
2003, 2, 15, Status.SNAKE, 0.01
2004, 12, 85, Status.SNAKE, 0.01
2005, 8, 45, Status.SNAKE, 0.01
2006, 7, 59, Status.SNAKE, 0.01
2007, 10, 60, Status.WALL, 0.01
2008, 12, 98, Status.SNAKE, 0.01
2009, 6, 44, Status.SNAKE, 0.01
2010, 13, 89, Status.SNAKE, 0.01
2011, 9, 44, Status.SNAKE, 0.01
2012, 12, 63, Status.SNAKE, 0.01
2013, 5, 29, Status.SNAKE, 0.01
2014, 12, 87, Status.SNAKE, 0.01
2015, 5, 41, Status.SNAKE, 0.01
2016, 3, 23, Status.SNAKE, 0.01
2017, 11, 97, Status.SNAKE, 0.01
2018, 7, 45, Status.SNAKE, 0.01
2019, 4, 14, Status.SNAKE, 0.01
2020, 10, 76, Status.SNAKE, 0.01
2021, 15, 115, Status.WALL, 0.01
2022, 9, 62, Status.SNAKE, 0.01
2023, 7, 44, Status.SNAKE, 0.01
2024, 2, 18, Status.SNAKE, 0.01
2025, 17, 110, Status.SNAKE, 0.01
2026, 9, 47, Status.SNAKE, 0.01
2027, 10, 87, Status.SNAKE, 0.01
2028, 13, 82, Status.SNAKE, 0.01
2029, 8, 70, Status.SNAKE, 0.01
2030, 3, 19, Status.SNAKE, 0.01
2031, 6, 47, Status.SNAKE, 0.01
2032, 8, 70, Status.SNAKE, 0.01
2033, 7, 37, Status.SNAKE, 0.01
2034, 16, 109, Status.SNAKE, 0.01
2035, 15, 84, Status.WALL, 0.01
2036, 17, 112, Status.SNAKE, 0.01
2037, 9, 62, Status.SNAKE, 0.01
2038, 18, 112, Status.WALL, 0.01
2039, 17, 114, Status.SNAKE, 0.01
2040, 16, 144, Status.SNAKE, 0.01
2041, 9, 55, Status.SNAKE, 0.01
2042, 10, 86, Status.SNAKE, 0.01
2043, 3, 28, Status.SNAKE, 0.01
2044, 5, 33, Status.SNAKE, 0.01
2045, 3, 17, Status.SNAKE, 0.01
2046, 11, 80, Status.SNAKE, 0.01
2047, 10, 71, Status.SNAKE, 0.01
2048, 4, 22, Status.SNAKE, 0.01
2049, 6, 36, Status.SNAKE, 0.01
2050, 8, 58, Status.SNAKE, 0.01
2051, 5, 31, Status.SNAKE, 0.01
2052, 1, 3, Status.SNAKE, 0.01
2053, 6, 47, Status.WALL, 0.01
2054, 4, 24, Status.SNAKE, 0.01
2055, 11, 105, Status.SNAKE, 0.01
2056, 13, 92, Status.SNAKE, 0.01
2057, 3, 21, Status.SNAKE, 0.01
2058, 20, 122, Status.SNAKE, 0.01
2059, 10, 49, Status.SNAKE, 0.01
2060, 9, 70, Status.SNAKE, 0.01
2061, 8, 70, Status.SNAKE, 0.01
2062, 16, 141, Status.WALL, 0.01
2063, 4, 25, Status.SNAKE, 0.01
2064, 7, 46, Status.SNAKE, 0.01
2065, 6, 45, Status.WALL, 0.01
2066, 9, 67, Status.WALL, 0.01
2067, 10, 74, Status.SNAKE, 0.01
2068, 17, 121, Status.SNAKE, 0.01
2069, 6, 31, Status.SNAKE, 0.01
2070, 13, 77, Status.SNAKE, 0.01
2071, 6, 29, Status.SNAKE, 0.01
2072, 4, 20, Status.SNAKE, 0.01
2073, 9, 95, Status.SNAKE, 0.01
2074, 8, 54, Status.SNAKE, 0.01
2075, 6, 43, Status.SNAKE, 0.01
2076, 7, 43, Status.SNAKE, 0.01
2077, 18, 86, Status.SNAKE, 0.01
2078, 9, 54, Status.SNAKE, 0.01
2079, 11, 80, Status.SNAKE, 0.01
2080, 13, 101, Status.SNAKE, 0.01
2081, 7, 48, Status.SNAKE, 0.01
2082, 4, 25, Status.WALL, 0.01
2083, 2, 18, Status.WALL, 0.01
2084, 10, 71, Status.WALL, 0.01
2085, 9, 68, Status.WALL, 0.01
2086, 9, 63, Status.SNAKE, 0.01
2087, 11, 64, Status.SNAKE, 0.01
2088, 7, 58, Status.WALL, 0.01
2089, 7, 38, Status.SNAKE, 0.01
2090, 12, 91, Status.SNAKE, 0.01
2091, 1, 5, Status.SNAKE, 0.01
2092, 3, 16, Status.SNAKE, 0.01
2093, 8, 36, Status.SNAKE, 0.01
2094, 15, 109, Status.SNAKE, 0.01
2095, 9, 72, Status.WALL, 0.01
2096, 8, 43, Status.WALL, 0.01
2097, 1, 6, Status.SNAKE, 0.01
2098, 12, 92, Status.SNAKE, 0.01
2099, 4, 20, Status.WALL, 0.01
2100, 7, 29, Status.SNAKE, 0.01
2101, 6, 40, Status.SNAKE, 0.01
2102, 9, 56, Status.SNAKE, 0.01
2103, 9, 84, Status.WALL, 0.01
2104, 13, 113, Status.SNAKE, 0.01
2105, 13, 106, Status.SNAKE, 0.01
2106, 10, 65, Status.SNAKE, 0.01
2107, 6, 43, Status.SNAKE, 0.01
2108, 1, 8, Status.SNAKE, 0.01
2109, 14, 90, Status.SNAKE, 0.01
2110, 12, 88, Status.WALL, 0.01
2111, 2, 11, Status.WALL, 0.01
2112, 4, 21, Status.SNAKE, 0.01
2113, 4, 29, Status.SNAKE, 0.01
2114, 3, 11, Status.SNAKE, 0.01
2115, 10, 55, Status.SNAKE, 0.01
2116, 10, 41, Status.WALL, 0.01
2117, 4, 15, Status.SNAKE, 0.01
2118, 3, 24, Status.WALL, 0.01
2119, 9, 76, Status.SNAKE, 0.01
2120, 9, 41, Status.SNAKE, 0.01
2121, 10, 66, Status.SNAKE, 0.01
2122, 5, 37, Status.SNAKE, 0.01
2123, 3, 19, Status.SNAKE, 0.01
2124, 15, 102, Status.WALL, 0.01
2125, 5, 35, Status.SNAKE, 0.01
2126, 5, 22, Status.SNAKE, 0.01
2127, 18, 155, Status.SNAKE, 0.01
2128, 9, 64, Status.SNAKE, 0.01
2129, 9, 45, Status.SNAKE, 0.01
2130, 12, 78, Status.SNAKE, 0.01
2131, 8, 49, Status.SNAKE, 0.01
2132, 3, 15, Status.SNAKE, 0.01
2133, 2, 13, Status.SNAKE, 0.01
2134, 7, 24, Status.WALL, 0.01
2135, 5, 42, Status.SNAKE, 0.01
2136, 12, 88, Status.SNAKE, 0.01
2137, 17, 117, Status.SNAKE, 0.01
2138, 11, 83, Status.SNAKE, 0.01
2139, 14, 131, Status.WALL, 0.01
2140, 11, 81, Status.SNAKE, 0.01
2141, 9, 86, Status.SNAKE, 0.01
2142, 5, 30, Status.SNAKE, 0.01
2143, 9, 67, Status.SNAKE, 0.01
2144, 6, 32, Status.WALL, 0.01
2145, 4, 17, Status.SNAKE, 0.01
2146, 6, 58, Status.SNAKE, 0.01
2147, 8, 45, Status.SNAKE, 0.01
2148, 4, 27, Status.SNAKE, 0.01
2149, 3, 37, Status.SNAKE, 0.01
2150, 6, 43, Status.SNAKE, 0.01
2151, 20, 117, Status.WALL, 0.01
2152, 11, 91, Status.SNAKE, 0.01
2153, 6, 48, Status.SNAKE, 0.01
2154, 9, 60, Status.SNAKE, 0.01
2155, 1, 3, Status.SNAKE, 0.01
2156, 7, 34, Status.SNAKE, 0.01
2157, 14, 100, Status.SNAKE, 0.01
2158, 7, 51, Status.SNAKE, 0.01
2159, 12, 86, Status.WALL, 0.01
2160, 9, 46, Status.SNAKE, 0.01
2161, 12, 107, Status.SNAKE, 0.01
2162, 6, 35, Status.SNAKE, 0.01
2163, 16, 136, Status.SNAKE, 0.01
2164, 10, 83, Status.SNAKE, 0.01
2165, 6, 24, Status.SNAKE, 0.01
2166, 5, 31, Status.SNAKE, 0.01
2167, 6, 37, Status.SNAKE, 0.01
2168, 10, 71, Status.SNAKE, 0.01
2169, 9, 42, Status.SNAKE, 0.01
2170, 7, 29, Status.SNAKE, 0.01
2171, 4, 31, Status.SNAKE, 0.01
2172, 7, 50, Status.SNAKE, 0.01
2173, 3, 26, Status.SNAKE, 0.01
2174, 11, 83, Status.SNAKE, 0.01
2175, 4, 22, Status.SNAKE, 0.01
2176, 1, 10, Status.WALL, 0.01
2177, 5, 29, Status.SNAKE, 0.01
2178, 5, 45, Status.SNAKE, 0.01
2179, 14, 118, Status.SNAKE, 0.01
2180, 9, 58, Status.SNAKE, 0.01
2181, 12, 74, Status.SNAKE, 0.01
2182, 6, 49, Status.SNAKE, 0.01
2183, 9, 59, Status.SNAKE, 0.01
2184, 8, 65, Status.SNAKE, 0.01
2185, 1, 6, Status.SNAKE, 0.01
2186, 2, 12, Status.SNAKE, 0.01
2187, 7, 62, Status.SNAKE, 0.01
2188, 8, 62, Status.SNAKE, 0.01
2189, 14, 101, Status.SNAKE, 0.01
2190, 14, 101, Status.SNAKE, 0.01
2191, 9, 47, Status.SNAKE, 0.01
2192, 2, 10, Status.SNAKE, 0.01
2193, 4, 17, Status.SNAKE, 0.01
2194, 8, 45, Status.SNAKE, 0.01
2195, 13, 103, Status.SNAKE, 0.01
2196, 20, 128, Status.WALL, 0.01
2197, 12, 70, Status.SNAKE, 0.01
2198, 9, 58, Status.SNAKE, 0.01
2199, 11, 70, Status.SNAKE, 0.01
2200, 12, 92, Status.SNAKE, 0.01
2201, 13, 112, Status.SNAKE, 0.01
2202, 9, 60, Status.SNAKE, 0.01
2203, 8, 38, Status.SNAKE, 0.01
2204, 12, 99, Status.SNAKE, 0.01
2205, 8, 42, Status.SNAKE, 0.01
2206, 14, 98, Status.SNAKE, 0.01
2207, 4, 24, Status.SNAKE, 0.01
2208, 10, 55, Status.SNAKE, 0.01
2209, 10, 70, Status.SNAKE, 0.01
2210, 1, 5, Status.SNAKE, 0.01
2211, 4, 43, Status.SNAKE, 0.01
2212, 12, 74, Status.SNAKE, 0.01
2213, 6, 41, Status.SNAKE, 0.01
2214, 12, 70, Status.SNAKE, 0.01
2215, 9, 68, Status.SNAKE, 0.01
2216, 9, 79, Status.SNAKE, 0.01
2217, 13, 80, Status.SNAKE, 0.01
2218, 10, 66, Status.SNAKE, 0.01
2219, 7, 55, Status.WALL, 0.01
2220, 9, 65, Status.SNAKE, 0.01
2221, 12, 84, Status.SNAKE, 0.01
2222, 14, 92, Status.SNAKE, 0.01
2223, 10, 68, Status.SNAKE, 0.01
2224, 11, 105, Status.SNAKE, 0.01
2225, 2, 14, Status.SNAKE, 0.01
2226, 5, 21, Status.SNAKE, 0.01
2227, 11, 91, Status.WALL, 0.01
2228, 10, 87, Status.SNAKE, 0.01
2229, 7, 47, Status.SNAKE, 0.01
2230, 11, 75, Status.SNAKE, 0.01
2231, 9, 66, Status.SNAKE, 0.01
2232, 3, 12, Status.SNAKE, 0.01
2233, 9, 82, Status.SNAKE, 0.01
2234, 6, 46, Status.SNAKE, 0.01
2235, 3, 20, Status.SNAKE, 0.01
2236, 2, 22, Status.WALL, 0.01
2237, 19, 89, Status.SNAKE, 0.01
2238, 14, 93, Status.SNAKE, 0.01
2239, 2, 17, Status.SNAKE, 0.01
2240, 13, 94, Status.WALL, 0.01
2241, 7, 44, Status.SNAKE, 0.01
2242, 9, 62, Status.SNAKE, 0.01
2243, 16, 117, Status.SNAKE, 0.01
2244, 8, 48, Status.SNAKE, 0.01
2245, 14, 97, Status.SNAKE, 0.01
2246, 6, 39, Status.SNAKE, 0.01
2247, 14, 104, Status.SNAKE, 0.01
2248, 4, 25, Status.SNAKE, 0.01
2249, 11, 79, Status.SNAKE, 0.01
2250, 3, 19, Status.SNAKE, 0.01
2251, 9, 58, Status.SNAKE, 0.01
2252, 7, 34, Status.WALL, 0.01
2253, 7, 42, Status.WALL, 0.01
2254, 7, 37, Status.SNAKE, 0.01
2255, 8, 68, Status.SNAKE, 0.01
2256, 8, 50, Status.SNAKE, 0.01
2257, 4, 37, Status.WALL, 0.01
2258, 4, 29, Status.SNAKE, 0.01
2259, 1, 3, Status.SNAKE, 0.01
2260, 9, 56, Status.SNAKE, 0.01
2261, 4, 25, Status.SNAKE, 0.01
2262, 9, 42, Status.SNAKE, 0.01
2263, 12, 110, Status.WALL, 0.01
2264, 5, 28, Status.SNAKE, 0.01
2265, 3, 22, Status.WALL, 0.01
2266, 16, 110, Status.SNAKE, 0.01
2267, 11, 59, Status.SNAKE, 0.01
2268, 12, 88, Status.SNAKE, 0.01
2269, 9, 75, Status.SNAKE, 0.01
2270, 10, 77, Status.SNAKE, 0.01
2271, 1, 5, Status.SNAKE, 0.01
2272, 11, 78, Status.SNAKE, 0.01
2273, 7, 59, Status.SNAKE, 0.01
2274, 3, 5, Status.SNAKE, 0.01
2275, 9, 80, Status.SNAKE, 0.01
2276, 14, 103, Status.SNAKE, 0.01
2277, 18, 120, Status.SNAKE, 0.01
2278, 1, 8, Status.SNAKE, 0.01
2279, 14, 131, Status.WALL, 0.01
2280, 10, 62, Status.WALL, 0.01
2281, 8, 46, Status.WALL, 0.01
2282, 1, 3, Status.SNAKE, 0.01
2283, 5, 28, Status.SNAKE, 0.01
2284, 13, 76, Status.WALL, 0.01
2285, 1, 8, Status.SNAKE, 0.01
2286, 8, 38, Status.SNAKE, 0.01
2287, 9, 61, Status.SNAKE, 0.01
2288, 6, 29, Status.SNAKE, 0.01
2289, 2, 12, Status.SNAKE, 0.01
2290, 1, 8, Status.SNAKE, 0.01
2291, 7, 29, Status.SNAKE, 0.01
2292, 8, 58, Status.SNAKE, 0.01
2293, 10, 91, Status.SNAKE, 0.01
2294, 1, 16, Status.WALL, 0.01
2295, 16, 104, Status.SNAKE, 0.01
2296, 14, 79, Status.SNAKE, 0.01
2297, 16, 126, Status.WALL, 0.01
2298, 4, 19, Status.SNAKE, 0.01
2299, 3, 18, Status.SNAKE, 0.01
2300, 9, 44, Status.SNAKE, 0.01
2301, 12, 71, Status.WALL, 0.01
2302, 18, 111, Status.WALL, 0.01
2303, 8, 63, Status.SNAKE, 0.01
2304, 6, 30, Status.SNAKE, 0.01
2305, 15, 112, Status.SNAKE, 0.01
2306, 9, 50, Status.SNAKE, 0.01
2307, 10, 78, Status.SNAKE, 0.01
2308, 7, 42, Status.SNAKE, 0.01
2309, 10, 60, Status.SNAKE, 0.01
2310, 1, 4, Status.SNAKE, 0.01
2311, 6, 35, Status.SNAKE, 0.01
2312, 10, 58, Status.SNAKE, 0.01
2313, 9, 66, Status.WALL, 0.01
2314, 5, 38, Status.SNAKE, 0.01
2315, 6, 40, Status.WALL, 0.01
2316, 7, 28, Status.SNAKE, 0.01
2317, 9, 69, Status.SNAKE, 0.01
2318, 15, 104, Status.SNAKE, 0.01
2319, 3, 13, Status.SNAKE, 0.01
2320, 10, 79, Status.SNAKE, 0.01
2321, 11, 97, Status.WALL, 0.01
2322, 3, 18, Status.SNAKE, 0.01
2323, 2, 15, Status.WALL, 0.01
2324, 10, 76, Status.SNAKE, 0.01
2325, 8, 77, Status.WALL, 0.01
2326, 12, 83, Status.SNAKE, 0.01
2327, 15, 111, Status.SNAKE, 0.01
2328, 10, 92, Status.SNAKE, 0.01
2329, 19, 133, Status.SNAKE, 0.01
2330, 9, 54, Status.SNAKE, 0.01
2331, 13, 90, Status.SNAKE, 0.01
2332, 7, 50, Status.WALL, 0.01
2333, 16, 87, Status.WALL, 0.01
2334, 1, 13, Status.WALL, 0.01
2335, 4, 32, Status.WALL, 0.01
2336, 8, 37, Status.SNAKE, 0.01
2337, 3, 27, Status.WALL, 0.01
2338, 7, 45, Status.WALL, 0.01
2339, 7, 47, Status.SNAKE, 0.01
2340, 11, 70, Status.SNAKE, 0.01
2341, 9, 61, Status.WALL, 0.01
2342, 10, 75, Status.SNAKE, 0.01
2343, 3, 13, Status.SNAKE, 0.01
2344, 13, 103, Status.SNAKE, 0.01
2345, 7, 61, Status.SNAKE, 0.01
2346, 2, 21, Status.SNAKE, 0.01
2347, 9, 61, Status.SNAKE, 0.01
2348, 2, 16, Status.WALL, 0.01
2349, 13, 89, Status.SNAKE, 0.01
2350, 1, 3, Status.SNAKE, 0.01
2351, 8, 67, Status.SNAKE, 0.01
2352, 4, 35, Status.WALL, 0.01
2353, 5, 36, Status.SNAKE, 0.01
2354, 12, 86, Status.SNAKE, 0.01
2355, 1, 8, Status.SNAKE, 0.01
2356, 12, 93, Status.WALL, 0.01
2357, 6, 34, Status.SNAKE, 0.01
2358, 7, 41, Status.WALL, 0.01
2359, 13, 97, Status.SNAKE, 0.01
2360, 11, 78, Status.SNAKE, 0.01
2361, 7, 39, Status.SNAKE, 0.01
2362, 10, 62, Status.SNAKE, 0.01
2363, 13, 83, Status.SNAKE, 0.01
2364, 8, 53, Status.WALL, 0.01
2365, 11, 57, Status.SNAKE, 0.01
2366, 4, 14, Status.SNAKE, 0.01
2367, 8, 57, Status.WALL, 0.01
2368, 16, 151, Status.SNAKE, 0.01
2369, 6, 58, Status.SNAKE, 0.01
2370, 2, 13, Status.SNAKE, 0.01
2371, 9, 65, Status.SNAKE, 0.01
2372, 11, 68, Status.SNAKE, 0.01
2373, 9, 89, Status.SNAKE, 0.01
2374, 2, 26, Status.SNAKE, 0.01
2375, 3, 13, Status.SNAKE, 0.01
2376, 11, 68, Status.WALL, 0.01
2377, 1, 7, Status.SNAKE, 0.01
2378, 13, 88, Status.SNAKE, 0.01
2379, 6, 38, Status.WALL, 0.01
2380, 6, 45, Status.SNAKE, 0.01
2381, 3, 27, Status.WALL, 0.01
2382, 5, 27, Status.SNAKE, 0.01
2383, 9, 65, Status.SNAKE, 0.01
2384, 18, 132, Status.SNAKE, 0.01
2385, 13, 80, Status.SNAKE, 0.01
2386, 7, 48, Status.SNAKE, 0.01
2387, 12, 74, Status.SNAKE, 0.01
2388, 9, 79, Status.SNAKE, 0.01
2389, 2, 20, Status.WALL, 0.01
2390, 9, 74, Status.SNAKE, 0.01
2391, 14, 85, Status.SNAKE, 0.01
2392, 18, 159, Status.SNAKE, 0.01
2393, 9, 58, Status.SNAKE, 0.01
2394, 3, 26, Status.WALL, 0.01
2395, 13, 84, Status.SNAKE, 0.01
2396, 7, 61, Status.SNAKE, 0.01
2397, 11, 72, Status.SNAKE, 0.01
2398, 5, 41, Status.SNAKE, 0.01
2399, 7, 50, Status.SNAKE, 0.01
2400, 11, 78, Status.SNAKE, 0.01
2401, 8, 54, Status.SNAKE, 0.01
2402, 5, 23, Status.SNAKE, 0.01
2403, 13, 100, Status.SNAKE, 0.01
2404, 1, 19, Status.WALL, 0.01
2405, 14, 104, Status.SNAKE, 0.01
2406, 13, 100, Status.SNAKE, 0.01
2407, 3, 17, Status.SNAKE, 0.01
2408, 4, 34, Status.SNAKE, 0.01
2409, 7, 56, Status.SNAKE, 0.01
2410, 10, 62, Status.SNAKE, 0.01
2411, 9, 86, Status.SNAKE, 0.01
2412, 11, 92, Status.SNAKE, 0.01
2413, 15, 108, Status.WALL, 0.01
2414, 14, 104, Status.SNAKE, 0.01
2415, 6, 46, Status.SNAKE, 0.01
2416, 4, 30, Status.WALL, 0.01
2417, 18, 145, Status.SNAKE, 0.01
2418, 11, 79, Status.SNAKE, 0.01
2419, 11, 81, Status.SNAKE, 0.01
2420, 4, 35, Status.SNAKE, 0.01
2421, 3, 18, Status.SNAKE, 0.01
2422, 4, 25, Status.SNAKE, 0.01
2423, 8, 66, Status.SNAKE, 0.01
2424, 12, 113, Status.SNAKE, 0.01
2425, 2, 17, Status.SNAKE, 0.01
2426, 10, 73, Status.SNAKE, 0.01
2427, 3, 15, Status.SNAKE, 0.01
2428, 3, 31, Status.WALL, 0.01
2429, 14, 119, Status.SNAKE, 0.01
2430, 6, 48, Status.SNAKE, 0.01
2431, 9, 73, Status.SNAKE, 0.01
2432, 1, 9, Status.WALL, 0.01
2433, 1, 5, Status.SNAKE, 0.01
2434, 23, 156, Status.SNAKE, 0.01
2435, 13, 108, Status.WALL, 0.01
2436, 10, 88, Status.WALL, 0.01
2437, 1, 3, Status.SNAKE, 0.01
2438, 9, 85, Status.WALL, 0.01
2439, 11, 62, Status.WALL, 0.01
2440, 8, 65, Status.WALL, 0.01
2441, 10, 81, Status.WALL, 0.01
2442, 10, 60, Status.SNAKE, 0.01
2443, 11, 74, Status.SNAKE, 0.01
2444, 10, 72, Status.SNAKE, 0.01
2445, 15, 96, Status.SNAKE, 0.01
2446, 8, 52, Status.SNAKE, 0.01
2447, 3, 33, Status.SNAKE, 0.01
2448, 8, 69, Status.SNAKE, 0.01
2449, 8, 50, Status.SNAKE, 0.01
2450, 2, 19, Status.SNAKE, 0.01
2451, 13, 81, Status.SNAKE, 0.01
2452, 5, 30, Status.WALL, 0.01
2453, 12, 82, Status.WALL, 0.01
2454, 8, 68, Status.WALL, 0.01
2455, 12, 57, Status.WALL, 0.01
2456, 7, 46, Status.SNAKE, 0.01
2457, 2, 10, Status.SNAKE, 0.01
2458, 14, 102, Status.SNAKE, 0.01
2459, 0, 4, Status.WALL, 0.01
2460, 11, 71, Status.SNAKE, 0.01
2461, 10, 55, Status.SNAKE, 0.01
2462, 8, 59, Status.SNAKE, 0.01
2463, 8, 61, Status.WALL, 0.01
2464, 4, 30, Status.WALL, 0.01
2465, 4, 30, Status.SNAKE, 0.01
2466, 1, 3, Status.SNAKE, 0.01
2467, 6, 35, Status.SNAKE, 0.01
2468, 4, 20, Status.WALL, 0.01
2469, 6, 50, Status.SNAKE, 0.01
2470, 11, 65, Status.SNAKE, 0.01
2471, 15, 81, Status.SNAKE, 0.01
2472, 12, 91, Status.SNAKE, 0.01
2473, 8, 49, Status.WALL, 0.01
2474, 15, 97, Status.SNAKE, 0.01
2475, 3, 19, Status.SNAKE, 0.01
2476, 2, 14, Status.SNAKE, 0.01
2477, 5, 21, Status.SNAKE, 0.01
2478, 10, 74, Status.WALL, 0.01
2479, 3, 25, Status.WALL, 0.01
2480, 2, 15, Status.SNAKE, 0.01
2481, 8, 43, Status.SNAKE, 0.01
2482, 13, 78, Status.SNAKE, 0.01
2483, 12, 68, Status.SNAKE, 0.01
2484, 10, 62, Status.WALL, 0.01
2485, 7, 51, Status.SNAKE, 0.01
2486, 13, 87, Status.SNAKE, 0.01
2487, 4, 18, Status.SNAKE, 0.01
2488, 4, 28, Status.SNAKE, 0.01
2489, 17, 116, Status.SNAKE, 0.01
2490, 5, 27, Status.SNAKE, 0.01
2491, 7, 35, Status.SNAKE, 0.01
2492, 11, 79, Status.SNAKE, 0.01
2493, 1, 3, Status.SNAKE, 0.01
2494, 8, 73, Status.SNAKE, 0.01
2495, 1, 7, Status.SNAKE, 0.01
2496, 5, 33, Status.SNAKE, 0.01
2497, 7, 25, Status.SNAKE, 0.01
2498, 2, 20, Status.SNAKE, 0.01
2499, 11, 51, Status.SNAKE, 0.01
2500, 11, 88, Status.SNAKE, 0.01
2501, 7, 52, Status.SNAKE, 0.01
2502, 7, 56, Status.SNAKE, 0.01
2503, 7, 47, Status.SNAKE, 0.01
2504, 15, 106, Status.SNAKE, 0.01
2505, 5, 38, Status.SNAKE, 0.01
2506, 14, 93, Status.SNAKE, 0.01
2507, 7, 61, Status.SNAKE, 0.01
2508, 1, 8, Status.SNAKE, 0.01
2509, 3, 25, Status.SNAKE, 0.01
2510, 11, 100, Status.SNAKE, 0.01
2511, 5, 34, Status.SNAKE, 0.01
2512, 10, 78, Status.SNAKE, 0.01
2513, 3, 33, Status.SNAKE, 0.01
2514, 8, 57, Status.WALL, 0.01
2515, 8, 65, Status.WALL, 0.01
2516, 4, 24, Status.SNAKE, 0.01
2517, 3, 35, Status.SNAKE, 0.01
2518, 6, 33, Status.SNAKE, 0.01
2519, 13, 95, Status.SNAKE, 0.01
2520, 12, 68, Status.SNAKE, 0.01
2521, 8, 43, Status.SNAKE, 0.01
2522, 8, 51, Status.SNAKE, 0.01
2523, 4, 25, Status.SNAKE, 0.01
2524, 18, 122, Status.SNAKE, 0.01
2525, 9, 48, Status.WALL, 0.01
2526, 3, 8, Status.SNAKE, 0.01
2527, 7, 49, Status.WALL, 0.01
2528, 6, 30, Status.WALL, 0.01
2529, 5, 54, Status.WALL, 0.01
2530, 4, 23, Status.SNAKE, 0.01
2531, 6, 31, Status.WALL, 0.01
2532, 3, 30, Status.WALL, 0.01
2533, 16, 82, Status.SNAKE, 0.01
2534, 19, 92, Status.WALL, 0.01
2535, 4, 50, Status.SNAKE, 0.01
2536, 3, 30, Status.WALL, 0.01
2537, 14, 102, Status.SNAKE, 0.01
2538, 15, 124, Status.WALL, 0.01
2539, 9, 75, Status.SNAKE, 0.01
2540, 12, 79, Status.SNAKE, 0.01
2541, 9, 62, Status.SNAKE, 0.01
2542, 2, 21, Status.SNAKE, 0.01
2543, 16, 118, Status.SNAKE, 0.01
2544, 4, 25, Status.SNAKE, 0.01
2545, 11, 71, Status.SNAKE, 0.01
2546, 13, 78, Status.SNAKE, 0.01
2547, 7, 63, Status.SNAKE, 0.01
2548, 7, 59, Status.SNAKE, 0.01
2549, 14, 104, Status.SNAKE, 0.01
2550, 6, 39, Status.WALL, 0.01
2551, 15, 82, Status.SNAKE, 0.01
2552, 3, 25, Status.SNAKE, 0.01
2553, 7, 39, Status.SNAKE, 0.01
2554, 1, 8, Status.SNAKE, 0.01
2555, 7, 32, Status.SNAKE, 0.01
2556, 9, 78, Status.WALL, 0.01
2557, 8, 44, Status.SNAKE, 0.01
2558, 5, 31, Status.SNAKE, 0.01
2559, 11, 73, Status.SNAKE, 0.01
2560, 12, 98, Status.SNAKE, 0.01
2561, 12, 81, Status.WALL, 0.01
2562, 2, 7, Status.WALL, 0.01
2563, 6, 46, Status.SNAKE, 0.01
2564, 6, 60, Status.SNAKE, 0.01
2565, 3, 28, Status.SNAKE, 0.01
2566, 6, 55, Status.SNAKE, 0.01
2567, 1, 5, Status.SNAKE, 0.01
2568, 9, 71, Status.SNAKE, 0.01
2569, 5, 29, Status.SNAKE, 0.01
2570, 10, 70, Status.SNAKE, 0.01
2571, 1, 11, Status.SNAKE, 0.01
2572, 9, 74, Status.SNAKE, 0.01
2573, 3, 24, Status.SNAKE, 0.01
2574, 1, 8, Status.SNAKE, 0.01
2575, 19, 119, Status.SNAKE, 0.01
2576, 14, 105, Status.SNAKE, 0.01
2577, 7, 33, Status.WALL, 0.01
2578, 12, 87, Status.SNAKE, 0.01
2579, 7, 51, Status.WALL, 0.01
2580, 7, 44, Status.SNAKE, 0.01
2581, 7, 50, Status.WALL, 0.01
2582, 4, 36, Status.WALL, 0.01
2583, 1, 10, Status.WALL, 0.01
2584, 12, 77, Status.SNAKE, 0.01
2585, 5, 32, Status.SNAKE, 0.01
2586, 6, 33, Status.SNAKE, 0.01
2587, 6, 34, Status.SNAKE, 0.01
2588, 15, 102, Status.WALL, 0.01
2589, 5, 37, Status.SNAKE, 0.01
2590, 9, 43, Status.SNAKE, 0.01
2591, 5, 38, Status.SNAKE, 0.01
2592, 12, 80, Status.SNAKE, 0.01
2593, 10, 64, Status.SNAKE, 0.01
2594, 10, 72, Status.SNAKE, 0.01
2595, 7, 51, Status.SNAKE, 0.01
2596, 10, 66, Status.SNAKE, 0.01
2597, 6, 65, Status.SNAKE, 0.01
2598, 4, 22, Status.WALL, 0.01
2599, 10, 62, Status.SNAKE, 0.01
2600, 11, 85, Status.SNAKE, 0.01
2601, 6, 35, Status.WALL, 0.01
2602, 1, 15, Status.SNAKE, 0.01
2603, 1, 10, Status.WALL, 0.01
2604, 13, 81, Status.SNAKE, 0.01
2605, 4, 18, Status.SNAKE, 0.01
2606, 7, 46, Status.SNAKE, 0.01
2607, 7, 42, Status.SNAKE, 0.01
2608, 11, 56, Status.SNAKE, 0.01
2609, 2, 8, Status.SNAKE, 0.01
2610, 9, 63, Status.SNAKE, 0.01
2611, 12, 91, Status.SNAKE, 0.01
2612, 6, 40, Status.WALL, 0.01
2613, 6, 48, Status.SNAKE, 0.01
2614, 1, 7, Status.WALL, 0.01
2615, 1, 6, Status.SNAKE, 0.01
2616, 1, 5, Status.SNAKE, 0.01
2617, 3, 26, Status.SNAKE, 0.01
2618, 2, 12, Status.SNAKE, 0.01
2619, 1, 3, Status.SNAKE, 0.01
2620, 12, 112, Status.SNAKE, 0.01
2621, 9, 55, Status.SNAKE, 0.01
2622, 1, 7, Status.SNAKE, 0.01
2623, 19, 140, Status.SNAKE, 0.01
2624, 13, 75, Status.SNAKE, 0.01
2625, 5, 29, Status.SNAKE, 0.01
2626, 5, 32, Status.SNAKE, 0.01
2627, 1, 8, Status.SNAKE, 0.01
2628, 1, 8, Status.SNAKE, 0.01
2629, 4, 35, Status.SNAKE, 0.01
2630, 3, 17, Status.SNAKE, 0.01
2631, 4, 26, Status.SNAKE, 0.01
2632, 3, 11, Status.SNAKE, 0.01
2633, 18, 140, Status.SNAKE, 0.01
2634, 5, 36, Status.SNAKE, 0.01
2635, 8, 63, Status.SNAKE, 0.01
2636, 5, 20, Status.SNAKE, 0.01
2637, 8, 61, Status.SNAKE, 0.01
2638, 2, 20, Status.SNAKE, 0.01
2639, 3, 16, Status.SNAKE, 0.01
2640, 9, 62, Status.SNAKE, 0.01
2641, 5, 28, Status.SNAKE, 0.01
2642, 1, 5, Status.WALL, 0.01
2643, 3, 22, Status.SNAKE, 0.01
2644, 14, 94, Status.WALL, 0.01
2645, 8, 69, Status.SNAKE, 0.01
2646, 1, 9, Status.WALL, 0.01
2647, 13, 97, Status.SNAKE, 0.01
2648, 10, 68, Status.SNAKE, 0.01
2649, 12, 87, Status.SNAKE, 0.01
2650, 2, 24, Status.WALL, 0.01
2651, 10, 85, Status.SNAKE, 0.01
2652, 1, 5, Status.SNAKE, 0.01
2653, 7, 45, Status.SNAKE, 0.01
2654, 1, 10, Status.WALL, 0.01
2655, 2, 18, Status.SNAKE, 0.01
2656, 4, 33, Status.SNAKE, 0.01
2657, 11, 73, Status.SNAKE, 0.01
2658, 4, 22, Status.SNAKE, 0.01
2659, 9, 81, Status.SNAKE, 0.01
2660, 7, 45, Status.SNAKE, 0.01
2661, 12, 64, Status.SNAKE, 0.01
2662, 12, 82, Status.SNAKE, 0.01
2663, 1, 5, Status.SNAKE, 0.01
2664, 18, 119, Status.WALL, 0.01
2665, 4, 23, Status.SNAKE, 0.01
2666, 5, 26, Status.SNAKE, 0.01
2667, 2, 16, Status.SNAKE, 0.01
2668, 4, 31, Status.SNAKE, 0.01
2669, 7, 40, Status.SNAKE, 0.01
2670, 12, 69, Status.SNAKE, 0.01
2671, 10, 78, Status.SNAKE, 0.01
2672, 10, 68, Status.SNAKE, 0.01
2673, 8, 62, Status.SNAKE, 0.01
2674, 13, 82, Status.SNAKE, 0.01
2675, 1, 10, Status.WALL, 0.01
2676, 2, 11, Status.SNAKE, 0.01
2677, 3, 30, Status.SNAKE, 0.01
2678, 13, 83, Status.SNAKE, 0.01
2679, 6, 35, Status.SNAKE, 0.01
2680, 5, 30, Status.SNAKE, 0.01
2681, 1, 5, Status.SNAKE, 0.01
2682, 16, 90, Status.SNAKE, 0.01
2683, 15, 102, Status.SNAKE, 0.01
2684, 8, 58, Status.SNAKE, 0.01
2685, 3, 24, Status.WALL, 0.01
2686, 7, 57, Status.WALL, 0.01
2687, 1, 6, Status.WALL, 0.01
2688, 1, 6, Status.WALL, 0.01
2689, 4, 26, Status.SNAKE, 0.01
2690, 14, 111, Status.SNAKE, 0.01
2691, 6, 34, Status.SNAKE, 0.01
2692, 6, 61, Status.SNAKE, 0.01
2693, 1, 11, Status.SNAKE, 0.01
2694, 10, 66, Status.SNAKE, 0.01
2695, 9, 45, Status.SNAKE, 0.01
2696, 1, 10, Status.WALL, 0.01
2697, 7, 43, Status.SNAKE, 0.01
2698, 16, 82, Status.SNAKE, 0.01
2699, 10, 82, Status.SNAKE, 0.01
2700, 0, 10, Status.WALL, 0.01
2701, 6, 47, Status.SNAKE, 0.01
2702, 11, 74, Status.SNAKE, 0.01
2703, 6, 42, Status.SNAKE, 0.01
2704, 9, 86, Status.SNAKE, 0.01
2705, 8, 73, Status.SNAKE, 0.01
2706, 4, 51, Status.SNAKE, 0.01
2707, 7, 72, Status.SNAKE, 0.01
2708, 4, 46, Status.SNAKE, 0.01
2709, 11, 52, Status.SNAKE, 0.01
2710, 2, 17, Status.SNAKE, 0.01
2711, 3, 16, Status.SNAKE, 0.01
2712, 9, 70, Status.SNAKE, 0.01
2713, 7, 58, Status.SNAKE, 0.01
2714, 16, 128, Status.WALL, 0.01
2715, 3, 30, Status.SNAKE, 0.01
2716, 12, 71, Status.SNAKE, 0.01
2717, 7, 41, Status.SNAKE, 0.01
2718, 12, 103, Status.SNAKE, 0.01
2719, 17, 146, Status.SNAKE, 0.01
2720, 9, 71, Status.SNAKE, 0.01
2721, 4, 13, Status.SNAKE, 0.01
2722, 6, 28, Status.SNAKE, 0.01
2723, 1, 5, Status.SNAKE, 0.01
2724, 11, 66, Status.SNAKE, 0.01
2725, 10, 43, Status.SNAKE, 0.01
2726, 10, 70, Status.SNAKE, 0.01
2727, 9, 45, Status.WALL, 0.01
2728, 3, 23, Status.WALL, 0.01
2729, 9, 59, Status.SNAKE, 0.01
2730, 6, 38, Status.SNAKE, 0.01
2731, 7, 49, Status.SNAKE, 0.01
2732, 3, 24, Status.WALL, 0.01
2733, 6, 50, Status.WALL, 0.01
2734, 9, 53, Status.SNAKE, 0.01
2735, 8, 61, Status.SNAKE, 0.01
2736, 1, 19, Status.SNAKE, 0.01
2737, 10, 58, Status.SNAKE, 0.01
2738, 10, 84, Status.SNAKE, 0.01
2739, 9, 62, Status.SNAKE, 0.01
2740, 10, 80, Status.SNAKE, 0.01
2741, 7, 47, Status.SNAKE, 0.01
2742, 4, 23, Status.SNAKE, 0.01
2743, 7, 69, Status.SNAKE, 0.01
2744, 1, 32, Status.WALL, 0.01
2745, 9, 62, Status.SNAKE, 0.01
2746, 1, 25, Status.SNAKE, 0.01
2747, 5, 36, Status.SNAKE, 0.01
2748, 9, 91, Status.SNAKE, 0.01
2749, 8, 53, Status.SNAKE, 0.01
2750, 8, 39, Status.SNAKE, 0.01
2751, 15, 122, Status.SNAKE, 0.01
2752, 7, 79, Status.SNAKE, 0.01
2753, 4, 25, Status.SNAKE, 0.01
2754, 1, 20, Status.SNAKE, 0.01
2755, 3, 20, Status.SNAKE, 0.01
2756, 1, 3, Status.SNAKE, 0.01
2757, 11, 69, Status.SNAKE, 0.01
2758, 7, 33, Status.SNAKE, 0.01
2759, 3, 19, Status.SNAKE, 0.01
2760, 6, 60, Status.SNAKE, 0.01
2761, 6, 49, Status.WALL, 0.01
2762, 6, 44, Status.WALL, 0.01
2763, 5, 38, Status.SNAKE, 0.01
2764, 11, 82, Status.SNAKE, 0.01
2765, 13, 85, Status.WALL, 0.01
2766, 10, 67, Status.SNAKE, 0.01
2767, 4, 31, Status.SNAKE, 0.01
2768, 1, 9, Status.SNAKE, 0.01
2769, 14, 94, Status.SNAKE, 0.01
2770, 2, 15, Status.SNAKE, 0.01
2771, 5, 30, Status.SNAKE, 0.01
2772, 10, 62, Status.WALL, 0.01
2773, 8, 76, Status.WALL, 0.01
2774, 8, 45, Status.SNAKE, 0.01
2775, 1, 15, Status.WALL, 0.01
2776, 1, 4, Status.SNAKE, 0.01
2777, 3, 22, Status.SNAKE, 0.01
2778, 10, 80, Status.SNAKE, 0.01
2779, 3, 16, Status.SNAKE, 0.01
2780, 4, 25, Status.WALL, 0.01
2781, 7, 39, Status.WALL, 0.01
2782, 3, 16, Status.SNAKE, 0.01
2783, 14, 100, Status.SNAKE, 0.01
2784, 9, 69, Status.SNAKE, 0.01
2785, 9, 72, Status.SNAKE, 0.01
2786, 9, 68, Status.SNAKE, 0.01
2787, 9, 56, Status.WALL, 0.01
2788, 8, 45, Status.WALL, 0.01
2789, 11, 102, Status.SNAKE, 0.01
2790, 7, 33, Status.SNAKE, 0.01
2791, 9, 56, Status.SNAKE, 0.01
2792, 8, 46, Status.SNAKE, 0.01
2793, 8, 64, Status.WALL, 0.01
2794, 3, 18, Status.SNAKE, 0.01
2795, 4, 24, Status.SNAKE, 0.01
2796, 5, 39, Status.SNAKE, 0.01
2797, 8, 51, Status.SNAKE, 0.01
2798, 14, 115, Status.SNAKE, 0.01
2799, 5, 41, Status.SNAKE, 0.01
2800, 10, 76, Status.WALL, 0.01
2801, 13, 90, Status.SNAKE, 0.01
2802, 9, 53, Status.SNAKE, 0.01
2803, 14, 106, Status.SNAKE, 0.01
2804, 2, 22, Status.SNAKE, 0.01
2805, 1, 22, Status.SNAKE, 0.01
2806, 2, 16, Status.SNAKE, 0.01
2807, 6, 50, Status.WALL, 0.01
2808, 6, 43, Status.SNAKE, 0.01
2809, 4, 19, Status.WALL, 0.01
2810, 10, 69, Status.SNAKE, 0.01
2811, 2, 9, Status.WALL, 0.01
2812, 1, 11, Status.WALL, 0.01
2813, 4, 29, Status.SNAKE, 0.01
2814, 16, 111, Status.SNAKE, 0.01
2815, 2, 16, Status.SNAKE, 0.01
2816, 2, 19, Status.SNAKE, 0.01
2817, 6, 34, Status.SNAKE, 0.01
2818, 11, 76, Status.WALL, 0.01
2819, 5, 30, Status.WALL, 0.01
2820, 7, 45, Status.SNAKE, 0.01
2821, 9, 54, Status.SNAKE, 0.01
2822, 2, 18, Status.SNAKE, 0.01
2823, 6, 32, Status.SNAKE, 0.01
2824, 19, 149, Status.SNAKE, 0.01
2825, 14, 97, Status.SNAKE, 0.01
2826, 3, 16, Status.SNAKE, 0.01
2827, 12, 69, Status.SNAKE, 0.01
2828, 7, 41, Status.WALL, 0.01
2829, 6, 54, Status.SNAKE, 0.01
2830, 3, 20, Status.SNAKE, 0.01
2831, 11, 82, Status.SNAKE, 0.01
2832, 9, 75, Status.WALL, 0.01
2833, 3, 15, Status.SNAKE, 0.01
2834, 6, 37, Status.SNAKE, 0.01
2835, 7, 35, Status.SNAKE, 0.01
2836, 9, 52, Status.SNAKE, 0.01
2837, 16, 118, Status.SNAKE, 0.01
2838, 11, 82, Status.WALL, 0.01
2839, 1, 8, Status.SNAKE, 0.01
2840, 2, 6, Status.WALL, 0.01
2841, 9, 76, Status.SNAKE, 0.01
2842, 3, 11, Status.SNAKE, 0.01
2843, 4, 35, Status.WALL, 0.01
2844, 11, 99, Status.SNAKE, 0.01
2845, 3, 8, Status.SNAKE, 0.01
2846, 11, 81, Status.SNAKE, 0.01
2847, 16, 131, Status.SNAKE, 0.01
2848, 5, 33, Status.SNAKE, 0.01
2849, 4, 21, Status.SNAKE, 0.01
2850, 2, 6, Status.SNAKE, 0.01
2851, 17, 115, Status.SNAKE, 0.01
2852, 11, 69, Status.WALL, 0.01
2853, 7, 44, Status.WALL, 0.01
2854, 6, 31, Status.WALL, 0.01
2855, 5, 27, Status.SNAKE, 0.01
2856, 3, 35, Status.SNAKE, 0.01
2857, 10, 51, Status.WALL, 0.01
2858, 1, 3, Status.SNAKE, 0.01
2859, 3, 17, Status.SNAKE, 0.01
2860, 2, 14, Status.WALL, 0.01
2861, 12, 104, Status.SNAKE, 0.01
2862, 9, 63, Status.SNAKE, 0.01
2863, 3, 17, Status.WALL, 0.01
2864, 8, 53, Status.SNAKE, 0.01
2865, 5, 30, Status.SNAKE, 0.01
2866, 7, 57, Status.WALL, 0.01
2867, 2, 13, Status.SNAKE, 0.01
2868, 8, 59, Status.SNAKE, 0.01
2869, 7, 47, Status.SNAKE, 0.01
2870, 11, 81, Status.WALL, 0.01
2871, 5, 43, Status.SNAKE, 0.01
2872, 6, 31, Status.SNAKE, 0.01
2873, 13, 101, Status.SNAKE, 0.01
2874, 13, 117, Status.SNAKE, 0.01
2875, 16, 92, Status.WALL, 0.01
2876, 2, 12, Status.SNAKE, 0.01
2877, 3, 26, Status.SNAKE, 0.01
2878, 15, 92, Status.WALL, 0.01
2879, 12, 90, Status.WALL, 0.01
2880, 5, 35, Status.SNAKE, 0.01
2881, 6, 40, Status.SNAKE, 0.01
2882, 7, 43, Status.SNAKE, 0.01
2883, 6, 34, Status.SNAKE, 0.01
2884, 11, 78, Status.WALL, 0.01
2885, 7, 67, Status.SNAKE, 0.01
2886, 3, 22, Status.WALL, 0.01
2887, 9, 45, Status.SNAKE, 0.01
2888, 14, 118, Status.WALL, 0.01
2889, 11, 58, Status.SNAKE, 0.01
2890, 10, 72, Status.WALL, 0.01
2891, 6, 40, Status.SNAKE, 0.01
2892, 14, 93, Status.WALL, 0.01
2893, 5, 29, Status.SNAKE, 0.01
2894, 4, 23, Status.SNAKE, 0.01
2895, 18, 121, Status.SNAKE, 0.01
2896, 11, 60, Status.SNAKE, 0.01
2897, 6, 40, Status.SNAKE, 0.01
2898, 14, 103, Status.SNAKE, 0.01
2899, 3, 18, Status.SNAKE, 0.01
2900, 9, 52, Status.SNAKE, 0.01
2901, 4, 36, Status.SNAKE, 0.01
2902, 4, 39, Status.SNAKE, 0.01
2903, 6, 45, Status.SNAKE, 0.01
2904, 1, 3, Status.SNAKE, 0.01
2905, 1, 7, Status.SNAKE, 0.01
2906, 5, 18, Status.WALL, 0.01
2907, 15, 82, Status.SNAKE, 0.01
2908, 17, 122, Status.WALL, 0.01
2909, 12, 59, Status.SNAKE, 0.01
2910, 4, 32, Status.SNAKE, 0.01
2911, 6, 56, Status.WALL, 0.01
2912, 7, 69, Status.SNAKE, 0.01
2913, 4, 35, Status.SNAKE, 0.01
2914, 5, 29, Status.SNAKE, 0.01
2915, 9, 62, Status.SNAKE, 0.01
2916, 8, 61, Status.SNAKE, 0.01
2917, 3, 23, Status.SNAKE, 0.01
2918, 6, 54, Status.SNAKE, 0.01
2919, 9, 63, Status.SNAKE, 0.01
2920, 10, 67, Status.WALL, 0.01
2921, 5, 23, Status.SNAKE, 0.01
2922, 8, 73, Status.SNAKE, 0.01
2923, 5, 34, Status.SNAKE, 0.01
2924, 5, 29, Status.SNAKE, 0.01
2925, 11, 74, Status.SNAKE, 0.01
2926, 8, 50, Status.WALL, 0.01
2927, 18, 123, Status.WALL, 0.01
2928, 10, 54, Status.SNAKE, 0.01
2929, 2, 14, Status.SNAKE, 0.01
2930, 11, 78, Status.WALL, 0.01
2931, 1, 7, Status.SNAKE, 0.01
2932, 3, 25, Status.WALL, 0.01
2933, 1, 8, Status.SNAKE, 0.01
2934, 9, 78, Status.SNAKE, 0.01
2935, 5, 26, Status.SNAKE, 0.01
2936, 8, 48, Status.SNAKE, 0.01
2937, 9, 69, Status.SNAKE, 0.01
2938, 10, 59, Status.SNAKE, 0.01
2939, 11, 78, Status.WALL, 0.01
2940, 1, 10, Status.WALL, 0.01
2941, 11, 79, Status.SNAKE, 0.01
2942, 3, 17, Status.SNAKE, 0.01
2943, 8, 50, Status.SNAKE, 0.01
2944, 5, 38, Status.WALL, 0.01
2945, 3, 16, Status.SNAKE, 0.01
2946, 3, 22, Status.SNAKE, 0.01
2947, 5, 43, Status.SNAKE, 0.01
2948, 12, 91, Status.SNAKE, 0.01
2949, 5, 29, Status.SNAKE, 0.01
2950, 10, 76, Status.SNAKE, 0.01
2951, 3, 25, Status.SNAKE, 0.01
2952, 5, 38, Status.WALL, 0.01
2953, 10, 79, Status.SNAKE, 0.01
2954, 15, 98, Status.WALL, 0.01
2955, 15, 125, Status.WALL, 0.01
2956, 3, 17, Status.SNAKE, 0.01
2957, 2, 16, Status.SNAKE, 0.01
2958, 8, 81, Status.SNAKE, 0.01
2959, 4, 34, Status.WALL, 0.01
2960, 2, 14, Status.WALL, 0.01
2961, 4, 25, Status.SNAKE, 0.01
2962, 4, 30, Status.SNAKE, 0.01
2963, 10, 66, Status.WALL, 0.01
2964, 4, 30, Status.SNAKE, 0.01
2965, 3, 16, Status.SNAKE, 0.01
2966, 1, 3, Status.SNAKE, 0.01
2967, 11, 65, Status.WALL, 0.01
2968, 3, 25, Status.SNAKE, 0.01
2969, 7, 53, Status.SNAKE, 0.01
2970, 3, 29, Status.WALL, 0.01
2971, 1, 9, Status.WALL, 0.01
2972, 11, 64, Status.SNAKE, 0.01
2973, 7, 42, Status.SNAKE, 0.01
2974, 6, 48, Status.SNAKE, 0.01
2975, 10, 67, Status.SNAKE, 0.01
2976, 5, 49, Status.SNAKE, 0.01
2977, 22, 153, Status.SNAKE, 0.01
2978, 3, 39, Status.SNAKE, 0.01
2979, 1, 10, Status.SNAKE, 0.01
2980, 7, 40, Status.SNAKE, 0.01
2981, 2, 19, Status.SNAKE, 0.01
2982, 17, 126, Status.SNAKE, 0.01
2983, 9, 68, Status.SNAKE, 0.01
2984, 6, 52, Status.SNAKE, 0.01
2985, 12, 61, Status.SNAKE, 0.01
2986, 9, 57, Status.SNAKE, 0.01
2987, 10, 65, Status.SNAKE, 0.01
2988, 15, 68, Status.WALL, 0.01
2989, 7, 53, Status.SNAKE, 0.01
2990, 15, 99, Status.WALL, 0.01
2991, 6, 61, Status.SNAKE, 0.01
2992, 10, 77, Status.SNAKE, 0.01
2993, 13, 98, Status.SNAKE, 0.01
2994, 8, 44, Status.SNAKE, 0.01
2995, 3, 19, Status.SNAKE, 0.01
2996, 13, 77, Status.SNAKE, 0.01
2997, 10, 69, Status.WALL, 0.01
2998, 7, 67, Status.SNAKE, 0.01
2999, 9, 64, Status.WALL, 0.01
3000, 4, 26, Status.WALL, 0.01
3001, 16, 95, Status.SNAKE, 0.01
3002, 5, 25, Status.SNAKE, 0.01
3003, 12, 80, Status.SNAKE, 0.01
3004, 14, 104, Status.SNAKE, 0.01
3005, 8, 46, Status.SNAKE, 0.01
3006, 3, 18, Status.SNAKE, 0.01
3007, 11, 59, Status.SNAKE, 0.01
3008, 15, 105, Status.SNAKE, 0.01
3009, 6, 38, Status.SNAKE, 0.01
3010, 8, 49, Status.SNAKE, 0.01
3011, 12, 76, Status.WALL, 0.01
3012, 9, 75, Status.WALL, 0.01
3013, 8, 65, Status.SNAKE, 0.01
3014, 6, 45, Status.SNAKE, 0.01
3015, 5, 31, Status.SNAKE, 0.01
3016, 20, 139, Status.SNAKE, 0.01
3017, 13, 87, Status.SNAKE, 0.01
3018, 3, 28, Status.WALL, 0.01
3019, 0, 7, Status.WALL, 0.01
3020, 1, 6, Status.SNAKE, 0.01
3021, 7, 61, Status.SNAKE, 0.01
3022, 11, 61, Status.SNAKE, 0.01
3023, 6, 39, Status.SNAKE, 0.01
3024, 8, 64, Status.SNAKE, 0.01
3025, 1, 7, Status.SNAKE, 0.01
3026, 12, 67, Status.WALL, 0.01
3027, 16, 98, Status.SNAKE, 0.01
3028, 10, 62, Status.SNAKE, 0.01
3029, 7, 45, Status.SNAKE, 0.01
3030, 1, 6, Status.WALL, 0.01
3031, 15, 94, Status.SNAKE, 0.01
3032, 3, 15, Status.SNAKE, 0.01
3033, 12, 71, Status.SNAKE, 0.01
3034, 1, 8, Status.SNAKE, 0.01
3035, 4, 31, Status.SNAKE, 0.01
3036, 12, 64, Status.SNAKE, 0.01
3037, 2, 20, Status.WALL, 0.01
3038, 9, 74, Status.SNAKE, 0.01
3039, 3, 23, Status.SNAKE, 0.01
3040, 12, 83, Status.SNAKE, 0.01
3041, 4, 24, Status.SNAKE, 0.01
3042, 7, 46, Status.SNAKE, 0.01
3043, 10, 69, Status.SNAKE, 0.01
3044, 14, 67, Status.WALL, 0.01
3045, 12, 73, Status.SNAKE, 0.01
3046, 10, 64, Status.SNAKE, 0.01
3047, 10, 59, Status.SNAKE, 0.01
3048, 10, 87, Status.SNAKE, 0.01
3049, 10, 68, Status.SNAKE, 0.01
3050, 10, 63, Status.SNAKE, 0.01
3051, 5, 21, Status.SNAKE, 0.01
3052, 7, 49, Status.SNAKE, 0.01
3053, 18, 146, Status.SNAKE, 0.01
3054, 4, 37, Status.SNAKE, 0.01
3055, 13, 85, Status.SNAKE, 0.01
3056, 5, 33, Status.WALL, 0.01
3057, 14, 105, Status.SNAKE, 0.01
3058, 1, 10, Status.WALL, 0.01
3059, 1, 8, Status.WALL, 0.01
3060, 12, 85, Status.SNAKE, 0.01
3061, 8, 38, Status.SNAKE, 0.01
3062, 8, 36, Status.WALL, 0.01
3063, 10, 89, Status.SNAKE, 0.01
3064, 10, 62, Status.SNAKE, 0.01
3065, 5, 40, Status.SNAKE, 0.01
3066, 8, 62, Status.SNAKE, 0.01
3067, 8, 51, Status.SNAKE, 0.01
3068, 7, 24, Status.SNAKE, 0.01
3069, 6, 38, Status.SNAKE, 0.01
3070, 3, 31, Status.WALL, 0.01
3071, 5, 36, Status.SNAKE, 0.01
3072, 11, 69, Status.SNAKE, 0.01
3073, 7, 40, Status.SNAKE, 0.01
3074, 15, 122, Status.SNAKE, 0.01
3075, 18, 131, Status.SNAKE, 0.01
3076, 14, 107, Status.SNAKE, 0.01
3077, 16, 128, Status.WALL, 0.01
3078, 5, 31, Status.SNAKE, 0.01
3079, 9, 52, Status.SNAKE, 0.01
3080, 11, 39, Status.SNAKE, 0.01
3081, 15, 114, Status.SNAKE, 0.01
3082, 3, 27, Status.WALL, 0.01
3083, 7, 63, Status.SNAKE, 0.01
3084, 9, 61, Status.SNAKE, 0.01
3085, 5, 33, Status.SNAKE, 0.01
3086, 7, 50, Status.SNAKE, 0.01
3087, 1, 7, Status.SNAKE, 0.01
3088, 10, 73, Status.SNAKE, 0.01
3089, 4, 25, Status.WALL, 0.01
3090, 14, 84, Status.SNAKE, 0.01
3091, 11, 73, Status.SNAKE, 0.01
3092, 9, 45, Status.SNAKE, 0.01
3093, 15, 121, Status.SNAKE, 0.01
3094, 12, 87, Status.SNAKE, 0.01
3095, 15, 101, Status.SNAKE, 0.01
3096, 11, 65, Status.SNAKE, 0.01
3097, 8, 71, Status.SNAKE, 0.01
3098, 10, 94, Status.SNAKE, 0.01
3099, 6, 31, Status.SNAKE, 0.01
3100, 16, 117, Status.SNAKE, 0.01
3101, 8, 46, Status.WALL, 0.01
3102, 9, 45, Status.SNAKE, 0.01
3103, 4, 29, Status.SNAKE, 0.01
3104, 5, 32, Status.SNAKE, 0.01
3105, 12, 71, Status.SNAKE, 0.01
3106, 8, 56, Status.WALL, 0.01
3107, 7, 37, Status.SNAKE, 0.01
3108, 9, 64, Status.SNAKE, 0.01
3109, 2, 9, Status.SNAKE, 0.01
3110, 17, 126, Status.SNAKE, 0.01
3111, 1, 7, Status.WALL, 0.01
3112, 7, 44, Status.SNAKE, 0.01
3113, 4, 31, Status.SNAKE, 0.01
3114, 3, 20, Status.SNAKE, 0.01
3115, 7, 48, Status.SNAKE, 0.01
3116, 4, 25, Status.SNAKE, 0.01
3117, 11, 68, Status.SNAKE, 0.01
3118, 1, 3, Status.SNAKE, 0.01
3119, 5, 32, Status.WALL, 0.01
3120, 15, 74, Status.WALL, 0.01
3121, 3, 21, Status.SNAKE, 0.01
3122, 10, 57, Status.WALL, 0.01
3123, 6, 41, Status.SNAKE, 0.01
3124, 7, 38, Status.SNAKE, 0.01
3125, 10, 52, Status.SNAKE, 0.01
3126, 7, 39, Status.SNAKE, 0.01
3127, 10, 66, Status.SNAKE, 0.01
3128, 13, 115, Status.SNAKE, 0.01
3129, 6, 46, Status.SNAKE, 0.01
3130, 8, 72, Status.SNAKE, 0.01
3131, 1, 9, Status.SNAKE, 0.01
3132, 10, 67, Status.SNAKE, 0.01
3133, 10, 68, Status.SNAKE, 0.01
3134, 3, 13, Status.SNAKE, 0.01
3135, 8, 60, Status.WALL, 0.01
3136, 12, 88, Status.SNAKE, 0.01
3137, 12, 85, Status.SNAKE, 0.01
3138, 7, 26, Status.SNAKE, 0.01
3139, 5, 27, Status.SNAKE, 0.01
3140, 8, 32, Status.SNAKE, 0.01
3141, 5, 29, Status.SNAKE, 0.01
3142, 1, 12, Status.WALL, 0.01
3143, 10, 83, Status.SNAKE, 0.01
3144, 1, 7, Status.SNAKE, 0.01
3145, 6, 39, Status.SNAKE, 0.01
3146, 5, 39, Status.SNAKE, 0.01
3147, 3, 46, Status.WALL, 0.01
3148, 5, 42, Status.WALL, 0.01
3149, 6, 35, Status.WALL, 0.01
3150, 10, 45, Status.SNAKE, 0.01
3151, 6, 38, Status.SNAKE, 0.01
3152, 18, 140, Status.SNAKE, 0.01
3153, 9, 75, Status.SNAKE, 0.01
3154, 2, 18, Status.SNAKE, 0.01
3155, 12, 81, Status.SNAKE, 0.01
3156, 6, 36, Status.SNAKE, 0.01
3157, 4, 31, Status.SNAKE, 0.01
3158, 2, 18, Status.SNAKE, 0.01
3159, 3, 21, Status.WALL, 0.01
3160, 15, 99, Status.SNAKE, 0.01
3161, 8, 42, Status.WALL, 0.01
3162, 11, 76, Status.SNAKE, 0.01
3163, 10, 71, Status.WALL, 0.01
3164, 5, 30, Status.SNAKE, 0.01
3165, 15, 93, Status.SNAKE, 0.01
3166, 4, 30, Status.SNAKE, 0.01
3167, 12, 72, Status.SNAKE, 0.01
3168, 6, 36, Status.SNAKE, 0.01
3169, 5, 32, Status.SNAKE, 0.01
3170, 7, 44, Status.SNAKE, 0.01
3171, 9, 70, Status.SNAKE, 0.01
3172, 16, 95, Status.WALL, 0.01
3173, 8, 42, Status.SNAKE, 0.01
3174, 2, 16, Status.WALL, 0.01
3175, 1, 10, Status.WALL, 0.01
3176, 7, 54, Status.WALL, 0.01
3177, 7, 56, Status.SNAKE, 0.01
3178, 7, 42, Status.SNAKE, 0.01
3179, 4, 31, Status.SNAKE, 0.01
3180, 3, 22, Status.SNAKE, 0.01
3181, 7, 36, Status.SNAKE, 0.01
3182, 3, 10, Status.WALL, 0.01
3183, 5, 29, Status.SNAKE, 0.01
3184, 9, 71, Status.SNAKE, 0.01
3185, 1, 3, Status.SNAKE, 0.01
3186, 11, 59, Status.SNAKE, 0.01
3187, 5, 24, Status.SNAKE, 0.01
3188, 8, 65, Status.SNAKE, 0.01
3189, 6, 40, Status.SNAKE, 0.01
3190, 9, 83, Status.SNAKE, 0.01
3191, 14, 109, Status.SNAKE, 0.01
3192, 3, 23, Status.WALL, 0.01
3193, 12, 74, Status.WALL, 0.01
3194, 6, 46, Status.SNAKE, 0.01
3195, 2, 15, Status.SNAKE, 0.01
3196, 4, 29, Status.WALL, 0.01
3197, 7, 48, Status.SNAKE, 0.01
3198, 16, 114, Status.SNAKE, 0.01
3199, 5, 34, Status.SNAKE, 0.01
3200, 8, 56, Status.SNAKE, 0.01
3201, 8, 41, Status.SNAKE, 0.01
3202, 12, 94, Status.SNAKE, 0.01
3203, 8, 66, Status.SNAKE, 0.01
3204, 6, 19, Status.SNAKE, 0.01
3205, 16, 112, Status.SNAKE, 0.01
3206, 3, 15, Status.WALL, 0.01
3207, 12, 85, Status.SNAKE, 0.01
3208, 17, 144, Status.SNAKE, 0.01
3209, 19, 139, Status.SNAKE, 0.01
3210, 21, 139, Status.WALL, 0.01
3211, 7, 51, Status.SNAKE, 0.01
3212, 13, 75, Status.SNAKE, 0.01
3213, 7, 57, Status.SNAKE, 0.01
3214, 6, 44, Status.SNAKE, 0.01
3215, 1, 5, Status.SNAKE, 0.01
3216, 21, 149, Status.SNAKE, 0.01
3217, 2, 15, Status.WALL, 0.01
3218, 10, 77, Status.SNAKE, 0.01
3219, 1, 5, Status.SNAKE, 0.01
3220, 12, 91, Status.SNAKE, 0.01
3221, 8, 56, Status.SNAKE, 0.01
3222, 6, 44, Status.WALL, 0.01
3223, 9, 44, Status.SNAKE, 0.01
3224, 16, 105, Status.SNAKE, 0.01
3225, 23, 165, Status.SNAKE, 0.01
3226, 7, 36, Status.WALL, 0.01
3227, 1, 7, Status.SNAKE, 0.01
3228, 3, 15, Status.WALL, 0.01
3229, 2, 20, Status.WALL, 0.01
3230, 10, 68, Status.SNAKE, 0.01
3231, 7, 40, Status.SNAKE, 0.01
3232, 5, 40, Status.SNAKE, 0.01
3233, 3, 16, Status.SNAKE, 0.01
3234, 18, 135, Status.SNAKE, 0.01
3235, 9, 68, Status.SNAKE, 0.01
3236, 5, 41, Status.SNAKE, 0.01
3237, 4, 20, Status.SNAKE, 0.01
3238, 11, 77, Status.SNAKE, 0.01
3239, 4, 33, Status.SNAKE, 0.01
3240, 1, 10, Status.WALL, 0.01
3241, 12, 74, Status.SNAKE, 0.01
3242, 4, 17, Status.SNAKE, 0.01
3243, 13, 122, Status.SNAKE, 0.01
3244, 9, 56, Status.SNAKE, 0.01
3245, 2, 13, Status.SNAKE, 0.01
3246, 1, 5, Status.SNAKE, 0.01
3247, 4, 26, Status.WALL, 0.01
3248, 12, 76, Status.SNAKE, 0.01
3249, 10, 53, Status.SNAKE, 0.01
3250, 3, 20, Status.WALL, 0.01
3251, 7, 39, Status.SNAKE, 0.01
3252, 4, 21, Status.SNAKE, 0.01
3253, 6, 30, Status.WALL, 0.01
3254, 9, 54, Status.SNAKE, 0.01
3255, 6, 45, Status.SNAKE, 0.01
3256, 5, 36, Status.SNAKE, 0.01
3257, 6, 45, Status.SNAKE, 0.01
3258, 15, 129, Status.SNAKE, 0.01
3259, 11, 66, Status.SNAKE, 0.01
3260, 21, 149, Status.SNAKE, 0.01
3261, 11, 63, Status.SNAKE, 0.01
3262, 8, 50, Status.SNAKE, 0.01
3263, 8, 42, Status.SNAKE, 0.01
3264, 8, 45, Status.SNAKE, 0.01
3265, 7, 35, Status.SNAKE, 0.01
3266, 2, 17, Status.SNAKE, 0.01
3267, 14, 105, Status.SNAKE, 0.01
3268, 6, 28, Status.WALL, 0.01
3269, 9, 42, Status.SNAKE, 0.01
3270, 9, 59, Status.SNAKE, 0.01
3271, 8, 63, Status.SNAKE, 0.01
3272, 5, 37, Status.SNAKE, 0.01
3273, 6, 46, Status.SNAKE, 0.01
3274, 19, 130, Status.SNAKE, 0.01
3275, 8, 45, Status.SNAKE, 0.01
3276, 12, 105, Status.WALL, 0.01
3277, 19, 173, Status.SNAKE, 0.01
3278, 11, 69, Status.SNAKE, 0.01
3279, 15, 101, Status.SNAKE, 0.01
3280, 5, 44, Status.SNAKE, 0.01
3281, 6, 34, Status.SNAKE, 0.01
3282, 2, 10, Status.SNAKE, 0.01
3283, 13, 94, Status.WALL, 0.01
3284, 4, 33, Status.WALL, 0.01
3285, 4, 30, Status.SNAKE, 0.01
3286, 8, 58, Status.SNAKE, 0.01
3287, 12, 87, Status.SNAKE, 0.01
3288, 1, 8, Status.SNAKE, 0.01
3289, 9, 87, Status.WALL, 0.01
3290, 5, 26, Status.SNAKE, 0.01
3291, 11, 79, Status.SNAKE, 0.01
3292, 8, 60, Status.SNAKE, 0.01
3293, 15, 108, Status.SNAKE, 0.01
3294, 14, 121, Status.SNAKE, 0.01
3295, 3, 11, Status.SNAKE, 0.01
3296, 13, 104, Status.SNAKE, 0.01
3297, 10, 56, Status.SNAKE, 0.01
3298, 2, 18, Status.SNAKE, 0.01
3299, 10, 71, Status.SNAKE, 0.01
3300, 7, 51, Status.SNAKE, 0.01
3301, 4, 20, Status.SNAKE, 0.01
3302, 4, 35, Status.SNAKE, 0.01
3303, 13, 98, Status.SNAKE, 0.01
3304, 7, 42, Status.SNAKE, 0.01
3305, 8, 57, Status.SNAKE, 0.01
3306, 9, 57, Status.WALL, 0.01
3307, 4, 27, Status.SNAKE, 0.01
3308, 4, 21, Status.SNAKE, 0.01
3309, 1, 8, Status.WALL, 0.01
3310, 4, 25, Status.SNAKE, 0.01
3311, 2, 8, Status.WALL, 0.01
3312, 11, 98, Status.SNAKE, 0.01
3313, 9, 48, Status.SNAKE, 0.01
3314, 7, 39, Status.SNAKE, 0.01
3315, 4, 29, Status.SNAKE, 0.01
3316, 20, 134, Status.WALL, 0.01
3317, 9, 44, Status.WALL, 0.01
3318, 7, 69, Status.WALL, 0.01
3319, 6, 39, Status.SNAKE, 0.01
3320, 1, 5, Status.SNAKE, 0.01
3321, 5, 31, Status.WALL, 0.01
3322, 19, 143, Status.WALL, 0.01
3323, 7, 59, Status.WALL, 0.01
3324, 10, 61, Status.SNAKE, 0.01
3325, 5, 46, Status.SNAKE, 0.01
3326, 12, 68, Status.SNAKE, 0.01
3327, 13, 84, Status.SNAKE, 0.01
3328, 10, 100, Status.WALL, 0.01
3329, 13, 77, Status.SNAKE, 0.01
3330, 15, 108, Status.SNAKE, 0.01
3331, 3, 29, Status.WALL, 0.01
3332, 3, 10, Status.SNAKE, 0.01
3333, 1, 5, Status.SNAKE, 0.01
3334, 16, 101, Status.SNAKE, 0.01
3335, 9, 63, Status.SNAKE, 0.01
3336, 5, 37, Status.SNAKE, 0.01
3337, 17, 103, Status.SNAKE, 0.01
3338, 12, 66, Status.SNAKE, 0.01
3339, 12, 76, Status.SNAKE, 0.01
3340, 1, 10, Status.WALL, 0.01
3341, 7, 59, Status.WALL, 0.01
3342, 12, 80, Status.WALL, 0.01
3343, 8, 47, Status.SNAKE, 0.01
3344, 2, 13, Status.WALL, 0.01
3345, 11, 45, Status.SNAKE, 0.01
3346, 3, 24, Status.SNAKE, 0.01
3347, 7, 53, Status.SNAKE, 0.01
3348, 14, 80, Status.SNAKE, 0.01
3349, 5, 43, Status.SNAKE, 0.01
3350, 6, 30, Status.SNAKE, 0.01
3351, 13, 84, Status.SNAKE, 0.01
3352, 5, 32, Status.SNAKE, 0.01
3353, 4, 21, Status.SNAKE, 0.01
3354, 8, 54, Status.SNAKE, 0.01
3355, 12, 93, Status.SNAKE, 0.01
3356, 5, 36, Status.SNAKE, 0.01
3357, 18, 103, Status.SNAKE, 0.01
3358, 4, 38, Status.WALL, 0.01
3359, 12, 57, Status.WALL, 0.01
3360, 6, 38, Status.WALL, 0.01
3361, 14, 98, Status.WALL, 0.01
3362, 9, 75, Status.SNAKE, 0.01
3363, 3, 42, Status.WALL, 0.01
3364, 9, 53, Status.SNAKE, 0.01
3365, 19, 124, Status.WALL, 0.01
3366, 2, 8, Status.SNAKE, 0.01
3367, 5, 31, Status.SNAKE, 0.01
3368, 1, 3, Status.SNAKE, 0.01
3369, 8, 43, Status.SNAKE, 0.01
3370, 7, 49, Status.SNAKE, 0.01
3371, 2, 14, Status.SNAKE, 0.01
3372, 11, 74, Status.SNAKE, 0.01
3373, 14, 84, Status.WALL, 0.01
3374, 11, 58, Status.SNAKE, 0.01
3375, 8, 45, Status.SNAKE, 0.01
3376, 13, 101, Status.SNAKE, 0.01
3377, 19, 146, Status.SNAKE, 0.01
3378, 8, 67, Status.SNAKE, 0.01
3379, 1, 8, Status.SNAKE, 0.01
3380, 2, 11, Status.WALL, 0.01
3381, 1, 6, Status.SNAKE, 0.01
3382, 6, 47, Status.SNAKE, 0.01
3383, 7, 48, Status.SNAKE, 0.01
3384, 9, 70, Status.WALL, 0.01
3385, 1, 15, Status.WALL, 0.01
3386, 6, 36, Status.SNAKE, 0.01
3387, 11, 81, Status.SNAKE, 0.01
3388, 1, 5, Status.SNAKE, 0.01
3389, 7, 45, Status.SNAKE, 0.01
3390, 15, 100, Status.SNAKE, 0.01
3391, 17, 142, Status.SNAKE, 0.01
3392, 9, 54, Status.SNAKE, 0.01
3393, 13, 83, Status.SNAKE, 0.01
3394, 5, 28, Status.SNAKE, 0.01
3395, 0, 5, Status.WALL, 0.01
3396, 3, 18, Status.SNAKE, 0.01
3397, 8, 68, Status.SNAKE, 0.01
3398, 7, 50, Status.SNAKE, 0.01
3399, 8, 61, Status.SNAKE, 0.01
3400, 5, 22, Status.SNAKE, 0.01
3401, 6, 21, Status.SNAKE, 0.01
3402, 9, 54, Status.SNAKE, 0.01
3403, 5, 27, Status.SNAKE, 0.01
3404, 9, 77, Status.WALL, 0.01
3405, 17, 96, Status.SNAKE, 0.01
3406, 13, 85, Status.SNAKE, 0.01
3407, 19, 143, Status.SNAKE, 0.01
3408, 1, 6, Status.SNAKE, 0.01
3409, 1, 3, Status.SNAKE, 0.01
3410, 10, 64, Status.WALL, 0.01
3411, 5, 28, Status.WALL, 0.01
3412, 8, 57, Status.SNAKE, 0.01
3413, 9, 59, Status.SNAKE, 0.01
3414, 2, 20, Status.WALL, 0.01
3415, 5, 21, Status.SNAKE, 0.01
3416, 7, 33, Status.SNAKE, 0.01
3417, 15, 116, Status.SNAKE, 0.01
3418, 12, 88, Status.SNAKE, 0.01
3419, 4, 19, Status.WALL, 0.01
3420, 3, 29, Status.SNAKE, 0.01
3421, 6, 32, Status.SNAKE, 0.01
3422, 9, 59, Status.SNAKE, 0.01
3423, 10, 64, Status.WALL, 0.01
3424, 12, 97, Status.SNAKE, 0.01
3425, 14, 136, Status.SNAKE, 0.01
3426, 3, 25, Status.SNAKE, 0.01
3427, 1, 10, Status.WALL, 0.01
3428, 8, 28, Status.WALL, 0.01
3429, 6, 50, Status.SNAKE, 0.01
3430, 14, 94, Status.WALL, 0.01
3431, 7, 51, Status.SNAKE, 0.01
3432, 9, 44, Status.SNAKE, 0.01
3433, 11, 70, Status.SNAKE, 0.01
3434, 12, 86, Status.SNAKE, 0.01
3435, 6, 49, Status.SNAKE, 0.01
3436, 4, 35, Status.SNAKE, 0.01
3437, 4, 34, Status.WALL, 0.01
3438, 11, 85, Status.SNAKE, 0.01
3439, 14, 91, Status.SNAKE, 0.01
3440, 8, 73, Status.SNAKE, 0.01
3441, 10, 55, Status.SNAKE, 0.01
3442, 1, 3, Status.SNAKE, 0.01
3443, 4, 36, Status.SNAKE, 0.01
3444, 9, 56, Status.SNAKE, 0.01
3445, 9, 59, Status.SNAKE, 0.01
3446, 12, 84, Status.SNAKE, 0.01
3447, 15, 120, Status.SNAKE, 0.01
3448, 2, 14, Status.WALL, 0.01
3449, 11, 75, Status.SNAKE, 0.01
3450, 8, 53, Status.SNAKE, 0.01
3451, 6, 45, Status.SNAKE, 0.01
3452, 1, 6, Status.SNAKE, 0.01
3453, 1, 5, Status.SNAKE, 0.01
3454, 4, 21, Status.SNAKE, 0.01
3455, 17, 116, Status.SNAKE, 0.01
3456, 9, 74, Status.SNAKE, 0.01
3457, 5, 34, Status.SNAKE, 0.01
3458, 4, 36, Status.WALL, 0.01
3459, 5, 34, Status.WALL, 0.01
3460, 10, 58, Status.SNAKE, 0.01
3461, 13, 84, Status.WALL, 0.01
3462, 2, 14, Status.WALL, 0.01
3463, 2, 11, Status.SNAKE, 0.01
3464, 10, 79, Status.SNAKE, 0.01
3465, 5, 32, Status.SNAKE, 0.01
3466, 6, 42, Status.WALL, 0.01
3467, 4, 19, Status.SNAKE, 0.01
3468, 10, 50, Status.SNAKE, 0.01
3469, 11, 96, Status.SNAKE, 0.01
3470, 7, 43, Status.SNAKE, 0.01
3471, 8, 54, Status.WALL, 0.01
3472, 1, 10, Status.WALL, 0.01
3473, 7, 36, Status.SNAKE, 0.01
3474, 8, 66, Status.SNAKE, 0.01
3475, 2, 12, Status.SNAKE, 0.01
3476, 10, 52, Status.WALL, 0.01
3477, 7, 54, Status.WALL, 0.01
3478, 2, 22, Status.SNAKE, 0.01
3479, 7, 32, Status.SNAKE, 0.01
3480, 5, 29, Status.SNAKE, 0.01
3481, 1, 10, Status.WALL, 0.01
3482, 12, 89, Status.SNAKE, 0.01
3483, 1, 10, Status.WALL, 0.01
3484, 11, 78, Status.SNAKE, 0.01
3485, 5, 32, Status.SNAKE, 0.01
3486, 6, 42, Status.SNAKE, 0.01
3487, 1, 6, Status.WALL, 0.01
3488, 16, 100, Status.SNAKE, 0.01
3489, 11, 82, Status.WALL, 0.01
3490, 3, 15, Status.SNAKE, 0.01
3491, 7, 51, Status.WALL, 0.01
3492, 5, 31, Status.SNAKE, 0.01
3493, 6, 60, Status.SNAKE, 0.01
3494, 1, 6, Status.SNAKE, 0.01
3495, 8, 60, Status.WALL, 0.01
3496, 9, 62, Status.WALL, 0.01
3497, 8, 50, Status.SNAKE, 0.01
3498, 7, 48, Status.WALL, 0.01
3499, 12, 69, Status.SNAKE, 0.01
3500, 14, 92, Status.SNAKE, 0.01
3501, 8, 60, Status.SNAKE, 0.01
3502, 8, 41, Status.SNAKE, 0.01
3503, 2, 19, Status.WALL, 0.01
3504, 18, 129, Status.SNAKE, 0.01
3505, 7, 64, Status.SNAKE, 0.01
3506, 1, 3, Status.SNAKE, 0.01
3507, 7, 73, Status.WALL, 0.01
3508, 3, 12, Status.WALL, 0.01
3509, 9, 72, Status.SNAKE, 0.01
3510, 6, 38, Status.WALL, 0.01
3511, 8, 34, Status.SNAKE, 0.01
3512, 20, 129, Status.SNAKE, 0.01
3513, 22, 120, Status.WALL, 0.01
3514, 9, 51, Status.SNAKE, 0.01
3515, 13, 91, Status.SNAKE, 0.01
3516, 5, 27, Status.SNAKE, 0.01
3517, 20, 142, Status.SNAKE, 0.01
3518, 9, 48, Status.SNAKE, 0.01
3519, 9, 39, Status.SNAKE, 0.01
3520, 9, 83, Status.SNAKE, 0.01
3521, 6, 44, Status.WALL, 0.01
3522, 11, 83, Status.SNAKE, 0.01
3523, 8, 79, Status.SNAKE, 0.01
3524, 5, 25, Status.SNAKE, 0.01
3525, 4, 23, Status.SNAKE, 0.01
3526, 4, 50, Status.WALL, 0.01
3527, 16, 87, Status.SNAKE, 0.01
3528, 7, 35, Status.SNAKE, 0.01
3529, 3, 24, Status.SNAKE, 0.01
3530, 2, 22, Status.WALL, 0.01
3531, 4, 27, Status.SNAKE, 0.01
3532, 8, 67, Status.SNAKE, 0.01
3533, 3, 21, Status.SNAKE, 0.01
3534, 11, 84, Status.SNAKE, 0.01
3535, 6, 41, Status.SNAKE, 0.01
3536, 9, 82, Status.SNAKE, 0.01
3537, 4, 16, Status.WALL, 0.01
3538, 8, 57, Status.SNAKE, 0.01
3539, 8, 58, Status.SNAKE, 0.01
3540, 14, 114, Status.SNAKE, 0.01
3541, 11, 69, Status.SNAKE, 0.01
3542, 2, 19, Status.SNAKE, 0.01
3543, 10, 79, Status.SNAKE, 0.01
3544, 11, 78, Status.SNAKE, 0.01
3545, 6, 52, Status.WALL, 0.01
3546, 12, 57, Status.SNAKE, 0.01
3547, 18, 138, Status.SNAKE, 0.01
3548, 12, 102, Status.SNAKE, 0.01
3549, 9, 89, Status.SNAKE, 0.01
3550, 17, 132, Status.SNAKE, 0.01
3551, 12, 72, Status.SNAKE, 0.01
3552, 5, 37, Status.WALL, 0.01
3553, 1, 7, Status.WALL, 0.01
3554, 3, 9, Status.SNAKE, 0.01
3555, 5, 33, Status.SNAKE, 0.01
3556, 8, 54, Status.SNAKE, 0.01
3557, 12, 93, Status.SNAKE, 0.01
3558, 4, 41, Status.SNAKE, 0.01
3559, 5, 38, Status.WALL, 0.01
3560, 7, 49, Status.SNAKE, 0.01
3561, 23, 138, Status.SNAKE, 0.01
3562, 8, 66, Status.WALL, 0.01
3563, 14, 108, Status.WALL, 0.01
3564, 9, 58, Status.SNAKE, 0.01
3565, 10, 59, Status.SNAKE, 0.01
3566, 8, 70, Status.WALL, 0.01
3567, 3, 32, Status.WALL, 0.01
3568, 13, 121, Status.SNAKE, 0.01
3569, 16, 107, Status.SNAKE, 0.01
3570, 10, 49, Status.SNAKE, 0.01
3571, 7, 40, Status.SNAKE, 0.01
3572, 10, 76, Status.SNAKE, 0.01
3573, 8, 50, Status.SNAKE, 0.01
3574, 8, 56, Status.SNAKE, 0.01
3575, 7, 43, Status.SNAKE, 0.01
3576, 7, 42, Status.SNAKE, 0.01
3577, 14, 100, Status.SNAKE, 0.01
3578, 4, 23, Status.SNAKE, 0.01
3579, 15, 113, Status.SNAKE, 0.01
3580, 6, 26, Status.SNAKE, 0.01
3581, 16, 128, Status.SNAKE, 0.01
3582, 2, 20, Status.SNAKE, 0.01
3583, 7, 41, Status.SNAKE, 0.01
3584, 3, 26, Status.SNAKE, 0.01
3585, 10, 54, Status.SNAKE, 0.01
3586, 11, 50, Status.SNAKE, 0.01
3587, 10, 66, Status.SNAKE, 0.01
3588, 11, 51, Status.SNAKE, 0.01
3589, 4, 36, Status.SNAKE, 0.01
3590, 5, 33, Status.SNAKE, 0.01
3591, 8, 43, Status.SNAKE, 0.01
3592, 4, 39, Status.SNAKE, 0.01
3593, 15, 90, Status.SNAKE, 0.01
3594, 6, 37, Status.SNAKE, 0.01
3595, 7, 49, Status.SNAKE, 0.01
3596, 12, 69, Status.SNAKE, 0.01
3597, 13, 63, Status.SNAKE, 0.01
3598, 5, 24, Status.SNAKE, 0.01
3599, 7, 53, Status.SNAKE, 0.01
3600, 7, 41, Status.SNAKE, 0.01
3601, 1, 3, Status.SNAKE, 0.01
3602, 5, 26, Status.SNAKE, 0.01
3603, 7, 44, Status.SNAKE, 0.01
3604, 9, 59, Status.SNAKE, 0.01
3605, 1, 7, Status.WALL, 0.01
3606, 6, 43, Status.SNAKE, 0.01
3607, 5, 30, Status.SNAKE, 0.01
3608, 2, 13, Status.SNAKE, 0.01
3609, 7, 52, Status.SNAKE, 0.01
3610, 7, 35, Status.SNAKE, 0.01
3611, 2, 28, Status.WALL, 0.01
3612, 6, 48, Status.SNAKE, 0.01
3613, 16, 112, Status.SNAKE, 0.01
3614, 2, 10, Status.WALL, 0.01
3615, 13, 98, Status.SNAKE, 0.01
3616, 1, 6, Status.SNAKE, 0.01
3617, 7, 69, Status.SNAKE, 0.01
3618, 1, 15, Status.WALL, 0.01
3619, 11, 54, Status.SNAKE, 0.01
3620, 9, 53, Status.SNAKE, 0.01
3621, 3, 22, Status.SNAKE, 0.01
3622, 18, 111, Status.SNAKE, 0.01
3623, 11, 70, Status.SNAKE, 0.01
3624, 13, 85, Status.SNAKE, 0.01
3625, 6, 39, Status.SNAKE, 0.01
3626, 12, 55, Status.SNAKE, 0.01
3627, 8, 46, Status.SNAKE, 0.01
3628, 13, 120, Status.SNAKE, 0.01
3629, 7, 41, Status.SNAKE, 0.01
3630, 3, 22, Status.WALL, 0.01
3631, 12, 87, Status.SNAKE, 0.01
3632, 3, 27, Status.WALL, 0.01
3633, 23, 160, Status.SNAKE, 0.01
3634, 8, 65, Status.SNAKE, 0.01
3635, 4, 30, Status.SNAKE, 0.01
3636, 4, 26, Status.SNAKE, 0.01
3637, 19, 136, Status.SNAKE, 0.01
3638, 6, 35, Status.SNAKE, 0.01
3639, 6, 29, Status.SNAKE, 0.01
3640, 8, 33, Status.SNAKE, 0.01
3641, 9, 62, Status.SNAKE, 0.01
3642, 11, 70, Status.WALL, 0.01
3643, 9, 59, Status.SNAKE, 0.01
3644, 11, 68, Status.SNAKE, 0.01
3645, 8, 63, Status.WALL, 0.01
3646, 5, 22, Status.SNAKE, 0.01
3647, 6, 61, Status.WALL, 0.01
3648, 8, 53, Status.SNAKE, 0.01
3649, 12, 73, Status.WALL, 0.01
3650, 7, 51, Status.SNAKE, 0.01
3651, 3, 19, Status.SNAKE, 0.01
3652, 5, 37, Status.SNAKE, 0.01
3653, 12, 85, Status.SNAKE, 0.01
3654, 0, 5, Status.WALL, 0.01
3655, 9, 75, Status.SNAKE, 0.01
3656, 2, 18, Status.WALL, 0.01
3657, 10, 62, Status.SNAKE, 0.01
3658, 14, 93, Status.SNAKE, 0.01
3659, 12, 74, Status.SNAKE, 0.01
3660, 7, 54, Status.SNAKE, 0.01
3661, 1, 6, Status.WALL, 0.01
3662, 16, 136, Status.SNAKE, 0.01
3663, 6, 48, Status.SNAKE, 0.01
3664, 9, 70, Status.SNAKE, 0.01
3665, 7, 51, Status.SNAKE, 0.01
3666, 9, 56, Status.SNAKE, 0.01
3667, 20, 163, Status.SNAKE, 0.01
3668, 9, 36, Status.SNAKE, 0.01
3669, 8, 63, Status.SNAKE, 0.01
3670, 13, 106, Status.SNAKE, 0.01
3671, 4, 26, Status.SNAKE, 0.01
3672, 9, 71, Status.WALL, 0.01
3673, 5, 43, Status.SNAKE, 0.01
3674, 19, 129, Status.SNAKE, 0.01
3675, 13, 104, Status.SNAKE, 0.01
3676, 14, 84, Status.WALL, 0.01
3677, 11, 66, Status.SNAKE, 0.01
3678, 7, 52, Status.WALL, 0.01
3679, 7, 56, Status.SNAKE, 0.01
3680, 9, 59, Status.SNAKE, 0.01
3681, 3, 22, Status.WALL, 0.01
3682, 12, 79, Status.SNAKE, 0.01
3683, 3, 20, Status.SNAKE, 0.01
3684, 1, 6, Status.WALL, 0.01
3685, 6, 46, Status.SNAKE, 0.01
3686, 1, 6, Status.WALL, 0.01
3687, 13, 98, Status.SNAKE, 0.01
3688, 8, 64, Status.SNAKE, 0.01
3689, 7, 41, Status.SNAKE, 0.01
3690, 5, 28, Status.SNAKE, 0.01
3691, 3, 16, Status.SNAKE, 0.01
3692, 6, 43, Status.WALL, 0.01
3693, 9, 52, Status.SNAKE, 0.01
3694, 14, 118, Status.SNAKE, 0.01
3695, 16, 123, Status.WALL, 0.01
3696, 3, 37, Status.SNAKE, 0.01
3697, 5, 44, Status.SNAKE, 0.01
3698, 6, 39, Status.WALL, 0.01
3699, 15, 105, Status.SNAKE, 0.01
3700, 5, 40, Status.SNAKE, 0.01
3701, 9, 73, Status.SNAKE, 0.01
3702, 4, 25, Status.SNAKE, 0.01
3703, 7, 34, Status.SNAKE, 0.01
3704, 7, 51, Status.SNAKE, 0.01
3705, 1, 3, Status.SNAKE, 0.01
3706, 2, 17, Status.WALL, 0.01
3707, 14, 103, Status.SNAKE, 0.01
3708, 4, 26, Status.SNAKE, 0.01
3709, 7, 44, Status.SNAKE, 0.01
3710, 12, 104, Status.SNAKE, 0.01
3711, 15, 108, Status.SNAKE, 0.01
3712, 7, 37, Status.SNAKE, 0.01
3713, 14, 101, Status.SNAKE, 0.01
3714, 18, 122, Status.SNAKE, 0.01
3715, 9, 62, Status.WALL, 0.01
3716, 3, 17, Status.WALL, 0.01
3717, 7, 33, Status.SNAKE, 0.01
3718, 14, 105, Status.SNAKE, 0.01
3719, 16, 104, Status.SNAKE, 0.01
3720, 2, 18, Status.WALL, 0.01
3721, 3, 20, Status.SNAKE, 0.01
3722, 10, 76, Status.WALL, 0.01
3723, 8, 45, Status.WALL, 0.01
3724, 7, 32, Status.WALL, 0.01
3725, 8, 66, Status.SNAKE, 0.01
3726, 12, 107, Status.SNAKE, 0.01
3727, 9, 82, Status.SNAKE, 0.01
3728, 12, 72, Status.WALL, 0.01
3729, 10, 65, Status.SNAKE, 0.01
3730, 7, 51, Status.SNAKE, 0.01
3731, 17, 124, Status.SNAKE, 0.01
3732, 12, 65, Status.SNAKE, 0.01
3733, 8, 57, Status.SNAKE, 0.01
3734, 17, 131, Status.SNAKE, 0.01
3735, 7, 48, Status.SNAKE, 0.01
3736, 5, 30, Status.SNAKE, 0.01
3737, 6, 30, Status.SNAKE, 0.01
3738, 6, 38, Status.SNAKE, 0.01
3739, 5, 42, Status.SNAKE, 0.01
3740, 9, 51, Status.SNAKE, 0.01
3741, 11, 67, Status.SNAKE, 0.01
3742, 12, 113, Status.WALL, 0.01
3743, 12, 84, Status.SNAKE, 0.01
3744, 0, 6, Status.WALL, 0.01
3745, 7, 54, Status.SNAKE, 0.01
3746, 11, 80, Status.WALL, 0.01
3747, 5, 36, Status.WALL, 0.01
3748, 7, 45, Status.SNAKE, 0.01
3749, 9, 54, Status.WALL, 0.01
3750, 6, 50, Status.WALL, 0.01
3751, 4, 31, Status.SNAKE, 0.01
3752, 7, 38, Status.WALL, 0.01
3753, 6, 26, Status.SNAKE, 0.01
3754, 1, 5, Status.SNAKE, 0.01
3755, 12, 96, Status.WALL, 0.01
3756, 10, 66, Status.WALL, 0.01
3757, 17, 111, Status.SNAKE, 0.01
3758, 3, 19, Status.SNAKE, 0.01
3759, 8, 47, Status.SNAKE, 0.01
3760, 7, 52, Status.WALL, 0.01
3761, 8, 49, Status.SNAKE, 0.01
3762, 13, 100, Status.SNAKE, 0.01
3763, 5, 50, Status.SNAKE, 0.01
3764, 7, 46, Status.SNAKE, 0.01
3765, 10, 68, Status.SNAKE, 0.01
3766, 15, 107, Status.SNAKE, 0.01
3767, 4, 36, Status.SNAKE, 0.01
3768, 9, 76, Status.SNAKE, 0.01
3769, 11, 85, Status.SNAKE, 0.01
3770, 3, 15, Status.SNAKE, 0.01
3771, 9, 59, Status.SNAKE, 0.01
3772, 4, 22, Status.SNAKE, 0.01
3773, 7, 40, Status.SNAKE, 0.01
3774, 19, 120, Status.SNAKE, 0.01
3775, 7, 54, Status.SNAKE, 0.01
3776, 1, 3, Status.SNAKE, 0.01
3777, 4, 29, Status.WALL, 0.01
3778, 5, 39, Status.SNAKE, 0.01
3779, 8, 42, Status.SNAKE, 0.01
3780, 7, 41, Status.SNAKE, 0.01
3781, 9, 60, Status.SNAKE, 0.01
3782, 12, 93, Status.SNAKE, 0.01
3783, 6, 41, Status.SNAKE, 0.01
3784, 2, 21, Status.SNAKE, 0.01
3785, 1, 10, Status.WALL, 0.01
3786, 14, 106, Status.SNAKE, 0.01
3787, 8, 65, Status.SNAKE, 0.01
3788, 13, 80, Status.SNAKE, 0.01
3789, 8, 41, Status.WALL, 0.01
3790, 3, 25, Status.SNAKE, 0.01
3791, 8, 60, Status.WALL, 0.01
3792, 12, 84, Status.SNAKE, 0.01
3793, 8, 55, Status.SNAKE, 0.01
3794, 9, 56, Status.SNAKE, 0.01
3795, 8, 68, Status.SNAKE, 0.01
3796, 8, 45, Status.SNAKE, 0.01
3797, 14, 109, Status.SNAKE, 0.01
3798, 6, 42, Status.SNAKE, 0.01
3799, 3, 23, Status.SNAKE, 0.01
3800, 10, 53, Status.SNAKE, 0.01
3801, 10, 96, Status.SNAKE, 0.01
3802, 2, 10, Status.SNAKE, 0.01
3803, 25, 164, Status.SNAKE, 0.01
3804, 5, 37, Status.SNAKE, 0.01
3805, 11, 96, Status.SNAKE, 0.01
3806, 3, 21, Status.SNAKE, 0.01
3807, 2, 15, Status.SNAKE, 0.01
3808, 14, 78, Status.SNAKE, 0.01
3809, 15, 120, Status.SNAKE, 0.01
3810, 7, 63, Status.SNAKE, 0.01
3811, 1, 6, Status.SNAKE, 0.01
3812, 5, 33, Status.SNAKE, 0.01
3813, 11, 72, Status.WALL, 0.01
3814, 1, 10, Status.WALL, 0.01
3815, 9, 42, Status.SNAKE, 0.01
3816, 4, 24, Status.SNAKE, 0.01
3817, 6, 47, Status.WALL, 0.01
3818, 7, 49, Status.WALL, 0.01
3819, 5, 30, Status.SNAKE, 0.01
3820, 13, 73, Status.SNAKE, 0.01
3821, 21, 113, Status.SNAKE, 0.01
3822, 8, 44, Status.SNAKE, 0.01
3823, 15, 110, Status.SNAKE, 0.01
3824, 9, 48, Status.SNAKE, 0.01
3825, 5, 26, Status.SNAKE, 0.01
3826, 15, 101, Status.SNAKE, 0.01
3827, 7, 44, Status.WALL, 0.01
3828, 1, 3, Status.SNAKE, 0.01
3829, 9, 50, Status.SNAKE, 0.01
3830, 5, 24, Status.SNAKE, 0.01
3831, 2, 25, Status.WALL, 0.01
3832, 17, 124, Status.SNAKE, 0.01
3833, 1, 8, Status.SNAKE, 0.01
3834, 3, 15, Status.SNAKE, 0.01
3835, 14, 73, Status.SNAKE, 0.01
3836, 10, 69, Status.SNAKE, 0.01
3837, 7, 47, Status.WALL, 0.01
3838, 8, 40, Status.SNAKE, 0.01
3839, 12, 91, Status.WALL, 0.01
3840, 11, 76, Status.SNAKE, 0.01
3841, 10, 79, Status.SNAKE, 0.01
3842, 11, 86, Status.WALL, 0.01
3843, 1, 5, Status.SNAKE, 0.01
3844, 4, 18, Status.SNAKE, 0.01
3845, 6, 55, Status.SNAKE, 0.01
3846, 9, 72, Status.SNAKE, 0.01
3847, 11, 79, Status.SNAKE, 0.01
3848, 11, 78, Status.SNAKE, 0.01
3849, 11, 96, Status.SNAKE, 0.01
3850, 13, 96, Status.SNAKE, 0.01
3851, 18, 121, Status.SNAKE, 0.01
3852, 12, 68, Status.WALL, 0.01
3853, 4, 19, Status.WALL, 0.01
3854, 1, 4, Status.WALL, 0.01
3855, 12, 70, Status.SNAKE, 0.01
3856, 2, 10, Status.SNAKE, 0.01
3857, 3, 30, Status.WALL, 0.01
3858, 5, 36, Status.SNAKE, 0.01
3859, 11, 88, Status.WALL, 0.01
3860, 1, 10, Status.WALL, 0.01
3861, 4, 54, Status.SNAKE, 0.01
3862, 10, 76, Status.WALL, 0.01
3863, 4, 40, Status.SNAKE, 0.01
3864, 1, 6, Status.SNAKE, 0.01
3865, 3, 28, Status.WALL, 0.01
3866, 10, 62, Status.SNAKE, 0.01
3867, 6, 45, Status.SNAKE, 0.01
3868, 15, 95, Status.SNAKE, 0.01
3869, 7, 55, Status.WALL, 0.01
3870, 1, 13, Status.WALL, 0.01
3871, 15, 94, Status.SNAKE, 0.01
3872, 9, 46, Status.SNAKE, 0.01
3873, 1, 16, Status.SNAKE, 0.01
3874, 12, 94, Status.SNAKE, 0.01
3875, 12, 105, Status.SNAKE, 0.01
3876, 1, 8, Status.SNAKE, 0.01
3877, 11, 71, Status.SNAKE, 0.01
3878, 13, 79, Status.SNAKE, 0.01
3879, 11, 64, Status.SNAKE, 0.01
3880, 8, 43, Status.SNAKE, 0.01
3881, 7, 45, Status.SNAKE, 0.01
3882, 9, 64, Status.SNAKE, 0.01
3883, 12, 74, Status.SNAKE, 0.01
3884, 7, 41, Status.SNAKE, 0.01
3885, 2, 18, Status.SNAKE, 0.01
3886, 11, 75, Status.SNAKE, 0.01
3887, 5, 29, Status.SNAKE, 0.01
3888, 12, 88, Status.SNAKE, 0.01
3889, 6, 45, Status.WALL, 0.01
3890, 5, 27, Status.SNAKE, 0.01
3891, 2, 9, Status.SNAKE, 0.01
3892, 10, 76, Status.SNAKE, 0.01
3893, 3, 15, Status.SNAKE, 0.01
3894, 7, 47, Status.SNAKE, 0.01
3895, 16, 118, Status.SNAKE, 0.01
3896, 2, 20, Status.SNAKE, 0.01
3897, 15, 97, Status.SNAKE, 0.01
3898, 17, 109, Status.SNAKE, 0.01
3899, 9, 70, Status.SNAKE, 0.01
3900, 9, 65, Status.SNAKE, 0.01
3901, 7, 46, Status.SNAKE, 0.01
3902, 11, 74, Status.SNAKE, 0.01
3903, 15, 95, Status.WALL, 0.01
3904, 11, 78, Status.WALL, 0.01
3905, 2, 13, Status.SNAKE, 0.01
3906, 5, 52, Status.SNAKE, 0.01
3907, 7, 60, Status.SNAKE, 0.01
3908, 2, 17, Status.WALL, 0.01
3909, 2, 8, Status.SNAKE, 0.01
3910, 1, 7, Status.WALL, 0.01
3911, 18, 110, Status.WALL, 0.01
3912, 9, 46, Status.SNAKE, 0.01
3913, 5, 33, Status.SNAKE, 0.01
3914, 13, 77, Status.SNAKE, 0.01
3915, 7, 44, Status.SNAKE, 0.01
3916, 15, 70, Status.SNAKE, 0.01
3917, 7, 55, Status.SNAKE, 0.01
3918, 3, 30, Status.SNAKE, 0.01
3919, 10, 59, Status.SNAKE, 0.01
3920, 5, 32, Status.SNAKE, 0.01
3921, 14, 84, Status.SNAKE, 0.01
3922, 10, 59, Status.SNAKE, 0.01
3923, 8, 65, Status.SNAKE, 0.01
3924, 14, 114, Status.SNAKE, 0.01
3925, 11, 77, Status.SNAKE, 0.01
3926, 13, 75, Status.SNAKE, 0.01
3927, 5, 36, Status.SNAKE, 0.01
3928, 11, 71, Status.SNAKE, 0.01
3929, 6, 30, Status.WALL, 0.01
3930, 7, 44, Status.SNAKE, 0.01
3931, 12, 68, Status.SNAKE, 0.01
3932, 10, 50, Status.SNAKE, 0.01
3933, 8, 52, Status.SNAKE, 0.01
3934, 7, 53, Status.WALL, 0.01
3935, 17, 105, Status.SNAKE, 0.01
3936, 2, 22, Status.WALL, 0.01
3937, 6, 45, Status.SNAKE, 0.01
3938, 14, 98, Status.SNAKE, 0.01
3939, 4, 28, Status.WALL, 0.01
3940, 5, 31, Status.SNAKE, 0.01
3941, 5, 18, Status.SNAKE, 0.01
3942, 14, 93, Status.SNAKE, 0.01
3943, 6, 41, Status.SNAKE, 0.01
3944, 15, 93, Status.SNAKE, 0.01
3945, 6, 36, Status.WALL, 0.01
3946, 2, 15, Status.SNAKE, 0.01
3947, 11, 55, Status.SNAKE, 0.01
3948, 6, 32, Status.SNAKE, 0.01
3949, 11, 93, Status.SNAKE, 0.01
3950, 5, 26, Status.SNAKE, 0.01
3951, 6, 32, Status.SNAKE, 0.01
3952, 5, 57, Status.SNAKE, 0.01
3953, 5, 36, Status.SNAKE, 0.01
3954, 21, 163, Status.SNAKE, 0.01
3955, 5, 37, Status.SNAKE, 0.01
3956, 2, 19, Status.SNAKE, 0.01
3957, 20, 134, Status.SNAKE, 0.01
3958, 12, 84, Status.SNAKE, 0.01
3959, 13, 93, Status.WALL, 0.01
3960, 6, 33, Status.SNAKE, 0.01
3961, 8, 70, Status.SNAKE, 0.01
3962, 4, 21, Status.SNAKE, 0.01
3963, 9, 47, Status.SNAKE, 0.01
3964, 18, 139, Status.SNAKE, 0.01
3965, 4, 21, Status.SNAKE, 0.01
3966, 8, 65, Status.SNAKE, 0.01
3967, 11, 71, Status.SNAKE, 0.01
3968, 3, 19, Status.SNAKE, 0.01
3969, 11, 76, Status.WALL, 0.01
3970, 15, 127, Status.SNAKE, 0.01
3971, 9, 71, Status.SNAKE, 0.01
3972, 6, 29, Status.SNAKE, 0.01
3973, 12, 74, Status.WALL, 0.01
3974, 1, 9, Status.WALL, 0.01
3975, 3, 24, Status.WALL, 0.01
3976, 7, 36, Status.SNAKE, 0.01
3977, 6, 29, Status.SNAKE, 0.01
3978, 14, 101, Status.SNAKE, 0.01
3979, 15, 89, Status.SNAKE, 0.01
3980, 5, 39, Status.SNAKE, 0.01
3981, 5, 39, Status.SNAKE, 0.01
3982, 10, 71, Status.SNAKE, 0.01
3983, 16, 132, Status.WALL, 0.01
3984, 16, 109, Status.SNAKE, 0.01
3985, 11, 81, Status.SNAKE, 0.01
3986, 5, 36, Status.SNAKE, 0.01
3987, 5, 33, Status.SNAKE, 0.01
3988, 17, 136, Status.SNAKE, 0.01
3989, 9, 41, Status.SNAKE, 0.01
3990, 22, 176, Status.SNAKE, 0.01
3991, 9, 65, Status.SNAKE, 0.01
3992, 10, 70, Status.SNAKE, 0.01
3993, 10, 58, Status.SNAKE, 0.01
3994, 5, 24, Status.SNAKE, 0.01
3995, 5, 39, Status.WALL, 0.01
3996, 7, 52, Status.WALL, 0.01
3997, 3, 23, Status.SNAKE, 0.01
3998, 5, 34, Status.SNAKE, 0.01
3999, 11, 88, Status.SNAKE, 0.01
4000, 10, 81, Status.SNAKE, 0.01
4001, 3, 26, Status.WALL, 0.01
4002, 13, 78, Status.SNAKE, 0.01
4003, 1, 8, Status.WALL, 0.01
4004, 6, 35, Status.SNAKE, 0.01
4005, 11, 62, Status.SNAKE, 0.01
4006, 11, 71, Status.SNAKE, 0.01
4007, 8, 43, Status.WALL, 0.01
4008, 6, 47, Status.SNAKE, 0.01
4009, 7, 54, Status.SNAKE, 0.01
4010, 14, 103, Status.SNAKE, 0.01
4011, 6, 28, Status.SNAKE, 0.01
4012, 2, 15, Status.SNAKE, 0.01
4013, 2, 22, Status.SNAKE, 0.01
4014, 2, 14, Status.WALL, 0.01
4015, 8, 53, Status.SNAKE, 0.01
4016, 10, 69, Status.WALL, 0.01
4017, 8, 60, Status.WALL, 0.01
4018, 6, 35, Status.SNAKE, 0.01
4019, 4, 29, Status.SNAKE, 0.01
4020, 8, 37, Status.SNAKE, 0.01
4021, 10, 73, Status.SNAKE, 0.01
4022, 11, 94, Status.SNAKE, 0.01
4023, 8, 41, Status.SNAKE, 0.01
4024, 7, 54, Status.SNAKE, 0.01
4025, 6, 53, Status.SNAKE, 0.01
4026, 7, 50, Status.SNAKE, 0.01
4027, 5, 47, Status.SNAKE, 0.01
4028, 3, 19, Status.SNAKE, 0.01
4029, 7, 41, Status.SNAKE, 0.01
4030, 4, 26, Status.SNAKE, 0.01
4031, 3, 11, Status.WALL, 0.01
4032, 7, 56, Status.WALL, 0.01
4033, 2, 16, Status.SNAKE, 0.01
4034, 11, 58, Status.SNAKE, 0.01
4035, 2, 16, Status.SNAKE, 0.01
4036, 14, 135, Status.SNAKE, 0.01
4037, 7, 43, Status.SNAKE, 0.01
4038, 3, 13, Status.SNAKE, 0.01
4039, 5, 28, Status.SNAKE, 0.01
4040, 11, 84, Status.WALL, 0.01
4041, 7, 43, Status.SNAKE, 0.01
4042, 5, 31, Status.SNAKE, 0.01
4043, 5, 44, Status.SNAKE, 0.01
4044, 9, 57, Status.SNAKE, 0.01
4045, 5, 30, Status.SNAKE, 0.01
4046, 7, 63, Status.SNAKE, 0.01
4047, 12, 58, Status.SNAKE, 0.01
4048, 1, 5, Status.SNAKE, 0.01
4049, 10, 77, Status.SNAKE, 0.01
4050, 13, 78, Status.SNAKE, 0.01
4051, 7, 37, Status.SNAKE, 0.01
4052, 7, 34, Status.SNAKE, 0.01
4053, 9, 77, Status.WALL, 0.01
4054, 3, 17, Status.SNAKE, 0.01
4055, 1, 10, Status.WALL, 0.01
4056, 14, 85, Status.SNAKE, 0.01
4057, 14, 87, Status.SNAKE, 0.01
4058, 5, 46, Status.SNAKE, 0.01
4059, 7, 46, Status.WALL, 0.01
4060, 17, 111, Status.SNAKE, 0.01
4061, 1, 5, Status.SNAKE, 0.01
4062, 9, 69, Status.SNAKE, 0.01
4063, 7, 48, Status.SNAKE, 0.01
4064, 6, 44, Status.SNAKE, 0.01
4065, 8, 58, Status.SNAKE, 0.01
4066, 1, 11, Status.SNAKE, 0.01
4067, 8, 40, Status.WALL, 0.01
4068, 11, 84, Status.SNAKE, 0.01
4069, 12, 76, Status.SNAKE, 0.01
4070, 18, 123, Status.SNAKE, 0.01
4071, 12, 82, Status.SNAKE, 0.01
4072, 12, 61, Status.SNAKE, 0.01
4073, 3, 38, Status.WALL, 0.01
4074, 14, 82, Status.WALL, 0.01
4075, 1, 7, Status.SNAKE, 0.01
4076, 1, 5, Status.SNAKE, 0.01
4077, 3, 18, Status.SNAKE, 0.01
4078, 14, 90, Status.SNAKE, 0.01
4079, 12, 71, Status.SNAKE, 0.01
4080, 1, 3, Status.SNAKE, 0.01
4081, 3, 20, Status.SNAKE, 0.01
4082, 8, 53, Status.SNAKE, 0.01
4083, 9, 50, Status.SNAKE, 0.01
4084, 10, 63, Status.SNAKE, 0.01
4085, 10, 85, Status.SNAKE, 0.01
4086, 4, 30, Status.SNAKE, 0.01
4087, 5, 28, Status.SNAKE, 0.01
4088, 11, 84, Status.SNAKE, 0.01
4089, 4, 22, Status.SNAKE, 0.01
4090, 2, 14, Status.SNAKE, 0.01
4091, 8, 66, Status.SNAKE, 0.01
4092, 1, 8, Status.SNAKE, 0.01
4093, 3, 16, Status.SNAKE, 0.01
4094, 8, 55, Status.SNAKE, 0.01
4095, 1, 6, Status.SNAKE, 0.01
4096, 11, 86, Status.SNAKE, 0.01
4097, 7, 40, Status.SNAKE, 0.01
4098, 9, 70, Status.SNAKE, 0.01
4099, 11, 65, Status.WALL, 0.01
4100, 9, 49, Status.SNAKE, 0.01
4101, 10, 91, Status.WALL, 0.01
4102, 9, 50, Status.SNAKE, 0.01
4103, 6, 38, Status.SNAKE, 0.01
4104, 16, 120, Status.SNAKE, 0.01
4105, 11, 76, Status.SNAKE, 0.01
4106, 8, 42, Status.SNAKE, 0.01
4107, 9, 82, Status.SNAKE, 0.01
4108, 10, 78, Status.SNAKE, 0.01
4109, 5, 30, Status.SNAKE, 0.01
4110, 13, 97, Status.SNAKE, 0.01
4111, 1, 3, Status.SNAKE, 0.01
4112, 10, 66, Status.SNAKE, 0.01
4113, 7, 57, Status.SNAKE, 0.01
4114, 4, 21, Status.SNAKE, 0.01
4115, 9, 79, Status.WALL, 0.01
4116, 16, 140, Status.SNAKE, 0.01
4117, 7, 54, Status.WALL, 0.01
4118, 8, 57, Status.SNAKE, 0.01
4119, 2, 12, Status.SNAKE, 0.01
4120, 7, 35, Status.SNAKE, 0.01
4121, 12, 65, Status.SNAKE, 0.01
4122, 3, 28, Status.SNAKE, 0.01
4123, 8, 47, Status.WALL, 0.01
4124, 17, 100, Status.SNAKE, 0.01
4125, 16, 107, Status.SNAKE, 0.01
4126, 1, 8, Status.WALL, 0.01
4127, 17, 99, Status.WALL, 0.01
4128, 7, 59, Status.SNAKE, 0.01
4129, 6, 49, Status.WALL, 0.01
4130, 6, 41, Status.SNAKE, 0.01
4131, 6, 36, Status.SNAKE, 0.01
4132, 6, 42, Status.SNAKE, 0.01
4133, 6, 61, Status.WALL, 0.01
4134, 10, 61, Status.SNAKE, 0.01
4135, 1, 4, Status.SNAKE, 0.01
4136, 8, 56, Status.SNAKE, 0.01
4137, 1, 10, Status.WALL, 0.01
4138, 9, 69, Status.SNAKE, 0.01
4139, 18, 126, Status.SNAKE, 0.01
4140, 6, 28, Status.SNAKE, 0.01
4141, 10, 90, Status.SNAKE, 0.01
4142, 6, 38, Status.SNAKE, 0.01
4143, 11, 94, Status.WALL, 0.01
4144, 3, 21, Status.SNAKE, 0.01
4145, 4, 26, Status.SNAKE, 0.01
4146, 3, 21, Status.SNAKE, 0.01
4147, 8, 64, Status.SNAKE, 0.01
4148, 14, 81, Status.SNAKE, 0.01
4149, 14, 103, Status.SNAKE, 0.01
4150, 10, 66, Status.SNAKE, 0.01
4151, 16, 113, Status.SNAKE, 0.01
4152, 6, 44, Status.SNAKE, 0.01
4153, 18, 123, Status.SNAKE, 0.01
4154, 2, 14, Status.WALL, 0.01
4155, 1, 10, Status.WALL, 0.01
4156, 9, 58, Status.SNAKE, 0.01
4157, 10, 62, Status.SNAKE, 0.01
4158, 11, 56, Status.WALL, 0.01
4159, 3, 10, Status.WALL, 0.01
4160, 6, 40, Status.SNAKE, 0.01
4161, 2, 17, Status.WALL, 0.01
4162, 11, 76, Status.SNAKE, 0.01
4163, 5, 41, Status.SNAKE, 0.01
4164, 6, 51, Status.SNAKE, 0.01
4165, 14, 126, Status.WALL, 0.01
4166, 10, 75, Status.SNAKE, 0.01
4167, 9, 70, Status.SNAKE, 0.01
4168, 3, 34, Status.WALL, 0.01
4169, 9, 75, Status.SNAKE, 0.01
4170, 5, 36, Status.WALL, 0.01
4171, 6, 32, Status.SNAKE, 0.01
4172, 7, 34, Status.WALL, 0.01
4173, 11, 52, Status.SNAKE, 0.01
4174, 3, 39, Status.WALL, 0.01
4175, 8, 58, Status.SNAKE, 0.01
4176, 14, 94, Status.SNAKE, 0.01
4177, 9, 65, Status.WALL, 0.01
4178, 7, 54, Status.SNAKE, 0.01
4179, 5, 32, Status.SNAKE, 0.01
4180, 9, 60, Status.SNAKE, 0.01
4181, 5, 37, Status.SNAKE, 0.01
4182, 12, 78, Status.SNAKE, 0.01
4183, 12, 80, Status.SNAKE, 0.01
4184, 6, 47, Status.WALL, 0.01
4185, 7, 61, Status.SNAKE, 0.01
4186, 7, 39, Status.SNAKE, 0.01
4187, 4, 48, Status.SNAKE, 0.01
4188, 6, 34, Status.SNAKE, 0.01
4189, 5, 31, Status.SNAKE, 0.01
4190, 11, 81, Status.SNAKE, 0.01
4191, 5, 37, Status.SNAKE, 0.01
4192, 6, 26, Status.WALL, 0.01
4193, 9, 87, Status.WALL, 0.01
4194, 7, 61, Status.WALL, 0.01
4195, 11, 69, Status.SNAKE, 0.01
4196, 5, 31, Status.WALL, 0.01
4197, 5, 29, Status.SNAKE, 0.01
4198, 1, 10, Status.WALL, 0.01
4199, 5, 37, Status.WALL, 0.01
4200, 9, 63, Status.SNAKE, 0.01
4201, 9, 65, Status.SNAKE, 0.01
4202, 18, 124, Status.SNAKE, 0.01
4203, 7, 33, Status.SNAKE, 0.01
4204, 3, 10, Status.WALL, 0.01
4205, 3, 17, Status.WALL, 0.01
4206, 10, 55, Status.WALL, 0.01
4207, 21, 170, Status.SNAKE, 0.01
4208, 13, 90, Status.SNAKE, 0.01
4209, 7, 43, Status.SNAKE, 0.01
4210, 10, 89, Status.WALL, 0.01
4211, 9, 77, Status.WALL, 0.01
4212, 18, 120, Status.SNAKE, 0.01
4213, 9, 57, Status.SNAKE, 0.01
4214, 6, 60, Status.WALL, 0.01
4215, 12, 82, Status.SNAKE, 0.01
4216, 11, 87, Status.SNAKE, 0.01
4217, 2, 15, Status.WALL, 0.01
4218, 4, 17, Status.SNAKE, 0.01
4219, 13, 109, Status.WALL, 0.01
4220, 4, 31, Status.SNAKE, 0.01
4221, 9, 52, Status.SNAKE, 0.01
4222, 1, 8, Status.WALL, 0.01
4223, 9, 60, Status.SNAKE, 0.01
4224, 5, 34, Status.WALL, 0.01
4225, 17, 126, Status.SNAKE, 0.01
4226, 15, 116, Status.SNAKE, 0.01
4227, 2, 19, Status.SNAKE, 0.01
4228, 5, 30, Status.SNAKE, 0.01
4229, 3, 20, Status.SNAKE, 0.01
4230, 15, 106, Status.SNAKE, 0.01
4231, 5, 37, Status.SNAKE, 0.01
4232, 11, 68, Status.SNAKE, 0.01
4233, 11, 86, Status.WALL, 0.01
4234, 12, 79, Status.SNAKE, 0.01
4235, 15, 91, Status.SNAKE, 0.01
4236, 5, 38, Status.WALL, 0.01
4237, 6, 30, Status.SNAKE, 0.01
4238, 4, 15, Status.SNAKE, 0.01
4239, 15, 94, Status.SNAKE, 0.01
4240, 9, 71, Status.SNAKE, 0.01
4241, 8, 57, Status.SNAKE, 0.01
4242, 7, 66, Status.SNAKE, 0.01
4243, 5, 30, Status.SNAKE, 0.01
4244, 4, 32, Status.SNAKE, 0.01
4245, 18, 121, Status.WALL, 0.01
4246, 6, 35, Status.WALL, 0.01
4247, 11, 85, Status.SNAKE, 0.01
4248, 1, 5, Status.SNAKE, 0.01
4249, 2, 8, Status.SNAKE, 0.01
4250, 10, 61, Status.SNAKE, 0.01
4251, 13, 69, Status.SNAKE, 0.01
4252, 3, 14, Status.SNAKE, 0.01
4253, 17, 105, Status.SNAKE, 0.01
4254, 6, 31, Status.SNAKE, 0.01
4255, 2, 22, Status.WALL, 0.01
4256, 10, 77, Status.WALL, 0.01
4257, 4, 28, Status.SNAKE, 0.01
4258, 3, 15, Status.WALL, 0.01
4259, 8, 53, Status.SNAKE, 0.01
4260, 2, 15, Status.SNAKE, 0.01
4261, 9, 83, Status.SNAKE, 0.01
4262, 1, 5, Status.SNAKE, 0.01
4263, 7, 34, Status.SNAKE, 0.01
4264, 13, 80, Status.SNAKE, 0.01
4265, 7, 66, Status.SNAKE, 0.01
4266, 6, 44, Status.WALL, 0.01
4267, 8, 65, Status.SNAKE, 0.01
4268, 11, 56, Status.SNAKE, 0.01
4269, 12, 69, Status.SNAKE, 0.01
4270, 10, 61, Status.SNAKE, 0.01
4271, 1, 11, Status.WALL, 0.01
4272, 3, 19, Status.SNAKE, 0.01
4273, 16, 110, Status.WALL, 0.01
4274, 9, 55, Status.SNAKE, 0.01
4275, 4, 26, Status.WALL, 0.01
4276, 8, 48, Status.SNAKE, 0.01
4277, 8, 74, Status.WALL, 0.01
4278, 7, 39, Status.SNAKE, 0.01
4279, 10, 59, Status.SNAKE, 0.01
4280, 13, 87, Status.SNAKE, 0.01
4281, 9, 67, Status.SNAKE, 0.01
4282, 14, 71, Status.WALL, 0.01
4283, 12, 78, Status.WALL, 0.01
4284, 8, 74, Status.SNAKE, 0.01
4285, 9, 71, Status.SNAKE, 0.01
4286, 10, 71, Status.SNAKE, 0.01
4287, 1, 5, Status.SNAKE, 0.01
4288, 4, 13, Status.SNAKE, 0.01
4289, 9, 67, Status.WALL, 0.01
4290, 9, 74, Status.SNAKE, 0.01
4291, 18, 133, Status.SNAKE, 0.01
4292, 11, 70, Status.SNAKE, 0.01
4293, 13, 73, Status.SNAKE, 0.01
4294, 14, 94, Status.WALL, 0.01
4295, 16, 127, Status.WALL, 0.01
4296, 11, 64, Status.SNAKE, 0.01
4297, 5, 24, Status.WALL, 0.01
4298, 13, 76, Status.SNAKE, 0.01
4299, 13, 106, Status.SNAKE, 0.01
4300, 6, 35, Status.SNAKE, 0.01
4301, 10, 66, Status.SNAKE, 0.01
4302, 2, 21, Status.SNAKE, 0.01
4303, 15, 88, Status.SNAKE, 0.01
4304, 8, 53, Status.SNAKE, 0.01
4305, 5, 27, Status.SNAKE, 0.01
4306, 9, 63, Status.SNAKE, 0.01
4307, 12, 100, Status.SNAKE, 0.01
4308, 13, 98, Status.WALL, 0.01
4309, 5, 38, Status.SNAKE, 0.01
4310, 12, 80, Status.SNAKE, 0.01
4311, 12, 103, Status.SNAKE, 0.01
4312, 1, 6, Status.SNAKE, 0.01
4313, 11, 85, Status.SNAKE, 0.01
4314, 11, 67, Status.SNAKE, 0.01
4315, 5, 24, Status.SNAKE, 0.01
4316, 10, 46, Status.SNAKE, 0.01
4317, 7, 52, Status.SNAKE, 0.01
4318, 8, 45, Status.SNAKE, 0.01
4319, 15, 117, Status.SNAKE, 0.01
4320, 4, 27, Status.SNAKE, 0.01
4321, 17, 129, Status.SNAKE, 0.01
4322, 2, 10, Status.SNAKE, 0.01
4323, 9, 56, Status.WALL, 0.01
4324, 2, 19, Status.SNAKE, 0.01
4325, 11, 58, Status.SNAKE, 0.01
4326, 10, 52, Status.SNAKE, 0.01
4327, 13, 75, Status.SNAKE, 0.01
4328, 8, 51, Status.WALL, 0.01
4329, 5, 37, Status.SNAKE, 0.01
4330, 8, 51, Status.WALL, 0.01
4331, 14, 85, Status.SNAKE, 0.01
4332, 5, 30, Status.SNAKE, 0.01
4333, 6, 44, Status.SNAKE, 0.01
4334, 10, 66, Status.SNAKE, 0.01
4335, 11, 84, Status.SNAKE, 0.01
4336, 9, 65, Status.SNAKE, 0.01
4337, 13, 95, Status.SNAKE, 0.01
4338, 8, 56, Status.SNAKE, 0.01
4339, 10, 81, Status.SNAKE, 0.01
4340, 10, 74, Status.SNAKE, 0.01
4341, 8, 40, Status.SNAKE, 0.01
4342, 11, 64, Status.SNAKE, 0.01
4343, 5, 27, Status.SNAKE, 0.01
4344, 5, 45, Status.SNAKE, 0.01
4345, 10, 74, Status.SNAKE, 0.01
4346, 4, 14, Status.SNAKE, 0.01
4347, 4, 23, Status.SNAKE, 0.01
4348, 14, 95, Status.SNAKE, 0.01
4349, 11, 83, Status.SNAKE, 0.01
4350, 5, 28, Status.SNAKE, 0.01
4351, 14, 90, Status.SNAKE, 0.01
4352, 17, 120, Status.SNAKE, 0.01
4353, 9, 71, Status.SNAKE, 0.01
4354, 10, 66, Status.WALL, 0.01
4355, 2, 14, Status.WALL, 0.01
4356, 14, 91, Status.SNAKE, 0.01
4357, 10, 73, Status.SNAKE, 0.01
4358, 15, 115, Status.SNAKE, 0.01
4359, 9, 58, Status.SNAKE, 0.01
4360, 12, 72, Status.SNAKE, 0.01
4361, 11, 82, Status.SNAKE, 0.01
4362, 3, 23, Status.SNAKE, 0.01
4363, 6, 50, Status.WALL, 0.01
4364, 11, 89, Status.SNAKE, 0.01
4365, 10, 75, Status.SNAKE, 0.01
4366, 11, 66, Status.SNAKE, 0.01
4367, 9, 54, Status.SNAKE, 0.01
4368, 5, 28, Status.SNAKE, 0.01
4369, 7, 37, Status.SNAKE, 0.01
4370, 9, 69, Status.SNAKE, 0.01
4371, 21, 146, Status.SNAKE, 0.01
4372, 11, 65, Status.SNAKE, 0.01
4373, 0, 6, Status.WALL, 0.01
4374, 4, 33, Status.WALL, 0.01
4375, 3, 15, Status.SNAKE, 0.01
4376, 6, 35, Status.SNAKE, 0.01
4377, 7, 58, Status.SNAKE, 0.01
4378, 0, 5, Status.WALL, 0.01
4379, 6, 37, Status.SNAKE, 0.01
4380, 3, 22, Status.SNAKE, 0.01
4381, 5, 43, Status.SNAKE, 0.01
4382, 5, 38, Status.SNAKE, 0.01
4383, 5, 37, Status.WALL, 0.01
4384, 2, 13, Status.SNAKE, 0.01
4385, 1, 15, Status.SNAKE, 0.01
4386, 18, 115, Status.SNAKE, 0.01
4387, 2, 9, Status.SNAKE, 0.01
4388, 24, 182, Status.SNAKE, 0.01
4389, 6, 23, Status.SNAKE, 0.01
4390, 2, 17, Status.SNAKE, 0.01
4391, 7, 48, Status.SNAKE, 0.01
4392, 3, 15, Status.SNAKE, 0.01
4393, 12, 59, Status.WALL, 0.01
4394, 1, 6, Status.SNAKE, 0.01
4395, 2, 22, Status.WALL, 0.01
4396, 8, 72, Status.SNAKE, 0.01
4397, 11, 78, Status.SNAKE, 0.01
4398, 3, 20, Status.SNAKE, 0.01
4399, 2, 18, Status.SNAKE, 0.01
4400, 3, 17, Status.SNAKE, 0.01
4401, 13, 80, Status.WALL, 0.01
4402, 9, 48, Status.SNAKE, 0.01
4403, 10, 58, Status.SNAKE, 0.01
4404, 1, 8, Status.WALL, 0.01
4405, 14, 104, Status.SNAKE, 0.01
4406, 5, 35, Status.WALL, 0.01
4407, 19, 120, Status.SNAKE, 0.01
4408, 5, 37, Status.SNAKE, 0.01
4409, 1, 12, Status.WALL, 0.01
4410, 2, 7, Status.WALL, 0.01
4411, 1, 7, Status.WALL, 0.01
4412, 3, 22, Status.SNAKE, 0.01
4413, 11, 68, Status.SNAKE, 0.01
4414, 12, 89, Status.SNAKE, 0.01
4415, 16, 124, Status.WALL, 0.01
4416, 4, 22, Status.SNAKE, 0.01
4417, 14, 103, Status.SNAKE, 0.01
4418, 5, 21, Status.WALL, 0.01
4419, 5, 25, Status.SNAKE, 0.01
4420, 10, 72, Status.SNAKE, 0.01
4421, 6, 22, Status.SNAKE, 0.01
4422, 5, 22, Status.SNAKE, 0.01
4423, 9, 69, Status.SNAKE, 0.01
4424, 2, 26, Status.WALL, 0.01
4425, 7, 44, Status.SNAKE, 0.01
4426, 4, 28, Status.SNAKE, 0.01
4427, 12, 69, Status.SNAKE, 0.01
4428, 8, 53, Status.WALL, 0.01
4429, 1, 3, Status.SNAKE, 0.01
4430, 13, 76, Status.SNAKE, 0.01
4431, 11, 88, Status.SNAKE, 0.01
4432, 3, 21, Status.SNAKE, 0.01
4433, 5, 55, Status.SNAKE, 0.01
4434, 10, 74, Status.SNAKE, 0.01
4435, 4, 35, Status.SNAKE, 0.01
4436, 16, 126, Status.WALL, 0.01
4437, 16, 120, Status.WALL, 0.01
4438, 16, 88, Status.SNAKE, 0.01
4439, 9, 62, Status.SNAKE, 0.01
4440, 9, 70, Status.WALL, 0.01
4441, 13, 73, Status.WALL, 0.01
4442, 10, 89, Status.SNAKE, 0.01
4443, 11, 75, Status.SNAKE, 0.01
4444, 10, 68, Status.SNAKE, 0.01
4445, 3, 18, Status.WALL, 0.01
4446, 9, 68, Status.SNAKE, 0.01
4447, 9, 45, Status.SNAKE, 0.01
4448, 6, 46, Status.WALL, 0.01
4449, 11, 60, Status.WALL, 0.01
4450, 7, 35, Status.SNAKE, 0.01
4451, 13, 89, Status.SNAKE, 0.01
4452, 5, 27, Status.SNAKE, 0.01
4453, 11, 76, Status.WALL, 0.01
4454, 7, 37, Status.SNAKE, 0.01
4455, 3, 29, Status.SNAKE, 0.01
4456, 6, 32, Status.SNAKE, 0.01
4457, 15, 87, Status.SNAKE, 0.01
4458, 7, 63, Status.SNAKE, 0.01
4459, 5, 24, Status.WALL, 0.01
4460, 7, 54, Status.WALL, 0.01
4461, 15, 105, Status.SNAKE, 0.01
4462, 3, 24, Status.SNAKE, 0.01
4463, 12, 84, Status.SNAKE, 0.01
4464, 15, 106, Status.SNAKE, 0.01
4465, 19, 160, Status.SNAKE, 0.01
4466, 19, 102, Status.SNAKE, 0.01
4467, 7, 49, Status.WALL, 0.01
4468, 1, 11, Status.WALL, 0.01
4469, 6, 37, Status.SNAKE, 0.01
4470, 3, 16, Status.SNAKE, 0.01
4471, 5, 31, Status.SNAKE, 0.01
4472, 10, 64, Status.SNAKE, 0.01
4473, 23, 177, Status.SNAKE, 0.01
4474, 11, 64, Status.SNAKE, 0.01
4475, 3, 20, Status.SNAKE, 0.01
4476, 3, 22, Status.SNAKE, 0.01
4477, 8, 54, Status.SNAKE, 0.01
4478, 7, 57, Status.WALL, 0.01
4479, 10, 60, Status.SNAKE, 0.01
4480, 14, 92, Status.SNAKE, 0.01
4481, 10, 57, Status.SNAKE, 0.01
4482, 7, 42, Status.SNAKE, 0.01
4483, 2, 9, Status.WALL, 0.01
4484, 9, 48, Status.SNAKE, 0.01
4485, 6, 38, Status.SNAKE, 0.01
4486, 18, 96, Status.WALL, 0.01
4487, 7, 38, Status.SNAKE, 0.01
4488, 12, 93, Status.SNAKE, 0.01
4489, 3, 7, Status.SNAKE, 0.01
4490, 13, 81, Status.SNAKE, 0.01
4491, 1, 3, Status.SNAKE, 0.01
4492, 5, 31, Status.WALL, 0.01
4493, 4, 12, Status.SNAKE, 0.01
4494, 2, 8, Status.WALL, 0.01
4495, 7, 34, Status.SNAKE, 0.01
4496, 4, 31, Status.SNAKE, 0.01
4497, 15, 88, Status.SNAKE, 0.01
4498, 15, 108, Status.SNAKE, 0.01
4499, 17, 118, Status.SNAKE, 0.01
4500, 16, 123, Status.SNAKE, 0.01
4501, 9, 56, Status.SNAKE, 0.01
4502, 6, 42, Status.SNAKE, 0.01
4503, 9, 71, Status.SNAKE, 0.01
4504, 15, 114, Status.SNAKE, 0.01
4505, 2, 13, Status.SNAKE, 0.01
4506, 6, 43, Status.SNAKE, 0.01
4507, 9, 72, Status.WALL, 0.01
4508, 6, 37, Status.SNAKE, 0.01
4509, 18, 103, Status.SNAKE, 0.01
4510, 5, 26, Status.WALL, 0.01
4511, 12, 83, Status.WALL, 0.01
4512, 16, 114, Status.SNAKE, 0.01
4513, 13, 82, Status.SNAKE, 0.01
4514, 12, 80, Status.WALL, 0.01
4515, 6, 47, Status.WALL, 0.01
4516, 5, 20, Status.WALL, 0.01
4517, 8, 46, Status.SNAKE, 0.01
4518, 9, 57, Status.SNAKE, 0.01
4519, 4, 23, Status.SNAKE, 0.01
4520, 8, 66, Status.SNAKE, 0.01
4521, 12, 93, Status.SNAKE, 0.01
4522, 3, 31, Status.SNAKE, 0.01
4523, 11, 67, Status.SNAKE, 0.01
4524, 4, 29, Status.SNAKE, 0.01
4525, 11, 79, Status.SNAKE, 0.01
4526, 13, 91, Status.SNAKE, 0.01
4527, 11, 81, Status.SNAKE, 0.01
4528, 2, 8, Status.SNAKE, 0.01
4529, 5, 21, Status.SNAKE, 0.01
4530, 12, 79, Status.SNAKE, 0.01
4531, 11, 73, Status.SNAKE, 0.01
4532, 8, 51, Status.SNAKE, 0.01
4533, 7, 56, Status.SNAKE, 0.01
4534, 9, 63, Status.SNAKE, 0.01
4535, 8, 55, Status.SNAKE, 0.01
4536, 7, 44, Status.SNAKE, 0.01
4537, 14, 110, Status.SNAKE, 0.01
4538, 11, 53, Status.SNAKE, 0.01
4539, 10, 65, Status.SNAKE, 0.01
4540, 15, 90, Status.SNAKE, 0.01
4541, 9, 60, Status.WALL, 0.01
4542, 19, 128, Status.SNAKE, 0.01
4543, 14, 73, Status.SNAKE, 0.01
4544, 10, 55, Status.SNAKE, 0.01
4545, 11, 75, Status.SNAKE, 0.01
4546, 5, 36, Status.SNAKE, 0.01
4547, 12, 79, Status.SNAKE, 0.01
4548, 11, 89, Status.SNAKE, 0.01
4549, 6, 47, Status.SNAKE, 0.01
4550, 12, 69, Status.SNAKE, 0.01
4551, 10, 67, Status.SNAKE, 0.01
4552, 10, 69, Status.SNAKE, 0.01
4553, 18, 119, Status.SNAKE, 0.01
4554, 13, 84, Status.SNAKE, 0.01
4555, 5, 31, Status.SNAKE, 0.01
4556, 11, 74, Status.SNAKE, 0.01
4557, 7, 49, Status.SNAKE, 0.01
4558, 7, 46, Status.SNAKE, 0.01
4559, 13, 94, Status.SNAKE, 0.01
4560, 6, 32, Status.SNAKE, 0.01
4561, 7, 61, Status.SNAKE, 0.01
4562, 7, 53, Status.SNAKE, 0.01
4563, 2, 12, Status.SNAKE, 0.01
4564, 3, 27, Status.WALL, 0.01
4565, 12, 91, Status.SNAKE, 0.01
4566, 16, 92, Status.WALL, 0.01
4567, 6, 53, Status.WALL, 0.01
4568, 14, 111, Status.WALL, 0.01
4569, 8, 59, Status.SNAKE, 0.01
4570, 5, 49, Status.SNAKE, 0.01
4571, 4, 24, Status.SNAKE, 0.01
4572, 9, 57, Status.WALL, 0.01
4573, 0, 7, Status.WALL, 0.01
4574, 8, 67, Status.SNAKE, 0.01
4575, 12, 91, Status.WALL, 0.01
4576, 2, 14, Status.SNAKE, 0.01
4577, 9, 60, Status.SNAKE, 0.01
4578, 6, 36, Status.WALL, 0.01
4579, 14, 83, Status.SNAKE, 0.01
4580, 2, 15, Status.SNAKE, 0.01
4581, 10, 69, Status.SNAKE, 0.01
4582, 9, 54, Status.SNAKE, 0.01
4583, 10, 64, Status.SNAKE, 0.01
4584, 6, 36, Status.SNAKE, 0.01
4585, 7, 35, Status.SNAKE, 0.01
4586, 3, 19, Status.SNAKE, 0.01
4587, 3, 23, Status.WALL, 0.01
4588, 7, 36, Status.SNAKE, 0.01
4589, 25, 152, Status.SNAKE, 0.01
4590, 19, 119, Status.SNAKE, 0.01
4591, 4, 47, Status.SNAKE, 0.01
4592, 3, 13, Status.WALL, 0.01
4593, 5, 28, Status.SNAKE, 0.01
4594, 5, 36, Status.SNAKE, 0.01
4595, 16, 87, Status.SNAKE, 0.01
4596, 9, 63, Status.SNAKE, 0.01
4597, 2, 17, Status.SNAKE, 0.01
4598, 9, 71, Status.SNAKE, 0.01
4599, 11, 63, Status.SNAKE, 0.01
4600, 8, 40, Status.SNAKE, 0.01
4601, 10, 56, Status.SNAKE, 0.01
4602, 4, 24, Status.WALL, 0.01
4603, 10, 74, Status.SNAKE, 0.01
4604, 5, 23, Status.SNAKE, 0.01
4605, 19, 147, Status.SNAKE, 0.01
4606, 11, 60, Status.SNAKE, 0.01
4607, 20, 175, Status.SNAKE, 0.01
4608, 7, 54, Status.SNAKE, 0.01
4609, 11, 80, Status.SNAKE, 0.01
4610, 17, 102, Status.SNAKE, 0.01
4611, 4, 31, Status.WALL, 0.01
4612, 16, 125, Status.SNAKE, 0.01
4613, 8, 53, Status.SNAKE, 0.01
4614, 12, 99, Status.SNAKE, 0.01
4615, 5, 29, Status.SNAKE, 0.01
4616, 6, 38, Status.SNAKE, 0.01
4617, 16, 114, Status.SNAKE, 0.01
4618, 11, 80, Status.SNAKE, 0.01
4619, 6, 59, Status.WALL, 0.01
4620, 1, 10, Status.WALL, 0.01
4621, 5, 23, Status.SNAKE, 0.01
4622, 6, 36, Status.SNAKE, 0.01
4623, 6, 48, Status.SNAKE, 0.01
4624, 4, 15, Status.SNAKE, 0.01
4625, 7, 53, Status.SNAKE, 0.01
4626, 6, 36, Status.SNAKE, 0.01
4627, 16, 92, Status.SNAKE, 0.01
4628, 12, 101, Status.SNAKE, 0.01
4629, 11, 67, Status.SNAKE, 0.01
4630, 9, 63, Status.SNAKE, 0.01
4631, 3, 22, Status.SNAKE, 0.01
4632, 8, 61, Status.SNAKE, 0.01
4633, 10, 63, Status.SNAKE, 0.01
4634, 5, 22, Status.SNAKE, 0.01
4635, 8, 55, Status.SNAKE, 0.01
4636, 9, 49, Status.SNAKE, 0.01
4637, 4, 21, Status.SNAKE, 0.01
4638, 10, 54, Status.SNAKE, 0.01
4639, 4, 22, Status.SNAKE, 0.01
4640, 4, 30, Status.SNAKE, 0.01
4641, 24, 152, Status.SNAKE, 0.01
4642, 2, 6, Status.SNAKE, 0.01
4643, 16, 109, Status.SNAKE, 0.01
4644, 12, 96, Status.SNAKE, 0.01
4645, 11, 73, Status.SNAKE, 0.01
4646, 8, 56, Status.SNAKE, 0.01
4647, 14, 118, Status.SNAKE, 0.01
4648, 11, 80, Status.WALL, 0.01
4649, 10, 69, Status.SNAKE, 0.01
4650, 14, 91, Status.SNAKE, 0.01
4651, 8, 49, Status.WALL, 0.01
4652, 11, 79, Status.SNAKE, 0.01
4653, 17, 105, Status.SNAKE, 0.01
4654, 15, 120, Status.WALL, 0.01
4655, 7, 46, Status.SNAKE, 0.01
4656, 4, 29, Status.SNAKE, 0.01
4657, 12, 90, Status.SNAKE, 0.01
4658, 7, 56, Status.SNAKE, 0.01
4659, 14, 95, Status.SNAKE, 0.01
4660, 8, 60, Status.SNAKE, 0.01
4661, 9, 53, Status.WALL, 0.01
4662, 10, 73, Status.SNAKE, 0.01
4663, 5, 49, Status.SNAKE, 0.01
4664, 12, 74, Status.WALL, 0.01
4665, 20, 153, Status.SNAKE, 0.01
4666, 10, 81, Status.SNAKE, 0.01
4667, 12, 81, Status.SNAKE, 0.01
4668, 1, 10, Status.WALL, 0.01
4669, 11, 78, Status.SNAKE, 0.01
4670, 8, 59, Status.SNAKE, 0.01
4671, 2, 16, Status.SNAKE, 0.01
4672, 10, 82, Status.WALL, 0.01
4673, 5, 26, Status.SNAKE, 0.01
4674, 8, 47, Status.SNAKE, 0.01
4675, 12, 95, Status.SNAKE, 0.01
4676, 3, 16, Status.WALL, 0.01
4677, 17, 114, Status.WALL, 0.01
4678, 5, 30, Status.WALL, 0.01
4679, 10, 63, Status.SNAKE, 0.01
4680, 17, 92, Status.SNAKE, 0.01
4681, 6, 45, Status.SNAKE, 0.01
4682, 3, 21, Status.SNAKE, 0.01
4683, 14, 126, Status.SNAKE, 0.01
4684, 1, 9, Status.WALL, 0.01
4685, 7, 60, Status.SNAKE, 0.01
4686, 3, 25, Status.SNAKE, 0.01
4687, 8, 46, Status.SNAKE, 0.01
4688, 11, 94, Status.SNAKE, 0.01
4689, 1, 5, Status.SNAKE, 0.01
4690, 10, 66, Status.WALL, 0.01
4691, 10, 51, Status.SNAKE, 0.01
4692, 14, 97, Status.SNAKE, 0.01
4693, 6, 44, Status.SNAKE, 0.01
4694, 8, 60, Status.SNAKE, 0.01
4695, 6, 47, Status.SNAKE, 0.01
4696, 16, 111, Status.SNAKE, 0.01
4697, 6, 53, Status.SNAKE, 0.01
4698, 18, 173, Status.SNAKE, 0.01
4699, 1, 3, Status.SNAKE, 0.01
4700, 10, 68, Status.SNAKE, 0.01
4701, 8, 52, Status.SNAKE, 0.01
4702, 9, 51, Status.SNAKE, 0.01
4703, 15, 87, Status.SNAKE, 0.01
4704, 3, 19, Status.SNAKE, 0.01
4705, 14, 88, Status.SNAKE, 0.01
4706, 8, 56, Status.SNAKE, 0.01
4707, 4, 36, Status.SNAKE, 0.01
4708, 5, 30, Status.SNAKE, 0.01
4709, 6, 50, Status.SNAKE, 0.01
4710, 3, 28, Status.WALL, 0.01
4711, 6, 54, Status.WALL, 0.01
4712, 10, 61, Status.SNAKE, 0.01
4713, 11, 97, Status.SNAKE, 0.01
4714, 11, 57, Status.WALL, 0.01
4715, 5, 18, Status.SNAKE, 0.01
4716, 7, 29, Status.SNAKE, 0.01
4717, 17, 101, Status.SNAKE, 0.01
4718, 8, 60, Status.SNAKE, 0.01
4719, 13, 89, Status.SNAKE, 0.01
4720, 19, 99, Status.SNAKE, 0.01
4721, 10, 63, Status.SNAKE, 0.01
4722, 7, 55, Status.SNAKE, 0.01
4723, 1, 8, Status.WALL, 0.01
4724, 11, 72, Status.SNAKE, 0.01
4725, 6, 27, Status.WALL, 0.01
4726, 7, 42, Status.SNAKE, 0.01
4727, 11, 75, Status.SNAKE, 0.01
4728, 12, 86, Status.SNAKE, 0.01
4729, 7, 52, Status.SNAKE, 0.01
4730, 8, 50, Status.SNAKE, 0.01
4731, 12, 89, Status.WALL, 0.01
4732, 9, 67, Status.SNAKE, 0.01
4733, 10, 71, Status.SNAKE, 0.01
4734, 9, 57, Status.SNAKE, 0.01
4735, 17, 101, Status.SNAKE, 0.01
4736, 3, 24, Status.WALL, 0.01
4737, 12, 91, Status.WALL, 0.01
4738, 10, 64, Status.SNAKE, 0.01
4739, 15, 125, Status.SNAKE, 0.01
4740, 4, 39, Status.WALL, 0.01
4741, 1, 5, Status.SNAKE, 0.01
4742, 5, 41, Status.WALL, 0.01
4743, 4, 41, Status.WALL, 0.01
4744, 7, 44, Status.SNAKE, 0.01
4745, 15, 127, Status.SNAKE, 0.01
4746, 13, 114, Status.SNAKE, 0.01
4747, 4, 20, Status.SNAKE, 0.01
4748, 3, 21, Status.WALL, 0.01
4749, 8, 44, Status.SNAKE, 0.01
4750, 4, 25, Status.SNAKE, 0.01
4751, 14, 78, Status.SNAKE, 0.01
4752, 10, 55, Status.SNAKE, 0.01
4753, 12, 93, Status.SNAKE, 0.01
4754, 15, 111, Status.SNAKE, 0.01
4755, 3, 21, Status.SNAKE, 0.01
4756, 0, 7, Status.WALL, 0.01
4757, 2, 24, Status.WALL, 0.01
4758, 13, 82, Status.WALL, 0.01
4759, 7, 30, Status.SNAKE, 0.01
4760, 7, 42, Status.SNAKE, 0.01
4761, 12, 70, Status.SNAKE, 0.01
4762, 4, 24, Status.SNAKE, 0.01
4763, 11, 68, Status.SNAKE, 0.01
4764, 15, 93, Status.WALL, 0.01
4765, 6, 40, Status.SNAKE, 0.01
4766, 8, 71, Status.SNAKE, 0.01
4767, 13, 76, Status.SNAKE, 0.01
4768, 5, 34, Status.SNAKE, 0.01
4769, 8, 50, Status.SNAKE, 0.01
4770, 2, 11, Status.SNAKE, 0.01
4771, 10, 70, Status.SNAKE, 0.01
4772, 1, 7, Status.WALL, 0.01
4773, 7, 70, Status.SNAKE, 0.01
4774, 9, 49, Status.SNAKE, 0.01
4775, 14, 90, Status.WALL, 0.01
4776, 1, 5, Status.SNAKE, 0.01
4777, 8, 52, Status.SNAKE, 0.01
4778, 5, 32, Status.WALL, 0.01
4779, 10, 100, Status.SNAKE, 0.01
4780, 9, 51, Status.SNAKE, 0.01
4781, 11, 75, Status.SNAKE, 0.01
4782, 17, 120, Status.WALL, 0.01
4783, 12, 103, Status.SNAKE, 0.01
4784, 2, 9, Status.WALL, 0.01
4785, 15, 114, Status.WALL, 0.01
4786, 10, 65, Status.SNAKE, 0.01
4787, 11, 109, Status.SNAKE, 0.01
4788, 13, 73, Status.SNAKE, 0.01
4789, 16, 119, Status.SNAKE, 0.01
4790, 2, 26, Status.WALL, 0.01
4791, 1, 10, Status.WALL, 0.01
4792, 1, 12, Status.WALL, 0.01
4793, 3, 16, Status.SNAKE, 0.01
4794, 2, 16, Status.SNAKE, 0.01
4795, 7, 56, Status.SNAKE, 0.01
4796, 6, 43, Status.SNAKE, 0.01
4797, 2, 3, Status.SNAKE, 0.01
4798, 1, 7, Status.SNAKE, 0.01
4799, 12, 99, Status.SNAKE, 0.01
4800, 1, 6, Status.WALL, 0.01
4801, 4, 31, Status.SNAKE, 0.01
4802, 15, 117, Status.SNAKE, 0.01
4803, 6, 47, Status.SNAKE, 0.01
4804, 6, 66, Status.SNAKE, 0.01
4805, 1, 5, Status.SNAKE, 0.01
4806, 13, 87, Status.SNAKE, 0.01
4807, 9, 73, Status.SNAKE, 0.01
4808, 7, 39, Status.SNAKE, 0.01
4809, 15, 83, Status.SNAKE, 0.01
4810, 10, 68, Status.WALL, 0.01
4811, 6, 34, Status.SNAKE, 0.01
4812, 4, 32, Status.WALL, 0.01
4813, 5, 31, Status.SNAKE, 0.01
4814, 11, 65, Status.SNAKE, 0.01
4815, 13, 79, Status.SNAKE, 0.01
4816, 10, 68, Status.SNAKE, 0.01
4817, 3, 16, Status.SNAKE, 0.01
4818, 9, 50, Status.WALL, 0.01
4819, 11, 57, Status.SNAKE, 0.01
4820, 9, 58, Status.SNAKE, 0.01
4821, 8, 57, Status.SNAKE, 0.01
4822, 9, 77, Status.SNAKE, 0.01
4823, 14, 89, Status.SNAKE, 0.01
4824, 6, 29, Status.SNAKE, 0.01
4825, 3, 16, Status.SNAKE, 0.01
4826, 2, 13, Status.SNAKE, 0.01
4827, 11, 55, Status.SNAKE, 0.01
4828, 13, 91, Status.SNAKE, 0.01
4829, 3, 18, Status.SNAKE, 0.01
4830, 3, 23, Status.SNAKE, 0.01
4831, 13, 104, Status.SNAKE, 0.01
4832, 7, 59, Status.WALL, 0.01
4833, 4, 21, Status.SNAKE, 0.01
4834, 10, 59, Status.SNAKE, 0.01
4835, 16, 127, Status.SNAKE, 0.01
4836, 7, 55, Status.WALL, 0.01
4837, 4, 25, Status.WALL, 0.01
4838, 0, 6, Status.WALL, 0.01
4839, 7, 43, Status.SNAKE, 0.01
4840, 4, 30, Status.WALL, 0.01
4841, 14, 103, Status.WALL, 0.01
4842, 11, 82, Status.SNAKE, 0.01
4843, 14, 110, Status.WALL, 0.01
4844, 12, 97, Status.SNAKE, 0.01
4845, 7, 53, Status.WALL, 0.01
4846, 2, 8, Status.SNAKE, 0.01
4847, 7, 70, Status.SNAKE, 0.01
4848, 4, 24, Status.SNAKE, 0.01
4849, 12, 76, Status.SNAKE, 0.01
4850, 15, 98, Status.SNAKE, 0.01
4851, 3, 18, Status.SNAKE, 0.01
4852, 16, 89, Status.SNAKE, 0.01
4853, 14, 93, Status.SNAKE, 0.01
4854, 16, 141, Status.WALL, 0.01
4855, 9, 49, Status.SNAKE, 0.01
4856, 4, 22, Status.SNAKE, 0.01
4857, 11, 95, Status.SNAKE, 0.01
4858, 8, 52, Status.WALL, 0.01
4859, 11, 80, Status.SNAKE, 0.01
4860, 5, 16, Status.SNAKE, 0.01
4861, 3, 21, Status.WALL, 0.01
4862, 9, 57, Status.WALL, 0.01
4863, 11, 72, Status.SNAKE, 0.01
4864, 8, 57, Status.SNAKE, 0.01
4865, 8, 52, Status.SNAKE, 0.01
4866, 4, 18, Status.WALL, 0.01
4867, 16, 96, Status.SNAKE, 0.01
4868, 9, 58, Status.SNAKE, 0.01
4869, 12, 88, Status.WALL, 0.01
4870, 17, 116, Status.SNAKE, 0.01
4871, 11, 81, Status.SNAKE, 0.01
4872, 9, 43, Status.SNAKE, 0.01
4873, 10, 76, Status.SNAKE, 0.01
4874, 16, 119, Status.SNAKE, 0.01
4875, 8, 58, Status.WALL, 0.01
4876, 1, 6, Status.WALL, 0.01
4877, 1, 8, Status.WALL, 0.01
4878, 14, 97, Status.SNAKE, 0.01
4879, 8, 59, Status.SNAKE, 0.01
4880, 1, 6, Status.WALL, 0.01
4881, 4, 21, Status.WALL, 0.01
4882, 13, 94, Status.SNAKE, 0.01
4883, 8, 45, Status.SNAKE, 0.01
4884, 11, 99, Status.SNAKE, 0.01
4885, 5, 29, Status.SNAKE, 0.01
4886, 7, 56, Status.WALL, 0.01
4887, 18, 152, Status.SNAKE, 0.01
4888, 1, 8, Status.SNAKE, 0.01
4889, 10, 73, Status.WALL, 0.01
4890, 10, 62, Status.SNAKE, 0.01
4891, 8, 46, Status.WALL, 0.01
4892, 8, 52, Status.SNAKE, 0.01
4893, 3, 22, Status.WALL, 0.01
4894, 7, 46, Status.SNAKE, 0.01
4895, 10, 57, Status.SNAKE, 0.01
4896, 7, 36, Status.SNAKE, 0.01
4897, 7, 29, Status.SNAKE, 0.01
4898, 3, 17, Status.SNAKE, 0.01
4899, 6, 44, Status.SNAKE, 0.01
4900, 7, 46, Status.SNAKE, 0.01
4901, 12, 93, Status.SNAKE, 0.01
4902, 25, 162, Status.SNAKE, 0.01
4903, 8, 50, Status.WALL, 0.01
4904, 6, 49, Status.SNAKE, 0.01
4905, 4, 23, Status.SNAKE, 0.01
4906, 11, 95, Status.SNAKE, 0.01
4907, 6, 31, Status.SNAKE, 0.01
4908, 7, 42, Status.SNAKE, 0.01
4909, 12, 63, Status.SNAKE, 0.01
4910, 9, 54, Status.SNAKE, 0.01
4911, 8, 34, Status.WALL, 0.01
4912, 1, 5, Status.SNAKE, 0.01
4913, 6, 34, Status.SNAKE, 0.01
4914, 11, 65, Status.SNAKE, 0.01
4915, 1, 10, Status.WALL, 0.01
4916, 7, 58, Status.SNAKE, 0.01
4917, 18, 145, Status.WALL, 0.01
4918, 6, 33, Status.WALL, 0.01
4919, 5, 46, Status.SNAKE, 0.01
4920, 5, 31, Status.SNAKE, 0.01
4921, 2, 19, Status.SNAKE, 0.01
4922, 9, 66, Status.SNAKE, 0.01
4923, 11, 78, Status.WALL, 0.01
4924, 19, 108, Status.SNAKE, 0.01
4925, 4, 29, Status.SNAKE, 0.01
4926, 8, 79, Status.SNAKE, 0.01
4927, 9, 62, Status.WALL, 0.01
4928, 13, 92, Status.SNAKE, 0.01
4929, 7, 44, Status.SNAKE, 0.01
4930, 16, 97, Status.SNAKE, 0.01
4931, 11, 80, Status.WALL, 0.01
4932, 14, 97, Status.WALL, 0.01
4933, 9, 71, Status.SNAKE, 0.01
4934, 16, 118, Status.SNAKE, 0.01
4935, 12, 85, Status.WALL, 0.01
4936, 5, 29, Status.SNAKE, 0.01
4937, 6, 51, Status.SNAKE, 0.01
4938, 13, 89, Status.SNAKE, 0.01
4939, 11, 72, Status.WALL, 0.01
4940, 1, 9, Status.WALL, 0.01
4941, 3, 26, Status.WALL, 0.01
4942, 14, 119, Status.SNAKE, 0.01
4943, 13, 66, Status.SNAKE, 0.01
4944, 2, 18, Status.SNAKE, 0.01
4945, 10, 67, Status.WALL, 0.01
4946, 13, 90, Status.SNAKE, 0.01
4947, 10, 61, Status.SNAKE, 0.01
4948, 6, 35, Status.SNAKE, 0.01
4949, 6, 42, Status.SNAKE, 0.01
4950, 5, 52, Status.SNAKE, 0.01
4951, 5, 41, Status.SNAKE, 0.01
4952, 9, 54, Status.SNAKE, 0.01
4953, 13, 85, Status.SNAKE, 0.01
4954, 9, 42, Status.WALL, 0.01
4955, 8, 57, Status.WALL, 0.01
4956, 14, 94, Status.SNAKE, 0.01
4957, 11, 72, Status.SNAKE, 0.01
4958, 8, 42, Status.WALL, 0.01
4959, 14, 92, Status.WALL, 0.01
4960, 7, 50, Status.SNAKE, 0.01
4961, 6, 34, Status.SNAKE, 0.01
4962, 7, 45, Status.WALL, 0.01
4963, 10, 52, Status.SNAKE, 0.01
4964, 4, 34, Status.SNAKE, 0.01
4965, 3, 32, Status.WALL, 0.01
4966, 21, 147, Status.SNAKE, 0.01
4967, 14, 93, Status.SNAKE, 0.01
4968, 11, 80, Status.SNAKE, 0.01
4969, 13, 102, Status.SNAKE, 0.01
4970, 14, 97, Status.SNAKE, 0.01
4971, 7, 42, Status.SNAKE, 0.01
4972, 10, 66, Status.SNAKE, 0.01
4973, 13, 72, Status.SNAKE, 0.01
4974, 5, 47, Status.SNAKE, 0.01
4975, 12, 105, Status.SNAKE, 0.01
4976, 8, 69, Status.SNAKE, 0.01
4977, 6, 57, Status.SNAKE, 0.01
4978, 5, 36, Status.SNAKE, 0.01
4979, 2, 7, Status.SNAKE, 0.01
4980, 13, 93, Status.SNAKE, 0.01
4981, 3, 11, Status.SNAKE, 0.01
4982, 14, 78, Status.SNAKE, 0.01
4983, 1, 8, Status.WALL, 0.01
4984, 11, 85, Status.SNAKE, 0.01
4985, 4, 28, Status.SNAKE, 0.01
4986, 10, 70, Status.SNAKE, 0.01
4987, 11, 69, Status.SNAKE, 0.01
4988, 1, 6, Status.WALL, 0.01
4989, 15, 117, Status.SNAKE, 0.01
4990, 6, 32, Status.SNAKE, 0.01
4991, 5, 25, Status.SNAKE, 0.01
4992, 9, 59, Status.SNAKE, 0.01
4993, 3, 20, Status.SNAKE, 0.01
4994, 12, 101, Status.SNAKE, 0.01
4995, 7, 57, Status.SNAKE, 0.01
4996, 4, 26, Status.SNAKE, 0.01
4997, 4, 22, Status.SNAKE, 0.01
4998, 8, 57, Status.SNAKE, 0.01
4999, 7, 55, Status.SNAKE, 0.01
5000, 6, 54, Status.SNAKE, 0.01
5001, 10, 72, Status.SNAKE, 0.01
5002, 13, 89, Status.SNAKE, 0.01
5003, 1, 3, Status.SNAKE, 0.01
5004, 11, 83, Status.SNAKE, 0.01
5005, 4, 39, Status.SNAKE, 0.01
5006, 5, 22, Status.SNAKE, 0.01
5007, 8, 56, Status.SNAKE, 0.01
5008, 5, 40, Status.SNAKE, 0.01
5009, 6, 28, Status.WALL, 0.01
5010, 13, 71, Status.SNAKE, 0.01
5011, 9, 70, Status.SNAKE, 0.01
5012, 6, 53, Status.WALL, 0.01
5013, 9, 64, Status.WALL, 0.01
5014, 7, 49, Status.SNAKE, 0.01
5015, 5, 36, Status.SNAKE, 0.01
5016, 5, 26, Status.SNAKE, 0.01
5017, 19, 130, Status.SNAKE, 0.01
5018, 5, 36, Status.SNAKE, 0.01
5019, 17, 102, Status.SNAKE, 0.01
5020, 6, 49, Status.WALL, 0.01
5021, 11, 89, Status.SNAKE, 0.01
5022, 13, 92, Status.SNAKE, 0.01
5023, 8, 53, Status.SNAKE, 0.01
5024, 8, 41, Status.SNAKE, 0.01
5025, 3, 44, Status.SNAKE, 0.01
5026, 5, 35, Status.SNAKE, 0.01
5027, 7, 47, Status.WALL, 0.01
5028, 13, 95, Status.SNAKE, 0.01
5029, 8, 58, Status.WALL, 0.01
5030, 11, 74, Status.SNAKE, 0.01
5031, 6, 37, Status.WALL, 0.01
5032, 3, 32, Status.WALL, 0.01
5033, 6, 42, Status.SNAKE, 0.01
5034, 3, 7, Status.SNAKE, 0.01
5035, 10, 77, Status.SNAKE, 0.01
5036, 5, 22, Status.SNAKE, 0.01
5037, 12, 68, Status.SNAKE, 0.01
5038, 14, 112, Status.SNAKE, 0.01
5039, 14, 132, Status.SNAKE, 0.01
5040, 12, 87, Status.SNAKE, 0.01
5041, 17, 105, Status.SNAKE, 0.01
5042, 12, 76, Status.SNAKE, 0.01
5043, 13, 92, Status.SNAKE, 0.01
5044, 20, 139, Status.SNAKE, 0.01
5045, 4, 31, Status.WALL, 0.01
5046, 17, 109, Status.WALL, 0.01
5047, 4, 34, Status.SNAKE, 0.01
5048, 4, 43, Status.SNAKE, 0.01
5049, 7, 36, Status.SNAKE, 0.01
5050, 11, 64, Status.SNAKE, 0.01
5051, 14, 106, Status.SNAKE, 0.01
5052, 3, 17, Status.SNAKE, 0.01
5053, 4, 18, Status.SNAKE, 0.01
5054, 1, 5, Status.SNAKE, 0.01
5055, 8, 51, Status.SNAKE, 0.01
5056, 8, 47, Status.SNAKE, 0.01
5057, 3, 32, Status.WALL, 0.01
5058, 11, 70, Status.SNAKE, 0.01
5059, 8, 36, Status.SNAKE, 0.01
5060, 12, 99, Status.WALL, 0.01
5061, 9, 65, Status.SNAKE, 0.01
5062, 9, 54, Status.SNAKE, 0.01
5063, 6, 39, Status.SNAKE, 0.01
5064, 16, 95, Status.SNAKE, 0.01
5065, 1, 3, Status.SNAKE, 0.01
5066, 12, 104, Status.SNAKE, 0.01
5067, 9, 48, Status.SNAKE, 0.01
5068, 5, 36, Status.SNAKE, 0.01
5069, 1, 8, Status.WALL, 0.01
5070, 20, 152, Status.WALL, 0.01
5071, 6, 28, Status.SNAKE, 0.01
5072, 0, 7, Status.WALL, 0.01
5073, 20, 128, Status.SNAKE, 0.01
5074, 13, 87, Status.SNAKE, 0.01
5075, 5, 29, Status.SNAKE, 0.01
5076, 10, 79, Status.SNAKE, 0.01
5077, 11, 78, Status.SNAKE, 0.01
5078, 17, 126, Status.WALL, 0.01
5079, 7, 43, Status.SNAKE, 0.01
5080, 10, 79, Status.SNAKE, 0.01
5081, 11, 77, Status.SNAKE, 0.01
5082, 8, 56, Status.WALL, 0.01
5083, 9, 67, Status.SNAKE, 0.01
5084, 15, 128, Status.SNAKE, 0.01
5085, 4, 27, Status.WALL, 0.01
5086, 4, 18, Status.SNAKE, 0.01
5087, 6, 36, Status.WALL, 0.01
5088, 1, 3, Status.SNAKE, 0.01
5089, 9, 43, Status.SNAKE, 0.01
5090, 3, 11, Status.WALL, 0.01
5091, 12, 69, Status.SNAKE, 0.01
5092, 10, 62, Status.SNAKE, 0.01
5093, 11, 82, Status.SNAKE, 0.01
5094, 5, 34, Status.SNAKE, 0.01
5095, 7, 52, Status.SNAKE, 0.01
5096, 4, 35, Status.WALL, 0.01
5097, 11, 80, Status.SNAKE, 0.01
5098, 9, 56, Status.SNAKE, 0.01
5099, 8, 59, Status.SNAKE, 0.01
5100, 5, 21, Status.SNAKE, 0.01
5101, 12, 91, Status.SNAKE, 0.01
5102, 9, 55, Status.SNAKE, 0.01
5103, 3, 31, Status.SNAKE, 0.01
5104, 7, 53, Status.WALL, 0.01
5105, 17, 139, Status.WALL, 0.01
5106, 6, 38, Status.SNAKE, 0.01
5107, 1, 5, Status.SNAKE, 0.01
5108, 8, 41, Status.SNAKE, 0.01
5109, 15, 86, Status.SNAKE, 0.01
5110, 2, 18, Status.SNAKE, 0.01
5111, 8, 71, Status.SNAKE, 0.01
5112, 8, 40, Status.SNAKE, 0.01
5113, 15, 111, Status.SNAKE, 0.01
5114, 7, 42, Status.SNAKE, 0.01
5115, 11, 64, Status.SNAKE, 0.01
5116, 9, 50, Status.SNAKE, 0.01
5117, 14, 109, Status.SNAKE, 0.01
5118, 9, 60, Status.WALL, 0.01
5119, 13, 81, Status.SNAKE, 0.01
5120, 9, 63, Status.SNAKE, 0.01
5121, 17, 132, Status.WALL, 0.01
5122, 4, 31, Status.SNAKE, 0.01
5123, 10, 67, Status.WALL, 0.01
5124, 15, 92, Status.WALL, 0.01
5125, 10, 78, Status.SNAKE, 0.01
5126, 9, 62, Status.SNAKE, 0.01
5127, 13, 81, Status.SNAKE, 0.01
5128, 11, 87, Status.SNAKE, 0.01
5129, 12, 86, Status.WALL, 0.01
5130, 6, 35, Status.SNAKE, 0.01
5131, 10, 72, Status.WALL, 0.01
5132, 7, 44, Status.SNAKE, 0.01
5133, 6, 41, Status.SNAKE, 0.01
5134, 2, 8, Status.WALL, 0.01
5135, 5, 45, Status.WALL, 0.01
5136, 9, 50, Status.WALL, 0.01
5137, 7, 35, Status.WALL, 0.01
5138, 5, 38, Status.SNAKE, 0.01
5139, 5, 29, Status.SNAKE, 0.01
5140, 6, 36, Status.WALL, 0.01
5141, 5, 30, Status.WALL, 0.01
5142, 15, 94, Status.SNAKE, 0.01
5143, 3, 20, Status.SNAKE, 0.01
5144, 7, 35, Status.SNAKE, 0.01
5145, 12, 111, Status.SNAKE, 0.01
5146, 9, 56, Status.WALL, 0.01
5147, 10, 82, Status.SNAKE, 0.01
5148, 16, 116, Status.SNAKE, 0.01
5149, 17, 111, Status.SNAKE, 0.01
5150, 14, 114, Status.SNAKE, 0.01
5151, 10, 80, Status.WALL, 0.01
5152, 9, 63, Status.WALL, 0.01
5153, 18, 118, Status.SNAKE, 0.01
5154, 10, 70, Status.SNAKE, 0.01
5155, 11, 107, Status.WALL, 0.01
5156, 12, 72, Status.SNAKE, 0.01
5157, 8, 69, Status.SNAKE, 0.01
5158, 6, 48, Status.SNAKE, 0.01
5159, 5, 18, Status.SNAKE, 0.01
5160, 9, 37, Status.SNAKE, 0.01
5161, 7, 47, Status.SNAKE, 0.01
5162, 9, 64, Status.SNAKE, 0.01
5163, 12, 70, Status.SNAKE, 0.01
5164, 8, 40, Status.SNAKE, 0.01
5165, 6, 33, Status.SNAKE, 0.01
5166, 7, 51, Status.SNAKE, 0.01
5167, 12, 72, Status.SNAKE, 0.01
5168, 13, 87, Status.WALL, 0.01
5169, 3, 22, Status.SNAKE, 0.01
5170, 3, 16, Status.WALL, 0.01
5171, 9, 70, Status.SNAKE, 0.01
5172, 18, 121, Status.WALL, 0.01
5173, 8, 47, Status.SNAKE, 0.01
5174, 12, 67, Status.SNAKE, 0.01
5175, 7, 59, Status.SNAKE, 0.01
5176, 11, 88, Status.SNAKE, 0.01
5177, 10, 73, Status.SNAKE, 0.01
5178, 6, 20, Status.SNAKE, 0.01
5179, 10, 67, Status.SNAKE, 0.01
5180, 10, 59, Status.SNAKE, 0.01
5181, 8, 70, Status.SNAKE, 0.01
5182, 2, 9, Status.WALL, 0.01
5183, 15, 95, Status.SNAKE, 0.01
5184, 9, 64, Status.SNAKE, 0.01
5185, 3, 17, Status.WALL, 0.01
5186, 16, 109, Status.SNAKE, 0.01
5187, 6, 36, Status.SNAKE, 0.01
5188, 6, 33, Status.SNAKE, 0.01
5189, 9, 69, Status.WALL, 0.01
5190, 7, 63, Status.SNAKE, 0.01
5191, 12, 83, Status.SNAKE, 0.01
5192, 14, 97, Status.SNAKE, 0.01
5193, 4, 31, Status.SNAKE, 0.01
5194, 4, 30, Status.WALL, 0.01
5195, 6, 38, Status.SNAKE, 0.01
5196, 14, 121, Status.SNAKE, 0.01
5197, 9, 66, Status.SNAKE, 0.01
5198, 3, 14, Status.SNAKE, 0.01
5199, 15, 103, Status.SNAKE, 0.01
5200, 7, 52, Status.SNAKE, 0.01
5201, 7, 62, Status.SNAKE, 0.01
5202, 12, 79, Status.SNAKE, 0.01
5203, 8, 58, Status.SNAKE, 0.01
5204, 10, 58, Status.SNAKE, 0.01
5205, 13, 96, Status.SNAKE, 0.01
5206, 8, 85, Status.SNAKE, 0.01
5207, 18, 108, Status.SNAKE, 0.01
5208, 13, 92, Status.SNAKE, 0.01
5209, 8, 53, Status.SNAKE, 0.01
5210, 10, 49, Status.SNAKE, 0.01
5211, 3, 24, Status.SNAKE, 0.01
5212, 6, 46, Status.WALL, 0.01
5213, 19, 177, Status.SNAKE, 0.01
5214, 13, 112, Status.SNAKE, 0.01
5215, 11, 69, Status.SNAKE, 0.01
5216, 13, 88, Status.SNAKE, 0.01
5217, 10, 66, Status.SNAKE, 0.01
5218, 8, 63, Status.SNAKE, 0.01
5219, 12, 70, Status.WALL, 0.01
5220, 7, 58, Status.SNAKE, 0.01
5221, 10, 81, Status.SNAKE, 0.01
5222, 16, 132, Status.SNAKE, 0.01
5223, 7, 61, Status.SNAKE, 0.01
5224, 5, 23, Status.WALL, 0.01
5225, 3, 21, Status.SNAKE, 0.01
5226, 10, 79, Status.WALL, 0.01
5227, 12, 73, Status.WALL, 0.01
5228, 7, 47, Status.SNAKE, 0.01
5229, 7, 57, Status.WALL, 0.01
5230, 13, 92, Status.SNAKE, 0.01
5231, 9, 64, Status.SNAKE, 0.01
5232, 3, 18, Status.WALL, 0.01
5233, 6, 49, Status.SNAKE, 0.01
5234, 7, 45, Status.SNAKE, 0.01
5235, 15, 119, Status.SNAKE, 0.01
5236, 3, 13, Status.SNAKE, 0.01
5237, 12, 70, Status.WALL, 0.01
5238, 9, 61, Status.SNAKE, 0.01
5239, 12, 79, Status.SNAKE, 0.01
5240, 9, 52, Status.WALL, 0.01
5241, 7, 57, Status.SNAKE, 0.01
5242, 20, 165, Status.SNAKE, 0.01
5243, 8, 49, Status.SNAKE, 0.01
5244, 2, 12, Status.WALL, 0.01
5245, 7, 67, Status.SNAKE, 0.01
5246, 18, 144, Status.SNAKE, 0.01
5247, 15, 118, Status.SNAKE, 0.01
5248, 5, 36, Status.WALL, 0.01
5249, 12, 73, Status.SNAKE, 0.01
5250, 11, 86, Status.SNAKE, 0.01
5251, 1, 16, Status.WALL, 0.01
5252, 7, 57, Status.SNAKE, 0.01
5253, 14, 107, Status.WALL, 0.01
5254, 14, 114, Status.SNAKE, 0.01
5255, 5, 34, Status.SNAKE, 0.01
5256, 3, 23, Status.WALL, 0.01
5257, 10, 96, Status.WALL, 0.01
5258, 2, 13, Status.SNAKE, 0.01
5259, 10, 69, Status.SNAKE, 0.01
5260, 13, 113, Status.WALL, 0.01
5261, 7, 41, Status.SNAKE, 0.01
5262, 1, 5, Status.SNAKE, 0.01
5263, 6, 54, Status.SNAKE, 0.01
5264, 7, 41, Status.SNAKE, 0.01
5265, 1, 12, Status.SNAKE, 0.01
5266, 13, 102, Status.SNAKE, 0.01
5267, 18, 123, Status.SNAKE, 0.01
5268, 8, 55, Status.SNAKE, 0.01
5269, 16, 121, Status.SNAKE, 0.01
5270, 0, 7, Status.WALL, 0.01
5271, 5, 35, Status.SNAKE, 0.01
5272, 9, 70, Status.SNAKE, 0.01
5273, 3, 16, Status.SNAKE, 0.01
5274, 5, 37, Status.WALL, 0.01
5275, 3, 16, Status.SNAKE, 0.01
5276, 8, 37, Status.WALL, 0.01
5277, 16, 131, Status.SNAKE, 0.01
5278, 8, 56, Status.SNAKE, 0.01
5279, 10, 52, Status.SNAKE, 0.01
5280, 6, 52, Status.SNAKE, 0.01
5281, 10, 72, Status.SNAKE, 0.01
5282, 9, 70, Status.SNAKE, 0.01
5283, 16, 98, Status.SNAKE, 0.01
5284, 13, 94, Status.SNAKE, 0.01
5285, 12, 72, Status.SNAKE, 0.01
5286, 21, 151, Status.SNAKE, 0.01
5287, 10, 70, Status.SNAKE, 0.01
5288, 4, 15, Status.WALL, 0.01
5289, 3, 13, Status.SNAKE, 0.01
5290, 13, 83, Status.SNAKE, 0.01
5291, 6, 42, Status.SNAKE, 0.01
5292, 13, 87, Status.SNAKE, 0.01
5293, 22, 143, Status.WALL, 0.01
5294, 11, 124, Status.WALL, 0.01
5295, 11, 87, Status.SNAKE, 0.01
5296, 3, 10, Status.SNAKE, 0.01
5297, 12, 118, Status.SNAKE, 0.01
5298, 6, 46, Status.SNAKE, 0.01
5299, 11, 63, Status.SNAKE, 0.01
5300, 9, 96, Status.SNAKE, 0.01
5301, 7, 38, Status.SNAKE, 0.01
5302, 10, 48, Status.SNAKE, 0.01
5303, 8, 50, Status.SNAKE, 0.01
5304, 2, 7, Status.SNAKE, 0.01
5305, 3, 15, Status.SNAKE, 0.01
5306, 9, 104, Status.SNAKE, 0.01
5307, 11, 70, Status.SNAKE, 0.01
5308, 12, 89, Status.WALL, 0.01
5309, 2, 16, Status.WALL, 0.01
5310, 10, 66, Status.SNAKE, 0.01
5311, 3, 25, Status.WALL, 0.01
5312, 14, 133, Status.SNAKE, 0.01
5313, 9, 83, Status.SNAKE, 0.01
5314, 7, 50, Status.WALL, 0.01
5315, 14, 93, Status.SNAKE, 0.01
5316, 9, 82, Status.SNAKE, 0.01
5317, 15, 98, Status.SNAKE, 0.01
5318, 10, 57, Status.SNAKE, 0.01
5319, 12, 96, Status.SNAKE, 0.01
5320, 19, 134, Status.SNAKE, 0.01
5321, 7, 38, Status.SNAKE, 0.01
5322, 6, 31, Status.WALL, 0.01
5323, 15, 115, Status.SNAKE, 0.01
5324, 12, 77, Status.SNAKE, 0.01
5325, 11, 100, Status.SNAKE, 0.01
5326, 10, 66, Status.SNAKE, 0.01
5327, 4, 22, Status.SNAKE, 0.01
5328, 12, 90, Status.WALL, 0.01
5329, 7, 40, Status.SNAKE, 0.01
5330, 6, 48, Status.SNAKE, 0.01
5331, 19, 122, Status.SNAKE, 0.01
5332, 9, 60, Status.SNAKE, 0.01
5333, 15, 112, Status.SNAKE, 0.01
5334, 9, 77, Status.WALL, 0.01
5335, 14, 93, Status.WALL, 0.01
5336, 5, 34, Status.WALL, 0.01
5337, 15, 109, Status.SNAKE, 0.01
5338, 12, 63, Status.SNAKE, 0.01
5339, 7, 44, Status.SNAKE, 0.01
5340, 14, 105, Status.SNAKE, 0.01
5341, 9, 66, Status.SNAKE, 0.01
5342, 5, 38, Status.WALL, 0.01
5343, 6, 38, Status.SNAKE, 0.01
5344, 4, 35, Status.SNAKE, 0.01
5345, 9, 54, Status.WALL, 0.01
5346, 14, 109, Status.SNAKE, 0.01
5347, 9, 51, Status.SNAKE, 0.01
5348, 6, 30, Status.SNAKE, 0.01
5349, 7, 35, Status.SNAKE, 0.01
5350, 7, 66, Status.SNAKE, 0.01
5351, 6, 31, Status.SNAKE, 0.01
5352, 10, 79, Status.SNAKE, 0.01
5353, 14, 119, Status.SNAKE, 0.01
5354, 17, 133, Status.WALL, 0.01
5355, 17, 144, Status.WALL, 0.01
5356, 9, 70, Status.SNAKE, 0.01
5357, 13, 93, Status.SNAKE, 0.01
5358, 7, 57, Status.WALL, 0.01
5359, 3, 22, Status.SNAKE, 0.01
5360, 1, 6, Status.WALL, 0.01
5361, 5, 30, Status.WALL, 0.01
5362, 19, 116, Status.SNAKE, 0.01
5363, 1, 5, Status.SNAKE, 0.01
5364, 10, 98, Status.SNAKE, 0.01
5365, 5, 25, Status.SNAKE, 0.01
5366, 13, 99, Status.SNAKE, 0.01
5367, 15, 101, Status.SNAKE, 0.01
5368, 6, 47, Status.SNAKE, 0.01
5369, 3, 27, Status.SNAKE, 0.01
5370, 5, 31, Status.SNAKE, 0.01
5371, 7, 46, Status.SNAKE, 0.01
5372, 11, 76, Status.SNAKE, 0.01
5373, 10, 74, Status.SNAKE, 0.01
5374, 9, 46, Status.WALL, 0.01
5375, 16, 104, Status.WALL, 0.01
5376, 2, 11, Status.SNAKE, 0.01
5377, 1, 5, Status.SNAKE, 0.01
5378, 4, 21, Status.SNAKE, 0.01
5379, 16, 124, Status.SNAKE, 0.01
5380, 1, 5, Status.SNAKE, 0.01
5381, 7, 41, Status.SNAKE, 0.01
5382, 14, 114, Status.SNAKE, 0.01
5383, 3, 12, Status.WALL, 0.01
5384, 8, 63, Status.WALL, 0.01
5385, 1, 3, Status.SNAKE, 0.01
5386, 16, 101, Status.SNAKE, 0.01
5387, 3, 21, Status.WALL, 0.01
5388, 10, 63, Status.WALL, 0.01
5389, 8, 63, Status.SNAKE, 0.01
5390, 9, 59, Status.SNAKE, 0.01
5391, 13, 100, Status.WALL, 0.01
5392, 9, 69, Status.SNAKE, 0.01
5393, 5, 41, Status.SNAKE, 0.01
5394, 6, 44, Status.SNAKE, 0.01
5395, 9, 60, Status.SNAKE, 0.01
5396, 8, 54, Status.SNAKE, 0.01
5397, 6, 39, Status.SNAKE, 0.01
5398, 5, 35, Status.SNAKE, 0.01
5399, 16, 95, Status.SNAKE, 0.01
5400, 7, 56, Status.SNAKE, 0.01
5401, 10, 76, Status.SNAKE, 0.01
5402, 7, 43, Status.SNAKE, 0.01
5403, 9, 82, Status.SNAKE, 0.01
5404, 6, 46, Status.SNAKE, 0.01
5405, 23, 169, Status.WALL, 0.01
5406, 6, 63, Status.SNAKE, 0.01
5407, 16, 133, Status.SNAKE, 0.01
5408, 4, 19, Status.WALL, 0.01
5409, 14, 74, Status.SNAKE, 0.01
5410, 18, 149, Status.SNAKE, 0.01
5411, 17, 131, Status.SNAKE, 0.01
5412, 13, 80, Status.SNAKE, 0.01
5413, 7, 40, Status.SNAKE, 0.01
5414, 15, 123, Status.SNAKE, 0.01
5415, 13, 75, Status.WALL, 0.01
5416, 3, 20, Status.SNAKE, 0.01
5417, 8, 41, Status.SNAKE, 0.01
5418, 6, 48, Status.SNAKE, 0.01
5419, 13, 87, Status.SNAKE, 0.01
5420, 11, 69, Status.SNAKE, 0.01
5421, 1, 5, Status.SNAKE, 0.01
5422, 10, 86, Status.SNAKE, 0.01
5423, 3, 24, Status.WALL, 0.01
5424, 14, 74, Status.WALL, 0.01
5425, 1, 12, Status.WALL, 0.01
5426, 8, 58, Status.SNAKE, 0.01
5427, 6, 34, Status.WALL, 0.01
5428, 1, 12, Status.WALL, 0.01
5429, 10, 64, Status.SNAKE, 0.01
5430, 9, 63, Status.WALL, 0.01
5431, 1, 7, Status.SNAKE, 0.01
5432, 3, 8, Status.SNAKE, 0.01
5433, 14, 105, Status.SNAKE, 0.01
5434, 10, 71, Status.SNAKE, 0.01
5435, 18, 139, Status.WALL, 0.01
5436, 14, 87, Status.SNAKE, 0.01
5437, 10, 63, Status.SNAKE, 0.01
5438, 7, 41, Status.WALL, 0.01
5439, 12, 93, Status.SNAKE, 0.01
5440, 28, 171, Status.SNAKE, 0.01
5441, 6, 28, Status.SNAKE, 0.01
5442, 8, 49, Status.SNAKE, 0.01
5443, 12, 83, Status.SNAKE, 0.01
5444, 15, 101, Status.SNAKE, 0.01
5445, 12, 97, Status.SNAKE, 0.01
5446, 1, 5, Status.SNAKE, 0.01
5447, 9, 83, Status.SNAKE, 0.01
5448, 7, 34, Status.SNAKE, 0.01
5449, 1, 14, Status.WALL, 0.01
5450, 3, 22, Status.WALL, 0.01
5451, 18, 168, Status.SNAKE, 0.01
5452, 5, 41, Status.SNAKE, 0.01
5453, 15, 103, Status.SNAKE, 0.01
5454, 20, 124, Status.SNAKE, 0.01
5455, 11, 84, Status.SNAKE, 0.01
5456, 3, 20, Status.SNAKE, 0.01
5457, 12, 52, Status.WALL, 0.01
5458, 12, 80, Status.SNAKE, 0.01
5459, 10, 83, Status.WALL, 0.01
5460, 5, 42, Status.SNAKE, 0.01
5461, 8, 75, Status.WALL, 0.01
5462, 6, 58, Status.WALL, 0.01
5463, 5, 36, Status.SNAKE, 0.01
5464, 8, 54, Status.SNAKE, 0.01
5465, 5, 26, Status.SNAKE, 0.01
5466, 9, 75, Status.SNAKE, 0.01
5467, 7, 36, Status.SNAKE, 0.01
5468, 5, 38, Status.SNAKE, 0.01
5469, 3, 17, Status.SNAKE, 0.01
5470, 3, 13, Status.WALL, 0.01
5471, 14, 81, Status.WALL, 0.01
5472, 17, 97, Status.SNAKE, 0.01
5473, 11, 59, Status.SNAKE, 0.01
5474, 16, 82, Status.SNAKE, 0.01
5475, 8, 69, Status.SNAKE, 0.01
5476, 7, 55, Status.SNAKE, 0.01
5477, 10, 52, Status.SNAKE, 0.01
5478, 6, 35, Status.SNAKE, 0.01
5479, 8, 53, Status.SNAKE, 0.01
5480, 11, 100, Status.WALL, 0.01
5481, 2, 9, Status.SNAKE, 0.01
5482, 1, 13, Status.WALL, 0.01
5483, 3, 21, Status.SNAKE, 0.01
5484, 10, 69, Status.SNAKE, 0.01
5485, 7, 53, Status.SNAKE, 0.01
5486, 12, 101, Status.SNAKE, 0.01
5487, 5, 31, Status.SNAKE, 0.01
5488, 1, 3, Status.SNAKE, 0.01
5489, 5, 25, Status.SNAKE, 0.01
5490, 8, 65, Status.SNAKE, 0.01
5491, 8, 42, Status.SNAKE, 0.01
5492, 11, 84, Status.SNAKE, 0.01
5493, 6, 42, Status.SNAKE, 0.01
5494, 13, 88, Status.SNAKE, 0.01
5495, 9, 51, Status.SNAKE, 0.01
5496, 7, 50, Status.SNAKE, 0.01
5497, 10, 73, Status.SNAKE, 0.01
5498, 8, 51, Status.SNAKE, 0.01
5499, 12, 70, Status.WALL, 0.01
5500, 5, 44, Status.SNAKE, 0.01
5501, 10, 78, Status.SNAKE, 0.01
5502, 9, 57, Status.SNAKE, 0.01
5503, 5, 35, Status.WALL, 0.01
5504, 4, 19, Status.SNAKE, 0.01
5505, 13, 80, Status.SNAKE, 0.01
5506, 13, 116, Status.SNAKE, 0.01
5507, 13, 112, Status.SNAKE, 0.01
5508, 11, 64, Status.SNAKE, 0.01
5509, 8, 52, Status.SNAKE, 0.01
5510, 14, 100, Status.SNAKE, 0.01
5511, 10, 59, Status.WALL, 0.01
5512, 10, 73, Status.SNAKE, 0.01
5513, 13, 107, Status.WALL, 0.01
5514, 1, 5, Status.SNAKE, 0.01
5515, 7, 36, Status.SNAKE, 0.01
5516, 8, 60, Status.SNAKE, 0.01
5517, 11, 80, Status.SNAKE, 0.01
5518, 9, 41, Status.WALL, 0.01
5519, 9, 47, Status.SNAKE, 0.01
5520, 3, 31, Status.WALL, 0.01
5521, 7, 53, Status.SNAKE, 0.01
5522, 15, 129, Status.SNAKE, 0.01
5523, 1, 8, Status.WALL, 0.01
5524, 18, 152, Status.SNAKE, 0.01
5525, 6, 50, Status.SNAKE, 0.01
5526, 15, 102, Status.SNAKE, 0.01
5527, 8, 43, Status.SNAKE, 0.01
5528, 2, 19, Status.SNAKE, 0.01
5529, 11, 96, Status.SNAKE, 0.01
5530, 6, 37, Status.SNAKE, 0.01
5531, 16, 91, Status.SNAKE, 0.01
5532, 5, 30, Status.SNAKE, 0.01
5533, 7, 33, Status.SNAKE, 0.01
5534, 12, 91, Status.SNAKE, 0.01
5535, 7, 45, Status.SNAKE, 0.01
5536, 11, 72, Status.SNAKE, 0.01
5537, 2, 21, Status.WALL, 0.01
5538, 5, 29, Status.SNAKE, 0.01
5539, 14, 73, Status.SNAKE, 0.01
5540, 14, 82, Status.SNAKE, 0.01
5541, 12, 79, Status.WALL, 0.01
5542, 9, 61, Status.SNAKE, 0.01
5543, 8, 61, Status.SNAKE, 0.01
5544, 5, 52, Status.WALL, 0.01
5545, 13, 90, Status.SNAKE, 0.01
5546, 4, 39, Status.SNAKE, 0.01
5547, 1, 9, Status.WALL, 0.01
5548, 9, 79, Status.SNAKE, 0.01
5549, 7, 43, Status.SNAKE, 0.01
5550, 11, 73, Status.SNAKE, 0.01
5551, 7, 45, Status.SNAKE, 0.01
5552, 7, 50, Status.SNAKE, 0.01
5553, 9, 49, Status.WALL, 0.01
5554, 19, 109, Status.SNAKE, 0.01
5555, 5, 38, Status.SNAKE, 0.01
5556, 9, 51, Status.SNAKE, 0.01
5557, 9, 71, Status.SNAKE, 0.01
5558, 5, 32, Status.SNAKE, 0.01
5559, 11, 81, Status.SNAKE, 0.01
5560, 9, 48, Status.SNAKE, 0.01
5561, 5, 51, Status.SNAKE, 0.01
5562, 6, 47, Status.SNAKE, 0.01
5563, 6, 22, Status.SNAKE, 0.01
5564, 8, 47, Status.SNAKE, 0.01
5565, 9, 62, Status.SNAKE, 0.01
5566, 14, 131, Status.SNAKE, 0.01
5567, 13, 97, Status.SNAKE, 0.01
5568, 11, 63, Status.SNAKE, 0.01
5569, 10, 73, Status.SNAKE, 0.01
5570, 8, 49, Status.WALL, 0.01
5571, 4, 21, Status.SNAKE, 0.01
5572, 6, 32, Status.SNAKE, 0.01
5573, 14, 117, Status.WALL, 0.01
5574, 2, 13, Status.SNAKE, 0.01
5575, 13, 120, Status.SNAKE, 0.01
5576, 16, 103, Status.SNAKE, 0.01
5577, 10, 84, Status.WALL, 0.01
5578, 5, 34, Status.SNAKE, 0.01
5579, 18, 142, Status.SNAKE, 0.01
5580, 3, 21, Status.SNAKE, 0.01
5581, 5, 42, Status.SNAKE, 0.01
5582, 8, 50, Status.SNAKE, 0.01
5583, 4, 27, Status.WALL, 0.01
5584, 8, 71, Status.WALL, 0.01
5585, 1, 5, Status.SNAKE, 0.01
5586, 12, 92, Status.SNAKE, 0.01
5587, 6, 45, Status.WALL, 0.01
5588, 4, 19, Status.SNAKE, 0.01
5589, 5, 24, Status.SNAKE, 0.01
5590, 15, 95, Status.SNAKE, 0.01
5591, 17, 135, Status.SNAKE, 0.01
5592, 0, 5, Status.WALL, 0.01
5593, 11, 71, Status.SNAKE, 0.01
5594, 5, 37, Status.SNAKE, 0.01
5595, 5, 52, Status.SNAKE, 0.01
5596, 12, 101, Status.SNAKE, 0.01
5597, 11, 66, Status.SNAKE, 0.01
5598, 1, 9, Status.WALL, 0.01
5599, 11, 53, Status.SNAKE, 0.01
5600, 18, 165, Status.SNAKE, 0.01
5601, 10, 76, Status.WALL, 0.01
5602, 5, 37, Status.SNAKE, 0.01
5603, 13, 97, Status.SNAKE, 0.01
5604, 10, 55, Status.SNAKE, 0.01
5605, 9, 84, Status.WALL, 0.01
5606, 8, 51, Status.SNAKE, 0.01
5607, 14, 130, Status.SNAKE, 0.01
5608, 9, 83, Status.SNAKE, 0.01
5609, 6, 46, Status.WALL, 0.01
5610, 5, 35, Status.SNAKE, 0.01
5611, 11, 88, Status.WALL, 0.01
5612, 9, 58, Status.WALL, 0.01
5613, 8, 67, Status.SNAKE, 0.01
5614, 8, 63, Status.SNAKE, 0.01
5615, 8, 67, Status.SNAKE, 0.01
5616, 1, 5, Status.SNAKE, 0.01
5617, 6, 28, Status.SNAKE, 0.01
5618, 10, 63, Status.SNAKE, 0.01
5619, 5, 25, Status.SNAKE, 0.01
5620, 1, 6, Status.WALL, 0.01
5621, 5, 27, Status.SNAKE, 0.01
5622, 6, 30, Status.SNAKE, 0.01
5623, 4, 34, Status.WALL, 0.01
5624, 11, 75, Status.SNAKE, 0.01
5625, 6, 49, Status.SNAKE, 0.01
5626, 16, 113, Status.SNAKE, 0.01
5627, 8, 56, Status.SNAKE, 0.01
5628, 6, 51, Status.WALL, 0.01
5629, 1, 6, Status.WALL, 0.01
5630, 17, 124, Status.SNAKE, 0.01
5631, 10, 75, Status.WALL, 0.01
5632, 9, 50, Status.SNAKE, 0.01
5633, 6, 45, Status.SNAKE, 0.01
5634, 3, 21, Status.SNAKE, 0.01
5635, 3, 35, Status.SNAKE, 0.01
5636, 9, 55, Status.SNAKE, 0.01
5637, 7, 51, Status.SNAKE, 0.01
5638, 6, 27, Status.SNAKE, 0.01
5639, 6, 26, Status.WALL, 0.01
5640, 2, 20, Status.SNAKE, 0.01
5641, 4, 31, Status.WALL, 0.01
5642, 11, 52, Status.SNAKE, 0.01
5643, 8, 48, Status.WALL, 0.01
5644, 11, 106, Status.SNAKE, 0.01
5645, 20, 121, Status.SNAKE, 0.01
5646, 14, 85, Status.SNAKE, 0.01
5647, 13, 115, Status.SNAKE, 0.01
5648, 6, 33, Status.SNAKE, 0.01
5649, 8, 62, Status.SNAKE, 0.01
5650, 8, 71, Status.SNAKE, 0.01
5651, 4, 50, Status.WALL, 0.01
5652, 1, 12, Status.WALL, 0.01
5653, 10, 74, Status.SNAKE, 0.01
5654, 15, 127, Status.SNAKE, 0.01
5655, 18, 140, Status.SNAKE, 0.01
5656, 10, 73, Status.SNAKE, 0.01
5657, 6, 51, Status.WALL, 0.01
5658, 9, 51, Status.WALL, 0.01
5659, 15, 99, Status.SNAKE, 0.01
5660, 9, 77, Status.SNAKE, 0.01
5661, 0, 8, Status.WALL, 0.01
5662, 14, 91, Status.SNAKE, 0.01
5663, 4, 28, Status.WALL, 0.01
5664, 11, 76, Status.SNAKE, 0.01
5665, 5, 40, Status.WALL, 0.01
5666, 2, 24, Status.WALL, 0.01
5667, 3, 19, Status.SNAKE, 0.01
5668, 10, 69, Status.SNAKE, 0.01
5669, 5, 38, Status.SNAKE, 0.01
5670, 18, 138, Status.SNAKE, 0.01
5671, 8, 50, Status.SNAKE, 0.01
5672, 13, 89, Status.SNAKE, 0.01
5673, 4, 30, Status.SNAKE, 0.01
5674, 3, 21, Status.WALL, 0.01
5675, 6, 33, Status.SNAKE, 0.01
5676, 7, 59, Status.WALL, 0.01
5677, 2, 21, Status.SNAKE, 0.01
5678, 3, 21, Status.SNAKE, 0.01
5679, 10, 59, Status.SNAKE, 0.01
5680, 11, 75, Status.SNAKE, 0.01
5681, 6, 37, Status.WALL, 0.01
5682, 5, 36, Status.WALL, 0.01
5683, 12, 81, Status.WALL, 0.01
5684, 11, 77, Status.SNAKE, 0.01
5685, 13, 99, Status.SNAKE, 0.01
5686, 15, 100, Status.SNAKE, 0.01
5687, 1, 5, Status.SNAKE, 0.01
5688, 5, 20, Status.WALL, 0.01
5689, 5, 26, Status.WALL, 0.01
5690, 7, 53, Status.SNAKE, 0.01
5691, 11, 83, Status.SNAKE, 0.01
5692, 7, 40, Status.SNAKE, 0.01
5693, 11, 73, Status.WALL, 0.01
5694, 5, 44, Status.WALL, 0.01
5695, 4, 30, Status.SNAKE, 0.01
5696, 3, 17, Status.SNAKE, 0.01
5697, 11, 60, Status.SNAKE, 0.01
5698, 1, 5, Status.SNAKE, 0.01
5699, 1, 3, Status.SNAKE, 0.01
5700, 9, 45, Status.SNAKE, 0.01
5701, 10, 56, Status.SNAKE, 0.01
5702, 8, 51, Status.SNAKE, 0.01
5703, 8, 48, Status.SNAKE, 0.01
5704, 13, 87, Status.SNAKE, 0.01
5705, 5, 43, Status.SNAKE, 0.01
5706, 16, 110, Status.SNAKE, 0.01
5707, 2, 13, Status.SNAKE, 0.01
5708, 10, 55, Status.SNAKE, 0.01
5709, 12, 89, Status.WALL, 0.01
5710, 3, 26, Status.WALL, 0.01
5711, 9, 48, Status.SNAKE, 0.01
5712, 6, 46, Status.SNAKE, 0.01
5713, 13, 71, Status.SNAKE, 0.01
5714, 10, 62, Status.WALL, 0.01
5715, 20, 143, Status.SNAKE, 0.01
5716, 10, 70, Status.SNAKE, 0.01
5717, 8, 64, Status.SNAKE, 0.01
5718, 7, 62, Status.WALL, 0.01
5719, 5, 29, Status.SNAKE, 0.01
5720, 5, 40, Status.WALL, 0.01
5721, 10, 88, Status.SNAKE, 0.01
5722, 14, 95, Status.SNAKE, 0.01
5723, 26, 187, Status.SNAKE, 0.01
5724, 13, 95, Status.SNAKE, 0.01
5725, 6, 58, Status.WALL, 0.01
5726, 3, 25, Status.SNAKE, 0.01
5727, 13, 83, Status.WALL, 0.01
5728, 8, 62, Status.SNAKE, 0.01
5729, 13, 97, Status.WALL, 0.01
5730, 5, 30, Status.WALL, 0.01
5731, 14, 98, Status.SNAKE, 0.01
5732, 7, 52, Status.SNAKE, 0.01
5733, 12, 90, Status.SNAKE, 0.01
5734, 10, 78, Status.WALL, 0.01
5735, 6, 49, Status.SNAKE, 0.01
5736, 3, 31, Status.WALL, 0.01
5737, 11, 70, Status.WALL, 0.01
5738, 11, 98, Status.SNAKE, 0.01
5739, 4, 29, Status.SNAKE, 0.01
5740, 6, 24, Status.SNAKE, 0.01
5741, 7, 47, Status.SNAKE, 0.01
5742, 7, 50, Status.WALL, 0.01
5743, 9, 60, Status.SNAKE, 0.01
5744, 6, 36, Status.SNAKE, 0.01
5745, 11, 81, Status.WALL, 0.01
5746, 12, 99, Status.WALL, 0.01
5747, 9, 82, Status.WALL, 0.01
5748, 4, 38, Status.WALL, 0.01
5749, 6, 32, Status.SNAKE, 0.01
5750, 14, 81, Status.SNAKE, 0.01
5751, 7, 52, Status.WALL, 0.01
5752, 1, 3, Status.SNAKE, 0.01
5753, 7, 46, Status.SNAKE, 0.01
5754, 7, 37, Status.SNAKE, 0.01
5755, 15, 135, Status.WALL, 0.01
5756, 11, 76, Status.WALL, 0.01
5757, 14, 99, Status.SNAKE, 0.01
5758, 13, 82, Status.SNAKE, 0.01
5759, 7, 62, Status.SNAKE, 0.01
5760, 3, 24, Status.SNAKE, 0.01
5761, 1, 9, Status.WALL, 0.01
5762, 7, 57, Status.SNAKE, 0.01
5763, 11, 63, Status.SNAKE, 0.01
5764, 9, 74, Status.WALL, 0.01
5765, 8, 52, Status.SNAKE, 0.01
5766, 9, 75, Status.SNAKE, 0.01
5767, 7, 54, Status.WALL, 0.01
5768, 11, 83, Status.SNAKE, 0.01
5769, 9, 62, Status.WALL, 0.01
5770, 18, 128, Status.WALL, 0.01
5771, 4, 18, Status.SNAKE, 0.01
5772, 2, 9, Status.WALL, 0.01
5773, 9, 70, Status.SNAKE, 0.01
5774, 7, 29, Status.SNAKE, 0.01
5775, 11, 59, Status.SNAKE, 0.01
5776, 7, 42, Status.WALL, 0.01
5777, 3, 15, Status.WALL, 0.01
5778, 9, 63, Status.SNAKE, 0.01
5779, 7, 40, Status.SNAKE, 0.01
5780, 13, 96, Status.SNAKE, 0.01
5781, 9, 64, Status.WALL, 0.01
5782, 10, 78, Status.SNAKE, 0.01
5783, 11, 92, Status.SNAKE, 0.01
5784, 3, 40, Status.SNAKE, 0.01
5785, 13, 80, Status.SNAKE, 0.01
5786, 3, 15, Status.WALL, 0.01
5787, 18, 166, Status.SNAKE, 0.01
5788, 4, 31, Status.SNAKE, 0.01
5789, 12, 78, Status.SNAKE, 0.01
5790, 8, 42, Status.SNAKE, 0.01
5791, 15, 119, Status.SNAKE, 0.01
5792, 11, 94, Status.SNAKE, 0.01
5793, 12, 91, Status.SNAKE, 0.01
5794, 1, 8, Status.WALL, 0.01
5795, 14, 124, Status.SNAKE, 0.01
5796, 11, 87, Status.SNAKE, 0.01
5797, 4, 21, Status.SNAKE, 0.01
5798, 12, 71, Status.WALL, 0.01
5799, 11, 63, Status.SNAKE, 0.01
5800, 1, 5, Status.SNAKE, 0.01
5801, 14, 120, Status.SNAKE, 0.01
5802, 11, 71, Status.SNAKE, 0.01
5803, 9, 62, Status.SNAKE, 0.01
5804, 11, 85, Status.SNAKE, 0.01
5805, 8, 59, Status.WALL, 0.01
5806, 2, 8, Status.SNAKE, 0.01
5807, 7, 55, Status.SNAKE, 0.01
5808, 15, 119, Status.SNAKE, 0.01
5809, 7, 49, Status.SNAKE, 0.01
5810, 12, 83, Status.WALL, 0.01
5811, 10, 74, Status.SNAKE, 0.01
5812, 11, 98, Status.SNAKE, 0.01
5813, 5, 38, Status.SNAKE, 0.01
5814, 11, 83, Status.SNAKE, 0.01
5815, 3, 29, Status.SNAKE, 0.01
5816, 5, 45, Status.SNAKE, 0.01
5817, 8, 45, Status.WALL, 0.01
5818, 14, 82, Status.SNAKE, 0.01
5819, 4, 24, Status.SNAKE, 0.01
5820, 3, 23, Status.SNAKE, 0.01
5821, 6, 36, Status.SNAKE, 0.01
5822, 8, 62, Status.SNAKE, 0.01
5823, 3, 18, Status.SNAKE, 0.01
5824, 13, 91, Status.WALL, 0.01
5825, 3, 16, Status.WALL, 0.01
5826, 8, 64, Status.SNAKE, 0.01
5827, 13, 84, Status.SNAKE, 0.01
5828, 11, 55, Status.SNAKE, 0.01
5829, 7, 54, Status.SNAKE, 0.01
5830, 8, 73, Status.SNAKE, 0.01
5831, 16, 119, Status.SNAKE, 0.01
5832, 10, 57, Status.SNAKE, 0.01
5833, 7, 51, Status.SNAKE, 0.01
5834, 7, 72, Status.SNAKE, 0.01
5835, 14, 100, Status.WALL, 0.01
5836, 6, 31, Status.SNAKE, 0.01
5837, 12, 70, Status.SNAKE, 0.01
5838, 6, 26, Status.SNAKE, 0.01
5839, 6, 42, Status.SNAKE, 0.01
5840, 1, 12, Status.WALL, 0.01
5841, 2, 18, Status.SNAKE, 0.01
5842, 13, 98, Status.SNAKE, 0.01
5843, 20, 137, Status.SNAKE, 0.01
5844, 7, 45, Status.SNAKE, 0.01
5845, 3, 23, Status.WALL, 0.01
5846, 8, 42, Status.SNAKE, 0.01
5847, 5, 26, Status.SNAKE, 0.01
5848, 12, 93, Status.SNAKE, 0.01
5849, 8, 49, Status.SNAKE, 0.01
5850, 3, 24, Status.WALL, 0.01
5851, 12, 81, Status.SNAKE, 0.01
5852, 15, 130, Status.SNAKE, 0.01
5853, 6, 56, Status.SNAKE, 0.01
5854, 9, 68, Status.SNAKE, 0.01
5855, 13, 128, Status.WALL, 0.01
5856, 8, 62, Status.WALL, 0.01
5857, 9, 65, Status.SNAKE, 0.01
5858, 7, 60, Status.SNAKE, 0.01
5859, 9, 65, Status.SNAKE, 0.01
5860, 17, 100, Status.SNAKE, 0.01
5861, 10, 71, Status.SNAKE, 0.01
5862, 21, 124, Status.SNAKE, 0.01
5863, 7, 40, Status.WALL, 0.01
5864, 12, 94, Status.WALL, 0.01
5865, 4, 29, Status.SNAKE, 0.01
5866, 2, 21, Status.WALL, 0.01
5867, 8, 34, Status.SNAKE, 0.01
5868, 6, 57, Status.WALL, 0.01
5869, 12, 127, Status.SNAKE, 0.01
5870, 9, 48, Status.SNAKE, 0.01
5871, 13, 88, Status.SNAKE, 0.01
5872, 8, 54, Status.SNAKE, 0.01
5873, 12, 87, Status.SNAKE, 0.01
5874, 2, 7, Status.SNAKE, 0.01
5875, 18, 105, Status.WALL, 0.01
5876, 4, 30, Status.SNAKE, 0.01
5877, 2, 17, Status.WALL, 0.01
5878, 8, 65, Status.SNAKE, 0.01
5879, 3, 18, Status.WALL, 0.01
5880, 11, 105, Status.WALL, 0.01
5881, 4, 33, Status.SNAKE, 0.01
5882, 9, 55, Status.SNAKE, 0.01
5883, 5, 27, Status.SNAKE, 0.01
5884, 16, 104, Status.SNAKE, 0.01
5885, 6, 36, Status.SNAKE, 0.01
5886, 7, 41, Status.SNAKE, 0.01
5887, 6, 45, Status.SNAKE, 0.01
5888, 11, 77, Status.SNAKE, 0.01
5889, 10, 64, Status.SNAKE, 0.01
5890, 7, 31, Status.SNAKE, 0.01
5891, 10, 70, Status.SNAKE, 0.01
5892, 1, 6, Status.WALL, 0.01
5893, 8, 31, Status.SNAKE, 0.01
5894, 11, 69, Status.WALL, 0.01
5895, 6, 40, Status.SNAKE, 0.01
5896, 11, 106, Status.SNAKE, 0.01
5897, 2, 16, Status.SNAKE, 0.01
5898, 2, 16, Status.WALL, 0.01
5899, 11, 61, Status.SNAKE, 0.01
5900, 6, 51, Status.SNAKE, 0.01
5901, 7, 57, Status.SNAKE, 0.01
5902, 13, 84, Status.SNAKE, 0.01
5903, 16, 118, Status.SNAKE, 0.01
5904, 7, 48, Status.SNAKE, 0.01
5905, 15, 108, Status.SNAKE, 0.01
5906, 6, 32, Status.SNAKE, 0.01
5907, 9, 73, Status.SNAKE, 0.01
5908, 1, 5, Status.SNAKE, 0.01
5909, 15, 96, Status.SNAKE, 0.01
5910, 9, 49, Status.SNAKE, 0.01
5911, 1, 7, Status.WALL, 0.01
5912, 14, 83, Status.SNAKE, 0.01
5913, 7, 46, Status.SNAKE, 0.01
5914, 7, 43, Status.SNAKE, 0.01
5915, 13, 109, Status.SNAKE, 0.01
5916, 10, 48, Status.SNAKE, 0.01
5917, 12, 94, Status.WALL, 0.01
5918, 12, 92, Status.SNAKE, 0.01
5919, 9, 49, Status.SNAKE, 0.01
5920, 13, 88, Status.WALL, 0.01
5921, 11, 82, Status.SNAKE, 0.01
5922, 9, 67, Status.SNAKE, 0.01
5923, 10, 91, Status.SNAKE, 0.01
5924, 7, 51, Status.SNAKE, 0.01
5925, 2, 26, Status.SNAKE, 0.01
5926, 10, 55, Status.SNAKE, 0.01
5927, 12, 81, Status.WALL, 0.01
5928, 13, 121, Status.SNAKE, 0.01
5929, 9, 68, Status.SNAKE, 0.01
5930, 12, 83, Status.WALL, 0.01
5931, 16, 100, Status.SNAKE, 0.01
5932, 6, 34, Status.SNAKE, 0.01
5933, 5, 31, Status.SNAKE, 0.01
5934, 2, 14, Status.SNAKE, 0.01
5935, 1, 5, Status.SNAKE, 0.01
5936, 3, 17, Status.SNAKE, 0.01
5937, 19, 110, Status.SNAKE, 0.01
5938, 7, 41, Status.SNAKE, 0.01
5939, 5, 33, Status.SNAKE, 0.01
5940, 11, 87, Status.SNAKE, 0.01
5941, 3, 25, Status.WALL, 0.01
5942, 2, 11, Status.SNAKE, 0.01
5943, 11, 70, Status.SNAKE, 0.01
5944, 9, 80, Status.WALL, 0.01
5945, 14, 83, Status.SNAKE, 0.01
5946, 14, 74, Status.SNAKE, 0.01
5947, 12, 85, Status.SNAKE, 0.01
5948, 2, 34, Status.WALL, 0.01
5949, 4, 30, Status.WALL, 0.01
5950, 4, 18, Status.WALL, 0.01
5951, 6, 48, Status.WALL, 0.01
5952, 12, 83, Status.SNAKE, 0.01
5953, 12, 86, Status.SNAKE, 0.01
5954, 2, 8, Status.WALL, 0.01
5955, 15, 91, Status.SNAKE, 0.01
5956, 9, 58, Status.SNAKE, 0.01
5957, 11, 100, Status.SNAKE, 0.01
5958, 7, 54, Status.SNAKE, 0.01
5959, 3, 19, Status.WALL, 0.01
5960, 2, 4, Status.SNAKE, 0.01
5961, 3, 14, Status.WALL, 0.01
5962, 6, 45, Status.WALL, 0.01
5963, 9, 45, Status.SNAKE, 0.01
5964, 3, 23, Status.SNAKE, 0.01
5965, 11, 60, Status.SNAKE, 0.01
5966, 4, 18, Status.WALL, 0.01
5967, 11, 63, Status.SNAKE, 0.01
5968, 16, 108, Status.SNAKE, 0.01
5969, 18, 123, Status.WALL, 0.01
5970, 6, 30, Status.SNAKE, 0.01
5971, 7, 40, Status.WALL, 0.01
5972, 10, 76, Status.SNAKE, 0.01
5973, 5, 39, Status.WALL, 0.01
5974, 19, 110, Status.SNAKE, 0.01
5975, 11, 74, Status.SNAKE, 0.01
5976, 6, 57, Status.SNAKE, 0.01
5977, 9, 83, Status.SNAKE, 0.01
5978, 12, 75, Status.SNAKE, 0.01
5979, 10, 77, Status.SNAKE, 0.01
5980, 13, 88, Status.SNAKE, 0.01
5981, 9, 61, Status.SNAKE, 0.01
5982, 21, 120, Status.SNAKE, 0.01
5983, 11, 77, Status.SNAKE, 0.01
5984, 13, 104, Status.SNAKE, 0.01
5985, 9, 53, Status.SNAKE, 0.01
5986, 6, 35, Status.SNAKE, 0.01
5987, 10, 78, Status.SNAKE, 0.01
5988, 8, 39, Status.WALL, 0.01
5989, 9, 52, Status.WALL, 0.01
5990, 6, 45, Status.SNAKE, 0.01
5991, 11, 92, Status.SNAKE, 0.01
5992, 19, 147, Status.SNAKE, 0.01
5993, 7, 48, Status.WALL, 0.01
5994, 19, 116, Status.SNAKE, 0.01
5995, 1, 8, Status.WALL, 0.01
5996, 9, 57, Status.WALL, 0.01
5997, 12, 77, Status.SNAKE, 0.01
5998, 6, 38, Status.SNAKE, 0.01
5999, 9, 67, Status.SNAKE, 0.01
6000, 5, 27, Status.SNAKE, 0.01
6001, 9, 64, Status.SNAKE, 0.01
6002, 10, 85, Status.SNAKE, 0.01
6003, 15, 94, Status.SNAKE, 0.01
6004, 18, 142, Status.SNAKE, 0.01
6005, 13, 113, Status.SNAKE, 0.01
6006, 7, 87, Status.SNAKE, 0.01
6007, 8, 64, Status.SNAKE, 0.01
6008, 3, 20, Status.SNAKE, 0.01
6009, 9, 78, Status.SNAKE, 0.01
6010, 1, 8, Status.WALL, 0.01
6011, 9, 65, Status.SNAKE, 0.01
6012, 11, 90, Status.SNAKE, 0.01
6013, 3, 20, Status.WALL, 0.01
6014, 1, 5, Status.SNAKE, 0.01
6015, 13, 77, Status.WALL, 0.01
6016, 1, 7, Status.WALL, 0.01
6017, 5, 39, Status.SNAKE, 0.01
6018, 3, 25, Status.SNAKE, 0.01
6019, 6, 38, Status.SNAKE, 0.01
6020, 2, 22, Status.SNAKE, 0.01
6021, 3, 19, Status.SNAKE, 0.01
6022, 14, 135, Status.SNAKE, 0.01
6023, 9, 71, Status.SNAKE, 0.01
6024, 5, 22, Status.WALL, 0.01
6025, 13, 84, Status.WALL, 0.01
6026, 7, 37, Status.SNAKE, 0.01
6027, 3, 32, Status.SNAKE, 0.01
6028, 17, 122, Status.SNAKE, 0.01
6029, 3, 25, Status.SNAKE, 0.01
6030, 1, 7, Status.WALL, 0.01
6031, 4, 25, Status.WALL, 0.01
6032, 7, 48, Status.WALL, 0.01
6033, 9, 65, Status.SNAKE, 0.01
6034, 11, 78, Status.WALL, 0.01
6035, 1, 9, Status.SNAKE, 0.01
6036, 10, 79, Status.SNAKE, 0.01
6037, 10, 57, Status.SNAKE, 0.01
6038, 8, 49, Status.SNAKE, 0.01
6039, 8, 64, Status.SNAKE, 0.01
6040, 9, 65, Status.SNAKE, 0.01
6041, 5, 20, Status.SNAKE, 0.01
6042, 8, 57, Status.SNAKE, 0.01
6043, 10, 61, Status.WALL, 0.01
6044, 6, 29, Status.SNAKE, 0.01
6045, 9, 54, Status.SNAKE, 0.01
6046, 12, 84, Status.SNAKE, 0.01
6047, 2, 14, Status.WALL, 0.01
6048, 6, 40, Status.WALL, 0.01
6049, 10, 66, Status.WALL, 0.01
6050, 12, 96, Status.SNAKE, 0.01
6051, 9, 87, Status.SNAKE, 0.01
6052, 5, 32, Status.WALL, 0.01
6053, 5, 16, Status.SNAKE, 0.01
6054, 6, 68, Status.SNAKE, 0.01
6055, 12, 81, Status.WALL, 0.01
6056, 7, 41, Status.SNAKE, 0.01
6057, 7, 41, Status.SNAKE, 0.01
6058, 4, 24, Status.WALL, 0.01
6059, 7, 50, Status.SNAKE, 0.01
6060, 6, 52, Status.SNAKE, 0.01
6061, 1, 5, Status.SNAKE, 0.01
6062, 16, 131, Status.WALL, 0.01
6063, 9, 66, Status.WALL, 0.01
6064, 8, 50, Status.SNAKE, 0.01
6065, 5, 40, Status.SNAKE, 0.01
6066, 9, 67, Status.SNAKE, 0.01
6067, 2, 15, Status.SNAKE, 0.01
6068, 8, 49, Status.SNAKE, 0.01
6069, 17, 88, Status.SNAKE, 0.01
6070, 3, 29, Status.WALL, 0.01
6071, 16, 84, Status.SNAKE, 0.01
6072, 13, 105, Status.SNAKE, 0.01
6073, 12, 88, Status.WALL, 0.01
6074, 5, 32, Status.SNAKE, 0.01
6075, 10, 52, Status.WALL, 0.01
6076, 8, 75, Status.WALL, 0.01
6077, 9, 66, Status.SNAKE, 0.01
6078, 3, 21, Status.WALL, 0.01
6079, 7, 56, Status.WALL, 0.01
6080, 9, 84, Status.SNAKE, 0.01
6081, 4, 28, Status.WALL, 0.01
6082, 12, 64, Status.SNAKE, 0.01
6083, 9, 49, Status.SNAKE, 0.01
6084, 3, 21, Status.SNAKE, 0.01
6085, 0, 8, Status.WALL, 0.01
6086, 2, 9, Status.SNAKE, 0.01
6087, 10, 51, Status.SNAKE, 0.01
6088, 11, 101, Status.SNAKE, 0.01
6089, 10, 58, Status.SNAKE, 0.01
6090, 7, 60, Status.SNAKE, 0.01
6091, 3, 16, Status.SNAKE, 0.01
6092, 11, 86, Status.SNAKE, 0.01
6093, 13, 110, Status.SNAKE, 0.01
6094, 6, 41, Status.SNAKE, 0.01
6095, 16, 89, Status.SNAKE, 0.01
6096, 3, 18, Status.SNAKE, 0.01
6097, 3, 21, Status.SNAKE, 0.01
6098, 7, 61, Status.SNAKE, 0.01
6099, 4, 22, Status.WALL, 0.01
6100, 9, 54, Status.SNAKE, 0.01
6101, 7, 55, Status.WALL, 0.01
6102, 8, 50, Status.SNAKE, 0.01
6103, 8, 65, Status.WALL, 0.01
6104, 8, 55, Status.SNAKE, 0.01
6105, 3, 25, Status.WALL, 0.01
6106, 17, 135, Status.SNAKE, 0.01
6107, 7, 44, Status.SNAKE, 0.01
6108, 12, 81, Status.SNAKE, 0.01
6109, 8, 41, Status.SNAKE, 0.01
6110, 9, 65, Status.SNAKE, 0.01
6111, 6, 40, Status.SNAKE, 0.01
6112, 13, 76, Status.SNAKE, 0.01
6113, 14, 95, Status.SNAKE, 0.01
6114, 2, 14, Status.SNAKE, 0.01
6115, 5, 44, Status.SNAKE, 0.01
6116, 6, 38, Status.WALL, 0.01
6117, 9, 59, Status.SNAKE, 0.01
6118, 13, 76, Status.SNAKE, 0.01
6119, 9, 57, Status.SNAKE, 0.01
6120, 12, 79, Status.SNAKE, 0.01
6121, 2, 20, Status.SNAKE, 0.01
6122, 12, 85, Status.SNAKE, 0.01
6123, 10, 54, Status.SNAKE, 0.01
6124, 2, 8, Status.WALL, 0.01
6125, 15, 96, Status.SNAKE, 0.01
6126, 3, 35, Status.WALL, 0.01
6127, 3, 21, Status.WALL, 0.01
6128, 8, 47, Status.SNAKE, 0.01
6129, 14, 117, Status.SNAKE, 0.01
6130, 7, 42, Status.SNAKE, 0.01
6131, 11, 65, Status.SNAKE, 0.01
6132, 2, 11, Status.SNAKE, 0.01
6133, 10, 65, Status.SNAKE, 0.01
6134, 18, 111, Status.SNAKE, 0.01
6135, 7, 42, Status.WALL, 0.01
6136, 12, 76, Status.SNAKE, 0.01
6137, 17, 116, Status.SNAKE, 0.01
6138, 6, 54, Status.SNAKE, 0.01
6139, 14, 91, Status.SNAKE, 0.01
6140, 18, 148, Status.SNAKE, 0.01
6141, 9, 84, Status.SNAKE, 0.01
6142, 12, 62, Status.WALL, 0.01
6143, 13, 109, Status.SNAKE, 0.01
6144, 11, 70, Status.SNAKE, 0.01
6145, 8, 46, Status.SNAKE, 0.01
6146, 14, 108, Status.SNAKE, 0.01
6147, 10, 63, Status.SNAKE, 0.01
6148, 8, 84, Status.SNAKE, 0.01
6149, 7, 57, Status.WALL, 0.01
6150, 3, 24, Status.SNAKE, 0.01
6151, 14, 102, Status.WALL, 0.01
6152, 10, 61, Status.SNAKE, 0.01
6153, 9, 53, Status.SNAKE, 0.01
6154, 12, 106, Status.SNAKE, 0.01
6155, 4, 17, Status.WALL, 0.01
6156, 5, 34, Status.SNAKE, 0.01
6157, 3, 25, Status.SNAKE, 0.01
6158, 5, 24, Status.SNAKE, 0.01
6159, 11, 73, Status.SNAKE, 0.01
6160, 13, 96, Status.WALL, 0.01
6161, 7, 58, Status.SNAKE, 0.01
6162, 16, 97, Status.SNAKE, 0.01
6163, 1, 10, Status.WALL, 0.01
6164, 19, 143, Status.SNAKE, 0.01
6165, 2, 8, Status.WALL, 0.01
6166, 2, 12, Status.SNAKE, 0.01
6167, 2, 11, Status.WALL, 0.01
6168, 2, 15, Status.SNAKE, 0.01
6169, 3, 23, Status.SNAKE, 0.01
6170, 2, 18, Status.SNAKE, 0.01
6171, 18, 112, Status.SNAKE, 0.01
6172, 18, 117, Status.SNAKE, 0.01
6173, 6, 34, Status.SNAKE, 0.01
6174, 3, 11, Status.SNAKE, 0.01
6175, 6, 35, Status.SNAKE, 0.01
6176, 8, 37, Status.SNAKE, 0.01
6177, 6, 36, Status.SNAKE, 0.01
6178, 13, 99, Status.SNAKE, 0.01
6179, 1, 7, Status.WALL, 0.01
6180, 13, 101, Status.SNAKE, 0.01
6181, 1, 10, Status.WALL, 0.01
6182, 8, 62, Status.SNAKE, 0.01
6183, 11, 86, Status.SNAKE, 0.01
6184, 15, 94, Status.WALL, 0.01
6185, 14, 84, Status.WALL, 0.01
6186, 10, 93, Status.SNAKE, 0.01
6187, 2, 8, Status.SNAKE, 0.01
6188, 14, 103, Status.SNAKE, 0.01
6189, 13, 84, Status.WALL, 0.01
6190, 16, 119, Status.SNAKE, 0.01
6191, 4, 33, Status.SNAKE, 0.01
6192, 13, 76, Status.WALL, 0.01
6193, 1, 7, Status.SNAKE, 0.01
6194, 9, 60, Status.SNAKE, 0.01
6195, 3, 23, Status.WALL, 0.01
6196, 9, 49, Status.SNAKE, 0.01
6197, 12, 77, Status.SNAKE, 0.01
6198, 2, 21, Status.SNAKE, 0.01
6199, 4, 31, Status.WALL, 0.01
6200, 13, 110, Status.WALL, 0.01
6201, 12, 96, Status.WALL, 0.01
6202, 8, 43, Status.SNAKE, 0.01
6203, 7, 49, Status.SNAKE, 0.01
6204, 8, 52, Status.SNAKE, 0.01
6205, 11, 93, Status.SNAKE, 0.01
6206, 12, 103, Status.SNAKE, 0.01
6207, 15, 89, Status.WALL, 0.01
6208, 12, 84, Status.WALL, 0.01
6209, 1, 9, Status.WALL, 0.01
6210, 10, 92, Status.SNAKE, 0.01
6211, 10, 63, Status.SNAKE, 0.01
6212, 3, 28, Status.SNAKE, 0.01
6213, 4, 22, Status.SNAKE, 0.01
6214, 10, 71, Status.WALL, 0.01
6215, 7, 63, Status.SNAKE, 0.01
6216, 16, 107, Status.SNAKE, 0.01
6217, 18, 105, Status.SNAKE, 0.01
6218, 3, 18, Status.SNAKE, 0.01
6219, 9, 44, Status.SNAKE, 0.01
6220, 8, 49, Status.SNAKE, 0.01
6221, 7, 66, Status.SNAKE, 0.01
6222, 8, 52, Status.SNAKE, 0.01
6223, 5, 29, Status.SNAKE, 0.01
6224, 11, 73, Status.SNAKE, 0.01
6225, 2, 12, Status.SNAKE, 0.01
6226, 14, 105, Status.SNAKE, 0.01
6227, 9, 46, Status.WALL, 0.01
6228, 6, 37, Status.SNAKE, 0.01
6229, 10, 61, Status.SNAKE, 0.01
6230, 18, 116, Status.SNAKE, 0.01
6231, 14, 83, Status.SNAKE, 0.01
6232, 1, 7, Status.WALL, 0.01
6233, 8, 61, Status.SNAKE, 0.01
6234, 7, 51, Status.SNAKE, 0.01
6235, 10, 57, Status.SNAKE, 0.01
6236, 14, 93, Status.SNAKE, 0.01
6237, 3, 17, Status.SNAKE, 0.01
6238, 6, 53, Status.WALL, 0.01
6239, 7, 47, Status.SNAKE, 0.01
6240, 9, 57, Status.SNAKE, 0.01
6241, 18, 123, Status.SNAKE, 0.01
6242, 11, 89, Status.SNAKE, 0.01
6243, 10, 80, Status.SNAKE, 0.01
6244, 9, 63, Status.SNAKE, 0.01
6245, 7, 41, Status.WALL, 0.01
6246, 8, 63, Status.SNAKE, 0.01
6247, 14, 100, Status.SNAKE, 0.01
6248, 14, 116, Status.SNAKE, 0.01
6249, 6, 34, Status.WALL, 0.01
6250, 10, 61, Status.WALL, 0.01
6251, 2, 15, Status.SNAKE, 0.01
6252, 5, 46, Status.WALL, 0.01
6253, 6, 39, Status.WALL, 0.01
6254, 3, 12, Status.SNAKE, 0.01
6255, 15, 80, Status.WALL, 0.01
6256, 2, 6, Status.SNAKE, 0.01
6257, 13, 85, Status.SNAKE, 0.01
6258, 14, 98, Status.SNAKE, 0.01
6259, 10, 69, Status.SNAKE, 0.01
6260, 5, 31, Status.SNAKE, 0.01
6261, 2, 22, Status.WALL, 0.01
6262, 1, 5, Status.SNAKE, 0.01
6263, 13, 86, Status.SNAKE, 0.01
6264, 10, 56, Status.SNAKE, 0.01
6265, 4, 29, Status.WALL, 0.01
6266, 14, 99, Status.SNAKE, 0.01
6267, 6, 35, Status.SNAKE, 0.01
6268, 10, 65, Status.SNAKE, 0.01
6269, 17, 124, Status.SNAKE, 0.01
6270, 1, 10, Status.WALL, 0.01
6271, 5, 35, Status.WALL, 0.01
6272, 17, 122, Status.SNAKE, 0.01
6273, 9, 60, Status.SNAKE, 0.01
6274, 6, 36, Status.SNAKE, 0.01
6275, 8, 66, Status.SNAKE, 0.01
6276, 7, 48, Status.SNAKE, 0.01
6277, 12, 62, Status.SNAKE, 0.01
6278, 12, 68, Status.SNAKE, 0.01
6279, 11, 48, Status.SNAKE, 0.01
6280, 18, 136, Status.SNAKE, 0.01
6281, 4, 25, Status.SNAKE, 0.01
6282, 2, 18, Status.SNAKE, 0.01
6283, 4, 25, Status.SNAKE, 0.01
6284, 7, 52, Status.SNAKE, 0.01
6285, 1, 3, Status.SNAKE, 0.01
6286, 2, 30, Status.WALL, 0.01
6287, 5, 47, Status.SNAKE, 0.01
6288, 5, 48, Status.WALL, 0.01
6289, 7, 59, Status.SNAKE, 0.01
6290, 4, 30, Status.SNAKE, 0.01
6291, 9, 48, Status.SNAKE, 0.01
6292, 12, 72, Status.SNAKE, 0.01
6293, 6, 33, Status.SNAKE, 0.01
6294, 6, 39, Status.SNAKE, 0.01
6295, 7, 33, Status.SNAKE, 0.01
6296, 3, 15, Status.SNAKE, 0.01
6297, 3, 20, Status.WALL, 0.01
6298, 3, 18, Status.SNAKE, 0.01
6299, 3, 13, Status.SNAKE, 0.01
6300, 17, 118, Status.SNAKE, 0.01
6301, 5, 50, Status.SNAKE, 0.01
6302, 3, 13, Status.SNAKE, 0.01
6303, 5, 37, Status.SNAKE, 0.01
6304, 8, 62, Status.SNAKE, 0.01
6305, 3, 16, Status.SNAKE, 0.01
6306, 2, 11, Status.SNAKE, 0.01
6307, 2, 15, Status.SNAKE, 0.01
6308, 3, 20, Status.WALL, 0.01
6309, 4, 31, Status.WALL, 0.01
6310, 2, 8, Status.WALL, 0.01
6311, 10, 58, Status.SNAKE, 0.01
6312, 7, 62, Status.SNAKE, 0.01
6313, 16, 106, Status.SNAKE, 0.01
6314, 8, 60, Status.SNAKE, 0.01
6315, 5, 45, Status.SNAKE, 0.01
6316, 12, 79, Status.SNAKE, 0.01
6317, 8, 44, Status.SNAKE, 0.01
6318, 9, 76, Status.WALL, 0.01
6319, 13, 110, Status.SNAKE, 0.01
6320, 22, 165, Status.SNAKE, 0.01
6321, 11, 77, Status.SNAKE, 0.01
6322, 7, 52, Status.WALL, 0.01
6323, 1, 10, Status.WALL, 0.01
6324, 12, 94, Status.SNAKE, 0.01
6325, 11, 99, Status.SNAKE, 0.01
6326, 12, 84, Status.WALL, 0.01
6327, 16, 116, Status.SNAKE, 0.01
6328, 7, 45, Status.SNAKE, 0.01
6329, 6, 50, Status.WALL, 0.01
6330, 11, 81, Status.SNAKE, 0.01
6331, 15, 115, Status.WALL, 0.01
6332, 3, 28, Status.WALL, 0.01
6333, 10, 69, Status.SNAKE, 0.01
6334, 3, 12, Status.WALL, 0.01
6335, 7, 43, Status.SNAKE, 0.01
6336, 14, 101, Status.SNAKE, 0.01
6337, 6, 36, Status.SNAKE, 0.01
6338, 4, 29, Status.SNAKE, 0.01
6339, 13, 97, Status.SNAKE, 0.01
6340, 10, 70, Status.SNAKE, 0.01
6341, 8, 43, Status.WALL, 0.01
6342, 9, 63, Status.WALL, 0.01
6343, 13, 116, Status.SNAKE, 0.01
6344, 3, 18, Status.SNAKE, 0.01
6345, 8, 56, Status.SNAKE, 0.01
6346, 5, 38, Status.SNAKE, 0.01
6347, 6, 47, Status.SNAKE, 0.01
6348, 6, 50, Status.SNAKE, 0.01
6349, 4, 25, Status.SNAKE, 0.01
6350, 8, 61, Status.SNAKE, 0.01
6351, 2, 23, Status.WALL, 0.01
6352, 10, 65, Status.SNAKE, 0.01
6353, 14, 133, Status.SNAKE, 0.01
6354, 3, 19, Status.WALL, 0.01
6355, 6, 38, Status.WALL, 0.01
6356, 15, 89, Status.SNAKE, 0.01
6357, 10, 60, Status.WALL, 0.01
6358, 6, 44, Status.SNAKE, 0.01
6359, 7, 42, Status.SNAKE, 0.01
6360, 11, 66, Status.SNAKE, 0.01
6361, 7, 49, Status.SNAKE, 0.01
6362, 3, 25, Status.SNAKE, 0.01
6363, 7, 36, Status.SNAKE, 0.01
6364, 7, 44, Status.SNAKE, 0.01
6365, 2, 10, Status.SNAKE, 0.01
6366, 9, 77, Status.SNAKE, 0.01
6367, 6, 44, Status.WALL, 0.01
6368, 9, 72, Status.SNAKE, 0.01
6369, 12, 63, Status.SNAKE, 0.01
6370, 7, 38, Status.SNAKE, 0.01
6371, 5, 30, Status.SNAKE, 0.01
6372, 5, 41, Status.SNAKE, 0.01
6373, 12, 98, Status.WALL, 0.01
6374, 10, 88, Status.WALL, 0.01
6375, 12, 85, Status.SNAKE, 0.01
6376, 9, 69, Status.WALL, 0.01
6377, 10, 70, Status.SNAKE, 0.01
6378, 9, 69, Status.SNAKE, 0.01
6379, 19, 140, Status.SNAKE, 0.01
6380, 8, 45, Status.SNAKE, 0.01
6381, 9, 57, Status.SNAKE, 0.01
6382, 12, 77, Status.WALL, 0.01
6383, 12, 107, Status.SNAKE, 0.01
6384, 8, 62, Status.SNAKE, 0.01
6385, 1, 8, Status.SNAKE, 0.01
6386, 5, 46, Status.WALL, 0.01
6387, 13, 75, Status.SNAKE, 0.01
6388, 3, 26, Status.WALL, 0.01
6389, 19, 146, Status.SNAKE, 0.01
6390, 9, 50, Status.SNAKE, 0.01
6391, 1, 8, Status.SNAKE, 0.01
6392, 10, 67, Status.SNAKE, 0.01
6393, 7, 43, Status.SNAKE, 0.01
6394, 6, 31, Status.SNAKE, 0.01
6395, 18, 131, Status.SNAKE, 0.01
6396, 12, 102, Status.SNAKE, 0.01
6397, 2, 14, Status.SNAKE, 0.01
6398, 11, 72, Status.SNAKE, 0.01
6399, 10, 77, Status.WALL, 0.01
6400, 8, 65, Status.SNAKE, 0.01
6401, 6, 39, Status.SNAKE, 0.01
6402, 1, 3, Status.SNAKE, 0.01
6403, 4, 30, Status.WALL, 0.01
6404, 3, 20, Status.WALL, 0.01
6405, 5, 33, Status.SNAKE, 0.01
6406, 14, 126, Status.SNAKE, 0.01
6407, 18, 136, Status.SNAKE, 0.01
6408, 1, 14, Status.SNAKE, 0.01
6409, 3, 25, Status.WALL, 0.01
6410, 5, 33, Status.SNAKE, 0.01
6411, 9, 85, Status.WALL, 0.01
6412, 6, 45, Status.SNAKE, 0.01
6413, 11, 70, Status.SNAKE, 0.01
6414, 12, 82, Status.SNAKE, 0.01
6415, 4, 41, Status.WALL, 0.01
6416, 12, 75, Status.SNAKE, 0.01
6417, 10, 79, Status.WALL, 0.01
6418, 1, 9, Status.WALL, 0.01
6419, 8, 49, Status.WALL, 0.01
6420, 12, 89, Status.SNAKE, 0.01
6421, 7, 53, Status.SNAKE, 0.01
6422, 6, 41, Status.WALL, 0.01
6423, 10, 88, Status.WALL, 0.01
6424, 9, 77, Status.SNAKE, 0.01
6425, 12, 87, Status.SNAKE, 0.01
6426, 2, 12, Status.WALL, 0.01
6427, 4, 26, Status.SNAKE, 0.01
6428, 8, 45, Status.SNAKE, 0.01
6429, 5, 47, Status.SNAKE, 0.01
6430, 9, 53, Status.SNAKE, 0.01
6431, 4, 22, Status.SNAKE, 0.01
6432, 3, 39, Status.WALL, 0.01
6433, 15, 114, Status.SNAKE, 0.01
6434, 6, 50, Status.WALL, 0.01
6435, 6, 41, Status.SNAKE, 0.01
6436, 14, 72, Status.SNAKE, 0.01
6437, 8, 62, Status.SNAKE, 0.01
6438, 8, 44, Status.SNAKE, 0.01
6439, 5, 42, Status.SNAKE, 0.01
6440, 7, 50, Status.SNAKE, 0.01
6441, 6, 50, Status.SNAKE, 0.01
6442, 7, 49, Status.SNAKE, 0.01
6443, 10, 82, Status.SNAKE, 0.01
6444, 13, 107, Status.SNAKE, 0.01
6445, 5, 36, Status.SNAKE, 0.01
6446, 13, 79, Status.SNAKE, 0.01
6447, 15, 136, Status.SNAKE, 0.01
6448, 5, 28, Status.WALL, 0.01
6449, 11, 46, Status.WALL, 0.01
6450, 15, 114, Status.SNAKE, 0.01
6451, 1, 9, Status.WALL, 0.01
6452, 10, 95, Status.WALL, 0.01
6453, 5, 58, Status.WALL, 0.01
6454, 4, 30, Status.SNAKE, 0.01
6455, 1, 8, Status.WALL, 0.01
6456, 16, 104, Status.SNAKE, 0.01
6457, 12, 114, Status.SNAKE, 0.01
6458, 8, 57, Status.SNAKE, 0.01
6459, 12, 92, Status.WALL, 0.01
6460, 6, 39, Status.SNAKE, 0.01
6461, 13, 93, Status.WALL, 0.01
6462, 15, 109, Status.SNAKE, 0.01
6463, 7, 45, Status.SNAKE, 0.01
6464, 2, 10, Status.SNAKE, 0.01
6465, 15, 102, Status.SNAKE, 0.01
6466, 4, 23, Status.SNAKE, 0.01
6467, 11, 88, Status.SNAKE, 0.01
6468, 5, 47, Status.SNAKE, 0.01
6469, 5, 43, Status.SNAKE, 0.01
6470, 7, 46, Status.SNAKE, 0.01
6471, 9, 55, Status.SNAKE, 0.01
6472, 8, 46, Status.SNAKE, 0.01
6473, 3, 13, Status.SNAKE, 0.01
6474, 9, 52, Status.SNAKE, 0.01
6475, 7, 53, Status.SNAKE, 0.01
6476, 8, 67, Status.SNAKE, 0.01
6477, 13, 97, Status.SNAKE, 0.01
6478, 7, 34, Status.SNAKE, 0.01
6479, 13, 98, Status.SNAKE, 0.01
6480, 7, 49, Status.SNAKE, 0.01
6481, 18, 122, Status.SNAKE, 0.01
6482, 14, 98, Status.SNAKE, 0.01
6483, 10, 67, Status.WALL, 0.01
6484, 12, 91, Status.SNAKE, 0.01
6485, 14, 97, Status.SNAKE, 0.01
6486, 7, 27, Status.SNAKE, 0.01
6487, 4, 30, Status.SNAKE, 0.01
6488, 10, 70, Status.SNAKE, 0.01
6489, 5, 28, Status.SNAKE, 0.01
6490, 6, 45, Status.SNAKE, 0.01
6491, 2, 12, Status.WALL, 0.01
6492, 7, 49, Status.SNAKE, 0.01
6493, 12, 94, Status.SNAKE, 0.01
6494, 6, 31, Status.SNAKE, 0.01
6495, 9, 59, Status.SNAKE, 0.01
6496, 12, 84, Status.SNAKE, 0.01
6497, 12, 95, Status.WALL, 0.01
6498, 13, 82, Status.SNAKE, 0.01
6499, 5, 22, Status.SNAKE, 0.01
6500, 2, 15, Status.SNAKE, 0.01
6501, 7, 48, Status.WALL, 0.01
6502, 8, 48, Status.SNAKE, 0.01
6503, 9, 85, Status.SNAKE, 0.01
6504, 9, 57, Status.SNAKE, 0.01
6505, 5, 27, Status.SNAKE, 0.01
6506, 17, 123, Status.SNAKE, 0.01
6507, 11, 67, Status.SNAKE, 0.01
6508, 7, 41, Status.SNAKE, 0.01
6509, 10, 63, Status.SNAKE, 0.01
6510, 12, 102, Status.SNAKE, 0.01
6511, 13, 94, Status.SNAKE, 0.01
6512, 2, 8, Status.WALL, 0.01
6513, 12, 103, Status.SNAKE, 0.01
6514, 4, 32, Status.SNAKE, 0.01
6515, 12, 89, Status.SNAKE, 0.01
6516, 7, 56, Status.WALL, 0.01
6517, 6, 47, Status.SNAKE, 0.01
6518, 9, 85, Status.SNAKE, 0.01
6519, 19, 134, Status.SNAKE, 0.01
6520, 11, 75, Status.SNAKE, 0.01
6521, 7, 71, Status.WALL, 0.01
6522, 5, 29, Status.SNAKE, 0.01
6523, 1, 3, Status.SNAKE, 0.01
6524, 8, 42, Status.SNAKE, 0.01
6525, 1, 8, Status.SNAKE, 0.01
6526, 18, 150, Status.SNAKE, 0.01
6527, 3, 20, Status.WALL, 0.01
6528, 1, 12, Status.WALL, 0.01
6529, 7, 56, Status.SNAKE, 0.01
6530, 14, 80, Status.SNAKE, 0.01
6531, 6, 43, Status.SNAKE, 0.01
6532, 7, 48, Status.SNAKE, 0.01
6533, 4, 18, Status.SNAKE, 0.01
6534, 12, 82, Status.SNAKE, 0.01
6535, 10, 66, Status.SNAKE, 0.01
6536, 3, 17, Status.SNAKE, 0.01
6537, 7, 37, Status.SNAKE, 0.01
6538, 7, 42, Status.SNAKE, 0.01
6539, 7, 51, Status.SNAKE, 0.01
6540, 11, 95, Status.SNAKE, 0.01
6541, 6, 54, Status.WALL, 0.01
6542, 15, 90, Status.SNAKE, 0.01
6543, 1, 5, Status.SNAKE, 0.01
6544, 8, 52, Status.SNAKE, 0.01
6545, 13, 71, Status.WALL, 0.01
6546, 13, 90, Status.WALL, 0.01
6547, 9, 57, Status.SNAKE, 0.01
6548, 7, 44, Status.SNAKE, 0.01
6549, 8, 60, Status.SNAKE, 0.01
6550, 14, 87, Status.SNAKE, 0.01
6551, 11, 67, Status.SNAKE, 0.01
6552, 15, 100, Status.SNAKE, 0.01
6553, 13, 102, Status.SNAKE, 0.01
6554, 9, 54, Status.SNAKE, 0.01
6555, 9, 75, Status.SNAKE, 0.01
6556, 3, 32, Status.WALL, 0.01
6557, 17, 131, Status.SNAKE, 0.01
6558, 5, 29, Status.SNAKE, 0.01
6559, 11, 76, Status.SNAKE, 0.01
6560, 15, 93, Status.SNAKE, 0.01
6561, 3, 20, Status.WALL, 0.01
6562, 4, 33, Status.SNAKE, 0.01
6563, 17, 114, Status.WALL, 0.01
6564, 2, 8, Status.SNAKE, 0.01
6565, 7, 56, Status.SNAKE, 0.01
6566, 5, 21, Status.WALL, 0.01
6567, 4, 24, Status.SNAKE, 0.01
6568, 1, 8, Status.SNAKE, 0.01
6569, 13, 80, Status.SNAKE, 0.01
6570, 8, 52, Status.SNAKE, 0.01
6571, 9, 47, Status.WALL, 0.01
6572, 10, 61, Status.SNAKE, 0.01
6573, 6, 35, Status.SNAKE, 0.01
6574, 5, 34, Status.SNAKE, 0.01
6575, 10, 75, Status.SNAKE, 0.01
6576, 8, 48, Status.SNAKE, 0.01
6577, 9, 82, Status.SNAKE, 0.01
6578, 4, 41, Status.WALL, 0.01
6579, 7, 49, Status.WALL, 0.01
6580, 9, 71, Status.SNAKE, 0.01
6581, 8, 53, Status.SNAKE, 0.01
6582, 6, 54, Status.SNAKE, 0.01
6583, 4, 22, Status.SNAKE, 0.01
6584, 9, 58, Status.WALL, 0.01
6585, 9, 42, Status.SNAKE, 0.01
6586, 16, 125, Status.WALL, 0.01
6587, 6, 46, Status.WALL, 0.01
6588, 9, 57, Status.SNAKE, 0.01
6589, 7, 48, Status.SNAKE, 0.01
6590, 7, 49, Status.WALL, 0.01
6591, 4, 27, Status.WALL, 0.01
6592, 6, 38, Status.SNAKE, 0.01
6593, 10, 88, Status.WALL, 0.01
6594, 16, 102, Status.SNAKE, 0.01
6595, 7, 49, Status.WALL, 0.01
6596, 7, 49, Status.SNAKE, 0.01
6597, 11, 76, Status.SNAKE, 0.01
6598, 10, 68, Status.SNAKE, 0.01
6599, 2, 16, Status.SNAKE, 0.01
6600, 6, 59, Status.SNAKE, 0.01
6601, 8, 59, Status.SNAKE, 0.01
6602, 6, 38, Status.WALL, 0.01
6603, 3, 21, Status.WALL, 0.01
6604, 14, 112, Status.WALL, 0.01
6605, 11, 94, Status.SNAKE, 0.01
6606, 2, 18, Status.WALL, 0.01
6607, 5, 31, Status.SNAKE, 0.01
6608, 6, 32, Status.WALL, 0.01
6609, 6, 36, Status.SNAKE, 0.01
6610, 6, 54, Status.SNAKE, 0.01
6611, 11, 78, Status.SNAKE, 0.01
6612, 3, 17, Status.SNAKE, 0.01
6613, 7, 38, Status.SNAKE, 0.01
6614, 2, 13, Status.SNAKE, 0.01
6615, 10, 72, Status.SNAKE, 0.01
6616, 6, 35, Status.WALL, 0.01
6617, 8, 54, Status.SNAKE, 0.01
6618, 3, 13, Status.SNAKE, 0.01
6619, 1, 17, Status.WALL, 0.01
6620, 5, 34, Status.SNAKE, 0.01
6621, 6, 39, Status.WALL, 0.01
6622, 8, 75, Status.SNAKE, 0.01
6623, 3, 16, Status.SNAKE, 0.01
6624, 8, 49, Status.SNAKE, 0.01
6625, 11, 84, Status.WALL, 0.01
6626, 5, 26, Status.SNAKE, 0.01
6627, 1, 3, Status.SNAKE, 0.01
6628, 15, 116, Status.SNAKE, 0.01
6629, 5, 27, Status.WALL, 0.01
6630, 2, 13, Status.SNAKE, 0.01
6631, 7, 46, Status.SNAKE, 0.01
6632, 6, 40, Status.SNAKE, 0.01
6633, 5, 40, Status.SNAKE, 0.01
6634, 6, 45, Status.WALL, 0.01
6635, 8, 53, Status.SNAKE, 0.01
6636, 9, 65, Status.SNAKE, 0.01
6637, 2, 9, Status.SNAKE, 0.01
6638, 15, 100, Status.SNAKE, 0.01
6639, 7, 54, Status.SNAKE, 0.01
6640, 6, 38, Status.SNAKE, 0.01
6641, 13, 68, Status.SNAKE, 0.01
6642, 3, 27, Status.WALL, 0.01
6643, 13, 116, Status.SNAKE, 0.01
6644, 5, 38, Status.WALL, 0.01
6645, 13, 119, Status.SNAKE, 0.01
6646, 8, 70, Status.SNAKE, 0.01
6647, 2, 15, Status.SNAKE, 0.01
6648, 14, 80, Status.SNAKE, 0.01
6649, 1, 3, Status.SNAKE, 0.01
6650, 10, 62, Status.SNAKE, 0.01
6651, 6, 42, Status.WALL, 0.01
6652, 5, 25, Status.SNAKE, 0.01
6653, 13, 95, Status.SNAKE, 0.01
6654, 6, 33, Status.WALL, 0.01
6655, 6, 30, Status.SNAKE, 0.01
6656, 13, 92, Status.SNAKE, 0.01
6657, 15, 97, Status.SNAKE, 0.01
6658, 11, 62, Status.SNAKE, 0.01
6659, 5, 36, Status.SNAKE, 0.01
6660, 13, 83, Status.WALL, 0.01
6661, 17, 111, Status.SNAKE, 0.01
6662, 11, 76, Status.SNAKE, 0.01
6663, 7, 37, Status.SNAKE, 0.01
6664, 5, 39, Status.SNAKE, 0.01
6665, 7, 65, Status.SNAKE, 0.01
6666, 8, 50, Status.WALL, 0.01
6667, 6, 42, Status.SNAKE, 0.01
6668, 16, 111, Status.SNAKE, 0.01
6669, 4, 28, Status.SNAKE, 0.01
6670, 9, 68, Status.WALL, 0.01
6671, 15, 98, Status.SNAKE, 0.01
6672, 8, 52, Status.WALL, 0.01
6673, 9, 57, Status.SNAKE, 0.01
6674, 14, 130, Status.SNAKE, 0.01
6675, 3, 20, Status.SNAKE, 0.01
6676, 16, 118, Status.SNAKE, 0.01
6677, 12, 80, Status.WALL, 0.01
6678, 1, 3, Status.SNAKE, 0.01
6679, 8, 73, Status.SNAKE, 0.01
6680, 14, 97, Status.SNAKE, 0.01
6681, 10, 63, Status.SNAKE, 0.01
6682, 9, 88, Status.SNAKE, 0.01
6683, 14, 105, Status.SNAKE, 0.01
6684, 13, 86, Status.SNAKE, 0.01
6685, 9, 60, Status.WALL, 0.01
6686, 3, 23, Status.SNAKE, 0.01
6687, 7, 43, Status.SNAKE, 0.01
6688, 14, 86, Status.WALL, 0.01
6689, 7, 62, Status.SNAKE, 0.01
6690, 10, 62, Status.SNAKE, 0.01
6691, 11, 70, Status.WALL, 0.01
6692, 12, 84, Status.SNAKE, 0.01
6693, 3, 15, Status.WALL, 0.01
6694, 9, 46, Status.WALL, 0.01
6695, 8, 39, Status.WALL, 0.01
6696, 5, 31, Status.WALL, 0.01
6697, 8, 51, Status.SNAKE, 0.01
6698, 12, 80, Status.WALL, 0.01
6699, 9, 51, Status.SNAKE, 0.01
6700, 14, 99, Status.SNAKE, 0.01
6701, 9, 61, Status.SNAKE, 0.01
6702, 3, 18, Status.SNAKE, 0.01
6703, 16, 121, Status.SNAKE, 0.01
6704, 7, 49, Status.SNAKE, 0.01
6705, 20, 125, Status.WALL, 0.01
6706, 3, 29, Status.SNAKE, 0.01
6707, 7, 54, Status.WALL, 0.01
6708, 14, 95, Status.SNAKE, 0.01
6709, 9, 65, Status.SNAKE, 0.01
6710, 4, 31, Status.SNAKE, 0.01
6711, 3, 30, Status.SNAKE, 0.01
6712, 16, 116, Status.SNAKE, 0.01
6713, 6, 42, Status.SNAKE, 0.01
6714, 8, 56, Status.SNAKE, 0.01
6715, 11, 68, Status.SNAKE, 0.01
6716, 16, 113, Status.SNAKE, 0.01
6717, 8, 53, Status.SNAKE, 0.01
6718, 2, 10, Status.WALL, 0.01
6719, 6, 31, Status.SNAKE, 0.01
6720, 7, 42, Status.SNAKE, 0.01
6721, 10, 54, Status.SNAKE, 0.01
6722, 8, 53, Status.SNAKE, 0.01
6723, 15, 101, Status.SNAKE, 0.01
6724, 8, 58, Status.SNAKE, 0.01
6725, 8, 52, Status.SNAKE, 0.01
6726, 15, 103, Status.SNAKE, 0.01
6727, 19, 143, Status.SNAKE, 0.01
6728, 12, 100, Status.SNAKE, 0.01
6729, 13, 120, Status.WALL, 0.01
6730, 5, 33, Status.SNAKE, 0.01
6731, 11, 70, Status.SNAKE, 0.01
6732, 8, 59, Status.SNAKE, 0.01
6733, 15, 108, Status.SNAKE, 0.01
6734, 2, 22, Status.WALL, 0.01
6735, 13, 88, Status.SNAKE, 0.01
6736, 1, 5, Status.SNAKE, 0.01
6737, 5, 33, Status.SNAKE, 0.01
6738, 4, 47, Status.WALL, 0.01
6739, 4, 25, Status.SNAKE, 0.01
6740, 10, 75, Status.WALL, 0.01
6741, 1, 5, Status.SNAKE, 0.01
6742, 11, 83, Status.SNAKE, 0.01
6743, 15, 126, Status.SNAKE, 0.01
6744, 9, 70, Status.SNAKE, 0.01
6745, 5, 44, Status.SNAKE, 0.01
6746, 4, 18, Status.SNAKE, 0.01
6747, 5, 42, Status.SNAKE, 0.01
6748, 8, 51, Status.WALL, 0.01
6749, 11, 65, Status.SNAKE, 0.01
6750, 18, 127, Status.WALL, 0.01
6751, 7, 35, Status.SNAKE, 0.01
6752, 8, 59, Status.WALL, 0.01
6753, 8, 65, Status.SNAKE, 0.01
6754, 13, 88, Status.SNAKE, 0.01
6755, 21, 152, Status.SNAKE, 0.01
6756, 4, 31, Status.WALL, 0.01
6757, 11, 80, Status.SNAKE, 0.01
6758, 18, 127, Status.SNAKE, 0.01
6759, 10, 55, Status.SNAKE, 0.01
6760, 11, 87, Status.SNAKE, 0.01
6761, 20, 121, Status.SNAKE, 0.01
6762, 10, 69, Status.SNAKE, 0.01
6763, 10, 74, Status.SNAKE, 0.01
6764, 11, 80, Status.SNAKE, 0.01
6765, 1, 5, Status.SNAKE, 0.01
6766, 8, 72, Status.SNAKE, 0.01
6767, 9, 67, Status.SNAKE, 0.01
6768, 3, 27, Status.SNAKE, 0.01
6769, 1, 3, Status.SNAKE, 0.01
6770, 14, 100, Status.SNAKE, 0.01
6771, 15, 110, Status.SNAKE, 0.01
6772, 5, 51, Status.SNAKE, 0.01
6773, 12, 80, Status.WALL, 0.01
6774, 16, 111, Status.SNAKE, 0.01
6775, 11, 50, Status.SNAKE, 0.01
6776, 7, 53, Status.SNAKE, 0.01
6777, 6, 55, Status.SNAKE, 0.01
6778, 10, 95, Status.SNAKE, 0.01
6779, 7, 43, Status.WALL, 0.01
6780, 6, 37, Status.SNAKE, 0.01
6781, 6, 37, Status.WALL, 0.01
6782, 11, 64, Status.WALL, 0.01
6783, 4, 28, Status.SNAKE, 0.01
6784, 7, 53, Status.SNAKE, 0.01
6785, 3, 17, Status.SNAKE, 0.01
6786, 11, 77, Status.SNAKE, 0.01
6787, 13, 65, Status.WALL, 0.01
6788, 6, 52, Status.WALL, 0.01
6789, 15, 92, Status.WALL, 0.01
6790, 2, 16, Status.SNAKE, 0.01
6791, 14, 85, Status.SNAKE, 0.01
6792, 14, 96, Status.SNAKE, 0.01
6793, 8, 50, Status.SNAKE, 0.01
6794, 14, 82, Status.SNAKE, 0.01
6795, 8, 67, Status.SNAKE, 0.01
6796, 8, 51, Status.SNAKE, 0.01
6797, 1, 5, Status.SNAKE, 0.01
6798, 3, 13, Status.SNAKE, 0.01
6799, 7, 65, Status.WALL, 0.01
6800, 11, 104, Status.WALL, 0.01
6801, 11, 75, Status.SNAKE, 0.01
6802, 13, 86, Status.SNAKE, 0.01
6803, 8, 65, Status.SNAKE, 0.01
6804, 8, 45, Status.WALL, 0.01
6805, 12, 97, Status.WALL, 0.01
6806, 12, 102, Status.SNAKE, 0.01
6807, 4, 19, Status.SNAKE, 0.01
6808, 8, 63, Status.WALL, 0.01
6809, 3, 28, Status.SNAKE, 0.01
6810, 9, 55, Status.SNAKE, 0.01
6811, 8, 53, Status.SNAKE, 0.01
6812, 3, 13, Status.SNAKE, 0.01
6813, 7, 62, Status.SNAKE, 0.01
6814, 7, 48, Status.SNAKE, 0.01
6815, 4, 20, Status.SNAKE, 0.01
6816, 5, 23, Status.WALL, 0.01
6817, 7, 41, Status.SNAKE, 0.01
6818, 13, 79, Status.SNAKE, 0.01
6819, 10, 89, Status.SNAKE, 0.01
6820, 5, 27, Status.SNAKE, 0.01
6821, 16, 116, Status.SNAKE, 0.01
6822, 2, 10, Status.WALL, 0.01
6823, 14, 81, Status.SNAKE, 0.01
6824, 6, 43, Status.SNAKE, 0.01
6825, 2, 15, Status.SNAKE, 0.01
6826, 7, 31, Status.SNAKE, 0.01
6827, 5, 38, Status.SNAKE, 0.01
6828, 9, 55, Status.SNAKE, 0.01
6829, 11, 89, Status.SNAKE, 0.01
6830, 5, 26, Status.SNAKE, 0.01
6831, 15, 95, Status.SNAKE, 0.01
6832, 11, 93, Status.SNAKE, 0.01
6833, 4, 29, Status.WALL, 0.01
6834, 5, 38, Status.WALL, 0.01
6835, 6, 41, Status.SNAKE, 0.01
6836, 14, 99, Status.WALL, 0.01
6837, 2, 25, Status.WALL, 0.01
6838, 3, 18, Status.WALL, 0.01
6839, 1, 5, Status.SNAKE, 0.01
6840, 8, 47, Status.SNAKE, 0.01
6841, 9, 51, Status.SNAKE, 0.01
6842, 3, 18, Status.SNAKE, 0.01
6843, 8, 52, Status.WALL, 0.01
6844, 23, 161, Status.SNAKE, 0.01
6845, 10, 64, Status.SNAKE, 0.01
6846, 13, 77, Status.SNAKE, 0.01
6847, 2, 17, Status.SNAKE, 0.01
6848, 13, 78, Status.WALL, 0.01
6849, 16, 115, Status.WALL, 0.01
6850, 7, 45, Status.SNAKE, 0.01
6851, 8, 63, Status.SNAKE, 0.01
6852, 18, 143, Status.WALL, 0.01
6853, 7, 26, Status.SNAKE, 0.01
6854, 6, 25, Status.SNAKE, 0.01
6855, 4, 28, Status.WALL, 0.01
6856, 1, 5, Status.SNAKE, 0.01
6857, 5, 38, Status.WALL, 0.01
6858, 8, 54, Status.SNAKE, 0.01
6859, 7, 45, Status.SNAKE, 0.01
6860, 3, 17, Status.SNAKE, 0.01
6861, 10, 74, Status.WALL, 0.01
6862, 16, 122, Status.SNAKE, 0.01
6863, 6, 45, Status.SNAKE, 0.01
6864, 2, 17, Status.SNAKE, 0.01
6865, 1, 6, Status.SNAKE, 0.01
6866, 9, 59, Status.SNAKE, 0.01
6867, 12, 95, Status.SNAKE, 0.01
6868, 1, 9, Status.WALL, 0.01
6869, 2, 22, Status.WALL, 0.01
6870, 4, 20, Status.SNAKE, 0.01
6871, 12, 66, Status.WALL, 0.01
6872, 10, 67, Status.WALL, 0.01
6873, 13, 94, Status.SNAKE, 0.01
6874, 6, 51, Status.SNAKE, 0.01
6875, 10, 65, Status.SNAKE, 0.01
6876, 10, 70, Status.SNAKE, 0.01
6877, 10, 78, Status.SNAKE, 0.01
6878, 4, 21, Status.SNAKE, 0.01
6879, 11, 69, Status.WALL, 0.01
6880, 4, 17, Status.SNAKE, 0.01
6881, 9, 58, Status.SNAKE, 0.01
6882, 18, 128, Status.WALL, 0.01
6883, 10, 73, Status.SNAKE, 0.01
6884, 1, 7, Status.SNAKE, 0.01
6885, 6, 59, Status.SNAKE, 0.01
6886, 6, 47, Status.SNAKE, 0.01
6887, 20, 133, Status.SNAKE, 0.01
6888, 3, 28, Status.SNAKE, 0.01
6889, 19, 135, Status.SNAKE, 0.01
6890, 5, 30, Status.SNAKE, 0.01
6891, 11, 78, Status.SNAKE, 0.01
6892, 12, 77, Status.SNAKE, 0.01
6893, 1, 5, Status.SNAKE, 0.01
6894, 15, 107, Status.SNAKE, 0.01
6895, 7, 38, Status.SNAKE, 0.01
6896, 14, 88, Status.SNAKE, 0.01
6897, 15, 112, Status.SNAKE, 0.01
6898, 12, 79, Status.SNAKE, 0.01
6899, 12, 109, Status.SNAKE, 0.01
6900, 14, 120, Status.SNAKE, 0.01
6901, 17, 121, Status.SNAKE, 0.01
6902, 15, 101, Status.SNAKE, 0.01
6903, 10, 85, Status.SNAKE, 0.01
6904, 5, 32, Status.WALL, 0.01
6905, 7, 62, Status.SNAKE, 0.01
6906, 6, 41, Status.SNAKE, 0.01
6907, 6, 57, Status.SNAKE, 0.01
6908, 4, 27, Status.SNAKE, 0.01
6909, 10, 76, Status.WALL, 0.01
6910, 4, 36, Status.SNAKE, 0.01
6911, 12, 77, Status.SNAKE, 0.01
6912, 13, 89, Status.WALL, 0.01
6913, 19, 134, Status.SNAKE, 0.01
6914, 8, 45, Status.SNAKE, 0.01
6915, 8, 63, Status.SNAKE, 0.01
6916, 11, 87, Status.SNAKE, 0.01
6917, 7, 45, Status.SNAKE, 0.01
6918, 3, 20, Status.SNAKE, 0.01
6919, 7, 35, Status.SNAKE, 0.01
6920, 4, 28, Status.SNAKE, 0.01
6921, 9, 79, Status.WALL, 0.01
6922, 8, 50, Status.SNAKE, 0.01
6923, 12, 103, Status.SNAKE, 0.01
6924, 7, 43, Status.SNAKE, 0.01
6925, 7, 46, Status.WALL, 0.01
6926, 0, 4, Status.WALL, 0.01
6927, 0, 4, Status.WALL, 0.01
6928, 6, 39, Status.SNAKE, 0.01
6929, 18, 141, Status.SNAKE, 0.01
6930, 17, 113, Status.SNAKE, 0.01
6931, 10, 71, Status.WALL, 0.01
6932, 16, 145, Status.SNAKE, 0.01
6933, 13, 106, Status.SNAKE, 0.01
6934, 8, 47, Status.SNAKE, 0.01
6935, 4, 43, Status.SNAKE, 0.01
6936, 22, 146, Status.SNAKE, 0.01
6937, 11, 96, Status.SNAKE, 0.01
6938, 7, 37, Status.SNAKE, 0.01
6939, 6, 50, Status.SNAKE, 0.01
6940, 10, 114, Status.WALL, 0.01
6941, 12, 89, Status.SNAKE, 0.01
6942, 13, 107, Status.WALL, 0.01
6943, 7, 61, Status.SNAKE, 0.01
6944, 3, 26, Status.WALL, 0.01
6945, 9, 73, Status.SNAKE, 0.01
6946, 3, 29, Status.WALL, 0.01
6947, 5, 45, Status.SNAKE, 0.01
6948, 23, 148, Status.SNAKE, 0.01
6949, 7, 51, Status.SNAKE, 0.01
6950, 8, 71, Status.WALL, 0.01
6951, 9, 73, Status.SNAKE, 0.01
6952, 3, 17, Status.WALL, 0.01
6953, 3, 21, Status.SNAKE, 0.01
6954, 5, 34, Status.WALL, 0.01
6955, 6, 27, Status.SNAKE, 0.01
6956, 3, 8, Status.WALL, 0.01
6957, 4, 21, Status.SNAKE, 0.01
6958, 7, 48, Status.SNAKE, 0.01
6959, 6, 40, Status.WALL, 0.01
6960, 12, 81, Status.SNAKE, 0.01
6961, 8, 61, Status.SNAKE, 0.01
6962, 4, 43, Status.WALL, 0.01
6963, 6, 43, Status.SNAKE, 0.01
6964, 11, 60, Status.WALL, 0.01
6965, 7, 37, Status.SNAKE, 0.01
6966, 8, 36, Status.WALL, 0.01
6967, 15, 112, Status.SNAKE, 0.01
6968, 1, 5, Status.SNAKE, 0.01
6969, 0, 4, Status.WALL, 0.01
6970, 4, 30, Status.SNAKE, 0.01
6971, 4, 33, Status.SNAKE, 0.01
6972, 12, 89, Status.SNAKE, 0.01
6973, 4, 24, Status.WALL, 0.01
6974, 10, 80, Status.SNAKE, 0.01
6975, 7, 39, Status.SNAKE, 0.01
6976, 5, 34, Status.WALL, 0.01
6977, 1, 3, Status.SNAKE, 0.01
6978, 2, 13, Status.SNAKE, 0.01
6979, 8, 58, Status.SNAKE, 0.01
6980, 11, 67, Status.SNAKE, 0.01
6981, 12, 85, Status.SNAKE, 0.01
6982, 7, 46, Status.SNAKE, 0.01
6983, 1, 3, Status.SNAKE, 0.01
6984, 12, 86, Status.SNAKE, 0.01
6985, 9, 61, Status.SNAKE, 0.01
6986, 12, 90, Status.SNAKE, 0.01
6987, 13, 89, Status.SNAKE, 0.01
6988, 11, 77, Status.SNAKE, 0.01
6989, 8, 49, Status.SNAKE, 0.01
6990, 7, 46, Status.SNAKE, 0.01
6991, 9, 60, Status.WALL, 0.01
6992, 5, 31, Status.SNAKE, 0.01
6993, 5, 44, Status.SNAKE, 0.01
6994, 5, 28, Status.SNAKE, 0.01
6995, 9, 61, Status.SNAKE, 0.01
6996, 13, 84, Status.SNAKE, 0.01
6997, 8, 70, Status.SNAKE, 0.01
6998, 7, 42, Status.SNAKE, 0.01
6999, 1, 6, Status.SNAKE, 0.01
7000, 8, 50, Status.SNAKE, 0.01
7001, 4, 13, Status.SNAKE, 0.01
7002, 10, 94, Status.SNAKE, 0.01
7003, 4, 21, Status.SNAKE, 0.01
7004, 3, 12, Status.SNAKE, 0.01
7005, 13, 98, Status.SNAKE, 0.01
7006, 13, 96, Status.SNAKE, 0.01
7007, 18, 121, Status.SNAKE, 0.01
7008, 4, 38, Status.SNAKE, 0.01
7009, 6, 42, Status.SNAKE, 0.01
7010, 4, 28, Status.SNAKE, 0.01
7011, 3, 27, Status.SNAKE, 0.01
7012, 14, 90, Status.SNAKE, 0.01
7013, 10, 69, Status.SNAKE, 0.01
7014, 1, 8, Status.WALL, 0.01
7015, 2, 21, Status.SNAKE, 0.01
7016, 8, 46, Status.WALL, 0.01
7017, 17, 136, Status.SNAKE, 0.01
7018, 8, 69, Status.WALL, 0.01
7019, 6, 36, Status.SNAKE, 0.01
7020, 12, 89, Status.WALL, 0.01
7021, 12, 111, Status.SNAKE, 0.01
7022, 14, 71, Status.SNAKE, 0.01
7023, 5, 38, Status.SNAKE, 0.01
7024, 1, 7, Status.SNAKE, 0.01
7025, 6, 41, Status.WALL, 0.01
7026, 7, 57, Status.SNAKE, 0.01
7027, 8, 56, Status.SNAKE, 0.01
7028, 9, 67, Status.SNAKE, 0.01
7029, 2, 14, Status.SNAKE, 0.01
7030, 2, 12, Status.WALL, 0.01
7031, 7, 59, Status.SNAKE, 0.01
7032, 6, 43, Status.SNAKE, 0.01
7033, 9, 52, Status.SNAKE, 0.01
7034, 13, 88, Status.SNAKE, 0.01
7035, 18, 118, Status.SNAKE, 0.01
7036, 6, 41, Status.SNAKE, 0.01
7037, 3, 17, Status.SNAKE, 0.01
7038, 10, 56, Status.WALL, 0.01
7039, 7, 49, Status.SNAKE, 0.01
7040, 9, 57, Status.SNAKE, 0.01
7041, 1, 8, Status.SNAKE, 0.01
7042, 8, 61, Status.SNAKE, 0.01
7043, 10, 50, Status.SNAKE, 0.01
7044, 13, 103, Status.WALL, 0.01
7045, 13, 91, Status.SNAKE, 0.01
7046, 16, 99, Status.SNAKE, 0.01
7047, 22, 194, Status.SNAKE, 0.01
7048, 4, 32, Status.SNAKE, 0.01
7049, 9, 68, Status.SNAKE, 0.01
7050, 1, 3, Status.SNAKE, 0.01
7051, 4, 24, Status.SNAKE, 0.01
7052, 14, 132, Status.SNAKE, 0.01
7053, 12, 98, Status.SNAKE, 0.01
7054, 8, 44, Status.WALL, 0.01
7055, 6, 46, Status.SNAKE, 0.01
7056, 5, 27, Status.SNAKE, 0.01
7057, 13, 93, Status.WALL, 0.01
7058, 13, 63, Status.SNAKE, 0.01
7059, 8, 62, Status.SNAKE, 0.01
7060, 10, 74, Status.SNAKE, 0.01
7061, 10, 67, Status.SNAKE, 0.01
7062, 12, 79, Status.SNAKE, 0.01
7063, 13, 85, Status.SNAKE, 0.01
7064, 8, 55, Status.SNAKE, 0.01
7065, 14, 96, Status.SNAKE, 0.01
7066, 15, 78, Status.SNAKE, 0.01
7067, 14, 114, Status.SNAKE, 0.01
7068, 9, 67, Status.SNAKE, 0.01
7069, 8, 61, Status.SNAKE, 0.01
7070, 3, 10, Status.WALL, 0.01
7071, 7, 40, Status.SNAKE, 0.01
7072, 14, 97, Status.SNAKE, 0.01
7073, 18, 147, Status.SNAKE, 0.01
7074, 8, 59, Status.SNAKE, 0.01
7075, 5, 33, Status.SNAKE, 0.01
7076, 1, 15, Status.WALL, 0.01
7077, 7, 70, Status.SNAKE, 0.01
7078, 14, 88, Status.WALL, 0.01
7079, 1, 7, Status.SNAKE, 0.01
7080, 12, 88, Status.SNAKE, 0.01
7081, 1, 3, Status.SNAKE, 0.01
7082, 11, 90, Status.SNAKE, 0.01
7083, 1, 8, Status.WALL, 0.01
7084, 7, 36, Status.SNAKE, 0.01
7085, 13, 86, Status.SNAKE, 0.01
7086, 13, 110, Status.SNAKE, 0.01
7087, 11, 68, Status.WALL, 0.01
7088, 5, 24, Status.SNAKE, 0.01
7089, 12, 103, Status.SNAKE, 0.01
7090, 12, 70, Status.SNAKE, 0.01
7091, 7, 36, Status.SNAKE, 0.01
7092, 15, 131, Status.SNAKE, 0.01
7093, 18, 114, Status.SNAKE, 0.01
7094, 3, 23, Status.SNAKE, 0.01
7095, 9, 42, Status.SNAKE, 0.01
7096, 11, 83, Status.SNAKE, 0.01
7097, 13, 89, Status.SNAKE, 0.01
7098, 10, 57, Status.SNAKE, 0.01
7099, 10, 106, Status.SNAKE, 0.01
7100, 11, 85, Status.SNAKE, 0.01
7101, 3, 23, Status.WALL, 0.01
7102, 8, 69, Status.SNAKE, 0.01
7103, 9, 82, Status.SNAKE, 0.01
7104, 6, 46, Status.SNAKE, 0.01
7105, 14, 105, Status.WALL, 0.01
7106, 2, 7, Status.SNAKE, 0.01
7107, 6, 44, Status.SNAKE, 0.01
7108, 16, 83, Status.WALL, 0.01
7109, 3, 14, Status.SNAKE, 0.01
7110, 3, 21, Status.WALL, 0.01
7111, 11, 77, Status.SNAKE, 0.01
7112, 7, 38, Status.SNAKE, 0.01
7113, 9, 79, Status.SNAKE, 0.01
7114, 5, 61, Status.WALL, 0.01
7115, 6, 40, Status.SNAKE, 0.01
7116, 3, 29, Status.WALL, 0.01
7117, 8, 72, Status.SNAKE, 0.01
7118, 4, 17, Status.SNAKE, 0.01
7119, 5, 36, Status.SNAKE, 0.01
7120, 10, 68, Status.SNAKE, 0.01
7121, 5, 45, Status.WALL, 0.01
7122, 6, 47, Status.SNAKE, 0.01
7123, 1, 19, Status.SNAKE, 0.01
7124, 2, 13, Status.WALL, 0.01
7125, 8, 53, Status.WALL, 0.01
7126, 11, 111, Status.SNAKE, 0.01
7127, 16, 125, Status.SNAKE, 0.01
7128, 8, 34, Status.SNAKE, 0.01
7129, 7, 37, Status.SNAKE, 0.01
7130, 4, 23, Status.SNAKE, 0.01
7131, 6, 41, Status.SNAKE, 0.01
7132, 1, 5, Status.SNAKE, 0.01
7133, 17, 111, Status.SNAKE, 0.01
7134, 8, 55, Status.SNAKE, 0.01
7135, 1, 3, Status.SNAKE, 0.01
7136, 5, 44, Status.SNAKE, 0.01
7137, 7, 47, Status.WALL, 0.01
7138, 11, 68, Status.SNAKE, 0.01
7139, 1, 12, Status.WALL, 0.01
7140, 15, 111, Status.SNAKE, 0.01
7141, 10, 55, Status.SNAKE, 0.01
7142, 15, 89, Status.SNAKE, 0.01
7143, 14, 91, Status.SNAKE, 0.01
7144, 5, 32, Status.SNAKE, 0.01
7145, 1, 3, Status.SNAKE, 0.01
7146, 6, 36, Status.SNAKE, 0.01
7147, 1, 8, Status.WALL, 0.01
7148, 6, 33, Status.SNAKE, 0.01
7149, 9, 89, Status.SNAKE, 0.01
7150, 1, 15, Status.WALL, 0.01
7151, 8, 65, Status.SNAKE, 0.01
7152, 5, 20, Status.SNAKE, 0.01
7153, 6, 41, Status.SNAKE, 0.01
7154, 2, 15, Status.SNAKE, 0.01
7155, 11, 72, Status.SNAKE, 0.01
7156, 4, 33, Status.SNAKE, 0.01
7157, 14, 115, Status.WALL, 0.01
7158, 10, 67, Status.SNAKE, 0.01
7159, 19, 154, Status.SNAKE, 0.01
7160, 18, 121, Status.SNAKE, 0.01
7161, 14, 69, Status.SNAKE, 0.01
7162, 10, 51, Status.SNAKE, 0.01
7163, 11, 66, Status.WALL, 0.01
7164, 10, 77, Status.SNAKE, 0.01
7165, 11, 77, Status.WALL, 0.01
7166, 5, 21, Status.SNAKE, 0.01
7167, 3, 23, Status.SNAKE, 0.01
7168, 1, 6, Status.SNAKE, 0.01
7169, 9, 70, Status.SNAKE, 0.01
7170, 5, 15, Status.SNAKE, 0.01
7171, 8, 71, Status.SNAKE, 0.01
7172, 15, 108, Status.SNAKE, 0.01
7173, 9, 56, Status.SNAKE, 0.01
7174, 5, 25, Status.SNAKE, 0.01
7175, 11, 96, Status.WALL, 0.01
7176, 2, 11, Status.WALL, 0.01
7177, 5, 23, Status.SNAKE, 0.01
7178, 10, 90, Status.SNAKE, 0.01
7179, 9, 73, Status.SNAKE, 0.01
7180, 1, 3, Status.SNAKE, 0.01
7181, 13, 100, Status.SNAKE, 0.01
7182, 7, 57, Status.SNAKE, 0.01
7183, 9, 80, Status.WALL, 0.01
7184, 18, 95, Status.SNAKE, 0.01
7185, 8, 65, Status.SNAKE, 0.01
7186, 1, 3, Status.SNAKE, 0.01
7187, 6, 43, Status.WALL, 0.01
7188, 3, 11, Status.SNAKE, 0.01
7189, 7, 66, Status.SNAKE, 0.01
7190, 6, 34, Status.SNAKE, 0.01
7191, 11, 66, Status.WALL, 0.01
7192, 10, 69, Status.SNAKE, 0.01
7193, 16, 98, Status.SNAKE, 0.01
7194, 10, 79, Status.WALL, 0.01
7195, 3, 13, Status.SNAKE, 0.01
7196, 1, 6, Status.SNAKE, 0.01
7197, 3, 29, Status.WALL, 0.01
7198, 16, 104, Status.SNAKE, 0.01
7199, 4, 36, Status.SNAKE, 0.01
7200, 8, 52, Status.WALL, 0.01
7201, 7, 37, Status.WALL, 0.01
7202, 7, 55, Status.SNAKE, 0.01
7203, 12, 92, Status.SNAKE, 0.01
7204, 5, 27, Status.SNAKE, 0.01
7205, 6, 42, Status.SNAKE, 0.01
7206, 14, 84, Status.SNAKE, 0.01
7207, 12, 71, Status.SNAKE, 0.01
7208, 11, 87, Status.SNAKE, 0.01
7209, 13, 88, Status.SNAKE, 0.01
7210, 12, 80, Status.SNAKE, 0.01
7211, 10, 70, Status.SNAKE, 0.01
7212, 3, 20, Status.SNAKE, 0.01
7213, 5, 45, Status.SNAKE, 0.01
7214, 2, 14, Status.SNAKE, 0.01
7215, 2, 17, Status.SNAKE, 0.01
7216, 5, 33, Status.SNAKE, 0.01
7217, 8, 77, Status.SNAKE, 0.01
7218, 1, 8, Status.SNAKE, 0.01
7219, 7, 54, Status.SNAKE, 0.01
7220, 18, 124, Status.WALL, 0.01
7221, 11, 62, Status.SNAKE, 0.01
7222, 10, 69, Status.WALL, 0.01
7223, 8, 43, Status.WALL, 0.01
7224, 6, 36, Status.SNAKE, 0.01
7225, 16, 115, Status.SNAKE, 0.01
7226, 3, 28, Status.WALL, 0.01
7227, 2, 17, Status.WALL, 0.01
7228, 5, 24, Status.SNAKE, 0.01
7229, 14, 81, Status.WALL, 0.01
7230, 10, 89, Status.SNAKE, 0.01
7231, 12, 72, Status.SNAKE, 0.01
7232, 15, 130, Status.SNAKE, 0.01
7233, 6, 38, Status.SNAKE, 0.01
7234, 13, 90, Status.SNAKE, 0.01
7235, 11, 79, Status.SNAKE, 0.01
7236, 9, 79, Status.SNAKE, 0.01
7237, 10, 58, Status.SNAKE, 0.01
7238, 14, 92, Status.WALL, 0.01
7239, 10, 46, Status.SNAKE, 0.01
7240, 6, 31, Status.SNAKE, 0.01
7241, 10, 71, Status.SNAKE, 0.01
7242, 10, 77, Status.SNAKE, 0.01
7243, 6, 39, Status.SNAKE, 0.01
7244, 7, 52, Status.SNAKE, 0.01
7245, 11, 71, Status.SNAKE, 0.01
7246, 4, 23, Status.SNAKE, 0.01
7247, 2, 15, Status.SNAKE, 0.01
7248, 5, 32, Status.SNAKE, 0.01
7249, 4, 27, Status.SNAKE, 0.01
7250, 8, 67, Status.SNAKE, 0.01
7251, 2, 14, Status.WALL, 0.01
7252, 8, 43, Status.SNAKE, 0.01
7253, 8, 44, Status.SNAKE, 0.01
7254, 6, 37, Status.SNAKE, 0.01
7255, 11, 86, Status.SNAKE, 0.01
7256, 7, 33, Status.SNAKE, 0.01
7257, 9, 89, Status.SNAKE, 0.01
7258, 14, 103, Status.SNAKE, 0.01
7259, 9, 89, Status.SNAKE, 0.01
7260, 2, 8, Status.SNAKE, 0.01
7261, 3, 13, Status.SNAKE, 0.01
7262, 14, 74, Status.SNAKE, 0.01
7263, 19, 126, Status.SNAKE, 0.01
7264, 6, 47, Status.SNAKE, 0.01
7265, 4, 33, Status.SNAKE, 0.01
7266, 14, 104, Status.SNAKE, 0.01
7267, 11, 79, Status.SNAKE, 0.01
7268, 12, 70, Status.SNAKE, 0.01
7269, 4, 22, Status.SNAKE, 0.01
7270, 5, 24, Status.SNAKE, 0.01
7271, 12, 93, Status.WALL, 0.01
7272, 5, 29, Status.SNAKE, 0.01
7273, 3, 19, Status.SNAKE, 0.01
7274, 11, 91, Status.SNAKE, 0.01
7275, 8, 54, Status.SNAKE, 0.01
7276, 16, 107, Status.WALL, 0.01
7277, 1, 13, Status.WALL, 0.01
7278, 13, 101, Status.WALL, 0.01
7279, 6, 38, Status.WALL, 0.01
7280, 10, 46, Status.SNAKE, 0.01
7281, 2, 21, Status.SNAKE, 0.01
7282, 3, 19, Status.WALL, 0.01
7283, 5, 37, Status.SNAKE, 0.01
7284, 4, 38, Status.SNAKE, 0.01
7285, 8, 50, Status.WALL, 0.01
7286, 20, 156, Status.SNAKE, 0.01
7287, 16, 110, Status.SNAKE, 0.01
7288, 5, 30, Status.SNAKE, 0.01
7289, 1, 5, Status.SNAKE, 0.01
7290, 17, 119, Status.SNAKE, 0.01
7291, 4, 28, Status.WALL, 0.01
7292, 10, 62, Status.SNAKE, 0.01
7293, 7, 59, Status.SNAKE, 0.01
7294, 10, 60, Status.SNAKE, 0.01
7295, 12, 77, Status.SNAKE, 0.01
7296, 4, 17, Status.SNAKE, 0.01
7297, 9, 63, Status.SNAKE, 0.01
7298, 8, 32, Status.SNAKE, 0.01
7299, 15, 89, Status.SNAKE, 0.01
7300, 18, 118, Status.SNAKE, 0.01
7301, 8, 57, Status.SNAKE, 0.01
7302, 6, 39, Status.SNAKE, 0.01
7303, 7, 65, Status.SNAKE, 0.01
7304, 12, 110, Status.WALL, 0.01
7305, 3, 25, Status.WALL, 0.01
7306, 5, 41, Status.SNAKE, 0.01
7307, 13, 96, Status.WALL, 0.01
7308, 12, 83, Status.SNAKE, 0.01
7309, 2, 7, Status.WALL, 0.01
7310, 3, 26, Status.SNAKE, 0.01
7311, 5, 53, Status.WALL, 0.01
7312, 8, 41, Status.SNAKE, 0.01
7313, 11, 94, Status.SNAKE, 0.01
7314, 10, 56, Status.SNAKE, 0.01
7315, 20, 159, Status.SNAKE, 0.01
7316, 5, 27, Status.SNAKE, 0.01
7317, 16, 106, Status.SNAKE, 0.01
7318, 9, 63, Status.SNAKE, 0.01
7319, 6, 48, Status.WALL, 0.01
7320, 13, 115, Status.SNAKE, 0.01
7321, 13, 82, Status.SNAKE, 0.01
7322, 8, 46, Status.SNAKE, 0.01
7323, 6, 31, Status.SNAKE, 0.01
7324, 11, 70, Status.SNAKE, 0.01
7325, 18, 148, Status.WALL, 0.01
7326, 8, 47, Status.SNAKE, 0.01
7327, 12, 102, Status.SNAKE, 0.01
7328, 3, 17, Status.WALL, 0.01
7329, 5, 30, Status.SNAKE, 0.01
7330, 4, 16, Status.SNAKE, 0.01
7331, 13, 101, Status.SNAKE, 0.01
7332, 10, 66, Status.SNAKE, 0.01
7333, 5, 21, Status.SNAKE, 0.01
7334, 5, 44, Status.WALL, 0.01
7335, 17, 124, Status.SNAKE, 0.01
7336, 5, 30, Status.SNAKE, 0.01
7337, 6, 48, Status.SNAKE, 0.01
7338, 9, 79, Status.WALL, 0.01
7339, 15, 90, Status.SNAKE, 0.01
7340, 6, 45, Status.SNAKE, 0.01
7341, 14, 76, Status.SNAKE, 0.01
7342, 10, 62, Status.SNAKE, 0.01
7343, 1, 3, Status.SNAKE, 0.01
7344, 7, 27, Status.SNAKE, 0.01
7345, 4, 18, Status.WALL, 0.01
7346, 3, 21, Status.SNAKE, 0.01
7347, 6, 30, Status.SNAKE, 0.01
7348, 10, 72, Status.SNAKE, 0.01
7349, 5, 40, Status.SNAKE, 0.01
7350, 8, 54, Status.SNAKE, 0.01
7351, 9, 74, Status.SNAKE, 0.01
7352, 9, 66, Status.SNAKE, 0.01
7353, 9, 74, Status.SNAKE, 0.01
7354, 4, 35, Status.SNAKE, 0.01
7355, 13, 90, Status.WALL, 0.01
7356, 1, 9, Status.WALL, 0.01
7357, 9, 59, Status.SNAKE, 0.01
7358, 10, 69, Status.WALL, 0.01
7359, 1, 6, Status.SNAKE, 0.01
7360, 6, 36, Status.WALL, 0.01
7361, 7, 54, Status.SNAKE, 0.01
7362, 4, 38, Status.SNAKE, 0.01
7363, 5, 43, Status.WALL, 0.01
7364, 7, 51, Status.SNAKE, 0.01
7365, 19, 130, Status.SNAKE, 0.01
7366, 8, 48, Status.WALL, 0.01
7367, 6, 51, Status.SNAKE, 0.01
7368, 7, 37, Status.SNAKE, 0.01
7369, 12, 77, Status.SNAKE, 0.01
7370, 11, 72, Status.SNAKE, 0.01
7371, 13, 79, Status.SNAKE, 0.01
7372, 6, 46, Status.SNAKE, 0.01
7373, 4, 27, Status.SNAKE, 0.01
7374, 4, 26, Status.SNAKE, 0.01
7375, 9, 41, Status.SNAKE, 0.01
7376, 10, 74, Status.SNAKE, 0.01
7377, 1, 6, Status.SNAKE, 0.01
7378, 5, 33, Status.SNAKE, 0.01
7379, 9, 44, Status.SNAKE, 0.01
7380, 12, 96, Status.SNAKE, 0.01
7381, 17, 137, Status.SNAKE, 0.01
7382, 4, 17, Status.SNAKE, 0.01
7383, 11, 55, Status.SNAKE, 0.01
7384, 3, 13, Status.SNAKE, 0.01
7385, 2, 10, Status.WALL, 0.01
7386, 14, 117, Status.SNAKE, 0.01
7387, 8, 54, Status.SNAKE, 0.01
7388, 5, 37, Status.SNAKE, 0.01
7389, 18, 133, Status.SNAKE, 0.01
7390, 13, 111, Status.SNAKE, 0.01
7391, 5, 43, Status.SNAKE, 0.01
7392, 3, 14, Status.WALL, 0.01
7393, 5, 33, Status.SNAKE, 0.01
7394, 7, 49, Status.SNAKE, 0.01
7395, 1, 5, Status.SNAKE, 0.01
7396, 10, 67, Status.WALL, 0.01
7397, 10, 90, Status.WALL, 0.01
7398, 5, 36, Status.SNAKE, 0.01
7399, 15, 112, Status.WALL, 0.01
7400, 8, 47, Status.SNAKE, 0.01
7401, 7, 42, Status.SNAKE, 0.01
7402, 1, 9, Status.WALL, 0.01
7403, 14, 95, Status.SNAKE, 0.01
7404, 7, 36, Status.WALL, 0.01
7405, 5, 28, Status.SNAKE, 0.01
7406, 14, 66, Status.SNAKE, 0.01
7407, 11, 73, Status.SNAKE, 0.01
7408, 7, 58, Status.SNAKE, 0.01
7409, 9, 55, Status.SNAKE, 0.01
7410, 13, 91, Status.SNAKE, 0.01
7411, 8, 46, Status.SNAKE, 0.01
7412, 20, 147, Status.SNAKE, 0.01
7413, 7, 51, Status.SNAKE, 0.01
7414, 6, 34, Status.SNAKE, 0.01
7415, 6, 42, Status.SNAKE, 0.01
7416, 19, 137, Status.SNAKE, 0.01
7417, 15, 131, Status.SNAKE, 0.01
7418, 7, 62, Status.SNAKE, 0.01
7419, 7, 62, Status.WALL, 0.01
7420, 11, 67, Status.WALL, 0.01
7421, 7, 39, Status.SNAKE, 0.01
7422, 6, 40, Status.WALL, 0.01
7423, 13, 75, Status.WALL, 0.01
7424, 12, 85, Status.SNAKE, 0.01
7425, 5, 24, Status.SNAKE, 0.01
7426, 1, 6, Status.SNAKE, 0.01
7427, 9, 91, Status.SNAKE, 0.01
7428, 15, 109, Status.SNAKE, 0.01
7429, 1, 8, Status.SNAKE, 0.01
7430, 15, 135, Status.WALL, 0.01
7431, 10, 59, Status.SNAKE, 0.01
7432, 11, 89, Status.SNAKE, 0.01
7433, 7, 53, Status.SNAKE, 0.01
7434, 3, 14, Status.SNAKE, 0.01
7435, 9, 60, Status.SNAKE, 0.01
7436, 9, 69, Status.SNAKE, 0.01
7437, 14, 100, Status.WALL, 0.01
7438, 14, 119, Status.SNAKE, 0.01
7439, 8, 53, Status.WALL, 0.01
7440, 5, 30, Status.SNAKE, 0.01
7441, 9, 74, Status.SNAKE, 0.01
7442, 9, 60, Status.SNAKE, 0.01
7443, 1, 5, Status.SNAKE, 0.01
7444, 2, 17, Status.SNAKE, 0.01
7445, 2, 14, Status.SNAKE, 0.01
7446, 1, 8, Status.SNAKE, 0.01
7447, 8, 49, Status.SNAKE, 0.01
7448, 11, 67, Status.SNAKE, 0.01
7449, 7, 39, Status.SNAKE, 0.01
7450, 6, 39, Status.SNAKE, 0.01
7451, 11, 74, Status.SNAKE, 0.01
7452, 4, 36, Status.SNAKE, 0.01
7453, 13, 79, Status.SNAKE, 0.01
7454, 5, 40, Status.SNAKE, 0.01
7455, 12, 68, Status.WALL, 0.01
7456, 7, 36, Status.SNAKE, 0.01
7457, 1, 7, Status.SNAKE, 0.01
7458, 2, 13, Status.SNAKE, 0.01
7459, 8, 46, Status.WALL, 0.01
7460, 3, 15, Status.SNAKE, 0.01
7461, 6, 40, Status.SNAKE, 0.01
7462, 5, 16, Status.WALL, 0.01
7463, 12, 93, Status.SNAKE, 0.01
7464, 7, 39, Status.SNAKE, 0.01
7465, 14, 100, Status.SNAKE, 0.01
7466, 7, 65, Status.WALL, 0.01
7467, 19, 116, Status.SNAKE, 0.01
7468, 8, 46, Status.SNAKE, 0.01
7469, 5, 28, Status.WALL, 0.01
7470, 8, 46, Status.SNAKE, 0.01
7471, 6, 41, Status.WALL, 0.01
7472, 12, 89, Status.SNAKE, 0.01
7473, 6, 34, Status.SNAKE, 0.01
7474, 6, 30, Status.WALL, 0.01
7475, 23, 161, Status.SNAKE, 0.01
7476, 3, 16, Status.SNAKE, 0.01
7477, 15, 115, Status.SNAKE, 0.01
7478, 9, 57, Status.WALL, 0.01
7479, 2, 20, Status.SNAKE, 0.01
7480, 1, 7, Status.SNAKE, 0.01
7481, 3, 27, Status.SNAKE, 0.01
7482, 9, 66, Status.SNAKE, 0.01
7483, 16, 100, Status.SNAKE, 0.01
7484, 9, 53, Status.SNAKE, 0.01
7485, 6, 42, Status.WALL, 0.01
7486, 9, 81, Status.SNAKE, 0.01
7487, 7, 46, Status.SNAKE, 0.01
7488, 7, 49, Status.WALL, 0.01
7489, 6, 40, Status.SNAKE, 0.01
7490, 14, 110, Status.WALL, 0.01
7491, 10, 66, Status.SNAKE, 0.01
7492, 9, 67, Status.SNAKE, 0.01
7493, 8, 34, Status.SNAKE, 0.01
7494, 8, 62, Status.SNAKE, 0.01
7495, 2, 13, Status.SNAKE, 0.01
7496, 4, 32, Status.SNAKE, 0.01
7497, 8, 65, Status.SNAKE, 0.01
7498, 1, 8, Status.WALL, 0.01
7499, 7, 64, Status.WALL, 0.01
7500, 15, 109, Status.WALL, 0.01
7501, 9, 56, Status.SNAKE, 0.01
7502, 9, 74, Status.SNAKE, 0.01
7503, 15, 103, Status.SNAKE, 0.01
7504, 13, 92, Status.SNAKE, 0.01
7505, 3, 32, Status.WALL, 0.01
7506, 13, 87, Status.SNAKE, 0.01
7507, 8, 58, Status.SNAKE, 0.01
7508, 10, 77, Status.SNAKE, 0.01
7509, 1, 6, Status.SNAKE, 0.01
7510, 13, 65, Status.WALL, 0.01
7511, 8, 53, Status.SNAKE, 0.01
7512, 4, 26, Status.WALL, 0.01
7513, 10, 71, Status.SNAKE, 0.01
7514, 6, 47, Status.WALL, 0.01
7515, 9, 60, Status.SNAKE, 0.01
7516, 4, 35, Status.SNAKE, 0.01
7517, 22, 131, Status.SNAKE, 0.01
7518, 6, 39, Status.SNAKE, 0.01
7519, 2, 21, Status.SNAKE, 0.01
7520, 6, 36, Status.SNAKE, 0.01
7521, 11, 104, Status.SNAKE, 0.01
7522, 8, 51, Status.SNAKE, 0.01
7523, 8, 68, Status.SNAKE, 0.01
7524, 10, 52, Status.SNAKE, 0.01
7525, 6, 45, Status.SNAKE, 0.01
7526, 10, 64, Status.SNAKE, 0.01
7527, 4, 34, Status.SNAKE, 0.01
7528, 4, 27, Status.SNAKE, 0.01
7529, 4, 21, Status.SNAKE, 0.01
7530, 3, 20, Status.SNAKE, 0.01
7531, 1, 7, Status.WALL, 0.01
7532, 5, 26, Status.SNAKE, 0.01
7533, 7, 44, Status.SNAKE, 0.01
7534, 10, 64, Status.SNAKE, 0.01
7535, 6, 54, Status.SNAKE, 0.01
7536, 8, 42, Status.SNAKE, 0.01
7537, 11, 75, Status.SNAKE, 0.01
7538, 9, 68, Status.SNAKE, 0.01
7539, 3, 21, Status.SNAKE, 0.01
7540, 14, 134, Status.SNAKE, 0.01
7541, 16, 117, Status.SNAKE, 0.01
7542, 6, 49, Status.SNAKE, 0.01
7543, 1, 13, Status.WALL, 0.01
7544, 6, 33, Status.SNAKE, 0.01
7545, 9, 69, Status.SNAKE, 0.01
7546, 12, 65, Status.SNAKE, 0.01
7547, 10, 60, Status.SNAKE, 0.01
7548, 3, 16, Status.SNAKE, 0.01
7549, 5, 38, Status.WALL, 0.01
7550, 14, 82, Status.SNAKE, 0.01
7551, 11, 72, Status.SNAKE, 0.01
7552, 7, 31, Status.SNAKE, 0.01
7553, 2, 14, Status.SNAKE, 0.01
7554, 7, 40, Status.SNAKE, 0.01
7555, 5, 47, Status.WALL, 0.01
7556, 15, 96, Status.SNAKE, 0.01
7557, 1, 8, Status.SNAKE, 0.01
7558, 10, 75, Status.SNAKE, 0.01
7559, 13, 77, Status.SNAKE, 0.01
7560, 8, 54, Status.SNAKE, 0.01
7561, 10, 81, Status.SNAKE, 0.01
7562, 5, 27, Status.SNAKE, 0.01
7563, 14, 82, Status.SNAKE, 0.01
7564, 15, 123, Status.SNAKE, 0.01
7565, 5, 22, Status.SNAKE, 0.01
7566, 5, 45, Status.SNAKE, 0.01
7567, 12, 82, Status.SNAKE, 0.01
7568, 5, 26, Status.SNAKE, 0.01
7569, 7, 44, Status.SNAKE, 0.01
7570, 7, 47, Status.SNAKE, 0.01
7571, 5, 29, Status.SNAKE, 0.01
7572, 7, 72, Status.SNAKE, 0.01
7573, 6, 44, Status.SNAKE, 0.01
7574, 11, 73, Status.SNAKE, 0.01
7575, 1, 8, Status.WALL, 0.01
7576, 11, 66, Status.SNAKE, 0.01
7577, 5, 30, Status.SNAKE, 0.01
7578, 10, 79, Status.SNAKE, 0.01
7579, 7, 34, Status.SNAKE, 0.01
7580, 8, 37, Status.SNAKE, 0.01
7581, 8, 62, Status.SNAKE, 0.01
7582, 12, 90, Status.WALL, 0.01
7583, 9, 71, Status.SNAKE, 0.01
7584, 18, 135, Status.SNAKE, 0.01
7585, 10, 71, Status.SNAKE, 0.01
7586, 14, 116, Status.SNAKE, 0.01
7587, 3, 31, Status.SNAKE, 0.01
7588, 11, 67, Status.SNAKE, 0.01
7589, 11, 96, Status.SNAKE, 0.01
7590, 13, 102, Status.SNAKE, 0.01
7591, 14, 110, Status.SNAKE, 0.01
7592, 10, 89, Status.SNAKE, 0.01
7593, 13, 89, Status.SNAKE, 0.01
7594, 13, 122, Status.SNAKE, 0.01
7595, 7, 40, Status.SNAKE, 0.01
7596, 9, 63, Status.SNAKE, 0.01
7597, 10, 74, Status.SNAKE, 0.01
7598, 5, 37, Status.SNAKE, 0.01
7599, 9, 47, Status.WALL, 0.01
7600, 18, 138, Status.SNAKE, 0.01
7601, 9, 45, Status.SNAKE, 0.01
7602, 22, 191, Status.SNAKE, 0.01
7603, 4, 30, Status.WALL, 0.01
7604, 5, 27, Status.SNAKE, 0.01
7605, 4, 30, Status.WALL, 0.01
7606, 9, 70, Status.SNAKE, 0.01
7607, 1, 5, Status.SNAKE, 0.01
7608, 4, 16, Status.SNAKE, 0.01
7609, 14, 76, Status.SNAKE, 0.01
7610, 10, 63, Status.SNAKE, 0.01
7611, 14, 96, Status.SNAKE, 0.01
7612, 5, 21, Status.SNAKE, 0.01
7613, 7, 45, Status.SNAKE, 0.01
7614, 13, 74, Status.SNAKE, 0.01
7615, 11, 72, Status.SNAKE, 0.01
7616, 4, 22, Status.SNAKE, 0.01
7617, 9, 70, Status.SNAKE, 0.01
7618, 12, 78, Status.WALL, 0.01
7619, 10, 75, Status.SNAKE, 0.01
7620, 6, 53, Status.SNAKE, 0.01
7621, 4, 20, Status.SNAKE, 0.01
7622, 10, 80, Status.SNAKE, 0.01
7623, 10, 60, Status.SNAKE, 0.01
7624, 14, 85, Status.SNAKE, 0.01
7625, 4, 25, Status.WALL, 0.01
7626, 1, 6, Status.SNAKE, 0.01
7627, 5, 56, Status.SNAKE, 0.01
7628, 9, 70, Status.WALL, 0.01
7629, 14, 90, Status.SNAKE, 0.01
7630, 1, 5, Status.SNAKE, 0.01
7631, 4, 36, Status.WALL, 0.01
7632, 9, 66, Status.SNAKE, 0.01
7633, 13, 68, Status.SNAKE, 0.01
7634, 12, 103, Status.SNAKE, 0.01
7635, 12, 79, Status.SNAKE, 0.01
7636, 2, 13, Status.SNAKE, 0.01
7637, 3, 22, Status.SNAKE, 0.01
7638, 9, 74, Status.SNAKE, 0.01
7639, 5, 49, Status.SNAKE, 0.01
7640, 13, 73, Status.SNAKE, 0.01
7641, 7, 55, Status.SNAKE, 0.01
7642, 5, 27, Status.SNAKE, 0.01
7643, 1, 6, Status.SNAKE, 0.01
7644, 8, 54, Status.SNAKE, 0.01
7645, 8, 37, Status.SNAKE, 0.01
7646, 0, 5, Status.WALL, 0.01
7647, 10, 76, Status.SNAKE, 0.01
7648, 2, 21, Status.WALL, 0.01
7649, 7, 44, Status.SNAKE, 0.01
7650, 6, 29, Status.SNAKE, 0.01
7651, 7, 58, Status.SNAKE, 0.01
7652, 6, 45, Status.SNAKE, 0.01
7653, 3, 20, Status.SNAKE, 0.01
7654, 4, 17, Status.SNAKE, 0.01
7655, 3, 23, Status.SNAKE, 0.01
7656, 5, 37, Status.SNAKE, 0.01
7657, 15, 98, Status.SNAKE, 0.01
7658, 10, 65, Status.WALL, 0.01
7659, 8, 66, Status.SNAKE, 0.01
7660, 3, 30, Status.WALL, 0.01
7661, 5, 43, Status.SNAKE, 0.01
7662, 3, 22, Status.WALL, 0.01
7663, 1, 3, Status.SNAKE, 0.01
7664, 13, 100, Status.SNAKE, 0.01
7665, 11, 64, Status.SNAKE, 0.01
7666, 10, 71, Status.SNAKE, 0.01
7667, 2, 19, Status.WALL, 0.01
7668, 8, 52, Status.WALL, 0.01
7669, 8, 62, Status.SNAKE, 0.01
7670, 3, 24, Status.WALL, 0.01
7671, 8, 54, Status.SNAKE, 0.01
7672, 7, 53, Status.SNAKE, 0.01
7673, 3, 21, Status.SNAKE, 0.01
7674, 1, 7, Status.WALL, 0.01
7675, 12, 68, Status.SNAKE, 0.01
7676, 2, 11, Status.SNAKE, 0.01
7677, 14, 117, Status.SNAKE, 0.01
7678, 14, 98, Status.SNAKE, 0.01
7679, 10, 55, Status.SNAKE, 0.01
7680, 6, 38, Status.SNAKE, 0.01
7681, 13, 74, Status.SNAKE, 0.01
7682, 5, 43, Status.SNAKE, 0.01
7683, 17, 112, Status.SNAKE, 0.01
7684, 9, 59, Status.SNAKE, 0.01
7685, 9, 79, Status.SNAKE, 0.01
7686, 13, 117, Status.SNAKE, 0.01
7687, 17, 98, Status.SNAKE, 0.01
7688, 18, 129, Status.SNAKE, 0.01
7689, 11, 45, Status.SNAKE, 0.01
7690, 16, 110, Status.SNAKE, 0.01
7691, 5, 55, Status.SNAKE, 0.01
7692, 12, 79, Status.SNAKE, 0.01
7693, 2, 11, Status.WALL, 0.01
7694, 6, 58, Status.SNAKE, 0.01
7695, 15, 78, Status.SNAKE, 0.01
7696, 8, 49, Status.SNAKE, 0.01
7697, 7, 64, Status.WALL, 0.01
7698, 6, 59, Status.WALL, 0.01
7699, 5, 33, Status.SNAKE, 0.01
7700, 13, 96, Status.SNAKE, 0.01
7701, 11, 81, Status.SNAKE, 0.01
7702, 26, 155, Status.SNAKE, 0.01
7703, 1, 5, Status.SNAKE, 0.01
7704, 5, 40, Status.WALL, 0.01
7705, 14, 71, Status.WALL, 0.01
7706, 6, 44, Status.SNAKE, 0.01
7707, 7, 48, Status.WALL, 0.01
7708, 7, 62, Status.SNAKE, 0.01
7709, 1, 6, Status.SNAKE, 0.01
7710, 14, 86, Status.SNAKE, 0.01
7711, 8, 47, Status.SNAKE, 0.01
7712, 4, 31, Status.SNAKE, 0.01
7713, 10, 72, Status.WALL, 0.01
7714, 6, 25, Status.WALL, 0.01
7715, 11, 68, Status.SNAKE, 0.01
7716, 1, 8, Status.WALL, 0.01
7717, 8, 37, Status.SNAKE, 0.01
7718, 13, 83, Status.WALL, 0.01
7719, 13, 86, Status.SNAKE, 0.01
7720, 10, 70, Status.SNAKE, 0.01
7721, 6, 36, Status.SNAKE, 0.01
7722, 10, 70, Status.SNAKE, 0.01
7723, 5, 32, Status.SNAKE, 0.01
7724, 8, 64, Status.SNAKE, 0.01
7725, 1, 5, Status.SNAKE, 0.01
7726, 7, 35, Status.SNAKE, 0.01
7727, 8, 38, Status.SNAKE, 0.01
7728, 7, 39, Status.WALL, 0.01
7729, 8, 42, Status.WALL, 0.01
7730, 6, 34, Status.SNAKE, 0.01
7731, 12, 76, Status.SNAKE, 0.01
7732, 1, 13, Status.SNAKE, 0.01
7733, 8, 58, Status.WALL, 0.01
7734, 1, 6, Status.SNAKE, 0.01
7735, 4, 36, Status.WALL, 0.01
7736, 7, 61, Status.WALL, 0.01
7737, 11, 65, Status.SNAKE, 0.01
7738, 12, 85, Status.SNAKE, 0.01
7739, 3, 10, Status.WALL, 0.01
7740, 6, 30, Status.SNAKE, 0.01
7741, 6, 36, Status.WALL, 0.01
7742, 9, 65, Status.SNAKE, 0.01
7743, 3, 19, Status.WALL, 0.01
7744, 7, 47, Status.WALL, 0.01
7745, 7, 56, Status.SNAKE, 0.01
7746, 12, 77, Status.SNAKE, 0.01
7747, 7, 47, Status.SNAKE, 0.01
7748, 9, 78, Status.SNAKE, 0.01
7749, 11, 71, Status.SNAKE, 0.01
7750, 12, 103, Status.WALL, 0.01
7751, 4, 30, Status.WALL, 0.01
7752, 4, 17, Status.SNAKE, 0.01
7753, 15, 115, Status.SNAKE, 0.01
7754, 11, 99, Status.SNAKE, 0.01
7755, 16, 111, Status.SNAKE, 0.01
7756, 5, 27, Status.SNAKE, 0.01
7757, 7, 50, Status.SNAKE, 0.01
7758, 6, 38, Status.SNAKE, 0.01
7759, 2, 10, Status.SNAKE, 0.01
7760, 1, 9, Status.WALL, 0.01
7761, 10, 85, Status.SNAKE, 0.01
7762, 10, 49, Status.WALL, 0.01
7763, 1, 9, Status.WALL, 0.01
7764, 3, 21, Status.WALL, 0.01
7765, 9, 64, Status.WALL, 0.01
7766, 12, 82, Status.WALL, 0.01
7767, 8, 52, Status.WALL, 0.01
7768, 19, 148, Status.SNAKE, 0.01
7769, 16, 120, Status.SNAKE, 0.01
7770, 8, 37, Status.SNAKE, 0.01
7771, 9, 67, Status.WALL, 0.01
7772, 15, 133, Status.SNAKE, 0.01
7773, 9, 63, Status.SNAKE, 0.01
7774, 5, 41, Status.SNAKE, 0.01
7775, 14, 78, Status.WALL, 0.01
7776, 8, 60, Status.SNAKE, 0.01
7777, 4, 21, Status.SNAKE, 0.01
7778, 8, 64, Status.SNAKE, 0.01
7779, 8, 43, Status.SNAKE, 0.01
7780, 9, 67, Status.WALL, 0.01
7781, 11, 92, Status.SNAKE, 0.01
7782, 13, 88, Status.WALL, 0.01
7783, 10, 84, Status.SNAKE, 0.01
7784, 7, 43, Status.SNAKE, 0.01
7785, 6, 46, Status.SNAKE, 0.01
7786, 3, 17, Status.SNAKE, 0.01
7787, 8, 77, Status.WALL, 0.01
7788, 17, 111, Status.SNAKE, 0.01
7789, 2, 17, Status.WALL, 0.01
7790, 9, 74, Status.WALL, 0.01
7791, 4, 26, Status.SNAKE, 0.01
7792, 11, 89, Status.WALL, 0.01
7793, 8, 41, Status.SNAKE, 0.01
7794, 16, 106, Status.WALL, 0.01
7795, 8, 62, Status.SNAKE, 0.01
7796, 8, 66, Status.SNAKE, 0.01
7797, 15, 95, Status.SNAKE, 0.01
7798, 11, 74, Status.SNAKE, 0.01
7799, 5, 34, Status.SNAKE, 0.01
7800, 6, 53, Status.SNAKE, 0.01
7801, 8, 34, Status.SNAKE, 0.01
7802, 11, 61, Status.SNAKE, 0.01
7803, 13, 86, Status.SNAKE, 0.01
7804, 4, 29, Status.SNAKE, 0.01
7805, 3, 14, Status.SNAKE, 0.01
7806, 10, 61, Status.SNAKE, 0.01
7807, 4, 29, Status.SNAKE, 0.01
7808, 6, 31, Status.SNAKE, 0.01
7809, 6, 60, Status.SNAKE, 0.01
7810, 13, 79, Status.SNAKE, 0.01
7811, 6, 41, Status.SNAKE, 0.01
7812, 10, 120, Status.SNAKE, 0.01
7813, 7, 40, Status.SNAKE, 0.01
7814, 8, 59, Status.SNAKE, 0.01
7815, 8, 60, Status.SNAKE, 0.01
7816, 12, 80, Status.WALL, 0.01
7817, 9, 71, Status.SNAKE, 0.01
7818, 17, 109, Status.SNAKE, 0.01
7819, 15, 82, Status.WALL, 0.01
7820, 8, 77, Status.SNAKE, 0.01
7821, 15, 97, Status.SNAKE, 0.01
7822, 13, 65, Status.SNAKE, 0.01
7823, 5, 41, Status.SNAKE, 0.01
7824, 1, 5, Status.SNAKE, 0.01
7825, 8, 59, Status.WALL, 0.01
7826, 5, 42, Status.SNAKE, 0.01
7827, 11, 89, Status.SNAKE, 0.01
7828, 1, 7, Status.WALL, 0.01
7829, 17, 117, Status.SNAKE, 0.01
7830, 6, 44, Status.WALL, 0.01
7831, 9, 71, Status.SNAKE, 0.01
7832, 5, 46, Status.WALL, 0.01
7833, 13, 103, Status.SNAKE, 0.01
7834, 10, 56, Status.SNAKE, 0.01
7835, 7, 51, Status.SNAKE, 0.01
7836, 6, 46, Status.SNAKE, 0.01
7837, 13, 102, Status.SNAKE, 0.01
7838, 8, 60, Status.WALL, 0.01
7839, 12, 68, Status.SNAKE, 0.01
7840, 16, 79, Status.WALL, 0.01
7841, 4, 16, Status.SNAKE, 0.01
7842, 11, 71, Status.SNAKE, 0.01
7843, 6, 35, Status.SNAKE, 0.01
7844, 9, 60, Status.SNAKE, 0.01
7845, 10, 74, Status.SNAKE, 0.01
7846, 12, 87, Status.SNAKE, 0.01
7847, 14, 91, Status.SNAKE, 0.01
7848, 8, 67, Status.SNAKE, 0.01
7849, 9, 84, Status.WALL, 0.01
7850, 14, 96, Status.SNAKE, 0.01
7851, 9, 64, Status.SNAKE, 0.01
7852, 7, 43, Status.SNAKE, 0.01
7853, 22, 133, Status.WALL, 0.01
7854, 10, 80, Status.SNAKE, 0.01
7855, 3, 11, Status.SNAKE, 0.01
7856, 8, 68, Status.WALL, 0.01
7857, 9, 71, Status.SNAKE, 0.01
7858, 17, 142, Status.SNAKE, 0.01
7859, 7, 43, Status.SNAKE, 0.01
7860, 10, 69, Status.WALL, 0.01
7861, 10, 60, Status.WALL, 0.01
7862, 7, 51, Status.SNAKE, 0.01
7863, 8, 62, Status.SNAKE, 0.01
7864, 7, 47, Status.SNAKE, 0.01
7865, 5, 47, Status.WALL, 0.01
7866, 3, 24, Status.WALL, 0.01
7867, 9, 51, Status.SNAKE, 0.01
7868, 14, 91, Status.WALL, 0.01
7869, 15, 94, Status.SNAKE, 0.01
7870, 12, 71, Status.SNAKE, 0.01
7871, 6, 30, Status.SNAKE, 0.01
7872, 5, 40, Status.SNAKE, 0.01
7873, 12, 93, Status.WALL, 0.01
7874, 11, 85, Status.SNAKE, 0.01
7875, 12, 107, Status.WALL, 0.01
7876, 10, 84, Status.SNAKE, 0.01
7877, 12, 66, Status.SNAKE, 0.01
7878, 6, 47, Status.SNAKE, 0.01
7879, 11, 62, Status.SNAKE, 0.01
7880, 22, 134, Status.SNAKE, 0.01
7881, 20, 153, Status.SNAKE, 0.01
7882, 9, 61, Status.WALL, 0.01
7883, 8, 57, Status.SNAKE, 0.01
7884, 10, 53, Status.SNAKE, 0.01
7885, 8, 35, Status.SNAKE, 0.01
7886, 3, 21, Status.SNAKE, 0.01
7887, 7, 41, Status.SNAKE, 0.01
7888, 18, 109, Status.WALL, 0.01
7889, 7, 72, Status.WALL, 0.01
7890, 3, 20, Status.SNAKE, 0.01
7891, 3, 33, Status.SNAKE, 0.01
7892, 11, 83, Status.SNAKE, 0.01
7893, 9, 78, Status.SNAKE, 0.01
7894, 12, 82, Status.SNAKE, 0.01
7895, 17, 109, Status.SNAKE, 0.01
7896, 12, 82, Status.SNAKE, 0.01
7897, 8, 48, Status.SNAKE, 0.01
7898, 11, 60, Status.SNAKE, 0.01
7899, 9, 59, Status.SNAKE, 0.01
7900, 9, 49, Status.SNAKE, 0.01
7901, 7, 43, Status.WALL, 0.01
7902, 12, 67, Status.WALL, 0.01
7903, 2, 13, Status.WALL, 0.01
7904, 1, 8, Status.SNAKE, 0.01
7905, 5, 43, Status.WALL, 0.01
7906, 3, 16, Status.SNAKE, 0.01
7907, 6, 48, Status.WALL, 0.01
7908, 9, 75, Status.WALL, 0.01
7909, 7, 64, Status.WALL, 0.01
7910, 12, 66, Status.SNAKE, 0.01
7911, 18, 161, Status.SNAKE, 0.01
7912, 1, 7, Status.WALL, 0.01
7913, 9, 61, Status.SNAKE, 0.01
7914, 7, 54, Status.WALL, 0.01
7915, 11, 82, Status.SNAKE, 0.01
7916, 6, 44, Status.WALL, 0.01
7917, 8, 43, Status.SNAKE, 0.01
7918, 10, 61, Status.SNAKE, 0.01
7919, 6, 24, Status.WALL, 0.01
7920, 12, 80, Status.SNAKE, 0.01
7921, 2, 18, Status.WALL, 0.01
7922, 11, 83, Status.SNAKE, 0.01
7923, 11, 87, Status.SNAKE, 0.01
7924, 5, 43, Status.SNAKE, 0.01
7925, 10, 47, Status.SNAKE, 0.01
7926, 14, 111, Status.SNAKE, 0.01
7927, 8, 49, Status.SNAKE, 0.01
7928, 16, 111, Status.SNAKE, 0.01
7929, 7, 48, Status.WALL, 0.01
7930, 8, 59, Status.SNAKE, 0.01
7931, 4, 33, Status.WALL, 0.01
7932, 16, 101, Status.SNAKE, 0.01
7933, 14, 101, Status.SNAKE, 0.01
7934, 1, 7, Status.WALL, 0.01
7935, 14, 89, Status.SNAKE, 0.01
7936, 5, 30, Status.WALL, 0.01
7937, 11, 77, Status.WALL, 0.01
7938, 9, 57, Status.SNAKE, 0.01
7939, 8, 88, Status.SNAKE, 0.01
7940, 5, 21, Status.SNAKE, 0.01
7941, 7, 66, Status.SNAKE, 0.01
7942, 12, 88, Status.SNAKE, 0.01
7943, 10, 93, Status.WALL, 0.01
7944, 11, 82, Status.SNAKE, 0.01
7945, 3, 30, Status.WALL, 0.01
7946, 11, 74, Status.SNAKE, 0.01
7947, 12, 86, Status.SNAKE, 0.01
7948, 13, 94, Status.SNAKE, 0.01
7949, 9, 62, Status.WALL, 0.01
7950, 1, 6, Status.SNAKE, 0.01
7951, 11, 80, Status.WALL, 0.01
7952, 1, 8, Status.WALL, 0.01
7953, 5, 37, Status.WALL, 0.01
7954, 11, 88, Status.SNAKE, 0.01
7955, 4, 33, Status.WALL, 0.01
7956, 1, 13, Status.WALL, 0.01
7957, 10, 75, Status.SNAKE, 0.01
7958, 5, 34, Status.WALL, 0.01
7959, 10, 64, Status.SNAKE, 0.01
7960, 2, 18, Status.SNAKE, 0.01
7961, 14, 111, Status.SNAKE, 0.01
7962, 15, 87, Status.SNAKE, 0.01
7963, 14, 119, Status.WALL, 0.01
7964, 6, 33, Status.SNAKE, 0.01
7965, 5, 39, Status.WALL, 0.01
7966, 5, 31, Status.SNAKE, 0.01
7967, 3, 12, Status.SNAKE, 0.01
7968, 8, 39, Status.SNAKE, 0.01
7969, 14, 106, Status.SNAKE, 0.01
7970, 23, 160, Status.SNAKE, 0.01
7971, 11, 68, Status.WALL, 0.01
7972, 11, 83, Status.SNAKE, 0.01
7973, 11, 79, Status.SNAKE, 0.01
7974, 5, 43, Status.WALL, 0.01
7975, 14, 128, Status.SNAKE, 0.01
7976, 7, 48, Status.WALL, 0.01
7977, 0, 7, Status.WALL, 0.01
7978, 1, 5, Status.SNAKE, 0.01
7979, 8, 42, Status.SNAKE, 0.01
7980, 15, 122, Status.SNAKE, 0.01
7981, 3, 17, Status.SNAKE, 0.01
7982, 9, 64, Status.SNAKE, 0.01
7983, 13, 86, Status.SNAKE, 0.01
7984, 7, 41, Status.SNAKE, 0.01
7985, 9, 82, Status.SNAKE, 0.01
7986, 15, 100, Status.SNAKE, 0.01
7987, 5, 32, Status.SNAKE, 0.01
7988, 5, 34, Status.SNAKE, 0.01
7989, 11, 73, Status.WALL, 0.01
7990, 10, 64, Status.SNAKE, 0.01
7991, 11, 53, Status.SNAKE, 0.01
7992, 9, 50, Status.SNAKE, 0.01
7993, 3, 28, Status.SNAKE, 0.01
7994, 12, 77, Status.SNAKE, 0.01
7995, 12, 82, Status.SNAKE, 0.01
7996, 13, 90, Status.WALL, 0.01
7997, 6, 41, Status.SNAKE, 0.01
7998, 6, 48, Status.SNAKE, 0.01
7999, 1, 8, Status.WALL, 0.01
8000, 2, 17, Status.WALL, 0.01
8001, 12, 79, Status.WALL, 0.01
8002, 4, 29, Status.SNAKE, 0.01
8003, 8, 65, Status.SNAKE, 0.01
8004, 13, 120, Status.WALL, 0.01
8005, 8, 55, Status.SNAKE, 0.01
8006, 8, 51, Status.WALL, 0.01
8007, 9, 58, Status.SNAKE, 0.01
8008, 12, 102, Status.SNAKE, 0.01
8009, 1, 3, Status.SNAKE, 0.01
8010, 8, 35, Status.WALL, 0.01
8011, 11, 74, Status.SNAKE, 0.01
8012, 8, 84, Status.WALL, 0.01
8013, 10, 74, Status.SNAKE, 0.01
8014, 4, 33, Status.WALL, 0.01
8015, 0, 10, Status.WALL, 0.01
8016, 19, 148, Status.SNAKE, 0.01
8017, 7, 47, Status.SNAKE, 0.01
8018, 9, 46, Status.SNAKE, 0.01
8019, 13, 82, Status.SNAKE, 0.01
8020, 11, 101, Status.SNAKE, 0.01
8021, 9, 56, Status.SNAKE, 0.01
8022, 14, 106, Status.SNAKE, 0.01
8023, 8, 57, Status.SNAKE, 0.01
8024, 6, 46, Status.WALL, 0.01
8025, 18, 105, Status.SNAKE, 0.01
8026, 8, 48, Status.SNAKE, 0.01
8027, 12, 86, Status.SNAKE, 0.01
8028, 3, 16, Status.WALL, 0.01
8029, 8, 63, Status.SNAKE, 0.01
8030, 18, 95, Status.SNAKE, 0.01
8031, 4, 24, Status.SNAKE, 0.01
8032, 5, 26, Status.SNAKE, 0.01
8033, 5, 38, Status.SNAKE, 0.01
8034, 9, 57, Status.SNAKE, 0.01
8035, 5, 27, Status.SNAKE, 0.01
8036, 12, 75, Status.SNAKE, 0.01
8037, 10, 74, Status.SNAKE, 0.01
8038, 5, 39, Status.SNAKE, 0.01
8039, 10, 84, Status.SNAKE, 0.01
8040, 5, 26, Status.SNAKE, 0.01
8041, 8, 50, Status.SNAKE, 0.01
8042, 4, 24, Status.SNAKE, 0.01
8043, 15, 128, Status.SNAKE, 0.01
8044, 12, 85, Status.SNAKE, 0.01
8045, 10, 60, Status.WALL, 0.01
8046, 7, 49, Status.SNAKE, 0.01
8047, 8, 80, Status.WALL, 0.01
8048, 7, 40, Status.SNAKE, 0.01
8049, 3, 16, Status.SNAKE, 0.01
8050, 4, 32, Status.SNAKE, 0.01
8051, 7, 31, Status.SNAKE, 0.01
8052, 10, 85, Status.SNAKE, 0.01
8053, 6, 41, Status.SNAKE, 0.01
8054, 1, 3, Status.SNAKE, 0.01
8055, 6, 38, Status.SNAKE, 0.01
8056, 5, 31, Status.SNAKE, 0.01
8057, 5, 38, Status.SNAKE, 0.01
8058, 8, 41, Status.SNAKE, 0.01
8059, 5, 20, Status.SNAKE, 0.01
8060, 5, 29, Status.WALL, 0.01
8061, 6, 58, Status.WALL, 0.01
8062, 13, 90, Status.SNAKE, 0.01
8063, 6, 23, Status.SNAKE, 0.01
8064, 6, 31, Status.SNAKE, 0.01
8065, 15, 94, Status.SNAKE, 0.01
8066, 14, 81, Status.SNAKE, 0.01
8067, 11, 74, Status.SNAKE, 0.01
8068, 1, 5, Status.SNAKE, 0.01
8069, 10, 58, Status.SNAKE, 0.01
8070, 13, 109, Status.SNAKE, 0.01
8071, 2, 13, Status.WALL, 0.01
8072, 8, 58, Status.WALL, 0.01
8073, 9, 55, Status.SNAKE, 0.01
8074, 4, 9, Status.SNAKE, 0.01
8075, 5, 29, Status.SNAKE, 0.01
8076, 5, 35, Status.SNAKE, 0.01
8077, 13, 78, Status.WALL, 0.01
8078, 2, 7, Status.SNAKE, 0.01
8079, 6, 39, Status.SNAKE, 0.01
8080, 8, 51, Status.SNAKE, 0.01
8081, 15, 118, Status.SNAKE, 0.01
8082, 15, 90, Status.SNAKE, 0.01
8083, 1, 9, Status.SNAKE, 0.01
8084, 2, 7, Status.SNAKE, 0.01
8085, 8, 51, Status.SNAKE, 0.01
8086, 5, 43, Status.WALL, 0.01
8087, 7, 51, Status.SNAKE, 0.01
8088, 9, 58, Status.SNAKE, 0.01
8089, 3, 26, Status.SNAKE, 0.01
8090, 9, 68, Status.SNAKE, 0.01
8091, 18, 151, Status.SNAKE, 0.01
8092, 4, 36, Status.SNAKE, 0.01
8093, 7, 37, Status.SNAKE, 0.01
8094, 8, 57, Status.SNAKE, 0.01
8095, 10, 61, Status.SNAKE, 0.01
8096, 9, 50, Status.SNAKE, 0.01
8097, 4, 32, Status.WALL, 0.01
8098, 9, 67, Status.SNAKE, 0.01
8099, 3, 24, Status.SNAKE, 0.01
8100, 7, 47, Status.SNAKE, 0.01
8101, 3, 13, Status.WALL, 0.01
8102, 9, 73, Status.SNAKE, 0.01
8103, 15, 111, Status.SNAKE, 0.01
8104, 12, 75, Status.WALL, 0.01
8105, 9, 70, Status.WALL, 0.01
8106, 7, 52, Status.WALL, 0.01
8107, 8, 46, Status.SNAKE, 0.01
8108, 3, 11, Status.SNAKE, 0.01
8109, 16, 120, Status.WALL, 0.01
8110, 9, 68, Status.SNAKE, 0.01
8111, 9, 65, Status.SNAKE, 0.01
8112, 6, 24, Status.SNAKE, 0.01
8113, 6, 39, Status.SNAKE, 0.01
8114, 13, 108, Status.WALL, 0.01
8115, 15, 101, Status.SNAKE, 0.01
8116, 13, 86, Status.WALL, 0.01
8117, 12, 123, Status.SNAKE, 0.01
8118, 9, 72, Status.SNAKE, 0.01
8119, 10, 62, Status.SNAKE, 0.01
8120, 6, 33, Status.SNAKE, 0.01
8121, 1, 3, Status.SNAKE, 0.01
8122, 6, 30, Status.SNAKE, 0.01
8123, 7, 50, Status.SNAKE, 0.01
8124, 11, 73, Status.SNAKE, 0.01
8125, 15, 109, Status.SNAKE, 0.01
8126, 11, 77, Status.SNAKE, 0.01
8127, 9, 71, Status.SNAKE, 0.01
8128, 15, 97, Status.SNAKE, 0.01
8129, 6, 66, Status.WALL, 0.01
8130, 9, 52, Status.SNAKE, 0.01
8131, 18, 110, Status.SNAKE, 0.01
8132, 12, 71, Status.SNAKE, 0.01
8133, 13, 98, Status.SNAKE, 0.01
8134, 15, 109, Status.SNAKE, 0.01
8135, 9, 50, Status.SNAKE, 0.01
8136, 5, 40, Status.WALL, 0.01
8137, 5, 36, Status.WALL, 0.01
8138, 11, 78, Status.SNAKE, 0.01
8139, 11, 76, Status.SNAKE, 0.01
8140, 11, 80, Status.SNAKE, 0.01
8141, 12, 68, Status.SNAKE, 0.01
8142, 9, 62, Status.WALL, 0.01
8143, 10, 60, Status.SNAKE, 0.01
8144, 4, 28, Status.WALL, 0.01
8145, 11, 76, Status.SNAKE, 0.01
8146, 6, 34, Status.SNAKE, 0.01
8147, 12, 102, Status.WALL, 0.01
8148, 9, 63, Status.SNAKE, 0.01
8149, 7, 39, Status.SNAKE, 0.01
8150, 8, 51, Status.SNAKE, 0.01
8151, 9, 70, Status.SNAKE, 0.01
8152, 15, 128, Status.WALL, 0.01
8153, 5, 41, Status.SNAKE, 0.01
8154, 8, 37, Status.SNAKE, 0.01
8155, 7, 52, Status.SNAKE, 0.01
8156, 9, 45, Status.SNAKE, 0.01
8157, 12, 83, Status.SNAKE, 0.01
8158, 7, 50, Status.SNAKE, 0.01
8159, 12, 92, Status.SNAKE, 0.01
8160, 14, 138, Status.SNAKE, 0.01
8161, 8, 49, Status.SNAKE, 0.01
8162, 6, 61, Status.SNAKE, 0.01
8163, 2, 29, Status.WALL, 0.01
8164, 2, 8, Status.WALL, 0.01
8165, 8, 58, Status.SNAKE, 0.01
8166, 8, 43, Status.SNAKE, 0.01
8167, 7, 55, Status.SNAKE, 0.01
8168, 7, 50, Status.SNAKE, 0.01
8169, 7, 52, Status.SNAKE, 0.01
8170, 2, 15, Status.SNAKE, 0.01
8171, 14, 92, Status.SNAKE, 0.01
8172, 11, 65, Status.SNAKE, 0.01
8173, 9, 64, Status.SNAKE, 0.01
8174, 2, 8, Status.WALL, 0.01
8175, 8, 56, Status.SNAKE, 0.01
8176, 6, 31, Status.SNAKE, 0.01
8177, 12, 94, Status.SNAKE, 0.01
8178, 1, 18, Status.WALL, 0.01
8179, 5, 19, Status.SNAKE, 0.01
8180, 12, 83, Status.SNAKE, 0.01
8181, 9, 63, Status.SNAKE, 0.01
8182, 2, 12, Status.SNAKE, 0.01
8183, 4, 32, Status.SNAKE, 0.01
8184, 13, 89, Status.SNAKE, 0.01
8185, 6, 41, Status.SNAKE, 0.01
8186, 13, 85, Status.SNAKE, 0.01
8187, 13, 91, Status.SNAKE, 0.01
8188, 4, 40, Status.SNAKE, 0.01
8189, 17, 112, Status.SNAKE, 0.01
8190, 16, 97, Status.SNAKE, 0.01
8191, 3, 30, Status.WALL, 0.01
8192, 8, 69, Status.SNAKE, 0.01
8193, 7, 69, Status.SNAKE, 0.01
8194, 7, 57, Status.SNAKE, 0.01
8195, 9, 64, Status.SNAKE, 0.01
8196, 1, 3, Status.SNAKE, 0.01
8197, 1, 8, Status.SNAKE, 0.01
8198, 8, 59, Status.WALL, 0.01
8199, 5, 33, Status.WALL, 0.01
8200, 10, 71, Status.SNAKE, 0.01
8201, 11, 82, Status.SNAKE, 0.01
8202, 5, 34, Status.SNAKE, 0.01
8203, 8, 44, Status.WALL, 0.01
8204, 10, 65, Status.SNAKE, 0.01
8205, 2, 12, Status.SNAKE, 0.01
8206, 7, 48, Status.SNAKE, 0.01
8207, 5, 46, Status.SNAKE, 0.01
8208, 6, 52, Status.SNAKE, 0.01
8209, 7, 60, Status.SNAKE, 0.01
8210, 20, 155, Status.SNAKE, 0.01
8211, 20, 131, Status.SNAKE, 0.01
8212, 10, 69, Status.SNAKE, 0.01
8213, 0, 13, Status.WALL, 0.01
8214, 5, 33, Status.SNAKE, 0.01
8215, 2, 16, Status.SNAKE, 0.01
8216, 1, 10, Status.WALL, 0.01
8217, 10, 70, Status.SNAKE, 0.01
8218, 15, 112, Status.SNAKE, 0.01
8219, 10, 54, Status.SNAKE, 0.01
8220, 11, 84, Status.SNAKE, 0.01
8221, 4, 15, Status.WALL, 0.01
8222, 14, 77, Status.SNAKE, 0.01
8223, 5, 24, Status.SNAKE, 0.01
8224, 8, 62, Status.SNAKE, 0.01
8225, 6, 46, Status.SNAKE, 0.01
8226, 1, 3, Status.SNAKE, 0.01
8227, 7, 35, Status.SNAKE, 0.01
8228, 8, 56, Status.SNAKE, 0.01
8229, 12, 60, Status.SNAKE, 0.01
8230, 18, 140, Status.SNAKE, 0.01
8231, 5, 36, Status.SNAKE, 0.01
8232, 2, 9, Status.SNAKE, 0.01
8233, 1, 10, Status.WALL, 0.01
8234, 9, 67, Status.SNAKE, 0.01
8235, 16, 123, Status.SNAKE, 0.01
8236, 2, 17, Status.SNAKE, 0.01
8237, 11, 73, Status.SNAKE, 0.01
8238, 11, 50, Status.SNAKE, 0.01
8239, 14, 69, Status.SNAKE, 0.01
8240, 4, 22, Status.SNAKE, 0.01
8241, 5, 31, Status.WALL, 0.01
8242, 2, 20, Status.WALL, 0.01
8243, 11, 87, Status.WALL, 0.01
8244, 4, 31, Status.SNAKE, 0.01
8245, 9, 66, Status.SNAKE, 0.01
8246, 19, 135, Status.SNAKE, 0.01
8247, 17, 129, Status.SNAKE, 0.01
8248, 8, 55, Status.SNAKE, 0.01
8249, 13, 69, Status.SNAKE, 0.01
8250, 5, 28, Status.SNAKE, 0.01
8251, 4, 41, Status.SNAKE, 0.01
8252, 5, 44, Status.SNAKE, 0.01
8253, 12, 85, Status.WALL, 0.01
8254, 4, 22, Status.SNAKE, 0.01
8255, 3, 25, Status.WALL, 0.01
8256, 17, 97, Status.SNAKE, 0.01
8257, 3, 13, Status.SNAKE, 0.01
8258, 13, 87, Status.SNAKE, 0.01
8259, 16, 115, Status.SNAKE, 0.01
8260, 13, 72, Status.SNAKE, 0.01
8261, 5, 40, Status.WALL, 0.01
8262, 9, 86, Status.WALL, 0.01
8263, 6, 34, Status.SNAKE, 0.01
8264, 9, 63, Status.SNAKE, 0.01
8265, 8, 45, Status.SNAKE, 0.01
8266, 6, 32, Status.SNAKE, 0.01
8267, 12, 66, Status.WALL, 0.01
8268, 12, 84, Status.SNAKE, 0.01
8269, 10, 75, Status.SNAKE, 0.01
8270, 8, 59, Status.SNAKE, 0.01
8271, 2, 10, Status.WALL, 0.01
8272, 12, 105, Status.SNAKE, 0.01
8273, 3, 17, Status.SNAKE, 0.01
8274, 6, 42, Status.WALL, 0.01
8275, 2, 12, Status.WALL, 0.01
8276, 14, 105, Status.SNAKE, 0.01
8277, 10, 42, Status.WALL, 0.01
8278, 10, 74, Status.SNAKE, 0.01
8279, 2, 17, Status.WALL, 0.01
8280, 10, 67, Status.WALL, 0.01
8281, 16, 102, Status.SNAKE, 0.01
8282, 10, 65, Status.WALL, 0.01
8283, 3, 24, Status.WALL, 0.01
8284, 13, 82, Status.SNAKE, 0.01
8285, 14, 106, Status.WALL, 0.01
8286, 5, 46, Status.SNAKE, 0.01
8287, 10, 68, Status.SNAKE, 0.01
8288, 9, 59, Status.WALL, 0.01
8289, 7, 40, Status.SNAKE, 0.01
8290, 8, 56, Status.WALL, 0.01
8291, 8, 74, Status.SNAKE, 0.01
8292, 4, 32, Status.SNAKE, 0.01
8293, 9, 57, Status.SNAKE, 0.01
8294, 1, 9, Status.WALL, 0.01
8295, 11, 86, Status.SNAKE, 0.01
8296, 3, 31, Status.SNAKE, 0.01
8297, 9, 64, Status.SNAKE, 0.01
8298, 9, 46, Status.SNAKE, 0.01
8299, 6, 39, Status.SNAKE, 0.01
8300, 9, 63, Status.SNAKE, 0.01
8301, 5, 24, Status.SNAKE, 0.01
8302, 13, 132, Status.SNAKE, 0.01
8303, 7, 53, Status.SNAKE, 0.01
8304, 11, 97, Status.SNAKE, 0.01
8305, 4, 34, Status.WALL, 0.01
8306, 2, 13, Status.SNAKE, 0.01
8307, 15, 92, Status.SNAKE, 0.01
8308, 9, 59, Status.WALL, 0.01
8309, 11, 81, Status.SNAKE, 0.01
8310, 7, 57, Status.SNAKE, 0.01
8311, 16, 144, Status.SNAKE, 0.01
8312, 6, 48, Status.SNAKE, 0.01
8313, 12, 125, Status.WALL, 0.01
8314, 1, 5, Status.SNAKE, 0.01
8315, 5, 29, Status.SNAKE, 0.01
8316, 5, 39, Status.SNAKE, 0.01
8317, 10, 61, Status.SNAKE, 0.01
8318, 6, 31, Status.WALL, 0.01
8319, 6, 40, Status.SNAKE, 0.01
8320, 2, 13, Status.SNAKE, 0.01
8321, 3, 22, Status.WALL, 0.01
8322, 4, 20, Status.WALL, 0.01
8323, 4, 32, Status.SNAKE, 0.01
8324, 5, 41, Status.WALL, 0.01
8325, 14, 99, Status.SNAKE, 0.01
8326, 11, 77, Status.SNAKE, 0.01
8327, 16, 107, Status.SNAKE, 0.01
8328, 8, 47, Status.SNAKE, 0.01
8329, 5, 32, Status.SNAKE, 0.01
8330, 3, 17, Status.SNAKE, 0.01
8331, 8, 68, Status.SNAKE, 0.01
8332, 7, 47, Status.SNAKE, 0.01
8333, 7, 64, Status.SNAKE, 0.01
8334, 12, 67, Status.SNAKE, 0.01
8335, 7, 42, Status.SNAKE, 0.01
8336, 20, 100, Status.SNAKE, 0.01
8337, 3, 29, Status.WALL, 0.01
8338, 9, 65, Status.SNAKE, 0.01
8339, 19, 134, Status.SNAKE, 0.01
8340, 4, 28, Status.SNAKE, 0.01
8341, 11, 60, Status.SNAKE, 0.01
8342, 8, 51, Status.SNAKE, 0.01
8343, 6, 24, Status.SNAKE, 0.01
8344, 7, 53, Status.SNAKE, 0.01
8345, 2, 10, Status.WALL, 0.01
8346, 13, 100, Status.WALL, 0.01
8347, 4, 35, Status.SNAKE, 0.01
8348, 7, 37, Status.SNAKE, 0.01
8349, 2, 6, Status.WALL, 0.01
8350, 6, 29, Status.SNAKE, 0.01
8351, 11, 95, Status.WALL, 0.01
8352, 13, 96, Status.SNAKE, 0.01
8353, 18, 124, Status.SNAKE, 0.01
8354, 8, 61, Status.SNAKE, 0.01
8355, 18, 175, Status.SNAKE, 0.01
8356, 15, 67, Status.SNAKE, 0.01
8357, 9, 72, Status.SNAKE, 0.01
8358, 1, 8, Status.WALL, 0.01
8359, 8, 50, Status.WALL, 0.01
8360, 3, 20, Status.SNAKE, 0.01
8361, 1, 6, Status.SNAKE, 0.01
8362, 14, 94, Status.WALL, 0.01
8363, 5, 36, Status.SNAKE, 0.01
8364, 7, 51, Status.SNAKE, 0.01
8365, 10, 77, Status.SNAKE, 0.01
8366, 12, 73, Status.SNAKE, 0.01
8367, 11, 95, Status.SNAKE, 0.01
8368, 5, 29, Status.SNAKE, 0.01
8369, 2, 11, Status.SNAKE, 0.01
8370, 20, 144, Status.SNAKE, 0.01
8371, 7, 67, Status.SNAKE, 0.01
8372, 18, 121, Status.SNAKE, 0.01
8373, 7, 44, Status.SNAKE, 0.01
8374, 1, 3, Status.SNAKE, 0.01
8375, 2, 12, Status.SNAKE, 0.01
8376, 8, 54, Status.WALL, 0.01
8377, 8, 61, Status.SNAKE, 0.01
8378, 2, 6, Status.SNAKE, 0.01
8379, 3, 12, Status.WALL, 0.01
8380, 8, 59, Status.SNAKE, 0.01
8381, 13, 74, Status.SNAKE, 0.01
8382, 7, 45, Status.SNAKE, 0.01
8383, 16, 80, Status.SNAKE, 0.01
8384, 23, 185, Status.WALL, 0.01
8385, 7, 55, Status.WALL, 0.01
8386, 5, 29, Status.SNAKE, 0.01
8387, 6, 32, Status.SNAKE, 0.01
8388, 9, 69, Status.SNAKE, 0.01
8389, 17, 106, Status.WALL, 0.01
8390, 5, 47, Status.WALL, 0.01
8391, 16, 124, Status.SNAKE, 0.01
8392, 13, 89, Status.SNAKE, 0.01
8393, 7, 39, Status.SNAKE, 0.01
8394, 2, 19, Status.WALL, 0.01
8395, 9, 58, Status.SNAKE, 0.01
8396, 8, 48, Status.SNAKE, 0.01
8397, 6, 28, Status.WALL, 0.01
8398, 4, 20, Status.WALL, 0.01
8399, 14, 97, Status.WALL, 0.01
8400, 4, 31, Status.SNAKE, 0.01
8401, 8, 69, Status.SNAKE, 0.01
8402, 10, 74, Status.SNAKE, 0.01
8403, 7, 50, Status.SNAKE, 0.01
8404, 1, 3, Status.SNAKE, 0.01
8405, 11, 74, Status.SNAKE, 0.01
8406, 6, 50, Status.SNAKE, 0.01
8407, 9, 66, Status.WALL, 0.01
8408, 7, 66, Status.SNAKE, 0.01
8409, 3, 16, Status.WALL, 0.01
8410, 10, 64, Status.SNAKE, 0.01
8411, 16, 93, Status.SNAKE, 0.01
8412, 6, 45, Status.SNAKE, 0.01
8413, 10, 72, Status.SNAKE, 0.01
8414, 10, 74, Status.SNAKE, 0.01
8415, 3, 14, Status.WALL, 0.01
8416, 8, 55, Status.WALL, 0.01
8417, 10, 85, Status.SNAKE, 0.01
8418, 7, 41, Status.WALL, 0.01
8419, 10, 88, Status.SNAKE, 0.01
8420, 4, 30, Status.SNAKE, 0.01
8421, 11, 78, Status.SNAKE, 0.01
8422, 5, 32, Status.SNAKE, 0.01
8423, 5, 15, Status.SNAKE, 0.01
8424, 10, 50, Status.SNAKE, 0.01
8425, 5, 41, Status.SNAKE, 0.01
8426, 4, 27, Status.SNAKE, 0.01
8427, 9, 49, Status.SNAKE, 0.01
8428, 3, 23, Status.WALL, 0.01
8429, 2, 14, Status.SNAKE, 0.01
8430, 3, 17, Status.WALL, 0.01
8431, 9, 73, Status.SNAKE, 0.01
8432, 3, 19, Status.WALL, 0.01
8433, 1, 3, Status.SNAKE, 0.01
8434, 11, 81, Status.SNAKE, 0.01
8435, 10, 79, Status.WALL, 0.01
8436, 4, 22, Status.SNAKE, 0.01
8437, 20, 141, Status.SNAKE, 0.01
8438, 11, 91, Status.SNAKE, 0.01
8439, 5, 40, Status.SNAKE, 0.01
8440, 8, 66, Status.SNAKE, 0.01
8441, 9, 87, Status.SNAKE, 0.01
8442, 5, 34, Status.SNAKE, 0.01
8443, 5, 24, Status.SNAKE, 0.01
8444, 10, 77, Status.SNAKE, 0.01
8445, 8, 51, Status.WALL, 0.01
8446, 6, 40, Status.SNAKE, 0.01
8447, 9, 68, Status.SNAKE, 0.01
8448, 11, 63, Status.SNAKE, 0.01
8449, 7, 52, Status.SNAKE, 0.01
8450, 4, 26, Status.SNAKE, 0.01
8451, 10, 94, Status.SNAKE, 0.01
8452, 12, 85, Status.SNAKE, 0.01
8453, 1, 5, Status.SNAKE, 0.01
8454, 9, 69, Status.WALL, 0.01
8455, 5, 28, Status.SNAKE, 0.01
8456, 16, 112, Status.WALL, 0.01
8457, 9, 50, Status.SNAKE, 0.01
8458, 8, 58, Status.SNAKE, 0.01
8459, 13, 102, Status.WALL, 0.01
8460, 9, 83, Status.WALL, 0.01
8461, 5, 17, Status.WALL, 0.01
8462, 8, 54, Status.SNAKE, 0.01
8463, 16, 106, Status.SNAKE, 0.01
8464, 9, 45, Status.SNAKE, 0.01
8465, 10, 37, Status.SNAKE, 0.01
8466, 7, 54, Status.SNAKE, 0.01
8467, 9, 54, Status.WALL, 0.01
8468, 18, 115, Status.WALL, 0.01
8469, 7, 60, Status.WALL, 0.01
8470, 4, 29, Status.SNAKE, 0.01
8471, 3, 18, Status.WALL, 0.01
8472, 10, 52, Status.SNAKE, 0.01
8473, 2, 10, Status.SNAKE, 0.01
8474, 6, 39, Status.WALL, 0.01
8475, 4, 20, Status.SNAKE, 0.01
8476, 4, 34, Status.SNAKE, 0.01
8477, 1, 7, Status.SNAKE, 0.01
8478, 13, 111, Status.WALL, 0.01
8479, 15, 122, Status.SNAKE, 0.01
8480, 8, 39, Status.SNAKE, 0.01
8481, 8, 54, Status.SNAKE, 0.01
8482, 1, 13, Status.WALL, 0.01
8483, 13, 73, Status.SNAKE, 0.01
8484, 4, 29, Status.SNAKE, 0.01
8485, 5, 36, Status.SNAKE, 0.01
8486, 14, 105, Status.SNAKE, 0.01
8487, 9, 83, Status.SNAKE, 0.01
8488, 10, 69, Status.SNAKE, 0.01
8489, 4, 22, Status.WALL, 0.01
8490, 1, 3, Status.SNAKE, 0.01
8491, 8, 50, Status.SNAKE, 0.01
8492, 10, 74, Status.SNAKE, 0.01
8493, 9, 66, Status.SNAKE, 0.01
8494, 1, 10, Status.WALL, 0.01
8495, 12, 82, Status.WALL, 0.01
8496, 3, 19, Status.WALL, 0.01
8497, 9, 46, Status.SNAKE, 0.01
8498, 14, 96, Status.SNAKE, 0.01
8499, 10, 81, Status.SNAKE, 0.01
8500, 2, 11, Status.SNAKE, 0.01
8501, 8, 75, Status.WALL, 0.01
8502, 1, 5, Status.SNAKE, 0.01
8503, 4, 30, Status.SNAKE, 0.01
8504, 5, 36, Status.SNAKE, 0.01
8505, 5, 40, Status.SNAKE, 0.01
8506, 6, 42, Status.SNAKE, 0.01
8507, 5, 36, Status.WALL, 0.01
8508, 6, 52, Status.SNAKE, 0.01
8509, 7, 32, Status.SNAKE, 0.01
8510, 12, 77, Status.SNAKE, 0.01
8511, 20, 146, Status.WALL, 0.01
8512, 9, 63, Status.WALL, 0.01
8513, 5, 30, Status.SNAKE, 0.01
8514, 3, 16, Status.WALL, 0.01
8515, 15, 102, Status.WALL, 0.01
8516, 17, 133, Status.SNAKE, 0.01
8517, 7, 40, Status.WALL, 0.01
8518, 19, 101, Status.WALL, 0.01
8519, 3, 28, Status.SNAKE, 0.01
8520, 6, 34, Status.SNAKE, 0.01
8521, 7, 29, Status.WALL, 0.01
8522, 9, 76, Status.SNAKE, 0.01
8523, 1, 12, Status.WALL, 0.01
8524, 1, 3, Status.SNAKE, 0.01
8525, 8, 66, Status.WALL, 0.01
8526, 11, 71, Status.SNAKE, 0.01
8527, 7, 36, Status.WALL, 0.01
8528, 8, 53, Status.SNAKE, 0.01
8529, 7, 40, Status.SNAKE, 0.01
8530, 7, 62, Status.SNAKE, 0.01
8531, 7, 54, Status.SNAKE, 0.01
8532, 14, 83, Status.WALL, 0.01
8533, 3, 19, Status.SNAKE, 0.01
8534, 12, 88, Status.SNAKE, 0.01
8535, 7, 50, Status.SNAKE, 0.01
8536, 16, 111, Status.SNAKE, 0.01
8537, 3, 16, Status.SNAKE, 0.01
8538, 1, 7, Status.WALL, 0.01
8539, 1, 7, Status.SNAKE, 0.01
8540, 6, 42, Status.SNAKE, 0.01
8541, 15, 68, Status.SNAKE, 0.01
8542, 8, 59, Status.SNAKE, 0.01
8543, 11, 76, Status.SNAKE, 0.01
8544, 10, 77, Status.WALL, 0.01
8545, 5, 32, Status.WALL, 0.01
8546, 13, 104, Status.SNAKE, 0.01
8547, 7, 35, Status.SNAKE, 0.01
8548, 6, 38, Status.WALL, 0.01
8549, 16, 102, Status.SNAKE, 0.01
8550, 14, 104, Status.SNAKE, 0.01
8551, 4, 44, Status.SNAKE, 0.01
8552, 11, 70, Status.WALL, 0.01
8553, 7, 63, Status.SNAKE, 0.01
8554, 8, 60, Status.SNAKE, 0.01
8555, 4, 31, Status.WALL, 0.01
8556, 4, 16, Status.SNAKE, 0.01
8557, 16, 108, Status.SNAKE, 0.01
8558, 13, 60, Status.SNAKE, 0.01
8559, 14, 107, Status.SNAKE, 0.01
8560, 14, 86, Status.SNAKE, 0.01
8561, 11, 74, Status.SNAKE, 0.01
8562, 12, 102, Status.WALL, 0.01
8563, 15, 104, Status.WALL, 0.01
8564, 6, 51, Status.WALL, 0.01
8565, 9, 65, Status.SNAKE, 0.01
8566, 1, 6, Status.SNAKE, 0.01
8567, 15, 99, Status.SNAKE, 0.01
8568, 6, 44, Status.SNAKE, 0.01
8569, 12, 67, Status.SNAKE, 0.01
8570, 10, 59, Status.SNAKE, 0.01
8571, 3, 16, Status.SNAKE, 0.01
8572, 14, 101, Status.SNAKE, 0.01
8573, 12, 92, Status.SNAKE, 0.01
8574, 12, 75, Status.SNAKE, 0.01
8575, 1, 5, Status.SNAKE, 0.01
8576, 6, 27, Status.WALL, 0.01
8577, 17, 126, Status.SNAKE, 0.01
8578, 6, 30, Status.WALL, 0.01
8579, 9, 50, Status.SNAKE, 0.01
8580, 0, 8, Status.WALL, 0.01
8581, 9, 52, Status.WALL, 0.01
8582, 3, 9, Status.WALL, 0.01
8583, 4, 36, Status.WALL, 0.01
8584, 6, 33, Status.WALL, 0.01
8585, 1, 3, Status.SNAKE, 0.01
8586, 1, 8, Status.SNAKE, 0.01
8587, 5, 28, Status.SNAKE, 0.01
8588, 13, 92, Status.SNAKE, 0.01
8589, 6, 23, Status.SNAKE, 0.01
8590, 7, 51, Status.WALL, 0.01
8591, 2, 10, Status.WALL, 0.01
8592, 4, 17, Status.SNAKE, 0.01
8593, 8, 64, Status.SNAKE, 0.01
8594, 10, 72, Status.SNAKE, 0.01
8595, 14, 89, Status.SNAKE, 0.01
8596, 10, 70, Status.WALL, 0.01
8597, 1, 5, Status.SNAKE, 0.01
8598, 11, 65, Status.WALL, 0.01
8599, 13, 79, Status.WALL, 0.01
8600, 16, 92, Status.SNAKE, 0.01
8601, 4, 17, Status.SNAKE, 0.01
8602, 1, 5, Status.SNAKE, 0.01
8603, 7, 61, Status.SNAKE, 0.01
8604, 13, 76, Status.SNAKE, 0.01
8605, 13, 91, Status.SNAKE, 0.01
8606, 11, 85, Status.SNAKE, 0.01
8607, 7, 40, Status.WALL, 0.01
8608, 3, 22, Status.SNAKE, 0.01
8609, 16, 100, Status.SNAKE, 0.01
8610, 4, 30, Status.SNAKE, 0.01
8611, 7, 36, Status.SNAKE, 0.01
8612, 10, 74, Status.SNAKE, 0.01
8613, 6, 51, Status.SNAKE, 0.01
8614, 3, 44, Status.WALL, 0.01
8615, 5, 43, Status.SNAKE, 0.01
8616, 6, 34, Status.SNAKE, 0.01
8617, 7, 54, Status.SNAKE, 0.01
8618, 14, 81, Status.WALL, 0.01
8619, 3, 30, Status.WALL, 0.01
8620, 6, 37, Status.SNAKE, 0.01
8621, 6, 40, Status.WALL, 0.01
8622, 14, 98, Status.WALL, 0.01
8623, 7, 60, Status.SNAKE, 0.01
8624, 2, 14, Status.WALL, 0.01
8625, 10, 74, Status.WALL, 0.01
8626, 15, 109, Status.SNAKE, 0.01
8627, 14, 90, Status.SNAKE, 0.01
8628, 6, 35, Status.SNAKE, 0.01
8629, 9, 54, Status.SNAKE, 0.01
8630, 2, 6, Status.SNAKE, 0.01
8631, 6, 26, Status.SNAKE, 0.01
8632, 16, 86, Status.SNAKE, 0.01
8633, 10, 76, Status.SNAKE, 0.01
8634, 2, 13, Status.WALL, 0.01
8635, 16, 130, Status.SNAKE, 0.01
8636, 8, 62, Status.WALL, 0.01
8637, 5, 33, Status.WALL, 0.01
8638, 17, 105, Status.SNAKE, 0.01
8639, 17, 142, Status.WALL, 0.01
8640, 15, 116, Status.WALL, 0.01
8641, 15, 101, Status.SNAKE, 0.01
8642, 11, 66, Status.SNAKE, 0.01
8643, 12, 80, Status.SNAKE, 0.01
8644, 8, 38, Status.SNAKE, 0.01
8645, 3, 17, Status.SNAKE, 0.01
8646, 17, 111, Status.SNAKE, 0.01
8647, 7, 41, Status.SNAKE, 0.01
8648, 14, 96, Status.SNAKE, 0.01
8649, 18, 90, Status.WALL, 0.01
8650, 0, 7, Status.WALL, 0.01
8651, 10, 52, Status.SNAKE, 0.01
8652, 7, 45, Status.SNAKE, 0.01
8653, 0, 7, Status.WALL, 0.01
8654, 9, 57, Status.SNAKE, 0.01
8655, 4, 30, Status.SNAKE, 0.01
8656, 2, 28, Status.WALL, 0.01
8657, 4, 32, Status.SNAKE, 0.01
8658, 9, 82, Status.SNAKE, 0.01
8659, 15, 114, Status.SNAKE, 0.01
8660, 7, 37, Status.SNAKE, 0.01
8661, 6, 31, Status.SNAKE, 0.01
8662, 8, 69, Status.WALL, 0.01
8663, 15, 105, Status.SNAKE, 0.01
8664, 5, 32, Status.WALL, 0.01
8665, 9, 64, Status.SNAKE, 0.01
8666, 13, 113, Status.SNAKE, 0.01
8667, 8, 54, Status.SNAKE, 0.01
8668, 3, 23, Status.SNAKE, 0.01
8669, 7, 52, Status.SNAKE, 0.01
8670, 3, 15, Status.SNAKE, 0.01
8671, 21, 177, Status.WALL, 0.01
8672, 9, 69, Status.SNAKE, 0.01
8673, 6, 65, Status.WALL, 0.01
8674, 4, 22, Status.SNAKE, 0.01
8675, 4, 35, Status.SNAKE, 0.01
8676, 13, 64, Status.SNAKE, 0.01
8677, 13, 99, Status.SNAKE, 0.01
8678, 9, 43, Status.WALL, 0.01
8679, 12, 61, Status.SNAKE, 0.01
8680, 11, 79, Status.SNAKE, 0.01
8681, 5, 27, Status.SNAKE, 0.01
8682, 8, 60, Status.SNAKE, 0.01
8683, 10, 52, Status.SNAKE, 0.01
8684, 13, 77, Status.WALL, 0.01
8685, 4, 21, Status.SNAKE, 0.01
8686, 4, 34, Status.SNAKE, 0.01
8687, 5, 44, Status.SNAKE, 0.01
8688, 13, 100, Status.SNAKE, 0.01
8689, 2, 18, Status.WALL, 0.01
8690, 1, 3, Status.SNAKE, 0.01
8691, 9, 59, Status.SNAKE, 0.01
8692, 4, 24, Status.WALL, 0.01
8693, 12, 84, Status.SNAKE, 0.01
8694, 8, 79, Status.SNAKE, 0.01
8695, 5, 31, Status.SNAKE, 0.01
8696, 1, 3, Status.SNAKE, 0.01
8697, 5, 22, Status.SNAKE, 0.01
8698, 5, 24, Status.SNAKE, 0.01
8699, 14, 67, Status.SNAKE, 0.01
8700, 6, 39, Status.SNAKE, 0.01
8701, 10, 53, Status.SNAKE, 0.01
8702, 15, 78, Status.SNAKE, 0.01
8703, 13, 77, Status.WALL, 0.01
8704, 11, 73, Status.SNAKE, 0.01
8705, 16, 107, Status.SNAKE, 0.01
8706, 12, 68, Status.SNAKE, 0.01
8707, 3, 18, Status.SNAKE, 0.01
8708, 6, 32, Status.SNAKE, 0.01
8709, 0, 6, Status.WALL, 0.01
8710, 8, 63, Status.SNAKE, 0.01
8711, 3, 21, Status.SNAKE, 0.01
8712, 5, 40, Status.SNAKE, 0.01
8713, 5, 26, Status.SNAKE, 0.01
8714, 11, 97, Status.SNAKE, 0.01
8715, 11, 76, Status.SNAKE, 0.01
8716, 11, 77, Status.SNAKE, 0.01
8717, 5, 27, Status.SNAKE, 0.01
8718, 13, 94, Status.SNAKE, 0.01
8719, 10, 54, Status.SNAKE, 0.01
8720, 18, 130, Status.SNAKE, 0.01
8721, 13, 66, Status.SNAKE, 0.01
8722, 14, 98, Status.SNAKE, 0.01
8723, 10, 68, Status.WALL, 0.01
8724, 5, 35, Status.SNAKE, 0.01
8725, 2, 25, Status.WALL, 0.01
8726, 9, 64, Status.SNAKE, 0.01
8727, 5, 60, Status.WALL, 0.01
8728, 16, 93, Status.SNAKE, 0.01
8729, 12, 103, Status.WALL, 0.01
8730, 6, 36, Status.SNAKE, 0.01
8731, 6, 61, Status.SNAKE, 0.01
8732, 9, 65, Status.SNAKE, 0.01
8733, 6, 36, Status.SNAKE, 0.01
8734, 13, 103, Status.SNAKE, 0.01
8735, 16, 133, Status.WALL, 0.01
8736, 19, 136, Status.WALL, 0.01
8737, 1, 5, Status.SNAKE, 0.01
8738, 8, 60, Status.SNAKE, 0.01
8739, 4, 27, Status.WALL, 0.01
8740, 1, 9, Status.WALL, 0.01
8741, 8, 51, Status.SNAKE, 0.01
8742, 12, 69, Status.SNAKE, 0.01
8743, 2, 15, Status.WALL, 0.01
8744, 3, 22, Status.SNAKE, 0.01
8745, 15, 95, Status.WALL, 0.01
8746, 5, 35, Status.SNAKE, 0.01
8747, 6, 44, Status.SNAKE, 0.01
8748, 15, 91, Status.SNAKE, 0.01
8749, 9, 46, Status.WALL, 0.01
8750, 1, 5, Status.SNAKE, 0.01
8751, 22, 181, Status.WALL, 0.01
8752, 11, 67, Status.SNAKE, 0.01
8753, 7, 38, Status.SNAKE, 0.01
8754, 14, 83, Status.SNAKE, 0.01
8755, 11, 98, Status.SNAKE, 0.01
8756, 10, 57, Status.SNAKE, 0.01
8757, 12, 90, Status.WALL, 0.01
8758, 4, 27, Status.SNAKE, 0.01
8759, 10, 86, Status.SNAKE, 0.01
8760, 5, 35, Status.SNAKE, 0.01
8761, 9, 53, Status.SNAKE, 0.01
8762, 7, 61, Status.WALL, 0.01
8763, 9, 58, Status.SNAKE, 0.01
8764, 7, 43, Status.SNAKE, 0.01
8765, 9, 37, Status.WALL, 0.01
8766, 10, 69, Status.SNAKE, 0.01
8767, 14, 95, Status.SNAKE, 0.01
8768, 1, 8, Status.WALL, 0.01
8769, 10, 67, Status.WALL, 0.01
8770, 4, 22, Status.SNAKE, 0.01
8771, 10, 73, Status.SNAKE, 0.01
8772, 7, 55, Status.SNAKE, 0.01
8773, 6, 36, Status.WALL, 0.01
8774, 13, 95, Status.SNAKE, 0.01
8775, 11, 89, Status.SNAKE, 0.01
8776, 4, 32, Status.SNAKE, 0.01
8777, 17, 134, Status.WALL, 0.01
8778, 12, 94, Status.SNAKE, 0.01
8779, 4, 24, Status.SNAKE, 0.01
8780, 7, 40, Status.SNAKE, 0.01
8781, 2, 13, Status.SNAKE, 0.01
8782, 10, 69, Status.SNAKE, 0.01
8783, 11, 80, Status.SNAKE, 0.01
8784, 10, 67, Status.SNAKE, 0.01
8785, 12, 79, Status.SNAKE, 0.01
8786, 1, 14, Status.SNAKE, 0.01
8787, 14, 91, Status.WALL, 0.01
8788, 4, 28, Status.SNAKE, 0.01
8789, 13, 94, Status.SNAKE, 0.01
8790, 4, 22, Status.WALL, 0.01
8791, 14, 112, Status.SNAKE, 0.01
8792, 5, 40, Status.SNAKE, 0.01
8793, 15, 110, Status.SNAKE, 0.01
8794, 4, 30, Status.SNAKE, 0.01
8795, 2, 14, Status.WALL, 0.01
8796, 14, 89, Status.SNAKE, 0.01
8797, 15, 93, Status.SNAKE, 0.01
8798, 12, 79, Status.SNAKE, 0.01
8799, 6, 40, Status.WALL, 0.01
8800, 12, 58, Status.SNAKE, 0.01
8801, 11, 78, Status.WALL, 0.01
8802, 11, 50, Status.SNAKE, 0.01
8803, 6, 32, Status.SNAKE, 0.01
8804, 3, 24, Status.SNAKE, 0.01
8805, 11, 70, Status.SNAKE, 0.01
8806, 5, 31, Status.WALL, 0.01
8807, 14, 91, Status.SNAKE, 0.01
8808, 18, 133, Status.SNAKE, 0.01
8809, 17, 108, Status.SNAKE, 0.01
8810, 13, 111, Status.SNAKE, 0.01
8811, 11, 68, Status.SNAKE, 0.01
8812, 4, 25, Status.SNAKE, 0.01
8813, 13, 112, Status.WALL, 0.01
8814, 3, 16, Status.WALL, 0.01
8815, 11, 72, Status.SNAKE, 0.01
8816, 14, 97, Status.SNAKE, 0.01
8817, 10, 77, Status.WALL, 0.01
8818, 8, 48, Status.SNAKE, 0.01
8819, 7, 48, Status.WALL, 0.01
8820, 7, 46, Status.SNAKE, 0.01
8821, 14, 113, Status.SNAKE, 0.01
8822, 8, 46, Status.SNAKE, 0.01
8823, 14, 86, Status.SNAKE, 0.01
8824, 1, 5, Status.SNAKE, 0.01
8825, 1, 11, Status.WALL, 0.01
8826, 2, 20, Status.WALL, 0.01
8827, 12, 107, Status.SNAKE, 0.01
8828, 11, 66, Status.SNAKE, 0.01
8829, 10, 73, Status.SNAKE, 0.01
8830, 5, 24, Status.SNAKE, 0.01
8831, 9, 45, Status.SNAKE, 0.01
8832, 4, 19, Status.SNAKE, 0.01
8833, 11, 64, Status.SNAKE, 0.01
8834, 14, 99, Status.SNAKE, 0.01
8835, 5, 26, Status.WALL, 0.01
8836, 2, 12, Status.SNAKE, 0.01
8837, 8, 68, Status.SNAKE, 0.01
8838, 10, 71, Status.SNAKE, 0.01
8839, 5, 54, Status.WALL, 0.01
8840, 12, 74, Status.SNAKE, 0.01
8841, 10, 60, Status.SNAKE, 0.01
8842, 2, 14, Status.SNAKE, 0.01
8843, 6, 60, Status.WALL, 0.01
8844, 6, 51, Status.SNAKE, 0.01
8845, 13, 118, Status.SNAKE, 0.01
8846, 6, 46, Status.SNAKE, 0.01
8847, 20, 125, Status.SNAKE, 0.01
8848, 5, 19, Status.WALL, 0.01
8849, 15, 83, Status.SNAKE, 0.01
8850, 18, 133, Status.SNAKE, 0.01
8851, 11, 66, Status.SNAKE, 0.01
8852, 11, 81, Status.WALL, 0.01
8853, 6, 27, Status.SNAKE, 0.01
8854, 7, 44, Status.WALL, 0.01
8855, 19, 121, Status.SNAKE, 0.01
8856, 8, 55, Status.SNAKE, 0.01
8857, 8, 45, Status.SNAKE, 0.01
8858, 12, 70, Status.SNAKE, 0.01
8859, 8, 50, Status.SNAKE, 0.01
8860, 8, 42, Status.SNAKE, 0.01
8861, 15, 118, Status.SNAKE, 0.01
8862, 3, 18, Status.WALL, 0.01
8863, 1, 3, Status.SNAKE, 0.01
8864, 2, 14, Status.WALL, 0.01
8865, 22, 162, Status.SNAKE, 0.01
8866, 26, 180, Status.SNAKE, 0.01
8867, 4, 17, Status.SNAKE, 0.01
8868, 1, 10, Status.WALL, 0.01
8869, 3, 19, Status.WALL, 0.01
8870, 17, 119, Status.WALL, 0.01
8871, 3, 22, Status.SNAKE, 0.01
8872, 8, 45, Status.SNAKE, 0.01
8873, 10, 60, Status.SNAKE, 0.01
8874, 7, 48, Status.SNAKE, 0.01
8875, 6, 29, Status.SNAKE, 0.01
8876, 2, 19, Status.SNAKE, 0.01
8877, 8, 53, Status.SNAKE, 0.01
8878, 10, 78, Status.SNAKE, 0.01
8879, 11, 80, Status.SNAKE, 0.01
8880, 15, 132, Status.SNAKE, 0.01
8881, 12, 91, Status.WALL, 0.01
8882, 12, 79, Status.SNAKE, 0.01
8883, 8, 42, Status.SNAKE, 0.01
8884, 13, 75, Status.SNAKE, 0.01
8885, 9, 27, Status.SNAKE, 0.01
8886, 16, 101, Status.SNAKE, 0.01
8887, 11, 55, Status.SNAKE, 0.01
8888, 9, 70, Status.SNAKE, 0.01
8889, 12, 82, Status.WALL, 0.01
8890, 4, 19, Status.WALL, 0.01
8891, 12, 87, Status.SNAKE, 0.01
8892, 15, 79, Status.SNAKE, 0.01
8893, 10, 72, Status.SNAKE, 0.01
8894, 7, 38, Status.SNAKE, 0.01
8895, 10, 69, Status.WALL, 0.01
8896, 8, 35, Status.SNAKE, 0.01
8897, 7, 52, Status.SNAKE, 0.01
8898, 9, 75, Status.SNAKE, 0.01
8899, 8, 51, Status.WALL, 0.01
8900, 8, 56, Status.SNAKE, 0.01
8901, 17, 107, Status.SNAKE, 0.01
8902, 14, 84, Status.SNAKE, 0.01
8903, 10, 81, Status.SNAKE, 0.01
8904, 10, 66, Status.WALL, 0.01
8905, 5, 23, Status.SNAKE, 0.01
8906, 11, 63, Status.SNAKE, 0.01
8907, 9, 75, Status.SNAKE, 0.01
8908, 12, 89, Status.WALL, 0.01
8909, 5, 31, Status.WALL, 0.01
8910, 5, 25, Status.WALL, 0.01
8911, 16, 80, Status.SNAKE, 0.01
8912, 4, 21, Status.SNAKE, 0.01
8913, 10, 73, Status.WALL, 0.01
8914, 5, 28, Status.SNAKE, 0.01
8915, 9, 68, Status.WALL, 0.01
8916, 15, 110, Status.SNAKE, 0.01
8917, 6, 32, Status.SNAKE, 0.01
8918, 8, 47, Status.SNAKE, 0.01
8919, 6, 29, Status.WALL, 0.01
8920, 4, 25, Status.WALL, 0.01
8921, 7, 53, Status.SNAKE, 0.01
8922, 3, 25, Status.WALL, 0.01
8923, 4, 30, Status.WALL, 0.01
8924, 3, 19, Status.SNAKE, 0.01
8925, 7, 47, Status.WALL, 0.01
8926, 10, 96, Status.SNAKE, 0.01
8927, 10, 63, Status.WALL, 0.01
8928, 8, 59, Status.WALL, 0.01
8929, 9, 51, Status.SNAKE, 0.01
8930, 10, 69, Status.SNAKE, 0.01
8931, 8, 48, Status.SNAKE, 0.01
8932, 7, 39, Status.WALL, 0.01
8933, 1, 18, Status.WALL, 0.01
8934, 7, 42, Status.SNAKE, 0.01
8935, 11, 99, Status.SNAKE, 0.01
8936, 5, 36, Status.SNAKE, 0.01
8937, 4, 20, Status.WALL, 0.01
8938, 6, 48, Status.WALL, 0.01
8939, 8, 49, Status.WALL, 0.01
8940, 10, 63, Status.SNAKE, 0.01
8941, 6, 42, Status.SNAKE, 0.01
8942, 12, 73, Status.SNAKE, 0.01
8943, 12, 99, Status.WALL, 0.01
8944, 10, 81, Status.SNAKE, 0.01
8945, 5, 37, Status.SNAKE, 0.01
8946, 5, 36, Status.WALL, 0.01
8947, 10, 60, Status.SNAKE, 0.01
8948, 9, 76, Status.WALL, 0.01
8949, 7, 38, Status.SNAKE, 0.01
8950, 11, 62, Status.SNAKE, 0.01
8951, 8, 40, Status.SNAKE, 0.01
8952, 16, 110, Status.WALL, 0.01
8953, 19, 158, Status.SNAKE, 0.01
8954, 12, 90, Status.WALL, 0.01
8955, 9, 58, Status.SNAKE, 0.01
8956, 10, 68, Status.SNAKE, 0.01
8957, 15, 95, Status.WALL, 0.01
8958, 13, 81, Status.WALL, 0.01
8959, 3, 23, Status.SNAKE, 0.01
8960, 13, 92, Status.SNAKE, 0.01
8961, 10, 82, Status.SNAKE, 0.01
8962, 10, 48, Status.SNAKE, 0.01
8963, 7, 50, Status.WALL, 0.01
8964, 12, 78, Status.SNAKE, 0.01
8965, 3, 40, Status.WALL, 0.01
8966, 8, 57, Status.SNAKE, 0.01
8967, 3, 13, Status.SNAKE, 0.01
8968, 11, 93, Status.SNAKE, 0.01
8969, 7, 59, Status.SNAKE, 0.01
8970, 8, 38, Status.SNAKE, 0.01
8971, 7, 54, Status.SNAKE, 0.01
8972, 6, 35, Status.SNAKE, 0.01
8973, 3, 20, Status.WALL, 0.01
8974, 11, 102, Status.SNAKE, 0.01
8975, 7, 53, Status.SNAKE, 0.01
8976, 10, 61, Status.SNAKE, 0.01
8977, 16, 131, Status.WALL, 0.01
8978, 19, 137, Status.SNAKE, 0.01
8979, 18, 103, Status.SNAKE, 0.01
8980, 2, 13, Status.SNAKE, 0.01
8981, 7, 48, Status.SNAKE, 0.01
8982, 5, 27, Status.SNAKE, 0.01
8983, 4, 23, Status.SNAKE, 0.01
8984, 13, 111, Status.SNAKE, 0.01
8985, 10, 82, Status.SNAKE, 0.01
8986, 12, 72, Status.SNAKE, 0.01
8987, 6, 42, Status.SNAKE, 0.01
8988, 7, 50, Status.SNAKE, 0.01
8989, 14, 118, Status.SNAKE, 0.01
8990, 9, 69, Status.SNAKE, 0.01
8991, 8, 55, Status.SNAKE, 0.01
8992, 7, 44, Status.SNAKE, 0.01
8993, 6, 57, Status.WALL, 0.01
8994, 7, 47, Status.SNAKE, 0.01
8995, 8, 60, Status.SNAKE, 0.01
8996, 11, 68, Status.SNAKE, 0.01
8997, 9, 44, Status.WALL, 0.01
8998, 0, 7, Status.WALL, 0.01
8999, 9, 71, Status.SNAKE, 0.01
9000, 13, 82, Status.SNAKE, 0.01
9001, 12, 80, Status.WALL, 0.01
9002, 11, 64, Status.SNAKE, 0.01
9003, 17, 113, Status.SNAKE, 0.01
9004, 4, 20, Status.SNAKE, 0.01
9005, 12, 72, Status.SNAKE, 0.01
9006, 5, 29, Status.WALL, 0.01
9007, 5, 40, Status.SNAKE, 0.01
9008, 13, 99, Status.SNAKE, 0.01
9009, 3, 17, Status.WALL, 0.01
9010, 5, 29, Status.WALL, 0.01
9011, 12, 74, Status.SNAKE, 0.01
9012, 10, 69, Status.SNAKE, 0.01
9013, 15, 109, Status.SNAKE, 0.01
9014, 8, 59, Status.SNAKE, 0.01
9015, 7, 42, Status.SNAKE, 0.01
9016, 14, 90, Status.SNAKE, 0.01
9017, 17, 112, Status.WALL, 0.01
9018, 16, 98, Status.SNAKE, 0.01
9019, 22, 145, Status.SNAKE, 0.01
9020, 10, 72, Status.SNAKE, 0.01
9021, 13, 83, Status.SNAKE, 0.01
9022, 16, 97, Status.SNAKE, 0.01
9023, 14, 96, Status.SNAKE, 0.01
9024, 3, 12, Status.WALL, 0.01
9025, 12, 75, Status.WALL, 0.01
9026, 3, 20, Status.WALL, 0.01
9027, 5, 31, Status.SNAKE, 0.01
9028, 14, 96, Status.SNAKE, 0.01
9029, 5, 34, Status.SNAKE, 0.01
9030, 5, 29, Status.SNAKE, 0.01
9031, 4, 21, Status.SNAKE, 0.01
9032, 1, 13, Status.WALL, 0.01
9033, 16, 89, Status.SNAKE, 0.01
9034, 15, 93, Status.SNAKE, 0.01
9035, 9, 56, Status.SNAKE, 0.01
9036, 6, 38, Status.WALL, 0.01
9037, 8, 42, Status.SNAKE, 0.01
9038, 1, 6, Status.WALL, 0.01
9039, 2, 9, Status.SNAKE, 0.01
9040, 7, 54, Status.WALL, 0.01
9041, 11, 74, Status.SNAKE, 0.01
9042, 4, 38, Status.SNAKE, 0.01
9043, 3, 19, Status.SNAKE, 0.01
9044, 12, 61, Status.SNAKE, 0.01
9045, 10, 70, Status.SNAKE, 0.01
9046, 8, 49, Status.SNAKE, 0.01
9047, 8, 53, Status.SNAKE, 0.01
9048, 13, 74, Status.SNAKE, 0.01
9049, 6, 47, Status.SNAKE, 0.01
9050, 13, 73, Status.SNAKE, 0.01
9051, 17, 122, Status.SNAKE, 0.01
9052, 1, 3, Status.SNAKE, 0.01
9053, 6, 42, Status.WALL, 0.01
9054, 1, 3, Status.SNAKE, 0.01
9055, 6, 34, Status.SNAKE, 0.01
9056, 12, 77, Status.SNAKE, 0.01
9057, 6, 36, Status.SNAKE, 0.01
9058, 5, 30, Status.SNAKE, 0.01
9059, 3, 17, Status.SNAKE, 0.01
9060, 6, 34, Status.WALL, 0.01
9061, 5, 38, Status.WALL, 0.01
9062, 2, 13, Status.WALL, 0.01
9063, 17, 89, Status.SNAKE, 0.01
9064, 6, 32, Status.SNAKE, 0.01
9065, 11, 61, Status.WALL, 0.01
9066, 9, 86, Status.SNAKE, 0.01
9067, 4, 32, Status.WALL, 0.01
9068, 12, 93, Status.SNAKE, 0.01
9069, 5, 40, Status.WALL, 0.01
9070, 11, 78, Status.WALL, 0.01
9071, 8, 61, Status.WALL, 0.01
9072, 7, 22, Status.WALL, 0.01
9073, 13, 120, Status.SNAKE, 0.01
9074, 21, 152, Status.WALL, 0.01
9075, 9, 44, Status.WALL, 0.01
9076, 18, 95, Status.SNAKE, 0.01
9077, 14, 90, Status.SNAKE, 0.01
9078, 1, 5, Status.SNAKE, 0.01
9079, 6, 44, Status.SNAKE, 0.01
9080, 6, 30, Status.SNAKE, 0.01
9081, 13, 88, Status.SNAKE, 0.01
9082, 7, 64, Status.WALL, 0.01
9083, 3, 17, Status.SNAKE, 0.01
9084, 6, 38, Status.SNAKE, 0.01
9085, 11, 63, Status.SNAKE, 0.01
9086, 10, 98, Status.WALL, 0.01
9087, 12, 86, Status.SNAKE, 0.01
9088, 17, 113, Status.SNAKE, 0.01
9089, 4, 28, Status.WALL, 0.01
9090, 15, 95, Status.SNAKE, 0.01
9091, 2, 11, Status.SNAKE, 0.01
9092, 2, 21, Status.SNAKE, 0.01
9093, 6, 37, Status.SNAKE, 0.01
9094, 11, 87, Status.WALL, 0.01
9095, 4, 26, Status.SNAKE, 0.01
9096, 6, 39, Status.SNAKE, 0.01
9097, 6, 53, Status.WALL, 0.01
9098, 9, 54, Status.SNAKE, 0.01
9099, 7, 37, Status.WALL, 0.01
9100, 16, 100, Status.SNAKE, 0.01
9101, 14, 97, Status.SNAKE, 0.01
9102, 1, 3, Status.SNAKE, 0.01
9103, 6, 25, Status.SNAKE, 0.01
9104, 15, 109, Status.SNAKE, 0.01
9105, 9, 60, Status.SNAKE, 0.01
9106, 1, 5, Status.SNAKE, 0.01
9107, 1, 3, Status.SNAKE, 0.01
9108, 6, 35, Status.SNAKE, 0.01
9109, 9, 62, Status.SNAKE, 0.01
9110, 12, 84, Status.SNAKE, 0.01
9111, 10, 85, Status.SNAKE, 0.01
9112, 15, 149, Status.SNAKE, 0.01
9113, 12, 99, Status.SNAKE, 0.01
9114, 6, 29, Status.SNAKE, 0.01
9115, 11, 70, Status.SNAKE, 0.01
9116, 14, 108, Status.SNAKE, 0.01
9117, 11, 56, Status.SNAKE, 0.01
9118, 6, 31, Status.SNAKE, 0.01
9119, 5, 37, Status.SNAKE, 0.01
9120, 13, 87, Status.SNAKE, 0.01
9121, 16, 123, Status.WALL, 0.01
9122, 7, 47, Status.SNAKE, 0.01
9123, 14, 99, Status.SNAKE, 0.01
9124, 6, 32, Status.SNAKE, 0.01
9125, 7, 38, Status.SNAKE, 0.01
9126, 11, 67, Status.SNAKE, 0.01
9127, 5, 37, Status.SNAKE, 0.01
9128, 19, 130, Status.WALL, 0.01
9129, 11, 73, Status.SNAKE, 0.01
9130, 9, 65, Status.SNAKE, 0.01
9131, 9, 56, Status.WALL, 0.01
9132, 2, 20, Status.WALL, 0.01
9133, 4, 27, Status.WALL, 0.01
9134, 4, 24, Status.WALL, 0.01
9135, 13, 83, Status.SNAKE, 0.01
9136, 14, 81, Status.SNAKE, 0.01
9137, 3, 24, Status.WALL, 0.01
9138, 15, 71, Status.WALL, 0.01
9139, 3, 22, Status.SNAKE, 0.01
9140, 9, 56, Status.SNAKE, 0.01
9141, 10, 59, Status.SNAKE, 0.01
9142, 8, 36, Status.SNAKE, 0.01
9143, 4, 30, Status.SNAKE, 0.01
9144, 5, 33, Status.SNAKE, 0.01
9145, 4, 24, Status.WALL, 0.01
9146, 11, 89, Status.SNAKE, 0.01
9147, 10, 48, Status.SNAKE, 0.01
9148, 5, 29, Status.SNAKE, 0.01
9149, 2, 10, Status.SNAKE, 0.01
9150, 7, 48, Status.SNAKE, 0.01
9151, 7, 48, Status.SNAKE, 0.01
9152, 18, 127, Status.SNAKE, 0.01
9153, 6, 41, Status.SNAKE, 0.01
9154, 6, 41, Status.WALL, 0.01
9155, 11, 72, Status.SNAKE, 0.01
9156, 3, 17, Status.SNAKE, 0.01
9157, 1, 5, Status.WALL, 0.01
9158, 2, 20, Status.SNAKE, 0.01
9159, 19, 132, Status.WALL, 0.01
9160, 3, 20, Status.SNAKE, 0.01
9161, 4, 25, Status.WALL, 0.01
9162, 16, 129, Status.SNAKE, 0.01
9163, 7, 43, Status.SNAKE, 0.01
9164, 12, 103, Status.SNAKE, 0.01
9165, 14, 82, Status.SNAKE, 0.01
9166, 7, 40, Status.SNAKE, 0.01
9167, 12, 84, Status.SNAKE, 0.01
9168, 8, 47, Status.WALL, 0.01
9169, 6, 41, Status.WALL, 0.01
9170, 7, 57, Status.SNAKE, 0.01
9171, 3, 18, Status.WALL, 0.01
9172, 1, 20, Status.WALL, 0.01
9173, 10, 54, Status.SNAKE, 0.01
9174, 13, 109, Status.WALL, 0.01
9175, 3, 14, Status.SNAKE, 0.01
9176, 13, 99, Status.SNAKE, 0.01
9177, 2, 16, Status.SNAKE, 0.01
9178, 10, 62, Status.SNAKE, 0.01
9179, 12, 80, Status.WALL, 0.01
9180, 20, 111, Status.SNAKE, 0.01
9181, 1, 4, Status.SNAKE, 0.01
9182, 13, 85, Status.SNAKE, 0.01
9183, 6, 43, Status.SNAKE, 0.01
9184, 11, 68, Status.SNAKE, 0.01
9185, 6, 38, Status.WALL, 0.01
9186, 2, 15, Status.SNAKE, 0.01
9187, 20, 131, Status.SNAKE, 0.01
9188, 15, 104, Status.SNAKE, 0.01
9189, 4, 20, Status.SNAKE, 0.01
9190, 11, 82, Status.SNAKE, 0.01
9191, 8, 71, Status.SNAKE, 0.01
9192, 1, 7, Status.WALL, 0.01
9193, 9, 50, Status.SNAKE, 0.01
9194, 12, 87, Status.SNAKE, 0.01
9195, 12, 79, Status.SNAKE, 0.01
9196, 18, 133, Status.SNAKE, 0.01
9197, 18, 98, Status.SNAKE, 0.01
9198, 9, 57, Status.SNAKE, 0.01
9199, 12, 79, Status.WALL, 0.01
9200, 11, 86, Status.SNAKE, 0.01
9201, 1, 5, Status.SNAKE, 0.01
9202, 15, 96, Status.WALL, 0.01
9203, 13, 109, Status.SNAKE, 0.01
9204, 11, 88, Status.SNAKE, 0.01
9205, 10, 59, Status.SNAKE, 0.01
9206, 12, 105, Status.WALL, 0.01
9207, 6, 44, Status.SNAKE, 0.01
9208, 9, 62, Status.WALL, 0.01
9209, 7, 37, Status.WALL, 0.01
9210, 22, 130, Status.SNAKE, 0.01
9211, 16, 96, Status.SNAKE, 0.01
9212, 6, 37, Status.SNAKE, 0.01
9213, 13, 75, Status.WALL, 0.01
9214, 3, 27, Status.SNAKE, 0.01
9215, 5, 36, Status.WALL, 0.01
9216, 11, 83, Status.SNAKE, 0.01
9217, 3, 26, Status.WALL, 0.01
9218, 6, 29, Status.SNAKE, 0.01
9219, 10, 73, Status.SNAKE, 0.01
9220, 17, 120, Status.SNAKE, 0.01
9221, 9, 64, Status.SNAKE, 0.01
9222, 5, 29, Status.SNAKE, 0.01
9223, 5, 46, Status.SNAKE, 0.01
9224, 17, 82, Status.SNAKE, 0.01
9225, 3, 14, Status.SNAKE, 0.01
9226, 7, 31, Status.WALL, 0.01
9227, 5, 46, Status.SNAKE, 0.01
9228, 9, 45, Status.SNAKE, 0.01
9229, 4, 21, Status.SNAKE, 0.01
9230, 5, 31, Status.SNAKE, 0.01
9231, 10, 84, Status.SNAKE, 0.01
9232, 6, 44, Status.SNAKE, 0.01
9233, 5, 43, Status.SNAKE, 0.01
9234, 7, 45, Status.SNAKE, 0.01
9235, 10, 70, Status.SNAKE, 0.01
9236, 13, 84, Status.SNAKE, 0.01
9237, 9, 54, Status.SNAKE, 0.01
9238, 7, 34, Status.SNAKE, 0.01
9239, 7, 45, Status.SNAKE, 0.01
9240, 8, 77, Status.SNAKE, 0.01
9241, 6, 52, Status.SNAKE, 0.01
9242, 10, 71, Status.SNAKE, 0.01
9243, 2, 24, Status.SNAKE, 0.01
9244, 6, 51, Status.SNAKE, 0.01
9245, 8, 39, Status.SNAKE, 0.01
9246, 1, 13, Status.WALL, 0.01
9247, 8, 57, Status.SNAKE, 0.01
9248, 6, 42, Status.SNAKE, 0.01
9249, 15, 90, Status.SNAKE, 0.01
9250, 17, 115, Status.SNAKE, 0.01
9251, 6, 41, Status.SNAKE, 0.01
9252, 8, 49, Status.SNAKE, 0.01
9253, 11, 87, Status.SNAKE, 0.01
9254, 2, 10, Status.SNAKE, 0.01
9255, 7, 51, Status.SNAKE, 0.01
9256, 5, 28, Status.WALL, 0.01
9257, 3, 27, Status.WALL, 0.01
9258, 9, 48, Status.SNAKE, 0.01
9259, 12, 97, Status.SNAKE, 0.01
9260, 4, 14, Status.WALL, 0.01
9261, 8, 48, Status.SNAKE, 0.01
9262, 6, 45, Status.WALL, 0.01
9263, 7, 32, Status.SNAKE, 0.01
9264, 13, 92, Status.SNAKE, 0.01
9265, 7, 41, Status.SNAKE, 0.01
9266, 6, 35, Status.SNAKE, 0.01
9267, 11, 71, Status.SNAKE, 0.01
9268, 15, 103, Status.WALL, 0.01
9269, 7, 47, Status.SNAKE, 0.01
9270, 9, 60, Status.SNAKE, 0.01
9271, 7, 39, Status.SNAKE, 0.01
9272, 3, 18, Status.WALL, 0.01
9273, 8, 59, Status.WALL, 0.01
9274, 16, 105, Status.SNAKE, 0.01
9275, 11, 81, Status.SNAKE, 0.01
9276, 9, 62, Status.SNAKE, 0.01
9277, 9, 47, Status.SNAKE, 0.01
9278, 14, 111, Status.SNAKE, 0.01
9279, 4, 39, Status.SNAKE, 0.01
9280, 5, 61, Status.WALL, 0.01
9281, 13, 65, Status.WALL, 0.01
9282, 13, 97, Status.SNAKE, 0.01
9283, 4, 30, Status.SNAKE, 0.01
9284, 14, 87, Status.SNAKE, 0.01
9285, 13, 77, Status.SNAKE, 0.01
9286, 21, 178, Status.SNAKE, 0.01
9287, 4, 40, Status.WALL, 0.01
9288, 12, 91, Status.SNAKE, 0.01
9289, 15, 120, Status.SNAKE, 0.01
9290, 8, 43, Status.WALL, 0.01
9291, 9, 73, Status.SNAKE, 0.01
9292, 5, 50, Status.SNAKE, 0.01
9293, 8, 53, Status.SNAKE, 0.01
9294, 13, 98, Status.WALL, 0.01
9295, 4, 23, Status.SNAKE, 0.01
9296, 15, 81, Status.SNAKE, 0.01
9297, 6, 35, Status.SNAKE, 0.01
9298, 10, 54, Status.SNAKE, 0.01
9299, 1, 5, Status.SNAKE, 0.01
9300, 13, 94, Status.SNAKE, 0.01
9301, 7, 46, Status.SNAKE, 0.01
9302, 3, 26, Status.WALL, 0.01
9303, 2, 7, Status.WALL, 0.01
9304, 5, 40, Status.SNAKE, 0.01
9305, 7, 57, Status.SNAKE, 0.01
9306, 2, 15, Status.WALL, 0.01
9307, 3, 20, Status.SNAKE, 0.01
9308, 12, 96, Status.WALL, 0.01
9309, 4, 22, Status.SNAKE, 0.01
9310, 13, 74, Status.SNAKE, 0.01
9311, 6, 57, Status.WALL, 0.01
9312, 10, 80, Status.WALL, 0.01
9313, 13, 103, Status.SNAKE, 0.01
9314, 12, 89, Status.SNAKE, 0.01
9315, 5, 32, Status.SNAKE, 0.01
9316, 4, 43, Status.SNAKE, 0.01
9317, 8, 49, Status.SNAKE, 0.01
9318, 14, 86, Status.SNAKE, 0.01
9319, 10, 55, Status.SNAKE, 0.01
9320, 13, 85, Status.SNAKE, 0.01
9321, 3, 12, Status.WALL, 0.01
9322, 2, 12, Status.SNAKE, 0.01
9323, 6, 40, Status.SNAKE, 0.01
9324, 13, 86, Status.SNAKE, 0.01
9325, 1, 8, Status.WALL, 0.01
9326, 9, 59, Status.SNAKE, 0.01
9327, 1, 5, Status.WALL, 0.01
9328, 2, 20, Status.WALL, 0.01
9329, 8, 51, Status.SNAKE, 0.01
9330, 8, 60, Status.SNAKE, 0.01
9331, 12, 73, Status.SNAKE, 0.01
9332, 5, 49, Status.SNAKE, 0.01
9333, 13, 89, Status.SNAKE, 0.01
9334, 10, 39, Status.SNAKE, 0.01
9335, 9, 48, Status.SNAKE, 0.01
9336, 6, 54, Status.SNAKE, 0.01
9337, 5, 40, Status.SNAKE, 0.01
9338, 10, 77, Status.SNAKE, 0.01
9339, 7, 41, Status.SNAKE, 0.01
9340, 5, 31, Status.SNAKE, 0.01
9341, 12, 83, Status.WALL, 0.01
9342, 15, 101, Status.SNAKE, 0.01
9343, 7, 49, Status.SNAKE, 0.01
9344, 8, 47, Status.SNAKE, 0.01
9345, 2, 14, Status.WALL, 0.01
9346, 9, 58, Status.SNAKE, 0.01
9347, 6, 39, Status.SNAKE, 0.01
9348, 7, 43, Status.SNAKE, 0.01
9349, 11, 68, Status.WALL, 0.01
9350, 8, 56, Status.SNAKE, 0.01
9351, 3, 14, Status.SNAKE, 0.01
9352, 14, 109, Status.WALL, 0.01
9353, 11, 79, Status.WALL, 0.01
9354, 7, 70, Status.WALL, 0.01
9355, 15, 99, Status.SNAKE, 0.01
9356, 12, 77, Status.WALL, 0.01
9357, 14, 89, Status.WALL, 0.01
9358, 4, 22, Status.SNAKE, 0.01
9359, 14, 96, Status.SNAKE, 0.01
9360, 11, 78, Status.WALL, 0.01
9361, 11, 78, Status.SNAKE, 0.01
9362, 4, 25, Status.SNAKE, 0.01
9363, 14, 88, Status.SNAKE, 0.01
9364, 11, 68, Status.SNAKE, 0.01
9365, 4, 24, Status.WALL, 0.01
9366, 11, 84, Status.SNAKE, 0.01
9367, 5, 29, Status.SNAKE, 0.01
9368, 5, 31, Status.SNAKE, 0.01
9369, 5, 32, Status.SNAKE, 0.01
9370, 11, 85, Status.WALL, 0.01
9371, 18, 145, Status.WALL, 0.01
9372, 8, 51, Status.SNAKE, 0.01
9373, 13, 81, Status.WALL, 0.01
9374, 15, 122, Status.WALL, 0.01
9375, 16, 97, Status.SNAKE, 0.01
9376, 6, 32, Status.SNAKE, 0.01
9377, 7, 42, Status.SNAKE, 0.01
9378, 8, 64, Status.SNAKE, 0.01
9379, 3, 14, Status.SNAKE, 0.01
9380, 7, 42, Status.SNAKE, 0.01
9381, 3, 15, Status.WALL, 0.01
9382, 11, 106, Status.SNAKE, 0.01
9383, 12, 74, Status.SNAKE, 0.01
9384, 1, 9, Status.SNAKE, 0.01
9385, 8, 61, Status.WALL, 0.01
9386, 14, 67, Status.SNAKE, 0.01
9387, 13, 99, Status.SNAKE, 0.01
9388, 8, 67, Status.WALL, 0.01
9389, 1, 14, Status.WALL, 0.01
9390, 16, 109, Status.SNAKE, 0.01
9391, 21, 140, Status.WALL, 0.01
9392, 11, 82, Status.SNAKE, 0.01
9393, 20, 134, Status.SNAKE, 0.01
9394, 12, 79, Status.SNAKE, 0.01
9395, 10, 50, Status.SNAKE, 0.01
9396, 8, 51, Status.SNAKE, 0.01
9397, 15, 105, Status.SNAKE, 0.01
9398, 14, 99, Status.SNAKE, 0.01
9399, 5, 29, Status.SNAKE, 0.01
9400, 10, 77, Status.SNAKE, 0.01
9401, 5, 31, Status.SNAKE, 0.01
9402, 7, 35, Status.WALL, 0.01
9403, 17, 94, Status.SNAKE, 0.01
9404, 14, 86, Status.SNAKE, 0.01
9405, 11, 84, Status.SNAKE, 0.01
9406, 7, 33, Status.SNAKE, 0.01
9407, 14, 127, Status.SNAKE, 0.01
9408, 9, 60, Status.SNAKE, 0.01
9409, 12, 86, Status.WALL, 0.01
9410, 3, 25, Status.WALL, 0.01
9411, 10, 68, Status.SNAKE, 0.01
9412, 18, 116, Status.SNAKE, 0.01
9413, 5, 30, Status.WALL, 0.01
9414, 6, 33, Status.SNAKE, 0.01
9415, 10, 58, Status.SNAKE, 0.01
9416, 4, 32, Status.WALL, 0.01
9417, 11, 75, Status.SNAKE, 0.01
9418, 14, 116, Status.SNAKE, 0.01
9419, 4, 22, Status.WALL, 0.01
9420, 5, 29, Status.SNAKE, 0.01
9421, 2, 15, Status.SNAKE, 0.01
9422, 2, 11, Status.SNAKE, 0.01
9423, 12, 64, Status.WALL, 0.01
9424, 12, 66, Status.SNAKE, 0.01
9425, 6, 34, Status.SNAKE, 0.01
9426, 5, 29, Status.SNAKE, 0.01
9427, 14, 85, Status.SNAKE, 0.01
9428, 6, 55, Status.WALL, 0.01
9429, 15, 80, Status.SNAKE, 0.01
9430, 13, 86, Status.WALL, 0.01
9431, 11, 77, Status.WALL, 0.01
9432, 13, 96, Status.SNAKE, 0.01
9433, 12, 91, Status.SNAKE, 0.01
9434, 8, 53, Status.SNAKE, 0.01
9435, 9, 67, Status.WALL, 0.01
9436, 12, 89, Status.SNAKE, 0.01
9437, 9, 66, Status.WALL, 0.01
9438, 9, 64, Status.SNAKE, 0.01
9439, 20, 107, Status.SNAKE, 0.01
9440, 17, 111, Status.SNAKE, 0.01
9441, 9, 55, Status.SNAKE, 0.01
9442, 2, 20, Status.WALL, 0.01
9443, 17, 110, Status.SNAKE, 0.01
9444, 9, 70, Status.SNAKE, 0.01
9445, 10, 65, Status.SNAKE, 0.01
9446, 14, 97, Status.SNAKE, 0.01
9447, 6, 49, Status.SNAKE, 0.01
9448, 8, 50, Status.SNAKE, 0.01
9449, 3, 25, Status.WALL, 0.01
9450, 2, 12, Status.WALL, 0.01
9451, 1, 9, Status.WALL, 0.01
9452, 9, 53, Status.SNAKE, 0.01
9453, 15, 134, Status.SNAKE, 0.01
9454, 10, 69, Status.WALL, 0.01
9455, 12, 91, Status.SNAKE, 0.01
9456, 5, 31, Status.SNAKE, 0.01
9457, 5, 39, Status.SNAKE, 0.01
9458, 10, 98, Status.SNAKE, 0.01
9459, 8, 47, Status.SNAKE, 0.01
9460, 7, 42, Status.WALL, 0.01
9461, 13, 76, Status.SNAKE, 0.01
9462, 8, 64, Status.SNAKE, 0.01
9463, 10, 67, Status.SNAKE, 0.01
9464, 6, 29, Status.WALL, 0.01
9465, 1, 3, Status.SNAKE, 0.01
9466, 11, 99, Status.SNAKE, 0.01
9467, 9, 48, Status.SNAKE, 0.01
9468, 14, 104, Status.SNAKE, 0.01
9469, 10, 85, Status.SNAKE, 0.01
9470, 6, 46, Status.SNAKE, 0.01
9471, 14, 95, Status.SNAKE, 0.01
9472, 11, 82, Status.SNAKE, 0.01
9473, 11, 83, Status.SNAKE, 0.01
9474, 14, 91, Status.SNAKE, 0.01
9475, 4, 20, Status.SNAKE, 0.01
9476, 14, 118, Status.WALL, 0.01
9477, 2, 12, Status.WALL, 0.01
9478, 19, 147, Status.SNAKE, 0.01
9479, 12, 107, Status.SNAKE, 0.01
9480, 6, 30, Status.SNAKE, 0.01
9481, 16, 89, Status.SNAKE, 0.01
9482, 9, 52, Status.SNAKE, 0.01
9483, 14, 88, Status.SNAKE, 0.01
9484, 17, 129, Status.SNAKE, 0.01
9485, 2, 12, Status.WALL, 0.01
9486, 10, 62, Status.SNAKE, 0.01
9487, 3, 20, Status.WALL, 0.01
9488, 4, 14, Status.SNAKE, 0.01
9489, 3, 15, Status.WALL, 0.01
9490, 13, 97, Status.SNAKE, 0.01
9491, 1, 9, Status.WALL, 0.01
9492, 6, 46, Status.SNAKE, 0.01
9493, 10, 71, Status.WALL, 0.01
9494, 7, 56, Status.SNAKE, 0.01
9495, 15, 95, Status.SNAKE, 0.01
9496, 8, 57, Status.SNAKE, 0.01
9497, 10, 60, Status.SNAKE, 0.01
9498, 2, 18, Status.SNAKE, 0.01
9499, 6, 45, Status.SNAKE, 0.01
9500, 8, 59, Status.SNAKE, 0.01
9501, 3, 31, Status.WALL, 0.01
9502, 6, 34, Status.SNAKE, 0.01
9503, 8, 57, Status.SNAKE, 0.01
9504, 17, 118, Status.SNAKE, 0.01
9505, 9, 66, Status.WALL, 0.01
9506, 8, 49, Status.SNAKE, 0.01
9507, 7, 35, Status.SNAKE, 0.01
9508, 1, 8, Status.WALL, 0.01
9509, 13, 98, Status.SNAKE, 0.01
9510, 16, 115, Status.SNAKE, 0.01
9511, 17, 109, Status.SNAKE, 0.01
9512, 6, 39, Status.SNAKE, 0.01
9513, 10, 67, Status.SNAKE, 0.01
9514, 3, 20, Status.SNAKE, 0.01
9515, 12, 90, Status.SNAKE, 0.01
9516, 17, 110, Status.SNAKE, 0.01
9517, 3, 15, Status.SNAKE, 0.01
9518, 5, 32, Status.WALL, 0.01
9519, 10, 60, Status.SNAKE, 0.01
9520, 10, 54, Status.SNAKE, 0.01
9521, 10, 64, Status.SNAKE, 0.01
9522, 9, 56, Status.SNAKE, 0.01
9523, 2, 8, Status.WALL, 0.01
9524, 9, 69, Status.SNAKE, 0.01
9525, 11, 82, Status.SNAKE, 0.01
9526, 10, 83, Status.SNAKE, 0.01
9527, 4, 22, Status.SNAKE, 0.01
9528, 10, 56, Status.SNAKE, 0.01
9529, 14, 99, Status.WALL, 0.01
9530, 16, 106, Status.WALL, 0.01
9531, 2, 5, Status.SNAKE, 0.01
9532, 2, 16, Status.WALL, 0.01
9533, 8, 50, Status.WALL, 0.01
9534, 8, 50, Status.SNAKE, 0.01
9535, 9, 62, Status.SNAKE, 0.01
9536, 10, 82, Status.WALL, 0.01
9537, 12, 82, Status.WALL, 0.01
9538, 7, 53, Status.SNAKE, 0.01
9539, 3, 11, Status.WALL, 0.01
9540, 8, 30, Status.SNAKE, 0.01
9541, 12, 84, Status.SNAKE, 0.01
9542, 6, 32, Status.SNAKE, 0.01
9543, 5, 31, Status.SNAKE, 0.01
9544, 4, 36, Status.WALL, 0.01
9545, 3, 21, Status.SNAKE, 0.01
9546, 18, 115, Status.SNAKE, 0.01
9547, 8, 50, Status.SNAKE, 0.01
9548, 16, 124, Status.SNAKE, 0.01
9549, 4, 18, Status.SNAKE, 0.01
9550, 9, 91, Status.SNAKE, 0.01
9551, 4, 26, Status.WALL, 0.01
9552, 8, 51, Status.SNAKE, 0.01
9553, 4, 35, Status.WALL, 0.01
9554, 8, 50, Status.SNAKE, 0.01
9555, 12, 78, Status.WALL, 0.01
9556, 10, 71, Status.SNAKE, 0.01
9557, 7, 39, Status.SNAKE, 0.01
9558, 8, 43, Status.SNAKE, 0.01
9559, 8, 48, Status.SNAKE, 0.01
9560, 10, 97, Status.SNAKE, 0.01
9561, 16, 97, Status.SNAKE, 0.01
9562, 7, 51, Status.SNAKE, 0.01
9563, 15, 78, Status.SNAKE, 0.01
9564, 7, 40, Status.SNAKE, 0.01
9565, 4, 30, Status.WALL, 0.01
9566, 2, 14, Status.WALL, 0.01
9567, 4, 21, Status.SNAKE, 0.01
9568, 6, 38, Status.SNAKE, 0.01
9569, 12, 87, Status.SNAKE, 0.01
9570, 4, 25, Status.SNAKE, 0.01
9571, 10, 63, Status.SNAKE, 0.01
9572, 13, 77, Status.SNAKE, 0.01
9573, 7, 41, Status.SNAKE, 0.01
9574, 8, 63, Status.SNAKE, 0.01
9575, 9, 70, Status.SNAKE, 0.01
9576, 10, 59, Status.SNAKE, 0.01
9577, 5, 36, Status.SNAKE, 0.01
9578, 3, 19, Status.SNAKE, 0.01
9579, 10, 62, Status.SNAKE, 0.01
9580, 17, 96, Status.SNAKE, 0.01
9581, 16, 110, Status.SNAKE, 0.01
9582, 8, 60, Status.SNAKE, 0.01
9583, 8, 33, Status.WALL, 0.01
9584, 7, 35, Status.SNAKE, 0.01
9585, 10, 65, Status.WALL, 0.01
9586, 12, 102, Status.SNAKE, 0.01
9587, 4, 27, Status.SNAKE, 0.01
9588, 11, 113, Status.SNAKE, 0.01
9589, 11, 76, Status.SNAKE, 0.01
9590, 10, 80, Status.SNAKE, 0.01
9591, 7, 57, Status.SNAKE, 0.01
9592, 2, 21, Status.WALL, 0.01
9593, 12, 78, Status.SNAKE, 0.01
9594, 13, 96, Status.SNAKE, 0.01
9595, 6, 38, Status.SNAKE, 0.01
9596, 12, 91, Status.SNAKE, 0.01
9597, 10, 73, Status.SNAKE, 0.01
9598, 8, 60, Status.SNAKE, 0.01
9599, 3, 19, Status.SNAKE, 0.01
9600, 12, 108, Status.SNAKE, 0.01
9601, 5, 30, Status.WALL, 0.01
9602, 2, 17, Status.WALL, 0.01
9603, 3, 19, Status.SNAKE, 0.01
9604, 7, 54, Status.SNAKE, 0.01
9605, 1, 3, Status.SNAKE, 0.01
9606, 7, 58, Status.SNAKE, 0.01
9607, 2, 19, Status.SNAKE, 0.01
9608, 13, 101, Status.SNAKE, 0.01
9609, 7, 49, Status.SNAKE, 0.01
9610, 18, 108, Status.SNAKE, 0.01
9611, 2, 25, Status.WALL, 0.01
9612, 17, 125, Status.SNAKE, 0.01
9613, 5, 20, Status.WALL, 0.01
9614, 8, 52, Status.WALL, 0.01
9615, 15, 93, Status.SNAKE, 0.01
9616, 7, 48, Status.SNAKE, 0.01
9617, 15, 132, Status.WALL, 0.01
9618, 9, 60, Status.SNAKE, 0.01
9619, 11, 85, Status.SNAKE, 0.01
9620, 21, 164, Status.SNAKE, 0.01
9621, 17, 103, Status.SNAKE, 0.01
9622, 2, 12, Status.SNAKE, 0.01
9623, 9, 50, Status.WALL, 0.01
9624, 3, 20, Status.WALL, 0.01
9625, 8, 49, Status.SNAKE, 0.01
9626, 4, 17, Status.WALL, 0.01
9627, 8, 46, Status.SNAKE, 0.01
9628, 4, 31, Status.WALL, 0.01
9629, 6, 40, Status.SNAKE, 0.01
9630, 5, 25, Status.SNAKE, 0.01
9631, 4, 30, Status.SNAKE, 0.01
9632, 12, 94, Status.SNAKE, 0.01
9633, 7, 62, Status.SNAKE, 0.01
9634, 5, 29, Status.WALL, 0.01
9635, 8, 47, Status.SNAKE, 0.01
9636, 4, 26, Status.SNAKE, 0.01
9637, 8, 59, Status.SNAKE, 0.01
9638, 0, 6, Status.WALL, 0.01
9639, 10, 70, Status.SNAKE, 0.01
9640, 13, 70, Status.WALL, 0.01
9641, 15, 107, Status.SNAKE, 0.01
9642, 4, 29, Status.WALL, 0.01
9643, 18, 94, Status.WALL, 0.01
9644, 7, 46, Status.SNAKE, 0.01
9645, 14, 119, Status.SNAKE, 0.01
9646, 3, 21, Status.SNAKE, 0.01
9647, 17, 123, Status.SNAKE, 0.01
9648, 6, 31, Status.SNAKE, 0.01
9649, 4, 31, Status.SNAKE, 0.01
9650, 12, 76, Status.WALL, 0.01
9651, 6, 31, Status.SNAKE, 0.01
9652, 5, 25, Status.SNAKE, 0.01
9653, 4, 30, Status.WALL, 0.01
9654, 2, 11, Status.SNAKE, 0.01
9655, 2, 21, Status.SNAKE, 0.01
9656, 4, 29, Status.SNAKE, 0.01
9657, 13, 98, Status.SNAKE, 0.01
9658, 15, 138, Status.SNAKE, 0.01
9659, 16, 132, Status.SNAKE, 0.01
9660, 6, 42, Status.SNAKE, 0.01
9661, 3, 12, Status.WALL, 0.01
9662, 8, 63, Status.SNAKE, 0.01
9663, 11, 72, Status.SNAKE, 0.01
9664, 11, 73, Status.WALL, 0.01
9665, 1, 8, Status.WALL, 0.01
9666, 3, 16, Status.SNAKE, 0.01
9667, 6, 34, Status.SNAKE, 0.01
9668, 11, 74, Status.SNAKE, 0.01
9669, 9, 53, Status.SNAKE, 0.01
9670, 9, 65, Status.SNAKE, 0.01
9671, 17, 140, Status.SNAKE, 0.01
9672, 12, 65, Status.SNAKE, 0.01
9673, 12, 90, Status.SNAKE, 0.01
9674, 12, 94, Status.SNAKE, 0.01
9675, 8, 41, Status.WALL, 0.01
9676, 12, 85, Status.SNAKE, 0.01
9677, 9, 73, Status.SNAKE, 0.01
9678, 13, 75, Status.WALL, 0.01
9679, 7, 61, Status.SNAKE, 0.01
9680, 10, 78, Status.SNAKE, 0.01
9681, 8, 49, Status.SNAKE, 0.01
9682, 4, 19, Status.SNAKE, 0.01
9683, 11, 71, Status.SNAKE, 0.01
9684, 11, 65, Status.SNAKE, 0.01
9685, 10, 80, Status.SNAKE, 0.01
9686, 6, 36, Status.SNAKE, 0.01
9687, 17, 121, Status.SNAKE, 0.01
9688, 8, 64, Status.SNAKE, 0.01
9689, 7, 38, Status.SNAKE, 0.01
9690, 5, 38, Status.SNAKE, 0.01
9691, 13, 83, Status.SNAKE, 0.01
9692, 12, 89, Status.SNAKE, 0.01
9693, 17, 107, Status.SNAKE, 0.01
9694, 1, 3, Status.SNAKE, 0.01
9695, 10, 72, Status.SNAKE, 0.01
9696, 10, 74, Status.SNAKE, 0.01
9697, 2, 12, Status.SNAKE, 0.01
9698, 2, 17, Status.SNAKE, 0.01
9699, 4, 15, Status.WALL, 0.01
9700, 8, 47, Status.SNAKE, 0.01
9701, 3, 20, Status.SNAKE, 0.01
9702, 16, 97, Status.SNAKE, 0.01
9703, 12, 110, Status.SNAKE, 0.01
9704, 2, 17, Status.WALL, 0.01
9705, 6, 24, Status.SNAKE, 0.01
9706, 16, 111, Status.SNAKE, 0.01
9707, 9, 59, Status.SNAKE, 0.01
9708, 10, 59, Status.SNAKE, 0.01
9709, 3, 16, Status.WALL, 0.01
9710, 20, 151, Status.SNAKE, 0.01
9711, 11, 81, Status.SNAKE, 0.01
9712, 12, 73, Status.WALL, 0.01
9713, 10, 65, Status.WALL, 0.01
9714, 14, 91, Status.SNAKE, 0.01
9715, 11, 95, Status.SNAKE, 0.01
9716, 12, 89, Status.SNAKE, 0.01
9717, 10, 86, Status.WALL, 0.01
9718, 6, 39, Status.SNAKE, 0.01
9719, 11, 80, Status.SNAKE, 0.01
9720, 11, 82, Status.SNAKE, 0.01
9721, 13, 78, Status.SNAKE, 0.01
9722, 12, 77, Status.SNAKE, 0.01
9723, 14, 100, Status.SNAKE, 0.01
9724, 2, 16, Status.SNAKE, 0.01
9725, 4, 31, Status.WALL, 0.01
9726, 1, 6, Status.WALL, 0.01
9727, 19, 121, Status.SNAKE, 0.01
9728, 15, 73, Status.SNAKE, 0.01
9729, 16, 130, Status.SNAKE, 0.01
9730, 2, 16, Status.SNAKE, 0.01
9731, 11, 59, Status.SNAKE, 0.01
9732, 10, 54, Status.SNAKE, 0.01
9733, 9, 61, Status.SNAKE, 0.01
9734, 9, 60, Status.WALL, 0.01
9735, 13, 100, Status.SNAKE, 0.01
9736, 4, 18, Status.SNAKE, 0.01
9737, 9, 71, Status.SNAKE, 0.01
9738, 6, 38, Status.SNAKE, 0.01
9739, 10, 51, Status.WALL, 0.01
9740, 1, 8, Status.WALL, 0.01
9741, 11, 79, Status.SNAKE, 0.01
9742, 5, 39, Status.SNAKE, 0.01
9743, 5, 28, Status.SNAKE, 0.01
9744, 11, 90, Status.SNAKE, 0.01
9745, 10, 63, Status.SNAKE, 0.01
9746, 6, 35, Status.SNAKE, 0.01
9747, 5, 33, Status.SNAKE, 0.01
9748, 2, 11, Status.SNAKE, 0.01
9749, 5, 39, Status.SNAKE, 0.01
9750, 7, 38, Status.SNAKE, 0.01
9751, 3, 22, Status.SNAKE, 0.01
9752, 6, 30, Status.WALL, 0.01
9753, 9, 76, Status.WALL, 0.01
9754, 7, 38, Status.SNAKE, 0.01
9755, 12, 92, Status.WALL, 0.01
9756, 7, 50, Status.WALL, 0.01
9757, 8, 48, Status.SNAKE, 0.01
9758, 10, 60, Status.SNAKE, 0.01
9759, 3, 25, Status.WALL, 0.01
9760, 10, 73, Status.SNAKE, 0.01
9761, 2, 10, Status.SNAKE, 0.01
9762, 1, 17, Status.WALL, 0.01
9763, 9, 54, Status.SNAKE, 0.01
9764, 8, 72, Status.SNAKE, 0.01
9765, 6, 52, Status.SNAKE, 0.01
9766, 9, 71, Status.SNAKE, 0.01
9767, 8, 54, Status.WALL, 0.01
9768, 11, 70, Status.SNAKE, 0.01
9769, 15, 94, Status.SNAKE, 0.01
9770, 6, 41, Status.SNAKE, 0.01
9771, 6, 44, Status.SNAKE, 0.01
9772, 4, 30, Status.SNAKE, 0.01
9773, 5, 26, Status.SNAKE, 0.01
9774, 3, 18, Status.SNAKE, 0.01
9775, 7, 37, Status.SNAKE, 0.01
9776, 7, 49, Status.SNAKE, 0.01
9777, 3, 30, Status.SNAKE, 0.01
9778, 16, 134, Status.SNAKE, 0.01
9779, 1, 3, Status.SNAKE, 0.01
9780, 13, 92, Status.SNAKE, 0.01
9781, 2, 14, Status.SNAKE, 0.01
9782, 3, 27, Status.WALL, 0.01
9783, 9, 63, Status.SNAKE, 0.01
9784, 6, 37, Status.SNAKE, 0.01
9785, 13, 104, Status.SNAKE, 0.01
9786, 19, 122, Status.SNAKE, 0.01
9787, 5, 32, Status.SNAKE, 0.01
9788, 7, 45, Status.SNAKE, 0.01
9789, 16, 90, Status.WALL, 0.01
9790, 9, 69, Status.SNAKE, 0.01
9791, 7, 40, Status.SNAKE, 0.01
9792, 6, 28, Status.SNAKE, 0.01
9793, 5, 28, Status.SNAKE, 0.01
9794, 8, 43, Status.SNAKE, 0.01
9795, 3, 20, Status.SNAKE, 0.01
9796, 16, 116, Status.SNAKE, 0.01
9797, 5, 36, Status.SNAKE, 0.01
9798, 3, 11, Status.WALL, 0.01
9799, 3, 10, Status.SNAKE, 0.01
9800, 8, 66, Status.SNAKE, 0.01
9801, 3, 19, Status.WALL, 0.01
9802, 4, 26, Status.SNAKE, 0.01
9803, 10, 87, Status.SNAKE, 0.01
9804, 8, 58, Status.SNAKE, 0.01
9805, 10, 58, Status.SNAKE, 0.01
9806, 5, 26, Status.SNAKE, 0.01
9807, 10, 74, Status.SNAKE, 0.01
9808, 4, 24, Status.SNAKE, 0.01
9809, 15, 103, Status.SNAKE, 0.01
9810, 9, 73, Status.SNAKE, 0.01
9811, 10, 48, Status.SNAKE, 0.01
9812, 15, 94, Status.SNAKE, 0.01
9813, 15, 110, Status.SNAKE, 0.01
9814, 1, 8, Status.WALL, 0.01
9815, 18, 143, Status.WALL, 0.01
9816, 6, 37, Status.SNAKE, 0.01
9817, 5, 43, Status.SNAKE, 0.01
9818, 6, 48, Status.SNAKE, 0.01
9819, 11, 80, Status.SNAKE, 0.01
9820, 7, 43, Status.SNAKE, 0.01
9821, 11, 91, Status.SNAKE, 0.01
9822, 2, 15, Status.SNAKE, 0.01
9823, 9, 61, Status.SNAKE, 0.01
9824, 10, 61, Status.WALL, 0.01
9825, 10, 64, Status.SNAKE, 0.01
9826, 12, 75, Status.SNAKE, 0.01
9827, 10, 79, Status.SNAKE, 0.01
9828, 8, 64, Status.SNAKE, 0.01
9829, 7, 45, Status.SNAKE, 0.01
9830, 8, 37, Status.SNAKE, 0.01
9831, 14, 76, Status.SNAKE, 0.01
9832, 7, 61, Status.SNAKE, 0.01
9833, 11, 89, Status.SNAKE, 0.01
9834, 11, 82, Status.SNAKE, 0.01
9835, 4, 16, Status.SNAKE, 0.01
9836, 5, 24, Status.WALL, 0.01
9837, 16, 104, Status.SNAKE, 0.01
9838, 1, 3, Status.SNAKE, 0.01
9839, 12, 83, Status.SNAKE, 0.01
9840, 13, 109, Status.SNAKE, 0.01
9841, 4, 23, Status.SNAKE, 0.01
9842, 5, 29, Status.SNAKE, 0.01
9843, 14, 116, Status.SNAKE, 0.01
9844, 3, 24, Status.SNAKE, 0.01
9845, 3, 17, Status.SNAKE, 0.01
9846, 14, 80, Status.SNAKE, 0.01
9847, 5, 38, Status.SNAKE, 0.01
9848, 10, 68, Status.SNAKE, 0.01
9849, 6, 36, Status.SNAKE, 0.01
9850, 5, 22, Status.SNAKE, 0.01
9851, 15, 104, Status.SNAKE, 0.01
9852, 4, 40, Status.WALL, 0.01
9853, 4, 15, Status.SNAKE, 0.01
9854, 6, 45, Status.WALL, 0.01
9855, 9, 63, Status.SNAKE, 0.01
9856, 15, 109, Status.SNAKE, 0.01
9857, 7, 49, Status.SNAKE, 0.01
9858, 11, 67, Status.SNAKE, 0.01
9859, 5, 29, Status.SNAKE, 0.01
9860, 2, 16, Status.WALL, 0.01
9861, 15, 101, Status.SNAKE, 0.01
9862, 8, 51, Status.SNAKE, 0.01
9863, 1, 5, Status.SNAKE, 0.01
9864, 6, 44, Status.SNAKE, 0.01
9865, 6, 45, Status.SNAKE, 0.01
9866, 4, 18, Status.SNAKE, 0.01
9867, 6, 33, Status.SNAKE, 0.01
9868, 1, 16, Status.WALL, 0.01
9869, 5, 27, Status.WALL, 0.01
9870, 6, 32, Status.WALL, 0.01
9871, 13, 69, Status.SNAKE, 0.01
9872, 10, 68, Status.WALL, 0.01
9873, 17, 129, Status.SNAKE, 0.01
9874, 18, 156, Status.WALL, 0.01
9875, 14, 92, Status.SNAKE, 0.01
9876, 11, 72, Status.SNAKE, 0.01
9877, 5, 46, Status.SNAKE, 0.01
9878, 9, 64, Status.SNAKE, 0.01
9879, 8, 56, Status.SNAKE, 0.01
9880, 15, 90, Status.SNAKE, 0.01
9881, 6, 33, Status.SNAKE, 0.01
9882, 5, 25, Status.WALL, 0.01
9883, 4, 27, Status.SNAKE, 0.01
9884, 0, 7, Status.WALL, 0.01
9885, 7, 33, Status.SNAKE, 0.01
9886, 13, 90, Status.WALL, 0.01
9887, 4, 30, Status.WALL, 0.01
9888, 14, 94, Status.SNAKE, 0.01
9889, 16, 104, Status.SNAKE, 0.01
9890, 10, 85, Status.SNAKE, 0.01
9891, 8, 49, Status.SNAKE, 0.01
9892, 15, 124, Status.SNAKE, 0.01
9893, 10, 86, Status.SNAKE, 0.01
9894, 11, 76, Status.SNAKE, 0.01
9895, 9, 59, Status.SNAKE, 0.01
9896, 8, 76, Status.SNAKE, 0.01
9897, 5, 31, Status.SNAKE, 0.01
9898, 16, 133, Status.SNAKE, 0.01
9899, 9, 73, Status.WALL, 0.01
9900, 3, 15, Status.SNAKE, 0.01
9901, 7, 65, Status.WALL, 0.01
9902, 5, 29, Status.SNAKE, 0.01
9903, 8, 47, Status.WALL, 0.01
9904, 2, 21, Status.SNAKE, 0.01
9905, 14, 67, Status.WALL, 0.01
9906, 3, 17, Status.SNAKE, 0.01
9907, 6, 58, Status.SNAKE, 0.01
9908, 12, 59, Status.WALL, 0.01
9909, 12, 69, Status.SNAKE, 0.01
9910, 6, 44, Status.SNAKE, 0.01
9911, 6, 54, Status.WALL, 0.01
9912, 5, 40, Status.SNAKE, 0.01
9913, 7, 35, Status.SNAKE, 0.01
9914, 11, 102, Status.SNAKE, 0.01
9915, 10, 61, Status.WALL, 0.01
9916, 18, 123, Status.SNAKE, 0.01
9917, 13, 100, Status.SNAKE, 0.01
9918, 12, 80, Status.SNAKE, 0.01
9919, 3, 25, Status.SNAKE, 0.01
9920, 13, 100, Status.SNAKE, 0.01
9921, 2, 13, Status.SNAKE, 0.01
9922, 14, 105, Status.SNAKE, 0.01
9923, 13, 91, Status.SNAKE, 0.01
9924, 10, 54, Status.SNAKE, 0.01
9925, 16, 78, Status.SNAKE, 0.01
9926, 5, 37, Status.SNAKE, 0.01
9927, 5, 43, Status.SNAKE, 0.01
9928, 2, 11, Status.WALL, 0.01
9929, 2, 23, Status.WALL, 0.01
9930, 12, 90, Status.WALL, 0.01
9931, 5, 34, Status.SNAKE, 0.01
9932, 2, 11, Status.WALL, 0.01
9933, 9, 49, Status.SNAKE, 0.01
9934, 9, 44, Status.SNAKE, 0.01
9935, 6, 32, Status.WALL, 0.01
9936, 7, 50, Status.WALL, 0.01
9937, 12, 76, Status.SNAKE, 0.01
9938, 9, 63, Status.SNAKE, 0.01
9939, 5, 37, Status.WALL, 0.01
9940, 10, 57, Status.SNAKE, 0.01
9941, 15, 118, Status.SNAKE, 0.01
9942, 17, 111, Status.WALL, 0.01
9943, 18, 124, Status.SNAKE, 0.01
9944, 13, 92, Status.WALL, 0.01
9945, 9, 69, Status.SNAKE, 0.01
9946, 6, 59, Status.SNAKE, 0.01
9947, 4, 32, Status.SNAKE, 0.01
9948, 8, 47, Status.WALL, 0.01
9949, 15, 131, Status.SNAKE, 0.01
9950, 14, 90, Status.SNAKE, 0.01
9951, 8, 40, Status.SNAKE, 0.01
9952, 13, 86, Status.SNAKE, 0.01
9953, 9, 82, Status.SNAKE, 0.01
9954, 8, 43, Status.WALL, 0.01
9955, 2, 17, Status.SNAKE, 0.01
9956, 10, 58, Status.SNAKE, 0.01
9957, 3, 22, Status.SNAKE, 0.01
9958, 8, 58, Status.WALL, 0.01
9959, 10, 90, Status.SNAKE, 0.01
9960, 15, 102, Status.SNAKE, 0.01
9961, 7, 43, Status.SNAKE, 0.01
9962, 9, 59, Status.SNAKE, 0.01
9963, 14, 100, Status.SNAKE, 0.01
9964, 2, 12, Status.SNAKE, 0.01
9965, 7, 37, Status.WALL, 0.01
9966, 10, 71, Status.SNAKE, 0.01
9967, 13, 81, Status.SNAKE, 0.01
9968, 12, 74, Status.SNAKE, 0.01
9969, 7, 45, Status.SNAKE, 0.01
9970, 7, 39, Status.SNAKE, 0.01
9971, 4, 20, Status.SNAKE, 0.01
9972, 8, 61, Status.SNAKE, 0.01
9973, 5, 36, Status.WALL, 0.01
9974, 11, 91, Status.SNAKE, 0.01
9975, 19, 157, Status.SNAKE, 0.01
9976, 9, 60, Status.SNAKE, 0.01
9977, 10, 77, Status.SNAKE, 0.01
9978, 9, 65, Status.SNAKE, 0.01
9979, 5, 40, Status.SNAKE, 0.01
9980, 11, 68, Status.SNAKE, 0.01
9981, 10, 78, Status.SNAKE, 0.01
9982, 4, 18, Status.SNAKE, 0.01
9983, 7, 49, Status.SNAKE, 0.01
9984, 2, 13, Status.SNAKE, 0.01
9985, 13, 98, Status.SNAKE, 0.01
9986, 1, 12, Status.SNAKE, 0.01
9987, 5, 18, Status.WALL, 0.01
9988, 10, 63, Status.SNAKE, 0.01
9989, 10, 83, Status.WALL, 0.01
9990, 10, 90, Status.SNAKE, 0.01
9991, 5, 34, Status.SNAKE, 0.01
9992, 9, 68, Status.SNAKE, 0.01
9993, 12, 82, Status.SNAKE, 0.01
9994, 16, 151, Status.SNAKE, 0.01
9995, 3, 20, Status.SNAKE, 0.01
9996, 8, 55, Status.SNAKE, 0.01
9997, 13, 86, Status.SNAKE, 0.01
9998, 15, 71, Status.SNAKE, 0.01
9999, 13, 89, Status.SNAKE, 0.01
10000, 16, 92, Status.WALL, 0.01
