Episode,Score,Total Steps,Death,Epsilon
1, 0, 7, Status.WALL, 1.0
2, 0, 19, Status.WALL, 0.995
3, 0, 6, Status.WALL, 0.990025
4, 0, 7, Status.WALL, 0.985074875
5, 0, 19, Status.WALL, 0.9801495006250001
6, 0, 8, Status.WALL, 0.9752487531218751
7, 0, 15, Status.WALL, 0.9703725093562657
8, 0, 8, Status.WALL, 0.9655206468094844
9, 0, 16, Status.WALL, 0.960693043575437
10, 0, 6, Status.WALL, 0.9558895783575597
11, 0, 5, Status.WALL, 0.9511101304657719
12, 0, 20, Status.WALL, 0.946354579813443
13, 0, 12, Status.WALL, 0.9416228069143757
14, 0, 23, Status.WALL, 0.9369146928798039
15, 0, 16, Status.WALL, 0.9322301194154049
16, 0, 6, Status.WALL, 0.9275689688183278
17, 1, 23, Status.WALL, 0.9229311239742362
18, 0, 16, Status.WALL, 0.918316468354365
19, 1, 12, Status.WALL, 0.9137248860125932
20, 0, 17, Status.WALL, 0.9091562615825302
21, 0, 9, Status.WALL, 0.9046104802746175
22, 0, 11, Status.WALL, 0.9000874278732445
23, 0, 39, Status.WALL, 0.8955869907338783
24, 0, 8, Status.WALL, 0.8911090557802088
25, 0, 24, Status.WALL, 0.8866535105013078
26, 1, 32, Status.SNAKE, 0.8822202429488013
27, 0, 16, Status.WALL, 0.8778091417340573
28, 0, 7, Status.WALL, 0.8734200960253871
29, 0, 4, Status.WALL, 0.8690529955452602
30, 0, 14, Status.WALL, 0.8647077305675338
31, 0, 7, Status.WALL, 0.8603841919146962
32, 0, 16, Status.WALL, 0.8560822709551227
33, 1, 26, Status.WALL, 0.851801859600347
34, 1, 6, Status.SNAKE, 0.8475428503023453
35, 0, 10, Status.WALL, 0.8433051360508336
36, 1, 7, Status.WALL, 0.8390886103705794
37, 0, 8, Status.WALL, 0.8348931673187264
38, 0, 11, Status.WALL, 0.8307187014821328
39, 0, 13, Status.WALL, 0.8265651079747222
40, 0, 14, Status.WALL, 0.8224322824348486
41, 1, 29, Status.SNAKE, 0.8183201210226743
42, 0, 14, Status.WALL, 0.8142285204175609
43, 0, 10, Status.WALL, 0.810157377815473
44, 0, 27, Status.WALL, 0.8061065909263957
45, 0, 34, Status.WALL, 0.8020760579717637
46, 0, 25, Status.WALL, 0.798065677681905
47, 0, 10, Status.WALL, 0.7940753492934954
48, 1, 5, Status.SNAKE, 0.7901049725470279
49, 0, 9, Status.WALL, 0.7861544476842928
50, 1, 6, Status.WALL, 0.7822236754458713
51, 0, 11, Status.WALL, 0.778312557068642
52, 0, 26, Status.WALL, 0.7744209942832988
53, 1, 13, Status.WALL, 0.7705488893118823
54, 0, 12, Status.WALL, 0.7666961448653229
55, 0, 5, Status.WALL, 0.7628626641409962
56, 1, 10, Status.SNAKE, 0.7590483508202912
57, 0, 7, Status.WALL, 0.7552531090661897
58, 0, 5, Status.WALL, 0.7514768435208588
59, 0, 7, Status.WALL, 0.7477194593032545
60, 0, 10, Status.WALL, 0.7439808620067382
61, 0, 39, Status.WALL, 0.7402609576967045
62, 0, 9, Status.WALL, 0.736559652908221
63, 1, 16, Status.SNAKE, 0.7328768546436799
64, 1, 18, Status.SNAKE, 0.7292124703704616
65, 0, 20, Status.WALL, 0.7255664080186093
66, 1, 10, Status.WALL, 0.7219385759785162
67, 0, 8, Status.WALL, 0.7183288830986236
68, 0, 16, Status.WALL, 0.7147372386831305
69, 0, 48, Status.WALL, 0.7111635524897149
70, 1, 3, Status.SNAKE, 0.7076077347272662
71, 0, 8, Status.WALL, 0.7040696960536299
72, 0, 7, Status.WALL, 0.7005493475733617
73, 1, 12, Status.WALL, 0.697046600835495
74, 2, 35, Status.WALL, 0.6935613678313175
75, 1, 4, Status.SNAKE, 0.6900935609921609
76, 0, 37, Status.WALL, 0.6866430931872001
77, 0, 6, Status.WALL, 0.6832098777212641
78, 0, 8, Status.WALL, 0.6797938283326578
79, 0, 26, Status.WALL, 0.6763948591909945
80, 0, 5, Status.WALL, 0.6730128848950395
81, 0, 11, Status.WALL, 0.6696478204705644
82, 0, 9, Status.WALL, 0.6662995813682115
83, 0, 30, Status.WALL, 0.6629680834613705
84, 1, 26, Status.WALL, 0.6596532430440636
85, 1, 14, Status.WALL, 0.6563549768288433
86, 1, 16, Status.SNAKE, 0.653073201944699
87, 0, 17, Status.WALL, 0.6498078359349755
88, 0, 10, Status.WALL, 0.6465587967553006
89, 1, 29, Status.WALL, 0.6433260027715241
90, 0, 6, Status.WALL, 0.6401093727576664
91, 1, 20, Status.WALL, 0.6369088258938781
92, 0, 15, Status.WALL, 0.6337242817644086
93, 0, 23, Status.WALL, 0.6305556603555866
94, 0, 17, Status.WALL, 0.6274028820538087
95, 1, 33, Status.WALL, 0.6242658676435396
96, 0, 12, Status.WALL, 0.6211445383053219
97, 0, 8, Status.WALL, 0.6180388156137953
98, 1, 7, Status.WALL, 0.6149486215357263
99, 0, 11, Status.WALL, 0.6118738784280476
100, 1, 14, Status.WALL, 0.6088145090359074
101, 1, 45, Status.WALL, 0.6057704364907278
102, 0, 7, Status.WALL, 0.6027415843082742
103, 0, 8, Status.WALL, 0.5997278763867329
104, 0, 4, Status.WALL, 0.5967292370047992
105, 0, 6, Status.WALL, 0.5937455908197752
106, 0, 8, Status.WALL, 0.5907768628656763
107, 0, 5, Status.WALL, 0.5878229785513479
108, 1, 23, Status.WALL, 0.5848838636585911
109, 1, 59, Status.SNAKE, 0.5819594443402982
110, 0, 8, Status.WALL, 0.5790496471185967
111, 0, 6, Status.WALL, 0.5761543988830038
112, 1, 11, Status.WALL, 0.5732736268885887
113, 1, 7, Status.WALL, 0.5704072587541458
114, 0, 14, Status.WALL, 0.567555222460375
115, 2, 11, Status.WALL, 0.5647174463480732
116, 1, 26, Status.WALL, 0.5618938591163328
117, 1, 23, Status.SNAKE, 0.5590843898207511
118, 0, 26, Status.WALL, 0.5562889678716474
119, 0, 14, Status.WALL, 0.5535075230322891
120, 1, 21, Status.WALL, 0.5507399854171277
121, 1, 12, Status.SNAKE, 0.547986285490042
122, 2, 29, Status.WALL, 0.5452463540625918
123, 1, 9, Status.SNAKE, 0.5425201222922789
124, 1, 8, Status.WALL, 0.5398075216808175
125, 0, 16, Status.WALL, 0.5371084840724134
126, 1, 11, Status.SNAKE, 0.5344229416520513
127, 1, 24, Status.WALL, 0.531750826943791
128, 0, 15, Status.WALL, 0.5290920728090721
129, 1, 16, Status.WALL, 0.5264466124450268
130, 2, 14, Status.WALL, 0.5238143793828016
131, 1, 8, Status.WALL, 0.5211953074858876
132, 1, 7, Status.WALL, 0.5185893309484582
133, 1, 46, Status.WALL, 0.5159963842937159
134, 1, 15, Status.WALL, 0.5134164023722473
135, 1, 18, Status.WALL, 0.510849320360386
136, 0, 22, Status.WALL, 0.5082950737585841
137, 0, 41, Status.WALL, 0.5057535983897912
138, 1, 11, Status.WALL, 0.5032248303978422
139, 0, 7, Status.WALL, 0.500708706245853
140, 1, 4, Status.SNAKE, 0.4982051627146237
141, 0, 29, Status.WALL, 0.49571413690105054
142, 1, 10, Status.WALL, 0.4932355662165453
143, 0, 11, Status.WALL, 0.4907693883854626
144, 2, 31, Status.SNAKE, 0.4883155414435353
145, 4, 25, Status.SNAKE, 0.4858739637363176
146, 1, 15, Status.WALL, 0.483444593917636
147, 0, 6, Status.WALL, 0.4810273709480478
148, 3, 25, Status.SNAKE, 0.47862223409330756
149, 0, 24, Status.WALL, 0.47622912292284103
150, 1, 12, Status.SNAKE, 0.4738479773082268
151, 0, 7, Status.WALL, 0.47147873742168567
152, 0, 10, Status.WALL, 0.46912134373457726
153, 1, 5, Status.WALL, 0.46677573701590436
154, 0, 10, Status.WALL, 0.46444185833082485
155, 2, 38, Status.SNAKE, 0.46211964903917074
156, 1, 12, Status.SNAKE, 0.4598090507939749
157, 0, 7, Status.WALL, 0.457510005540005
158, 1, 9, Status.SNAKE, 0.45522245551230495
159, 0, 10, Status.WALL, 0.4529463432347434
160, 0, 9, Status.WALL, 0.4506816115185697
161, 2, 27, Status.WALL, 0.4484282034609769
162, 0, 8, Status.WALL, 0.446186062443672
163, 1, 18, Status.SNAKE, 0.4439551321314536
164, 0, 10, Status.WALL, 0.4417353564707963
165, 0, 10, Status.WALL, 0.43952667968844233
166, 3, 21, Status.WALL, 0.43732904629000013
167, 1, 8, Status.WALL, 0.4351424010585501
168, 1, 7, Status.SNAKE, 0.43296668905325736
169, 0, 9, Status.WALL, 0.43080185560799106
170, 3, 27, Status.SNAKE, 0.4286478463299511
171, 5, 28, Status.SNAKE, 0.42650460709830135
172, 0, 8, Status.WALL, 0.42437208406280985
173, 1, 8, Status.WALL, 0.4222502236424958
174, 1, 10, Status.WALL, 0.42013897252428334
175, 0, 12, Status.WALL, 0.4180382776616619
176, 1, 3, Status.SNAKE, 0.4159480862733536
177, 1, 9, Status.SNAKE, 0.41386834584198684
178, 0, 9, Status.WALL, 0.4117990041127769
179, 1, 14, Status.WALL, 0.40974000909221303
180, 2, 34, Status.SNAKE, 0.40769130904675194
181, 2, 15, Status.WALL, 0.40565285250151817
182, 1, 15, Status.WALL, 0.4036245882390106
183, 2, 21, Status.SNAKE, 0.4016064652978155
184, 1, 14, Status.WALL, 0.3995984329713264
185, 1, 8, Status.WALL, 0.3976004408064698
186, 1, 10, Status.WALL, 0.39561243860243744
187, 1, 27, Status.SNAKE, 0.3936343764094253
188, 2, 11, Status.WALL, 0.39166620452737816
189, 0, 8, Status.WALL, 0.3897078735047413
190, 2, 26, Status.SNAKE, 0.3877593341372176
191, 3, 22, Status.WALL, 0.3858205374665315
192, 1, 6, Status.WALL, 0.38389143477919885
193, 1, 9, Status.WALL, 0.3819719776053028
194, 2, 31, Status.SNAKE, 0.3800621177172763
195, 2, 26, Status.WALL, 0.37816180712868996
196, 3, 23, Status.WALL, 0.37627099809304654
197, 1, 7, Status.SNAKE, 0.3743896431025813
198, 1, 13, Status.WALL, 0.37251769488706843
199, 0, 13, Status.WALL, 0.3706551064126331
200, 1, 7, Status.SNAKE, 0.36880183088056995
201, 1, 14, Status.WALL, 0.3669578217261671
202, 1, 6, Status.WALL, 0.36512303261753626
203, 0, 7, Status.WALL, 0.3632974174544486
204, 2, 20, Status.WALL, 0.3614809303671764
205, 1, 11, Status.WALL, 0.3596735257153405
206, 3, 15, Status.SNAKE, 0.3578751580867638
207, 1, 8, Status.WALL, 0.35608578229633
208, 1, 13, Status.SNAKE, 0.3543053533848483
209, 1, 10, Status.SNAKE, 0.35253382661792404
210, 3, 20, Status.SNAKE, 0.3507711574848344
211, 1, 15, Status.WALL, 0.34901730169741024
212, 3, 32, Status.SNAKE, 0.3472722151889232
213, 1, 14, Status.WALL, 0.3455358541129786
214, 6, 55, Status.SNAKE, 0.3438081748424137
215, 1, 8, Status.WALL, 0.3420891339682016
216, 3, 47, Status.SNAKE, 0.3403786882983606
217, 1, 17, Status.WALL, 0.3386767948568688
218, 0, 8, Status.WALL, 0.33698341088258443
219, 1, 14, Status.SNAKE, 0.3352984938281715
220, 1, 11, Status.WALL, 0.33362200135903064
221, 0, 15, Status.WALL, 0.33195389135223546
222, 2, 11, Status.SNAKE, 0.3302941218954743
223, 0, 11, Status.WALL, 0.32864265128599696
224, 1, 7, Status.WALL, 0.326999438029567
225, 4, 56, Status.SNAKE, 0.3253644408394192
226, 2, 27, Status.WALL, 0.3237376186352221
227, 3, 78, Status.WALL, 0.322118930542046
228, 1, 7, Status.SNAKE, 0.32050833588933575
229, 6, 29, Status.SNAKE, 0.31890579420988907
230, 1, 12, Status.SNAKE, 0.3173112652388396
231, 1, 21, Status.WALL, 0.3157247089126454
232, 0, 6, Status.WALL, 0.3141460853680822
233, 0, 10, Status.WALL, 0.3125753549412418
234, 0, 10, Status.WALL, 0.31101247816653554
235, 0, 7, Status.WALL, 0.30945741577570285
236, 3, 22, Status.WALL, 0.3079101286968243
237, 5, 36, Status.SNAKE, 0.3063705780533402
238, 1, 16, Status.SNAKE, 0.30483872516307353
239, 1, 7, Status.WALL, 0.3033145315372582
240, 2, 27, Status.SNAKE, 0.3017979588795719
241, 6, 51, Status.SNAKE, 0.30028896908517405
242, 1, 6, Status.WALL, 0.2987875242397482
243, 2, 24, Status.SNAKE, 0.29729358661854943
244, 4, 18, Status.SNAKE, 0.29580711868545667
245, 4, 34, Status.WALL, 0.2943280830920294
246, 1, 8, Status.WALL, 0.29285644267656924
247, 2, 21, Status.SNAKE, 0.2913921604631864
248, 2, 13, Status.SNAKE, 0.28993519966087045
249, 7, 48, Status.SNAKE, 0.2884855236625661
250, 2, 28, Status.WALL, 0.28704309604425327
251, 4, 21, Status.WALL, 0.285607880564032
252, 1, 8, Status.WALL, 0.28417984116121187
253, 2, 20, Status.WALL, 0.2827589419554058
254, 2, 16, Status.SNAKE, 0.28134514724562876
255, 2, 14, Status.SNAKE, 0.2799384215094006
256, 1, 11, Status.WALL, 0.27853872940185365
257, 3, 19, Status.WALL, 0.27714603575484437
258, 4, 39, Status.SNAKE, 0.2757603055760701
259, 3, 23, Status.WALL, 0.2743815040481898
260, 3, 41, Status.SNAKE, 0.2730095965279488
261, 2, 9, Status.WALL, 0.27164454854530906
262, 3, 33, Status.SNAKE, 0.2702863258025825
263, 4, 24, Status.WALL, 0.2689348941735696
264, 1, 6, Status.SNAKE, 0.26759021970270175
265, 4, 22, Status.SNAKE, 0.2662522686041882
266, 3, 28, Status.WALL, 0.2649210072611673
267, 1, 29, Status.WALL, 0.26359640222486147
268, 3, 30, Status.WALL, 0.26227842021373715
269, 2, 11, Status.WALL, 0.2609670281126685
270, 1, 11, Status.SNAKE, 0.25966219297210513
271, 3, 34, Status.SNAKE, 0.2583638820072446
272, 1, 18, Status.WALL, 0.2570720625972084
273, 1, 11, Status.SNAKE, 0.25578670228422234
274, 0, 8, Status.WALL, 0.25450776877280124
275, 2, 14, Status.SNAKE, 0.2532352299289372
276, 2, 9, Status.WALL, 0.2519690537792925
277, 2, 22, Status.WALL, 0.2507092085103961
278, 3, 36, Status.WALL, 0.2494556624678441
279, 1, 15, Status.SNAKE, 0.24820838415550486
280, 1, 6, Status.WALL, 0.24696734223472733
281, 4, 39, Status.SNAKE, 0.2457325055235537
282, 2, 25, Status.SNAKE, 0.24450384299593592
283, 1, 11, Status.WALL, 0.24328132378095624
284, 0, 5, Status.WALL, 0.24206491716205145
285, 1, 8, Status.WALL, 0.2408545925762412
286, 4, 43, Status.WALL, 0.23965031961336
287, 4, 52, Status.SNAKE, 0.2384520680152932
288, 1, 13, Status.WALL, 0.23725980767521673
289, 2, 21, Status.WALL, 0.23607350863684065
290, 1, 13, Status.SNAKE, 0.23489314109365644
291, 1, 22, Status.SNAKE, 0.23371867538818816
292, 1, 12, Status.WALL, 0.23255008201124722
293, 5, 42, Status.WALL, 0.231387331601191
294, 1, 12, Status.WALL, 0.23023039494318503
295, 2, 18, Status.WALL, 0.2290792429684691
296, 2, 25, Status.WALL, 0.22793384675362674
297, 4, 35, Status.SNAKE, 0.22679417751985861
298, 1, 7, Status.SNAKE, 0.22566020663225933
299, 2, 15, Status.WALL, 0.22453190559909803
300, 1, 21, Status.WALL, 0.22340924607110255
301, 1, 14, Status.SNAKE, 0.22229219984074702
302, 2, 16, Status.SNAKE, 0.2211807388415433
303, 1, 8, Status.SNAKE, 0.22007483514733558
304, 3, 31, Status.WALL, 0.2189744609715989
305, 1, 7, Status.SNAKE, 0.2178795886667409
306, 2, 17, Status.WALL, 0.2167901907234072
307, 1, 31, Status.SNAKE, 0.21570623976979014
308, 1, 10, Status.WALL, 0.21462770857094118
309, 3, 52, Status.SNAKE, 0.21355457002808648
310, 1, 16, Status.SNAKE, 0.21248679717794605
311, 3, 13, Status.SNAKE, 0.21142436319205632
312, 2, 23, Status.SNAKE, 0.21036724137609603
313, 2, 24, Status.SNAKE, 0.20931540516921554
314, 2, 15, Status.SNAKE, 0.20826882814336947
315, 2, 13, Status.WALL, 0.20722748400265262
316, 1, 14, Status.WALL, 0.20619134658263935
317, 2, 19, Status.SNAKE, 0.20516038984972615
318, 0, 13, Status.WALL, 0.2041345879004775
319, 0, 8, Status.WALL, 0.2031139149609751
320, 4, 22, Status.WALL, 0.20209834538617025
321, 2, 17, Status.WALL, 0.2010878536592394
322, 1, 8, Status.WALL, 0.2000824143909432
323, 3, 16, Status.WALL, 0.19908200231898848
324, 2, 19, Status.WALL, 0.19808659230739353
325, 2, 7, Status.SNAKE, 0.19709615934585656
326, 8, 55, Status.WALL, 0.19611067854912728
327, 4, 19, Status.SNAKE, 0.19513012515638165
328, 2, 8, Status.WALL, 0.19415447453059972
329, 3, 25, Status.SNAKE, 0.19318370215794672
330, 3, 29, Status.WALL, 0.192217783647157
331, 1, 19, Status.WALL, 0.1912566947289212
332, 2, 20, Status.SNAKE, 0.1903004112552766
333, 1, 15, Status.WALL, 0.18934890919900021
334, 5, 36, Status.WALL, 0.18840216465300522
335, 3, 23, Status.WALL, 0.18746015382974018
336, 1, 5, Status.WALL, 0.1865228530605915
337, 1, 9, Status.SNAKE, 0.18559023879528855
338, 8, 49, Status.SNAKE, 0.1846622876013121
339, 3, 19, Status.SNAKE, 0.18373897616330553
340, 1, 7, Status.SNAKE, 0.182820281282489
341, 6, 53, Status.SNAKE, 0.18190617987607657
342, 12, 76, Status.SNAKE, 0.18099664897669618
343, 9, 45, Status.WALL, 0.1800916657318127
344, 3, 24, Status.SNAKE, 0.17919120740315364
345, 1, 12, Status.SNAKE, 0.17829525136613786
346, 3, 25, Status.WALL, 0.17740377510930716
347, 2, 20, Status.WALL, 0.17651675623376062
348, 1, 8, Status.WALL, 0.1756341724525918
349, 4, 30, Status.WALL, 0.17475600159032884
350, 7, 67, Status.WALL, 0.17388222158237718
351, 6, 29, Status.SNAKE, 0.1730128104744653
352, 4, 16, Status.SNAKE, 0.17214774642209296
353, 3, 24, Status.SNAKE, 0.1712870076899825
354, 1, 14, Status.WALL, 0.17043057265153258
355, 5, 44, Status.WALL, 0.16957841978827493
356, 2, 11, Status.WALL, 0.16873052768933355
357, 2, 18, Status.WALL, 0.1678868750508869
358, 5, 47, Status.SNAKE, 0.16704744067563246
359, 1, 10, Status.WALL, 0.1662122034722543
360, 4, 41, Status.SNAKE, 0.16538114245489302
361, 7, 32, Status.SNAKE, 0.16455423674261854
362, 1, 13, Status.WALL, 0.16373146555890544
363, 4, 43, Status.WALL, 0.16291280823111093
364, 7, 45, Status.WALL, 0.16209824418995536
365, 2, 6, Status.SNAKE, 0.16128775296900558
366, 1, 7, Status.SNAKE, 0.16048131420416054
367, 1, 13, Status.WALL, 0.15967890763313974
368, 1, 6, Status.SNAKE, 0.15888051309497406
369, 4, 27, Status.SNAKE, 0.1580861105294992
370, 4, 33, Status.SNAKE, 0.1572956799768517
371, 1, 5, Status.WALL, 0.15650920157696743
372, 13, 95, Status.SNAKE, 0.1557266555690826
373, 2, 15, Status.SNAKE, 0.1549480222912372
374, 1, 7, Status.WALL, 0.15417328217978102
375, 3, 36, Status.SNAKE, 0.1534024157688821
376, 3, 23, Status.WALL, 0.1526354036900377
377, 0, 9, Status.WALL, 0.1518722266715875
378, 5, 48, Status.WALL, 0.15111286553822956
379, 5, 41, Status.SNAKE, 0.15035730121053842
380, 2, 8, Status.WALL, 0.14960551470448571
381, 6, 39, Status.SNAKE, 0.14885748713096328
382, 1, 7, Status.SNAKE, 0.14811319969530845
383, 1, 14, Status.WALL, 0.1473726336968319
384, 3, 25, Status.SNAKE, 0.14663577052834775
385, 0, 6, Status.WALL, 0.14590259167570602
386, 6, 57, Status.WALL, 0.1451730787173275
387, 10, 61, Status.SNAKE, 0.14444721332374086
388, 9, 88, Status.SNAKE, 0.14372497725712216
389, 5, 40, Status.SNAKE, 0.14300635237083656
390, 4, 37, Status.SNAKE, 0.14229132060898236
391, 1, 9, Status.WALL, 0.14157986400593744
392, 2, 6, Status.SNAKE, 0.14087196468590776
393, 5, 39, Status.WALL, 0.14016760486247823
394, 5, 54, Status.SNAKE, 0.13946676683816583
395, 3, 26, Status.SNAKE, 0.138769433003975
396, 6, 42, Status.SNAKE, 0.13807558583895513
397, 2, 10, Status.SNAKE, 0.13738520790976036
398, 5, 33, Status.SNAKE, 0.13669828187021155
399, 6, 39, Status.WALL, 0.13601479046086049
400, 6, 38, Status.WALL, 0.1353347165085562
401, 5, 34, Status.SNAKE, 0.1346580429260134
402, 3, 19, Status.SNAKE, 0.13398475271138335
403, 11, 79, Status.SNAKE, 0.13331482894782642
404, 2, 22, Status.WALL, 0.13264825480308728
405, 6, 41, Status.SNAKE, 0.13198501352907185
406, 1, 9, Status.WALL, 0.1313250884614265
407, 3, 29, Status.SNAKE, 0.13066846301911936
408, 1, 15, Status.WALL, 0.13001512070402377
409, 2, 18, Status.SNAKE, 0.12936504510050365
410, 8, 71, Status.SNAKE, 0.12871821987500112
411, 2, 7, Status.WALL, 0.12807462877562611
412, 1, 12, Status.WALL, 0.12743425563174798
413, 5, 33, Status.WALL, 0.12679708435358925
414, 8, 47, Status.WALL, 0.1261630989318213
415, 0, 6, Status.WALL, 0.1255322834371622
416, 8, 36, Status.WALL, 0.12490462201997637
417, 7, 45, Status.WALL, 0.1242800989098765
418, 2, 9, Status.WALL, 0.12365869841532712
419, 4, 21, Status.SNAKE, 0.12304040492325048
420, 2, 23, Status.SNAKE, 0.12242520289863423
421, 4, 40, Status.WALL, 0.12181307688414106
422, 2, 7, Status.SNAKE, 0.12120401149972035
423, 7, 47, Status.SNAKE, 0.12059799144222175
424, 3, 16, Status.SNAKE, 0.11999500148501063
425, 1, 16, Status.SNAKE, 0.11939502647758558
426, 1, 8, Status.WALL, 0.11879805134519765
427, 4, 22, Status.SNAKE, 0.11820406108847166
428, 1, 17, Status.WALL, 0.1176130407830293
429, 3, 24, Status.WALL, 0.11702497557911415
430, 3, 25, Status.WALL, 0.11643985070121858
431, 5, 33, Status.WALL, 0.11585765144771248
432, 8, 51, Status.SNAKE, 0.11527836319047392
433, 1, 17, Status.WALL, 0.11470197137452155
434, 2, 19, Status.SNAKE, 0.11412846151764894
435, 11, 47, Status.SNAKE, 0.1135578192100607
436, 2, 23, Status.WALL, 0.11299003011401039
437, 2, 8, Status.SNAKE, 0.11242507996344034
438, 4, 26, Status.SNAKE, 0.11186295456362313
439, 2, 12, Status.WALL, 0.11130363979080501
440, 6, 45, Status.WALL, 0.11074712159185099
441, 2, 8, Status.WALL, 0.11019338598389174
442, 1, 5, Status.SNAKE, 0.10964241905397228
443, 12, 84, Status.SNAKE, 0.10909420695870241
444, 1, 19, Status.WALL, 0.1085487359239089
445, 3, 22, Status.SNAKE, 0.10800599224428936
446, 2, 18, Status.WALL, 0.10746596228306791
447, 8, 48, Status.WALL, 0.10692863247165257
448, 6, 33, Status.SNAKE, 0.1063939893092943
449, 1, 8, Status.WALL, 0.10586201936274783
450, 5, 23, Status.SNAKE, 0.10533270926593409
451, 9, 69, Status.SNAKE, 0.10480604571960442
452, 1, 8, Status.WALL, 0.1042820154910064
453, 7, 61, Status.SNAKE, 0.10376060541355137
454, 1, 4, Status.SNAKE, 0.1032418023864836
455, 6, 25, Status.SNAKE, 0.10272559337455119
456, 1, 13, Status.WALL, 0.10221196540767843
457, 6, 45, Status.SNAKE, 0.10170090558064004
458, 11, 82, Status.WALL, 0.10119240105273684
459, 4, 25, Status.SNAKE, 0.10068643904747315
460, 6, 35, Status.SNAKE, 0.10018300685223579
461, 7, 42, Status.WALL, 0.0996820918179746
462, 3, 17, Status.SNAKE, 0.09918368135888474
463, 3, 28, Status.SNAKE, 0.09868776295209031
464, 11, 85, Status.SNAKE, 0.09819432413732986
465, 4, 26, Status.SNAKE, 0.09770335251664321
466, 1, 5, Status.SNAKE, 0.09721483575406
467, 1, 12, Status.WALL, 0.09672876157528969
468, 1, 3, Status.SNAKE, 0.09624511776741324
469, 3, 19, Status.SNAKE, 0.09576389217857617
470, 1, 12, Status.WALL, 0.09528507271768329
471, 10, 92, Status.SNAKE, 0.09480864735409487
472, 3, 20, Status.SNAKE, 0.0943346041173244
473, 8, 53, Status.SNAKE, 0.09386293109673778
474, 2, 19, Status.SNAKE, 0.09339361644125409
475, 3, 22, Status.WALL, 0.09292664835904782
476, 4, 33, Status.WALL, 0.09246201511725258
477, 5, 49, Status.SNAKE, 0.09199970504166631
478, 0, 5, Status.WALL, 0.09153970651645797
479, 1, 10, Status.SNAKE, 0.09108200798387568
480, 6, 34, Status.SNAKE, 0.0906265979439563
481, 17, 137, Status.SNAKE, 0.09017346495423652
482, 8, 64, Status.SNAKE, 0.08972259762946533
483, 3, 20, Status.WALL, 0.089273984641318
484, 1, 12, Status.SNAKE, 0.0888276147181114
485, 5, 24, Status.SNAKE, 0.08838347664452084
486, 1, 4, Status.SNAKE, 0.08794155926129824
487, 4, 24, Status.SNAKE, 0.08750185146499175
488, 5, 45, Status.SNAKE, 0.08706434220766679
489, 5, 40, Status.SNAKE, 0.08662902049662846
490, 2, 13, Status.SNAKE, 0.08619587539414532
491, 3, 15, Status.SNAKE, 0.08576489601717459
492, 7, 59, Status.WALL, 0.08533607153708872
493, 2, 21, Status.WALL, 0.08490939117940327
494, 16, 114, Status.SNAKE, 0.08448484422350626
495, 5, 44, Status.WALL, 0.08406242000238873
496, 2, 14, Status.WALL, 0.08364210790237678
497, 4, 39, Status.SNAKE, 0.0832238973628649
498, 5, 32, Status.SNAKE, 0.08280777787605056
499, 4, 17, Status.SNAKE, 0.08239373898667031
500, 2, 13, Status.SNAKE, 0.08198177029173696
501, 5, 30, Status.SNAKE, 0.08157186144027828
502, 1, 20, Status.SNAKE, 0.0811640021330769
503, 4, 26, Status.SNAKE, 0.08075818212241151
504, 10, 79, Status.SNAKE, 0.08035439121179945
505, 11, 59, Status.WALL, 0.07995261925574046
506, 8, 70, Status.SNAKE, 0.07955285615946175
507, 1, 3, Status.SNAKE, 0.07915509187866444
508, 4, 31, Status.SNAKE, 0.07875931641927113
509, 3, 23, Status.WALL, 0.07836551983717477
510, 8, 38, Status.WALL, 0.07797369223798889
511, 4, 33, Status.WALL, 0.07758382377679894
512, 2, 12, Status.SNAKE, 0.07719590465791494
513, 10, 55, Status.SNAKE, 0.07680992513462537
514, 1, 11, Status.WALL, 0.07642587550895225
515, 5, 46, Status.SNAKE, 0.07604374613140748
516, 6, 43, Status.SNAKE, 0.07566352740075044
517, 7, 57, Status.SNAKE, 0.07528520976374668
518, 4, 17, Status.SNAKE, 0.07490878371492794
519, 4, 43, Status.SNAKE, 0.0745342397963533
520, 1, 5, Status.SNAKE, 0.07416156859737154
521, 1, 9, Status.SNAKE, 0.07379076075438468
522, 3, 24, Status.WALL, 0.07342180695061275
523, 2, 14, Status.SNAKE, 0.07305469791585968
524, 1, 9, Status.WALL, 0.07268942442628039
525, 5, 35, Status.SNAKE, 0.07232597730414898
526, 10, 76, Status.SNAKE, 0.07196434741762824
527, 10, 77, Status.SNAKE, 0.0716045256805401
528, 6, 44, Status.WALL, 0.0712465030521374
529, 3, 25, Status.SNAKE, 0.0708902705368767
530, 11, 60, Status.SNAKE, 0.07053581918419231
531, 2, 12, Status.SNAKE, 0.07018314008827135
532, 3, 22, Status.WALL, 0.06983222438783
533, 1, 17, Status.SNAKE, 0.06948306326589085
534, 10, 43, Status.SNAKE, 0.0691356479495614
535, 1, 7, Status.WALL, 0.06878996970981359
536, 2, 17, Status.SNAKE, 0.06844601986126451
537, 13, 61, Status.SNAKE, 0.06810378976195819
538, 1, 10, Status.SNAKE, 0.0677632708131484
539, 4, 28, Status.SNAKE, 0.06742445445908266
540, 3, 19, Status.SNAKE, 0.06708733218678724
541, 2, 11, Status.SNAKE, 0.0667518955258533
542, 2, 13, Status.SNAKE, 0.06641813604822402
543, 5, 38, Status.SNAKE, 0.0660860453679829
544, 4, 27, Status.SNAKE, 0.06575561514114299
545, 6, 52, Status.SNAKE, 0.06542683706543727
546, 3, 29, Status.SNAKE, 0.06509970288011008
547, 6, 44, Status.SNAKE, 0.06477420436570952
548, 4, 37, Status.WALL, 0.06445033334388098
549, 6, 24, Status.SNAKE, 0.06412808167716157
550, 9, 59, Status.SNAKE, 0.06380744126877576
551, 8, 49, Status.SNAKE, 0.06348840406243188
552, 5, 30, Status.SNAKE, 0.06317096204211972
553, 4, 34, Status.WALL, 0.06285510723190912
554, 7, 41, Status.SNAKE, 0.06254083169574957
555, 2, 13, Status.SNAKE, 0.062228127537270826
556, 1, 10, Status.WALL, 0.06191698689958447
557, 3, 20, Status.SNAKE, 0.061607401965086545
558, 7, 74, Status.SNAKE, 0.06129936495526111
559, 1, 7, Status.SNAKE, 0.0609928681304848
560, 11, 66, Status.WALL, 0.060687903789832374
561, 6, 43, Status.SNAKE, 0.06038446427088321
562, 5, 33, Status.SNAKE, 0.06008254194952879
563, 2, 14, Status.SNAKE, 0.05978212923978115
564, 8, 62, Status.WALL, 0.05948321859358224
565, 2, 13, Status.SNAKE, 0.05918580250061433
566, 7, 63, Status.WALL, 0.058889873488111255
567, 8, 52, Status.SNAKE, 0.058595424120670696
568, 3, 9, Status.SNAKE, 0.05830244700006734
569, 2, 32, Status.SNAKE, 0.058010934765067
570, 6, 27, Status.WALL, 0.05772088009124167
571, 5, 43, Status.SNAKE, 0.05743227569078546
572, 1, 17, Status.SNAKE, 0.05714511431233153
573, 4, 28, Status.SNAKE, 0.05685938874076987
574, 13, 59, Status.SNAKE, 0.056575091797066025
575, 5, 39, Status.SNAKE, 0.056292216338080694
576, 11, 64, Status.SNAKE, 0.05601075525639029
577, 9, 68, Status.SNAKE, 0.05573070148010834
578, 11, 68, Status.SNAKE, 0.0554520479727078
579, 3, 18, Status.SNAKE, 0.05517478773284426
580, 9, 49, Status.SNAKE, 0.05489891379418004
581, 8, 64, Status.SNAKE, 0.05462441922520914
582, 6, 30, Status.SNAKE, 0.0543512971290831
583, 13, 95, Status.SNAKE, 0.05407954064343768
584, 3, 18, Status.SNAKE, 0.05380914294022049
585, 1, 7, Status.WALL, 0.05354009722551939
586, 13, 93, Status.SNAKE, 0.05327239673939179
587, 2, 21, Status.SNAKE, 0.053006034755694834
588, 8, 68, Status.SNAKE, 0.052741004581916356
589, 5, 38, Status.WALL, 0.052477299559006776
590, 2, 15, Status.SNAKE, 0.052214913061211746
591, 11, 60, Status.SNAKE, 0.05195383849590569
592, 3, 26, Status.SNAKE, 0.05169406930342616
593, 3, 17, Status.SNAKE, 0.05143559895690903
594, 2, 13, Status.WALL, 0.051178420962124486
595, 7, 36, Status.SNAKE, 0.05092252885731386
596, 11, 80, Status.WALL, 0.05066791621302729
597, 3, 30, Status.SNAKE, 0.05041457663196215
598, 7, 43, Status.WALL, 0.050162503748802344
599, 15, 113, Status.SNAKE, 0.049911691230058335
600, 14, 74, Status.SNAKE, 0.04966213277390804
601, 4, 27, Status.WALL, 0.0494138221100385
602, 7, 49, Status.SNAKE, 0.04916675299948831
603, 1, 6, Status.SNAKE, 0.04892091923449087
604, 6, 45, Status.SNAKE, 0.04867631463831842
605, 9, 47, Status.SNAKE, 0.048432933065126825
606, 3, 32, Status.SNAKE, 0.048190768399801194
607, 5, 31, Status.SNAKE, 0.04794981455780219
608, 6, 45, Status.SNAKE, 0.04771006548501318
609, 8, 77, Status.SNAKE, 0.047471515157588115
610, 1, 10, Status.WALL, 0.047234157581800176
611, 1, 10, Status.WALL, 0.046997986793891174
612, 3, 15, Status.SNAKE, 0.04676299685992172
613, 3, 30, Status.SNAKE, 0.04652918187562211
614, 5, 21, Status.SNAKE, 0.046296535966244
615, 4, 32, Status.SNAKE, 0.046065053286412784
616, 7, 46, Status.SNAKE, 0.04583472801998072
617, 2, 26, Status.WALL, 0.045605554379880814
618, 5, 41, Status.SNAKE, 0.04537752660798141
619, 10, 80, Status.SNAKE, 0.0451506389749415
620, 11, 62, Status.SNAKE, 0.044924885780066794
621, 3, 26, Status.SNAKE, 0.04470026135116646
622, 5, 37, Status.WALL, 0.04447676004441063
623, 6, 33, Status.SNAKE, 0.04425437624418858
624, 4, 25, Status.WALL, 0.04403310436296763
625, 13, 76, Status.SNAKE, 0.043812938841152796
626, 4, 7, Status.SNAKE, 0.04359387414694703
627, 9, 62, Status.WALL, 0.043375904776212296
628, 7, 41, Status.SNAKE, 0.043159025252331236
629, 1, 6, Status.SNAKE, 0.04294323012606958
630, 9, 66, Status.SNAKE, 0.04272851397543923
631, 7, 38, Status.SNAKE, 0.04251487140556204
632, 2, 27, Status.WALL, 0.04230229704853423
633, 3, 32, Status.WALL, 0.04209078556329156
634, 3, 25, Status.SNAKE, 0.0418803316354751
635, 11, 81, Status.SNAKE, 0.041670929977297724
636, 13, 85, Status.SNAKE, 0.04146257532741124
637, 2, 17, Status.WALL, 0.04125526245077418
638, 6, 38, Status.SNAKE, 0.04104898613852031
639, 6, 52, Status.SNAKE, 0.04084374120782771
640, 12, 71, Status.WALL, 0.04063952250178857
641, 19, 116, Status.SNAKE, 0.04043632488927963
642, 12, 82, Status.WALL, 0.04023414326483323
643, 3, 22, Status.WALL, 0.040032972548509065
644, 3, 24, Status.SNAKE, 0.03983280768576652
645, 4, 35, Status.SNAKE, 0.03963364364733769
646, 6, 42, Status.SNAKE, 0.039435475429100995
647, 3, 16, Status.SNAKE, 0.03923829805195549
648, 3, 17, Status.WALL, 0.03904210656169572
649, 6, 28, Status.SNAKE, 0.03884689602888724
650, 14, 104, Status.WALL, 0.0386526615487428
651, 6, 53, Status.SNAKE, 0.03845939824099909
652, 5, 34, Status.SNAKE, 0.03826710124979409
653, 6, 35, Status.SNAKE, 0.038075765743545126
654, 13, 101, Status.SNAKE, 0.0378853869148274
655, 3, 18, Status.WALL, 0.03769595998025326
656, 9, 51, Status.SNAKE, 0.03750748018035199
657, 9, 74, Status.SNAKE, 0.037319942779450235
658, 2, 14, Status.WALL, 0.037133343065552986
659, 3, 30, Status.WALL, 0.03694767635022522
660, 5, 33, Status.SNAKE, 0.036762937968474095
661, 4, 30, Status.SNAKE, 0.03657912327863173
662, 2, 10, Status.SNAKE, 0.036396227662238566
663, 3, 21, Status.SNAKE, 0.03621424652392737
664, 8, 44, Status.SNAKE, 0.036033175291307735
665, 7, 49, Status.SNAKE, 0.03585300941485119
666, 3, 27, Status.SNAKE, 0.035673744367776934
667, 13, 96, Status.SNAKE, 0.03549537564593805
668, 7, 48, Status.SNAKE, 0.035317898767708356
669, 1, 18, Status.SNAKE, 0.03514130927386981
670, 4, 34, Status.WALL, 0.03496560272750046
671, 4, 33, Status.SNAKE, 0.03479077471386296
672, 1, 10, Status.WALL, 0.03461682084029365
673, 3, 21, Status.SNAKE, 0.034443736736092176
674, 5, 27, Status.SNAKE, 0.034271518052411715
675, 7, 47, Status.SNAKE, 0.034100160462149656
676, 1, 8, Status.WALL, 0.03392965965983891
677, 6, 39, Status.SNAKE, 0.033760011361539714
678, 4, 22, Status.SNAKE, 0.03359121130473201
679, 5, 27, Status.SNAKE, 0.033423255248208356
680, 1, 7, Status.WALL, 0.03325613897196732
681, 9, 56, Status.SNAKE, 0.03308985827710748
682, 11, 80, Status.WALL, 0.032924408985721944
683, 4, 48, Status.SNAKE, 0.03275978694079333
684, 5, 36, Status.SNAKE, 0.032595988006089364
685, 8, 47, Status.SNAKE, 0.032433008066058915
686, 8, 47, Status.SNAKE, 0.03227084302572862
687, 16, 109, Status.SNAKE, 0.032109488810599975
688, 10, 79, Status.WALL, 0.031948941366546975
689, 4, 18, Status.WALL, 0.03178919665971424
690, 14, 125, Status.WALL, 0.03163025067641567
691, 1, 10, Status.SNAKE, 0.03147209942303359
692, 7, 36, Status.SNAKE, 0.03131473892591842
693, 12, 71, Status.SNAKE, 0.031158165231288826
694, 5, 31, Status.SNAKE, 0.03100237440513238
695, 2, 13, Status.SNAKE, 0.030847362533106718
696, 3, 17, Status.SNAKE, 0.030693125720441184
697, 12, 106, Status.SNAKE, 0.030539660091838977
698, 3, 21, Status.WALL, 0.03038696179137978
699, 5, 42, Status.SNAKE, 0.030235026982422884
700, 4, 24, Status.SNAKE, 0.030083851847510768
701, 7, 56, Status.SNAKE, 0.029933432588273214
702, 4, 39, Status.WALL, 0.029783765425331846
703, 9, 58, Status.SNAKE, 0.029634846598205186
704, 5, 27, Status.SNAKE, 0.02948667236521416
705, 20, 130, Status.SNAKE, 0.029339239003388088
706, 9, 53, Status.WALL, 0.029192542808371146
707, 4, 32, Status.SNAKE, 0.02904658009432929
708, 10, 62, Status.SNAKE, 0.028901347193857643
709, 5, 44, Status.SNAKE, 0.028756840457888354
710, 1, 5, Status.SNAKE, 0.02861305625559891
711, 5, 31, Status.WALL, 0.028469990974320916
712, 5, 28, Status.SNAKE, 0.02832764101944931
713, 6, 51, Status.SNAKE, 0.028186002814352063
714, 4, 21, Status.SNAKE, 0.0280450728002803
715, 5, 21, Status.SNAKE, 0.0279048474362789
716, 11, 66, Status.SNAKE, 0.027765323199097504
717, 1, 6, Status.SNAKE, 0.027626496583102015
718, 2, 19, Status.SNAKE, 0.027488364100186506
719, 3, 31, Status.WALL, 0.027350922279685573
720, 5, 23, Status.SNAKE, 0.027214167668287145
721, 8, 66, Status.SNAKE, 0.02707809682994571
722, 7, 39, Status.WALL, 0.02694270634579598
723, 4, 20, Status.SNAKE, 0.026807992814067
724, 10, 84, Status.SNAKE, 0.026673952849996664
725, 8, 41, Status.SNAKE, 0.02654058308574668
726, 8, 62, Status.SNAKE, 0.026407880170317945
727, 6, 45, Status.SNAKE, 0.026275840769466357
728, 7, 51, Status.SNAKE, 0.026144461565619025
729, 3, 19, Status.SNAKE, 0.02601373925779093
730, 1, 8, Status.WALL, 0.025883670561501974
731, 6, 36, Status.WALL, 0.025754252208694463
732, 1, 9, Status.WALL, 0.02562548094765099
733, 13, 69, Status.SNAKE, 0.025497353542912736
734, 10, 85, Status.WALL, 0.02536986677519817
735, 9, 52, Status.SNAKE, 0.02524301744132218
736, 4, 29, Status.SNAKE, 0.025116802354115567
737, 7, 52, Status.SNAKE, 0.024991218342344988
738, 6, 31, Status.SNAKE, 0.024866262250633264
739, 4, 27, Status.WALL, 0.024741930939380097
740, 5, 25, Status.SNAKE, 0.024618221284683196
741, 1, 3, Status.SNAKE, 0.02449513017825978
742, 2, 22, Status.SNAKE, 0.02437265452736848
743, 7, 69, Status.WALL, 0.024250791254731636
744, 7, 46, Status.SNAKE, 0.024129537298457977
745, 9, 60, Status.SNAKE, 0.024008889611965685
746, 6, 37, Status.SNAKE, 0.023888845163905856
747, 1, 3, Status.SNAKE, 0.023769400938086327
748, 14, 118, Status.SNAKE, 0.023650553933395897
749, 8, 44, Status.WALL, 0.023532301163728918
750, 17, 97, Status.WALL, 0.023414639657910272
751, 1, 7, Status.SNAKE, 0.023297566459620722
752, 2, 17, Status.SNAKE, 0.023181078627322618
753, 12, 65, Status.WALL, 0.023065173234186005
754, 2, 18, Status.WALL, 0.022949847368015076
755, 3, 17, Status.SNAKE, 0.022835098131175
756, 3, 24, Status.SNAKE, 0.022720922640519125
757, 11, 70, Status.SNAKE, 0.02260731802731653
758, 5, 24, Status.SNAKE, 0.022494281437179946
759, 1, 5, Status.SNAKE, 0.022381810029994047
760, 7, 67, Status.SNAKE, 0.022269900979844076
761, 10, 87, Status.SNAKE, 0.022158551474944856
762, 13, 74, Status.SNAKE, 0.022047758717570132
763, 3, 21, Status.SNAKE, 0.021937519923982282
764, 3, 25, Status.SNAKE, 0.021827832324362372
765, 7, 55, Status.SNAKE, 0.02171869316274056
766, 1, 3, Status.SNAKE, 0.021610099696926857
767, 4, 31, Status.WALL, 0.021502049198442223
768, 3, 16, Status.SNAKE, 0.021394538952450012
769, 1, 10, Status.WALL, 0.02128756625768776
770, 11, 63, Status.SNAKE, 0.021181128426399323
771, 11, 57, Status.SNAKE, 0.021075222784267326
772, 11, 86, Status.SNAKE, 0.020969846670345987
773, 7, 49, Status.SNAKE, 0.020864997436994256
774, 4, 40, Status.SNAKE, 0.020760672449809284
775, 4, 28, Status.SNAKE, 0.020656869087560238
776, 4, 30, Status.WALL, 0.020553584742122436
777, 5, 38, Status.SNAKE, 0.020450816818411825
778, 5, 28, Status.WALL, 0.020348562734319765
779, 10, 76, Status.SNAKE, 0.020246819920648168
780, 3, 26, Status.SNAKE, 0.020145585821044927
781, 13, 74, Status.SNAKE, 0.020044857891939702
782, 6, 30, Status.SNAKE, 0.019944633602480003
783, 7, 43, Status.SNAKE, 0.019844910434467605
784, 4, 26, Status.SNAKE, 0.019745685882295267
785, 8, 39, Status.WALL, 0.01964695745288379
786, 4, 31, Status.SNAKE, 0.01954872266561937
787, 0, 7, Status.WALL, 0.019450979052291272
788, 5, 33, Status.WALL, 0.019353724157029815
789, 3, 23, Status.WALL, 0.019256955536244666
790, 16, 102, Status.SNAKE, 0.019160670758563442
791, 6, 41, Status.SNAKE, 0.019064867404770626
792, 5, 37, Status.WALL, 0.018969543067746772
793, 5, 33, Status.WALL, 0.018874695352408037
794, 14, 95, Status.SNAKE, 0.018780321875645996
795, 10, 74, Status.WALL, 0.018686420266267767
796, 8, 60, Status.SNAKE, 0.018592988164936427
797, 9, 56, Status.SNAKE, 0.018500023224111744
798, 10, 66, Status.SNAKE, 0.018407523107991184
799, 14, 85, Status.SNAKE, 0.01831548549245123
800, 7, 41, Status.SNAKE, 0.018223908064988973
801, 1, 7, Status.WALL, 0.018132788524664028
802, 1, 14, Status.WALL, 0.018042124582040707
803, 7, 43, Status.SNAKE, 0.017951913959130504
804, 1, 10, Status.WALL, 0.01786215438933485
805, 6, 30, Status.SNAKE, 0.017772843617388175
806, 1, 6, Status.SNAKE, 0.017683979399301233
807, 13, 79, Status.SNAKE, 0.017595559502304726
808, 2, 15, Status.SNAKE, 0.0175075817047932
809, 4, 18, Status.SNAKE, 0.017420043796269234
810, 10, 69, Status.SNAKE, 0.017332943577287888
811, 1, 8, Status.WALL, 0.01724627885940145
812, 14, 94, Status.SNAKE, 0.017160047465104442
813, 1, 3, Status.SNAKE, 0.01707424722777892
814, 12, 92, Status.SNAKE, 0.016988875991640028
815, 3, 19, Status.WALL, 0.016903931611681827
816, 2, 22, Status.WALL, 0.01681941195362342
817, 11, 83, Status.SNAKE, 0.016735314893855303
818, 7, 31, Status.WALL, 0.016651638319386028
819, 1, 5, Status.SNAKE, 0.0165683801277891
820, 4, 38, Status.WALL, 0.016485538227150154
821, 6, 40, Status.SNAKE, 0.0164031105360144
822, 7, 36, Status.WALL, 0.01632109498333433
823, 1, 4, Status.SNAKE, 0.016239489508417658
824, 9, 64, Status.WALL, 0.01615829206087557
825, 4, 32, Status.WALL, 0.01607750060057119
826, 6, 31, Status.WALL, 0.015997113097568336
827, 4, 19, Status.WALL, 0.015917127532080494
828, 5, 18, Status.SNAKE, 0.01583754189442009
829, 13, 81, Status.SNAKE, 0.01575835418494799
830, 5, 36, Status.SNAKE, 0.01567956241402325
831, 6, 49, Status.SNAKE, 0.015601164601953134
832, 9, 62, Status.SNAKE, 0.015523158778943369
833, 5, 32, Status.WALL, 0.015445542985048652
834, 8, 53, Status.SNAKE, 0.015368315270123408
835, 1, 10, Status.WALL, 0.01529147369377279
836, 1, 3, Status.SNAKE, 0.015215016325303928
837, 4, 32, Status.SNAKE, 0.015138941243677408
838, 8, 51, Status.WALL, 0.01506324653745902
839, 2, 6, Status.SNAKE, 0.014987930304771725
840, 8, 39, Status.SNAKE, 0.014912990653247866
841, 9, 56, Status.SNAKE, 0.014838425699981627
842, 6, 29, Status.SNAKE, 0.01476423357148172
843, 2, 6, Status.SNAKE, 0.014690412403624311
844, 9, 62, Status.SNAKE, 0.01461696034160619
845, 20, 116, Status.SNAKE, 0.014543875539898159
846, 15, 89, Status.SNAKE, 0.014471156162198668
847, 5, 31, Status.SNAKE, 0.014398800381387675
848, 13, 70, Status.WALL, 0.014326806379480736
849, 5, 30, Status.WALL, 0.014255172347583332
850, 7, 51, Status.SNAKE, 0.014183896485845416
851, 5, 19, Status.SNAKE, 0.014112977003416188
852, 1, 5, Status.SNAKE, 0.014042412118399107
853, 6, 46, Status.WALL, 0.013972200057807112
854, 4, 21, Status.SNAKE, 0.013902339057518077
855, 5, 34, Status.SNAKE, 0.013832827362230486
856, 2, 8, Status.WALL, 0.013763663225419333
857, 6, 31, Status.SNAKE, 0.013694844909292236
858, 3, 28, Status.SNAKE, 0.013626370684745774
859, 5, 36, Status.SNAKE, 0.013558238831322046
860, 11, 70, Status.SNAKE, 0.013490447637165436
861, 16, 125, Status.SNAKE, 0.013422995398979608
862, 3, 15, Status.SNAKE, 0.01335588042198471
863, 8, 43, Status.SNAKE, 0.013289101019874787
864, 15, 83, Status.SNAKE, 0.013222655514775413
865, 5, 34, Status.SNAKE, 0.013156542237201536
866, 4, 29, Status.WALL, 0.013090759526015528
867, 10, 96, Status.SNAKE, 0.01302530572838545
868, 1, 7, Status.SNAKE, 0.012960179199743523
869, 14, 116, Status.SNAKE, 0.012895378303744804
870, 4, 15, Status.SNAKE, 0.01283090141222608
871, 8, 47, Status.SNAKE, 0.012766746905164949
872, 12, 68, Status.SNAKE, 0.012702913170639124
873, 13, 77, Status.SNAKE, 0.012639398604785928
874, 9, 67, Status.WALL, 0.012576201611761997
875, 10, 67, Status.SNAKE, 0.012513320603703188
876, 17, 134, Status.WALL, 0.012450754000684672
877, 10, 72, Status.SNAKE, 0.012388500230681249
878, 10, 61, Status.WALL, 0.012326557729527843
879, 2, 18, Status.SNAKE, 0.012264924940880204
880, 7, 43, Status.SNAKE, 0.012203600316175803
881, 10, 71, Status.WALL, 0.012142582314594924
882, 11, 69, Status.SNAKE, 0.01208186940302195
883, 1, 7, Status.SNAKE, 0.01202146005600684
884, 8, 53, Status.SNAKE, 0.011961352755726806
885, 3, 18, Status.SNAKE, 0.01190154599194817
886, 9, 35, Status.SNAKE, 0.01184203826198843
887, 8, 53, Status.SNAKE, 0.011782828070678488
888, 3, 17, Status.SNAKE, 0.011723913930325095
889, 3, 19, Status.SNAKE, 0.01166529436067347
890, 13, 80, Status.SNAKE, 0.011606967888870102
891, 13, 84, Status.WALL, 0.01154893304942575
892, 17, 101, Status.SNAKE, 0.011491188384178622
893, 3, 25, Status.SNAKE, 0.011433732442257729
894, 1, 4, Status.SNAKE, 0.01137656378004644
895, 14, 100, Status.SNAKE, 0.011319680961146208
896, 10, 59, Status.SNAKE, 0.011263082556340478
897, 4, 34, Status.WALL, 0.011206767143558775
898, 2, 8, Status.SNAKE, 0.011150733307840981
899, 7, 49, Status.SNAKE, 0.011094979641301777
900, 9, 65, Status.SNAKE, 0.011039504743095268
901, 13, 82, Status.WALL, 0.01098430721937979
902, 11, 86, Status.SNAKE, 0.010929385683282892
903, 12, 71, Status.SNAKE, 0.010874738754866477
904, 7, 41, Status.SNAKE, 0.010820365061092144
905, 14, 94, Status.SNAKE, 0.010766263235786683
906, 4, 24, Status.SNAKE, 0.01071243191960775
907, 5, 28, Status.SNAKE, 0.010658869760009713
908, 2, 5, Status.SNAKE, 0.010605575411209664
909, 13, 89, Status.SNAKE, 0.010552547534153616
910, 2, 15, Status.WALL, 0.010499784796482848
911, 10, 57, Status.SNAKE, 0.010447285872500434
912, 5, 53, Status.SNAKE, 0.01039504944313793
913, 7, 47, Status.SNAKE, 0.010343074195922241
914, 11, 80, Status.SNAKE, 0.01029135882494263
915, 1, 5, Status.SNAKE, 0.010239902030817916
916, 16, 137, Status.SNAKE, 0.010188702520663827
917, 5, 41, Status.SNAKE, 0.010137759008060509
918, 11, 73, Status.SNAKE, 0.010087070213020206
919, 4, 22, Status.SNAKE, 0.010036634861955105
920, 5, 30, Status.SNAKE, 0.01
921, 1, 6, Status.SNAKE, 0.01
922, 9, 60, Status.SNAKE, 0.01
923, 6, 35, Status.WALL, 0.01
924, 6, 24, Status.SNAKE, 0.01
925, 6, 47, Status.SNAKE, 0.01
926, 7, 32, Status.SNAKE, 0.01
927, 9, 70, Status.SNAKE, 0.01
928, 16, 85, Status.SNAKE, 0.01
929, 8, 57, Status.SNAKE, 0.01
930, 1, 9, Status.SNAKE, 0.01
931, 3, 21, Status.SNAKE, 0.01
932, 7, 26, Status.SNAKE, 0.01
933, 9, 52, Status.WALL, 0.01
934, 17, 100, Status.SNAKE, 0.01
935, 11, 84, Status.SNAKE, 0.01
936, 1, 13, Status.WALL, 0.01
937, 1, 3, Status.SNAKE, 0.01
938, 3, 17, Status.SNAKE, 0.01
939, 8, 53, Status.SNAKE, 0.01
940, 7, 32, Status.SNAKE, 0.01
941, 10, 71, Status.SNAKE, 0.01
942, 7, 43, Status.SNAKE, 0.01
943, 7, 41, Status.SNAKE, 0.01
944, 4, 18, Status.SNAKE, 0.01
945, 11, 78, Status.SNAKE, 0.01
946, 13, 96, Status.SNAKE, 0.01
947, 9, 50, Status.SNAKE, 0.01
948, 9, 64, Status.WALL, 0.01
949, 7, 31, Status.SNAKE, 0.01
950, 17, 133, Status.WALL, 0.01
951, 5, 32, Status.SNAKE, 0.01
952, 13, 90, Status.SNAKE, 0.01
953, 11, 82, Status.SNAKE, 0.01
954, 3, 18, Status.SNAKE, 0.01
955, 6, 39, Status.SNAKE, 0.01
956, 14, 85, Status.SNAKE, 0.01
957, 13, 73, Status.SNAKE, 0.01
958, 15, 114, Status.WALL, 0.01
959, 7, 63, Status.SNAKE, 0.01
960, 12, 70, Status.SNAKE, 0.01
961, 8, 59, Status.WALL, 0.01
962, 15, 115, Status.SNAKE, 0.01
963, 6, 27, Status.WALL, 0.01
964, 4, 31, Status.WALL, 0.01
965, 12, 58, Status.SNAKE, 0.01
966, 9, 63, Status.SNAKE, 0.01
967, 9, 62, Status.SNAKE, 0.01
968, 9, 66, Status.WALL, 0.01
969, 11, 66, Status.SNAKE, 0.01
970, 1, 5, Status.SNAKE, 0.01
971, 9, 62, Status.SNAKE, 0.01
972, 15, 90, Status.SNAKE, 0.01
973, 5, 25, Status.SNAKE, 0.01
974, 10, 50, Status.SNAKE, 0.01
975, 5, 42, Status.WALL, 0.01
976, 4, 22, Status.SNAKE, 0.01
977, 11, 83, Status.WALL, 0.01
978, 9, 45, Status.SNAKE, 0.01
979, 9, 57, Status.SNAKE, 0.01
980, 8, 42, Status.SNAKE, 0.01
981, 17, 123, Status.SNAKE, 0.01
982, 9, 63, Status.SNAKE, 0.01
983, 9, 80, Status.SNAKE, 0.01
984, 1, 3, Status.SNAKE, 0.01
985, 11, 73, Status.SNAKE, 0.01
986, 14, 80, Status.SNAKE, 0.01
987, 11, 79, Status.SNAKE, 0.01
988, 9, 78, Status.WALL, 0.01
989, 6, 36, Status.SNAKE, 0.01
990, 10, 61, Status.SNAKE, 0.01
991, 9, 90, Status.SNAKE, 0.01
992, 4, 17, Status.SNAKE, 0.01
993, 11, 59, Status.SNAKE, 0.01
994, 12, 88, Status.SNAKE, 0.01
995, 3, 15, Status.SNAKE, 0.01
996, 3, 21, Status.SNAKE, 0.01
997, 11, 64, Status.SNAKE, 0.01
998, 5, 44, Status.SNAKE, 0.01
999, 5, 28, Status.SNAKE, 0.01
1000, 9, 49, Status.SNAKE, 0.01
1001, 14, 104, Status.SNAKE, 0.01
1002, 7, 38, Status.SNAKE, 0.01
1003, 1, 10, Status.WALL, 0.01
1004, 7, 35, Status.SNAKE, 0.01
1005, 1, 4, Status.SNAKE, 0.01
1006, 2, 19, Status.SNAKE, 0.01
1007, 2, 15, Status.SNAKE, 0.01
1008, 16, 128, Status.SNAKE, 0.01
1009, 8, 52, Status.SNAKE, 0.01
1010, 8, 63, Status.SNAKE, 0.01
1011, 9, 59, Status.SNAKE, 0.01
1012, 3, 24, Status.SNAKE, 0.01
1013, 14, 100, Status.SNAKE, 0.01
1014, 5, 53, Status.SNAKE, 0.01
1015, 16, 105, Status.SNAKE, 0.01
1016, 6, 53, Status.SNAKE, 0.01
1017, 12, 87, Status.SNAKE, 0.01
1018, 14, 132, Status.SNAKE, 0.01
1019, 13, 92, Status.SNAKE, 0.01
1020, 7, 40, Status.SNAKE, 0.01
1021, 7, 53, Status.WALL, 0.01
1022, 9, 63, Status.SNAKE, 0.01
1023, 4, 34, Status.SNAKE, 0.01
1024, 10, 84, Status.SNAKE, 0.01
1025, 7, 59, Status.SNAKE, 0.01
1026, 4, 30, Status.SNAKE, 0.01
1027, 1, 12, Status.WALL, 0.01
1028, 6, 36, Status.SNAKE, 0.01
1029, 1, 6, Status.SNAKE, 0.01
1030, 8, 53, Status.SNAKE, 0.01
1031, 8, 65, Status.WALL, 0.01
1032, 7, 35, Status.SNAKE, 0.01
1033, 2, 7, Status.WALL, 0.01
1034, 10, 48, Status.SNAKE, 0.01
1035, 14, 108, Status.SNAKE, 0.01
1036, 5, 22, Status.WALL, 0.01
1037, 1, 6, Status.SNAKE, 0.01
1038, 6, 55, Status.SNAKE, 0.01
1039, 7, 40, Status.SNAKE, 0.01
1040, 3, 24, Status.SNAKE, 0.01
1041, 8, 58, Status.SNAKE, 0.01
1042, 8, 44, Status.SNAKE, 0.01
1043, 12, 82, Status.WALL, 0.01
1044, 6, 46, Status.SNAKE, 0.01
1045, 10, 58, Status.SNAKE, 0.01
1046, 6, 53, Status.SNAKE, 0.01
1047, 9, 66, Status.SNAKE, 0.01
1048, 10, 54, Status.WALL, 0.01
1049, 12, 79, Status.SNAKE, 0.01
1050, 8, 54, Status.SNAKE, 0.01
1051, 15, 134, Status.SNAKE, 0.01
1052, 5, 21, Status.SNAKE, 0.01
1053, 5, 24, Status.SNAKE, 0.01
1054, 12, 83, Status.SNAKE, 0.01
1055, 8, 55, Status.SNAKE, 0.01
1056, 5, 48, Status.SNAKE, 0.01
1057, 13, 94, Status.SNAKE, 0.01
1058, 9, 44, Status.SNAKE, 0.01
1059, 10, 71, Status.WALL, 0.01
1060, 11, 72, Status.WALL, 0.01
1061, 6, 47, Status.SNAKE, 0.01
1062, 6, 28, Status.SNAKE, 0.01
1063, 10, 75, Status.SNAKE, 0.01
1064, 6, 39, Status.WALL, 0.01
1065, 21, 139, Status.SNAKE, 0.01
1066, 12, 90, Status.SNAKE, 0.01
1067, 7, 57, Status.SNAKE, 0.01
1068, 3, 11, Status.SNAKE, 0.01
1069, 7, 59, Status.SNAKE, 0.01
1070, 8, 55, Status.SNAKE, 0.01
1071, 11, 54, Status.SNAKE, 0.01
1072, 16, 103, Status.SNAKE, 0.01
1073, 1, 3, Status.SNAKE, 0.01
1074, 4, 36, Status.SNAKE, 0.01
1075, 7, 39, Status.SNAKE, 0.01
1076, 10, 64, Status.SNAKE, 0.01
1077, 2, 12, Status.WALL, 0.01
1078, 10, 67, Status.WALL, 0.01
1079, 15, 106, Status.WALL, 0.01
1080, 3, 19, Status.SNAKE, 0.01
1081, 16, 112, Status.SNAKE, 0.01
1082, 9, 70, Status.SNAKE, 0.01
1083, 11, 70, Status.SNAKE, 0.01
1084, 3, 26, Status.SNAKE, 0.01
1085, 4, 28, Status.SNAKE, 0.01
1086, 12, 43, Status.SNAKE, 0.01
1087, 10, 56, Status.SNAKE, 0.01
1088, 8, 59, Status.SNAKE, 0.01
1089, 12, 78, Status.SNAKE, 0.01
1090, 10, 69, Status.SNAKE, 0.01
1091, 16, 134, Status.SNAKE, 0.01
1092, 15, 104, Status.SNAKE, 0.01
1093, 6, 32, Status.WALL, 0.01
1094, 11, 72, Status.SNAKE, 0.01
1095, 4, 28, Status.WALL, 0.01
1096, 13, 89, Status.SNAKE, 0.01
1097, 14, 123, Status.SNAKE, 0.01
1098, 8, 39, Status.SNAKE, 0.01
1099, 1, 3, Status.SNAKE, 0.01
1100, 10, 76, Status.SNAKE, 0.01
1101, 5, 27, Status.WALL, 0.01
1102, 5, 33, Status.SNAKE, 0.01
1103, 8, 41, Status.SNAKE, 0.01
1104, 16, 89, Status.SNAKE, 0.01
1105, 9, 40, Status.SNAKE, 0.01
1106, 9, 57, Status.WALL, 0.01
1107, 12, 84, Status.SNAKE, 0.01
1108, 2, 18, Status.WALL, 0.01
1109, 7, 56, Status.WALL, 0.01
1110, 6, 39, Status.SNAKE, 0.01
1111, 12, 75, Status.SNAKE, 0.01
1112, 12, 99, Status.SNAKE, 0.01
1113, 1, 10, Status.SNAKE, 0.01
1114, 8, 54, Status.SNAKE, 0.01
1115, 14, 90, Status.SNAKE, 0.01
1116, 2, 10, Status.WALL, 0.01
1117, 2, 12, Status.SNAKE, 0.01
1118, 6, 35, Status.SNAKE, 0.01
1119, 5, 55, Status.SNAKE, 0.01
1120, 8, 53, Status.SNAKE, 0.01
1121, 10, 84, Status.WALL, 0.01
1122, 0, 8, Status.WALL, 0.01
1123, 7, 42, Status.WALL, 0.01
1124, 4, 31, Status.SNAKE, 0.01
1125, 5, 30, Status.WALL, 0.01
1126, 10, 68, Status.SNAKE, 0.01
1127, 9, 72, Status.WALL, 0.01
1128, 3, 32, Status.WALL, 0.01
1129, 10, 89, Status.SNAKE, 0.01
1130, 6, 53, Status.SNAKE, 0.01
1131, 7, 37, Status.SNAKE, 0.01
1132, 10, 103, Status.SNAKE, 0.01
1133, 6, 43, Status.WALL, 0.01
1134, 4, 29, Status.WALL, 0.01
1135, 11, 85, Status.SNAKE, 0.01
1136, 2, 25, Status.WALL, 0.01
1137, 4, 17, Status.SNAKE, 0.01
1138, 12, 101, Status.SNAKE, 0.01
1139, 4, 27, Status.WALL, 0.01
1140, 8, 63, Status.SNAKE, 0.01
1141, 3, 19, Status.WALL, 0.01
1142, 6, 64, Status.WALL, 0.01
1143, 5, 41, Status.SNAKE, 0.01
1144, 5, 43, Status.SNAKE, 0.01
1145, 11, 86, Status.WALL, 0.01
1146, 10, 52, Status.SNAKE, 0.01
1147, 2, 17, Status.SNAKE, 0.01
1148, 4, 27, Status.WALL, 0.01
1149, 3, 14, Status.SNAKE, 0.01
1150, 1, 3, Status.SNAKE, 0.01
1151, 6, 43, Status.SNAKE, 0.01
1152, 3, 22, Status.SNAKE, 0.01
1153, 4, 47, Status.WALL, 0.01
1154, 3, 17, Status.SNAKE, 0.01
1155, 9, 50, Status.WALL, 0.01
1156, 11, 53, Status.SNAKE, 0.01
1157, 6, 43, Status.SNAKE, 0.01
1158, 7, 48, Status.SNAKE, 0.01
1159, 6, 55, Status.SNAKE, 0.01
1160, 1, 6, Status.WALL, 0.01
1161, 6, 48, Status.SNAKE, 0.01
1162, 11, 101, Status.SNAKE, 0.01
1163, 1, 10, Status.WALL, 0.01
1164, 5, 46, Status.WALL, 0.01
1165, 6, 38, Status.SNAKE, 0.01
1166, 11, 85, Status.SNAKE, 0.01
1167, 13, 113, Status.SNAKE, 0.01
1168, 13, 88, Status.SNAKE, 0.01
1169, 5, 31, Status.SNAKE, 0.01
1170, 12, 90, Status.SNAKE, 0.01
1171, 15, 107, Status.SNAKE, 0.01
1172, 5, 19, Status.SNAKE, 0.01
1173, 3, 29, Status.SNAKE, 0.01
1174, 5, 43, Status.SNAKE, 0.01
1175, 6, 53, Status.SNAKE, 0.01
1176, 2, 15, Status.SNAKE, 0.01
1177, 7, 43, Status.SNAKE, 0.01
1178, 7, 53, Status.SNAKE, 0.01
1179, 7, 49, Status.SNAKE, 0.01
1180, 8, 59, Status.SNAKE, 0.01
1181, 1, 10, Status.WALL, 0.01
1182, 9, 70, Status.SNAKE, 0.01
1183, 10, 83, Status.SNAKE, 0.01
1184, 6, 43, Status.SNAKE, 0.01
1185, 2, 27, Status.WALL, 0.01
1186, 0, 8, Status.WALL, 0.01
1187, 12, 71, Status.SNAKE, 0.01
1188, 9, 69, Status.SNAKE, 0.01
1189, 6, 52, Status.SNAKE, 0.01
1190, 5, 32, Status.SNAKE, 0.01
1191, 6, 40, Status.SNAKE, 0.01
1192, 8, 55, Status.SNAKE, 0.01
1193, 11, 62, Status.SNAKE, 0.01
1194, 2, 14, Status.SNAKE, 0.01
1195, 4, 20, Status.SNAKE, 0.01
1196, 11, 56, Status.SNAKE, 0.01
1197, 7, 63, Status.SNAKE, 0.01
1198, 6, 41, Status.SNAKE, 0.01
1199, 3, 31, Status.WALL, 0.01
1200, 7, 49, Status.WALL, 0.01
1201, 11, 66, Status.SNAKE, 0.01
1202, 3, 18, Status.SNAKE, 0.01
1203, 13, 86, Status.SNAKE, 0.01
1204, 7, 55, Status.SNAKE, 0.01
1205, 12, 80, Status.SNAKE, 0.01
1206, 5, 26, Status.SNAKE, 0.01
1207, 3, 11, Status.SNAKE, 0.01
1208, 12, 73, Status.SNAKE, 0.01
1209, 8, 45, Status.SNAKE, 0.01
1210, 7, 58, Status.WALL, 0.01
1211, 23, 144, Status.SNAKE, 0.01
1212, 2, 13, Status.SNAKE, 0.01
1213, 6, 37, Status.SNAKE, 0.01
1214, 6, 62, Status.SNAKE, 0.01
1215, 8, 63, Status.SNAKE, 0.01
1216, 6, 32, Status.SNAKE, 0.01
1217, 5, 33, Status.SNAKE, 0.01
1218, 8, 65, Status.SNAKE, 0.01
1219, 7, 40, Status.SNAKE, 0.01
1220, 8, 64, Status.SNAKE, 0.01
1221, 8, 41, Status.SNAKE, 0.01
1222, 12, 73, Status.WALL, 0.01
1223, 6, 42, Status.WALL, 0.01
1224, 7, 41, Status.SNAKE, 0.01
1225, 12, 69, Status.SNAKE, 0.01
1226, 7, 39, Status.SNAKE, 0.01
1227, 5, 27, Status.SNAKE, 0.01
1228, 10, 71, Status.SNAKE, 0.01
1229, 1, 6, Status.WALL, 0.01
1230, 9, 56, Status.SNAKE, 0.01
1231, 5, 37, Status.SNAKE, 0.01
1232, 10, 89, Status.WALL, 0.01
1233, 13, 93, Status.WALL, 0.01
1234, 7, 64, Status.WALL, 0.01
1235, 3, 17, Status.WALL, 0.01
1236, 7, 41, Status.SNAKE, 0.01
1237, 1, 7, Status.WALL, 0.01
1238, 7, 52, Status.SNAKE, 0.01
1239, 10, 69, Status.SNAKE, 0.01
1240, 17, 121, Status.SNAKE, 0.01
1241, 1, 3, Status.SNAKE, 0.01
1242, 8, 57, Status.SNAKE, 0.01
1243, 5, 29, Status.SNAKE, 0.01
1244, 2, 10, Status.SNAKE, 0.01
1245, 3, 12, Status.WALL, 0.01
1246, 6, 51, Status.SNAKE, 0.01
1247, 1, 3, Status.SNAKE, 0.01
1248, 15, 119, Status.SNAKE, 0.01
1249, 13, 109, Status.SNAKE, 0.01
1250, 7, 39, Status.SNAKE, 0.01
1251, 10, 62, Status.SNAKE, 0.01
1252, 14, 74, Status.WALL, 0.01
1253, 12, 95, Status.SNAKE, 0.01
1254, 6, 45, Status.SNAKE, 0.01
1255, 15, 74, Status.SNAKE, 0.01
1256, 4, 27, Status.WALL, 0.01
1257, 10, 66, Status.SNAKE, 0.01
1258, 2, 16, Status.SNAKE, 0.01
1259, 17, 102, Status.SNAKE, 0.01
1260, 8, 41, Status.SNAKE, 0.01
1261, 5, 43, Status.SNAKE, 0.01
1262, 6, 43, Status.SNAKE, 0.01
1263, 4, 30, Status.SNAKE, 0.01
1264, 13, 93, Status.SNAKE, 0.01
1265, 4, 33, Status.WALL, 0.01
1266, 7, 55, Status.WALL, 0.01
1267, 8, 58, Status.SNAKE, 0.01
1268, 8, 47, Status.SNAKE, 0.01
1269, 7, 49, Status.SNAKE, 0.01
1270, 5, 48, Status.WALL, 0.01
1271, 4, 30, Status.SNAKE, 0.01
1272, 5, 63, Status.SNAKE, 0.01
1273, 9, 54, Status.SNAKE, 0.01
1274, 4, 20, Status.WALL, 0.01
1275, 8, 59, Status.SNAKE, 0.01
1276, 3, 28, Status.WALL, 0.01
1277, 6, 43, Status.SNAKE, 0.01
1278, 12, 90, Status.SNAKE, 0.01
1279, 1, 6, Status.SNAKE, 0.01
1280, 10, 80, Status.WALL, 0.01
1281, 6, 40, Status.WALL, 0.01
1282, 3, 33, Status.SNAKE, 0.01
1283, 8, 62, Status.SNAKE, 0.01
1284, 4, 21, Status.SNAKE, 0.01
1285, 8, 39, Status.SNAKE, 0.01
1286, 2, 12, Status.WALL, 0.01
1287, 11, 83, Status.SNAKE, 0.01
1288, 13, 95, Status.SNAKE, 0.01
1289, 7, 52, Status.SNAKE, 0.01
1290, 19, 131, Status.WALL, 0.01
1291, 10, 72, Status.SNAKE, 0.01
1292, 6, 39, Status.WALL, 0.01
1293, 6, 54, Status.WALL, 0.01
1294, 4, 25, Status.WALL, 0.01
1295, 5, 31, Status.SNAKE, 0.01
1296, 1, 13, Status.WALL, 0.01
1297, 3, 16, Status.SNAKE, 0.01
1298, 13, 78, Status.SNAKE, 0.01
1299, 12, 62, Status.SNAKE, 0.01
1300, 1, 6, Status.SNAKE, 0.01
1301, 17, 134, Status.SNAKE, 0.01
1302, 11, 73, Status.SNAKE, 0.01
1303, 7, 43, Status.SNAKE, 0.01
1304, 11, 86, Status.SNAKE, 0.01
1305, 3, 19, Status.SNAKE, 0.01
1306, 14, 99, Status.SNAKE, 0.01
1307, 8, 54, Status.SNAKE, 0.01
1308, 7, 36, Status.SNAKE, 0.01
1309, 15, 121, Status.SNAKE, 0.01
1310, 1, 11, Status.WALL, 0.01
1311, 4, 35, Status.SNAKE, 0.01
1312, 8, 57, Status.SNAKE, 0.01
1313, 18, 113, Status.SNAKE, 0.01
1314, 12, 90, Status.WALL, 0.01
1315, 14, 75, Status.SNAKE, 0.01
1316, 8, 53, Status.SNAKE, 0.01
1317, 11, 82, Status.WALL, 0.01
1318, 9, 59, Status.SNAKE, 0.01
1319, 6, 44, Status.SNAKE, 0.01
1320, 1, 12, Status.WALL, 0.01
1321, 5, 37, Status.SNAKE, 0.01
1322, 2, 19, Status.SNAKE, 0.01
1323, 7, 42, Status.SNAKE, 0.01
1324, 15, 120, Status.SNAKE, 0.01
1325, 9, 81, Status.SNAKE, 0.01
1326, 14, 126, Status.SNAKE, 0.01
1327, 6, 47, Status.SNAKE, 0.01
1328, 12, 71, Status.SNAKE, 0.01
1329, 11, 88, Status.SNAKE, 0.01
1330, 7, 47, Status.WALL, 0.01
1331, 3, 21, Status.SNAKE, 0.01
1332, 16, 128, Status.SNAKE, 0.01
1333, 6, 38, Status.SNAKE, 0.01
1334, 2, 17, Status.WALL, 0.01
1335, 8, 34, Status.WALL, 0.01
1336, 10, 83, Status.WALL, 0.01
1337, 12, 67, Status.SNAKE, 0.01
1338, 11, 69, Status.SNAKE, 0.01
1339, 11, 62, Status.SNAKE, 0.01
1340, 9, 66, Status.SNAKE, 0.01
1341, 7, 47, Status.SNAKE, 0.01
1342, 19, 128, Status.SNAKE, 0.01
1343, 4, 25, Status.SNAKE, 0.01
1344, 11, 57, Status.SNAKE, 0.01
1345, 3, 41, Status.SNAKE, 0.01
1346, 8, 62, Status.SNAKE, 0.01
1347, 6, 53, Status.SNAKE, 0.01
1348, 14, 127, Status.WALL, 0.01
1349, 10, 70, Status.SNAKE, 0.01
1350, 4, 21, Status.SNAKE, 0.01
1351, 6, 58, Status.WALL, 0.01
1352, 6, 48, Status.SNAKE, 0.01
1353, 7, 54, Status.SNAKE, 0.01
1354, 11, 62, Status.WALL, 0.01
1355, 17, 112, Status.SNAKE, 0.01
1356, 14, 96, Status.SNAKE, 0.01
1357, 9, 57, Status.SNAKE, 0.01
1358, 11, 76, Status.SNAKE, 0.01
1359, 5, 43, Status.SNAKE, 0.01
1360, 17, 115, Status.SNAKE, 0.01
1361, 12, 98, Status.SNAKE, 0.01
1362, 10, 78, Status.SNAKE, 0.01
1363, 7, 44, Status.SNAKE, 0.01
1364, 12, 69, Status.SNAKE, 0.01
1365, 11, 79, Status.SNAKE, 0.01
1366, 1, 7, Status.WALL, 0.01
1367, 4, 20, Status.SNAKE, 0.01
1368, 7, 82, Status.SNAKE, 0.01
1369, 10, 90, Status.SNAKE, 0.01
1370, 12, 82, Status.SNAKE, 0.01
1371, 6, 43, Status.SNAKE, 0.01
1372, 6, 35, Status.WALL, 0.01
1373, 18, 161, Status.SNAKE, 0.01
1374, 1, 13, Status.WALL, 0.01
1375, 7, 49, Status.SNAKE, 0.01
1376, 2, 22, Status.SNAKE, 0.01
1377, 5, 36, Status.SNAKE, 0.01
1378, 2, 11, Status.SNAKE, 0.01
1379, 10, 76, Status.SNAKE, 0.01
1380, 10, 81, Status.SNAKE, 0.01
1381, 9, 75, Status.SNAKE, 0.01
1382, 4, 21, Status.WALL, 0.01
1383, 6, 49, Status.SNAKE, 0.01
1384, 4, 19, Status.SNAKE, 0.01
1385, 16, 133, Status.SNAKE, 0.01
1386, 12, 90, Status.WALL, 0.01
1387, 6, 40, Status.WALL, 0.01
1388, 11, 73, Status.SNAKE, 0.01
1389, 10, 60, Status.SNAKE, 0.01
1390, 6, 39, Status.SNAKE, 0.01
1391, 8, 64, Status.SNAKE, 0.01
1392, 5, 28, Status.SNAKE, 0.01
1393, 10, 78, Status.SNAKE, 0.01
1394, 10, 83, Status.SNAKE, 0.01
1395, 9, 81, Status.SNAKE, 0.01
1396, 16, 156, Status.SNAKE, 0.01
1397, 2, 8, Status.WALL, 0.01
1398, 2, 28, Status.WALL, 0.01
1399, 2, 21, Status.WALL, 0.01
1400, 8, 50, Status.WALL, 0.01
1401, 11, 79, Status.WALL, 0.01
1402, 0, 7, Status.WALL, 0.01
1403, 0, 8, Status.WALL, 0.01
1404, 4, 18, Status.SNAKE, 0.01
1405, 10, 88, Status.SNAKE, 0.01
1406, 9, 62, Status.SNAKE, 0.01
1407, 3, 13, Status.SNAKE, 0.01
1408, 2, 7, Status.SNAKE, 0.01
1409, 5, 24, Status.SNAKE, 0.01
1410, 8, 41, Status.WALL, 0.01
1411, 4, 24, Status.SNAKE, 0.01
1412, 15, 100, Status.SNAKE, 0.01
1413, 8, 73, Status.SNAKE, 0.01
1414, 8, 47, Status.SNAKE, 0.01
1415, 5, 39, Status.SNAKE, 0.01
1416, 8, 48, Status.WALL, 0.01
1417, 6, 29, Status.SNAKE, 0.01
1418, 11, 73, Status.SNAKE, 0.01
1419, 11, 85, Status.SNAKE, 0.01
1420, 12, 79, Status.SNAKE, 0.01
1421, 12, 88, Status.SNAKE, 0.01
1422, 8, 48, Status.SNAKE, 0.01
1423, 9, 59, Status.SNAKE, 0.01
1424, 7, 55, Status.SNAKE, 0.01
1425, 6, 41, Status.SNAKE, 0.01
1426, 4, 18, Status.SNAKE, 0.01
1427, 7, 50, Status.SNAKE, 0.01
1428, 8, 58, Status.SNAKE, 0.01
1429, 8, 44, Status.WALL, 0.01
1430, 21, 140, Status.SNAKE, 0.01
1431, 4, 32, Status.SNAKE, 0.01
1432, 8, 58, Status.SNAKE, 0.01
1433, 3, 22, Status.SNAKE, 0.01
1434, 2, 17, Status.SNAKE, 0.01
1435, 9, 49, Status.SNAKE, 0.01
1436, 5, 43, Status.WALL, 0.01
1437, 3, 12, Status.SNAKE, 0.01
1438, 11, 85, Status.SNAKE, 0.01
1439, 23, 120, Status.SNAKE, 0.01
1440, 4, 29, Status.WALL, 0.01
1441, 4, 37, Status.WALL, 0.01
1442, 13, 103, Status.SNAKE, 0.01
1443, 14, 76, Status.SNAKE, 0.01
1444, 5, 29, Status.SNAKE, 0.01
1445, 10, 83, Status.SNAKE, 0.01
1446, 7, 58, Status.SNAKE, 0.01
1447, 7, 60, Status.SNAKE, 0.01
1448, 3, 23, Status.SNAKE, 0.01
1449, 1, 8, Status.SNAKE, 0.01
1450, 3, 32, Status.WALL, 0.01
1451, 11, 81, Status.SNAKE, 0.01
1452, 10, 93, Status.SNAKE, 0.01
1453, 17, 101, Status.SNAKE, 0.01
1454, 7, 45, Status.SNAKE, 0.01
1455, 9, 66, Status.SNAKE, 0.01
1456, 7, 50, Status.SNAKE, 0.01
1457, 13, 75, Status.WALL, 0.01
1458, 13, 77, Status.SNAKE, 0.01
1459, 3, 26, Status.SNAKE, 0.01
1460, 13, 101, Status.WALL, 0.01
1461, 3, 30, Status.SNAKE, 0.01
1462, 9, 60, Status.SNAKE, 0.01
1463, 8, 51, Status.SNAKE, 0.01
1464, 11, 60, Status.SNAKE, 0.01
1465, 14, 103, Status.SNAKE, 0.01
1466, 11, 65, Status.SNAKE, 0.01
1467, 10, 72, Status.SNAKE, 0.01
1468, 11, 88, Status.SNAKE, 0.01
1469, 1, 5, Status.SNAKE, 0.01
1470, 21, 127, Status.SNAKE, 0.01
1471, 11, 80, Status.SNAKE, 0.01
1472, 3, 22, Status.SNAKE, 0.01
1473, 10, 79, Status.SNAKE, 0.01
1474, 5, 29, Status.SNAKE, 0.01
1475, 8, 73, Status.SNAKE, 0.01
1476, 1, 5, Status.SNAKE, 0.01
1477, 9, 36, Status.SNAKE, 0.01
1478, 11, 75, Status.SNAKE, 0.01
1479, 2, 21, Status.SNAKE, 0.01
1480, 8, 59, Status.SNAKE, 0.01
1481, 5, 31, Status.SNAKE, 0.01
1482, 16, 105, Status.SNAKE, 0.01
1483, 8, 55, Status.SNAKE, 0.01
1484, 8, 41, Status.SNAKE, 0.01
1485, 9, 65, Status.SNAKE, 0.01
1486, 15, 112, Status.SNAKE, 0.01
1487, 8, 62, Status.SNAKE, 0.01
1488, 1, 5, Status.SNAKE, 0.01
1489, 6, 59, Status.SNAKE, 0.01
1490, 3, 25, Status.SNAKE, 0.01
1491, 3, 23, Status.SNAKE, 0.01
1492, 4, 13, Status.WALL, 0.01
1493, 6, 41, Status.WALL, 0.01
1494, 11, 64, Status.SNAKE, 0.01
1495, 2, 9, Status.SNAKE, 0.01
1496, 4, 22, Status.SNAKE, 0.01
1497, 8, 50, Status.SNAKE, 0.01
1498, 11, 78, Status.SNAKE, 0.01
1499, 5, 41, Status.WALL, 0.01
1500, 13, 92, Status.SNAKE, 0.01
1501, 4, 29, Status.SNAKE, 0.01
1502, 21, 162, Status.SNAKE, 0.01
1503, 6, 65, Status.SNAKE, 0.01
1504, 8, 47, Status.SNAKE, 0.01
1505, 5, 28, Status.SNAKE, 0.01
1506, 19, 136, Status.SNAKE, 0.01
1507, 10, 58, Status.SNAKE, 0.01
1508, 10, 59, Status.SNAKE, 0.01
1509, 7, 38, Status.SNAKE, 0.01
1510, 2, 10, Status.SNAKE, 0.01
1511, 8, 57, Status.SNAKE, 0.01
1512, 5, 31, Status.WALL, 0.01
1513, 22, 133, Status.SNAKE, 0.01
1514, 1, 9, Status.WALL, 0.01
1515, 2, 18, Status.SNAKE, 0.01
1516, 9, 48, Status.SNAKE, 0.01
1517, 11, 89, Status.SNAKE, 0.01
1518, 3, 43, Status.WALL, 0.01
1519, 6, 55, Status.SNAKE, 0.01
1520, 7, 57, Status.SNAKE, 0.01
1521, 1, 5, Status.SNAKE, 0.01
1522, 6, 54, Status.SNAKE, 0.01
1523, 13, 73, Status.SNAKE, 0.01
1524, 9, 64, Status.SNAKE, 0.01
1525, 7, 34, Status.SNAKE, 0.01
1526, 15, 116, Status.SNAKE, 0.01
1527, 3, 15, Status.SNAKE, 0.01
1528, 7, 37, Status.SNAKE, 0.01
1529, 12, 98, Status.SNAKE, 0.01
1530, 9, 86, Status.SNAKE, 0.01
1531, 16, 103, Status.SNAKE, 0.01
1532, 9, 64, Status.SNAKE, 0.01
1533, 8, 40, Status.WALL, 0.01
1534, 4, 22, Status.SNAKE, 0.01
1535, 8, 59, Status.SNAKE, 0.01
1536, 10, 71, Status.SNAKE, 0.01
1537, 11, 85, Status.SNAKE, 0.01
1538, 10, 62, Status.SNAKE, 0.01
1539, 5, 54, Status.WALL, 0.01
1540, 9, 50, Status.SNAKE, 0.01
1541, 6, 51, Status.SNAKE, 0.01
1542, 7, 35, Status.SNAKE, 0.01
1543, 4, 28, Status.SNAKE, 0.01
1544, 9, 57, Status.SNAKE, 0.01
1545, 7, 44, Status.SNAKE, 0.01
1546, 8, 58, Status.SNAKE, 0.01
1547, 8, 53, Status.WALL, 0.01
1548, 9, 60, Status.WALL, 0.01
1549, 2, 19, Status.SNAKE, 0.01
1550, 1, 6, Status.SNAKE, 0.01
1551, 3, 24, Status.SNAKE, 0.01
1552, 4, 28, Status.SNAKE, 0.01
1553, 6, 57, Status.WALL, 0.01
1554, 10, 69, Status.SNAKE, 0.01
1555, 8, 55, Status.SNAKE, 0.01
1556, 11, 77, Status.SNAKE, 0.01
1557, 9, 43, Status.SNAKE, 0.01
1558, 15, 115, Status.SNAKE, 0.01
1559, 9, 73, Status.SNAKE, 0.01
1560, 13, 108, Status.SNAKE, 0.01
1561, 11, 86, Status.SNAKE, 0.01
1562, 6, 33, Status.WALL, 0.01
1563, 2, 12, Status.WALL, 0.01
1564, 8, 54, Status.SNAKE, 0.01
1565, 14, 81, Status.WALL, 0.01
1566, 5, 32, Status.SNAKE, 0.01
1567, 9, 47, Status.SNAKE, 0.01
1568, 7, 67, Status.SNAKE, 0.01
1569, 9, 67, Status.SNAKE, 0.01
1570, 10, 85, Status.WALL, 0.01
1571, 3, 17, Status.SNAKE, 0.01
1572, 6, 37, Status.SNAKE, 0.01
1573, 15, 128, Status.SNAKE, 0.01
1574, 22, 147, Status.SNAKE, 0.01
1575, 7, 42, Status.SNAKE, 0.01
1576, 5, 25, Status.SNAKE, 0.01
1577, 6, 35, Status.WALL, 0.01
1578, 13, 85, Status.SNAKE, 0.01
1579, 12, 73, Status.SNAKE, 0.01
1580, 6, 56, Status.SNAKE, 0.01
1581, 8, 60, Status.SNAKE, 0.01
1582, 2, 14, Status.WALL, 0.01
1583, 15, 109, Status.SNAKE, 0.01
1584, 5, 25, Status.SNAKE, 0.01
1585, 10, 75, Status.SNAKE, 0.01
1586, 10, 71, Status.SNAKE, 0.01
1587, 10, 85, Status.SNAKE, 0.01
1588, 4, 17, Status.WALL, 0.01
1589, 14, 97, Status.WALL, 0.01
1590, 14, 84, Status.SNAKE, 0.01
1591, 20, 149, Status.SNAKE, 0.01
1592, 4, 28, Status.SNAKE, 0.01
1593, 21, 146, Status.SNAKE, 0.01
1594, 12, 81, Status.SNAKE, 0.01
1595, 9, 76, Status.SNAKE, 0.01
1596, 14, 106, Status.SNAKE, 0.01
1597, 13, 84, Status.SNAKE, 0.01
1598, 10, 62, Status.SNAKE, 0.01
1599, 4, 24, Status.WALL, 0.01
1600, 5, 31, Status.SNAKE, 0.01
1601, 10, 54, Status.SNAKE, 0.01
1602, 7, 50, Status.SNAKE, 0.01
1603, 4, 34, Status.SNAKE, 0.01
1604, 2, 10, Status.WALL, 0.01
1605, 1, 5, Status.SNAKE, 0.01
1606, 1, 9, Status.WALL, 0.01
1607, 2, 15, Status.WALL, 0.01
1608, 6, 43, Status.SNAKE, 0.01
1609, 1, 5, Status.SNAKE, 0.01
1610, 2, 25, Status.SNAKE, 0.01
1611, 7, 62, Status.SNAKE, 0.01
1612, 6, 39, Status.WALL, 0.01
1613, 2, 22, Status.SNAKE, 0.01
1614, 6, 38, Status.SNAKE, 0.01
1615, 2, 13, Status.SNAKE, 0.01
1616, 1, 8, Status.SNAKE, 0.01
1617, 1, 17, Status.WALL, 0.01
1618, 14, 79, Status.SNAKE, 0.01
1619, 9, 66, Status.SNAKE, 0.01
1620, 2, 10, Status.WALL, 0.01
1621, 9, 67, Status.WALL, 0.01
1622, 14, 100, Status.SNAKE, 0.01
1623, 14, 109, Status.SNAKE, 0.01
1624, 10, 87, Status.SNAKE, 0.01
1625, 6, 33, Status.SNAKE, 0.01
1626, 11, 65, Status.WALL, 0.01
1627, 11, 81, Status.SNAKE, 0.01
1628, 1, 3, Status.SNAKE, 0.01
1629, 15, 100, Status.SNAKE, 0.01
1630, 2, 13, Status.SNAKE, 0.01
1631, 9, 79, Status.SNAKE, 0.01
1632, 1, 6, Status.SNAKE, 0.01
1633, 9, 57, Status.SNAKE, 0.01
1634, 6, 41, Status.SNAKE, 0.01
1635, 2, 12, Status.SNAKE, 0.01
1636, 8, 56, Status.SNAKE, 0.01
1637, 3, 14, Status.SNAKE, 0.01
1638, 1, 3, Status.SNAKE, 0.01
1639, 11, 52, Status.SNAKE, 0.01
1640, 14, 109, Status.WALL, 0.01
1641, 1, 7, Status.SNAKE, 0.01
1642, 11, 81, Status.SNAKE, 0.01
1643, 7, 36, Status.WALL, 0.01
1644, 7, 50, Status.SNAKE, 0.01
1645, 9, 56, Status.SNAKE, 0.01
1646, 17, 121, Status.SNAKE, 0.01
1647, 3, 20, Status.SNAKE, 0.01
1648, 2, 20, Status.WALL, 0.01
1649, 11, 77, Status.SNAKE, 0.01
1650, 15, 102, Status.SNAKE, 0.01
1651, 1, 5, Status.SNAKE, 0.01
1652, 11, 75, Status.SNAKE, 0.01
1653, 9, 68, Status.WALL, 0.01
1654, 9, 61, Status.SNAKE, 0.01
1655, 12, 70, Status.SNAKE, 0.01
1656, 7, 58, Status.SNAKE, 0.01
1657, 8, 56, Status.SNAKE, 0.01
1658, 8, 67, Status.SNAKE, 0.01
1659, 9, 49, Status.SNAKE, 0.01
1660, 12, 100, Status.SNAKE, 0.01
1661, 12, 88, Status.SNAKE, 0.01
1662, 3, 20, Status.WALL, 0.01
1663, 10, 62, Status.WALL, 0.01
1664, 7, 57, Status.SNAKE, 0.01
1665, 6, 41, Status.SNAKE, 0.01
1666, 3, 13, Status.SNAKE, 0.01
1667, 5, 39, Status.SNAKE, 0.01
1668, 3, 23, Status.WALL, 0.01
1669, 9, 61, Status.SNAKE, 0.01
1670, 5, 45, Status.SNAKE, 0.01
1671, 8, 50, Status.SNAKE, 0.01
1672, 6, 41, Status.SNAKE, 0.01
1673, 9, 58, Status.SNAKE, 0.01
1674, 11, 81, Status.SNAKE, 0.01
1675, 16, 114, Status.SNAKE, 0.01
1676, 4, 31, Status.SNAKE, 0.01
1677, 7, 51, Status.SNAKE, 0.01
1678, 10, 98, Status.SNAKE, 0.01
1679, 10, 83, Status.SNAKE, 0.01
1680, 12, 98, Status.SNAKE, 0.01
1681, 3, 18, Status.SNAKE, 0.01
1682, 4, 24, Status.SNAKE, 0.01
1683, 10, 89, Status.WALL, 0.01
1684, 4, 35, Status.SNAKE, 0.01
1685, 5, 41, Status.WALL, 0.01
1686, 8, 71, Status.SNAKE, 0.01
1687, 3, 20, Status.SNAKE, 0.01
1688, 2, 10, Status.SNAKE, 0.01
1689, 3, 27, Status.SNAKE, 0.01
1690, 24, 156, Status.SNAKE, 0.01
1691, 9, 70, Status.SNAKE, 0.01
1692, 15, 95, Status.SNAKE, 0.01
1693, 16, 124, Status.SNAKE, 0.01
1694, 10, 67, Status.SNAKE, 0.01
1695, 12, 85, Status.SNAKE, 0.01
1696, 1, 3, Status.SNAKE, 0.01
1697, 3, 15, Status.SNAKE, 0.01
1698, 3, 31, Status.SNAKE, 0.01
1699, 7, 57, Status.SNAKE, 0.01
1700, 4, 32, Status.WALL, 0.01
1701, 5, 32, Status.SNAKE, 0.01
1702, 13, 76, Status.SNAKE, 0.01
1703, 9, 56, Status.WALL, 0.01
1704, 14, 103, Status.SNAKE, 0.01
1705, 7, 38, Status.SNAKE, 0.01
1706, 9, 58, Status.SNAKE, 0.01
1707, 10, 79, Status.SNAKE, 0.01
1708, 1, 11, Status.WALL, 0.01
1709, 7, 24, Status.SNAKE, 0.01
1710, 19, 134, Status.SNAKE, 0.01
1711, 3, 22, Status.WALL, 0.01
1712, 6, 34, Status.SNAKE, 0.01
1713, 7, 51, Status.SNAKE, 0.01
1714, 6, 38, Status.SNAKE, 0.01
1715, 8, 61, Status.SNAKE, 0.01
1716, 5, 21, Status.SNAKE, 0.01
1717, 7, 49, Status.SNAKE, 0.01
1718, 8, 55, Status.SNAKE, 0.01
1719, 2, 13, Status.SNAKE, 0.01
1720, 5, 34, Status.SNAKE, 0.01
1721, 6, 39, Status.WALL, 0.01
1722, 8, 60, Status.SNAKE, 0.01
1723, 12, 103, Status.SNAKE, 0.01
1724, 5, 28, Status.SNAKE, 0.01
1725, 5, 46, Status.WALL, 0.01
1726, 15, 111, Status.SNAKE, 0.01
1727, 6, 28, Status.SNAKE, 0.01
1728, 11, 68, Status.SNAKE, 0.01
1729, 5, 24, Status.SNAKE, 0.01
1730, 14, 138, Status.SNAKE, 0.01
1731, 8, 51, Status.SNAKE, 0.01
1732, 5, 35, Status.SNAKE, 0.01
1733, 5, 25, Status.SNAKE, 0.01
1734, 13, 104, Status.SNAKE, 0.01
1735, 6, 47, Status.WALL, 0.01
1736, 1, 7, Status.SNAKE, 0.01
1737, 3, 23, Status.SNAKE, 0.01
1738, 4, 26, Status.SNAKE, 0.01
1739, 13, 92, Status.WALL, 0.01
1740, 14, 107, Status.SNAKE, 0.01
1741, 8, 68, Status.WALL, 0.01
1742, 14, 83, Status.SNAKE, 0.01
1743, 6, 40, Status.SNAKE, 0.01
1744, 8, 70, Status.SNAKE, 0.01
1745, 9, 65, Status.SNAKE, 0.01
1746, 12, 105, Status.SNAKE, 0.01
1747, 3, 20, Status.SNAKE, 0.01
1748, 7, 52, Status.SNAKE, 0.01
1749, 3, 25, Status.SNAKE, 0.01
1750, 10, 46, Status.SNAKE, 0.01
1751, 11, 82, Status.SNAKE, 0.01
1752, 4, 23, Status.SNAKE, 0.01
1753, 15, 81, Status.WALL, 0.01
1754, 14, 103, Status.SNAKE, 0.01
1755, 19, 105, Status.SNAKE, 0.01
1756, 6, 32, Status.SNAKE, 0.01
1757, 8, 57, Status.SNAKE, 0.01
1758, 10, 95, Status.WALL, 0.01
1759, 7, 48, Status.SNAKE, 0.01
1760, 7, 55, Status.SNAKE, 0.01
1761, 20, 142, Status.SNAKE, 0.01
1762, 3, 17, Status.SNAKE, 0.01
1763, 4, 21, Status.SNAKE, 0.01
1764, 8, 48, Status.SNAKE, 0.01
1765, 9, 62, Status.SNAKE, 0.01
1766, 5, 24, Status.SNAKE, 0.01
1767, 6, 38, Status.WALL, 0.01
1768, 2, 13, Status.SNAKE, 0.01
1769, 13, 71, Status.SNAKE, 0.01
1770, 7, 60, Status.SNAKE, 0.01
1771, 15, 106, Status.SNAKE, 0.01
1772, 11, 85, Status.SNAKE, 0.01
1773, 9, 67, Status.SNAKE, 0.01
1774, 5, 36, Status.WALL, 0.01
1775, 2, 19, Status.SNAKE, 0.01
1776, 3, 17, Status.SNAKE, 0.01
1777, 6, 35, Status.SNAKE, 0.01
1778, 14, 90, Status.SNAKE, 0.01
1779, 11, 54, Status.WALL, 0.01
1780, 5, 56, Status.SNAKE, 0.01
1781, 12, 75, Status.SNAKE, 0.01
1782, 10, 68, Status.SNAKE, 0.01
1783, 11, 84, Status.SNAKE, 0.01
1784, 2, 18, Status.WALL, 0.01
1785, 6, 26, Status.SNAKE, 0.01
1786, 11, 90, Status.SNAKE, 0.01
1787, 1, 6, Status.SNAKE, 0.01
1788, 11, 76, Status.SNAKE, 0.01
1789, 5, 32, Status.SNAKE, 0.01
1790, 21, 132, Status.SNAKE, 0.01
1791, 2, 22, Status.WALL, 0.01
1792, 7, 49, Status.SNAKE, 0.01
1793, 10, 48, Status.SNAKE, 0.01
1794, 6, 48, Status.SNAKE, 0.01
1795, 4, 29, Status.WALL, 0.01
1796, 7, 58, Status.WALL, 0.01
1797, 9, 63, Status.SNAKE, 0.01
1798, 13, 79, Status.WALL, 0.01
1799, 4, 20, Status.WALL, 0.01
1800, 17, 92, Status.SNAKE, 0.01
1801, 7, 39, Status.WALL, 0.01
1802, 5, 41, Status.SNAKE, 0.01
1803, 8, 52, Status.SNAKE, 0.01
1804, 19, 132, Status.SNAKE, 0.01
1805, 10, 61, Status.WALL, 0.01
1806, 15, 106, Status.SNAKE, 0.01
1807, 10, 56, Status.SNAKE, 0.01
1808, 13, 95, Status.SNAKE, 0.01
1809, 5, 31, Status.SNAKE, 0.01
1810, 8, 62, Status.SNAKE, 0.01
1811, 13, 101, Status.SNAKE, 0.01
1812, 6, 29, Status.SNAKE, 0.01
1813, 7, 40, Status.SNAKE, 0.01
1814, 13, 99, Status.WALL, 0.01
1815, 12, 87, Status.SNAKE, 0.01
1816, 16, 123, Status.WALL, 0.01
1817, 10, 78, Status.SNAKE, 0.01
1818, 8, 53, Status.SNAKE, 0.01
1819, 11, 71, Status.SNAKE, 0.01
1820, 4, 22, Status.WALL, 0.01
1821, 12, 95, Status.WALL, 0.01
1822, 2, 6, Status.SNAKE, 0.01
1823, 7, 38, Status.WALL, 0.01
1824, 11, 68, Status.SNAKE, 0.01
1825, 13, 99, Status.SNAKE, 0.01
1826, 6, 62, Status.SNAKE, 0.01
1827, 6, 49, Status.SNAKE, 0.01
1828, 8, 36, Status.SNAKE, 0.01
1829, 17, 129, Status.WALL, 0.01
1830, 1, 5, Status.SNAKE, 0.01
1831, 12, 60, Status.WALL, 0.01
1832, 8, 39, Status.SNAKE, 0.01
1833, 10, 85, Status.SNAKE, 0.01
1834, 9, 55, Status.SNAKE, 0.01
1835, 2, 15, Status.SNAKE, 0.01
1836, 12, 74, Status.WALL, 0.01
1837, 7, 56, Status.SNAKE, 0.01
1838, 6, 36, Status.SNAKE, 0.01
1839, 12, 83, Status.SNAKE, 0.01
1840, 15, 101, Status.SNAKE, 0.01
1841, 4, 32, Status.WALL, 0.01
1842, 2, 19, Status.WALL, 0.01
1843, 8, 71, Status.WALL, 0.01
1844, 7, 56, Status.SNAKE, 0.01
1845, 16, 124, Status.SNAKE, 0.01
1846, 22, 164, Status.WALL, 0.01
1847, 10, 76, Status.WALL, 0.01
1848, 6, 36, Status.SNAKE, 0.01
1849, 11, 91, Status.SNAKE, 0.01
1850, 16, 86, Status.SNAKE, 0.01
1851, 13, 97, Status.SNAKE, 0.01
1852, 11, 85, Status.SNAKE, 0.01
1853, 16, 127, Status.SNAKE, 0.01
1854, 8, 60, Status.WALL, 0.01
1855, 9, 58, Status.SNAKE, 0.01
1856, 12, 77, Status.SNAKE, 0.01
1857, 7, 55, Status.WALL, 0.01
1858, 9, 61, Status.SNAKE, 0.01
1859, 10, 91, Status.SNAKE, 0.01
1860, 17, 105, Status.SNAKE, 0.01
1861, 13, 99, Status.SNAKE, 0.01
1862, 11, 87, Status.WALL, 0.01
1863, 13, 113, Status.SNAKE, 0.01
1864, 2, 15, Status.SNAKE, 0.01
1865, 8, 74, Status.SNAKE, 0.01
1866, 5, 39, Status.SNAKE, 0.01
1867, 8, 44, Status.SNAKE, 0.01
1868, 8, 55, Status.SNAKE, 0.01
1869, 10, 86, Status.SNAKE, 0.01
1870, 11, 81, Status.WALL, 0.01
1871, 17, 135, Status.SNAKE, 0.01
1872, 13, 73, Status.SNAKE, 0.01
1873, 1, 10, Status.WALL, 0.01
1874, 10, 76, Status.SNAKE, 0.01
1875, 5, 35, Status.WALL, 0.01
1876, 1, 8, Status.WALL, 0.01
1877, 6, 36, Status.SNAKE, 0.01
1878, 10, 54, Status.SNAKE, 0.01
1879, 6, 43, Status.SNAKE, 0.01
1880, 17, 127, Status.SNAKE, 0.01
1881, 4, 18, Status.SNAKE, 0.01
1882, 7, 46, Status.SNAKE, 0.01
1883, 8, 72, Status.WALL, 0.01
1884, 7, 48, Status.WALL, 0.01
1885, 6, 35, Status.SNAKE, 0.01
1886, 19, 126, Status.SNAKE, 0.01
1887, 2, 11, Status.WALL, 0.01
1888, 16, 113, Status.SNAKE, 0.01
1889, 8, 45, Status.SNAKE, 0.01
1890, 9, 62, Status.WALL, 0.01
1891, 5, 33, Status.SNAKE, 0.01
1892, 5, 47, Status.WALL, 0.01
1893, 6, 26, Status.SNAKE, 0.01
1894, 12, 59, Status.SNAKE, 0.01
1895, 7, 43, Status.SNAKE, 0.01
1896, 6, 35, Status.SNAKE, 0.01
1897, 4, 24, Status.WALL, 0.01
1898, 9, 62, Status.SNAKE, 0.01
1899, 10, 59, Status.SNAKE, 0.01
1900, 13, 99, Status.SNAKE, 0.01
1901, 8, 66, Status.SNAKE, 0.01
1902, 5, 33, Status.WALL, 0.01
1903, 16, 101, Status.WALL, 0.01
1904, 16, 88, Status.SNAKE, 0.01
1905, 7, 37, Status.SNAKE, 0.01
1906, 10, 65, Status.SNAKE, 0.01
1907, 10, 84, Status.SNAKE, 0.01
1908, 10, 73, Status.SNAKE, 0.01
1909, 8, 73, Status.SNAKE, 0.01
1910, 9, 69, Status.WALL, 0.01
1911, 18, 121, Status.SNAKE, 0.01
1912, 8, 64, Status.SNAKE, 0.01
1913, 13, 98, Status.WALL, 0.01
1914, 17, 92, Status.SNAKE, 0.01
1915, 17, 132, Status.SNAKE, 0.01
1916, 4, 19, Status.SNAKE, 0.01
1917, 5, 37, Status.SNAKE, 0.01
1918, 7, 52, Status.WALL, 0.01
1919, 7, 72, Status.WALL, 0.01
1920, 7, 52, Status.SNAKE, 0.01
1921, 2, 13, Status.SNAKE, 0.01
1922, 5, 36, Status.WALL, 0.01
1923, 14, 102, Status.SNAKE, 0.01
1924, 11, 99, Status.WALL, 0.01
1925, 4, 32, Status.SNAKE, 0.01
1926, 1, 10, Status.WALL, 0.01
1927, 14, 86, Status.SNAKE, 0.01
1928, 9, 57, Status.SNAKE, 0.01
1929, 10, 43, Status.WALL, 0.01
1930, 9, 71, Status.SNAKE, 0.01
1931, 17, 140, Status.SNAKE, 0.01
1932, 15, 96, Status.SNAKE, 0.01
1933, 12, 103, Status.SNAKE, 0.01
1934, 14, 108, Status.WALL, 0.01
1935, 9, 69, Status.SNAKE, 0.01
1936, 4, 17, Status.SNAKE, 0.01
1937, 2, 17, Status.SNAKE, 0.01
1938, 9, 60, Status.SNAKE, 0.01
1939, 8, 51, Status.SNAKE, 0.01
1940, 11, 80, Status.SNAKE, 0.01
1941, 10, 47, Status.SNAKE, 0.01
1942, 4, 23, Status.WALL, 0.01
1943, 1, 5, Status.SNAKE, 0.01
1944, 9, 64, Status.SNAKE, 0.01
1945, 10, 81, Status.SNAKE, 0.01
1946, 9, 73, Status.SNAKE, 0.01
1947, 5, 29, Status.SNAKE, 0.01
1948, 6, 36, Status.SNAKE, 0.01
1949, 18, 121, Status.SNAKE, 0.01
1950, 5, 32, Status.WALL, 0.01
1951, 3, 25, Status.SNAKE, 0.01
1952, 9, 53, Status.SNAKE, 0.01
1953, 7, 47, Status.SNAKE, 0.01
1954, 7, 56, Status.SNAKE, 0.01
1955, 6, 32, Status.SNAKE, 0.01
1956, 1, 5, Status.SNAKE, 0.01
1957, 1, 12, Status.SNAKE, 0.01
1958, 9, 51, Status.SNAKE, 0.01
1959, 8, 43, Status.SNAKE, 0.01
1960, 13, 72, Status.SNAKE, 0.01
1961, 14, 109, Status.SNAKE, 0.01
1962, 7, 38, Status.WALL, 0.01
1963, 9, 55, Status.WALL, 0.01
1964, 10, 64, Status.WALL, 0.01
1965, 1, 3, Status.SNAKE, 0.01
1966, 15, 105, Status.SNAKE, 0.01
1967, 1, 3, Status.SNAKE, 0.01
1968, 1, 8, Status.SNAKE, 0.01
1969, 12, 93, Status.SNAKE, 0.01
1970, 14, 92, Status.WALL, 0.01
1971, 10, 67, Status.SNAKE, 0.01
1972, 10, 105, Status.SNAKE, 0.01
1973, 9, 78, Status.WALL, 0.01
1974, 5, 30, Status.WALL, 0.01
1975, 2, 23, Status.WALL, 0.01
1976, 9, 68, Status.SNAKE, 0.01
1977, 4, 31, Status.SNAKE, 0.01
1978, 6, 51, Status.SNAKE, 0.01
1979, 13, 81, Status.SNAKE, 0.01
1980, 10, 68, Status.SNAKE, 0.01
1981, 10, 60, Status.WALL, 0.01
1982, 10, 78, Status.WALL, 0.01
1983, 12, 81, Status.SNAKE, 0.01
1984, 7, 55, Status.SNAKE, 0.01
1985, 11, 71, Status.WALL, 0.01
1986, 3, 23, Status.SNAKE, 0.01
1987, 13, 72, Status.SNAKE, 0.01
1988, 11, 62, Status.SNAKE, 0.01
1989, 5, 41, Status.SNAKE, 0.01
1990, 9, 69, Status.SNAKE, 0.01
1991, 5, 26, Status.SNAKE, 0.01
1992, 4, 21, Status.WALL, 0.01
1993, 14, 124, Status.SNAKE, 0.01
1994, 10, 61, Status.SNAKE, 0.01
1995, 13, 91, Status.SNAKE, 0.01
1996, 10, 64, Status.SNAKE, 0.01
1997, 17, 128, Status.SNAKE, 0.01
1998, 10, 72, Status.WALL, 0.01
1999, 2, 8, Status.WALL, 0.01
2000, 2, 11, Status.SNAKE, 0.01
2001, 5, 33, Status.SNAKE, 0.01
2002, 14, 102, Status.SNAKE, 0.01
2003, 17, 136, Status.SNAKE, 0.01
2004, 4, 26, Status.SNAKE, 0.01
2005, 7, 36, Status.SNAKE, 0.01
2006, 8, 60, Status.SNAKE, 0.01
2007, 13, 89, Status.SNAKE, 0.01
2008, 9, 57, Status.SNAKE, 0.01
2009, 4, 27, Status.SNAKE, 0.01
2010, 17, 118, Status.SNAKE, 0.01
2011, 3, 21, Status.SNAKE, 0.01
2012, 6, 42, Status.SNAKE, 0.01
2013, 8, 73, Status.SNAKE, 0.01
2014, 4, 24, Status.SNAKE, 0.01
2015, 2, 9, Status.SNAKE, 0.01
2016, 1, 10, Status.WALL, 0.01
2017, 16, 103, Status.SNAKE, 0.01
2018, 10, 71, Status.SNAKE, 0.01
2019, 7, 48, Status.SNAKE, 0.01
2020, 6, 40, Status.SNAKE, 0.01
2021, 12, 83, Status.WALL, 0.01
2022, 14, 102, Status.SNAKE, 0.01
2023, 6, 31, Status.SNAKE, 0.01
2024, 4, 21, Status.SNAKE, 0.01
2025, 3, 24, Status.SNAKE, 0.01
2026, 10, 66, Status.SNAKE, 0.01
2027, 3, 15, Status.SNAKE, 0.01
2028, 2, 11, Status.SNAKE, 0.01
2029, 8, 53, Status.SNAKE, 0.01
2030, 7, 50, Status.SNAKE, 0.01
2031, 5, 26, Status.SNAKE, 0.01
2032, 14, 80, Status.WALL, 0.01
2033, 4, 18, Status.WALL, 0.01
2034, 12, 83, Status.WALL, 0.01
2035, 5, 32, Status.WALL, 0.01
2036, 1, 5, Status.SNAKE, 0.01
2037, 4, 34, Status.WALL, 0.01
2038, 4, 20, Status.WALL, 0.01
2039, 6, 39, Status.SNAKE, 0.01
2040, 6, 49, Status.WALL, 0.01
2041, 8, 45, Status.SNAKE, 0.01
2042, 6, 40, Status.SNAKE, 0.01
2043, 10, 54, Status.SNAKE, 0.01
2044, 6, 37, Status.SNAKE, 0.01
2045, 7, 57, Status.SNAKE, 0.01
2046, 10, 73, Status.SNAKE, 0.01
2047, 1, 5, Status.SNAKE, 0.01
2048, 5, 24, Status.SNAKE, 0.01
2049, 6, 20, Status.SNAKE, 0.01
2050, 1, 3, Status.SNAKE, 0.01
2051, 6, 46, Status.WALL, 0.01
2052, 4, 26, Status.SNAKE, 0.01
2053, 13, 98, Status.SNAKE, 0.01
2054, 10, 54, Status.SNAKE, 0.01
2055, 12, 78, Status.SNAKE, 0.01
2056, 4, 17, Status.WALL, 0.01
2057, 4, 35, Status.SNAKE, 0.01
2058, 12, 67, Status.SNAKE, 0.01
2059, 5, 35, Status.WALL, 0.01
2060, 8, 64, Status.SNAKE, 0.01
2061, 2, 10, Status.SNAKE, 0.01
2062, 6, 26, Status.SNAKE, 0.01
2063, 14, 77, Status.SNAKE, 0.01
2064, 3, 17, Status.SNAKE, 0.01
2065, 13, 69, Status.SNAKE, 0.01
2066, 5, 36, Status.SNAKE, 0.01
2067, 1, 5, Status.SNAKE, 0.01
2068, 9, 45, Status.SNAKE, 0.01
2069, 9, 47, Status.SNAKE, 0.01
2070, 13, 108, Status.WALL, 0.01
2071, 2, 14, Status.WALL, 0.01
2072, 8, 58, Status.SNAKE, 0.01
2073, 5, 31, Status.SNAKE, 0.01
2074, 3, 33, Status.WALL, 0.01
2075, 2, 13, Status.WALL, 0.01
2076, 14, 88, Status.SNAKE, 0.01
2077, 3, 26, Status.SNAKE, 0.01
2078, 9, 57, Status.SNAKE, 0.01
2079, 13, 112, Status.SNAKE, 0.01
2080, 10, 62, Status.SNAKE, 0.01
2081, 12, 62, Status.SNAKE, 0.01
2082, 4, 27, Status.SNAKE, 0.01
2083, 5, 34, Status.SNAKE, 0.01
2084, 6, 43, Status.SNAKE, 0.01
2085, 15, 99, Status.WALL, 0.01
2086, 0, 10, Status.WALL, 0.01
2087, 2, 11, Status.WALL, 0.01
2088, 9, 45, Status.SNAKE, 0.01
2089, 1, 11, Status.WALL, 0.01
2090, 10, 81, Status.SNAKE, 0.01
2091, 10, 80, Status.SNAKE, 0.01
2092, 5, 28, Status.WALL, 0.01
2093, 6, 43, Status.SNAKE, 0.01
2094, 13, 83, Status.WALL, 0.01
2095, 15, 93, Status.SNAKE, 0.01
2096, 10, 69, Status.SNAKE, 0.01
2097, 10, 54, Status.SNAKE, 0.01
2098, 16, 115, Status.SNAKE, 0.01
2099, 16, 106, Status.SNAKE, 0.01
2100, 14, 69, Status.SNAKE, 0.01
2101, 2, 15, Status.WALL, 0.01
2102, 10, 74, Status.SNAKE, 0.01
2103, 5, 23, Status.SNAKE, 0.01
2104, 1, 3, Status.SNAKE, 0.01
2105, 6, 52, Status.WALL, 0.01
2106, 15, 96, Status.SNAKE, 0.01
2107, 8, 53, Status.SNAKE, 0.01
2108, 9, 60, Status.SNAKE, 0.01
2109, 8, 57, Status.SNAKE, 0.01
2110, 9, 63, Status.SNAKE, 0.01
2111, 14, 116, Status.SNAKE, 0.01
2112, 14, 102, Status.WALL, 0.01
2113, 15, 107, Status.SNAKE, 0.01
2114, 13, 84, Status.SNAKE, 0.01
2115, 8, 59, Status.SNAKE, 0.01
2116, 3, 22, Status.WALL, 0.01
2117, 10, 60, Status.SNAKE, 0.01
2118, 10, 59, Status.SNAKE, 0.01
2119, 15, 108, Status.SNAKE, 0.01
2120, 6, 40, Status.WALL, 0.01
2121, 6, 30, Status.SNAKE, 0.01
2122, 19, 112, Status.SNAKE, 0.01
2123, 7, 56, Status.SNAKE, 0.01
2124, 17, 108, Status.WALL, 0.01
2125, 6, 28, Status.SNAKE, 0.01
2126, 7, 37, Status.SNAKE, 0.01
2127, 13, 99, Status.SNAKE, 0.01
2128, 11, 74, Status.SNAKE, 0.01
2129, 10, 66, Status.SNAKE, 0.01
2130, 10, 50, Status.SNAKE, 0.01
2131, 13, 105, Status.SNAKE, 0.01
2132, 16, 117, Status.SNAKE, 0.01
2133, 5, 28, Status.SNAKE, 0.01
2134, 8, 60, Status.SNAKE, 0.01
2135, 7, 36, Status.SNAKE, 0.01
2136, 11, 86, Status.WALL, 0.01
2137, 13, 90, Status.SNAKE, 0.01
2138, 3, 31, Status.SNAKE, 0.01
2139, 7, 57, Status.SNAKE, 0.01
2140, 7, 47, Status.SNAKE, 0.01
2141, 15, 115, Status.SNAKE, 0.01
2142, 9, 48, Status.WALL, 0.01
2143, 11, 78, Status.SNAKE, 0.01
2144, 13, 59, Status.SNAKE, 0.01
2145, 10, 66, Status.SNAKE, 0.01
2146, 7, 51, Status.SNAKE, 0.01
2147, 9, 51, Status.SNAKE, 0.01
2148, 9, 68, Status.WALL, 0.01
2149, 5, 49, Status.SNAKE, 0.01
2150, 7, 42, Status.SNAKE, 0.01
2151, 23, 140, Status.SNAKE, 0.01
2152, 7, 40, Status.SNAKE, 0.01
2153, 11, 59, Status.SNAKE, 0.01
2154, 13, 103, Status.WALL, 0.01
2155, 14, 96, Status.SNAKE, 0.01
2156, 11, 82, Status.SNAKE, 0.01
2157, 17, 108, Status.WALL, 0.01
2158, 10, 62, Status.SNAKE, 0.01
2159, 7, 61, Status.WALL, 0.01
2160, 9, 53, Status.SNAKE, 0.01
2161, 8, 43, Status.SNAKE, 0.01
2162, 9, 73, Status.WALL, 0.01
2163, 11, 85, Status.SNAKE, 0.01
2164, 10, 75, Status.SNAKE, 0.01
2165, 9, 73, Status.SNAKE, 0.01
2166, 3, 15, Status.SNAKE, 0.01
2167, 10, 72, Status.SNAKE, 0.01
2168, 12, 92, Status.WALL, 0.01
2169, 9, 68, Status.SNAKE, 0.01
2170, 3, 15, Status.SNAKE, 0.01
2171, 20, 145, Status.SNAKE, 0.01
2172, 5, 24, Status.SNAKE, 0.01
2173, 14, 114, Status.WALL, 0.01
2174, 4, 23, Status.WALL, 0.01
2175, 3, 34, Status.SNAKE, 0.01
2176, 10, 86, Status.SNAKE, 0.01
2177, 5, 32, Status.SNAKE, 0.01
2178, 4, 35, Status.SNAKE, 0.01
2179, 9, 57, Status.SNAKE, 0.01
2180, 16, 158, Status.SNAKE, 0.01
2181, 21, 147, Status.SNAKE, 0.01
2182, 11, 44, Status.WALL, 0.01
2183, 8, 41, Status.SNAKE, 0.01
2184, 3, 11, Status.WALL, 0.01
2185, 10, 85, Status.WALL, 0.01
2186, 12, 76, Status.SNAKE, 0.01
2187, 5, 39, Status.SNAKE, 0.01
2188, 10, 80, Status.SNAKE, 0.01
2189, 12, 81, Status.SNAKE, 0.01
2190, 7, 50, Status.SNAKE, 0.01
2191, 11, 72, Status.SNAKE, 0.01
2192, 6, 35, Status.SNAKE, 0.01
2193, 7, 38, Status.SNAKE, 0.01
2194, 16, 108, Status.WALL, 0.01
2195, 8, 43, Status.WALL, 0.01
2196, 3, 31, Status.SNAKE, 0.01
2197, 1, 8, Status.SNAKE, 0.01
2198, 5, 32, Status.SNAKE, 0.01
2199, 14, 104, Status.SNAKE, 0.01
2200, 13, 73, Status.SNAKE, 0.01
2201, 6, 47, Status.SNAKE, 0.01
2202, 6, 29, Status.SNAKE, 0.01
2203, 4, 26, Status.SNAKE, 0.01
2204, 13, 115, Status.SNAKE, 0.01
2205, 14, 92, Status.SNAKE, 0.01
2206, 14, 83, Status.WALL, 0.01
2207, 10, 60, Status.SNAKE, 0.01
2208, 16, 80, Status.SNAKE, 0.01
2209, 11, 101, Status.SNAKE, 0.01
2210, 16, 94, Status.SNAKE, 0.01
2211, 11, 80, Status.SNAKE, 0.01
2212, 13, 88, Status.WALL, 0.01
2213, 22, 155, Status.SNAKE, 0.01
2214, 1, 5, Status.SNAKE, 0.01
2215, 10, 58, Status.SNAKE, 0.01
2216, 6, 43, Status.SNAKE, 0.01
2217, 12, 94, Status.SNAKE, 0.01
2218, 8, 60, Status.SNAKE, 0.01
2219, 2, 7, Status.WALL, 0.01
2220, 7, 63, Status.SNAKE, 0.01
2221, 13, 72, Status.SNAKE, 0.01
2222, 12, 78, Status.SNAKE, 0.01
2223, 8, 30, Status.SNAKE, 0.01
2224, 3, 23, Status.SNAKE, 0.01
2225, 1, 5, Status.SNAKE, 0.01
2226, 8, 49, Status.SNAKE, 0.01
2227, 6, 58, Status.WALL, 0.01
2228, 10, 63, Status.SNAKE, 0.01
2229, 3, 22, Status.SNAKE, 0.01
2230, 4, 34, Status.SNAKE, 0.01
2231, 4, 19, Status.WALL, 0.01
2232, 13, 91, Status.SNAKE, 0.01
2233, 16, 116, Status.WALL, 0.01
2234, 2, 18, Status.SNAKE, 0.01
2235, 8, 28, Status.SNAKE, 0.01
2236, 11, 74, Status.SNAKE, 0.01
2237, 7, 44, Status.SNAKE, 0.01
2238, 10, 79, Status.SNAKE, 0.01
2239, 6, 53, Status.SNAKE, 0.01
2240, 13, 96, Status.SNAKE, 0.01
2241, 2, 14, Status.WALL, 0.01
2242, 19, 113, Status.SNAKE, 0.01
2243, 11, 89, Status.SNAKE, 0.01
2244, 3, 23, Status.SNAKE, 0.01
2245, 17, 133, Status.SNAKE, 0.01
2246, 10, 51, Status.SNAKE, 0.01
2247, 14, 70, Status.WALL, 0.01
2248, 4, 22, Status.SNAKE, 0.01
2249, 3, 18, Status.WALL, 0.01
2250, 20, 115, Status.SNAKE, 0.01
2251, 5, 34, Status.SNAKE, 0.01
2252, 6, 47, Status.WALL, 0.01
2253, 6, 56, Status.SNAKE, 0.01
2254, 11, 86, Status.SNAKE, 0.01
2255, 14, 104, Status.SNAKE, 0.01
2256, 9, 68, Status.SNAKE, 0.01
2257, 2, 14, Status.SNAKE, 0.01
2258, 15, 118, Status.SNAKE, 0.01
2259, 13, 96, Status.SNAKE, 0.01
2260, 4, 20, Status.WALL, 0.01
2261, 11, 67, Status.SNAKE, 0.01
2262, 3, 10, Status.WALL, 0.01
2263, 7, 36, Status.SNAKE, 0.01
2264, 7, 44, Status.SNAKE, 0.01
2265, 15, 112, Status.SNAKE, 0.01
2266, 13, 79, Status.SNAKE, 0.01
2267, 12, 101, Status.SNAKE, 0.01
2268, 1, 13, Status.WALL, 0.01
2269, 17, 130, Status.SNAKE, 0.01
2270, 7, 40, Status.SNAKE, 0.01
2271, 6, 30, Status.SNAKE, 0.01
2272, 8, 42, Status.SNAKE, 0.01
2273, 9, 71, Status.SNAKE, 0.01
2274, 14, 107, Status.SNAKE, 0.01
2275, 12, 74, Status.SNAKE, 0.01
2276, 5, 28, Status.WALL, 0.01
2277, 7, 65, Status.SNAKE, 0.01
2278, 10, 83, Status.WALL, 0.01
2279, 10, 92, Status.SNAKE, 0.01
2280, 4, 18, Status.WALL, 0.01
2281, 5, 43, Status.SNAKE, 0.01
2282, 11, 73, Status.SNAKE, 0.01
2283, 6, 35, Status.SNAKE, 0.01
2284, 15, 94, Status.SNAKE, 0.01
2285, 4, 39, Status.WALL, 0.01
2286, 7, 46, Status.SNAKE, 0.01
2287, 7, 52, Status.SNAKE, 0.01
2288, 12, 79, Status.SNAKE, 0.01
2289, 7, 42, Status.SNAKE, 0.01
2290, 16, 128, Status.SNAKE, 0.01
2291, 4, 32, Status.SNAKE, 0.01
2292, 11, 90, Status.SNAKE, 0.01
2293, 0, 5, Status.WALL, 0.01
2294, 7, 34, Status.SNAKE, 0.01
2295, 1, 12, Status.WALL, 0.01
2296, 20, 147, Status.WALL, 0.01
2297, 9, 65, Status.SNAKE, 0.01
2298, 5, 25, Status.SNAKE, 0.01
2299, 13, 70, Status.SNAKE, 0.01
2300, 8, 45, Status.SNAKE, 0.01
2301, 5, 28, Status.WALL, 0.01
2302, 5, 25, Status.SNAKE, 0.01
2303, 2, 6, Status.SNAKE, 0.01
2304, 4, 18, Status.SNAKE, 0.01
2305, 5, 36, Status.SNAKE, 0.01
2306, 10, 62, Status.SNAKE, 0.01
2307, 5, 25, Status.SNAKE, 0.01
2308, 9, 50, Status.SNAKE, 0.01
2309, 1, 5, Status.SNAKE, 0.01
2310, 1, 9, Status.WALL, 0.01
2311, 14, 95, Status.SNAKE, 0.01
2312, 3, 17, Status.SNAKE, 0.01
2313, 2, 16, Status.WALL, 0.01
2314, 6, 38, Status.SNAKE, 0.01
2315, 6, 41, Status.SNAKE, 0.01
2316, 8, 45, Status.SNAKE, 0.01
2317, 6, 26, Status.SNAKE, 0.01
2318, 7, 58, Status.SNAKE, 0.01
2319, 5, 33, Status.SNAKE, 0.01
2320, 12, 85, Status.SNAKE, 0.01
2321, 4, 28, Status.SNAKE, 0.01
2322, 7, 43, Status.SNAKE, 0.01
2323, 6, 27, Status.SNAKE, 0.01
2324, 2, 14, Status.SNAKE, 0.01
2325, 13, 82, Status.SNAKE, 0.01
2326, 7, 48, Status.WALL, 0.01
2327, 7, 48, Status.SNAKE, 0.01
2328, 16, 85, Status.WALL, 0.01
2329, 2, 10, Status.WALL, 0.01
2330, 10, 86, Status.SNAKE, 0.01
2331, 13, 85, Status.SNAKE, 0.01
2332, 9, 43, Status.SNAKE, 0.01
2333, 4, 25, Status.SNAKE, 0.01
2334, 13, 96, Status.SNAKE, 0.01
2335, 6, 44, Status.SNAKE, 0.01
2336, 13, 98, Status.SNAKE, 0.01
2337, 3, 16, Status.SNAKE, 0.01
2338, 13, 74, Status.SNAKE, 0.01
2339, 10, 76, Status.SNAKE, 0.01
2340, 15, 100, Status.SNAKE, 0.01
2341, 9, 65, Status.WALL, 0.01
2342, 15, 120, Status.SNAKE, 0.01
2343, 8, 72, Status.WALL, 0.01
2344, 5, 28, Status.SNAKE, 0.01
2345, 8, 65, Status.WALL, 0.01
2346, 11, 65, Status.SNAKE, 0.01
2347, 7, 45, Status.SNAKE, 0.01
2348, 2, 20, Status.WALL, 0.01
2349, 6, 35, Status.SNAKE, 0.01
2350, 6, 47, Status.SNAKE, 0.01
2351, 8, 52, Status.SNAKE, 0.01
2352, 24, 163, Status.SNAKE, 0.01
2353, 3, 14, Status.SNAKE, 0.01
2354, 13, 69, Status.WALL, 0.01
2355, 5, 29, Status.WALL, 0.01
2356, 6, 54, Status.SNAKE, 0.01
2357, 5, 21, Status.SNAKE, 0.01
2358, 14, 94, Status.SNAKE, 0.01
2359, 5, 48, Status.SNAKE, 0.01
2360, 10, 62, Status.SNAKE, 0.01
2361, 7, 50, Status.SNAKE, 0.01
2362, 5, 49, Status.SNAKE, 0.01
2363, 12, 67, Status.SNAKE, 0.01
2364, 13, 91, Status.SNAKE, 0.01
2365, 8, 31, Status.SNAKE, 0.01
2366, 6, 47, Status.WALL, 0.01
2367, 13, 101, Status.SNAKE, 0.01
2368, 2, 21, Status.WALL, 0.01
2369, 7, 58, Status.SNAKE, 0.01
2370, 6, 34, Status.WALL, 0.01
2371, 3, 21, Status.SNAKE, 0.01
2372, 10, 81, Status.WALL, 0.01
2373, 3, 19, Status.SNAKE, 0.01
2374, 15, 99, Status.SNAKE, 0.01
2375, 8, 64, Status.SNAKE, 0.01
2376, 8, 54, Status.WALL, 0.01
2377, 7, 36, Status.SNAKE, 0.01
2378, 2, 8, Status.WALL, 0.01
2379, 5, 24, Status.SNAKE, 0.01
2380, 10, 57, Status.SNAKE, 0.01
2381, 7, 53, Status.SNAKE, 0.01
2382, 11, 70, Status.SNAKE, 0.01
2383, 6, 53, Status.SNAKE, 0.01
2384, 8, 62, Status.SNAKE, 0.01
2385, 12, 112, Status.SNAKE, 0.01
2386, 13, 71, Status.SNAKE, 0.01
2387, 14, 96, Status.SNAKE, 0.01
2388, 13, 96, Status.SNAKE, 0.01
2389, 4, 22, Status.SNAKE, 0.01
2390, 6, 48, Status.SNAKE, 0.01
2391, 7, 53, Status.SNAKE, 0.01
2392, 9, 68, Status.SNAKE, 0.01
2393, 8, 54, Status.SNAKE, 0.01
2394, 6, 34, Status.SNAKE, 0.01
2395, 4, 23, Status.SNAKE, 0.01
2396, 10, 77, Status.WALL, 0.01
2397, 10, 67, Status.SNAKE, 0.01
2398, 14, 89, Status.SNAKE, 0.01
2399, 12, 86, Status.SNAKE, 0.01
2400, 13, 98, Status.SNAKE, 0.01
2401, 6, 35, Status.SNAKE, 0.01
2402, 8, 62, Status.SNAKE, 0.01
2403, 8, 60, Status.SNAKE, 0.01
2404, 10, 60, Status.SNAKE, 0.01
2405, 3, 25, Status.SNAKE, 0.01
2406, 7, 52, Status.SNAKE, 0.01
2407, 2, 8, Status.WALL, 0.01
2408, 2, 15, Status.WALL, 0.01
2409, 6, 36, Status.SNAKE, 0.01
2410, 7, 31, Status.SNAKE, 0.01
2411, 2, 14, Status.SNAKE, 0.01
2412, 8, 64, Status.WALL, 0.01
2413, 10, 58, Status.SNAKE, 0.01
2414, 8, 53, Status.SNAKE, 0.01
2415, 10, 65, Status.SNAKE, 0.01
2416, 18, 139, Status.SNAKE, 0.01
2417, 17, 119, Status.SNAKE, 0.01
2418, 0, 8, Status.WALL, 0.01
2419, 13, 112, Status.SNAKE, 0.01
2420, 8, 63, Status.WALL, 0.01
2421, 7, 46, Status.SNAKE, 0.01
2422, 14, 115, Status.WALL, 0.01
2423, 3, 19, Status.SNAKE, 0.01
2424, 8, 62, Status.SNAKE, 0.01
2425, 10, 55, Status.SNAKE, 0.01
2426, 18, 104, Status.SNAKE, 0.01
2427, 12, 71, Status.SNAKE, 0.01
2428, 19, 163, Status.SNAKE, 0.01
2429, 11, 92, Status.SNAKE, 0.01
2430, 6, 51, Status.SNAKE, 0.01
2431, 6, 50, Status.WALL, 0.01
2432, 12, 82, Status.SNAKE, 0.01
2433, 5, 39, Status.WALL, 0.01
2434, 16, 147, Status.WALL, 0.01
2435, 2, 7, Status.SNAKE, 0.01
2436, 13, 82, Status.SNAKE, 0.01
2437, 1, 7, Status.WALL, 0.01
2438, 3, 22, Status.SNAKE, 0.01
2439, 1, 13, Status.SNAKE, 0.01
2440, 1, 16, Status.WALL, 0.01
2441, 6, 44, Status.SNAKE, 0.01
2442, 8, 51, Status.SNAKE, 0.01
2443, 15, 107, Status.SNAKE, 0.01
2444, 6, 38, Status.SNAKE, 0.01
2445, 1, 5, Status.SNAKE, 0.01
2446, 12, 75, Status.SNAKE, 0.01
2447, 2, 17, Status.SNAKE, 0.01
2448, 3, 30, Status.WALL, 0.01
2449, 1, 5, Status.SNAKE, 0.01
2450, 5, 33, Status.SNAKE, 0.01
2451, 10, 57, Status.SNAKE, 0.01
2452, 5, 40, Status.SNAKE, 0.01
2453, 20, 133, Status.SNAKE, 0.01
2454, 15, 98, Status.SNAKE, 0.01
2455, 4, 27, Status.SNAKE, 0.01
2456, 7, 67, Status.SNAKE, 0.01
2457, 10, 59, Status.SNAKE, 0.01
2458, 8, 67, Status.SNAKE, 0.01
2459, 7, 39, Status.WALL, 0.01
2460, 5, 28, Status.SNAKE, 0.01
2461, 10, 62, Status.SNAKE, 0.01
2462, 4, 25, Status.SNAKE, 0.01
2463, 17, 132, Status.SNAKE, 0.01
2464, 7, 46, Status.SNAKE, 0.01
2465, 19, 145, Status.SNAKE, 0.01
2466, 10, 74, Status.SNAKE, 0.01
2467, 19, 146, Status.SNAKE, 0.01
2468, 3, 24, Status.SNAKE, 0.01
2469, 5, 56, Status.WALL, 0.01
2470, 4, 28, Status.SNAKE, 0.01
2471, 8, 67, Status.SNAKE, 0.01
2472, 10, 36, Status.WALL, 0.01
2473, 3, 10, Status.SNAKE, 0.01
2474, 10, 81, Status.SNAKE, 0.01
2475, 3, 25, Status.SNAKE, 0.01
2476, 7, 43, Status.SNAKE, 0.01
2477, 11, 80, Status.WALL, 0.01
2478, 10, 75, Status.SNAKE, 0.01
2479, 4, 22, Status.SNAKE, 0.01
2480, 5, 38, Status.SNAKE, 0.01
2481, 6, 44, Status.SNAKE, 0.01
2482, 6, 37, Status.WALL, 0.01
2483, 4, 31, Status.SNAKE, 0.01
2484, 7, 46, Status.SNAKE, 0.01
2485, 4, 23, Status.WALL, 0.01
2486, 15, 104, Status.WALL, 0.01
2487, 4, 22, Status.SNAKE, 0.01
2488, 11, 54, Status.SNAKE, 0.01
2489, 12, 57, Status.SNAKE, 0.01
2490, 10, 73, Status.SNAKE, 0.01
2491, 2, 10, Status.WALL, 0.01
2492, 1, 5, Status.SNAKE, 0.01
2493, 4, 28, Status.SNAKE, 0.01
2494, 7, 50, Status.SNAKE, 0.01
2495, 8, 61, Status.SNAKE, 0.01
2496, 4, 31, Status.WALL, 0.01
2497, 5, 28, Status.SNAKE, 0.01
2498, 7, 44, Status.SNAKE, 0.01
2499, 12, 107, Status.SNAKE, 0.01
2500, 5, 41, Status.SNAKE, 0.01
2501, 7, 48, Status.SNAKE, 0.01
2502, 12, 87, Status.SNAKE, 0.01
2503, 2, 8, Status.WALL, 0.01
2504, 1, 17, Status.WALL, 0.01
2505, 16, 95, Status.SNAKE, 0.01
2506, 12, 98, Status.SNAKE, 0.01
2507, 8, 39, Status.SNAKE, 0.01
2508, 11, 68, Status.SNAKE, 0.01
2509, 3, 24, Status.SNAKE, 0.01
2510, 4, 22, Status.WALL, 0.01
2511, 3, 21, Status.SNAKE, 0.01
2512, 11, 70, Status.SNAKE, 0.01
2513, 15, 127, Status.SNAKE, 0.01
2514, 7, 61, Status.SNAKE, 0.01
2515, 13, 82, Status.WALL, 0.01
2516, 11, 58, Status.SNAKE, 0.01
2517, 8, 60, Status.SNAKE, 0.01
2518, 5, 30, Status.WALL, 0.01
2519, 2, 12, Status.SNAKE, 0.01
2520, 4, 22, Status.WALL, 0.01
2521, 14, 65, Status.WALL, 0.01
2522, 6, 43, Status.SNAKE, 0.01
2523, 9, 63, Status.SNAKE, 0.01
2524, 13, 99, Status.SNAKE, 0.01
2525, 17, 106, Status.SNAKE, 0.01
2526, 7, 43, Status.SNAKE, 0.01
2527, 2, 10, Status.SNAKE, 0.01
2528, 4, 26, Status.SNAKE, 0.01
2529, 10, 79, Status.SNAKE, 0.01
2530, 4, 29, Status.SNAKE, 0.01
2531, 10, 73, Status.SNAKE, 0.01
2532, 9, 65, Status.SNAKE, 0.01
2533, 11, 55, Status.WALL, 0.01
2534, 7, 34, Status.WALL, 0.01
2535, 6, 54, Status.SNAKE, 0.01
2536, 8, 64, Status.WALL, 0.01
2537, 10, 61, Status.WALL, 0.01
2538, 12, 77, Status.SNAKE, 0.01
2539, 11, 73, Status.SNAKE, 0.01
2540, 12, 77, Status.SNAKE, 0.01
2541, 12, 74, Status.SNAKE, 0.01
2542, 13, 99, Status.SNAKE, 0.01
2543, 12, 81, Status.SNAKE, 0.01
2544, 7, 57, Status.SNAKE, 0.01
2545, 12, 107, Status.SNAKE, 0.01
2546, 16, 118, Status.SNAKE, 0.01
2547, 7, 48, Status.SNAKE, 0.01
2548, 12, 88, Status.WALL, 0.01
2549, 16, 95, Status.SNAKE, 0.01
2550, 5, 38, Status.WALL, 0.01
2551, 4, 24, Status.SNAKE, 0.01
2552, 10, 61, Status.SNAKE, 0.01
2553, 3, 25, Status.WALL, 0.01
2554, 8, 40, Status.WALL, 0.01
2555, 5, 48, Status.SNAKE, 0.01
2556, 5, 38, Status.WALL, 0.01
2557, 3, 18, Status.SNAKE, 0.01
2558, 13, 92, Status.SNAKE, 0.01
2559, 12, 71, Status.SNAKE, 0.01
2560, 11, 68, Status.SNAKE, 0.01
2561, 9, 71, Status.SNAKE, 0.01
2562, 2, 13, Status.WALL, 0.01
2563, 4, 21, Status.SNAKE, 0.01
2564, 5, 34, Status.SNAKE, 0.01
2565, 7, 37, Status.WALL, 0.01
2566, 6, 44, Status.SNAKE, 0.01
2567, 1, 9, Status.SNAKE, 0.01
2568, 13, 97, Status.SNAKE, 0.01
2569, 3, 16, Status.SNAKE, 0.01
2570, 4, 28, Status.SNAKE, 0.01
2571, 3, 22, Status.SNAKE, 0.01
2572, 4, 32, Status.SNAKE, 0.01
2573, 14, 134, Status.SNAKE, 0.01
2574, 7, 35, Status.SNAKE, 0.01
2575, 10, 79, Status.SNAKE, 0.01
2576, 1, 9, Status.WALL, 0.01
2577, 9, 45, Status.SNAKE, 0.01
2578, 16, 118, Status.SNAKE, 0.01
2579, 6, 48, Status.SNAKE, 0.01
2580, 15, 102, Status.SNAKE, 0.01
2581, 11, 66, Status.SNAKE, 0.01
2582, 4, 24, Status.SNAKE, 0.01
2583, 16, 135, Status.SNAKE, 0.01
2584, 8, 57, Status.SNAKE, 0.01
2585, 10, 55, Status.SNAKE, 0.01
2586, 6, 37, Status.SNAKE, 0.01
2587, 10, 69, Status.SNAKE, 0.01
2588, 8, 74, Status.SNAKE, 0.01
2589, 5, 27, Status.SNAKE, 0.01
2590, 7, 48, Status.SNAKE, 0.01
2591, 3, 29, Status.SNAKE, 0.01
2592, 10, 64, Status.SNAKE, 0.01
2593, 5, 37, Status.SNAKE, 0.01
2594, 13, 123, Status.SNAKE, 0.01
2595, 8, 65, Status.SNAKE, 0.01
2596, 5, 31, Status.SNAKE, 0.01
2597, 2, 21, Status.SNAKE, 0.01
2598, 20, 111, Status.SNAKE, 0.01
2599, 9, 50, Status.SNAKE, 0.01
2600, 7, 53, Status.SNAKE, 0.01
2601, 4, 21, Status.WALL, 0.01
2602, 16, 100, Status.SNAKE, 0.01
2603, 15, 118, Status.SNAKE, 0.01
2604, 10, 73, Status.SNAKE, 0.01
2605, 4, 26, Status.WALL, 0.01
2606, 2, 20, Status.WALL, 0.01
2607, 14, 69, Status.SNAKE, 0.01
2608, 7, 31, Status.SNAKE, 0.01
2609, 10, 73, Status.SNAKE, 0.01
2610, 2, 21, Status.SNAKE, 0.01
2611, 9, 58, Status.SNAKE, 0.01
2612, 10, 77, Status.SNAKE, 0.01
2613, 16, 93, Status.SNAKE, 0.01
2614, 8, 63, Status.SNAKE, 0.01
2615, 4, 18, Status.SNAKE, 0.01
2616, 7, 48, Status.SNAKE, 0.01
2617, 1, 5, Status.SNAKE, 0.01
2618, 9, 73, Status.SNAKE, 0.01
2619, 5, 28, Status.SNAKE, 0.01
2620, 9, 65, Status.SNAKE, 0.01
2621, 12, 73, Status.SNAKE, 0.01
2622, 8, 49, Status.SNAKE, 0.01
2623, 6, 25, Status.SNAKE, 0.01
2624, 13, 75, Status.SNAKE, 0.01
2625, 14, 107, Status.SNAKE, 0.01
2626, 2, 16, Status.SNAKE, 0.01
2627, 9, 60, Status.SNAKE, 0.01
2628, 3, 21, Status.WALL, 0.01
2629, 13, 68, Status.WALL, 0.01
2630, 16, 98, Status.SNAKE, 0.01
2631, 10, 64, Status.SNAKE, 0.01
2632, 9, 58, Status.SNAKE, 0.01
2633, 7, 47, Status.SNAKE, 0.01
2634, 15, 77, Status.WALL, 0.01
2635, 17, 80, Status.SNAKE, 0.01
2636, 8, 51, Status.SNAKE, 0.01
2637, 11, 83, Status.SNAKE, 0.01
2638, 6, 36, Status.SNAKE, 0.01
2639, 4, 17, Status.SNAKE, 0.01
2640, 9, 57, Status.SNAKE, 0.01
2641, 12, 78, Status.SNAKE, 0.01
2642, 2, 15, Status.SNAKE, 0.01
2643, 13, 88, Status.SNAKE, 0.01
2644, 5, 33, Status.SNAKE, 0.01
2645, 7, 40, Status.SNAKE, 0.01
2646, 22, 144, Status.SNAKE, 0.01
2647, 7, 40, Status.SNAKE, 0.01
2648, 10, 36, Status.SNAKE, 0.01
2649, 8, 62, Status.SNAKE, 0.01
2650, 16, 106, Status.SNAKE, 0.01
2651, 5, 39, Status.WALL, 0.01
2652, 4, 19, Status.SNAKE, 0.01
2653, 13, 90, Status.WALL, 0.01
2654, 2, 17, Status.SNAKE, 0.01
2655, 9, 62, Status.SNAKE, 0.01
2656, 10, 62, Status.SNAKE, 0.01
2657, 10, 69, Status.SNAKE, 0.01
2658, 13, 78, Status.SNAKE, 0.01
2659, 12, 66, Status.SNAKE, 0.01
2660, 5, 34, Status.SNAKE, 0.01
2661, 5, 40, Status.SNAKE, 0.01
2662, 7, 48, Status.SNAKE, 0.01
2663, 9, 70, Status.WALL, 0.01
2664, 5, 24, Status.SNAKE, 0.01
2665, 10, 81, Status.SNAKE, 0.01
2666, 8, 48, Status.WALL, 0.01
2667, 4, 28, Status.SNAKE, 0.01
2668, 16, 69, Status.SNAKE, 0.01
2669, 15, 155, Status.WALL, 0.01
2670, 11, 59, Status.SNAKE, 0.01
2671, 14, 97, Status.SNAKE, 0.01
2672, 9, 68, Status.SNAKE, 0.01
2673, 10, 67, Status.SNAKE, 0.01
2674, 6, 39, Status.SNAKE, 0.01
2675, 4, 24, Status.SNAKE, 0.01
2676, 15, 107, Status.WALL, 0.01
2677, 10, 59, Status.WALL, 0.01
2678, 16, 97, Status.SNAKE, 0.01
2679, 5, 36, Status.SNAKE, 0.01
2680, 7, 53, Status.SNAKE, 0.01
2681, 12, 88, Status.SNAKE, 0.01
2682, 7, 50, Status.SNAKE, 0.01
2683, 8, 48, Status.WALL, 0.01
2684, 8, 74, Status.SNAKE, 0.01
2685, 12, 109, Status.SNAKE, 0.01
2686, 3, 10, Status.SNAKE, 0.01
2687, 8, 57, Status.WALL, 0.01
2688, 7, 49, Status.SNAKE, 0.01
2689, 10, 53, Status.SNAKE, 0.01
2690, 6, 32, Status.SNAKE, 0.01
2691, 15, 109, Status.SNAKE, 0.01
2692, 18, 109, Status.SNAKE, 0.01
2693, 5, 39, Status.SNAKE, 0.01
2694, 10, 76, Status.SNAKE, 0.01
2695, 14, 114, Status.WALL, 0.01
2696, 12, 98, Status.SNAKE, 0.01
2697, 8, 71, Status.SNAKE, 0.01
2698, 18, 126, Status.SNAKE, 0.01
2699, 5, 30, Status.SNAKE, 0.01
2700, 2, 18, Status.SNAKE, 0.01
2701, 17, 122, Status.SNAKE, 0.01
2702, 7, 57, Status.WALL, 0.01
2703, 10, 88, Status.SNAKE, 0.01
2704, 10, 56, Status.SNAKE, 0.01
2705, 6, 43, Status.SNAKE, 0.01
2706, 15, 91, Status.SNAKE, 0.01
2707, 7, 36, Status.SNAKE, 0.01
2708, 10, 85, Status.SNAKE, 0.01
2709, 9, 67, Status.SNAKE, 0.01
2710, 4, 25, Status.SNAKE, 0.01
2711, 6, 42, Status.SNAKE, 0.01
2712, 9, 55, Status.SNAKE, 0.01
2713, 6, 38, Status.WALL, 0.01
2714, 3, 17, Status.SNAKE, 0.01
2715, 1, 5, Status.SNAKE, 0.01
2716, 1, 5, Status.SNAKE, 0.01
2717, 1, 8, Status.WALL, 0.01
2718, 7, 47, Status.SNAKE, 0.01
2719, 5, 35, Status.SNAKE, 0.01
2720, 22, 144, Status.SNAKE, 0.01
2721, 7, 37, Status.WALL, 0.01
2722, 8, 53, Status.SNAKE, 0.01
2723, 5, 35, Status.SNAKE, 0.01
2724, 6, 32, Status.SNAKE, 0.01
2725, 2, 23, Status.SNAKE, 0.01
2726, 8, 44, Status.SNAKE, 0.01
2727, 3, 30, Status.WALL, 0.01
2728, 12, 104, Status.SNAKE, 0.01
2729, 9, 64, Status.SNAKE, 0.01
2730, 8, 39, Status.SNAKE, 0.01
2731, 8, 53, Status.SNAKE, 0.01
2732, 1, 10, Status.WALL, 0.01
2733, 6, 49, Status.SNAKE, 0.01
2734, 7, 71, Status.SNAKE, 0.01
2735, 11, 61, Status.SNAKE, 0.01
2736, 6, 38, Status.SNAKE, 0.01
2737, 6, 30, Status.SNAKE, 0.01
2738, 8, 57, Status.SNAKE, 0.01
2739, 4, 22, Status.SNAKE, 0.01
2740, 1, 5, Status.SNAKE, 0.01
2741, 12, 50, Status.SNAKE, 0.01
2742, 15, 90, Status.SNAKE, 0.01
2743, 10, 68, Status.SNAKE, 0.01
2744, 7, 27, Status.SNAKE, 0.01
2745, 4, 29, Status.WALL, 0.01
2746, 8, 68, Status.SNAKE, 0.01
2747, 1, 8, Status.WALL, 0.01
2748, 3, 19, Status.WALL, 0.01
2749, 10, 71, Status.WALL, 0.01
2750, 10, 68, Status.WALL, 0.01
2751, 4, 18, Status.WALL, 0.01
2752, 1, 3, Status.SNAKE, 0.01
2753, 2, 27, Status.WALL, 0.01
2754, 4, 43, Status.WALL, 0.01
2755, 6, 41, Status.SNAKE, 0.01
2756, 7, 43, Status.WALL, 0.01
2757, 2, 24, Status.WALL, 0.01
2758, 13, 96, Status.SNAKE, 0.01
2759, 8, 63, Status.SNAKE, 0.01
2760, 9, 46, Status.SNAKE, 0.01
2761, 5, 43, Status.SNAKE, 0.01
2762, 12, 83, Status.SNAKE, 0.01
2763, 6, 45, Status.SNAKE, 0.01
2764, 5, 42, Status.WALL, 0.01
2765, 16, 120, Status.SNAKE, 0.01
2766, 6, 59, Status.WALL, 0.01
2767, 5, 42, Status.SNAKE, 0.01
2768, 5, 24, Status.SNAKE, 0.01
2769, 3, 16, Status.SNAKE, 0.01
2770, 2, 19, Status.WALL, 0.01
2771, 8, 46, Status.WALL, 0.01
2772, 3, 27, Status.SNAKE, 0.01
2773, 4, 23, Status.WALL, 0.01
2774, 11, 67, Status.SNAKE, 0.01
2775, 9, 54, Status.SNAKE, 0.01
2776, 5, 28, Status.SNAKE, 0.01
2777, 14, 119, Status.WALL, 0.01
2778, 14, 99, Status.SNAKE, 0.01
2779, 6, 46, Status.SNAKE, 0.01
2780, 10, 54, Status.SNAKE, 0.01
2781, 13, 104, Status.WALL, 0.01
2782, 8, 42, Status.SNAKE, 0.01
2783, 1, 3, Status.SNAKE, 0.01
2784, 8, 50, Status.WALL, 0.01
2785, 12, 91, Status.SNAKE, 0.01
2786, 9, 69, Status.SNAKE, 0.01
2787, 12, 76, Status.WALL, 0.01
2788, 5, 29, Status.WALL, 0.01
2789, 6, 28, Status.WALL, 0.01
2790, 3, 15, Status.SNAKE, 0.01
2791, 14, 114, Status.SNAKE, 0.01
2792, 9, 58, Status.SNAKE, 0.01
2793, 1, 8, Status.WALL, 0.01
2794, 6, 47, Status.SNAKE, 0.01
2795, 15, 107, Status.WALL, 0.01
2796, 4, 29, Status.SNAKE, 0.01
2797, 13, 109, Status.WALL, 0.01
2798, 2, 20, Status.WALL, 0.01
2799, 8, 52, Status.SNAKE, 0.01
2800, 7, 64, Status.SNAKE, 0.01
2801, 5, 33, Status.SNAKE, 0.01
2802, 14, 111, Status.SNAKE, 0.01
2803, 11, 83, Status.WALL, 0.01
2804, 6, 43, Status.SNAKE, 0.01
2805, 6, 52, Status.SNAKE, 0.01
2806, 9, 67, Status.SNAKE, 0.01
2807, 4, 37, Status.SNAKE, 0.01
2808, 13, 74, Status.SNAKE, 0.01
2809, 12, 81, Status.WALL, 0.01
2810, 11, 83, Status.SNAKE, 0.01
2811, 14, 115, Status.SNAKE, 0.01
2812, 15, 118, Status.SNAKE, 0.01
2813, 13, 94, Status.SNAKE, 0.01
2814, 6, 49, Status.SNAKE, 0.01
2815, 5, 36, Status.SNAKE, 0.01
2816, 3, 17, Status.SNAKE, 0.01
2817, 14, 94, Status.SNAKE, 0.01
2818, 1, 3, Status.SNAKE, 0.01
2819, 2, 10, Status.WALL, 0.01
2820, 10, 45, Status.SNAKE, 0.01
2821, 5, 24, Status.WALL, 0.01
2822, 5, 36, Status.WALL, 0.01
2823, 10, 82, Status.SNAKE, 0.01
2824, 9, 52, Status.SNAKE, 0.01
2825, 9, 60, Status.SNAKE, 0.01
2826, 6, 51, Status.SNAKE, 0.01
2827, 12, 69, Status.SNAKE, 0.01
2828, 8, 90, Status.SNAKE, 0.01
2829, 9, 85, Status.WALL, 0.01
2830, 7, 47, Status.SNAKE, 0.01
2831, 9, 62, Status.SNAKE, 0.01
2832, 10, 79, Status.SNAKE, 0.01
2833, 2, 13, Status.SNAKE, 0.01
2834, 10, 69, Status.SNAKE, 0.01
2835, 12, 70, Status.SNAKE, 0.01
2836, 15, 96, Status.SNAKE, 0.01
2837, 11, 71, Status.SNAKE, 0.01
2838, 12, 131, Status.SNAKE, 0.01
2839, 14, 110, Status.SNAKE, 0.01
2840, 16, 134, Status.SNAKE, 0.01
2841, 14, 92, Status.SNAKE, 0.01
2842, 13, 100, Status.SNAKE, 0.01
2843, 9, 51, Status.SNAKE, 0.01
2844, 4, 19, Status.SNAKE, 0.01
2845, 12, 76, Status.SNAKE, 0.01
2846, 7, 57, Status.SNAKE, 0.01
2847, 9, 49, Status.WALL, 0.01
2848, 19, 152, Status.SNAKE, 0.01
2849, 3, 19, Status.SNAKE, 0.01
2850, 10, 73, Status.WALL, 0.01
2851, 6, 40, Status.SNAKE, 0.01
2852, 15, 111, Status.SNAKE, 0.01
2853, 4, 19, Status.SNAKE, 0.01
2854, 6, 42, Status.WALL, 0.01
2855, 15, 125, Status.SNAKE, 0.01
2856, 15, 122, Status.SNAKE, 0.01
2857, 6, 32, Status.SNAKE, 0.01
2858, 3, 21, Status.SNAKE, 0.01
2859, 14, 110, Status.SNAKE, 0.01
2860, 14, 93, Status.SNAKE, 0.01
2861, 7, 41, Status.SNAKE, 0.01
2862, 3, 32, Status.SNAKE, 0.01
2863, 6, 28, Status.SNAKE, 0.01
2864, 2, 22, Status.WALL, 0.01
2865, 3, 16, Status.WALL, 0.01
2866, 14, 96, Status.SNAKE, 0.01
2867, 2, 12, Status.SNAKE, 0.01
2868, 2, 13, Status.SNAKE, 0.01
2869, 2, 10, Status.SNAKE, 0.01
2870, 12, 89, Status.SNAKE, 0.01
2871, 14, 84, Status.WALL, 0.01
2872, 11, 77, Status.SNAKE, 0.01
2873, 6, 42, Status.SNAKE, 0.01
2874, 5, 51, Status.SNAKE, 0.01
2875, 18, 123, Status.SNAKE, 0.01
2876, 12, 86, Status.SNAKE, 0.01
2877, 8, 57, Status.SNAKE, 0.01
2878, 10, 62, Status.SNAKE, 0.01
2879, 9, 63, Status.SNAKE, 0.01
2880, 15, 121, Status.SNAKE, 0.01
2881, 9, 77, Status.SNAKE, 0.01
2882, 3, 16, Status.SNAKE, 0.01
2883, 1, 17, Status.WALL, 0.01
2884, 7, 55, Status.SNAKE, 0.01
2885, 27, 192, Status.SNAKE, 0.01
2886, 13, 81, Status.SNAKE, 0.01
2887, 12, 79, Status.SNAKE, 0.01
2888, 13, 106, Status.SNAKE, 0.01
2889, 10, 80, Status.WALL, 0.01
2890, 5, 28, Status.WALL, 0.01
2891, 8, 68, Status.WALL, 0.01
2892, 11, 67, Status.SNAKE, 0.01
2893, 10, 62, Status.SNAKE, 0.01
2894, 4, 39, Status.WALL, 0.01
2895, 6, 49, Status.SNAKE, 0.01
2896, 6, 53, Status.SNAKE, 0.01
2897, 11, 78, Status.SNAKE, 0.01
2898, 17, 128, Status.SNAKE, 0.01
2899, 9, 60, Status.SNAKE, 0.01
2900, 13, 103, Status.SNAKE, 0.01
2901, 19, 152, Status.SNAKE, 0.01
2902, 6, 32, Status.SNAKE, 0.01
2903, 6, 44, Status.SNAKE, 0.01
2904, 1, 3, Status.SNAKE, 0.01
2905, 11, 70, Status.SNAKE, 0.01
2906, 10, 77, Status.SNAKE, 0.01
2907, 7, 52, Status.SNAKE, 0.01
2908, 8, 68, Status.WALL, 0.01
2909, 9, 68, Status.SNAKE, 0.01
2910, 15, 116, Status.SNAKE, 0.01
2911, 9, 54, Status.SNAKE, 0.01
2912, 7, 49, Status.SNAKE, 0.01
2913, 11, 79, Status.SNAKE, 0.01
2914, 13, 90, Status.SNAKE, 0.01
2915, 13, 128, Status.SNAKE, 0.01
2916, 5, 37, Status.SNAKE, 0.01
2917, 9, 61, Status.WALL, 0.01
2918, 19, 123, Status.SNAKE, 0.01
2919, 5, 35, Status.SNAKE, 0.01
2920, 10, 77, Status.SNAKE, 0.01
2921, 3, 30, Status.SNAKE, 0.01
2922, 5, 31, Status.WALL, 0.01
2923, 10, 70, Status.WALL, 0.01
2924, 17, 109, Status.SNAKE, 0.01
2925, 16, 109, Status.SNAKE, 0.01
2926, 14, 79, Status.WALL, 0.01
2927, 7, 56, Status.SNAKE, 0.01
2928, 4, 29, Status.WALL, 0.01
2929, 7, 48, Status.SNAKE, 0.01
2930, 13, 118, Status.SNAKE, 0.01
2931, 1, 9, Status.WALL, 0.01
2932, 3, 32, Status.WALL, 0.01
2933, 4, 26, Status.SNAKE, 0.01
2934, 3, 17, Status.WALL, 0.01
2935, 12, 92, Status.SNAKE, 0.01
2936, 13, 89, Status.SNAKE, 0.01
2937, 9, 68, Status.WALL, 0.01
2938, 7, 45, Status.SNAKE, 0.01
2939, 4, 25, Status.SNAKE, 0.01
2940, 1, 11, Status.WALL, 0.01
2941, 4, 25, Status.SNAKE, 0.01
2942, 12, 92, Status.WALL, 0.01
2943, 6, 46, Status.SNAKE, 0.01
2944, 4, 15, Status.WALL, 0.01
2945, 9, 59, Status.WALL, 0.01
2946, 5, 35, Status.SNAKE, 0.01
2947, 13, 121, Status.SNAKE, 0.01
2948, 3, 29, Status.SNAKE, 0.01
2949, 6, 38, Status.WALL, 0.01
2950, 1, 5, Status.SNAKE, 0.01
2951, 13, 98, Status.SNAKE, 0.01
2952, 10, 77, Status.SNAKE, 0.01
2953, 3, 28, Status.WALL, 0.01
2954, 15, 91, Status.SNAKE, 0.01
2955, 3, 18, Status.SNAKE, 0.01
2956, 5, 27, Status.SNAKE, 0.01
2957, 9, 74, Status.SNAKE, 0.01
2958, 8, 53, Status.WALL, 0.01
2959, 10, 67, Status.SNAKE, 0.01
2960, 11, 61, Status.WALL, 0.01
2961, 10, 66, Status.SNAKE, 0.01
2962, 3, 12, Status.SNAKE, 0.01
2963, 6, 43, Status.WALL, 0.01
2964, 4, 34, Status.SNAKE, 0.01
2965, 17, 134, Status.SNAKE, 0.01
2966, 5, 38, Status.SNAKE, 0.01
2967, 12, 81, Status.SNAKE, 0.01
2968, 11, 55, Status.SNAKE, 0.01
2969, 10, 67, Status.SNAKE, 0.01
2970, 8, 60, Status.WALL, 0.01
2971, 3, 16, Status.WALL, 0.01
2972, 9, 68, Status.SNAKE, 0.01
2973, 14, 93, Status.SNAKE, 0.01
2974, 5, 40, Status.SNAKE, 0.01
2975, 16, 76, Status.SNAKE, 0.01
2976, 11, 77, Status.SNAKE, 0.01
2977, 13, 80, Status.SNAKE, 0.01
2978, 9, 75, Status.SNAKE, 0.01
2979, 13, 93, Status.SNAKE, 0.01
2980, 9, 86, Status.SNAKE, 0.01
2981, 8, 59, Status.WALL, 0.01
2982, 12, 71, Status.WALL, 0.01
2983, 8, 41, Status.SNAKE, 0.01
2984, 18, 160, Status.WALL, 0.01
2985, 12, 96, Status.SNAKE, 0.01
2986, 12, 92, Status.SNAKE, 0.01
2987, 10, 67, Status.SNAKE, 0.01
2988, 7, 50, Status.SNAKE, 0.01
2989, 4, 34, Status.SNAKE, 0.01
2990, 3, 24, Status.SNAKE, 0.01
2991, 7, 66, Status.SNAKE, 0.01
2992, 9, 75, Status.WALL, 0.01
2993, 8, 56, Status.SNAKE, 0.01
2994, 6, 59, Status.SNAKE, 0.01
2995, 11, 58, Status.WALL, 0.01
2996, 11, 68, Status.WALL, 0.01
2997, 5, 39, Status.SNAKE, 0.01
2998, 2, 15, Status.SNAKE, 0.01
2999, 4, 23, Status.SNAKE, 0.01
3000, 7, 41, Status.WALL, 0.01
3001, 5, 61, Status.WALL, 0.01
3002, 6, 36, Status.SNAKE, 0.01
3003, 7, 44, Status.SNAKE, 0.01
3004, 11, 73, Status.SNAKE, 0.01
3005, 6, 45, Status.SNAKE, 0.01
3006, 21, 132, Status.SNAKE, 0.01
3007, 5, 42, Status.WALL, 0.01
3008, 11, 78, Status.WALL, 0.01
3009, 16, 103, Status.SNAKE, 0.01
3010, 13, 99, Status.SNAKE, 0.01
3011, 6, 62, Status.WALL, 0.01
3012, 4, 23, Status.SNAKE, 0.01
3013, 9, 52, Status.WALL, 0.01
3014, 14, 105, Status.SNAKE, 0.01
3015, 10, 101, Status.SNAKE, 0.01
3016, 8, 55, Status.SNAKE, 0.01
3017, 5, 50, Status.SNAKE, 0.01
3018, 11, 72, Status.SNAKE, 0.01
3019, 9, 72, Status.WALL, 0.01
3020, 11, 85, Status.SNAKE, 0.01
3021, 5, 23, Status.SNAKE, 0.01
3022, 12, 93, Status.SNAKE, 0.01
3023, 1, 3, Status.SNAKE, 0.01
3024, 10, 89, Status.SNAKE, 0.01
3025, 17, 117, Status.SNAKE, 0.01
3026, 11, 88, Status.SNAKE, 0.01
3027, 7, 43, Status.SNAKE, 0.01
3028, 9, 81, Status.WALL, 0.01
3029, 5, 33, Status.SNAKE, 0.01
3030, 4, 29, Status.WALL, 0.01
3031, 12, 71, Status.SNAKE, 0.01
3032, 15, 92, Status.WALL, 0.01
3033, 1, 8, Status.WALL, 0.01
3034, 8, 54, Status.SNAKE, 0.01
3035, 6, 31, Status.WALL, 0.01
3036, 9, 56, Status.SNAKE, 0.01
3037, 4, 30, Status.SNAKE, 0.01
3038, 10, 69, Status.SNAKE, 0.01
3039, 4, 24, Status.SNAKE, 0.01
3040, 9, 66, Status.SNAKE, 0.01
3041, 8, 37, Status.SNAKE, 0.01
3042, 5, 54, Status.WALL, 0.01
3043, 14, 80, Status.SNAKE, 0.01
3044, 4, 29, Status.WALL, 0.01
3045, 5, 31, Status.SNAKE, 0.01
3046, 2, 8, Status.SNAKE, 0.01
3047, 11, 83, Status.SNAKE, 0.01
3048, 17, 124, Status.SNAKE, 0.01
3049, 3, 25, Status.SNAKE, 0.01
3050, 4, 13, Status.WALL, 0.01
3051, 17, 140, Status.SNAKE, 0.01
3052, 11, 80, Status.SNAKE, 0.01
3053, 7, 52, Status.SNAKE, 0.01
3054, 12, 72, Status.SNAKE, 0.01
3055, 5, 28, Status.WALL, 0.01
3056, 15, 99, Status.SNAKE, 0.01
3057, 8, 71, Status.WALL, 0.01
3058, 13, 84, Status.WALL, 0.01
3059, 7, 43, Status.SNAKE, 0.01
3060, 7, 64, Status.WALL, 0.01
3061, 13, 86, Status.SNAKE, 0.01
3062, 13, 71, Status.SNAKE, 0.01
3063, 11, 84, Status.SNAKE, 0.01
3064, 9, 82, Status.SNAKE, 0.01
3065, 13, 93, Status.SNAKE, 0.01
3066, 9, 59, Status.SNAKE, 0.01
3067, 13, 113, Status.SNAKE, 0.01
3068, 4, 16, Status.WALL, 0.01
3069, 16, 84, Status.WALL, 0.01
3070, 7, 54, Status.SNAKE, 0.01
3071, 4, 26, Status.WALL, 0.01
3072, 11, 87, Status.SNAKE, 0.01
3073, 13, 80, Status.SNAKE, 0.01
3074, 8, 77, Status.WALL, 0.01
3075, 8, 49, Status.SNAKE, 0.01
3076, 7, 37, Status.SNAKE, 0.01
3077, 10, 80, Status.SNAKE, 0.01
3078, 9, 67, Status.SNAKE, 0.01
3079, 7, 59, Status.SNAKE, 0.01
3080, 13, 82, Status.SNAKE, 0.01
3081, 8, 40, Status.WALL, 0.01
3082, 13, 82, Status.SNAKE, 0.01
3083, 9, 75, Status.SNAKE, 0.01
3084, 4, 30, Status.SNAKE, 0.01
3085, 18, 150, Status.SNAKE, 0.01
3086, 8, 60, Status.SNAKE, 0.01
3087, 2, 14, Status.WALL, 0.01
3088, 21, 133, Status.SNAKE, 0.01
3089, 7, 45, Status.SNAKE, 0.01
3090, 11, 72, Status.SNAKE, 0.01
3091, 6, 70, Status.WALL, 0.01
3092, 6, 47, Status.SNAKE, 0.01
3093, 12, 95, Status.SNAKE, 0.01
3094, 4, 24, Status.SNAKE, 0.01
3095, 6, 27, Status.SNAKE, 0.01
3096, 13, 76, Status.SNAKE, 0.01
3097, 13, 94, Status.WALL, 0.01
3098, 7, 51, Status.SNAKE, 0.01
3099, 7, 55, Status.SNAKE, 0.01
3100, 4, 19, Status.SNAKE, 0.01
3101, 11, 59, Status.SNAKE, 0.01
3102, 14, 97, Status.SNAKE, 0.01
3103, 8, 47, Status.SNAKE, 0.01
3104, 2, 8, Status.WALL, 0.01
3105, 12, 77, Status.WALL, 0.01
3106, 12, 81, Status.SNAKE, 0.01
3107, 12, 91, Status.WALL, 0.01
3108, 11, 99, Status.WALL, 0.01
3109, 9, 50, Status.SNAKE, 0.01
3110, 6, 49, Status.SNAKE, 0.01
3111, 4, 25, Status.SNAKE, 0.01
3112, 14, 93, Status.SNAKE, 0.01
3113, 6, 49, Status.SNAKE, 0.01
3114, 13, 68, Status.SNAKE, 0.01
3115, 2, 13, Status.SNAKE, 0.01
3116, 14, 112, Status.SNAKE, 0.01
3117, 12, 78, Status.WALL, 0.01
3118, 11, 88, Status.SNAKE, 0.01
3119, 12, 72, Status.SNAKE, 0.01
3120, 15, 99, Status.SNAKE, 0.01
3121, 18, 150, Status.SNAKE, 0.01
3122, 9, 77, Status.SNAKE, 0.01
3123, 6, 44, Status.SNAKE, 0.01
3124, 12, 82, Status.SNAKE, 0.01
3125, 16, 122, Status.SNAKE, 0.01
3126, 6, 37, Status.SNAKE, 0.01
3127, 8, 78, Status.WALL, 0.01
3128, 17, 121, Status.SNAKE, 0.01
3129, 13, 82, Status.WALL, 0.01
3130, 8, 58, Status.WALL, 0.01
3131, 14, 94, Status.SNAKE, 0.01
3132, 5, 33, Status.SNAKE, 0.01
3133, 6, 46, Status.WALL, 0.01
3134, 12, 60, Status.SNAKE, 0.01
3135, 10, 85, Status.SNAKE, 0.01
3136, 1, 13, Status.WALL, 0.01
3137, 2, 19, Status.SNAKE, 0.01
3138, 14, 90, Status.SNAKE, 0.01
3139, 5, 38, Status.SNAKE, 0.01
3140, 4, 31, Status.SNAKE, 0.01
3141, 7, 32, Status.SNAKE, 0.01
3142, 15, 117, Status.WALL, 0.01
3143, 8, 61, Status.WALL, 0.01
3144, 6, 48, Status.SNAKE, 0.01
3145, 5, 41, Status.SNAKE, 0.01
3146, 16, 112, Status.SNAKE, 0.01
3147, 14, 119, Status.WALL, 0.01
3148, 13, 74, Status.SNAKE, 0.01
3149, 8, 52, Status.WALL, 0.01
3150, 5, 41, Status.SNAKE, 0.01
3151, 21, 105, Status.SNAKE, 0.01
3152, 7, 45, Status.SNAKE, 0.01
3153, 5, 43, Status.WALL, 0.01
3154, 1, 5, Status.SNAKE, 0.01
3155, 8, 37, Status.SNAKE, 0.01
3156, 1, 7, Status.SNAKE, 0.01
3157, 3, 8, Status.SNAKE, 0.01
3158, 15, 135, Status.SNAKE, 0.01
3159, 4, 24, Status.WALL, 0.01
3160, 11, 86, Status.SNAKE, 0.01
3161, 8, 65, Status.SNAKE, 0.01
3162, 2, 12, Status.WALL, 0.01
3163, 11, 72, Status.SNAKE, 0.01
3164, 16, 129, Status.SNAKE, 0.01
3165, 1, 11, Status.WALL, 0.01
3166, 16, 97, Status.SNAKE, 0.01
3167, 11, 67, Status.SNAKE, 0.01
3168, 14, 82, Status.SNAKE, 0.01
3169, 19, 130, Status.WALL, 0.01
3170, 10, 72, Status.SNAKE, 0.01
3171, 1, 15, Status.WALL, 0.01
3172, 21, 135, Status.WALL, 0.01
3173, 7, 39, Status.SNAKE, 0.01
3174, 2, 11, Status.SNAKE, 0.01
3175, 18, 121, Status.SNAKE, 0.01
3176, 17, 129, Status.SNAKE, 0.01
3177, 11, 94, Status.SNAKE, 0.01
3178, 5, 36, Status.SNAKE, 0.01
3179, 18, 130, Status.SNAKE, 0.01
3180, 4, 33, Status.SNAKE, 0.01
3181, 5, 39, Status.WALL, 0.01
3182, 9, 69, Status.SNAKE, 0.01
3183, 8, 75, Status.SNAKE, 0.01
3184, 3, 22, Status.SNAKE, 0.01
3185, 13, 104, Status.SNAKE, 0.01
3186, 4, 38, Status.WALL, 0.01
3187, 13, 70, Status.SNAKE, 0.01
3188, 7, 52, Status.SNAKE, 0.01
3189, 10, 62, Status.SNAKE, 0.01
3190, 3, 20, Status.SNAKE, 0.01
3191, 6, 34, Status.WALL, 0.01
3192, 8, 47, Status.SNAKE, 0.01
3193, 15, 113, Status.SNAKE, 0.01
3194, 12, 109, Status.SNAKE, 0.01
3195, 11, 55, Status.WALL, 0.01
3196, 11, 56, Status.WALL, 0.01
3197, 16, 166, Status.SNAKE, 0.01
3198, 6, 68, Status.SNAKE, 0.01
3199, 8, 51, Status.SNAKE, 0.01
3200, 16, 86, Status.SNAKE, 0.01
3201, 1, 5, Status.SNAKE, 0.01
3202, 12, 102, Status.SNAKE, 0.01
3203, 9, 49, Status.SNAKE, 0.01
3204, 11, 94, Status.SNAKE, 0.01
3205, 1, 5, Status.SNAKE, 0.01
3206, 6, 45, Status.SNAKE, 0.01
3207, 11, 51, Status.SNAKE, 0.01
3208, 18, 141, Status.WALL, 0.01
3209, 13, 100, Status.SNAKE, 0.01
3210, 3, 26, Status.WALL, 0.01
3211, 10, 83, Status.SNAKE, 0.01
3212, 3, 10, Status.SNAKE, 0.01
3213, 3, 13, Status.WALL, 0.01
3214, 11, 101, Status.WALL, 0.01
3215, 2, 15, Status.WALL, 0.01
3216, 3, 15, Status.WALL, 0.01
3217, 12, 74, Status.WALL, 0.01
3218, 3, 17, Status.SNAKE, 0.01
3219, 8, 67, Status.WALL, 0.01
3220, 14, 93, Status.SNAKE, 0.01
3221, 4, 16, Status.SNAKE, 0.01
3222, 4, 32, Status.SNAKE, 0.01
3223, 13, 81, Status.SNAKE, 0.01
3224, 7, 46, Status.SNAKE, 0.01
3225, 14, 89, Status.SNAKE, 0.01
3226, 4, 40, Status.SNAKE, 0.01
3227, 5, 59, Status.WALL, 0.01
3228, 6, 49, Status.SNAKE, 0.01
3229, 3, 21, Status.WALL, 0.01
3230, 16, 115, Status.SNAKE, 0.01
3231, 9, 56, Status.SNAKE, 0.01
3232, 3, 24, Status.SNAKE, 0.01
3233, 5, 28, Status.SNAKE, 0.01
3234, 2, 25, Status.WALL, 0.01
3235, 2, 12, Status.WALL, 0.01
3236, 11, 74, Status.SNAKE, 0.01
3237, 4, 18, Status.SNAKE, 0.01
3238, 3, 11, Status.WALL, 0.01
3239, 15, 77, Status.SNAKE, 0.01
3240, 9, 71, Status.SNAKE, 0.01
3241, 4, 22, Status.SNAKE, 0.01
3242, 9, 75, Status.SNAKE, 0.01
3243, 1, 5, Status.SNAKE, 0.01
3244, 3, 23, Status.WALL, 0.01
3245, 12, 82, Status.SNAKE, 0.01
3246, 10, 78, Status.SNAKE, 0.01
3247, 8, 53, Status.SNAKE, 0.01
3248, 6, 35, Status.SNAKE, 0.01
3249, 7, 29, Status.SNAKE, 0.01
3250, 8, 44, Status.SNAKE, 0.01
3251, 11, 77, Status.SNAKE, 0.01
3252, 13, 92, Status.WALL, 0.01
3253, 9, 84, Status.SNAKE, 0.01
3254, 8, 73, Status.SNAKE, 0.01
3255, 11, 79, Status.SNAKE, 0.01
3256, 5, 43, Status.SNAKE, 0.01
3257, 4, 25, Status.SNAKE, 0.01
3258, 17, 91, Status.WALL, 0.01
3259, 11, 80, Status.SNAKE, 0.01
3260, 9, 71, Status.SNAKE, 0.01
3261, 14, 113, Status.WALL, 0.01
3262, 9, 71, Status.SNAKE, 0.01
3263, 6, 44, Status.SNAKE, 0.01
3264, 11, 76, Status.WALL, 0.01
3265, 4, 27, Status.WALL, 0.01
3266, 6, 25, Status.WALL, 0.01
3267, 13, 79, Status.SNAKE, 0.01
3268, 4, 39, Status.SNAKE, 0.01
3269, 11, 66, Status.SNAKE, 0.01
3270, 8, 53, Status.WALL, 0.01
3271, 12, 68, Status.SNAKE, 0.01
3272, 3, 27, Status.SNAKE, 0.01
3273, 8, 57, Status.SNAKE, 0.01
3274, 6, 36, Status.SNAKE, 0.01
3275, 2, 26, Status.SNAKE, 0.01
3276, 8, 54, Status.SNAKE, 0.01
3277, 19, 138, Status.SNAKE, 0.01
3278, 9, 61, Status.SNAKE, 0.01
3279, 5, 39, Status.SNAKE, 0.01
3280, 7, 31, Status.SNAKE, 0.01
3281, 6, 49, Status.SNAKE, 0.01
3282, 4, 21, Status.WALL, 0.01
3283, 9, 84, Status.SNAKE, 0.01
3284, 5, 45, Status.SNAKE, 0.01
3285, 6, 39, Status.SNAKE, 0.01
3286, 10, 89, Status.SNAKE, 0.01
3287, 3, 24, Status.SNAKE, 0.01
3288, 4, 30, Status.SNAKE, 0.01
3289, 5, 35, Status.SNAKE, 0.01
3290, 15, 109, Status.WALL, 0.01
3291, 3, 21, Status.SNAKE, 0.01
3292, 1, 12, Status.SNAKE, 0.01
3293, 10, 66, Status.WALL, 0.01
3294, 12, 73, Status.SNAKE, 0.01
3295, 10, 65, Status.SNAKE, 0.01
3296, 2, 10, Status.SNAKE, 0.01
3297, 5, 25, Status.SNAKE, 0.01
3298, 5, 32, Status.SNAKE, 0.01
3299, 17, 93, Status.SNAKE, 0.01
3300, 12, 99, Status.SNAKE, 0.01
3301, 7, 54, Status.SNAKE, 0.01
3302, 3, 19, Status.SNAKE, 0.01
3303, 15, 104, Status.SNAKE, 0.01
3304, 10, 82, Status.SNAKE, 0.01
3305, 5, 40, Status.SNAKE, 0.01
3306, 6, 33, Status.SNAKE, 0.01
3307, 13, 101, Status.SNAKE, 0.01
3308, 5, 33, Status.SNAKE, 0.01
3309, 7, 41, Status.SNAKE, 0.01
3310, 2, 11, Status.SNAKE, 0.01
3311, 7, 39, Status.SNAKE, 0.01
3312, 10, 88, Status.WALL, 0.01
3313, 9, 82, Status.WALL, 0.01
3314, 7, 42, Status.SNAKE, 0.01
3315, 2, 22, Status.WALL, 0.01
3316, 10, 71, Status.WALL, 0.01
3317, 3, 14, Status.SNAKE, 0.01
3318, 7, 42, Status.WALL, 0.01
3319, 0, 6, Status.WALL, 0.01
3320, 2, 9, Status.WALL, 0.01
3321, 2, 23, Status.WALL, 0.01
3322, 7, 49, Status.SNAKE, 0.01
3323, 8, 65, Status.SNAKE, 0.01
3324, 2, 31, Status.WALL, 0.01
3325, 6, 46, Status.SNAKE, 0.01
3326, 9, 58, Status.SNAKE, 0.01
3327, 4, 34, Status.WALL, 0.01
3328, 5, 49, Status.WALL, 0.01
3329, 18, 148, Status.SNAKE, 0.01
3330, 3, 12, Status.SNAKE, 0.01
3331, 6, 40, Status.WALL, 0.01
3332, 1, 5, Status.SNAKE, 0.01
3333, 8, 61, Status.SNAKE, 0.01
3334, 13, 68, Status.SNAKE, 0.01
3335, 5, 36, Status.SNAKE, 0.01
3336, 8, 46, Status.WALL, 0.01
3337, 8, 62, Status.WALL, 0.01
3338, 7, 49, Status.SNAKE, 0.01
3339, 14, 79, Status.SNAKE, 0.01
3340, 5, 29, Status.SNAKE, 0.01
3341, 11, 72, Status.SNAKE, 0.01
3342, 6, 47, Status.WALL, 0.01
3343, 5, 44, Status.SNAKE, 0.01
3344, 8, 51, Status.SNAKE, 0.01
3345, 11, 82, Status.SNAKE, 0.01
3346, 6, 41, Status.SNAKE, 0.01
3347, 14, 107, Status.SNAKE, 0.01
3348, 11, 68, Status.SNAKE, 0.01
3349, 2, 13, Status.SNAKE, 0.01
3350, 9, 70, Status.WALL, 0.01
3351, 6, 43, Status.WALL, 0.01
3352, 12, 93, Status.SNAKE, 0.01
3353, 4, 24, Status.WALL, 0.01
3354, 4, 16, Status.WALL, 0.01
3355, 2, 26, Status.SNAKE, 0.01
3356, 10, 85, Status.SNAKE, 0.01
3357, 4, 27, Status.SNAKE, 0.01
3358, 8, 62, Status.WALL, 0.01
3359, 7, 43, Status.WALL, 0.01
3360, 15, 84, Status.WALL, 0.01
3361, 2, 10, Status.SNAKE, 0.01
3362, 12, 75, Status.SNAKE, 0.01
3363, 5, 18, Status.WALL, 0.01
3364, 2, 6, Status.SNAKE, 0.01
3365, 3, 21, Status.SNAKE, 0.01
3366, 9, 51, Status.SNAKE, 0.01
3367, 5, 35, Status.SNAKE, 0.01
3368, 7, 30, Status.SNAKE, 0.01
3369, 7, 58, Status.SNAKE, 0.01
3370, 3, 22, Status.SNAKE, 0.01
3371, 4, 21, Status.SNAKE, 0.01
3372, 6, 36, Status.SNAKE, 0.01
3373, 9, 59, Status.SNAKE, 0.01
3374, 3, 20, Status.WALL, 0.01
3375, 9, 65, Status.SNAKE, 0.01
3376, 5, 31, Status.SNAKE, 0.01
3377, 8, 46, Status.SNAKE, 0.01
3378, 20, 109, Status.SNAKE, 0.01
3379, 13, 115, Status.SNAKE, 0.01
3380, 7, 48, Status.SNAKE, 0.01
3381, 11, 60, Status.SNAKE, 0.01
3382, 9, 63, Status.WALL, 0.01
3383, 10, 66, Status.SNAKE, 0.01
3384, 8, 65, Status.WALL, 0.01
3385, 9, 36, Status.SNAKE, 0.01
3386, 9, 78, Status.SNAKE, 0.01
3387, 13, 94, Status.SNAKE, 0.01
3388, 8, 62, Status.SNAKE, 0.01
3389, 11, 74, Status.WALL, 0.01
3390, 12, 90, Status.WALL, 0.01
3391, 7, 48, Status.SNAKE, 0.01
3392, 17, 108, Status.SNAKE, 0.01
3393, 11, 78, Status.SNAKE, 0.01
3394, 13, 106, Status.SNAKE, 0.01
3395, 10, 73, Status.SNAKE, 0.01
3396, 12, 73, Status.SNAKE, 0.01
3397, 11, 57, Status.SNAKE, 0.01
3398, 3, 13, Status.SNAKE, 0.01
3399, 10, 81, Status.SNAKE, 0.01
3400, 9, 43, Status.SNAKE, 0.01
3401, 15, 114, Status.SNAKE, 0.01
3402, 9, 59, Status.SNAKE, 0.01
3403, 7, 45, Status.SNAKE, 0.01
3404, 8, 42, Status.SNAKE, 0.01
3405, 11, 74, Status.SNAKE, 0.01
3406, 18, 129, Status.SNAKE, 0.01
3407, 4, 22, Status.SNAKE, 0.01
3408, 9, 61, Status.WALL, 0.01
3409, 12, 91, Status.SNAKE, 0.01
3410, 6, 34, Status.SNAKE, 0.01
3411, 5, 25, Status.SNAKE, 0.01
3412, 7, 52, Status.SNAKE, 0.01
3413, 7, 47, Status.SNAKE, 0.01
3414, 5, 30, Status.SNAKE, 0.01
3415, 4, 41, Status.SNAKE, 0.01
3416, 8, 57, Status.SNAKE, 0.01
3417, 12, 107, Status.SNAKE, 0.01
3418, 3, 24, Status.WALL, 0.01
3419, 17, 127, Status.WALL, 0.01
3420, 5, 29, Status.SNAKE, 0.01
3421, 4, 21, Status.SNAKE, 0.01
3422, 6, 34, Status.WALL, 0.01
3423, 9, 63, Status.SNAKE, 0.01
3424, 2, 28, Status.WALL, 0.01
3425, 6, 43, Status.SNAKE, 0.01
3426, 2, 19, Status.WALL, 0.01
3427, 5, 40, Status.SNAKE, 0.01
3428, 11, 85, Status.WALL, 0.01
3429, 9, 57, Status.SNAKE, 0.01
3430, 5, 33, Status.SNAKE, 0.01
3431, 11, 81, Status.WALL, 0.01
3432, 10, 73, Status.SNAKE, 0.01
3433, 4, 21, Status.SNAKE, 0.01
3434, 7, 39, Status.SNAKE, 0.01
3435, 9, 67, Status.SNAKE, 0.01
3436, 4, 25, Status.SNAKE, 0.01
3437, 8, 77, Status.SNAKE, 0.01
3438, 7, 49, Status.SNAKE, 0.01
3439, 11, 78, Status.SNAKE, 0.01
3440, 10, 62, Status.SNAKE, 0.01
3441, 13, 99, Status.SNAKE, 0.01
3442, 10, 68, Status.SNAKE, 0.01
3443, 9, 50, Status.SNAKE, 0.01
3444, 13, 78, Status.WALL, 0.01
3445, 1, 3, Status.SNAKE, 0.01
3446, 5, 28, Status.WALL, 0.01
3447, 13, 108, Status.WALL, 0.01
3448, 4, 25, Status.SNAKE, 0.01
3449, 7, 29, Status.SNAKE, 0.01
3450, 11, 80, Status.WALL, 0.01
3451, 9, 54, Status.WALL, 0.01
3452, 13, 86, Status.SNAKE, 0.01
3453, 11, 76, Status.SNAKE, 0.01
3454, 8, 63, Status.SNAKE, 0.01
3455, 2, 25, Status.SNAKE, 0.01
3456, 10, 62, Status.SNAKE, 0.01
3457, 6, 46, Status.SNAKE, 0.01
3458, 8, 49, Status.SNAKE, 0.01
3459, 11, 51, Status.SNAKE, 0.01
3460, 7, 46, Status.SNAKE, 0.01
3461, 14, 94, Status.SNAKE, 0.01
3462, 9, 78, Status.SNAKE, 0.01
3463, 8, 47, Status.SNAKE, 0.01
3464, 15, 99, Status.SNAKE, 0.01
3465, 18, 122, Status.SNAKE, 0.01
3466, 2, 6, Status.SNAKE, 0.01
3467, 11, 98, Status.SNAKE, 0.01
3468, 14, 89, Status.SNAKE, 0.01
3469, 12, 84, Status.SNAKE, 0.01
3470, 10, 60, Status.SNAKE, 0.01
3471, 6, 43, Status.WALL, 0.01
3472, 9, 52, Status.SNAKE, 0.01
3473, 11, 69, Status.SNAKE, 0.01
3474, 3, 26, Status.SNAKE, 0.01
3475, 12, 83, Status.WALL, 0.01
3476, 8, 46, Status.SNAKE, 0.01
3477, 18, 92, Status.WALL, 0.01
3478, 18, 155, Status.SNAKE, 0.01
3479, 3, 8, Status.SNAKE, 0.01
3480, 8, 41, Status.SNAKE, 0.01
3481, 5, 34, Status.SNAKE, 0.01
3482, 2, 16, Status.SNAKE, 0.01
3483, 7, 48, Status.SNAKE, 0.01
3484, 8, 56, Status.SNAKE, 0.01
3485, 10, 84, Status.SNAKE, 0.01
3486, 8, 60, Status.SNAKE, 0.01
3487, 5, 40, Status.WALL, 0.01
3488, 9, 67, Status.SNAKE, 0.01
3489, 9, 76, Status.SNAKE, 0.01
3490, 1, 10, Status.WALL, 0.01
3491, 7, 39, Status.SNAKE, 0.01
3492, 7, 51, Status.SNAKE, 0.01
3493, 5, 34, Status.SNAKE, 0.01
3494, 18, 136, Status.SNAKE, 0.01
3495, 6, 34, Status.WALL, 0.01
3496, 9, 81, Status.SNAKE, 0.01
3497, 9, 50, Status.SNAKE, 0.01
3498, 8, 69, Status.WALL, 0.01
3499, 9, 63, Status.SNAKE, 0.01
3500, 10, 69, Status.SNAKE, 0.01
3501, 18, 132, Status.SNAKE, 0.01
3502, 1, 14, Status.WALL, 0.01
3503, 9, 53, Status.SNAKE, 0.01
3504, 4, 30, Status.SNAKE, 0.01
3505, 13, 71, Status.SNAKE, 0.01
3506, 13, 75, Status.SNAKE, 0.01
3507, 12, 72, Status.SNAKE, 0.01
3508, 2, 4, Status.SNAKE, 0.01
3509, 1, 17, Status.WALL, 0.01
3510, 14, 95, Status.WALL, 0.01
3511, 12, 59, Status.SNAKE, 0.01
3512, 16, 106, Status.SNAKE, 0.01
3513, 8, 54, Status.SNAKE, 0.01
3514, 3, 24, Status.SNAKE, 0.01
3515, 4, 31, Status.WALL, 0.01
3516, 14, 105, Status.SNAKE, 0.01
3517, 13, 85, Status.SNAKE, 0.01
3518, 5, 31, Status.SNAKE, 0.01
3519, 4, 15, Status.WALL, 0.01
3520, 8, 60, Status.SNAKE, 0.01
3521, 8, 46, Status.SNAKE, 0.01
3522, 3, 26, Status.SNAKE, 0.01
3523, 3, 13, Status.WALL, 0.01
3524, 4, 26, Status.SNAKE, 0.01
3525, 2, 16, Status.SNAKE, 0.01
3526, 11, 63, Status.SNAKE, 0.01
3527, 3, 18, Status.SNAKE, 0.01
3528, 10, 84, Status.SNAKE, 0.01
3529, 10, 57, Status.SNAKE, 0.01
3530, 19, 119, Status.SNAKE, 0.01
3531, 1, 10, Status.SNAKE, 0.01
3532, 2, 15, Status.SNAKE, 0.01
3533, 3, 22, Status.WALL, 0.01
3534, 1, 4, Status.SNAKE, 0.01
3535, 10, 49, Status.SNAKE, 0.01
3536, 7, 41, Status.SNAKE, 0.01
3537, 6, 54, Status.SNAKE, 0.01
3538, 15, 113, Status.SNAKE, 0.01
3539, 11, 58, Status.SNAKE, 0.01
3540, 1, 3, Status.SNAKE, 0.01
3541, 12, 58, Status.SNAKE, 0.01
3542, 5, 33, Status.SNAKE, 0.01
3543, 11, 92, Status.WALL, 0.01
3544, 7, 52, Status.SNAKE, 0.01
3545, 10, 71, Status.SNAKE, 0.01
3546, 7, 53, Status.SNAKE, 0.01
3547, 14, 108, Status.SNAKE, 0.01
3548, 10, 82, Status.SNAKE, 0.01
3549, 1, 7, Status.WALL, 0.01
3550, 19, 114, Status.WALL, 0.01
3551, 13, 86, Status.WALL, 0.01
3552, 7, 48, Status.SNAKE, 0.01
3553, 8, 51, Status.SNAKE, 0.01
3554, 5, 17, Status.SNAKE, 0.01
3555, 14, 101, Status.SNAKE, 0.01
3556, 9, 81, Status.SNAKE, 0.01
3557, 6, 36, Status.SNAKE, 0.01
3558, 21, 157, Status.SNAKE, 0.01
3559, 6, 32, Status.WALL, 0.01
3560, 9, 70, Status.SNAKE, 0.01
3561, 7, 46, Status.SNAKE, 0.01
3562, 10, 75, Status.SNAKE, 0.01
3563, 7, 58, Status.SNAKE, 0.01
3564, 9, 54, Status.SNAKE, 0.01
3565, 8, 52, Status.SNAKE, 0.01
3566, 8, 57, Status.SNAKE, 0.01
3567, 10, 56, Status.SNAKE, 0.01
3568, 11, 65, Status.SNAKE, 0.01
3569, 3, 26, Status.SNAKE, 0.01
3570, 17, 95, Status.SNAKE, 0.01
3571, 2, 15, Status.WALL, 0.01
3572, 10, 60, Status.WALL, 0.01
3573, 19, 123, Status.WALL, 0.01
3574, 10, 75, Status.SNAKE, 0.01
3575, 13, 81, Status.SNAKE, 0.01
3576, 8, 44, Status.SNAKE, 0.01
3577, 1, 6, Status.WALL, 0.01
3578, 8, 62, Status.SNAKE, 0.01
3579, 11, 82, Status.SNAKE, 0.01
3580, 9, 65, Status.SNAKE, 0.01
3581, 7, 53, Status.SNAKE, 0.01
3582, 5, 43, Status.WALL, 0.01
3583, 16, 119, Status.SNAKE, 0.01
3584, 9, 63, Status.SNAKE, 0.01
3585, 15, 133, Status.SNAKE, 0.01
3586, 2, 20, Status.WALL, 0.01
3587, 10, 93, Status.SNAKE, 0.01
3588, 7, 63, Status.WALL, 0.01
3589, 10, 57, Status.SNAKE, 0.01
3590, 6, 51, Status.SNAKE, 0.01
3591, 4, 24, Status.SNAKE, 0.01
3592, 12, 78, Status.SNAKE, 0.01
3593, 22, 127, Status.SNAKE, 0.01
3594, 8, 62, Status.SNAKE, 0.01
3595, 7, 58, Status.SNAKE, 0.01
3596, 9, 64, Status.SNAKE, 0.01
3597, 16, 117, Status.WALL, 0.01
3598, 5, 32, Status.SNAKE, 0.01
3599, 10, 73, Status.SNAKE, 0.01
3600, 10, 64, Status.SNAKE, 0.01
3601, 11, 77, Status.SNAKE, 0.01
3602, 4, 24, Status.SNAKE, 0.01
3603, 2, 9, Status.SNAKE, 0.01
3604, 7, 48, Status.WALL, 0.01
3605, 9, 65, Status.WALL, 0.01
3606, 5, 31, Status.SNAKE, 0.01
3607, 3, 20, Status.SNAKE, 0.01
3608, 11, 80, Status.SNAKE, 0.01
3609, 14, 99, Status.WALL, 0.01
3610, 8, 56, Status.WALL, 0.01
3611, 2, 10, Status.WALL, 0.01
3612, 6, 59, Status.SNAKE, 0.01
3613, 5, 54, Status.SNAKE, 0.01
3614, 14, 92, Status.SNAKE, 0.01
3615, 11, 100, Status.SNAKE, 0.01
3616, 15, 112, Status.WALL, 0.01
3617, 13, 106, Status.SNAKE, 0.01
3618, 13, 76, Status.SNAKE, 0.01
3619, 11, 64, Status.SNAKE, 0.01
3620, 8, 55, Status.WALL, 0.01
3621, 11, 77, Status.WALL, 0.01
3622, 9, 62, Status.SNAKE, 0.01
3623, 2, 15, Status.WALL, 0.01
3624, 11, 64, Status.SNAKE, 0.01
3625, 12, 75, Status.WALL, 0.01
3626, 1, 6, Status.SNAKE, 0.01
3627, 10, 60, Status.SNAKE, 0.01
3628, 8, 49, Status.SNAKE, 0.01
3629, 11, 84, Status.SNAKE, 0.01
3630, 1, 6, Status.SNAKE, 0.01
3631, 7, 53, Status.SNAKE, 0.01
3632, 1, 20, Status.WALL, 0.01
3633, 10, 68, Status.SNAKE, 0.01
3634, 16, 102, Status.SNAKE, 0.01
3635, 3, 27, Status.SNAKE, 0.01
3636, 14, 93, Status.SNAKE, 0.01
3637, 10, 68, Status.WALL, 0.01
3638, 15, 92, Status.SNAKE, 0.01
3639, 1, 3, Status.SNAKE, 0.01
3640, 4, 15, Status.SNAKE, 0.01
3641, 6, 40, Status.WALL, 0.01
3642, 2, 13, Status.SNAKE, 0.01
3643, 9, 62, Status.SNAKE, 0.01
3644, 2, 21, Status.WALL, 0.01
3645, 19, 151, Status.WALL, 0.01
3646, 15, 86, Status.SNAKE, 0.01
3647, 5, 28, Status.WALL, 0.01
3648, 14, 116, Status.SNAKE, 0.01
3649, 7, 48, Status.WALL, 0.01
3650, 9, 59, Status.SNAKE, 0.01
3651, 4, 25, Status.SNAKE, 0.01
3652, 11, 77, Status.WALL, 0.01
3653, 14, 114, Status.SNAKE, 0.01
3654, 8, 49, Status.WALL, 0.01
3655, 6, 36, Status.SNAKE, 0.01
3656, 6, 37, Status.SNAKE, 0.01
3657, 5, 26, Status.SNAKE, 0.01
3658, 10, 52, Status.SNAKE, 0.01
3659, 4, 26, Status.SNAKE, 0.01
3660, 4, 19, Status.SNAKE, 0.01
3661, 6, 20, Status.SNAKE, 0.01
3662, 8, 50, Status.SNAKE, 0.01
3663, 11, 74, Status.SNAKE, 0.01
3664, 14, 110, Status.SNAKE, 0.01
3665, 9, 53, Status.WALL, 0.01
3666, 7, 68, Status.SNAKE, 0.01
3667, 5, 31, Status.SNAKE, 0.01
3668, 16, 91, Status.SNAKE, 0.01
3669, 7, 36, Status.WALL, 0.01
3670, 11, 89, Status.SNAKE, 0.01
3671, 5, 51, Status.WALL, 0.01
3672, 2, 17, Status.SNAKE, 0.01
3673, 13, 99, Status.SNAKE, 0.01
3674, 10, 53, Status.SNAKE, 0.01
3675, 8, 42, Status.SNAKE, 0.01
3676, 8, 36, Status.WALL, 0.01
3677, 4, 43, Status.SNAKE, 0.01
3678, 10, 53, Status.SNAKE, 0.01
3679, 11, 78, Status.WALL, 0.01
3680, 5, 39, Status.SNAKE, 0.01
3681, 11, 79, Status.SNAKE, 0.01
3682, 14, 94, Status.SNAKE, 0.01
3683, 2, 19, Status.WALL, 0.01
3684, 7, 48, Status.SNAKE, 0.01
3685, 14, 79, Status.SNAKE, 0.01
3686, 10, 68, Status.SNAKE, 0.01
3687, 8, 51, Status.SNAKE, 0.01
3688, 10, 66, Status.SNAKE, 0.01
3689, 10, 66, Status.WALL, 0.01
3690, 10, 71, Status.SNAKE, 0.01
3691, 2, 15, Status.SNAKE, 0.01
3692, 13, 70, Status.SNAKE, 0.01
3693, 15, 110, Status.WALL, 0.01
3694, 1, 3, Status.SNAKE, 0.01
3695, 7, 26, Status.SNAKE, 0.01
3696, 2, 14, Status.WALL, 0.01
3697, 7, 51, Status.SNAKE, 0.01
3698, 9, 46, Status.SNAKE, 0.01
3699, 8, 45, Status.SNAKE, 0.01
3700, 7, 49, Status.SNAKE, 0.01
3701, 9, 61, Status.SNAKE, 0.01
3702, 11, 67, Status.SNAKE, 0.01
3703, 6, 48, Status.SNAKE, 0.01
3704, 14, 105, Status.SNAKE, 0.01
3705, 7, 37, Status.SNAKE, 0.01
3706, 6, 52, Status.SNAKE, 0.01
3707, 4, 34, Status.SNAKE, 0.01
3708, 3, 30, Status.SNAKE, 0.01
3709, 5, 38, Status.SNAKE, 0.01
3710, 11, 90, Status.SNAKE, 0.01
3711, 6, 28, Status.SNAKE, 0.01
3712, 11, 82, Status.WALL, 0.01
3713, 3, 32, Status.WALL, 0.01
3714, 13, 106, Status.SNAKE, 0.01
3715, 9, 55, Status.SNAKE, 0.01
3716, 16, 99, Status.WALL, 0.01
3717, 7, 51, Status.SNAKE, 0.01
3718, 7, 54, Status.WALL, 0.01
3719, 14, 93, Status.SNAKE, 0.01
3720, 3, 16, Status.SNAKE, 0.01
3721, 6, 51, Status.WALL, 0.01
3722, 13, 106, Status.SNAKE, 0.01
3723, 8, 49, Status.SNAKE, 0.01
3724, 10, 78, Status.SNAKE, 0.01
3725, 5, 43, Status.SNAKE, 0.01
3726, 1, 6, Status.SNAKE, 0.01
3727, 10, 68, Status.SNAKE, 0.01
3728, 12, 96, Status.SNAKE, 0.01
3729, 8, 75, Status.SNAKE, 0.01
3730, 12, 62, Status.SNAKE, 0.01
3731, 9, 58, Status.WALL, 0.01
3732, 9, 51, Status.SNAKE, 0.01
3733, 1, 7, Status.WALL, 0.01
3734, 11, 53, Status.SNAKE, 0.01
3735, 16, 103, Status.SNAKE, 0.01
3736, 1, 8, Status.SNAKE, 0.01
3737, 12, 89, Status.SNAKE, 0.01
3738, 10, 61, Status.WALL, 0.01
3739, 9, 78, Status.WALL, 0.01
3740, 6, 30, Status.SNAKE, 0.01
3741, 9, 79, Status.SNAKE, 0.01
3742, 11, 71, Status.SNAKE, 0.01
3743, 8, 55, Status.SNAKE, 0.01
3744, 14, 77, Status.SNAKE, 0.01
3745, 4, 34, Status.SNAKE, 0.01
3746, 20, 143, Status.SNAKE, 0.01
3747, 1, 5, Status.SNAKE, 0.01
3748, 7, 63, Status.SNAKE, 0.01
3749, 17, 136, Status.WALL, 0.01
3750, 18, 131, Status.SNAKE, 0.01
3751, 10, 88, Status.SNAKE, 0.01
3752, 14, 84, Status.SNAKE, 0.01
3753, 5, 30, Status.SNAKE, 0.01
3754, 3, 26, Status.SNAKE, 0.01
3755, 3, 16, Status.SNAKE, 0.01
3756, 12, 94, Status.WALL, 0.01
3757, 9, 67, Status.SNAKE, 0.01
3758, 13, 117, Status.SNAKE, 0.01
3759, 13, 98, Status.SNAKE, 0.01
3760, 6, 39, Status.WALL, 0.01
3761, 10, 72, Status.SNAKE, 0.01
3762, 1, 3, Status.SNAKE, 0.01
3763, 1, 8, Status.SNAKE, 0.01
3764, 13, 89, Status.SNAKE, 0.01
3765, 14, 102, Status.SNAKE, 0.01
3766, 9, 69, Status.WALL, 0.01
3767, 7, 50, Status.SNAKE, 0.01
3768, 6, 60, Status.WALL, 0.01
3769, 11, 78, Status.SNAKE, 0.01
3770, 11, 73, Status.SNAKE, 0.01
3771, 6, 47, Status.SNAKE, 0.01
3772, 18, 130, Status.SNAKE, 0.01
3773, 14, 81, Status.SNAKE, 0.01
3774, 9, 68, Status.SNAKE, 0.01
3775, 17, 83, Status.WALL, 0.01
3776, 15, 107, Status.SNAKE, 0.01
3777, 6, 47, Status.SNAKE, 0.01
3778, 6, 45, Status.SNAKE, 0.01
3779, 7, 67, Status.WALL, 0.01
3780, 1, 5, Status.SNAKE, 0.01
3781, 4, 23, Status.SNAKE, 0.01
3782, 5, 25, Status.WALL, 0.01
3783, 14, 117, Status.SNAKE, 0.01
3784, 2, 15, Status.WALL, 0.01
3785, 10, 65, Status.SNAKE, 0.01
3786, 15, 95, Status.SNAKE, 0.01
3787, 5, 34, Status.SNAKE, 0.01
3788, 5, 22, Status.SNAKE, 0.01
3789, 3, 29, Status.SNAKE, 0.01
3790, 21, 139, Status.WALL, 0.01
3791, 12, 79, Status.SNAKE, 0.01
3792, 4, 38, Status.WALL, 0.01
3793, 6, 34, Status.SNAKE, 0.01
3794, 19, 113, Status.SNAKE, 0.01
3795, 6, 51, Status.SNAKE, 0.01
3796, 5, 45, Status.SNAKE, 0.01
3797, 7, 52, Status.SNAKE, 0.01
3798, 4, 30, Status.SNAKE, 0.01
3799, 11, 81, Status.SNAKE, 0.01
3800, 9, 59, Status.SNAKE, 0.01
3801, 3, 25, Status.SNAKE, 0.01
3802, 2, 10, Status.SNAKE, 0.01
3803, 3, 14, Status.SNAKE, 0.01
3804, 12, 77, Status.SNAKE, 0.01
3805, 3, 23, Status.WALL, 0.01
3806, 4, 26, Status.SNAKE, 0.01
3807, 15, 134, Status.WALL, 0.01
3808, 9, 71, Status.SNAKE, 0.01
3809, 7, 32, Status.SNAKE, 0.01
3810, 14, 109, Status.WALL, 0.01
3811, 10, 60, Status.WALL, 0.01
3812, 8, 33, Status.WALL, 0.01
3813, 5, 40, Status.SNAKE, 0.01
3814, 9, 59, Status.SNAKE, 0.01
3815, 8, 52, Status.SNAKE, 0.01
3816, 3, 18, Status.SNAKE, 0.01
3817, 14, 83, Status.WALL, 0.01
3818, 5, 32, Status.SNAKE, 0.01
3819, 4, 32, Status.WALL, 0.01
3820, 8, 68, Status.SNAKE, 0.01
3821, 7, 59, Status.SNAKE, 0.01
3822, 7, 43, Status.SNAKE, 0.01
3823, 1, 5, Status.SNAKE, 0.01
3824, 6, 27, Status.SNAKE, 0.01
3825, 12, 103, Status.WALL, 0.01
3826, 19, 126, Status.SNAKE, 0.01
3827, 16, 129, Status.SNAKE, 0.01
3828, 21, 141, Status.SNAKE, 0.01
3829, 21, 128, Status.WALL, 0.01
3830, 13, 100, Status.SNAKE, 0.01
3831, 5, 46, Status.WALL, 0.01
3832, 6, 40, Status.SNAKE, 0.01
3833, 4, 19, Status.WALL, 0.01
3834, 5, 38, Status.SNAKE, 0.01
3835, 8, 61, Status.SNAKE, 0.01
3836, 14, 122, Status.SNAKE, 0.01
3837, 8, 42, Status.SNAKE, 0.01
3838, 8, 68, Status.WALL, 0.01
3839, 2, 8, Status.WALL, 0.01
3840, 6, 42, Status.SNAKE, 0.01
3841, 12, 70, Status.SNAKE, 0.01
3842, 1, 6, Status.SNAKE, 0.01
3843, 9, 70, Status.SNAKE, 0.01
3844, 12, 85, Status.SNAKE, 0.01
3845, 5, 35, Status.SNAKE, 0.01
3846, 12, 69, Status.WALL, 0.01
3847, 12, 91, Status.SNAKE, 0.01
3848, 8, 56, Status.SNAKE, 0.01
3849, 11, 71, Status.SNAKE, 0.01
3850, 5, 48, Status.SNAKE, 0.01
3851, 4, 33, Status.SNAKE, 0.01
3852, 10, 53, Status.WALL, 0.01
3853, 11, 96, Status.SNAKE, 0.01
3854, 16, 118, Status.SNAKE, 0.01
3855, 6, 38, Status.SNAKE, 0.01
3856, 6, 48, Status.SNAKE, 0.01
3857, 3, 17, Status.SNAKE, 0.01
3858, 4, 21, Status.SNAKE, 0.01
3859, 1, 7, Status.SNAKE, 0.01
3860, 6, 46, Status.SNAKE, 0.01
3861, 11, 56, Status.SNAKE, 0.01
3862, 10, 63, Status.SNAKE, 0.01
3863, 8, 71, Status.WALL, 0.01
3864, 7, 45, Status.SNAKE, 0.01
3865, 5, 27, Status.SNAKE, 0.01
3866, 5, 39, Status.SNAKE, 0.01
3867, 3, 13, Status.SNAKE, 0.01
3868, 9, 44, Status.SNAKE, 0.01
3869, 10, 43, Status.SNAKE, 0.01
3870, 8, 63, Status.SNAKE, 0.01
3871, 14, 94, Status.WALL, 0.01
3872, 12, 72, Status.SNAKE, 0.01
3873, 2, 17, Status.SNAKE, 0.01
3874, 14, 94, Status.SNAKE, 0.01
3875, 7, 40, Status.SNAKE, 0.01
3876, 15, 113, Status.SNAKE, 0.01
3877, 6, 43, Status.SNAKE, 0.01
3878, 7, 36, Status.SNAKE, 0.01
3879, 5, 46, Status.SNAKE, 0.01
3880, 5, 22, Status.SNAKE, 0.01
3881, 12, 73, Status.SNAKE, 0.01
3882, 3, 7, Status.SNAKE, 0.01
3883, 10, 68, Status.WALL, 0.01
3884, 7, 53, Status.SNAKE, 0.01
3885, 7, 43, Status.SNAKE, 0.01
3886, 10, 82, Status.WALL, 0.01
3887, 13, 110, Status.SNAKE, 0.01
3888, 15, 90, Status.SNAKE, 0.01
3889, 16, 139, Status.WALL, 0.01
3890, 2, 16, Status.SNAKE, 0.01
3891, 3, 20, Status.WALL, 0.01
3892, 6, 41, Status.WALL, 0.01
3893, 10, 62, Status.SNAKE, 0.01
3894, 10, 43, Status.SNAKE, 0.01
3895, 10, 85, Status.SNAKE, 0.01
3896, 11, 78, Status.SNAKE, 0.01
3897, 3, 15, Status.SNAKE, 0.01
3898, 12, 85, Status.WALL, 0.01
3899, 5, 30, Status.WALL, 0.01
3900, 6, 50, Status.SNAKE, 0.01
3901, 9, 83, Status.SNAKE, 0.01
3902, 7, 35, Status.WALL, 0.01
3903, 6, 44, Status.WALL, 0.01
3904, 12, 120, Status.SNAKE, 0.01
3905, 15, 114, Status.WALL, 0.01
3906, 14, 102, Status.SNAKE, 0.01
3907, 7, 53, Status.SNAKE, 0.01
3908, 6, 41, Status.SNAKE, 0.01
3909, 3, 15, Status.WALL, 0.01
3910, 7, 62, Status.SNAKE, 0.01
3911, 3, 12, Status.WALL, 0.01
3912, 6, 43, Status.WALL, 0.01
3913, 19, 133, Status.SNAKE, 0.01
3914, 15, 105, Status.WALL, 0.01
3915, 11, 67, Status.SNAKE, 0.01
3916, 7, 43, Status.SNAKE, 0.01
3917, 3, 15, Status.SNAKE, 0.01
3918, 14, 78, Status.SNAKE, 0.01
3919, 6, 64, Status.SNAKE, 0.01
3920, 12, 71, Status.SNAKE, 0.01
3921, 5, 31, Status.SNAKE, 0.01
3922, 1, 8, Status.SNAKE, 0.01
3923, 9, 65, Status.SNAKE, 0.01
3924, 4, 30, Status.SNAKE, 0.01
3925, 19, 115, Status.SNAKE, 0.01
3926, 4, 30, Status.WALL, 0.01
3927, 5, 27, Status.SNAKE, 0.01
3928, 2, 10, Status.WALL, 0.01
3929, 12, 99, Status.SNAKE, 0.01
3930, 6, 45, Status.SNAKE, 0.01
3931, 3, 19, Status.SNAKE, 0.01
3932, 12, 83, Status.SNAKE, 0.01
3933, 4, 48, Status.SNAKE, 0.01
3934, 6, 29, Status.SNAKE, 0.01
3935, 12, 77, Status.SNAKE, 0.01
3936, 11, 89, Status.SNAKE, 0.01
3937, 6, 26, Status.SNAKE, 0.01
3938, 8, 55, Status.WALL, 0.01
3939, 15, 92, Status.SNAKE, 0.01
3940, 7, 45, Status.SNAKE, 0.01
3941, 7, 50, Status.WALL, 0.01
3942, 7, 65, Status.SNAKE, 0.01
3943, 8, 57, Status.SNAKE, 0.01
3944, 13, 86, Status.SNAKE, 0.01
3945, 10, 74, Status.SNAKE, 0.01
3946, 3, 26, Status.WALL, 0.01
3947, 3, 24, Status.WALL, 0.01
3948, 5, 49, Status.SNAKE, 0.01
3949, 8, 45, Status.SNAKE, 0.01
3950, 6, 41, Status.SNAKE, 0.01
3951, 8, 60, Status.WALL, 0.01
3952, 6, 37, Status.WALL, 0.01
3953, 2, 12, Status.WALL, 0.01
3954, 2, 9, Status.WALL, 0.01
3955, 5, 33, Status.SNAKE, 0.01
3956, 1, 5, Status.SNAKE, 0.01
3957, 8, 55, Status.SNAKE, 0.01
3958, 3, 23, Status.SNAKE, 0.01
3959, 3, 15, Status.WALL, 0.01
3960, 15, 126, Status.SNAKE, 0.01
3961, 13, 85, Status.WALL, 0.01
3962, 11, 83, Status.SNAKE, 0.01
3963, 7, 39, Status.SNAKE, 0.01
3964, 9, 61, Status.WALL, 0.01
3965, 6, 42, Status.SNAKE, 0.01
3966, 3, 27, Status.SNAKE, 0.01
3967, 10, 65, Status.SNAKE, 0.01
3968, 22, 141, Status.SNAKE, 0.01
3969, 4, 19, Status.WALL, 0.01
3970, 11, 62, Status.SNAKE, 0.01
3971, 4, 33, Status.SNAKE, 0.01
3972, 2, 10, Status.SNAKE, 0.01
3973, 9, 73, Status.SNAKE, 0.01
3974, 6, 41, Status.SNAKE, 0.01
3975, 9, 54, Status.SNAKE, 0.01
3976, 11, 65, Status.SNAKE, 0.01
3977, 7, 39, Status.SNAKE, 0.01
3978, 11, 83, Status.SNAKE, 0.01
3979, 5, 24, Status.SNAKE, 0.01
3980, 4, 28, Status.SNAKE, 0.01
3981, 11, 66, Status.SNAKE, 0.01
3982, 18, 146, Status.SNAKE, 0.01
3983, 18, 117, Status.SNAKE, 0.01
3984, 3, 15, Status.WALL, 0.01
3985, 15, 73, Status.SNAKE, 0.01
3986, 5, 31, Status.SNAKE, 0.01
3987, 8, 66, Status.SNAKE, 0.01
3988, 9, 45, Status.SNAKE, 0.01
3989, 7, 58, Status.SNAKE, 0.01
3990, 20, 133, Status.SNAKE, 0.01
3991, 6, 38, Status.SNAKE, 0.01
3992, 13, 90, Status.SNAKE, 0.01
3993, 7, 54, Status.SNAKE, 0.01
3994, 4, 29, Status.SNAKE, 0.01
3995, 16, 132, Status.WALL, 0.01
3996, 11, 59, Status.SNAKE, 0.01
3997, 7, 40, Status.SNAKE, 0.01
3998, 9, 76, Status.SNAKE, 0.01
3999, 10, 72, Status.SNAKE, 0.01
4000, 3, 23, Status.SNAKE, 0.01
4001, 8, 52, Status.SNAKE, 0.01
4002, 7, 47, Status.SNAKE, 0.01
4003, 9, 48, Status.SNAKE, 0.01
4004, 8, 65, Status.SNAKE, 0.01
4005, 4, 20, Status.SNAKE, 0.01
4006, 7, 38, Status.SNAKE, 0.01
4007, 9, 66, Status.WALL, 0.01
4008, 14, 80, Status.SNAKE, 0.01
4009, 3, 18, Status.WALL, 0.01
4010, 2, 24, Status.WALL, 0.01
4011, 8, 61, Status.WALL, 0.01
4012, 12, 94, Status.SNAKE, 0.01
4013, 4, 23, Status.SNAKE, 0.01
4014, 7, 53, Status.WALL, 0.01
4015, 2, 14, Status.SNAKE, 0.01
4016, 5, 30, Status.SNAKE, 0.01
4017, 3, 18, Status.SNAKE, 0.01
4018, 3, 20, Status.SNAKE, 0.01
4019, 9, 65, Status.SNAKE, 0.01
4020, 17, 121, Status.SNAKE, 0.01
4021, 1, 8, Status.SNAKE, 0.01
4022, 11, 62, Status.SNAKE, 0.01
4023, 15, 117, Status.WALL, 0.01
4024, 17, 106, Status.SNAKE, 0.01
4025, 10, 62, Status.SNAKE, 0.01
4026, 14, 95, Status.WALL, 0.01
4027, 23, 145, Status.SNAKE, 0.01
4028, 13, 110, Status.SNAKE, 0.01
4029, 7, 28, Status.SNAKE, 0.01
4030, 13, 72, Status.SNAKE, 0.01
4031, 10, 65, Status.WALL, 0.01
4032, 17, 134, Status.SNAKE, 0.01
4033, 8, 51, Status.SNAKE, 0.01
4034, 2, 5, Status.SNAKE, 0.01
4035, 5, 25, Status.SNAKE, 0.01
4036, 6, 41, Status.SNAKE, 0.01
4037, 11, 87, Status.SNAKE, 0.01
4038, 13, 100, Status.SNAKE, 0.01
4039, 11, 81, Status.SNAKE, 0.01
4040, 20, 146, Status.SNAKE, 0.01
4041, 9, 69, Status.SNAKE, 0.01
4042, 3, 32, Status.SNAKE, 0.01
4043, 12, 58, Status.SNAKE, 0.01
4044, 6, 42, Status.SNAKE, 0.01
4045, 12, 101, Status.SNAKE, 0.01
4046, 21, 163, Status.SNAKE, 0.01
4047, 11, 71, Status.SNAKE, 0.01
4048, 5, 34, Status.SNAKE, 0.01
4049, 8, 58, Status.SNAKE, 0.01
4050, 2, 10, Status.WALL, 0.01
4051, 9, 40, Status.SNAKE, 0.01
4052, 14, 99, Status.SNAKE, 0.01
4053, 9, 56, Status.WALL, 0.01
4054, 3, 15, Status.SNAKE, 0.01
4055, 12, 65, Status.SNAKE, 0.01
4056, 14, 105, Status.SNAKE, 0.01
4057, 5, 42, Status.SNAKE, 0.01
4058, 9, 72, Status.SNAKE, 0.01
4059, 13, 97, Status.SNAKE, 0.01
4060, 9, 53, Status.SNAKE, 0.01
4061, 11, 98, Status.SNAKE, 0.01
4062, 8, 43, Status.SNAKE, 0.01
4063, 1, 8, Status.WALL, 0.01
4064, 10, 77, Status.SNAKE, 0.01
4065, 15, 112, Status.SNAKE, 0.01
4066, 10, 61, Status.SNAKE, 0.01
4067, 14, 92, Status.SNAKE, 0.01
4068, 4, 26, Status.SNAKE, 0.01
4069, 5, 29, Status.SNAKE, 0.01
4070, 3, 20, Status.SNAKE, 0.01
4071, 2, 18, Status.WALL, 0.01
4072, 15, 104, Status.SNAKE, 0.01
4073, 2, 18, Status.SNAKE, 0.01
4074, 9, 47, Status.SNAKE, 0.01
4075, 2, 8, Status.WALL, 0.01
4076, 8, 53, Status.SNAKE, 0.01
4077, 4, 27, Status.SNAKE, 0.01
4078, 12, 86, Status.SNAKE, 0.01
4079, 12, 74, Status.SNAKE, 0.01
4080, 2, 10, Status.SNAKE, 0.01
4081, 6, 38, Status.WALL, 0.01
4082, 7, 58, Status.SNAKE, 0.01
4083, 5, 34, Status.SNAKE, 0.01
4084, 3, 18, Status.WALL, 0.01
4085, 14, 94, Status.SNAKE, 0.01
4086, 8, 73, Status.SNAKE, 0.01
4087, 7, 41, Status.SNAKE, 0.01
4088, 6, 43, Status.SNAKE, 0.01
4089, 14, 114, Status.SNAKE, 0.01
4090, 9, 58, Status.SNAKE, 0.01
4091, 15, 111, Status.SNAKE, 0.01
4092, 8, 51, Status.SNAKE, 0.01
4093, 8, 51, Status.SNAKE, 0.01
4094, 9, 66, Status.WALL, 0.01
4095, 4, 18, Status.SNAKE, 0.01
4096, 8, 59, Status.SNAKE, 0.01
4097, 3, 28, Status.SNAKE, 0.01
4098, 6, 34, Status.SNAKE, 0.01
4099, 7, 58, Status.SNAKE, 0.01
4100, 11, 84, Status.SNAKE, 0.01
4101, 8, 57, Status.SNAKE, 0.01
4102, 20, 122, Status.SNAKE, 0.01
4103, 8, 39, Status.SNAKE, 0.01
4104, 2, 12, Status.SNAKE, 0.01
4105, 11, 71, Status.WALL, 0.01
4106, 17, 107, Status.WALL, 0.01
4107, 11, 86, Status.SNAKE, 0.01
4108, 12, 95, Status.SNAKE, 0.01
4109, 8, 55, Status.SNAKE, 0.01
4110, 16, 127, Status.SNAKE, 0.01
4111, 10, 90, Status.SNAKE, 0.01
4112, 6, 25, Status.SNAKE, 0.01
4113, 6, 49, Status.SNAKE, 0.01
4114, 11, 66, Status.SNAKE, 0.01
4115, 3, 16, Status.SNAKE, 0.01
4116, 9, 82, Status.WALL, 0.01
4117, 9, 56, Status.SNAKE, 0.01
4118, 16, 109, Status.SNAKE, 0.01
4119, 9, 66, Status.SNAKE, 0.01
4120, 11, 65, Status.SNAKE, 0.01
4121, 8, 51, Status.WALL, 0.01
4122, 8, 73, Status.SNAKE, 0.01
4123, 2, 18, Status.WALL, 0.01
4124, 11, 101, Status.SNAKE, 0.01
4125, 5, 29, Status.WALL, 0.01
4126, 8, 47, Status.SNAKE, 0.01
4127, 11, 67, Status.SNAKE, 0.01
4128, 3, 21, Status.SNAKE, 0.01
4129, 14, 101, Status.SNAKE, 0.01
4130, 14, 105, Status.WALL, 0.01
4131, 12, 68, Status.SNAKE, 0.01
4132, 6, 39, Status.SNAKE, 0.01
4133, 14, 103, Status.SNAKE, 0.01
4134, 9, 61, Status.SNAKE, 0.01
4135, 12, 95, Status.SNAKE, 0.01
4136, 11, 82, Status.SNAKE, 0.01
4137, 12, 73, Status.WALL, 0.01
4138, 6, 36, Status.SNAKE, 0.01
4139, 11, 71, Status.SNAKE, 0.01
4140, 5, 39, Status.WALL, 0.01
4141, 2, 13, Status.SNAKE, 0.01
4142, 0, 7, Status.WALL, 0.01
4143, 3, 22, Status.SNAKE, 0.01
4144, 6, 44, Status.SNAKE, 0.01
4145, 3, 14, Status.SNAKE, 0.01
4146, 6, 49, Status.WALL, 0.01
4147, 12, 90, Status.SNAKE, 0.01
4148, 15, 82, Status.SNAKE, 0.01
4149, 9, 71, Status.SNAKE, 0.01
4150, 9, 69, Status.WALL, 0.01
4151, 22, 160, Status.SNAKE, 0.01
4152, 10, 91, Status.WALL, 0.01
4153, 13, 79, Status.SNAKE, 0.01
4154, 15, 106, Status.SNAKE, 0.01
4155, 11, 53, Status.SNAKE, 0.01
4156, 7, 40, Status.SNAKE, 0.01
4157, 5, 13, Status.SNAKE, 0.01
4158, 7, 38, Status.SNAKE, 0.01
4159, 15, 101, Status.WALL, 0.01
4160, 13, 123, Status.SNAKE, 0.01
4161, 10, 66, Status.SNAKE, 0.01
4162, 9, 57, Status.SNAKE, 0.01
4163, 11, 79, Status.SNAKE, 0.01
4164, 7, 36, Status.SNAKE, 0.01
4165, 18, 120, Status.SNAKE, 0.01
4166, 5, 34, Status.WALL, 0.01
4167, 12, 76, Status.SNAKE, 0.01
4168, 5, 27, Status.WALL, 0.01
4169, 13, 75, Status.SNAKE, 0.01
4170, 15, 107, Status.SNAKE, 0.01
4171, 7, 32, Status.SNAKE, 0.01
4172, 10, 59, Status.SNAKE, 0.01
4173, 7, 50, Status.SNAKE, 0.01
4174, 3, 18, Status.SNAKE, 0.01
4175, 9, 52, Status.SNAKE, 0.01
4176, 9, 57, Status.WALL, 0.01
4177, 8, 70, Status.SNAKE, 0.01
4178, 8, 51, Status.SNAKE, 0.01
4179, 8, 63, Status.WALL, 0.01
4180, 5, 35, Status.SNAKE, 0.01
4181, 16, 120, Status.SNAKE, 0.01
4182, 13, 80, Status.SNAKE, 0.01
4183, 7, 42, Status.SNAKE, 0.01
4184, 13, 117, Status.WALL, 0.01
4185, 9, 70, Status.SNAKE, 0.01
4186, 10, 72, Status.SNAKE, 0.01
4187, 7, 74, Status.SNAKE, 0.01
4188, 11, 118, Status.WALL, 0.01
4189, 7, 58, Status.SNAKE, 0.01
4190, 8, 62, Status.SNAKE, 0.01
4191, 2, 7, Status.SNAKE, 0.01
4192, 14, 109, Status.SNAKE, 0.01
4193, 11, 71, Status.WALL, 0.01
4194, 9, 82, Status.WALL, 0.01
4195, 13, 93, Status.SNAKE, 0.01
4196, 9, 70, Status.SNAKE, 0.01
4197, 14, 76, Status.SNAKE, 0.01
4198, 10, 77, Status.WALL, 0.01
4199, 2, 19, Status.WALL, 0.01
4200, 1, 15, Status.WALL, 0.01
4201, 11, 102, Status.SNAKE, 0.01
4202, 1, 5, Status.SNAKE, 0.01
4203, 12, 88, Status.WALL, 0.01
4204, 13, 96, Status.SNAKE, 0.01
4205, 6, 34, Status.WALL, 0.01
4206, 9, 61, Status.SNAKE, 0.01
4207, 12, 56, Status.SNAKE, 0.01
4208, 3, 21, Status.SNAKE, 0.01
4209, 15, 90, Status.SNAKE, 0.01
4210, 5, 27, Status.SNAKE, 0.01
4211, 10, 57, Status.SNAKE, 0.01
4212, 11, 87, Status.WALL, 0.01
4213, 13, 74, Status.SNAKE, 0.01
4214, 14, 121, Status.SNAKE, 0.01
4215, 15, 72, Status.SNAKE, 0.01
4216, 11, 85, Status.SNAKE, 0.01
4217, 20, 135, Status.SNAKE, 0.01
4218, 13, 96, Status.SNAKE, 0.01
4219, 7, 39, Status.SNAKE, 0.01
4220, 12, 101, Status.SNAKE, 0.01
4221, 6, 38, Status.SNAKE, 0.01
4222, 8, 55, Status.SNAKE, 0.01
4223, 17, 97, Status.SNAKE, 0.01
4224, 4, 26, Status.SNAKE, 0.01
4225, 6, 41, Status.SNAKE, 0.01
4226, 1, 8, Status.SNAKE, 0.01
4227, 5, 36, Status.WALL, 0.01
4228, 7, 53, Status.SNAKE, 0.01
4229, 12, 70, Status.SNAKE, 0.01
4230, 5, 47, Status.SNAKE, 0.01
4231, 10, 62, Status.WALL, 0.01
4232, 17, 111, Status.WALL, 0.01
4233, 15, 96, Status.WALL, 0.01
4234, 11, 83, Status.SNAKE, 0.01
4235, 7, 57, Status.SNAKE, 0.01
4236, 13, 80, Status.WALL, 0.01
4237, 11, 67, Status.WALL, 0.01
4238, 6, 48, Status.SNAKE, 0.01
4239, 7, 39, Status.SNAKE, 0.01
4240, 6, 46, Status.SNAKE, 0.01
4241, 1, 8, Status.WALL, 0.01
4242, 8, 59, Status.SNAKE, 0.01
4243, 8, 46, Status.SNAKE, 0.01
4244, 8, 54, Status.SNAKE, 0.01
4245, 7, 30, Status.SNAKE, 0.01
4246, 5, 30, Status.SNAKE, 0.01
4247, 2, 9, Status.WALL, 0.01
4248, 17, 77, Status.SNAKE, 0.01
4249, 1, 9, Status.WALL, 0.01
4250, 17, 138, Status.SNAKE, 0.01
4251, 14, 104, Status.WALL, 0.01
4252, 12, 104, Status.SNAKE, 0.01
4253, 6, 48, Status.SNAKE, 0.01
4254, 10, 55, Status.SNAKE, 0.01
4255, 6, 32, Status.SNAKE, 0.01
4256, 7, 60, Status.SNAKE, 0.01
4257, 15, 109, Status.SNAKE, 0.01
4258, 3, 16, Status.WALL, 0.01
4259, 13, 100, Status.SNAKE, 0.01
4260, 15, 102, Status.WALL, 0.01
4261, 16, 93, Status.WALL, 0.01
4262, 14, 90, Status.SNAKE, 0.01
4263, 5, 28, Status.SNAKE, 0.01
4264, 3, 19, Status.WALL, 0.01
4265, 13, 76, Status.SNAKE, 0.01
4266, 14, 85, Status.SNAKE, 0.01
4267, 2, 12, Status.SNAKE, 0.01
4268, 9, 65, Status.SNAKE, 0.01
4269, 8, 46, Status.WALL, 0.01
4270, 5, 24, Status.SNAKE, 0.01
4271, 11, 102, Status.SNAKE, 0.01
4272, 9, 63, Status.SNAKE, 0.01
4273, 6, 34, Status.SNAKE, 0.01
4274, 13, 71, Status.SNAKE, 0.01
4275, 11, 69, Status.SNAKE, 0.01
4276, 4, 38, Status.WALL, 0.01
4277, 16, 104, Status.SNAKE, 0.01
4278, 9, 66, Status.SNAKE, 0.01
4279, 9, 67, Status.SNAKE, 0.01
4280, 8, 47, Status.SNAKE, 0.01
4281, 10, 52, Status.SNAKE, 0.01
4282, 14, 94, Status.SNAKE, 0.01
4283, 5, 35, Status.SNAKE, 0.01
4284, 11, 52, Status.SNAKE, 0.01
4285, 10, 68, Status.SNAKE, 0.01
4286, 9, 64, Status.SNAKE, 0.01
4287, 13, 101, Status.WALL, 0.01
4288, 4, 24, Status.SNAKE, 0.01
4289, 5, 35, Status.SNAKE, 0.01
4290, 10, 72, Status.SNAKE, 0.01
4291, 19, 137, Status.WALL, 0.01
4292, 12, 85, Status.SNAKE, 0.01
4293, 9, 60, Status.SNAKE, 0.01
4294, 8, 47, Status.SNAKE, 0.01
4295, 6, 39, Status.SNAKE, 0.01
4296, 10, 51, Status.SNAKE, 0.01
4297, 12, 72, Status.WALL, 0.01
4298, 6, 29, Status.WALL, 0.01
4299, 13, 98, Status.SNAKE, 0.01
4300, 3, 21, Status.SNAKE, 0.01
4301, 7, 55, Status.WALL, 0.01
4302, 1, 5, Status.SNAKE, 0.01
4303, 7, 55, Status.SNAKE, 0.01
4304, 5, 40, Status.SNAKE, 0.01
4305, 8, 35, Status.WALL, 0.01
4306, 7, 48, Status.SNAKE, 0.01
4307, 7, 59, Status.SNAKE, 0.01
4308, 15, 116, Status.SNAKE, 0.01
4309, 8, 32, Status.SNAKE, 0.01
4310, 6, 28, Status.WALL, 0.01
4311, 5, 34, Status.SNAKE, 0.01
4312, 4, 30, Status.SNAKE, 0.01
4313, 8, 60, Status.SNAKE, 0.01
4314, 9, 49, Status.SNAKE, 0.01
4315, 10, 30, Status.SNAKE, 0.01
4316, 3, 18, Status.SNAKE, 0.01
4317, 1, 8, Status.SNAKE, 0.01
4318, 7, 53, Status.SNAKE, 0.01
4319, 2, 16, Status.WALL, 0.01
4320, 6, 59, Status.SNAKE, 0.01
4321, 13, 110, Status.SNAKE, 0.01
4322, 16, 89, Status.SNAKE, 0.01
4323, 22, 158, Status.SNAKE, 0.01
4324, 6, 28, Status.SNAKE, 0.01
4325, 11, 69, Status.SNAKE, 0.01
4326, 5, 30, Status.SNAKE, 0.01
4327, 6, 59, Status.SNAKE, 0.01
4328, 2, 9, Status.WALL, 0.01
4329, 12, 112, Status.SNAKE, 0.01
4330, 5, 37, Status.SNAKE, 0.01
4331, 3, 22, Status.SNAKE, 0.01
4332, 10, 63, Status.SNAKE, 0.01
4333, 10, 70, Status.WALL, 0.01
4334, 12, 86, Status.SNAKE, 0.01
4335, 10, 56, Status.WALL, 0.01
4336, 6, 43, Status.SNAKE, 0.01
4337, 1, 3, Status.SNAKE, 0.01
4338, 8, 58, Status.SNAKE, 0.01
4339, 6, 33, Status.SNAKE, 0.01
4340, 1, 3, Status.SNAKE, 0.01
4341, 13, 115, Status.WALL, 0.01
4342, 19, 116, Status.SNAKE, 0.01
4343, 4, 19, Status.SNAKE, 0.01
4344, 7, 55, Status.SNAKE, 0.01
4345, 12, 101, Status.SNAKE, 0.01
4346, 11, 92, Status.SNAKE, 0.01
4347, 10, 69, Status.SNAKE, 0.01
4348, 6, 42, Status.SNAKE, 0.01
4349, 9, 83, Status.SNAKE, 0.01
4350, 3, 20, Status.WALL, 0.01
4351, 2, 8, Status.WALL, 0.01
4352, 11, 81, Status.SNAKE, 0.01
4353, 5, 19, Status.SNAKE, 0.01
4354, 10, 48, Status.WALL, 0.01
4355, 4, 25, Status.SNAKE, 0.01
4356, 16, 113, Status.SNAKE, 0.01
4357, 12, 51, Status.SNAKE, 0.01
4358, 12, 84, Status.WALL, 0.01
4359, 12, 74, Status.WALL, 0.01
4360, 14, 94, Status.WALL, 0.01
4361, 11, 68, Status.WALL, 0.01
4362, 4, 28, Status.SNAKE, 0.01
4363, 13, 98, Status.SNAKE, 0.01
4364, 15, 89, Status.SNAKE, 0.01
4365, 5, 29, Status.SNAKE, 0.01
4366, 6, 68, Status.WALL, 0.01
4367, 2, 26, Status.WALL, 0.01
4368, 2, 10, Status.WALL, 0.01
4369, 19, 118, Status.SNAKE, 0.01
4370, 2, 13, Status.SNAKE, 0.01
4371, 2, 19, Status.SNAKE, 0.01
4372, 6, 53, Status.SNAKE, 0.01
4373, 7, 45, Status.SNAKE, 0.01
4374, 6, 26, Status.SNAKE, 0.01
4375, 1, 19, Status.SNAKE, 0.01
4376, 11, 84, Status.SNAKE, 0.01
4377, 10, 76, Status.SNAKE, 0.01
4378, 9, 67, Status.SNAKE, 0.01
4379, 16, 155, Status.SNAKE, 0.01
4380, 3, 23, Status.SNAKE, 0.01
4381, 6, 42, Status.SNAKE, 0.01
4382, 9, 48, Status.SNAKE, 0.01
4383, 12, 79, Status.WALL, 0.01
4384, 5, 50, Status.SNAKE, 0.01
4385, 9, 65, Status.SNAKE, 0.01
4386, 8, 60, Status.WALL, 0.01
4387, 7, 64, Status.SNAKE, 0.01
4388, 11, 83, Status.WALL, 0.01
4389, 12, 93, Status.SNAKE, 0.01
4390, 9, 51, Status.SNAKE, 0.01
4391, 3, 19, Status.SNAKE, 0.01
4392, 4, 20, Status.SNAKE, 0.01
4393, 13, 89, Status.SNAKE, 0.01
4394, 7, 53, Status.SNAKE, 0.01
4395, 5, 28, Status.SNAKE, 0.01
4396, 15, 109, Status.SNAKE, 0.01
4397, 3, 31, Status.SNAKE, 0.01
4398, 3, 22, Status.WALL, 0.01
4399, 8, 56, Status.SNAKE, 0.01
4400, 15, 131, Status.SNAKE, 0.01
4401, 8, 56, Status.WALL, 0.01
4402, 13, 72, Status.SNAKE, 0.01
4403, 3, 26, Status.SNAKE, 0.01
4404, 5, 29, Status.SNAKE, 0.01
4405, 14, 87, Status.SNAKE, 0.01
4406, 10, 62, Status.WALL, 0.01
4407, 3, 31, Status.WALL, 0.01
4408, 7, 41, Status.SNAKE, 0.01
4409, 16, 112, Status.WALL, 0.01
4410, 2, 12, Status.WALL, 0.01
4411, 12, 95, Status.SNAKE, 0.01
4412, 2, 15, Status.WALL, 0.01
4413, 8, 56, Status.SNAKE, 0.01
4414, 9, 59, Status.SNAKE, 0.01
4415, 7, 42, Status.SNAKE, 0.01
4416, 8, 53, Status.SNAKE, 0.01
4417, 1, 16, Status.WALL, 0.01
4418, 4, 37, Status.SNAKE, 0.01
4419, 7, 34, Status.SNAKE, 0.01
4420, 6, 56, Status.SNAKE, 0.01
4421, 11, 88, Status.SNAKE, 0.01
4422, 5, 41, Status.SNAKE, 0.01
4423, 7, 58, Status.SNAKE, 0.01
4424, 2, 13, Status.SNAKE, 0.01
4425, 8, 62, Status.SNAKE, 0.01
4426, 12, 106, Status.WALL, 0.01
4427, 14, 94, Status.SNAKE, 0.01
4428, 15, 121, Status.SNAKE, 0.01
4429, 11, 104, Status.SNAKE, 0.01
4430, 7, 32, Status.SNAKE, 0.01
4431, 7, 51, Status.SNAKE, 0.01
4432, 5, 35, Status.SNAKE, 0.01
4433, 19, 130, Status.SNAKE, 0.01
4434, 15, 95, Status.SNAKE, 0.01
4435, 4, 25, Status.SNAKE, 0.01
4436, 10, 102, Status.SNAKE, 0.01
4437, 17, 98, Status.SNAKE, 0.01
4438, 1, 5, Status.SNAKE, 0.01
4439, 3, 25, Status.SNAKE, 0.01
4440, 2, 20, Status.SNAKE, 0.01
4441, 11, 89, Status.SNAKE, 0.01
4442, 6, 23, Status.WALL, 0.01
4443, 11, 95, Status.SNAKE, 0.01
4444, 8, 66, Status.SNAKE, 0.01
4445, 7, 41, Status.SNAKE, 0.01
4446, 6, 44, Status.WALL, 0.01
4447, 7, 36, Status.SNAKE, 0.01
4448, 1, 4, Status.SNAKE, 0.01
4449, 13, 90, Status.SNAKE, 0.01
4450, 6, 53, Status.SNAKE, 0.01
4451, 20, 178, Status.SNAKE, 0.01
4452, 10, 87, Status.WALL, 0.01
4453, 8, 57, Status.SNAKE, 0.01
4454, 13, 105, Status.SNAKE, 0.01
4455, 5, 40, Status.WALL, 0.01
4456, 5, 30, Status.WALL, 0.01
4457, 14, 102, Status.SNAKE, 0.01
4458, 7, 44, Status.SNAKE, 0.01
4459, 14, 116, Status.SNAKE, 0.01
4460, 3, 15, Status.SNAKE, 0.01
4461, 8, 65, Status.WALL, 0.01
4462, 7, 39, Status.SNAKE, 0.01
4463, 16, 120, Status.SNAKE, 0.01
4464, 7, 39, Status.WALL, 0.01
4465, 2, 12, Status.SNAKE, 0.01
4466, 9, 58, Status.SNAKE, 0.01
4467, 8, 62, Status.SNAKE, 0.01
4468, 3, 19, Status.SNAKE, 0.01
4469, 11, 73, Status.SNAKE, 0.01
4470, 11, 67, Status.SNAKE, 0.01
4471, 9, 61, Status.SNAKE, 0.01
4472, 4, 32, Status.SNAKE, 0.01
4473, 7, 67, Status.WALL, 0.01
4474, 5, 40, Status.SNAKE, 0.01
4475, 21, 159, Status.SNAKE, 0.01
4476, 8, 69, Status.SNAKE, 0.01
4477, 8, 53, Status.WALL, 0.01
4478, 14, 90, Status.SNAKE, 0.01
4479, 14, 94, Status.SNAKE, 0.01
4480, 15, 109, Status.SNAKE, 0.01
4481, 16, 122, Status.SNAKE, 0.01
4482, 7, 53, Status.SNAKE, 0.01
4483, 11, 80, Status.SNAKE, 0.01
4484, 12, 100, Status.SNAKE, 0.01
4485, 11, 64, Status.SNAKE, 0.01
4486, 9, 65, Status.SNAKE, 0.01
4487, 14, 83, Status.SNAKE, 0.01
4488, 17, 104, Status.WALL, 0.01
4489, 10, 59, Status.SNAKE, 0.01
4490, 12, 82, Status.SNAKE, 0.01
4491, 16, 127, Status.WALL, 0.01
4492, 1, 7, Status.SNAKE, 0.01
4493, 11, 75, Status.SNAKE, 0.01
4494, 14, 84, Status.SNAKE, 0.01
4495, 10, 54, Status.SNAKE, 0.01
4496, 7, 43, Status.SNAKE, 0.01
4497, 9, 57, Status.SNAKE, 0.01
4498, 14, 120, Status.SNAKE, 0.01
4499, 10, 94, Status.SNAKE, 0.01
4500, 9, 79, Status.SNAKE, 0.01
4501, 12, 116, Status.WALL, 0.01
4502, 7, 43, Status.SNAKE, 0.01
4503, 7, 52, Status.WALL, 0.01
4504, 7, 48, Status.SNAKE, 0.01
4505, 13, 87, Status.SNAKE, 0.01
4506, 13, 62, Status.WALL, 0.01
4507, 14, 93, Status.SNAKE, 0.01
4508, 16, 93, Status.SNAKE, 0.01
4509, 6, 45, Status.WALL, 0.01
4510, 12, 62, Status.SNAKE, 0.01
4511, 8, 67, Status.WALL, 0.01
4512, 13, 98, Status.WALL, 0.01
4513, 9, 51, Status.WALL, 0.01
4514, 10, 58, Status.SNAKE, 0.01
4515, 15, 74, Status.SNAKE, 0.01
4516, 2, 15, Status.SNAKE, 0.01
4517, 18, 105, Status.SNAKE, 0.01
4518, 11, 61, Status.WALL, 0.01
4519, 4, 37, Status.WALL, 0.01
4520, 7, 46, Status.SNAKE, 0.01
4521, 9, 61, Status.SNAKE, 0.01
4522, 9, 71, Status.SNAKE, 0.01
4523, 13, 107, Status.SNAKE, 0.01
4524, 7, 51, Status.SNAKE, 0.01
4525, 13, 97, Status.SNAKE, 0.01
4526, 2, 14, Status.WALL, 0.01
4527, 9, 70, Status.SNAKE, 0.01
4528, 15, 121, Status.SNAKE, 0.01
4529, 7, 37, Status.SNAKE, 0.01
4530, 11, 68, Status.SNAKE, 0.01
4531, 12, 101, Status.SNAKE, 0.01
4532, 13, 96, Status.SNAKE, 0.01
4533, 17, 117, Status.SNAKE, 0.01
4534, 13, 117, Status.SNAKE, 0.01
4535, 2, 34, Status.WALL, 0.01
4536, 3, 28, Status.SNAKE, 0.01
4537, 4, 31, Status.WALL, 0.01
4538, 11, 74, Status.SNAKE, 0.01
4539, 5, 25, Status.WALL, 0.01
4540, 6, 39, Status.SNAKE, 0.01
4541, 7, 38, Status.SNAKE, 0.01
4542, 5, 45, Status.SNAKE, 0.01
4543, 6, 32, Status.SNAKE, 0.01
4544, 10, 59, Status.SNAKE, 0.01
4545, 9, 61, Status.WALL, 0.01
4546, 11, 96, Status.SNAKE, 0.01
4547, 5, 42, Status.WALL, 0.01
4548, 14, 95, Status.SNAKE, 0.01
4549, 3, 21, Status.WALL, 0.01
4550, 1, 7, Status.SNAKE, 0.01
4551, 11, 85, Status.WALL, 0.01
4552, 7, 30, Status.SNAKE, 0.01
4553, 15, 77, Status.SNAKE, 0.01
4554, 1, 3, Status.SNAKE, 0.01
4555, 8, 53, Status.SNAKE, 0.01
4556, 5, 24, Status.WALL, 0.01
4557, 15, 121, Status.SNAKE, 0.01
4558, 8, 55, Status.SNAKE, 0.01
4559, 6, 28, Status.WALL, 0.01
4560, 11, 69, Status.SNAKE, 0.01
4561, 11, 99, Status.SNAKE, 0.01
4562, 18, 126, Status.WALL, 0.01
4563, 9, 70, Status.SNAKE, 0.01
4564, 4, 12, Status.WALL, 0.01
4565, 8, 43, Status.SNAKE, 0.01
4566, 6, 34, Status.SNAKE, 0.01
4567, 10, 76, Status.WALL, 0.01
4568, 1, 13, Status.WALL, 0.01
4569, 12, 78, Status.WALL, 0.01
4570, 10, 66, Status.SNAKE, 0.01
4571, 5, 31, Status.SNAKE, 0.01
4572, 6, 50, Status.SNAKE, 0.01
4573, 8, 51, Status.WALL, 0.01
4574, 4, 24, Status.SNAKE, 0.01
4575, 7, 42, Status.WALL, 0.01
4576, 2, 6, Status.SNAKE, 0.01
4577, 7, 32, Status.WALL, 0.01
4578, 18, 88, Status.SNAKE, 0.01
4579, 7, 62, Status.SNAKE, 0.01
4580, 5, 32, Status.WALL, 0.01
4581, 17, 138, Status.SNAKE, 0.01
4582, 7, 37, Status.SNAKE, 0.01
4583, 8, 49, Status.WALL, 0.01
4584, 13, 98, Status.SNAKE, 0.01
4585, 9, 57, Status.WALL, 0.01
4586, 6, 59, Status.WALL, 0.01
4587, 12, 91, Status.SNAKE, 0.01
4588, 9, 62, Status.SNAKE, 0.01
4589, 3, 15, Status.SNAKE, 0.01
4590, 2, 18, Status.SNAKE, 0.01
4591, 10, 100, Status.WALL, 0.01
4592, 13, 99, Status.SNAKE, 0.01
4593, 4, 26, Status.SNAKE, 0.01
4594, 5, 26, Status.WALL, 0.01
4595, 4, 16, Status.SNAKE, 0.01
4596, 3, 10, Status.SNAKE, 0.01
4597, 12, 83, Status.SNAKE, 0.01
4598, 10, 71, Status.SNAKE, 0.01
4599, 5, 29, Status.SNAKE, 0.01
4600, 8, 55, Status.SNAKE, 0.01
4601, 11, 65, Status.WALL, 0.01
4602, 5, 30, Status.SNAKE, 0.01
4603, 13, 81, Status.SNAKE, 0.01
4604, 13, 106, Status.WALL, 0.01
4605, 9, 64, Status.WALL, 0.01
4606, 5, 24, Status.SNAKE, 0.01
4607, 4, 29, Status.SNAKE, 0.01
4608, 6, 36, Status.SNAKE, 0.01
4609, 14, 97, Status.SNAKE, 0.01
4610, 6, 46, Status.WALL, 0.01
4611, 5, 22, Status.SNAKE, 0.01
4612, 6, 42, Status.WALL, 0.01
4613, 11, 91, Status.SNAKE, 0.01
4614, 5, 26, Status.WALL, 0.01
4615, 13, 77, Status.SNAKE, 0.01
4616, 14, 81, Status.SNAKE, 0.01
4617, 11, 66, Status.SNAKE, 0.01
4618, 16, 114, Status.SNAKE, 0.01
4619, 11, 78, Status.SNAKE, 0.01
4620, 8, 50, Status.WALL, 0.01
4621, 14, 83, Status.SNAKE, 0.01
4622, 19, 131, Status.SNAKE, 0.01
4623, 11, 90, Status.SNAKE, 0.01
4624, 12, 64, Status.SNAKE, 0.01
4625, 10, 83, Status.SNAKE, 0.01
4626, 12, 90, Status.SNAKE, 0.01
4627, 3, 42, Status.WALL, 0.01
4628, 5, 26, Status.WALL, 0.01
4629, 13, 84, Status.WALL, 0.01
4630, 11, 82, Status.SNAKE, 0.01
4631, 7, 39, Status.WALL, 0.01
4632, 9, 55, Status.SNAKE, 0.01
4633, 13, 95, Status.SNAKE, 0.01
4634, 16, 171, Status.SNAKE, 0.01
4635, 6, 52, Status.SNAKE, 0.01
4636, 0, 9, Status.WALL, 0.01
4637, 4, 27, Status.SNAKE, 0.01
4638, 13, 78, Status.SNAKE, 0.01
4639, 11, 71, Status.SNAKE, 0.01
4640, 7, 43, Status.WALL, 0.01
4641, 6, 41, Status.SNAKE, 0.01
4642, 11, 93, Status.WALL, 0.01
4643, 13, 96, Status.SNAKE, 0.01
4644, 1, 9, Status.WALL, 0.01
4645, 3, 15, Status.SNAKE, 0.01
4646, 12, 87, Status.SNAKE, 0.01
4647, 11, 71, Status.SNAKE, 0.01
4648, 1, 5, Status.SNAKE, 0.01
4649, 21, 170, Status.WALL, 0.01
4650, 12, 56, Status.WALL, 0.01
4651, 5, 38, Status.SNAKE, 0.01
4652, 8, 68, Status.SNAKE, 0.01
4653, 7, 58, Status.SNAKE, 0.01
4654, 1, 5, Status.SNAKE, 0.01
4655, 7, 50, Status.WALL, 0.01
4656, 10, 71, Status.SNAKE, 0.01
4657, 1, 3, Status.SNAKE, 0.01
4658, 4, 35, Status.WALL, 0.01
4659, 3, 21, Status.SNAKE, 0.01
4660, 13, 82, Status.SNAKE, 0.01
4661, 12, 75, Status.SNAKE, 0.01
4662, 9, 57, Status.SNAKE, 0.01
4663, 1, 7, Status.WALL, 0.01
4664, 6, 36, Status.SNAKE, 0.01
4665, 1, 3, Status.SNAKE, 0.01
4666, 15, 97, Status.SNAKE, 0.01
4667, 6, 34, Status.SNAKE, 0.01
4668, 6, 31, Status.SNAKE, 0.01
4669, 12, 62, Status.SNAKE, 0.01
4670, 11, 76, Status.SNAKE, 0.01
4671, 5, 58, Status.WALL, 0.01
4672, 19, 139, Status.SNAKE, 0.01
4673, 17, 124, Status.WALL, 0.01
4674, 14, 101, Status.WALL, 0.01
4675, 4, 23, Status.SNAKE, 0.01
4676, 8, 51, Status.SNAKE, 0.01
4677, 2, 17, Status.SNAKE, 0.01
4678, 2, 16, Status.WALL, 0.01
4679, 2, 13, Status.SNAKE, 0.01
4680, 11, 103, Status.SNAKE, 0.01
4681, 19, 138, Status.SNAKE, 0.01
4682, 5, 46, Status.SNAKE, 0.01
4683, 9, 60, Status.SNAKE, 0.01
4684, 4, 20, Status.WALL, 0.01
4685, 16, 109, Status.SNAKE, 0.01
4686, 6, 52, Status.SNAKE, 0.01
4687, 11, 71, Status.SNAKE, 0.01
4688, 7, 58, Status.WALL, 0.01
4689, 8, 66, Status.SNAKE, 0.01
4690, 10, 78, Status.SNAKE, 0.01
4691, 0, 8, Status.WALL, 0.01
4692, 13, 99, Status.SNAKE, 0.01
4693, 9, 56, Status.SNAKE, 0.01
4694, 7, 47, Status.SNAKE, 0.01
4695, 13, 82, Status.WALL, 0.01
4696, 8, 55, Status.SNAKE, 0.01
4697, 7, 43, Status.WALL, 0.01
4698, 9, 60, Status.SNAKE, 0.01
4699, 3, 23, Status.WALL, 0.01
4700, 10, 65, Status.WALL, 0.01
4701, 7, 50, Status.SNAKE, 0.01
4702, 12, 84, Status.WALL, 0.01
4703, 9, 60, Status.SNAKE, 0.01
4704, 8, 61, Status.SNAKE, 0.01
4705, 14, 77, Status.SNAKE, 0.01
4706, 7, 50, Status.SNAKE, 0.01
4707, 10, 61, Status.SNAKE, 0.01
4708, 15, 105, Status.WALL, 0.01
4709, 11, 70, Status.SNAKE, 0.01
4710, 8, 47, Status.SNAKE, 0.01
4711, 8, 58, Status.SNAKE, 0.01
4712, 10, 81, Status.WALL, 0.01
4713, 10, 90, Status.SNAKE, 0.01
4714, 6, 35, Status.SNAKE, 0.01
4715, 1, 3, Status.SNAKE, 0.01
4716, 6, 39, Status.SNAKE, 0.01
4717, 20, 110, Status.SNAKE, 0.01
4718, 11, 75, Status.SNAKE, 0.01
4719, 4, 30, Status.SNAKE, 0.01
4720, 1, 3, Status.SNAKE, 0.01
4721, 15, 101, Status.SNAKE, 0.01
4722, 1, 13, Status.WALL, 0.01
4723, 1, 3, Status.SNAKE, 0.01
4724, 1, 3, Status.SNAKE, 0.01
4725, 11, 65, Status.SNAKE, 0.01
4726, 8, 62, Status.SNAKE, 0.01
4727, 11, 70, Status.SNAKE, 0.01
4728, 15, 120, Status.SNAKE, 0.01
4729, 6, 45, Status.WALL, 0.01
4730, 7, 55, Status.SNAKE, 0.01
4731, 5, 34, Status.SNAKE, 0.01
4732, 10, 76, Status.SNAKE, 0.01
4733, 16, 113, Status.SNAKE, 0.01
4734, 9, 64, Status.SNAKE, 0.01
4735, 12, 97, Status.SNAKE, 0.01
4736, 1, 7, Status.WALL, 0.01
4737, 3, 22, Status.SNAKE, 0.01
4738, 10, 59, Status.SNAKE, 0.01
4739, 2, 12, Status.SNAKE, 0.01
4740, 5, 43, Status.SNAKE, 0.01
4741, 8, 44, Status.WALL, 0.01
4742, 5, 51, Status.WALL, 0.01
4743, 14, 101, Status.SNAKE, 0.01
4744, 3, 17, Status.SNAKE, 0.01
4745, 20, 181, Status.WALL, 0.01
4746, 20, 123, Status.SNAKE, 0.01
4747, 6, 58, Status.SNAKE, 0.01
4748, 5, 40, Status.WALL, 0.01
4749, 10, 61, Status.SNAKE, 0.01
4750, 3, 18, Status.SNAKE, 0.01
4751, 17, 117, Status.SNAKE, 0.01
4752, 2, 20, Status.WALL, 0.01
4753, 4, 24, Status.WALL, 0.01
4754, 6, 53, Status.SNAKE, 0.01
4755, 16, 123, Status.SNAKE, 0.01
4756, 9, 51, Status.WALL, 0.01
4757, 4, 23, Status.SNAKE, 0.01
4758, 8, 45, Status.SNAKE, 0.01
4759, 12, 80, Status.WALL, 0.01
4760, 3, 21, Status.SNAKE, 0.01
4761, 7, 37, Status.WALL, 0.01
4762, 3, 22, Status.SNAKE, 0.01
4763, 6, 41, Status.SNAKE, 0.01
4764, 9, 77, Status.SNAKE, 0.01
4765, 8, 70, Status.SNAKE, 0.01
4766, 12, 85, Status.SNAKE, 0.01
4767, 8, 44, Status.SNAKE, 0.01
4768, 12, 74, Status.SNAKE, 0.01
4769, 21, 125, Status.SNAKE, 0.01
4770, 7, 49, Status.WALL, 0.01
4771, 12, 78, Status.SNAKE, 0.01
4772, 8, 41, Status.SNAKE, 0.01
4773, 15, 106, Status.WALL, 0.01
4774, 6, 54, Status.WALL, 0.01
4775, 12, 111, Status.WALL, 0.01
4776, 3, 24, Status.SNAKE, 0.01
4777, 1, 5, Status.SNAKE, 0.01
4778, 5, 32, Status.WALL, 0.01
4779, 2, 18, Status.SNAKE, 0.01
4780, 5, 32, Status.SNAKE, 0.01
4781, 5, 37, Status.SNAKE, 0.01
4782, 11, 72, Status.SNAKE, 0.01
4783, 13, 89, Status.SNAKE, 0.01
4784, 11, 62, Status.SNAKE, 0.01
4785, 4, 37, Status.WALL, 0.01
4786, 0, 4, Status.WALL, 0.01
4787, 11, 58, Status.SNAKE, 0.01
4788, 3, 14, Status.WALL, 0.01
4789, 0, 5, Status.WALL, 0.01
4790, 7, 40, Status.SNAKE, 0.01
4791, 12, 66, Status.SNAKE, 0.01
4792, 5, 31, Status.SNAKE, 0.01
4793, 12, 83, Status.SNAKE, 0.01
4794, 3, 16, Status.WALL, 0.01
4795, 12, 78, Status.WALL, 0.01
4796, 6, 38, Status.SNAKE, 0.01
4797, 3, 25, Status.SNAKE, 0.01
4798, 12, 86, Status.SNAKE, 0.01
4799, 11, 68, Status.SNAKE, 0.01
4800, 8, 58, Status.SNAKE, 0.01
4801, 4, 39, Status.SNAKE, 0.01
4802, 9, 62, Status.SNAKE, 0.01
4803, 4, 28, Status.WALL, 0.01
4804, 6, 26, Status.SNAKE, 0.01
4805, 5, 41, Status.SNAKE, 0.01
4806, 1, 3, Status.SNAKE, 0.01
4807, 16, 107, Status.SNAKE, 0.01
4808, 17, 117, Status.SNAKE, 0.01
4809, 13, 68, Status.SNAKE, 0.01
4810, 5, 30, Status.SNAKE, 0.01
4811, 2, 15, Status.SNAKE, 0.01
4812, 4, 18, Status.SNAKE, 0.01
4813, 10, 76, Status.SNAKE, 0.01
4814, 4, 20, Status.SNAKE, 0.01
4815, 10, 64, Status.SNAKE, 0.01
4816, 10, 68, Status.SNAKE, 0.01
4817, 12, 92, Status.SNAKE, 0.01
4818, 3, 24, Status.SNAKE, 0.01
4819, 15, 126, Status.SNAKE, 0.01
4820, 6, 41, Status.SNAKE, 0.01
4821, 21, 125, Status.SNAKE, 0.01
4822, 7, 50, Status.SNAKE, 0.01
4823, 4, 30, Status.WALL, 0.01
4824, 6, 32, Status.SNAKE, 0.01
4825, 5, 25, Status.SNAKE, 0.01
4826, 14, 82, Status.SNAKE, 0.01
4827, 6, 32, Status.SNAKE, 0.01
4828, 5, 28, Status.SNAKE, 0.01
4829, 6, 43, Status.SNAKE, 0.01
4830, 9, 69, Status.SNAKE, 0.01
4831, 8, 42, Status.SNAKE, 0.01
4832, 10, 55, Status.SNAKE, 0.01
4833, 6, 40, Status.WALL, 0.01
4834, 2, 13, Status.SNAKE, 0.01
4835, 9, 62, Status.WALL, 0.01
4836, 11, 77, Status.SNAKE, 0.01
4837, 9, 55, Status.WALL, 0.01
4838, 16, 115, Status.SNAKE, 0.01
4839, 19, 123, Status.SNAKE, 0.01
4840, 13, 68, Status.SNAKE, 0.01
4841, 13, 118, Status.SNAKE, 0.01
4842, 7, 67, Status.SNAKE, 0.01
4843, 1, 8, Status.WALL, 0.01
4844, 14, 72, Status.SNAKE, 0.01
4845, 13, 86, Status.SNAKE, 0.01
4846, 3, 29, Status.WALL, 0.01
4847, 9, 52, Status.SNAKE, 0.01
4848, 16, 86, Status.SNAKE, 0.01
4849, 6, 56, Status.SNAKE, 0.01
4850, 15, 75, Status.WALL, 0.01
4851, 11, 92, Status.SNAKE, 0.01
4852, 6, 36, Status.SNAKE, 0.01
4853, 6, 32, Status.SNAKE, 0.01
4854, 11, 57, Status.SNAKE, 0.01
4855, 11, 60, Status.WALL, 0.01
4856, 11, 52, Status.SNAKE, 0.01
4857, 10, 67, Status.SNAKE, 0.01
4858, 11, 70, Status.SNAKE, 0.01
4859, 16, 95, Status.SNAKE, 0.01
4860, 1, 7, Status.WALL, 0.01
4861, 4, 15, Status.SNAKE, 0.01
4862, 9, 64, Status.SNAKE, 0.01
4863, 12, 99, Status.WALL, 0.01
4864, 12, 92, Status.SNAKE, 0.01
4865, 3, 15, Status.SNAKE, 0.01
4866, 14, 110, Status.SNAKE, 0.01
4867, 5, 39, Status.SNAKE, 0.01
4868, 14, 121, Status.WALL, 0.01
4869, 8, 64, Status.SNAKE, 0.01
4870, 12, 84, Status.SNAKE, 0.01
4871, 19, 134, Status.SNAKE, 0.01
4872, 6, 46, Status.SNAKE, 0.01
4873, 9, 71, Status.SNAKE, 0.01
4874, 17, 147, Status.WALL, 0.01
4875, 5, 31, Status.SNAKE, 0.01
4876, 20, 154, Status.SNAKE, 0.01
4877, 14, 121, Status.SNAKE, 0.01
4878, 13, 101, Status.SNAKE, 0.01
4879, 11, 60, Status.SNAKE, 0.01
4880, 9, 55, Status.SNAKE, 0.01
4881, 14, 78, Status.SNAKE, 0.01
4882, 13, 106, Status.SNAKE, 0.01
4883, 10, 52, Status.SNAKE, 0.01
4884, 8, 60, Status.SNAKE, 0.01
4885, 5, 23, Status.SNAKE, 0.01
4886, 1, 3, Status.SNAKE, 0.01
4887, 11, 66, Status.SNAKE, 0.01
4888, 11, 66, Status.SNAKE, 0.01
4889, 11, 82, Status.SNAKE, 0.01
4890, 5, 28, Status.SNAKE, 0.01
4891, 14, 67, Status.SNAKE, 0.01
4892, 6, 36, Status.WALL, 0.01
4893, 12, 121, Status.SNAKE, 0.01
4894, 14, 101, Status.SNAKE, 0.01
4895, 13, 95, Status.SNAKE, 0.01
4896, 14, 97, Status.SNAKE, 0.01
4897, 13, 85, Status.SNAKE, 0.01
4898, 21, 153, Status.WALL, 0.01
4899, 8, 64, Status.SNAKE, 0.01
4900, 7, 60, Status.SNAKE, 0.01
4901, 11, 70, Status.SNAKE, 0.01
4902, 2, 7, Status.WALL, 0.01
4903, 10, 62, Status.WALL, 0.01
4904, 6, 45, Status.SNAKE, 0.01
4905, 7, 38, Status.WALL, 0.01
4906, 14, 124, Status.WALL, 0.01
4907, 6, 31, Status.SNAKE, 0.01
4908, 8, 59, Status.WALL, 0.01
4909, 6, 49, Status.SNAKE, 0.01
4910, 16, 114, Status.WALL, 0.01
4911, 13, 72, Status.SNAKE, 0.01
4912, 3, 29, Status.SNAKE, 0.01
4913, 6, 36, Status.SNAKE, 0.01
4914, 2, 5, Status.SNAKE, 0.01
4915, 9, 43, Status.SNAKE, 0.01
4916, 7, 47, Status.SNAKE, 0.01
4917, 11, 87, Status.SNAKE, 0.01
4918, 10, 52, Status.SNAKE, 0.01
4919, 6, 42, Status.WALL, 0.01
4920, 14, 102, Status.SNAKE, 0.01
4921, 10, 72, Status.SNAKE, 0.01
4922, 13, 83, Status.SNAKE, 0.01
4923, 6, 43, Status.SNAKE, 0.01
4924, 7, 36, Status.SNAKE, 0.01
4925, 6, 46, Status.SNAKE, 0.01
4926, 8, 61, Status.SNAKE, 0.01
4927, 3, 11, Status.SNAKE, 0.01
4928, 9, 52, Status.SNAKE, 0.01
4929, 12, 84, Status.SNAKE, 0.01
4930, 7, 49, Status.WALL, 0.01
4931, 11, 53, Status.SNAKE, 0.01
4932, 4, 19, Status.SNAKE, 0.01
4933, 4, 22, Status.SNAKE, 0.01
4934, 10, 58, Status.SNAKE, 0.01
4935, 11, 88, Status.SNAKE, 0.01
4936, 5, 28, Status.SNAKE, 0.01
4937, 15, 98, Status.SNAKE, 0.01
4938, 11, 80, Status.SNAKE, 0.01
4939, 8, 61, Status.SNAKE, 0.01
4940, 7, 54, Status.WALL, 0.01
4941, 14, 107, Status.SNAKE, 0.01
4942, 14, 99, Status.SNAKE, 0.01
4943, 3, 10, Status.WALL, 0.01
4944, 4, 26, Status.SNAKE, 0.01
4945, 16, 110, Status.SNAKE, 0.01
4946, 5, 26, Status.SNAKE, 0.01
4947, 5, 26, Status.SNAKE, 0.01
4948, 25, 171, Status.SNAKE, 0.01
4949, 8, 58, Status.SNAKE, 0.01
4950, 16, 133, Status.SNAKE, 0.01
4951, 12, 78, Status.WALL, 0.01
4952, 4, 34, Status.WALL, 0.01
4953, 6, 32, Status.SNAKE, 0.01
4954, 7, 31, Status.SNAKE, 0.01
4955, 6, 68, Status.SNAKE, 0.01
4956, 2, 14, Status.WALL, 0.01
4957, 3, 14, Status.SNAKE, 0.01
4958, 1, 7, Status.WALL, 0.01
4959, 10, 80, Status.SNAKE, 0.01
4960, 11, 86, Status.SNAKE, 0.01
4961, 16, 117, Status.WALL, 0.01
4962, 6, 40, Status.SNAKE, 0.01
4963, 5, 44, Status.SNAKE, 0.01
4964, 14, 83, Status.SNAKE, 0.01
4965, 1, 8, Status.SNAKE, 0.01
4966, 12, 68, Status.SNAKE, 0.01
4967, 5, 45, Status.WALL, 0.01
4968, 7, 50, Status.WALL, 0.01
4969, 7, 56, Status.WALL, 0.01
4970, 11, 62, Status.SNAKE, 0.01
4971, 10, 74, Status.SNAKE, 0.01
4972, 9, 51, Status.SNAKE, 0.01
4973, 5, 34, Status.SNAKE, 0.01
4974, 16, 122, Status.SNAKE, 0.01
4975, 10, 80, Status.SNAKE, 0.01
4976, 13, 103, Status.WALL, 0.01
4977, 3, 26, Status.WALL, 0.01
4978, 1, 18, Status.WALL, 0.01
4979, 2, 19, Status.WALL, 0.01
4980, 12, 102, Status.WALL, 0.01
4981, 10, 84, Status.SNAKE, 0.01
4982, 5, 50, Status.SNAKE, 0.01
4983, 7, 78, Status.WALL, 0.01
4984, 14, 99, Status.WALL, 0.01
4985, 15, 135, Status.SNAKE, 0.01
4986, 12, 72, Status.SNAKE, 0.01
4987, 7, 52, Status.SNAKE, 0.01
4988, 15, 83, Status.SNAKE, 0.01
4989, 15, 99, Status.SNAKE, 0.01
4990, 5, 34, Status.SNAKE, 0.01
4991, 5, 46, Status.WALL, 0.01
4992, 13, 103, Status.SNAKE, 0.01
4993, 12, 90, Status.SNAKE, 0.01
4994, 2, 22, Status.SNAKE, 0.01
4995, 15, 107, Status.SNAKE, 0.01
4996, 13, 110, Status.SNAKE, 0.01
4997, 8, 65, Status.SNAKE, 0.01
4998, 3, 21, Status.SNAKE, 0.01
4999, 10, 63, Status.SNAKE, 0.01
5000, 2, 7, Status.SNAKE, 0.01
5001, 11, 76, Status.SNAKE, 0.01
5002, 16, 121, Status.WALL, 0.01
5003, 12, 83, Status.SNAKE, 0.01
5004, 14, 104, Status.SNAKE, 0.01
5005, 12, 64, Status.SNAKE, 0.01
5006, 7, 45, Status.WALL, 0.01
5007, 1, 10, Status.WALL, 0.01
5008, 11, 59, Status.SNAKE, 0.01
5009, 1, 8, Status.WALL, 0.01
5010, 4, 30, Status.SNAKE, 0.01
5011, 7, 42, Status.WALL, 0.01
5012, 15, 126, Status.SNAKE, 0.01
5013, 9, 48, Status.SNAKE, 0.01
5014, 5, 33, Status.SNAKE, 0.01
5015, 9, 49, Status.SNAKE, 0.01
5016, 4, 44, Status.SNAKE, 0.01
5017, 2, 18, Status.SNAKE, 0.01
5018, 15, 91, Status.WALL, 0.01
5019, 5, 30, Status.SNAKE, 0.01
5020, 8, 38, Status.WALL, 0.01
5021, 8, 58, Status.WALL, 0.01
5022, 2, 11, Status.WALL, 0.01
5023, 13, 80, Status.WALL, 0.01
5024, 18, 125, Status.SNAKE, 0.01
5025, 3, 19, Status.SNAKE, 0.01
5026, 10, 72, Status.SNAKE, 0.01
5027, 5, 40, Status.SNAKE, 0.01
5028, 12, 93, Status.SNAKE, 0.01
5029, 8, 53, Status.SNAKE, 0.01
5030, 16, 91, Status.SNAKE, 0.01
5031, 5, 32, Status.WALL, 0.01
5032, 14, 94, Status.SNAKE, 0.01
5033, 2, 27, Status.WALL, 0.01
5034, 9, 62, Status.SNAKE, 0.01
5035, 19, 122, Status.SNAKE, 0.01
5036, 14, 89, Status.WALL, 0.01
5037, 6, 40, Status.SNAKE, 0.01
5038, 7, 43, Status.SNAKE, 0.01
5039, 10, 67, Status.SNAKE, 0.01
5040, 8, 65, Status.SNAKE, 0.01
5041, 9, 50, Status.SNAKE, 0.01
5042, 3, 14, Status.WALL, 0.01
5043, 8, 38, Status.SNAKE, 0.01
5044, 5, 35, Status.WALL, 0.01
5045, 11, 66, Status.SNAKE, 0.01
5046, 2, 20, Status.WALL, 0.01
5047, 6, 41, Status.SNAKE, 0.01
5048, 11, 70, Status.SNAKE, 0.01
5049, 21, 128, Status.SNAKE, 0.01
5050, 13, 83, Status.SNAKE, 0.01
5051, 4, 37, Status.WALL, 0.01
5052, 12, 87, Status.SNAKE, 0.01
5053, 13, 111, Status.SNAKE, 0.01
5054, 2, 7, Status.SNAKE, 0.01
5055, 7, 32, Status.WALL, 0.01
5056, 9, 68, Status.SNAKE, 0.01
5057, 9, 48, Status.SNAKE, 0.01
5058, 7, 46, Status.SNAKE, 0.01
5059, 3, 20, Status.SNAKE, 0.01
5060, 10, 70, Status.SNAKE, 0.01
5061, 9, 73, Status.SNAKE, 0.01
5062, 10, 48, Status.SNAKE, 0.01
5063, 15, 101, Status.SNAKE, 0.01
5064, 18, 136, Status.SNAKE, 0.01
5065, 6, 35, Status.SNAKE, 0.01
5066, 7, 72, Status.WALL, 0.01
5067, 8, 56, Status.WALL, 0.01
5068, 10, 57, Status.SNAKE, 0.01
5069, 14, 72, Status.SNAKE, 0.01
5070, 11, 66, Status.SNAKE, 0.01
5071, 4, 24, Status.SNAKE, 0.01
5072, 8, 43, Status.WALL, 0.01
5073, 10, 87, Status.WALL, 0.01
5074, 6, 31, Status.WALL, 0.01
5075, 15, 115, Status.SNAKE, 0.01
5076, 14, 88, Status.WALL, 0.01
5077, 7, 51, Status.SNAKE, 0.01
5078, 3, 13, Status.SNAKE, 0.01
5079, 11, 88, Status.SNAKE, 0.01
5080, 14, 103, Status.WALL, 0.01
5081, 10, 45, Status.SNAKE, 0.01
5082, 11, 72, Status.SNAKE, 0.01
5083, 9, 40, Status.SNAKE, 0.01
5084, 12, 104, Status.SNAKE, 0.01
5085, 7, 54, Status.WALL, 0.01
5086, 6, 45, Status.SNAKE, 0.01
5087, 7, 46, Status.SNAKE, 0.01
5088, 10, 75, Status.SNAKE, 0.01
5089, 16, 92, Status.SNAKE, 0.01
5090, 8, 60, Status.SNAKE, 0.01
5091, 11, 49, Status.SNAKE, 0.01
5092, 1, 3, Status.SNAKE, 0.01
5093, 9, 60, Status.SNAKE, 0.01
5094, 1, 6, Status.WALL, 0.01
5095, 11, 58, Status.SNAKE, 0.01
5096, 9, 63, Status.SNAKE, 0.01
5097, 12, 88, Status.SNAKE, 0.01
5098, 9, 84, Status.SNAKE, 0.01
5099, 15, 109, Status.SNAKE, 0.01
5100, 6, 29, Status.SNAKE, 0.01
5101, 13, 92, Status.SNAKE, 0.01
5102, 8, 60, Status.SNAKE, 0.01
5103, 12, 84, Status.SNAKE, 0.01
5104, 7, 43, Status.SNAKE, 0.01
5105, 10, 77, Status.SNAKE, 0.01
5106, 2, 16, Status.SNAKE, 0.01
5107, 14, 113, Status.SNAKE, 0.01
5108, 15, 127, Status.SNAKE, 0.01
5109, 6, 32, Status.SNAKE, 0.01
5110, 10, 88, Status.SNAKE, 0.01
5111, 8, 58, Status.SNAKE, 0.01
5112, 3, 16, Status.SNAKE, 0.01
5113, 8, 62, Status.SNAKE, 0.01
5114, 1, 5, Status.SNAKE, 0.01
5115, 9, 58, Status.SNAKE, 0.01
5116, 7, 43, Status.SNAKE, 0.01
5117, 10, 76, Status.SNAKE, 0.01
5118, 20, 148, Status.SNAKE, 0.01
5119, 14, 133, Status.SNAKE, 0.01
5120, 10, 89, Status.SNAKE, 0.01
5121, 7, 48, Status.SNAKE, 0.01
5122, 19, 129, Status.SNAKE, 0.01
5123, 4, 30, Status.SNAKE, 0.01
5124, 6, 37, Status.WALL, 0.01
5125, 12, 64, Status.WALL, 0.01
5126, 8, 37, Status.SNAKE, 0.01
5127, 11, 73, Status.SNAKE, 0.01
5128, 9, 50, Status.WALL, 0.01
5129, 9, 71, Status.SNAKE, 0.01
5130, 5, 40, Status.WALL, 0.01
5131, 11, 72, Status.SNAKE, 0.01
5132, 2, 9, Status.SNAKE, 0.01
5133, 3, 23, Status.SNAKE, 0.01
5134, 4, 23, Status.SNAKE, 0.01
5135, 6, 40, Status.SNAKE, 0.01
5136, 9, 56, Status.SNAKE, 0.01
5137, 5, 40, Status.SNAKE, 0.01
5138, 13, 76, Status.SNAKE, 0.01
5139, 14, 99, Status.SNAKE, 0.01
5140, 4, 27, Status.SNAKE, 0.01
5141, 1, 3, Status.SNAKE, 0.01
5142, 13, 102, Status.SNAKE, 0.01
5143, 10, 63, Status.SNAKE, 0.01
5144, 8, 60, Status.SNAKE, 0.01
5145, 7, 41, Status.SNAKE, 0.01
5146, 7, 38, Status.SNAKE, 0.01
5147, 6, 39, Status.SNAKE, 0.01
5148, 3, 24, Status.WALL, 0.01
5149, 2, 14, Status.WALL, 0.01
5150, 10, 58, Status.SNAKE, 0.01
5151, 5, 26, Status.WALL, 0.01
5152, 6, 50, Status.SNAKE, 0.01
5153, 21, 149, Status.SNAKE, 0.01
5154, 16, 91, Status.SNAKE, 0.01
5155, 11, 91, Status.SNAKE, 0.01
5156, 16, 90, Status.WALL, 0.01
5157, 8, 57, Status.SNAKE, 0.01
5158, 1, 5, Status.SNAKE, 0.01
5159, 9, 77, Status.SNAKE, 0.01
5160, 3, 23, Status.SNAKE, 0.01
5161, 8, 46, Status.SNAKE, 0.01
5162, 1, 5, Status.SNAKE, 0.01
5163, 13, 83, Status.SNAKE, 0.01
5164, 11, 64, Status.SNAKE, 0.01
5165, 4, 29, Status.SNAKE, 0.01
5166, 2, 16, Status.SNAKE, 0.01
5167, 6, 47, Status.SNAKE, 0.01
5168, 11, 61, Status.WALL, 0.01
5169, 12, 93, Status.SNAKE, 0.01
5170, 11, 71, Status.SNAKE, 0.01
5171, 11, 64, Status.WALL, 0.01
5172, 16, 88, Status.SNAKE, 0.01
5173, 11, 84, Status.SNAKE, 0.01
5174, 18, 103, Status.SNAKE, 0.01
5175, 13, 90, Status.SNAKE, 0.01
5176, 11, 91, Status.WALL, 0.01
5177, 12, 75, Status.SNAKE, 0.01
5178, 7, 44, Status.WALL, 0.01
5179, 13, 78, Status.SNAKE, 0.01
5180, 5, 23, Status.SNAKE, 0.01
5181, 3, 17, Status.SNAKE, 0.01
5182, 20, 106, Status.SNAKE, 0.01
5183, 7, 40, Status.SNAKE, 0.01
5184, 11, 81, Status.WALL, 0.01
5185, 3, 28, Status.SNAKE, 0.01
5186, 8, 61, Status.SNAKE, 0.01
5187, 11, 97, Status.WALL, 0.01
5188, 17, 125, Status.WALL, 0.01
5189, 5, 22, Status.SNAKE, 0.01
5190, 12, 89, Status.SNAKE, 0.01
5191, 3, 14, Status.WALL, 0.01
5192, 16, 114, Status.SNAKE, 0.01
5193, 7, 59, Status.SNAKE, 0.01
5194, 15, 99, Status.SNAKE, 0.01
5195, 15, 96, Status.SNAKE, 0.01
5196, 15, 98, Status.WALL, 0.01
5197, 2, 10, Status.SNAKE, 0.01
5198, 19, 145, Status.SNAKE, 0.01
5199, 11, 46, Status.SNAKE, 0.01
5200, 1, 10, Status.WALL, 0.01
5201, 3, 25, Status.SNAKE, 0.01
5202, 17, 107, Status.SNAKE, 0.01
5203, 9, 78, Status.SNAKE, 0.01
5204, 15, 122, Status.SNAKE, 0.01
5205, 11, 84, Status.SNAKE, 0.01
5206, 6, 30, Status.SNAKE, 0.01
5207, 15, 142, Status.SNAKE, 0.01
5208, 7, 47, Status.SNAKE, 0.01
5209, 18, 117, Status.SNAKE, 0.01
5210, 3, 23, Status.WALL, 0.01
5211, 14, 110, Status.SNAKE, 0.01
5212, 6, 35, Status.SNAKE, 0.01
5213, 1, 5, Status.SNAKE, 0.01
5214, 12, 113, Status.SNAKE, 0.01
5215, 7, 49, Status.SNAKE, 0.01
5216, 9, 70, Status.SNAKE, 0.01
5217, 11, 79, Status.SNAKE, 0.01
5218, 8, 50, Status.SNAKE, 0.01
5219, 13, 104, Status.SNAKE, 0.01
5220, 8, 68, Status.SNAKE, 0.01
5221, 14, 100, Status.SNAKE, 0.01
5222, 7, 43, Status.SNAKE, 0.01
5223, 12, 94, Status.SNAKE, 0.01
5224, 2, 8, Status.SNAKE, 0.01
5225, 10, 59, Status.SNAKE, 0.01
5226, 2, 22, Status.SNAKE, 0.01
5227, 6, 43, Status.SNAKE, 0.01
5228, 3, 26, Status.SNAKE, 0.01
5229, 5, 32, Status.SNAKE, 0.01
5230, 7, 42, Status.SNAKE, 0.01
5231, 14, 108, Status.SNAKE, 0.01
5232, 5, 29, Status.WALL, 0.01
5233, 5, 43, Status.SNAKE, 0.01
5234, 9, 40, Status.SNAKE, 0.01
5235, 8, 55, Status.SNAKE, 0.01
5236, 11, 70, Status.SNAKE, 0.01
5237, 3, 16, Status.WALL, 0.01
5238, 14, 88, Status.SNAKE, 0.01
5239, 9, 54, Status.SNAKE, 0.01
5240, 7, 45, Status.SNAKE, 0.01
5241, 8, 51, Status.WALL, 0.01
5242, 14, 88, Status.SNAKE, 0.01
5243, 6, 36, Status.SNAKE, 0.01
5244, 1, 6, Status.SNAKE, 0.01
5245, 6, 49, Status.WALL, 0.01
5246, 4, 32, Status.SNAKE, 0.01
5247, 12, 77, Status.SNAKE, 0.01
5248, 11, 85, Status.SNAKE, 0.01
5249, 3, 20, Status.SNAKE, 0.01
5250, 5, 26, Status.WALL, 0.01
5251, 9, 44, Status.SNAKE, 0.01
5252, 15, 81, Status.WALL, 0.01
5253, 8, 49, Status.SNAKE, 0.01
5254, 12, 89, Status.SNAKE, 0.01
5255, 8, 61, Status.SNAKE, 0.01
5256, 9, 62, Status.SNAKE, 0.01
5257, 24, 152, Status.SNAKE, 0.01
5258, 9, 58, Status.SNAKE, 0.01
5259, 10, 52, Status.WALL, 0.01
5260, 5, 40, Status.SNAKE, 0.01
5261, 11, 58, Status.WALL, 0.01
5262, 10, 67, Status.WALL, 0.01
5263, 11, 81, Status.SNAKE, 0.01
5264, 1, 8, Status.WALL, 0.01
5265, 1, 5, Status.SNAKE, 0.01
5266, 13, 109, Status.SNAKE, 0.01
5267, 8, 66, Status.SNAKE, 0.01
5268, 11, 73, Status.SNAKE, 0.01
5269, 12, 109, Status.SNAKE, 0.01
5270, 13, 93, Status.SNAKE, 0.01
5271, 13, 93, Status.SNAKE, 0.01
5272, 10, 88, Status.WALL, 0.01
5273, 1, 6, Status.WALL, 0.01
5274, 10, 92, Status.WALL, 0.01
5275, 6, 45, Status.SNAKE, 0.01
5276, 8, 55, Status.WALL, 0.01
5277, 6, 34, Status.SNAKE, 0.01
5278, 12, 83, Status.SNAKE, 0.01
5279, 8, 44, Status.SNAKE, 0.01
5280, 11, 74, Status.SNAKE, 0.01
5281, 7, 41, Status.SNAKE, 0.01
5282, 6, 29, Status.SNAKE, 0.01
5283, 7, 68, Status.SNAKE, 0.01
5284, 11, 69, Status.SNAKE, 0.01
5285, 4, 27, Status.WALL, 0.01
5286, 4, 20, Status.SNAKE, 0.01
5287, 11, 81, Status.SNAKE, 0.01
5288, 17, 125, Status.WALL, 0.01
5289, 14, 118, Status.SNAKE, 0.01
5290, 10, 68, Status.SNAKE, 0.01
5291, 3, 21, Status.SNAKE, 0.01
5292, 13, 73, Status.SNAKE, 0.01
5293, 14, 117, Status.SNAKE, 0.01
5294, 8, 63, Status.SNAKE, 0.01
5295, 9, 54, Status.SNAKE, 0.01
5296, 3, 34, Status.WALL, 0.01
5297, 2, 15, Status.SNAKE, 0.01
5298, 11, 86, Status.SNAKE, 0.01
5299, 2, 16, Status.SNAKE, 0.01
5300, 10, 65, Status.SNAKE, 0.01
5301, 9, 60, Status.SNAKE, 0.01
5302, 13, 107, Status.WALL, 0.01
5303, 6, 41, Status.SNAKE, 0.01
5304, 2, 10, Status.WALL, 0.01
5305, 9, 70, Status.SNAKE, 0.01
5306, 14, 94, Status.SNAKE, 0.01
5307, 3, 21, Status.SNAKE, 0.01
5308, 15, 117, Status.WALL, 0.01
5309, 3, 18, Status.SNAKE, 0.01
5310, 14, 97, Status.SNAKE, 0.01
5311, 15, 89, Status.SNAKE, 0.01
5312, 1, 6, Status.SNAKE, 0.01
5313, 2, 17, Status.WALL, 0.01
5314, 16, 132, Status.SNAKE, 0.01
5315, 9, 64, Status.SNAKE, 0.01
5316, 7, 44, Status.SNAKE, 0.01
5317, 5, 25, Status.SNAKE, 0.01
5318, 5, 31, Status.WALL, 0.01
5319, 8, 54, Status.SNAKE, 0.01
5320, 10, 77, Status.SNAKE, 0.01
5321, 12, 77, Status.WALL, 0.01
5322, 5, 40, Status.SNAKE, 0.01
5323, 15, 92, Status.SNAKE, 0.01
5324, 14, 85, Status.SNAKE, 0.01
5325, 4, 32, Status.SNAKE, 0.01
5326, 5, 43, Status.SNAKE, 0.01
5327, 13, 93, Status.WALL, 0.01
5328, 8, 61, Status.SNAKE, 0.01
5329, 10, 72, Status.SNAKE, 0.01
5330, 18, 122, Status.SNAKE, 0.01
5331, 9, 70, Status.SNAKE, 0.01
5332, 7, 60, Status.SNAKE, 0.01
5333, 8, 42, Status.SNAKE, 0.01
5334, 6, 47, Status.SNAKE, 0.01
5335, 8, 40, Status.SNAKE, 0.01
5336, 10, 72, Status.SNAKE, 0.01
5337, 10, 52, Status.WALL, 0.01
5338, 22, 163, Status.WALL, 0.01
5339, 5, 32, Status.SNAKE, 0.01
5340, 9, 48, Status.SNAKE, 0.01
5341, 6, 39, Status.SNAKE, 0.01
5342, 11, 79, Status.SNAKE, 0.01
5343, 6, 45, Status.SNAKE, 0.01
5344, 14, 101, Status.SNAKE, 0.01
5345, 6, 38, Status.SNAKE, 0.01
5346, 5, 37, Status.WALL, 0.01
5347, 13, 92, Status.SNAKE, 0.01
5348, 11, 100, Status.SNAKE, 0.01
5349, 13, 84, Status.SNAKE, 0.01
5350, 6, 39, Status.SNAKE, 0.01
5351, 13, 88, Status.SNAKE, 0.01
5352, 8, 61, Status.SNAKE, 0.01
5353, 10, 77, Status.WALL, 0.01
5354, 6, 33, Status.SNAKE, 0.01
5355, 6, 43, Status.SNAKE, 0.01
5356, 13, 87, Status.SNAKE, 0.01
5357, 14, 113, Status.SNAKE, 0.01
5358, 4, 25, Status.SNAKE, 0.01
5359, 6, 40, Status.SNAKE, 0.01
5360, 4, 31, Status.WALL, 0.01
5361, 3, 31, Status.SNAKE, 0.01
5362, 9, 62, Status.SNAKE, 0.01
5363, 7, 32, Status.SNAKE, 0.01
5364, 3, 19, Status.SNAKE, 0.01
5365, 7, 51, Status.WALL, 0.01
5366, 8, 53, Status.SNAKE, 0.01
5367, 17, 107, Status.SNAKE, 0.01
5368, 5, 33, Status.SNAKE, 0.01
5369, 21, 147, Status.WALL, 0.01
5370, 11, 100, Status.WALL, 0.01
5371, 10, 56, Status.SNAKE, 0.01
5372, 4, 26, Status.WALL, 0.01
5373, 5, 28, Status.SNAKE, 0.01
5374, 5, 38, Status.SNAKE, 0.01
5375, 5, 30, Status.SNAKE, 0.01
5376, 6, 62, Status.SNAKE, 0.01
5377, 4, 16, Status.SNAKE, 0.01
5378, 7, 72, Status.SNAKE, 0.01
5379, 11, 83, Status.SNAKE, 0.01
5380, 11, 70, Status.SNAKE, 0.01
5381, 8, 53, Status.SNAKE, 0.01
5382, 14, 115, Status.SNAKE, 0.01
5383, 17, 120, Status.SNAKE, 0.01
5384, 13, 80, Status.SNAKE, 0.01
5385, 8, 60, Status.SNAKE, 0.01
5386, 8, 50, Status.WALL, 0.01
5387, 14, 86, Status.SNAKE, 0.01
5388, 3, 15, Status.WALL, 0.01
5389, 9, 71, Status.SNAKE, 0.01
5390, 9, 53, Status.SNAKE, 0.01
5391, 10, 89, Status.SNAKE, 0.01
5392, 3, 28, Status.SNAKE, 0.01
5393, 4, 21, Status.SNAKE, 0.01
5394, 6, 48, Status.SNAKE, 0.01
5395, 13, 78, Status.WALL, 0.01
5396, 8, 43, Status.SNAKE, 0.01
5397, 12, 96, Status.SNAKE, 0.01
5398, 5, 33, Status.SNAKE, 0.01
5399, 10, 74, Status.WALL, 0.01
5400, 12, 97, Status.SNAKE, 0.01
5401, 10, 65, Status.WALL, 0.01
5402, 12, 68, Status.SNAKE, 0.01
5403, 13, 93, Status.SNAKE, 0.01
5404, 10, 76, Status.WALL, 0.01
5405, 13, 112, Status.WALL, 0.01
5406, 10, 68, Status.WALL, 0.01
5407, 11, 80, Status.WALL, 0.01
5408, 8, 58, Status.SNAKE, 0.01
5409, 1, 8, Status.WALL, 0.01
5410, 9, 53, Status.SNAKE, 0.01
5411, 5, 31, Status.SNAKE, 0.01
5412, 15, 98, Status.WALL, 0.01
5413, 9, 61, Status.SNAKE, 0.01
5414, 6, 31, Status.SNAKE, 0.01
5415, 2, 9, Status.SNAKE, 0.01
5416, 6, 41, Status.SNAKE, 0.01
5417, 8, 65, Status.WALL, 0.01
5418, 3, 18, Status.SNAKE, 0.01
5419, 9, 78, Status.SNAKE, 0.01
5420, 8, 70, Status.WALL, 0.01
5421, 15, 120, Status.SNAKE, 0.01
5422, 2, 14, Status.WALL, 0.01
5423, 9, 70, Status.SNAKE, 0.01
5424, 8, 52, Status.SNAKE, 0.01
5425, 5, 20, Status.WALL, 0.01
5426, 14, 96, Status.WALL, 0.01
5427, 9, 64, Status.SNAKE, 0.01
5428, 7, 48, Status.SNAKE, 0.01
5429, 3, 24, Status.SNAKE, 0.01
5430, 4, 16, Status.SNAKE, 0.01
5431, 13, 75, Status.SNAKE, 0.01
5432, 12, 96, Status.WALL, 0.01
5433, 11, 81, Status.SNAKE, 0.01
5434, 10, 58, Status.WALL, 0.01
5435, 5, 32, Status.SNAKE, 0.01
5436, 6, 38, Status.SNAKE, 0.01
5437, 3, 34, Status.WALL, 0.01
5438, 6, 29, Status.SNAKE, 0.01
5439, 13, 94, Status.SNAKE, 0.01
5440, 7, 45, Status.SNAKE, 0.01
5441, 6, 44, Status.SNAKE, 0.01
5442, 3, 27, Status.SNAKE, 0.01
5443, 1, 5, Status.SNAKE, 0.01
5444, 8, 45, Status.SNAKE, 0.01
5445, 10, 80, Status.SNAKE, 0.01
5446, 5, 41, Status.WALL, 0.01
5447, 3, 17, Status.WALL, 0.01
5448, 1, 11, Status.WALL, 0.01
5449, 5, 31, Status.SNAKE, 0.01
5450, 10, 74, Status.SNAKE, 0.01
5451, 7, 39, Status.SNAKE, 0.01
5452, 15, 131, Status.SNAKE, 0.01
5453, 18, 141, Status.WALL, 0.01
5454, 12, 93, Status.SNAKE, 0.01
5455, 1, 16, Status.WALL, 0.01
5456, 3, 20, Status.SNAKE, 0.01
5457, 1, 5, Status.SNAKE, 0.01
5458, 4, 16, Status.SNAKE, 0.01
5459, 8, 61, Status.WALL, 0.01
5460, 3, 10, Status.SNAKE, 0.01
5461, 4, 27, Status.WALL, 0.01
5462, 6, 44, Status.SNAKE, 0.01
5463, 6, 37, Status.SNAKE, 0.01
5464, 12, 70, Status.SNAKE, 0.01
5465, 6, 39, Status.SNAKE, 0.01
5466, 1, 5, Status.SNAKE, 0.01
5467, 3, 13, Status.SNAKE, 0.01
5468, 7, 58, Status.SNAKE, 0.01
5469, 5, 41, Status.WALL, 0.01
5470, 17, 103, Status.WALL, 0.01
5471, 6, 43, Status.WALL, 0.01
5472, 10, 68, Status.WALL, 0.01
5473, 1, 3, Status.SNAKE, 0.01
5474, 4, 21, Status.SNAKE, 0.01
5475, 1, 5, Status.SNAKE, 0.01
5476, 7, 39, Status.WALL, 0.01
5477, 16, 110, Status.SNAKE, 0.01
5478, 10, 58, Status.SNAKE, 0.01
5479, 18, 155, Status.SNAKE, 0.01
5480, 21, 141, Status.SNAKE, 0.01
5481, 1, 3, Status.SNAKE, 0.01
5482, 7, 46, Status.SNAKE, 0.01
5483, 5, 53, Status.SNAKE, 0.01
5484, 3, 16, Status.WALL, 0.01
5485, 6, 34, Status.SNAKE, 0.01
5486, 12, 83, Status.SNAKE, 0.01
5487, 2, 14, Status.WALL, 0.01
5488, 5, 40, Status.WALL, 0.01
5489, 11, 81, Status.SNAKE, 0.01
5490, 3, 23, Status.SNAKE, 0.01
5491, 6, 31, Status.SNAKE, 0.01
5492, 6, 52, Status.SNAKE, 0.01
5493, 5, 43, Status.WALL, 0.01
5494, 12, 77, Status.SNAKE, 0.01
5495, 12, 100, Status.SNAKE, 0.01
5496, 12, 76, Status.WALL, 0.01
5497, 8, 63, Status.SNAKE, 0.01
5498, 12, 75, Status.WALL, 0.01
5499, 3, 14, Status.WALL, 0.01
5500, 14, 80, Status.SNAKE, 0.01
5501, 1, 3, Status.SNAKE, 0.01
5502, 14, 115, Status.WALL, 0.01
5503, 10, 65, Status.SNAKE, 0.01
5504, 3, 28, Status.WALL, 0.01
5505, 3, 15, Status.SNAKE, 0.01
5506, 17, 123, Status.SNAKE, 0.01
5507, 9, 74, Status.SNAKE, 0.01
5508, 16, 114, Status.SNAKE, 0.01
5509, 6, 32, Status.SNAKE, 0.01
5510, 3, 22, Status.SNAKE, 0.01
5511, 14, 104, Status.SNAKE, 0.01
5512, 14, 89, Status.SNAKE, 0.01
5513, 14, 106, Status.WALL, 0.01
5514, 1, 14, Status.WALL, 0.01
5515, 8, 64, Status.WALL, 0.01
5516, 12, 103, Status.SNAKE, 0.01
5517, 9, 69, Status.SNAKE, 0.01
5518, 14, 103, Status.SNAKE, 0.01
5519, 9, 65, Status.SNAKE, 0.01
5520, 7, 40, Status.SNAKE, 0.01
5521, 12, 97, Status.WALL, 0.01
5522, 5, 21, Status.SNAKE, 0.01
5523, 10, 67, Status.SNAKE, 0.01
5524, 7, 38, Status.SNAKE, 0.01
5525, 15, 117, Status.SNAKE, 0.01
5526, 6, 52, Status.SNAKE, 0.01
5527, 7, 44, Status.SNAKE, 0.01
5528, 2, 14, Status.WALL, 0.01
5529, 13, 106, Status.SNAKE, 0.01
5530, 7, 39, Status.WALL, 0.01
5531, 11, 93, Status.SNAKE, 0.01
5532, 4, 35, Status.WALL, 0.01
5533, 6, 37, Status.WALL, 0.01
5534, 11, 76, Status.SNAKE, 0.01
5535, 9, 59, Status.WALL, 0.01
5536, 17, 117, Status.SNAKE, 0.01
5537, 8, 60, Status.SNAKE, 0.01
5538, 6, 36, Status.SNAKE, 0.01
5539, 11, 67, Status.SNAKE, 0.01
5540, 6, 46, Status.SNAKE, 0.01
5541, 10, 88, Status.WALL, 0.01
5542, 9, 55, Status.SNAKE, 0.01
5543, 4, 35, Status.WALL, 0.01
5544, 10, 80, Status.SNAKE, 0.01
5545, 6, 39, Status.WALL, 0.01
5546, 1, 7, Status.SNAKE, 0.01
5547, 1, 5, Status.SNAKE, 0.01
5548, 4, 26, Status.WALL, 0.01
5549, 5, 40, Status.SNAKE, 0.01
5550, 13, 98, Status.WALL, 0.01
5551, 11, 75, Status.SNAKE, 0.01
5552, 9, 63, Status.SNAKE, 0.01
5553, 6, 44, Status.SNAKE, 0.01
5554, 2, 13, Status.WALL, 0.01
5555, 8, 45, Status.SNAKE, 0.01
5556, 12, 89, Status.SNAKE, 0.01
5557, 17, 126, Status.SNAKE, 0.01
5558, 11, 82, Status.SNAKE, 0.01
5559, 17, 135, Status.SNAKE, 0.01
5560, 13, 106, Status.SNAKE, 0.01
5561, 14, 92, Status.WALL, 0.01
5562, 11, 90, Status.SNAKE, 0.01
5563, 8, 48, Status.SNAKE, 0.01
5564, 9, 67, Status.SNAKE, 0.01
5565, 16, 130, Status.SNAKE, 0.01
5566, 12, 75, Status.SNAKE, 0.01
5567, 4, 18, Status.WALL, 0.01
5568, 8, 60, Status.SNAKE, 0.01
5569, 7, 50, Status.SNAKE, 0.01
5570, 4, 29, Status.SNAKE, 0.01
5571, 10, 59, Status.SNAKE, 0.01
5572, 13, 84, Status.SNAKE, 0.01
5573, 9, 42, Status.SNAKE, 0.01
5574, 4, 20, Status.SNAKE, 0.01
5575, 6, 42, Status.SNAKE, 0.01
5576, 9, 68, Status.SNAKE, 0.01
5577, 8, 45, Status.SNAKE, 0.01
5578, 10, 62, Status.SNAKE, 0.01
5579, 11, 104, Status.SNAKE, 0.01
5580, 5, 45, Status.SNAKE, 0.01
5581, 8, 72, Status.SNAKE, 0.01
5582, 8, 70, Status.SNAKE, 0.01
5583, 12, 95, Status.SNAKE, 0.01
5584, 8, 42, Status.SNAKE, 0.01
5585, 4, 26, Status.SNAKE, 0.01
5586, 1, 5, Status.SNAKE, 0.01
5587, 12, 68, Status.SNAKE, 0.01
5588, 15, 112, Status.SNAKE, 0.01
5589, 3, 13, Status.SNAKE, 0.01
5590, 19, 130, Status.SNAKE, 0.01
5591, 5, 47, Status.SNAKE, 0.01
5592, 5, 29, Status.WALL, 0.01
5593, 8, 71, Status.SNAKE, 0.01
5594, 7, 38, Status.WALL, 0.01
5595, 14, 95, Status.SNAKE, 0.01
5596, 6, 38, Status.SNAKE, 0.01
5597, 16, 100, Status.SNAKE, 0.01
5598, 7, 56, Status.SNAKE, 0.01
5599, 4, 22, Status.SNAKE, 0.01
5600, 8, 45, Status.SNAKE, 0.01
5601, 4, 34, Status.SNAKE, 0.01
5602, 2, 3, Status.SNAKE, 0.01
5603, 11, 77, Status.SNAKE, 0.01
5604, 6, 30, Status.SNAKE, 0.01
5605, 4, 33, Status.WALL, 0.01
5606, 3, 21, Status.SNAKE, 0.01
5607, 3, 19, Status.SNAKE, 0.01
5608, 11, 104, Status.SNAKE, 0.01
5609, 7, 48, Status.WALL, 0.01
5610, 5, 38, Status.WALL, 0.01
5611, 8, 49, Status.SNAKE, 0.01
5612, 13, 121, Status.SNAKE, 0.01
5613, 8, 59, Status.SNAKE, 0.01
5614, 14, 110, Status.SNAKE, 0.01
5615, 12, 88, Status.SNAKE, 0.01
5616, 16, 130, Status.WALL, 0.01
5617, 9, 64, Status.SNAKE, 0.01
5618, 3, 15, Status.SNAKE, 0.01
5619, 8, 69, Status.WALL, 0.01
5620, 0, 7, Status.WALL, 0.01
5621, 11, 101, Status.SNAKE, 0.01
5622, 20, 134, Status.SNAKE, 0.01
5623, 11, 70, Status.SNAKE, 0.01
5624, 8, 40, Status.SNAKE, 0.01
5625, 7, 54, Status.SNAKE, 0.01
5626, 2, 15, Status.WALL, 0.01
5627, 11, 66, Status.WALL, 0.01
5628, 11, 87, Status.SNAKE, 0.01
5629, 3, 24, Status.WALL, 0.01
5630, 7, 56, Status.SNAKE, 0.01
5631, 3, 21, Status.SNAKE, 0.01
5632, 11, 71, Status.SNAKE, 0.01
5633, 6, 40, Status.SNAKE, 0.01
5634, 10, 73, Status.SNAKE, 0.01
5635, 10, 84, Status.SNAKE, 0.01
5636, 11, 76, Status.WALL, 0.01
5637, 22, 113, Status.SNAKE, 0.01
5638, 8, 66, Status.WALL, 0.01
5639, 7, 32, Status.SNAKE, 0.01
5640, 4, 20, Status.SNAKE, 0.01
5641, 14, 114, Status.WALL, 0.01
5642, 1, 7, Status.WALL, 0.01
5643, 4, 32, Status.SNAKE, 0.01
5644, 12, 84, Status.WALL, 0.01
5645, 5, 43, Status.WALL, 0.01
5646, 1, 14, Status.WALL, 0.01
5647, 7, 47, Status.SNAKE, 0.01
5648, 7, 46, Status.SNAKE, 0.01
5649, 0, 8, Status.WALL, 0.01
5650, 3, 25, Status.SNAKE, 0.01
5651, 12, 79, Status.SNAKE, 0.01
5652, 8, 60, Status.WALL, 0.01
5653, 7, 56, Status.SNAKE, 0.01
5654, 14, 76, Status.SNAKE, 0.01
5655, 10, 85, Status.SNAKE, 0.01
5656, 17, 103, Status.SNAKE, 0.01
5657, 4, 38, Status.WALL, 0.01
5658, 0, 6, Status.WALL, 0.01
5659, 9, 76, Status.WALL, 0.01
5660, 1, 8, Status.WALL, 0.01
5661, 9, 42, Status.SNAKE, 0.01
5662, 12, 94, Status.SNAKE, 0.01
5663, 2, 12, Status.SNAKE, 0.01
5664, 10, 82, Status.SNAKE, 0.01
5665, 22, 155, Status.WALL, 0.01
5666, 4, 17, Status.WALL, 0.01
5667, 1, 5, Status.SNAKE, 0.01
5668, 0, 7, Status.WALL, 0.01
5669, 9, 44, Status.SNAKE, 0.01
5670, 10, 81, Status.WALL, 0.01
5671, 1, 6, Status.WALL, 0.01
5672, 17, 122, Status.WALL, 0.01
5673, 18, 138, Status.SNAKE, 0.01
5674, 7, 43, Status.SNAKE, 0.01
5675, 12, 91, Status.SNAKE, 0.01
5676, 7, 42, Status.SNAKE, 0.01
5677, 9, 72, Status.WALL, 0.01
5678, 6, 36, Status.SNAKE, 0.01
5679, 13, 103, Status.WALL, 0.01
5680, 8, 49, Status.SNAKE, 0.01
5681, 6, 59, Status.SNAKE, 0.01
5682, 9, 64, Status.SNAKE, 0.01
5683, 5, 29, Status.SNAKE, 0.01
5684, 10, 76, Status.SNAKE, 0.01
5685, 2, 17, Status.SNAKE, 0.01
5686, 3, 28, Status.WALL, 0.01
5687, 11, 56, Status.SNAKE, 0.01
5688, 16, 107, Status.SNAKE, 0.01
5689, 7, 36, Status.WALL, 0.01
5690, 3, 19, Status.SNAKE, 0.01
5691, 12, 92, Status.SNAKE, 0.01
5692, 17, 109, Status.WALL, 0.01
5693, 9, 53, Status.SNAKE, 0.01
5694, 2, 14, Status.SNAKE, 0.01
5695, 9, 62, Status.SNAKE, 0.01
5696, 1, 10, Status.WALL, 0.01
5697, 8, 52, Status.WALL, 0.01
5698, 20, 140, Status.SNAKE, 0.01
5699, 7, 36, Status.SNAKE, 0.01
5700, 1, 12, Status.SNAKE, 0.01
5701, 1, 3, Status.SNAKE, 0.01
5702, 12, 108, Status.WALL, 0.01
5703, 1, 5, Status.WALL, 0.01
5704, 3, 26, Status.SNAKE, 0.01
5705, 6, 42, Status.SNAKE, 0.01
5706, 1, 6, Status.SNAKE, 0.01
5707, 14, 85, Status.SNAKE, 0.01
5708, 19, 115, Status.SNAKE, 0.01
5709, 15, 133, Status.WALL, 0.01
5710, 15, 98, Status.SNAKE, 0.01
5711, 3, 22, Status.SNAKE, 0.01
5712, 12, 105, Status.SNAKE, 0.01
5713, 3, 20, Status.SNAKE, 0.01
5714, 11, 81, Status.SNAKE, 0.01
5715, 14, 97, Status.SNAKE, 0.01
5716, 14, 82, Status.SNAKE, 0.01
5717, 6, 41, Status.SNAKE, 0.01
5718, 6, 41, Status.SNAKE, 0.01
5719, 5, 40, Status.SNAKE, 0.01
5720, 15, 102, Status.WALL, 0.01
5721, 8, 64, Status.SNAKE, 0.01
5722, 15, 84, Status.SNAKE, 0.01
5723, 4, 34, Status.WALL, 0.01
5724, 7, 62, Status.SNAKE, 0.01
5725, 5, 34, Status.SNAKE, 0.01
5726, 1, 7, Status.WALL, 0.01
5727, 15, 99, Status.WALL, 0.01
5728, 7, 46, Status.SNAKE, 0.01
5729, 13, 80, Status.SNAKE, 0.01
5730, 1, 5, Status.SNAKE, 0.01
5731, 10, 51, Status.SNAKE, 0.01
5732, 12, 84, Status.WALL, 0.01
5733, 4, 29, Status.SNAKE, 0.01
5734, 5, 32, Status.SNAKE, 0.01
5735, 2, 15, Status.SNAKE, 0.01
5736, 2, 20, Status.WALL, 0.01
5737, 10, 77, Status.SNAKE, 0.01
5738, 10, 53, Status.SNAKE, 0.01
5739, 8, 42, Status.SNAKE, 0.01
5740, 7, 59, Status.WALL, 0.01
5741, 11, 94, Status.SNAKE, 0.01
5742, 15, 101, Status.SNAKE, 0.01
5743, 11, 75, Status.SNAKE, 0.01
5744, 10, 61, Status.SNAKE, 0.01
5745, 9, 47, Status.SNAKE, 0.01
5746, 11, 75, Status.SNAKE, 0.01
5747, 12, 64, Status.SNAKE, 0.01
5748, 2, 15, Status.SNAKE, 0.01
5749, 5, 52, Status.WALL, 0.01
5750, 9, 62, Status.SNAKE, 0.01
5751, 4, 40, Status.WALL, 0.01
5752, 8, 53, Status.WALL, 0.01
5753, 16, 91, Status.SNAKE, 0.01
5754, 2, 8, Status.SNAKE, 0.01
5755, 14, 84, Status.SNAKE, 0.01
5756, 5, 25, Status.SNAKE, 0.01
5757, 8, 36, Status.SNAKE, 0.01
5758, 7, 46, Status.SNAKE, 0.01
5759, 5, 32, Status.SNAKE, 0.01
5760, 13, 106, Status.WALL, 0.01
5761, 5, 37, Status.SNAKE, 0.01
5762, 5, 25, Status.SNAKE, 0.01
5763, 5, 36, Status.WALL, 0.01
5764, 6, 45, Status.WALL, 0.01
5765, 7, 45, Status.SNAKE, 0.01
5766, 2, 14, Status.SNAKE, 0.01
5767, 12, 66, Status.SNAKE, 0.01
5768, 7, 55, Status.SNAKE, 0.01
5769, 10, 63, Status.SNAKE, 0.01
5770, 1, 6, Status.WALL, 0.01
5771, 12, 101, Status.SNAKE, 0.01
5772, 1, 5, Status.SNAKE, 0.01
5773, 6, 50, Status.SNAKE, 0.01
5774, 3, 13, Status.SNAKE, 0.01
5775, 9, 82, Status.SNAKE, 0.01
5776, 18, 115, Status.SNAKE, 0.01
5777, 6, 39, Status.SNAKE, 0.01
5778, 12, 73, Status.SNAKE, 0.01
5779, 8, 55, Status.WALL, 0.01
5780, 12, 70, Status.SNAKE, 0.01
5781, 4, 21, Status.SNAKE, 0.01
5782, 5, 42, Status.SNAKE, 0.01
5783, 10, 73, Status.SNAKE, 0.01
5784, 15, 105, Status.SNAKE, 0.01
5785, 2, 10, Status.WALL, 0.01
5786, 14, 91, Status.WALL, 0.01
5787, 4, 16, Status.SNAKE, 0.01
5788, 0, 7, Status.WALL, 0.01
5789, 10, 82, Status.SNAKE, 0.01
5790, 13, 79, Status.SNAKE, 0.01
5791, 7, 60, Status.SNAKE, 0.01
5792, 10, 51, Status.SNAKE, 0.01
5793, 8, 57, Status.SNAKE, 0.01
5794, 9, 55, Status.SNAKE, 0.01
5795, 14, 94, Status.SNAKE, 0.01
5796, 8, 32, Status.SNAKE, 0.01
5797, 14, 124, Status.SNAKE, 0.01
5798, 15, 124, Status.SNAKE, 0.01
5799, 12, 83, Status.SNAKE, 0.01
5800, 10, 74, Status.WALL, 0.01
5801, 2, 7, Status.WALL, 0.01
5802, 11, 80, Status.SNAKE, 0.01
5803, 13, 103, Status.SNAKE, 0.01
5804, 5, 27, Status.SNAKE, 0.01
5805, 9, 91, Status.SNAKE, 0.01
5806, 7, 49, Status.SNAKE, 0.01
5807, 14, 104, Status.SNAKE, 0.01
5808, 11, 70, Status.WALL, 0.01
5809, 13, 103, Status.SNAKE, 0.01
5810, 10, 86, Status.SNAKE, 0.01
5811, 10, 61, Status.SNAKE, 0.01
5812, 8, 51, Status.SNAKE, 0.01
5813, 6, 23, Status.SNAKE, 0.01
5814, 1, 13, Status.WALL, 0.01
5815, 7, 57, Status.SNAKE, 0.01
5816, 3, 20, Status.SNAKE, 0.01
5817, 12, 92, Status.SNAKE, 0.01
5818, 8, 46, Status.SNAKE, 0.01
5819, 10, 67, Status.SNAKE, 0.01
5820, 11, 85, Status.SNAKE, 0.01
5821, 11, 74, Status.WALL, 0.01
5822, 9, 35, Status.SNAKE, 0.01
5823, 2, 13, Status.SNAKE, 0.01
5824, 9, 52, Status.SNAKE, 0.01
5825, 11, 71, Status.SNAKE, 0.01
5826, 11, 62, Status.SNAKE, 0.01
5827, 5, 30, Status.SNAKE, 0.01
5828, 5, 30, Status.WALL, 0.01
5829, 12, 73, Status.SNAKE, 0.01
5830, 8, 49, Status.SNAKE, 0.01
5831, 4, 25, Status.WALL, 0.01
5832, 13, 76, Status.WALL, 0.01
5833, 7, 32, Status.SNAKE, 0.01
5834, 3, 12, Status.WALL, 0.01
5835, 6, 35, Status.SNAKE, 0.01
5836, 17, 109, Status.SNAKE, 0.01
5837, 8, 59, Status.WALL, 0.01
5838, 6, 35, Status.SNAKE, 0.01
5839, 17, 113, Status.SNAKE, 0.01
5840, 8, 63, Status.SNAKE, 0.01
5841, 3, 18, Status.SNAKE, 0.01
5842, 13, 111, Status.SNAKE, 0.01
5843, 11, 78, Status.SNAKE, 0.01
5844, 5, 42, Status.SNAKE, 0.01
5845, 1, 3, Status.SNAKE, 0.01
5846, 8, 69, Status.SNAKE, 0.01
5847, 15, 107, Status.SNAKE, 0.01
5848, 10, 67, Status.WALL, 0.01
5849, 10, 51, Status.SNAKE, 0.01
5850, 6, 44, Status.WALL, 0.01
5851, 4, 28, Status.WALL, 0.01
5852, 16, 117, Status.WALL, 0.01
5853, 18, 105, Status.SNAKE, 0.01
5854, 12, 68, Status.SNAKE, 0.01
5855, 6, 40, Status.SNAKE, 0.01
5856, 8, 56, Status.WALL, 0.01
5857, 12, 73, Status.SNAKE, 0.01
5858, 13, 81, Status.SNAKE, 0.01
5859, 14, 107, Status.SNAKE, 0.01
5860, 13, 100, Status.SNAKE, 0.01
5861, 6, 31, Status.SNAKE, 0.01
5862, 13, 87, Status.WALL, 0.01
5863, 6, 34, Status.WALL, 0.01
5864, 4, 22, Status.SNAKE, 0.01
5865, 4, 32, Status.SNAKE, 0.01
5866, 7, 52, Status.SNAKE, 0.01
5867, 9, 80, Status.SNAKE, 0.01
5868, 10, 77, Status.SNAKE, 0.01
5869, 15, 117, Status.SNAKE, 0.01
5870, 8, 60, Status.SNAKE, 0.01
5871, 2, 16, Status.SNAKE, 0.01
5872, 1, 5, Status.SNAKE, 0.01
5873, 7, 49, Status.SNAKE, 0.01
5874, 13, 101, Status.SNAKE, 0.01
5875, 8, 45, Status.SNAKE, 0.01
5876, 14, 114, Status.SNAKE, 0.01
5877, 15, 80, Status.SNAKE, 0.01
5878, 7, 33, Status.WALL, 0.01
5879, 16, 130, Status.SNAKE, 0.01
5880, 11, 114, Status.SNAKE, 0.01
5881, 6, 32, Status.WALL, 0.01
5882, 7, 59, Status.SNAKE, 0.01
5883, 3, 16, Status.WALL, 0.01
5884, 18, 123, Status.SNAKE, 0.01
5885, 7, 35, Status.SNAKE, 0.01
5886, 14, 88, Status.WALL, 0.01
5887, 14, 71, Status.SNAKE, 0.01
5888, 6, 32, Status.SNAKE, 0.01
5889, 1, 8, Status.WALL, 0.01
5890, 10, 70, Status.WALL, 0.01
5891, 7, 61, Status.SNAKE, 0.01
5892, 11, 60, Status.SNAKE, 0.01
5893, 6, 32, Status.SNAKE, 0.01
5894, 7, 46, Status.SNAKE, 0.01
5895, 6, 27, Status.WALL, 0.01
5896, 13, 100, Status.SNAKE, 0.01
5897, 5, 28, Status.SNAKE, 0.01
5898, 8, 54, Status.WALL, 0.01
5899, 7, 67, Status.SNAKE, 0.01
5900, 10, 94, Status.SNAKE, 0.01
5901, 15, 117, Status.SNAKE, 0.01
5902, 7, 46, Status.SNAKE, 0.01
5903, 5, 26, Status.SNAKE, 0.01
5904, 2, 14, Status.SNAKE, 0.01
5905, 21, 148, Status.SNAKE, 0.01
5906, 20, 135, Status.SNAKE, 0.01
5907, 9, 63, Status.SNAKE, 0.01
5908, 8, 32, Status.SNAKE, 0.01
5909, 7, 31, Status.WALL, 0.01
5910, 14, 96, Status.SNAKE, 0.01
5911, 2, 14, Status.SNAKE, 0.01
5912, 8, 55, Status.WALL, 0.01
5913, 14, 83, Status.SNAKE, 0.01
5914, 9, 63, Status.SNAKE, 0.01
5915, 7, 52, Status.SNAKE, 0.01
5916, 13, 104, Status.SNAKE, 0.01
5917, 2, 15, Status.WALL, 0.01
5918, 15, 133, Status.WALL, 0.01
5919, 8, 55, Status.SNAKE, 0.01
5920, 7, 43, Status.SNAKE, 0.01
5921, 12, 96, Status.SNAKE, 0.01
5922, 4, 22, Status.WALL, 0.01
5923, 13, 88, Status.WALL, 0.01
5924, 11, 67, Status.SNAKE, 0.01
5925, 1, 9, Status.SNAKE, 0.01
5926, 6, 36, Status.SNAKE, 0.01
5927, 10, 44, Status.WALL, 0.01
5928, 3, 14, Status.SNAKE, 0.01
5929, 17, 107, Status.SNAKE, 0.01
5930, 11, 66, Status.SNAKE, 0.01
5931, 9, 56, Status.SNAKE, 0.01
5932, 13, 96, Status.SNAKE, 0.01
5933, 15, 104, Status.WALL, 0.01
5934, 12, 65, Status.SNAKE, 0.01
5935, 8, 71, Status.WALL, 0.01
5936, 2, 16, Status.SNAKE, 0.01
5937, 4, 18, Status.SNAKE, 0.01
5938, 6, 53, Status.WALL, 0.01
5939, 11, 77, Status.SNAKE, 0.01
5940, 7, 45, Status.SNAKE, 0.01
5941, 2, 21, Status.SNAKE, 0.01
5942, 4, 23, Status.WALL, 0.01
5943, 3, 33, Status.SNAKE, 0.01
5944, 14, 76, Status.SNAKE, 0.01
5945, 11, 54, Status.SNAKE, 0.01
5946, 10, 51, Status.SNAKE, 0.01
5947, 12, 105, Status.SNAKE, 0.01
5948, 16, 147, Status.WALL, 0.01
5949, 13, 87, Status.SNAKE, 0.01
5950, 8, 52, Status.SNAKE, 0.01
5951, 12, 93, Status.SNAKE, 0.01
5952, 11, 86, Status.SNAKE, 0.01
5953, 6, 53, Status.WALL, 0.01
5954, 1, 7, Status.WALL, 0.01
5955, 15, 76, Status.SNAKE, 0.01
5956, 6, 29, Status.WALL, 0.01
5957, 9, 51, Status.SNAKE, 0.01
5958, 17, 115, Status.SNAKE, 0.01
5959, 8, 67, Status.SNAKE, 0.01
5960, 7, 46, Status.SNAKE, 0.01
5961, 13, 89, Status.WALL, 0.01
5962, 5, 37, Status.SNAKE, 0.01
5963, 15, 77, Status.SNAKE, 0.01
5964, 14, 88, Status.SNAKE, 0.01
5965, 1, 5, Status.SNAKE, 0.01
5966, 14, 103, Status.SNAKE, 0.01
5967, 7, 42, Status.SNAKE, 0.01
5968, 13, 58, Status.SNAKE, 0.01
5969, 7, 33, Status.WALL, 0.01
5970, 4, 19, Status.WALL, 0.01
5971, 11, 69, Status.WALL, 0.01
5972, 7, 41, Status.SNAKE, 0.01
5973, 14, 109, Status.SNAKE, 0.01
5974, 14, 106, Status.SNAKE, 0.01
5975, 6, 34, Status.SNAKE, 0.01
5976, 9, 64, Status.WALL, 0.01
5977, 2, 18, Status.WALL, 0.01
5978, 7, 54, Status.SNAKE, 0.01
5979, 12, 74, Status.SNAKE, 0.01
5980, 5, 29, Status.SNAKE, 0.01
5981, 7, 46, Status.SNAKE, 0.01
5982, 10, 77, Status.WALL, 0.01
5983, 5, 50, Status.SNAKE, 0.01
5984, 16, 118, Status.SNAKE, 0.01
5985, 2, 20, Status.SNAKE, 0.01
5986, 9, 74, Status.SNAKE, 0.01
5987, 3, 20, Status.SNAKE, 0.01
5988, 12, 64, Status.SNAKE, 0.01
5989, 16, 109, Status.SNAKE, 0.01
5990, 3, 19, Status.SNAKE, 0.01
5991, 12, 101, Status.SNAKE, 0.01
5992, 14, 100, Status.SNAKE, 0.01
5993, 5, 27, Status.SNAKE, 0.01
5994, 17, 97, Status.SNAKE, 0.01
5995, 9, 60, Status.SNAKE, 0.01
5996, 8, 48, Status.SNAKE, 0.01
5997, 4, 33, Status.SNAKE, 0.01
5998, 10, 67, Status.SNAKE, 0.01
5999, 11, 68, Status.SNAKE, 0.01
6000, 6, 40, Status.SNAKE, 0.01
6001, 9, 82, Status.SNAKE, 0.01
6002, 5, 25, Status.WALL, 0.01
6003, 5, 36, Status.SNAKE, 0.01
6004, 12, 71, Status.SNAKE, 0.01
6005, 9, 65, Status.SNAKE, 0.01
6006, 2, 19, Status.SNAKE, 0.01
6007, 12, 61, Status.SNAKE, 0.01
6008, 3, 27, Status.SNAKE, 0.01
6009, 14, 99, Status.SNAKE, 0.01
6010, 4, 22, Status.SNAKE, 0.01
6011, 10, 92, Status.WALL, 0.01
6012, 13, 78, Status.SNAKE, 0.01
6013, 4, 33, Status.SNAKE, 0.01
6014, 2, 8, Status.SNAKE, 0.01
6015, 9, 56, Status.SNAKE, 0.01
6016, 13, 76, Status.SNAKE, 0.01
6017, 12, 91, Status.SNAKE, 0.01
6018, 1, 22, Status.SNAKE, 0.01
6019, 6, 45, Status.SNAKE, 0.01
6020, 10, 57, Status.SNAKE, 0.01
6021, 6, 41, Status.SNAKE, 0.01
6022, 17, 113, Status.SNAKE, 0.01
6023, 2, 7, Status.WALL, 0.01
6024, 2, 14, Status.SNAKE, 0.01
6025, 1, 8, Status.WALL, 0.01
6026, 4, 31, Status.SNAKE, 0.01
6027, 11, 68, Status.SNAKE, 0.01
6028, 5, 41, Status.WALL, 0.01
6029, 17, 121, Status.SNAKE, 0.01
6030, 8, 57, Status.SNAKE, 0.01
6031, 3, 17, Status.SNAKE, 0.01
6032, 1, 3, Status.SNAKE, 0.01
6033, 14, 85, Status.SNAKE, 0.01
6034, 1, 3, Status.SNAKE, 0.01
6035, 9, 70, Status.WALL, 0.01
6036, 1, 5, Status.SNAKE, 0.01
6037, 8, 45, Status.SNAKE, 0.01
6038, 2, 18, Status.WALL, 0.01
6039, 3, 19, Status.SNAKE, 0.01
6040, 10, 65, Status.SNAKE, 0.01
6041, 5, 34, Status.SNAKE, 0.01
6042, 5, 17, Status.SNAKE, 0.01
6043, 12, 69, Status.SNAKE, 0.01
6044, 2, 5, Status.WALL, 0.01
6045, 7, 58, Status.SNAKE, 0.01
6046, 1, 5, Status.SNAKE, 0.01
6047, 8, 58, Status.SNAKE, 0.01
6048, 8, 63, Status.SNAKE, 0.01
6049, 5, 32, Status.SNAKE, 0.01
6050, 7, 38, Status.SNAKE, 0.01
6051, 16, 141, Status.SNAKE, 0.01
6052, 5, 27, Status.SNAKE, 0.01
6053, 14, 77, Status.SNAKE, 0.01
6054, 12, 72, Status.SNAKE, 0.01
6055, 9, 60, Status.WALL, 0.01
6056, 1, 13, Status.WALL, 0.01
6057, 8, 50, Status.SNAKE, 0.01
6058, 5, 32, Status.SNAKE, 0.01
6059, 7, 46, Status.SNAKE, 0.01
6060, 16, 89, Status.SNAKE, 0.01
6061, 7, 36, Status.SNAKE, 0.01
6062, 10, 102, Status.SNAKE, 0.01
6063, 2, 5, Status.SNAKE, 0.01
6064, 10, 60, Status.SNAKE, 0.01
6065, 11, 69, Status.WALL, 0.01
6066, 10, 78, Status.SNAKE, 0.01
6067, 1, 7, Status.WALL, 0.01
6068, 8, 46, Status.SNAKE, 0.01
6069, 11, 76, Status.SNAKE, 0.01
6070, 4, 18, Status.WALL, 0.01
6071, 5, 30, Status.SNAKE, 0.01
6072, 10, 96, Status.WALL, 0.01
6073, 11, 93, Status.SNAKE, 0.01
6074, 15, 96, Status.SNAKE, 0.01
6075, 1, 3, Status.SNAKE, 0.01
6076, 13, 73, Status.SNAKE, 0.01
6077, 7, 66, Status.SNAKE, 0.01
6078, 17, 101, Status.SNAKE, 0.01
6079, 7, 55, Status.SNAKE, 0.01
6080, 6, 53, Status.SNAKE, 0.01
6081, 4, 36, Status.WALL, 0.01
6082, 13, 89, Status.WALL, 0.01
6083, 9, 41, Status.SNAKE, 0.01
6084, 7, 56, Status.SNAKE, 0.01
6085, 8, 65, Status.SNAKE, 0.01
6086, 6, 34, Status.SNAKE, 0.01
6087, 2, 15, Status.SNAKE, 0.01
6088, 5, 38, Status.WALL, 0.01
6089, 10, 109, Status.SNAKE, 0.01
6090, 3, 26, Status.SNAKE, 0.01
6091, 6, 30, Status.SNAKE, 0.01
6092, 7, 35, Status.WALL, 0.01
6093, 7, 55, Status.SNAKE, 0.01
6094, 10, 68, Status.SNAKE, 0.01
6095, 3, 20, Status.WALL, 0.01
6096, 5, 33, Status.SNAKE, 0.01
6097, 6, 40, Status.SNAKE, 0.01
6098, 4, 32, Status.SNAKE, 0.01
6099, 6, 40, Status.SNAKE, 0.01
6100, 8, 67, Status.SNAKE, 0.01
6101, 4, 34, Status.WALL, 0.01
6102, 3, 15, Status.SNAKE, 0.01
6103, 12, 68, Status.SNAKE, 0.01
6104, 11, 93, Status.SNAKE, 0.01
6105, 13, 92, Status.SNAKE, 0.01
6106, 3, 21, Status.WALL, 0.01
6107, 11, 91, Status.SNAKE, 0.01
6108, 5, 31, Status.SNAKE, 0.01
6109, 18, 123, Status.SNAKE, 0.01
6110, 10, 69, Status.SNAKE, 0.01
6111, 3, 14, Status.WALL, 0.01
6112, 13, 71, Status.SNAKE, 0.01
6113, 7, 30, Status.SNAKE, 0.01
6114, 10, 70, Status.SNAKE, 0.01
6115, 1, 9, Status.SNAKE, 0.01
6116, 14, 83, Status.SNAKE, 0.01
6117, 20, 117, Status.SNAKE, 0.01
6118, 11, 83, Status.SNAKE, 0.01
6119, 8, 54, Status.SNAKE, 0.01
6120, 7, 41, Status.SNAKE, 0.01
6121, 14, 97, Status.WALL, 0.01
6122, 11, 74, Status.SNAKE, 0.01
6123, 16, 97, Status.SNAKE, 0.01
6124, 9, 55, Status.SNAKE, 0.01
6125, 3, 19, Status.SNAKE, 0.01
6126, 8, 60, Status.SNAKE, 0.01
6127, 5, 27, Status.SNAKE, 0.01
6128, 4, 22, Status.WALL, 0.01
6129, 13, 94, Status.SNAKE, 0.01
6130, 14, 78, Status.SNAKE, 0.01
6131, 6, 24, Status.SNAKE, 0.01
6132, 11, 96, Status.SNAKE, 0.01
6133, 9, 74, Status.SNAKE, 0.01
6134, 2, 26, Status.WALL, 0.01
6135, 13, 103, Status.SNAKE, 0.01
6136, 12, 94, Status.SNAKE, 0.01
6137, 9, 66, Status.SNAKE, 0.01
6138, 5, 26, Status.SNAKE, 0.01
6139, 5, 26, Status.SNAKE, 0.01
6140, 7, 64, Status.WALL, 0.01
6141, 7, 55, Status.SNAKE, 0.01
6142, 14, 99, Status.SNAKE, 0.01
6143, 6, 23, Status.SNAKE, 0.01
6144, 8, 61, Status.WALL, 0.01
6145, 11, 90, Status.SNAKE, 0.01
6146, 8, 61, Status.SNAKE, 0.01
6147, 8, 53, Status.SNAKE, 0.01
6148, 3, 10, Status.WALL, 0.01
6149, 10, 56, Status.SNAKE, 0.01
6150, 3, 15, Status.WALL, 0.01
6151, 11, 73, Status.SNAKE, 0.01
6152, 8, 70, Status.WALL, 0.01
6153, 6, 50, Status.SNAKE, 0.01
6154, 14, 103, Status.SNAKE, 0.01
6155, 5, 39, Status.WALL, 0.01
6156, 10, 51, Status.SNAKE, 0.01
6157, 8, 77, Status.SNAKE, 0.01
6158, 16, 154, Status.SNAKE, 0.01
6159, 7, 68, Status.SNAKE, 0.01
6160, 10, 68, Status.SNAKE, 0.01
6161, 7, 36, Status.SNAKE, 0.01
6162, 11, 72, Status.SNAKE, 0.01
6163, 2, 24, Status.WALL, 0.01
6164, 11, 75, Status.SNAKE, 0.01
6165, 2, 13, Status.WALL, 0.01
6166, 13, 98, Status.WALL, 0.01
6167, 12, 82, Status.SNAKE, 0.01
6168, 9, 68, Status.SNAKE, 0.01
6169, 9, 82, Status.SNAKE, 0.01
6170, 9, 72, Status.SNAKE, 0.01
6171, 11, 67, Status.WALL, 0.01
6172, 11, 101, Status.SNAKE, 0.01
6173, 11, 90, Status.SNAKE, 0.01
6174, 3, 29, Status.SNAKE, 0.01
6175, 7, 51, Status.SNAKE, 0.01
6176, 11, 78, Status.SNAKE, 0.01
6177, 7, 47, Status.SNAKE, 0.01
6178, 14, 83, Status.WALL, 0.01
6179, 7, 39, Status.SNAKE, 0.01
6180, 12, 74, Status.SNAKE, 0.01
6181, 10, 69, Status.SNAKE, 0.01
6182, 7, 44, Status.SNAKE, 0.01
6183, 17, 151, Status.WALL, 0.01
6184, 11, 65, Status.SNAKE, 0.01
6185, 10, 67, Status.WALL, 0.01
6186, 5, 32, Status.SNAKE, 0.01
6187, 11, 90, Status.WALL, 0.01
6188, 14, 78, Status.SNAKE, 0.01
6189, 9, 49, Status.SNAKE, 0.01
6190, 10, 60, Status.SNAKE, 0.01
6191, 4, 28, Status.WALL, 0.01
6192, 11, 63, Status.SNAKE, 0.01
6193, 12, 78, Status.SNAKE, 0.01
6194, 8, 58, Status.SNAKE, 0.01
6195, 4, 28, Status.WALL, 0.01
6196, 3, 16, Status.WALL, 0.01
6197, 13, 76, Status.SNAKE, 0.01
6198, 4, 23, Status.SNAKE, 0.01
6199, 9, 70, Status.SNAKE, 0.01
6200, 10, 69, Status.SNAKE, 0.01
6201, 12, 80, Status.SNAKE, 0.01
6202, 2, 20, Status.SNAKE, 0.01
6203, 7, 40, Status.SNAKE, 0.01
6204, 8, 43, Status.WALL, 0.01
6205, 15, 116, Status.SNAKE, 0.01
6206, 13, 96, Status.SNAKE, 0.01
6207, 9, 66, Status.SNAKE, 0.01
6208, 13, 96, Status.SNAKE, 0.01
6209, 3, 22, Status.SNAKE, 0.01
6210, 4, 16, Status.SNAKE, 0.01
6211, 9, 96, Status.SNAKE, 0.01
6212, 19, 150, Status.SNAKE, 0.01
6213, 4, 28, Status.SNAKE, 0.01
6214, 5, 34, Status.SNAKE, 0.01
6215, 10, 85, Status.SNAKE, 0.01
6216, 6, 53, Status.SNAKE, 0.01
6217, 9, 64, Status.SNAKE, 0.01
6218, 14, 101, Status.SNAKE, 0.01
6219, 21, 140, Status.SNAKE, 0.01
6220, 7, 42, Status.SNAKE, 0.01
6221, 2, 19, Status.SNAKE, 0.01
6222, 3, 21, Status.SNAKE, 0.01
6223, 1, 11, Status.WALL, 0.01
6224, 11, 91, Status.SNAKE, 0.01
6225, 6, 39, Status.SNAKE, 0.01
6226, 7, 45, Status.SNAKE, 0.01
6227, 3, 15, Status.SNAKE, 0.01
6228, 8, 52, Status.SNAKE, 0.01
6229, 11, 64, Status.SNAKE, 0.01
6230, 10, 49, Status.SNAKE, 0.01
6231, 13, 73, Status.SNAKE, 0.01
6232, 7, 38, Status.WALL, 0.01
6233, 8, 61, Status.SNAKE, 0.01
6234, 2, 6, Status.WALL, 0.01
6235, 15, 73, Status.SNAKE, 0.01
6236, 6, 34, Status.SNAKE, 0.01
6237, 3, 31, Status.WALL, 0.01
6238, 3, 21, Status.SNAKE, 0.01
6239, 6, 47, Status.SNAKE, 0.01
6240, 12, 86, Status.SNAKE, 0.01
6241, 8, 58, Status.SNAKE, 0.01
6242, 10, 68, Status.SNAKE, 0.01
6243, 10, 57, Status.SNAKE, 0.01
6244, 5, 28, Status.WALL, 0.01
6245, 7, 47, Status.WALL, 0.01
6246, 5, 32, Status.SNAKE, 0.01
6247, 7, 39, Status.WALL, 0.01
6248, 12, 81, Status.SNAKE, 0.01
6249, 13, 86, Status.SNAKE, 0.01
6250, 13, 81, Status.SNAKE, 0.01
6251, 7, 41, Status.SNAKE, 0.01
6252, 8, 70, Status.WALL, 0.01
6253, 1, 5, Status.SNAKE, 0.01
6254, 16, 122, Status.SNAKE, 0.01
6255, 5, 32, Status.SNAKE, 0.01
6256, 13, 103, Status.SNAKE, 0.01
6257, 11, 89, Status.SNAKE, 0.01
6258, 14, 73, Status.SNAKE, 0.01
6259, 1, 17, Status.SNAKE, 0.01
6260, 11, 65, Status.WALL, 0.01
6261, 9, 91, Status.SNAKE, 0.01
6262, 3, 15, Status.SNAKE, 0.01
6263, 1, 3, Status.SNAKE, 0.01
6264, 12, 82, Status.SNAKE, 0.01
6265, 13, 99, Status.SNAKE, 0.01
6266, 6, 42, Status.SNAKE, 0.01
6267, 5, 30, Status.WALL, 0.01
6268, 5, 37, Status.SNAKE, 0.01
6269, 9, 58, Status.SNAKE, 0.01
6270, 4, 32, Status.SNAKE, 0.01
6271, 7, 48, Status.WALL, 0.01
6272, 8, 47, Status.SNAKE, 0.01
6273, 3, 28, Status.WALL, 0.01
6274, 10, 66, Status.WALL, 0.01
6275, 9, 66, Status.SNAKE, 0.01
6276, 15, 96, Status.SNAKE, 0.01
6277, 11, 62, Status.SNAKE, 0.01
6278, 1, 6, Status.SNAKE, 0.01
6279, 6, 46, Status.SNAKE, 0.01
6280, 2, 32, Status.WALL, 0.01
6281, 4, 31, Status.SNAKE, 0.01
6282, 12, 85, Status.SNAKE, 0.01
6283, 6, 28, Status.SNAKE, 0.01
6284, 11, 100, Status.WALL, 0.01
6285, 1, 5, Status.SNAKE, 0.01
6286, 11, 82, Status.WALL, 0.01
6287, 12, 79, Status.WALL, 0.01
6288, 10, 56, Status.SNAKE, 0.01
6289, 1, 6, Status.WALL, 0.01
6290, 3, 22, Status.SNAKE, 0.01
6291, 7, 38, Status.SNAKE, 0.01
6292, 14, 98, Status.SNAKE, 0.01
6293, 7, 62, Status.SNAKE, 0.01
6294, 7, 43, Status.SNAKE, 0.01
6295, 2, 7, Status.SNAKE, 0.01
6296, 13, 78, Status.SNAKE, 0.01
6297, 7, 50, Status.SNAKE, 0.01
6298, 13, 98, Status.SNAKE, 0.01
6299, 4, 21, Status.SNAKE, 0.01
6300, 11, 86, Status.SNAKE, 0.01
6301, 12, 72, Status.SNAKE, 0.01
6302, 8, 54, Status.WALL, 0.01
6303, 8, 57, Status.SNAKE, 0.01
6304, 17, 127, Status.SNAKE, 0.01
6305, 9, 44, Status.SNAKE, 0.01
6306, 6, 42, Status.SNAKE, 0.01
6307, 9, 50, Status.WALL, 0.01
6308, 9, 71, Status.SNAKE, 0.01
6309, 6, 35, Status.SNAKE, 0.01
6310, 11, 88, Status.SNAKE, 0.01
6311, 8, 58, Status.WALL, 0.01
6312, 2, 11, Status.SNAKE, 0.01
6313, 6, 32, Status.WALL, 0.01
6314, 19, 120, Status.SNAKE, 0.01
6315, 4, 21, Status.WALL, 0.01
6316, 17, 127, Status.SNAKE, 0.01
6317, 5, 28, Status.SNAKE, 0.01
6318, 5, 32, Status.WALL, 0.01
6319, 13, 86, Status.SNAKE, 0.01
6320, 5, 51, Status.SNAKE, 0.01
6321, 5, 39, Status.SNAKE, 0.01
6322, 5, 35, Status.SNAKE, 0.01
6323, 13, 96, Status.SNAKE, 0.01
6324, 9, 64, Status.SNAKE, 0.01
6325, 11, 58, Status.SNAKE, 0.01
6326, 10, 85, Status.SNAKE, 0.01
6327, 8, 55, Status.SNAKE, 0.01
6328, 9, 53, Status.SNAKE, 0.01
6329, 6, 35, Status.SNAKE, 0.01
6330, 7, 60, Status.SNAKE, 0.01
6331, 17, 123, Status.SNAKE, 0.01
6332, 4, 28, Status.WALL, 0.01
6333, 10, 68, Status.SNAKE, 0.01
6334, 16, 133, Status.SNAKE, 0.01
6335, 10, 73, Status.SNAKE, 0.01
6336, 3, 27, Status.SNAKE, 0.01
6337, 15, 133, Status.SNAKE, 0.01
6338, 3, 15, Status.WALL, 0.01
6339, 11, 98, Status.WALL, 0.01
6340, 4, 26, Status.SNAKE, 0.01
6341, 6, 49, Status.SNAKE, 0.01
6342, 10, 59, Status.SNAKE, 0.01
6343, 1, 3, Status.SNAKE, 0.01
6344, 6, 42, Status.SNAKE, 0.01
6345, 8, 72, Status.SNAKE, 0.01
6346, 7, 41, Status.WALL, 0.01
6347, 13, 72, Status.SNAKE, 0.01
6348, 5, 39, Status.SNAKE, 0.01
6349, 11, 81, Status.SNAKE, 0.01
6350, 16, 129, Status.SNAKE, 0.01
6351, 9, 54, Status.SNAKE, 0.01
6352, 15, 115, Status.SNAKE, 0.01
6353, 8, 60, Status.SNAKE, 0.01
6354, 18, 123, Status.SNAKE, 0.01
6355, 5, 49, Status.WALL, 0.01
6356, 7, 38, Status.SNAKE, 0.01
6357, 18, 120, Status.SNAKE, 0.01
6358, 4, 22, Status.SNAKE, 0.01
6359, 4, 38, Status.WALL, 0.01
6360, 7, 77, Status.SNAKE, 0.01
6361, 5, 28, Status.SNAKE, 0.01
6362, 7, 39, Status.SNAKE, 0.01
6363, 18, 108, Status.SNAKE, 0.01
6364, 15, 97, Status.SNAKE, 0.01
6365, 4, 14, Status.SNAKE, 0.01
6366, 9, 57, Status.WALL, 0.01
6367, 7, 40, Status.WALL, 0.01
6368, 11, 50, Status.SNAKE, 0.01
6369, 1, 8, Status.WALL, 0.01
6370, 2, 18, Status.WALL, 0.01
6371, 8, 51, Status.SNAKE, 0.01
6372, 7, 55, Status.SNAKE, 0.01
6373, 9, 50, Status.WALL, 0.01
6374, 8, 68, Status.WALL, 0.01
6375, 8, 53, Status.SNAKE, 0.01
6376, 10, 74, Status.SNAKE, 0.01
6377, 6, 32, Status.WALL, 0.01
6378, 4, 26, Status.SNAKE, 0.01
6379, 9, 64, Status.WALL, 0.01
6380, 10, 65, Status.SNAKE, 0.01
6381, 9, 74, Status.WALL, 0.01
6382, 16, 118, Status.SNAKE, 0.01
6383, 13, 76, Status.SNAKE, 0.01
6384, 12, 81, Status.SNAKE, 0.01
6385, 1, 7, Status.SNAKE, 0.01
6386, 9, 52, Status.SNAKE, 0.01
6387, 11, 75, Status.SNAKE, 0.01
6388, 6, 38, Status.SNAKE, 0.01
6389, 6, 32, Status.SNAKE, 0.01
6390, 10, 51, Status.SNAKE, 0.01
6391, 10, 72, Status.SNAKE, 0.01
6392, 9, 64, Status.SNAKE, 0.01
6393, 2, 16, Status.WALL, 0.01
6394, 14, 81, Status.SNAKE, 0.01
6395, 6, 38, Status.SNAKE, 0.01
6396, 8, 64, Status.SNAKE, 0.01
6397, 16, 90, Status.WALL, 0.01
6398, 12, 82, Status.SNAKE, 0.01
6399, 5, 37, Status.SNAKE, 0.01
6400, 7, 52, Status.SNAKE, 0.01
6401, 14, 75, Status.SNAKE, 0.01
6402, 9, 56, Status.WALL, 0.01
6403, 15, 109, Status.SNAKE, 0.01
6404, 4, 23, Status.WALL, 0.01
6405, 2, 7, Status.WALL, 0.01
6406, 10, 78, Status.SNAKE, 0.01
6407, 1, 3, Status.SNAKE, 0.01
6408, 10, 73, Status.SNAKE, 0.01
6409, 10, 84, Status.WALL, 0.01
6410, 21, 165, Status.SNAKE, 0.01
6411, 12, 90, Status.SNAKE, 0.01
6412, 8, 39, Status.SNAKE, 0.01
6413, 2, 8, Status.SNAKE, 0.01
6414, 11, 69, Status.WALL, 0.01
6415, 17, 110, Status.SNAKE, 0.01
6416, 3, 19, Status.WALL, 0.01
6417, 6, 48, Status.SNAKE, 0.01
6418, 8, 38, Status.SNAKE, 0.01
6419, 14, 112, Status.WALL, 0.01
6420, 8, 42, Status.SNAKE, 0.01
6421, 7, 64, Status.SNAKE, 0.01
6422, 7, 40, Status.SNAKE, 0.01
6423, 11, 67, Status.SNAKE, 0.01
6424, 2, 8, Status.WALL, 0.01
6425, 9, 103, Status.SNAKE, 0.01
6426, 13, 83, Status.SNAKE, 0.01
6427, 3, 10, Status.SNAKE, 0.01
6428, 8, 66, Status.SNAKE, 0.01
6429, 6, 34, Status.SNAKE, 0.01
6430, 6, 40, Status.SNAKE, 0.01
6431, 6, 45, Status.SNAKE, 0.01
6432, 10, 79, Status.WALL, 0.01
6433, 13, 106, Status.WALL, 0.01
6434, 6, 34, Status.SNAKE, 0.01
6435, 1, 11, Status.SNAKE, 0.01
6436, 14, 114, Status.SNAKE, 0.01
6437, 6, 35, Status.SNAKE, 0.01
6438, 10, 51, Status.SNAKE, 0.01
6439, 6, 54, Status.SNAKE, 0.01
6440, 8, 52, Status.SNAKE, 0.01
6441, 9, 57, Status.SNAKE, 0.01
6442, 13, 78, Status.SNAKE, 0.01
6443, 8, 60, Status.SNAKE, 0.01
6444, 8, 63, Status.SNAKE, 0.01
6445, 2, 15, Status.SNAKE, 0.01
6446, 4, 26, Status.SNAKE, 0.01
6447, 7, 43, Status.SNAKE, 0.01
6448, 13, 104, Status.SNAKE, 0.01
6449, 10, 51, Status.SNAKE, 0.01
6450, 14, 87, Status.SNAKE, 0.01
6451, 10, 72, Status.SNAKE, 0.01
6452, 8, 64, Status.SNAKE, 0.01
6453, 5, 44, Status.WALL, 0.01
6454, 1, 10, Status.WALL, 0.01
6455, 9, 65, Status.SNAKE, 0.01
6456, 13, 105, Status.SNAKE, 0.01
6457, 15, 109, Status.SNAKE, 0.01
6458, 10, 83, Status.WALL, 0.01
6459, 4, 18, Status.SNAKE, 0.01
6460, 3, 31, Status.SNAKE, 0.01
6461, 7, 44, Status.SNAKE, 0.01
6462, 1, 5, Status.SNAKE, 0.01
6463, 7, 43, Status.SNAKE, 0.01
6464, 10, 72, Status.SNAKE, 0.01
6465, 8, 43, Status.WALL, 0.01
6466, 4, 21, Status.SNAKE, 0.01
6467, 13, 80, Status.WALL, 0.01
6468, 1, 9, Status.WALL, 0.01
6469, 2, 14, Status.WALL, 0.01
6470, 7, 49, Status.WALL, 0.01
6471, 22, 131, Status.SNAKE, 0.01
6472, 10, 79, Status.SNAKE, 0.01
6473, 1, 3, Status.SNAKE, 0.01
6474, 9, 77, Status.SNAKE, 0.01
6475, 17, 141, Status.SNAKE, 0.01
6476, 5, 29, Status.SNAKE, 0.01
6477, 6, 50, Status.WALL, 0.01
6478, 10, 89, Status.SNAKE, 0.01
6479, 18, 118, Status.SNAKE, 0.01
6480, 1, 8, Status.WALL, 0.01
6481, 9, 44, Status.SNAKE, 0.01
6482, 5, 26, Status.SNAKE, 0.01
6483, 10, 46, Status.SNAKE, 0.01
6484, 11, 62, Status.SNAKE, 0.01
6485, 9, 58, Status.SNAKE, 0.01
6486, 14, 99, Status.SNAKE, 0.01
6487, 13, 105, Status.WALL, 0.01
6488, 5, 52, Status.SNAKE, 0.01
6489, 2, 18, Status.SNAKE, 0.01
6490, 7, 36, Status.SNAKE, 0.01
6491, 14, 103, Status.SNAKE, 0.01
6492, 1, 9, Status.WALL, 0.01
6493, 3, 30, Status.SNAKE, 0.01
6494, 18, 85, Status.SNAKE, 0.01
6495, 15, 100, Status.SNAKE, 0.01
6496, 2, 7, Status.SNAKE, 0.01
6497, 3, 16, Status.WALL, 0.01
6498, 10, 63, Status.SNAKE, 0.01
6499, 8, 54, Status.SNAKE, 0.01
6500, 7, 50, Status.WALL, 0.01
6501, 5, 51, Status.SNAKE, 0.01
6502, 17, 112, Status.SNAKE, 0.01
6503, 8, 53, Status.SNAKE, 0.01
6504, 12, 71, Status.SNAKE, 0.01
6505, 13, 114, Status.SNAKE, 0.01
6506, 13, 76, Status.SNAKE, 0.01
6507, 6, 35, Status.SNAKE, 0.01
6508, 22, 156, Status.SNAKE, 0.01
6509, 6, 60, Status.SNAKE, 0.01
6510, 5, 33, Status.WALL, 0.01
6511, 17, 118, Status.SNAKE, 0.01
6512, 7, 51, Status.SNAKE, 0.01
6513, 14, 80, Status.SNAKE, 0.01
6514, 11, 78, Status.SNAKE, 0.01
6515, 17, 126, Status.SNAKE, 0.01
6516, 2, 16, Status.WALL, 0.01
6517, 8, 51, Status.SNAKE, 0.01
6518, 6, 33, Status.SNAKE, 0.01
6519, 7, 59, Status.SNAKE, 0.01
6520, 3, 13, Status.SNAKE, 0.01
6521, 16, 141, Status.SNAKE, 0.01
6522, 12, 91, Status.WALL, 0.01
6523, 7, 48, Status.WALL, 0.01
6524, 6, 47, Status.SNAKE, 0.01
6525, 21, 164, Status.SNAKE, 0.01
6526, 12, 86, Status.WALL, 0.01
6527, 3, 9, Status.SNAKE, 0.01
6528, 6, 23, Status.SNAKE, 0.01
6529, 11, 74, Status.WALL, 0.01
6530, 9, 78, Status.SNAKE, 0.01
6531, 10, 55, Status.SNAKE, 0.01
6532, 2, 29, Status.WALL, 0.01
6533, 16, 103, Status.WALL, 0.01
6534, 8, 46, Status.WALL, 0.01
6535, 4, 21, Status.WALL, 0.01
6536, 12, 80, Status.SNAKE, 0.01
6537, 12, 83, Status.SNAKE, 0.01
6538, 9, 76, Status.SNAKE, 0.01
6539, 7, 57, Status.SNAKE, 0.01
6540, 13, 90, Status.SNAKE, 0.01
6541, 14, 90, Status.SNAKE, 0.01
6542, 2, 14, Status.WALL, 0.01
6543, 11, 63, Status.SNAKE, 0.01
6544, 5, 24, Status.SNAKE, 0.01
6545, 3, 12, Status.WALL, 0.01
6546, 5, 31, Status.SNAKE, 0.01
6547, 12, 78, Status.WALL, 0.01
6548, 20, 127, Status.SNAKE, 0.01
6549, 11, 77, Status.WALL, 0.01
6550, 10, 64, Status.WALL, 0.01
6551, 9, 42, Status.SNAKE, 0.01
6552, 1, 3, Status.SNAKE, 0.01
6553, 10, 60, Status.SNAKE, 0.01
6554, 13, 81, Status.SNAKE, 0.01
6555, 11, 68, Status.WALL, 0.01
6556, 19, 152, Status.SNAKE, 0.01
6557, 4, 34, Status.SNAKE, 0.01
6558, 1, 10, Status.WALL, 0.01
6559, 2, 8, Status.WALL, 0.01
6560, 9, 67, Status.SNAKE, 0.01
6561, 5, 21, Status.SNAKE, 0.01
6562, 7, 45, Status.SNAKE, 0.01
6563, 17, 86, Status.SNAKE, 0.01
6564, 7, 35, Status.SNAKE, 0.01
6565, 6, 37, Status.SNAKE, 0.01
6566, 1, 5, Status.SNAKE, 0.01
6567, 3, 14, Status.SNAKE, 0.01
6568, 14, 83, Status.SNAKE, 0.01
6569, 13, 90, Status.SNAKE, 0.01
6570, 19, 148, Status.SNAKE, 0.01
6571, 13, 95, Status.SNAKE, 0.01
6572, 17, 115, Status.SNAKE, 0.01
6573, 6, 50, Status.SNAKE, 0.01
6574, 9, 62, Status.SNAKE, 0.01
6575, 6, 41, Status.SNAKE, 0.01
6576, 8, 45, Status.SNAKE, 0.01
6577, 7, 33, Status.SNAKE, 0.01
6578, 10, 56, Status.SNAKE, 0.01
6579, 6, 38, Status.SNAKE, 0.01
6580, 9, 80, Status.SNAKE, 0.01
6581, 6, 47, Status.SNAKE, 0.01
6582, 8, 69, Status.SNAKE, 0.01
6583, 7, 34, Status.SNAKE, 0.01
6584, 1, 8, Status.SNAKE, 0.01
6585, 17, 130, Status.SNAKE, 0.01
6586, 7, 44, Status.SNAKE, 0.01
6587, 9, 62, Status.WALL, 0.01
6588, 6, 51, Status.WALL, 0.01
6589, 6, 28, Status.SNAKE, 0.01
6590, 8, 44, Status.WALL, 0.01
6591, 10, 76, Status.SNAKE, 0.01
6592, 11, 82, Status.SNAKE, 0.01
6593, 20, 122, Status.SNAKE, 0.01
6594, 10, 76, Status.SNAKE, 0.01
6595, 11, 79, Status.SNAKE, 0.01
6596, 7, 69, Status.SNAKE, 0.01
6597, 7, 47, Status.SNAKE, 0.01
6598, 6, 46, Status.SNAKE, 0.01
6599, 11, 61, Status.SNAKE, 0.01
6600, 1, 10, Status.WALL, 0.01
6601, 16, 101, Status.SNAKE, 0.01
6602, 3, 24, Status.WALL, 0.01
6603, 9, 65, Status.SNAKE, 0.01
6604, 13, 104, Status.SNAKE, 0.01
6605, 5, 33, Status.SNAKE, 0.01
6606, 11, 63, Status.SNAKE, 0.01
6607, 16, 106, Status.SNAKE, 0.01
6608, 15, 80, Status.SNAKE, 0.01
6609, 12, 81, Status.WALL, 0.01
6610, 8, 38, Status.SNAKE, 0.01
6611, 6, 30, Status.SNAKE, 0.01
6612, 9, 70, Status.WALL, 0.01
6613, 1, 3, Status.SNAKE, 0.01
6614, 3, 22, Status.WALL, 0.01
6615, 10, 50, Status.SNAKE, 0.01
6616, 11, 57, Status.SNAKE, 0.01
6617, 2, 16, Status.WALL, 0.01
6618, 11, 73, Status.SNAKE, 0.01
6619, 18, 124, Status.SNAKE, 0.01
6620, 8, 65, Status.SNAKE, 0.01
6621, 5, 40, Status.SNAKE, 0.01
6622, 10, 96, Status.SNAKE, 0.01
6623, 23, 156, Status.WALL, 0.01
6624, 1, 3, Status.SNAKE, 0.01
6625, 2, 21, Status.SNAKE, 0.01
6626, 12, 91, Status.SNAKE, 0.01
6627, 16, 105, Status.SNAKE, 0.01
6628, 2, 14, Status.WALL, 0.01
6629, 8, 50, Status.WALL, 0.01
6630, 11, 97, Status.WALL, 0.01
6631, 12, 89, Status.WALL, 0.01
6632, 14, 89, Status.SNAKE, 0.01
6633, 13, 123, Status.SNAKE, 0.01
6634, 4, 26, Status.SNAKE, 0.01
6635, 4, 29, Status.SNAKE, 0.01
6636, 15, 125, Status.SNAKE, 0.01
6637, 5, 42, Status.WALL, 0.01
6638, 9, 60, Status.SNAKE, 0.01
6639, 9, 79, Status.SNAKE, 0.01
6640, 12, 77, Status.SNAKE, 0.01
6641, 4, 15, Status.SNAKE, 0.01
6642, 6, 32, Status.WALL, 0.01
6643, 1, 8, Status.SNAKE, 0.01
6644, 6, 39, Status.SNAKE, 0.01
6645, 14, 75, Status.SNAKE, 0.01
6646, 3, 14, Status.WALL, 0.01
6647, 9, 49, Status.SNAKE, 0.01
6648, 4, 25, Status.SNAKE, 0.01
6649, 8, 51, Status.WALL, 0.01
6650, 16, 120, Status.SNAKE, 0.01
6651, 13, 105, Status.SNAKE, 0.01
6652, 2, 11, Status.WALL, 0.01
6653, 8, 55, Status.SNAKE, 0.01
6654, 11, 83, Status.SNAKE, 0.01
6655, 9, 46, Status.SNAKE, 0.01
6656, 11, 81, Status.SNAKE, 0.01
6657, 13, 105, Status.SNAKE, 0.01
6658, 13, 77, Status.SNAKE, 0.01
6659, 4, 42, Status.SNAKE, 0.01
6660, 2, 12, Status.WALL, 0.01
6661, 8, 36, Status.SNAKE, 0.01
6662, 7, 31, Status.WALL, 0.01
6663, 15, 118, Status.SNAKE, 0.01
6664, 8, 67, Status.SNAKE, 0.01
6665, 5, 33, Status.WALL, 0.01
6666, 6, 23, Status.WALL, 0.01
6667, 6, 29, Status.WALL, 0.01
6668, 5, 30, Status.SNAKE, 0.01
6669, 3, 14, Status.WALL, 0.01
6670, 2, 13, Status.WALL, 0.01
6671, 9, 46, Status.WALL, 0.01
6672, 13, 92, Status.SNAKE, 0.01
6673, 20, 128, Status.WALL, 0.01
6674, 16, 114, Status.SNAKE, 0.01
6675, 5, 36, Status.SNAKE, 0.01
6676, 10, 76, Status.SNAKE, 0.01
6677, 4, 21, Status.SNAKE, 0.01
6678, 10, 64, Status.WALL, 0.01
6679, 1, 7, Status.SNAKE, 0.01
6680, 7, 54, Status.SNAKE, 0.01
6681, 11, 63, Status.SNAKE, 0.01
6682, 10, 85, Status.SNAKE, 0.01
6683, 13, 79, Status.SNAKE, 0.01
6684, 18, 101, Status.SNAKE, 0.01
6685, 8, 44, Status.SNAKE, 0.01
6686, 9, 60, Status.SNAKE, 0.01
6687, 11, 84, Status.SNAKE, 0.01
6688, 5, 42, Status.SNAKE, 0.01
6689, 13, 91, Status.WALL, 0.01
6690, 13, 89, Status.SNAKE, 0.01
6691, 3, 35, Status.SNAKE, 0.01
6692, 5, 34, Status.SNAKE, 0.01
6693, 7, 39, Status.WALL, 0.01
6694, 1, 8, Status.SNAKE, 0.01
6695, 7, 36, Status.SNAKE, 0.01
6696, 10, 63, Status.SNAKE, 0.01
6697, 1, 5, Status.SNAKE, 0.01
6698, 3, 18, Status.SNAKE, 0.01
6699, 1, 3, Status.SNAKE, 0.01
6700, 7, 54, Status.SNAKE, 0.01
6701, 8, 58, Status.SNAKE, 0.01
6702, 9, 57, Status.SNAKE, 0.01
6703, 7, 42, Status.WALL, 0.01
6704, 8, 58, Status.WALL, 0.01
6705, 11, 99, Status.SNAKE, 0.01
6706, 10, 59, Status.SNAKE, 0.01
6707, 7, 53, Status.SNAKE, 0.01
6708, 10, 73, Status.SNAKE, 0.01
6709, 8, 46, Status.SNAKE, 0.01
6710, 11, 56, Status.SNAKE, 0.01
6711, 3, 29, Status.SNAKE, 0.01
6712, 6, 40, Status.WALL, 0.01
6713, 2, 15, Status.WALL, 0.01
6714, 5, 28, Status.SNAKE, 0.01
6715, 11, 70, Status.SNAKE, 0.01
6716, 9, 58, Status.SNAKE, 0.01
6717, 14, 98, Status.SNAKE, 0.01
6718, 15, 96, Status.SNAKE, 0.01
6719, 10, 74, Status.WALL, 0.01
6720, 12, 78, Status.SNAKE, 0.01
6721, 10, 55, Status.SNAKE, 0.01
6722, 8, 66, Status.SNAKE, 0.01
6723, 5, 36, Status.SNAKE, 0.01
6724, 8, 50, Status.SNAKE, 0.01
6725, 3, 22, Status.WALL, 0.01
6726, 2, 16, Status.WALL, 0.01
6727, 6, 61, Status.SNAKE, 0.01
6728, 11, 63, Status.SNAKE, 0.01
6729, 9, 61, Status.SNAKE, 0.01
6730, 13, 93, Status.SNAKE, 0.01
6731, 8, 48, Status.SNAKE, 0.01
6732, 10, 41, Status.SNAKE, 0.01
6733, 14, 85, Status.SNAKE, 0.01
6734, 6, 26, Status.SNAKE, 0.01
6735, 4, 17, Status.SNAKE, 0.01
6736, 11, 84, Status.SNAKE, 0.01
6737, 11, 66, Status.SNAKE, 0.01
6738, 5, 29, Status.SNAKE, 0.01
6739, 4, 22, Status.SNAKE, 0.01
6740, 9, 66, Status.WALL, 0.01
6741, 21, 124, Status.SNAKE, 0.01
6742, 11, 86, Status.SNAKE, 0.01
6743, 11, 59, Status.SNAKE, 0.01
6744, 13, 111, Status.SNAKE, 0.01
6745, 9, 71, Status.SNAKE, 0.01
6746, 12, 100, Status.SNAKE, 0.01
6747, 10, 50, Status.SNAKE, 0.01
6748, 6, 40, Status.SNAKE, 0.01
6749, 5, 38, Status.SNAKE, 0.01
6750, 9, 59, Status.SNAKE, 0.01
6751, 3, 23, Status.SNAKE, 0.01
6752, 11, 76, Status.SNAKE, 0.01
6753, 13, 112, Status.SNAKE, 0.01
6754, 16, 100, Status.SNAKE, 0.01
6755, 6, 30, Status.SNAKE, 0.01
6756, 7, 38, Status.SNAKE, 0.01
6757, 10, 61, Status.SNAKE, 0.01
6758, 3, 10, Status.WALL, 0.01
6759, 1, 8, Status.WALL, 0.01
6760, 4, 19, Status.WALL, 0.01
6761, 4, 18, Status.SNAKE, 0.01
6762, 6, 29, Status.SNAKE, 0.01
6763, 13, 84, Status.SNAKE, 0.01
6764, 9, 42, Status.WALL, 0.01
6765, 6, 40, Status.SNAKE, 0.01
6766, 9, 64, Status.SNAKE, 0.01
6767, 8, 66, Status.SNAKE, 0.01
6768, 5, 40, Status.SNAKE, 0.01
6769, 4, 31, Status.SNAKE, 0.01
6770, 14, 94, Status.SNAKE, 0.01
6771, 17, 118, Status.SNAKE, 0.01
6772, 1, 9, Status.WALL, 0.01
6773, 5, 32, Status.SNAKE, 0.01
6774, 10, 53, Status.SNAKE, 0.01
6775, 7, 49, Status.WALL, 0.01
6776, 15, 86, Status.SNAKE, 0.01
6777, 9, 86, Status.SNAKE, 0.01
6778, 17, 114, Status.SNAKE, 0.01
6779, 10, 53, Status.WALL, 0.01
6780, 7, 43, Status.SNAKE, 0.01
6781, 8, 49, Status.WALL, 0.01
6782, 4, 31, Status.SNAKE, 0.01
6783, 10, 82, Status.SNAKE, 0.01
6784, 6, 44, Status.SNAKE, 0.01
6785, 9, 69, Status.WALL, 0.01
6786, 11, 72, Status.WALL, 0.01
6787, 2, 11, Status.SNAKE, 0.01
6788, 6, 23, Status.SNAKE, 0.01
6789, 11, 84, Status.WALL, 0.01
6790, 3, 20, Status.WALL, 0.01
6791, 14, 85, Status.SNAKE, 0.01
6792, 7, 55, Status.SNAKE, 0.01
6793, 2, 18, Status.SNAKE, 0.01
6794, 15, 111, Status.SNAKE, 0.01
6795, 6, 39, Status.WALL, 0.01
6796, 8, 66, Status.SNAKE, 0.01
6797, 6, 34, Status.WALL, 0.01
6798, 12, 89, Status.SNAKE, 0.01
6799, 11, 50, Status.SNAKE, 0.01
6800, 13, 94, Status.SNAKE, 0.01
6801, 11, 90, Status.SNAKE, 0.01
6802, 3, 24, Status.WALL, 0.01
6803, 6, 64, Status.SNAKE, 0.01
6804, 6, 31, Status.SNAKE, 0.01
6805, 9, 83, Status.WALL, 0.01
6806, 8, 53, Status.SNAKE, 0.01
6807, 12, 64, Status.SNAKE, 0.01
6808, 15, 103, Status.SNAKE, 0.01
6809, 16, 104, Status.SNAKE, 0.01
6810, 8, 42, Status.SNAKE, 0.01
6811, 1, 3, Status.SNAKE, 0.01
6812, 7, 36, Status.WALL, 0.01
6813, 5, 37, Status.SNAKE, 0.01
6814, 7, 32, Status.SNAKE, 0.01
6815, 13, 64, Status.SNAKE, 0.01
6816, 4, 36, Status.SNAKE, 0.01
6817, 4, 31, Status.SNAKE, 0.01
6818, 5, 51, Status.WALL, 0.01
6819, 7, 40, Status.SNAKE, 0.01
6820, 6, 34, Status.SNAKE, 0.01
6821, 7, 49, Status.SNAKE, 0.01
6822, 17, 134, Status.SNAKE, 0.01
6823, 7, 48, Status.WALL, 0.01
6824, 11, 71, Status.SNAKE, 0.01
6825, 6, 46, Status.SNAKE, 0.01
6826, 12, 87, Status.SNAKE, 0.01
6827, 3, 18, Status.WALL, 0.01
6828, 9, 50, Status.SNAKE, 0.01
6829, 3, 13, Status.WALL, 0.01
6830, 4, 31, Status.WALL, 0.01
6831, 3, 34, Status.WALL, 0.01
6832, 15, 108, Status.SNAKE, 0.01
6833, 14, 79, Status.SNAKE, 0.01
6834, 14, 101, Status.WALL, 0.01
6835, 9, 61, Status.WALL, 0.01
6836, 9, 70, Status.SNAKE, 0.01
6837, 9, 58, Status.SNAKE, 0.01
6838, 13, 94, Status.SNAKE, 0.01
6839, 9, 76, Status.WALL, 0.01
6840, 9, 49, Status.SNAKE, 0.01
6841, 14, 101, Status.SNAKE, 0.01
6842, 2, 10, Status.WALL, 0.01
6843, 9, 73, Status.WALL, 0.01
6844, 6, 51, Status.SNAKE, 0.01
6845, 19, 121, Status.SNAKE, 0.01
6846, 9, 61, Status.SNAKE, 0.01
6847, 14, 92, Status.WALL, 0.01
6848, 2, 8, Status.WALL, 0.01
6849, 7, 42, Status.SNAKE, 0.01
6850, 6, 36, Status.SNAKE, 0.01
6851, 11, 83, Status.SNAKE, 0.01
6852, 19, 140, Status.SNAKE, 0.01
6853, 18, 98, Status.SNAKE, 0.01
6854, 7, 39, Status.SNAKE, 0.01
6855, 5, 33, Status.SNAKE, 0.01
6856, 8, 43, Status.WALL, 0.01
6857, 13, 82, Status.WALL, 0.01
6858, 11, 78, Status.SNAKE, 0.01
6859, 12, 107, Status.SNAKE, 0.01
6860, 4, 23, Status.SNAKE, 0.01
6861, 7, 35, Status.SNAKE, 0.01
6862, 9, 61, Status.SNAKE, 0.01
6863, 11, 71, Status.SNAKE, 0.01
6864, 6, 38, Status.WALL, 0.01
6865, 10, 76, Status.SNAKE, 0.01
6866, 16, 114, Status.WALL, 0.01
6867, 4, 30, Status.WALL, 0.01
6868, 3, 22, Status.SNAKE, 0.01
6869, 2, 13, Status.SNAKE, 0.01
6870, 16, 132, Status.SNAKE, 0.01
6871, 7, 58, Status.SNAKE, 0.01
6872, 17, 125, Status.SNAKE, 0.01
6873, 6, 38, Status.SNAKE, 0.01
6874, 12, 89, Status.SNAKE, 0.01
6875, 2, 5, Status.SNAKE, 0.01
6876, 9, 54, Status.SNAKE, 0.01
6877, 19, 123, Status.WALL, 0.01
6878, 8, 67, Status.SNAKE, 0.01
6879, 6, 54, Status.SNAKE, 0.01
6880, 4, 11, Status.WALL, 0.01
6881, 2, 16, Status.SNAKE, 0.01
6882, 13, 122, Status.WALL, 0.01
6883, 9, 62, Status.SNAKE, 0.01
6884, 1, 3, Status.SNAKE, 0.01
6885, 11, 103, Status.WALL, 0.01
6886, 8, 47, Status.SNAKE, 0.01
6887, 11, 86, Status.WALL, 0.01
6888, 14, 134, Status.SNAKE, 0.01
6889, 14, 100, Status.SNAKE, 0.01
6890, 9, 64, Status.SNAKE, 0.01
6891, 4, 29, Status.WALL, 0.01
6892, 2, 5, Status.SNAKE, 0.01
6893, 2, 22, Status.SNAKE, 0.01
6894, 9, 66, Status.SNAKE, 0.01
6895, 9, 69, Status.SNAKE, 0.01
6896, 10, 52, Status.SNAKE, 0.01
6897, 9, 72, Status.SNAKE, 0.01
6898, 5, 26, Status.SNAKE, 0.01
6899, 10, 58, Status.SNAKE, 0.01
6900, 11, 91, Status.SNAKE, 0.01
6901, 6, 54, Status.WALL, 0.01
6902, 2, 7, Status.SNAKE, 0.01
6903, 10, 66, Status.SNAKE, 0.01
6904, 2, 18, Status.WALL, 0.01
6905, 6, 34, Status.WALL, 0.01
6906, 18, 172, Status.SNAKE, 0.01
6907, 8, 52, Status.SNAKE, 0.01
6908, 12, 96, Status.WALL, 0.01
6909, 8, 43, Status.SNAKE, 0.01
6910, 1, 16, Status.WALL, 0.01
6911, 6, 25, Status.SNAKE, 0.01
6912, 17, 115, Status.SNAKE, 0.01
6913, 4, 18, Status.WALL, 0.01
6914, 8, 64, Status.SNAKE, 0.01
6915, 8, 65, Status.WALL, 0.01
6916, 8, 67, Status.SNAKE, 0.01
6917, 9, 65, Status.SNAKE, 0.01
6918, 10, 76, Status.SNAKE, 0.01
6919, 4, 23, Status.SNAKE, 0.01
6920, 9, 76, Status.SNAKE, 0.01
6921, 8, 56, Status.WALL, 0.01
6922, 8, 67, Status.WALL, 0.01
6923, 14, 110, Status.SNAKE, 0.01
6924, 1, 11, Status.WALL, 0.01
6925, 14, 86, Status.WALL, 0.01
6926, 3, 18, Status.SNAKE, 0.01
6927, 9, 68, Status.SNAKE, 0.01
6928, 17, 100, Status.SNAKE, 0.01
6929, 14, 102, Status.SNAKE, 0.01
6930, 12, 83, Status.SNAKE, 0.01
6931, 8, 53, Status.WALL, 0.01
6932, 8, 71, Status.WALL, 0.01
6933, 13, 89, Status.SNAKE, 0.01
6934, 4, 23, Status.WALL, 0.01
6935, 7, 58, Status.SNAKE, 0.01
6936, 6, 51, Status.WALL, 0.01
6937, 8, 60, Status.SNAKE, 0.01
6938, 3, 19, Status.SNAKE, 0.01
6939, 12, 87, Status.SNAKE, 0.01
6940, 10, 51, Status.SNAKE, 0.01
6941, 10, 63, Status.SNAKE, 0.01
6942, 3, 26, Status.SNAKE, 0.01
6943, 1, 7, Status.WALL, 0.01
6944, 11, 70, Status.SNAKE, 0.01
6945, 12, 107, Status.SNAKE, 0.01
6946, 5, 34, Status.SNAKE, 0.01
6947, 15, 80, Status.SNAKE, 0.01
6948, 2, 28, Status.WALL, 0.01
6949, 11, 97, Status.SNAKE, 0.01
6950, 4, 27, Status.SNAKE, 0.01
6951, 4, 24, Status.WALL, 0.01
6952, 13, 114, Status.SNAKE, 0.01
6953, 2, 8, Status.WALL, 0.01
6954, 13, 103, Status.SNAKE, 0.01
6955, 8, 55, Status.SNAKE, 0.01
6956, 10, 80, Status.SNAKE, 0.01
6957, 14, 118, Status.SNAKE, 0.01
6958, 11, 93, Status.WALL, 0.01
6959, 11, 97, Status.SNAKE, 0.01
6960, 5, 35, Status.SNAKE, 0.01
6961, 12, 89, Status.SNAKE, 0.01
6962, 8, 58, Status.SNAKE, 0.01
6963, 7, 75, Status.SNAKE, 0.01
6964, 14, 105, Status.SNAKE, 0.01
6965, 6, 49, Status.SNAKE, 0.01
6966, 22, 181, Status.SNAKE, 0.01
6967, 6, 43, Status.SNAKE, 0.01
6968, 1, 15, Status.SNAKE, 0.01
6969, 14, 83, Status.SNAKE, 0.01
6970, 2, 13, Status.SNAKE, 0.01
6971, 2, 16, Status.SNAKE, 0.01
6972, 11, 70, Status.SNAKE, 0.01
6973, 5, 32, Status.SNAKE, 0.01
6974, 8, 36, Status.SNAKE, 0.01
6975, 5, 31, Status.SNAKE, 0.01
6976, 6, 45, Status.SNAKE, 0.01
6977, 12, 62, Status.SNAKE, 0.01
6978, 6, 39, Status.SNAKE, 0.01
6979, 7, 54, Status.SNAKE, 0.01
6980, 9, 72, Status.SNAKE, 0.01
6981, 4, 33, Status.WALL, 0.01
6982, 13, 97, Status.SNAKE, 0.01
6983, 16, 129, Status.SNAKE, 0.01
6984, 3, 16, Status.SNAKE, 0.01
6985, 9, 64, Status.SNAKE, 0.01
6986, 1, 3, Status.SNAKE, 0.01
6987, 9, 79, Status.SNAKE, 0.01
6988, 13, 98, Status.SNAKE, 0.01
6989, 12, 71, Status.SNAKE, 0.01
6990, 12, 111, Status.SNAKE, 0.01
6991, 9, 45, Status.SNAKE, 0.01
6992, 11, 85, Status.SNAKE, 0.01
6993, 8, 56, Status.SNAKE, 0.01
6994, 1, 3, Status.SNAKE, 0.01
6995, 11, 62, Status.SNAKE, 0.01
6996, 7, 38, Status.SNAKE, 0.01
6997, 21, 127, Status.WALL, 0.01
6998, 9, 53, Status.SNAKE, 0.01
6999, 7, 64, Status.SNAKE, 0.01
7000, 11, 83, Status.SNAKE, 0.01
7001, 8, 52, Status.SNAKE, 0.01
7002, 3, 18, Status.SNAKE, 0.01
7003, 2, 12, Status.WALL, 0.01
7004, 13, 92, Status.SNAKE, 0.01
7005, 9, 57, Status.SNAKE, 0.01
7006, 8, 60, Status.SNAKE, 0.01
7007, 6, 35, Status.SNAKE, 0.01
7008, 6, 56, Status.SNAKE, 0.01
7009, 7, 49, Status.SNAKE, 0.01
7010, 10, 88, Status.SNAKE, 0.01
7011, 10, 60, Status.WALL, 0.01
7012, 12, 101, Status.SNAKE, 0.01
7013, 12, 81, Status.WALL, 0.01
7014, 11, 77, Status.WALL, 0.01
7015, 3, 11, Status.WALL, 0.01
7016, 16, 130, Status.SNAKE, 0.01
7017, 15, 117, Status.WALL, 0.01
7018, 16, 163, Status.SNAKE, 0.01
7019, 11, 63, Status.WALL, 0.01
7020, 9, 66, Status.SNAKE, 0.01
7021, 7, 52, Status.SNAKE, 0.01
7022, 1, 3, Status.SNAKE, 0.01
7023, 2, 9, Status.WALL, 0.01
7024, 4, 24, Status.SNAKE, 0.01
7025, 2, 21, Status.WALL, 0.01
7026, 8, 77, Status.SNAKE, 0.01
7027, 13, 77, Status.SNAKE, 0.01
7028, 2, 16, Status.SNAKE, 0.01
7029, 7, 52, Status.SNAKE, 0.01
7030, 8, 44, Status.SNAKE, 0.01
7031, 10, 68, Status.WALL, 0.01
7032, 6, 40, Status.WALL, 0.01
7033, 7, 68, Status.SNAKE, 0.01
7034, 5, 25, Status.WALL, 0.01
7035, 6, 42, Status.SNAKE, 0.01
7036, 8, 56, Status.SNAKE, 0.01
7037, 7, 54, Status.SNAKE, 0.01
7038, 14, 78, Status.SNAKE, 0.01
7039, 16, 103, Status.SNAKE, 0.01
7040, 7, 45, Status.WALL, 0.01
7041, 11, 66, Status.SNAKE, 0.01
7042, 14, 101, Status.SNAKE, 0.01
7043, 4, 38, Status.SNAKE, 0.01
7044, 13, 87, Status.SNAKE, 0.01
7045, 7, 54, Status.WALL, 0.01
7046, 19, 135, Status.SNAKE, 0.01
7047, 6, 51, Status.SNAKE, 0.01
7048, 9, 53, Status.SNAKE, 0.01
7049, 11, 66, Status.SNAKE, 0.01
7050, 9, 56, Status.SNAKE, 0.01
7051, 3, 12, Status.WALL, 0.01
7052, 18, 133, Status.WALL, 0.01
7053, 1, 8, Status.WALL, 0.01
7054, 3, 19, Status.WALL, 0.01
7055, 3, 20, Status.WALL, 0.01
7056, 12, 64, Status.WALL, 0.01
7057, 5, 42, Status.SNAKE, 0.01
7058, 9, 64, Status.SNAKE, 0.01
7059, 8, 42, Status.SNAKE, 0.01
7060, 1, 19, Status.WALL, 0.01
7061, 4, 26, Status.SNAKE, 0.01
7062, 11, 63, Status.SNAKE, 0.01
7063, 3, 19, Status.SNAKE, 0.01
7064, 11, 53, Status.WALL, 0.01
7065, 6, 66, Status.WALL, 0.01
7066, 7, 37, Status.SNAKE, 0.01
7067, 7, 44, Status.SNAKE, 0.01
7068, 11, 58, Status.SNAKE, 0.01
7069, 12, 78, Status.SNAKE, 0.01
7070, 7, 43, Status.SNAKE, 0.01
7071, 15, 106, Status.SNAKE, 0.01
7072, 5, 32, Status.WALL, 0.01
7073, 10, 59, Status.SNAKE, 0.01
7074, 2, 20, Status.WALL, 0.01
7075, 12, 94, Status.SNAKE, 0.01
7076, 8, 63, Status.SNAKE, 0.01
7077, 11, 54, Status.SNAKE, 0.01
7078, 14, 110, Status.SNAKE, 0.01
7079, 2, 17, Status.WALL, 0.01
7080, 11, 68, Status.SNAKE, 0.01
7081, 12, 87, Status.SNAKE, 0.01
7082, 7, 56, Status.WALL, 0.01
7083, 3, 24, Status.SNAKE, 0.01
7084, 8, 54, Status.SNAKE, 0.01
7085, 1, 6, Status.WALL, 0.01
7086, 7, 38, Status.SNAKE, 0.01
7087, 5, 35, Status.WALL, 0.01
7088, 8, 45, Status.WALL, 0.01
7089, 3, 22, Status.WALL, 0.01
7090, 7, 61, Status.WALL, 0.01
7091, 14, 136, Status.SNAKE, 0.01
7092, 1, 5, Status.SNAKE, 0.01
7093, 8, 53, Status.WALL, 0.01
7094, 10, 65, Status.WALL, 0.01
7095, 8, 58, Status.WALL, 0.01
7096, 7, 63, Status.SNAKE, 0.01
7097, 10, 69, Status.SNAKE, 0.01
7098, 7, 34, Status.SNAKE, 0.01
7099, 10, 67, Status.SNAKE, 0.01
7100, 14, 76, Status.SNAKE, 0.01
7101, 5, 33, Status.SNAKE, 0.01
7102, 22, 133, Status.SNAKE, 0.01
7103, 7, 42, Status.SNAKE, 0.01
7104, 4, 37, Status.SNAKE, 0.01
7105, 3, 20, Status.SNAKE, 0.01
7106, 10, 54, Status.SNAKE, 0.01
7107, 3, 24, Status.SNAKE, 0.01
7108, 7, 68, Status.SNAKE, 0.01
7109, 14, 126, Status.WALL, 0.01
7110, 3, 18, Status.WALL, 0.01
7111, 11, 77, Status.SNAKE, 0.01
7112, 13, 87, Status.SNAKE, 0.01
7113, 9, 83, Status.SNAKE, 0.01
7114, 12, 105, Status.SNAKE, 0.01
7115, 13, 63, Status.SNAKE, 0.01
7116, 8, 42, Status.WALL, 0.01
7117, 5, 27, Status.WALL, 0.01
7118, 17, 143, Status.SNAKE, 0.01
7119, 5, 39, Status.WALL, 0.01
7120, 9, 69, Status.SNAKE, 0.01
7121, 10, 90, Status.WALL, 0.01
7122, 9, 65, Status.SNAKE, 0.01
7123, 9, 48, Status.WALL, 0.01
7124, 8, 60, Status.WALL, 0.01
7125, 10, 61, Status.SNAKE, 0.01
7126, 8, 35, Status.WALL, 0.01
7127, 11, 76, Status.WALL, 0.01
7128, 14, 107, Status.SNAKE, 0.01
7129, 4, 38, Status.SNAKE, 0.01
7130, 7, 31, Status.WALL, 0.01
7131, 7, 35, Status.SNAKE, 0.01
7132, 6, 35, Status.SNAKE, 0.01
7133, 8, 64, Status.SNAKE, 0.01
7134, 1, 5, Status.SNAKE, 0.01
7135, 3, 19, Status.SNAKE, 0.01
7136, 12, 77, Status.SNAKE, 0.01
7137, 14, 91, Status.WALL, 0.01
7138, 8, 67, Status.SNAKE, 0.01
7139, 7, 53, Status.SNAKE, 0.01
7140, 6, 43, Status.SNAKE, 0.01
7141, 8, 64, Status.SNAKE, 0.01
7142, 7, 33, Status.SNAKE, 0.01
7143, 11, 68, Status.SNAKE, 0.01
7144, 6, 40, Status.SNAKE, 0.01
7145, 13, 104, Status.SNAKE, 0.01
7146, 17, 125, Status.WALL, 0.01
7147, 5, 35, Status.SNAKE, 0.01
7148, 19, 151, Status.SNAKE, 0.01
7149, 7, 35, Status.SNAKE, 0.01
7150, 10, 63, Status.WALL, 0.01
7151, 13, 84, Status.SNAKE, 0.01
7152, 14, 84, Status.WALL, 0.01
7153, 11, 72, Status.WALL, 0.01
7154, 2, 17, Status.WALL, 0.01
7155, 10, 95, Status.SNAKE, 0.01
7156, 11, 85, Status.WALL, 0.01
7157, 10, 63, Status.SNAKE, 0.01
7158, 5, 20, Status.SNAKE, 0.01
7159, 19, 122, Status.SNAKE, 0.01
7160, 7, 50, Status.SNAKE, 0.01
7161, 7, 42, Status.SNAKE, 0.01
7162, 3, 27, Status.SNAKE, 0.01
7163, 3, 25, Status.SNAKE, 0.01
7164, 4, 24, Status.WALL, 0.01
7165, 3, 18, Status.WALL, 0.01
7166, 3, 19, Status.WALL, 0.01
7167, 11, 71, Status.WALL, 0.01
7168, 9, 65, Status.SNAKE, 0.01
7169, 9, 50, Status.WALL, 0.01
7170, 19, 137, Status.SNAKE, 0.01
7171, 13, 57, Status.SNAKE, 0.01
7172, 7, 48, Status.SNAKE, 0.01
7173, 1, 7, Status.WALL, 0.01
7174, 8, 52, Status.SNAKE, 0.01
7175, 3, 24, Status.WALL, 0.01
7176, 6, 40, Status.WALL, 0.01
7177, 14, 84, Status.WALL, 0.01
7178, 4, 21, Status.SNAKE, 0.01
7179, 6, 31, Status.SNAKE, 0.01
7180, 12, 70, Status.SNAKE, 0.01
7181, 8, 47, Status.SNAKE, 0.01
7182, 7, 51, Status.SNAKE, 0.01
7183, 11, 52, Status.SNAKE, 0.01
7184, 10, 74, Status.SNAKE, 0.01
7185, 4, 37, Status.WALL, 0.01
7186, 2, 15, Status.WALL, 0.01
7187, 2, 19, Status.SNAKE, 0.01
7188, 4, 27, Status.SNAKE, 0.01
7189, 10, 76, Status.SNAKE, 0.01
7190, 5, 27, Status.SNAKE, 0.01
7191, 6, 36, Status.WALL, 0.01
7192, 8, 44, Status.WALL, 0.01
7193, 7, 43, Status.SNAKE, 0.01
7194, 12, 109, Status.SNAKE, 0.01
7195, 0, 4, Status.WALL, 0.01
7196, 10, 70, Status.SNAKE, 0.01
7197, 9, 47, Status.SNAKE, 0.01
7198, 3, 37, Status.WALL, 0.01
7199, 15, 126, Status.SNAKE, 0.01
7200, 4, 32, Status.WALL, 0.01
7201, 17, 106, Status.SNAKE, 0.01
7202, 7, 51, Status.WALL, 0.01
7203, 8, 44, Status.SNAKE, 0.01
7204, 9, 59, Status.WALL, 0.01
7205, 3, 18, Status.WALL, 0.01
7206, 4, 31, Status.SNAKE, 0.01
7207, 16, 115, Status.SNAKE, 0.01
7208, 17, 129, Status.SNAKE, 0.01
7209, 12, 89, Status.SNAKE, 0.01
7210, 12, 85, Status.WALL, 0.01
7211, 20, 131, Status.WALL, 0.01
7212, 11, 74, Status.SNAKE, 0.01
7213, 2, 13, Status.SNAKE, 0.01
7214, 6, 43, Status.SNAKE, 0.01
7215, 12, 99, Status.SNAKE, 0.01
7216, 1, 5, Status.SNAKE, 0.01
7217, 12, 70, Status.WALL, 0.01
7218, 9, 68, Status.SNAKE, 0.01
7219, 10, 59, Status.SNAKE, 0.01
7220, 3, 18, Status.WALL, 0.01
7221, 5, 39, Status.SNAKE, 0.01
7222, 6, 37, Status.WALL, 0.01
7223, 7, 52, Status.SNAKE, 0.01
7224, 3, 24, Status.WALL, 0.01
7225, 1, 9, Status.WALL, 0.01
7226, 8, 54, Status.SNAKE, 0.01
7227, 8, 63, Status.SNAKE, 0.01
7228, 4, 37, Status.WALL, 0.01
7229, 6, 47, Status.SNAKE, 0.01
7230, 10, 75, Status.SNAKE, 0.01
7231, 7, 52, Status.SNAKE, 0.01
7232, 16, 117, Status.SNAKE, 0.01
7233, 5, 34, Status.WALL, 0.01
7234, 5, 23, Status.SNAKE, 0.01
7235, 11, 68, Status.SNAKE, 0.01
7236, 8, 54, Status.SNAKE, 0.01
7237, 12, 83, Status.SNAKE, 0.01
7238, 11, 67, Status.SNAKE, 0.01
7239, 12, 83, Status.SNAKE, 0.01
7240, 1, 5, Status.SNAKE, 0.01
7241, 6, 45, Status.SNAKE, 0.01
7242, 10, 63, Status.SNAKE, 0.01
7243, 16, 133, Status.SNAKE, 0.01
7244, 25, 152, Status.SNAKE, 0.01
7245, 7, 50, Status.SNAKE, 0.01
7246, 14, 98, Status.SNAKE, 0.01
7247, 10, 85, Status.SNAKE, 0.01
7248, 1, 12, Status.WALL, 0.01
7249, 9, 48, Status.SNAKE, 0.01
7250, 12, 67, Status.SNAKE, 0.01
7251, 9, 57, Status.SNAKE, 0.01
7252, 1, 3, Status.SNAKE, 0.01
7253, 6, 64, Status.WALL, 0.01
7254, 7, 68, Status.SNAKE, 0.01
7255, 7, 47, Status.SNAKE, 0.01
7256, 14, 92, Status.SNAKE, 0.01
7257, 7, 34, Status.SNAKE, 0.01
7258, 11, 89, Status.SNAKE, 0.01
7259, 10, 54, Status.SNAKE, 0.01
7260, 7, 36, Status.WALL, 0.01
7261, 10, 61, Status.WALL, 0.01
7262, 3, 18, Status.SNAKE, 0.01
7263, 1, 5, Status.SNAKE, 0.01
7264, 14, 88, Status.SNAKE, 0.01
7265, 5, 23, Status.SNAKE, 0.01
7266, 12, 72, Status.WALL, 0.01
7267, 7, 48, Status.SNAKE, 0.01
7268, 18, 118, Status.SNAKE, 0.01
7269, 14, 84, Status.SNAKE, 0.01
7270, 7, 63, Status.SNAKE, 0.01
7271, 12, 65, Status.SNAKE, 0.01
7272, 11, 102, Status.SNAKE, 0.01
7273, 14, 94, Status.SNAKE, 0.01
7274, 7, 43, Status.SNAKE, 0.01
7275, 8, 42, Status.SNAKE, 0.01
7276, 10, 69, Status.SNAKE, 0.01
7277, 8, 67, Status.SNAKE, 0.01
7278, 10, 67, Status.SNAKE, 0.01
7279, 5, 31, Status.SNAKE, 0.01
7280, 5, 28, Status.WALL, 0.01
7281, 10, 68, Status.SNAKE, 0.01
7282, 2, 10, Status.WALL, 0.01
7283, 10, 86, Status.SNAKE, 0.01
7284, 3, 7, Status.SNAKE, 0.01
7285, 18, 129, Status.SNAKE, 0.01
7286, 13, 102, Status.SNAKE, 0.01
7287, 8, 66, Status.SNAKE, 0.01
7288, 3, 18, Status.SNAKE, 0.01
7289, 4, 19, Status.SNAKE, 0.01
7290, 10, 77, Status.WALL, 0.01
7291, 9, 60, Status.SNAKE, 0.01
7292, 14, 99, Status.SNAKE, 0.01
7293, 13, 76, Status.WALL, 0.01
7294, 3, 28, Status.SNAKE, 0.01
7295, 11, 67, Status.SNAKE, 0.01
7296, 3, 16, Status.SNAKE, 0.01
7297, 11, 62, Status.WALL, 0.01
7298, 7, 48, Status.SNAKE, 0.01
7299, 10, 50, Status.SNAKE, 0.01
7300, 6, 40, Status.SNAKE, 0.01
7301, 8, 47, Status.SNAKE, 0.01
7302, 13, 77, Status.SNAKE, 0.01
7303, 11, 76, Status.SNAKE, 0.01
7304, 12, 94, Status.SNAKE, 0.01
7305, 6, 30, Status.SNAKE, 0.01
7306, 5, 29, Status.SNAKE, 0.01
7307, 9, 66, Status.SNAKE, 0.01
7308, 11, 60, Status.WALL, 0.01
7309, 3, 25, Status.WALL, 0.01
7310, 5, 33, Status.SNAKE, 0.01
7311, 17, 110, Status.SNAKE, 0.01
7312, 10, 85, Status.WALL, 0.01
7313, 3, 24, Status.WALL, 0.01
7314, 12, 89, Status.SNAKE, 0.01
7315, 1, 5, Status.SNAKE, 0.01
7316, 4, 24, Status.WALL, 0.01
7317, 2, 16, Status.SNAKE, 0.01
7318, 12, 71, Status.SNAKE, 0.01
7319, 5, 38, Status.SNAKE, 0.01
7320, 6, 24, Status.SNAKE, 0.01
7321, 10, 60, Status.SNAKE, 0.01
7322, 9, 78, Status.SNAKE, 0.01
7323, 6, 25, Status.SNAKE, 0.01
7324, 18, 115, Status.WALL, 0.01
7325, 2, 5, Status.SNAKE, 0.01
7326, 1, 3, Status.SNAKE, 0.01
7327, 14, 104, Status.SNAKE, 0.01
7328, 15, 120, Status.SNAKE, 0.01
7329, 4, 26, Status.SNAKE, 0.01
7330, 20, 95, Status.WALL, 0.01
7331, 9, 80, Status.WALL, 0.01
7332, 9, 59, Status.SNAKE, 0.01
7333, 0, 5, Status.WALL, 0.01
7334, 13, 118, Status.SNAKE, 0.01
7335, 12, 96, Status.SNAKE, 0.01
7336, 1, 6, Status.WALL, 0.01
7337, 6, 49, Status.SNAKE, 0.01
7338, 9, 68, Status.SNAKE, 0.01
7339, 6, 50, Status.SNAKE, 0.01
7340, 1, 3, Status.SNAKE, 0.01
7341, 7, 51, Status.WALL, 0.01
7342, 14, 91, Status.SNAKE, 0.01
7343, 8, 47, Status.SNAKE, 0.01
7344, 11, 75, Status.SNAKE, 0.01
7345, 9, 80, Status.SNAKE, 0.01
7346, 1, 5, Status.SNAKE, 0.01
7347, 2, 11, Status.SNAKE, 0.01
7348, 2, 5, Status.SNAKE, 0.01
7349, 7, 39, Status.SNAKE, 0.01
7350, 13, 86, Status.SNAKE, 0.01
7351, 16, 101, Status.SNAKE, 0.01
7352, 8, 47, Status.SNAKE, 0.01
7353, 6, 42, Status.SNAKE, 0.01
7354, 6, 43, Status.SNAKE, 0.01
7355, 9, 61, Status.SNAKE, 0.01
7356, 19, 140, Status.SNAKE, 0.01
7357, 11, 84, Status.WALL, 0.01
7358, 12, 100, Status.SNAKE, 0.01
7359, 12, 79, Status.SNAKE, 0.01
7360, 7, 60, Status.SNAKE, 0.01
7361, 7, 45, Status.WALL, 0.01
7362, 21, 143, Status.SNAKE, 0.01
7363, 18, 104, Status.WALL, 0.01
7364, 9, 58, Status.SNAKE, 0.01
7365, 16, 84, Status.SNAKE, 0.01
7366, 9, 56, Status.SNAKE, 0.01
7367, 8, 60, Status.SNAKE, 0.01
7368, 7, 43, Status.SNAKE, 0.01
7369, 2, 14, Status.SNAKE, 0.01
7370, 5, 33, Status.SNAKE, 0.01
7371, 5, 30, Status.WALL, 0.01
7372, 8, 70, Status.SNAKE, 0.01
7373, 12, 70, Status.WALL, 0.01
7374, 2, 23, Status.WALL, 0.01
7375, 5, 30, Status.WALL, 0.01
7376, 7, 55, Status.WALL, 0.01
7377, 5, 34, Status.WALL, 0.01
7378, 12, 84, Status.SNAKE, 0.01
7379, 1, 3, Status.SNAKE, 0.01
7380, 4, 19, Status.SNAKE, 0.01
7381, 8, 62, Status.WALL, 0.01
7382, 5, 32, Status.SNAKE, 0.01
7383, 9, 66, Status.SNAKE, 0.01
7384, 11, 77, Status.SNAKE, 0.01
7385, 4, 23, Status.SNAKE, 0.01
7386, 11, 67, Status.SNAKE, 0.01
7387, 9, 54, Status.SNAKE, 0.01
7388, 13, 86, Status.WALL, 0.01
7389, 11, 71, Status.SNAKE, 0.01
7390, 16, 81, Status.SNAKE, 0.01
7391, 11, 73, Status.SNAKE, 0.01
7392, 9, 73, Status.WALL, 0.01
7393, 9, 61, Status.SNAKE, 0.01
7394, 10, 96, Status.SNAKE, 0.01
7395, 15, 84, Status.SNAKE, 0.01
7396, 5, 30, Status.SNAKE, 0.01
7397, 14, 104, Status.SNAKE, 0.01
7398, 12, 76, Status.SNAKE, 0.01
7399, 8, 51, Status.WALL, 0.01
7400, 7, 61, Status.SNAKE, 0.01
7401, 14, 101, Status.SNAKE, 0.01
7402, 10, 61, Status.SNAKE, 0.01
7403, 7, 59, Status.SNAKE, 0.01
7404, 18, 113, Status.SNAKE, 0.01
7405, 5, 30, Status.WALL, 0.01
7406, 6, 36, Status.SNAKE, 0.01
7407, 8, 54, Status.SNAKE, 0.01
7408, 5, 28, Status.SNAKE, 0.01
7409, 1, 5, Status.SNAKE, 0.01
7410, 6, 38, Status.WALL, 0.01
7411, 7, 42, Status.SNAKE, 0.01
7412, 3, 28, Status.WALL, 0.01
7413, 14, 101, Status.SNAKE, 0.01
7414, 2, 4, Status.SNAKE, 0.01
7415, 7, 43, Status.SNAKE, 0.01
7416, 14, 86, Status.SNAKE, 0.01
7417, 3, 35, Status.SNAKE, 0.01
7418, 8, 52, Status.SNAKE, 0.01
7419, 6, 54, Status.SNAKE, 0.01
7420, 18, 159, Status.SNAKE, 0.01
7421, 7, 43, Status.SNAKE, 0.01
7422, 5, 39, Status.WALL, 0.01
7423, 6, 24, Status.SNAKE, 0.01
7424, 9, 72, Status.SNAKE, 0.01
7425, 9, 65, Status.WALL, 0.01
7426, 10, 67, Status.SNAKE, 0.01
7427, 9, 61, Status.SNAKE, 0.01
7428, 1, 12, Status.SNAKE, 0.01
7429, 6, 43, Status.SNAKE, 0.01
7430, 1, 8, Status.WALL, 0.01
7431, 8, 65, Status.WALL, 0.01
7432, 9, 55, Status.SNAKE, 0.01
7433, 6, 51, Status.WALL, 0.01
7434, 4, 20, Status.SNAKE, 0.01
7435, 8, 57, Status.SNAKE, 0.01
7436, 15, 127, Status.SNAKE, 0.01
7437, 11, 80, Status.SNAKE, 0.01
7438, 5, 41, Status.SNAKE, 0.01
7439, 3, 17, Status.WALL, 0.01
7440, 8, 43, Status.WALL, 0.01
7441, 3, 15, Status.SNAKE, 0.01
7442, 10, 51, Status.WALL, 0.01
7443, 5, 28, Status.WALL, 0.01
7444, 13, 79, Status.WALL, 0.01
7445, 11, 68, Status.WALL, 0.01
7446, 6, 52, Status.WALL, 0.01
7447, 11, 69, Status.SNAKE, 0.01
7448, 12, 72, Status.SNAKE, 0.01
7449, 9, 84, Status.SNAKE, 0.01
7450, 1, 5, Status.SNAKE, 0.01
7451, 14, 92, Status.WALL, 0.01
7452, 10, 58, Status.SNAKE, 0.01
7453, 3, 26, Status.WALL, 0.01
7454, 10, 76, Status.SNAKE, 0.01
7455, 9, 35, Status.SNAKE, 0.01
7456, 12, 94, Status.SNAKE, 0.01
7457, 5, 35, Status.SNAKE, 0.01
7458, 1, 5, Status.SNAKE, 0.01
7459, 11, 84, Status.WALL, 0.01
7460, 5, 31, Status.WALL, 0.01
7461, 9, 55, Status.SNAKE, 0.01
7462, 9, 68, Status.SNAKE, 0.01
7463, 15, 95, Status.WALL, 0.01
7464, 11, 61, Status.WALL, 0.01
7465, 11, 53, Status.SNAKE, 0.01
7466, 3, 17, Status.SNAKE, 0.01
7467, 11, 66, Status.SNAKE, 0.01
7468, 3, 22, Status.SNAKE, 0.01
7469, 10, 55, Status.SNAKE, 0.01
7470, 14, 84, Status.SNAKE, 0.01
7471, 6, 34, Status.SNAKE, 0.01
7472, 10, 77, Status.SNAKE, 0.01
7473, 13, 93, Status.SNAKE, 0.01
7474, 8, 53, Status.SNAKE, 0.01
7475, 4, 15, Status.SNAKE, 0.01
7476, 7, 52, Status.WALL, 0.01
7477, 8, 62, Status.SNAKE, 0.01
7478, 9, 56, Status.SNAKE, 0.01
7479, 11, 83, Status.SNAKE, 0.01
7480, 14, 85, Status.SNAKE, 0.01
7481, 5, 23, Status.SNAKE, 0.01
7482, 10, 70, Status.SNAKE, 0.01
7483, 11, 62, Status.SNAKE, 0.01
7484, 11, 67, Status.SNAKE, 0.01
7485, 5, 29, Status.SNAKE, 0.01
7486, 4, 31, Status.WALL, 0.01
7487, 15, 97, Status.WALL, 0.01
7488, 2, 19, Status.WALL, 0.01
7489, 7, 51, Status.SNAKE, 0.01
7490, 7, 46, Status.SNAKE, 0.01
7491, 11, 66, Status.SNAKE, 0.01
7492, 11, 87, Status.SNAKE, 0.01
7493, 12, 72, Status.WALL, 0.01
7494, 14, 106, Status.SNAKE, 0.01
7495, 9, 60, Status.SNAKE, 0.01
7496, 3, 22, Status.SNAKE, 0.01
7497, 6, 32, Status.SNAKE, 0.01
7498, 9, 71, Status.SNAKE, 0.01
7499, 9, 53, Status.SNAKE, 0.01
7500, 20, 128, Status.SNAKE, 0.01
7501, 10, 54, Status.SNAKE, 0.01
7502, 10, 82, Status.SNAKE, 0.01
7503, 12, 78, Status.WALL, 0.01
7504, 16, 121, Status.WALL, 0.01
7505, 1, 10, Status.SNAKE, 0.01
7506, 4, 26, Status.WALL, 0.01
7507, 6, 30, Status.SNAKE, 0.01
7508, 2, 15, Status.WALL, 0.01
7509, 8, 54, Status.SNAKE, 0.01
7510, 13, 101, Status.SNAKE, 0.01
7511, 12, 80, Status.SNAKE, 0.01
7512, 12, 78, Status.SNAKE, 0.01
7513, 5, 30, Status.SNAKE, 0.01
7514, 7, 62, Status.SNAKE, 0.01
7515, 18, 106, Status.SNAKE, 0.01
7516, 14, 96, Status.SNAKE, 0.01
7517, 15, 94, Status.SNAKE, 0.01
7518, 7, 46, Status.SNAKE, 0.01
7519, 1, 13, Status.WALL, 0.01
7520, 6, 37, Status.SNAKE, 0.01
7521, 15, 117, Status.SNAKE, 0.01
7522, 12, 93, Status.SNAKE, 0.01
7523, 12, 98, Status.SNAKE, 0.01
7524, 4, 38, Status.WALL, 0.01
7525, 8, 62, Status.WALL, 0.01
7526, 15, 77, Status.SNAKE, 0.01
7527, 8, 50, Status.SNAKE, 0.01
7528, 8, 69, Status.SNAKE, 0.01
7529, 13, 98, Status.SNAKE, 0.01
7530, 2, 5, Status.SNAKE, 0.01
7531, 6, 67, Status.SNAKE, 0.01
7532, 5, 51, Status.SNAKE, 0.01
7533, 7, 85, Status.WALL, 0.01
7534, 13, 90, Status.SNAKE, 0.01
7535, 5, 39, Status.SNAKE, 0.01
7536, 12, 81, Status.SNAKE, 0.01
7537, 6, 43, Status.WALL, 0.01
7538, 4, 20, Status.SNAKE, 0.01
7539, 14, 110, Status.WALL, 0.01
7540, 4, 17, Status.SNAKE, 0.01
7541, 2, 24, Status.WALL, 0.01
7542, 8, 50, Status.SNAKE, 0.01
7543, 24, 170, Status.SNAKE, 0.01
7544, 6, 44, Status.SNAKE, 0.01
7545, 10, 85, Status.SNAKE, 0.01
7546, 3, 21, Status.SNAKE, 0.01
7547, 9, 80, Status.SNAKE, 0.01
7548, 5, 36, Status.SNAKE, 0.01
7549, 1, 17, Status.SNAKE, 0.01
7550, 10, 56, Status.SNAKE, 0.01
7551, 10, 70, Status.SNAKE, 0.01
7552, 17, 129, Status.SNAKE, 0.01
7553, 16, 110, Status.SNAKE, 0.01
7554, 13, 96, Status.SNAKE, 0.01
7555, 9, 56, Status.SNAKE, 0.01
7556, 1, 7, Status.SNAKE, 0.01
7557, 6, 34, Status.WALL, 0.01
7558, 8, 59, Status.SNAKE, 0.01
7559, 17, 114, Status.SNAKE, 0.01
7560, 16, 109, Status.SNAKE, 0.01
7561, 12, 90, Status.SNAKE, 0.01
7562, 7, 66, Status.SNAKE, 0.01
7563, 10, 65, Status.SNAKE, 0.01
7564, 9, 65, Status.SNAKE, 0.01
7565, 21, 143, Status.SNAKE, 0.01
7566, 11, 66, Status.SNAKE, 0.01
7567, 5, 39, Status.SNAKE, 0.01
7568, 12, 78, Status.SNAKE, 0.01
7569, 1, 8, Status.SNAKE, 0.01
7570, 16, 93, Status.SNAKE, 0.01
7571, 12, 108, Status.SNAKE, 0.01
7572, 14, 76, Status.SNAKE, 0.01
7573, 14, 96, Status.WALL, 0.01
7574, 15, 105, Status.SNAKE, 0.01
7575, 16, 119, Status.SNAKE, 0.01
7576, 13, 94, Status.WALL, 0.01
7577, 8, 90, Status.SNAKE, 0.01
7578, 5, 32, Status.SNAKE, 0.01
7579, 11, 71, Status.SNAKE, 0.01
7580, 7, 29, Status.SNAKE, 0.01
7581, 10, 72, Status.SNAKE, 0.01
7582, 14, 94, Status.WALL, 0.01
7583, 13, 111, Status.SNAKE, 0.01
7584, 10, 59, Status.SNAKE, 0.01
7585, 10, 59, Status.SNAKE, 0.01
7586, 1, 8, Status.SNAKE, 0.01
7587, 6, 36, Status.SNAKE, 0.01
7588, 7, 50, Status.SNAKE, 0.01
7589, 8, 62, Status.SNAKE, 0.01
7590, 13, 85, Status.WALL, 0.01
7591, 11, 66, Status.WALL, 0.01
7592, 7, 51, Status.SNAKE, 0.01
7593, 9, 80, Status.SNAKE, 0.01
7594, 7, 41, Status.SNAKE, 0.01
7595, 5, 21, Status.SNAKE, 0.01
7596, 9, 68, Status.SNAKE, 0.01
7597, 3, 19, Status.SNAKE, 0.01
7598, 2, 8, Status.WALL, 0.01
7599, 7, 32, Status.SNAKE, 0.01
7600, 1, 5, Status.SNAKE, 0.01
7601, 11, 88, Status.SNAKE, 0.01
7602, 6, 41, Status.SNAKE, 0.01
7603, 1, 7, Status.SNAKE, 0.01
7604, 1, 5, Status.SNAKE, 0.01
7605, 2, 8, Status.SNAKE, 0.01
7606, 10, 51, Status.SNAKE, 0.01
7607, 5, 28, Status.SNAKE, 0.01
7608, 9, 63, Status.SNAKE, 0.01
7609, 4, 19, Status.WALL, 0.01
7610, 15, 94, Status.SNAKE, 0.01
7611, 6, 38, Status.SNAKE, 0.01
7612, 2, 10, Status.SNAKE, 0.01
7613, 9, 58, Status.SNAKE, 0.01
7614, 19, 130, Status.SNAKE, 0.01
7615, 13, 89, Status.WALL, 0.01
7616, 4, 22, Status.SNAKE, 0.01
7617, 7, 44, Status.SNAKE, 0.01
7618, 8, 62, Status.SNAKE, 0.01
7619, 14, 88, Status.SNAKE, 0.01
7620, 6, 45, Status.SNAKE, 0.01
7621, 5, 36, Status.WALL, 0.01
7622, 2, 6, Status.SNAKE, 0.01
7623, 4, 22, Status.WALL, 0.01
7624, 6, 32, Status.WALL, 0.01
7625, 2, 11, Status.SNAKE, 0.01
7626, 11, 87, Status.SNAKE, 0.01
7627, 9, 64, Status.SNAKE, 0.01
7628, 6, 35, Status.SNAKE, 0.01
7629, 16, 83, Status.SNAKE, 0.01
7630, 10, 65, Status.SNAKE, 0.01
7631, 13, 87, Status.SNAKE, 0.01
7632, 10, 87, Status.SNAKE, 0.01
7633, 3, 24, Status.WALL, 0.01
7634, 13, 71, Status.SNAKE, 0.01
7635, 2, 33, Status.WALL, 0.01
7636, 4, 30, Status.SNAKE, 0.01
7637, 13, 102, Status.SNAKE, 0.01
7638, 11, 101, Status.SNAKE, 0.01
7639, 18, 95, Status.SNAKE, 0.01
7640, 4, 34, Status.WALL, 0.01
7641, 9, 77, Status.SNAKE, 0.01
7642, 18, 120, Status.SNAKE, 0.01
7643, 22, 173, Status.SNAKE, 0.01
7644, 9, 69, Status.SNAKE, 0.01
7645, 3, 19, Status.WALL, 0.01
7646, 7, 40, Status.WALL, 0.01
7647, 5, 22, Status.WALL, 0.01
7648, 4, 27, Status.SNAKE, 0.01
7649, 10, 73, Status.SNAKE, 0.01
7650, 6, 43, Status.WALL, 0.01
7651, 6, 50, Status.SNAKE, 0.01
7652, 3, 28, Status.WALL, 0.01
7653, 6, 46, Status.SNAKE, 0.01
7654, 3, 39, Status.SNAKE, 0.01
7655, 1, 8, Status.SNAKE, 0.01
7656, 5, 38, Status.SNAKE, 0.01
7657, 2, 18, Status.SNAKE, 0.01
7658, 7, 54, Status.SNAKE, 0.01
7659, 7, 44, Status.SNAKE, 0.01
7660, 1, 3, Status.SNAKE, 0.01
7661, 13, 112, Status.SNAKE, 0.01
7662, 1, 3, Status.SNAKE, 0.01
7663, 3, 18, Status.SNAKE, 0.01
7664, 10, 52, Status.SNAKE, 0.01
7665, 9, 58, Status.WALL, 0.01
7666, 8, 44, Status.SNAKE, 0.01
7667, 11, 62, Status.WALL, 0.01
7668, 6, 17, Status.SNAKE, 0.01
7669, 7, 42, Status.SNAKE, 0.01
7670, 5, 35, Status.SNAKE, 0.01
7671, 16, 112, Status.SNAKE, 0.01
7672, 2, 18, Status.SNAKE, 0.01
7673, 17, 125, Status.SNAKE, 0.01
7674, 3, 23, Status.SNAKE, 0.01
7675, 12, 67, Status.WALL, 0.01
7676, 5, 34, Status.SNAKE, 0.01
7677, 9, 49, Status.SNAKE, 0.01
7678, 12, 88, Status.SNAKE, 0.01
7679, 4, 41, Status.WALL, 0.01
7680, 3, 24, Status.WALL, 0.01
7681, 10, 84, Status.SNAKE, 0.01
7682, 6, 33, Status.WALL, 0.01
7683, 14, 103, Status.SNAKE, 0.01
7684, 2, 14, Status.SNAKE, 0.01
7685, 14, 109, Status.SNAKE, 0.01
7686, 11, 89, Status.SNAKE, 0.01
7687, 14, 101, Status.WALL, 0.01
7688, 15, 125, Status.SNAKE, 0.01
7689, 6, 36, Status.WALL, 0.01
7690, 7, 38, Status.WALL, 0.01
7691, 17, 113, Status.SNAKE, 0.01
7692, 5, 37, Status.SNAKE, 0.01
7693, 14, 104, Status.SNAKE, 0.01
7694, 19, 129, Status.SNAKE, 0.01
7695, 9, 69, Status.WALL, 0.01
7696, 6, 37, Status.SNAKE, 0.01
7697, 9, 44, Status.SNAKE, 0.01
7698, 6, 27, Status.SNAKE, 0.01
7699, 10, 56, Status.SNAKE, 0.01
7700, 5, 34, Status.SNAKE, 0.01
7701, 7, 76, Status.SNAKE, 0.01
7702, 4, 37, Status.WALL, 0.01
7703, 1, 20, Status.WALL, 0.01
7704, 4, 22, Status.SNAKE, 0.01
7705, 9, 61, Status.SNAKE, 0.01
7706, 9, 65, Status.SNAKE, 0.01
7707, 4, 22, Status.SNAKE, 0.01
7708, 4, 20, Status.SNAKE, 0.01
7709, 7, 44, Status.SNAKE, 0.01
7710, 13, 89, Status.SNAKE, 0.01
7711, 12, 105, Status.SNAKE, 0.01
7712, 14, 105, Status.SNAKE, 0.01
7713, 4, 35, Status.SNAKE, 0.01
7714, 15, 94, Status.SNAKE, 0.01
7715, 11, 78, Status.SNAKE, 0.01
7716, 6, 32, Status.SNAKE, 0.01
7717, 8, 64, Status.WALL, 0.01
7718, 6, 37, Status.WALL, 0.01
7719, 4, 42, Status.WALL, 0.01
7720, 13, 79, Status.WALL, 0.01
7721, 2, 13, Status.SNAKE, 0.01
7722, 7, 48, Status.SNAKE, 0.01
7723, 1, 7, Status.SNAKE, 0.01
7724, 14, 121, Status.SNAKE, 0.01
7725, 8, 48, Status.SNAKE, 0.01
7726, 11, 74, Status.SNAKE, 0.01
7727, 13, 54, Status.SNAKE, 0.01
7728, 6, 34, Status.SNAKE, 0.01
7729, 7, 39, Status.WALL, 0.01
7730, 5, 37, Status.SNAKE, 0.01
7731, 11, 55, Status.SNAKE, 0.01
7732, 11, 69, Status.SNAKE, 0.01
7733, 4, 21, Status.SNAKE, 0.01
7734, 11, 62, Status.SNAKE, 0.01
7735, 12, 83, Status.WALL, 0.01
7736, 9, 49, Status.SNAKE, 0.01
7737, 11, 65, Status.SNAKE, 0.01
7738, 9, 59, Status.SNAKE, 0.01
7739, 13, 97, Status.SNAKE, 0.01
7740, 11, 64, Status.SNAKE, 0.01
7741, 14, 102, Status.SNAKE, 0.01
7742, 2, 8, Status.SNAKE, 0.01
7743, 15, 122, Status.WALL, 0.01
7744, 12, 69, Status.SNAKE, 0.01
7745, 5, 34, Status.WALL, 0.01
7746, 4, 33, Status.WALL, 0.01
7747, 7, 40, Status.SNAKE, 0.01
7748, 10, 67, Status.SNAKE, 0.01
7749, 11, 77, Status.SNAKE, 0.01
7750, 15, 100, Status.SNAKE, 0.01
7751, 14, 89, Status.SNAKE, 0.01
7752, 17, 113, Status.SNAKE, 0.01
7753, 4, 15, Status.SNAKE, 0.01
7754, 8, 47, Status.WALL, 0.01
7755, 6, 45, Status.SNAKE, 0.01
7756, 8, 61, Status.SNAKE, 0.01
7757, 3, 21, Status.WALL, 0.01
7758, 11, 81, Status.SNAKE, 0.01
7759, 2, 21, Status.SNAKE, 0.01
7760, 8, 64, Status.WALL, 0.01
7761, 4, 18, Status.SNAKE, 0.01
7762, 9, 72, Status.SNAKE, 0.01
7763, 8, 61, Status.SNAKE, 0.01
7764, 11, 59, Status.SNAKE, 0.01
7765, 13, 114, Status.SNAKE, 0.01
7766, 6, 41, Status.WALL, 0.01
7767, 7, 67, Status.SNAKE, 0.01
7768, 6, 38, Status.SNAKE, 0.01
7769, 7, 58, Status.WALL, 0.01
7770, 9, 73, Status.SNAKE, 0.01
7771, 2, 13, Status.WALL, 0.01
7772, 15, 128, Status.SNAKE, 0.01
7773, 10, 70, Status.WALL, 0.01
7774, 8, 58, Status.SNAKE, 0.01
7775, 12, 73, Status.SNAKE, 0.01
7776, 9, 69, Status.WALL, 0.01
7777, 1, 13, Status.WALL, 0.01
7778, 11, 61, Status.SNAKE, 0.01
7779, 13, 85, Status.SNAKE, 0.01
7780, 11, 81, Status.WALL, 0.01
7781, 9, 60, Status.SNAKE, 0.01
7782, 11, 70, Status.SNAKE, 0.01
7783, 15, 105, Status.SNAKE, 0.01
7784, 15, 113, Status.SNAKE, 0.01
7785, 7, 43, Status.SNAKE, 0.01
7786, 9, 57, Status.WALL, 0.01
7787, 23, 157, Status.SNAKE, 0.01
7788, 10, 67, Status.SNAKE, 0.01
7789, 13, 117, Status.SNAKE, 0.01
7790, 5, 27, Status.SNAKE, 0.01
7791, 8, 60, Status.SNAKE, 0.01
7792, 10, 64, Status.SNAKE, 0.01
7793, 4, 21, Status.SNAKE, 0.01
7794, 9, 56, Status.SNAKE, 0.01
7795, 8, 64, Status.SNAKE, 0.01
7796, 9, 64, Status.SNAKE, 0.01
7797, 1, 5, Status.SNAKE, 0.01
7798, 9, 57, Status.SNAKE, 0.01
7799, 22, 142, Status.SNAKE, 0.01
7800, 4, 45, Status.WALL, 0.01
7801, 16, 117, Status.SNAKE, 0.01
7802, 11, 74, Status.SNAKE, 0.01
7803, 21, 138, Status.SNAKE, 0.01
7804, 9, 55, Status.SNAKE, 0.01
7805, 7, 44, Status.SNAKE, 0.01
7806, 5, 30, Status.SNAKE, 0.01
7807, 6, 31, Status.SNAKE, 0.01
7808, 5, 32, Status.SNAKE, 0.01
7809, 4, 24, Status.SNAKE, 0.01
7810, 2, 16, Status.WALL, 0.01
7811, 13, 91, Status.SNAKE, 0.01
7812, 10, 90, Status.SNAKE, 0.01
7813, 6, 53, Status.WALL, 0.01
7814, 9, 55, Status.WALL, 0.01
7815, 7, 64, Status.SNAKE, 0.01
7816, 12, 60, Status.SNAKE, 0.01
7817, 3, 26, Status.SNAKE, 0.01
7818, 5, 32, Status.SNAKE, 0.01
7819, 14, 109, Status.SNAKE, 0.01
7820, 17, 88, Status.SNAKE, 0.01
7821, 16, 127, Status.SNAKE, 0.01
7822, 9, 71, Status.WALL, 0.01
7823, 11, 68, Status.SNAKE, 0.01
7824, 7, 52, Status.SNAKE, 0.01
7825, 8, 46, Status.SNAKE, 0.01
7826, 8, 58, Status.WALL, 0.01
7827, 8, 48, Status.SNAKE, 0.01
7828, 10, 74, Status.SNAKE, 0.01
7829, 12, 68, Status.SNAKE, 0.01
7830, 8, 67, Status.SNAKE, 0.01
7831, 12, 87, Status.SNAKE, 0.01
7832, 6, 37, Status.SNAKE, 0.01
7833, 11, 90, Status.SNAKE, 0.01
7834, 5, 27, Status.SNAKE, 0.01
7835, 13, 97, Status.SNAKE, 0.01
7836, 9, 81, Status.SNAKE, 0.01
7837, 11, 68, Status.SNAKE, 0.01
7838, 11, 72, Status.SNAKE, 0.01
7839, 11, 74, Status.SNAKE, 0.01
7840, 1, 8, Status.WALL, 0.01
7841, 3, 24, Status.WALL, 0.01
7842, 7, 49, Status.SNAKE, 0.01
7843, 7, 49, Status.SNAKE, 0.01
7844, 8, 56, Status.SNAKE, 0.01
7845, 3, 13, Status.SNAKE, 0.01
7846, 15, 86, Status.SNAKE, 0.01
7847, 1, 5, Status.SNAKE, 0.01
7848, 5, 34, Status.SNAKE, 0.01
7849, 9, 69, Status.SNAKE, 0.01
7850, 6, 42, Status.WALL, 0.01
7851, 21, 142, Status.SNAKE, 0.01
7852, 6, 36, Status.SNAKE, 0.01
7853, 2, 18, Status.SNAKE, 0.01
7854, 7, 49, Status.WALL, 0.01
7855, 8, 47, Status.WALL, 0.01
7856, 3, 5, Status.SNAKE, 0.01
7857, 16, 147, Status.SNAKE, 0.01
7858, 13, 79, Status.SNAKE, 0.01
7859, 10, 66, Status.SNAKE, 0.01
7860, 12, 75, Status.SNAKE, 0.01
7861, 10, 71, Status.SNAKE, 0.01
7862, 5, 42, Status.WALL, 0.01
7863, 4, 18, Status.SNAKE, 0.01
7864, 8, 43, Status.SNAKE, 0.01
7865, 9, 78, Status.SNAKE, 0.01
7866, 3, 19, Status.WALL, 0.01
7867, 4, 19, Status.SNAKE, 0.01
7868, 8, 61, Status.WALL, 0.01
7869, 5, 31, Status.WALL, 0.01
7870, 7, 61, Status.SNAKE, 0.01
7871, 10, 66, Status.SNAKE, 0.01
7872, 7, 54, Status.SNAKE, 0.01
7873, 11, 46, Status.SNAKE, 0.01
7874, 16, 113, Status.SNAKE, 0.01
7875, 7, 57, Status.SNAKE, 0.01
7876, 11, 71, Status.SNAKE, 0.01
7877, 6, 47, Status.SNAKE, 0.01
7878, 9, 51, Status.SNAKE, 0.01
7879, 2, 12, Status.SNAKE, 0.01
7880, 9, 67, Status.SNAKE, 0.01
7881, 7, 54, Status.WALL, 0.01
7882, 2, 15, Status.SNAKE, 0.01
7883, 1, 3, Status.SNAKE, 0.01
7884, 9, 46, Status.SNAKE, 0.01
7885, 6, 43, Status.WALL, 0.01
7886, 2, 10, Status.SNAKE, 0.01
7887, 6, 53, Status.WALL, 0.01
7888, 5, 41, Status.WALL, 0.01
7889, 17, 134, Status.SNAKE, 0.01
7890, 11, 87, Status.SNAKE, 0.01
7891, 14, 99, Status.SNAKE, 0.01
7892, 13, 81, Status.WALL, 0.01
7893, 8, 55, Status.SNAKE, 0.01
7894, 14, 94, Status.SNAKE, 0.01
7895, 3, 13, Status.WALL, 0.01
7896, 7, 53, Status.SNAKE, 0.01
7897, 7, 52, Status.SNAKE, 0.01
7898, 17, 128, Status.SNAKE, 0.01
7899, 6, 51, Status.WALL, 0.01
7900, 6, 57, Status.SNAKE, 0.01
7901, 12, 106, Status.SNAKE, 0.01
7902, 13, 94, Status.SNAKE, 0.01
7903, 2, 13, Status.SNAKE, 0.01
7904, 7, 53, Status.WALL, 0.01
7905, 7, 57, Status.WALL, 0.01
7906, 5, 37, Status.WALL, 0.01
7907, 16, 123, Status.WALL, 0.01
7908, 6, 51, Status.WALL, 0.01
7909, 3, 21, Status.SNAKE, 0.01
7910, 11, 82, Status.SNAKE, 0.01
7911, 13, 105, Status.SNAKE, 0.01
7912, 9, 63, Status.SNAKE, 0.01
7913, 6, 40, Status.WALL, 0.01
7914, 12, 89, Status.SNAKE, 0.01
7915, 1, 3, Status.SNAKE, 0.01
7916, 11, 59, Status.SNAKE, 0.01
7917, 8, 40, Status.SNAKE, 0.01
7918, 2, 12, Status.WALL, 0.01
7919, 8, 62, Status.SNAKE, 0.01
7920, 18, 137, Status.SNAKE, 0.01
7921, 10, 54, Status.WALL, 0.01
7922, 13, 99, Status.SNAKE, 0.01
7923, 20, 129, Status.SNAKE, 0.01
7924, 3, 14, Status.WALL, 0.01
7925, 10, 56, Status.SNAKE, 0.01
7926, 6, 36, Status.SNAKE, 0.01
7927, 10, 75, Status.SNAKE, 0.01
7928, 12, 87, Status.SNAKE, 0.01
7929, 12, 70, Status.WALL, 0.01
7930, 9, 55, Status.SNAKE, 0.01
7931, 5, 40, Status.SNAKE, 0.01
7932, 11, 60, Status.SNAKE, 0.01
7933, 14, 105, Status.WALL, 0.01
7934, 13, 80, Status.SNAKE, 0.01
7935, 9, 42, Status.SNAKE, 0.01
7936, 8, 56, Status.WALL, 0.01
7937, 2, 18, Status.WALL, 0.01
7938, 22, 182, Status.SNAKE, 0.01
7939, 12, 115, Status.SNAKE, 0.01
7940, 5, 33, Status.SNAKE, 0.01
7941, 7, 47, Status.SNAKE, 0.01
7942, 16, 121, Status.SNAKE, 0.01
7943, 9, 56, Status.SNAKE, 0.01
7944, 5, 51, Status.SNAKE, 0.01
7945, 7, 62, Status.SNAKE, 0.01
7946, 6, 42, Status.SNAKE, 0.01
7947, 3, 17, Status.SNAKE, 0.01
7948, 3, 17, Status.SNAKE, 0.01
7949, 12, 70, Status.SNAKE, 0.01
7950, 1, 13, Status.WALL, 0.01
7951, 1, 5, Status.SNAKE, 0.01
7952, 1, 8, Status.WALL, 0.01
7953, 15, 98, Status.SNAKE, 0.01
7954, 10, 85, Status.SNAKE, 0.01
7955, 13, 60, Status.SNAKE, 0.01
7956, 9, 48, Status.SNAKE, 0.01
7957, 6, 47, Status.SNAKE, 0.01
7958, 13, 88, Status.WALL, 0.01
7959, 6, 48, Status.SNAKE, 0.01
7960, 16, 107, Status.WALL, 0.01
7961, 9, 58, Status.SNAKE, 0.01
7962, 5, 32, Status.SNAKE, 0.01
7963, 10, 59, Status.SNAKE, 0.01
7964, 10, 67, Status.SNAKE, 0.01
7965, 4, 19, Status.SNAKE, 0.01
7966, 6, 21, Status.WALL, 0.01
7967, 13, 96, Status.SNAKE, 0.01
7968, 3, 31, Status.SNAKE, 0.01
7969, 2, 14, Status.SNAKE, 0.01
7970, 7, 63, Status.SNAKE, 0.01
7971, 13, 89, Status.SNAKE, 0.01
7972, 11, 87, Status.SNAKE, 0.01
7973, 14, 114, Status.SNAKE, 0.01
7974, 13, 90, Status.SNAKE, 0.01
7975, 8, 55, Status.SNAKE, 0.01
7976, 1, 5, Status.SNAKE, 0.01
7977, 16, 97, Status.SNAKE, 0.01
7978, 6, 33, Status.SNAKE, 0.01
7979, 17, 125, Status.WALL, 0.01
7980, 14, 124, Status.SNAKE, 0.01
7981, 7, 46, Status.SNAKE, 0.01
7982, 9, 70, Status.SNAKE, 0.01
7983, 12, 71, Status.SNAKE, 0.01
7984, 1, 10, Status.WALL, 0.01
7985, 5, 31, Status.SNAKE, 0.01
7986, 14, 120, Status.SNAKE, 0.01
7987, 18, 139, Status.SNAKE, 0.01
7988, 8, 42, Status.SNAKE, 0.01
7989, 2, 14, Status.SNAKE, 0.01
7990, 9, 49, Status.SNAKE, 0.01
7991, 15, 110, Status.SNAKE, 0.01
7992, 17, 99, Status.SNAKE, 0.01
7993, 10, 65, Status.SNAKE, 0.01
7994, 4, 37, Status.SNAKE, 0.01
7995, 6, 39, Status.SNAKE, 0.01
7996, 1, 8, Status.WALL, 0.01
7997, 14, 111, Status.SNAKE, 0.01
7998, 6, 23, Status.SNAKE, 0.01
7999, 12, 59, Status.SNAKE, 0.01
8000, 10, 57, Status.SNAKE, 0.01
8001, 2, 10, Status.SNAKE, 0.01
8002, 7, 55, Status.SNAKE, 0.01
8003, 9, 41, Status.SNAKE, 0.01
8004, 8, 56, Status.SNAKE, 0.01
8005, 6, 27, Status.SNAKE, 0.01
8006, 1, 5, Status.SNAKE, 0.01
8007, 14, 106, Status.SNAKE, 0.01
8008, 6, 40, Status.SNAKE, 0.01
8009, 8, 55, Status.WALL, 0.01
8010, 9, 63, Status.SNAKE, 0.01
8011, 13, 103, Status.WALL, 0.01
8012, 7, 43, Status.SNAKE, 0.01
8013, 5, 32, Status.SNAKE, 0.01
8014, 18, 150, Status.SNAKE, 0.01
8015, 4, 37, Status.WALL, 0.01
8016, 4, 18, Status.SNAKE, 0.01
8017, 14, 88, Status.SNAKE, 0.01
8018, 16, 111, Status.SNAKE, 0.01
8019, 5, 44, Status.SNAKE, 0.01
8020, 5, 32, Status.SNAKE, 0.01
8021, 6, 36, Status.SNAKE, 0.01
8022, 2, 21, Status.SNAKE, 0.01
8023, 5, 32, Status.SNAKE, 0.01
8024, 7, 52, Status.SNAKE, 0.01
8025, 6, 41, Status.SNAKE, 0.01
8026, 13, 93, Status.SNAKE, 0.01
8027, 9, 55, Status.SNAKE, 0.01
8028, 1, 3, Status.SNAKE, 0.01
8029, 5, 34, Status.WALL, 0.01
8030, 23, 129, Status.SNAKE, 0.01
8031, 7, 50, Status.WALL, 0.01
8032, 10, 59, Status.SNAKE, 0.01
8033, 1, 3, Status.SNAKE, 0.01
8034, 1, 7, Status.SNAKE, 0.01
8035, 18, 127, Status.SNAKE, 0.01
8036, 14, 84, Status.SNAKE, 0.01
8037, 10, 80, Status.SNAKE, 0.01
8038, 9, 60, Status.SNAKE, 0.01
8039, 14, 129, Status.SNAKE, 0.01
8040, 19, 155, Status.SNAKE, 0.01
8041, 10, 89, Status.SNAKE, 0.01
8042, 9, 60, Status.WALL, 0.01
8043, 14, 90, Status.SNAKE, 0.01
8044, 6, 35, Status.SNAKE, 0.01
8045, 6, 53, Status.SNAKE, 0.01
8046, 12, 87, Status.SNAKE, 0.01
8047, 4, 28, Status.SNAKE, 0.01
8048, 5, 41, Status.SNAKE, 0.01
8049, 8, 41, Status.SNAKE, 0.01
8050, 14, 107, Status.SNAKE, 0.01
8051, 11, 78, Status.SNAKE, 0.01
8052, 10, 81, Status.SNAKE, 0.01
8053, 9, 47, Status.SNAKE, 0.01
8054, 15, 87, Status.SNAKE, 0.01
8055, 8, 62, Status.SNAKE, 0.01
8056, 3, 22, Status.WALL, 0.01
8057, 2, 11, Status.SNAKE, 0.01
8058, 1, 5, Status.SNAKE, 0.01
8059, 3, 11, Status.WALL, 0.01
8060, 10, 75, Status.WALL, 0.01
8061, 5, 34, Status.SNAKE, 0.01
8062, 11, 63, Status.SNAKE, 0.01
8063, 7, 61, Status.SNAKE, 0.01
8064, 7, 47, Status.SNAKE, 0.01
8065, 6, 38, Status.SNAKE, 0.01
8066, 15, 117, Status.SNAKE, 0.01
8067, 4, 24, Status.SNAKE, 0.01
8068, 1, 3, Status.SNAKE, 0.01
8069, 4, 26, Status.SNAKE, 0.01
8070, 15, 116, Status.SNAKE, 0.01
8071, 17, 85, Status.SNAKE, 0.01
8072, 5, 36, Status.SNAKE, 0.01
8073, 14, 92, Status.WALL, 0.01
8074, 11, 56, Status.SNAKE, 0.01
8075, 16, 131, Status.WALL, 0.01
8076, 8, 75, Status.SNAKE, 0.01
8077, 7, 53, Status.SNAKE, 0.01
8078, 1, 10, Status.WALL, 0.01
8079, 11, 63, Status.SNAKE, 0.01
8080, 4, 26, Status.WALL, 0.01
8081, 7, 59, Status.SNAKE, 0.01
8082, 20, 145, Status.SNAKE, 0.01
8083, 9, 70, Status.SNAKE, 0.01
8084, 12, 73, Status.SNAKE, 0.01
8085, 16, 90, Status.WALL, 0.01
8086, 8, 63, Status.SNAKE, 0.01
8087, 16, 90, Status.SNAKE, 0.01
8088, 9, 89, Status.SNAKE, 0.01
8089, 14, 117, Status.WALL, 0.01
8090, 4, 16, Status.SNAKE, 0.01
8091, 13, 97, Status.SNAKE, 0.01
8092, 5, 53, Status.WALL, 0.01
8093, 14, 102, Status.SNAKE, 0.01
8094, 11, 62, Status.SNAKE, 0.01
8095, 7, 53, Status.SNAKE, 0.01
8096, 4, 16, Status.SNAKE, 0.01
8097, 2, 10, Status.WALL, 0.01
8098, 5, 40, Status.SNAKE, 0.01
8099, 5, 27, Status.SNAKE, 0.01
8100, 6, 33, Status.SNAKE, 0.01
8101, 13, 111, Status.SNAKE, 0.01
8102, 7, 42, Status.WALL, 0.01
8103, 9, 69, Status.WALL, 0.01
8104, 1, 12, Status.WALL, 0.01
8105, 3, 17, Status.SNAKE, 0.01
8106, 1, 9, Status.WALL, 0.01
8107, 13, 82, Status.SNAKE, 0.01
8108, 5, 28, Status.SNAKE, 0.01
8109, 7, 80, Status.WALL, 0.01
8110, 19, 150, Status.WALL, 0.01
8111, 5, 35, Status.WALL, 0.01
8112, 4, 25, Status.SNAKE, 0.01
8113, 5, 29, Status.WALL, 0.01
8114, 6, 41, Status.SNAKE, 0.01
8115, 6, 30, Status.SNAKE, 0.01
8116, 4, 26, Status.WALL, 0.01
8117, 3, 29, Status.SNAKE, 0.01
8118, 18, 117, Status.WALL, 0.01
8119, 9, 55, Status.WALL, 0.01
8120, 9, 85, Status.SNAKE, 0.01
8121, 12, 65, Status.SNAKE, 0.01
8122, 13, 83, Status.SNAKE, 0.01
8123, 7, 48, Status.SNAKE, 0.01
8124, 11, 80, Status.SNAKE, 0.01
8125, 8, 62, Status.SNAKE, 0.01
8126, 3, 32, Status.SNAKE, 0.01
8127, 9, 44, Status.SNAKE, 0.01
8128, 1, 9, Status.SNAKE, 0.01
8129, 5, 49, Status.SNAKE, 0.01
8130, 14, 95, Status.SNAKE, 0.01
8131, 16, 100, Status.WALL, 0.01
8132, 3, 20, Status.WALL, 0.01
8133, 4, 30, Status.WALL, 0.01
8134, 8, 47, Status.SNAKE, 0.01
8135, 10, 94, Status.SNAKE, 0.01
8136, 1, 15, Status.SNAKE, 0.01
8137, 7, 54, Status.SNAKE, 0.01
8138, 8, 57, Status.SNAKE, 0.01
8139, 13, 80, Status.WALL, 0.01
8140, 2, 6, Status.SNAKE, 0.01
8141, 7, 71, Status.WALL, 0.01
8142, 7, 65, Status.SNAKE, 0.01
8143, 4, 51, Status.SNAKE, 0.01
8144, 12, 86, Status.SNAKE, 0.01
8145, 5, 24, Status.WALL, 0.01
8146, 9, 88, Status.WALL, 0.01
8147, 12, 64, Status.SNAKE, 0.01
8148, 6, 60, Status.SNAKE, 0.01
8149, 9, 69, Status.SNAKE, 0.01
8150, 13, 83, Status.WALL, 0.01
8151, 1, 10, Status.WALL, 0.01
8152, 7, 65, Status.SNAKE, 0.01
8153, 3, 11, Status.SNAKE, 0.01
8154, 15, 135, Status.SNAKE, 0.01
8155, 3, 19, Status.SNAKE, 0.01
8156, 4, 29, Status.SNAKE, 0.01
8157, 10, 62, Status.WALL, 0.01
8158, 16, 99, Status.SNAKE, 0.01
8159, 4, 37, Status.WALL, 0.01
8160, 8, 49, Status.WALL, 0.01
8161, 10, 80, Status.SNAKE, 0.01
8162, 9, 72, Status.SNAKE, 0.01
8163, 8, 55, Status.SNAKE, 0.01
8164, 2, 10, Status.SNAKE, 0.01
8165, 11, 75, Status.SNAKE, 0.01
8166, 15, 109, Status.SNAKE, 0.01
8167, 7, 39, Status.SNAKE, 0.01
8168, 7, 40, Status.SNAKE, 0.01
8169, 6, 57, Status.SNAKE, 0.01
8170, 14, 105, Status.SNAKE, 0.01
8171, 9, 63, Status.WALL, 0.01
8172, 10, 61, Status.SNAKE, 0.01
8173, 4, 27, Status.WALL, 0.01
8174, 7, 69, Status.SNAKE, 0.01
8175, 1, 8, Status.WALL, 0.01
8176, 20, 122, Status.WALL, 0.01
8177, 4, 13, Status.SNAKE, 0.01
8178, 5, 36, Status.SNAKE, 0.01
8179, 13, 94, Status.SNAKE, 0.01
8180, 16, 114, Status.WALL, 0.01
8181, 8, 61, Status.SNAKE, 0.01
8182, 7, 50, Status.SNAKE, 0.01
8183, 9, 62, Status.SNAKE, 0.01
8184, 4, 15, Status.SNAKE, 0.01
8185, 12, 85, Status.SNAKE, 0.01
8186, 1, 5, Status.SNAKE, 0.01
8187, 3, 24, Status.WALL, 0.01
8188, 10, 65, Status.SNAKE, 0.01
8189, 11, 65, Status.SNAKE, 0.01
8190, 3, 18, Status.SNAKE, 0.01
8191, 10, 86, Status.SNAKE, 0.01
8192, 9, 60, Status.SNAKE, 0.01
8193, 14, 114, Status.SNAKE, 0.01
8194, 5, 31, Status.SNAKE, 0.01
8195, 11, 127, Status.SNAKE, 0.01
8196, 10, 65, Status.SNAKE, 0.01
8197, 15, 129, Status.SNAKE, 0.01
8198, 5, 34, Status.SNAKE, 0.01
8199, 7, 39, Status.SNAKE, 0.01
8200, 4, 28, Status.WALL, 0.01
8201, 3, 17, Status.SNAKE, 0.01
8202, 8, 63, Status.SNAKE, 0.01
8203, 7, 38, Status.SNAKE, 0.01
8204, 10, 62, Status.SNAKE, 0.01
8205, 13, 79, Status.SNAKE, 0.01
8206, 5, 29, Status.SNAKE, 0.01
8207, 3, 26, Status.WALL, 0.01
8208, 9, 70, Status.SNAKE, 0.01
8209, 3, 22, Status.SNAKE, 0.01
8210, 10, 78, Status.SNAKE, 0.01
8211, 7, 47, Status.SNAKE, 0.01
8212, 7, 43, Status.SNAKE, 0.01
8213, 17, 136, Status.WALL, 0.01
8214, 7, 38, Status.WALL, 0.01
8215, 1, 3, Status.SNAKE, 0.01
8216, 4, 30, Status.WALL, 0.01
8217, 2, 17, Status.SNAKE, 0.01
8218, 8, 55, Status.SNAKE, 0.01
8219, 15, 125, Status.SNAKE, 0.01
8220, 8, 45, Status.WALL, 0.01
8221, 5, 30, Status.SNAKE, 0.01
8222, 16, 122, Status.SNAKE, 0.01
8223, 6, 38, Status.SNAKE, 0.01
8224, 5, 42, Status.WALL, 0.01
8225, 4, 26, Status.SNAKE, 0.01
8226, 5, 36, Status.SNAKE, 0.01
8227, 11, 71, Status.SNAKE, 0.01
8228, 8, 61, Status.WALL, 0.01
8229, 13, 107, Status.SNAKE, 0.01
8230, 5, 35, Status.SNAKE, 0.01
8231, 14, 66, Status.SNAKE, 0.01
8232, 6, 66, Status.WALL, 0.01
8233, 12, 85, Status.SNAKE, 0.01
8234, 11, 64, Status.SNAKE, 0.01
8235, 9, 67, Status.WALL, 0.01
8236, 8, 62, Status.SNAKE, 0.01
8237, 6, 45, Status.SNAKE, 0.01
8238, 8, 49, Status.SNAKE, 0.01
8239, 10, 83, Status.SNAKE, 0.01
8240, 10, 72, Status.WALL, 0.01
8241, 8, 57, Status.SNAKE, 0.01
8242, 9, 47, Status.SNAKE, 0.01
8243, 4, 29, Status.WALL, 0.01
8244, 2, 10, Status.WALL, 0.01
8245, 10, 67, Status.SNAKE, 0.01
8246, 12, 81, Status.WALL, 0.01
8247, 9, 61, Status.SNAKE, 0.01
8248, 11, 82, Status.SNAKE, 0.01
8249, 2, 18, Status.WALL, 0.01
8250, 6, 47, Status.SNAKE, 0.01
8251, 18, 142, Status.WALL, 0.01
8252, 8, 39, Status.SNAKE, 0.01
8253, 21, 154, Status.SNAKE, 0.01
8254, 9, 51, Status.SNAKE, 0.01
8255, 11, 91, Status.SNAKE, 0.01
8256, 8, 48, Status.WALL, 0.01
8257, 7, 42, Status.WALL, 0.01
8258, 3, 22, Status.WALL, 0.01
8259, 10, 73, Status.WALL, 0.01
8260, 11, 54, Status.SNAKE, 0.01
8261, 11, 82, Status.SNAKE, 0.01
8262, 15, 111, Status.SNAKE, 0.01
8263, 9, 61, Status.SNAKE, 0.01
8264, 6, 48, Status.WALL, 0.01
8265, 1, 5, Status.SNAKE, 0.01
8266, 8, 58, Status.WALL, 0.01
8267, 15, 102, Status.SNAKE, 0.01
8268, 9, 66, Status.WALL, 0.01
8269, 11, 60, Status.WALL, 0.01
8270, 6, 46, Status.SNAKE, 0.01
8271, 2, 15, Status.WALL, 0.01
8272, 3, 31, Status.WALL, 0.01
8273, 7, 44, Status.SNAKE, 0.01
8274, 9, 51, Status.SNAKE, 0.01
8275, 13, 84, Status.SNAKE, 0.01
8276, 13, 100, Status.SNAKE, 0.01
8277, 11, 73, Status.WALL, 0.01
8278, 11, 66, Status.WALL, 0.01
8279, 10, 77, Status.SNAKE, 0.01
8280, 13, 82, Status.SNAKE, 0.01
8281, 5, 27, Status.SNAKE, 0.01
8282, 5, 30, Status.WALL, 0.01
8283, 18, 143, Status.SNAKE, 0.01
8284, 8, 75, Status.SNAKE, 0.01
8285, 10, 77, Status.SNAKE, 0.01
8286, 19, 114, Status.SNAKE, 0.01
8287, 6, 39, Status.SNAKE, 0.01
8288, 13, 74, Status.SNAKE, 0.01
8289, 7, 60, Status.WALL, 0.01
8290, 12, 80, Status.SNAKE, 0.01
8291, 5, 40, Status.WALL, 0.01
8292, 6, 40, Status.SNAKE, 0.01
8293, 16, 98, Status.SNAKE, 0.01
8294, 7, 54, Status.SNAKE, 0.01
8295, 10, 57, Status.SNAKE, 0.01
8296, 9, 54, Status.SNAKE, 0.01
8297, 15, 89, Status.SNAKE, 0.01
8298, 12, 102, Status.SNAKE, 0.01
8299, 12, 69, Status.SNAKE, 0.01
8300, 9, 57, Status.SNAKE, 0.01
8301, 6, 50, Status.SNAKE, 0.01
8302, 1, 3, Status.SNAKE, 0.01
8303, 10, 64, Status.SNAKE, 0.01
8304, 10, 88, Status.SNAKE, 0.01
8305, 5, 38, Status.SNAKE, 0.01
8306, 3, 24, Status.SNAKE, 0.01
8307, 12, 70, Status.WALL, 0.01
8308, 6, 46, Status.SNAKE, 0.01
8309, 8, 58, Status.WALL, 0.01
8310, 8, 45, Status.SNAKE, 0.01
8311, 5, 30, Status.SNAKE, 0.01
8312, 7, 38, Status.SNAKE, 0.01
8313, 13, 95, Status.SNAKE, 0.01
8314, 15, 120, Status.SNAKE, 0.01
8315, 5, 40, Status.SNAKE, 0.01
8316, 10, 77, Status.SNAKE, 0.01
8317, 8, 43, Status.SNAKE, 0.01
8318, 19, 111, Status.SNAKE, 0.01
8319, 13, 96, Status.SNAKE, 0.01
8320, 13, 94, Status.WALL, 0.01
8321, 10, 78, Status.WALL, 0.01
8322, 6, 41, Status.SNAKE, 0.01
8323, 7, 56, Status.SNAKE, 0.01
8324, 10, 76, Status.SNAKE, 0.01
8325, 11, 81, Status.WALL, 0.01
8326, 6, 38, Status.SNAKE, 0.01
8327, 4, 42, Status.WALL, 0.01
8328, 8, 61, Status.WALL, 0.01
8329, 10, 71, Status.SNAKE, 0.01
8330, 7, 54, Status.SNAKE, 0.01
8331, 8, 49, Status.SNAKE, 0.01
8332, 17, 113, Status.WALL, 0.01
8333, 6, 32, Status.SNAKE, 0.01
8334, 2, 16, Status.WALL, 0.01
8335, 3, 30, Status.SNAKE, 0.01
8336, 11, 62, Status.WALL, 0.01
8337, 3, 22, Status.WALL, 0.01
8338, 3, 14, Status.WALL, 0.01
8339, 8, 62, Status.SNAKE, 0.01
8340, 1, 8, Status.WALL, 0.01
8341, 7, 43, Status.SNAKE, 0.01
8342, 12, 76, Status.SNAKE, 0.01
8343, 6, 43, Status.SNAKE, 0.01
8344, 8, 60, Status.SNAKE, 0.01
8345, 7, 56, Status.SNAKE, 0.01
8346, 5, 30, Status.WALL, 0.01
8347, 6, 37, Status.SNAKE, 0.01
8348, 13, 74, Status.SNAKE, 0.01
8349, 3, 18, Status.WALL, 0.01
8350, 0, 4, Status.WALL, 0.01
8351, 8, 58, Status.SNAKE, 0.01
8352, 11, 84, Status.SNAKE, 0.01
8353, 9, 44, Status.SNAKE, 0.01
8354, 6, 54, Status.SNAKE, 0.01
8355, 8, 46, Status.WALL, 0.01
8356, 17, 88, Status.SNAKE, 0.01
8357, 8, 47, Status.SNAKE, 0.01
8358, 13, 62, Status.SNAKE, 0.01
8359, 7, 35, Status.SNAKE, 0.01
8360, 16, 113, Status.SNAKE, 0.01
8361, 6, 48, Status.WALL, 0.01
8362, 8, 38, Status.WALL, 0.01
8363, 4, 23, Status.SNAKE, 0.01
8364, 9, 70, Status.SNAKE, 0.01
8365, 15, 86, Status.SNAKE, 0.01
8366, 2, 5, Status.SNAKE, 0.01
8367, 10, 58, Status.SNAKE, 0.01
8368, 13, 82, Status.SNAKE, 0.01
8369, 13, 86, Status.WALL, 0.01
8370, 16, 83, Status.SNAKE, 0.01
8371, 8, 50, Status.SNAKE, 0.01
8372, 5, 32, Status.SNAKE, 0.01
8373, 15, 119, Status.SNAKE, 0.01
8374, 1, 12, Status.WALL, 0.01
8375, 3, 13, Status.SNAKE, 0.01
8376, 9, 63, Status.SNAKE, 0.01
8377, 2, 16, Status.SNAKE, 0.01
8378, 11, 83, Status.SNAKE, 0.01
8379, 13, 98, Status.SNAKE, 0.01
8380, 10, 54, Status.SNAKE, 0.01
8381, 8, 77, Status.SNAKE, 0.01
8382, 13, 80, Status.WALL, 0.01
8383, 7, 46, Status.SNAKE, 0.01
8384, 14, 86, Status.SNAKE, 0.01
8385, 10, 71, Status.SNAKE, 0.01
8386, 5, 24, Status.WALL, 0.01
8387, 14, 85, Status.SNAKE, 0.01
8388, 17, 116, Status.SNAKE, 0.01
8389, 10, 61, Status.WALL, 0.01
8390, 16, 120, Status.SNAKE, 0.01
8391, 5, 51, Status.SNAKE, 0.01
8392, 12, 94, Status.SNAKE, 0.01
8393, 5, 26, Status.SNAKE, 0.01
8394, 7, 43, Status.SNAKE, 0.01
8395, 2, 18, Status.SNAKE, 0.01
8396, 10, 61, Status.SNAKE, 0.01
8397, 10, 70, Status.SNAKE, 0.01
8398, 8, 47, Status.SNAKE, 0.01
8399, 13, 92, Status.SNAKE, 0.01
8400, 3, 27, Status.SNAKE, 0.01
8401, 8, 49, Status.SNAKE, 0.01
8402, 8, 57, Status.SNAKE, 0.01
8403, 7, 43, Status.SNAKE, 0.01
8404, 15, 104, Status.SNAKE, 0.01
8405, 9, 49, Status.SNAKE, 0.01
8406, 9, 41, Status.SNAKE, 0.01
8407, 9, 54, Status.SNAKE, 0.01
8408, 2, 4, Status.SNAKE, 0.01
8409, 1, 7, Status.SNAKE, 0.01
8410, 8, 62, Status.SNAKE, 0.01
8411, 15, 123, Status.SNAKE, 0.01
8412, 15, 109, Status.SNAKE, 0.01
8413, 2, 18, Status.WALL, 0.01
8414, 8, 57, Status.SNAKE, 0.01
8415, 1, 5, Status.SNAKE, 0.01
8416, 13, 95, Status.WALL, 0.01
8417, 13, 112, Status.SNAKE, 0.01
8418, 12, 72, Status.WALL, 0.01
8419, 11, 82, Status.WALL, 0.01
8420, 7, 44, Status.SNAKE, 0.01
8421, 8, 52, Status.SNAKE, 0.01
8422, 6, 32, Status.WALL, 0.01
8423, 4, 40, Status.WALL, 0.01
8424, 7, 44, Status.WALL, 0.01
8425, 9, 39, Status.SNAKE, 0.01
8426, 9, 62, Status.SNAKE, 0.01
8427, 6, 35, Status.SNAKE, 0.01
8428, 5, 38, Status.SNAKE, 0.01
8429, 4, 23, Status.SNAKE, 0.01
8430, 4, 34, Status.SNAKE, 0.01
8431, 11, 53, Status.SNAKE, 0.01
8432, 7, 49, Status.SNAKE, 0.01
8433, 6, 46, Status.SNAKE, 0.01
8434, 16, 105, Status.SNAKE, 0.01
8435, 4, 20, Status.WALL, 0.01
8436, 1, 3, Status.SNAKE, 0.01
8437, 8, 58, Status.SNAKE, 0.01
8438, 13, 97, Status.SNAKE, 0.01
8439, 6, 50, Status.WALL, 0.01
8440, 9, 46, Status.SNAKE, 0.01
8441, 5, 23, Status.SNAKE, 0.01
8442, 10, 84, Status.SNAKE, 0.01
8443, 7, 34, Status.SNAKE, 0.01
8444, 13, 79, Status.SNAKE, 0.01
8445, 12, 70, Status.SNAKE, 0.01
8446, 13, 112, Status.SNAKE, 0.01
8447, 7, 49, Status.SNAKE, 0.01
8448, 14, 103, Status.SNAKE, 0.01
8449, 21, 159, Status.SNAKE, 0.01
8450, 9, 75, Status.SNAKE, 0.01
8451, 12, 71, Status.SNAKE, 0.01
8452, 6, 33, Status.SNAKE, 0.01
8453, 11, 71, Status.SNAKE, 0.01
8454, 8, 56, Status.SNAKE, 0.01
8455, 8, 56, Status.SNAKE, 0.01
8456, 7, 45, Status.SNAKE, 0.01
8457, 5, 31, Status.SNAKE, 0.01
8458, 11, 80, Status.SNAKE, 0.01
8459, 13, 105, Status.SNAKE, 0.01
8460, 9, 53, Status.SNAKE, 0.01
8461, 11, 70, Status.SNAKE, 0.01
8462, 8, 48, Status.SNAKE, 0.01
8463, 7, 56, Status.SNAKE, 0.01
8464, 10, 64, Status.SNAKE, 0.01
8465, 7, 57, Status.SNAKE, 0.01
8466, 3, 20, Status.SNAKE, 0.01
8467, 16, 110, Status.WALL, 0.01
8468, 2, 18, Status.WALL, 0.01
8469, 8, 55, Status.SNAKE, 0.01
8470, 11, 86, Status.SNAKE, 0.01
8471, 9, 61, Status.SNAKE, 0.01
8472, 9, 74, Status.SNAKE, 0.01
8473, 18, 101, Status.SNAKE, 0.01
8474, 12, 73, Status.SNAKE, 0.01
8475, 18, 114, Status.SNAKE, 0.01
8476, 5, 22, Status.SNAKE, 0.01
8477, 14, 76, Status.SNAKE, 0.01
8478, 5, 45, Status.SNAKE, 0.01
8479, 8, 54, Status.SNAKE, 0.01
8480, 4, 14, Status.SNAKE, 0.01
8481, 2, 8, Status.WALL, 0.01
8482, 6, 38, Status.WALL, 0.01
8483, 9, 69, Status.SNAKE, 0.01
8484, 10, 40, Status.SNAKE, 0.01
8485, 10, 59, Status.SNAKE, 0.01
8486, 6, 44, Status.SNAKE, 0.01
8487, 14, 104, Status.SNAKE, 0.01
8488, 5, 23, Status.SNAKE, 0.01
8489, 7, 42, Status.SNAKE, 0.01
8490, 8, 59, Status.SNAKE, 0.01
8491, 12, 83, Status.SNAKE, 0.01
8492, 9, 64, Status.WALL, 0.01
8493, 22, 111, Status.SNAKE, 0.01
8494, 9, 54, Status.SNAKE, 0.01
8495, 12, 51, Status.SNAKE, 0.01
8496, 4, 23, Status.WALL, 0.01
8497, 5, 35, Status.SNAKE, 0.01
8498, 7, 58, Status.SNAKE, 0.01
8499, 9, 57, Status.SNAKE, 0.01
8500, 14, 124, Status.SNAKE, 0.01
8501, 5, 34, Status.WALL, 0.01
8502, 9, 62, Status.WALL, 0.01
8503, 5, 52, Status.WALL, 0.01
8504, 20, 141, Status.SNAKE, 0.01
8505, 17, 125, Status.WALL, 0.01
8506, 7, 47, Status.SNAKE, 0.01
8507, 8, 55, Status.WALL, 0.01
8508, 16, 148, Status.SNAKE, 0.01
8509, 10, 56, Status.SNAKE, 0.01
8510, 3, 27, Status.SNAKE, 0.01
8511, 4, 18, Status.SNAKE, 0.01
8512, 4, 28, Status.WALL, 0.01
8513, 12, 77, Status.SNAKE, 0.01
8514, 10, 79, Status.SNAKE, 0.01
8515, 11, 75, Status.SNAKE, 0.01
8516, 5, 31, Status.WALL, 0.01
8517, 10, 56, Status.SNAKE, 0.01
8518, 14, 89, Status.SNAKE, 0.01
8519, 10, 73, Status.WALL, 0.01
8520, 4, 34, Status.WALL, 0.01
8521, 1, 5, Status.SNAKE, 0.01
8522, 8, 54, Status.WALL, 0.01
8523, 5, 46, Status.SNAKE, 0.01
8524, 2, 7, Status.WALL, 0.01
8525, 12, 96, Status.SNAKE, 0.01
8526, 7, 41, Status.SNAKE, 0.01
8527, 6, 46, Status.SNAKE, 0.01
8528, 4, 32, Status.WALL, 0.01
8529, 5, 44, Status.SNAKE, 0.01
8530, 5, 41, Status.SNAKE, 0.01
8531, 10, 58, Status.SNAKE, 0.01
8532, 9, 67, Status.WALL, 0.01
8533, 1, 3, Status.SNAKE, 0.01
8534, 5, 43, Status.SNAKE, 0.01
8535, 10, 56, Status.SNAKE, 0.01
8536, 9, 70, Status.SNAKE, 0.01
8537, 7, 32, Status.SNAKE, 0.01
8538, 1, 8, Status.SNAKE, 0.01
8539, 9, 72, Status.WALL, 0.01
8540, 13, 81, Status.SNAKE, 0.01
8541, 12, 80, Status.SNAKE, 0.01
8542, 14, 100, Status.SNAKE, 0.01
8543, 19, 107, Status.WALL, 0.01
8544, 13, 101, Status.WALL, 0.01
8545, 7, 43, Status.SNAKE, 0.01
8546, 4, 29, Status.SNAKE, 0.01
8547, 6, 42, Status.WALL, 0.01
8548, 6, 42, Status.SNAKE, 0.01
8549, 10, 78, Status.SNAKE, 0.01
8550, 12, 86, Status.SNAKE, 0.01
8551, 8, 65, Status.SNAKE, 0.01
8552, 3, 30, Status.WALL, 0.01
8553, 9, 60, Status.SNAKE, 0.01
8554, 11, 74, Status.SNAKE, 0.01
8555, 10, 69, Status.SNAKE, 0.01
8556, 9, 64, Status.WALL, 0.01
8557, 12, 89, Status.SNAKE, 0.01
8558, 1, 9, Status.SNAKE, 0.01
8559, 7, 46, Status.SNAKE, 0.01
8560, 13, 85, Status.SNAKE, 0.01
8561, 9, 71, Status.SNAKE, 0.01
8562, 11, 69, Status.SNAKE, 0.01
8563, 16, 137, Status.SNAKE, 0.01
8564, 0, 5, Status.WALL, 0.01
8565, 13, 86, Status.SNAKE, 0.01
8566, 5, 32, Status.SNAKE, 0.01
8567, 3, 39, Status.WALL, 0.01
8568, 1, 10, Status.WALL, 0.01
8569, 9, 47, Status.SNAKE, 0.01
8570, 12, 86, Status.SNAKE, 0.01
8571, 14, 93, Status.SNAKE, 0.01
8572, 7, 40, Status.SNAKE, 0.01
8573, 10, 52, Status.WALL, 0.01
8574, 10, 67, Status.SNAKE, 0.01
8575, 7, 45, Status.WALL, 0.01
8576, 16, 99, Status.SNAKE, 0.01
8577, 10, 75, Status.SNAKE, 0.01
8578, 11, 72, Status.SNAKE, 0.01
8579, 8, 45, Status.SNAKE, 0.01
8580, 5, 57, Status.WALL, 0.01
8581, 8, 66, Status.SNAKE, 0.01
8582, 14, 115, Status.WALL, 0.01
8583, 9, 56, Status.SNAKE, 0.01
8584, 7, 49, Status.WALL, 0.01
8585, 12, 81, Status.SNAKE, 0.01
8586, 4, 30, Status.SNAKE, 0.01
8587, 7, 60, Status.SNAKE, 0.01
8588, 1, 5, Status.SNAKE, 0.01
8589, 3, 21, Status.SNAKE, 0.01
8590, 6, 36, Status.SNAKE, 0.01
8591, 8, 70, Status.SNAKE, 0.01
8592, 2, 18, Status.WALL, 0.01
8593, 10, 80, Status.SNAKE, 0.01
8594, 8, 74, Status.SNAKE, 0.01
8595, 9, 61, Status.SNAKE, 0.01
8596, 5, 28, Status.SNAKE, 0.01
8597, 6, 40, Status.SNAKE, 0.01
8598, 7, 48, Status.SNAKE, 0.01
8599, 9, 62, Status.SNAKE, 0.01
8600, 1, 8, Status.WALL, 0.01
8601, 4, 31, Status.SNAKE, 0.01
8602, 9, 55, Status.SNAKE, 0.01
8603, 12, 99, Status.SNAKE, 0.01
8604, 8, 60, Status.WALL, 0.01
8605, 7, 57, Status.SNAKE, 0.01
8606, 1, 6, Status.SNAKE, 0.01
8607, 2, 18, Status.SNAKE, 0.01
8608, 8, 71, Status.SNAKE, 0.01
8609, 11, 89, Status.WALL, 0.01
8610, 7, 48, Status.SNAKE, 0.01
8611, 2, 24, Status.WALL, 0.01
8612, 11, 85, Status.SNAKE, 0.01
8613, 8, 72, Status.SNAKE, 0.01
8614, 6, 37, Status.SNAKE, 0.01
8615, 14, 99, Status.SNAKE, 0.01
8616, 12, 73, Status.SNAKE, 0.01
8617, 10, 72, Status.SNAKE, 0.01
8618, 6, 49, Status.WALL, 0.01
8619, 9, 42, Status.SNAKE, 0.01
8620, 7, 41, Status.SNAKE, 0.01
8621, 10, 54, Status.SNAKE, 0.01
8622, 4, 30, Status.SNAKE, 0.01
8623, 3, 26, Status.SNAKE, 0.01
8624, 6, 38, Status.SNAKE, 0.01
8625, 1, 3, Status.SNAKE, 0.01
8626, 4, 34, Status.SNAKE, 0.01
8627, 11, 62, Status.SNAKE, 0.01
8628, 15, 107, Status.SNAKE, 0.01
8629, 1, 5, Status.SNAKE, 0.01
8630, 9, 49, Status.SNAKE, 0.01
8631, 9, 53, Status.SNAKE, 0.01
8632, 9, 67, Status.SNAKE, 0.01
8633, 4, 41, Status.WALL, 0.01
8634, 14, 83, Status.SNAKE, 0.01
8635, 12, 107, Status.SNAKE, 0.01
8636, 2, 12, Status.WALL, 0.01
8637, 11, 96, Status.SNAKE, 0.01
8638, 1, 4, Status.SNAKE, 0.01
8639, 5, 32, Status.SNAKE, 0.01
8640, 2, 14, Status.SNAKE, 0.01
8641, 18, 127, Status.WALL, 0.01
8642, 9, 68, Status.SNAKE, 0.01
8643, 16, 113, Status.WALL, 0.01
8644, 10, 81, Status.SNAKE, 0.01
8645, 4, 17, Status.SNAKE, 0.01
8646, 8, 49, Status.SNAKE, 0.01
8647, 9, 48, Status.WALL, 0.01
8648, 11, 79, Status.WALL, 0.01
8649, 11, 93, Status.SNAKE, 0.01
8650, 11, 45, Status.SNAKE, 0.01
8651, 14, 84, Status.SNAKE, 0.01
8652, 15, 100, Status.SNAKE, 0.01
8653, 3, 28, Status.WALL, 0.01
8654, 11, 62, Status.WALL, 0.01
8655, 8, 52, Status.WALL, 0.01
8656, 15, 104, Status.WALL, 0.01
8657, 17, 95, Status.SNAKE, 0.01
8658, 8, 38, Status.SNAKE, 0.01
8659, 8, 60, Status.WALL, 0.01
8660, 4, 29, Status.WALL, 0.01
8661, 7, 40, Status.SNAKE, 0.01
8662, 2, 24, Status.WALL, 0.01
8663, 5, 39, Status.WALL, 0.01
8664, 18, 114, Status.SNAKE, 0.01
8665, 6, 48, Status.SNAKE, 0.01
8666, 9, 58, Status.SNAKE, 0.01
8667, 8, 65, Status.WALL, 0.01
8668, 16, 140, Status.SNAKE, 0.01
8669, 2, 22, Status.SNAKE, 0.01
8670, 4, 29, Status.SNAKE, 0.01
8671, 7, 52, Status.SNAKE, 0.01
8672, 5, 26, Status.SNAKE, 0.01
8673, 8, 57, Status.WALL, 0.01
8674, 3, 26, Status.SNAKE, 0.01
8675, 5, 37, Status.SNAKE, 0.01
8676, 7, 49, Status.SNAKE, 0.01
8677, 3, 13, Status.SNAKE, 0.01
8678, 3, 13, Status.SNAKE, 0.01
8679, 10, 90, Status.SNAKE, 0.01
8680, 10, 50, Status.SNAKE, 0.01
8681, 11, 75, Status.SNAKE, 0.01
8682, 1, 5, Status.SNAKE, 0.01
8683, 7, 58, Status.SNAKE, 0.01
8684, 2, 12, Status.SNAKE, 0.01
8685, 6, 37, Status.SNAKE, 0.01
8686, 10, 76, Status.SNAKE, 0.01
8687, 1, 3, Status.SNAKE, 0.01
8688, 7, 61, Status.SNAKE, 0.01
8689, 6, 31, Status.SNAKE, 0.01
8690, 13, 99, Status.SNAKE, 0.01
8691, 5, 49, Status.SNAKE, 0.01
8692, 12, 70, Status.WALL, 0.01
8693, 4, 21, Status.WALL, 0.01
8694, 11, 75, Status.SNAKE, 0.01
8695, 5, 48, Status.SNAKE, 0.01
8696, 14, 113, Status.SNAKE, 0.01
8697, 14, 89, Status.SNAKE, 0.01
8698, 2, 20, Status.SNAKE, 0.01
8699, 4, 21, Status.WALL, 0.01
8700, 11, 84, Status.SNAKE, 0.01
8701, 9, 81, Status.SNAKE, 0.01
8702, 5, 34, Status.SNAKE, 0.01
8703, 8, 64, Status.WALL, 0.01
8704, 6, 47, Status.SNAKE, 0.01
8705, 11, 73, Status.SNAKE, 0.01
8706, 5, 22, Status.SNAKE, 0.01
8707, 1, 6, Status.WALL, 0.01
8708, 1, 10, Status.SNAKE, 0.01
8709, 5, 26, Status.SNAKE, 0.01
8710, 13, 101, Status.SNAKE, 0.01
8711, 11, 78, Status.SNAKE, 0.01
8712, 18, 151, Status.SNAKE, 0.01
8713, 15, 94, Status.SNAKE, 0.01
8714, 5, 44, Status.SNAKE, 0.01
8715, 7, 41, Status.WALL, 0.01
8716, 1, 11, Status.WALL, 0.01
8717, 12, 69, Status.SNAKE, 0.01
8718, 10, 65, Status.SNAKE, 0.01
8719, 15, 117, Status.SNAKE, 0.01
8720, 2, 9, Status.SNAKE, 0.01
8721, 6, 38, Status.SNAKE, 0.01
8722, 10, 64, Status.SNAKE, 0.01
8723, 8, 55, Status.WALL, 0.01
8724, 8, 46, Status.SNAKE, 0.01
8725, 5, 27, Status.WALL, 0.01
8726, 9, 63, Status.SNAKE, 0.01
8727, 15, 119, Status.SNAKE, 0.01
8728, 2, 14, Status.SNAKE, 0.01
8729, 6, 32, Status.SNAKE, 0.01
8730, 7, 53, Status.SNAKE, 0.01
8731, 7, 61, Status.WALL, 0.01
8732, 15, 98, Status.SNAKE, 0.01
8733, 6, 36, Status.SNAKE, 0.01
8734, 6, 41, Status.SNAKE, 0.01
8735, 3, 22, Status.SNAKE, 0.01
8736, 6, 53, Status.SNAKE, 0.01
8737, 11, 99, Status.WALL, 0.01
8738, 3, 21, Status.SNAKE, 0.01
8739, 9, 76, Status.WALL, 0.01
8740, 5, 22, Status.SNAKE, 0.01
8741, 9, 47, Status.WALL, 0.01
8742, 14, 104, Status.SNAKE, 0.01
8743, 3, 19, Status.SNAKE, 0.01
8744, 2, 19, Status.SNAKE, 0.01
8745, 5, 33, Status.SNAKE, 0.01
8746, 6, 37, Status.SNAKE, 0.01
8747, 9, 54, Status.SNAKE, 0.01
8748, 1, 7, Status.SNAKE, 0.01
8749, 6, 29, Status.SNAKE, 0.01
8750, 8, 58, Status.WALL, 0.01
8751, 3, 25, Status.SNAKE, 0.01
8752, 12, 61, Status.SNAKE, 0.01
8753, 2, 6, Status.SNAKE, 0.01
8754, 5, 43, Status.WALL, 0.01
8755, 9, 68, Status.SNAKE, 0.01
8756, 13, 117, Status.SNAKE, 0.01
8757, 1, 5, Status.SNAKE, 0.01
8758, 15, 96, Status.SNAKE, 0.01
8759, 9, 55, Status.SNAKE, 0.01
8760, 8, 53, Status.WALL, 0.01
8761, 7, 52, Status.WALL, 0.01
8762, 7, 59, Status.SNAKE, 0.01
8763, 8, 46, Status.SNAKE, 0.01
8764, 10, 54, Status.SNAKE, 0.01
8765, 10, 62, Status.SNAKE, 0.01
8766, 7, 35, Status.SNAKE, 0.01
8767, 3, 14, Status.SNAKE, 0.01
8768, 22, 168, Status.SNAKE, 0.01
8769, 2, 5, Status.SNAKE, 0.01
8770, 10, 83, Status.SNAKE, 0.01
8771, 7, 50, Status.SNAKE, 0.01
8772, 7, 51, Status.SNAKE, 0.01
8773, 12, 87, Status.SNAKE, 0.01
8774, 8, 41, Status.SNAKE, 0.01
8775, 2, 13, Status.WALL, 0.01
8776, 4, 23, Status.SNAKE, 0.01
8777, 14, 104, Status.SNAKE, 0.01
8778, 4, 28, Status.WALL, 0.01
8779, 10, 72, Status.WALL, 0.01
8780, 14, 127, Status.SNAKE, 0.01
8781, 8, 49, Status.WALL, 0.01
8782, 16, 100, Status.SNAKE, 0.01
8783, 9, 82, Status.WALL, 0.01
8784, 15, 127, Status.SNAKE, 0.01
8785, 5, 37, Status.WALL, 0.01
8786, 11, 89, Status.SNAKE, 0.01
8787, 8, 56, Status.SNAKE, 0.01
8788, 15, 91, Status.SNAKE, 0.01
8789, 11, 81, Status.SNAKE, 0.01
8790, 9, 76, Status.SNAKE, 0.01
8791, 20, 151, Status.SNAKE, 0.01
8792, 7, 45, Status.SNAKE, 0.01
8793, 5, 34, Status.SNAKE, 0.01
8794, 18, 131, Status.SNAKE, 0.01
8795, 5, 32, Status.WALL, 0.01
8796, 14, 100, Status.SNAKE, 0.01
8797, 9, 91, Status.SNAKE, 0.01
8798, 13, 109, Status.WALL, 0.01
8799, 7, 36, Status.SNAKE, 0.01
8800, 17, 146, Status.SNAKE, 0.01
8801, 9, 80, Status.SNAKE, 0.01
8802, 4, 28, Status.SNAKE, 0.01
8803, 8, 50, Status.SNAKE, 0.01
8804, 4, 26, Status.WALL, 0.01
8805, 7, 57, Status.SNAKE, 0.01
8806, 6, 34, Status.SNAKE, 0.01
8807, 7, 38, Status.SNAKE, 0.01
8808, 6, 41, Status.SNAKE, 0.01
8809, 8, 51, Status.SNAKE, 0.01
8810, 4, 29, Status.SNAKE, 0.01
8811, 2, 20, Status.WALL, 0.01
8812, 8, 62, Status.SNAKE, 0.01
8813, 8, 47, Status.SNAKE, 0.01
8814, 1, 10, Status.SNAKE, 0.01
8815, 5, 31, Status.SNAKE, 0.01
8816, 10, 80, Status.SNAKE, 0.01
8817, 9, 67, Status.SNAKE, 0.01
8818, 11, 60, Status.SNAKE, 0.01
8819, 12, 101, Status.WALL, 0.01
8820, 11, 68, Status.SNAKE, 0.01
8821, 7, 54, Status.WALL, 0.01
8822, 7, 73, Status.WALL, 0.01
8823, 3, 17, Status.SNAKE, 0.01
8824, 16, 110, Status.WALL, 0.01
8825, 18, 100, Status.SNAKE, 0.01
8826, 10, 64, Status.SNAKE, 0.01
8827, 11, 74, Status.SNAKE, 0.01
8828, 4, 18, Status.SNAKE, 0.01
8829, 3, 14, Status.WALL, 0.01
8830, 11, 87, Status.SNAKE, 0.01
8831, 10, 59, Status.SNAKE, 0.01
8832, 2, 17, Status.SNAKE, 0.01
8833, 8, 54, Status.SNAKE, 0.01
8834, 4, 25, Status.SNAKE, 0.01
8835, 8, 67, Status.SNAKE, 0.01
8836, 11, 73, Status.WALL, 0.01
8837, 7, 56, Status.WALL, 0.01
8838, 9, 64, Status.SNAKE, 0.01
8839, 11, 64, Status.SNAKE, 0.01
8840, 2, 18, Status.WALL, 0.01
8841, 3, 26, Status.WALL, 0.01
8842, 16, 102, Status.SNAKE, 0.01
8843, 5, 26, Status.SNAKE, 0.01
8844, 16, 99, Status.SNAKE, 0.01
8845, 0, 8, Status.WALL, 0.01
8846, 2, 23, Status.WALL, 0.01
8847, 9, 56, Status.SNAKE, 0.01
8848, 7, 43, Status.SNAKE, 0.01
8849, 6, 35, Status.SNAKE, 0.01
8850, 1, 7, Status.SNAKE, 0.01
8851, 3, 30, Status.WALL, 0.01
8852, 4, 21, Status.SNAKE, 0.01
8853, 5, 37, Status.SNAKE, 0.01
8854, 1, 5, Status.SNAKE, 0.01
8855, 8, 42, Status.SNAKE, 0.01
8856, 9, 52, Status.SNAKE, 0.01
8857, 22, 123, Status.SNAKE, 0.01
8858, 4, 25, Status.SNAKE, 0.01
8859, 7, 53, Status.SNAKE, 0.01
8860, 14, 117, Status.SNAKE, 0.01
8861, 13, 94, Status.SNAKE, 0.01
8862, 9, 78, Status.SNAKE, 0.01
8863, 12, 78, Status.SNAKE, 0.01
8864, 8, 54, Status.SNAKE, 0.01
8865, 8, 53, Status.SNAKE, 0.01
8866, 10, 73, Status.WALL, 0.01
8867, 10, 75, Status.SNAKE, 0.01
8868, 16, 110, Status.SNAKE, 0.01
8869, 10, 84, Status.SNAKE, 0.01
8870, 5, 35, Status.SNAKE, 0.01
8871, 11, 72, Status.SNAKE, 0.01
8872, 13, 76, Status.WALL, 0.01
8873, 9, 72, Status.WALL, 0.01
8874, 1, 7, Status.WALL, 0.01
8875, 4, 15, Status.WALL, 0.01
8876, 3, 17, Status.SNAKE, 0.01
8877, 1, 5, Status.SNAKE, 0.01
8878, 6, 43, Status.SNAKE, 0.01
8879, 14, 89, Status.SNAKE, 0.01
8880, 7, 53, Status.SNAKE, 0.01
8881, 10, 83, Status.SNAKE, 0.01
8882, 1, 7, Status.WALL, 0.01
8883, 12, 97, Status.SNAKE, 0.01
8884, 2, 21, Status.SNAKE, 0.01
8885, 9, 58, Status.SNAKE, 0.01
8886, 13, 104, Status.SNAKE, 0.01
8887, 8, 55, Status.WALL, 0.01
8888, 7, 56, Status.SNAKE, 0.01
8889, 4, 27, Status.SNAKE, 0.01
8890, 1, 7, Status.WALL, 0.01
8891, 7, 29, Status.SNAKE, 0.01
8892, 7, 40, Status.SNAKE, 0.01
8893, 9, 64, Status.WALL, 0.01
8894, 7, 60, Status.WALL, 0.01
8895, 3, 21, Status.WALL, 0.01
8896, 7, 53, Status.WALL, 0.01
8897, 9, 68, Status.SNAKE, 0.01
8898, 8, 49, Status.WALL, 0.01
8899, 7, 52, Status.SNAKE, 0.01
8900, 4, 19, Status.WALL, 0.01
8901, 4, 23, Status.WALL, 0.01
8902, 3, 9, Status.WALL, 0.01
8903, 13, 73, Status.SNAKE, 0.01
8904, 5, 30, Status.SNAKE, 0.01
8905, 2, 7, Status.WALL, 0.01
8906, 13, 85, Status.WALL, 0.01
8907, 14, 109, Status.SNAKE, 0.01
8908, 3, 15, Status.SNAKE, 0.01
8909, 6, 31, Status.WALL, 0.01
8910, 8, 44, Status.WALL, 0.01
8911, 6, 37, Status.SNAKE, 0.01
8912, 9, 64, Status.SNAKE, 0.01
8913, 5, 28, Status.SNAKE, 0.01
8914, 5, 29, Status.SNAKE, 0.01
8915, 11, 90, Status.WALL, 0.01
8916, 4, 22, Status.WALL, 0.01
8917, 3, 22, Status.SNAKE, 0.01
8918, 5, 33, Status.WALL, 0.01
8919, 14, 101, Status.SNAKE, 0.01
8920, 14, 81, Status.WALL, 0.01
8921, 11, 45, Status.WALL, 0.01
8922, 11, 59, Status.SNAKE, 0.01
8923, 5, 39, Status.SNAKE, 0.01
8924, 1, 5, Status.SNAKE, 0.01
8925, 5, 31, Status.WALL, 0.01
8926, 11, 75, Status.SNAKE, 0.01
8927, 2, 18, Status.SNAKE, 0.01
8928, 13, 76, Status.SNAKE, 0.01
8929, 11, 59, Status.SNAKE, 0.01
8930, 11, 79, Status.WALL, 0.01
8931, 11, 65, Status.WALL, 0.01
8932, 19, 141, Status.SNAKE, 0.01
8933, 11, 70, Status.SNAKE, 0.01
8934, 2, 16, Status.SNAKE, 0.01
8935, 14, 101, Status.SNAKE, 0.01
8936, 3, 22, Status.SNAKE, 0.01
8937, 9, 67, Status.SNAKE, 0.01
8938, 9, 70, Status.SNAKE, 0.01
8939, 13, 86, Status.SNAKE, 0.01
8940, 18, 128, Status.WALL, 0.01
8941, 7, 40, Status.WALL, 0.01
8942, 7, 68, Status.WALL, 0.01
8943, 12, 72, Status.SNAKE, 0.01
8944, 11, 92, Status.SNAKE, 0.01
8945, 9, 56, Status.SNAKE, 0.01
8946, 10, 53, Status.WALL, 0.01
8947, 12, 83, Status.SNAKE, 0.01
8948, 12, 87, Status.SNAKE, 0.01
8949, 4, 30, Status.SNAKE, 0.01
8950, 7, 48, Status.WALL, 0.01
8951, 13, 83, Status.SNAKE, 0.01
8952, 5, 33, Status.SNAKE, 0.01
8953, 8, 65, Status.SNAKE, 0.01
8954, 8, 63, Status.SNAKE, 0.01
8955, 9, 61, Status.SNAKE, 0.01
8956, 15, 91, Status.WALL, 0.01
8957, 9, 69, Status.SNAKE, 0.01
8958, 13, 79, Status.SNAKE, 0.01
8959, 15, 124, Status.WALL, 0.01
8960, 3, 19, Status.SNAKE, 0.01
8961, 7, 46, Status.WALL, 0.01
8962, 9, 58, Status.SNAKE, 0.01
8963, 12, 78, Status.WALL, 0.01
8964, 13, 96, Status.SNAKE, 0.01
8965, 9, 51, Status.SNAKE, 0.01
8966, 3, 14, Status.SNAKE, 0.01
8967, 16, 111, Status.WALL, 0.01
8968, 5, 34, Status.WALL, 0.01
8969, 5, 35, Status.SNAKE, 0.01
8970, 15, 123, Status.SNAKE, 0.01
8971, 7, 40, Status.SNAKE, 0.01
8972, 8, 62, Status.SNAKE, 0.01
8973, 16, 98, Status.WALL, 0.01
8974, 4, 28, Status.WALL, 0.01
8975, 6, 38, Status.SNAKE, 0.01
8976, 10, 70, Status.SNAKE, 0.01
8977, 12, 60, Status.SNAKE, 0.01
8978, 10, 78, Status.SNAKE, 0.01
8979, 4, 36, Status.WALL, 0.01
8980, 11, 68, Status.WALL, 0.01
8981, 11, 84, Status.SNAKE, 0.01
8982, 4, 28, Status.WALL, 0.01
8983, 9, 54, Status.SNAKE, 0.01
8984, 5, 30, Status.SNAKE, 0.01
8985, 10, 75, Status.SNAKE, 0.01
8986, 7, 37, Status.SNAKE, 0.01
8987, 11, 85, Status.SNAKE, 0.01
8988, 7, 38, Status.SNAKE, 0.01
8989, 5, 39, Status.SNAKE, 0.01
8990, 10, 54, Status.SNAKE, 0.01
8991, 3, 22, Status.SNAKE, 0.01
8992, 18, 129, Status.SNAKE, 0.01
8993, 6, 41, Status.SNAKE, 0.01
8994, 12, 96, Status.SNAKE, 0.01
8995, 10, 83, Status.SNAKE, 0.01
8996, 12, 99, Status.SNAKE, 0.01
8997, 4, 42, Status.WALL, 0.01
8998, 5, 27, Status.SNAKE, 0.01
8999, 7, 57, Status.SNAKE, 0.01
9000, 12, 90, Status.SNAKE, 0.01
9001, 6, 48, Status.SNAKE, 0.01
9002, 11, 62, Status.WALL, 0.01
9003, 14, 84, Status.SNAKE, 0.01
9004, 8, 63, Status.SNAKE, 0.01
9005, 7, 49, Status.SNAKE, 0.01
9006, 12, 95, Status.SNAKE, 0.01
9007, 6, 49, Status.WALL, 0.01
9008, 10, 64, Status.SNAKE, 0.01
9009, 8, 52, Status.SNAKE, 0.01
9010, 12, 104, Status.SNAKE, 0.01
9011, 11, 99, Status.SNAKE, 0.01
9012, 2, 34, Status.SNAKE, 0.01
9013, 9, 58, Status.SNAKE, 0.01
9014, 10, 81, Status.SNAKE, 0.01
9015, 12, 102, Status.SNAKE, 0.01
9016, 7, 45, Status.SNAKE, 0.01
9017, 8, 74, Status.SNAKE, 0.01
9018, 14, 94, Status.SNAKE, 0.01
9019, 5, 33, Status.SNAKE, 0.01
9020, 9, 88, Status.SNAKE, 0.01
9021, 12, 77, Status.SNAKE, 0.01
9022, 5, 35, Status.SNAKE, 0.01
9023, 3, 26, Status.WALL, 0.01
9024, 6, 58, Status.SNAKE, 0.01
9025, 8, 57, Status.SNAKE, 0.01
9026, 8, 46, Status.WALL, 0.01
9027, 10, 53, Status.WALL, 0.01
9028, 10, 63, Status.SNAKE, 0.01
9029, 13, 85, Status.WALL, 0.01
9030, 8, 64, Status.SNAKE, 0.01
9031, 15, 101, Status.SNAKE, 0.01
9032, 7, 52, Status.SNAKE, 0.01
9033, 3, 20, Status.WALL, 0.01
9034, 18, 140, Status.WALL, 0.01
9035, 10, 76, Status.SNAKE, 0.01
9036, 9, 68, Status.WALL, 0.01
9037, 2, 20, Status.WALL, 0.01
9038, 13, 81, Status.SNAKE, 0.01
9039, 19, 154, Status.SNAKE, 0.01
9040, 11, 70, Status.SNAKE, 0.01
9041, 14, 92, Status.SNAKE, 0.01
9042, 10, 55, Status.SNAKE, 0.01
9043, 3, 16, Status.WALL, 0.01
9044, 7, 49, Status.SNAKE, 0.01
9045, 5, 28, Status.WALL, 0.01
9046, 5, 36, Status.SNAKE, 0.01
9047, 9, 59, Status.SNAKE, 0.01
9048, 4, 25, Status.SNAKE, 0.01
9049, 2, 8, Status.WALL, 0.01
9050, 18, 131, Status.SNAKE, 0.01
9051, 5, 24, Status.WALL, 0.01
9052, 11, 81, Status.SNAKE, 0.01
9053, 7, 71, Status.SNAKE, 0.01
9054, 11, 88, Status.SNAKE, 0.01
9055, 5, 28, Status.SNAKE, 0.01
9056, 3, 18, Status.SNAKE, 0.01
9057, 6, 24, Status.SNAKE, 0.01
9058, 12, 86, Status.SNAKE, 0.01
9059, 2, 26, Status.SNAKE, 0.01
9060, 8, 70, Status.SNAKE, 0.01
9061, 2, 6, Status.SNAKE, 0.01
9062, 6, 37, Status.SNAKE, 0.01
9063, 11, 99, Status.SNAKE, 0.01
9064, 4, 23, Status.SNAKE, 0.01
9065, 6, 36, Status.SNAKE, 0.01
9066, 14, 128, Status.SNAKE, 0.01
9067, 0, 6, Status.WALL, 0.01
9068, 9, 60, Status.SNAKE, 0.01
9069, 14, 76, Status.SNAKE, 0.01
9070, 2, 19, Status.WALL, 0.01
9071, 4, 28, Status.WALL, 0.01
9072, 3, 14, Status.SNAKE, 0.01
9073, 1, 15, Status.WALL, 0.01
9074, 5, 37, Status.SNAKE, 0.01
9075, 6, 49, Status.SNAKE, 0.01
9076, 16, 127, Status.SNAKE, 0.01
9077, 1, 5, Status.SNAKE, 0.01
9078, 6, 50, Status.SNAKE, 0.01
9079, 17, 117, Status.WALL, 0.01
9080, 4, 29, Status.SNAKE, 0.01
9081, 13, 94, Status.SNAKE, 0.01
9082, 9, 45, Status.SNAKE, 0.01
9083, 11, 72, Status.SNAKE, 0.01
9084, 11, 60, Status.SNAKE, 0.01
9085, 5, 33, Status.SNAKE, 0.01
9086, 14, 114, Status.SNAKE, 0.01
9087, 12, 118, Status.SNAKE, 0.01
9088, 17, 123, Status.SNAKE, 0.01
9089, 8, 70, Status.SNAKE, 0.01
9090, 6, 52, Status.WALL, 0.01
9091, 5, 42, Status.SNAKE, 0.01
9092, 14, 70, Status.SNAKE, 0.01
9093, 2, 9, Status.SNAKE, 0.01
9094, 1, 5, Status.SNAKE, 0.01
9095, 3, 23, Status.SNAKE, 0.01
9096, 16, 100, Status.SNAKE, 0.01
9097, 6, 51, Status.SNAKE, 0.01
9098, 12, 74, Status.SNAKE, 0.01
9099, 17, 106, Status.SNAKE, 0.01
9100, 9, 60, Status.SNAKE, 0.01
9101, 19, 156, Status.SNAKE, 0.01
9102, 12, 91, Status.WALL, 0.01
9103, 8, 52, Status.SNAKE, 0.01
9104, 2, 10, Status.SNAKE, 0.01
9105, 13, 101, Status.SNAKE, 0.01
9106, 16, 98, Status.WALL, 0.01
9107, 14, 105, Status.WALL, 0.01
9108, 4, 20, Status.SNAKE, 0.01
9109, 2, 15, Status.SNAKE, 0.01
9110, 16, 108, Status.SNAKE, 0.01
9111, 12, 81, Status.SNAKE, 0.01
9112, 5, 40, Status.WALL, 0.01
9113, 10, 68, Status.SNAKE, 0.01
9114, 10, 60, Status.SNAKE, 0.01
9115, 12, 92, Status.SNAKE, 0.01
9116, 9, 54, Status.SNAKE, 0.01
9117, 14, 88, Status.SNAKE, 0.01
9118, 3, 11, Status.WALL, 0.01
9119, 12, 81, Status.SNAKE, 0.01
9120, 9, 72, Status.SNAKE, 0.01
9121, 8, 66, Status.WALL, 0.01
9122, 18, 108, Status.SNAKE, 0.01
9123, 7, 40, Status.SNAKE, 0.01
9124, 7, 38, Status.SNAKE, 0.01
9125, 1, 3, Status.SNAKE, 0.01
9126, 11, 78, Status.WALL, 0.01
9127, 7, 57, Status.SNAKE, 0.01
9128, 13, 100, Status.SNAKE, 0.01
9129, 14, 95, Status.SNAKE, 0.01
9130, 9, 67, Status.WALL, 0.01
9131, 7, 52, Status.SNAKE, 0.01
9132, 3, 20, Status.SNAKE, 0.01
9133, 7, 59, Status.SNAKE, 0.01
9134, 2, 25, Status.WALL, 0.01
9135, 6, 46, Status.SNAKE, 0.01
9136, 14, 107, Status.SNAKE, 0.01
9137, 19, 95, Status.SNAKE, 0.01
9138, 11, 73, Status.SNAKE, 0.01
9139, 8, 59, Status.SNAKE, 0.01
9140, 7, 64, Status.SNAKE, 0.01
9141, 7, 35, Status.SNAKE, 0.01
9142, 5, 33, Status.SNAKE, 0.01
9143, 16, 117, Status.SNAKE, 0.01
9144, 3, 11, Status.SNAKE, 0.01
9145, 14, 78, Status.SNAKE, 0.01
9146, 7, 36, Status.SNAKE, 0.01
9147, 8, 54, Status.SNAKE, 0.01
9148, 12, 74, Status.SNAKE, 0.01
9149, 12, 84, Status.SNAKE, 0.01
9150, 8, 52, Status.WALL, 0.01
9151, 7, 36, Status.SNAKE, 0.01
9152, 7, 43, Status.WALL, 0.01
9153, 8, 31, Status.WALL, 0.01
9154, 7, 44, Status.SNAKE, 0.01
9155, 10, 78, Status.SNAKE, 0.01
9156, 18, 106, Status.SNAKE, 0.01
9157, 7, 47, Status.WALL, 0.01
9158, 1, 5, Status.SNAKE, 0.01
9159, 11, 66, Status.SNAKE, 0.01
9160, 13, 123, Status.SNAKE, 0.01
9161, 15, 88, Status.SNAKE, 0.01
9162, 4, 43, Status.WALL, 0.01
9163, 2, 18, Status.WALL, 0.01
9164, 8, 51, Status.SNAKE, 0.01
9165, 6, 31, Status.SNAKE, 0.01
9166, 5, 26, Status.SNAKE, 0.01
9167, 5, 32, Status.SNAKE, 0.01
9168, 10, 73, Status.WALL, 0.01
9169, 13, 93, Status.SNAKE, 0.01
9170, 10, 67, Status.SNAKE, 0.01
9171, 11, 77, Status.SNAKE, 0.01
9172, 6, 43, Status.SNAKE, 0.01
9173, 9, 56, Status.SNAKE, 0.01
9174, 7, 38, Status.SNAKE, 0.01
9175, 7, 54, Status.SNAKE, 0.01
9176, 7, 55, Status.SNAKE, 0.01
9177, 6, 45, Status.SNAKE, 0.01
9178, 17, 99, Status.SNAKE, 0.01
9179, 1, 5, Status.SNAKE, 0.01
9180, 1, 5, Status.SNAKE, 0.01
9181, 5, 38, Status.WALL, 0.01
9182, 6, 47, Status.SNAKE, 0.01
9183, 14, 121, Status.WALL, 0.01
9184, 9, 65, Status.SNAKE, 0.01
9185, 11, 79, Status.SNAKE, 0.01
9186, 4, 19, Status.SNAKE, 0.01
9187, 8, 56, Status.SNAKE, 0.01
9188, 13, 115, Status.SNAKE, 0.01
9189, 13, 100, Status.SNAKE, 0.01
9190, 8, 62, Status.SNAKE, 0.01
9191, 3, 31, Status.SNAKE, 0.01
9192, 20, 162, Status.SNAKE, 0.01
9193, 4, 18, Status.SNAKE, 0.01
9194, 8, 51, Status.SNAKE, 0.01
9195, 3, 14, Status.SNAKE, 0.01
9196, 8, 60, Status.SNAKE, 0.01
9197, 4, 26, Status.SNAKE, 0.01
9198, 11, 82, Status.SNAKE, 0.01
9199, 8, 47, Status.SNAKE, 0.01
9200, 12, 85, Status.SNAKE, 0.01
9201, 12, 92, Status.SNAKE, 0.01
9202, 10, 67, Status.SNAKE, 0.01
9203, 4, 20, Status.WALL, 0.01
9204, 15, 92, Status.WALL, 0.01
9205, 5, 26, Status.SNAKE, 0.01
9206, 9, 62, Status.SNAKE, 0.01
9207, 12, 114, Status.SNAKE, 0.01
9208, 1, 8, Status.SNAKE, 0.01
9209, 11, 97, Status.WALL, 0.01
9210, 8, 65, Status.SNAKE, 0.01
9211, 11, 75, Status.SNAKE, 0.01
9212, 13, 81, Status.SNAKE, 0.01
9213, 1, 6, Status.SNAKE, 0.01
9214, 6, 40, Status.SNAKE, 0.01
9215, 9, 64, Status.SNAKE, 0.01
9216, 1, 8, Status.SNAKE, 0.01
9217, 5, 28, Status.SNAKE, 0.01
9218, 13, 75, Status.SNAKE, 0.01
9219, 7, 57, Status.SNAKE, 0.01
9220, 9, 64, Status.SNAKE, 0.01
9221, 10, 53, Status.SNAKE, 0.01
9222, 2, 17, Status.WALL, 0.01
9223, 6, 49, Status.WALL, 0.01
9224, 8, 53, Status.SNAKE, 0.01
9225, 13, 96, Status.SNAKE, 0.01
9226, 13, 77, Status.SNAKE, 0.01
9227, 2, 17, Status.SNAKE, 0.01
9228, 10, 56, Status.SNAKE, 0.01
9229, 12, 72, Status.SNAKE, 0.01
9230, 8, 59, Status.SNAKE, 0.01
9231, 3, 32, Status.SNAKE, 0.01
9232, 5, 41, Status.SNAKE, 0.01
9233, 11, 58, Status.SNAKE, 0.01
9234, 5, 40, Status.SNAKE, 0.01
9235, 7, 52, Status.SNAKE, 0.01
9236, 6, 48, Status.SNAKE, 0.01
9237, 4, 25, Status.WALL, 0.01
9238, 4, 33, Status.WALL, 0.01
9239, 6, 44, Status.SNAKE, 0.01
9240, 12, 65, Status.SNAKE, 0.01
9241, 4, 27, Status.WALL, 0.01
9242, 11, 87, Status.SNAKE, 0.01
9243, 5, 37, Status.SNAKE, 0.01
9244, 9, 53, Status.SNAKE, 0.01
9245, 10, 64, Status.SNAKE, 0.01
9246, 12, 92, Status.SNAKE, 0.01
9247, 10, 73, Status.SNAKE, 0.01
9248, 10, 76, Status.WALL, 0.01
9249, 2, 17, Status.WALL, 0.01
9250, 2, 15, Status.SNAKE, 0.01
9251, 7, 52, Status.SNAKE, 0.01
9252, 3, 22, Status.WALL, 0.01
9253, 10, 59, Status.WALL, 0.01
9254, 5, 59, Status.SNAKE, 0.01
9255, 10, 62, Status.SNAKE, 0.01
9256, 1, 7, Status.SNAKE, 0.01
9257, 11, 81, Status.SNAKE, 0.01
9258, 17, 110, Status.SNAKE, 0.01
9259, 1, 3, Status.SNAKE, 0.01
9260, 1, 5, Status.SNAKE, 0.01
9261, 6, 57, Status.SNAKE, 0.01
9262, 9, 66, Status.SNAKE, 0.01
9263, 10, 62, Status.WALL, 0.01
9264, 4, 22, Status.SNAKE, 0.01
9265, 9, 70, Status.WALL, 0.01
9266, 13, 112, Status.WALL, 0.01
9267, 5, 39, Status.SNAKE, 0.01
9268, 11, 82, Status.SNAKE, 0.01
9269, 18, 120, Status.WALL, 0.01
9270, 12, 71, Status.SNAKE, 0.01
9271, 8, 42, Status.SNAKE, 0.01
9272, 5, 27, Status.SNAKE, 0.01
9273, 9, 57, Status.WALL, 0.01
9274, 14, 93, Status.WALL, 0.01
9275, 10, 53, Status.SNAKE, 0.01
9276, 8, 56, Status.SNAKE, 0.01
9277, 1, 5, Status.SNAKE, 0.01
9278, 15, 117, Status.SNAKE, 0.01
9279, 7, 57, Status.WALL, 0.01
9280, 12, 104, Status.SNAKE, 0.01
9281, 2, 13, Status.SNAKE, 0.01
9282, 6, 37, Status.SNAKE, 0.01
9283, 2, 18, Status.SNAKE, 0.01
9284, 2, 35, Status.SNAKE, 0.01
9285, 17, 101, Status.WALL, 0.01
9286, 8, 51, Status.SNAKE, 0.01
9287, 10, 71, Status.SNAKE, 0.01
9288, 8, 55, Status.SNAKE, 0.01
9289, 4, 24, Status.SNAKE, 0.01
9290, 8, 49, Status.WALL, 0.01
9291, 7, 51, Status.SNAKE, 0.01
9292, 7, 67, Status.WALL, 0.01
9293, 12, 103, Status.SNAKE, 0.01
9294, 3, 19, Status.SNAKE, 0.01
9295, 4, 27, Status.SNAKE, 0.01
9296, 16, 122, Status.SNAKE, 0.01
9297, 7, 52, Status.SNAKE, 0.01
9298, 16, 125, Status.WALL, 0.01
9299, 2, 5, Status.SNAKE, 0.01
9300, 3, 16, Status.SNAKE, 0.01
9301, 1, 8, Status.SNAKE, 0.01
9302, 14, 78, Status.SNAKE, 0.01
9303, 5, 20, Status.WALL, 0.01
9304, 9, 59, Status.SNAKE, 0.01
9305, 6, 45, Status.WALL, 0.01
9306, 9, 88, Status.SNAKE, 0.01
9307, 9, 83, Status.WALL, 0.01
9308, 10, 79, Status.SNAKE, 0.01
9309, 3, 26, Status.WALL, 0.01
9310, 13, 95, Status.SNAKE, 0.01
9311, 9, 66, Status.SNAKE, 0.01
9312, 4, 43, Status.WALL, 0.01
9313, 7, 52, Status.WALL, 0.01
9314, 19, 123, Status.SNAKE, 0.01
9315, 8, 52, Status.SNAKE, 0.01
9316, 19, 144, Status.SNAKE, 0.01
9317, 13, 92, Status.SNAKE, 0.01
9318, 6, 39, Status.SNAKE, 0.01
9319, 4, 29, Status.SNAKE, 0.01
9320, 4, 25, Status.SNAKE, 0.01
9321, 5, 38, Status.SNAKE, 0.01
9322, 3, 27, Status.SNAKE, 0.01
9323, 4, 28, Status.SNAKE, 0.01
9324, 11, 76, Status.SNAKE, 0.01
9325, 12, 108, Status.SNAKE, 0.01
9326, 10, 57, Status.SNAKE, 0.01
9327, 14, 97, Status.SNAKE, 0.01
9328, 11, 72, Status.WALL, 0.01
9329, 1, 6, Status.WALL, 0.01
9330, 15, 111, Status.SNAKE, 0.01
9331, 5, 37, Status.SNAKE, 0.01
9332, 6, 22, Status.SNAKE, 0.01
9333, 4, 32, Status.WALL, 0.01
9334, 4, 27, Status.WALL, 0.01
9335, 13, 100, Status.SNAKE, 0.01
9336, 4, 32, Status.WALL, 0.01
9337, 7, 45, Status.SNAKE, 0.01
9338, 5, 31, Status.SNAKE, 0.01
9339, 5, 34, Status.WALL, 0.01
9340, 7, 43, Status.SNAKE, 0.01
9341, 9, 59, Status.SNAKE, 0.01
9342, 12, 107, Status.SNAKE, 0.01
9343, 10, 59, Status.SNAKE, 0.01
9344, 8, 68, Status.SNAKE, 0.01
9345, 4, 24, Status.WALL, 0.01
9346, 8, 48, Status.WALL, 0.01
9347, 8, 44, Status.WALL, 0.01
9348, 12, 94, Status.SNAKE, 0.01
9349, 4, 34, Status.SNAKE, 0.01
9350, 4, 15, Status.WALL, 0.01
9351, 7, 51, Status.SNAKE, 0.01
9352, 8, 53, Status.SNAKE, 0.01
9353, 18, 154, Status.WALL, 0.01
9354, 3, 21, Status.SNAKE, 0.01
9355, 14, 93, Status.SNAKE, 0.01
9356, 12, 57, Status.SNAKE, 0.01
9357, 1, 4, Status.SNAKE, 0.01
9358, 7, 60, Status.SNAKE, 0.01
9359, 18, 145, Status.SNAKE, 0.01
9360, 6, 41, Status.SNAKE, 0.01
9361, 18, 137, Status.WALL, 0.01
9362, 8, 61, Status.SNAKE, 0.01
9363, 12, 89, Status.SNAKE, 0.01
9364, 7, 40, Status.SNAKE, 0.01
9365, 9, 69, Status.WALL, 0.01
9366, 13, 78, Status.WALL, 0.01
9367, 11, 87, Status.SNAKE, 0.01
9368, 15, 111, Status.SNAKE, 0.01
9369, 9, 97, Status.WALL, 0.01
9370, 11, 86, Status.WALL, 0.01
9371, 1, 5, Status.SNAKE, 0.01
9372, 2, 12, Status.WALL, 0.01
9373, 15, 113, Status.SNAKE, 0.01
9374, 18, 161, Status.SNAKE, 0.01
9375, 12, 83, Status.SNAKE, 0.01
9376, 12, 87, Status.SNAKE, 0.01
9377, 11, 63, Status.WALL, 0.01
9378, 3, 16, Status.WALL, 0.01
9379, 3, 26, Status.WALL, 0.01
9380, 8, 51, Status.SNAKE, 0.01
9381, 7, 58, Status.SNAKE, 0.01
9382, 5, 37, Status.SNAKE, 0.01
9383, 5, 47, Status.SNAKE, 0.01
9384, 10, 68, Status.SNAKE, 0.01
9385, 16, 121, Status.SNAKE, 0.01
9386, 12, 75, Status.SNAKE, 0.01
9387, 10, 58, Status.SNAKE, 0.01
9388, 1, 9, Status.SNAKE, 0.01
9389, 7, 60, Status.WALL, 0.01
9390, 10, 69, Status.SNAKE, 0.01
9391, 13, 73, Status.SNAKE, 0.01
9392, 3, 23, Status.SNAKE, 0.01
9393, 8, 57, Status.SNAKE, 0.01
9394, 14, 99, Status.SNAKE, 0.01
9395, 16, 97, Status.SNAKE, 0.01
9396, 19, 118, Status.WALL, 0.01
9397, 17, 109, Status.SNAKE, 0.01
9398, 8, 62, Status.SNAKE, 0.01
9399, 14, 117, Status.WALL, 0.01
9400, 5, 37, Status.SNAKE, 0.01
9401, 1, 4, Status.WALL, 0.01
9402, 1, 8, Status.SNAKE, 0.01
9403, 8, 50, Status.SNAKE, 0.01
9404, 20, 135, Status.WALL, 0.01
9405, 7, 48, Status.WALL, 0.01
9406, 20, 138, Status.SNAKE, 0.01
9407, 5, 24, Status.SNAKE, 0.01
9408, 1, 7, Status.SNAKE, 0.01
9409, 7, 50, Status.WALL, 0.01
9410, 5, 49, Status.WALL, 0.01
9411, 14, 90, Status.SNAKE, 0.01
9412, 10, 75, Status.SNAKE, 0.01
9413, 7, 55, Status.SNAKE, 0.01
9414, 6, 40, Status.SNAKE, 0.01
9415, 8, 61, Status.SNAKE, 0.01
9416, 1, 5, Status.SNAKE, 0.01
9417, 23, 184, Status.SNAKE, 0.01
9418, 8, 68, Status.WALL, 0.01
9419, 6, 29, Status.SNAKE, 0.01
9420, 12, 112, Status.WALL, 0.01
9421, 11, 71, Status.WALL, 0.01
9422, 5, 44, Status.SNAKE, 0.01
9423, 7, 50, Status.SNAKE, 0.01
9424, 16, 84, Status.SNAKE, 0.01
9425, 13, 91, Status.SNAKE, 0.01
9426, 4, 39, Status.SNAKE, 0.01
9427, 9, 57, Status.WALL, 0.01
9428, 4, 29, Status.SNAKE, 0.01
9429, 7, 46, Status.SNAKE, 0.01
9430, 7, 49, Status.SNAKE, 0.01
9431, 7, 62, Status.SNAKE, 0.01
9432, 12, 79, Status.SNAKE, 0.01
9433, 11, 88, Status.SNAKE, 0.01
9434, 13, 97, Status.SNAKE, 0.01
9435, 13, 106, Status.SNAKE, 0.01
9436, 7, 51, Status.SNAKE, 0.01
9437, 11, 73, Status.SNAKE, 0.01
9438, 8, 57, Status.SNAKE, 0.01
9439, 10, 91, Status.SNAKE, 0.01
9440, 11, 82, Status.SNAKE, 0.01
9441, 10, 65, Status.SNAKE, 0.01
9442, 2, 10, Status.WALL, 0.01
9443, 13, 92, Status.SNAKE, 0.01
9444, 12, 57, Status.SNAKE, 0.01
9445, 7, 44, Status.SNAKE, 0.01
9446, 7, 47, Status.SNAKE, 0.01
9447, 8, 39, Status.SNAKE, 0.01
9448, 9, 53, Status.SNAKE, 0.01
9449, 1, 8, Status.WALL, 0.01
9450, 8, 55, Status.SNAKE, 0.01
9451, 8, 56, Status.SNAKE, 0.01
9452, 5, 39, Status.SNAKE, 0.01
9453, 9, 69, Status.SNAKE, 0.01
9454, 3, 27, Status.WALL, 0.01
9455, 9, 66, Status.SNAKE, 0.01
9456, 5, 43, Status.WALL, 0.01
9457, 12, 99, Status.SNAKE, 0.01
9458, 9, 55, Status.SNAKE, 0.01
9459, 11, 62, Status.WALL, 0.01
9460, 1, 7, Status.SNAKE, 0.01
9461, 10, 50, Status.WALL, 0.01
9462, 9, 56, Status.SNAKE, 0.01
9463, 3, 24, Status.WALL, 0.01
9464, 4, 22, Status.SNAKE, 0.01
9465, 13, 91, Status.SNAKE, 0.01
9466, 9, 73, Status.SNAKE, 0.01
9467, 19, 145, Status.SNAKE, 0.01
9468, 7, 48, Status.SNAKE, 0.01
9469, 14, 105, Status.SNAKE, 0.01
9470, 6, 33, Status.SNAKE, 0.01
9471, 5, 19, Status.SNAKE, 0.01
9472, 10, 70, Status.WALL, 0.01
9473, 3, 21, Status.SNAKE, 0.01
9474, 3, 26, Status.WALL, 0.01
9475, 11, 64, Status.SNAKE, 0.01
9476, 4, 26, Status.SNAKE, 0.01
9477, 9, 64, Status.WALL, 0.01
9478, 14, 107, Status.WALL, 0.01
9479, 11, 79, Status.SNAKE, 0.01
9480, 4, 36, Status.WALL, 0.01
9481, 6, 29, Status.SNAKE, 0.01
9482, 8, 56, Status.SNAKE, 0.01
9483, 12, 66, Status.SNAKE, 0.01
9484, 11, 61, Status.SNAKE, 0.01
9485, 7, 50, Status.SNAKE, 0.01
9486, 9, 74, Status.WALL, 0.01
9487, 8, 54, Status.SNAKE, 0.01
9488, 12, 83, Status.SNAKE, 0.01
9489, 1, 8, Status.SNAKE, 0.01
9490, 5, 49, Status.SNAKE, 0.01
9491, 10, 92, Status.WALL, 0.01
9492, 10, 74, Status.WALL, 0.01
9493, 13, 81, Status.WALL, 0.01
9494, 4, 21, Status.SNAKE, 0.01
9495, 8, 63, Status.SNAKE, 0.01
9496, 9, 75, Status.SNAKE, 0.01
9497, 9, 72, Status.SNAKE, 0.01
9498, 9, 51, Status.SNAKE, 0.01
9499, 17, 136, Status.SNAKE, 0.01
9500, 8, 54, Status.SNAKE, 0.01
9501, 6, 55, Status.SNAKE, 0.01
9502, 15, 99, Status.SNAKE, 0.01
9503, 7, 46, Status.SNAKE, 0.01
9504, 6, 32, Status.WALL, 0.01
9505, 10, 71, Status.SNAKE, 0.01
9506, 13, 103, Status.SNAKE, 0.01
9507, 11, 58, Status.SNAKE, 0.01
9508, 2, 18, Status.SNAKE, 0.01
9509, 9, 63, Status.SNAKE, 0.01
9510, 13, 97, Status.SNAKE, 0.01
9511, 6, 50, Status.SNAKE, 0.01
9512, 1, 6, Status.SNAKE, 0.01
9513, 8, 58, Status.WALL, 0.01
9514, 1, 3, Status.SNAKE, 0.01
9515, 5, 31, Status.SNAKE, 0.01
9516, 7, 59, Status.SNAKE, 0.01
9517, 7, 63, Status.SNAKE, 0.01
9518, 6, 24, Status.SNAKE, 0.01
9519, 5, 31, Status.WALL, 0.01
9520, 1, 3, Status.SNAKE, 0.01
9521, 1, 9, Status.SNAKE, 0.01
9522, 3, 23, Status.WALL, 0.01
9523, 3, 19, Status.SNAKE, 0.01
9524, 3, 24, Status.SNAKE, 0.01
9525, 7, 48, Status.SNAKE, 0.01
9526, 6, 36, Status.WALL, 0.01
9527, 19, 121, Status.SNAKE, 0.01
9528, 11, 81, Status.SNAKE, 0.01
9529, 1, 8, Status.SNAKE, 0.01
9530, 8, 46, Status.SNAKE, 0.01
9531, 9, 53, Status.SNAKE, 0.01
9532, 5, 48, Status.SNAKE, 0.01
9533, 15, 93, Status.SNAKE, 0.01
9534, 9, 68, Status.SNAKE, 0.01
9535, 10, 88, Status.SNAKE, 0.01
9536, 2, 13, Status.WALL, 0.01
9537, 0, 6, Status.WALL, 0.01
9538, 14, 110, Status.SNAKE, 0.01
9539, 19, 112, Status.SNAKE, 0.01
9540, 5, 45, Status.SNAKE, 0.01
9541, 12, 100, Status.SNAKE, 0.01
9542, 8, 63, Status.WALL, 0.01
9543, 7, 43, Status.SNAKE, 0.01
9544, 5, 35, Status.SNAKE, 0.01
9545, 9, 50, Status.SNAKE, 0.01
9546, 13, 84, Status.SNAKE, 0.01
9547, 18, 126, Status.WALL, 0.01
9548, 15, 109, Status.SNAKE, 0.01
9549, 4, 26, Status.SNAKE, 0.01
9550, 10, 80, Status.SNAKE, 0.01
9551, 7, 48, Status.SNAKE, 0.01
9552, 12, 79, Status.SNAKE, 0.01
9553, 2, 12, Status.WALL, 0.01
9554, 9, 45, Status.SNAKE, 0.01
9555, 9, 64, Status.SNAKE, 0.01
9556, 15, 98, Status.WALL, 0.01
9557, 15, 104, Status.SNAKE, 0.01
9558, 16, 134, Status.SNAKE, 0.01
9559, 2, 14, Status.SNAKE, 0.01
9560, 8, 44, Status.SNAKE, 0.01
9561, 7, 51, Status.SNAKE, 0.01
9562, 10, 79, Status.SNAKE, 0.01
9563, 3, 14, Status.SNAKE, 0.01
9564, 5, 36, Status.SNAKE, 0.01
9565, 12, 84, Status.SNAKE, 0.01
9566, 8, 44, Status.SNAKE, 0.01
9567, 9, 58, Status.SNAKE, 0.01
9568, 12, 82, Status.SNAKE, 0.01
9569, 4, 38, Status.SNAKE, 0.01
9570, 12, 76, Status.WALL, 0.01
9571, 5, 56, Status.SNAKE, 0.01
9572, 16, 95, Status.SNAKE, 0.01
9573, 6, 32, Status.WALL, 0.01
9574, 5, 25, Status.WALL, 0.01
9575, 5, 34, Status.SNAKE, 0.01
9576, 5, 35, Status.SNAKE, 0.01
9577, 8, 45, Status.WALL, 0.01
9578, 15, 94, Status.SNAKE, 0.01
9579, 11, 66, Status.SNAKE, 0.01
9580, 7, 39, Status.SNAKE, 0.01
9581, 12, 72, Status.SNAKE, 0.01
9582, 16, 126, Status.SNAKE, 0.01
9583, 12, 74, Status.SNAKE, 0.01
9584, 8, 52, Status.SNAKE, 0.01
9585, 15, 85, Status.SNAKE, 0.01
9586, 11, 63, Status.SNAKE, 0.01
9587, 3, 16, Status.SNAKE, 0.01
9588, 10, 85, Status.SNAKE, 0.01
9589, 7, 44, Status.SNAKE, 0.01
9590, 12, 104, Status.SNAKE, 0.01
9591, 10, 69, Status.SNAKE, 0.01
9592, 6, 45, Status.SNAKE, 0.01
9593, 1, 3, Status.SNAKE, 0.01
9594, 14, 122, Status.SNAKE, 0.01
9595, 3, 14, Status.SNAKE, 0.01
9596, 6, 51, Status.SNAKE, 0.01
9597, 7, 62, Status.SNAKE, 0.01
9598, 9, 71, Status.SNAKE, 0.01
9599, 9, 82, Status.SNAKE, 0.01
9600, 8, 50, Status.WALL, 0.01
9601, 9, 69, Status.WALL, 0.01
9602, 3, 25, Status.SNAKE, 0.01
9603, 2, 16, Status.SNAKE, 0.01
9604, 4, 21, Status.WALL, 0.01
9605, 16, 142, Status.SNAKE, 0.01
9606, 12, 106, Status.SNAKE, 0.01
9607, 15, 101, Status.WALL, 0.01
9608, 6, 38, Status.WALL, 0.01
9609, 8, 50, Status.SNAKE, 0.01
9610, 3, 31, Status.SNAKE, 0.01
9611, 16, 92, Status.SNAKE, 0.01
9612, 6, 43, Status.WALL, 0.01
9613, 2, 17, Status.SNAKE, 0.01
9614, 9, 53, Status.SNAKE, 0.01
9615, 17, 135, Status.SNAKE, 0.01
9616, 11, 83, Status.SNAKE, 0.01
9617, 1, 10, Status.WALL, 0.01
9618, 2, 9, Status.WALL, 0.01
9619, 8, 65, Status.SNAKE, 0.01
9620, 17, 136, Status.SNAKE, 0.01
9621, 5, 27, Status.SNAKE, 0.01
9622, 7, 39, Status.SNAKE, 0.01
9623, 2, 8, Status.WALL, 0.01
9624, 10, 67, Status.WALL, 0.01
9625, 1, 8, Status.SNAKE, 0.01
9626, 5, 21, Status.WALL, 0.01
9627, 3, 14, Status.SNAKE, 0.01
9628, 1, 8, Status.WALL, 0.01
9629, 10, 66, Status.WALL, 0.01
9630, 1, 6, Status.WALL, 0.01
9631, 8, 57, Status.SNAKE, 0.01
9632, 5, 34, Status.SNAKE, 0.01
9633, 9, 54, Status.WALL, 0.01
9634, 4, 30, Status.SNAKE, 0.01
9635, 7, 46, Status.SNAKE, 0.01
9636, 10, 68, Status.SNAKE, 0.01
9637, 8, 42, Status.WALL, 0.01
9638, 9, 65, Status.SNAKE, 0.01
9639, 18, 98, Status.WALL, 0.01
9640, 12, 99, Status.SNAKE, 0.01
9641, 5, 28, Status.SNAKE, 0.01
9642, 11, 93, Status.SNAKE, 0.01
9643, 12, 97, Status.SNAKE, 0.01
9644, 11, 82, Status.SNAKE, 0.01
9645, 7, 44, Status.SNAKE, 0.01
9646, 14, 121, Status.SNAKE, 0.01
9647, 14, 69, Status.SNAKE, 0.01
9648, 10, 60, Status.SNAKE, 0.01
9649, 3, 28, Status.WALL, 0.01
9650, 4, 24, Status.SNAKE, 0.01
9651, 1, 7, Status.SNAKE, 0.01
9652, 6, 39, Status.SNAKE, 0.01
9653, 9, 51, Status.SNAKE, 0.01
9654, 9, 56, Status.SNAKE, 0.01
9655, 5, 38, Status.SNAKE, 0.01
9656, 4, 25, Status.SNAKE, 0.01
9657, 4, 29, Status.SNAKE, 0.01
9658, 1, 8, Status.SNAKE, 0.01
9659, 7, 50, Status.WALL, 0.01
9660, 9, 61, Status.WALL, 0.01
9661, 11, 82, Status.WALL, 0.01
9662, 6, 29, Status.SNAKE, 0.01
9663, 10, 68, Status.SNAKE, 0.01
9664, 10, 63, Status.SNAKE, 0.01
9665, 7, 59, Status.WALL, 0.01
9666, 6, 40, Status.SNAKE, 0.01
9667, 10, 69, Status.SNAKE, 0.01
9668, 10, 80, Status.SNAKE, 0.01
9669, 0, 6, Status.WALL, 0.01
9670, 10, 64, Status.WALL, 0.01
9671, 8, 55, Status.SNAKE, 0.01
9672, 9, 75, Status.SNAKE, 0.01
9673, 11, 81, Status.SNAKE, 0.01
9674, 5, 30, Status.SNAKE, 0.01
9675, 7, 54, Status.SNAKE, 0.01
9676, 19, 147, Status.SNAKE, 0.01
9677, 8, 50, Status.SNAKE, 0.01
9678, 4, 26, Status.WALL, 0.01
9679, 10, 70, Status.WALL, 0.01
9680, 6, 38, Status.SNAKE, 0.01
9681, 1, 7, Status.WALL, 0.01
9682, 11, 74, Status.WALL, 0.01
9683, 13, 84, Status.WALL, 0.01
9684, 12, 73, Status.WALL, 0.01
9685, 2, 22, Status.SNAKE, 0.01
9686, 9, 65, Status.WALL, 0.01
9687, 11, 84, Status.SNAKE, 0.01
9688, 7, 45, Status.SNAKE, 0.01
9689, 5, 38, Status.WALL, 0.01
9690, 3, 10, Status.WALL, 0.01
9691, 12, 108, Status.SNAKE, 0.01
9692, 9, 69, Status.SNAKE, 0.01
9693, 11, 74, Status.WALL, 0.01
9694, 11, 80, Status.SNAKE, 0.01
9695, 15, 112, Status.SNAKE, 0.01
9696, 2, 26, Status.WALL, 0.01
9697, 16, 132, Status.WALL, 0.01
9698, 10, 62, Status.SNAKE, 0.01
9699, 8, 63, Status.SNAKE, 0.01
9700, 7, 42, Status.WALL, 0.01
9701, 3, 19, Status.SNAKE, 0.01
9702, 1, 7, Status.WALL, 0.01
9703, 3, 23, Status.WALL, 0.01
9704, 10, 77, Status.SNAKE, 0.01
9705, 12, 87, Status.SNAKE, 0.01
9706, 7, 52, Status.SNAKE, 0.01
9707, 13, 91, Status.SNAKE, 0.01
9708, 11, 64, Status.SNAKE, 0.01
9709, 7, 43, Status.SNAKE, 0.01
9710, 10, 88, Status.SNAKE, 0.01
9711, 6, 41, Status.SNAKE, 0.01
9712, 4, 32, Status.WALL, 0.01
9713, 7, 39, Status.SNAKE, 0.01
9714, 5, 31, Status.WALL, 0.01
9715, 12, 86, Status.WALL, 0.01
9716, 6, 29, Status.WALL, 0.01
9717, 21, 151, Status.SNAKE, 0.01
9718, 22, 156, Status.SNAKE, 0.01
9719, 11, 86, Status.SNAKE, 0.01
9720, 11, 64, Status.SNAKE, 0.01
9721, 10, 69, Status.WALL, 0.01
9722, 7, 50, Status.SNAKE, 0.01
9723, 4, 23, Status.WALL, 0.01
9724, 11, 65, Status.SNAKE, 0.01
9725, 6, 36, Status.SNAKE, 0.01
9726, 2, 4, Status.SNAKE, 0.01
9727, 4, 16, Status.SNAKE, 0.01
9728, 5, 42, Status.WALL, 0.01
9729, 10, 69, Status.SNAKE, 0.01
9730, 6, 38, Status.SNAKE, 0.01
9731, 10, 64, Status.SNAKE, 0.01
9732, 10, 84, Status.WALL, 0.01
9733, 11, 81, Status.SNAKE, 0.01
9734, 10, 64, Status.WALL, 0.01
9735, 9, 59, Status.WALL, 0.01
9736, 3, 20, Status.SNAKE, 0.01
9737, 9, 84, Status.WALL, 0.01
9738, 14, 82, Status.SNAKE, 0.01
9739, 11, 45, Status.SNAKE, 0.01
9740, 5, 36, Status.SNAKE, 0.01
9741, 6, 46, Status.SNAKE, 0.01
9742, 1, 5, Status.SNAKE, 0.01
9743, 14, 88, Status.SNAKE, 0.01
9744, 12, 92, Status.SNAKE, 0.01
9745, 7, 41, Status.SNAKE, 0.01
9746, 9, 73, Status.SNAKE, 0.01
9747, 8, 56, Status.WALL, 0.01
9748, 16, 106, Status.SNAKE, 0.01
9749, 7, 61, Status.SNAKE, 0.01
9750, 11, 58, Status.SNAKE, 0.01
9751, 4, 25, Status.SNAKE, 0.01
9752, 4, 38, Status.SNAKE, 0.01
9753, 2, 13, Status.SNAKE, 0.01
9754, 15, 118, Status.SNAKE, 0.01
9755, 7, 60, Status.SNAKE, 0.01
9756, 5, 39, Status.WALL, 0.01
9757, 12, 60, Status.WALL, 0.01
9758, 17, 125, Status.SNAKE, 0.01
9759, 7, 47, Status.SNAKE, 0.01
9760, 9, 63, Status.SNAKE, 0.01
9761, 12, 120, Status.SNAKE, 0.01
9762, 4, 25, Status.SNAKE, 0.01
9763, 13, 71, Status.SNAKE, 0.01
9764, 6, 50, Status.SNAKE, 0.01
9765, 3, 30, Status.SNAKE, 0.01
9766, 2, 8, Status.WALL, 0.01
9767, 11, 81, Status.SNAKE, 0.01
9768, 14, 76, Status.SNAKE, 0.01
9769, 7, 37, Status.WALL, 0.01
9770, 8, 61, Status.WALL, 0.01
9771, 7, 52, Status.SNAKE, 0.01
9772, 3, 32, Status.SNAKE, 0.01
9773, 5, 25, Status.SNAKE, 0.01
9774, 3, 17, Status.SNAKE, 0.01
9775, 0, 6, Status.WALL, 0.01
9776, 20, 139, Status.SNAKE, 0.01
9777, 1, 3, Status.SNAKE, 0.01
9778, 10, 60, Status.WALL, 0.01
9779, 1, 5, Status.SNAKE, 0.01
9780, 3, 15, Status.WALL, 0.01
9781, 7, 51, Status.SNAKE, 0.01
9782, 2, 12, Status.WALL, 0.01
9783, 2, 21, Status.SNAKE, 0.01
9784, 9, 50, Status.SNAKE, 0.01
9785, 10, 83, Status.SNAKE, 0.01
9786, 4, 21, Status.SNAKE, 0.01
9787, 1, 5, Status.SNAKE, 0.01
9788, 5, 31, Status.SNAKE, 0.01
9789, 14, 90, Status.SNAKE, 0.01
9790, 3, 13, Status.SNAKE, 0.01
9791, 1, 8, Status.SNAKE, 0.01
9792, 2, 18, Status.WALL, 0.01
9793, 3, 10, Status.WALL, 0.01
9794, 12, 90, Status.SNAKE, 0.01
9795, 10, 60, Status.WALL, 0.01
9796, 10, 62, Status.WALL, 0.01
9797, 14, 85, Status.SNAKE, 0.01
9798, 21, 123, Status.SNAKE, 0.01
9799, 7, 38, Status.WALL, 0.01
9800, 4, 43, Status.SNAKE, 0.01
9801, 1, 11, Status.WALL, 0.01
9802, 5, 55, Status.SNAKE, 0.01
9803, 8, 57, Status.SNAKE, 0.01
9804, 7, 46, Status.SNAKE, 0.01
9805, 5, 23, Status.SNAKE, 0.01
9806, 16, 113, Status.SNAKE, 0.01
9807, 10, 81, Status.SNAKE, 0.01
9808, 11, 62, Status.SNAKE, 0.01
9809, 3, 21, Status.SNAKE, 0.01
9810, 6, 32, Status.SNAKE, 0.01
9811, 7, 45, Status.WALL, 0.01
9812, 9, 71, Status.SNAKE, 0.01
9813, 14, 84, Status.SNAKE, 0.01
9814, 1, 12, Status.SNAKE, 0.01
9815, 9, 62, Status.SNAKE, 0.01
9816, 6, 37, Status.SNAKE, 0.01
9817, 9, 56, Status.SNAKE, 0.01
9818, 1, 8, Status.SNAKE, 0.01
9819, 9, 41, Status.SNAKE, 0.01
9820, 10, 53, Status.SNAKE, 0.01
9821, 4, 30, Status.WALL, 0.01
9822, 12, 75, Status.WALL, 0.01
9823, 4, 29, Status.SNAKE, 0.01
9824, 8, 51, Status.SNAKE, 0.01
9825, 4, 15, Status.SNAKE, 0.01
9826, 2, 22, Status.WALL, 0.01
9827, 7, 62, Status.SNAKE, 0.01
9828, 16, 98, Status.SNAKE, 0.01
9829, 7, 35, Status.SNAKE, 0.01
9830, 13, 90, Status.SNAKE, 0.01
9831, 9, 54, Status.WALL, 0.01
9832, 9, 73, Status.SNAKE, 0.01
9833, 8, 46, Status.SNAKE, 0.01
9834, 4, 23, Status.SNAKE, 0.01
9835, 3, 17, Status.SNAKE, 0.01
9836, 2, 8, Status.WALL, 0.01
9837, 12, 90, Status.SNAKE, 0.01
9838, 1, 8, Status.SNAKE, 0.01
9839, 1, 9, Status.WALL, 0.01
9840, 11, 56, Status.SNAKE, 0.01
9841, 10, 90, Status.SNAKE, 0.01
9842, 19, 134, Status.SNAKE, 0.01
9843, 9, 81, Status.WALL, 0.01
9844, 16, 120, Status.SNAKE, 0.01
9845, 6, 34, Status.SNAKE, 0.01
9846, 4, 23, Status.SNAKE, 0.01
9847, 1, 3, Status.SNAKE, 0.01
9848, 7, 59, Status.WALL, 0.01
9849, 1, 3, Status.SNAKE, 0.01
9850, 1, 3, Status.SNAKE, 0.01
9851, 13, 102, Status.SNAKE, 0.01
9852, 7, 48, Status.SNAKE, 0.01
9853, 5, 36, Status.WALL, 0.01
9854, 3, 19, Status.SNAKE, 0.01
9855, 5, 30, Status.SNAKE, 0.01
9856, 1, 5, Status.SNAKE, 0.01
9857, 12, 70, Status.SNAKE, 0.01
9858, 6, 60, Status.SNAKE, 0.01
9859, 15, 107, Status.SNAKE, 0.01
9860, 1, 3, Status.SNAKE, 0.01
9861, 14, 105, Status.WALL, 0.01
9862, 9, 67, Status.SNAKE, 0.01
9863, 10, 79, Status.SNAKE, 0.01
9864, 1, 13, Status.WALL, 0.01
9865, 1, 8, Status.WALL, 0.01
9866, 12, 101, Status.WALL, 0.01
9867, 10, 60, Status.SNAKE, 0.01
9868, 8, 51, Status.SNAKE, 0.01
9869, 12, 81, Status.SNAKE, 0.01
9870, 13, 88, Status.WALL, 0.01
9871, 6, 46, Status.WALL, 0.01
9872, 3, 22, Status.WALL, 0.01
9873, 4, 21, Status.WALL, 0.01
9874, 8, 49, Status.SNAKE, 0.01
9875, 3, 10, Status.SNAKE, 0.01
9876, 6, 61, Status.SNAKE, 0.01
9877, 10, 65, Status.SNAKE, 0.01
9878, 7, 64, Status.WALL, 0.01
9879, 10, 67, Status.SNAKE, 0.01
9880, 7, 43, Status.SNAKE, 0.01
9881, 4, 23, Status.SNAKE, 0.01
9882, 1, 7, Status.SNAKE, 0.01
9883, 1, 7, Status.SNAKE, 0.01
9884, 11, 81, Status.SNAKE, 0.01
9885, 13, 93, Status.SNAKE, 0.01
9886, 18, 129, Status.SNAKE, 0.01
9887, 7, 45, Status.WALL, 0.01
9888, 2, 14, Status.WALL, 0.01
9889, 6, 61, Status.SNAKE, 0.01
9890, 1, 7, Status.SNAKE, 0.01
9891, 12, 97, Status.WALL, 0.01
9892, 5, 45, Status.WALL, 0.01
9893, 7, 52, Status.SNAKE, 0.01
9894, 5, 25, Status.SNAKE, 0.01
9895, 11, 93, Status.SNAKE, 0.01
9896, 4, 38, Status.SNAKE, 0.01
9897, 3, 28, Status.WALL, 0.01
9898, 13, 74, Status.SNAKE, 0.01
9899, 4, 21, Status.SNAKE, 0.01
9900, 12, 77, Status.WALL, 0.01
9901, 9, 72, Status.SNAKE, 0.01
9902, 1, 3, Status.SNAKE, 0.01
9903, 1, 8, Status.WALL, 0.01
9904, 12, 86, Status.SNAKE, 0.01
9905, 8, 62, Status.SNAKE, 0.01
9906, 8, 50, Status.SNAKE, 0.01
9907, 1, 7, Status.SNAKE, 0.01
9908, 6, 44, Status.WALL, 0.01
9909, 3, 10, Status.SNAKE, 0.01
9910, 14, 76, Status.SNAKE, 0.01
9911, 4, 21, Status.SNAKE, 0.01
9912, 6, 29, Status.SNAKE, 0.01
9913, 4, 24, Status.WALL, 0.01
9914, 17, 110, Status.SNAKE, 0.01
9915, 7, 44, Status.SNAKE, 0.01
9916, 18, 128, Status.WALL, 0.01
9917, 14, 129, Status.SNAKE, 0.01
9918, 15, 103, Status.SNAKE, 0.01
9919, 14, 110, Status.WALL, 0.01
9920, 5, 30, Status.SNAKE, 0.01
9921, 5, 43, Status.SNAKE, 0.01
9922, 5, 31, Status.WALL, 0.01
9923, 8, 25, Status.SNAKE, 0.01
9924, 1, 8, Status.WALL, 0.01
9925, 9, 64, Status.SNAKE, 0.01
9926, 15, 94, Status.SNAKE, 0.01
9927, 2, 18, Status.WALL, 0.01
9928, 9, 68, Status.SNAKE, 0.01
9929, 1, 11, Status.WALL, 0.01
9930, 1, 3, Status.SNAKE, 0.01
9931, 11, 80, Status.SNAKE, 0.01
9932, 4, 18, Status.SNAKE, 0.01
9933, 7, 43, Status.SNAKE, 0.01
9934, 7, 53, Status.SNAKE, 0.01
9935, 11, 95, Status.SNAKE, 0.01
9936, 9, 71, Status.SNAKE, 0.01
9937, 6, 43, Status.SNAKE, 0.01
9938, 9, 65, Status.SNAKE, 0.01
9939, 9, 48, Status.SNAKE, 0.01
9940, 6, 31, Status.SNAKE, 0.01
9941, 11, 75, Status.SNAKE, 0.01
9942, 2, 21, Status.WALL, 0.01
9943, 13, 94, Status.SNAKE, 0.01
9944, 3, 32, Status.SNAKE, 0.01
9945, 1, 6, Status.SNAKE, 0.01
9946, 15, 87, Status.SNAKE, 0.01
9947, 3, 34, Status.WALL, 0.01
9948, 11, 83, Status.SNAKE, 0.01
9949, 8, 74, Status.WALL, 0.01
9950, 13, 97, Status.SNAKE, 0.01
9951, 2, 10, Status.SNAKE, 0.01
9952, 4, 30, Status.WALL, 0.01
9953, 9, 46, Status.SNAKE, 0.01
9954, 5, 41, Status.WALL, 0.01
9955, 5, 43, Status.WALL, 0.01
9956, 15, 102, Status.WALL, 0.01
9957, 3, 20, Status.SNAKE, 0.01
9958, 9, 67, Status.SNAKE, 0.01
9959, 3, 21, Status.SNAKE, 0.01
9960, 17, 135, Status.WALL, 0.01
9961, 9, 68, Status.SNAKE, 0.01
9962, 9, 52, Status.SNAKE, 0.01
9963, 12, 89, Status.SNAKE, 0.01
9964, 11, 75, Status.SNAKE, 0.01
9965, 10, 79, Status.SNAKE, 0.01
9966, 13, 93, Status.SNAKE, 0.01
9967, 7, 55, Status.SNAKE, 0.01
9968, 6, 38, Status.SNAKE, 0.01
9969, 4, 22, Status.SNAKE, 0.01
9970, 4, 26, Status.SNAKE, 0.01
9971, 8, 58, Status.SNAKE, 0.01
9972, 8, 60, Status.SNAKE, 0.01
9973, 7, 57, Status.SNAKE, 0.01
9974, 19, 121, Status.SNAKE, 0.01
9975, 1, 3, Status.SNAKE, 0.01
9976, 5, 43, Status.WALL, 0.01
9977, 17, 99, Status.SNAKE, 0.01
9978, 9, 69, Status.SNAKE, 0.01
9979, 4, 36, Status.SNAKE, 0.01
9980, 1, 7, Status.WALL, 0.01
9981, 8, 78, Status.SNAKE, 0.01
9982, 4, 17, Status.SNAKE, 0.01
9983, 8, 57, Status.SNAKE, 0.01
9984, 4, 12, Status.SNAKE, 0.01
9985, 3, 24, Status.SNAKE, 0.01
9986, 9, 67, Status.SNAKE, 0.01
9987, 5, 33, Status.SNAKE, 0.01
9988, 6, 48, Status.WALL, 0.01
9989, 5, 20, Status.SNAKE, 0.01
9990, 12, 71, Status.SNAKE, 0.01
9991, 7, 70, Status.SNAKE, 0.01
9992, 6, 35, Status.SNAKE, 0.01
9993, 13, 70, Status.WALL, 0.01
9994, 20, 122, Status.SNAKE, 0.01
9995, 7, 57, Status.SNAKE, 0.01
9996, 12, 78, Status.SNAKE, 0.01
9997, 8, 70, Status.SNAKE, 0.01
9998, 17, 101, Status.SNAKE, 0.01
9999, 15, 108, Status.SNAKE, 0.01
10000, 10, 56, Status.SNAKE, 0.01
