Episode,Score,Total Steps,Death,Epsilon
1, 0, 8, Status.WALL, 1.0
2, 0, 8, Status.WALL, 0.995
3, 0, 21, Status.WALL, 0.990025
4, 0, 17, Status.WALL, 0.985074875
5, 0, 8, Status.WALL, 0.9801495006250001
6, 0, 17, Status.WALL, 0.9752487531218751
7, 0, 10, Status.WALL, 0.9703725093562657
8, 0, 5, Status.WALL, 0.9655206468094844
9, 0, 4, Status.WALL, 0.960693043575437
10, 0, 20, Status.WALL, 0.9558895783575597
11, 0, 14, Status.WALL, 0.9511101304657719
12, 0, 24, Status.WALL, 0.946354579813443
13, 0, 11, Status.WALL, 0.9416228069143757
14, 0, 9, Status.WALL, 0.9369146928798039
15, 0, 8, Status.WALL, 0.9322301194154049
16, 1, 22, Status.SNAKE, 0.9275689688183278
17, 0, 10, Status.WALL, 0.9229311239742362
18, 0, 15, Status.WALL, 0.918316468354365
19, 0, 14, Status.WALL, 0.9137248860125932
20, 0, 13, Status.WALL, 0.9091562615825302
21, 0, 6, Status.WALL, 0.9046104802746175
22, 0, 29, Status.WALL, 0.9000874278732445
23, 0, 10, Status.WALL, 0.8955869907338783
24, 0, 33, Status.WALL, 0.8911090557802088
25, 0, 8, Status.WALL, 0.8866535105013078
26, 0, 49, Status.WALL, 0.8822202429488013
27, 0, 4, Status.WALL, 0.8778091417340573
28, 0, 35, Status.WALL, 0.8734200960253871
29, 1, 4, Status.SNAKE, 0.8690529955452602
30, 0, 13, Status.WALL, 0.8647077305675338
31, 1, 22, Status.SNAKE, 0.8603841919146962
32, 0, 11, Status.WALL, 0.8560822709551227
33, 0, 15, Status.WALL, 0.851801859600347
34, 0, 5, Status.WALL, 0.8475428503023453
35, 0, 6, Status.WALL, 0.8433051360508336
36, 0, 13, Status.WALL, 0.8390886103705794
37, 0, 6, Status.WALL, 0.8348931673187264
38, 0, 15, Status.WALL, 0.8307187014821328
39, 0, 22, Status.WALL, 0.8265651079747222
40, 0, 13, Status.WALL, 0.8224322824348486
41, 0, 18, Status.WALL, 0.8183201210226743
42, 0, 8, Status.WALL, 0.8142285204175609
43, 0, 8, Status.WALL, 0.810157377815473
44, 0, 9, Status.WALL, 0.8061065909263957
45, 1, 3, Status.SNAKE, 0.8020760579717637
46, 0, 12, Status.WALL, 0.798065677681905
47, 0, 8, Status.WALL, 0.7940753492934954
48, 1, 10, Status.WALL, 0.7901049725470279
49, 1, 5, Status.WALL, 0.7861544476842928
50, 0, 17, Status.WALL, 0.7822236754458713
51, 1, 30, Status.WALL, 0.778312557068642
52, 0, 7, Status.WALL, 0.7744209942832988
53, 0, 5, Status.WALL, 0.7705488893118823
54, 1, 36, Status.SNAKE, 0.7666961448653229
55, 0, 6, Status.WALL, 0.7628626641409962
56, 0, 11, Status.WALL, 0.7590483508202912
57, 0, 11, Status.WALL, 0.7552531090661897
58, 1, 24, Status.WALL, 0.7514768435208588
59, 1, 8, Status.WALL, 0.7477194593032545
60, 0, 23, Status.WALL, 0.7439808620067382
61, 0, 20, Status.WALL, 0.7402609576967045
62, 0, 33, Status.WALL, 0.736559652908221
63, 0, 28, Status.WALL, 0.7328768546436799
64, 1, 5, Status.SNAKE, 0.7292124703704616
65, 0, 10, Status.WALL, 0.7255664080186093
66, 1, 8, Status.WALL, 0.7219385759785162
67, 0, 15, Status.WALL, 0.7183288830986236
68, 1, 14, Status.WALL, 0.7147372386831305
69, 0, 7, Status.WALL, 0.7111635524897149
70, 0, 12, Status.WALL, 0.7076077347272662
71, 0, 10, Status.WALL, 0.7040696960536299
72, 1, 17, Status.SNAKE, 0.7005493475733617
73, 0, 21, Status.WALL, 0.697046600835495
74, 0, 12, Status.WALL, 0.6935613678313175
75, 0, 15, Status.WALL, 0.6900935609921609
76, 0, 20, Status.WALL, 0.6866430931872001
77, 1, 19, Status.SNAKE, 0.6832098777212641
78, 0, 20, Status.WALL, 0.6797938283326578
79, 2, 35, Status.SNAKE, 0.6763948591909945
80, 0, 8, Status.WALL, 0.6730128848950395
81, 1, 8, Status.WALL, 0.6696478204705644
82, 1, 25, Status.WALL, 0.6662995813682115
83, 1, 8, Status.SNAKE, 0.6629680834613705
84, 1, 6, Status.WALL, 0.6596532430440636
85, 1, 25, Status.WALL, 0.6563549768288433
86, 0, 8, Status.WALL, 0.653073201944699
87, 0, 14, Status.WALL, 0.6498078359349755
88, 0, 6, Status.WALL, 0.6465587967553006
89, 1, 20, Status.WALL, 0.6433260027715241
90, 0, 7, Status.WALL, 0.6401093727576664
91, 0, 8, Status.WALL, 0.6369088258938781
92, 1, 9, Status.SNAKE, 0.6337242817644086
93, 1, 7, Status.SNAKE, 0.6305556603555866
94, 0, 31, Status.WALL, 0.6274028820538087
95, 0, 12, Status.WALL, 0.6242658676435396
96, 0, 7, Status.WALL, 0.6211445383053219
97, 1, 11, Status.WALL, 0.6180388156137953
98, 0, 4, Status.WALL, 0.6149486215357263
99, 1, 31, Status.SNAKE, 0.6118738784280476
100, 2, 12, Status.WALL, 0.6088145090359074
101, 0, 41, Status.WALL, 0.6057704364907278
102, 1, 17, Status.SNAKE, 0.6027415843082742
103, 1, 27, Status.WALL, 0.5997278763867329
104, 0, 11, Status.WALL, 0.5967292370047992
105, 0, 22, Status.WALL, 0.5937455908197752
106, 1, 5, Status.SNAKE, 0.5907768628656763
107, 1, 4, Status.WALL, 0.5878229785513479
108, 1, 8, Status.SNAKE, 0.5848838636585911
109, 0, 5, Status.WALL, 0.5819594443402982
110, 0, 15, Status.WALL, 0.5790496471185967
111, 0, 4, Status.WALL, 0.5761543988830038
112, 1, 23, Status.SNAKE, 0.5732736268885887
113, 1, 32, Status.SNAKE, 0.5704072587541458
114, 1, 13, Status.WALL, 0.567555222460375
115, 1, 7, Status.SNAKE, 0.5647174463480732
116, 1, 28, Status.SNAKE, 0.5618938591163328
117, 0, 5, Status.WALL, 0.5590843898207511
118, 0, 12, Status.WALL, 0.5562889678716474
119, 1, 12, Status.WALL, 0.5535075230322891
120, 0, 71, Status.WALL, 0.5507399854171277
121, 0, 9, Status.WALL, 0.547986285490042
122, 0, 23, Status.WALL, 0.5452463540625918
123, 0, 11, Status.WALL, 0.5425201222922789
124, 0, 5, Status.WALL, 0.5398075216808175
125, 0, 11, Status.WALL, 0.5371084840724134
126, 2, 44, Status.SNAKE, 0.5344229416520513
127, 0, 15, Status.WALL, 0.531750826943791
128, 1, 24, Status.SNAKE, 0.5290920728090721
129, 2, 25, Status.WALL, 0.5264466124450268
130, 0, 22, Status.WALL, 0.5238143793828016
131, 0, 9, Status.WALL, 0.5211953074858876
132, 0, 6, Status.WALL, 0.5185893309484582
133, 1, 26, Status.SNAKE, 0.5159963842937159
134, 2, 9, Status.WALL, 0.5134164023722473
135, 0, 8, Status.WALL, 0.510849320360386
136, 0, 6, Status.WALL, 0.5082950737585841
137, 0, 6, Status.WALL, 0.5057535983897912
138, 1, 7, Status.SNAKE, 0.5032248303978422
139, 0, 9, Status.WALL, 0.500708706245853
140, 0, 9, Status.WALL, 0.4982051627146237
141, 0, 9, Status.WALL, 0.49571413690105054
142, 0, 6, Status.WALL, 0.4932355662165453
143, 0, 24, Status.WALL, 0.4907693883854626
144, 0, 11, Status.WALL, 0.4883155414435353
145, 1, 11, Status.SNAKE, 0.4858739637363176
146, 1, 21, Status.WALL, 0.483444593917636
147, 0, 9, Status.WALL, 0.4810273709480478
148, 0, 7, Status.WALL, 0.47862223409330756
149, 3, 37, Status.SNAKE, 0.47622912292284103
150, 2, 25, Status.SNAKE, 0.4738479773082268
151, 0, 22, Status.WALL, 0.47147873742168567
152, 1, 12, Status.SNAKE, 0.46912134373457726
153, 1, 28, Status.SNAKE, 0.46677573701590436
154, 2, 28, Status.WALL, 0.46444185833082485
155, 0, 13, Status.WALL, 0.46211964903917074
156, 1, 8, Status.SNAKE, 0.4598090507939749
157, 2, 19, Status.WALL, 0.457510005540005
158, 1, 13, Status.WALL, 0.45522245551230495
159, 1, 15, Status.SNAKE, 0.4529463432347434
160, 1, 10, Status.WALL, 0.4506816115185697
161, 1, 15, Status.WALL, 0.4484282034609769
162, 1, 17, Status.WALL, 0.446186062443672
163, 0, 8, Status.WALL, 0.4439551321314536
164, 1, 7, Status.WALL, 0.4417353564707963
165, 1, 6, Status.WALL, 0.43952667968844233
166, 1, 6, Status.WALL, 0.43732904629000013
167, 0, 16, Status.WALL, 0.4351424010585501
168, 3, 46, Status.WALL, 0.43296668905325736
169, 3, 24, Status.SNAKE, 0.43080185560799106
170, 2, 32, Status.SNAKE, 0.4286478463299511
171, 1, 14, Status.SNAKE, 0.42650460709830135
172, 3, 39, Status.WALL, 0.42437208406280985
173, 1, 20, Status.SNAKE, 0.4222502236424958
174, 1, 7, Status.SNAKE, 0.42013897252428334
175, 1, 11, Status.WALL, 0.4180382776616619
176, 0, 5, Status.WALL, 0.4159480862733536
177, 1, 41, Status.SNAKE, 0.41386834584198684
178, 3, 41, Status.SNAKE, 0.4117990041127769
179, 4, 37, Status.WALL, 0.40974000909221303
180, 1, 6, Status.SNAKE, 0.40769130904675194
181, 1, 7, Status.SNAKE, 0.40565285250151817
182, 3, 9, Status.SNAKE, 0.4036245882390106
183, 1, 7, Status.WALL, 0.4016064652978155
184, 1, 12, Status.WALL, 0.3995984329713264
185, 2, 20, Status.SNAKE, 0.3976004408064698
186, 1, 16, Status.SNAKE, 0.39561243860243744
187, 1, 22, Status.SNAKE, 0.3936343764094253
188, 1, 13, Status.WALL, 0.39166620452737816
189, 3, 36, Status.WALL, 0.3897078735047413
190, 2, 21, Status.WALL, 0.3877593341372176
191, 1, 18, Status.WALL, 0.3858205374665315
192, 2, 51, Status.SNAKE, 0.38389143477919885
193, 4, 55, Status.SNAKE, 0.3819719776053028
194, 2, 20, Status.WALL, 0.3800621177172763
195, 0, 11, Status.WALL, 0.37816180712868996
196, 1, 3, Status.SNAKE, 0.37627099809304654
197, 1, 13, Status.SNAKE, 0.3743896431025813
198, 1, 8, Status.SNAKE, 0.37251769488706843
199, 0, 7, Status.WALL, 0.3706551064126331
200, 3, 46, Status.WALL, 0.36880183088056995
201, 5, 40, Status.SNAKE, 0.3669578217261671
202, 1, 9, Status.WALL, 0.36512303261753626
203, 0, 6, Status.WALL, 0.3632974174544486
204, 1, 8, Status.SNAKE, 0.3614809303671764
205, 1, 7, Status.SNAKE, 0.3596735257153405
206, 2, 38, Status.WALL, 0.3578751580867638
207, 1, 23, Status.SNAKE, 0.35608578229633
208, 1, 13, Status.SNAKE, 0.3543053533848483
209, 5, 51, Status.WALL, 0.35253382661792404
210, 1, 11, Status.WALL, 0.3507711574848344
211, 1, 8, Status.SNAKE, 0.34901730169741024
212, 1, 7, Status.SNAKE, 0.3472722151889232
213, 1, 21, Status.SNAKE, 0.3455358541129786
214, 1, 18, Status.SNAKE, 0.3438081748424137
215, 1, 13, Status.WALL, 0.3420891339682016
216, 2, 20, Status.SNAKE, 0.3403786882983606
217, 0, 9, Status.WALL, 0.3386767948568688
218, 0, 6, Status.WALL, 0.33698341088258443
219, 0, 10, Status.WALL, 0.3352984938281715
220, 1, 13, Status.WALL, 0.33362200135903064
221, 1, 5, Status.SNAKE, 0.33195389135223546
222, 1, 7, Status.WALL, 0.3302941218954743
223, 5, 41, Status.WALL, 0.32864265128599696
224, 0, 12, Status.WALL, 0.326999438029567
225, 0, 7, Status.WALL, 0.3253644408394192
226, 0, 9, Status.WALL, 0.3237376186352221
227, 1, 14, Status.WALL, 0.322118930542046
228, 2, 30, Status.SNAKE, 0.32050833588933575
229, 2, 17, Status.WALL, 0.31890579420988907
230, 0, 13, Status.WALL, 0.3173112652388396
231, 0, 10, Status.WALL, 0.3157247089126454
232, 3, 55, Status.SNAKE, 0.3141460853680822
233, 1, 6, Status.SNAKE, 0.3125753549412418
234, 2, 53, Status.SNAKE, 0.31101247816653554
235, 1, 10, Status.WALL, 0.30945741577570285
236, 0, 10, Status.WALL, 0.3079101286968243
237, 2, 28, Status.WALL, 0.3063705780533402
238, 3, 26, Status.WALL, 0.30483872516307353
239, 1, 7, Status.WALL, 0.3033145315372582
240, 3, 26, Status.SNAKE, 0.3017979588795719
241, 2, 25, Status.WALL, 0.30028896908517405
242, 1, 9, Status.WALL, 0.2987875242397482
243, 1, 18, Status.WALL, 0.29729358661854943
244, 1, 16, Status.WALL, 0.29580711868545667
245, 4, 49, Status.SNAKE, 0.2943280830920294
246, 3, 9, Status.SNAKE, 0.29285644267656924
247, 1, 14, Status.WALL, 0.2913921604631864
248, 0, 24, Status.WALL, 0.28993519966087045
249, 2, 31, Status.WALL, 0.2884855236625661
250, 0, 5, Status.WALL, 0.28704309604425327
251, 2, 20, Status.WALL, 0.285607880564032
252, 2, 18, Status.SNAKE, 0.28417984116121187
253, 5, 42, Status.WALL, 0.2827589419554058
254, 2, 26, Status.SNAKE, 0.28134514724562876
255, 4, 42, Status.WALL, 0.2799384215094006
256, 1, 7, Status.WALL, 0.27853872940185365
257, 2, 17, Status.WALL, 0.27714603575484437
258, 1, 9, Status.WALL, 0.2757603055760701
259, 3, 33, Status.SNAKE, 0.2743815040481898
260, 3, 40, Status.WALL, 0.2730095965279488
261, 1, 39, Status.WALL, 0.27164454854530906
262, 3, 46, Status.SNAKE, 0.2702863258025825
263, 0, 24, Status.WALL, 0.2689348941735696
264, 3, 31, Status.SNAKE, 0.26759021970270175
265, 1, 15, Status.WALL, 0.2662522686041882
266, 0, 6, Status.WALL, 0.2649210072611673
267, 2, 26, Status.SNAKE, 0.26359640222486147
268, 1, 11, Status.WALL, 0.26227842021373715
269, 3, 35, Status.SNAKE, 0.2609670281126685
270, 0, 10, Status.WALL, 0.25966219297210513
271, 1, 12, Status.WALL, 0.2583638820072446
272, 1, 22, Status.SNAKE, 0.2570720625972084
273, 3, 41, Status.WALL, 0.25578670228422234
274, 1, 10, Status.WALL, 0.25450776877280124
275, 1, 10, Status.WALL, 0.2532352299289372
276, 5, 37, Status.WALL, 0.2519690537792925
277, 3, 37, Status.SNAKE, 0.2507092085103961
278, 3, 55, Status.SNAKE, 0.2494556624678441
279, 2, 40, Status.WALL, 0.24820838415550486
280, 2, 29, Status.WALL, 0.24696734223472733
281, 4, 26, Status.SNAKE, 0.2457325055235537
282, 1, 21, Status.SNAKE, 0.24450384299593592
283, 1, 18, Status.SNAKE, 0.24328132378095624
284, 4, 31, Status.WALL, 0.24206491716205145
285, 3, 18, Status.SNAKE, 0.2408545925762412
286, 2, 33, Status.WALL, 0.23965031961336
287, 1, 25, Status.SNAKE, 0.2384520680152932
288, 0, 7, Status.WALL, 0.23725980767521673
289, 2, 11, Status.WALL, 0.23607350863684065
290, 2, 16, Status.SNAKE, 0.23489314109365644
291, 4, 28, Status.WALL, 0.23371867538818816
292, 4, 34, Status.WALL, 0.23255008201124722
293, 2, 29, Status.WALL, 0.231387331601191
294, 2, 12, Status.WALL, 0.23023039494318503
295, 3, 23, Status.WALL, 0.2290792429684691
296, 2, 25, Status.WALL, 0.22793384675362674
297, 4, 33, Status.WALL, 0.22679417751985861
298, 0, 4, Status.WALL, 0.22566020663225933
299, 10, 76, Status.SNAKE, 0.22453190559909803
300, 1, 10, Status.WALL, 0.22340924607110255
301, 1, 15, Status.SNAKE, 0.22229219984074702
302, 2, 15, Status.WALL, 0.2211807388415433
303, 3, 9, Status.SNAKE, 0.22007483514733558
304, 3, 21, Status.WALL, 0.2189744609715989
305, 3, 37, Status.WALL, 0.2178795886667409
306, 1, 31, Status.WALL, 0.2167901907234072
307, 7, 46, Status.SNAKE, 0.21570623976979014
308, 7, 47, Status.SNAKE, 0.21462770857094118
309, 2, 39, Status.SNAKE, 0.21355457002808648
310, 1, 20, Status.WALL, 0.21248679717794605
311, 1, 4, Status.SNAKE, 0.21142436319205632
312, 1, 13, Status.WALL, 0.21036724137609603
313, 3, 23, Status.WALL, 0.20931540516921554
314, 2, 14, Status.WALL, 0.20826882814336947
315, 2, 16, Status.SNAKE, 0.20722748400265262
316, 6, 44, Status.WALL, 0.20619134658263935
317, 0, 6, Status.WALL, 0.20516038984972615
318, 6, 55, Status.WALL, 0.2041345879004775
319, 5, 57, Status.WALL, 0.2031139149609751
320, 2, 12, Status.SNAKE, 0.20209834538617025
321, 0, 8, Status.WALL, 0.2010878536592394
322, 3, 28, Status.WALL, 0.2000824143909432
323, 1, 14, Status.WALL, 0.19908200231898848
324, 2, 10, Status.SNAKE, 0.19808659230739353
325, 2, 29, Status.SNAKE, 0.19709615934585656
326, 3, 26, Status.SNAKE, 0.19611067854912728
327, 2, 20, Status.SNAKE, 0.19513012515638165
328, 2, 14, Status.SNAKE, 0.19415447453059972
329, 1, 20, Status.SNAKE, 0.19318370215794672
330, 4, 36, Status.SNAKE, 0.192217783647157
331, 3, 27, Status.WALL, 0.1912566947289212
332, 2, 7, Status.WALL, 0.1903004112552766
333, 1, 11, Status.WALL, 0.18934890919900021
334, 0, 23, Status.WALL, 0.18840216465300522
335, 3, 17, Status.SNAKE, 0.18746015382974018
336, 4, 43, Status.SNAKE, 0.1865228530605915
337, 0, 9, Status.WALL, 0.18559023879528855
338, 4, 64, Status.WALL, 0.1846622876013121
339, 1, 12, Status.WALL, 0.18373897616330553
340, 3, 24, Status.SNAKE, 0.182820281282489
341, 1, 5, Status.SNAKE, 0.18190617987607657
342, 1, 26, Status.SNAKE, 0.18099664897669618
343, 4, 24, Status.WALL, 0.1800916657318127
344, 6, 46, Status.WALL, 0.17919120740315364
345, 4, 20, Status.SNAKE, 0.17829525136613786
346, 1, 7, Status.SNAKE, 0.17740377510930716
347, 2, 11, Status.WALL, 0.17651675623376062
348, 1, 7, Status.WALL, 0.1756341724525918
349, 3, 31, Status.WALL, 0.17475600159032884
350, 3, 20, Status.SNAKE, 0.17388222158237718
351, 1, 21, Status.SNAKE, 0.1730128104744653
352, 2, 24, Status.WALL, 0.17214774642209296
353, 6, 68, Status.WALL, 0.1712870076899825
354, 6, 51, Status.SNAKE, 0.17043057265153258
355, 7, 42, Status.SNAKE, 0.16957841978827493
356, 1, 27, Status.WALL, 0.16873052768933355
357, 3, 31, Status.SNAKE, 0.1678868750508869
358, 2, 18, Status.SNAKE, 0.16704744067563246
359, 2, 14, Status.WALL, 0.1662122034722543
360, 0, 7, Status.WALL, 0.16538114245489302
361, 9, 61, Status.WALL, 0.16455423674261854
362, 4, 21, Status.WALL, 0.16373146555890544
363, 2, 11, Status.WALL, 0.16291280823111093
364, 0, 10, Status.WALL, 0.16209824418995536
365, 2, 11, Status.SNAKE, 0.16128775296900558
366, 3, 33, Status.WALL, 0.16048131420416054
367, 2, 17, Status.WALL, 0.15967890763313974
368, 0, 5, Status.WALL, 0.15888051309497406
369, 3, 36, Status.SNAKE, 0.1580861105294992
370, 1, 11, Status.SNAKE, 0.1572956799768517
371, 1, 7, Status.SNAKE, 0.15650920157696743
372, 2, 23, Status.SNAKE, 0.1557266555690826
373, 1, 7, Status.SNAKE, 0.1549480222912372
374, 4, 16, Status.SNAKE, 0.15417328217978102
375, 2, 36, Status.SNAKE, 0.1534024157688821
376, 1, 8, Status.SNAKE, 0.1526354036900377
377, 5, 45, Status.SNAKE, 0.1518722266715875
378, 1, 7, Status.SNAKE, 0.15111286553822956
379, 2, 23, Status.SNAKE, 0.15035730121053842
380, 2, 12, Status.SNAKE, 0.14960551470448571
381, 5, 39, Status.SNAKE, 0.14885748713096328
382, 3, 13, Status.WALL, 0.14811319969530845
383, 3, 44, Status.SNAKE, 0.1473726336968319
384, 2, 18, Status.SNAKE, 0.14663577052834775
385, 7, 68, Status.WALL, 0.14590259167570602
386, 3, 35, Status.SNAKE, 0.1451730787173275
387, 4, 28, Status.SNAKE, 0.14444721332374086
388, 2, 23, Status.SNAKE, 0.14372497725712216
389, 9, 94, Status.WALL, 0.14300635237083656
390, 4, 20, Status.WALL, 0.14229132060898236
391, 4, 40, Status.WALL, 0.14157986400593744
392, 1, 11, Status.WALL, 0.14087196468590776
393, 1, 11, Status.WALL, 0.14016760486247823
394, 2, 25, Status.SNAKE, 0.13946676683816583
395, 2, 26, Status.SNAKE, 0.138769433003975
396, 6, 65, Status.WALL, 0.13807558583895513
397, 2, 21, Status.WALL, 0.13738520790976036
398, 3, 16, Status.SNAKE, 0.13669828187021155
399, 1, 8, Status.SNAKE, 0.13601479046086049
400, 7, 54, Status.SNAKE, 0.1353347165085562
401, 1, 6, Status.SNAKE, 0.1346580429260134
402, 1, 8, Status.SNAKE, 0.13398475271138335
403, 9, 65, Status.WALL, 0.13331482894782642
404, 4, 38, Status.WALL, 0.13264825480308728
405, 1, 14, Status.SNAKE, 0.13198501352907185
406, 4, 29, Status.WALL, 0.1313250884614265
407, 9, 57, Status.SNAKE, 0.13066846301911936
408, 1, 10, Status.WALL, 0.13001512070402377
409, 3, 10, Status.SNAKE, 0.12936504510050365
410, 1, 8, Status.WALL, 0.12871821987500112
411, 2, 15, Status.SNAKE, 0.12807462877562611
412, 5, 48, Status.SNAKE, 0.12743425563174798
413, 2, 10, Status.SNAKE, 0.12679708435358925
414, 5, 41, Status.SNAKE, 0.1261630989318213
415, 5, 40, Status.SNAKE, 0.1255322834371622
416, 6, 27, Status.SNAKE, 0.12490462201997637
417, 4, 16, Status.WALL, 0.1242800989098765
418, 2, 13, Status.WALL, 0.12365869841532712
419, 2, 26, Status.WALL, 0.12304040492325048
420, 2, 17, Status.SNAKE, 0.12242520289863423
421, 0, 6, Status.WALL, 0.12181307688414106
422, 2, 16, Status.SNAKE, 0.12120401149972035
423, 0, 12, Status.WALL, 0.12059799144222175
424, 5, 46, Status.WALL, 0.11999500148501063
425, 6, 55, Status.SNAKE, 0.11939502647758558
426, 8, 79, Status.SNAKE, 0.11879805134519765
427, 1, 8, Status.WALL, 0.11820406108847166
428, 2, 18, Status.SNAKE, 0.1176130407830293
429, 1, 10, Status.SNAKE, 0.11702497557911415
430, 5, 43, Status.WALL, 0.11643985070121858
431, 4, 43, Status.WALL, 0.11585765144771248
432, 1, 5, Status.SNAKE, 0.11527836319047392
433, 7, 76, Status.SNAKE, 0.11470197137452155
434, 13, 102, Status.SNAKE, 0.11412846151764894
435, 1, 9, Status.SNAKE, 0.1135578192100607
436, 12, 93, Status.SNAKE, 0.11299003011401039
437, 3, 24, Status.SNAKE, 0.11242507996344034
438, 2, 12, Status.SNAKE, 0.11186295456362313
439, 6, 51, Status.SNAKE, 0.11130363979080501
440, 2, 15, Status.SNAKE, 0.11074712159185099
441, 6, 32, Status.SNAKE, 0.11019338598389174
442, 4, 24, Status.WALL, 0.10964241905397228
443, 3, 14, Status.SNAKE, 0.10909420695870241
444, 3, 26, Status.SNAKE, 0.1085487359239089
445, 5, 22, Status.SNAKE, 0.10800599224428936
446, 2, 16, Status.SNAKE, 0.10746596228306791
447, 2, 21, Status.SNAKE, 0.10692863247165257
448, 4, 51, Status.WALL, 0.1063939893092943
449, 3, 17, Status.SNAKE, 0.10586201936274783
450, 5, 46, Status.SNAKE, 0.10533270926593409
451, 1, 10, Status.WALL, 0.10480604571960442
452, 8, 52, Status.WALL, 0.1042820154910064
453, 1, 8, Status.SNAKE, 0.10376060541355137
454, 5, 24, Status.WALL, 0.1032418023864836
455, 4, 39, Status.WALL, 0.10272559337455119
456, 6, 49, Status.SNAKE, 0.10221196540767843
457, 1, 12, Status.WALL, 0.10170090558064004
458, 7, 50, Status.SNAKE, 0.10119240105273684
459, 3, 38, Status.WALL, 0.10068643904747315
460, 5, 35, Status.SNAKE, 0.10018300685223579
461, 10, 81, Status.SNAKE, 0.0996820918179746
462, 9, 59, Status.SNAKE, 0.09918368135888474
463, 1, 8, Status.SNAKE, 0.09868776295209031
464, 5, 40, Status.SNAKE, 0.09819432413732986
465, 7, 35, Status.WALL, 0.09770335251664321
466, 3, 14, Status.SNAKE, 0.09721483575406
467, 7, 58, Status.SNAKE, 0.09672876157528969
468, 6, 37, Status.WALL, 0.09624511776741324
469, 3, 25, Status.SNAKE, 0.09576389217857617
470, 6, 52, Status.WALL, 0.09528507271768329
471, 2, 26, Status.WALL, 0.09480864735409487
472, 3, 21, Status.WALL, 0.0943346041173244
473, 10, 89, Status.SNAKE, 0.09386293109673778
474, 5, 33, Status.SNAKE, 0.09339361644125409
475, 1, 8, Status.SNAKE, 0.09292664835904782
476, 1, 6, Status.WALL, 0.09246201511725258
477, 1, 8, Status.SNAKE, 0.09199970504166631
478, 6, 59, Status.SNAKE, 0.09153970651645797
479, 1, 10, Status.WALL, 0.09108200798387568
480, 4, 23, Status.SNAKE, 0.0906265979439563
481, 3, 26, Status.WALL, 0.09017346495423652
482, 6, 63, Status.WALL, 0.08972259762946533
483, 5, 36, Status.SNAKE, 0.089273984641318
484, 2, 19, Status.SNAKE, 0.0888276147181114
485, 1, 15, Status.SNAKE, 0.08838347664452084
486, 4, 25, Status.SNAKE, 0.08794155926129824
487, 9, 51, Status.WALL, 0.08750185146499175
488, 7, 62, Status.WALL, 0.08706434220766679
489, 4, 30, Status.WALL, 0.08662902049662846
490, 4, 28, Status.WALL, 0.08619587539414532
491, 9, 87, Status.SNAKE, 0.08576489601717459
492, 3, 18, Status.WALL, 0.08533607153708872
493, 3, 19, Status.SNAKE, 0.08490939117940327
494, 3, 17, Status.SNAKE, 0.08448484422350626
495, 1, 11, Status.SNAKE, 0.08406242000238873
496, 1, 12, Status.WALL, 0.08364210790237678
497, 2, 9, Status.WALL, 0.0832238973628649
498, 6, 38, Status.SNAKE, 0.08280777787605056
499, 4, 32, Status.SNAKE, 0.08239373898667031
500, 7, 68, Status.SNAKE, 0.08198177029173696
501, 9, 65, Status.SNAKE, 0.08157186144027828
502, 2, 24, Status.SNAKE, 0.0811640021330769
503, 1, 13, Status.WALL, 0.08075818212241151
504, 2, 5, Status.SNAKE, 0.08035439121179945
505, 9, 60, Status.SNAKE, 0.07995261925574046
506, 5, 29, Status.SNAKE, 0.07955285615946175
507, 6, 41, Status.SNAKE, 0.07915509187866444
508, 1, 4, Status.SNAKE, 0.07875931641927113
509, 5, 38, Status.SNAKE, 0.07836551983717477
510, 1, 12, Status.SNAKE, 0.07797369223798889
511, 17, 118, Status.WALL, 0.07758382377679894
512, 1, 8, Status.SNAKE, 0.07719590465791494
513, 4, 32, Status.WALL, 0.07680992513462537
514, 6, 53, Status.SNAKE, 0.07642587550895225
515, 2, 11, Status.SNAKE, 0.07604374613140748
516, 5, 38, Status.SNAKE, 0.07566352740075044
517, 7, 33, Status.SNAKE, 0.07528520976374668
518, 9, 59, Status.WALL, 0.07490878371492794
519, 2, 27, Status.WALL, 0.0745342397963533
520, 7, 69, Status.SNAKE, 0.07416156859737154
521, 7, 52, Status.SNAKE, 0.07379076075438468
522, 5, 48, Status.SNAKE, 0.07342180695061275
523, 9, 68, Status.SNAKE, 0.07305469791585968
524, 2, 30, Status.SNAKE, 0.07268942442628039
525, 1, 11, Status.WALL, 0.07232597730414898
526, 11, 56, Status.SNAKE, 0.07196434741762824
527, 16, 118, Status.SNAKE, 0.0716045256805401
528, 7, 50, Status.SNAKE, 0.0712465030521374
529, 2, 20, Status.WALL, 0.0708902705368767
530, 4, 27, Status.SNAKE, 0.07053581918419231
531, 1, 21, Status.SNAKE, 0.07018314008827135
532, 9, 62, Status.SNAKE, 0.06983222438783
533, 3, 14, Status.SNAKE, 0.06948306326589085
534, 5, 42, Status.SNAKE, 0.0691356479495614
535, 11, 76, Status.SNAKE, 0.06878996970981359
536, 4, 34, Status.SNAKE, 0.06844601986126451
537, 8, 82, Status.WALL, 0.06810378976195819
538, 2, 11, Status.WALL, 0.0677632708131484
539, 13, 87, Status.SNAKE, 0.06742445445908266
540, 1, 7, Status.SNAKE, 0.06708733218678724
541, 2, 6, Status.WALL, 0.0667518955258533
542, 5, 40, Status.SNAKE, 0.06641813604822402
543, 8, 57, Status.SNAKE, 0.0660860453679829
544, 1, 6, Status.WALL, 0.06575561514114299
545, 4, 37, Status.SNAKE, 0.06542683706543727
546, 1, 6, Status.WALL, 0.06509970288011008
547, 5, 49, Status.SNAKE, 0.06477420436570952
548, 11, 67, Status.SNAKE, 0.06445033334388098
549, 13, 82, Status.SNAKE, 0.06412808167716157
550, 1, 11, Status.WALL, 0.06380744126877576
551, 9, 55, Status.SNAKE, 0.06348840406243188
552, 7, 41, Status.SNAKE, 0.06317096204211972
553, 7, 51, Status.SNAKE, 0.06285510723190912
554, 5, 33, Status.WALL, 0.06254083169574957
555, 9, 58, Status.SNAKE, 0.062228127537270826
556, 9, 62, Status.SNAKE, 0.06191698689958447
557, 8, 43, Status.SNAKE, 0.061607401965086545
558, 3, 35, Status.SNAKE, 0.06129936495526111
559, 1, 8, Status.WALL, 0.0609928681304848
560, 2, 10, Status.WALL, 0.060687903789832374
561, 5, 37, Status.SNAKE, 0.06038446427088321
562, 11, 57, Status.SNAKE, 0.06008254194952879
563, 8, 70, Status.WALL, 0.05978212923978115
564, 3, 24, Status.WALL, 0.05948321859358224
565, 10, 64, Status.SNAKE, 0.05918580250061433
566, 2, 16, Status.WALL, 0.058889873488111255
567, 0, 8, Status.WALL, 0.058595424120670696
568, 5, 41, Status.SNAKE, 0.05830244700006734
569, 0, 6, Status.WALL, 0.058010934765067
570, 11, 81, Status.SNAKE, 0.05772088009124167
571, 3, 23, Status.SNAKE, 0.05743227569078546
572, 11, 80, Status.WALL, 0.05714511431233153
573, 5, 37, Status.WALL, 0.05685938874076987
574, 12, 95, Status.SNAKE, 0.056575091797066025
575, 1, 5, Status.SNAKE, 0.056292216338080694
576, 5, 26, Status.WALL, 0.05601075525639029
577, 9, 69, Status.WALL, 0.05573070148010834
578, 1, 7, Status.SNAKE, 0.0554520479727078
579, 7, 51, Status.SNAKE, 0.05517478773284426
580, 4, 34, Status.SNAKE, 0.05489891379418004
581, 3, 13, Status.WALL, 0.05462441922520914
582, 7, 31, Status.SNAKE, 0.0543512971290831
583, 9, 71, Status.SNAKE, 0.05407954064343768
584, 1, 14, Status.SNAKE, 0.05380914294022049
585, 2, 17, Status.WALL, 0.05354009722551939
586, 15, 119, Status.SNAKE, 0.05327239673939179
587, 3, 25, Status.SNAKE, 0.053006034755694834
588, 2, 24, Status.WALL, 0.052741004581916356
589, 9, 69, Status.SNAKE, 0.052477299559006776
590, 3, 29, Status.WALL, 0.052214913061211746
591, 4, 13, Status.SNAKE, 0.05195383849590569
592, 7, 54, Status.WALL, 0.05169406930342616
593, 7, 61, Status.WALL, 0.05143559895690903
594, 11, 87, Status.SNAKE, 0.051178420962124486
595, 9, 56, Status.SNAKE, 0.05092252885731386
596, 5, 49, Status.WALL, 0.05066791621302729
597, 4, 25, Status.SNAKE, 0.05041457663196215
598, 19, 120, Status.SNAKE, 0.050162503748802344
599, 3, 26, Status.WALL, 0.049911691230058335
600, 3, 19, Status.SNAKE, 0.04966213277390804
601, 1, 4, Status.SNAKE, 0.0494138221100385
602, 3, 15, Status.SNAKE, 0.04916675299948831
603, 5, 30, Status.SNAKE, 0.04892091923449087
604, 3, 13, Status.SNAKE, 0.04867631463831842
605, 6, 40, Status.SNAKE, 0.048432933065126825
606, 11, 68, Status.SNAKE, 0.048190768399801194
607, 1, 7, Status.SNAKE, 0.04794981455780219
608, 8, 79, Status.SNAKE, 0.04771006548501318
609, 10, 62, Status.WALL, 0.047471515157588115
610, 9, 55, Status.SNAKE, 0.047234157581800176
611, 1, 10, Status.SNAKE, 0.046997986793891174
612, 5, 42, Status.WALL, 0.04676299685992172
613, 2, 15, Status.WALL, 0.04652918187562211
614, 7, 58, Status.SNAKE, 0.046296535966244
615, 7, 38, Status.WALL, 0.046065053286412784
616, 10, 68, Status.SNAKE, 0.04583472801998072
617, 10, 71, Status.SNAKE, 0.045605554379880814
618, 6, 63, Status.SNAKE, 0.04537752660798141
619, 2, 16, Status.SNAKE, 0.0451506389749415
620, 5, 36, Status.WALL, 0.044924885780066794
621, 3, 22, Status.WALL, 0.04470026135116646
622, 4, 18, Status.SNAKE, 0.04447676004441063
623, 2, 20, Status.WALL, 0.04425437624418858
624, 5, 24, Status.WALL, 0.04403310436296763
625, 2, 14, Status.SNAKE, 0.043812938841152796
626, 1, 7, Status.SNAKE, 0.04359387414694703
627, 4, 32, Status.WALL, 0.043375904776212296
628, 8, 80, Status.SNAKE, 0.043159025252331236
629, 5, 26, Status.SNAKE, 0.04294323012606958
630, 7, 42, Status.SNAKE, 0.04272851397543923
631, 7, 46, Status.SNAKE, 0.04251487140556204
632, 6, 37, Status.WALL, 0.04230229704853423
633, 5, 26, Status.SNAKE, 0.04209078556329156
634, 6, 51, Status.WALL, 0.0418803316354751
635, 2, 12, Status.SNAKE, 0.041670929977297724
636, 10, 61, Status.SNAKE, 0.04146257532741124
637, 5, 31, Status.SNAKE, 0.04125526245077418
638, 4, 42, Status.SNAKE, 0.04104898613852031
639, 8, 58, Status.SNAKE, 0.04084374120782771
640, 5, 31, Status.SNAKE, 0.04063952250178857
641, 9, 55, Status.WALL, 0.04043632488927963
642, 12, 95, Status.SNAKE, 0.04023414326483323
643, 9, 57, Status.WALL, 0.040032972548509065
644, 7, 47, Status.SNAKE, 0.03983280768576652
645, 9, 65, Status.SNAKE, 0.03963364364733769
646, 3, 13, Status.WALL, 0.039435475429100995
647, 4, 34, Status.WALL, 0.03923829805195549
648, 12, 68, Status.SNAKE, 0.03904210656169572
649, 7, 42, Status.SNAKE, 0.03884689602888724
650, 12, 104, Status.SNAKE, 0.0386526615487428
651, 9, 53, Status.SNAKE, 0.03845939824099909
652, 10, 76, Status.SNAKE, 0.03826710124979409
653, 13, 80, Status.SNAKE, 0.038075765743545126
654, 1, 3, Status.SNAKE, 0.0378853869148274
655, 15, 81, Status.SNAKE, 0.03769595998025326
656, 7, 42, Status.SNAKE, 0.03750748018035199
657, 12, 74, Status.SNAKE, 0.037319942779450235
658, 8, 52, Status.SNAKE, 0.037133343065552986
659, 3, 14, Status.SNAKE, 0.03694767635022522
660, 7, 48, Status.SNAKE, 0.036762937968474095
661, 4, 12, Status.SNAKE, 0.03657912327863173
662, 8, 59, Status.SNAKE, 0.036396227662238566
663, 5, 35, Status.WALL, 0.03621424652392737
664, 5, 44, Status.WALL, 0.036033175291307735
665, 1, 6, Status.WALL, 0.03585300941485119
666, 5, 27, Status.WALL, 0.035673744367776934
667, 6, 35, Status.SNAKE, 0.03549537564593805
668, 13, 107, Status.WALL, 0.035317898767708356
669, 7, 42, Status.SNAKE, 0.03514130927386981
670, 5, 43, Status.SNAKE, 0.03496560272750046
671, 7, 47, Status.SNAKE, 0.03479077471386296
672, 8, 41, Status.SNAKE, 0.03461682084029365
673, 1, 9, Status.WALL, 0.034443736736092176
674, 3, 21, Status.SNAKE, 0.034271518052411715
675, 5, 39, Status.WALL, 0.034100160462149656
676, 5, 33, Status.WALL, 0.03392965965983891
677, 7, 43, Status.SNAKE, 0.033760011361539714
678, 11, 74, Status.SNAKE, 0.03359121130473201
679, 7, 47, Status.SNAKE, 0.033423255248208356
680, 1, 10, Status.WALL, 0.03325613897196732
681, 6, 30, Status.WALL, 0.03308985827710748
682, 10, 64, Status.WALL, 0.032924408985721944
683, 6, 30, Status.SNAKE, 0.03275978694079333
684, 12, 94, Status.SNAKE, 0.032595988006089364
685, 10, 64, Status.SNAKE, 0.032433008066058915
686, 2, 14, Status.WALL, 0.03227084302572862
687, 4, 36, Status.SNAKE, 0.032109488810599975
688, 7, 52, Status.SNAKE, 0.031948941366546975
689, 1, 13, Status.WALL, 0.03178919665971424
690, 4, 18, Status.SNAKE, 0.03163025067641567
691, 7, 35, Status.SNAKE, 0.03147209942303359
692, 3, 20, Status.WALL, 0.03131473892591842
693, 2, 5, Status.SNAKE, 0.031158165231288826
694, 1, 19, Status.WALL, 0.03100237440513238
695, 13, 70, Status.SNAKE, 0.030847362533106718
696, 1, 14, Status.WALL, 0.030693125720441184
697, 9, 69, Status.WALL, 0.030539660091838977
698, 5, 35, Status.SNAKE, 0.03038696179137978
699, 4, 22, Status.SNAKE, 0.030235026982422884
700, 6, 35, Status.SNAKE, 0.030083851847510768
701, 2, 13, Status.WALL, 0.029933432588273214
702, 9, 53, Status.SNAKE, 0.029783765425331846
703, 9, 73, Status.SNAKE, 0.029634846598205186
704, 9, 89, Status.SNAKE, 0.02948667236521416
705, 7, 28, Status.SNAKE, 0.029339239003388088
706, 9, 53, Status.SNAKE, 0.029192542808371146
707, 9, 71, Status.SNAKE, 0.02904658009432929
708, 7, 37, Status.SNAKE, 0.028901347193857643
709, 3, 25, Status.WALL, 0.028756840457888354
710, 13, 97, Status.SNAKE, 0.02861305625559891
711, 8, 59, Status.SNAKE, 0.028469990974320916
712, 8, 45, Status.SNAKE, 0.02832764101944931
713, 5, 28, Status.SNAKE, 0.028186002814352063
714, 4, 25, Status.SNAKE, 0.0280450728002803
715, 9, 54, Status.SNAKE, 0.0279048474362789
716, 13, 101, Status.SNAKE, 0.027765323199097504
717, 4, 34, Status.SNAKE, 0.027626496583102015
718, 14, 93, Status.SNAKE, 0.027488364100186506
719, 1, 3, Status.SNAKE, 0.027350922279685573
720, 8, 49, Status.SNAKE, 0.027214167668287145
721, 14, 117, Status.SNAKE, 0.02707809682994571
722, 1, 8, Status.WALL, 0.02694270634579598
723, 9, 61, Status.SNAKE, 0.026807992814067
724, 14, 75, Status.WALL, 0.026673952849996664
725, 6, 56, Status.SNAKE, 0.02654058308574668
726, 7, 54, Status.SNAKE, 0.026407880170317945
727, 6, 41, Status.SNAKE, 0.026275840769466357
728, 3, 21, Status.SNAKE, 0.026144461565619025
729, 3, 20, Status.WALL, 0.02601373925779093
730, 11, 74, Status.SNAKE, 0.025883670561501974
731, 8, 46, Status.SNAKE, 0.025754252208694463
732, 7, 38, Status.SNAKE, 0.02562548094765099
733, 13, 121, Status.WALL, 0.025497353542912736
734, 9, 60, Status.WALL, 0.02536986677519817
735, 6, 30, Status.SNAKE, 0.02524301744132218
736, 1, 5, Status.SNAKE, 0.025116802354115567
737, 7, 36, Status.SNAKE, 0.024991218342344988
738, 6, 54, Status.SNAKE, 0.024866262250633264
739, 8, 65, Status.SNAKE, 0.024741930939380097
740, 8, 46, Status.WALL, 0.024618221284683196
741, 9, 86, Status.SNAKE, 0.02449513017825978
742, 5, 25, Status.SNAKE, 0.02437265452736848
743, 3, 21, Status.WALL, 0.024250791254731636
744, 3, 19, Status.WALL, 0.024129537298457977
745, 4, 30, Status.SNAKE, 0.024008889611965685
746, 4, 33, Status.SNAKE, 0.023888845163905856
747, 4, 38, Status.WALL, 0.023769400938086327
748, 11, 84, Status.SNAKE, 0.023650553933395897
749, 4, 30, Status.SNAKE, 0.023532301163728918
750, 1, 5, Status.WALL, 0.023414639657910272
751, 5, 27, Status.SNAKE, 0.023297566459620722
752, 7, 45, Status.SNAKE, 0.023181078627322618
753, 7, 44, Status.SNAKE, 0.023065173234186005
754, 10, 84, Status.SNAKE, 0.022949847368015076
755, 9, 61, Status.WALL, 0.022835098131175
756, 17, 131, Status.SNAKE, 0.022720922640519125
757, 2, 24, Status.WALL, 0.02260731802731653
758, 4, 25, Status.SNAKE, 0.022494281437179946
759, 3, 17, Status.SNAKE, 0.022381810029994047
760, 10, 59, Status.WALL, 0.022269900979844076
761, 5, 29, Status.WALL, 0.022158551474944856
762, 14, 97, Status.SNAKE, 0.022047758717570132
763, 5, 39, Status.WALL, 0.021937519923982282
764, 16, 98, Status.SNAKE, 0.021827832324362372
765, 1, 8, Status.WALL, 0.02171869316274056
766, 5, 30, Status.SNAKE, 0.021610099696926857
767, 17, 92, Status.SNAKE, 0.021502049198442223
768, 15, 106, Status.WALL, 0.021394538952450012
769, 5, 20, Status.SNAKE, 0.02128756625768776
770, 15, 104, Status.SNAKE, 0.021181128426399323
771, 6, 30, Status.SNAKE, 0.021075222784267326
772, 7, 53, Status.SNAKE, 0.020969846670345987
773, 4, 41, Status.WALL, 0.020864997436994256
774, 8, 32, Status.SNAKE, 0.020760672449809284
775, 11, 61, Status.SNAKE, 0.020656869087560238
776, 6, 33, Status.SNAKE, 0.020553584742122436
777, 5, 35, Status.WALL, 0.020450816818411825
778, 2, 13, Status.WALL, 0.020348562734319765
779, 3, 23, Status.SNAKE, 0.020246819920648168
780, 7, 52, Status.SNAKE, 0.020145585821044927
781, 10, 68, Status.WALL, 0.020044857891939702
782, 0, 7, Status.WALL, 0.019944633602480003
783, 5, 41, Status.SNAKE, 0.019844910434467605
784, 8, 55, Status.SNAKE, 0.019745685882295267
785, 7, 69, Status.SNAKE, 0.01964695745288379
786, 7, 47, Status.SNAKE, 0.01954872266561937
787, 13, 90, Status.SNAKE, 0.019450979052291272
788, 11, 57, Status.SNAKE, 0.019353724157029815
789, 11, 102, Status.SNAKE, 0.019256955536244666
790, 13, 95, Status.SNAKE, 0.019160670758563442
791, 8, 51, Status.SNAKE, 0.019064867404770626
792, 4, 20, Status.SNAKE, 0.018969543067746772
793, 5, 34, Status.SNAKE, 0.018874695352408037
794, 4, 24, Status.SNAKE, 0.018780321875645996
795, 23, 142, Status.SNAKE, 0.018686420266267767
796, 5, 37, Status.SNAKE, 0.018592988164936427
797, 18, 136, Status.SNAKE, 0.018500023224111744
798, 4, 25, Status.WALL, 0.018407523107991184
799, 3, 23, Status.SNAKE, 0.01831548549245123
800, 8, 43, Status.SNAKE, 0.018223908064988973
801, 3, 25, Status.SNAKE, 0.018132788524664028
802, 14, 93, Status.SNAKE, 0.018042124582040707
803, 14, 81, Status.SNAKE, 0.017951913959130504
804, 7, 39, Status.SNAKE, 0.01786215438933485
805, 3, 16, Status.SNAKE, 0.017772843617388175
806, 4, 22, Status.SNAKE, 0.017683979399301233
807, 8, 58, Status.WALL, 0.017595559502304726
808, 6, 37, Status.SNAKE, 0.0175075817047932
809, 3, 17, Status.SNAKE, 0.017420043796269234
810, 2, 7, Status.WALL, 0.017332943577287888
811, 3, 14, Status.SNAKE, 0.01724627885940145
812, 6, 35, Status.SNAKE, 0.017160047465104442
813, 2, 16, Status.WALL, 0.01707424722777892
814, 7, 45, Status.SNAKE, 0.016988875991640028
815, 5, 32, Status.SNAKE, 0.016903931611681827
816, 6, 43, Status.SNAKE, 0.01681941195362342
817, 4, 26, Status.SNAKE, 0.016735314893855303
818, 15, 111, Status.SNAKE, 0.016651638319386028
819, 7, 50, Status.SNAKE, 0.0165683801277891
820, 13, 79, Status.SNAKE, 0.016485538227150154
821, 5, 39, Status.SNAKE, 0.0164031105360144
822, 11, 64, Status.SNAKE, 0.01632109498333433
823, 15, 92, Status.SNAKE, 0.016239489508417658
824, 13, 84, Status.SNAKE, 0.01615829206087557
825, 11, 83, Status.SNAKE, 0.01607750060057119
826, 9, 74, Status.SNAKE, 0.015997113097568336
827, 4, 33, Status.SNAKE, 0.015917127532080494
828, 6, 44, Status.SNAKE, 0.01583754189442009
829, 8, 57, Status.WALL, 0.01575835418494799
830, 3, 26, Status.WALL, 0.01567956241402325
831, 7, 33, Status.SNAKE, 0.015601164601953134
832, 8, 53, Status.SNAKE, 0.015523158778943369
833, 7, 40, Status.WALL, 0.015445542985048652
834, 13, 86, Status.SNAKE, 0.015368315270123408
835, 1, 7, Status.SNAKE, 0.01529147369377279
836, 11, 81, Status.WALL, 0.015215016325303928
837, 7, 49, Status.SNAKE, 0.015138941243677408
838, 11, 76, Status.SNAKE, 0.01506324653745902
839, 3, 26, Status.WALL, 0.014987930304771725
840, 7, 54, Status.SNAKE, 0.014912990653247866
841, 16, 119, Status.SNAKE, 0.014838425699981627
842, 8, 51, Status.SNAKE, 0.01476423357148172
843, 9, 64, Status.SNAKE, 0.014690412403624311
844, 3, 18, Status.WALL, 0.01461696034160619
845, 2, 10, Status.WALL, 0.014543875539898159
846, 9, 65, Status.SNAKE, 0.014471156162198668
847, 11, 48, Status.SNAKE, 0.014398800381387675
848, 7, 36, Status.SNAKE, 0.014326806379480736
849, 5, 36, Status.WALL, 0.014255172347583332
850, 9, 66, Status.SNAKE, 0.014183896485845416
851, 4, 22, Status.SNAKE, 0.014112977003416188
852, 3, 13, Status.SNAKE, 0.014042412118399107
853, 7, 53, Status.SNAKE, 0.013972200057807112
854, 5, 37, Status.SNAKE, 0.013902339057518077
855, 5, 24, Status.SNAKE, 0.013832827362230486
856, 9, 81, Status.WALL, 0.013763663225419333
857, 5, 34, Status.SNAKE, 0.013694844909292236
858, 11, 68, Status.SNAKE, 0.013626370684745774
859, 4, 18, Status.WALL, 0.013558238831322046
860, 6, 43, Status.SNAKE, 0.013490447637165436
861, 9, 41, Status.SNAKE, 0.013422995398979608
862, 3, 19, Status.SNAKE, 0.01335588042198471
863, 3, 26, Status.WALL, 0.013289101019874787
864, 1, 9, Status.WALL, 0.013222655514775413
865, 1, 9, Status.SNAKE, 0.013156542237201536
866, 5, 29, Status.SNAKE, 0.013090759526015528
867, 7, 57, Status.WALL, 0.01302530572838545
868, 1, 5, Status.SNAKE, 0.012960179199743523
869, 9, 67, Status.SNAKE, 0.012895378303744804
870, 12, 74, Status.SNAKE, 0.01283090141222608
871, 8, 51, Status.WALL, 0.012766746905164949
872, 7, 48, Status.SNAKE, 0.012702913170639124
873, 8, 72, Status.WALL, 0.012639398604785928
874, 8, 46, Status.WALL, 0.012576201611761997
875, 7, 48, Status.WALL, 0.012513320603703188
876, 1, 5, Status.SNAKE, 0.012450754000684672
877, 4, 21, Status.SNAKE, 0.012388500230681249
878, 6, 39, Status.SNAKE, 0.012326557729527843
879, 9, 46, Status.SNAKE, 0.012264924940880204
880, 8, 51, Status.SNAKE, 0.012203600316175803
881, 13, 99, Status.SNAKE, 0.012142582314594924
882, 2, 16, Status.WALL, 0.01208186940302195
883, 7, 66, Status.SNAKE, 0.01202146005600684
884, 9, 64, Status.SNAKE, 0.011961352755726806
885, 9, 57, Status.WALL, 0.01190154599194817
886, 15, 97, Status.SNAKE, 0.01184203826198843
887, 8, 58, Status.SNAKE, 0.011782828070678488
888, 2, 9, Status.WALL, 0.011723913930325095
889, 4, 30, Status.SNAKE, 0.01166529436067347
890, 8, 57, Status.SNAKE, 0.011606967888870102
891, 8, 49, Status.SNAKE, 0.01154893304942575
892, 9, 69, Status.WALL, 0.011491188384178622
893, 14, 89, Status.WALL, 0.011433732442257729
894, 7, 42, Status.SNAKE, 0.01137656378004644
895, 14, 104, Status.SNAKE, 0.011319680961146208
896, 4, 27, Status.SNAKE, 0.011263082556340478
897, 9, 53, Status.SNAKE, 0.011206767143558775
898, 9, 57, Status.SNAKE, 0.011150733307840981
899, 6, 34, Status.SNAKE, 0.011094979641301777
900, 5, 35, Status.SNAKE, 0.011039504743095268
901, 10, 69, Status.SNAKE, 0.01098430721937979
902, 13, 87, Status.SNAKE, 0.010929385683282892
903, 8, 54, Status.SNAKE, 0.010874738754866477
904, 12, 92, Status.SNAKE, 0.010820365061092144
905, 8, 48, Status.WALL, 0.010766263235786683
906, 9, 79, Status.SNAKE, 0.01071243191960775
907, 14, 79, Status.SNAKE, 0.010658869760009713
908, 9, 64, Status.WALL, 0.010605575411209664
909, 10, 76, Status.SNAKE, 0.010552547534153616
910, 1, 8, Status.SNAKE, 0.010499784796482848
911, 6, 36, Status.SNAKE, 0.010447285872500434
912, 7, 49, Status.SNAKE, 0.01039504944313793
913, 1, 8, Status.WALL, 0.010343074195922241
914, 11, 59, Status.SNAKE, 0.01029135882494263
915, 10, 79, Status.SNAKE, 0.010239902030817916
916, 2, 22, Status.WALL, 0.010188702520663827
917, 8, 45, Status.SNAKE, 0.010137759008060509
918, 9, 83, Status.SNAKE, 0.010087070213020206
919, 9, 62, Status.SNAKE, 0.010036634861955105
920, 1, 8, Status.SNAKE, 0.01
921, 6, 31, Status.SNAKE, 0.01
922, 5, 25, Status.SNAKE, 0.01
923, 5, 26, Status.WALL, 0.01
924, 5, 37, Status.SNAKE, 0.01
925, 8, 79, Status.SNAKE, 0.01
926, 10, 62, Status.SNAKE, 0.01
927, 19, 123, Status.WALL, 0.01
928, 10, 67, Status.WALL, 0.01
929, 8, 59, Status.SNAKE, 0.01
930, 13, 86, Status.SNAKE, 0.01
931, 9, 51, Status.SNAKE, 0.01
932, 7, 54, Status.SNAKE, 0.01
933, 11, 70, Status.SNAKE, 0.01
934, 13, 62, Status.SNAKE, 0.01
935, 4, 29, Status.SNAKE, 0.01
936, 8, 50, Status.SNAKE, 0.01
937, 6, 45, Status.WALL, 0.01
938, 2, 15, Status.SNAKE, 0.01
939, 8, 41, Status.SNAKE, 0.01
940, 12, 96, Status.WALL, 0.01
941, 14, 80, Status.SNAKE, 0.01
942, 13, 76, Status.SNAKE, 0.01
943, 7, 34, Status.SNAKE, 0.01
944, 7, 49, Status.SNAKE, 0.01
945, 7, 30, Status.SNAKE, 0.01
946, 12, 94, Status.SNAKE, 0.01
947, 1, 6, Status.SNAKE, 0.01
948, 10, 64, Status.SNAKE, 0.01
949, 4, 28, Status.WALL, 0.01
950, 4, 33, Status.SNAKE, 0.01
951, 16, 124, Status.SNAKE, 0.01
952, 12, 73, Status.WALL, 0.01
953, 3, 20, Status.SNAKE, 0.01
954, 10, 88, Status.SNAKE, 0.01
955, 10, 67, Status.SNAKE, 0.01
956, 6, 51, Status.SNAKE, 0.01
957, 1, 5, Status.SNAKE, 0.01
958, 4, 34, Status.SNAKE, 0.01
959, 2, 11, Status.SNAKE, 0.01
960, 2, 18, Status.WALL, 0.01
961, 9, 57, Status.SNAKE, 0.01
962, 17, 133, Status.SNAKE, 0.01
963, 5, 63, Status.SNAKE, 0.01
964, 4, 20, Status.SNAKE, 0.01
965, 6, 33, Status.SNAKE, 0.01
966, 11, 81, Status.SNAKE, 0.01
967, 2, 18, Status.WALL, 0.01
968, 11, 91, Status.WALL, 0.01
969, 14, 73, Status.SNAKE, 0.01
970, 5, 34, Status.SNAKE, 0.01
971, 19, 166, Status.SNAKE, 0.01
972, 13, 90, Status.SNAKE, 0.01
973, 2, 6, Status.SNAKE, 0.01
974, 4, 24, Status.SNAKE, 0.01
975, 11, 55, Status.SNAKE, 0.01
976, 16, 117, Status.WALL, 0.01
977, 5, 35, Status.SNAKE, 0.01
978, 4, 26, Status.SNAKE, 0.01
979, 16, 115, Status.SNAKE, 0.01
980, 7, 52, Status.SNAKE, 0.01
981, 7, 56, Status.SNAKE, 0.01
982, 14, 86, Status.SNAKE, 0.01
983, 2, 14, Status.SNAKE, 0.01
984, 8, 43, Status.SNAKE, 0.01
985, 11, 81, Status.SNAKE, 0.01
986, 5, 28, Status.SNAKE, 0.01
987, 3, 24, Status.WALL, 0.01
988, 14, 76, Status.WALL, 0.01
989, 9, 72, Status.SNAKE, 0.01
990, 17, 117, Status.SNAKE, 0.01
991, 11, 107, Status.SNAKE, 0.01
992, 10, 53, Status.SNAKE, 0.01
993, 2, 11, Status.SNAKE, 0.01
994, 7, 58, Status.SNAKE, 0.01
995, 6, 40, Status.SNAKE, 0.01
996, 4, 26, Status.SNAKE, 0.01
997, 7, 30, Status.SNAKE, 0.01
998, 4, 24, Status.SNAKE, 0.01
999, 1, 10, Status.WALL, 0.01
1000, 11, 74, Status.SNAKE, 0.01
1001, 7, 43, Status.SNAKE, 0.01
1002, 3, 12, Status.WALL, 0.01
1003, 11, 77, Status.SNAKE, 0.01
1004, 13, 83, Status.SNAKE, 0.01
1005, 3, 19, Status.SNAKE, 0.01
1006, 14, 114, Status.SNAKE, 0.01
1007, 5, 34, Status.SNAKE, 0.01
1008, 14, 85, Status.SNAKE, 0.01
1009, 6, 53, Status.SNAKE, 0.01
1010, 8, 58, Status.WALL, 0.01
1011, 14, 106, Status.SNAKE, 0.01
1012, 16, 122, Status.WALL, 0.01
1013, 1, 10, Status.WALL, 0.01
1014, 14, 83, Status.SNAKE, 0.01
1015, 14, 71, Status.WALL, 0.01
1016, 1, 3, Status.SNAKE, 0.01
1017, 17, 134, Status.WALL, 0.01
1018, 13, 72, Status.SNAKE, 0.01
1019, 10, 66, Status.SNAKE, 0.01
1020, 6, 27, Status.SNAKE, 0.01
1021, 12, 73, Status.SNAKE, 0.01
1022, 12, 83, Status.SNAKE, 0.01
1023, 12, 86, Status.SNAKE, 0.01
1024, 11, 54, Status.SNAKE, 0.01
1025, 5, 29, Status.SNAKE, 0.01
1026, 17, 113, Status.SNAKE, 0.01
1027, 12, 91, Status.SNAKE, 0.01
1028, 11, 62, Status.SNAKE, 0.01
1029, 7, 60, Status.SNAKE, 0.01
1030, 7, 45, Status.SNAKE, 0.01
1031, 19, 143, Status.SNAKE, 0.01
1032, 8, 58, Status.SNAKE, 0.01
1033, 5, 25, Status.SNAKE, 0.01
1034, 8, 53, Status.SNAKE, 0.01
1035, 14, 82, Status.SNAKE, 0.01
1036, 13, 83, Status.SNAKE, 0.01
1037, 6, 35, Status.SNAKE, 0.01
1038, 6, 48, Status.SNAKE, 0.01
1039, 1, 5, Status.SNAKE, 0.01
1040, 10, 68, Status.SNAKE, 0.01
1041, 9, 59, Status.SNAKE, 0.01
1042, 7, 59, Status.WALL, 0.01
1043, 11, 78, Status.WALL, 0.01
1044, 11, 78, Status.SNAKE, 0.01
1045, 11, 55, Status.SNAKE, 0.01
1046, 12, 84, Status.WALL, 0.01
1047, 3, 20, Status.SNAKE, 0.01
1048, 8, 39, Status.SNAKE, 0.01
1049, 5, 21, Status.SNAKE, 0.01
1050, 1, 7, Status.WALL, 0.01
1051, 10, 68, Status.SNAKE, 0.01
1052, 14, 88, Status.WALL, 0.01
1053, 11, 88, Status.SNAKE, 0.01
1054, 2, 12, Status.SNAKE, 0.01
1055, 7, 28, Status.SNAKE, 0.01
1056, 6, 36, Status.SNAKE, 0.01
1057, 1, 7, Status.WALL, 0.01
1058, 8, 59, Status.SNAKE, 0.01
1059, 4, 9, Status.SNAKE, 0.01
1060, 7, 53, Status.WALL, 0.01
1061, 14, 78, Status.SNAKE, 0.01
1062, 10, 77, Status.SNAKE, 0.01
1063, 5, 22, Status.SNAKE, 0.01
1064, 22, 149, Status.SNAKE, 0.01
1065, 17, 115, Status.SNAKE, 0.01
1066, 9, 59, Status.SNAKE, 0.01
1067, 9, 59, Status.SNAKE, 0.01
1068, 8, 65, Status.SNAKE, 0.01
1069, 13, 106, Status.SNAKE, 0.01
1070, 7, 35, Status.SNAKE, 0.01
1071, 9, 59, Status.SNAKE, 0.01
1072, 8, 58, Status.WALL, 0.01
1073, 7, 63, Status.SNAKE, 0.01
1074, 10, 51, Status.SNAKE, 0.01
1075, 14, 83, Status.SNAKE, 0.01
1076, 6, 59, Status.SNAKE, 0.01
1077, 3, 21, Status.SNAKE, 0.01
1078, 6, 40, Status.SNAKE, 0.01
1079, 18, 117, Status.SNAKE, 0.01
1080, 14, 113, Status.WALL, 0.01
1081, 3, 24, Status.SNAKE, 0.01
1082, 16, 109, Status.SNAKE, 0.01
1083, 10, 69, Status.WALL, 0.01
1084, 1, 15, Status.WALL, 0.01
1085, 5, 29, Status.SNAKE, 0.01
1086, 5, 28, Status.SNAKE, 0.01
1087, 6, 53, Status.SNAKE, 0.01
1088, 15, 115, Status.SNAKE, 0.01
1089, 9, 54, Status.SNAKE, 0.01
1090, 14, 90, Status.SNAKE, 0.01
1091, 4, 20, Status.SNAKE, 0.01
1092, 16, 117, Status.SNAKE, 0.01
1093, 16, 122, Status.SNAKE, 0.01
1094, 6, 32, Status.SNAKE, 0.01
1095, 3, 29, Status.SNAKE, 0.01
1096, 6, 40, Status.SNAKE, 0.01
1097, 7, 47, Status.SNAKE, 0.01
1098, 10, 92, Status.SNAKE, 0.01
1099, 6, 44, Status.SNAKE, 0.01
1100, 7, 58, Status.SNAKE, 0.01
1101, 9, 65, Status.SNAKE, 0.01
1102, 12, 107, Status.WALL, 0.01
1103, 8, 47, Status.WALL, 0.01
1104, 3, 29, Status.SNAKE, 0.01
1105, 14, 78, Status.SNAKE, 0.01
1106, 4, 23, Status.SNAKE, 0.01
1107, 7, 54, Status.WALL, 0.01
1108, 3, 22, Status.SNAKE, 0.01
1109, 8, 46, Status.SNAKE, 0.01
1110, 6, 34, Status.WALL, 0.01
1111, 3, 19, Status.SNAKE, 0.01
1112, 2, 13, Status.SNAKE, 0.01
1113, 5, 24, Status.SNAKE, 0.01
1114, 8, 45, Status.SNAKE, 0.01
1115, 9, 44, Status.SNAKE, 0.01
1116, 17, 132, Status.SNAKE, 0.01
1117, 9, 67, Status.SNAKE, 0.01
1118, 17, 112, Status.SNAKE, 0.01
1119, 3, 28, Status.WALL, 0.01
1120, 11, 84, Status.SNAKE, 0.01
1121, 9, 51, Status.SNAKE, 0.01
1122, 16, 85, Status.SNAKE, 0.01
1123, 1, 8, Status.WALL, 0.01
1124, 3, 19, Status.SNAKE, 0.01
1125, 9, 67, Status.SNAKE, 0.01
1126, 5, 44, Status.SNAKE, 0.01
1127, 12, 97, Status.SNAKE, 0.01
1128, 13, 104, Status.SNAKE, 0.01
1129, 2, 15, Status.SNAKE, 0.01
1130, 5, 38, Status.SNAKE, 0.01
1131, 3, 14, Status.SNAKE, 0.01
1132, 3, 10, Status.SNAKE, 0.01
1133, 7, 55, Status.SNAKE, 0.01
1134, 2, 14, Status.WALL, 0.01
1135, 4, 16, Status.SNAKE, 0.01
1136, 9, 60, Status.SNAKE, 0.01
1137, 6, 27, Status.SNAKE, 0.01
1138, 22, 147, Status.SNAKE, 0.01
1139, 4, 28, Status.WALL, 0.01
1140, 22, 130, Status.SNAKE, 0.01
1141, 1, 7, Status.SNAKE, 0.01
1142, 4, 30, Status.WALL, 0.01
1143, 6, 42, Status.SNAKE, 0.01
1144, 11, 64, Status.SNAKE, 0.01
1145, 5, 42, Status.SNAKE, 0.01
1146, 13, 83, Status.SNAKE, 0.01
1147, 15, 97, Status.SNAKE, 0.01
1148, 12, 62, Status.SNAKE, 0.01
1149, 1, 4, Status.SNAKE, 0.01
1150, 3, 17, Status.SNAKE, 0.01
1151, 9, 56, Status.WALL, 0.01
1152, 9, 47, Status.WALL, 0.01
1153, 5, 36, Status.SNAKE, 0.01
1154, 10, 59, Status.SNAKE, 0.01
1155, 5, 36, Status.SNAKE, 0.01
1156, 8, 52, Status.WALL, 0.01
1157, 3, 13, Status.SNAKE, 0.01
1158, 1, 5, Status.SNAKE, 0.01
1159, 1, 10, Status.WALL, 0.01
1160, 13, 97, Status.WALL, 0.01
1161, 7, 50, Status.SNAKE, 0.01
1162, 8, 49, Status.SNAKE, 0.01
1163, 8, 53, Status.SNAKE, 0.01
1164, 7, 40, Status.SNAKE, 0.01
1165, 10, 47, Status.SNAKE, 0.01
1166, 10, 61, Status.SNAKE, 0.01
1167, 13, 93, Status.SNAKE, 0.01
1168, 1, 9, Status.WALL, 0.01
1169, 6, 40, Status.SNAKE, 0.01
1170, 7, 53, Status.SNAKE, 0.01
1171, 9, 80, Status.WALL, 0.01
1172, 14, 79, Status.SNAKE, 0.01
1173, 1, 14, Status.WALL, 0.01
1174, 7, 42, Status.SNAKE, 0.01
1175, 9, 51, Status.SNAKE, 0.01
1176, 2, 8, Status.SNAKE, 0.01
1177, 1, 10, Status.WALL, 0.01
1178, 13, 81, Status.SNAKE, 0.01
1179, 10, 63, Status.WALL, 0.01
1180, 8, 52, Status.SNAKE, 0.01
1181, 15, 109, Status.SNAKE, 0.01
1182, 5, 29, Status.SNAKE, 0.01
1183, 14, 92, Status.SNAKE, 0.01
1184, 6, 51, Status.SNAKE, 0.01
1185, 9, 73, Status.SNAKE, 0.01
1186, 5, 46, Status.WALL, 0.01
1187, 11, 80, Status.SNAKE, 0.01
1188, 8, 37, Status.SNAKE, 0.01
1189, 1, 5, Status.SNAKE, 0.01
1190, 10, 65, Status.SNAKE, 0.01
1191, 12, 70, Status.SNAKE, 0.01
1192, 1, 6, Status.SNAKE, 0.01
1193, 9, 66, Status.WALL, 0.01
1194, 11, 76, Status.SNAKE, 0.01
1195, 6, 40, Status.SNAKE, 0.01
1196, 7, 49, Status.SNAKE, 0.01
1197, 14, 73, Status.SNAKE, 0.01
1198, 8, 38, Status.SNAKE, 0.01
1199, 8, 41, Status.SNAKE, 0.01
1200, 1, 8, Status.SNAKE, 0.01
1201, 7, 57, Status.WALL, 0.01
1202, 16, 100, Status.SNAKE, 0.01
1203, 10, 64, Status.SNAKE, 0.01
1204, 15, 93, Status.WALL, 0.01
1205, 8, 46, Status.WALL, 0.01
1206, 4, 26, Status.SNAKE, 0.01
1207, 5, 36, Status.SNAKE, 0.01
1208, 11, 82, Status.WALL, 0.01
1209, 8, 63, Status.SNAKE, 0.01
1210, 8, 42, Status.SNAKE, 0.01
1211, 8, 68, Status.SNAKE, 0.01
1212, 1, 5, Status.SNAKE, 0.01
1213, 8, 55, Status.SNAKE, 0.01
1214, 6, 45, Status.SNAKE, 0.01
1215, 10, 68, Status.WALL, 0.01
1216, 2, 13, Status.SNAKE, 0.01
1217, 1, 6, Status.SNAKE, 0.01
1218, 6, 42, Status.SNAKE, 0.01
1219, 11, 101, Status.SNAKE, 0.01
1220, 13, 91, Status.SNAKE, 0.01
1221, 7, 58, Status.SNAKE, 0.01
1222, 12, 92, Status.SNAKE, 0.01
1223, 9, 74, Status.WALL, 0.01
1224, 15, 92, Status.SNAKE, 0.01
1225, 7, 52, Status.WALL, 0.01
1226, 12, 92, Status.SNAKE, 0.01
1227, 5, 42, Status.SNAKE, 0.01
1228, 8, 49, Status.SNAKE, 0.01
1229, 9, 60, Status.SNAKE, 0.01
1230, 6, 39, Status.SNAKE, 0.01
1231, 7, 54, Status.SNAKE, 0.01
1232, 10, 60, Status.SNAKE, 0.01
1233, 6, 44, Status.WALL, 0.01
1234, 13, 58, Status.SNAKE, 0.01
1235, 9, 48, Status.SNAKE, 0.01
1236, 15, 112, Status.SNAKE, 0.01
1237, 1, 8, Status.WALL, 0.01
1238, 8, 48, Status.SNAKE, 0.01
1239, 1, 10, Status.WALL, 0.01
1240, 10, 64, Status.SNAKE, 0.01
1241, 3, 25, Status.SNAKE, 0.01
1242, 12, 82, Status.WALL, 0.01
1243, 16, 131, Status.WALL, 0.01
1244, 2, 12, Status.SNAKE, 0.01
1245, 3, 16, Status.SNAKE, 0.01
1246, 3, 14, Status.SNAKE, 0.01
1247, 7, 49, Status.SNAKE, 0.01
1248, 15, 110, Status.SNAKE, 0.01
1249, 7, 47, Status.SNAKE, 0.01
1250, 11, 86, Status.WALL, 0.01
1251, 6, 41, Status.SNAKE, 0.01
1252, 3, 18, Status.SNAKE, 0.01
1253, 2, 15, Status.SNAKE, 0.01
1254, 2, 17, Status.SNAKE, 0.01
1255, 10, 72, Status.WALL, 0.01
1256, 3, 14, Status.SNAKE, 0.01
1257, 10, 88, Status.WALL, 0.01
1258, 1, 6, Status.SNAKE, 0.01
1259, 6, 50, Status.WALL, 0.01
1260, 9, 67, Status.SNAKE, 0.01
1261, 18, 114, Status.SNAKE, 0.01
1262, 6, 29, Status.SNAKE, 0.01
1263, 11, 75, Status.SNAKE, 0.01
1264, 12, 104, Status.SNAKE, 0.01
1265, 4, 20, Status.SNAKE, 0.01
1266, 4, 23, Status.WALL, 0.01
1267, 11, 64, Status.SNAKE, 0.01
1268, 7, 32, Status.SNAKE, 0.01
1269, 2, 15, Status.SNAKE, 0.01
1270, 8, 62, Status.SNAKE, 0.01
1271, 10, 77, Status.SNAKE, 0.01
1272, 11, 95, Status.WALL, 0.01
1273, 9, 60, Status.SNAKE, 0.01
1274, 7, 55, Status.SNAKE, 0.01
1275, 2, 6, Status.SNAKE, 0.01
1276, 7, 41, Status.SNAKE, 0.01
1277, 4, 25, Status.SNAKE, 0.01
1278, 1, 8, Status.SNAKE, 0.01
1279, 6, 34, Status.SNAKE, 0.01
1280, 6, 67, Status.SNAKE, 0.01
1281, 11, 77, Status.SNAKE, 0.01
1282, 6, 39, Status.SNAKE, 0.01
1283, 3, 27, Status.SNAKE, 0.01
1284, 1, 9, Status.WALL, 0.01
1285, 6, 49, Status.SNAKE, 0.01
1286, 11, 71, Status.SNAKE, 0.01
1287, 1, 10, Status.WALL, 0.01
1288, 14, 101, Status.SNAKE, 0.01
1289, 10, 60, Status.SNAKE, 0.01
1290, 3, 23, Status.SNAKE, 0.01
1291, 5, 52, Status.SNAKE, 0.01
1292, 4, 18, Status.SNAKE, 0.01
1293, 7, 52, Status.WALL, 0.01
1294, 8, 45, Status.SNAKE, 0.01
1295, 5, 34, Status.SNAKE, 0.01
1296, 2, 8, Status.WALL, 0.01
1297, 13, 72, Status.SNAKE, 0.01
1298, 6, 56, Status.SNAKE, 0.01
1299, 22, 175, Status.SNAKE, 0.01
1300, 9, 49, Status.SNAKE, 0.01
1301, 6, 32, Status.SNAKE, 0.01
1302, 16, 104, Status.WALL, 0.01
1303, 9, 63, Status.SNAKE, 0.01
1304, 11, 58, Status.SNAKE, 0.01
1305, 3, 17, Status.SNAKE, 0.01
1306, 11, 77, Status.SNAKE, 0.01
1307, 15, 111, Status.SNAKE, 0.01
1308, 5, 27, Status.SNAKE, 0.01
1309, 2, 8, Status.SNAKE, 0.01
1310, 14, 100, Status.SNAKE, 0.01
1311, 5, 21, Status.SNAKE, 0.01
1312, 13, 111, Status.SNAKE, 0.01
1313, 3, 24, Status.SNAKE, 0.01
1314, 11, 78, Status.WALL, 0.01
1315, 12, 93, Status.SNAKE, 0.01
1316, 7, 44, Status.SNAKE, 0.01
1317, 1, 5, Status.SNAKE, 0.01
1318, 10, 77, Status.SNAKE, 0.01
1319, 1, 7, Status.SNAKE, 0.01
1320, 7, 39, Status.WALL, 0.01
1321, 7, 48, Status.SNAKE, 0.01
1322, 11, 82, Status.WALL, 0.01
1323, 3, 20, Status.WALL, 0.01
1324, 1, 7, Status.SNAKE, 0.01
1325, 6, 25, Status.SNAKE, 0.01
1326, 1, 5, Status.WALL, 0.01
1327, 2, 22, Status.WALL, 0.01
1328, 9, 77, Status.SNAKE, 0.01
1329, 9, 59, Status.SNAKE, 0.01
1330, 5, 29, Status.SNAKE, 0.01
1331, 16, 123, Status.SNAKE, 0.01
1332, 7, 55, Status.SNAKE, 0.01
1333, 5, 32, Status.WALL, 0.01
1334, 11, 82, Status.SNAKE, 0.01
1335, 5, 32, Status.SNAKE, 0.01
1336, 5, 28, Status.SNAKE, 0.01
1337, 4, 27, Status.SNAKE, 0.01
1338, 11, 75, Status.SNAKE, 0.01
1339, 7, 36, Status.WALL, 0.01
1340, 8, 54, Status.SNAKE, 0.01
1341, 7, 43, Status.SNAKE, 0.01
1342, 12, 78, Status.SNAKE, 0.01
1343, 9, 47, Status.WALL, 0.01
1344, 3, 16, Status.SNAKE, 0.01
1345, 10, 69, Status.SNAKE, 0.01
1346, 3, 12, Status.WALL, 0.01
1347, 1, 5, Status.SNAKE, 0.01
1348, 14, 84, Status.SNAKE, 0.01
1349, 6, 28, Status.SNAKE, 0.01
1350, 4, 20, Status.SNAKE, 0.01
1351, 3, 15, Status.SNAKE, 0.01
1352, 15, 126, Status.SNAKE, 0.01
1353, 4, 31, Status.SNAKE, 0.01
1354, 10, 54, Status.SNAKE, 0.01
1355, 6, 35, Status.SNAKE, 0.01
1356, 2, 26, Status.SNAKE, 0.01
1357, 3, 17, Status.SNAKE, 0.01
1358, 7, 58, Status.SNAKE, 0.01
1359, 10, 67, Status.SNAKE, 0.01
1360, 1, 9, Status.WALL, 0.01
1361, 11, 89, Status.WALL, 0.01
1362, 10, 56, Status.SNAKE, 0.01
1363, 3, 15, Status.SNAKE, 0.01
1364, 5, 33, Status.SNAKE, 0.01
1365, 17, 101, Status.SNAKE, 0.01
1366, 11, 94, Status.SNAKE, 0.01
1367, 20, 174, Status.SNAKE, 0.01
1368, 12, 95, Status.WALL, 0.01
1369, 4, 44, Status.SNAKE, 0.01
1370, 7, 39, Status.SNAKE, 0.01
1371, 16, 114, Status.SNAKE, 0.01
1372, 5, 28, Status.SNAKE, 0.01
1373, 11, 69, Status.SNAKE, 0.01
1374, 8, 51, Status.SNAKE, 0.01
1375, 8, 59, Status.SNAKE, 0.01
1376, 15, 100, Status.SNAKE, 0.01
1377, 8, 65, Status.SNAKE, 0.01
1378, 8, 65, Status.WALL, 0.01
1379, 6, 26, Status.SNAKE, 0.01
1380, 8, 49, Status.SNAKE, 0.01
1381, 13, 95, Status.SNAKE, 0.01
1382, 6, 44, Status.SNAKE, 0.01
1383, 12, 78, Status.SNAKE, 0.01
1384, 19, 105, Status.SNAKE, 0.01
1385, 6, 41, Status.SNAKE, 0.01
1386, 12, 82, Status.SNAKE, 0.01
1387, 11, 72, Status.SNAKE, 0.01
1388, 3, 21, Status.SNAKE, 0.01
1389, 7, 51, Status.SNAKE, 0.01
1390, 4, 24, Status.SNAKE, 0.01
1391, 9, 50, Status.SNAKE, 0.01
1392, 10, 50, Status.SNAKE, 0.01
1393, 3, 17, Status.SNAKE, 0.01
1394, 4, 30, Status.WALL, 0.01
1395, 6, 35, Status.SNAKE, 0.01
1396, 6, 23, Status.SNAKE, 0.01
1397, 3, 35, Status.SNAKE, 0.01
1398, 9, 73, Status.SNAKE, 0.01
1399, 2, 16, Status.SNAKE, 0.01
1400, 1, 6, Status.SNAKE, 0.01
1401, 2, 10, Status.SNAKE, 0.01
1402, 17, 123, Status.WALL, 0.01
1403, 7, 51, Status.SNAKE, 0.01
1404, 2, 11, Status.SNAKE, 0.01
1405, 17, 119, Status.SNAKE, 0.01
1406, 6, 48, Status.SNAKE, 0.01
1407, 5, 41, Status.SNAKE, 0.01
1408, 16, 99, Status.SNAKE, 0.01
1409, 3, 18, Status.WALL, 0.01
1410, 6, 32, Status.WALL, 0.01
1411, 14, 110, Status.SNAKE, 0.01
1412, 10, 63, Status.SNAKE, 0.01
1413, 7, 45, Status.WALL, 0.01
1414, 6, 60, Status.WALL, 0.01
1415, 6, 51, Status.SNAKE, 0.01
1416, 7, 50, Status.SNAKE, 0.01
1417, 13, 80, Status.WALL, 0.01
1418, 7, 48, Status.SNAKE, 0.01
1419, 9, 63, Status.WALL, 0.01
1420, 7, 50, Status.WALL, 0.01
1421, 6, 35, Status.SNAKE, 0.01
1422, 8, 41, Status.SNAKE, 0.01
1423, 15, 83, Status.SNAKE, 0.01
1424, 7, 40, Status.SNAKE, 0.01
1425, 11, 73, Status.SNAKE, 0.01
1426, 3, 18, Status.SNAKE, 0.01
1427, 7, 44, Status.SNAKE, 0.01
1428, 6, 31, Status.SNAKE, 0.01
1429, 5, 21, Status.SNAKE, 0.01
1430, 5, 23, Status.SNAKE, 0.01
1431, 5, 53, Status.SNAKE, 0.01
1432, 4, 17, Status.SNAKE, 0.01
1433, 7, 53, Status.SNAKE, 0.01
1434, 16, 120, Status.SNAKE, 0.01
1435, 4, 16, Status.SNAKE, 0.01
1436, 13, 82, Status.SNAKE, 0.01
1437, 5, 28, Status.WALL, 0.01
1438, 11, 92, Status.SNAKE, 0.01
1439, 16, 126, Status.SNAKE, 0.01
1440, 6, 39, Status.SNAKE, 0.01
1441, 11, 64, Status.SNAKE, 0.01
1442, 5, 30, Status.SNAKE, 0.01
1443, 1, 3, Status.SNAKE, 0.01
1444, 9, 48, Status.SNAKE, 0.01
1445, 5, 29, Status.SNAKE, 0.01
1446, 15, 98, Status.SNAKE, 0.01
1447, 12, 81, Status.SNAKE, 0.01
1448, 9, 46, Status.SNAKE, 0.01
1449, 7, 56, Status.SNAKE, 0.01
1450, 6, 48, Status.SNAKE, 0.01
1451, 2, 10, Status.WALL, 0.01
1452, 6, 37, Status.SNAKE, 0.01
1453, 9, 56, Status.SNAKE, 0.01
1454, 7, 55, Status.SNAKE, 0.01
1455, 9, 51, Status.SNAKE, 0.01
1456, 6, 34, Status.SNAKE, 0.01
1457, 8, 46, Status.SNAKE, 0.01
1458, 13, 97, Status.SNAKE, 0.01
1459, 6, 36, Status.SNAKE, 0.01
1460, 17, 110, Status.WALL, 0.01
1461, 12, 84, Status.SNAKE, 0.01
1462, 8, 56, Status.WALL, 0.01
1463, 15, 123, Status.SNAKE, 0.01
1464, 12, 82, Status.SNAKE, 0.01
1465, 4, 22, Status.SNAKE, 0.01
1466, 9, 65, Status.SNAKE, 0.01
1467, 6, 38, Status.SNAKE, 0.01
1468, 16, 80, Status.SNAKE, 0.01
1469, 9, 56, Status.SNAKE, 0.01
1470, 12, 74, Status.SNAKE, 0.01
1471, 11, 87, Status.WALL, 0.01
1472, 14, 89, Status.SNAKE, 0.01
1473, 9, 78, Status.SNAKE, 0.01
1474, 4, 26, Status.WALL, 0.01
1475, 6, 40, Status.SNAKE, 0.01
1476, 11, 54, Status.SNAKE, 0.01
1477, 6, 48, Status.SNAKE, 0.01
1478, 7, 46, Status.SNAKE, 0.01
1479, 12, 97, Status.SNAKE, 0.01
1480, 3, 19, Status.WALL, 0.01
1481, 21, 133, Status.SNAKE, 0.01
1482, 5, 43, Status.SNAKE, 0.01
1483, 4, 23, Status.SNAKE, 0.01
1484, 6, 46, Status.SNAKE, 0.01
1485, 14, 101, Status.SNAKE, 0.01
1486, 9, 65, Status.SNAKE, 0.01
1487, 1, 5, Status.SNAKE, 0.01
1488, 7, 42, Status.WALL, 0.01
1489, 6, 53, Status.WALL, 0.01
1490, 1, 8, Status.WALL, 0.01
1491, 11, 81, Status.SNAKE, 0.01
1492, 8, 50, Status.SNAKE, 0.01
1493, 13, 61, Status.SNAKE, 0.01
1494, 10, 81, Status.WALL, 0.01
1495, 9, 73, Status.SNAKE, 0.01
1496, 16, 96, Status.SNAKE, 0.01
1497, 7, 40, Status.SNAKE, 0.01
1498, 6, 48, Status.SNAKE, 0.01
1499, 10, 62, Status.SNAKE, 0.01
1500, 7, 40, Status.SNAKE, 0.01
1501, 10, 65, Status.SNAKE, 0.01
1502, 14, 109, Status.SNAKE, 0.01
1503, 6, 39, Status.SNAKE, 0.01
1504, 3, 9, Status.SNAKE, 0.01
1505, 7, 50, Status.SNAKE, 0.01
1506, 7, 44, Status.WALL, 0.01
1507, 17, 105, Status.WALL, 0.01
1508, 5, 43, Status.SNAKE, 0.01
1509, 9, 66, Status.SNAKE, 0.01
1510, 12, 83, Status.WALL, 0.01
1511, 15, 87, Status.SNAKE, 0.01
1512, 9, 49, Status.SNAKE, 0.01
1513, 10, 52, Status.SNAKE, 0.01
1514, 3, 16, Status.SNAKE, 0.01
1515, 13, 83, Status.SNAKE, 0.01
1516, 13, 85, Status.SNAKE, 0.01
1517, 12, 72, Status.SNAKE, 0.01
1518, 5, 34, Status.SNAKE, 0.01
1519, 9, 61, Status.SNAKE, 0.01
1520, 11, 84, Status.SNAKE, 0.01
1521, 13, 85, Status.WALL, 0.01
1522, 1, 9, Status.SNAKE, 0.01
1523, 6, 37, Status.SNAKE, 0.01
1524, 17, 112, Status.SNAKE, 0.01
1525, 8, 51, Status.SNAKE, 0.01
1526, 22, 135, Status.SNAKE, 0.01
1527, 6, 31, Status.SNAKE, 0.01
1528, 11, 91, Status.WALL, 0.01
1529, 11, 87, Status.SNAKE, 0.01
1530, 17, 147, Status.SNAKE, 0.01
1531, 7, 34, Status.SNAKE, 0.01
1532, 8, 59, Status.SNAKE, 0.01
1533, 5, 11, Status.SNAKE, 0.01
1534, 15, 88, Status.SNAKE, 0.01
1535, 14, 125, Status.SNAKE, 0.01
1536, 14, 102, Status.SNAKE, 0.01
1537, 9, 71, Status.WALL, 0.01
1538, 5, 27, Status.SNAKE, 0.01
1539, 8, 44, Status.WALL, 0.01
1540, 15, 105, Status.SNAKE, 0.01
1541, 7, 33, Status.SNAKE, 0.01
1542, 8, 46, Status.SNAKE, 0.01
1543, 8, 41, Status.SNAKE, 0.01
1544, 14, 77, Status.SNAKE, 0.01
1545, 6, 33, Status.SNAKE, 0.01
1546, 4, 17, Status.SNAKE, 0.01
1547, 6, 39, Status.SNAKE, 0.01
1548, 6, 45, Status.SNAKE, 0.01
1549, 4, 33, Status.SNAKE, 0.01
1550, 11, 76, Status.SNAKE, 0.01
1551, 3, 18, Status.SNAKE, 0.01
1552, 3, 23, Status.SNAKE, 0.01
1553, 13, 71, Status.SNAKE, 0.01
1554, 5, 35, Status.SNAKE, 0.01
1555, 7, 60, Status.SNAKE, 0.01
1556, 11, 64, Status.SNAKE, 0.01
1557, 11, 85, Status.WALL, 0.01
1558, 10, 68, Status.WALL, 0.01
1559, 3, 22, Status.WALL, 0.01
1560, 12, 78, Status.WALL, 0.01
1561, 7, 59, Status.SNAKE, 0.01
1562, 6, 49, Status.SNAKE, 0.01
1563, 3, 27, Status.SNAKE, 0.01
1564, 7, 64, Status.SNAKE, 0.01
1565, 8, 48, Status.WALL, 0.01
1566, 14, 91, Status.WALL, 0.01
1567, 3, 26, Status.WALL, 0.01
1568, 5, 26, Status.WALL, 0.01
1569, 6, 31, Status.SNAKE, 0.01
1570, 1, 7, Status.WALL, 0.01
1571, 10, 54, Status.SNAKE, 0.01
1572, 6, 47, Status.SNAKE, 0.01
1573, 5, 24, Status.SNAKE, 0.01
1574, 21, 145, Status.SNAKE, 0.01
1575, 3, 15, Status.SNAKE, 0.01
1576, 12, 74, Status.SNAKE, 0.01
1577, 12, 76, Status.SNAKE, 0.01
1578, 9, 59, Status.SNAKE, 0.01
1579, 7, 56, Status.SNAKE, 0.01
1580, 5, 27, Status.SNAKE, 0.01
1581, 9, 51, Status.SNAKE, 0.01
1582, 2, 15, Status.SNAKE, 0.01
1583, 12, 92, Status.SNAKE, 0.01
1584, 9, 49, Status.SNAKE, 0.01
1585, 14, 106, Status.WALL, 0.01
1586, 4, 33, Status.SNAKE, 0.01
1587, 11, 73, Status.SNAKE, 0.01
1588, 2, 13, Status.SNAKE, 0.01
1589, 9, 55, Status.WALL, 0.01
1590, 24, 154, Status.SNAKE, 0.01
1591, 7, 51, Status.SNAKE, 0.01
1592, 8, 75, Status.SNAKE, 0.01
1593, 13, 89, Status.SNAKE, 0.01
1594, 6, 31, Status.SNAKE, 0.01
1595, 7, 59, Status.SNAKE, 0.01
1596, 2, 11, Status.SNAKE, 0.01
1597, 1, 3, Status.SNAKE, 0.01
1598, 8, 64, Status.SNAKE, 0.01
1599, 5, 26, Status.SNAKE, 0.01
1600, 13, 98, Status.SNAKE, 0.01
1601, 6, 35, Status.SNAKE, 0.01
1602, 7, 48, Status.SNAKE, 0.01
1603, 13, 86, Status.SNAKE, 0.01
1604, 15, 82, Status.SNAKE, 0.01
1605, 10, 93, Status.SNAKE, 0.01
1606, 11, 76, Status.SNAKE, 0.01
1607, 14, 93, Status.SNAKE, 0.01
1608, 7, 47, Status.SNAKE, 0.01
1609, 19, 97, Status.SNAKE, 0.01
1610, 15, 114, Status.SNAKE, 0.01
1611, 7, 51, Status.SNAKE, 0.01
1612, 7, 44, Status.SNAKE, 0.01
1613, 7, 40, Status.SNAKE, 0.01
1614, 17, 136, Status.SNAKE, 0.01
1615, 10, 62, Status.SNAKE, 0.01
1616, 3, 18, Status.SNAKE, 0.01
1617, 12, 78, Status.SNAKE, 0.01
1618, 7, 46, Status.SNAKE, 0.01
1619, 1, 3, Status.SNAKE, 0.01
1620, 9, 43, Status.SNAKE, 0.01
1621, 7, 39, Status.SNAKE, 0.01
1622, 3, 20, Status.WALL, 0.01
1623, 13, 99, Status.SNAKE, 0.01
1624, 8, 54, Status.WALL, 0.01
1625, 2, 12, Status.WALL, 0.01
1626, 5, 29, Status.SNAKE, 0.01
1627, 4, 19, Status.WALL, 0.01
1628, 12, 102, Status.SNAKE, 0.01
1629, 13, 99, Status.SNAKE, 0.01
1630, 7, 42, Status.SNAKE, 0.01
1631, 12, 78, Status.SNAKE, 0.01
1632, 10, 60, Status.SNAKE, 0.01
1633, 12, 62, Status.SNAKE, 0.01
1634, 14, 66, Status.SNAKE, 0.01
1635, 10, 90, Status.SNAKE, 0.01
1636, 10, 73, Status.WALL, 0.01
1637, 9, 58, Status.SNAKE, 0.01
1638, 15, 125, Status.SNAKE, 0.01
1639, 4, 25, Status.SNAKE, 0.01
1640, 15, 101, Status.SNAKE, 0.01
1641, 11, 62, Status.SNAKE, 0.01
1642, 2, 17, Status.SNAKE, 0.01
1643, 11, 79, Status.SNAKE, 0.01
1644, 24, 158, Status.WALL, 0.01
1645, 6, 40, Status.SNAKE, 0.01
1646, 10, 63, Status.SNAKE, 0.01
1647, 7, 52, Status.SNAKE, 0.01
1648, 11, 65, Status.SNAKE, 0.01
1649, 12, 67, Status.WALL, 0.01
1650, 17, 114, Status.SNAKE, 0.01
1651, 5, 24, Status.WALL, 0.01
1652, 10, 51, Status.SNAKE, 0.01
1653, 8, 50, Status.SNAKE, 0.01
1654, 7, 50, Status.SNAKE, 0.01
1655, 2, 18, Status.WALL, 0.01
1656, 9, 51, Status.SNAKE, 0.01
1657, 7, 58, Status.SNAKE, 0.01
1658, 12, 69, Status.SNAKE, 0.01
1659, 10, 55, Status.SNAKE, 0.01
1660, 12, 89, Status.SNAKE, 0.01
1661, 6, 37, Status.SNAKE, 0.01
1662, 1, 5, Status.SNAKE, 0.01
1663, 8, 68, Status.SNAKE, 0.01
1664, 5, 22, Status.WALL, 0.01
1665, 9, 52, Status.SNAKE, 0.01
1666, 17, 137, Status.SNAKE, 0.01
1667, 9, 46, Status.SNAKE, 0.01
1668, 7, 60, Status.SNAKE, 0.01
1669, 8, 36, Status.SNAKE, 0.01
1670, 9, 64, Status.SNAKE, 0.01
1671, 10, 56, Status.SNAKE, 0.01
1672, 7, 43, Status.SNAKE, 0.01
1673, 13, 100, Status.SNAKE, 0.01
1674, 1, 8, Status.WALL, 0.01
1675, 4, 26, Status.WALL, 0.01
1676, 1, 5, Status.SNAKE, 0.01
1677, 8, 62, Status.WALL, 0.01
1678, 14, 103, Status.WALL, 0.01
1679, 6, 27, Status.SNAKE, 0.01
1680, 16, 81, Status.SNAKE, 0.01
1681, 13, 81, Status.WALL, 0.01
1682, 2, 14, Status.SNAKE, 0.01
1683, 11, 89, Status.WALL, 0.01
1684, 17, 103, Status.SNAKE, 0.01
1685, 7, 45, Status.SNAKE, 0.01
1686, 14, 113, Status.SNAKE, 0.01
1687, 13, 89, Status.SNAKE, 0.01
1688, 6, 29, Status.SNAKE, 0.01
1689, 10, 50, Status.SNAKE, 0.01
1690, 1, 3, Status.SNAKE, 0.01
1691, 10, 66, Status.SNAKE, 0.01
1692, 8, 65, Status.SNAKE, 0.01
1693, 6, 34, Status.SNAKE, 0.01
1694, 11, 64, Status.SNAKE, 0.01
1695, 13, 77, Status.SNAKE, 0.01
1696, 9, 47, Status.SNAKE, 0.01
1697, 5, 35, Status.SNAKE, 0.01
1698, 10, 82, Status.SNAKE, 0.01
1699, 10, 50, Status.SNAKE, 0.01
1700, 11, 98, Status.SNAKE, 0.01
1701, 7, 81, Status.SNAKE, 0.01
1702, 16, 108, Status.SNAKE, 0.01
1703, 6, 50, Status.WALL, 0.01
1704, 4, 23, Status.SNAKE, 0.01
1705, 9, 77, Status.SNAKE, 0.01
1706, 4, 21, Status.WALL, 0.01
1707, 7, 38, Status.SNAKE, 0.01
1708, 5, 23, Status.SNAKE, 0.01
1709, 16, 117, Status.SNAKE, 0.01
1710, 16, 115, Status.WALL, 0.01
1711, 4, 27, Status.SNAKE, 0.01
1712, 10, 72, Status.SNAKE, 0.01
1713, 8, 64, Status.SNAKE, 0.01
1714, 12, 108, Status.SNAKE, 0.01
1715, 3, 25, Status.SNAKE, 0.01
1716, 12, 104, Status.WALL, 0.01
1717, 15, 104, Status.SNAKE, 0.01
1718, 15, 114, Status.SNAKE, 0.01
1719, 8, 46, Status.SNAKE, 0.01
1720, 9, 52, Status.WALL, 0.01
1721, 11, 77, Status.SNAKE, 0.01
1722, 10, 80, Status.WALL, 0.01
1723, 13, 80, Status.SNAKE, 0.01
1724, 8, 58, Status.SNAKE, 0.01
1725, 15, 94, Status.SNAKE, 0.01
1726, 5, 25, Status.SNAKE, 0.01
1727, 15, 97, Status.SNAKE, 0.01
1728, 10, 69, Status.SNAKE, 0.01
1729, 16, 113, Status.SNAKE, 0.01
1730, 6, 45, Status.SNAKE, 0.01
1731, 6, 48, Status.SNAKE, 0.01
1732, 8, 50, Status.SNAKE, 0.01
1733, 6, 45, Status.WALL, 0.01
1734, 9, 39, Status.SNAKE, 0.01
1735, 12, 94, Status.WALL, 0.01
1736, 3, 11, Status.SNAKE, 0.01
1737, 7, 41, Status.SNAKE, 0.01
1738, 12, 90, Status.SNAKE, 0.01
1739, 2, 18, Status.WALL, 0.01
1740, 12, 78, Status.SNAKE, 0.01
1741, 9, 44, Status.SNAKE, 0.01
1742, 16, 109, Status.SNAKE, 0.01
1743, 16, 103, Status.SNAKE, 0.01
1744, 10, 69, Status.SNAKE, 0.01
1745, 14, 88, Status.SNAKE, 0.01
1746, 7, 35, Status.SNAKE, 0.01
1747, 1, 5, Status.SNAKE, 0.01
1748, 15, 90, Status.WALL, 0.01
1749, 7, 47, Status.SNAKE, 0.01
1750, 15, 94, Status.SNAKE, 0.01
1751, 12, 99, Status.SNAKE, 0.01
1752, 10, 64, Status.SNAKE, 0.01
1753, 5, 39, Status.SNAKE, 0.01
1754, 5, 40, Status.SNAKE, 0.01
1755, 7, 39, Status.SNAKE, 0.01
1756, 2, 10, Status.SNAKE, 0.01
1757, 11, 81, Status.SNAKE, 0.01
1758, 13, 90, Status.SNAKE, 0.01
1759, 13, 96, Status.SNAKE, 0.01
1760, 11, 73, Status.WALL, 0.01
1761, 6, 41, Status.SNAKE, 0.01
1762, 13, 81, Status.SNAKE, 0.01
1763, 13, 70, Status.SNAKE, 0.01
1764, 22, 133, Status.SNAKE, 0.01
1765, 15, 87, Status.SNAKE, 0.01
1766, 5, 32, Status.WALL, 0.01
1767, 2, 14, Status.SNAKE, 0.01
1768, 12, 62, Status.SNAKE, 0.01
1769, 7, 56, Status.SNAKE, 0.01
1770, 16, 107, Status.SNAKE, 0.01
1771, 11, 63, Status.SNAKE, 0.01
1772, 11, 95, Status.SNAKE, 0.01
1773, 11, 72, Status.SNAKE, 0.01
1774, 8, 65, Status.SNAKE, 0.01
1775, 12, 80, Status.SNAKE, 0.01
1776, 5, 28, Status.SNAKE, 0.01
1777, 1, 3, Status.SNAKE, 0.01
1778, 10, 72, Status.SNAKE, 0.01
1779, 8, 46, Status.SNAKE, 0.01
1780, 4, 31, Status.SNAKE, 0.01
1781, 2, 26, Status.WALL, 0.01
1782, 10, 74, Status.WALL, 0.01
1783, 6, 32, Status.SNAKE, 0.01
1784, 17, 112, Status.SNAKE, 0.01
1785, 8, 73, Status.SNAKE, 0.01
1786, 6, 54, Status.SNAKE, 0.01
1787, 4, 15, Status.SNAKE, 0.01
1788, 6, 34, Status.SNAKE, 0.01
1789, 13, 83, Status.SNAKE, 0.01
1790, 5, 33, Status.SNAKE, 0.01
1791, 7, 45, Status.SNAKE, 0.01
1792, 5, 29, Status.SNAKE, 0.01
1793, 1, 8, Status.WALL, 0.01
1794, 6, 45, Status.SNAKE, 0.01
1795, 7, 55, Status.SNAKE, 0.01
1796, 14, 103, Status.SNAKE, 0.01
1797, 22, 168, Status.SNAKE, 0.01
1798, 13, 87, Status.WALL, 0.01
1799, 2, 20, Status.WALL, 0.01
1800, 11, 60, Status.SNAKE, 0.01
1801, 25, 162, Status.SNAKE, 0.01
1802, 6, 45, Status.SNAKE, 0.01
1803, 14, 92, Status.WALL, 0.01
1804, 6, 55, Status.SNAKE, 0.01
1805, 7, 45, Status.SNAKE, 0.01
1806, 3, 22, Status.WALL, 0.01
1807, 14, 97, Status.SNAKE, 0.01
1808, 8, 54, Status.WALL, 0.01
1809, 2, 12, Status.WALL, 0.01
1810, 11, 69, Status.SNAKE, 0.01
1811, 2, 19, Status.SNAKE, 0.01
1812, 4, 24, Status.WALL, 0.01
1813, 12, 87, Status.SNAKE, 0.01
1814, 6, 28, Status.SNAKE, 0.01
1815, 8, 44, Status.WALL, 0.01
1816, 8, 40, Status.SNAKE, 0.01
1817, 6, 58, Status.SNAKE, 0.01
1818, 4, 20, Status.SNAKE, 0.01
1819, 17, 96, Status.SNAKE, 0.01
1820, 11, 80, Status.SNAKE, 0.01
1821, 18, 135, Status.SNAKE, 0.01
1822, 5, 43, Status.SNAKE, 0.01
1823, 9, 56, Status.SNAKE, 0.01
1824, 13, 93, Status.SNAKE, 0.01
1825, 6, 35, Status.SNAKE, 0.01
1826, 3, 24, Status.WALL, 0.01
1827, 11, 67, Status.SNAKE, 0.01
1828, 9, 69, Status.SNAKE, 0.01
1829, 7, 44, Status.WALL, 0.01
1830, 1, 3, Status.SNAKE, 0.01
1831, 14, 102, Status.SNAKE, 0.01
1832, 7, 52, Status.SNAKE, 0.01
1833, 17, 105, Status.SNAKE, 0.01
1834, 5, 28, Status.SNAKE, 0.01
1835, 12, 82, Status.SNAKE, 0.01
1836, 3, 18, Status.SNAKE, 0.01
1837, 4, 28, Status.WALL, 0.01
1838, 4, 15, Status.SNAKE, 0.01
1839, 5, 38, Status.WALL, 0.01
1840, 4, 22, Status.SNAKE, 0.01
1841, 10, 68, Status.SNAKE, 0.01
1842, 13, 98, Status.SNAKE, 0.01
1843, 8, 54, Status.WALL, 0.01
1844, 10, 50, Status.SNAKE, 0.01
1845, 4, 14, Status.SNAKE, 0.01
1846, 4, 31, Status.SNAKE, 0.01
1847, 7, 52, Status.SNAKE, 0.01
1848, 3, 21, Status.SNAKE, 0.01
1849, 1, 5, Status.SNAKE, 0.01
1850, 13, 85, Status.SNAKE, 0.01
1851, 9, 67, Status.SNAKE, 0.01
1852, 11, 67, Status.WALL, 0.01
1853, 1, 5, Status.SNAKE, 0.01
1854, 10, 58, Status.SNAKE, 0.01
1855, 10, 74, Status.SNAKE, 0.01
1856, 14, 95, Status.SNAKE, 0.01
1857, 17, 95, Status.SNAKE, 0.01
1858, 5, 29, Status.SNAKE, 0.01
1859, 7, 47, Status.SNAKE, 0.01
1860, 9, 55, Status.SNAKE, 0.01
1861, 8, 68, Status.SNAKE, 0.01
1862, 6, 38, Status.SNAKE, 0.01
1863, 10, 64, Status.WALL, 0.01
1864, 9, 60, Status.SNAKE, 0.01
1865, 10, 50, Status.SNAKE, 0.01
1866, 8, 40, Status.WALL, 0.01
1867, 10, 74, Status.WALL, 0.01
1868, 10, 75, Status.WALL, 0.01
1869, 8, 51, Status.SNAKE, 0.01
1870, 3, 13, Status.SNAKE, 0.01
1871, 8, 62, Status.SNAKE, 0.01
1872, 7, 50, Status.SNAKE, 0.01
1873, 8, 56, Status.SNAKE, 0.01
1874, 12, 83, Status.SNAKE, 0.01
1875, 8, 41, Status.SNAKE, 0.01
1876, 13, 82, Status.SNAKE, 0.01
1877, 14, 111, Status.SNAKE, 0.01
1878, 4, 12, Status.WALL, 0.01
1879, 10, 55, Status.SNAKE, 0.01
1880, 11, 50, Status.SNAKE, 0.01
1881, 5, 23, Status.SNAKE, 0.01
1882, 6, 19, Status.SNAKE, 0.01
1883, 15, 104, Status.SNAKE, 0.01
1884, 6, 20, Status.SNAKE, 0.01
1885, 12, 97, Status.SNAKE, 0.01
1886, 4, 24, Status.SNAKE, 0.01
1887, 12, 78, Status.SNAKE, 0.01
1888, 8, 66, Status.SNAKE, 0.01
1889, 10, 61, Status.SNAKE, 0.01
1890, 15, 95, Status.SNAKE, 0.01
1891, 5, 37, Status.SNAKE, 0.01
1892, 4, 23, Status.SNAKE, 0.01
1893, 9, 44, Status.SNAKE, 0.01
1894, 4, 23, Status.WALL, 0.01
1895, 15, 91, Status.SNAKE, 0.01
1896, 24, 149, Status.SNAKE, 0.01
1897, 3, 26, Status.SNAKE, 0.01
1898, 7, 59, Status.SNAKE, 0.01
1899, 18, 112, Status.SNAKE, 0.01
1900, 12, 101, Status.SNAKE, 0.01
1901, 5, 32, Status.SNAKE, 0.01
1902, 10, 67, Status.SNAKE, 0.01
1903, 12, 73, Status.SNAKE, 0.01
1904, 5, 29, Status.SNAKE, 0.01
1905, 14, 95, Status.SNAKE, 0.01
1906, 2, 18, Status.SNAKE, 0.01
1907, 7, 53, Status.SNAKE, 0.01
1908, 5, 30, Status.SNAKE, 0.01
1909, 3, 12, Status.WALL, 0.01
1910, 1, 5, Status.SNAKE, 0.01
1911, 1, 5, Status.SNAKE, 0.01
1912, 3, 9, Status.SNAKE, 0.01
1913, 16, 98, Status.SNAKE, 0.01
1914, 2, 21, Status.WALL, 0.01
1915, 9, 60, Status.SNAKE, 0.01
1916, 6, 33, Status.SNAKE, 0.01
1917, 14, 83, Status.SNAKE, 0.01
1918, 3, 8, Status.SNAKE, 0.01
1919, 2, 15, Status.SNAKE, 0.01
1920, 13, 139, Status.WALL, 0.01
1921, 8, 50, Status.SNAKE, 0.01
1922, 8, 50, Status.SNAKE, 0.01
1923, 5, 22, Status.WALL, 0.01
1924, 8, 68, Status.WALL, 0.01
1925, 16, 123, Status.SNAKE, 0.01
1926, 20, 140, Status.SNAKE, 0.01
1927, 4, 22, Status.WALL, 0.01
1928, 17, 119, Status.SNAKE, 0.01
1929, 10, 52, Status.WALL, 0.01
1930, 10, 61, Status.SNAKE, 0.01
1931, 6, 39, Status.SNAKE, 0.01
1932, 16, 80, Status.SNAKE, 0.01
1933, 5, 29, Status.SNAKE, 0.01
1934, 10, 75, Status.SNAKE, 0.01
1935, 10, 58, Status.SNAKE, 0.01
1936, 11, 62, Status.SNAKE, 0.01
1937, 9, 61, Status.SNAKE, 0.01
1938, 14, 94, Status.WALL, 0.01
1939, 9, 47, Status.SNAKE, 0.01
1940, 5, 36, Status.SNAKE, 0.01
1941, 7, 50, Status.SNAKE, 0.01
1942, 8, 45, Status.SNAKE, 0.01
1943, 4, 15, Status.SNAKE, 0.01
1944, 6, 40, Status.SNAKE, 0.01
1945, 11, 64, Status.SNAKE, 0.01
1946, 12, 81, Status.SNAKE, 0.01
1947, 9, 61, Status.WALL, 0.01
1948, 7, 51, Status.SNAKE, 0.01
1949, 13, 92, Status.SNAKE, 0.01
1950, 6, 37, Status.SNAKE, 0.01
1951, 5, 37, Status.WALL, 0.01
1952, 10, 73, Status.SNAKE, 0.01
1953, 16, 94, Status.SNAKE, 0.01
1954, 3, 28, Status.WALL, 0.01
1955, 16, 109, Status.SNAKE, 0.01
1956, 9, 43, Status.SNAKE, 0.01
1957, 7, 48, Status.SNAKE, 0.01
1958, 11, 86, Status.SNAKE, 0.01
1959, 10, 67, Status.SNAKE, 0.01
1960, 9, 68, Status.SNAKE, 0.01
1961, 9, 56, Status.SNAKE, 0.01
1962, 3, 25, Status.WALL, 0.01
1963, 12, 53, Status.SNAKE, 0.01
1964, 7, 61, Status.SNAKE, 0.01
1965, 11, 59, Status.SNAKE, 0.01
1966, 6, 46, Status.SNAKE, 0.01
1967, 9, 58, Status.SNAKE, 0.01
1968, 7, 47, Status.SNAKE, 0.01
1969, 8, 54, Status.SNAKE, 0.01
1970, 11, 64, Status.WALL, 0.01
1971, 4, 35, Status.WALL, 0.01
1972, 10, 81, Status.SNAKE, 0.01
1973, 7, 47, Status.SNAKE, 0.01
1974, 7, 48, Status.WALL, 0.01
1975, 7, 32, Status.SNAKE, 0.01
1976, 6, 41, Status.WALL, 0.01
1977, 4, 27, Status.WALL, 0.01
1978, 10, 57, Status.SNAKE, 0.01
1979, 14, 109, Status.SNAKE, 0.01
1980, 11, 61, Status.SNAKE, 0.01
1981, 2, 11, Status.SNAKE, 0.01
1982, 9, 66, Status.SNAKE, 0.01
1983, 13, 72, Status.SNAKE, 0.01
1984, 9, 47, Status.SNAKE, 0.01
1985, 8, 38, Status.WALL, 0.01
1986, 4, 31, Status.WALL, 0.01
1987, 16, 77, Status.SNAKE, 0.01
1988, 19, 114, Status.SNAKE, 0.01
1989, 3, 22, Status.WALL, 0.01
1990, 18, 117, Status.SNAKE, 0.01
1991, 15, 81, Status.SNAKE, 0.01
1992, 12, 100, Status.SNAKE, 0.01
1993, 9, 67, Status.SNAKE, 0.01
1994, 8, 49, Status.SNAKE, 0.01
1995, 7, 46, Status.WALL, 0.01
1996, 3, 25, Status.SNAKE, 0.01
1997, 10, 66, Status.WALL, 0.01
1998, 11, 93, Status.SNAKE, 0.01
1999, 13, 107, Status.SNAKE, 0.01
2000, 14, 77, Status.SNAKE, 0.01
2001, 12, 80, Status.SNAKE, 0.01
2002, 7, 39, Status.SNAKE, 0.01
2003, 7, 42, Status.SNAKE, 0.01
2004, 7, 52, Status.SNAKE, 0.01
2005, 15, 109, Status.SNAKE, 0.01
2006, 8, 54, Status.SNAKE, 0.01
2007, 7, 55, Status.SNAKE, 0.01
2008, 11, 79, Status.SNAKE, 0.01
2009, 7, 32, Status.SNAKE, 0.01
2010, 10, 71, Status.SNAKE, 0.01
2011, 5, 25, Status.SNAKE, 0.01
2012, 4, 26, Status.SNAKE, 0.01
2013, 4, 17, Status.SNAKE, 0.01
2014, 11, 85, Status.SNAKE, 0.01
2015, 3, 21, Status.WALL, 0.01
2016, 16, 102, Status.SNAKE, 0.01
2017, 3, 14, Status.SNAKE, 0.01
2018, 7, 52, Status.SNAKE, 0.01
2019, 14, 95, Status.WALL, 0.01
2020, 11, 76, Status.SNAKE, 0.01
2021, 12, 110, Status.SNAKE, 0.01
2022, 10, 72, Status.SNAKE, 0.01
2023, 14, 115, Status.SNAKE, 0.01
2024, 9, 56, Status.WALL, 0.01
2025, 3, 19, Status.WALL, 0.01
2026, 3, 22, Status.SNAKE, 0.01
2027, 3, 22, Status.WALL, 0.01
2028, 1, 10, Status.WALL, 0.01
2029, 6, 33, Status.SNAKE, 0.01
2030, 14, 116, Status.WALL, 0.01
2031, 13, 82, Status.SNAKE, 0.01
2032, 4, 33, Status.SNAKE, 0.01
2033, 3, 14, Status.SNAKE, 0.01
2034, 11, 80, Status.SNAKE, 0.01
2035, 2, 15, Status.SNAKE, 0.01
2036, 4, 24, Status.SNAKE, 0.01
2037, 2, 18, Status.WALL, 0.01
2038, 9, 50, Status.SNAKE, 0.01
2039, 9, 48, Status.SNAKE, 0.01
2040, 8, 53, Status.SNAKE, 0.01
2041, 9, 67, Status.SNAKE, 0.01
2042, 7, 49, Status.SNAKE, 0.01
2043, 22, 173, Status.SNAKE, 0.01
2044, 5, 37, Status.SNAKE, 0.01
2045, 10, 54, Status.SNAKE, 0.01
2046, 5, 42, Status.WALL, 0.01
2047, 8, 54, Status.SNAKE, 0.01
2048, 9, 53, Status.SNAKE, 0.01
2049, 11, 72, Status.SNAKE, 0.01
2050, 6, 45, Status.SNAKE, 0.01
2051, 16, 118, Status.SNAKE, 0.01
2052, 13, 83, Status.SNAKE, 0.01
2053, 9, 53, Status.SNAKE, 0.01
2054, 1, 3, Status.SNAKE, 0.01
2055, 7, 53, Status.SNAKE, 0.01
2056, 5, 34, Status.SNAKE, 0.01
2057, 5, 35, Status.SNAKE, 0.01
2058, 10, 72, Status.SNAKE, 0.01
2059, 6, 44, Status.WALL, 0.01
2060, 5, 42, Status.SNAKE, 0.01
2061, 12, 108, Status.WALL, 0.01
2062, 12, 74, Status.WALL, 0.01
2063, 6, 43, Status.SNAKE, 0.01
2064, 13, 86, Status.SNAKE, 0.01
2065, 13, 72, Status.SNAKE, 0.01
2066, 10, 61, Status.SNAKE, 0.01
2067, 6, 52, Status.WALL, 0.01
2068, 12, 110, Status.SNAKE, 0.01
2069, 8, 42, Status.SNAKE, 0.01
2070, 11, 77, Status.WALL, 0.01
2071, 13, 66, Status.SNAKE, 0.01
2072, 12, 60, Status.SNAKE, 0.01
2073, 9, 60, Status.SNAKE, 0.01
2074, 7, 49, Status.SNAKE, 0.01
2075, 8, 69, Status.SNAKE, 0.01
2076, 7, 45, Status.SNAKE, 0.01
2077, 4, 26, Status.WALL, 0.01
2078, 2, 13, Status.SNAKE, 0.01
2079, 8, 66, Status.SNAKE, 0.01
2080, 5, 43, Status.SNAKE, 0.01
2081, 5, 42, Status.SNAKE, 0.01
2082, 9, 67, Status.SNAKE, 0.01
2083, 11, 67, Status.SNAKE, 0.01
2084, 10, 72, Status.SNAKE, 0.01
2085, 12, 88, Status.SNAKE, 0.01
2086, 7, 41, Status.SNAKE, 0.01
2087, 9, 67, Status.SNAKE, 0.01
2088, 12, 73, Status.SNAKE, 0.01
2089, 5, 27, Status.WALL, 0.01
2090, 6, 26, Status.SNAKE, 0.01
2091, 10, 62, Status.SNAKE, 0.01
2092, 6, 33, Status.SNAKE, 0.01
2093, 15, 97, Status.SNAKE, 0.01
2094, 6, 47, Status.SNAKE, 0.01
2095, 9, 75, Status.WALL, 0.01
2096, 11, 77, Status.SNAKE, 0.01
2097, 8, 46, Status.SNAKE, 0.01
2098, 13, 102, Status.SNAKE, 0.01
2099, 8, 59, Status.SNAKE, 0.01
2100, 5, 57, Status.WALL, 0.01
2101, 3, 26, Status.WALL, 0.01
2102, 13, 87, Status.WALL, 0.01
2103, 15, 91, Status.WALL, 0.01
2104, 6, 43, Status.SNAKE, 0.01
2105, 13, 106, Status.WALL, 0.01
2106, 11, 94, Status.SNAKE, 0.01
2107, 1, 4, Status.SNAKE, 0.01
2108, 7, 51, Status.SNAKE, 0.01
2109, 7, 37, Status.SNAKE, 0.01
2110, 5, 39, Status.SNAKE, 0.01
2111, 10, 94, Status.SNAKE, 0.01
2112, 9, 83, Status.SNAKE, 0.01
2113, 4, 26, Status.WALL, 0.01
2114, 9, 57, Status.SNAKE, 0.01
2115, 5, 45, Status.SNAKE, 0.01
2116, 1, 9, Status.WALL, 0.01
2117, 8, 53, Status.SNAKE, 0.01
2118, 9, 63, Status.SNAKE, 0.01
2119, 8, 65, Status.SNAKE, 0.01
2120, 10, 81, Status.SNAKE, 0.01
2121, 8, 53, Status.SNAKE, 0.01
2122, 16, 120, Status.SNAKE, 0.01
2123, 9, 68, Status.SNAKE, 0.01
2124, 1, 8, Status.WALL, 0.01
2125, 4, 16, Status.WALL, 0.01
2126, 12, 90, Status.WALL, 0.01
2127, 10, 41, Status.SNAKE, 0.01
2128, 2, 19, Status.SNAKE, 0.01
2129, 5, 45, Status.SNAKE, 0.01
2130, 1, 5, Status.SNAKE, 0.01
2131, 6, 51, Status.SNAKE, 0.01
2132, 8, 70, Status.SNAKE, 0.01
2133, 11, 93, Status.SNAKE, 0.01
2134, 10, 75, Status.SNAKE, 0.01
2135, 8, 34, Status.SNAKE, 0.01
2136, 10, 75, Status.WALL, 0.01
2137, 9, 75, Status.SNAKE, 0.01
2138, 1, 8, Status.WALL, 0.01
2139, 6, 47, Status.SNAKE, 0.01
2140, 8, 60, Status.SNAKE, 0.01
2141, 3, 29, Status.SNAKE, 0.01
2142, 11, 86, Status.SNAKE, 0.01
2143, 8, 41, Status.SNAKE, 0.01
2144, 8, 54, Status.SNAKE, 0.01
2145, 3, 13, Status.SNAKE, 0.01
2146, 5, 35, Status.SNAKE, 0.01
2147, 14, 111, Status.SNAKE, 0.01
2148, 6, 53, Status.SNAKE, 0.01
2149, 15, 112, Status.SNAKE, 0.01
2150, 8, 34, Status.SNAKE, 0.01
2151, 16, 112, Status.SNAKE, 0.01
2152, 8, 54, Status.SNAKE, 0.01
2153, 4, 29, Status.WALL, 0.01
2154, 11, 68, Status.WALL, 0.01
2155, 11, 79, Status.SNAKE, 0.01
2156, 7, 40, Status.WALL, 0.01
2157, 12, 85, Status.WALL, 0.01
2158, 7, 48, Status.SNAKE, 0.01
2159, 2, 18, Status.SNAKE, 0.01
2160, 3, 30, Status.SNAKE, 0.01
2161, 8, 59, Status.SNAKE, 0.01
2162, 22, 159, Status.SNAKE, 0.01
2163, 8, 64, Status.SNAKE, 0.01
2164, 8, 51, Status.SNAKE, 0.01
2165, 1, 3, Status.SNAKE, 0.01
2166, 5, 22, Status.WALL, 0.01
2167, 15, 100, Status.SNAKE, 0.01
2168, 10, 83, Status.WALL, 0.01
2169, 3, 31, Status.WALL, 0.01
2170, 9, 62, Status.SNAKE, 0.01
2171, 9, 48, Status.SNAKE, 0.01
2172, 2, 18, Status.SNAKE, 0.01
2173, 11, 83, Status.SNAKE, 0.01
2174, 12, 97, Status.WALL, 0.01
2175, 4, 33, Status.SNAKE, 0.01
2176, 19, 152, Status.SNAKE, 0.01
2177, 5, 28, Status.SNAKE, 0.01
2178, 13, 73, Status.SNAKE, 0.01
2179, 4, 26, Status.SNAKE, 0.01
2180, 26, 182, Status.SNAKE, 0.01
2181, 2, 17, Status.SNAKE, 0.01
2182, 6, 34, Status.SNAKE, 0.01
2183, 5, 27, Status.SNAKE, 0.01
2184, 1, 5, Status.SNAKE, 0.01
2185, 3, 25, Status.WALL, 0.01
2186, 9, 60, Status.SNAKE, 0.01
2187, 6, 40, Status.SNAKE, 0.01
2188, 9, 53, Status.SNAKE, 0.01
2189, 22, 118, Status.SNAKE, 0.01
2190, 6, 30, Status.SNAKE, 0.01
2191, 7, 54, Status.WALL, 0.01
2192, 2, 34, Status.WALL, 0.01
2193, 8, 49, Status.SNAKE, 0.01
2194, 11, 85, Status.SNAKE, 0.01
2195, 3, 26, Status.SNAKE, 0.01
2196, 12, 101, Status.SNAKE, 0.01
2197, 2, 13, Status.WALL, 0.01
2198, 14, 108, Status.WALL, 0.01
2199, 6, 45, Status.SNAKE, 0.01
2200, 4, 30, Status.SNAKE, 0.01
2201, 10, 74, Status.SNAKE, 0.01
2202, 8, 75, Status.SNAKE, 0.01
2203, 5, 14, Status.SNAKE, 0.01
2204, 19, 151, Status.SNAKE, 0.01
2205, 15, 78, Status.SNAKE, 0.01
2206, 11, 89, Status.WALL, 0.01
2207, 14, 96, Status.SNAKE, 0.01
2208, 6, 55, Status.SNAKE, 0.01
2209, 15, 112, Status.WALL, 0.01
2210, 2, 17, Status.SNAKE, 0.01
2211, 5, 29, Status.SNAKE, 0.01
2212, 3, 17, Status.WALL, 0.01
2213, 8, 47, Status.SNAKE, 0.01
2214, 6, 34, Status.SNAKE, 0.01
2215, 8, 52, Status.SNAKE, 0.01
2216, 5, 52, Status.SNAKE, 0.01
2217, 8, 65, Status.SNAKE, 0.01
2218, 15, 120, Status.WALL, 0.01
2219, 5, 32, Status.SNAKE, 0.01
2220, 10, 74, Status.SNAKE, 0.01
2221, 6, 40, Status.SNAKE, 0.01
2222, 10, 53, Status.SNAKE, 0.01
2223, 11, 91, Status.SNAKE, 0.01
2224, 2, 29, Status.WALL, 0.01
2225, 5, 32, Status.SNAKE, 0.01
2226, 16, 117, Status.SNAKE, 0.01
2227, 13, 82, Status.WALL, 0.01
2228, 6, 41, Status.SNAKE, 0.01
2229, 14, 75, Status.SNAKE, 0.01
2230, 2, 8, Status.WALL, 0.01
2231, 11, 69, Status.SNAKE, 0.01
2232, 5, 39, Status.SNAKE, 0.01
2233, 8, 70, Status.SNAKE, 0.01
2234, 5, 35, Status.SNAKE, 0.01
2235, 14, 103, Status.SNAKE, 0.01
2236, 7, 58, Status.SNAKE, 0.01
2237, 4, 29, Status.SNAKE, 0.01
2238, 11, 83, Status.SNAKE, 0.01
2239, 6, 30, Status.WALL, 0.01
2240, 5, 46, Status.SNAKE, 0.01
2241, 8, 40, Status.SNAKE, 0.01
2242, 11, 82, Status.SNAKE, 0.01
2243, 8, 59, Status.SNAKE, 0.01
2244, 9, 68, Status.SNAKE, 0.01
2245, 10, 83, Status.SNAKE, 0.01
2246, 6, 40, Status.SNAKE, 0.01
2247, 8, 53, Status.SNAKE, 0.01
2248, 14, 72, Status.SNAKE, 0.01
2249, 12, 80, Status.SNAKE, 0.01
2250, 7, 48, Status.SNAKE, 0.01
2251, 7, 61, Status.SNAKE, 0.01
2252, 4, 24, Status.SNAKE, 0.01
2253, 2, 21, Status.SNAKE, 0.01
2254, 7, 54, Status.WALL, 0.01
2255, 7, 43, Status.SNAKE, 0.01
2256, 7, 57, Status.SNAKE, 0.01
2257, 6, 52, Status.SNAKE, 0.01
2258, 7, 52, Status.WALL, 0.01
2259, 9, 92, Status.SNAKE, 0.01
2260, 4, 26, Status.SNAKE, 0.01
2261, 7, 47, Status.SNAKE, 0.01
2262, 17, 108, Status.WALL, 0.01
2263, 2, 15, Status.WALL, 0.01
2264, 11, 76, Status.SNAKE, 0.01
2265, 4, 23, Status.SNAKE, 0.01
2266, 16, 114, Status.SNAKE, 0.01
2267, 7, 42, Status.SNAKE, 0.01
2268, 4, 19, Status.WALL, 0.01
2269, 1, 5, Status.SNAKE, 0.01
2270, 14, 81, Status.SNAKE, 0.01
2271, 4, 24, Status.SNAKE, 0.01
2272, 9, 80, Status.SNAKE, 0.01
2273, 3, 19, Status.WALL, 0.01
2274, 8, 62, Status.SNAKE, 0.01
2275, 12, 70, Status.SNAKE, 0.01
2276, 11, 82, Status.SNAKE, 0.01
2277, 15, 87, Status.SNAKE, 0.01
2278, 10, 74, Status.SNAKE, 0.01
2279, 8, 42, Status.SNAKE, 0.01
2280, 2, 8, Status.SNAKE, 0.01
2281, 8, 52, Status.WALL, 0.01
2282, 11, 58, Status.SNAKE, 0.01
2283, 13, 97, Status.SNAKE, 0.01
2284, 9, 78, Status.SNAKE, 0.01
2285, 1, 3, Status.SNAKE, 0.01
2286, 9, 62, Status.SNAKE, 0.01
2287, 6, 32, Status.SNAKE, 0.01
2288, 7, 48, Status.WALL, 0.01
2289, 10, 58, Status.SNAKE, 0.01
2290, 5, 43, Status.SNAKE, 0.01
2291, 17, 112, Status.WALL, 0.01
2292, 18, 131, Status.SNAKE, 0.01
2293, 11, 82, Status.WALL, 0.01
2294, 3, 23, Status.SNAKE, 0.01
2295, 7, 53, Status.WALL, 0.01
2296, 8, 45, Status.SNAKE, 0.01
2297, 7, 38, Status.WALL, 0.01
2298, 7, 63, Status.WALL, 0.01
2299, 6, 47, Status.SNAKE, 0.01
2300, 3, 23, Status.SNAKE, 0.01
2301, 11, 86, Status.SNAKE, 0.01
2302, 15, 116, Status.SNAKE, 0.01
2303, 6, 52, Status.SNAKE, 0.01
2304, 11, 72, Status.SNAKE, 0.01
2305, 2, 17, Status.SNAKE, 0.01
2306, 1, 8, Status.SNAKE, 0.01
2307, 6, 37, Status.SNAKE, 0.01
2308, 4, 30, Status.SNAKE, 0.01
2309, 7, 48, Status.SNAKE, 0.01
2310, 3, 27, Status.SNAKE, 0.01
2311, 1, 6, Status.SNAKE, 0.01
2312, 11, 87, Status.SNAKE, 0.01
2313, 13, 69, Status.SNAKE, 0.01
2314, 3, 35, Status.WALL, 0.01
2315, 5, 35, Status.SNAKE, 0.01
2316, 8, 44, Status.WALL, 0.01
2317, 1, 8, Status.SNAKE, 0.01
2318, 3, 18, Status.SNAKE, 0.01
2319, 6, 57, Status.SNAKE, 0.01
2320, 1, 18, Status.WALL, 0.01
2321, 6, 43, Status.SNAKE, 0.01
2322, 9, 64, Status.SNAKE, 0.01
2323, 6, 39, Status.SNAKE, 0.01
2324, 3, 28, Status.SNAKE, 0.01
2325, 5, 44, Status.SNAKE, 0.01
2326, 8, 46, Status.SNAKE, 0.01
2327, 3, 30, Status.SNAKE, 0.01
2328, 7, 46, Status.WALL, 0.01
2329, 1, 5, Status.SNAKE, 0.01
2330, 10, 73, Status.SNAKE, 0.01
2331, 9, 63, Status.SNAKE, 0.01
2332, 9, 42, Status.SNAKE, 0.01
2333, 11, 59, Status.WALL, 0.01
2334, 12, 84, Status.SNAKE, 0.01
2335, 9, 64, Status.SNAKE, 0.01
2336, 6, 34, Status.WALL, 0.01
2337, 1, 3, Status.SNAKE, 0.01
2338, 7, 45, Status.WALL, 0.01
2339, 2, 7, Status.WALL, 0.01
2340, 6, 38, Status.SNAKE, 0.01
2341, 7, 45, Status.SNAKE, 0.01
2342, 6, 52, Status.SNAKE, 0.01
2343, 13, 86, Status.WALL, 0.01
2344, 11, 84, Status.SNAKE, 0.01
2345, 5, 24, Status.SNAKE, 0.01
2346, 9, 53, Status.SNAKE, 0.01
2347, 2, 12, Status.SNAKE, 0.01
2348, 14, 103, Status.SNAKE, 0.01
2349, 13, 85, Status.SNAKE, 0.01
2350, 9, 76, Status.SNAKE, 0.01
2351, 13, 78, Status.SNAKE, 0.01
2352, 5, 41, Status.SNAKE, 0.01
2353, 6, 33, Status.SNAKE, 0.01
2354, 8, 51, Status.SNAKE, 0.01
2355, 9, 69, Status.SNAKE, 0.01
2356, 7, 37, Status.SNAKE, 0.01
2357, 10, 46, Status.WALL, 0.01
2358, 5, 34, Status.SNAKE, 0.01
2359, 6, 24, Status.SNAKE, 0.01
2360, 8, 60, Status.SNAKE, 0.01
2361, 5, 62, Status.SNAKE, 0.01
2362, 12, 92, Status.SNAKE, 0.01
2363, 4, 26, Status.SNAKE, 0.01
2364, 6, 40, Status.SNAKE, 0.01
2365, 4, 30, Status.SNAKE, 0.01
2366, 9, 61, Status.SNAKE, 0.01
2367, 12, 63, Status.SNAKE, 0.01
2368, 10, 71, Status.SNAKE, 0.01
2369, 12, 89, Status.SNAKE, 0.01
2370, 6, 39, Status.SNAKE, 0.01
2371, 9, 53, Status.SNAKE, 0.01
2372, 8, 67, Status.SNAKE, 0.01
2373, 9, 51, Status.SNAKE, 0.01
2374, 5, 40, Status.WALL, 0.01
2375, 4, 35, Status.WALL, 0.01
2376, 7, 49, Status.SNAKE, 0.01
2377, 1, 8, Status.SNAKE, 0.01
2378, 12, 85, Status.SNAKE, 0.01
2379, 10, 61, Status.WALL, 0.01
2380, 1, 10, Status.WALL, 0.01
2381, 12, 89, Status.SNAKE, 0.01
2382, 7, 60, Status.SNAKE, 0.01
2383, 5, 25, Status.SNAKE, 0.01
2384, 14, 85, Status.SNAKE, 0.01
2385, 9, 54, Status.SNAKE, 0.01
2386, 1, 9, Status.WALL, 0.01
2387, 5, 34, Status.SNAKE, 0.01
2388, 11, 70, Status.SNAKE, 0.01
2389, 8, 48, Status.SNAKE, 0.01
2390, 6, 33, Status.SNAKE, 0.01
2391, 11, 68, Status.SNAKE, 0.01
2392, 3, 22, Status.SNAKE, 0.01
2393, 6, 35, Status.SNAKE, 0.01
2394, 6, 30, Status.SNAKE, 0.01
2395, 1, 8, Status.SNAKE, 0.01
2396, 10, 72, Status.SNAKE, 0.01
2397, 12, 95, Status.SNAKE, 0.01
2398, 20, 138, Status.SNAKE, 0.01
2399, 6, 44, Status.SNAKE, 0.01
2400, 2, 20, Status.SNAKE, 0.01
2401, 13, 103, Status.SNAKE, 0.01
2402, 6, 29, Status.WALL, 0.01
2403, 1, 7, Status.WALL, 0.01
2404, 4, 22, Status.SNAKE, 0.01
2405, 17, 91, Status.SNAKE, 0.01
2406, 16, 135, Status.SNAKE, 0.01
2407, 7, 31, Status.WALL, 0.01
2408, 8, 35, Status.SNAKE, 0.01
2409, 4, 24, Status.SNAKE, 0.01
2410, 10, 52, Status.SNAKE, 0.01
2411, 4, 32, Status.SNAKE, 0.01
2412, 9, 59, Status.SNAKE, 0.01
2413, 10, 85, Status.SNAKE, 0.01
2414, 16, 115, Status.SNAKE, 0.01
2415, 18, 120, Status.SNAKE, 0.01
2416, 6, 53, Status.SNAKE, 0.01
2417, 10, 73, Status.SNAKE, 0.01
2418, 17, 120, Status.WALL, 0.01
2419, 4, 25, Status.WALL, 0.01
2420, 14, 84, Status.WALL, 0.01
2421, 6, 48, Status.WALL, 0.01
2422, 8, 41, Status.SNAKE, 0.01
2423, 8, 46, Status.SNAKE, 0.01
2424, 10, 87, Status.SNAKE, 0.01
2425, 6, 47, Status.SNAKE, 0.01
2426, 1, 8, Status.SNAKE, 0.01
2427, 9, 49, Status.SNAKE, 0.01
2428, 6, 39, Status.SNAKE, 0.01
2429, 9, 68, Status.SNAKE, 0.01
2430, 12, 66, Status.SNAKE, 0.01
2431, 12, 96, Status.SNAKE, 0.01
2432, 5, 32, Status.SNAKE, 0.01
2433, 3, 28, Status.WALL, 0.01
2434, 4, 18, Status.SNAKE, 0.01
2435, 5, 33, Status.SNAKE, 0.01
2436, 13, 91, Status.SNAKE, 0.01
2437, 8, 54, Status.SNAKE, 0.01
2438, 5, 35, Status.SNAKE, 0.01
2439, 5, 26, Status.SNAKE, 0.01
2440, 11, 69, Status.SNAKE, 0.01
2441, 5, 58, Status.SNAKE, 0.01
2442, 10, 62, Status.SNAKE, 0.01
2443, 6, 38, Status.SNAKE, 0.01
2444, 4, 13, Status.WALL, 0.01
2445, 13, 82, Status.SNAKE, 0.01
2446, 9, 74, Status.SNAKE, 0.01
2447, 8, 51, Status.SNAKE, 0.01
2448, 12, 66, Status.SNAKE, 0.01
2449, 9, 68, Status.SNAKE, 0.01
2450, 15, 74, Status.SNAKE, 0.01
2451, 13, 98, Status.WALL, 0.01
2452, 3, 12, Status.SNAKE, 0.01
2453, 13, 100, Status.SNAKE, 0.01
2454, 8, 75, Status.SNAKE, 0.01
2455, 10, 63, Status.SNAKE, 0.01
2456, 3, 17, Status.WALL, 0.01
2457, 12, 70, Status.SNAKE, 0.01
2458, 11, 74, Status.SNAKE, 0.01
2459, 5, 30, Status.SNAKE, 0.01
2460, 5, 34, Status.SNAKE, 0.01
2461, 9, 55, Status.SNAKE, 0.01
2462, 10, 65, Status.SNAKE, 0.01
2463, 10, 79, Status.SNAKE, 0.01
2464, 12, 67, Status.SNAKE, 0.01
2465, 4, 26, Status.WALL, 0.01
2466, 15, 114, Status.SNAKE, 0.01
2467, 7, 45, Status.SNAKE, 0.01
2468, 8, 52, Status.SNAKE, 0.01
2469, 7, 45, Status.SNAKE, 0.01
2470, 4, 34, Status.SNAKE, 0.01
2471, 8, 54, Status.SNAKE, 0.01
2472, 6, 42, Status.WALL, 0.01
2473, 8, 39, Status.SNAKE, 0.01
2474, 5, 42, Status.SNAKE, 0.01
2475, 8, 46, Status.SNAKE, 0.01
2476, 6, 46, Status.SNAKE, 0.01
2477, 9, 42, Status.SNAKE, 0.01
2478, 10, 75, Status.SNAKE, 0.01
2479, 6, 23, Status.SNAKE, 0.01
2480, 4, 27, Status.SNAKE, 0.01
2481, 8, 54, Status.SNAKE, 0.01
2482, 2, 15, Status.WALL, 0.01
2483, 20, 100, Status.SNAKE, 0.01
2484, 3, 18, Status.WALL, 0.01
2485, 4, 31, Status.SNAKE, 0.01
2486, 5, 33, Status.SNAKE, 0.01
2487, 8, 52, Status.SNAKE, 0.01
2488, 7, 42, Status.WALL, 0.01
2489, 7, 49, Status.SNAKE, 0.01
2490, 12, 95, Status.SNAKE, 0.01
2491, 2, 22, Status.SNAKE, 0.01
2492, 3, 24, Status.WALL, 0.01
2493, 3, 19, Status.SNAKE, 0.01
2494, 6, 32, Status.SNAKE, 0.01
2495, 4, 23, Status.SNAKE, 0.01
2496, 5, 36, Status.SNAKE, 0.01
2497, 6, 44, Status.SNAKE, 0.01
2498, 4, 26, Status.SNAKE, 0.01
2499, 19, 115, Status.SNAKE, 0.01
2500, 7, 31, Status.SNAKE, 0.01
2501, 6, 44, Status.SNAKE, 0.01
2502, 18, 97, Status.SNAKE, 0.01
2503, 14, 99, Status.SNAKE, 0.01
2504, 6, 35, Status.SNAKE, 0.01
2505, 5, 49, Status.SNAKE, 0.01
2506, 11, 86, Status.SNAKE, 0.01
2507, 16, 105, Status.SNAKE, 0.01
2508, 15, 117, Status.SNAKE, 0.01
2509, 2, 7, Status.SNAKE, 0.01
2510, 5, 37, Status.SNAKE, 0.01
2511, 12, 63, Status.SNAKE, 0.01
2512, 9, 42, Status.SNAKE, 0.01
2513, 14, 91, Status.WALL, 0.01
2514, 8, 61, Status.SNAKE, 0.01
2515, 2, 18, Status.WALL, 0.01
2516, 7, 52, Status.SNAKE, 0.01
2517, 11, 71, Status.SNAKE, 0.01
2518, 4, 32, Status.SNAKE, 0.01
2519, 17, 90, Status.SNAKE, 0.01
2520, 5, 30, Status.SNAKE, 0.01
2521, 1, 8, Status.WALL, 0.01
2522, 8, 41, Status.SNAKE, 0.01
2523, 9, 71, Status.SNAKE, 0.01
2524, 3, 17, Status.SNAKE, 0.01
2525, 11, 80, Status.SNAKE, 0.01
2526, 9, 64, Status.SNAKE, 0.01
2527, 15, 102, Status.WALL, 0.01
2528, 11, 45, Status.SNAKE, 0.01
2529, 3, 20, Status.SNAKE, 0.01
2530, 8, 48, Status.WALL, 0.01
2531, 3, 18, Status.WALL, 0.01
2532, 13, 91, Status.SNAKE, 0.01
2533, 4, 26, Status.SNAKE, 0.01
2534, 8, 85, Status.SNAKE, 0.01
2535, 7, 34, Status.SNAKE, 0.01
2536, 6, 30, Status.SNAKE, 0.01
2537, 10, 77, Status.SNAKE, 0.01
2538, 13, 83, Status.SNAKE, 0.01
2539, 8, 60, Status.SNAKE, 0.01
2540, 7, 52, Status.SNAKE, 0.01
2541, 6, 44, Status.SNAKE, 0.01
2542, 9, 50, Status.SNAKE, 0.01
2543, 4, 19, Status.SNAKE, 0.01
2544, 10, 77, Status.SNAKE, 0.01
2545, 4, 26, Status.SNAKE, 0.01
2546, 10, 73, Status.SNAKE, 0.01
2547, 14, 100, Status.SNAKE, 0.01
2548, 6, 45, Status.SNAKE, 0.01
2549, 7, 38, Status.WALL, 0.01
2550, 11, 66, Status.SNAKE, 0.01
2551, 7, 43, Status.SNAKE, 0.01
2552, 12, 74, Status.SNAKE, 0.01
2553, 16, 105, Status.SNAKE, 0.01
2554, 2, 14, Status.SNAKE, 0.01
2555, 7, 36, Status.WALL, 0.01
2556, 12, 94, Status.SNAKE, 0.01
2557, 18, 137, Status.SNAKE, 0.01
2558, 9, 59, Status.SNAKE, 0.01
2559, 3, 24, Status.SNAKE, 0.01
2560, 19, 145, Status.SNAKE, 0.01
2561, 1, 5, Status.SNAKE, 0.01
2562, 8, 59, Status.SNAKE, 0.01
2563, 14, 139, Status.SNAKE, 0.01
2564, 5, 23, Status.SNAKE, 0.01
2565, 3, 14, Status.WALL, 0.01
2566, 9, 70, Status.SNAKE, 0.01
2567, 11, 61, Status.SNAKE, 0.01
2568, 11, 98, Status.SNAKE, 0.01
2569, 10, 69, Status.SNAKE, 0.01
2570, 14, 92, Status.SNAKE, 0.01
2571, 3, 14, Status.SNAKE, 0.01
2572, 13, 99, Status.SNAKE, 0.01
2573, 8, 42, Status.SNAKE, 0.01
2574, 8, 48, Status.WALL, 0.01
2575, 10, 84, Status.WALL, 0.01
2576, 12, 76, Status.SNAKE, 0.01
2577, 8, 56, Status.SNAKE, 0.01
2578, 14, 107, Status.SNAKE, 0.01
2579, 13, 91, Status.SNAKE, 0.01
2580, 5, 27, Status.SNAKE, 0.01
2581, 13, 94, Status.SNAKE, 0.01
2582, 7, 50, Status.SNAKE, 0.01
2583, 10, 55, Status.SNAKE, 0.01
2584, 2, 18, Status.SNAKE, 0.01
2585, 8, 40, Status.SNAKE, 0.01
2586, 6, 45, Status.SNAKE, 0.01
2587, 15, 73, Status.SNAKE, 0.01
2588, 16, 90, Status.SNAKE, 0.01
2589, 17, 146, Status.WALL, 0.01
2590, 15, 101, Status.SNAKE, 0.01
2591, 4, 25, Status.SNAKE, 0.01
2592, 11, 64, Status.WALL, 0.01
2593, 15, 114, Status.SNAKE, 0.01
2594, 8, 48, Status.SNAKE, 0.01
2595, 13, 90, Status.SNAKE, 0.01
2596, 14, 86, Status.SNAKE, 0.01
2597, 12, 67, Status.SNAKE, 0.01
2598, 4, 25, Status.SNAKE, 0.01
2599, 5, 33, Status.SNAKE, 0.01
2600, 7, 40, Status.SNAKE, 0.01
2601, 5, 41, Status.SNAKE, 0.01
2602, 8, 35, Status.SNAKE, 0.01
2603, 12, 64, Status.SNAKE, 0.01
2604, 11, 72, Status.WALL, 0.01
2605, 12, 70, Status.SNAKE, 0.01
2606, 9, 48, Status.WALL, 0.01
2607, 8, 45, Status.SNAKE, 0.01
2608, 6, 33, Status.WALL, 0.01
2609, 1, 5, Status.SNAKE, 0.01
2610, 10, 57, Status.SNAKE, 0.01
2611, 11, 62, Status.WALL, 0.01
2612, 2, 16, Status.WALL, 0.01
2613, 5, 32, Status.SNAKE, 0.01
2614, 14, 92, Status.WALL, 0.01
2615, 15, 101, Status.SNAKE, 0.01
2616, 9, 45, Status.SNAKE, 0.01
2617, 3, 18, Status.WALL, 0.01
2618, 4, 26, Status.SNAKE, 0.01
2619, 10, 73, Status.SNAKE, 0.01
2620, 14, 102, Status.SNAKE, 0.01
2621, 2, 14, Status.SNAKE, 0.01
2622, 2, 15, Status.WALL, 0.01
2623, 6, 26, Status.SNAKE, 0.01
2624, 1, 7, Status.SNAKE, 0.01
2625, 3, 12, Status.SNAKE, 0.01
2626, 6, 32, Status.WALL, 0.01
2627, 4, 18, Status.WALL, 0.01
2628, 17, 125, Status.SNAKE, 0.01
2629, 3, 23, Status.WALL, 0.01
2630, 9, 82, Status.SNAKE, 0.01
2631, 8, 61, Status.SNAKE, 0.01
2632, 9, 88, Status.SNAKE, 0.01
2633, 10, 59, Status.SNAKE, 0.01
2634, 6, 50, Status.SNAKE, 0.01
2635, 3, 22, Status.SNAKE, 0.01
2636, 7, 54, Status.SNAKE, 0.01
2637, 2, 15, Status.SNAKE, 0.01
2638, 15, 110, Status.SNAKE, 0.01
2639, 9, 56, Status.SNAKE, 0.01
2640, 9, 51, Status.SNAKE, 0.01
2641, 7, 51, Status.WALL, 0.01
2642, 8, 69, Status.SNAKE, 0.01
2643, 7, 54, Status.SNAKE, 0.01
2644, 4, 26, Status.SNAKE, 0.01
2645, 7, 40, Status.WALL, 0.01
2646, 9, 78, Status.SNAKE, 0.01
2647, 8, 37, Status.SNAKE, 0.01
2648, 2, 8, Status.WALL, 0.01
2649, 1, 8, Status.WALL, 0.01
2650, 8, 36, Status.SNAKE, 0.01
2651, 5, 28, Status.SNAKE, 0.01
2652, 4, 32, Status.SNAKE, 0.01
2653, 8, 55, Status.SNAKE, 0.01
2654, 6, 35, Status.SNAKE, 0.01
2655, 4, 33, Status.WALL, 0.01
2656, 8, 50, Status.SNAKE, 0.01
2657, 15, 95, Status.SNAKE, 0.01
2658, 15, 114, Status.SNAKE, 0.01
2659, 2, 12, Status.WALL, 0.01
2660, 11, 110, Status.SNAKE, 0.01
2661, 15, 105, Status.WALL, 0.01
2662, 22, 165, Status.SNAKE, 0.01
2663, 10, 72, Status.WALL, 0.01
2664, 12, 67, Status.SNAKE, 0.01
2665, 16, 118, Status.SNAKE, 0.01
2666, 17, 104, Status.SNAKE, 0.01
2667, 11, 58, Status.SNAKE, 0.01
2668, 15, 110, Status.SNAKE, 0.01
2669, 11, 65, Status.SNAKE, 0.01
2670, 11, 86, Status.SNAKE, 0.01
2671, 8, 53, Status.SNAKE, 0.01
2672, 4, 13, Status.SNAKE, 0.01
2673, 10, 92, Status.SNAKE, 0.01
2674, 6, 42, Status.SNAKE, 0.01
2675, 17, 99, Status.SNAKE, 0.01
2676, 3, 20, Status.SNAKE, 0.01
2677, 1, 12, Status.WALL, 0.01
2678, 5, 39, Status.SNAKE, 0.01
2679, 11, 75, Status.SNAKE, 0.01
2680, 10, 58, Status.SNAKE, 0.01
2681, 9, 63, Status.SNAKE, 0.01
2682, 6, 33, Status.WALL, 0.01
2683, 10, 64, Status.SNAKE, 0.01
2684, 1, 10, Status.SNAKE, 0.01
2685, 4, 18, Status.SNAKE, 0.01
2686, 8, 45, Status.SNAKE, 0.01
2687, 15, 121, Status.SNAKE, 0.01
2688, 8, 53, Status.SNAKE, 0.01
2689, 6, 28, Status.SNAKE, 0.01
2690, 4, 26, Status.SNAKE, 0.01
2691, 16, 113, Status.SNAKE, 0.01
2692, 11, 73, Status.SNAKE, 0.01
2693, 12, 78, Status.SNAKE, 0.01
2694, 7, 56, Status.SNAKE, 0.01
2695, 12, 84, Status.SNAKE, 0.01
2696, 5, 27, Status.SNAKE, 0.01
2697, 7, 52, Status.SNAKE, 0.01
2698, 3, 34, Status.WALL, 0.01
2699, 3, 18, Status.WALL, 0.01
2700, 9, 75, Status.SNAKE, 0.01
2701, 8, 76, Status.SNAKE, 0.01
2702, 13, 84, Status.SNAKE, 0.01
2703, 9, 61, Status.SNAKE, 0.01
2704, 1, 9, Status.WALL, 0.01
2705, 10, 61, Status.WALL, 0.01
2706, 7, 41, Status.SNAKE, 0.01
2707, 4, 30, Status.SNAKE, 0.01
2708, 15, 116, Status.SNAKE, 0.01
2709, 21, 141, Status.SNAKE, 0.01
2710, 15, 97, Status.SNAKE, 0.01
2711, 14, 111, Status.WALL, 0.01
2712, 7, 32, Status.SNAKE, 0.01
2713, 16, 95, Status.SNAKE, 0.01
2714, 12, 81, Status.SNAKE, 0.01
2715, 4, 28, Status.SNAKE, 0.01
2716, 7, 38, Status.SNAKE, 0.01
2717, 11, 64, Status.SNAKE, 0.01
2718, 4, 25, Status.SNAKE, 0.01
2719, 5, 27, Status.SNAKE, 0.01
2720, 10, 86, Status.SNAKE, 0.01
2721, 2, 14, Status.SNAKE, 0.01
2722, 8, 54, Status.SNAKE, 0.01
2723, 9, 48, Status.WALL, 0.01
2724, 8, 47, Status.SNAKE, 0.01
2725, 13, 75, Status.WALL, 0.01
2726, 11, 89, Status.SNAKE, 0.01
2727, 6, 31, Status.SNAKE, 0.01
2728, 11, 74, Status.WALL, 0.01
2729, 20, 139, Status.WALL, 0.01
2730, 3, 13, Status.SNAKE, 0.01
2731, 20, 124, Status.SNAKE, 0.01
2732, 7, 51, Status.SNAKE, 0.01
2733, 12, 81, Status.SNAKE, 0.01
2734, 6, 38, Status.SNAKE, 0.01
2735, 8, 53, Status.WALL, 0.01
2736, 6, 44, Status.SNAKE, 0.01
2737, 5, 43, Status.WALL, 0.01
2738, 14, 93, Status.WALL, 0.01
2739, 6, 30, Status.SNAKE, 0.01
2740, 20, 146, Status.SNAKE, 0.01
2741, 12, 79, Status.SNAKE, 0.01
2742, 9, 64, Status.SNAKE, 0.01
2743, 13, 77, Status.SNAKE, 0.01
2744, 20, 134, Status.SNAKE, 0.01
2745, 5, 32, Status.SNAKE, 0.01
2746, 4, 20, Status.SNAKE, 0.01
2747, 4, 26, Status.SNAKE, 0.01
2748, 11, 67, Status.WALL, 0.01
2749, 13, 75, Status.SNAKE, 0.01
2750, 7, 41, Status.SNAKE, 0.01
2751, 8, 67, Status.SNAKE, 0.01
2752, 9, 51, Status.SNAKE, 0.01
2753, 1, 5, Status.SNAKE, 0.01
2754, 5, 40, Status.SNAKE, 0.01
2755, 6, 39, Status.SNAKE, 0.01
2756, 7, 39, Status.SNAKE, 0.01
2757, 9, 69, Status.SNAKE, 0.01
2758, 12, 57, Status.SNAKE, 0.01
2759, 6, 45, Status.WALL, 0.01
2760, 11, 56, Status.SNAKE, 0.01
2761, 22, 135, Status.SNAKE, 0.01
2762, 13, 84, Status.SNAKE, 0.01
2763, 9, 69, Status.WALL, 0.01
2764, 11, 91, Status.SNAKE, 0.01
2765, 11, 78, Status.SNAKE, 0.01
2766, 7, 40, Status.SNAKE, 0.01
2767, 8, 41, Status.SNAKE, 0.01
2768, 14, 84, Status.SNAKE, 0.01
2769, 6, 52, Status.SNAKE, 0.01
2770, 1, 3, Status.SNAKE, 0.01
2771, 13, 103, Status.SNAKE, 0.01
2772, 10, 73, Status.SNAKE, 0.01
2773, 2, 24, Status.WALL, 0.01
2774, 4, 30, Status.SNAKE, 0.01
2775, 16, 130, Status.SNAKE, 0.01
2776, 18, 126, Status.SNAKE, 0.01
2777, 13, 76, Status.SNAKE, 0.01
2778, 6, 35, Status.WALL, 0.01
2779, 8, 70, Status.SNAKE, 0.01
2780, 14, 118, Status.SNAKE, 0.01
2781, 2, 19, Status.SNAKE, 0.01
2782, 13, 81, Status.SNAKE, 0.01
2783, 5, 26, Status.SNAKE, 0.01
2784, 18, 120, Status.SNAKE, 0.01
2785, 10, 60, Status.SNAKE, 0.01
2786, 8, 44, Status.SNAKE, 0.01
2787, 17, 110, Status.SNAKE, 0.01
2788, 6, 33, Status.SNAKE, 0.01
2789, 7, 49, Status.WALL, 0.01
2790, 9, 59, Status.SNAKE, 0.01
2791, 1, 6, Status.WALL, 0.01
2792, 6, 37, Status.WALL, 0.01
2793, 6, 49, Status.SNAKE, 0.01
2794, 1, 10, Status.WALL, 0.01
2795, 8, 61, Status.SNAKE, 0.01
2796, 17, 117, Status.SNAKE, 0.01
2797, 3, 13, Status.WALL, 0.01
2798, 12, 86, Status.WALL, 0.01
2799, 4, 37, Status.WALL, 0.01
2800, 13, 92, Status.SNAKE, 0.01
2801, 15, 127, Status.SNAKE, 0.01
2802, 6, 24, Status.SNAKE, 0.01
2803, 21, 142, Status.WALL, 0.01
2804, 4, 29, Status.SNAKE, 0.01
2805, 14, 79, Status.SNAKE, 0.01
2806, 1, 7, Status.WALL, 0.01
2807, 4, 25, Status.SNAKE, 0.01
2808, 1, 8, Status.SNAKE, 0.01
2809, 10, 72, Status.SNAKE, 0.01
2810, 3, 16, Status.SNAKE, 0.01
2811, 10, 67, Status.SNAKE, 0.01
2812, 1, 8, Status.SNAKE, 0.01
2813, 9, 54, Status.SNAKE, 0.01
2814, 18, 118, Status.WALL, 0.01
2815, 6, 46, Status.SNAKE, 0.01
2816, 1, 5, Status.SNAKE, 0.01
2817, 14, 101, Status.SNAKE, 0.01
2818, 14, 101, Status.SNAKE, 0.01
2819, 5, 32, Status.WALL, 0.01
2820, 2, 11, Status.WALL, 0.01
2821, 4, 32, Status.SNAKE, 0.01
2822, 4, 20, Status.WALL, 0.01
2823, 11, 73, Status.SNAKE, 0.01
2824, 17, 120, Status.SNAKE, 0.01
2825, 6, 44, Status.SNAKE, 0.01
2826, 10, 74, Status.SNAKE, 0.01
2827, 3, 21, Status.SNAKE, 0.01
2828, 5, 33, Status.SNAKE, 0.01
2829, 8, 58, Status.SNAKE, 0.01
2830, 10, 96, Status.SNAKE, 0.01
2831, 12, 71, Status.WALL, 0.01
2832, 18, 106, Status.SNAKE, 0.01
2833, 6, 33, Status.WALL, 0.01
2834, 16, 97, Status.WALL, 0.01
2835, 7, 64, Status.SNAKE, 0.01
2836, 2, 14, Status.SNAKE, 0.01
2837, 12, 84, Status.SNAKE, 0.01
2838, 4, 18, Status.SNAKE, 0.01
2839, 7, 38, Status.SNAKE, 0.01
2840, 5, 36, Status.SNAKE, 0.01
2841, 13, 71, Status.SNAKE, 0.01
2842, 2, 16, Status.WALL, 0.01
2843, 16, 111, Status.SNAKE, 0.01
2844, 7, 54, Status.WALL, 0.01
2845, 9, 52, Status.SNAKE, 0.01
2846, 4, 27, Status.WALL, 0.01
2847, 8, 71, Status.SNAKE, 0.01
2848, 9, 47, Status.SNAKE, 0.01
2849, 6, 50, Status.SNAKE, 0.01
2850, 15, 102, Status.WALL, 0.01
2851, 6, 41, Status.SNAKE, 0.01
2852, 5, 30, Status.SNAKE, 0.01
2853, 9, 62, Status.SNAKE, 0.01
2854, 8, 58, Status.SNAKE, 0.01
2855, 9, 59, Status.SNAKE, 0.01
2856, 4, 32, Status.WALL, 0.01
2857, 6, 31, Status.SNAKE, 0.01
2858, 12, 83, Status.SNAKE, 0.01
2859, 12, 87, Status.SNAKE, 0.01
2860, 6, 36, Status.SNAKE, 0.01
2861, 11, 95, Status.SNAKE, 0.01
2862, 12, 87, Status.WALL, 0.01
2863, 3, 13, Status.SNAKE, 0.01
2864, 16, 109, Status.SNAKE, 0.01
2865, 7, 56, Status.SNAKE, 0.01
2866, 5, 24, Status.SNAKE, 0.01
2867, 4, 20, Status.SNAKE, 0.01
2868, 12, 86, Status.SNAKE, 0.01
2869, 5, 25, Status.SNAKE, 0.01
2870, 11, 62, Status.SNAKE, 0.01
2871, 12, 66, Status.SNAKE, 0.01
2872, 8, 53, Status.SNAKE, 0.01
2873, 4, 29, Status.SNAKE, 0.01
2874, 6, 36, Status.WALL, 0.01
2875, 2, 13, Status.WALL, 0.01
2876, 11, 63, Status.SNAKE, 0.01
2877, 3, 10, Status.SNAKE, 0.01
2878, 5, 30, Status.SNAKE, 0.01
2879, 10, 54, Status.SNAKE, 0.01
2880, 14, 98, Status.SNAKE, 0.01
2881, 14, 65, Status.WALL, 0.01
2882, 9, 65, Status.WALL, 0.01
2883, 1, 5, Status.SNAKE, 0.01
2884, 5, 40, Status.SNAKE, 0.01
2885, 1, 10, Status.WALL, 0.01
2886, 4, 21, Status.WALL, 0.01
2887, 17, 140, Status.SNAKE, 0.01
2888, 13, 87, Status.SNAKE, 0.01
2889, 12, 102, Status.SNAKE, 0.01
2890, 7, 49, Status.SNAKE, 0.01
2891, 10, 100, Status.WALL, 0.01
2892, 14, 90, Status.SNAKE, 0.01
2893, 6, 31, Status.SNAKE, 0.01
2894, 11, 95, Status.SNAKE, 0.01
2895, 14, 91, Status.SNAKE, 0.01
2896, 8, 54, Status.SNAKE, 0.01
2897, 8, 50, Status.SNAKE, 0.01
2898, 11, 49, Status.SNAKE, 0.01
2899, 13, 70, Status.WALL, 0.01
2900, 15, 106, Status.SNAKE, 0.01
2901, 4, 25, Status.WALL, 0.01
2902, 12, 88, Status.SNAKE, 0.01
2903, 3, 14, Status.WALL, 0.01
2904, 6, 23, Status.SNAKE, 0.01
2905, 9, 45, Status.WALL, 0.01
2906, 18, 132, Status.SNAKE, 0.01
2907, 8, 73, Status.SNAKE, 0.01
2908, 8, 46, Status.SNAKE, 0.01
2909, 2, 19, Status.SNAKE, 0.01
2910, 14, 100, Status.SNAKE, 0.01
2911, 2, 13, Status.SNAKE, 0.01
2912, 14, 93, Status.SNAKE, 0.01
2913, 12, 71, Status.SNAKE, 0.01
2914, 15, 80, Status.SNAKE, 0.01
2915, 10, 66, Status.SNAKE, 0.01
2916, 6, 37, Status.WALL, 0.01
2917, 10, 60, Status.WALL, 0.01
2918, 7, 37, Status.SNAKE, 0.01
2919, 7, 53, Status.SNAKE, 0.01
2920, 6, 38, Status.WALL, 0.01
2921, 10, 62, Status.SNAKE, 0.01
2922, 10, 53, Status.SNAKE, 0.01
2923, 3, 18, Status.SNAKE, 0.01
2924, 4, 38, Status.SNAKE, 0.01
2925, 10, 52, Status.SNAKE, 0.01
2926, 4, 21, Status.SNAKE, 0.01
2927, 12, 84, Status.SNAKE, 0.01
2928, 12, 68, Status.SNAKE, 0.01
2929, 18, 136, Status.SNAKE, 0.01
2930, 5, 29, Status.SNAKE, 0.01
2931, 12, 61, Status.SNAKE, 0.01
2932, 5, 48, Status.SNAKE, 0.01
2933, 6, 47, Status.WALL, 0.01
2934, 2, 10, Status.SNAKE, 0.01
2935, 10, 67, Status.SNAKE, 0.01
2936, 12, 84, Status.WALL, 0.01
2937, 7, 42, Status.WALL, 0.01
2938, 5, 29, Status.SNAKE, 0.01
2939, 2, 17, Status.SNAKE, 0.01
2940, 2, 14, Status.WALL, 0.01
2941, 3, 34, Status.SNAKE, 0.01
2942, 8, 54, Status.SNAKE, 0.01
2943, 14, 84, Status.WALL, 0.01
2944, 11, 79, Status.SNAKE, 0.01
2945, 5, 30, Status.SNAKE, 0.01
2946, 20, 124, Status.SNAKE, 0.01
2947, 10, 68, Status.SNAKE, 0.01
2948, 3, 22, Status.SNAKE, 0.01
2949, 7, 48, Status.SNAKE, 0.01
2950, 13, 98, Status.SNAKE, 0.01
2951, 2, 12, Status.WALL, 0.01
2952, 9, 49, Status.WALL, 0.01
2953, 1, 5, Status.SNAKE, 0.01
2954, 13, 98, Status.SNAKE, 0.01
2955, 13, 75, Status.WALL, 0.01
2956, 11, 94, Status.SNAKE, 0.01
2957, 8, 39, Status.SNAKE, 0.01
2958, 11, 63, Status.SNAKE, 0.01
2959, 3, 18, Status.SNAKE, 0.01
2960, 10, 102, Status.WALL, 0.01
2961, 11, 89, Status.SNAKE, 0.01
2962, 8, 53, Status.SNAKE, 0.01
2963, 3, 18, Status.WALL, 0.01
2964, 3, 18, Status.SNAKE, 0.01
2965, 11, 88, Status.SNAKE, 0.01
2966, 6, 49, Status.SNAKE, 0.01
2967, 3, 13, Status.WALL, 0.01
2968, 3, 23, Status.WALL, 0.01
2969, 14, 80, Status.SNAKE, 0.01
2970, 2, 21, Status.SNAKE, 0.01
2971, 7, 37, Status.SNAKE, 0.01
2972, 14, 72, Status.WALL, 0.01
2973, 4, 24, Status.SNAKE, 0.01
2974, 3, 24, Status.WALL, 0.01
2975, 9, 62, Status.SNAKE, 0.01
2976, 11, 79, Status.SNAKE, 0.01
2977, 2, 14, Status.WALL, 0.01
2978, 0, 8, Status.WALL, 0.01
2979, 9, 70, Status.SNAKE, 0.01
2980, 10, 71, Status.SNAKE, 0.01
2981, 17, 136, Status.SNAKE, 0.01
2982, 15, 82, Status.SNAKE, 0.01
2983, 9, 70, Status.SNAKE, 0.01
2984, 17, 105, Status.SNAKE, 0.01
2985, 14, 81, Status.SNAKE, 0.01
2986, 1, 8, Status.WALL, 0.01
2987, 9, 45, Status.SNAKE, 0.01
2988, 6, 32, Status.SNAKE, 0.01
2989, 6, 37, Status.SNAKE, 0.01
2990, 10, 62, Status.WALL, 0.01
2991, 7, 43, Status.SNAKE, 0.01
2992, 6, 44, Status.SNAKE, 0.01
2993, 8, 58, Status.WALL, 0.01
2994, 9, 67, Status.SNAKE, 0.01
2995, 13, 90, Status.SNAKE, 0.01
2996, 6, 41, Status.SNAKE, 0.01
2997, 12, 93, Status.SNAKE, 0.01
2998, 8, 46, Status.SNAKE, 0.01
2999, 11, 84, Status.SNAKE, 0.01
3000, 5, 36, Status.SNAKE, 0.01
3001, 4, 30, Status.SNAKE, 0.01
3002, 3, 15, Status.SNAKE, 0.01
3003, 11, 61, Status.SNAKE, 0.01
3004, 17, 115, Status.SNAKE, 0.01
3005, 13, 122, Status.SNAKE, 0.01
3006, 6, 40, Status.SNAKE, 0.01
3007, 14, 73, Status.SNAKE, 0.01
3008, 12, 81, Status.SNAKE, 0.01
3009, 4, 27, Status.SNAKE, 0.01
3010, 12, 75, Status.SNAKE, 0.01
3011, 13, 91, Status.SNAKE, 0.01
3012, 11, 80, Status.SNAKE, 0.01
3013, 13, 95, Status.WALL, 0.01
3014, 8, 59, Status.SNAKE, 0.01
3015, 8, 43, Status.WALL, 0.01
3016, 9, 52, Status.SNAKE, 0.01
3017, 15, 111, Status.SNAKE, 0.01
3018, 4, 35, Status.SNAKE, 0.01
3019, 7, 40, Status.SNAKE, 0.01
3020, 6, 52, Status.SNAKE, 0.01
3021, 14, 99, Status.SNAKE, 0.01
3022, 8, 50, Status.SNAKE, 0.01
3023, 2, 24, Status.WALL, 0.01
3024, 7, 57, Status.SNAKE, 0.01
3025, 3, 14, Status.WALL, 0.01
3026, 7, 70, Status.SNAKE, 0.01
3027, 11, 61, Status.SNAKE, 0.01
3028, 10, 67, Status.SNAKE, 0.01
3029, 9, 47, Status.SNAKE, 0.01
3030, 9, 43, Status.SNAKE, 0.01
3031, 3, 26, Status.WALL, 0.01
3032, 11, 63, Status.SNAKE, 0.01
3033, 15, 108, Status.SNAKE, 0.01
3034, 3, 27, Status.SNAKE, 0.01
3035, 3, 29, Status.SNAKE, 0.01
3036, 8, 51, Status.SNAKE, 0.01
3037, 13, 81, Status.WALL, 0.01
3038, 12, 79, Status.SNAKE, 0.01
3039, 12, 69, Status.SNAKE, 0.01
3040, 10, 66, Status.SNAKE, 0.01
3041, 22, 164, Status.SNAKE, 0.01
3042, 11, 79, Status.SNAKE, 0.01
3043, 5, 14, Status.SNAKE, 0.01
3044, 3, 16, Status.SNAKE, 0.01
3045, 8, 43, Status.SNAKE, 0.01
3046, 2, 7, Status.WALL, 0.01
3047, 6, 30, Status.SNAKE, 0.01
3048, 6, 26, Status.SNAKE, 0.01
3049, 7, 45, Status.SNAKE, 0.01
3050, 12, 84, Status.SNAKE, 0.01
3051, 8, 53, Status.SNAKE, 0.01
3052, 4, 27, Status.SNAKE, 0.01
3053, 13, 90, Status.SNAKE, 0.01
3054, 4, 20, Status.SNAKE, 0.01
3055, 14, 100, Status.SNAKE, 0.01
3056, 14, 108, Status.SNAKE, 0.01
3057, 12, 105, Status.SNAKE, 0.01
3058, 25, 145, Status.WALL, 0.01
3059, 8, 57, Status.SNAKE, 0.01
3060, 1, 7, Status.SNAKE, 0.01
3061, 5, 28, Status.SNAKE, 0.01
3062, 10, 69, Status.SNAKE, 0.01
3063, 10, 74, Status.SNAKE, 0.01
3064, 4, 39, Status.SNAKE, 0.01
3065, 4, 37, Status.SNAKE, 0.01
3066, 13, 78, Status.WALL, 0.01
3067, 11, 70, Status.SNAKE, 0.01
3068, 16, 93, Status.SNAKE, 0.01
3069, 8, 35, Status.SNAKE, 0.01
3070, 6, 41, Status.WALL, 0.01
3071, 10, 60, Status.SNAKE, 0.01
3072, 7, 46, Status.SNAKE, 0.01
3073, 9, 67, Status.SNAKE, 0.01
3074, 11, 105, Status.SNAKE, 0.01
3075, 8, 48, Status.SNAKE, 0.01
3076, 5, 26, Status.SNAKE, 0.01
3077, 15, 105, Status.SNAKE, 0.01
3078, 6, 45, Status.SNAKE, 0.01
3079, 9, 64, Status.SNAKE, 0.01
3080, 10, 54, Status.SNAKE, 0.01
3081, 14, 116, Status.SNAKE, 0.01
3082, 8, 67, Status.SNAKE, 0.01
3083, 10, 52, Status.SNAKE, 0.01
3084, 6, 33, Status.SNAKE, 0.01
3085, 18, 117, Status.SNAKE, 0.01
3086, 13, 119, Status.SNAKE, 0.01
3087, 10, 82, Status.WALL, 0.01
3088, 4, 21, Status.SNAKE, 0.01
3089, 3, 20, Status.SNAKE, 0.01
3090, 14, 104, Status.SNAKE, 0.01
3091, 11, 76, Status.SNAKE, 0.01
3092, 1, 6, Status.WALL, 0.01
3093, 9, 49, Status.SNAKE, 0.01
3094, 11, 55, Status.SNAKE, 0.01
3095, 4, 37, Status.SNAKE, 0.01
3096, 13, 104, Status.SNAKE, 0.01
3097, 3, 21, Status.SNAKE, 0.01
3098, 2, 6, Status.WALL, 0.01
3099, 10, 70, Status.SNAKE, 0.01
3100, 10, 71, Status.SNAKE, 0.01
3101, 11, 58, Status.SNAKE, 0.01
3102, 13, 84, Status.SNAKE, 0.01
3103, 9, 60, Status.WALL, 0.01
3104, 10, 72, Status.SNAKE, 0.01
3105, 9, 80, Status.SNAKE, 0.01
3106, 5, 29, Status.SNAKE, 0.01
3107, 10, 59, Status.SNAKE, 0.01
3108, 7, 47, Status.WALL, 0.01
3109, 17, 123, Status.WALL, 0.01
3110, 13, 105, Status.SNAKE, 0.01
3111, 9, 58, Status.WALL, 0.01
3112, 13, 61, Status.SNAKE, 0.01
3113, 3, 22, Status.WALL, 0.01
3114, 10, 77, Status.SNAKE, 0.01
3115, 15, 99, Status.WALL, 0.01
3116, 6, 36, Status.SNAKE, 0.01
3117, 12, 79, Status.SNAKE, 0.01
3118, 7, 41, Status.WALL, 0.01
3119, 11, 84, Status.WALL, 0.01
3120, 8, 40, Status.SNAKE, 0.01
3121, 4, 29, Status.SNAKE, 0.01
3122, 12, 48, Status.SNAKE, 0.01
3123, 11, 65, Status.SNAKE, 0.01
3124, 2, 18, Status.SNAKE, 0.01
3125, 13, 85, Status.SNAKE, 0.01
3126, 4, 29, Status.SNAKE, 0.01
3127, 6, 47, Status.WALL, 0.01
3128, 9, 62, Status.SNAKE, 0.01
3129, 12, 90, Status.SNAKE, 0.01
3130, 7, 48, Status.SNAKE, 0.01
3131, 9, 58, Status.SNAKE, 0.01
3132, 23, 127, Status.SNAKE, 0.01
3133, 6, 47, Status.WALL, 0.01
3134, 18, 109, Status.SNAKE, 0.01
3135, 3, 20, Status.WALL, 0.01
3136, 10, 63, Status.SNAKE, 0.01
3137, 4, 16, Status.SNAKE, 0.01
3138, 15, 107, Status.SNAKE, 0.01
3139, 13, 117, Status.SNAKE, 0.01
3140, 5, 29, Status.SNAKE, 0.01
3141, 11, 89, Status.SNAKE, 0.01
3142, 8, 64, Status.SNAKE, 0.01
3143, 14, 111, Status.SNAKE, 0.01
3144, 8, 72, Status.SNAKE, 0.01
3145, 9, 55, Status.SNAKE, 0.01
3146, 6, 25, Status.WALL, 0.01
3147, 2, 10, Status.WALL, 0.01
3148, 16, 113, Status.SNAKE, 0.01
3149, 5, 38, Status.SNAKE, 0.01
3150, 5, 37, Status.SNAKE, 0.01
3151, 10, 64, Status.SNAKE, 0.01
3152, 8, 55, Status.WALL, 0.01
3153, 10, 52, Status.WALL, 0.01
3154, 13, 89, Status.SNAKE, 0.01
3155, 11, 80, Status.WALL, 0.01
3156, 13, 71, Status.SNAKE, 0.01
3157, 7, 47, Status.SNAKE, 0.01
3158, 11, 77, Status.SNAKE, 0.01
3159, 7, 42, Status.SNAKE, 0.01
3160, 5, 41, Status.SNAKE, 0.01
3161, 20, 151, Status.SNAKE, 0.01
3162, 6, 51, Status.SNAKE, 0.01
3163, 17, 126, Status.SNAKE, 0.01
3164, 4, 26, Status.SNAKE, 0.01
3165, 11, 76, Status.SNAKE, 0.01
3166, 5, 31, Status.SNAKE, 0.01
3167, 3, 30, Status.WALL, 0.01
3168, 2, 15, Status.SNAKE, 0.01
3169, 8, 58, Status.WALL, 0.01
3170, 4, 27, Status.SNAKE, 0.01
3171, 18, 167, Status.SNAKE, 0.01
3172, 5, 48, Status.WALL, 0.01
3173, 9, 55, Status.SNAKE, 0.01
3174, 8, 53, Status.SNAKE, 0.01
3175, 8, 43, Status.SNAKE, 0.01
3176, 7, 40, Status.WALL, 0.01
3177, 13, 84, Status.SNAKE, 0.01
3178, 10, 58, Status.SNAKE, 0.01
3179, 14, 88, Status.SNAKE, 0.01
3180, 4, 24, Status.WALL, 0.01
3181, 5, 34, Status.SNAKE, 0.01
3182, 5, 28, Status.SNAKE, 0.01
3183, 5, 19, Status.SNAKE, 0.01
3184, 12, 88, Status.SNAKE, 0.01
3185, 9, 62, Status.SNAKE, 0.01
3186, 16, 100, Status.WALL, 0.01
3187, 7, 55, Status.SNAKE, 0.01
3188, 10, 66, Status.SNAKE, 0.01
3189, 10, 67, Status.WALL, 0.01
3190, 11, 66, Status.SNAKE, 0.01
3191, 11, 88, Status.WALL, 0.01
3192, 10, 69, Status.SNAKE, 0.01
3193, 2, 17, Status.SNAKE, 0.01
3194, 7, 30, Status.WALL, 0.01
3195, 5, 26, Status.SNAKE, 0.01
3196, 11, 83, Status.SNAKE, 0.01
3197, 3, 14, Status.SNAKE, 0.01
3198, 13, 79, Status.SNAKE, 0.01
3199, 14, 104, Status.SNAKE, 0.01
3200, 10, 60, Status.SNAKE, 0.01
3201, 3, 8, Status.SNAKE, 0.01
3202, 3, 21, Status.SNAKE, 0.01
3203, 3, 28, Status.SNAKE, 0.01
3204, 4, 24, Status.SNAKE, 0.01
3205, 4, 13, Status.SNAKE, 0.01
3206, 6, 34, Status.SNAKE, 0.01
3207, 9, 65, Status.SNAKE, 0.01
3208, 10, 65, Status.SNAKE, 0.01
3209, 10, 63, Status.SNAKE, 0.01
3210, 19, 128, Status.SNAKE, 0.01
3211, 7, 41, Status.SNAKE, 0.01
3212, 7, 50, Status.SNAKE, 0.01
3213, 7, 50, Status.SNAKE, 0.01
3214, 5, 18, Status.SNAKE, 0.01
3215, 10, 64, Status.SNAKE, 0.01
3216, 9, 73, Status.SNAKE, 0.01
3217, 14, 125, Status.SNAKE, 0.01
3218, 3, 10, Status.WALL, 0.01
3219, 7, 35, Status.SNAKE, 0.01
3220, 8, 33, Status.SNAKE, 0.01
3221, 4, 26, Status.SNAKE, 0.01
3222, 5, 30, Status.SNAKE, 0.01
3223, 3, 15, Status.SNAKE, 0.01
3224, 15, 91, Status.SNAKE, 0.01
3225, 3, 15, Status.SNAKE, 0.01
3226, 21, 143, Status.SNAKE, 0.01
3227, 6, 31, Status.SNAKE, 0.01
3228, 13, 102, Status.SNAKE, 0.01
3229, 9, 62, Status.WALL, 0.01
3230, 9, 62, Status.SNAKE, 0.01
3231, 7, 46, Status.WALL, 0.01
3232, 7, 28, Status.SNAKE, 0.01
3233, 5, 29, Status.SNAKE, 0.01
3234, 6, 44, Status.SNAKE, 0.01
3235, 7, 37, Status.SNAKE, 0.01
3236, 6, 32, Status.SNAKE, 0.01
3237, 3, 17, Status.SNAKE, 0.01
3238, 9, 53, Status.SNAKE, 0.01
3239, 3, 10, Status.SNAKE, 0.01
3240, 3, 31, Status.WALL, 0.01
3241, 5, 35, Status.SNAKE, 0.01
3242, 2, 17, Status.SNAKE, 0.01
3243, 6, 43, Status.SNAKE, 0.01
3244, 10, 75, Status.SNAKE, 0.01
3245, 0, 7, Status.WALL, 0.01
3246, 5, 36, Status.SNAKE, 0.01
3247, 9, 48, Status.WALL, 0.01
3248, 10, 84, Status.SNAKE, 0.01
3249, 2, 23, Status.WALL, 0.01
3250, 16, 144, Status.SNAKE, 0.01
3251, 2, 16, Status.WALL, 0.01
3252, 5, 30, Status.SNAKE, 0.01
3253, 5, 35, Status.SNAKE, 0.01
3254, 7, 48, Status.SNAKE, 0.01
3255, 12, 82, Status.SNAKE, 0.01
3256, 10, 64, Status.SNAKE, 0.01
3257, 12, 85, Status.SNAKE, 0.01
3258, 4, 42, Status.WALL, 0.01
3259, 7, 52, Status.SNAKE, 0.01
3260, 11, 56, Status.SNAKE, 0.01
3261, 12, 95, Status.SNAKE, 0.01
3262, 12, 75, Status.SNAKE, 0.01
3263, 10, 93, Status.SNAKE, 0.01
3264, 14, 91, Status.WALL, 0.01
3265, 16, 96, Status.SNAKE, 0.01
3266, 16, 108, Status.WALL, 0.01
3267, 8, 56, Status.SNAKE, 0.01
3268, 7, 46, Status.WALL, 0.01
3269, 4, 24, Status.SNAKE, 0.01
3270, 10, 60, Status.SNAKE, 0.01
3271, 11, 86, Status.SNAKE, 0.01
3272, 7, 47, Status.WALL, 0.01
3273, 5, 30, Status.SNAKE, 0.01
3274, 7, 43, Status.SNAKE, 0.01
3275, 4, 25, Status.SNAKE, 0.01
3276, 11, 95, Status.SNAKE, 0.01
3277, 10, 80, Status.SNAKE, 0.01
3278, 15, 95, Status.SNAKE, 0.01
3279, 7, 54, Status.SNAKE, 0.01
3280, 14, 97, Status.SNAKE, 0.01
3281, 11, 68, Status.SNAKE, 0.01
3282, 14, 109, Status.WALL, 0.01
3283, 4, 19, Status.SNAKE, 0.01
3284, 6, 28, Status.SNAKE, 0.01
3285, 6, 33, Status.SNAKE, 0.01
3286, 1, 16, Status.SNAKE, 0.01
3287, 0, 4, Status.WALL, 0.01
3288, 8, 62, Status.WALL, 0.01
3289, 2, 14, Status.WALL, 0.01
3290, 4, 37, Status.WALL, 0.01
3291, 6, 30, Status.SNAKE, 0.01
3292, 6, 34, Status.SNAKE, 0.01
3293, 6, 41, Status.SNAKE, 0.01
3294, 11, 79, Status.SNAKE, 0.01
3295, 4, 23, Status.WALL, 0.01
3296, 6, 35, Status.SNAKE, 0.01
3297, 8, 52, Status.SNAKE, 0.01
3298, 12, 95, Status.SNAKE, 0.01
3299, 12, 92, Status.WALL, 0.01
3300, 8, 43, Status.SNAKE, 0.01
3301, 8, 60, Status.WALL, 0.01
3302, 12, 70, Status.WALL, 0.01
3303, 11, 87, Status.SNAKE, 0.01
3304, 1, 14, Status.SNAKE, 0.01
3305, 6, 41, Status.SNAKE, 0.01
3306, 2, 15, Status.SNAKE, 0.01
3307, 1, 8, Status.SNAKE, 0.01
3308, 19, 116, Status.SNAKE, 0.01
3309, 17, 108, Status.WALL, 0.01
3310, 1, 19, Status.SNAKE, 0.01
3311, 7, 51, Status.SNAKE, 0.01
3312, 7, 35, Status.SNAKE, 0.01
3313, 14, 90, Status.SNAKE, 0.01
3314, 7, 46, Status.SNAKE, 0.01
3315, 15, 97, Status.SNAKE, 0.01
3316, 13, 91, Status.SNAKE, 0.01
3317, 11, 81, Status.SNAKE, 0.01
3318, 1, 3, Status.SNAKE, 0.01
3319, 16, 94, Status.SNAKE, 0.01
3320, 7, 47, Status.SNAKE, 0.01
3321, 11, 86, Status.SNAKE, 0.01
3322, 7, 49, Status.SNAKE, 0.01
3323, 9, 58, Status.SNAKE, 0.01
3324, 4, 25, Status.SNAKE, 0.01
3325, 2, 14, Status.SNAKE, 0.01
3326, 8, 51, Status.SNAKE, 0.01
3327, 5, 32, Status.SNAKE, 0.01
3328, 7, 54, Status.SNAKE, 0.01
3329, 13, 58, Status.SNAKE, 0.01
3330, 16, 89, Status.SNAKE, 0.01
3331, 14, 101, Status.SNAKE, 0.01
3332, 17, 123, Status.SNAKE, 0.01
3333, 19, 139, Status.SNAKE, 0.01
3334, 10, 94, Status.SNAKE, 0.01
3335, 9, 65, Status.SNAKE, 0.01
3336, 9, 41, Status.SNAKE, 0.01
3337, 6, 57, Status.SNAKE, 0.01
3338, 5, 36, Status.WALL, 0.01
3339, 5, 33, Status.SNAKE, 0.01
3340, 5, 28, Status.SNAKE, 0.01
3341, 11, 85, Status.SNAKE, 0.01
3342, 4, 24, Status.SNAKE, 0.01
3343, 5, 41, Status.SNAKE, 0.01
3344, 11, 73, Status.SNAKE, 0.01
3345, 3, 17, Status.SNAKE, 0.01
3346, 3, 20, Status.SNAKE, 0.01
3347, 10, 52, Status.SNAKE, 0.01
3348, 1, 15, Status.WALL, 0.01
3349, 16, 115, Status.SNAKE, 0.01
3350, 7, 36, Status.SNAKE, 0.01
3351, 3, 16, Status.SNAKE, 0.01
3352, 16, 102, Status.SNAKE, 0.01
3353, 9, 71, Status.WALL, 0.01
3354, 17, 99, Status.SNAKE, 0.01
3355, 10, 66, Status.WALL, 0.01
3356, 4, 32, Status.SNAKE, 0.01
3357, 3, 24, Status.WALL, 0.01
3358, 3, 18, Status.SNAKE, 0.01
3359, 9, 46, Status.SNAKE, 0.01
3360, 11, 68, Status.WALL, 0.01
3361, 15, 128, Status.WALL, 0.01
3362, 5, 33, Status.SNAKE, 0.01
3363, 13, 91, Status.SNAKE, 0.01
3364, 10, 49, Status.WALL, 0.01
3365, 3, 28, Status.SNAKE, 0.01
3366, 5, 49, Status.SNAKE, 0.01
3367, 4, 29, Status.SNAKE, 0.01
3368, 3, 20, Status.WALL, 0.01
3369, 1, 10, Status.WALL, 0.01
3370, 5, 58, Status.WALL, 0.01
3371, 7, 52, Status.SNAKE, 0.01
3372, 7, 43, Status.WALL, 0.01
3373, 10, 60, Status.SNAKE, 0.01
3374, 9, 66, Status.WALL, 0.01
3375, 5, 35, Status.WALL, 0.01
3376, 3, 18, Status.WALL, 0.01
3377, 11, 67, Status.SNAKE, 0.01
3378, 13, 85, Status.SNAKE, 0.01
3379, 8, 58, Status.WALL, 0.01
3380, 3, 27, Status.SNAKE, 0.01
3381, 1, 3, Status.SNAKE, 0.01
3382, 2, 13, Status.WALL, 0.01
3383, 14, 117, Status.SNAKE, 0.01
3384, 2, 17, Status.SNAKE, 0.01
3385, 3, 20, Status.SNAKE, 0.01
3386, 15, 120, Status.SNAKE, 0.01
3387, 10, 64, Status.SNAKE, 0.01
3388, 5, 34, Status.SNAKE, 0.01
3389, 6, 35, Status.WALL, 0.01
3390, 2, 19, Status.WALL, 0.01
3391, 11, 75, Status.SNAKE, 0.01
3392, 10, 74, Status.SNAKE, 0.01
3393, 5, 30, Status.SNAKE, 0.01
3394, 3, 18, Status.SNAKE, 0.01
3395, 7, 51, Status.SNAKE, 0.01
3396, 5, 28, Status.SNAKE, 0.01
3397, 13, 82, Status.SNAKE, 0.01
3398, 11, 59, Status.SNAKE, 0.01
3399, 5, 32, Status.SNAKE, 0.01
3400, 8, 48, Status.SNAKE, 0.01
3401, 13, 77, Status.SNAKE, 0.01
3402, 11, 65, Status.SNAKE, 0.01
3403, 9, 69, Status.WALL, 0.01
3404, 12, 71, Status.WALL, 0.01
3405, 5, 46, Status.SNAKE, 0.01
3406, 9, 60, Status.SNAKE, 0.01
3407, 10, 69, Status.SNAKE, 0.01
3408, 4, 24, Status.WALL, 0.01
3409, 8, 61, Status.SNAKE, 0.01
3410, 7, 56, Status.SNAKE, 0.01
3411, 9, 66, Status.SNAKE, 0.01
3412, 3, 20, Status.SNAKE, 0.01
3413, 6, 31, Status.SNAKE, 0.01
3414, 5, 45, Status.SNAKE, 0.01
3415, 7, 50, Status.SNAKE, 0.01
3416, 5, 41, Status.WALL, 0.01
3417, 10, 65, Status.SNAKE, 0.01
3418, 6, 29, Status.SNAKE, 0.01
3419, 13, 93, Status.WALL, 0.01
3420, 8, 64, Status.SNAKE, 0.01
3421, 6, 45, Status.SNAKE, 0.01
3422, 2, 13, Status.SNAKE, 0.01
3423, 13, 93, Status.SNAKE, 0.01
3424, 10, 74, Status.SNAKE, 0.01
3425, 12, 84, Status.SNAKE, 0.01
3426, 11, 63, Status.SNAKE, 0.01
3427, 8, 53, Status.SNAKE, 0.01
3428, 5, 34, Status.SNAKE, 0.01
3429, 10, 59, Status.SNAKE, 0.01
3430, 4, 44, Status.WALL, 0.01
3431, 12, 106, Status.SNAKE, 0.01
3432, 8, 38, Status.SNAKE, 0.01
3433, 8, 45, Status.SNAKE, 0.01
3434, 16, 142, Status.SNAKE, 0.01
3435, 18, 134, Status.SNAKE, 0.01
3436, 2, 16, Status.SNAKE, 0.01
3437, 14, 112, Status.SNAKE, 0.01
3438, 6, 48, Status.SNAKE, 0.01
3439, 7, 47, Status.SNAKE, 0.01
3440, 2, 10, Status.SNAKE, 0.01
3441, 2, 17, Status.SNAKE, 0.01
3442, 15, 124, Status.WALL, 0.01
3443, 2, 12, Status.SNAKE, 0.01
3444, 16, 113, Status.SNAKE, 0.01
3445, 6, 60, Status.WALL, 0.01
3446, 2, 10, Status.SNAKE, 0.01
3447, 15, 95, Status.SNAKE, 0.01
3448, 10, 71, Status.SNAKE, 0.01
3449, 8, 49, Status.SNAKE, 0.01
3450, 10, 70, Status.SNAKE, 0.01
3451, 7, 61, Status.SNAKE, 0.01
3452, 13, 96, Status.SNAKE, 0.01
3453, 10, 51, Status.SNAKE, 0.01
3454, 1, 5, Status.SNAKE, 0.01
3455, 22, 144, Status.WALL, 0.01
3456, 12, 81, Status.SNAKE, 0.01
3457, 6, 33, Status.SNAKE, 0.01
3458, 14, 100, Status.SNAKE, 0.01
3459, 14, 104, Status.SNAKE, 0.01
3460, 13, 82, Status.SNAKE, 0.01
3461, 15, 118, Status.SNAKE, 0.01
3462, 3, 28, Status.SNAKE, 0.01
3463, 4, 33, Status.SNAKE, 0.01
3464, 4, 30, Status.WALL, 0.01
3465, 12, 75, Status.SNAKE, 0.01
3466, 4, 23, Status.SNAKE, 0.01
3467, 8, 31, Status.SNAKE, 0.01
3468, 2, 13, Status.SNAKE, 0.01
3469, 8, 66, Status.SNAKE, 0.01
3470, 9, 57, Status.SNAKE, 0.01
3471, 7, 38, Status.WALL, 0.01
3472, 9, 75, Status.SNAKE, 0.01
3473, 1, 9, Status.SNAKE, 0.01
3474, 6, 31, Status.SNAKE, 0.01
3475, 9, 58, Status.SNAKE, 0.01
3476, 12, 70, Status.SNAKE, 0.01
3477, 9, 53, Status.SNAKE, 0.01
3478, 12, 68, Status.SNAKE, 0.01
3479, 3, 24, Status.WALL, 0.01
3480, 6, 34, Status.SNAKE, 0.01
3481, 7, 38, Status.SNAKE, 0.01
3482, 12, 81, Status.WALL, 0.01
3483, 15, 110, Status.SNAKE, 0.01
3484, 8, 59, Status.WALL, 0.01
3485, 9, 53, Status.SNAKE, 0.01
3486, 7, 42, Status.SNAKE, 0.01
3487, 5, 33, Status.SNAKE, 0.01
3488, 5, 26, Status.SNAKE, 0.01
3489, 4, 27, Status.WALL, 0.01
3490, 4, 30, Status.SNAKE, 0.01
3491, 6, 40, Status.SNAKE, 0.01
3492, 5, 33, Status.WALL, 0.01
3493, 4, 27, Status.SNAKE, 0.01
3494, 12, 99, Status.SNAKE, 0.01
3495, 12, 76, Status.SNAKE, 0.01
3496, 12, 79, Status.SNAKE, 0.01
3497, 15, 101, Status.SNAKE, 0.01
3498, 5, 35, Status.SNAKE, 0.01
3499, 6, 48, Status.SNAKE, 0.01
3500, 5, 34, Status.SNAKE, 0.01
3501, 3, 20, Status.SNAKE, 0.01
3502, 11, 84, Status.SNAKE, 0.01
3503, 3, 23, Status.SNAKE, 0.01
3504, 13, 85, Status.SNAKE, 0.01
3505, 5, 61, Status.WALL, 0.01
3506, 4, 22, Status.SNAKE, 0.01
3507, 2, 12, Status.SNAKE, 0.01
3508, 10, 48, Status.SNAKE, 0.01
3509, 9, 59, Status.WALL, 0.01
3510, 11, 85, Status.SNAKE, 0.01
3511, 4, 28, Status.SNAKE, 0.01
3512, 24, 183, Status.SNAKE, 0.01
3513, 11, 80, Status.SNAKE, 0.01
3514, 4, 16, Status.SNAKE, 0.01
3515, 16, 142, Status.SNAKE, 0.01
3516, 12, 88, Status.SNAKE, 0.01
3517, 7, 64, Status.SNAKE, 0.01
3518, 4, 29, Status.SNAKE, 0.01
3519, 6, 26, Status.SNAKE, 0.01
3520, 12, 56, Status.WALL, 0.01
3521, 10, 72, Status.SNAKE, 0.01
3522, 15, 115, Status.SNAKE, 0.01
3523, 4, 32, Status.SNAKE, 0.01
3524, 7, 52, Status.WALL, 0.01
3525, 12, 70, Status.SNAKE, 0.01
3526, 16, 108, Status.SNAKE, 0.01
3527, 10, 60, Status.SNAKE, 0.01
3528, 1, 8, Status.WALL, 0.01
3529, 1, 8, Status.SNAKE, 0.01
3530, 7, 61, Status.SNAKE, 0.01
3531, 7, 44, Status.SNAKE, 0.01
3532, 7, 50, Status.SNAKE, 0.01
3533, 4, 26, Status.SNAKE, 0.01
3534, 9, 73, Status.SNAKE, 0.01
3535, 9, 74, Status.SNAKE, 0.01
3536, 16, 105, Status.SNAKE, 0.01
3537, 7, 30, Status.SNAKE, 0.01
3538, 11, 53, Status.SNAKE, 0.01
3539, 5, 38, Status.SNAKE, 0.01
3540, 18, 131, Status.SNAKE, 0.01
3541, 11, 96, Status.SNAKE, 0.01
3542, 11, 69, Status.SNAKE, 0.01
3543, 6, 69, Status.WALL, 0.01
3544, 6, 52, Status.WALL, 0.01
3545, 13, 76, Status.SNAKE, 0.01
3546, 1, 8, Status.WALL, 0.01
3547, 11, 90, Status.SNAKE, 0.01
3548, 9, 57, Status.SNAKE, 0.01
3549, 12, 62, Status.SNAKE, 0.01
3550, 11, 89, Status.SNAKE, 0.01
3551, 8, 53, Status.SNAKE, 0.01
3552, 4, 33, Status.SNAKE, 0.01
3553, 13, 93, Status.SNAKE, 0.01
3554, 11, 81, Status.SNAKE, 0.01
3555, 2, 5, Status.SNAKE, 0.01
3556, 5, 28, Status.WALL, 0.01
3557, 16, 113, Status.SNAKE, 0.01
3558, 12, 83, Status.WALL, 0.01
3559, 5, 36, Status.SNAKE, 0.01
3560, 21, 173, Status.WALL, 0.01
3561, 20, 114, Status.SNAKE, 0.01
3562, 6, 31, Status.SNAKE, 0.01
3563, 15, 98, Status.SNAKE, 0.01
3564, 13, 106, Status.SNAKE, 0.01
3565, 1, 3, Status.SNAKE, 0.01
3566, 13, 91, Status.SNAKE, 0.01
3567, 6, 48, Status.SNAKE, 0.01
3568, 5, 37, Status.WALL, 0.01
3569, 9, 73, Status.SNAKE, 0.01
3570, 6, 31, Status.SNAKE, 0.01
3571, 10, 69, Status.SNAKE, 0.01
3572, 10, 59, Status.SNAKE, 0.01
3573, 7, 63, Status.SNAKE, 0.01
3574, 6, 31, Status.WALL, 0.01
3575, 18, 95, Status.SNAKE, 0.01
3576, 10, 43, Status.SNAKE, 0.01
3577, 3, 24, Status.WALL, 0.01
3578, 8, 55, Status.SNAKE, 0.01
3579, 8, 40, Status.SNAKE, 0.01
3580, 11, 64, Status.WALL, 0.01
3581, 12, 71, Status.SNAKE, 0.01
3582, 10, 64, Status.SNAKE, 0.01
3583, 8, 46, Status.SNAKE, 0.01
3584, 12, 71, Status.SNAKE, 0.01
3585, 10, 83, Status.SNAKE, 0.01
3586, 13, 108, Status.SNAKE, 0.01
3587, 5, 33, Status.SNAKE, 0.01
3588, 7, 39, Status.SNAKE, 0.01
3589, 13, 121, Status.WALL, 0.01
3590, 12, 78, Status.WALL, 0.01
3591, 6, 51, Status.SNAKE, 0.01
3592, 14, 113, Status.WALL, 0.01
3593, 4, 28, Status.SNAKE, 0.01
3594, 8, 62, Status.SNAKE, 0.01
3595, 5, 31, Status.WALL, 0.01
3596, 8, 46, Status.SNAKE, 0.01
3597, 8, 48, Status.SNAKE, 0.01
3598, 11, 67, Status.SNAKE, 0.01
3599, 9, 55, Status.SNAKE, 0.01
3600, 1, 3, Status.SNAKE, 0.01
3601, 13, 68, Status.SNAKE, 0.01
3602, 10, 50, Status.SNAKE, 0.01
3603, 13, 91, Status.SNAKE, 0.01
3604, 11, 57, Status.SNAKE, 0.01
3605, 14, 84, Status.SNAKE, 0.01
3606, 7, 46, Status.WALL, 0.01
3607, 5, 21, Status.WALL, 0.01
3608, 3, 9, Status.WALL, 0.01
3609, 13, 92, Status.SNAKE, 0.01
3610, 11, 76, Status.SNAKE, 0.01
3611, 6, 45, Status.SNAKE, 0.01
3612, 2, 14, Status.WALL, 0.01
3613, 9, 58, Status.SNAKE, 0.01
3614, 5, 51, Status.SNAKE, 0.01
3615, 15, 79, Status.SNAKE, 0.01
3616, 6, 30, Status.SNAKE, 0.01
3617, 12, 69, Status.WALL, 0.01
3618, 8, 49, Status.SNAKE, 0.01
3619, 7, 46, Status.SNAKE, 0.01
3620, 7, 31, Status.SNAKE, 0.01
3621, 8, 39, Status.SNAKE, 0.01
3622, 14, 89, Status.WALL, 0.01
3623, 8, 47, Status.SNAKE, 0.01
3624, 5, 33, Status.WALL, 0.01
3625, 10, 76, Status.SNAKE, 0.01
3626, 7, 36, Status.SNAKE, 0.01
3627, 5, 35, Status.SNAKE, 0.01
3628, 11, 80, Status.SNAKE, 0.01
3629, 12, 82, Status.WALL, 0.01
3630, 18, 124, Status.SNAKE, 0.01
3631, 3, 14, Status.SNAKE, 0.01
3632, 15, 115, Status.SNAKE, 0.01
3633, 9, 72, Status.SNAKE, 0.01
3634, 11, 100, Status.WALL, 0.01
3635, 5, 29, Status.SNAKE, 0.01
3636, 7, 58, Status.SNAKE, 0.01
3637, 5, 23, Status.SNAKE, 0.01
3638, 8, 46, Status.SNAKE, 0.01
3639, 12, 73, Status.SNAKE, 0.01
3640, 7, 32, Status.SNAKE, 0.01
3641, 7, 68, Status.WALL, 0.01
3642, 2, 16, Status.WALL, 0.01
3643, 19, 102, Status.SNAKE, 0.01
3644, 13, 91, Status.SNAKE, 0.01
3645, 4, 25, Status.SNAKE, 0.01
3646, 8, 55, Status.SNAKE, 0.01
3647, 8, 45, Status.SNAKE, 0.01
3648, 9, 52, Status.SNAKE, 0.01
3649, 7, 56, Status.SNAKE, 0.01
3650, 14, 95, Status.SNAKE, 0.01
3651, 15, 100, Status.SNAKE, 0.01
3652, 5, 27, Status.SNAKE, 0.01
3653, 7, 49, Status.SNAKE, 0.01
3654, 5, 35, Status.SNAKE, 0.01
3655, 14, 93, Status.SNAKE, 0.01
3656, 1, 6, Status.WALL, 0.01
3657, 11, 78, Status.WALL, 0.01
3658, 6, 33, Status.SNAKE, 0.01
3659, 15, 124, Status.SNAKE, 0.01
3660, 10, 63, Status.SNAKE, 0.01
3661, 8, 49, Status.SNAKE, 0.01
3662, 9, 65, Status.SNAKE, 0.01
3663, 3, 23, Status.SNAKE, 0.01
3664, 4, 14, Status.SNAKE, 0.01
3665, 6, 31, Status.SNAKE, 0.01
3666, 3, 12, Status.SNAKE, 0.01
3667, 13, 82, Status.SNAKE, 0.01
3668, 19, 157, Status.SNAKE, 0.01
3669, 10, 60, Status.SNAKE, 0.01
3670, 17, 92, Status.WALL, 0.01
3671, 13, 79, Status.SNAKE, 0.01
3672, 7, 54, Status.SNAKE, 0.01
3673, 15, 108, Status.SNAKE, 0.01
3674, 4, 37, Status.WALL, 0.01
3675, 5, 32, Status.SNAKE, 0.01
3676, 14, 98, Status.SNAKE, 0.01
3677, 12, 89, Status.SNAKE, 0.01
3678, 10, 82, Status.SNAKE, 0.01
3679, 14, 97, Status.SNAKE, 0.01
3680, 13, 92, Status.SNAKE, 0.01
3681, 9, 50, Status.SNAKE, 0.01
3682, 13, 83, Status.SNAKE, 0.01
3683, 2, 32, Status.WALL, 0.01
3684, 5, 34, Status.SNAKE, 0.01
3685, 6, 40, Status.SNAKE, 0.01
3686, 11, 68, Status.SNAKE, 0.01
3687, 2, 9, Status.WALL, 0.01
3688, 9, 68, Status.WALL, 0.01
3689, 17, 96, Status.WALL, 0.01
3690, 7, 57, Status.SNAKE, 0.01
3691, 8, 53, Status.SNAKE, 0.01
3692, 11, 59, Status.SNAKE, 0.01
3693, 8, 67, Status.SNAKE, 0.01
3694, 2, 8, Status.SNAKE, 0.01
3695, 10, 103, Status.SNAKE, 0.01
3696, 1, 3, Status.SNAKE, 0.01
3697, 3, 23, Status.SNAKE, 0.01
3698, 8, 36, Status.SNAKE, 0.01
3699, 1, 14, Status.SNAKE, 0.01
3700, 3, 22, Status.SNAKE, 0.01
3701, 7, 62, Status.SNAKE, 0.01
3702, 10, 54, Status.SNAKE, 0.01
3703, 10, 53, Status.SNAKE, 0.01
3704, 2, 18, Status.SNAKE, 0.01
3705, 2, 21, Status.SNAKE, 0.01
3706, 11, 78, Status.SNAKE, 0.01
3707, 5, 41, Status.SNAKE, 0.01
3708, 10, 69, Status.SNAKE, 0.01
3709, 5, 38, Status.SNAKE, 0.01
3710, 4, 32, Status.SNAKE, 0.01
3711, 9, 71, Status.SNAKE, 0.01
3712, 14, 95, Status.SNAKE, 0.01
3713, 7, 35, Status.SNAKE, 0.01
3714, 3, 23, Status.SNAKE, 0.01
3715, 15, 94, Status.SNAKE, 0.01
3716, 12, 73, Status.SNAKE, 0.01
3717, 7, 30, Status.SNAKE, 0.01
3718, 8, 52, Status.SNAKE, 0.01
3719, 8, 63, Status.WALL, 0.01
3720, 11, 62, Status.SNAKE, 0.01
3721, 10, 76, Status.WALL, 0.01
3722, 14, 94, Status.SNAKE, 0.01
3723, 8, 41, Status.SNAKE, 0.01
3724, 7, 63, Status.SNAKE, 0.01
3725, 12, 83, Status.SNAKE, 0.01
3726, 10, 58, Status.SNAKE, 0.01
3727, 10, 83, Status.WALL, 0.01
3728, 9, 61, Status.SNAKE, 0.01
3729, 5, 25, Status.SNAKE, 0.01
3730, 10, 66, Status.SNAKE, 0.01
3731, 6, 45, Status.SNAKE, 0.01
3732, 6, 42, Status.SNAKE, 0.01
3733, 13, 107, Status.WALL, 0.01
3734, 11, 89, Status.SNAKE, 0.01
3735, 11, 80, Status.SNAKE, 0.01
3736, 1, 3, Status.SNAKE, 0.01
3737, 9, 62, Status.WALL, 0.01
3738, 10, 89, Status.SNAKE, 0.01
3739, 15, 117, Status.SNAKE, 0.01
3740, 10, 61, Status.SNAKE, 0.01
3741, 12, 88, Status.SNAKE, 0.01
3742, 1, 10, Status.WALL, 0.01
3743, 6, 41, Status.WALL, 0.01
3744, 4, 13, Status.SNAKE, 0.01
3745, 11, 73, Status.SNAKE, 0.01
3746, 17, 130, Status.SNAKE, 0.01
3747, 12, 81, Status.SNAKE, 0.01
3748, 8, 45, Status.SNAKE, 0.01
3749, 10, 63, Status.SNAKE, 0.01
3750, 13, 105, Status.SNAKE, 0.01
3751, 12, 82, Status.WALL, 0.01
3752, 5, 28, Status.SNAKE, 0.01
3753, 15, 95, Status.SNAKE, 0.01
3754, 1, 10, Status.WALL, 0.01
3755, 9, 78, Status.WALL, 0.01
3756, 8, 49, Status.SNAKE, 0.01
3757, 7, 60, Status.WALL, 0.01
3758, 8, 45, Status.SNAKE, 0.01
3759, 14, 125, Status.SNAKE, 0.01
3760, 14, 99, Status.SNAKE, 0.01
3761, 4, 25, Status.WALL, 0.01
3762, 11, 92, Status.SNAKE, 0.01
3763, 12, 100, Status.SNAKE, 0.01
3764, 6, 34, Status.SNAKE, 0.01
3765, 6, 37, Status.SNAKE, 0.01
3766, 3, 23, Status.SNAKE, 0.01
3767, 9, 68, Status.SNAKE, 0.01
3768, 18, 140, Status.SNAKE, 0.01
3769, 7, 50, Status.SNAKE, 0.01
3770, 4, 17, Status.SNAKE, 0.01
3771, 17, 116, Status.SNAKE, 0.01
3772, 8, 35, Status.SNAKE, 0.01
3773, 11, 52, Status.SNAKE, 0.01
3774, 2, 16, Status.SNAKE, 0.01
3775, 2, 19, Status.SNAKE, 0.01
3776, 6, 47, Status.SNAKE, 0.01
3777, 15, 111, Status.SNAKE, 0.01
3778, 9, 59, Status.WALL, 0.01
3779, 20, 118, Status.SNAKE, 0.01
3780, 9, 65, Status.SNAKE, 0.01
3781, 8, 69, Status.SNAKE, 0.01
3782, 11, 67, Status.SNAKE, 0.01
3783, 9, 56, Status.SNAKE, 0.01
3784, 9, 62, Status.WALL, 0.01
3785, 5, 29, Status.SNAKE, 0.01
3786, 15, 127, Status.SNAKE, 0.01
3787, 10, 58, Status.SNAKE, 0.01
3788, 4, 41, Status.SNAKE, 0.01
3789, 8, 47, Status.SNAKE, 0.01
3790, 3, 20, Status.SNAKE, 0.01
3791, 10, 68, Status.SNAKE, 0.01
3792, 6, 32, Status.SNAKE, 0.01
3793, 6, 32, Status.SNAKE, 0.01
3794, 5, 50, Status.SNAKE, 0.01
3795, 3, 11, Status.SNAKE, 0.01
3796, 6, 27, Status.SNAKE, 0.01
3797, 11, 72, Status.SNAKE, 0.01
3798, 10, 52, Status.SNAKE, 0.01
3799, 7, 42, Status.SNAKE, 0.01
3800, 2, 6, Status.SNAKE, 0.01
3801, 15, 118, Status.SNAKE, 0.01
3802, 13, 98, Status.SNAKE, 0.01
3803, 10, 63, Status.SNAKE, 0.01
3804, 15, 114, Status.SNAKE, 0.01
3805, 6, 37, Status.SNAKE, 0.01
3806, 5, 32, Status.SNAKE, 0.01
3807, 12, 83, Status.SNAKE, 0.01
3808, 6, 63, Status.SNAKE, 0.01
3809, 7, 33, Status.SNAKE, 0.01
3810, 16, 104, Status.SNAKE, 0.01
3811, 9, 41, Status.SNAKE, 0.01
3812, 6, 34, Status.SNAKE, 0.01
3813, 2, 14, Status.WALL, 0.01
3814, 11, 81, Status.SNAKE, 0.01
3815, 7, 54, Status.SNAKE, 0.01
3816, 11, 79, Status.SNAKE, 0.01
3817, 17, 125, Status.SNAKE, 0.01
3818, 7, 29, Status.SNAKE, 0.01
3819, 15, 113, Status.SNAKE, 0.01
3820, 6, 37, Status.WALL, 0.01
3821, 10, 64, Status.SNAKE, 0.01
3822, 10, 64, Status.SNAKE, 0.01
3823, 14, 99, Status.SNAKE, 0.01
3824, 14, 105, Status.SNAKE, 0.01
3825, 9, 56, Status.SNAKE, 0.01
3826, 6, 34, Status.SNAKE, 0.01
3827, 16, 89, Status.SNAKE, 0.01
3828, 11, 79, Status.SNAKE, 0.01
3829, 4, 23, Status.SNAKE, 0.01
3830, 5, 43, Status.WALL, 0.01
3831, 9, 65, Status.SNAKE, 0.01
3832, 4, 27, Status.SNAKE, 0.01
3833, 8, 32, Status.SNAKE, 0.01
3834, 11, 54, Status.SNAKE, 0.01
3835, 10, 66, Status.SNAKE, 0.01
3836, 13, 79, Status.SNAKE, 0.01
3837, 15, 76, Status.SNAKE, 0.01
3838, 4, 36, Status.SNAKE, 0.01
3839, 5, 36, Status.SNAKE, 0.01
3840, 11, 88, Status.SNAKE, 0.01
3841, 4, 32, Status.SNAKE, 0.01
3842, 6, 40, Status.SNAKE, 0.01
3843, 11, 66, Status.SNAKE, 0.01
3844, 7, 47, Status.SNAKE, 0.01
3845, 15, 100, Status.SNAKE, 0.01
3846, 13, 104, Status.SNAKE, 0.01
3847, 9, 57, Status.SNAKE, 0.01
3848, 7, 47, Status.SNAKE, 0.01
3849, 6, 43, Status.WALL, 0.01
3850, 10, 58, Status.SNAKE, 0.01
3851, 11, 54, Status.SNAKE, 0.01
3852, 17, 89, Status.SNAKE, 0.01
3853, 14, 89, Status.SNAKE, 0.01
3854, 3, 18, Status.SNAKE, 0.01
3855, 12, 56, Status.SNAKE, 0.01
3856, 11, 76, Status.SNAKE, 0.01
3857, 3, 16, Status.WALL, 0.01
3858, 11, 63, Status.SNAKE, 0.01
3859, 8, 58, Status.SNAKE, 0.01
3860, 8, 54, Status.SNAKE, 0.01
3861, 15, 103, Status.SNAKE, 0.01
3862, 11, 61, Status.SNAKE, 0.01
3863, 10, 64, Status.SNAKE, 0.01
3864, 17, 92, Status.SNAKE, 0.01
3865, 11, 76, Status.SNAKE, 0.01
3866, 8, 44, Status.SNAKE, 0.01
3867, 8, 61, Status.SNAKE, 0.01
3868, 5, 47, Status.SNAKE, 0.01
3869, 4, 22, Status.SNAKE, 0.01
3870, 11, 69, Status.WALL, 0.01
3871, 9, 78, Status.SNAKE, 0.01
3872, 5, 41, Status.SNAKE, 0.01
3873, 16, 126, Status.SNAKE, 0.01
3874, 8, 63, Status.SNAKE, 0.01
3875, 4, 34, Status.SNAKE, 0.01
3876, 11, 63, Status.WALL, 0.01
3877, 11, 93, Status.SNAKE, 0.01
3878, 6, 30, Status.SNAKE, 0.01
3879, 15, 106, Status.SNAKE, 0.01
3880, 6, 39, Status.SNAKE, 0.01
3881, 1, 6, Status.SNAKE, 0.01
3882, 17, 131, Status.SNAKE, 0.01
3883, 8, 53, Status.SNAKE, 0.01
3884, 1, 5, Status.SNAKE, 0.01
3885, 13, 86, Status.SNAKE, 0.01
3886, 6, 41, Status.SNAKE, 0.01
3887, 7, 42, Status.SNAKE, 0.01
3888, 11, 88, Status.SNAKE, 0.01
3889, 5, 37, Status.SNAKE, 0.01
3890, 3, 8, Status.WALL, 0.01
3891, 10, 57, Status.SNAKE, 0.01
3892, 2, 8, Status.SNAKE, 0.01
3893, 13, 90, Status.SNAKE, 0.01
3894, 3, 18, Status.SNAKE, 0.01
3895, 8, 59, Status.WALL, 0.01
3896, 7, 35, Status.SNAKE, 0.01
3897, 3, 12, Status.SNAKE, 0.01
3898, 4, 15, Status.SNAKE, 0.01
3899, 9, 55, Status.SNAKE, 0.01
3900, 6, 36, Status.SNAKE, 0.01
3901, 6, 44, Status.SNAKE, 0.01
3902, 11, 69, Status.WALL, 0.01
3903, 9, 65, Status.SNAKE, 0.01
3904, 9, 47, Status.SNAKE, 0.01
3905, 23, 146, Status.WALL, 0.01
3906, 7, 45, Status.WALL, 0.01
3907, 6, 32, Status.SNAKE, 0.01
3908, 8, 54, Status.SNAKE, 0.01
3909, 10, 87, Status.SNAKE, 0.01
3910, 6, 39, Status.SNAKE, 0.01
3911, 4, 18, Status.WALL, 0.01
3912, 4, 26, Status.WALL, 0.01
3913, 4, 21, Status.SNAKE, 0.01
3914, 9, 54, Status.SNAKE, 0.01
3915, 6, 30, Status.SNAKE, 0.01
3916, 8, 58, Status.SNAKE, 0.01
3917, 11, 89, Status.SNAKE, 0.01
3918, 9, 57, Status.SNAKE, 0.01
3919, 14, 108, Status.SNAKE, 0.01
3920, 7, 25, Status.SNAKE, 0.01
3921, 11, 83, Status.SNAKE, 0.01
3922, 6, 48, Status.SNAKE, 0.01
3923, 5, 54, Status.WALL, 0.01
3924, 0, 8, Status.WALL, 0.01
3925, 5, 23, Status.SNAKE, 0.01
3926, 12, 68, Status.SNAKE, 0.01
3927, 15, 77, Status.SNAKE, 0.01
3928, 1, 3, Status.SNAKE, 0.01
3929, 11, 81, Status.SNAKE, 0.01
3930, 5, 28, Status.SNAKE, 0.01
3931, 15, 121, Status.SNAKE, 0.01
3932, 7, 46, Status.SNAKE, 0.01
3933, 3, 22, Status.SNAKE, 0.01
3934, 6, 57, Status.SNAKE, 0.01
3935, 4, 28, Status.SNAKE, 0.01
3936, 12, 84, Status.WALL, 0.01
3937, 14, 82, Status.SNAKE, 0.01
3938, 10, 77, Status.WALL, 0.01
3939, 2, 18, Status.WALL, 0.01
3940, 7, 62, Status.SNAKE, 0.01
3941, 9, 70, Status.SNAKE, 0.01
3942, 3, 29, Status.SNAKE, 0.01
3943, 8, 46, Status.WALL, 0.01
3944, 7, 54, Status.SNAKE, 0.01
3945, 8, 58, Status.WALL, 0.01
3946, 19, 129, Status.SNAKE, 0.01
3947, 5, 26, Status.SNAKE, 0.01
3948, 10, 72, Status.SNAKE, 0.01
3949, 6, 44, Status.WALL, 0.01
3950, 9, 71, Status.SNAKE, 0.01
3951, 8, 66, Status.WALL, 0.01
3952, 15, 150, Status.SNAKE, 0.01
3953, 8, 65, Status.SNAKE, 0.01
3954, 6, 26, Status.SNAKE, 0.01
3955, 2, 15, Status.SNAKE, 0.01
3956, 3, 23, Status.SNAKE, 0.01
3957, 5, 34, Status.SNAKE, 0.01
3958, 11, 81, Status.SNAKE, 0.01
3959, 12, 84, Status.SNAKE, 0.01
3960, 10, 62, Status.SNAKE, 0.01
3961, 6, 34, Status.SNAKE, 0.01
3962, 11, 55, Status.WALL, 0.01
3963, 10, 72, Status.SNAKE, 0.01
3964, 13, 92, Status.WALL, 0.01
3965, 13, 72, Status.SNAKE, 0.01
3966, 8, 46, Status.SNAKE, 0.01
3967, 1, 13, Status.WALL, 0.01
3968, 14, 91, Status.SNAKE, 0.01
3969, 3, 18, Status.WALL, 0.01
3970, 6, 40, Status.SNAKE, 0.01
3971, 9, 54, Status.SNAKE, 0.01
3972, 2, 9, Status.SNAKE, 0.01
3973, 5, 35, Status.WALL, 0.01
3974, 11, 59, Status.SNAKE, 0.01
3975, 7, 37, Status.SNAKE, 0.01
3976, 8, 49, Status.SNAKE, 0.01
3977, 5, 46, Status.SNAKE, 0.01
3978, 13, 108, Status.SNAKE, 0.01
3979, 5, 27, Status.SNAKE, 0.01
3980, 21, 156, Status.SNAKE, 0.01
3981, 1, 3, Status.SNAKE, 0.01
3982, 16, 134, Status.SNAKE, 0.01
3983, 7, 52, Status.SNAKE, 0.01
3984, 9, 61, Status.SNAKE, 0.01
3985, 18, 151, Status.SNAKE, 0.01
3986, 3, 23, Status.SNAKE, 0.01
3987, 3, 10, Status.WALL, 0.01
3988, 2, 13, Status.WALL, 0.01
3989, 11, 83, Status.SNAKE, 0.01
3990, 1, 13, Status.WALL, 0.01
3991, 14, 77, Status.SNAKE, 0.01
3992, 5, 41, Status.SNAKE, 0.01
3993, 5, 36, Status.SNAKE, 0.01
3994, 1, 5, Status.SNAKE, 0.01
3995, 6, 28, Status.SNAKE, 0.01
3996, 1, 11, Status.WALL, 0.01
3997, 4, 38, Status.SNAKE, 0.01
3998, 1, 5, Status.SNAKE, 0.01
3999, 9, 76, Status.SNAKE, 0.01
4000, 12, 89, Status.SNAKE, 0.01
4001, 15, 119, Status.SNAKE, 0.01
4002, 4, 29, Status.SNAKE, 0.01
4003, 15, 107, Status.SNAKE, 0.01
4004, 1, 5, Status.SNAKE, 0.01
4005, 12, 87, Status.SNAKE, 0.01
4006, 16, 144, Status.SNAKE, 0.01
4007, 3, 24, Status.SNAKE, 0.01
4008, 4, 46, Status.WALL, 0.01
4009, 14, 118, Status.SNAKE, 0.01
4010, 12, 102, Status.SNAKE, 0.01
4011, 8, 58, Status.WALL, 0.01
4012, 13, 96, Status.SNAKE, 0.01
4013, 1, 5, Status.SNAKE, 0.01
4014, 11, 81, Status.SNAKE, 0.01
4015, 4, 28, Status.SNAKE, 0.01
4016, 3, 19, Status.SNAKE, 0.01
4017, 4, 25, Status.SNAKE, 0.01
4018, 9, 77, Status.WALL, 0.01
4019, 11, 69, Status.WALL, 0.01
4020, 4, 29, Status.SNAKE, 0.01
4021, 6, 40, Status.WALL, 0.01
4022, 11, 74, Status.SNAKE, 0.01
4023, 1, 10, Status.WALL, 0.01
4024, 2, 17, Status.WALL, 0.01
4025, 2, 10, Status.SNAKE, 0.01
4026, 10, 62, Status.SNAKE, 0.01
4027, 7, 41, Status.SNAKE, 0.01
4028, 2, 12, Status.SNAKE, 0.01
4029, 10, 70, Status.SNAKE, 0.01
4030, 3, 23, Status.SNAKE, 0.01
4031, 3, 27, Status.SNAKE, 0.01
4032, 14, 112, Status.SNAKE, 0.01
4033, 16, 109, Status.SNAKE, 0.01
4034, 13, 76, Status.SNAKE, 0.01
4035, 21, 148, Status.SNAKE, 0.01
4036, 11, 71, Status.SNAKE, 0.01
4037, 11, 84, Status.SNAKE, 0.01
4038, 3, 19, Status.SNAKE, 0.01
4039, 12, 67, Status.SNAKE, 0.01
4040, 10, 76, Status.SNAKE, 0.01
4041, 9, 81, Status.SNAKE, 0.01
4042, 11, 73, Status.SNAKE, 0.01
4043, 5, 39, Status.SNAKE, 0.01
4044, 8, 51, Status.SNAKE, 0.01
4045, 5, 34, Status.WALL, 0.01
4046, 9, 50, Status.SNAKE, 0.01
4047, 7, 48, Status.SNAKE, 0.01
4048, 12, 100, Status.WALL, 0.01
4049, 13, 116, Status.SNAKE, 0.01
4050, 13, 91, Status.SNAKE, 0.01
4051, 5, 30, Status.WALL, 0.01
4052, 7, 69, Status.SNAKE, 0.01
4053, 12, 95, Status.SNAKE, 0.01
4054, 1, 5, Status.SNAKE, 0.01
4055, 1, 11, Status.WALL, 0.01
4056, 3, 23, Status.SNAKE, 0.01
4057, 11, 84, Status.WALL, 0.01
4058, 8, 67, Status.SNAKE, 0.01
4059, 8, 49, Status.SNAKE, 0.01
4060, 10, 56, Status.SNAKE, 0.01
4061, 7, 49, Status.SNAKE, 0.01
4062, 7, 43, Status.SNAKE, 0.01
4063, 16, 132, Status.SNAKE, 0.01
4064, 1, 6, Status.WALL, 0.01
4065, 4, 20, Status.SNAKE, 0.01
4066, 1, 6, Status.SNAKE, 0.01
4067, 6, 46, Status.SNAKE, 0.01
4068, 11, 81, Status.SNAKE, 0.01
4069, 10, 75, Status.SNAKE, 0.01
4070, 7, 47, Status.WALL, 0.01
4071, 1, 5, Status.SNAKE, 0.01
4072, 13, 91, Status.SNAKE, 0.01
4073, 7, 56, Status.WALL, 0.01
4074, 9, 79, Status.WALL, 0.01
4075, 19, 144, Status.SNAKE, 0.01
4076, 1, 3, Status.SNAKE, 0.01
4077, 7, 57, Status.WALL, 0.01
4078, 6, 47, Status.SNAKE, 0.01
4079, 3, 8, Status.SNAKE, 0.01
4080, 2, 14, Status.WALL, 0.01
4081, 9, 58, Status.SNAKE, 0.01
4082, 21, 143, Status.SNAKE, 0.01
4083, 14, 102, Status.SNAKE, 0.01
4084, 9, 91, Status.SNAKE, 0.01
4085, 18, 132, Status.SNAKE, 0.01
4086, 10, 71, Status.SNAKE, 0.01
4087, 13, 110, Status.SNAKE, 0.01
4088, 11, 59, Status.SNAKE, 0.01
4089, 16, 118, Status.SNAKE, 0.01
4090, 10, 73, Status.SNAKE, 0.01
4091, 2, 10, Status.SNAKE, 0.01
4092, 11, 60, Status.SNAKE, 0.01
4093, 14, 99, Status.SNAKE, 0.01
4094, 6, 41, Status.SNAKE, 0.01
4095, 13, 94, Status.SNAKE, 0.01
4096, 10, 51, Status.SNAKE, 0.01
4097, 3, 16, Status.SNAKE, 0.01
4098, 14, 105, Status.SNAKE, 0.01
4099, 9, 50, Status.WALL, 0.01
4100, 1, 6, Status.SNAKE, 0.01
4101, 5, 29, Status.SNAKE, 0.01
4102, 16, 118, Status.SNAKE, 0.01
4103, 10, 79, Status.SNAKE, 0.01
4104, 4, 32, Status.SNAKE, 0.01
4105, 4, 30, Status.WALL, 0.01
4106, 18, 161, Status.SNAKE, 0.01
4107, 9, 65, Status.SNAKE, 0.01
4108, 6, 37, Status.SNAKE, 0.01
4109, 7, 60, Status.SNAKE, 0.01
4110, 9, 65, Status.SNAKE, 0.01
4111, 4, 41, Status.WALL, 0.01
4112, 18, 108, Status.SNAKE, 0.01
4113, 8, 47, Status.SNAKE, 0.01
4114, 9, 61, Status.SNAKE, 0.01
4115, 9, 58, Status.SNAKE, 0.01
4116, 11, 67, Status.SNAKE, 0.01
4117, 7, 55, Status.SNAKE, 0.01
4118, 15, 119, Status.SNAKE, 0.01
4119, 3, 28, Status.WALL, 0.01
4120, 6, 48, Status.SNAKE, 0.01
4121, 15, 139, Status.SNAKE, 0.01
4122, 12, 72, Status.SNAKE, 0.01
4123, 11, 87, Status.SNAKE, 0.01
4124, 11, 64, Status.SNAKE, 0.01
4125, 7, 60, Status.WALL, 0.01
4126, 8, 56, Status.SNAKE, 0.01
4127, 2, 17, Status.WALL, 0.01
4128, 7, 47, Status.SNAKE, 0.01
4129, 13, 70, Status.SNAKE, 0.01
4130, 14, 73, Status.SNAKE, 0.01
4131, 12, 67, Status.WALL, 0.01
4132, 12, 80, Status.SNAKE, 0.01
4133, 13, 97, Status.SNAKE, 0.01
4134, 3, 10, Status.SNAKE, 0.01
4135, 7, 62, Status.SNAKE, 0.01
4136, 7, 43, Status.WALL, 0.01
4137, 4, 38, Status.SNAKE, 0.01
4138, 6, 35, Status.SNAKE, 0.01
4139, 8, 47, Status.WALL, 0.01
4140, 1, 6, Status.SNAKE, 0.01
4141, 7, 53, Status.SNAKE, 0.01
4142, 13, 108, Status.SNAKE, 0.01
4143, 7, 32, Status.SNAKE, 0.01
4144, 1, 8, Status.WALL, 0.01
4145, 3, 20, Status.SNAKE, 0.01
4146, 11, 90, Status.SNAKE, 0.01
4147, 10, 80, Status.SNAKE, 0.01
4148, 18, 168, Status.SNAKE, 0.01
4149, 5, 46, Status.WALL, 0.01
4150, 2, 11, Status.WALL, 0.01
4151, 8, 45, Status.SNAKE, 0.01
4152, 12, 88, Status.SNAKE, 0.01
4153, 4, 20, Status.SNAKE, 0.01
4154, 7, 44, Status.SNAKE, 0.01
4155, 15, 108, Status.SNAKE, 0.01
4156, 7, 47, Status.WALL, 0.01
4157, 6, 52, Status.SNAKE, 0.01
4158, 6, 48, Status.SNAKE, 0.01
4159, 6, 45, Status.SNAKE, 0.01
4160, 3, 24, Status.SNAKE, 0.01
4161, 11, 59, Status.SNAKE, 0.01
4162, 1, 5, Status.SNAKE, 0.01
4163, 7, 46, Status.SNAKE, 0.01
4164, 11, 67, Status.SNAKE, 0.01
4165, 14, 105, Status.SNAKE, 0.01
4166, 5, 41, Status.SNAKE, 0.01
4167, 11, 74, Status.SNAKE, 0.01
4168, 2, 12, Status.SNAKE, 0.01
4169, 0, 4, Status.WALL, 0.01
4170, 11, 88, Status.SNAKE, 0.01
4171, 2, 16, Status.SNAKE, 0.01
4172, 4, 26, Status.SNAKE, 0.01
4173, 5, 44, Status.SNAKE, 0.01
4174, 2, 17, Status.WALL, 0.01
4175, 1, 6, Status.SNAKE, 0.01
4176, 1, 7, Status.WALL, 0.01
4177, 11, 87, Status.SNAKE, 0.01
4178, 9, 66, Status.WALL, 0.01
4179, 10, 70, Status.SNAKE, 0.01
4180, 8, 55, Status.SNAKE, 0.01
4181, 2, 14, Status.SNAKE, 0.01
4182, 14, 100, Status.WALL, 0.01
4183, 3, 22, Status.SNAKE, 0.01
4184, 1, 5, Status.SNAKE, 0.01
4185, 1, 10, Status.SNAKE, 0.01
4186, 6, 51, Status.SNAKE, 0.01
4187, 14, 86, Status.SNAKE, 0.01
4188, 14, 98, Status.SNAKE, 0.01
4189, 2, 12, Status.SNAKE, 0.01
4190, 1, 8, Status.WALL, 0.01
4191, 14, 94, Status.SNAKE, 0.01
4192, 5, 41, Status.SNAKE, 0.01
4193, 5, 39, Status.SNAKE, 0.01
4194, 15, 79, Status.SNAKE, 0.01
4195, 5, 30, Status.SNAKE, 0.01
4196, 5, 31, Status.SNAKE, 0.01
4197, 11, 66, Status.SNAKE, 0.01
4198, 17, 122, Status.SNAKE, 0.01
4199, 7, 63, Status.SNAKE, 0.01
4200, 12, 90, Status.WALL, 0.01
4201, 7, 27, Status.SNAKE, 0.01
4202, 11, 101, Status.SNAKE, 0.01
4203, 12, 93, Status.SNAKE, 0.01
4204, 3, 17, Status.SNAKE, 0.01
4205, 1, 5, Status.SNAKE, 0.01
4206, 4, 20, Status.SNAKE, 0.01
4207, 10, 61, Status.SNAKE, 0.01
4208, 5, 54, Status.SNAKE, 0.01
4209, 9, 63, Status.SNAKE, 0.01
4210, 6, 51, Status.WALL, 0.01
4211, 19, 165, Status.SNAKE, 0.01
4212, 16, 112, Status.SNAKE, 0.01
4213, 16, 118, Status.SNAKE, 0.01
4214, 10, 84, Status.SNAKE, 0.01
4215, 17, 141, Status.SNAKE, 0.01
4216, 9, 69, Status.SNAKE, 0.01
4217, 11, 75, Status.SNAKE, 0.01
4218, 5, 48, Status.WALL, 0.01
4219, 8, 61, Status.SNAKE, 0.01
4220, 10, 71, Status.SNAKE, 0.01
4221, 10, 72, Status.SNAKE, 0.01
4222, 10, 79, Status.WALL, 0.01
4223, 8, 58, Status.SNAKE, 0.01
4224, 1, 7, Status.SNAKE, 0.01
4225, 3, 24, Status.WALL, 0.01
4226, 9, 54, Status.SNAKE, 0.01
4227, 7, 49, Status.SNAKE, 0.01
4228, 8, 46, Status.WALL, 0.01
4229, 8, 43, Status.SNAKE, 0.01
4230, 4, 42, Status.SNAKE, 0.01
4231, 1, 5, Status.SNAKE, 0.01
4232, 1, 10, Status.WALL, 0.01
4233, 1, 8, Status.SNAKE, 0.01
4234, 11, 70, Status.SNAKE, 0.01
4235, 9, 55, Status.SNAKE, 0.01
4236, 7, 68, Status.SNAKE, 0.01
4237, 17, 121, Status.SNAKE, 0.01
4238, 14, 102, Status.SNAKE, 0.01
4239, 2, 20, Status.WALL, 0.01
4240, 3, 16, Status.SNAKE, 0.01
4241, 5, 33, Status.SNAKE, 0.01
4242, 7, 43, Status.SNAKE, 0.01
4243, 11, 82, Status.SNAKE, 0.01
4244, 13, 89, Status.SNAKE, 0.01
4245, 5, 30, Status.SNAKE, 0.01
4246, 1, 5, Status.SNAKE, 0.01
4247, 4, 18, Status.SNAKE, 0.01
4248, 7, 37, Status.SNAKE, 0.01
4249, 10, 70, Status.SNAKE, 0.01
4250, 1, 5, Status.SNAKE, 0.01
4251, 11, 62, Status.SNAKE, 0.01
4252, 17, 151, Status.SNAKE, 0.01
4253, 5, 30, Status.SNAKE, 0.01
4254, 2, 11, Status.SNAKE, 0.01
4255, 10, 67, Status.SNAKE, 0.01
4256, 1, 13, Status.WALL, 0.01
4257, 9, 57, Status.SNAKE, 0.01
4258, 5, 32, Status.SNAKE, 0.01
4259, 9, 70, Status.SNAKE, 0.01
4260, 11, 75, Status.SNAKE, 0.01
4261, 12, 81, Status.SNAKE, 0.01
4262, 5, 42, Status.WALL, 0.01
4263, 5, 34, Status.SNAKE, 0.01
4264, 6, 30, Status.SNAKE, 0.01
4265, 6, 44, Status.SNAKE, 0.01
4266, 4, 47, Status.SNAKE, 0.01
4267, 3, 20, Status.SNAKE, 0.01
4268, 4, 27, Status.SNAKE, 0.01
4269, 16, 136, Status.SNAKE, 0.01
4270, 2, 16, Status.SNAKE, 0.01
4271, 3, 11, Status.SNAKE, 0.01
4272, 1, 3, Status.SNAKE, 0.01
4273, 5, 32, Status.SNAKE, 0.01
4274, 10, 72, Status.SNAKE, 0.01
4275, 7, 50, Status.WALL, 0.01
4276, 12, 89, Status.SNAKE, 0.01
4277, 9, 70, Status.SNAKE, 0.01
4278, 5, 40, Status.SNAKE, 0.01
4279, 5, 25, Status.SNAKE, 0.01
4280, 14, 81, Status.WALL, 0.01
4281, 9, 62, Status.SNAKE, 0.01
4282, 4, 38, Status.SNAKE, 0.01
4283, 18, 122, Status.SNAKE, 0.01
4284, 5, 42, Status.SNAKE, 0.01
4285, 1, 10, Status.WALL, 0.01
4286, 5, 27, Status.SNAKE, 0.01
4287, 3, 14, Status.WALL, 0.01
4288, 7, 69, Status.SNAKE, 0.01
4289, 11, 100, Status.SNAKE, 0.01
4290, 3, 15, Status.SNAKE, 0.01
4291, 5, 38, Status.SNAKE, 0.01
4292, 12, 90, Status.SNAKE, 0.01
4293, 3, 29, Status.WALL, 0.01
4294, 7, 52, Status.WALL, 0.01
4295, 8, 57, Status.SNAKE, 0.01
4296, 14, 86, Status.SNAKE, 0.01
4297, 1, 6, Status.SNAKE, 0.01
4298, 5, 40, Status.SNAKE, 0.01
4299, 4, 21, Status.SNAKE, 0.01
4300, 5, 47, Status.SNAKE, 0.01
4301, 25, 163, Status.SNAKE, 0.01
4302, 3, 23, Status.SNAKE, 0.01
4303, 4, 20, Status.SNAKE, 0.01
4304, 6, 32, Status.SNAKE, 0.01
4305, 6, 41, Status.SNAKE, 0.01
4306, 6, 45, Status.SNAKE, 0.01
4307, 6, 39, Status.SNAKE, 0.01
4308, 15, 112, Status.SNAKE, 0.01
4309, 4, 22, Status.SNAKE, 0.01
4310, 9, 62, Status.WALL, 0.01
4311, 11, 87, Status.WALL, 0.01
4312, 5, 35, Status.SNAKE, 0.01
4313, 8, 31, Status.WALL, 0.01
4314, 7, 50, Status.SNAKE, 0.01
4315, 14, 95, Status.SNAKE, 0.01
4316, 8, 58, Status.SNAKE, 0.01
4317, 2, 15, Status.SNAKE, 0.01
4318, 6, 46, Status.SNAKE, 0.01
4319, 8, 45, Status.WALL, 0.01
4320, 3, 25, Status.WALL, 0.01
4321, 18, 115, Status.SNAKE, 0.01
4322, 6, 41, Status.SNAKE, 0.01
4323, 3, 20, Status.SNAKE, 0.01
4324, 8, 69, Status.SNAKE, 0.01
4325, 17, 135, Status.SNAKE, 0.01
4326, 7, 53, Status.SNAKE, 0.01
4327, 7, 46, Status.SNAKE, 0.01
4328, 6, 40, Status.SNAKE, 0.01
4329, 12, 95, Status.SNAKE, 0.01
4330, 7, 55, Status.SNAKE, 0.01
4331, 10, 80, Status.SNAKE, 0.01
4332, 8, 51, Status.SNAKE, 0.01
4333, 12, 81, Status.SNAKE, 0.01
4334, 10, 62, Status.SNAKE, 0.01
4335, 2, 11, Status.WALL, 0.01
4336, 10, 59, Status.SNAKE, 0.01
4337, 7, 61, Status.SNAKE, 0.01
4338, 8, 71, Status.SNAKE, 0.01
4339, 12, 87, Status.SNAKE, 0.01
4340, 14, 104, Status.SNAKE, 0.01
4341, 11, 97, Status.SNAKE, 0.01
4342, 15, 131, Status.SNAKE, 0.01
4343, 4, 38, Status.WALL, 0.01
4344, 9, 81, Status.SNAKE, 0.01
4345, 16, 105, Status.SNAKE, 0.01
4346, 9, 66, Status.SNAKE, 0.01
4347, 8, 57, Status.SNAKE, 0.01
4348, 2, 17, Status.SNAKE, 0.01
4349, 8, 67, Status.SNAKE, 0.01
4350, 11, 72, Status.WALL, 0.01
4351, 5, 32, Status.SNAKE, 0.01
4352, 4, 32, Status.WALL, 0.01
4353, 10, 78, Status.SNAKE, 0.01
4354, 12, 74, Status.WALL, 0.01
4355, 10, 62, Status.WALL, 0.01
4356, 8, 48, Status.WALL, 0.01
4357, 9, 38, Status.SNAKE, 0.01
4358, 4, 39, Status.SNAKE, 0.01
4359, 1, 3, Status.SNAKE, 0.01
4360, 1, 8, Status.SNAKE, 0.01
4361, 8, 46, Status.SNAKE, 0.01
4362, 4, 30, Status.SNAKE, 0.01
4363, 1, 8, Status.WALL, 0.01
4364, 5, 38, Status.WALL, 0.01
4365, 6, 41, Status.SNAKE, 0.01
4366, 5, 34, Status.SNAKE, 0.01
4367, 11, 85, Status.SNAKE, 0.01
4368, 9, 45, Status.SNAKE, 0.01
4369, 11, 64, Status.SNAKE, 0.01
4370, 1, 3, Status.SNAKE, 0.01
4371, 1, 11, Status.SNAKE, 0.01
4372, 4, 38, Status.SNAKE, 0.01
4373, 4, 32, Status.SNAKE, 0.01
4374, 2, 12, Status.SNAKE, 0.01
4375, 10, 103, Status.SNAKE, 0.01
4376, 10, 48, Status.WALL, 0.01
4377, 10, 78, Status.SNAKE, 0.01
4378, 12, 74, Status.SNAKE, 0.01
4379, 1, 17, Status.WALL, 0.01
4380, 5, 26, Status.SNAKE, 0.01
4381, 9, 76, Status.SNAKE, 0.01
4382, 7, 50, Status.SNAKE, 0.01
4383, 10, 68, Status.SNAKE, 0.01
4384, 16, 128, Status.WALL, 0.01
4385, 8, 50, Status.SNAKE, 0.01
4386, 2, 13, Status.SNAKE, 0.01
4387, 3, 16, Status.SNAKE, 0.01
4388, 7, 39, Status.SNAKE, 0.01
4389, 5, 34, Status.SNAKE, 0.01
4390, 10, 81, Status.SNAKE, 0.01
4391, 14, 131, Status.SNAKE, 0.01
4392, 10, 84, Status.SNAKE, 0.01
4393, 10, 82, Status.SNAKE, 0.01
4394, 9, 62, Status.SNAKE, 0.01
4395, 5, 47, Status.WALL, 0.01
4396, 16, 109, Status.SNAKE, 0.01
4397, 4, 30, Status.WALL, 0.01
4398, 1, 10, Status.SNAKE, 0.01
4399, 15, 125, Status.SNAKE, 0.01
4400, 14, 114, Status.SNAKE, 0.01
4401, 12, 67, Status.SNAKE, 0.01
4402, 10, 64, Status.SNAKE, 0.01
4403, 4, 36, Status.SNAKE, 0.01
4404, 9, 71, Status.WALL, 0.01
4405, 1, 3, Status.SNAKE, 0.01
4406, 1, 10, Status.WALL, 0.01
4407, 12, 85, Status.WALL, 0.01
4408, 9, 48, Status.SNAKE, 0.01
4409, 11, 78, Status.SNAKE, 0.01
4410, 14, 79, Status.SNAKE, 0.01
4411, 4, 39, Status.WALL, 0.01
4412, 7, 56, Status.SNAKE, 0.01
4413, 8, 57, Status.WALL, 0.01
4414, 12, 104, Status.SNAKE, 0.01
4415, 2, 19, Status.SNAKE, 0.01
4416, 9, 55, Status.SNAKE, 0.01
4417, 10, 80, Status.SNAKE, 0.01
4418, 3, 27, Status.SNAKE, 0.01
4419, 12, 84, Status.SNAKE, 0.01
4420, 2, 14, Status.SNAKE, 0.01
4421, 10, 72, Status.SNAKE, 0.01
4422, 13, 97, Status.SNAKE, 0.01
4423, 7, 48, Status.SNAKE, 0.01
4424, 6, 37, Status.SNAKE, 0.01
4425, 10, 77, Status.SNAKE, 0.01
4426, 3, 35, Status.SNAKE, 0.01
4427, 1, 10, Status.WALL, 0.01
4428, 9, 54, Status.SNAKE, 0.01
4429, 9, 53, Status.SNAKE, 0.01
4430, 8, 60, Status.SNAKE, 0.01
4431, 5, 28, Status.SNAKE, 0.01
4432, 7, 71, Status.SNAKE, 0.01
4433, 5, 30, Status.SNAKE, 0.01
4434, 14, 101, Status.SNAKE, 0.01
4435, 9, 88, Status.SNAKE, 0.01
4436, 15, 115, Status.WALL, 0.01
4437, 8, 45, Status.SNAKE, 0.01
4438, 8, 73, Status.SNAKE, 0.01
4439, 10, 76, Status.WALL, 0.01
4440, 12, 94, Status.SNAKE, 0.01
4441, 12, 72, Status.SNAKE, 0.01
4442, 14, 98, Status.SNAKE, 0.01
4443, 5, 31, Status.SNAKE, 0.01
4444, 3, 14, Status.WALL, 0.01
4445, 5, 20, Status.SNAKE, 0.01
4446, 8, 69, Status.SNAKE, 0.01
4447, 1, 5, Status.SNAKE, 0.01
4448, 9, 67, Status.SNAKE, 0.01
4449, 2, 11, Status.WALL, 0.01
4450, 6, 33, Status.SNAKE, 0.01
4451, 12, 70, Status.WALL, 0.01
4452, 12, 91, Status.SNAKE, 0.01
4453, 11, 79, Status.SNAKE, 0.01
4454, 9, 43, Status.SNAKE, 0.01
4455, 15, 100, Status.SNAKE, 0.01
4456, 5, 33, Status.SNAKE, 0.01
4457, 8, 59, Status.SNAKE, 0.01
4458, 12, 88, Status.SNAKE, 0.01
4459, 8, 52, Status.SNAKE, 0.01
4460, 12, 76, Status.SNAKE, 0.01
4461, 9, 64, Status.SNAKE, 0.01
4462, 5, 38, Status.SNAKE, 0.01
4463, 11, 86, Status.WALL, 0.01
4464, 1, 10, Status.WALL, 0.01
4465, 6, 35, Status.SNAKE, 0.01
4466, 3, 12, Status.SNAKE, 0.01
4467, 4, 26, Status.SNAKE, 0.01
4468, 23, 168, Status.SNAKE, 0.01
4469, 9, 79, Status.SNAKE, 0.01
4470, 4, 23, Status.SNAKE, 0.01
4471, 2, 9, Status.SNAKE, 0.01
4472, 2, 10, Status.WALL, 0.01
4473, 4, 33, Status.SNAKE, 0.01
4474, 6, 44, Status.SNAKE, 0.01
4475, 13, 127, Status.SNAKE, 0.01
4476, 1, 10, Status.WALL, 0.01
4477, 8, 51, Status.SNAKE, 0.01
4478, 8, 59, Status.SNAKE, 0.01
4479, 16, 82, Status.SNAKE, 0.01
4480, 17, 111, Status.SNAKE, 0.01
4481, 14, 106, Status.SNAKE, 0.01
4482, 9, 57, Status.WALL, 0.01
4483, 5, 34, Status.SNAKE, 0.01
4484, 16, 106, Status.SNAKE, 0.01
4485, 11, 83, Status.SNAKE, 0.01
4486, 17, 128, Status.SNAKE, 0.01
4487, 9, 58, Status.SNAKE, 0.01
4488, 16, 160, Status.SNAKE, 0.01
4489, 9, 70, Status.WALL, 0.01
4490, 7, 41, Status.SNAKE, 0.01
4491, 6, 43, Status.SNAKE, 0.01
4492, 16, 99, Status.SNAKE, 0.01
4493, 2, 21, Status.SNAKE, 0.01
4494, 11, 61, Status.SNAKE, 0.01
4495, 3, 18, Status.SNAKE, 0.01
4496, 9, 66, Status.SNAKE, 0.01
4497, 13, 98, Status.SNAKE, 0.01
4498, 2, 9, Status.SNAKE, 0.01
4499, 13, 89, Status.SNAKE, 0.01
4500, 12, 95, Status.SNAKE, 0.01
4501, 12, 69, Status.SNAKE, 0.01
4502, 4, 21, Status.SNAKE, 0.01
4503, 8, 65, Status.SNAKE, 0.01
4504, 5, 27, Status.SNAKE, 0.01
4505, 5, 44, Status.SNAKE, 0.01
4506, 12, 91, Status.SNAKE, 0.01
4507, 9, 92, Status.SNAKE, 0.01
4508, 13, 76, Status.SNAKE, 0.01
4509, 11, 70, Status.WALL, 0.01
4510, 9, 42, Status.SNAKE, 0.01
4511, 3, 23, Status.SNAKE, 0.01
4512, 11, 67, Status.SNAKE, 0.01
4513, 13, 82, Status.SNAKE, 0.01
4514, 7, 66, Status.SNAKE, 0.01
4515, 1, 13, Status.WALL, 0.01
4516, 7, 48, Status.WALL, 0.01
4517, 9, 53, Status.SNAKE, 0.01
4518, 5, 38, Status.SNAKE, 0.01
4519, 11, 79, Status.WALL, 0.01
4520, 9, 74, Status.SNAKE, 0.01
4521, 13, 68, Status.SNAKE, 0.01
4522, 9, 63, Status.SNAKE, 0.01
4523, 10, 71, Status.SNAKE, 0.01
4524, 12, 81, Status.SNAKE, 0.01
4525, 15, 94, Status.SNAKE, 0.01
4526, 9, 56, Status.SNAKE, 0.01
4527, 16, 105, Status.SNAKE, 0.01
4528, 9, 79, Status.SNAKE, 0.01
4529, 6, 34, Status.SNAKE, 0.01
4530, 14, 97, Status.SNAKE, 0.01
4531, 7, 50, Status.SNAKE, 0.01
4532, 3, 15, Status.SNAKE, 0.01
4533, 10, 83, Status.WALL, 0.01
4534, 1, 9, Status.WALL, 0.01
4535, 12, 80, Status.SNAKE, 0.01
4536, 1, 3, Status.SNAKE, 0.01
4537, 1, 5, Status.SNAKE, 0.01
4538, 7, 45, Status.SNAKE, 0.01
4539, 13, 90, Status.SNAKE, 0.01
4540, 9, 58, Status.SNAKE, 0.01
4541, 5, 35, Status.WALL, 0.01
4542, 7, 37, Status.SNAKE, 0.01
4543, 3, 23, Status.SNAKE, 0.01
4544, 10, 84, Status.SNAKE, 0.01
4545, 15, 86, Status.WALL, 0.01
4546, 20, 162, Status.SNAKE, 0.01
4547, 16, 153, Status.SNAKE, 0.01
4548, 12, 110, Status.SNAKE, 0.01
4549, 10, 67, Status.SNAKE, 0.01
4550, 6, 42, Status.SNAKE, 0.01
4551, 6, 24, Status.SNAKE, 0.01
4552, 2, 14, Status.WALL, 0.01
4553, 14, 88, Status.SNAKE, 0.01
4554, 4, 27, Status.SNAKE, 0.01
4555, 9, 77, Status.SNAKE, 0.01
4556, 9, 66, Status.WALL, 0.01
4557, 5, 40, Status.SNAKE, 0.01
4558, 16, 128, Status.SNAKE, 0.01
4559, 12, 98, Status.SNAKE, 0.01
4560, 7, 23, Status.WALL, 0.01
4561, 0, 7, Status.WALL, 0.01
4562, 17, 103, Status.SNAKE, 0.01
4563, 13, 102, Status.SNAKE, 0.01
4564, 10, 73, Status.SNAKE, 0.01
4565, 16, 108, Status.SNAKE, 0.01
4566, 9, 67, Status.SNAKE, 0.01
4567, 8, 45, Status.WALL, 0.01
4568, 15, 131, Status.SNAKE, 0.01
4569, 13, 93, Status.SNAKE, 0.01
4570, 10, 61, Status.SNAKE, 0.01
4571, 1, 7, Status.SNAKE, 0.01
4572, 2, 7, Status.SNAKE, 0.01
4573, 7, 52, Status.SNAKE, 0.01
4574, 12, 59, Status.SNAKE, 0.01
4575, 7, 35, Status.SNAKE, 0.01
4576, 5, 47, Status.SNAKE, 0.01
4577, 5, 22, Status.WALL, 0.01
4578, 10, 55, Status.SNAKE, 0.01
4579, 8, 52, Status.WALL, 0.01
4580, 7, 44, Status.SNAKE, 0.01
4581, 6, 34, Status.SNAKE, 0.01
4582, 13, 87, Status.SNAKE, 0.01
4583, 9, 79, Status.SNAKE, 0.01
4584, 9, 54, Status.SNAKE, 0.01
4585, 3, 29, Status.SNAKE, 0.01
4586, 10, 48, Status.WALL, 0.01
4587, 7, 41, Status.SNAKE, 0.01
4588, 6, 39, Status.SNAKE, 0.01
4589, 3, 23, Status.SNAKE, 0.01
4590, 9, 60, Status.SNAKE, 0.01
4591, 10, 55, Status.SNAKE, 0.01
4592, 19, 144, Status.SNAKE, 0.01
4593, 12, 66, Status.SNAKE, 0.01
4594, 19, 145, Status.SNAKE, 0.01
4595, 14, 129, Status.SNAKE, 0.01
4596, 7, 55, Status.WALL, 0.01
4597, 10, 82, Status.SNAKE, 0.01
4598, 9, 82, Status.SNAKE, 0.01
4599, 4, 27, Status.SNAKE, 0.01
4600, 6, 28, Status.SNAKE, 0.01
4601, 6, 43, Status.SNAKE, 0.01
4602, 15, 87, Status.SNAKE, 0.01
4603, 7, 40, Status.SNAKE, 0.01
4604, 2, 14, Status.WALL, 0.01
4605, 13, 73, Status.SNAKE, 0.01
4606, 7, 51, Status.SNAKE, 0.01
4607, 7, 64, Status.SNAKE, 0.01
4608, 2, 14, Status.WALL, 0.01
4609, 8, 77, Status.SNAKE, 0.01
4610, 5, 25, Status.SNAKE, 0.01
4611, 12, 84, Status.WALL, 0.01
4612, 22, 142, Status.SNAKE, 0.01
4613, 1, 7, Status.SNAKE, 0.01
4614, 5, 37, Status.WALL, 0.01
4615, 6, 31, Status.WALL, 0.01
4616, 6, 48, Status.SNAKE, 0.01
4617, 8, 68, Status.SNAKE, 0.01
4618, 13, 94, Status.SNAKE, 0.01
4619, 4, 21, Status.SNAKE, 0.01
4620, 3, 31, Status.WALL, 0.01
4621, 18, 153, Status.SNAKE, 0.01
4622, 6, 36, Status.WALL, 0.01
4623, 13, 81, Status.SNAKE, 0.01
4624, 6, 38, Status.WALL, 0.01
4625, 17, 141, Status.SNAKE, 0.01
4626, 9, 61, Status.WALL, 0.01
4627, 18, 140, Status.WALL, 0.01
4628, 6, 40, Status.SNAKE, 0.01
4629, 2, 18, Status.SNAKE, 0.01
4630, 4, 25, Status.SNAKE, 0.01
4631, 11, 80, Status.WALL, 0.01
4632, 11, 65, Status.WALL, 0.01
4633, 5, 52, Status.SNAKE, 0.01
4634, 19, 130, Status.SNAKE, 0.01
4635, 14, 110, Status.SNAKE, 0.01
4636, 7, 54, Status.SNAKE, 0.01
4637, 13, 83, Status.SNAKE, 0.01
4638, 14, 83, Status.SNAKE, 0.01
4639, 11, 56, Status.SNAKE, 0.01
4640, 8, 53, Status.SNAKE, 0.01
4641, 5, 41, Status.SNAKE, 0.01
4642, 12, 89, Status.WALL, 0.01
4643, 4, 25, Status.SNAKE, 0.01
4644, 5, 39, Status.SNAKE, 0.01
4645, 17, 112, Status.SNAKE, 0.01
4646, 9, 62, Status.WALL, 0.01
4647, 5, 51, Status.SNAKE, 0.01
4648, 17, 93, Status.WALL, 0.01
4649, 10, 88, Status.SNAKE, 0.01
4650, 5, 55, Status.WALL, 0.01
4651, 10, 59, Status.SNAKE, 0.01
4652, 6, 46, Status.SNAKE, 0.01
4653, 5, 23, Status.SNAKE, 0.01
4654, 12, 71, Status.WALL, 0.01
4655, 12, 72, Status.SNAKE, 0.01
4656, 8, 52, Status.SNAKE, 0.01
4657, 11, 86, Status.SNAKE, 0.01
4658, 11, 74, Status.SNAKE, 0.01
4659, 10, 54, Status.SNAKE, 0.01
4660, 8, 62, Status.SNAKE, 0.01
4661, 2, 5, Status.SNAKE, 0.01
4662, 20, 114, Status.SNAKE, 0.01
4663, 1, 18, Status.WALL, 0.01
4664, 6, 40, Status.SNAKE, 0.01
4665, 12, 100, Status.SNAKE, 0.01
4666, 2, 10, Status.SNAKE, 0.01
4667, 11, 68, Status.SNAKE, 0.01
4668, 10, 70, Status.SNAKE, 0.01
4669, 6, 40, Status.WALL, 0.01
4670, 7, 49, Status.SNAKE, 0.01
4671, 16, 134, Status.SNAKE, 0.01
4672, 13, 91, Status.SNAKE, 0.01
4673, 3, 16, Status.SNAKE, 0.01
4674, 7, 56, Status.SNAKE, 0.01
4675, 5, 37, Status.WALL, 0.01
4676, 10, 60, Status.SNAKE, 0.01
4677, 3, 14, Status.SNAKE, 0.01
4678, 9, 77, Status.SNAKE, 0.01
4679, 11, 68, Status.SNAKE, 0.01
4680, 14, 111, Status.SNAKE, 0.01
4681, 10, 59, Status.SNAKE, 0.01
4682, 9, 88, Status.WALL, 0.01
4683, 9, 68, Status.SNAKE, 0.01
4684, 8, 55, Status.WALL, 0.01
4685, 5, 36, Status.WALL, 0.01
4686, 9, 52, Status.SNAKE, 0.01
4687, 6, 45, Status.SNAKE, 0.01
4688, 14, 100, Status.WALL, 0.01
4689, 6, 55, Status.SNAKE, 0.01
4690, 21, 135, Status.SNAKE, 0.01
4691, 6, 30, Status.SNAKE, 0.01
4692, 10, 78, Status.WALL, 0.01
4693, 12, 81, Status.SNAKE, 0.01
4694, 7, 55, Status.SNAKE, 0.01
4695, 16, 129, Status.SNAKE, 0.01
4696, 5, 34, Status.SNAKE, 0.01
4697, 5, 29, Status.SNAKE, 0.01
4698, 10, 57, Status.SNAKE, 0.01
4699, 8, 66, Status.SNAKE, 0.01
4700, 0, 8, Status.WALL, 0.01
4701, 15, 121, Status.WALL, 0.01
4702, 9, 69, Status.SNAKE, 0.01
4703, 6, 49, Status.SNAKE, 0.01
4704, 14, 96, Status.SNAKE, 0.01
4705, 8, 62, Status.SNAKE, 0.01
4706, 3, 12, Status.WALL, 0.01
4707, 12, 75, Status.SNAKE, 0.01
4708, 9, 56, Status.SNAKE, 0.01
4709, 8, 69, Status.WALL, 0.01
4710, 16, 99, Status.SNAKE, 0.01
4711, 8, 65, Status.SNAKE, 0.01
4712, 8, 54, Status.SNAKE, 0.01
4713, 13, 76, Status.SNAKE, 0.01
4714, 5, 27, Status.SNAKE, 0.01
4715, 1, 3, Status.SNAKE, 0.01
4716, 2, 19, Status.SNAKE, 0.01
4717, 6, 33, Status.SNAKE, 0.01
4718, 9, 47, Status.SNAKE, 0.01
4719, 2, 10, Status.SNAKE, 0.01
4720, 10, 61, Status.SNAKE, 0.01
4721, 13, 71, Status.SNAKE, 0.01
4722, 10, 66, Status.SNAKE, 0.01
4723, 10, 61, Status.SNAKE, 0.01
4724, 8, 52, Status.SNAKE, 0.01
4725, 10, 72, Status.SNAKE, 0.01
4726, 6, 46, Status.WALL, 0.01
4727, 8, 66, Status.SNAKE, 0.01
4728, 9, 66, Status.SNAKE, 0.01
4729, 14, 108, Status.SNAKE, 0.01
4730, 6, 60, Status.SNAKE, 0.01
4731, 14, 123, Status.SNAKE, 0.01
4732, 9, 70, Status.SNAKE, 0.01
4733, 7, 44, Status.SNAKE, 0.01
4734, 11, 80, Status.SNAKE, 0.01
4735, 11, 86, Status.SNAKE, 0.01
4736, 4, 28, Status.SNAKE, 0.01
4737, 11, 81, Status.SNAKE, 0.01
4738, 10, 94, Status.SNAKE, 0.01
4739, 12, 91, Status.SNAKE, 0.01
4740, 4, 25, Status.SNAKE, 0.01
4741, 14, 74, Status.SNAKE, 0.01
4742, 3, 23, Status.SNAKE, 0.01
4743, 20, 164, Status.SNAKE, 0.01
4744, 9, 77, Status.SNAKE, 0.01
4745, 2, 6, Status.SNAKE, 0.01
4746, 6, 36, Status.WALL, 0.01
4747, 7, 63, Status.SNAKE, 0.01
4748, 13, 96, Status.SNAKE, 0.01
4749, 9, 51, Status.SNAKE, 0.01
4750, 13, 78, Status.SNAKE, 0.01
4751, 10, 88, Status.SNAKE, 0.01
4752, 6, 63, Status.SNAKE, 0.01
4753, 10, 65, Status.SNAKE, 0.01
4754, 11, 77, Status.SNAKE, 0.01
4755, 9, 62, Status.WALL, 0.01
4756, 4, 29, Status.SNAKE, 0.01
4757, 13, 89, Status.SNAKE, 0.01
4758, 1, 3, Status.SNAKE, 0.01
4759, 6, 50, Status.WALL, 0.01
4760, 15, 114, Status.WALL, 0.01
4761, 13, 83, Status.SNAKE, 0.01
4762, 7, 47, Status.WALL, 0.01
4763, 8, 55, Status.SNAKE, 0.01
4764, 7, 49, Status.SNAKE, 0.01
4765, 13, 100, Status.SNAKE, 0.01
4766, 7, 51, Status.SNAKE, 0.01
4767, 13, 93, Status.SNAKE, 0.01
4768, 5, 24, Status.SNAKE, 0.01
4769, 8, 69, Status.SNAKE, 0.01
4770, 8, 50, Status.WALL, 0.01
4771, 10, 101, Status.SNAKE, 0.01
4772, 2, 14, Status.WALL, 0.01
4773, 6, 29, Status.SNAKE, 0.01
4774, 5, 32, Status.SNAKE, 0.01
4775, 6, 54, Status.WALL, 0.01
4776, 12, 81, Status.SNAKE, 0.01
4777, 10, 62, Status.SNAKE, 0.01
4778, 10, 76, Status.SNAKE, 0.01
4779, 12, 74, Status.SNAKE, 0.01
4780, 8, 55, Status.SNAKE, 0.01
4781, 11, 89, Status.SNAKE, 0.01
4782, 9, 60, Status.SNAKE, 0.01
4783, 8, 42, Status.SNAKE, 0.01
4784, 1, 8, Status.WALL, 0.01
4785, 9, 60, Status.WALL, 0.01
4786, 5, 60, Status.SNAKE, 0.01
4787, 17, 93, Status.SNAKE, 0.01
4788, 16, 94, Status.SNAKE, 0.01
4789, 8, 37, Status.SNAKE, 0.01
4790, 5, 43, Status.WALL, 0.01
4791, 6, 28, Status.WALL, 0.01
4792, 10, 61, Status.SNAKE, 0.01
4793, 3, 21, Status.WALL, 0.01
4794, 6, 53, Status.SNAKE, 0.01
4795, 5, 41, Status.SNAKE, 0.01
4796, 8, 52, Status.SNAKE, 0.01
4797, 3, 22, Status.SNAKE, 0.01
4798, 9, 60, Status.SNAKE, 0.01
4799, 7, 54, Status.SNAKE, 0.01
4800, 3, 9, Status.WALL, 0.01
4801, 6, 43, Status.SNAKE, 0.01
4802, 7, 44, Status.SNAKE, 0.01
4803, 13, 75, Status.SNAKE, 0.01
4804, 3, 21, Status.SNAKE, 0.01
4805, 4, 34, Status.WALL, 0.01
4806, 16, 99, Status.SNAKE, 0.01
4807, 15, 113, Status.WALL, 0.01
4808, 18, 127, Status.SNAKE, 0.01
4809, 9, 48, Status.SNAKE, 0.01
4810, 5, 24, Status.SNAKE, 0.01
4811, 10, 57, Status.SNAKE, 0.01
4812, 14, 80, Status.SNAKE, 0.01
4813, 7, 25, Status.SNAKE, 0.01
4814, 1, 15, Status.WALL, 0.01
4815, 11, 86, Status.WALL, 0.01
4816, 10, 55, Status.SNAKE, 0.01
4817, 11, 75, Status.SNAKE, 0.01
4818, 6, 29, Status.SNAKE, 0.01
4819, 10, 53, Status.SNAKE, 0.01
4820, 8, 49, Status.SNAKE, 0.01
4821, 8, 62, Status.SNAKE, 0.01
4822, 9, 70, Status.WALL, 0.01
4823, 11, 64, Status.SNAKE, 0.01
4824, 17, 123, Status.WALL, 0.01
4825, 5, 38, Status.SNAKE, 0.01
4826, 8, 74, Status.SNAKE, 0.01
4827, 7, 47, Status.SNAKE, 0.01
4828, 11, 73, Status.SNAKE, 0.01
4829, 8, 49, Status.SNAKE, 0.01
4830, 12, 80, Status.SNAKE, 0.01
4831, 15, 118, Status.SNAKE, 0.01
4832, 1, 18, Status.WALL, 0.01
4833, 7, 64, Status.WALL, 0.01
4834, 11, 91, Status.SNAKE, 0.01
4835, 11, 66, Status.SNAKE, 0.01
4836, 9, 53, Status.SNAKE, 0.01
4837, 8, 42, Status.WALL, 0.01
4838, 5, 40, Status.SNAKE, 0.01
4839, 2, 12, Status.SNAKE, 0.01
4840, 11, 67, Status.WALL, 0.01
4841, 11, 86, Status.SNAKE, 0.01
4842, 10, 82, Status.SNAKE, 0.01
4843, 8, 34, Status.SNAKE, 0.01
4844, 10, 57, Status.SNAKE, 0.01
4845, 7, 37, Status.SNAKE, 0.01
4846, 2, 13, Status.SNAKE, 0.01
4847, 12, 79, Status.SNAKE, 0.01
4848, 7, 26, Status.SNAKE, 0.01
4849, 14, 81, Status.WALL, 0.01
4850, 8, 57, Status.SNAKE, 0.01
4851, 9, 55, Status.SNAKE, 0.01
4852, 7, 55, Status.SNAKE, 0.01
4853, 11, 71, Status.SNAKE, 0.01
4854, 7, 38, Status.SNAKE, 0.01
4855, 15, 112, Status.SNAKE, 0.01
4856, 4, 25, Status.WALL, 0.01
4857, 9, 56, Status.WALL, 0.01
4858, 15, 113, Status.SNAKE, 0.01
4859, 11, 104, Status.SNAKE, 0.01
4860, 4, 21, Status.SNAKE, 0.01
4861, 10, 49, Status.SNAKE, 0.01
4862, 7, 66, Status.SNAKE, 0.01
4863, 7, 47, Status.WALL, 0.01
4864, 9, 60, Status.SNAKE, 0.01
4865, 5, 37, Status.WALL, 0.01
4866, 13, 93, Status.SNAKE, 0.01
4867, 11, 77, Status.SNAKE, 0.01
4868, 17, 108, Status.SNAKE, 0.01
4869, 2, 3, Status.SNAKE, 0.01
4870, 7, 50, Status.SNAKE, 0.01
4871, 16, 117, Status.SNAKE, 0.01
4872, 2, 18, Status.SNAKE, 0.01
4873, 14, 99, Status.SNAKE, 0.01
4874, 12, 71, Status.SNAKE, 0.01
4875, 10, 78, Status.SNAKE, 0.01
4876, 10, 62, Status.SNAKE, 0.01
4877, 11, 77, Status.SNAKE, 0.01
4878, 8, 57, Status.SNAKE, 0.01
4879, 4, 22, Status.SNAKE, 0.01
4880, 10, 93, Status.SNAKE, 0.01
4881, 11, 84, Status.SNAKE, 0.01
4882, 16, 99, Status.SNAKE, 0.01
4883, 1, 3, Status.SNAKE, 0.01
4884, 8, 55, Status.SNAKE, 0.01
4885, 4, 19, Status.SNAKE, 0.01
4886, 9, 44, Status.SNAKE, 0.01
4887, 12, 71, Status.SNAKE, 0.01
4888, 10, 63, Status.SNAKE, 0.01
4889, 11, 89, Status.SNAKE, 0.01
4890, 9, 38, Status.SNAKE, 0.01
4891, 3, 26, Status.WALL, 0.01
4892, 6, 39, Status.WALL, 0.01
4893, 8, 52, Status.WALL, 0.01
4894, 6, 39, Status.SNAKE, 0.01
4895, 2, 20, Status.WALL, 0.01
4896, 9, 50, Status.SNAKE, 0.01
4897, 9, 65, Status.SNAKE, 0.01
4898, 9, 68, Status.SNAKE, 0.01
4899, 9, 57, Status.SNAKE, 0.01
4900, 6, 41, Status.SNAKE, 0.01
4901, 7, 62, Status.SNAKE, 0.01
4902, 9, 57, Status.SNAKE, 0.01
4903, 18, 119, Status.SNAKE, 0.01
4904, 7, 76, Status.SNAKE, 0.01
4905, 6, 55, Status.SNAKE, 0.01
4906, 17, 89, Status.SNAKE, 0.01
4907, 6, 47, Status.WALL, 0.01
4908, 17, 116, Status.SNAKE, 0.01
4909, 7, 51, Status.SNAKE, 0.01
4910, 5, 41, Status.SNAKE, 0.01
4911, 15, 93, Status.SNAKE, 0.01
4912, 5, 37, Status.SNAKE, 0.01
4913, 9, 72, Status.WALL, 0.01
4914, 10, 77, Status.SNAKE, 0.01
4915, 10, 64, Status.SNAKE, 0.01
4916, 11, 57, Status.SNAKE, 0.01
4917, 10, 85, Status.SNAKE, 0.01
4918, 10, 70, Status.SNAKE, 0.01
4919, 8, 65, Status.SNAKE, 0.01
4920, 1, 8, Status.WALL, 0.01
4921, 3, 24, Status.SNAKE, 0.01
4922, 7, 58, Status.SNAKE, 0.01
4923, 1, 5, Status.SNAKE, 0.01
4924, 12, 83, Status.SNAKE, 0.01
4925, 6, 33, Status.WALL, 0.01
4926, 10, 59, Status.WALL, 0.01
4927, 9, 69, Status.WALL, 0.01
4928, 3, 18, Status.WALL, 0.01
4929, 5, 24, Status.WALL, 0.01
4930, 9, 69, Status.SNAKE, 0.01
4931, 4, 41, Status.SNAKE, 0.01
4932, 6, 55, Status.SNAKE, 0.01
4933, 11, 59, Status.SNAKE, 0.01
4934, 7, 49, Status.SNAKE, 0.01
4935, 11, 64, Status.SNAKE, 0.01
4936, 10, 40, Status.WALL, 0.01
4937, 2, 14, Status.SNAKE, 0.01
4938, 13, 95, Status.SNAKE, 0.01
4939, 6, 57, Status.SNAKE, 0.01
4940, 17, 121, Status.WALL, 0.01
4941, 13, 106, Status.SNAKE, 0.01
4942, 6, 53, Status.SNAKE, 0.01
4943, 14, 76, Status.SNAKE, 0.01
4944, 15, 120, Status.SNAKE, 0.01
4945, 4, 24, Status.SNAKE, 0.01
4946, 11, 63, Status.SNAKE, 0.01
4947, 9, 72, Status.SNAKE, 0.01
4948, 11, 81, Status.SNAKE, 0.01
4949, 5, 33, Status.SNAKE, 0.01
4950, 12, 92, Status.SNAKE, 0.01
4951, 8, 54, Status.SNAKE, 0.01
4952, 7, 43, Status.SNAKE, 0.01
4953, 19, 136, Status.SNAKE, 0.01
4954, 11, 61, Status.SNAKE, 0.01
4955, 2, 18, Status.WALL, 0.01
4956, 8, 66, Status.SNAKE, 0.01
4957, 5, 15, Status.SNAKE, 0.01
4958, 7, 43, Status.WALL, 0.01
4959, 12, 70, Status.SNAKE, 0.01
4960, 9, 58, Status.SNAKE, 0.01
4961, 2, 16, Status.SNAKE, 0.01
4962, 5, 36, Status.SNAKE, 0.01
4963, 7, 36, Status.SNAKE, 0.01
4964, 9, 65, Status.SNAKE, 0.01
4965, 6, 35, Status.SNAKE, 0.01
4966, 14, 114, Status.WALL, 0.01
4967, 10, 96, Status.SNAKE, 0.01
4968, 4, 30, Status.SNAKE, 0.01
4969, 9, 54, Status.SNAKE, 0.01
4970, 7, 33, Status.SNAKE, 0.01
4971, 15, 97, Status.SNAKE, 0.01
4972, 3, 46, Status.WALL, 0.01
4973, 10, 76, Status.WALL, 0.01
4974, 9, 79, Status.SNAKE, 0.01
4975, 3, 19, Status.SNAKE, 0.01
4976, 3, 31, Status.WALL, 0.01
4977, 9, 66, Status.SNAKE, 0.01
4978, 7, 51, Status.SNAKE, 0.01
4979, 8, 57, Status.SNAKE, 0.01
4980, 9, 52, Status.SNAKE, 0.01
4981, 10, 67, Status.SNAKE, 0.01
4982, 11, 70, Status.WALL, 0.01
4983, 7, 40, Status.SNAKE, 0.01
4984, 10, 75, Status.SNAKE, 0.01
4985, 11, 86, Status.SNAKE, 0.01
4986, 6, 50, Status.SNAKE, 0.01
4987, 8, 54, Status.SNAKE, 0.01
4988, 20, 140, Status.SNAKE, 0.01
4989, 8, 60, Status.SNAKE, 0.01
4990, 14, 104, Status.WALL, 0.01
4991, 17, 103, Status.WALL, 0.01
4992, 11, 77, Status.SNAKE, 0.01
4993, 7, 37, Status.SNAKE, 0.01
4994, 5, 38, Status.SNAKE, 0.01
4995, 12, 70, Status.WALL, 0.01
4996, 11, 77, Status.SNAKE, 0.01
4997, 15, 110, Status.SNAKE, 0.01
4998, 11, 83, Status.WALL, 0.01
4999, 4, 33, Status.WALL, 0.01
5000, 13, 94, Status.SNAKE, 0.01
5001, 14, 77, Status.SNAKE, 0.01
5002, 9, 59, Status.SNAKE, 0.01
5003, 9, 56, Status.SNAKE, 0.01
5004, 9, 68, Status.SNAKE, 0.01
5005, 6, 28, Status.SNAKE, 0.01
5006, 16, 104, Status.SNAKE, 0.01
5007, 10, 78, Status.SNAKE, 0.01
5008, 14, 71, Status.SNAKE, 0.01
5009, 21, 139, Status.SNAKE, 0.01
5010, 15, 106, Status.SNAKE, 0.01
5011, 13, 82, Status.WALL, 0.01
5012, 12, 74, Status.SNAKE, 0.01
5013, 16, 103, Status.SNAKE, 0.01
5014, 9, 50, Status.WALL, 0.01
5015, 4, 25, Status.SNAKE, 0.01
5016, 15, 102, Status.SNAKE, 0.01
5017, 4, 25, Status.WALL, 0.01
5018, 10, 59, Status.WALL, 0.01
5019, 15, 94, Status.SNAKE, 0.01
5020, 13, 118, Status.SNAKE, 0.01
5021, 2, 17, Status.WALL, 0.01
5022, 6, 38, Status.SNAKE, 0.01
5023, 8, 44, Status.SNAKE, 0.01
5024, 10, 61, Status.SNAKE, 0.01
5025, 13, 128, Status.WALL, 0.01
5026, 10, 73, Status.SNAKE, 0.01
5027, 4, 35, Status.SNAKE, 0.01
5028, 10, 62, Status.WALL, 0.01
5029, 7, 46, Status.WALL, 0.01
5030, 3, 16, Status.SNAKE, 0.01
5031, 6, 38, Status.SNAKE, 0.01
5032, 7, 70, Status.SNAKE, 0.01
5033, 2, 5, Status.SNAKE, 0.01
5034, 11, 87, Status.WALL, 0.01
5035, 2, 17, Status.WALL, 0.01
5036, 4, 22, Status.SNAKE, 0.01
5037, 12, 103, Status.SNAKE, 0.01
5038, 13, 88, Status.SNAKE, 0.01
5039, 11, 86, Status.SNAKE, 0.01
5040, 2, 15, Status.SNAKE, 0.01
5041, 6, 58, Status.SNAKE, 0.01
5042, 1, 8, Status.WALL, 0.01
5043, 7, 41, Status.SNAKE, 0.01
5044, 10, 67, Status.WALL, 0.01
5045, 9, 49, Status.SNAKE, 0.01
5046, 9, 58, Status.SNAKE, 0.01
5047, 13, 103, Status.SNAKE, 0.01
5048, 10, 63, Status.SNAKE, 0.01
5049, 3, 18, Status.SNAKE, 0.01
5050, 6, 43, Status.SNAKE, 0.01
5051, 3, 11, Status.WALL, 0.01
5052, 5, 31, Status.SNAKE, 0.01
5053, 6, 33, Status.SNAKE, 0.01
5054, 8, 71, Status.SNAKE, 0.01
5055, 10, 93, Status.SNAKE, 0.01
5056, 5, 23, Status.WALL, 0.01
5057, 6, 46, Status.SNAKE, 0.01
5058, 6, 49, Status.SNAKE, 0.01
5059, 15, 92, Status.SNAKE, 0.01
5060, 6, 45, Status.SNAKE, 0.01
5061, 8, 49, Status.SNAKE, 0.01
5062, 6, 54, Status.WALL, 0.01
5063, 5, 37, Status.SNAKE, 0.01
5064, 14, 82, Status.SNAKE, 0.01
5065, 15, 103, Status.SNAKE, 0.01
5066, 6, 46, Status.WALL, 0.01
5067, 5, 31, Status.SNAKE, 0.01
5068, 8, 69, Status.WALL, 0.01
5069, 4, 17, Status.SNAKE, 0.01
5070, 14, 108, Status.SNAKE, 0.01
5071, 6, 55, Status.SNAKE, 0.01
5072, 5, 44, Status.WALL, 0.01
5073, 5, 50, Status.WALL, 0.01
5074, 13, 87, Status.SNAKE, 0.01
5075, 6, 41, Status.SNAKE, 0.01
5076, 9, 75, Status.SNAKE, 0.01
5077, 8, 60, Status.WALL, 0.01
5078, 4, 19, Status.WALL, 0.01
5079, 2, 9, Status.SNAKE, 0.01
5080, 9, 51, Status.SNAKE, 0.01
5081, 8, 31, Status.WALL, 0.01
5082, 6, 34, Status.SNAKE, 0.01
5083, 5, 35, Status.SNAKE, 0.01
5084, 6, 50, Status.WALL, 0.01
5085, 6, 21, Status.SNAKE, 0.01
5086, 5, 33, Status.SNAKE, 0.01
5087, 3, 30, Status.SNAKE, 0.01
5088, 2, 12, Status.WALL, 0.01
5089, 4, 28, Status.SNAKE, 0.01
5090, 5, 32, Status.SNAKE, 0.01
5091, 10, 75, Status.SNAKE, 0.01
5092, 5, 41, Status.SNAKE, 0.01
5093, 9, 65, Status.SNAKE, 0.01
5094, 4, 41, Status.WALL, 0.01
5095, 22, 164, Status.SNAKE, 0.01
5096, 13, 90, Status.SNAKE, 0.01
5097, 9, 43, Status.SNAKE, 0.01
5098, 10, 78, Status.SNAKE, 0.01
5099, 9, 51, Status.SNAKE, 0.01
5100, 5, 65, Status.SNAKE, 0.01
5101, 20, 163, Status.SNAKE, 0.01
5102, 9, 70, Status.SNAKE, 0.01
5103, 9, 82, Status.WALL, 0.01
5104, 7, 61, Status.SNAKE, 0.01
5105, 8, 45, Status.SNAKE, 0.01
5106, 9, 64, Status.WALL, 0.01
5107, 19, 135, Status.SNAKE, 0.01
5108, 10, 65, Status.SNAKE, 0.01
5109, 8, 60, Status.SNAKE, 0.01
5110, 10, 75, Status.WALL, 0.01
5111, 5, 34, Status.SNAKE, 0.01
5112, 10, 74, Status.SNAKE, 0.01
5113, 20, 167, Status.SNAKE, 0.01
5114, 11, 85, Status.SNAKE, 0.01
5115, 2, 19, Status.SNAKE, 0.01
5116, 5, 36, Status.SNAKE, 0.01
5117, 8, 67, Status.SNAKE, 0.01
5118, 3, 17, Status.WALL, 0.01
5119, 17, 123, Status.SNAKE, 0.01
5120, 10, 70, Status.SNAKE, 0.01
5121, 12, 62, Status.SNAKE, 0.01
5122, 10, 67, Status.SNAKE, 0.01
5123, 2, 7, Status.WALL, 0.01
5124, 4, 27, Status.SNAKE, 0.01
5125, 22, 156, Status.SNAKE, 0.01
5126, 6, 37, Status.SNAKE, 0.01
5127, 1, 5, Status.SNAKE, 0.01
5128, 5, 34, Status.WALL, 0.01
5129, 7, 38, Status.SNAKE, 0.01
5130, 4, 20, Status.SNAKE, 0.01
5131, 2, 21, Status.SNAKE, 0.01
5132, 1, 3, Status.SNAKE, 0.01
5133, 5, 32, Status.WALL, 0.01
5134, 5, 30, Status.SNAKE, 0.01
5135, 6, 34, Status.SNAKE, 0.01
5136, 16, 134, Status.SNAKE, 0.01
5137, 6, 35, Status.SNAKE, 0.01
5138, 15, 98, Status.WALL, 0.01
5139, 19, 175, Status.SNAKE, 0.01
5140, 4, 18, Status.SNAKE, 0.01
5141, 12, 114, Status.WALL, 0.01
5142, 3, 18, Status.SNAKE, 0.01
5143, 8, 56, Status.WALL, 0.01
5144, 10, 82, Status.SNAKE, 0.01
5145, 3, 30, Status.SNAKE, 0.01
5146, 11, 85, Status.SNAKE, 0.01
5147, 13, 77, Status.SNAKE, 0.01
5148, 7, 47, Status.SNAKE, 0.01
5149, 2, 15, Status.WALL, 0.01
5150, 10, 79, Status.SNAKE, 0.01
5151, 12, 76, Status.SNAKE, 0.01
5152, 12, 80, Status.SNAKE, 0.01
5153, 15, 98, Status.SNAKE, 0.01
5154, 14, 98, Status.SNAKE, 0.01
5155, 1, 3, Status.SNAKE, 0.01
5156, 12, 136, Status.SNAKE, 0.01
5157, 7, 50, Status.SNAKE, 0.01
5158, 11, 96, Status.SNAKE, 0.01
5159, 13, 82, Status.SNAKE, 0.01
5160, 3, 29, Status.WALL, 0.01
5161, 11, 77, Status.SNAKE, 0.01
5162, 12, 84, Status.SNAKE, 0.01
5163, 11, 78, Status.SNAKE, 0.01
5164, 5, 38, Status.WALL, 0.01
5165, 2, 20, Status.WALL, 0.01
5166, 5, 26, Status.SNAKE, 0.01
5167, 12, 78, Status.WALL, 0.01
5168, 13, 93, Status.SNAKE, 0.01
5169, 1, 8, Status.SNAKE, 0.01
5170, 3, 15, Status.SNAKE, 0.01
5171, 5, 17, Status.WALL, 0.01
5172, 5, 45, Status.SNAKE, 0.01
5173, 2, 14, Status.SNAKE, 0.01
5174, 3, 11, Status.WALL, 0.01
5175, 1, 7, Status.WALL, 0.01
5176, 13, 112, Status.SNAKE, 0.01
5177, 2, 7, Status.SNAKE, 0.01
5178, 1, 18, Status.SNAKE, 0.01
5179, 10, 72, Status.SNAKE, 0.01
5180, 11, 85, Status.SNAKE, 0.01
5181, 2, 10, Status.SNAKE, 0.01
5182, 8, 54, Status.WALL, 0.01
5183, 14, 102, Status.SNAKE, 0.01
5184, 13, 114, Status.SNAKE, 0.01
5185, 1, 5, Status.SNAKE, 0.01
5186, 12, 65, Status.SNAKE, 0.01
5187, 7, 49, Status.SNAKE, 0.01
5188, 12, 71, Status.SNAKE, 0.01
5189, 10, 63, Status.SNAKE, 0.01
5190, 8, 52, Status.SNAKE, 0.01
5191, 7, 37, Status.SNAKE, 0.01
5192, 1, 8, Status.WALL, 0.01
5193, 2, 11, Status.SNAKE, 0.01
5194, 10, 68, Status.SNAKE, 0.01
5195, 1, 15, Status.WALL, 0.01
5196, 12, 76, Status.SNAKE, 0.01
5197, 10, 77, Status.SNAKE, 0.01
5198, 11, 71, Status.SNAKE, 0.01
5199, 12, 85, Status.SNAKE, 0.01
5200, 2, 19, Status.WALL, 0.01
5201, 8, 69, Status.WALL, 0.01
5202, 7, 42, Status.SNAKE, 0.01
5203, 8, 50, Status.SNAKE, 0.01
5204, 12, 85, Status.WALL, 0.01
5205, 2, 13, Status.WALL, 0.01
5206, 7, 42, Status.SNAKE, 0.01
5207, 16, 122, Status.WALL, 0.01
5208, 8, 52, Status.SNAKE, 0.01
5209, 12, 98, Status.WALL, 0.01
5210, 11, 89, Status.SNAKE, 0.01
5211, 8, 41, Status.SNAKE, 0.01
5212, 12, 97, Status.WALL, 0.01
5213, 10, 63, Status.SNAKE, 0.01
5214, 7, 45, Status.SNAKE, 0.01
5215, 3, 16, Status.SNAKE, 0.01
5216, 4, 23, Status.SNAKE, 0.01
5217, 14, 113, Status.SNAKE, 0.01
5218, 6, 42, Status.WALL, 0.01
5219, 11, 82, Status.SNAKE, 0.01
5220, 12, 103, Status.SNAKE, 0.01
5221, 1, 5, Status.SNAKE, 0.01
5222, 10, 62, Status.SNAKE, 0.01
5223, 11, 80, Status.SNAKE, 0.01
5224, 9, 65, Status.WALL, 0.01
5225, 11, 71, Status.WALL, 0.01
5226, 1, 3, Status.SNAKE, 0.01
5227, 5, 28, Status.SNAKE, 0.01
5228, 7, 52, Status.SNAKE, 0.01
5229, 3, 21, Status.SNAKE, 0.01
5230, 17, 130, Status.SNAKE, 0.01
5231, 6, 42, Status.SNAKE, 0.01
5232, 10, 64, Status.SNAKE, 0.01
5233, 9, 85, Status.SNAKE, 0.01
5234, 14, 120, Status.SNAKE, 0.01
5235, 2, 16, Status.WALL, 0.01
5236, 7, 31, Status.SNAKE, 0.01
5237, 7, 35, Status.WALL, 0.01
5238, 9, 65, Status.SNAKE, 0.01
5239, 9, 45, Status.SNAKE, 0.01
5240, 9, 67, Status.WALL, 0.01
5241, 10, 74, Status.SNAKE, 0.01
5242, 3, 9, Status.SNAKE, 0.01
5243, 7, 41, Status.SNAKE, 0.01
5244, 13, 99, Status.SNAKE, 0.01
5245, 11, 76, Status.WALL, 0.01
5246, 6, 43, Status.SNAKE, 0.01
5247, 7, 36, Status.SNAKE, 0.01
5248, 11, 98, Status.SNAKE, 0.01
5249, 9, 63, Status.SNAKE, 0.01
5250, 5, 37, Status.SNAKE, 0.01
5251, 14, 100, Status.SNAKE, 0.01
5252, 18, 111, Status.SNAKE, 0.01
5253, 16, 122, Status.SNAKE, 0.01
5254, 4, 13, Status.WALL, 0.01
5255, 15, 104, Status.SNAKE, 0.01
5256, 10, 58, Status.SNAKE, 0.01
5257, 7, 47, Status.SNAKE, 0.01
5258, 3, 26, Status.WALL, 0.01
5259, 2, 15, Status.SNAKE, 0.01
5260, 9, 69, Status.SNAKE, 0.01
5261, 14, 90, Status.SNAKE, 0.01
5262, 15, 116, Status.SNAKE, 0.01
5263, 10, 84, Status.SNAKE, 0.01
5264, 10, 67, Status.SNAKE, 0.01
5265, 8, 57, Status.SNAKE, 0.01
5266, 10, 49, Status.SNAKE, 0.01
5267, 7, 51, Status.SNAKE, 0.01
5268, 15, 119, Status.WALL, 0.01
5269, 3, 18, Status.SNAKE, 0.01
5270, 11, 61, Status.WALL, 0.01
5271, 10, 50, Status.SNAKE, 0.01
5272, 9, 60, Status.SNAKE, 0.01
5273, 10, 51, Status.SNAKE, 0.01
5274, 8, 55, Status.SNAKE, 0.01
5275, 6, 34, Status.SNAKE, 0.01
5276, 5, 31, Status.SNAKE, 0.01
5277, 11, 59, Status.SNAKE, 0.01
5278, 13, 90, Status.SNAKE, 0.01
5279, 23, 156, Status.SNAKE, 0.01
5280, 15, 143, Status.SNAKE, 0.01
5281, 9, 54, Status.SNAKE, 0.01
5282, 6, 46, Status.WALL, 0.01
5283, 10, 74, Status.SNAKE, 0.01
5284, 7, 46, Status.SNAKE, 0.01
5285, 10, 73, Status.SNAKE, 0.01
5286, 5, 24, Status.SNAKE, 0.01
5287, 3, 13, Status.SNAKE, 0.01
5288, 7, 44, Status.SNAKE, 0.01
5289, 11, 63, Status.SNAKE, 0.01
5290, 13, 99, Status.SNAKE, 0.01
5291, 2, 16, Status.WALL, 0.01
5292, 13, 91, Status.SNAKE, 0.01
5293, 12, 92, Status.SNAKE, 0.01
5294, 9, 54, Status.SNAKE, 0.01
5295, 3, 26, Status.WALL, 0.01
5296, 5, 38, Status.SNAKE, 0.01
5297, 4, 33, Status.SNAKE, 0.01
5298, 10, 60, Status.WALL, 0.01
5299, 7, 74, Status.SNAKE, 0.01
5300, 9, 62, Status.SNAKE, 0.01
5301, 8, 60, Status.SNAKE, 0.01
5302, 1, 7, Status.WALL, 0.01
5303, 3, 29, Status.SNAKE, 0.01
5304, 11, 71, Status.WALL, 0.01
5305, 2, 13, Status.WALL, 0.01
5306, 10, 66, Status.SNAKE, 0.01
5307, 11, 80, Status.SNAKE, 0.01
5308, 2, 20, Status.WALL, 0.01
5309, 8, 68, Status.WALL, 0.01
5310, 7, 46, Status.SNAKE, 0.01
5311, 6, 58, Status.SNAKE, 0.01
5312, 5, 33, Status.SNAKE, 0.01
5313, 7, 56, Status.WALL, 0.01
5314, 6, 35, Status.SNAKE, 0.01
5315, 9, 58, Status.WALL, 0.01
5316, 8, 67, Status.SNAKE, 0.01
5317, 5, 30, Status.SNAKE, 0.01
5318, 11, 77, Status.SNAKE, 0.01
5319, 4, 18, Status.SNAKE, 0.01
5320, 12, 96, Status.SNAKE, 0.01
5321, 6, 46, Status.WALL, 0.01
5322, 4, 18, Status.SNAKE, 0.01
5323, 9, 67, Status.SNAKE, 0.01
5324, 16, 85, Status.SNAKE, 0.01
5325, 10, 80, Status.SNAKE, 0.01
5326, 6, 29, Status.SNAKE, 0.01
5327, 12, 82, Status.WALL, 0.01
5328, 6, 45, Status.SNAKE, 0.01
5329, 1, 8, Status.WALL, 0.01
5330, 1, 8, Status.SNAKE, 0.01
5331, 4, 28, Status.SNAKE, 0.01
5332, 6, 44, Status.WALL, 0.01
5333, 9, 70, Status.SNAKE, 0.01
5334, 9, 63, Status.SNAKE, 0.01
5335, 7, 47, Status.SNAKE, 0.01
5336, 2, 12, Status.SNAKE, 0.01
5337, 14, 98, Status.SNAKE, 0.01
5338, 15, 106, Status.SNAKE, 0.01
5339, 2, 18, Status.SNAKE, 0.01
5340, 13, 85, Status.SNAKE, 0.01
5341, 10, 45, Status.SNAKE, 0.01
5342, 5, 42, Status.SNAKE, 0.01
5343, 19, 124, Status.SNAKE, 0.01
5344, 5, 31, Status.WALL, 0.01
5345, 4, 17, Status.SNAKE, 0.01
5346, 17, 121, Status.SNAKE, 0.01
5347, 3, 20, Status.SNAKE, 0.01
5348, 5, 28, Status.SNAKE, 0.01
5349, 13, 99, Status.SNAKE, 0.01
5350, 13, 87, Status.SNAKE, 0.01
5351, 12, 85, Status.SNAKE, 0.01
5352, 5, 39, Status.SNAKE, 0.01
5353, 8, 58, Status.SNAKE, 0.01
5354, 11, 45, Status.SNAKE, 0.01
5355, 8, 67, Status.SNAKE, 0.01
5356, 4, 32, Status.WALL, 0.01
5357, 1, 5, Status.SNAKE, 0.01
5358, 4, 23, Status.SNAKE, 0.01
5359, 13, 113, Status.WALL, 0.01
5360, 11, 84, Status.SNAKE, 0.01
5361, 7, 49, Status.SNAKE, 0.01
5362, 4, 23, Status.WALL, 0.01
5363, 17, 106, Status.SNAKE, 0.01
5364, 7, 55, Status.WALL, 0.01
5365, 5, 46, Status.SNAKE, 0.01
5366, 10, 54, Status.SNAKE, 0.01
5367, 10, 65, Status.SNAKE, 0.01
5368, 3, 22, Status.WALL, 0.01
5369, 8, 60, Status.SNAKE, 0.01
5370, 7, 53, Status.SNAKE, 0.01
5371, 14, 109, Status.WALL, 0.01
5372, 6, 33, Status.SNAKE, 0.01
5373, 9, 51, Status.WALL, 0.01
5374, 14, 122, Status.WALL, 0.01
5375, 14, 108, Status.SNAKE, 0.01
5376, 11, 72, Status.SNAKE, 0.01
5377, 3, 20, Status.SNAKE, 0.01
5378, 12, 80, Status.WALL, 0.01
5379, 10, 88, Status.SNAKE, 0.01
5380, 5, 36, Status.WALL, 0.01
5381, 7, 60, Status.SNAKE, 0.01
5382, 2, 4, Status.SNAKE, 0.01
5383, 3, 18, Status.SNAKE, 0.01
5384, 8, 44, Status.SNAKE, 0.01
5385, 3, 20, Status.WALL, 0.01
5386, 11, 81, Status.SNAKE, 0.01
5387, 15, 97, Status.SNAKE, 0.01
5388, 2, 18, Status.WALL, 0.01
5389, 11, 67, Status.SNAKE, 0.01
5390, 9, 68, Status.SNAKE, 0.01
5391, 2, 13, Status.WALL, 0.01
5392, 3, 35, Status.WALL, 0.01
5393, 6, 47, Status.SNAKE, 0.01
5394, 15, 90, Status.SNAKE, 0.01
5395, 6, 48, Status.WALL, 0.01
5396, 6, 36, Status.SNAKE, 0.01
5397, 17, 116, Status.SNAKE, 0.01
5398, 9, 67, Status.WALL, 0.01
5399, 15, 101, Status.SNAKE, 0.01
5400, 3, 38, Status.SNAKE, 0.01
5401, 8, 49, Status.SNAKE, 0.01
5402, 12, 73, Status.SNAKE, 0.01
5403, 6, 61, Status.SNAKE, 0.01
5404, 1, 5, Status.SNAKE, 0.01
5405, 9, 65, Status.SNAKE, 0.01
5406, 4, 29, Status.WALL, 0.01
5407, 5, 36, Status.SNAKE, 0.01
5408, 15, 108, Status.SNAKE, 0.01
5409, 9, 72, Status.SNAKE, 0.01
5410, 13, 111, Status.SNAKE, 0.01
5411, 7, 37, Status.SNAKE, 0.01
5412, 7, 48, Status.SNAKE, 0.01
5413, 8, 33, Status.SNAKE, 0.01
5414, 2, 15, Status.WALL, 0.01
5415, 14, 93, Status.SNAKE, 0.01
5416, 4, 23, Status.WALL, 0.01
5417, 2, 22, Status.SNAKE, 0.01
5418, 1, 10, Status.WALL, 0.01
5419, 20, 135, Status.SNAKE, 0.01
5420, 6, 48, Status.WALL, 0.01
5421, 9, 52, Status.WALL, 0.01
5422, 11, 80, Status.SNAKE, 0.01
5423, 9, 87, Status.SNAKE, 0.01
5424, 3, 10, Status.SNAKE, 0.01
5425, 12, 93, Status.SNAKE, 0.01
5426, 2, 20, Status.SNAKE, 0.01
5427, 6, 45, Status.WALL, 0.01
5428, 12, 77, Status.SNAKE, 0.01
5429, 4, 31, Status.SNAKE, 0.01
5430, 10, 73, Status.SNAKE, 0.01
5431, 2, 19, Status.SNAKE, 0.01
5432, 2, 19, Status.SNAKE, 0.01
5433, 13, 108, Status.SNAKE, 0.01
5434, 4, 23, Status.SNAKE, 0.01
5435, 8, 80, Status.SNAKE, 0.01
5436, 2, 20, Status.WALL, 0.01
5437, 1, 10, Status.WALL, 0.01
5438, 3, 11, Status.SNAKE, 0.01
5439, 2, 24, Status.WALL, 0.01
5440, 4, 28, Status.WALL, 0.01
5441, 18, 130, Status.SNAKE, 0.01
5442, 2, 15, Status.SNAKE, 0.01
5443, 12, 73, Status.SNAKE, 0.01
5444, 7, 39, Status.WALL, 0.01
5445, 18, 100, Status.SNAKE, 0.01
5446, 7, 51, Status.SNAKE, 0.01
5447, 16, 84, Status.SNAKE, 0.01
5448, 6, 37, Status.SNAKE, 0.01
5449, 10, 47, Status.SNAKE, 0.01
5450, 12, 67, Status.SNAKE, 0.01
5451, 3, 20, Status.SNAKE, 0.01
5452, 3, 20, Status.WALL, 0.01
5453, 14, 96, Status.SNAKE, 0.01
5454, 2, 12, Status.WALL, 0.01
5455, 1, 8, Status.SNAKE, 0.01
5456, 11, 53, Status.SNAKE, 0.01
5457, 2, 10, Status.WALL, 0.01
5458, 9, 68, Status.SNAKE, 0.01
5459, 7, 56, Status.SNAKE, 0.01
5460, 3, 25, Status.SNAKE, 0.01
5461, 1, 5, Status.SNAKE, 0.01
5462, 2, 10, Status.SNAKE, 0.01
5463, 2, 12, Status.WALL, 0.01
5464, 10, 87, Status.SNAKE, 0.01
5465, 1, 10, Status.WALL, 0.01
5466, 17, 115, Status.SNAKE, 0.01
5467, 12, 100, Status.WALL, 0.01
5468, 8, 57, Status.SNAKE, 0.01
5469, 3, 19, Status.WALL, 0.01
5470, 15, 135, Status.SNAKE, 0.01
5471, 9, 57, Status.SNAKE, 0.01
5472, 3, 17, Status.SNAKE, 0.01
5473, 10, 75, Status.SNAKE, 0.01
5474, 9, 58, Status.SNAKE, 0.01
5475, 11, 71, Status.SNAKE, 0.01
5476, 2, 17, Status.SNAKE, 0.01
5477, 7, 44, Status.WALL, 0.01
5478, 5, 41, Status.SNAKE, 0.01
5479, 12, 63, Status.WALL, 0.01
5480, 11, 77, Status.SNAKE, 0.01
5481, 10, 68, Status.SNAKE, 0.01
5482, 13, 94, Status.WALL, 0.01
5483, 2, 15, Status.SNAKE, 0.01
5484, 12, 113, Status.SNAKE, 0.01
5485, 5, 33, Status.SNAKE, 0.01
5486, 9, 70, Status.SNAKE, 0.01
5487, 16, 91, Status.SNAKE, 0.01
5488, 10, 83, Status.SNAKE, 0.01
5489, 4, 31, Status.SNAKE, 0.01
5490, 9, 65, Status.SNAKE, 0.01
5491, 12, 49, Status.SNAKE, 0.01
5492, 10, 74, Status.SNAKE, 0.01
5493, 5, 46, Status.SNAKE, 0.01
5494, 10, 69, Status.SNAKE, 0.01
5495, 7, 31, Status.SNAKE, 0.01
5496, 17, 88, Status.SNAKE, 0.01
5497, 11, 72, Status.SNAKE, 0.01
5498, 8, 56, Status.SNAKE, 0.01
5499, 8, 60, Status.SNAKE, 0.01
5500, 5, 46, Status.SNAKE, 0.01
5501, 9, 80, Status.SNAKE, 0.01
5502, 15, 123, Status.SNAKE, 0.01
5503, 8, 50, Status.WALL, 0.01
5504, 4, 23, Status.WALL, 0.01
5505, 7, 32, Status.SNAKE, 0.01
5506, 12, 72, Status.SNAKE, 0.01
5507, 3, 18, Status.SNAKE, 0.01
5508, 4, 26, Status.SNAKE, 0.01
5509, 1, 8, Status.WALL, 0.01
5510, 9, 64, Status.SNAKE, 0.01
5511, 21, 134, Status.SNAKE, 0.01
5512, 10, 67, Status.SNAKE, 0.01
5513, 3, 25, Status.SNAKE, 0.01
5514, 10, 75, Status.SNAKE, 0.01
5515, 7, 32, Status.SNAKE, 0.01
5516, 1, 5, Status.SNAKE, 0.01
5517, 5, 41, Status.SNAKE, 0.01
5518, 10, 83, Status.SNAKE, 0.01
5519, 15, 105, Status.SNAKE, 0.01
5520, 9, 74, Status.SNAKE, 0.01
5521, 4, 38, Status.SNAKE, 0.01
5522, 7, 46, Status.SNAKE, 0.01
5523, 15, 120, Status.SNAKE, 0.01
5524, 3, 19, Status.SNAKE, 0.01
5525, 7, 59, Status.SNAKE, 0.01
5526, 8, 65, Status.SNAKE, 0.01
5527, 8, 57, Status.SNAKE, 0.01
5528, 12, 68, Status.SNAKE, 0.01
5529, 2, 18, Status.SNAKE, 0.01
5530, 7, 53, Status.SNAKE, 0.01
5531, 2, 16, Status.SNAKE, 0.01
5532, 13, 75, Status.SNAKE, 0.01
5533, 13, 92, Status.SNAKE, 0.01
5534, 12, 84, Status.SNAKE, 0.01
5535, 3, 22, Status.SNAKE, 0.01
5536, 13, 111, Status.SNAKE, 0.01
5537, 18, 118, Status.WALL, 0.01
5538, 6, 41, Status.SNAKE, 0.01
5539, 14, 68, Status.SNAKE, 0.01
5540, 18, 123, Status.SNAKE, 0.01
5541, 19, 136, Status.SNAKE, 0.01
5542, 17, 122, Status.SNAKE, 0.01
5543, 14, 118, Status.SNAKE, 0.01
5544, 11, 58, Status.SNAKE, 0.01
5545, 8, 46, Status.SNAKE, 0.01
5546, 3, 29, Status.WALL, 0.01
5547, 13, 92, Status.SNAKE, 0.01
5548, 12, 90, Status.SNAKE, 0.01
5549, 4, 22, Status.SNAKE, 0.01
5550, 1, 10, Status.WALL, 0.01
5551, 1, 5, Status.SNAKE, 0.01
5552, 10, 66, Status.SNAKE, 0.01
5553, 8, 57, Status.SNAKE, 0.01
5554, 8, 62, Status.SNAKE, 0.01
5555, 8, 52, Status.SNAKE, 0.01
5556, 14, 94, Status.SNAKE, 0.01
5557, 10, 67, Status.SNAKE, 0.01
5558, 17, 137, Status.SNAKE, 0.01
5559, 8, 49, Status.SNAKE, 0.01
5560, 9, 82, Status.SNAKE, 0.01
5561, 3, 19, Status.SNAKE, 0.01
5562, 11, 77, Status.SNAKE, 0.01
5563, 8, 58, Status.WALL, 0.01
5564, 15, 100, Status.SNAKE, 0.01
5565, 11, 74, Status.SNAKE, 0.01
5566, 9, 54, Status.SNAKE, 0.01
5567, 1, 10, Status.WALL, 0.01
5568, 18, 136, Status.SNAKE, 0.01
5569, 8, 46, Status.SNAKE, 0.01
5570, 5, 28, Status.SNAKE, 0.01
5571, 9, 64, Status.SNAKE, 0.01
5572, 7, 45, Status.SNAKE, 0.01
5573, 10, 81, Status.SNAKE, 0.01
5574, 10, 63, Status.SNAKE, 0.01
5575, 5, 34, Status.SNAKE, 0.01
5576, 5, 29, Status.SNAKE, 0.01
5577, 8, 61, Status.SNAKE, 0.01
5578, 11, 66, Status.SNAKE, 0.01
5579, 6, 29, Status.SNAKE, 0.01
5580, 17, 97, Status.SNAKE, 0.01
5581, 14, 93, Status.SNAKE, 0.01
5582, 13, 93, Status.SNAKE, 0.01
5583, 7, 64, Status.SNAKE, 0.01
5584, 23, 164, Status.SNAKE, 0.01
5585, 6, 39, Status.SNAKE, 0.01
5586, 14, 128, Status.WALL, 0.01
5587, 18, 113, Status.SNAKE, 0.01
5588, 7, 43, Status.SNAKE, 0.01
5589, 7, 39, Status.SNAKE, 0.01
5590, 19, 135, Status.SNAKE, 0.01
5591, 12, 107, Status.SNAKE, 0.01
5592, 6, 38, Status.SNAKE, 0.01
5593, 6, 57, Status.SNAKE, 0.01
5594, 11, 81, Status.SNAKE, 0.01
5595, 6, 47, Status.SNAKE, 0.01
5596, 8, 52, Status.WALL, 0.01
5597, 9, 55, Status.SNAKE, 0.01
5598, 13, 130, Status.SNAKE, 0.01
5599, 14, 105, Status.SNAKE, 0.01
5600, 6, 33, Status.WALL, 0.01
5601, 8, 60, Status.SNAKE, 0.01
5602, 15, 102, Status.SNAKE, 0.01
5603, 11, 90, Status.SNAKE, 0.01
5604, 7, 51, Status.SNAKE, 0.01
5605, 1, 5, Status.SNAKE, 0.01
5606, 10, 71, Status.SNAKE, 0.01
5607, 16, 119, Status.SNAKE, 0.01
5608, 10, 71, Status.SNAKE, 0.01
5609, 11, 75, Status.SNAKE, 0.01
5610, 3, 26, Status.WALL, 0.01
5611, 3, 28, Status.SNAKE, 0.01
5612, 19, 128, Status.SNAKE, 0.01
5613, 8, 63, Status.SNAKE, 0.01
5614, 11, 65, Status.SNAKE, 0.01
5615, 1, 5, Status.SNAKE, 0.01
5616, 4, 17, Status.SNAKE, 0.01
5617, 10, 108, Status.SNAKE, 0.01
5618, 11, 93, Status.SNAKE, 0.01
5619, 4, 33, Status.SNAKE, 0.01
5620, 12, 104, Status.SNAKE, 0.01
5621, 10, 82, Status.SNAKE, 0.01
5622, 7, 58, Status.WALL, 0.01
5623, 13, 75, Status.SNAKE, 0.01
5624, 11, 72, Status.WALL, 0.01
5625, 1, 5, Status.SNAKE, 0.01
5626, 18, 129, Status.SNAKE, 0.01
5627, 1, 10, Status.WALL, 0.01
5628, 9, 44, Status.WALL, 0.01
5629, 6, 46, Status.SNAKE, 0.01
5630, 11, 71, Status.SNAKE, 0.01
5631, 9, 70, Status.SNAKE, 0.01
5632, 5, 30, Status.WALL, 0.01
5633, 3, 26, Status.SNAKE, 0.01
5634, 4, 30, Status.WALL, 0.01
5635, 1, 3, Status.SNAKE, 0.01
5636, 11, 80, Status.SNAKE, 0.01
5637, 8, 59, Status.SNAKE, 0.01
5638, 0, 21, Status.WALL, 0.01
5639, 1, 6, Status.SNAKE, 0.01
5640, 8, 64, Status.SNAKE, 0.01
5641, 3, 29, Status.WALL, 0.01
5642, 15, 86, Status.SNAKE, 0.01
5643, 7, 39, Status.WALL, 0.01
5644, 9, 60, Status.SNAKE, 0.01
5645, 11, 81, Status.SNAKE, 0.01
5646, 3, 14, Status.SNAKE, 0.01
5647, 3, 16, Status.WALL, 0.01
5648, 7, 58, Status.SNAKE, 0.01
5649, 6, 48, Status.SNAKE, 0.01
5650, 3, 15, Status.SNAKE, 0.01
5651, 9, 90, Status.SNAKE, 0.01
5652, 15, 114, Status.SNAKE, 0.01
5653, 5, 33, Status.SNAKE, 0.01
5654, 16, 123, Status.SNAKE, 0.01
5655, 2, 19, Status.SNAKE, 0.01
5656, 10, 93, Status.WALL, 0.01
5657, 13, 103, Status.SNAKE, 0.01
5658, 17, 160, Status.SNAKE, 0.01
5659, 14, 100, Status.WALL, 0.01
5660, 7, 32, Status.SNAKE, 0.01
5661, 12, 111, Status.SNAKE, 0.01
5662, 5, 37, Status.SNAKE, 0.01
5663, 8, 47, Status.SNAKE, 0.01
5664, 7, 51, Status.SNAKE, 0.01
5665, 12, 76, Status.WALL, 0.01
5666, 7, 44, Status.SNAKE, 0.01
5667, 10, 54, Status.SNAKE, 0.01
5668, 6, 33, Status.SNAKE, 0.01
5669, 1, 22, Status.WALL, 0.01
5670, 9, 71, Status.SNAKE, 0.01
5671, 3, 22, Status.SNAKE, 0.01
5672, 9, 74, Status.SNAKE, 0.01
5673, 8, 71, Status.SNAKE, 0.01
5674, 12, 97, Status.SNAKE, 0.01
5675, 2, 21, Status.SNAKE, 0.01
5676, 10, 74, Status.SNAKE, 0.01
5677, 15, 102, Status.SNAKE, 0.01
5678, 3, 16, Status.SNAKE, 0.01
5679, 15, 112, Status.SNAKE, 0.01
5680, 3, 27, Status.WALL, 0.01
5681, 18, 131, Status.SNAKE, 0.01
5682, 12, 91, Status.SNAKE, 0.01
5683, 10, 60, Status.SNAKE, 0.01
5684, 13, 84, Status.SNAKE, 0.01
5685, 10, 83, Status.SNAKE, 0.01
5686, 3, 17, Status.SNAKE, 0.01
5687, 7, 52, Status.SNAKE, 0.01
5688, 8, 53, Status.WALL, 0.01
5689, 3, 26, Status.WALL, 0.01
5690, 8, 55, Status.SNAKE, 0.01
5691, 13, 96, Status.SNAKE, 0.01
5692, 5, 39, Status.SNAKE, 0.01
5693, 9, 70, Status.SNAKE, 0.01
5694, 5, 35, Status.SNAKE, 0.01
5695, 13, 98, Status.SNAKE, 0.01
5696, 6, 54, Status.SNAKE, 0.01
5697, 8, 73, Status.SNAKE, 0.01
5698, 11, 65, Status.SNAKE, 0.01
5699, 3, 33, Status.SNAKE, 0.01
5700, 2, 8, Status.SNAKE, 0.01
5701, 1, 10, Status.SNAKE, 0.01
5702, 5, 34, Status.SNAKE, 0.01
5703, 10, 74, Status.SNAKE, 0.01
5704, 14, 138, Status.SNAKE, 0.01
5705, 14, 115, Status.SNAKE, 0.01
5706, 12, 82, Status.SNAKE, 0.01
5707, 7, 39, Status.SNAKE, 0.01
5708, 4, 44, Status.WALL, 0.01
5709, 11, 75, Status.SNAKE, 0.01
5710, 6, 41, Status.SNAKE, 0.01
5711, 14, 85, Status.SNAKE, 0.01
5712, 8, 53, Status.SNAKE, 0.01
5713, 7, 54, Status.SNAKE, 0.01
5714, 18, 136, Status.WALL, 0.01
5715, 6, 33, Status.SNAKE, 0.01
5716, 6, 70, Status.SNAKE, 0.01
5717, 9, 59, Status.SNAKE, 0.01
5718, 8, 52, Status.WALL, 0.01
5719, 1, 5, Status.SNAKE, 0.01
5720, 6, 57, Status.SNAKE, 0.01
5721, 9, 67, Status.SNAKE, 0.01
5722, 5, 33, Status.SNAKE, 0.01
5723, 4, 33, Status.SNAKE, 0.01
5724, 7, 97, Status.WALL, 0.01
5725, 3, 23, Status.SNAKE, 0.01
5726, 9, 53, Status.SNAKE, 0.01
5727, 5, 29, Status.SNAKE, 0.01
5728, 10, 61, Status.SNAKE, 0.01
5729, 15, 132, Status.SNAKE, 0.01
5730, 16, 105, Status.WALL, 0.01
5731, 13, 122, Status.SNAKE, 0.01
5732, 13, 95, Status.SNAKE, 0.01
5733, 5, 29, Status.SNAKE, 0.01
5734, 1, 6, Status.SNAKE, 0.01
5735, 6, 42, Status.SNAKE, 0.01
5736, 14, 91, Status.WALL, 0.01
5737, 3, 40, Status.SNAKE, 0.01
5738, 6, 47, Status.WALL, 0.01
5739, 12, 84, Status.SNAKE, 0.01
5740, 3, 29, Status.WALL, 0.01
5741, 5, 36, Status.SNAKE, 0.01
5742, 7, 64, Status.SNAKE, 0.01
5743, 8, 75, Status.WALL, 0.01
5744, 9, 99, Status.SNAKE, 0.01
5745, 7, 61, Status.SNAKE, 0.01
5746, 5, 39, Status.SNAKE, 0.01
5747, 10, 68, Status.SNAKE, 0.01
5748, 8, 82, Status.SNAKE, 0.01
5749, 2, 15, Status.WALL, 0.01
5750, 5, 31, Status.WALL, 0.01
5751, 4, 25, Status.WALL, 0.01
5752, 9, 92, Status.SNAKE, 0.01
5753, 12, 85, Status.WALL, 0.01
5754, 4, 53, Status.SNAKE, 0.01
5755, 3, 36, Status.SNAKE, 0.01
5756, 10, 55, Status.SNAKE, 0.01
5757, 19, 115, Status.SNAKE, 0.01
5758, 4, 26, Status.SNAKE, 0.01
5759, 8, 48, Status.SNAKE, 0.01
5760, 3, 19, Status.WALL, 0.01
5761, 3, 30, Status.WALL, 0.01
5762, 12, 83, Status.SNAKE, 0.01
5763, 2, 23, Status.WALL, 0.01
5764, 2, 16, Status.WALL, 0.01
5765, 14, 85, Status.SNAKE, 0.01
5766, 5, 41, Status.SNAKE, 0.01
5767, 11, 90, Status.SNAKE, 0.01
5768, 4, 37, Status.WALL, 0.01
5769, 8, 103, Status.SNAKE, 0.01
5770, 9, 57, Status.SNAKE, 0.01
5771, 2, 14, Status.SNAKE, 0.01
5772, 9, 61, Status.SNAKE, 0.01
5773, 0, 7, Status.WALL, 0.01
5774, 10, 79, Status.SNAKE, 0.01
5775, 13, 97, Status.SNAKE, 0.01
5776, 11, 75, Status.SNAKE, 0.01
5777, 12, 84, Status.SNAKE, 0.01
5778, 13, 87, Status.SNAKE, 0.01
5779, 7, 31, Status.SNAKE, 0.01
5780, 8, 49, Status.SNAKE, 0.01
5781, 2, 18, Status.SNAKE, 0.01
5782, 8, 55, Status.WALL, 0.01
5783, 22, 163, Status.SNAKE, 0.01
5784, 11, 82, Status.WALL, 0.01
5785, 13, 82, Status.SNAKE, 0.01
5786, 9, 74, Status.SNAKE, 0.01
5787, 7, 48, Status.SNAKE, 0.01
5788, 6, 34, Status.WALL, 0.01
5789, 11, 81, Status.WALL, 0.01
5790, 13, 80, Status.SNAKE, 0.01
5791, 12, 110, Status.SNAKE, 0.01
5792, 1, 8, Status.SNAKE, 0.01
5793, 1, 5, Status.SNAKE, 0.01
5794, 1, 6, Status.SNAKE, 0.01
5795, 11, 71, Status.SNAKE, 0.01
5796, 11, 77, Status.SNAKE, 0.01
5797, 9, 68, Status.WALL, 0.01
5798, 10, 81, Status.SNAKE, 0.01
5799, 6, 30, Status.SNAKE, 0.01
5800, 7, 43, Status.SNAKE, 0.01
5801, 12, 106, Status.SNAKE, 0.01
5802, 8, 59, Status.SNAKE, 0.01
5803, 19, 130, Status.SNAKE, 0.01
5804, 4, 31, Status.SNAKE, 0.01
5805, 3, 30, Status.WALL, 0.01
5806, 4, 18, Status.SNAKE, 0.01
5807, 2, 11, Status.WALL, 0.01
5808, 18, 158, Status.SNAKE, 0.01
5809, 9, 89, Status.SNAKE, 0.01
5810, 4, 35, Status.SNAKE, 0.01
5811, 17, 119, Status.SNAKE, 0.01
5812, 6, 42, Status.SNAKE, 0.01
5813, 8, 46, Status.SNAKE, 0.01
5814, 13, 82, Status.SNAKE, 0.01
5815, 2, 11, Status.SNAKE, 0.01
5816, 4, 20, Status.SNAKE, 0.01
5817, 12, 91, Status.WALL, 0.01
5818, 5, 42, Status.SNAKE, 0.01
5819, 13, 95, Status.WALL, 0.01
5820, 8, 39, Status.SNAKE, 0.01
5821, 16, 119, Status.SNAKE, 0.01
5822, 8, 42, Status.SNAKE, 0.01
5823, 9, 64, Status.SNAKE, 0.01
5824, 2, 11, Status.SNAKE, 0.01
5825, 4, 50, Status.SNAKE, 0.01
5826, 2, 15, Status.SNAKE, 0.01
5827, 10, 67, Status.SNAKE, 0.01
5828, 9, 31, Status.SNAKE, 0.01
5829, 4, 35, Status.SNAKE, 0.01
5830, 5, 40, Status.SNAKE, 0.01
5831, 11, 88, Status.SNAKE, 0.01
5832, 9, 60, Status.SNAKE, 0.01
5833, 8, 71, Status.SNAKE, 0.01
5834, 1, 17, Status.SNAKE, 0.01
5835, 8, 80, Status.SNAKE, 0.01
5836, 15, 122, Status.SNAKE, 0.01
5837, 1, 5, Status.SNAKE, 0.01
5838, 11, 89, Status.SNAKE, 0.01
5839, 16, 122, Status.SNAKE, 0.01
5840, 8, 76, Status.SNAKE, 0.01
5841, 13, 87, Status.WALL, 0.01
5842, 5, 40, Status.SNAKE, 0.01
5843, 1, 14, Status.SNAKE, 0.01
5844, 3, 9, Status.SNAKE, 0.01
5845, 5, 29, Status.SNAKE, 0.01
5846, 1, 12, Status.SNAKE, 0.01
5847, 13, 114, Status.WALL, 0.01
5848, 6, 50, Status.SNAKE, 0.01
5849, 11, 81, Status.SNAKE, 0.01
5850, 6, 43, Status.SNAKE, 0.01
5851, 3, 18, Status.SNAKE, 0.01
5852, 6, 49, Status.SNAKE, 0.01
5853, 14, 106, Status.SNAKE, 0.01
5854, 5, 38, Status.SNAKE, 0.01
5855, 4, 42, Status.SNAKE, 0.01
5856, 14, 136, Status.WALL, 0.01
5857, 3, 26, Status.SNAKE, 0.01
5858, 8, 55, Status.SNAKE, 0.01
5859, 4, 36, Status.SNAKE, 0.01
5860, 10, 70, Status.SNAKE, 0.01
5861, 17, 127, Status.SNAKE, 0.01
5862, 12, 81, Status.SNAKE, 0.01
5863, 18, 132, Status.SNAKE, 0.01
5864, 4, 21, Status.SNAKE, 0.01
5865, 13, 92, Status.SNAKE, 0.01
5866, 4, 25, Status.SNAKE, 0.01
5867, 1, 8, Status.SNAKE, 0.01
5868, 1, 7, Status.SNAKE, 0.01
5869, 15, 95, Status.SNAKE, 0.01
5870, 14, 82, Status.SNAKE, 0.01
5871, 13, 106, Status.SNAKE, 0.01
5872, 12, 90, Status.SNAKE, 0.01
5873, 7, 46, Status.SNAKE, 0.01
5874, 19, 128, Status.SNAKE, 0.01
5875, 11, 74, Status.SNAKE, 0.01
5876, 15, 113, Status.SNAKE, 0.01
5877, 7, 65, Status.SNAKE, 0.01
5878, 6, 22, Status.SNAKE, 0.01
5879, 4, 20, Status.WALL, 0.01
5880, 1, 3, Status.SNAKE, 0.01
5881, 7, 42, Status.WALL, 0.01
5882, 9, 70, Status.SNAKE, 0.01
5883, 11, 79, Status.SNAKE, 0.01
5884, 6, 58, Status.SNAKE, 0.01
5885, 3, 17, Status.SNAKE, 0.01
5886, 10, 51, Status.SNAKE, 0.01
5887, 2, 16, Status.SNAKE, 0.01
5888, 4, 23, Status.SNAKE, 0.01
5889, 16, 104, Status.SNAKE, 0.01
5890, 1, 10, Status.SNAKE, 0.01
5891, 16, 108, Status.SNAKE, 0.01
5892, 4, 34, Status.SNAKE, 0.01
5893, 19, 165, Status.SNAKE, 0.01
5894, 7, 46, Status.WALL, 0.01
5895, 12, 78, Status.SNAKE, 0.01
5896, 13, 84, Status.SNAKE, 0.01
5897, 10, 73, Status.SNAKE, 0.01
5898, 2, 8, Status.WALL, 0.01
5899, 13, 103, Status.SNAKE, 0.01
5900, 3, 10, Status.WALL, 0.01
5901, 9, 61, Status.SNAKE, 0.01
5902, 17, 105, Status.SNAKE, 0.01
5903, 15, 107, Status.SNAKE, 0.01
5904, 17, 127, Status.SNAKE, 0.01
5905, 8, 79, Status.SNAKE, 0.01
5906, 6, 43, Status.SNAKE, 0.01
5907, 3, 12, Status.SNAKE, 0.01
5908, 1, 5, Status.SNAKE, 0.01
5909, 5, 33, Status.SNAKE, 0.01
5910, 1, 5, Status.SNAKE, 0.01
5911, 11, 91, Status.SNAKE, 0.01
5912, 5, 44, Status.SNAKE, 0.01
5913, 6, 44, Status.SNAKE, 0.01
5914, 20, 136, Status.SNAKE, 0.01
5915, 13, 66, Status.WALL, 0.01
5916, 10, 66, Status.SNAKE, 0.01
5917, 11, 85, Status.SNAKE, 0.01
5918, 13, 116, Status.SNAKE, 0.01
5919, 1, 22, Status.WALL, 0.01
5920, 12, 109, Status.SNAKE, 0.01
5921, 5, 30, Status.SNAKE, 0.01
5922, 9, 55, Status.SNAKE, 0.01
5923, 7, 59, Status.SNAKE, 0.01
5924, 6, 31, Status.SNAKE, 0.01
5925, 9, 62, Status.SNAKE, 0.01
5926, 3, 14, Status.SNAKE, 0.01
5927, 15, 108, Status.SNAKE, 0.01
5928, 4, 35, Status.SNAKE, 0.01
5929, 15, 112, Status.SNAKE, 0.01
5930, 5, 45, Status.SNAKE, 0.01
5931, 13, 85, Status.SNAKE, 0.01
5932, 2, 8, Status.SNAKE, 0.01
5933, 5, 50, Status.WALL, 0.01
5934, 3, 16, Status.SNAKE, 0.01
5935, 18, 137, Status.SNAKE, 0.01
5936, 7, 42, Status.SNAKE, 0.01
5937, 10, 66, Status.SNAKE, 0.01
5938, 13, 87, Status.SNAKE, 0.01
5939, 7, 41, Status.SNAKE, 0.01
5940, 16, 128, Status.SNAKE, 0.01
5941, 4, 25, Status.SNAKE, 0.01
5942, 8, 52, Status.SNAKE, 0.01
5943, 5, 25, Status.SNAKE, 0.01
5944, 16, 116, Status.SNAKE, 0.01
5945, 6, 54, Status.SNAKE, 0.01
5946, 4, 21, Status.WALL, 0.01
5947, 7, 52, Status.WALL, 0.01
5948, 8, 45, Status.SNAKE, 0.01
5949, 6, 34, Status.WALL, 0.01
5950, 12, 79, Status.WALL, 0.01
5951, 4, 24, Status.SNAKE, 0.01
5952, 7, 60, Status.WALL, 0.01
5953, 1, 10, Status.WALL, 0.01
5954, 7, 62, Status.SNAKE, 0.01
5955, 1, 5, Status.SNAKE, 0.01
5956, 11, 76, Status.SNAKE, 0.01
5957, 7, 60, Status.SNAKE, 0.01
5958, 3, 18, Status.WALL, 0.01
5959, 4, 20, Status.SNAKE, 0.01
5960, 6, 26, Status.WALL, 0.01
5961, 3, 21, Status.SNAKE, 0.01
5962, 24, 198, Status.SNAKE, 0.01
5963, 14, 98, Status.SNAKE, 0.01
5964, 12, 105, Status.WALL, 0.01
5965, 8, 74, Status.SNAKE, 0.01
5966, 1, 6, Status.SNAKE, 0.01
5967, 7, 40, Status.SNAKE, 0.01
5968, 4, 19, Status.SNAKE, 0.01
5969, 11, 67, Status.SNAKE, 0.01
5970, 5, 28, Status.WALL, 0.01
5971, 2, 8, Status.WALL, 0.01
5972, 9, 53, Status.SNAKE, 0.01
5973, 10, 66, Status.SNAKE, 0.01
5974, 7, 46, Status.SNAKE, 0.01
5975, 12, 93, Status.SNAKE, 0.01
5976, 4, 36, Status.SNAKE, 0.01
5977, 6, 37, Status.WALL, 0.01
5978, 1, 5, Status.SNAKE, 0.01
5979, 6, 54, Status.SNAKE, 0.01
5980, 3, 29, Status.WALL, 0.01
5981, 8, 70, Status.SNAKE, 0.01
5982, 7, 44, Status.SNAKE, 0.01
5983, 10, 61, Status.SNAKE, 0.01
5984, 5, 29, Status.SNAKE, 0.01
5985, 18, 114, Status.SNAKE, 0.01
5986, 2, 12, Status.SNAKE, 0.01
5987, 10, 70, Status.WALL, 0.01
5988, 8, 41, Status.SNAKE, 0.01
5989, 5, 33, Status.SNAKE, 0.01
5990, 9, 76, Status.WALL, 0.01
5991, 2, 16, Status.SNAKE, 0.01
5992, 7, 57, Status.SNAKE, 0.01
5993, 4, 21, Status.SNAKE, 0.01
5994, 13, 87, Status.SNAKE, 0.01
5995, 3, 20, Status.SNAKE, 0.01
5996, 5, 44, Status.SNAKE, 0.01
5997, 4, 21, Status.SNAKE, 0.01
5998, 10, 76, Status.SNAKE, 0.01
5999, 13, 80, Status.SNAKE, 0.01
6000, 1, 3, Status.SNAKE, 0.01
6001, 1, 10, Status.WALL, 0.01
6002, 17, 109, Status.SNAKE, 0.01
6003, 13, 79, Status.SNAKE, 0.01
6004, 9, 59, Status.SNAKE, 0.01
6005, 18, 134, Status.SNAKE, 0.01
6006, 7, 56, Status.SNAKE, 0.01
6007, 17, 148, Status.SNAKE, 0.01
6008, 4, 23, Status.SNAKE, 0.01
6009, 14, 81, Status.SNAKE, 0.01
6010, 5, 46, Status.WALL, 0.01
6011, 9, 87, Status.SNAKE, 0.01
6012, 6, 45, Status.SNAKE, 0.01
6013, 18, 123, Status.SNAKE, 0.01
6014, 6, 31, Status.SNAKE, 0.01
6015, 10, 101, Status.SNAKE, 0.01
6016, 7, 53, Status.SNAKE, 0.01
6017, 15, 111, Status.SNAKE, 0.01
6018, 11, 66, Status.SNAKE, 0.01
6019, 4, 17, Status.WALL, 0.01
6020, 11, 94, Status.SNAKE, 0.01
6021, 1, 3, Status.SNAKE, 0.01
6022, 9, 70, Status.WALL, 0.01
6023, 3, 21, Status.WALL, 0.01
6024, 11, 84, Status.SNAKE, 0.01
6025, 4, 25, Status.SNAKE, 0.01
6026, 11, 57, Status.SNAKE, 0.01
6027, 1, 8, Status.SNAKE, 0.01
6028, 2, 18, Status.WALL, 0.01
6029, 3, 16, Status.WALL, 0.01
6030, 3, 27, Status.WALL, 0.01
6031, 6, 44, Status.SNAKE, 0.01
6032, 5, 27, Status.SNAKE, 0.01
6033, 2, 33, Status.WALL, 0.01
6034, 3, 16, Status.SNAKE, 0.01
6035, 8, 73, Status.SNAKE, 0.01
6036, 5, 26, Status.WALL, 0.01
6037, 3, 29, Status.SNAKE, 0.01
6038, 7, 54, Status.SNAKE, 0.01
6039, 6, 40, Status.SNAKE, 0.01
6040, 7, 33, Status.SNAKE, 0.01
6041, 1, 5, Status.SNAKE, 0.01
6042, 9, 50, Status.SNAKE, 0.01
6043, 2, 10, Status.SNAKE, 0.01
6044, 9, 67, Status.WALL, 0.01
6045, 11, 68, Status.SNAKE, 0.01
6046, 9, 55, Status.SNAKE, 0.01
6047, 7, 51, Status.SNAKE, 0.01
6048, 5, 32, Status.SNAKE, 0.01
6049, 11, 76, Status.SNAKE, 0.01
6050, 9, 58, Status.SNAKE, 0.01
6051, 6, 43, Status.SNAKE, 0.01
6052, 9, 73, Status.SNAKE, 0.01
6053, 2, 17, Status.SNAKE, 0.01
6054, 5, 30, Status.SNAKE, 0.01
6055, 11, 82, Status.SNAKE, 0.01
6056, 11, 67, Status.SNAKE, 0.01
6057, 3, 27, Status.SNAKE, 0.01
6058, 4, 26, Status.SNAKE, 0.01
6059, 5, 44, Status.SNAKE, 0.01
6060, 9, 69, Status.WALL, 0.01
6061, 16, 129, Status.SNAKE, 0.01
6062, 5, 34, Status.SNAKE, 0.01
6063, 15, 142, Status.SNAKE, 0.01
6064, 8, 46, Status.SNAKE, 0.01
6065, 1, 6, Status.SNAKE, 0.01
6066, 5, 40, Status.SNAKE, 0.01
6067, 13, 89, Status.WALL, 0.01
6068, 15, 105, Status.SNAKE, 0.01
6069, 6, 50, Status.SNAKE, 0.01
6070, 5, 17, Status.SNAKE, 0.01
6071, 5, 29, Status.SNAKE, 0.01
6072, 15, 83, Status.SNAKE, 0.01
6073, 4, 19, Status.SNAKE, 0.01
6074, 8, 58, Status.SNAKE, 0.01
6075, 12, 75, Status.SNAKE, 0.01
6076, 9, 83, Status.SNAKE, 0.01
6077, 9, 50, Status.SNAKE, 0.01
6078, 4, 30, Status.SNAKE, 0.01
6079, 10, 71, Status.SNAKE, 0.01
6080, 3, 33, Status.SNAKE, 0.01
6081, 3, 15, Status.SNAKE, 0.01
6082, 7, 61, Status.SNAKE, 0.01
6083, 8, 75, Status.SNAKE, 0.01
6084, 14, 124, Status.SNAKE, 0.01
6085, 13, 72, Status.SNAKE, 0.01
6086, 7, 49, Status.SNAKE, 0.01
6087, 3, 23, Status.WALL, 0.01
6088, 7, 58, Status.WALL, 0.01
6089, 11, 103, Status.SNAKE, 0.01
6090, 7, 38, Status.SNAKE, 0.01
6091, 3, 25, Status.SNAKE, 0.01
6092, 17, 89, Status.SNAKE, 0.01
6093, 3, 28, Status.SNAKE, 0.01
6094, 18, 116, Status.SNAKE, 0.01
6095, 12, 63, Status.SNAKE, 0.01
6096, 5, 34, Status.SNAKE, 0.01
6097, 17, 157, Status.WALL, 0.01
6098, 20, 157, Status.SNAKE, 0.01
6099, 2, 18, Status.WALL, 0.01
6100, 6, 35, Status.SNAKE, 0.01
6101, 4, 18, Status.SNAKE, 0.01
6102, 12, 93, Status.SNAKE, 0.01
6103, 19, 141, Status.SNAKE, 0.01
6104, 3, 30, Status.WALL, 0.01
6105, 6, 60, Status.SNAKE, 0.01
6106, 7, 42, Status.SNAKE, 0.01
6107, 4, 38, Status.WALL, 0.01
6108, 6, 48, Status.SNAKE, 0.01
6109, 14, 91, Status.SNAKE, 0.01
6110, 3, 14, Status.WALL, 0.01
6111, 6, 40, Status.SNAKE, 0.01
6112, 11, 75, Status.SNAKE, 0.01
6113, 1, 6, Status.SNAKE, 0.01
6114, 11, 84, Status.SNAKE, 0.01
6115, 11, 79, Status.SNAKE, 0.01
6116, 2, 16, Status.WALL, 0.01
6117, 9, 59, Status.SNAKE, 0.01
6118, 9, 82, Status.SNAKE, 0.01
6119, 6, 27, Status.SNAKE, 0.01
6120, 11, 77, Status.SNAKE, 0.01
6121, 11, 68, Status.SNAKE, 0.01
6122, 6, 65, Status.SNAKE, 0.01
6123, 11, 72, Status.SNAKE, 0.01
6124, 16, 115, Status.SNAKE, 0.01
6125, 10, 77, Status.SNAKE, 0.01
6126, 1, 5, Status.SNAKE, 0.01
6127, 3, 13, Status.SNAKE, 0.01
6128, 11, 103, Status.SNAKE, 0.01
6129, 1, 10, Status.WALL, 0.01
6130, 10, 96, Status.WALL, 0.01
6131, 1, 8, Status.SNAKE, 0.01
6132, 9, 83, Status.SNAKE, 0.01
6133, 9, 63, Status.SNAKE, 0.01
6134, 5, 28, Status.SNAKE, 0.01
6135, 3, 21, Status.SNAKE, 0.01
6136, 8, 69, Status.SNAKE, 0.01
6137, 11, 69, Status.WALL, 0.01
6138, 3, 21, Status.SNAKE, 0.01
6139, 9, 68, Status.SNAKE, 0.01
6140, 2, 17, Status.SNAKE, 0.01
6141, 12, 111, Status.WALL, 0.01
6142, 10, 62, Status.SNAKE, 0.01
6143, 3, 21, Status.SNAKE, 0.01
6144, 10, 58, Status.SNAKE, 0.01
6145, 1, 19, Status.SNAKE, 0.01
6146, 7, 68, Status.SNAKE, 0.01
6147, 5, 26, Status.SNAKE, 0.01
6148, 11, 71, Status.SNAKE, 0.01
6149, 3, 32, Status.WALL, 0.01
6150, 8, 52, Status.SNAKE, 0.01
6151, 3, 24, Status.SNAKE, 0.01
6152, 13, 90, Status.SNAKE, 0.01
6153, 4, 24, Status.SNAKE, 0.01
6154, 8, 83, Status.SNAKE, 0.01
6155, 9, 64, Status.SNAKE, 0.01
6156, 7, 55, Status.SNAKE, 0.01
6157, 6, 55, Status.SNAKE, 0.01
6158, 9, 85, Status.SNAKE, 0.01
6159, 9, 40, Status.SNAKE, 0.01
6160, 1, 3, Status.SNAKE, 0.01
6161, 11, 75, Status.SNAKE, 0.01
6162, 18, 130, Status.SNAKE, 0.01
6163, 4, 28, Status.SNAKE, 0.01
6164, 17, 120, Status.WALL, 0.01
6165, 10, 57, Status.SNAKE, 0.01
6166, 3, 15, Status.WALL, 0.01
6167, 8, 39, Status.SNAKE, 0.01
6168, 5, 38, Status.SNAKE, 0.01
6169, 6, 48, Status.SNAKE, 0.01
6170, 5, 45, Status.SNAKE, 0.01
6171, 12, 99, Status.SNAKE, 0.01
6172, 8, 59, Status.SNAKE, 0.01
6173, 5, 23, Status.SNAKE, 0.01
6174, 14, 88, Status.SNAKE, 0.01
6175, 2, 11, Status.SNAKE, 0.01
6176, 2, 13, Status.WALL, 0.01
6177, 7, 51, Status.SNAKE, 0.01
6178, 5, 31, Status.SNAKE, 0.01
6179, 7, 67, Status.SNAKE, 0.01
6180, 3, 12, Status.WALL, 0.01
6181, 3, 33, Status.SNAKE, 0.01
6182, 4, 25, Status.SNAKE, 0.01
6183, 2, 22, Status.WALL, 0.01
6184, 9, 68, Status.SNAKE, 0.01
6185, 9, 65, Status.SNAKE, 0.01
6186, 11, 97, Status.SNAKE, 0.01
6187, 10, 66, Status.WALL, 0.01
6188, 11, 73, Status.SNAKE, 0.01
6189, 3, 27, Status.SNAKE, 0.01
6190, 2, 11, Status.WALL, 0.01
6191, 16, 108, Status.SNAKE, 0.01
6192, 12, 78, Status.SNAKE, 0.01
6193, 3, 23, Status.SNAKE, 0.01
6194, 7, 55, Status.WALL, 0.01
6195, 6, 65, Status.SNAKE, 0.01
6196, 2, 21, Status.SNAKE, 0.01
6197, 7, 58, Status.SNAKE, 0.01
6198, 6, 47, Status.SNAKE, 0.01
6199, 8, 41, Status.SNAKE, 0.01
6200, 6, 34, Status.WALL, 0.01
6201, 11, 99, Status.SNAKE, 0.01
6202, 11, 50, Status.SNAKE, 0.01
6203, 10, 60, Status.SNAKE, 0.01
6204, 6, 49, Status.SNAKE, 0.01
6205, 2, 6, Status.SNAKE, 0.01
6206, 0, 21, Status.WALL, 0.01
6207, 7, 52, Status.SNAKE, 0.01
6208, 18, 128, Status.SNAKE, 0.01
6209, 10, 82, Status.SNAKE, 0.01
6210, 9, 67, Status.SNAKE, 0.01
6211, 2, 17, Status.SNAKE, 0.01
6212, 2, 17, Status.SNAKE, 0.01
6213, 6, 38, Status.WALL, 0.01
6214, 11, 84, Status.SNAKE, 0.01
6215, 12, 112, Status.SNAKE, 0.01
6216, 5, 38, Status.SNAKE, 0.01
6217, 3, 30, Status.WALL, 0.01
6218, 13, 91, Status.SNAKE, 0.01
6219, 7, 48, Status.SNAKE, 0.01
6220, 1, 9, Status.SNAKE, 0.01
6221, 7, 61, Status.SNAKE, 0.01
6222, 5, 24, Status.WALL, 0.01
6223, 6, 43, Status.SNAKE, 0.01
6224, 14, 137, Status.WALL, 0.01
6225, 11, 116, Status.WALL, 0.01
6226, 4, 44, Status.SNAKE, 0.01
6227, 3, 20, Status.SNAKE, 0.01
6228, 9, 79, Status.SNAKE, 0.01
6229, 3, 15, Status.SNAKE, 0.01
6230, 5, 27, Status.SNAKE, 0.01
6231, 7, 55, Status.SNAKE, 0.01
6232, 6, 44, Status.SNAKE, 0.01
6233, 13, 95, Status.WALL, 0.01
6234, 5, 30, Status.SNAKE, 0.01
6235, 5, 61, Status.SNAKE, 0.01
6236, 6, 55, Status.WALL, 0.01
6237, 5, 39, Status.WALL, 0.01
6238, 11, 62, Status.SNAKE, 0.01
6239, 15, 118, Status.SNAKE, 0.01
6240, 12, 90, Status.SNAKE, 0.01
6241, 7, 42, Status.SNAKE, 0.01
6242, 5, 39, Status.SNAKE, 0.01
6243, 1, 17, Status.SNAKE, 0.01
6244, 7, 61, Status.SNAKE, 0.01
6245, 9, 70, Status.SNAKE, 0.01
6246, 11, 75, Status.SNAKE, 0.01
6247, 10, 71, Status.SNAKE, 0.01
6248, 6, 59, Status.SNAKE, 0.01
6249, 13, 118, Status.SNAKE, 0.01
6250, 3, 20, Status.SNAKE, 0.01
6251, 10, 51, Status.WALL, 0.01
6252, 12, 88, Status.SNAKE, 0.01
6253, 8, 68, Status.SNAKE, 0.01
6254, 11, 75, Status.SNAKE, 0.01
6255, 13, 112, Status.SNAKE, 0.01
6256, 9, 57, Status.SNAKE, 0.01
6257, 10, 70, Status.SNAKE, 0.01
6258, 15, 124, Status.SNAKE, 0.01
6259, 1, 10, Status.WALL, 0.01
6260, 7, 55, Status.SNAKE, 0.01
6261, 12, 70, Status.SNAKE, 0.01
6262, 10, 70, Status.SNAKE, 0.01
6263, 1, 6, Status.SNAKE, 0.01
6264, 14, 111, Status.SNAKE, 0.01
6265, 14, 101, Status.SNAKE, 0.01
6266, 13, 78, Status.SNAKE, 0.01
6267, 1, 17, Status.SNAKE, 0.01
6268, 6, 33, Status.SNAKE, 0.01
6269, 5, 25, Status.SNAKE, 0.01
6270, 15, 94, Status.SNAKE, 0.01
6271, 7, 86, Status.SNAKE, 0.01
6272, 4, 26, Status.SNAKE, 0.01
6273, 17, 107, Status.SNAKE, 0.01
6274, 6, 50, Status.SNAKE, 0.01
6275, 10, 70, Status.SNAKE, 0.01
6276, 10, 68, Status.SNAKE, 0.01
6277, 11, 118, Status.SNAKE, 0.01
6278, 6, 38, Status.SNAKE, 0.01
6279, 14, 120, Status.SNAKE, 0.01
6280, 6, 42, Status.SNAKE, 0.01
6281, 4, 65, Status.WALL, 0.01
6282, 5, 105, Status.SNAKE, 0.01
6283, 4, 18, Status.WALL, 0.01
6284, 7, 86, Status.SNAKE, 0.01
6285, 11, 93, Status.WALL, 0.01
6286, 4, 26, Status.SNAKE, 0.01
6287, 8, 79, Status.SNAKE, 0.01
6288, 19, 140, Status.SNAKE, 0.01
6289, 8, 67, Status.SNAKE, 0.01
6290, 3, 19, Status.SNAKE, 0.01
6291, 5, 31, Status.SNAKE, 0.01
6292, 4, 30, Status.SNAKE, 0.01
6293, 1, 5, Status.SNAKE, 0.01
6294, 9, 47, Status.SNAKE, 0.01
6295, 0, 21, Status.WALL, 0.01
6296, 9, 69, Status.SNAKE, 0.01
6297, 2, 16, Status.SNAKE, 0.01
6298, 8, 59, Status.SNAKE, 0.01
6299, 8, 65, Status.SNAKE, 0.01
6300, 8, 84, Status.SNAKE, 0.01
6301, 10, 69, Status.SNAKE, 0.01
6302, 1, 16, Status.SNAKE, 0.01
6303, 5, 47, Status.SNAKE, 0.01
6304, 10, 72, Status.SNAKE, 0.01
6305, 8, 45, Status.SNAKE, 0.01
6306, 3, 32, Status.WALL, 0.01
6307, 11, 94, Status.SNAKE, 0.01
6308, 2, 12, Status.SNAKE, 0.01
6309, 12, 106, Status.SNAKE, 0.01
6310, 13, 101, Status.SNAKE, 0.01
6311, 3, 24, Status.SNAKE, 0.01
6312, 10, 79, Status.SNAKE, 0.01
6313, 6, 37, Status.SNAKE, 0.01
6314, 8, 113, Status.WALL, 0.01
6315, 2, 9, Status.SNAKE, 0.01
6316, 2, 14, Status.SNAKE, 0.01
6317, 5, 47, Status.SNAKE, 0.01
6318, 9, 64, Status.SNAKE, 0.01
6319, 5, 40, Status.WALL, 0.01
6320, 11, 73, Status.SNAKE, 0.01
6321, 8, 78, Status.SNAKE, 0.01
6322, 4, 54, Status.SNAKE, 0.01
6323, 2, 22, Status.SNAKE, 0.01
6324, 5, 48, Status.SNAKE, 0.01
6325, 12, 80, Status.SNAKE, 0.01
6326, 2, 5, Status.SNAKE, 0.01
6327, 5, 35, Status.SNAKE, 0.01
6328, 7, 62, Status.SNAKE, 0.01
6329, 10, 69, Status.SNAKE, 0.01
6330, 1, 5, Status.SNAKE, 0.01
6331, 2, 14, Status.WALL, 0.01
6332, 1, 5, Status.SNAKE, 0.01
6333, 4, 50, Status.WALL, 0.01
6334, 7, 58, Status.WALL, 0.01
6335, 9, 84, Status.WALL, 0.01
6336, 2, 23, Status.WALL, 0.01
6337, 7, 45, Status.SNAKE, 0.01
6338, 8, 64, Status.SNAKE, 0.01
6339, 6, 56, Status.SNAKE, 0.01
6340, 8, 53, Status.SNAKE, 0.01
6341, 19, 152, Status.SNAKE, 0.01
6342, 15, 107, Status.SNAKE, 0.01
6343, 5, 37, Status.SNAKE, 0.01
6344, 3, 43, Status.WALL, 0.01
6345, 1, 10, Status.SNAKE, 0.01
6346, 1, 12, Status.SNAKE, 0.01
6347, 4, 25, Status.SNAKE, 0.01
6348, 6, 69, Status.SNAKE, 0.01
6349, 10, 56, Status.WALL, 0.01
6350, 8, 71, Status.SNAKE, 0.01
6351, 14, 109, Status.SNAKE, 0.01
6352, 2, 8, Status.SNAKE, 0.01
6353, 9, 107, Status.SNAKE, 0.01
6354, 8, 54, Status.SNAKE, 0.01
6355, 1, 6, Status.SNAKE, 0.01
6356, 9, 61, Status.SNAKE, 0.01
6357, 7, 57, Status.SNAKE, 0.01
6358, 4, 33, Status.SNAKE, 0.01
6359, 6, 48, Status.SNAKE, 0.01
6360, 8, 46, Status.SNAKE, 0.01
6361, 3, 41, Status.WALL, 0.01
6362, 8, 91, Status.SNAKE, 0.01
6363, 3, 56, Status.SNAKE, 0.01
6364, 1, 14, Status.SNAKE, 0.01
6365, 4, 12, Status.SNAKE, 0.01
6366, 9, 56, Status.SNAKE, 0.01
6367, 11, 87, Status.SNAKE, 0.01
6368, 5, 44, Status.SNAKE, 0.01
6369, 10, 54, Status.SNAKE, 0.01
6370, 10, 76, Status.SNAKE, 0.01
6371, 6, 61, Status.WALL, 0.01
6372, 19, 163, Status.SNAKE, 0.01
6373, 10, 83, Status.SNAKE, 0.01
6374, 12, 85, Status.SNAKE, 0.01
6375, 3, 36, Status.SNAKE, 0.01
6376, 13, 93, Status.SNAKE, 0.01
6377, 10, 63, Status.SNAKE, 0.01
6378, 5, 28, Status.SNAKE, 0.01
6379, 12, 92, Status.SNAKE, 0.01
6380, 8, 58, Status.SNAKE, 0.01
6381, 14, 121, Status.SNAKE, 0.01
6382, 13, 123, Status.SNAKE, 0.01
6383, 1, 8, Status.WALL, 0.01
6384, 13, 82, Status.SNAKE, 0.01
6385, 14, 106, Status.WALL, 0.01
6386, 5, 36, Status.WALL, 0.01
6387, 11, 61, Status.SNAKE, 0.01
6388, 3, 16, Status.SNAKE, 0.01
6389, 7, 53, Status.SNAKE, 0.01
6390, 4, 31, Status.SNAKE, 0.01
6391, 4, 30, Status.SNAKE, 0.01
6392, 12, 75, Status.SNAKE, 0.01
6393, 11, 82, Status.SNAKE, 0.01
6394, 6, 38, Status.SNAKE, 0.01
6395, 5, 22, Status.SNAKE, 0.01
6396, 15, 104, Status.SNAKE, 0.01
6397, 13, 97, Status.SNAKE, 0.01
6398, 1, 7, Status.SNAKE, 0.01
6399, 14, 143, Status.WALL, 0.01
6400, 9, 55, Status.SNAKE, 0.01
6401, 7, 46, Status.SNAKE, 0.01
6402, 6, 42, Status.SNAKE, 0.01
6403, 3, 19, Status.SNAKE, 0.01
6404, 9, 55, Status.SNAKE, 0.01
6405, 8, 67, Status.SNAKE, 0.01
6406, 9, 65, Status.SNAKE, 0.01
6407, 2, 18, Status.SNAKE, 0.01
6408, 5, 47, Status.SNAKE, 0.01
6409, 10, 88, Status.SNAKE, 0.01
6410, 4, 36, Status.WALL, 0.01
6411, 5, 36, Status.SNAKE, 0.01
6412, 1, 14, Status.SNAKE, 0.01
6413, 8, 73, Status.WALL, 0.01
6414, 7, 58, Status.SNAKE, 0.01
6415, 3, 24, Status.SNAKE, 0.01
6416, 16, 100, Status.SNAKE, 0.01
6417, 12, 87, Status.SNAKE, 0.01
6418, 10, 58, Status.SNAKE, 0.01
6419, 11, 72, Status.SNAKE, 0.01
6420, 2, 10, Status.WALL, 0.01
6421, 15, 88, Status.SNAKE, 0.01
6422, 6, 33, Status.SNAKE, 0.01
6423, 4, 31, Status.WALL, 0.01
6424, 6, 65, Status.SNAKE, 0.01
6425, 3, 25, Status.SNAKE, 0.01
6426, 15, 90, Status.SNAKE, 0.01
6427, 15, 108, Status.SNAKE, 0.01
6428, 5, 36, Status.SNAKE, 0.01
6429, 9, 78, Status.SNAKE, 0.01
6430, 1, 7, Status.SNAKE, 0.01
6431, 12, 80, Status.SNAKE, 0.01
6432, 7, 39, Status.SNAKE, 0.01
6433, 12, 84, Status.SNAKE, 0.01
6434, 9, 76, Status.SNAKE, 0.01
6435, 5, 32, Status.WALL, 0.01
6436, 15, 89, Status.SNAKE, 0.01
6437, 5, 43, Status.SNAKE, 0.01
6438, 5, 35, Status.SNAKE, 0.01
6439, 16, 113, Status.SNAKE, 0.01
6440, 4, 36, Status.SNAKE, 0.01
6441, 12, 74, Status.SNAKE, 0.01
6442, 14, 101, Status.SNAKE, 0.01
6443, 3, 14, Status.SNAKE, 0.01
6444, 9, 56, Status.SNAKE, 0.01
6445, 10, 74, Status.SNAKE, 0.01
6446, 4, 36, Status.SNAKE, 0.01
6447, 4, 19, Status.SNAKE, 0.01
6448, 11, 84, Status.SNAKE, 0.01
6449, 9, 46, Status.SNAKE, 0.01
6450, 5, 43, Status.SNAKE, 0.01
6451, 8, 59, Status.SNAKE, 0.01
6452, 6, 41, Status.SNAKE, 0.01
6453, 2, 9, Status.SNAKE, 0.01
6454, 10, 66, Status.SNAKE, 0.01
6455, 7, 39, Status.SNAKE, 0.01
6456, 11, 80, Status.SNAKE, 0.01
6457, 18, 135, Status.SNAKE, 0.01
6458, 8, 36, Status.SNAKE, 0.01
6459, 4, 18, Status.SNAKE, 0.01
6460, 17, 139, Status.SNAKE, 0.01
6461, 5, 42, Status.SNAKE, 0.01
6462, 6, 42, Status.SNAKE, 0.01
6463, 4, 25, Status.SNAKE, 0.01
6464, 19, 121, Status.SNAKE, 0.01
6465, 15, 96, Status.SNAKE, 0.01
6466, 14, 82, Status.SNAKE, 0.01
6467, 15, 127, Status.SNAKE, 0.01
6468, 7, 39, Status.SNAKE, 0.01
6469, 9, 47, Status.WALL, 0.01
6470, 12, 92, Status.SNAKE, 0.01
6471, 9, 57, Status.SNAKE, 0.01
6472, 16, 112, Status.SNAKE, 0.01
6473, 7, 66, Status.SNAKE, 0.01
6474, 12, 72, Status.SNAKE, 0.01
6475, 7, 52, Status.WALL, 0.01
6476, 2, 12, Status.WALL, 0.01
6477, 4, 35, Status.SNAKE, 0.01
6478, 1, 5, Status.SNAKE, 0.01
6479, 8, 56, Status.SNAKE, 0.01
6480, 8, 51, Status.SNAKE, 0.01
6481, 8, 46, Status.WALL, 0.01
6482, 7, 63, Status.SNAKE, 0.01
6483, 12, 113, Status.SNAKE, 0.01
6484, 8, 55, Status.SNAKE, 0.01
6485, 2, 14, Status.SNAKE, 0.01
6486, 20, 144, Status.SNAKE, 0.01
6487, 17, 120, Status.SNAKE, 0.01
6488, 9, 65, Status.SNAKE, 0.01
6489, 8, 52, Status.SNAKE, 0.01
6490, 7, 40, Status.SNAKE, 0.01
6491, 10, 96, Status.SNAKE, 0.01
6492, 13, 95, Status.WALL, 0.01
6493, 8, 47, Status.SNAKE, 0.01
6494, 17, 124, Status.SNAKE, 0.01
6495, 2, 38, Status.WALL, 0.01
6496, 12, 110, Status.WALL, 0.01
6497, 1, 8, Status.SNAKE, 0.01
6498, 5, 57, Status.SNAKE, 0.01
6499, 3, 33, Status.WALL, 0.01
6500, 2, 17, Status.SNAKE, 0.01
6501, 9, 55, Status.SNAKE, 0.01
6502, 9, 73, Status.SNAKE, 0.01
6503, 15, 115, Status.SNAKE, 0.01
6504, 8, 44, Status.SNAKE, 0.01
6505, 14, 111, Status.SNAKE, 0.01
6506, 8, 71, Status.SNAKE, 0.01
6507, 6, 40, Status.SNAKE, 0.01
6508, 11, 63, Status.SNAKE, 0.01
6509, 6, 47, Status.SNAKE, 0.01
6510, 6, 60, Status.WALL, 0.01
6511, 7, 56, Status.SNAKE, 0.01
6512, 3, 29, Status.SNAKE, 0.01
6513, 1, 10, Status.WALL, 0.01
6514, 11, 94, Status.SNAKE, 0.01
6515, 5, 36, Status.SNAKE, 0.01
6516, 1, 5, Status.SNAKE, 0.01
6517, 1, 10, Status.WALL, 0.01
6518, 2, 10, Status.WALL, 0.01
6519, 3, 26, Status.WALL, 0.01
6520, 2, 8, Status.SNAKE, 0.01
6521, 6, 46, Status.SNAKE, 0.01
6522, 9, 60, Status.SNAKE, 0.01
6523, 6, 48, Status.SNAKE, 0.01
6524, 6, 48, Status.SNAKE, 0.01
6525, 6, 52, Status.SNAKE, 0.01
6526, 3, 14, Status.SNAKE, 0.01
6527, 6, 52, Status.SNAKE, 0.01
6528, 10, 57, Status.SNAKE, 0.01
6529, 2, 16, Status.SNAKE, 0.01
6530, 4, 33, Status.SNAKE, 0.01
6531, 12, 80, Status.SNAKE, 0.01
6532, 9, 66, Status.SNAKE, 0.01
6533, 4, 32, Status.SNAKE, 0.01
6534, 8, 58, Status.WALL, 0.01
6535, 3, 17, Status.SNAKE, 0.01
6536, 17, 99, Status.SNAKE, 0.01
6537, 2, 11, Status.WALL, 0.01
6538, 12, 107, Status.SNAKE, 0.01
6539, 18, 139, Status.SNAKE, 0.01
6540, 5, 45, Status.SNAKE, 0.01
6541, 10, 59, Status.SNAKE, 0.01
6542, 18, 136, Status.SNAKE, 0.01
6543, 6, 46, Status.WALL, 0.01
6544, 9, 72, Status.WALL, 0.01
6545, 3, 40, Status.WALL, 0.01
6546, 7, 51, Status.SNAKE, 0.01
6547, 1, 6, Status.SNAKE, 0.01
6548, 7, 59, Status.SNAKE, 0.01
6549, 17, 116, Status.SNAKE, 0.01
6550, 10, 64, Status.SNAKE, 0.01
6551, 1, 14, Status.WALL, 0.01
6552, 3, 24, Status.SNAKE, 0.01
6553, 10, 72, Status.SNAKE, 0.01
6554, 4, 15, Status.SNAKE, 0.01
6555, 6, 40, Status.WALL, 0.01
6556, 6, 39, Status.SNAKE, 0.01
6557, 15, 107, Status.WALL, 0.01
6558, 5, 43, Status.WALL, 0.01
6559, 15, 111, Status.SNAKE, 0.01
6560, 1, 10, Status.WALL, 0.01
6561, 13, 106, Status.SNAKE, 0.01
6562, 6, 41, Status.SNAKE, 0.01
6563, 11, 57, Status.SNAKE, 0.01
6564, 5, 56, Status.SNAKE, 0.01
6565, 3, 25, Status.SNAKE, 0.01
6566, 11, 79, Status.SNAKE, 0.01
6567, 0, 7, Status.WALL, 0.01
6568, 12, 88, Status.SNAKE, 0.01
6569, 11, 76, Status.SNAKE, 0.01
6570, 16, 115, Status.SNAKE, 0.01
6571, 2, 18, Status.SNAKE, 0.01
6572, 3, 14, Status.SNAKE, 0.01
6573, 7, 46, Status.SNAKE, 0.01
6574, 7, 50, Status.WALL, 0.01
6575, 8, 62, Status.SNAKE, 0.01
6576, 7, 43, Status.SNAKE, 0.01
6577, 12, 67, Status.SNAKE, 0.01
6578, 6, 52, Status.SNAKE, 0.01
6579, 1, 8, Status.WALL, 0.01
6580, 5, 40, Status.SNAKE, 0.01
6581, 3, 18, Status.SNAKE, 0.01
6582, 14, 89, Status.SNAKE, 0.01
6583, 4, 31, Status.SNAKE, 0.01
6584, 5, 42, Status.SNAKE, 0.01
6585, 9, 83, Status.SNAKE, 0.01
6586, 12, 88, Status.SNAKE, 0.01
6587, 8, 75, Status.SNAKE, 0.01
6588, 9, 71, Status.SNAKE, 0.01
6589, 9, 66, Status.SNAKE, 0.01
6590, 9, 72, Status.WALL, 0.01
6591, 11, 79, Status.SNAKE, 0.01
6592, 7, 47, Status.SNAKE, 0.01
6593, 9, 67, Status.WALL, 0.01
6594, 7, 47, Status.SNAKE, 0.01
6595, 10, 66, Status.WALL, 0.01
6596, 3, 9, Status.WALL, 0.01
6597, 5, 22, Status.SNAKE, 0.01
6598, 2, 9, Status.SNAKE, 0.01
6599, 8, 44, Status.SNAKE, 0.01
6600, 15, 124, Status.WALL, 0.01
6601, 5, 25, Status.WALL, 0.01
6602, 7, 51, Status.SNAKE, 0.01
6603, 14, 107, Status.SNAKE, 0.01
6604, 12, 77, Status.SNAKE, 0.01
6605, 14, 111, Status.SNAKE, 0.01
6606, 10, 62, Status.WALL, 0.01
6607, 12, 88, Status.SNAKE, 0.01
6608, 4, 31, Status.SNAKE, 0.01
6609, 6, 36, Status.SNAKE, 0.01
6610, 7, 49, Status.SNAKE, 0.01
6611, 6, 35, Status.SNAKE, 0.01
6612, 12, 71, Status.WALL, 0.01
6613, 9, 69, Status.SNAKE, 0.01
6614, 5, 32, Status.SNAKE, 0.01
6615, 13, 116, Status.SNAKE, 0.01
6616, 2, 15, Status.SNAKE, 0.01
6617, 8, 55, Status.WALL, 0.01
6618, 11, 98, Status.WALL, 0.01
6619, 7, 67, Status.WALL, 0.01
6620, 15, 141, Status.SNAKE, 0.01
6621, 9, 56, Status.SNAKE, 0.01
6622, 5, 25, Status.SNAKE, 0.01
6623, 1, 5, Status.SNAKE, 0.01
6624, 16, 107, Status.SNAKE, 0.01
6625, 10, 52, Status.WALL, 0.01
6626, 7, 63, Status.WALL, 0.01
6627, 12, 95, Status.SNAKE, 0.01
6628, 14, 96, Status.SNAKE, 0.01
6629, 10, 89, Status.SNAKE, 0.01
6630, 9, 48, Status.SNAKE, 0.01
6631, 6, 40, Status.SNAKE, 0.01
6632, 12, 68, Status.SNAKE, 0.01
6633, 14, 107, Status.SNAKE, 0.01
6634, 9, 85, Status.SNAKE, 0.01
6635, 7, 49, Status.WALL, 0.01
6636, 4, 28, Status.SNAKE, 0.01
6637, 9, 81, Status.SNAKE, 0.01
6638, 11, 68, Status.WALL, 0.01
6639, 22, 178, Status.SNAKE, 0.01
6640, 8, 43, Status.SNAKE, 0.01
6641, 2, 16, Status.SNAKE, 0.01
6642, 14, 85, Status.SNAKE, 0.01
6643, 3, 31, Status.WALL, 0.01
6644, 7, 53, Status.SNAKE, 0.01
6645, 13, 125, Status.SNAKE, 0.01
6646, 4, 36, Status.SNAKE, 0.01
6647, 9, 49, Status.SNAKE, 0.01
6648, 7, 33, Status.SNAKE, 0.01
6649, 11, 93, Status.SNAKE, 0.01
6650, 2, 11, Status.WALL, 0.01
6651, 5, 22, Status.SNAKE, 0.01
6652, 10, 66, Status.WALL, 0.01
6653, 5, 36, Status.SNAKE, 0.01
6654, 7, 63, Status.SNAKE, 0.01
6655, 9, 65, Status.SNAKE, 0.01
6656, 4, 22, Status.SNAKE, 0.01
6657, 8, 70, Status.WALL, 0.01
6658, 9, 67, Status.SNAKE, 0.01
6659, 10, 55, Status.SNAKE, 0.01
6660, 1, 5, Status.SNAKE, 0.01
6661, 12, 115, Status.SNAKE, 0.01
6662, 11, 72, Status.SNAKE, 0.01
6663, 23, 147, Status.SNAKE, 0.01
6664, 3, 13, Status.SNAKE, 0.01
6665, 7, 46, Status.SNAKE, 0.01
6666, 9, 55, Status.SNAKE, 0.01
6667, 10, 67, Status.SNAKE, 0.01
6668, 23, 159, Status.SNAKE, 0.01
6669, 11, 61, Status.SNAKE, 0.01
6670, 6, 54, Status.SNAKE, 0.01
6671, 6, 60, Status.WALL, 0.01
6672, 15, 96, Status.SNAKE, 0.01
6673, 6, 46, Status.WALL, 0.01
6674, 1, 8, Status.SNAKE, 0.01
6675, 14, 90, Status.SNAKE, 0.01
6676, 5, 29, Status.SNAKE, 0.01
6677, 3, 15, Status.SNAKE, 0.01
6678, 15, 88, Status.SNAKE, 0.01
6679, 14, 103, Status.WALL, 0.01
6680, 7, 42, Status.SNAKE, 0.01
6681, 12, 81, Status.SNAKE, 0.01
6682, 5, 27, Status.SNAKE, 0.01
6683, 8, 50, Status.SNAKE, 0.01
6684, 3, 24, Status.SNAKE, 0.01
6685, 12, 92, Status.SNAKE, 0.01
6686, 6, 48, Status.SNAKE, 0.01
6687, 1, 5, Status.SNAKE, 0.01
6688, 9, 58, Status.SNAKE, 0.01
6689, 5, 34, Status.SNAKE, 0.01
6690, 3, 11, Status.WALL, 0.01
6691, 5, 43, Status.SNAKE, 0.01
6692, 3, 25, Status.SNAKE, 0.01
6693, 12, 86, Status.WALL, 0.01
6694, 9, 65, Status.SNAKE, 0.01
6695, 16, 121, Status.SNAKE, 0.01
6696, 7, 53, Status.WALL, 0.01
6697, 3, 23, Status.SNAKE, 0.01
6698, 9, 75, Status.SNAKE, 0.01
6699, 6, 70, Status.SNAKE, 0.01
6700, 11, 70, Status.WALL, 0.01
6701, 3, 15, Status.SNAKE, 0.01
6702, 12, 76, Status.SNAKE, 0.01
6703, 3, 26, Status.SNAKE, 0.01
6704, 7, 35, Status.SNAKE, 0.01
6705, 7, 51, Status.SNAKE, 0.01
6706, 10, 71, Status.SNAKE, 0.01
6707, 10, 86, Status.SNAKE, 0.01
6708, 2, 20, Status.SNAKE, 0.01
6709, 10, 67, Status.SNAKE, 0.01
6710, 16, 109, Status.SNAKE, 0.01
6711, 3, 21, Status.SNAKE, 0.01
6712, 14, 88, Status.SNAKE, 0.01
6713, 3, 23, Status.SNAKE, 0.01
6714, 11, 91, Status.SNAKE, 0.01
6715, 7, 64, Status.SNAKE, 0.01
6716, 7, 57, Status.SNAKE, 0.01
6717, 15, 126, Status.SNAKE, 0.01
6718, 7, 77, Status.SNAKE, 0.01
6719, 9, 48, Status.WALL, 0.01
6720, 8, 79, Status.SNAKE, 0.01
6721, 7, 73, Status.WALL, 0.01
6722, 13, 101, Status.SNAKE, 0.01
6723, 13, 104, Status.WALL, 0.01
6724, 4, 27, Status.SNAKE, 0.01
6725, 6, 30, Status.SNAKE, 0.01
6726, 10, 96, Status.SNAKE, 0.01
6727, 18, 130, Status.SNAKE, 0.01
6728, 5, 36, Status.SNAKE, 0.01
6729, 6, 46, Status.SNAKE, 0.01
6730, 5, 48, Status.WALL, 0.01
6731, 3, 43, Status.WALL, 0.01
6732, 10, 78, Status.WALL, 0.01
6733, 9, 64, Status.SNAKE, 0.01
6734, 11, 56, Status.SNAKE, 0.01
6735, 8, 52, Status.SNAKE, 0.01
6736, 16, 108, Status.SNAKE, 0.01
6737, 5, 27, Status.SNAKE, 0.01
6738, 13, 91, Status.WALL, 0.01
6739, 16, 124, Status.SNAKE, 0.01
6740, 9, 72, Status.WALL, 0.01
6741, 7, 56, Status.SNAKE, 0.01
6742, 18, 123, Status.SNAKE, 0.01
6743, 0, 7, Status.WALL, 0.01
6744, 8, 71, Status.SNAKE, 0.01
6745, 11, 78, Status.SNAKE, 0.01
6746, 1, 5, Status.SNAKE, 0.01
6747, 8, 51, Status.SNAKE, 0.01
6748, 14, 104, Status.SNAKE, 0.01
6749, 10, 67, Status.SNAKE, 0.01
6750, 6, 41, Status.SNAKE, 0.01
6751, 8, 55, Status.SNAKE, 0.01
6752, 6, 52, Status.SNAKE, 0.01
6753, 3, 22, Status.WALL, 0.01
6754, 5, 34, Status.SNAKE, 0.01
6755, 5, 47, Status.WALL, 0.01
6756, 14, 127, Status.SNAKE, 0.01
6757, 6, 50, Status.SNAKE, 0.01
6758, 16, 113, Status.SNAKE, 0.01
6759, 8, 50, Status.SNAKE, 0.01
6760, 1, 9, Status.WALL, 0.01
6761, 9, 67, Status.SNAKE, 0.01
6762, 7, 60, Status.SNAKE, 0.01
6763, 16, 138, Status.SNAKE, 0.01
6764, 8, 52, Status.SNAKE, 0.01
6765, 11, 54, Status.SNAKE, 0.01
6766, 11, 91, Status.SNAKE, 0.01
6767, 6, 17, Status.SNAKE, 0.01
6768, 1, 6, Status.SNAKE, 0.01
6769, 11, 76, Status.SNAKE, 0.01
6770, 11, 77, Status.SNAKE, 0.01
6771, 12, 92, Status.SNAKE, 0.01
6772, 9, 48, Status.SNAKE, 0.01
6773, 5, 25, Status.SNAKE, 0.01
6774, 1, 7, Status.WALL, 0.01
6775, 10, 63, Status.SNAKE, 0.01
6776, 17, 94, Status.SNAKE, 0.01
6777, 13, 71, Status.SNAKE, 0.01
6778, 12, 104, Status.WALL, 0.01
6779, 4, 34, Status.SNAKE, 0.01
6780, 5, 25, Status.SNAKE, 0.01
6781, 0, 5, Status.WALL, 0.01
6782, 1, 17, Status.WALL, 0.01
6783, 10, 91, Status.SNAKE, 0.01
6784, 9, 63, Status.SNAKE, 0.01
6785, 11, 89, Status.SNAKE, 0.01
6786, 11, 89, Status.SNAKE, 0.01
6787, 14, 92, Status.WALL, 0.01
6788, 12, 83, Status.SNAKE, 0.01
6789, 7, 31, Status.SNAKE, 0.01
6790, 17, 120, Status.SNAKE, 0.01
6791, 7, 56, Status.WALL, 0.01
6792, 3, 21, Status.SNAKE, 0.01
6793, 1, 5, Status.SNAKE, 0.01
6794, 6, 25, Status.WALL, 0.01
6795, 11, 70, Status.SNAKE, 0.01
6796, 10, 65, Status.SNAKE, 0.01
6797, 2, 28, Status.SNAKE, 0.01
6798, 13, 91, Status.SNAKE, 0.01
6799, 14, 117, Status.WALL, 0.01
6800, 6, 37, Status.WALL, 0.01
6801, 10, 78, Status.SNAKE, 0.01
6802, 14, 84, Status.SNAKE, 0.01
6803, 9, 57, Status.SNAKE, 0.01
6804, 3, 14, Status.SNAKE, 0.01
6805, 9, 57, Status.SNAKE, 0.01
6806, 4, 22, Status.SNAKE, 0.01
6807, 17, 116, Status.SNAKE, 0.01
6808, 14, 93, Status.WALL, 0.01
6809, 2, 10, Status.SNAKE, 0.01
6810, 6, 37, Status.SNAKE, 0.01
6811, 3, 18, Status.WALL, 0.01
6812, 3, 13, Status.SNAKE, 0.01
6813, 11, 68, Status.SNAKE, 0.01
6814, 1, 3, Status.SNAKE, 0.01
6815, 18, 104, Status.SNAKE, 0.01
6816, 11, 74, Status.SNAKE, 0.01
6817, 4, 33, Status.WALL, 0.01
6818, 5, 31, Status.SNAKE, 0.01
6819, 13, 89, Status.WALL, 0.01
6820, 2, 22, Status.WALL, 0.01
6821, 3, 9, Status.WALL, 0.01
6822, 9, 88, Status.SNAKE, 0.01
6823, 6, 49, Status.SNAKE, 0.01
6824, 16, 104, Status.SNAKE, 0.01
6825, 8, 65, Status.WALL, 0.01
6826, 7, 33, Status.SNAKE, 0.01
6827, 5, 38, Status.WALL, 0.01
6828, 8, 53, Status.SNAKE, 0.01
6829, 11, 72, Status.SNAKE, 0.01
6830, 5, 38, Status.WALL, 0.01
6831, 10, 65, Status.WALL, 0.01
6832, 2, 15, Status.SNAKE, 0.01
6833, 6, 41, Status.SNAKE, 0.01
6834, 11, 73, Status.SNAKE, 0.01
6835, 7, 43, Status.SNAKE, 0.01
6836, 5, 40, Status.SNAKE, 0.01
6837, 8, 29, Status.WALL, 0.01
6838, 2, 12, Status.SNAKE, 0.01
6839, 12, 95, Status.SNAKE, 0.01
6840, 1, 7, Status.SNAKE, 0.01
6841, 6, 26, Status.SNAKE, 0.01
6842, 14, 97, Status.SNAKE, 0.01
6843, 16, 105, Status.SNAKE, 0.01
6844, 10, 85, Status.WALL, 0.01
6845, 4, 40, Status.SNAKE, 0.01
6846, 1, 10, Status.WALL, 0.01
6847, 6, 50, Status.SNAKE, 0.01
6848, 7, 53, Status.WALL, 0.01
6849, 8, 40, Status.SNAKE, 0.01
6850, 12, 86, Status.SNAKE, 0.01
6851, 7, 37, Status.SNAKE, 0.01
6852, 2, 19, Status.SNAKE, 0.01
6853, 6, 30, Status.SNAKE, 0.01
6854, 3, 14, Status.SNAKE, 0.01
6855, 12, 92, Status.SNAKE, 0.01
6856, 8, 59, Status.WALL, 0.01
6857, 6, 26, Status.WALL, 0.01
6858, 8, 72, Status.SNAKE, 0.01
6859, 6, 52, Status.WALL, 0.01
6860, 17, 121, Status.SNAKE, 0.01
6861, 10, 73, Status.SNAKE, 0.01
6862, 7, 37, Status.SNAKE, 0.01
6863, 7, 42, Status.SNAKE, 0.01
6864, 5, 37, Status.WALL, 0.01
6865, 9, 53, Status.SNAKE, 0.01
6866, 5, 32, Status.SNAKE, 0.01
6867, 1, 5, Status.SNAKE, 0.01
6868, 12, 113, Status.SNAKE, 0.01
6869, 13, 75, Status.WALL, 0.01
6870, 6, 48, Status.WALL, 0.01
6871, 7, 51, Status.SNAKE, 0.01
6872, 6, 40, Status.SNAKE, 0.01
6873, 8, 59, Status.SNAKE, 0.01
6874, 2, 6, Status.SNAKE, 0.01
6875, 2, 14, Status.WALL, 0.01
6876, 14, 92, Status.SNAKE, 0.01
6877, 3, 38, Status.WALL, 0.01
6878, 7, 55, Status.SNAKE, 0.01
6879, 7, 57, Status.SNAKE, 0.01
6880, 13, 88, Status.SNAKE, 0.01
6881, 7, 58, Status.WALL, 0.01
6882, 11, 88, Status.SNAKE, 0.01
6883, 19, 128, Status.SNAKE, 0.01
6884, 8, 59, Status.WALL, 0.01
6885, 14, 104, Status.SNAKE, 0.01
6886, 7, 48, Status.WALL, 0.01
6887, 5, 31, Status.SNAKE, 0.01
6888, 6, 53, Status.SNAKE, 0.01
6889, 5, 42, Status.SNAKE, 0.01
6890, 8, 56, Status.SNAKE, 0.01
6891, 8, 45, Status.SNAKE, 0.01
6892, 5, 27, Status.SNAKE, 0.01
6893, 5, 20, Status.SNAKE, 0.01
6894, 1, 8, Status.WALL, 0.01
6895, 3, 28, Status.WALL, 0.01
6896, 1, 3, Status.SNAKE, 0.01
6897, 14, 85, Status.SNAKE, 0.01
6898, 3, 20, Status.SNAKE, 0.01
6899, 4, 29, Status.SNAKE, 0.01
6900, 7, 33, Status.SNAKE, 0.01
6901, 5, 43, Status.SNAKE, 0.01
6902, 8, 69, Status.SNAKE, 0.01
6903, 12, 91, Status.SNAKE, 0.01
6904, 16, 92, Status.SNAKE, 0.01
6905, 6, 55, Status.SNAKE, 0.01
6906, 5, 35, Status.SNAKE, 0.01
6907, 11, 80, Status.SNAKE, 0.01
6908, 7, 38, Status.SNAKE, 0.01
6909, 14, 120, Status.SNAKE, 0.01
6910, 5, 38, Status.WALL, 0.01
6911, 9, 47, Status.SNAKE, 0.01
6912, 8, 52, Status.WALL, 0.01
6913, 10, 84, Status.SNAKE, 0.01
6914, 5, 44, Status.SNAKE, 0.01
6915, 12, 82, Status.SNAKE, 0.01
6916, 8, 47, Status.SNAKE, 0.01
6917, 6, 32, Status.SNAKE, 0.01
6918, 7, 30, Status.SNAKE, 0.01
6919, 3, 20, Status.WALL, 0.01
6920, 4, 30, Status.SNAKE, 0.01
6921, 5, 35, Status.WALL, 0.01
6922, 1, 6, Status.WALL, 0.01
6923, 2, 16, Status.SNAKE, 0.01
6924, 12, 89, Status.SNAKE, 0.01
6925, 10, 80, Status.SNAKE, 0.01
6926, 6, 39, Status.SNAKE, 0.01
6927, 13, 86, Status.WALL, 0.01
6928, 10, 60, Status.SNAKE, 0.01
6929, 11, 70, Status.SNAKE, 0.01
6930, 8, 64, Status.SNAKE, 0.01
6931, 4, 31, Status.SNAKE, 0.01
6932, 10, 92, Status.WALL, 0.01
6933, 5, 29, Status.SNAKE, 0.01
6934, 3, 22, Status.WALL, 0.01
6935, 4, 45, Status.WALL, 0.01
6936, 8, 48, Status.SNAKE, 0.01
6937, 3, 30, Status.SNAKE, 0.01
6938, 5, 32, Status.SNAKE, 0.01
6939, 7, 46, Status.SNAKE, 0.01
6940, 4, 39, Status.SNAKE, 0.01
6941, 10, 73, Status.SNAKE, 0.01
6942, 9, 49, Status.SNAKE, 0.01
6943, 8, 46, Status.SNAKE, 0.01
6944, 8, 56, Status.SNAKE, 0.01
6945, 6, 31, Status.SNAKE, 0.01
6946, 14, 96, Status.SNAKE, 0.01
6947, 9, 86, Status.SNAKE, 0.01
6948, 13, 84, Status.SNAKE, 0.01
6949, 4, 22, Status.SNAKE, 0.01
6950, 2, 12, Status.SNAKE, 0.01
6951, 16, 110, Status.SNAKE, 0.01
6952, 6, 34, Status.SNAKE, 0.01
6953, 7, 42, Status.SNAKE, 0.01
6954, 15, 96, Status.SNAKE, 0.01
6955, 18, 153, Status.SNAKE, 0.01
6956, 4, 32, Status.SNAKE, 0.01
6957, 6, 29, Status.SNAKE, 0.01
6958, 3, 25, Status.SNAKE, 0.01
6959, 8, 64, Status.WALL, 0.01
6960, 4, 28, Status.WALL, 0.01
6961, 18, 116, Status.SNAKE, 0.01
6962, 17, 115, Status.WALL, 0.01
6963, 5, 28, Status.SNAKE, 0.01
6964, 13, 96, Status.SNAKE, 0.01
6965, 7, 47, Status.SNAKE, 0.01
6966, 6, 46, Status.SNAKE, 0.01
6967, 15, 87, Status.SNAKE, 0.01
6968, 11, 68, Status.SNAKE, 0.01
6969, 3, 22, Status.SNAKE, 0.01
6970, 3, 16, Status.WALL, 0.01
6971, 2, 12, Status.SNAKE, 0.01
6972, 4, 18, Status.WALL, 0.01
6973, 6, 60, Status.SNAKE, 0.01
6974, 1, 8, Status.SNAKE, 0.01
6975, 6, 52, Status.SNAKE, 0.01
6976, 15, 90, Status.SNAKE, 0.01
6977, 7, 56, Status.SNAKE, 0.01
6978, 7, 50, Status.SNAKE, 0.01
6979, 14, 119, Status.SNAKE, 0.01
6980, 9, 70, Status.SNAKE, 0.01
6981, 13, 89, Status.SNAKE, 0.01
6982, 4, 32, Status.SNAKE, 0.01
6983, 14, 102, Status.SNAKE, 0.01
6984, 4, 20, Status.SNAKE, 0.01
6985, 9, 64, Status.SNAKE, 0.01
6986, 9, 60, Status.SNAKE, 0.01
6987, 8, 55, Status.SNAKE, 0.01
6988, 7, 43, Status.SNAKE, 0.01
6989, 15, 100, Status.SNAKE, 0.01
6990, 6, 41, Status.SNAKE, 0.01
6991, 7, 53, Status.SNAKE, 0.01
6992, 7, 39, Status.WALL, 0.01
6993, 5, 32, Status.SNAKE, 0.01
6994, 8, 65, Status.WALL, 0.01
6995, 11, 72, Status.SNAKE, 0.01
6996, 1, 8, Status.WALL, 0.01
6997, 3, 21, Status.WALL, 0.01
6998, 7, 41, Status.SNAKE, 0.01
6999, 14, 88, Status.SNAKE, 0.01
7000, 5, 52, Status.SNAKE, 0.01
7001, 2, 10, Status.WALL, 0.01
7002, 2, 14, Status.WALL, 0.01
7003, 9, 72, Status.WALL, 0.01
7004, 1, 6, Status.SNAKE, 0.01
7005, 8, 63, Status.SNAKE, 0.01
7006, 7, 46, Status.SNAKE, 0.01
7007, 8, 61, Status.SNAKE, 0.01
7008, 1, 5, Status.SNAKE, 0.01
7009, 11, 53, Status.SNAKE, 0.01
7010, 13, 84, Status.SNAKE, 0.01
7011, 9, 83, Status.SNAKE, 0.01
7012, 11, 60, Status.SNAKE, 0.01
7013, 5, 61, Status.SNAKE, 0.01
7014, 1, 5, Status.SNAKE, 0.01
7015, 11, 80, Status.SNAKE, 0.01
7016, 7, 33, Status.SNAKE, 0.01
7017, 12, 63, Status.WALL, 0.01
7018, 10, 86, Status.SNAKE, 0.01
7019, 3, 15, Status.SNAKE, 0.01
7020, 9, 64, Status.SNAKE, 0.01
7021, 10, 74, Status.SNAKE, 0.01
7022, 4, 29, Status.SNAKE, 0.01
7023, 8, 51, Status.SNAKE, 0.01
7024, 4, 36, Status.WALL, 0.01
7025, 9, 72, Status.SNAKE, 0.01
7026, 5, 35, Status.SNAKE, 0.01
7027, 4, 25, Status.SNAKE, 0.01
7028, 8, 49, Status.SNAKE, 0.01
7029, 17, 123, Status.SNAKE, 0.01
7030, 7, 66, Status.SNAKE, 0.01
7031, 17, 112, Status.WALL, 0.01
7032, 9, 74, Status.SNAKE, 0.01
7033, 7, 60, Status.SNAKE, 0.01
7034, 2, 22, Status.WALL, 0.01
7035, 3, 32, Status.SNAKE, 0.01
7036, 16, 104, Status.SNAKE, 0.01
7037, 3, 25, Status.SNAKE, 0.01
7038, 15, 123, Status.SNAKE, 0.01
7039, 8, 77, Status.WALL, 0.01
7040, 1, 6, Status.SNAKE, 0.01
7041, 2, 24, Status.SNAKE, 0.01
7042, 10, 58, Status.SNAKE, 0.01
7043, 5, 32, Status.SNAKE, 0.01
7044, 10, 71, Status.WALL, 0.01
7045, 9, 69, Status.SNAKE, 0.01
7046, 13, 88, Status.SNAKE, 0.01
7047, 13, 78, Status.SNAKE, 0.01
7048, 0, 8, Status.WALL, 0.01
7049, 12, 93, Status.WALL, 0.01
7050, 3, 20, Status.WALL, 0.01
7051, 15, 121, Status.SNAKE, 0.01
7052, 6, 32, Status.SNAKE, 0.01
7053, 9, 60, Status.SNAKE, 0.01
7054, 14, 90, Status.SNAKE, 0.01
7055, 12, 94, Status.WALL, 0.01
7056, 5, 27, Status.SNAKE, 0.01
7057, 7, 43, Status.SNAKE, 0.01
7058, 4, 25, Status.SNAKE, 0.01
7059, 3, 10, Status.WALL, 0.01
7060, 11, 65, Status.SNAKE, 0.01
7061, 1, 10, Status.SNAKE, 0.01
7062, 11, 91, Status.SNAKE, 0.01
7063, 16, 134, Status.SNAKE, 0.01
7064, 5, 39, Status.SNAKE, 0.01
7065, 6, 34, Status.WALL, 0.01
7066, 4, 26, Status.WALL, 0.01
7067, 13, 74, Status.SNAKE, 0.01
7068, 16, 126, Status.SNAKE, 0.01
7069, 9, 76, Status.SNAKE, 0.01
7070, 4, 18, Status.SNAKE, 0.01
7071, 6, 36, Status.WALL, 0.01
7072, 10, 82, Status.SNAKE, 0.01
7073, 9, 52, Status.SNAKE, 0.01
7074, 6, 37, Status.SNAKE, 0.01
7075, 5, 32, Status.SNAKE, 0.01
7076, 8, 50, Status.SNAKE, 0.01
7077, 12, 90, Status.SNAKE, 0.01
7078, 5, 28, Status.SNAKE, 0.01
7079, 12, 97, Status.SNAKE, 0.01
7080, 5, 39, Status.SNAKE, 0.01
7081, 2, 23, Status.WALL, 0.01
7082, 7, 47, Status.SNAKE, 0.01
7083, 12, 78, Status.WALL, 0.01
7084, 8, 75, Status.WALL, 0.01
7085, 3, 16, Status.SNAKE, 0.01
7086, 0, 7, Status.WALL, 0.01
7087, 12, 89, Status.WALL, 0.01
7088, 6, 40, Status.WALL, 0.01
7089, 10, 84, Status.SNAKE, 0.01
7090, 11, 65, Status.SNAKE, 0.01
7091, 1, 3, Status.SNAKE, 0.01
7092, 3, 21, Status.WALL, 0.01
7093, 6, 61, Status.WALL, 0.01
7094, 15, 96, Status.SNAKE, 0.01
7095, 11, 65, Status.SNAKE, 0.01
7096, 9, 54, Status.SNAKE, 0.01
7097, 6, 50, Status.SNAKE, 0.01
7098, 1, 30, Status.SNAKE, 0.01
7099, 21, 146, Status.SNAKE, 0.01
7100, 5, 61, Status.SNAKE, 0.01
7101, 6, 36, Status.SNAKE, 0.01
7102, 14, 104, Status.SNAKE, 0.01
7103, 22, 169, Status.SNAKE, 0.01
7104, 7, 33, Status.SNAKE, 0.01
7105, 13, 87, Status.SNAKE, 0.01
7106, 5, 32, Status.WALL, 0.01
7107, 6, 33, Status.WALL, 0.01
7108, 14, 98, Status.SNAKE, 0.01
7109, 11, 59, Status.SNAKE, 0.01
7110, 13, 68, Status.SNAKE, 0.01
7111, 4, 29, Status.WALL, 0.01
7112, 8, 49, Status.SNAKE, 0.01
7113, 1, 10, Status.WALL, 0.01
7114, 20, 139, Status.SNAKE, 0.01
7115, 7, 58, Status.SNAKE, 0.01
7116, 7, 56, Status.SNAKE, 0.01
7117, 6, 66, Status.SNAKE, 0.01
7118, 5, 58, Status.SNAKE, 0.01
7119, 12, 84, Status.SNAKE, 0.01
7120, 4, 15, Status.SNAKE, 0.01
7121, 15, 101, Status.SNAKE, 0.01
7122, 8, 43, Status.SNAKE, 0.01
7123, 2, 17, Status.WALL, 0.01
7124, 5, 34, Status.WALL, 0.01
7125, 1, 5, Status.SNAKE, 0.01
7126, 7, 32, Status.SNAKE, 0.01
7127, 1, 8, Status.WALL, 0.01
7128, 12, 88, Status.SNAKE, 0.01
7129, 11, 81, Status.SNAKE, 0.01
7130, 8, 46, Status.SNAKE, 0.01
7131, 11, 65, Status.SNAKE, 0.01
7132, 11, 76, Status.SNAKE, 0.01
7133, 11, 81, Status.SNAKE, 0.01
7134, 15, 118, Status.SNAKE, 0.01
7135, 8, 37, Status.SNAKE, 0.01
7136, 1, 11, Status.SNAKE, 0.01
7137, 14, 92, Status.SNAKE, 0.01
7138, 7, 47, Status.SNAKE, 0.01
7139, 3, 24, Status.SNAKE, 0.01
7140, 15, 102, Status.WALL, 0.01
7141, 8, 47, Status.SNAKE, 0.01
7142, 5, 25, Status.SNAKE, 0.01
7143, 9, 62, Status.SNAKE, 0.01
7144, 2, 18, Status.SNAKE, 0.01
7145, 9, 69, Status.SNAKE, 0.01
7146, 8, 54, Status.SNAKE, 0.01
7147, 7, 41, Status.SNAKE, 0.01
7148, 8, 60, Status.WALL, 0.01
7149, 11, 61, Status.SNAKE, 0.01
7150, 7, 41, Status.SNAKE, 0.01
7151, 10, 65, Status.SNAKE, 0.01
7152, 1, 7, Status.SNAKE, 0.01
7153, 1, 10, Status.WALL, 0.01
7154, 10, 64, Status.WALL, 0.01
7155, 7, 52, Status.SNAKE, 0.01
7156, 13, 100, Status.SNAKE, 0.01
7157, 5, 49, Status.SNAKE, 0.01
7158, 4, 33, Status.SNAKE, 0.01
7159, 3, 15, Status.SNAKE, 0.01
7160, 14, 111, Status.SNAKE, 0.01
7161, 5, 37, Status.SNAKE, 0.01
7162, 18, 113, Status.SNAKE, 0.01
7163, 2, 17, Status.WALL, 0.01
7164, 15, 91, Status.SNAKE, 0.01
7165, 8, 54, Status.SNAKE, 0.01
7166, 4, 30, Status.SNAKE, 0.01
7167, 9, 74, Status.SNAKE, 0.01
7168, 13, 92, Status.SNAKE, 0.01
7169, 5, 34, Status.SNAKE, 0.01
7170, 17, 139, Status.SNAKE, 0.01
7171, 8, 66, Status.WALL, 0.01
7172, 12, 83, Status.SNAKE, 0.01
7173, 5, 26, Status.WALL, 0.01
7174, 11, 70, Status.SNAKE, 0.01
7175, 8, 61, Status.WALL, 0.01
7176, 13, 82, Status.SNAKE, 0.01
7177, 8, 51, Status.SNAKE, 0.01
7178, 6, 26, Status.SNAKE, 0.01
7179, 9, 58, Status.SNAKE, 0.01
7180, 21, 164, Status.SNAKE, 0.01
7181, 10, 58, Status.SNAKE, 0.01
7182, 12, 66, Status.WALL, 0.01
7183, 6, 28, Status.SNAKE, 0.01
7184, 11, 92, Status.SNAKE, 0.01
7185, 9, 58, Status.SNAKE, 0.01
7186, 8, 54, Status.SNAKE, 0.01
7187, 3, 18, Status.SNAKE, 0.01
7188, 8, 71, Status.SNAKE, 0.01
7189, 4, 23, Status.SNAKE, 0.01
7190, 18, 148, Status.SNAKE, 0.01
7191, 17, 102, Status.SNAKE, 0.01
7192, 13, 94, Status.SNAKE, 0.01
7193, 5, 26, Status.SNAKE, 0.01
7194, 19, 174, Status.SNAKE, 0.01
7195, 5, 30, Status.SNAKE, 0.01
7196, 18, 111, Status.SNAKE, 0.01
7197, 7, 30, Status.SNAKE, 0.01
7198, 5, 27, Status.SNAKE, 0.01
7199, 3, 22, Status.SNAKE, 0.01
7200, 7, 46, Status.WALL, 0.01
7201, 5, 24, Status.SNAKE, 0.01
7202, 13, 88, Status.SNAKE, 0.01
7203, 16, 106, Status.SNAKE, 0.01
7204, 5, 40, Status.SNAKE, 0.01
7205, 3, 20, Status.WALL, 0.01
7206, 7, 67, Status.SNAKE, 0.01
7207, 20, 165, Status.SNAKE, 0.01
7208, 13, 63, Status.SNAKE, 0.01
7209, 11, 57, Status.WALL, 0.01
7210, 3, 30, Status.SNAKE, 0.01
7211, 7, 45, Status.SNAKE, 0.01
7212, 7, 34, Status.SNAKE, 0.01
7213, 16, 97, Status.SNAKE, 0.01
7214, 8, 60, Status.SNAKE, 0.01
7215, 10, 69, Status.SNAKE, 0.01
7216, 16, 97, Status.SNAKE, 0.01
7217, 3, 22, Status.WALL, 0.01
7218, 19, 91, Status.SNAKE, 0.01
7219, 8, 45, Status.WALL, 0.01
7220, 11, 70, Status.SNAKE, 0.01
7221, 9, 37, Status.SNAKE, 0.01
7222, 7, 49, Status.SNAKE, 0.01
7223, 5, 34, Status.SNAKE, 0.01
7224, 6, 36, Status.SNAKE, 0.01
7225, 1, 5, Status.SNAKE, 0.01
7226, 20, 140, Status.WALL, 0.01
7227, 3, 18, Status.SNAKE, 0.01
7228, 7, 50, Status.SNAKE, 0.01
7229, 4, 30, Status.SNAKE, 0.01
7230, 5, 36, Status.WALL, 0.01
7231, 11, 64, Status.SNAKE, 0.01
7232, 5, 35, Status.SNAKE, 0.01
7233, 12, 99, Status.SNAKE, 0.01
7234, 11, 86, Status.SNAKE, 0.01
7235, 12, 60, Status.SNAKE, 0.01
7236, 12, 67, Status.WALL, 0.01
7237, 12, 95, Status.SNAKE, 0.01
7238, 16, 115, Status.SNAKE, 0.01
7239, 7, 34, Status.SNAKE, 0.01
7240, 11, 82, Status.SNAKE, 0.01
7241, 11, 66, Status.SNAKE, 0.01
7242, 10, 49, Status.SNAKE, 0.01
7243, 14, 97, Status.SNAKE, 0.01
7244, 4, 48, Status.WALL, 0.01
7245, 5, 34, Status.SNAKE, 0.01
7246, 10, 60, Status.SNAKE, 0.01
7247, 6, 31, Status.SNAKE, 0.01
7248, 11, 84, Status.SNAKE, 0.01
7249, 1, 7, Status.WALL, 0.01
7250, 7, 57, Status.SNAKE, 0.01
7251, 11, 59, Status.SNAKE, 0.01
7252, 7, 45, Status.SNAKE, 0.01
7253, 9, 55, Status.SNAKE, 0.01
7254, 5, 43, Status.SNAKE, 0.01
7255, 14, 84, Status.SNAKE, 0.01
7256, 8, 40, Status.SNAKE, 0.01
7257, 4, 24, Status.SNAKE, 0.01
7258, 6, 49, Status.SNAKE, 0.01
7259, 6, 38, Status.WALL, 0.01
7260, 13, 50, Status.SNAKE, 0.01
7261, 11, 75, Status.SNAKE, 0.01
7262, 9, 62, Status.SNAKE, 0.01
7263, 3, 22, Status.SNAKE, 0.01
7264, 4, 11, Status.SNAKE, 0.01
7265, 8, 41, Status.WALL, 0.01
7266, 15, 104, Status.WALL, 0.01
7267, 5, 26, Status.SNAKE, 0.01
7268, 6, 43, Status.WALL, 0.01
7269, 4, 32, Status.SNAKE, 0.01
7270, 3, 15, Status.WALL, 0.01
7271, 1, 10, Status.SNAKE, 0.01
7272, 9, 44, Status.WALL, 0.01
7273, 4, 23, Status.SNAKE, 0.01
7274, 7, 50, Status.SNAKE, 0.01
7275, 1, 8, Status.SNAKE, 0.01
7276, 5, 38, Status.SNAKE, 0.01
7277, 9, 83, Status.SNAKE, 0.01
7278, 10, 81, Status.SNAKE, 0.01
7279, 15, 101, Status.SNAKE, 0.01
7280, 10, 64, Status.SNAKE, 0.01
7281, 2, 9, Status.WALL, 0.01
7282, 15, 109, Status.SNAKE, 0.01
7283, 3, 18, Status.WALL, 0.01
7284, 9, 60, Status.SNAKE, 0.01
7285, 14, 88, Status.SNAKE, 0.01
7286, 8, 40, Status.WALL, 0.01
7287, 15, 102, Status.WALL, 0.01
7288, 11, 98, Status.SNAKE, 0.01
7289, 1, 8, Status.WALL, 0.01
7290, 4, 22, Status.SNAKE, 0.01
7291, 17, 115, Status.SNAKE, 0.01
7292, 3, 18, Status.SNAKE, 0.01
7293, 12, 77, Status.WALL, 0.01
7294, 19, 143, Status.SNAKE, 0.01
7295, 1, 7, Status.SNAKE, 0.01
7296, 12, 81, Status.WALL, 0.01
7297, 15, 73, Status.SNAKE, 0.01
7298, 7, 53, Status.SNAKE, 0.01
7299, 4, 17, Status.SNAKE, 0.01
7300, 6, 22, Status.SNAKE, 0.01
7301, 4, 18, Status.SNAKE, 0.01
7302, 12, 96, Status.SNAKE, 0.01
7303, 7, 42, Status.WALL, 0.01
7304, 6, 36, Status.SNAKE, 0.01
7305, 8, 61, Status.SNAKE, 0.01
7306, 12, 64, Status.SNAKE, 0.01
7307, 5, 33, Status.SNAKE, 0.01
7308, 12, 70, Status.SNAKE, 0.01
7309, 6, 34, Status.WALL, 0.01
7310, 9, 47, Status.SNAKE, 0.01
7311, 3, 16, Status.SNAKE, 0.01
7312, 14, 90, Status.SNAKE, 0.01
7313, 11, 63, Status.SNAKE, 0.01
7314, 9, 68, Status.SNAKE, 0.01
7315, 2, 23, Status.SNAKE, 0.01
7316, 10, 74, Status.SNAKE, 0.01
7317, 7, 54, Status.SNAKE, 0.01
7318, 1, 8, Status.SNAKE, 0.01
7319, 6, 44, Status.SNAKE, 0.01
7320, 3, 15, Status.SNAKE, 0.01
7321, 4, 23, Status.SNAKE, 0.01
7322, 2, 12, Status.SNAKE, 0.01
7323, 11, 74, Status.SNAKE, 0.01
7324, 4, 21, Status.SNAKE, 0.01
7325, 12, 45, Status.SNAKE, 0.01
7326, 11, 71, Status.SNAKE, 0.01
7327, 16, 92, Status.SNAKE, 0.01
7328, 5, 15, Status.SNAKE, 0.01
7329, 10, 43, Status.SNAKE, 0.01
7330, 14, 126, Status.SNAKE, 0.01
7331, 11, 68, Status.SNAKE, 0.01
7332, 11, 85, Status.SNAKE, 0.01
7333, 2, 14, Status.SNAKE, 0.01
7334, 10, 69, Status.SNAKE, 0.01
7335, 12, 68, Status.SNAKE, 0.01
7336, 4, 19, Status.SNAKE, 0.01
7337, 13, 101, Status.SNAKE, 0.01
7338, 2, 20, Status.WALL, 0.01
7339, 4, 19, Status.SNAKE, 0.01
7340, 7, 50, Status.SNAKE, 0.01
7341, 6, 26, Status.SNAKE, 0.01
7342, 13, 88, Status.SNAKE, 0.01
7343, 3, 20, Status.SNAKE, 0.01
7344, 11, 68, Status.SNAKE, 0.01
7345, 7, 40, Status.SNAKE, 0.01
7346, 7, 59, Status.WALL, 0.01
7347, 10, 71, Status.SNAKE, 0.01
7348, 7, 46, Status.SNAKE, 0.01
7349, 12, 81, Status.SNAKE, 0.01
7350, 11, 100, Status.SNAKE, 0.01
7351, 11, 70, Status.SNAKE, 0.01
7352, 15, 106, Status.SNAKE, 0.01
7353, 8, 39, Status.SNAKE, 0.01
7354, 16, 95, Status.SNAKE, 0.01
7355, 10, 62, Status.SNAKE, 0.01
7356, 11, 96, Status.SNAKE, 0.01
7357, 2, 7, Status.SNAKE, 0.01
7358, 6, 32, Status.SNAKE, 0.01
7359, 9, 64, Status.SNAKE, 0.01
7360, 8, 71, Status.SNAKE, 0.01
7361, 3, 17, Status.WALL, 0.01
7362, 5, 26, Status.SNAKE, 0.01
7363, 9, 54, Status.SNAKE, 0.01
7364, 1, 5, Status.SNAKE, 0.01
7365, 10, 68, Status.WALL, 0.01
7366, 10, 49, Status.SNAKE, 0.01
7367, 5, 20, Status.WALL, 0.01
7368, 5, 33, Status.SNAKE, 0.01
7369, 6, 44, Status.SNAKE, 0.01
7370, 8, 55, Status.SNAKE, 0.01
7371, 9, 75, Status.WALL, 0.01
7372, 8, 53, Status.SNAKE, 0.01
7373, 7, 58, Status.SNAKE, 0.01
7374, 7, 39, Status.SNAKE, 0.01
7375, 12, 95, Status.SNAKE, 0.01
7376, 13, 105, Status.SNAKE, 0.01
7377, 8, 72, Status.SNAKE, 0.01
7378, 7, 52, Status.SNAKE, 0.01
7379, 12, 84, Status.SNAKE, 0.01
7380, 13, 105, Status.SNAKE, 0.01
7381, 12, 86, Status.SNAKE, 0.01
7382, 19, 126, Status.SNAKE, 0.01
7383, 1, 5, Status.SNAKE, 0.01
7384, 11, 66, Status.SNAKE, 0.01
7385, 14, 86, Status.SNAKE, 0.01
7386, 6, 30, Status.WALL, 0.01
7387, 10, 78, Status.SNAKE, 0.01
7388, 2, 13, Status.SNAKE, 0.01
7389, 3, 22, Status.SNAKE, 0.01
7390, 11, 81, Status.SNAKE, 0.01
7391, 9, 52, Status.SNAKE, 0.01
7392, 13, 109, Status.SNAKE, 0.01
7393, 18, 116, Status.SNAKE, 0.01
7394, 11, 57, Status.WALL, 0.01
7395, 12, 83, Status.SNAKE, 0.01
7396, 15, 91, Status.SNAKE, 0.01
7397, 7, 40, Status.SNAKE, 0.01
7398, 9, 59, Status.SNAKE, 0.01
7399, 5, 23, Status.SNAKE, 0.01
7400, 5, 31, Status.SNAKE, 0.01
7401, 9, 60, Status.SNAKE, 0.01
7402, 3, 22, Status.SNAKE, 0.01
7403, 4, 26, Status.SNAKE, 0.01
7404, 9, 69, Status.SNAKE, 0.01
7405, 14, 90, Status.SNAKE, 0.01
7406, 10, 59, Status.SNAKE, 0.01
7407, 20, 107, Status.SNAKE, 0.01
7408, 7, 49, Status.SNAKE, 0.01
7409, 10, 80, Status.WALL, 0.01
7410, 9, 42, Status.SNAKE, 0.01
7411, 13, 74, Status.WALL, 0.01
7412, 10, 133, Status.WALL, 0.01
7413, 4, 42, Status.WALL, 0.01
7414, 13, 80, Status.SNAKE, 0.01
7415, 15, 116, Status.WALL, 0.01
7416, 9, 61, Status.SNAKE, 0.01
7417, 1, 3, Status.SNAKE, 0.01
7418, 5, 40, Status.SNAKE, 0.01
7419, 16, 107, Status.SNAKE, 0.01
7420, 13, 92, Status.SNAKE, 0.01
7421, 2, 5, Status.SNAKE, 0.01
7422, 11, 73, Status.WALL, 0.01
7423, 4, 21, Status.SNAKE, 0.01
7424, 8, 38, Status.SNAKE, 0.01
7425, 13, 92, Status.SNAKE, 0.01
7426, 9, 86, Status.SNAKE, 0.01
7427, 7, 58, Status.WALL, 0.01
7428, 8, 72, Status.SNAKE, 0.01
7429, 5, 28, Status.SNAKE, 0.01
7430, 10, 70, Status.SNAKE, 0.01
7431, 10, 72, Status.SNAKE, 0.01
7432, 7, 35, Status.SNAKE, 0.01
7433, 6, 48, Status.WALL, 0.01
7434, 7, 33, Status.SNAKE, 0.01
7435, 7, 41, Status.SNAKE, 0.01
7436, 9, 77, Status.SNAKE, 0.01
7437, 7, 54, Status.SNAKE, 0.01
7438, 12, 91, Status.SNAKE, 0.01
7439, 8, 65, Status.SNAKE, 0.01
7440, 15, 103, Status.SNAKE, 0.01
7441, 8, 74, Status.SNAKE, 0.01
7442, 4, 27, Status.WALL, 0.01
7443, 8, 40, Status.WALL, 0.01
7444, 3, 19, Status.WALL, 0.01
7445, 11, 89, Status.WALL, 0.01
7446, 7, 50, Status.WALL, 0.01
7447, 9, 45, Status.SNAKE, 0.01
7448, 13, 83, Status.WALL, 0.01
7449, 17, 110, Status.SNAKE, 0.01
7450, 7, 45, Status.SNAKE, 0.01
7451, 7, 53, Status.SNAKE, 0.01
7452, 4, 26, Status.SNAKE, 0.01
7453, 14, 89, Status.SNAKE, 0.01
7454, 16, 121, Status.SNAKE, 0.01
7455, 3, 22, Status.SNAKE, 0.01
7456, 3, 24, Status.WALL, 0.01
7457, 8, 76, Status.SNAKE, 0.01
7458, 1, 5, Status.SNAKE, 0.01
7459, 1, 5, Status.SNAKE, 0.01
7460, 7, 44, Status.SNAKE, 0.01
7461, 11, 74, Status.SNAKE, 0.01
7462, 7, 53, Status.SNAKE, 0.01
7463, 7, 55, Status.SNAKE, 0.01
7464, 10, 53, Status.WALL, 0.01
7465, 3, 25, Status.SNAKE, 0.01
7466, 3, 15, Status.SNAKE, 0.01
7467, 2, 5, Status.SNAKE, 0.01
7468, 24, 151, Status.SNAKE, 0.01
7469, 8, 52, Status.SNAKE, 0.01
7470, 17, 102, Status.SNAKE, 0.01
7471, 6, 30, Status.WALL, 0.01
7472, 13, 85, Status.WALL, 0.01
7473, 11, 85, Status.SNAKE, 0.01
7474, 7, 35, Status.SNAKE, 0.01
7475, 4, 21, Status.SNAKE, 0.01
7476, 11, 93, Status.SNAKE, 0.01
7477, 9, 63, Status.SNAKE, 0.01
7478, 12, 83, Status.SNAKE, 0.01
7479, 10, 71, Status.SNAKE, 0.01
7480, 18, 145, Status.SNAKE, 0.01
7481, 10, 68, Status.SNAKE, 0.01
7482, 14, 110, Status.WALL, 0.01
7483, 11, 72, Status.SNAKE, 0.01
7484, 17, 123, Status.SNAKE, 0.01
7485, 1, 10, Status.SNAKE, 0.01
7486, 7, 43, Status.SNAKE, 0.01
7487, 3, 29, Status.SNAKE, 0.01
7488, 5, 40, Status.SNAKE, 0.01
7489, 7, 35, Status.SNAKE, 0.01
7490, 15, 88, Status.SNAKE, 0.01
7491, 10, 59, Status.SNAKE, 0.01
7492, 1, 3, Status.SNAKE, 0.01
7493, 10, 57, Status.SNAKE, 0.01
7494, 10, 57, Status.SNAKE, 0.01
7495, 5, 28, Status.SNAKE, 0.01
7496, 12, 112, Status.SNAKE, 0.01
7497, 7, 30, Status.SNAKE, 0.01
7498, 1, 14, Status.SNAKE, 0.01
7499, 4, 20, Status.SNAKE, 0.01
7500, 6, 65, Status.WALL, 0.01
7501, 9, 52, Status.SNAKE, 0.01
7502, 9, 49, Status.SNAKE, 0.01
7503, 4, 28, Status.SNAKE, 0.01
7504, 9, 67, Status.SNAKE, 0.01
7505, 13, 95, Status.SNAKE, 0.01
7506, 6, 28, Status.SNAKE, 0.01
7507, 1, 5, Status.SNAKE, 0.01
7508, 7, 41, Status.SNAKE, 0.01
7509, 11, 66, Status.SNAKE, 0.01
7510, 7, 49, Status.SNAKE, 0.01
7511, 9, 56, Status.SNAKE, 0.01
7512, 7, 47, Status.SNAKE, 0.01
7513, 4, 31, Status.WALL, 0.01
7514, 11, 87, Status.SNAKE, 0.01
7515, 10, 73, Status.SNAKE, 0.01
7516, 16, 110, Status.SNAKE, 0.01
7517, 15, 129, Status.SNAKE, 0.01
7518, 7, 54, Status.SNAKE, 0.01
7519, 7, 53, Status.SNAKE, 0.01
7520, 4, 33, Status.SNAKE, 0.01
7521, 10, 84, Status.SNAKE, 0.01
7522, 6, 31, Status.SNAKE, 0.01
7523, 1, 5, Status.SNAKE, 0.01
7524, 12, 97, Status.SNAKE, 0.01
7525, 6, 54, Status.SNAKE, 0.01
7526, 3, 18, Status.SNAKE, 0.01
7527, 19, 146, Status.SNAKE, 0.01
7528, 7, 38, Status.SNAKE, 0.01
7529, 6, 50, Status.SNAKE, 0.01
7530, 13, 89, Status.SNAKE, 0.01
7531, 15, 100, Status.WALL, 0.01
7532, 4, 26, Status.WALL, 0.01
7533, 2, 8, Status.SNAKE, 0.01
7534, 4, 17, Status.SNAKE, 0.01
7535, 10, 73, Status.SNAKE, 0.01
7536, 5, 40, Status.SNAKE, 0.01
7537, 11, 101, Status.SNAKE, 0.01
7538, 8, 49, Status.SNAKE, 0.01
7539, 3, 15, Status.SNAKE, 0.01
7540, 11, 76, Status.SNAKE, 0.01
7541, 11, 74, Status.SNAKE, 0.01
7542, 2, 8, Status.SNAKE, 0.01
7543, 10, 88, Status.SNAKE, 0.01
7544, 11, 92, Status.WALL, 0.01
7545, 5, 37, Status.SNAKE, 0.01
7546, 6, 37, Status.SNAKE, 0.01
7547, 8, 41, Status.SNAKE, 0.01
7548, 8, 56, Status.SNAKE, 0.01
7549, 9, 60, Status.SNAKE, 0.01
7550, 10, 94, Status.WALL, 0.01
7551, 6, 26, Status.SNAKE, 0.01
7552, 8, 43, Status.SNAKE, 0.01
7553, 9, 54, Status.SNAKE, 0.01
7554, 4, 18, Status.SNAKE, 0.01
7555, 6, 50, Status.SNAKE, 0.01
7556, 11, 72, Status.SNAKE, 0.01
7557, 8, 58, Status.SNAKE, 0.01
7558, 4, 27, Status.SNAKE, 0.01
7559, 13, 60, Status.SNAKE, 0.01
7560, 6, 48, Status.SNAKE, 0.01
7561, 13, 82, Status.SNAKE, 0.01
7562, 12, 93, Status.SNAKE, 0.01
7563, 7, 45, Status.SNAKE, 0.01
7564, 10, 65, Status.SNAKE, 0.01
7565, 2, 22, Status.WALL, 0.01
7566, 15, 108, Status.WALL, 0.01
7567, 9, 58, Status.SNAKE, 0.01
7568, 8, 38, Status.WALL, 0.01
7569, 19, 141, Status.SNAKE, 0.01
7570, 2, 8, Status.WALL, 0.01
7571, 6, 32, Status.SNAKE, 0.01
7572, 11, 65, Status.SNAKE, 0.01
7573, 15, 81, Status.SNAKE, 0.01
7574, 10, 73, Status.SNAKE, 0.01
7575, 5, 29, Status.WALL, 0.01
7576, 9, 57, Status.SNAKE, 0.01
7577, 20, 122, Status.WALL, 0.01
7578, 7, 30, Status.SNAKE, 0.01
7579, 8, 29, Status.SNAKE, 0.01
7580, 16, 120, Status.SNAKE, 0.01
7581, 18, 133, Status.SNAKE, 0.01
7582, 4, 41, Status.SNAKE, 0.01
7583, 7, 34, Status.SNAKE, 0.01
7584, 8, 54, Status.SNAKE, 0.01
7585, 15, 95, Status.SNAKE, 0.01
7586, 6, 31, Status.SNAKE, 0.01
7587, 8, 49, Status.SNAKE, 0.01
7588, 10, 94, Status.SNAKE, 0.01
7589, 10, 57, Status.SNAKE, 0.01
7590, 9, 67, Status.WALL, 0.01
7591, 5, 17, Status.SNAKE, 0.01
7592, 16, 88, Status.SNAKE, 0.01
7593, 2, 20, Status.SNAKE, 0.01
7594, 6, 35, Status.SNAKE, 0.01
7595, 8, 48, Status.SNAKE, 0.01
7596, 12, 82, Status.SNAKE, 0.01
7597, 9, 62, Status.SNAKE, 0.01
7598, 3, 12, Status.SNAKE, 0.01
7599, 7, 40, Status.SNAKE, 0.01
7600, 13, 90, Status.SNAKE, 0.01
7601, 11, 74, Status.SNAKE, 0.01
7602, 16, 117, Status.SNAKE, 0.01
7603, 2, 18, Status.WALL, 0.01
7604, 9, 51, Status.SNAKE, 0.01
7605, 8, 51, Status.SNAKE, 0.01
7606, 15, 84, Status.SNAKE, 0.01
7607, 14, 114, Status.SNAKE, 0.01
7608, 14, 104, Status.WALL, 0.01
7609, 9, 90, Status.WALL, 0.01
7610, 7, 37, Status.WALL, 0.01
7611, 15, 99, Status.SNAKE, 0.01
7612, 6, 67, Status.SNAKE, 0.01
7613, 8, 56, Status.SNAKE, 0.01
7614, 5, 27, Status.SNAKE, 0.01
7615, 15, 94, Status.SNAKE, 0.01
7616, 4, 27, Status.SNAKE, 0.01
7617, 10, 60, Status.SNAKE, 0.01
7618, 4, 30, Status.SNAKE, 0.01
7619, 9, 54, Status.SNAKE, 0.01
7620, 14, 80, Status.SNAKE, 0.01
7621, 5, 26, Status.SNAKE, 0.01
7622, 19, 112, Status.SNAKE, 0.01
7623, 12, 44, Status.SNAKE, 0.01
7624, 9, 44, Status.SNAKE, 0.01
7625, 4, 35, Status.WALL, 0.01
7626, 15, 120, Status.SNAKE, 0.01
7627, 7, 58, Status.SNAKE, 0.01
7628, 16, 106, Status.SNAKE, 0.01
7629, 4, 20, Status.SNAKE, 0.01
7630, 3, 15, Status.SNAKE, 0.01
7631, 1, 18, Status.SNAKE, 0.01
7632, 3, 22, Status.SNAKE, 0.01
7633, 2, 17, Status.SNAKE, 0.01
7634, 9, 51, Status.SNAKE, 0.01
7635, 7, 51, Status.SNAKE, 0.01
7636, 9, 64, Status.WALL, 0.01
7637, 14, 86, Status.SNAKE, 0.01
7638, 2, 14, Status.SNAKE, 0.01
7639, 7, 26, Status.SNAKE, 0.01
7640, 2, 22, Status.SNAKE, 0.01
7641, 10, 60, Status.SNAKE, 0.01
7642, 12, 81, Status.SNAKE, 0.01
7643, 9, 60, Status.SNAKE, 0.01
7644, 15, 85, Status.SNAKE, 0.01
7645, 17, 129, Status.WALL, 0.01
7646, 15, 88, Status.SNAKE, 0.01
7647, 4, 25, Status.SNAKE, 0.01
7648, 13, 87, Status.SNAKE, 0.01
7649, 5, 36, Status.SNAKE, 0.01
7650, 14, 90, Status.WALL, 0.01
7651, 6, 32, Status.SNAKE, 0.01
7652, 3, 22, Status.WALL, 0.01
7653, 4, 41, Status.SNAKE, 0.01
7654, 17, 107, Status.SNAKE, 0.01
7655, 3, 21, Status.SNAKE, 0.01
7656, 11, 71, Status.SNAKE, 0.01
7657, 1, 8, Status.SNAKE, 0.01
7658, 7, 42, Status.SNAKE, 0.01
7659, 5, 42, Status.WALL, 0.01
7660, 4, 25, Status.WALL, 0.01
7661, 13, 98, Status.SNAKE, 0.01
7662, 7, 60, Status.WALL, 0.01
7663, 9, 61, Status.SNAKE, 0.01
7664, 3, 29, Status.SNAKE, 0.01
7665, 9, 65, Status.WALL, 0.01
7666, 9, 70, Status.SNAKE, 0.01
7667, 9, 61, Status.SNAKE, 0.01
7668, 5, 42, Status.SNAKE, 0.01
7669, 9, 48, Status.SNAKE, 0.01
7670, 6, 32, Status.SNAKE, 0.01
7671, 1, 3, Status.SNAKE, 0.01
7672, 3, 16, Status.SNAKE, 0.01
7673, 11, 60, Status.SNAKE, 0.01
7674, 15, 72, Status.SNAKE, 0.01
7675, 1, 3, Status.SNAKE, 0.01
7676, 8, 41, Status.WALL, 0.01
7677, 6, 48, Status.WALL, 0.01
7678, 4, 40, Status.SNAKE, 0.01
7679, 3, 20, Status.WALL, 0.01
7680, 12, 92, Status.SNAKE, 0.01
7681, 10, 77, Status.SNAKE, 0.01
7682, 12, 61, Status.SNAKE, 0.01
7683, 16, 108, Status.SNAKE, 0.01
7684, 12, 81, Status.WALL, 0.01
7685, 11, 69, Status.SNAKE, 0.01
7686, 18, 135, Status.SNAKE, 0.01
7687, 7, 37, Status.SNAKE, 0.01
7688, 14, 107, Status.SNAKE, 0.01
7689, 10, 50, Status.SNAKE, 0.01
7690, 11, 97, Status.SNAKE, 0.01
7691, 13, 99, Status.SNAKE, 0.01
7692, 5, 45, Status.WALL, 0.01
7693, 7, 60, Status.SNAKE, 0.01
7694, 4, 34, Status.WALL, 0.01
7695, 7, 55, Status.SNAKE, 0.01
7696, 10, 73, Status.SNAKE, 0.01
7697, 9, 58, Status.SNAKE, 0.01
7698, 7, 36, Status.SNAKE, 0.01
7699, 14, 93, Status.SNAKE, 0.01
7700, 6, 48, Status.SNAKE, 0.01
7701, 10, 83, Status.SNAKE, 0.01
7702, 9, 50, Status.SNAKE, 0.01
7703, 4, 22, Status.WALL, 0.01
7704, 11, 83, Status.WALL, 0.01
7705, 10, 74, Status.SNAKE, 0.01
7706, 9, 76, Status.SNAKE, 0.01
7707, 3, 14, Status.SNAKE, 0.01
7708, 10, 75, Status.SNAKE, 0.01
7709, 8, 61, Status.SNAKE, 0.01
7710, 11, 64, Status.WALL, 0.01
7711, 6, 35, Status.SNAKE, 0.01
7712, 4, 23, Status.SNAKE, 0.01
7713, 7, 35, Status.SNAKE, 0.01
7714, 6, 26, Status.WALL, 0.01
7715, 10, 55, Status.SNAKE, 0.01
7716, 9, 51, Status.SNAKE, 0.01
7717, 14, 106, Status.SNAKE, 0.01
7718, 19, 125, Status.SNAKE, 0.01
7719, 6, 26, Status.SNAKE, 0.01
7720, 5, 28, Status.SNAKE, 0.01
7721, 5, 48, Status.SNAKE, 0.01
7722, 4, 24, Status.SNAKE, 0.01
7723, 17, 87, Status.SNAKE, 0.01
7724, 7, 72, Status.WALL, 0.01
7725, 11, 87, Status.SNAKE, 0.01
7726, 5, 48, Status.WALL, 0.01
7727, 10, 73, Status.SNAKE, 0.01
7728, 9, 61, Status.WALL, 0.01
7729, 12, 103, Status.WALL, 0.01
7730, 6, 49, Status.WALL, 0.01
7731, 16, 80, Status.SNAKE, 0.01
7732, 14, 77, Status.SNAKE, 0.01
7733, 4, 35, Status.SNAKE, 0.01
7734, 8, 51, Status.SNAKE, 0.01
7735, 3, 28, Status.SNAKE, 0.01
7736, 17, 96, Status.SNAKE, 0.01
7737, 2, 18, Status.WALL, 0.01
7738, 8, 56, Status.SNAKE, 0.01
7739, 15, 117, Status.WALL, 0.01
7740, 2, 20, Status.WALL, 0.01
7741, 8, 60, Status.SNAKE, 0.01
7742, 8, 54, Status.SNAKE, 0.01
7743, 16, 112, Status.SNAKE, 0.01
7744, 11, 96, Status.WALL, 0.01
7745, 5, 28, Status.SNAKE, 0.01
7746, 1, 10, Status.WALL, 0.01
7747, 13, 88, Status.SNAKE, 0.01
7748, 7, 52, Status.SNAKE, 0.01
7749, 13, 106, Status.SNAKE, 0.01
7750, 1, 11, Status.WALL, 0.01
7751, 3, 24, Status.WALL, 0.01
7752, 2, 14, Status.SNAKE, 0.01
7753, 1, 6, Status.SNAKE, 0.01
7754, 14, 106, Status.SNAKE, 0.01
7755, 7, 56, Status.SNAKE, 0.01
7756, 1, 13, Status.SNAKE, 0.01
7757, 16, 91, Status.SNAKE, 0.01
7758, 13, 79, Status.SNAKE, 0.01
7759, 7, 42, Status.SNAKE, 0.01
7760, 9, 45, Status.SNAKE, 0.01
7761, 12, 55, Status.SNAKE, 0.01
7762, 4, 33, Status.WALL, 0.01
7763, 11, 64, Status.SNAKE, 0.01
7764, 12, 64, Status.WALL, 0.01
7765, 10, 63, Status.WALL, 0.01
7766, 4, 22, Status.SNAKE, 0.01
7767, 9, 63, Status.SNAKE, 0.01
7768, 3, 27, Status.SNAKE, 0.01
7769, 5, 41, Status.WALL, 0.01
7770, 7, 57, Status.SNAKE, 0.01
7771, 6, 36, Status.SNAKE, 0.01
7772, 10, 67, Status.SNAKE, 0.01
7773, 13, 104, Status.WALL, 0.01
7774, 4, 28, Status.SNAKE, 0.01
7775, 9, 67, Status.WALL, 0.01
7776, 7, 38, Status.SNAKE, 0.01
7777, 2, 14, Status.SNAKE, 0.01
7778, 3, 21, Status.SNAKE, 0.01
7779, 2, 12, Status.SNAKE, 0.01
7780, 7, 49, Status.SNAKE, 0.01
7781, 9, 61, Status.SNAKE, 0.01
7782, 11, 65, Status.WALL, 0.01
7783, 1, 11, Status.SNAKE, 0.01
7784, 4, 48, Status.WALL, 0.01
7785, 14, 83, Status.SNAKE, 0.01
7786, 13, 98, Status.SNAKE, 0.01
7787, 8, 71, Status.WALL, 0.01
7788, 2, 22, Status.SNAKE, 0.01
7789, 14, 112, Status.SNAKE, 0.01
7790, 6, 46, Status.SNAKE, 0.01
7791, 6, 42, Status.SNAKE, 0.01
7792, 2, 20, Status.SNAKE, 0.01
7793, 5, 36, Status.SNAKE, 0.01
7794, 1, 5, Status.SNAKE, 0.01
7795, 6, 35, Status.SNAKE, 0.01
7796, 5, 35, Status.SNAKE, 0.01
7797, 7, 33, Status.SNAKE, 0.01
7798, 3, 30, Status.SNAKE, 0.01
7799, 11, 101, Status.SNAKE, 0.01
7800, 7, 32, Status.SNAKE, 0.01
7801, 1, 9, Status.WALL, 0.01
7802, 6, 30, Status.SNAKE, 0.01
7803, 1, 10, Status.SNAKE, 0.01
7804, 9, 63, Status.SNAKE, 0.01
7805, 1, 7, Status.SNAKE, 0.01
7806, 7, 55, Status.SNAKE, 0.01
7807, 7, 54, Status.SNAKE, 0.01
7808, 2, 16, Status.SNAKE, 0.01
7809, 10, 81, Status.SNAKE, 0.01
7810, 5, 45, Status.SNAKE, 0.01
7811, 8, 52, Status.SNAKE, 0.01
7812, 17, 125, Status.SNAKE, 0.01
7813, 10, 54, Status.SNAKE, 0.01
7814, 9, 80, Status.SNAKE, 0.01
7815, 17, 112, Status.SNAKE, 0.01
7816, 7, 42, Status.SNAKE, 0.01
7817, 16, 109, Status.SNAKE, 0.01
7818, 10, 86, Status.SNAKE, 0.01
7819, 4, 23, Status.SNAKE, 0.01
7820, 9, 71, Status.SNAKE, 0.01
7821, 11, 66, Status.SNAKE, 0.01
7822, 1, 10, Status.WALL, 0.01
7823, 7, 49, Status.SNAKE, 0.01
7824, 9, 56, Status.SNAKE, 0.01
7825, 18, 130, Status.SNAKE, 0.01
7826, 5, 45, Status.WALL, 0.01
7827, 9, 54, Status.SNAKE, 0.01
7828, 11, 99, Status.SNAKE, 0.01
7829, 7, 53, Status.SNAKE, 0.01
7830, 7, 61, Status.WALL, 0.01
7831, 11, 63, Status.WALL, 0.01
7832, 6, 33, Status.SNAKE, 0.01
7833, 6, 59, Status.SNAKE, 0.01
7834, 5, 20, Status.SNAKE, 0.01
7835, 9, 70, Status.SNAKE, 0.01
7836, 7, 54, Status.SNAKE, 0.01
7837, 14, 109, Status.SNAKE, 0.01
7838, 2, 12, Status.WALL, 0.01
7839, 5, 54, Status.WALL, 0.01
7840, 4, 31, Status.SNAKE, 0.01
7841, 13, 82, Status.SNAKE, 0.01
7842, 18, 133, Status.SNAKE, 0.01
7843, 3, 8, Status.SNAKE, 0.01
7844, 12, 83, Status.SNAKE, 0.01
7845, 18, 109, Status.SNAKE, 0.01
7846, 7, 51, Status.SNAKE, 0.01
7847, 5, 23, Status.WALL, 0.01
7848, 14, 81, Status.SNAKE, 0.01
7849, 6, 44, Status.SNAKE, 0.01
7850, 1, 5, Status.SNAKE, 0.01
7851, 15, 105, Status.SNAKE, 0.01
7852, 3, 24, Status.SNAKE, 0.01
7853, 12, 95, Status.WALL, 0.01
7854, 12, 84, Status.WALL, 0.01
7855, 14, 91, Status.SNAKE, 0.01
7856, 6, 37, Status.SNAKE, 0.01
7857, 19, 133, Status.SNAKE, 0.01
7858, 8, 41, Status.SNAKE, 0.01
7859, 10, 85, Status.SNAKE, 0.01
7860, 4, 40, Status.WALL, 0.01
7861, 8, 58, Status.SNAKE, 0.01
7862, 2, 16, Status.SNAKE, 0.01
7863, 17, 124, Status.WALL, 0.01
7864, 13, 76, Status.SNAKE, 0.01
7865, 3, 34, Status.WALL, 0.01
7866, 18, 125, Status.WALL, 0.01
7867, 11, 85, Status.SNAKE, 0.01
7868, 9, 55, Status.SNAKE, 0.01
7869, 6, 23, Status.SNAKE, 0.01
7870, 6, 33, Status.WALL, 0.01
7871, 1, 7, Status.SNAKE, 0.01
7872, 15, 120, Status.SNAKE, 0.01
7873, 5, 48, Status.WALL, 0.01
7874, 6, 66, Status.SNAKE, 0.01
7875, 14, 108, Status.SNAKE, 0.01
7876, 7, 52, Status.SNAKE, 0.01
7877, 6, 39, Status.SNAKE, 0.01
7878, 10, 71, Status.SNAKE, 0.01
7879, 10, 83, Status.SNAKE, 0.01
7880, 15, 113, Status.SNAKE, 0.01
7881, 3, 24, Status.WALL, 0.01
7882, 18, 112, Status.SNAKE, 0.01
7883, 3, 20, Status.WALL, 0.01
7884, 4, 22, Status.SNAKE, 0.01
7885, 5, 39, Status.SNAKE, 0.01
7886, 5, 53, Status.WALL, 0.01
7887, 1, 5, Status.SNAKE, 0.01
7888, 7, 43, Status.SNAKE, 0.01
7889, 6, 51, Status.WALL, 0.01
7890, 9, 82, Status.SNAKE, 0.01
7891, 7, 63, Status.SNAKE, 0.01
7892, 2, 14, Status.SNAKE, 0.01
7893, 7, 54, Status.SNAKE, 0.01
7894, 3, 15, Status.SNAKE, 0.01
7895, 6, 39, Status.SNAKE, 0.01
7896, 6, 39, Status.WALL, 0.01
7897, 1, 9, Status.WALL, 0.01
7898, 15, 118, Status.SNAKE, 0.01
7899, 16, 122, Status.SNAKE, 0.01
7900, 16, 105, Status.SNAKE, 0.01
7901, 2, 20, Status.SNAKE, 0.01
7902, 12, 84, Status.SNAKE, 0.01
7903, 13, 108, Status.SNAKE, 0.01
7904, 18, 150, Status.SNAKE, 0.01
7905, 14, 102, Status.SNAKE, 0.01
7906, 11, 75, Status.SNAKE, 0.01
7907, 4, 21, Status.SNAKE, 0.01
7908, 12, 81, Status.SNAKE, 0.01
7909, 5, 41, Status.SNAKE, 0.01
7910, 2, 20, Status.SNAKE, 0.01
7911, 10, 91, Status.SNAKE, 0.01
7912, 13, 93, Status.SNAKE, 0.01
7913, 8, 51, Status.WALL, 0.01
7914, 7, 40, Status.SNAKE, 0.01
7915, 9, 53, Status.SNAKE, 0.01
7916, 5, 20, Status.SNAKE, 0.01
7917, 1, 5, Status.SNAKE, 0.01
7918, 6, 46, Status.SNAKE, 0.01
7919, 17, 112, Status.SNAKE, 0.01
7920, 1, 5, Status.SNAKE, 0.01
7921, 13, 101, Status.SNAKE, 0.01
7922, 1, 5, Status.SNAKE, 0.01
7923, 1, 5, Status.WALL, 0.01
7924, 11, 72, Status.SNAKE, 0.01
7925, 10, 95, Status.WALL, 0.01
7926, 15, 85, Status.SNAKE, 0.01
7927, 20, 146, Status.SNAKE, 0.01
7928, 5, 32, Status.SNAKE, 0.01
7929, 7, 48, Status.WALL, 0.01
7930, 8, 52, Status.WALL, 0.01
7931, 0, 7, Status.WALL, 0.01
7932, 9, 82, Status.SNAKE, 0.01
7933, 8, 66, Status.SNAKE, 0.01
7934, 13, 87, Status.WALL, 0.01
7935, 2, 18, Status.WALL, 0.01
7936, 4, 26, Status.WALL, 0.01
7937, 12, 71, Status.SNAKE, 0.01
7938, 13, 72, Status.SNAKE, 0.01
7939, 4, 25, Status.WALL, 0.01
7940, 2, 10, Status.SNAKE, 0.01
7941, 10, 63, Status.WALL, 0.01
7942, 12, 56, Status.SNAKE, 0.01
7943, 16, 127, Status.SNAKE, 0.01
7944, 14, 76, Status.WALL, 0.01
7945, 4, 28, Status.SNAKE, 0.01
7946, 7, 56, Status.WALL, 0.01
7947, 14, 104, Status.SNAKE, 0.01
7948, 8, 54, Status.WALL, 0.01
7949, 13, 105, Status.SNAKE, 0.01
7950, 7, 33, Status.SNAKE, 0.01
7951, 6, 34, Status.SNAKE, 0.01
7952, 5, 33, Status.SNAKE, 0.01
7953, 18, 116, Status.SNAKE, 0.01
7954, 12, 74, Status.WALL, 0.01
7955, 10, 73, Status.SNAKE, 0.01
7956, 1, 8, Status.WALL, 0.01
7957, 1, 9, Status.WALL, 0.01
7958, 11, 76, Status.SNAKE, 0.01
7959, 5, 32, Status.SNAKE, 0.01
7960, 3, 18, Status.SNAKE, 0.01
7961, 9, 62, Status.SNAKE, 0.01
7962, 8, 50, Status.SNAKE, 0.01
7963, 2, 15, Status.SNAKE, 0.01
7964, 4, 21, Status.SNAKE, 0.01
7965, 8, 67, Status.SNAKE, 0.01
7966, 7, 35, Status.SNAKE, 0.01
7967, 1, 7, Status.SNAKE, 0.01
7968, 6, 46, Status.SNAKE, 0.01
7969, 5, 29, Status.SNAKE, 0.01
7970, 2, 22, Status.SNAKE, 0.01
7971, 10, 53, Status.SNAKE, 0.01
7972, 2, 13, Status.SNAKE, 0.01
7973, 1, 6, Status.SNAKE, 0.01
7974, 12, 90, Status.SNAKE, 0.01
7975, 14, 115, Status.SNAKE, 0.01
7976, 14, 90, Status.SNAKE, 0.01
7977, 11, 67, Status.SNAKE, 0.01
7978, 13, 100, Status.WALL, 0.01
7979, 5, 28, Status.SNAKE, 0.01
7980, 10, 86, Status.SNAKE, 0.01
7981, 11, 58, Status.SNAKE, 0.01
7982, 8, 58, Status.SNAKE, 0.01
7983, 3, 24, Status.SNAKE, 0.01
7984, 16, 89, Status.SNAKE, 0.01
7985, 15, 110, Status.SNAKE, 0.01
7986, 6, 36, Status.WALL, 0.01
7987, 5, 44, Status.WALL, 0.01
7988, 11, 78, Status.SNAKE, 0.01
7989, 10, 76, Status.SNAKE, 0.01
7990, 16, 107, Status.SNAKE, 0.01
7991, 10, 81, Status.WALL, 0.01
7992, 3, 30, Status.SNAKE, 0.01
7993, 12, 70, Status.SNAKE, 0.01
7994, 5, 44, Status.SNAKE, 0.01
7995, 3, 13, Status.SNAKE, 0.01
7996, 2, 18, Status.SNAKE, 0.01
7997, 4, 31, Status.WALL, 0.01
7998, 15, 107, Status.SNAKE, 0.01
7999, 4, 46, Status.SNAKE, 0.01
8000, 5, 42, Status.SNAKE, 0.01
8001, 6, 44, Status.SNAKE, 0.01
8002, 14, 101, Status.WALL, 0.01
8003, 14, 137, Status.SNAKE, 0.01
8004, 9, 97, Status.SNAKE, 0.01
8005, 7, 56, Status.SNAKE, 0.01
8006, 2, 16, Status.WALL, 0.01
8007, 11, 82, Status.WALL, 0.01
8008, 4, 27, Status.SNAKE, 0.01
8009, 12, 101, Status.WALL, 0.01
8010, 3, 25, Status.SNAKE, 0.01
8011, 6, 44, Status.SNAKE, 0.01
8012, 7, 39, Status.SNAKE, 0.01
8013, 9, 72, Status.SNAKE, 0.01
8014, 3, 33, Status.SNAKE, 0.01
8015, 7, 51, Status.SNAKE, 0.01
8016, 13, 79, Status.SNAKE, 0.01
8017, 12, 75, Status.SNAKE, 0.01
8018, 6, 58, Status.SNAKE, 0.01
8019, 11, 64, Status.WALL, 0.01
8020, 17, 128, Status.SNAKE, 0.01
8021, 10, 87, Status.SNAKE, 0.01
8022, 5, 42, Status.SNAKE, 0.01
8023, 1, 8, Status.SNAKE, 0.01
8024, 9, 51, Status.SNAKE, 0.01
8025, 8, 55, Status.SNAKE, 0.01
8026, 6, 49, Status.WALL, 0.01
8027, 1, 10, Status.SNAKE, 0.01
8028, 15, 91, Status.SNAKE, 0.01
8029, 11, 79, Status.SNAKE, 0.01
8030, 10, 80, Status.SNAKE, 0.01
8031, 11, 41, Status.SNAKE, 0.01
8032, 8, 55, Status.SNAKE, 0.01
8033, 8, 68, Status.WALL, 0.01
8034, 9, 64, Status.WALL, 0.01
8035, 13, 74, Status.SNAKE, 0.01
8036, 17, 129, Status.SNAKE, 0.01
8037, 9, 90, Status.SNAKE, 0.01
8038, 11, 72, Status.SNAKE, 0.01
8039, 2, 7, Status.SNAKE, 0.01
8040, 4, 21, Status.SNAKE, 0.01
8041, 10, 83, Status.SNAKE, 0.01
8042, 18, 178, Status.SNAKE, 0.01
8043, 7, 54, Status.SNAKE, 0.01
8044, 4, 29, Status.SNAKE, 0.01
8045, 11, 74, Status.SNAKE, 0.01
8046, 1, 10, Status.WALL, 0.01
8047, 13, 90, Status.SNAKE, 0.01
8048, 10, 91, Status.SNAKE, 0.01
8049, 4, 23, Status.WALL, 0.01
8050, 4, 14, Status.WALL, 0.01
8051, 1, 12, Status.WALL, 0.01
8052, 3, 30, Status.WALL, 0.01
8053, 11, 82, Status.SNAKE, 0.01
8054, 13, 89, Status.SNAKE, 0.01
8055, 14, 109, Status.SNAKE, 0.01
8056, 6, 31, Status.SNAKE, 0.01
8057, 11, 84, Status.WALL, 0.01
8058, 4, 24, Status.SNAKE, 0.01
8059, 7, 37, Status.SNAKE, 0.01
8060, 12, 92, Status.SNAKE, 0.01
8061, 21, 156, Status.WALL, 0.01
8062, 6, 35, Status.SNAKE, 0.01
8063, 5, 41, Status.SNAKE, 0.01
8064, 5, 24, Status.SNAKE, 0.01
8065, 1, 10, Status.WALL, 0.01
8066, 6, 39, Status.SNAKE, 0.01
8067, 1, 11, Status.WALL, 0.01
8068, 13, 102, Status.SNAKE, 0.01
8069, 7, 49, Status.SNAKE, 0.01
8070, 12, 81, Status.SNAKE, 0.01
8071, 13, 101, Status.SNAKE, 0.01
8072, 5, 28, Status.SNAKE, 0.01
8073, 5, 34, Status.SNAKE, 0.01
8074, 18, 146, Status.WALL, 0.01
8075, 17, 104, Status.SNAKE, 0.01
8076, 16, 150, Status.SNAKE, 0.01
8077, 14, 109, Status.SNAKE, 0.01
8078, 3, 29, Status.SNAKE, 0.01
8079, 5, 37, Status.SNAKE, 0.01
8080, 5, 34, Status.WALL, 0.01
8081, 19, 124, Status.SNAKE, 0.01
8082, 9, 57, Status.SNAKE, 0.01
8083, 3, 9, Status.SNAKE, 0.01
8084, 11, 94, Status.SNAKE, 0.01
8085, 15, 122, Status.WALL, 0.01
8086, 20, 148, Status.SNAKE, 0.01
8087, 10, 66, Status.SNAKE, 0.01
8088, 5, 29, Status.SNAKE, 0.01
8089, 11, 62, Status.SNAKE, 0.01
8090, 3, 32, Status.SNAKE, 0.01
8091, 11, 78, Status.SNAKE, 0.01
8092, 9, 64, Status.SNAKE, 0.01
8093, 7, 72, Status.SNAKE, 0.01
8094, 7, 48, Status.SNAKE, 0.01
8095, 6, 43, Status.WALL, 0.01
8096, 1, 5, Status.SNAKE, 0.01
8097, 3, 16, Status.WALL, 0.01
8098, 9, 84, Status.SNAKE, 0.01
8099, 3, 27, Status.SNAKE, 0.01
8100, 17, 111, Status.SNAKE, 0.01
8101, 10, 89, Status.WALL, 0.01
8102, 3, 10, Status.WALL, 0.01
8103, 1, 5, Status.SNAKE, 0.01
8104, 7, 73, Status.WALL, 0.01
8105, 7, 58, Status.SNAKE, 0.01
8106, 6, 33, Status.SNAKE, 0.01
8107, 4, 38, Status.SNAKE, 0.01
8108, 13, 78, Status.SNAKE, 0.01
8109, 5, 22, Status.SNAKE, 0.01
8110, 5, 30, Status.SNAKE, 0.01
8111, 11, 95, Status.WALL, 0.01
8112, 2, 20, Status.WALL, 0.01
8113, 2, 20, Status.WALL, 0.01
8114, 3, 32, Status.SNAKE, 0.01
8115, 11, 79, Status.SNAKE, 0.01
8116, 7, 57, Status.SNAKE, 0.01
8117, 10, 71, Status.SNAKE, 0.01
8118, 8, 66, Status.SNAKE, 0.01
8119, 1, 9, Status.SNAKE, 0.01
8120, 10, 58, Status.SNAKE, 0.01
8121, 5, 44, Status.SNAKE, 0.01
8122, 3, 17, Status.SNAKE, 0.01
8123, 10, 60, Status.WALL, 0.01
8124, 5, 47, Status.SNAKE, 0.01
8125, 5, 41, Status.SNAKE, 0.01
8126, 12, 98, Status.WALL, 0.01
8127, 10, 56, Status.SNAKE, 0.01
8128, 15, 96, Status.SNAKE, 0.01
8129, 16, 125, Status.SNAKE, 0.01
8130, 14, 103, Status.SNAKE, 0.01
8131, 7, 57, Status.SNAKE, 0.01
8132, 6, 45, Status.WALL, 0.01
8133, 1, 8, Status.WALL, 0.01
8134, 3, 22, Status.SNAKE, 0.01
8135, 12, 94, Status.SNAKE, 0.01
8136, 6, 50, Status.SNAKE, 0.01
8137, 7, 34, Status.SNAKE, 0.01
8138, 7, 45, Status.SNAKE, 0.01
8139, 9, 70, Status.SNAKE, 0.01
8140, 7, 63, Status.WALL, 0.01
8141, 6, 43, Status.SNAKE, 0.01
8142, 12, 86, Status.SNAKE, 0.01
8143, 17, 99, Status.SNAKE, 0.01
8144, 7, 48, Status.SNAKE, 0.01
8145, 4, 25, Status.WALL, 0.01
8146, 9, 75, Status.SNAKE, 0.01
8147, 11, 82, Status.WALL, 0.01
8148, 3, 27, Status.SNAKE, 0.01
8149, 7, 44, Status.SNAKE, 0.01
8150, 8, 59, Status.SNAKE, 0.01
8151, 2, 18, Status.WALL, 0.01
8152, 1, 9, Status.WALL, 0.01
8153, 13, 121, Status.SNAKE, 0.01
8154, 8, 57, Status.SNAKE, 0.01
8155, 1, 5, Status.SNAKE, 0.01
8156, 12, 97, Status.WALL, 0.01
8157, 2, 20, Status.WALL, 0.01
8158, 2, 15, Status.SNAKE, 0.01
8159, 5, 25, Status.SNAKE, 0.01
8160, 7, 56, Status.WALL, 0.01
8161, 7, 32, Status.SNAKE, 0.01
8162, 5, 34, Status.SNAKE, 0.01
8163, 1, 10, Status.WALL, 0.01
8164, 17, 125, Status.SNAKE, 0.01
8165, 3, 23, Status.SNAKE, 0.01
8166, 3, 18, Status.SNAKE, 0.01
8167, 3, 22, Status.SNAKE, 0.01
8168, 8, 53, Status.SNAKE, 0.01
8169, 5, 36, Status.WALL, 0.01
8170, 4, 30, Status.SNAKE, 0.01
8171, 17, 138, Status.SNAKE, 0.01
8172, 8, 51, Status.SNAKE, 0.01
8173, 18, 136, Status.SNAKE, 0.01
8174, 2, 14, Status.WALL, 0.01
8175, 10, 66, Status.SNAKE, 0.01
8176, 10, 62, Status.SNAKE, 0.01
8177, 7, 52, Status.SNAKE, 0.01
8178, 8, 50, Status.SNAKE, 0.01
8179, 4, 17, Status.SNAKE, 0.01
8180, 4, 31, Status.SNAKE, 0.01
8181, 9, 46, Status.SNAKE, 0.01
8182, 4, 35, Status.SNAKE, 0.01
8183, 4, 23, Status.WALL, 0.01
8184, 5, 42, Status.SNAKE, 0.01
8185, 6, 28, Status.SNAKE, 0.01
8186, 4, 54, Status.WALL, 0.01
8187, 7, 63, Status.SNAKE, 0.01
8188, 7, 50, Status.SNAKE, 0.01
8189, 7, 49, Status.SNAKE, 0.01
8190, 8, 56, Status.SNAKE, 0.01
8191, 5, 36, Status.WALL, 0.01
8192, 1, 7, Status.SNAKE, 0.01
8193, 19, 138, Status.WALL, 0.01
8194, 12, 92, Status.SNAKE, 0.01
8195, 7, 56, Status.SNAKE, 0.01
8196, 5, 36, Status.SNAKE, 0.01
8197, 8, 53, Status.SNAKE, 0.01
8198, 5, 36, Status.SNAKE, 0.01
8199, 8, 67, Status.SNAKE, 0.01
8200, 2, 14, Status.WALL, 0.01
8201, 9, 59, Status.SNAKE, 0.01
8202, 3, 18, Status.WALL, 0.01
8203, 16, 122, Status.SNAKE, 0.01
8204, 7, 65, Status.SNAKE, 0.01
8205, 10, 80, Status.WALL, 0.01
8206, 10, 85, Status.SNAKE, 0.01
8207, 4, 40, Status.SNAKE, 0.01
8208, 2, 38, Status.SNAKE, 0.01
8209, 10, 54, Status.SNAKE, 0.01
8210, 15, 106, Status.SNAKE, 0.01
8211, 10, 97, Status.SNAKE, 0.01
8212, 5, 51, Status.WALL, 0.01
8213, 13, 91, Status.SNAKE, 0.01
8214, 9, 78, Status.WALL, 0.01
8215, 22, 123, Status.SNAKE, 0.01
8216, 4, 24, Status.SNAKE, 0.01
8217, 14, 111, Status.WALL, 0.01
8218, 2, 18, Status.SNAKE, 0.01
8219, 11, 91, Status.SNAKE, 0.01
8220, 9, 61, Status.SNAKE, 0.01
8221, 13, 89, Status.SNAKE, 0.01
8222, 7, 41, Status.SNAKE, 0.01
8223, 11, 72, Status.SNAKE, 0.01
8224, 9, 65, Status.SNAKE, 0.01
8225, 12, 86, Status.SNAKE, 0.01
8226, 15, 135, Status.SNAKE, 0.01
8227, 3, 25, Status.SNAKE, 0.01
8228, 5, 39, Status.SNAKE, 0.01
8229, 6, 38, Status.WALL, 0.01
8230, 12, 112, Status.SNAKE, 0.01
8231, 8, 65, Status.SNAKE, 0.01
8232, 13, 93, Status.SNAKE, 0.01
8233, 4, 27, Status.WALL, 0.01
8234, 8, 57, Status.SNAKE, 0.01
8235, 4, 22, Status.SNAKE, 0.01
8236, 2, 18, Status.SNAKE, 0.01
8237, 1, 5, Status.SNAKE, 0.01
8238, 10, 58, Status.SNAKE, 0.01
8239, 9, 52, Status.SNAKE, 0.01
8240, 6, 54, Status.SNAKE, 0.01
8241, 2, 23, Status.SNAKE, 0.01
8242, 13, 80, Status.SNAKE, 0.01
8243, 4, 27, Status.SNAKE, 0.01
8244, 1, 13, Status.SNAKE, 0.01
8245, 4, 21, Status.SNAKE, 0.01
8246, 15, 108, Status.SNAKE, 0.01
8247, 7, 48, Status.SNAKE, 0.01
8248, 3, 14, Status.WALL, 0.01
8249, 11, 67, Status.SNAKE, 0.01
8250, 0, 21, Status.WALL, 0.01
8251, 13, 99, Status.SNAKE, 0.01
8252, 11, 78, Status.SNAKE, 0.01
8253, 14, 102, Status.SNAKE, 0.01
8254, 2, 23, Status.WALL, 0.01
8255, 13, 129, Status.SNAKE, 0.01
8256, 4, 34, Status.WALL, 0.01
8257, 3, 35, Status.WALL, 0.01
8258, 16, 114, Status.SNAKE, 0.01
8259, 11, 82, Status.SNAKE, 0.01
8260, 2, 10, Status.WALL, 0.01
8261, 10, 64, Status.SNAKE, 0.01
8262, 11, 68, Status.SNAKE, 0.01
8263, 4, 30, Status.SNAKE, 0.01
8264, 6, 34, Status.SNAKE, 0.01
8265, 13, 79, Status.SNAKE, 0.01
8266, 11, 72, Status.SNAKE, 0.01
8267, 5, 34, Status.SNAKE, 0.01
8268, 11, 88, Status.SNAKE, 0.01
8269, 12, 78, Status.SNAKE, 0.01
8270, 3, 24, Status.WALL, 0.01
8271, 2, 10, Status.WALL, 0.01
8272, 15, 92, Status.SNAKE, 0.01
8273, 12, 113, Status.WALL, 0.01
8274, 7, 42, Status.SNAKE, 0.01
8275, 10, 49, Status.SNAKE, 0.01
8276, 8, 50, Status.SNAKE, 0.01
8277, 1, 10, Status.WALL, 0.01
8278, 6, 35, Status.SNAKE, 0.01
8279, 10, 68, Status.SNAKE, 0.01
8280, 5, 31, Status.SNAKE, 0.01
8281, 6, 58, Status.SNAKE, 0.01
8282, 6, 36, Status.SNAKE, 0.01
8283, 8, 35, Status.SNAKE, 0.01
8284, 3, 23, Status.SNAKE, 0.01
8285, 7, 54, Status.SNAKE, 0.01
8286, 5, 42, Status.SNAKE, 0.01
8287, 10, 86, Status.SNAKE, 0.01
8288, 4, 21, Status.WALL, 0.01
8289, 20, 145, Status.SNAKE, 0.01
8290, 10, 82, Status.WALL, 0.01
8291, 5, 26, Status.SNAKE, 0.01
8292, 11, 81, Status.SNAKE, 0.01
8293, 6, 47, Status.SNAKE, 0.01
8294, 9, 77, Status.SNAKE, 0.01
8295, 7, 36, Status.SNAKE, 0.01
8296, 9, 69, Status.SNAKE, 0.01
8297, 9, 66, Status.SNAKE, 0.01
8298, 1, 7, Status.SNAKE, 0.01
8299, 10, 82, Status.SNAKE, 0.01
8300, 6, 43, Status.WALL, 0.01
8301, 14, 107, Status.SNAKE, 0.01
8302, 9, 92, Status.SNAKE, 0.01
8303, 3, 14, Status.SNAKE, 0.01
8304, 2, 16, Status.SNAKE, 0.01
8305, 14, 87, Status.SNAKE, 0.01
8306, 1, 8, Status.SNAKE, 0.01
8307, 8, 51, Status.SNAKE, 0.01
8308, 1, 6, Status.SNAKE, 0.01
8309, 1, 8, Status.SNAKE, 0.01
8310, 5, 31, Status.SNAKE, 0.01
8311, 12, 99, Status.SNAKE, 0.01
8312, 1, 6, Status.SNAKE, 0.01
8313, 2, 17, Status.SNAKE, 0.01
8314, 4, 27, Status.SNAKE, 0.01
8315, 2, 14, Status.WALL, 0.01
8316, 9, 72, Status.SNAKE, 0.01
8317, 3, 27, Status.SNAKE, 0.01
8318, 9, 38, Status.SNAKE, 0.01
8319, 6, 38, Status.SNAKE, 0.01
8320, 7, 52, Status.SNAKE, 0.01
8321, 8, 64, Status.SNAKE, 0.01
8322, 3, 23, Status.SNAKE, 0.01
8323, 11, 83, Status.SNAKE, 0.01
8324, 9, 65, Status.SNAKE, 0.01
8325, 19, 163, Status.SNAKE, 0.01
8326, 7, 49, Status.SNAKE, 0.01
8327, 5, 33, Status.SNAKE, 0.01
8328, 16, 116, Status.SNAKE, 0.01
8329, 9, 64, Status.WALL, 0.01
8330, 12, 114, Status.SNAKE, 0.01
8331, 9, 76, Status.SNAKE, 0.01
8332, 6, 41, Status.SNAKE, 0.01
8333, 10, 101, Status.SNAKE, 0.01
8334, 4, 38, Status.SNAKE, 0.01
8335, 6, 53, Status.SNAKE, 0.01
8336, 16, 134, Status.SNAKE, 0.01
8337, 9, 81, Status.SNAKE, 0.01
8338, 10, 69, Status.SNAKE, 0.01
8339, 1, 7, Status.SNAKE, 0.01
8340, 14, 127, Status.SNAKE, 0.01
8341, 9, 101, Status.SNAKE, 0.01
8342, 12, 88, Status.SNAKE, 0.01
8343, 8, 54, Status.SNAKE, 0.01
8344, 19, 131, Status.SNAKE, 0.01
8345, 3, 30, Status.SNAKE, 0.01
8346, 13, 83, Status.SNAKE, 0.01
8347, 1, 8, Status.SNAKE, 0.01
8348, 6, 36, Status.SNAKE, 0.01
8349, 7, 99, Status.SNAKE, 0.01
8350, 10, 99, Status.SNAKE, 0.01
8351, 13, 114, Status.WALL, 0.01
8352, 4, 23, Status.SNAKE, 0.01
8353, 8, 75, Status.SNAKE, 0.01
8354, 17, 114, Status.SNAKE, 0.01
8355, 1, 14, Status.SNAKE, 0.01
8356, 4, 31, Status.WALL, 0.01
8357, 16, 109, Status.SNAKE, 0.01
8358, 1, 5, Status.SNAKE, 0.01
8359, 4, 28, Status.WALL, 0.01
8360, 5, 36, Status.SNAKE, 0.01
8361, 10, 101, Status.SNAKE, 0.01
8362, 8, 47, Status.WALL, 0.01
8363, 8, 59, Status.SNAKE, 0.01
8364, 5, 36, Status.SNAKE, 0.01
8365, 2, 13, Status.SNAKE, 0.01
8366, 15, 112, Status.SNAKE, 0.01
8367, 10, 56, Status.SNAKE, 0.01
8368, 15, 117, Status.SNAKE, 0.01
8369, 7, 45, Status.SNAKE, 0.01
8370, 10, 61, Status.SNAKE, 0.01
8371, 4, 39, Status.SNAKE, 0.01
8372, 1, 10, Status.SNAKE, 0.01
8373, 1, 7, Status.SNAKE, 0.01
8374, 5, 45, Status.SNAKE, 0.01
8375, 2, 19, Status.SNAKE, 0.01
8376, 8, 77, Status.SNAKE, 0.01
8377, 9, 66, Status.SNAKE, 0.01
8378, 12, 110, Status.SNAKE, 0.01
8379, 2, 23, Status.WALL, 0.01
8380, 1, 5, Status.SNAKE, 0.01
8381, 14, 86, Status.SNAKE, 0.01
8382, 6, 42, Status.SNAKE, 0.01
8383, 1, 10, Status.WALL, 0.01
8384, 9, 51, Status.SNAKE, 0.01
8385, 16, 100, Status.SNAKE, 0.01
8386, 8, 57, Status.WALL, 0.01
8387, 10, 63, Status.SNAKE, 0.01
8388, 10, 62, Status.SNAKE, 0.01
8389, 2, 12, Status.SNAKE, 0.01
8390, 15, 103, Status.SNAKE, 0.01
8391, 9, 69, Status.WALL, 0.01
8392, 3, 43, Status.WALL, 0.01
8393, 9, 75, Status.SNAKE, 0.01
8394, 9, 63, Status.SNAKE, 0.01
8395, 11, 73, Status.SNAKE, 0.01
8396, 11, 66, Status.SNAKE, 0.01
8397, 7, 60, Status.SNAKE, 0.01
8398, 14, 86, Status.WALL, 0.01
8399, 1, 11, Status.WALL, 0.01
8400, 9, 80, Status.SNAKE, 0.01
8401, 15, 124, Status.SNAKE, 0.01
8402, 11, 102, Status.SNAKE, 0.01
8403, 7, 60, Status.SNAKE, 0.01
8404, 14, 100, Status.SNAKE, 0.01
8405, 3, 21, Status.SNAKE, 0.01
8406, 11, 90, Status.SNAKE, 0.01
8407, 10, 62, Status.SNAKE, 0.01
8408, 12, 75, Status.SNAKE, 0.01
8409, 0, 20, Status.WALL, 0.01
8410, 3, 24, Status.WALL, 0.01
8411, 17, 176, Status.SNAKE, 0.01
8412, 14, 92, Status.SNAKE, 0.01
8413, 12, 101, Status.WALL, 0.01
8414, 3, 30, Status.SNAKE, 0.01
8415, 15, 134, Status.SNAKE, 0.01
8416, 1, 5, Status.SNAKE, 0.01
8417, 1, 5, Status.SNAKE, 0.01
8418, 2, 16, Status.SNAKE, 0.01
8419, 5, 37, Status.SNAKE, 0.01
8420, 3, 14, Status.SNAKE, 0.01
8421, 4, 24, Status.SNAKE, 0.01
8422, 11, 60, Status.SNAKE, 0.01
8423, 2, 12, Status.SNAKE, 0.01
8424, 4, 65, Status.WALL, 0.01
8425, 11, 71, Status.SNAKE, 0.01
8426, 6, 39, Status.WALL, 0.01
8427, 11, 93, Status.WALL, 0.01
8428, 5, 33, Status.SNAKE, 0.01
8429, 7, 54, Status.WALL, 0.01
8430, 4, 25, Status.WALL, 0.01
8431, 3, 20, Status.WALL, 0.01
8432, 2, 25, Status.SNAKE, 0.01
8433, 9, 66, Status.WALL, 0.01
8434, 6, 32, Status.SNAKE, 0.01
8435, 14, 167, Status.WALL, 0.01
8436, 5, 33, Status.SNAKE, 0.01
8437, 12, 107, Status.WALL, 0.01
8438, 9, 86, Status.SNAKE, 0.01
8439, 4, 42, Status.WALL, 0.01
8440, 5, 54, Status.SNAKE, 0.01
8441, 13, 137, Status.SNAKE, 0.01
8442, 11, 102, Status.SNAKE, 0.01
8443, 4, 46, Status.SNAKE, 0.01
8444, 11, 88, Status.SNAKE, 0.01
8445, 7, 48, Status.SNAKE, 0.01
8446, 5, 44, Status.SNAKE, 0.01
8447, 17, 159, Status.SNAKE, 0.01
8448, 15, 124, Status.SNAKE, 0.01
8449, 2, 10, Status.SNAKE, 0.01
8450, 9, 67, Status.SNAKE, 0.01
8451, 14, 150, Status.SNAKE, 0.01
8452, 3, 14, Status.SNAKE, 0.01
8453, 1, 5, Status.SNAKE, 0.01
8454, 18, 129, Status.SNAKE, 0.01
8455, 6, 59, Status.SNAKE, 0.01
8456, 2, 17, Status.SNAKE, 0.01
8457, 4, 41, Status.WALL, 0.01
8458, 6, 33, Status.SNAKE, 0.01
8459, 8, 60, Status.WALL, 0.01
8460, 8, 74, Status.SNAKE, 0.01
8461, 12, 103, Status.WALL, 0.01
8462, 9, 72, Status.WALL, 0.01
8463, 17, 114, Status.WALL, 0.01
8464, 9, 59, Status.SNAKE, 0.01
8465, 13, 85, Status.WALL, 0.01
8466, 8, 49, Status.WALL, 0.01
8467, 14, 110, Status.WALL, 0.01
8468, 6, 34, Status.WALL, 0.01
8469, 12, 106, Status.WALL, 0.01
8470, 16, 115, Status.SNAKE, 0.01
8471, 7, 74, Status.SNAKE, 0.01
8472, 1, 5, Status.SNAKE, 0.01
8473, 6, 37, Status.SNAKE, 0.01
8474, 7, 66, Status.SNAKE, 0.01
8475, 5, 51, Status.SNAKE, 0.01
8476, 9, 82, Status.SNAKE, 0.01
8477, 1, 5, Status.SNAKE, 0.01
8478, 6, 43, Status.SNAKE, 0.01
8479, 9, 79, Status.SNAKE, 0.01
8480, 8, 50, Status.SNAKE, 0.01
8481, 5, 28, Status.WALL, 0.01
8482, 4, 29, Status.SNAKE, 0.01
8483, 8, 63, Status.SNAKE, 0.01
8484, 7, 45, Status.SNAKE, 0.01
8485, 10, 94, Status.SNAKE, 0.01
8486, 6, 45, Status.SNAKE, 0.01
8487, 12, 105, Status.SNAKE, 0.01
8488, 20, 123, Status.WALL, 0.01
8489, 17, 146, Status.SNAKE, 0.01
8490, 13, 117, Status.WALL, 0.01
8491, 5, 20, Status.SNAKE, 0.01
8492, 13, 78, Status.SNAKE, 0.01
8493, 2, 10, Status.WALL, 0.01
8494, 9, 74, Status.SNAKE, 0.01
8495, 7, 51, Status.SNAKE, 0.01
8496, 9, 57, Status.SNAKE, 0.01
8497, 4, 40, Status.SNAKE, 0.01
8498, 1, 8, Status.SNAKE, 0.01
8499, 11, 76, Status.SNAKE, 0.01
8500, 6, 60, Status.SNAKE, 0.01
8501, 14, 128, Status.SNAKE, 0.01
8502, 5, 36, Status.SNAKE, 0.01
8503, 6, 56, Status.SNAKE, 0.01
8504, 9, 65, Status.SNAKE, 0.01
8505, 8, 50, Status.WALL, 0.01
8506, 6, 27, Status.SNAKE, 0.01
8507, 17, 117, Status.SNAKE, 0.01
8508, 7, 53, Status.SNAKE, 0.01
8509, 8, 33, Status.WALL, 0.01
8510, 10, 63, Status.SNAKE, 0.01
8511, 6, 54, Status.SNAKE, 0.01
8512, 9, 58, Status.SNAKE, 0.01
8513, 3, 31, Status.WALL, 0.01
8514, 6, 31, Status.SNAKE, 0.01
8515, 9, 73, Status.SNAKE, 0.01
8516, 1, 3, Status.SNAKE, 0.01
8517, 9, 82, Status.SNAKE, 0.01
8518, 7, 56, Status.SNAKE, 0.01
8519, 0, 7, Status.WALL, 0.01
8520, 2, 12, Status.SNAKE, 0.01
8521, 16, 114, Status.SNAKE, 0.01
8522, 9, 70, Status.SNAKE, 0.01
8523, 7, 72, Status.SNAKE, 0.01
8524, 1, 13, Status.WALL, 0.01
8525, 9, 80, Status.SNAKE, 0.01
8526, 9, 56, Status.WALL, 0.01
8527, 8, 61, Status.SNAKE, 0.01
8528, 15, 115, Status.SNAKE, 0.01
8529, 12, 107, Status.SNAKE, 0.01
8530, 9, 73, Status.SNAKE, 0.01
8531, 12, 83, Status.SNAKE, 0.01
8532, 10, 74, Status.SNAKE, 0.01
8533, 9, 59, Status.SNAKE, 0.01
8534, 13, 87, Status.SNAKE, 0.01
8535, 7, 50, Status.SNAKE, 0.01
8536, 6, 38, Status.SNAKE, 0.01
8537, 9, 62, Status.SNAKE, 0.01
8538, 8, 63, Status.SNAKE, 0.01
8539, 2, 15, Status.SNAKE, 0.01
8540, 8, 62, Status.WALL, 0.01
8541, 11, 91, Status.SNAKE, 0.01
8542, 3, 21, Status.SNAKE, 0.01
8543, 8, 39, Status.WALL, 0.01
8544, 15, 130, Status.SNAKE, 0.01
8545, 5, 42, Status.SNAKE, 0.01
8546, 7, 50, Status.SNAKE, 0.01
8547, 12, 83, Status.SNAKE, 0.01
8548, 8, 71, Status.SNAKE, 0.01
8549, 10, 66, Status.SNAKE, 0.01
8550, 10, 88, Status.SNAKE, 0.01
8551, 17, 106, Status.SNAKE, 0.01
8552, 4, 37, Status.SNAKE, 0.01
8553, 3, 32, Status.SNAKE, 0.01
8554, 20, 144, Status.SNAKE, 0.01
8555, 12, 70, Status.SNAKE, 0.01
8556, 12, 106, Status.SNAKE, 0.01
8557, 4, 43, Status.SNAKE, 0.01
8558, 12, 87, Status.WALL, 0.01
8559, 9, 53, Status.SNAKE, 0.01
8560, 9, 68, Status.SNAKE, 0.01
8561, 17, 112, Status.SNAKE, 0.01
8562, 11, 78, Status.SNAKE, 0.01
8563, 11, 80, Status.SNAKE, 0.01
8564, 11, 90, Status.SNAKE, 0.01
8565, 6, 38, Status.SNAKE, 0.01
8566, 1, 5, Status.SNAKE, 0.01
8567, 7, 54, Status.SNAKE, 0.01
8568, 11, 70, Status.WALL, 0.01
8569, 3, 31, Status.SNAKE, 0.01
8570, 0, 10, Status.WALL, 0.01
8571, 19, 136, Status.SNAKE, 0.01
8572, 12, 86, Status.SNAKE, 0.01
8573, 7, 59, Status.SNAKE, 0.01
8574, 1, 3, Status.SNAKE, 0.01
8575, 9, 53, Status.SNAKE, 0.01
8576, 12, 82, Status.SNAKE, 0.01
8577, 1, 14, Status.SNAKE, 0.01
8578, 12, 84, Status.SNAKE, 0.01
8579, 5, 36, Status.SNAKE, 0.01
8580, 7, 52, Status.SNAKE, 0.01
8581, 9, 74, Status.SNAKE, 0.01
8582, 5, 24, Status.SNAKE, 0.01
8583, 5, 30, Status.SNAKE, 0.01
8584, 6, 35, Status.SNAKE, 0.01
8585, 1, 3, Status.SNAKE, 0.01
8586, 1, 8, Status.WALL, 0.01
8587, 10, 55, Status.SNAKE, 0.01
8588, 14, 81, Status.SNAKE, 0.01
8589, 2, 13, Status.WALL, 0.01
8590, 17, 126, Status.SNAKE, 0.01
8591, 9, 53, Status.SNAKE, 0.01
8592, 12, 61, Status.SNAKE, 0.01
8593, 2, 11, Status.SNAKE, 0.01
8594, 3, 25, Status.SNAKE, 0.01
8595, 12, 68, Status.SNAKE, 0.01
8596, 13, 105, Status.SNAKE, 0.01
8597, 9, 62, Status.SNAKE, 0.01
8598, 5, 29, Status.SNAKE, 0.01
8599, 5, 36, Status.SNAKE, 0.01
8600, 15, 98, Status.SNAKE, 0.01
8601, 11, 96, Status.SNAKE, 0.01
8602, 3, 27, Status.WALL, 0.01
8603, 11, 66, Status.SNAKE, 0.01
8604, 15, 117, Status.SNAKE, 0.01
8605, 1, 5, Status.SNAKE, 0.01
8606, 3, 30, Status.WALL, 0.01
8607, 7, 46, Status.SNAKE, 0.01
8608, 4, 19, Status.WALL, 0.01
8609, 11, 108, Status.SNAKE, 0.01
8610, 4, 13, Status.WALL, 0.01
8611, 13, 80, Status.SNAKE, 0.01
8612, 10, 73, Status.WALL, 0.01
8613, 16, 132, Status.SNAKE, 0.01
8614, 8, 73, Status.SNAKE, 0.01
8615, 9, 71, Status.SNAKE, 0.01
8616, 14, 87, Status.SNAKE, 0.01
8617, 7, 62, Status.SNAKE, 0.01
8618, 8, 59, Status.SNAKE, 0.01
8619, 2, 10, Status.SNAKE, 0.01
8620, 11, 71, Status.WALL, 0.01
8621, 11, 66, Status.SNAKE, 0.01
8622, 8, 44, Status.SNAKE, 0.01
8623, 8, 63, Status.SNAKE, 0.01
8624, 12, 70, Status.SNAKE, 0.01
8625, 11, 76, Status.SNAKE, 0.01
8626, 12, 83, Status.SNAKE, 0.01
8627, 7, 56, Status.WALL, 0.01
8628, 4, 36, Status.WALL, 0.01
8629, 7, 46, Status.SNAKE, 0.01
8630, 9, 74, Status.SNAKE, 0.01
8631, 9, 44, Status.SNAKE, 0.01
8632, 10, 65, Status.WALL, 0.01
8633, 5, 38, Status.SNAKE, 0.01
8634, 13, 103, Status.WALL, 0.01
8635, 4, 22, Status.SNAKE, 0.01
8636, 14, 115, Status.SNAKE, 0.01
8637, 11, 78, Status.SNAKE, 0.01
8638, 10, 68, Status.SNAKE, 0.01
8639, 3, 31, Status.SNAKE, 0.01
8640, 3, 24, Status.SNAKE, 0.01
8641, 5, 39, Status.WALL, 0.01
8642, 2, 16, Status.SNAKE, 0.01
8643, 5, 27, Status.SNAKE, 0.01
8644, 14, 121, Status.SNAKE, 0.01
8645, 3, 24, Status.SNAKE, 0.01
8646, 14, 96, Status.SNAKE, 0.01
8647, 17, 113, Status.SNAKE, 0.01
8648, 11, 94, Status.SNAKE, 0.01
8649, 4, 36, Status.WALL, 0.01
8650, 9, 67, Status.SNAKE, 0.01
8651, 11, 89, Status.SNAKE, 0.01
8652, 3, 15, Status.SNAKE, 0.01
8653, 3, 30, Status.WALL, 0.01
8654, 3, 21, Status.SNAKE, 0.01
8655, 7, 48, Status.SNAKE, 0.01
8656, 7, 46, Status.SNAKE, 0.01
8657, 9, 48, Status.SNAKE, 0.01
8658, 4, 29, Status.WALL, 0.01
8659, 8, 46, Status.SNAKE, 0.01
8660, 19, 141, Status.SNAKE, 0.01
8661, 2, 14, Status.WALL, 0.01
8662, 9, 55, Status.SNAKE, 0.01
8663, 13, 72, Status.SNAKE, 0.01
8664, 10, 66, Status.WALL, 0.01
8665, 6, 38, Status.SNAKE, 0.01
8666, 9, 78, Status.SNAKE, 0.01
8667, 14, 86, Status.SNAKE, 0.01
8668, 9, 61, Status.WALL, 0.01
8669, 19, 126, Status.SNAKE, 0.01
8670, 1, 3, Status.SNAKE, 0.01
8671, 2, 12, Status.WALL, 0.01
8672, 11, 78, Status.SNAKE, 0.01
8673, 12, 74, Status.SNAKE, 0.01
8674, 8, 52, Status.WALL, 0.01
8675, 2, 21, Status.SNAKE, 0.01
8676, 7, 46, Status.SNAKE, 0.01
8677, 8, 43, Status.SNAKE, 0.01
8678, 11, 72, Status.SNAKE, 0.01
8679, 11, 64, Status.WALL, 0.01
8680, 13, 76, Status.SNAKE, 0.01
8681, 13, 97, Status.SNAKE, 0.01
8682, 17, 84, Status.SNAKE, 0.01
8683, 9, 77, Status.WALL, 0.01
8684, 9, 72, Status.SNAKE, 0.01
8685, 6, 24, Status.SNAKE, 0.01
8686, 1, 3, Status.SNAKE, 0.01
8687, 2, 9, Status.SNAKE, 0.01
8688, 14, 101, Status.SNAKE, 0.01
8689, 11, 89, Status.SNAKE, 0.01
8690, 3, 13, Status.SNAKE, 0.01
8691, 10, 72, Status.SNAKE, 0.01
8692, 8, 66, Status.SNAKE, 0.01
8693, 10, 73, Status.SNAKE, 0.01
8694, 11, 85, Status.SNAKE, 0.01
8695, 12, 64, Status.SNAKE, 0.01
8696, 3, 8, Status.WALL, 0.01
8697, 5, 32, Status.SNAKE, 0.01
8698, 13, 94, Status.SNAKE, 0.01
8699, 4, 23, Status.SNAKE, 0.01
8700, 6, 42, Status.WALL, 0.01
8701, 6, 35, Status.SNAKE, 0.01
8702, 6, 47, Status.SNAKE, 0.01
8703, 8, 51, Status.SNAKE, 0.01
8704, 4, 24, Status.SNAKE, 0.01
8705, 17, 129, Status.SNAKE, 0.01
8706, 8, 50, Status.WALL, 0.01
8707, 23, 173, Status.SNAKE, 0.01
8708, 13, 81, Status.SNAKE, 0.01
8709, 3, 25, Status.WALL, 0.01
8710, 5, 33, Status.SNAKE, 0.01
8711, 10, 64, Status.WALL, 0.01
8712, 7, 39, Status.SNAKE, 0.01
8713, 9, 62, Status.SNAKE, 0.01
8714, 11, 82, Status.WALL, 0.01
8715, 12, 85, Status.SNAKE, 0.01
8716, 8, 59, Status.SNAKE, 0.01
8717, 15, 103, Status.SNAKE, 0.01
8718, 12, 96, Status.SNAKE, 0.01
8719, 13, 87, Status.SNAKE, 0.01
8720, 12, 85, Status.SNAKE, 0.01
8721, 10, 75, Status.SNAKE, 0.01
8722, 9, 43, Status.SNAKE, 0.01
8723, 7, 42, Status.SNAKE, 0.01
8724, 6, 36, Status.SNAKE, 0.01
8725, 2, 23, Status.WALL, 0.01
8726, 2, 11, Status.WALL, 0.01
8727, 7, 50, Status.SNAKE, 0.01
8728, 17, 110, Status.SNAKE, 0.01
8729, 10, 71, Status.WALL, 0.01
8730, 7, 38, Status.SNAKE, 0.01
8731, 11, 67, Status.WALL, 0.01
8732, 12, 74, Status.SNAKE, 0.01
8733, 11, 84, Status.SNAKE, 0.01
8734, 7, 49, Status.SNAKE, 0.01
8735, 1, 10, Status.WALL, 0.01
8736, 4, 27, Status.SNAKE, 0.01
8737, 4, 14, Status.WALL, 0.01
8738, 5, 41, Status.SNAKE, 0.01
8739, 7, 47, Status.SNAKE, 0.01
8740, 11, 74, Status.SNAKE, 0.01
8741, 11, 67, Status.WALL, 0.01
8742, 22, 122, Status.WALL, 0.01
8743, 14, 82, Status.WALL, 0.01
8744, 12, 99, Status.SNAKE, 0.01
8745, 6, 55, Status.WALL, 0.01
8746, 14, 98, Status.SNAKE, 0.01
8747, 11, 92, Status.WALL, 0.01
8748, 4, 27, Status.SNAKE, 0.01
8749, 7, 59, Status.SNAKE, 0.01
8750, 5, 25, Status.SNAKE, 0.01
8751, 1, 10, Status.WALL, 0.01
8752, 12, 74, Status.WALL, 0.01
8753, 15, 114, Status.SNAKE, 0.01
8754, 9, 63, Status.SNAKE, 0.01
8755, 11, 61, Status.SNAKE, 0.01
8756, 14, 70, Status.WALL, 0.01
8757, 19, 134, Status.WALL, 0.01
8758, 10, 73, Status.SNAKE, 0.01
8759, 6, 38, Status.SNAKE, 0.01
8760, 3, 18, Status.SNAKE, 0.01
8761, 25, 158, Status.SNAKE, 0.01
8762, 10, 65, Status.SNAKE, 0.01
8763, 4, 33, Status.WALL, 0.01
8764, 10, 51, Status.SNAKE, 0.01
8765, 7, 35, Status.SNAKE, 0.01
8766, 8, 74, Status.SNAKE, 0.01
8767, 9, 44, Status.SNAKE, 0.01
8768, 13, 85, Status.SNAKE, 0.01
8769, 19, 155, Status.SNAKE, 0.01
8770, 12, 89, Status.SNAKE, 0.01
8771, 1, 7, Status.SNAKE, 0.01
8772, 10, 68, Status.SNAKE, 0.01
8773, 5, 37, Status.SNAKE, 0.01
8774, 15, 119, Status.SNAKE, 0.01
8775, 15, 102, Status.SNAKE, 0.01
8776, 5, 30, Status.SNAKE, 0.01
8777, 7, 38, Status.SNAKE, 0.01
8778, 1, 6, Status.SNAKE, 0.01
8779, 11, 64, Status.WALL, 0.01
8780, 4, 14, Status.SNAKE, 0.01
8781, 15, 121, Status.SNAKE, 0.01
8782, 3, 16, Status.SNAKE, 0.01
8783, 4, 24, Status.SNAKE, 0.01
8784, 16, 113, Status.SNAKE, 0.01
8785, 12, 83, Status.SNAKE, 0.01
8786, 10, 87, Status.SNAKE, 0.01
8787, 9, 66, Status.SNAKE, 0.01
8788, 2, 8, Status.SNAKE, 0.01
8789, 9, 40, Status.WALL, 0.01
8790, 13, 72, Status.SNAKE, 0.01
8791, 17, 93, Status.SNAKE, 0.01
8792, 7, 46, Status.SNAKE, 0.01
8793, 21, 117, Status.SNAKE, 0.01
8794, 8, 48, Status.SNAKE, 0.01
8795, 1, 3, Status.SNAKE, 0.01
8796, 12, 73, Status.SNAKE, 0.01
8797, 2, 16, Status.WALL, 0.01
8798, 10, 67, Status.SNAKE, 0.01
8799, 10, 79, Status.WALL, 0.01
8800, 14, 89, Status.SNAKE, 0.01
8801, 4, 22, Status.SNAKE, 0.01
8802, 3, 18, Status.SNAKE, 0.01
8803, 13, 87, Status.SNAKE, 0.01
8804, 1, 11, Status.WALL, 0.01
8805, 5, 28, Status.SNAKE, 0.01
8806, 11, 83, Status.WALL, 0.01
8807, 6, 42, Status.SNAKE, 0.01
8808, 12, 98, Status.SNAKE, 0.01
8809, 13, 98, Status.WALL, 0.01
8810, 6, 46, Status.SNAKE, 0.01
8811, 6, 48, Status.SNAKE, 0.01
8812, 9, 50, Status.SNAKE, 0.01
8813, 10, 74, Status.SNAKE, 0.01
8814, 14, 80, Status.SNAKE, 0.01
8815, 8, 58, Status.SNAKE, 0.01
8816, 13, 62, Status.WALL, 0.01
8817, 11, 87, Status.SNAKE, 0.01
8818, 8, 37, Status.SNAKE, 0.01
8819, 5, 20, Status.SNAKE, 0.01
8820, 11, 63, Status.SNAKE, 0.01
8821, 7, 31, Status.SNAKE, 0.01
8822, 6, 33, Status.SNAKE, 0.01
8823, 19, 129, Status.SNAKE, 0.01
8824, 7, 42, Status.SNAKE, 0.01
8825, 8, 46, Status.SNAKE, 0.01
8826, 14, 72, Status.SNAKE, 0.01
8827, 2, 20, Status.WALL, 0.01
8828, 9, 49, Status.SNAKE, 0.01
8829, 17, 82, Status.SNAKE, 0.01
8830, 7, 59, Status.SNAKE, 0.01
8831, 10, 68, Status.SNAKE, 0.01
8832, 1, 5, Status.SNAKE, 0.01
8833, 16, 99, Status.SNAKE, 0.01
8834, 7, 45, Status.SNAKE, 0.01
8835, 7, 31, Status.SNAKE, 0.01
8836, 5, 43, Status.SNAKE, 0.01
8837, 4, 42, Status.WALL, 0.01
8838, 8, 65, Status.SNAKE, 0.01
8839, 12, 75, Status.SNAKE, 0.01
8840, 6, 59, Status.SNAKE, 0.01
8841, 5, 39, Status.SNAKE, 0.01
8842, 7, 51, Status.SNAKE, 0.01
8843, 10, 60, Status.WALL, 0.01
8844, 6, 41, Status.SNAKE, 0.01
8845, 12, 82, Status.SNAKE, 0.01
8846, 5, 38, Status.SNAKE, 0.01
8847, 1, 23, Status.SNAKE, 0.01
8848, 1, 10, Status.WALL, 0.01
8849, 14, 122, Status.SNAKE, 0.01
8850, 11, 89, Status.SNAKE, 0.01
8851, 9, 69, Status.SNAKE, 0.01
8852, 14, 93, Status.SNAKE, 0.01
8853, 15, 91, Status.SNAKE, 0.01
8854, 6, 40, Status.WALL, 0.01
8855, 24, 170, Status.SNAKE, 0.01
8856, 3, 26, Status.SNAKE, 0.01
8857, 11, 65, Status.SNAKE, 0.01
8858, 9, 52, Status.WALL, 0.01
8859, 10, 59, Status.SNAKE, 0.01
8860, 18, 127, Status.SNAKE, 0.01
8861, 14, 96, Status.WALL, 0.01
8862, 14, 83, Status.SNAKE, 0.01
8863, 8, 45, Status.SNAKE, 0.01
8864, 0, 8, Status.WALL, 0.01
8865, 20, 122, Status.WALL, 0.01
8866, 17, 117, Status.SNAKE, 0.01
8867, 15, 93, Status.SNAKE, 0.01
8868, 12, 105, Status.SNAKE, 0.01
8869, 15, 94, Status.SNAKE, 0.01
8870, 15, 105, Status.SNAKE, 0.01
8871, 16, 87, Status.SNAKE, 0.01
8872, 4, 17, Status.WALL, 0.01
8873, 10, 74, Status.WALL, 0.01
8874, 2, 18, Status.SNAKE, 0.01
8875, 2, 15, Status.SNAKE, 0.01
8876, 1, 5, Status.SNAKE, 0.01
8877, 10, 79, Status.SNAKE, 0.01
8878, 2, 10, Status.WALL, 0.01
8879, 7, 52, Status.SNAKE, 0.01
8880, 5, 36, Status.WALL, 0.01
8881, 7, 53, Status.SNAKE, 0.01
8882, 12, 79, Status.SNAKE, 0.01
8883, 6, 33, Status.SNAKE, 0.01
8884, 5, 20, Status.WALL, 0.01
8885, 9, 68, Status.SNAKE, 0.01
8886, 6, 24, Status.SNAKE, 0.01
8887, 5, 44, Status.SNAKE, 0.01
8888, 11, 71, Status.SNAKE, 0.01
8889, 9, 57, Status.SNAKE, 0.01
8890, 14, 109, Status.SNAKE, 0.01
8891, 6, 32, Status.WALL, 0.01
8892, 8, 26, Status.WALL, 0.01
8893, 11, 79, Status.SNAKE, 0.01
8894, 8, 38, Status.SNAKE, 0.01
8895, 16, 91, Status.SNAKE, 0.01
8896, 3, 23, Status.SNAKE, 0.01
8897, 18, 114, Status.SNAKE, 0.01
8898, 12, 76, Status.SNAKE, 0.01
8899, 4, 20, Status.SNAKE, 0.01
8900, 6, 53, Status.SNAKE, 0.01
8901, 5, 44, Status.WALL, 0.01
8902, 1, 3, Status.SNAKE, 0.01
8903, 6, 45, Status.SNAKE, 0.01
8904, 8, 72, Status.SNAKE, 0.01
8905, 21, 123, Status.SNAKE, 0.01
8906, 12, 78, Status.SNAKE, 0.01
8907, 11, 90, Status.SNAKE, 0.01
8908, 14, 110, Status.SNAKE, 0.01
8909, 10, 70, Status.SNAKE, 0.01
8910, 12, 61, Status.SNAKE, 0.01
8911, 5, 48, Status.WALL, 0.01
8912, 14, 93, Status.SNAKE, 0.01
8913, 4, 19, Status.SNAKE, 0.01
8914, 6, 36, Status.SNAKE, 0.01
8915, 16, 126, Status.WALL, 0.01
8916, 9, 49, Status.SNAKE, 0.01
8917, 12, 68, Status.SNAKE, 0.01
8918, 10, 86, Status.SNAKE, 0.01
8919, 12, 80, Status.SNAKE, 0.01
8920, 1, 3, Status.SNAKE, 0.01
8921, 11, 49, Status.SNAKE, 0.01
8922, 9, 57, Status.SNAKE, 0.01
8923, 9, 52, Status.SNAKE, 0.01
8924, 9, 40, Status.SNAKE, 0.01
8925, 16, 110, Status.WALL, 0.01
8926, 12, 80, Status.SNAKE, 0.01
8927, 4, 19, Status.WALL, 0.01
8928, 12, 72, Status.SNAKE, 0.01
8929, 13, 88, Status.SNAKE, 0.01
8930, 6, 35, Status.SNAKE, 0.01
8931, 7, 26, Status.SNAKE, 0.01
8932, 5, 46, Status.SNAKE, 0.01
8933, 8, 54, Status.SNAKE, 0.01
8934, 12, 71, Status.WALL, 0.01
8935, 9, 47, Status.WALL, 0.01
8936, 17, 111, Status.SNAKE, 0.01
8937, 7, 45, Status.SNAKE, 0.01
8938, 10, 70, Status.WALL, 0.01
8939, 8, 72, Status.SNAKE, 0.01
8940, 14, 90, Status.SNAKE, 0.01
8941, 5, 43, Status.SNAKE, 0.01
8942, 3, 28, Status.SNAKE, 0.01
8943, 22, 127, Status.SNAKE, 0.01
8944, 4, 30, Status.SNAKE, 0.01
8945, 17, 112, Status.WALL, 0.01
8946, 4, 19, Status.SNAKE, 0.01
8947, 3, 16, Status.SNAKE, 0.01
8948, 1, 3, Status.SNAKE, 0.01
8949, 8, 55, Status.SNAKE, 0.01
8950, 5, 35, Status.SNAKE, 0.01
8951, 10, 74, Status.SNAKE, 0.01
8952, 16, 102, Status.SNAKE, 0.01
8953, 1, 3, Status.SNAKE, 0.01
8954, 4, 26, Status.WALL, 0.01
8955, 7, 41, Status.SNAKE, 0.01
8956, 3, 19, Status.WALL, 0.01
8957, 1, 10, Status.SNAKE, 0.01
8958, 14, 115, Status.WALL, 0.01
8959, 6, 39, Status.SNAKE, 0.01
8960, 6, 56, Status.WALL, 0.01
8961, 10, 68, Status.SNAKE, 0.01
8962, 14, 86, Status.SNAKE, 0.01
8963, 13, 95, Status.SNAKE, 0.01
8964, 8, 41, Status.SNAKE, 0.01
8965, 9, 68, Status.SNAKE, 0.01
8966, 4, 14, Status.SNAKE, 0.01
8967, 4, 31, Status.SNAKE, 0.01
8968, 1, 8, Status.WALL, 0.01
8969, 17, 87, Status.SNAKE, 0.01
8970, 6, 48, Status.SNAKE, 0.01
8971, 8, 55, Status.WALL, 0.01
8972, 2, 16, Status.SNAKE, 0.01
8973, 1, 7, Status.SNAKE, 0.01
8974, 14, 94, Status.SNAKE, 0.01
8975, 6, 46, Status.SNAKE, 0.01
8976, 8, 38, Status.WALL, 0.01
8977, 0, 4, Status.WALL, 0.01
8978, 3, 15, Status.WALL, 0.01
8979, 6, 38, Status.SNAKE, 0.01
8980, 10, 82, Status.SNAKE, 0.01
8981, 13, 106, Status.SNAKE, 0.01
8982, 11, 61, Status.SNAKE, 0.01
8983, 3, 24, Status.WALL, 0.01
8984, 12, 101, Status.SNAKE, 0.01
8985, 10, 63, Status.SNAKE, 0.01
8986, 16, 121, Status.SNAKE, 0.01
8987, 5, 36, Status.SNAKE, 0.01
8988, 14, 93, Status.SNAKE, 0.01
8989, 3, 30, Status.WALL, 0.01
8990, 13, 94, Status.SNAKE, 0.01
8991, 20, 124, Status.WALL, 0.01
8992, 7, 44, Status.SNAKE, 0.01
8993, 2, 23, Status.SNAKE, 0.01
8994, 3, 19, Status.SNAKE, 0.01
8995, 7, 58, Status.SNAKE, 0.01
8996, 6, 42, Status.SNAKE, 0.01
8997, 14, 57, Status.SNAKE, 0.01
8998, 4, 27, Status.SNAKE, 0.01
8999, 4, 24, Status.SNAKE, 0.01
9000, 12, 106, Status.SNAKE, 0.01
9001, 9, 55, Status.WALL, 0.01
9002, 2, 12, Status.WALL, 0.01
9003, 2, 8, Status.WALL, 0.01
9004, 5, 33, Status.SNAKE, 0.01
9005, 9, 49, Status.SNAKE, 0.01
9006, 6, 40, Status.SNAKE, 0.01
9007, 18, 125, Status.WALL, 0.01
9008, 1, 5, Status.SNAKE, 0.01
9009, 6, 62, Status.WALL, 0.01
9010, 3, 21, Status.SNAKE, 0.01
9011, 12, 92, Status.SNAKE, 0.01
9012, 4, 17, Status.SNAKE, 0.01
9013, 9, 53, Status.SNAKE, 0.01
9014, 20, 188, Status.SNAKE, 0.01
9015, 7, 51, Status.SNAKE, 0.01
9016, 6, 19, Status.SNAKE, 0.01
9017, 9, 76, Status.SNAKE, 0.01
9018, 14, 124, Status.SNAKE, 0.01
9019, 20, 130, Status.SNAKE, 0.01
9020, 14, 74, Status.SNAKE, 0.01
9021, 14, 101, Status.SNAKE, 0.01
9022, 10, 68, Status.SNAKE, 0.01
9023, 8, 47, Status.SNAKE, 0.01
9024, 10, 75, Status.WALL, 0.01
9025, 10, 68, Status.SNAKE, 0.01
9026, 7, 52, Status.SNAKE, 0.01
9027, 1, 3, Status.SNAKE, 0.01
9028, 6, 43, Status.SNAKE, 0.01
9029, 1, 5, Status.SNAKE, 0.01
9030, 12, 86, Status.SNAKE, 0.01
9031, 12, 73, Status.SNAKE, 0.01
9032, 13, 97, Status.SNAKE, 0.01
9033, 7, 37, Status.SNAKE, 0.01
9034, 9, 73, Status.SNAKE, 0.01
9035, 5, 31, Status.SNAKE, 0.01
9036, 8, 71, Status.SNAKE, 0.01
9037, 1, 19, Status.WALL, 0.01
9038, 10, 76, Status.SNAKE, 0.01
9039, 7, 47, Status.SNAKE, 0.01
9040, 17, 138, Status.SNAKE, 0.01
9041, 13, 73, Status.SNAKE, 0.01
9042, 3, 16, Status.SNAKE, 0.01
9043, 13, 109, Status.SNAKE, 0.01
9044, 2, 15, Status.WALL, 0.01
9045, 10, 56, Status.SNAKE, 0.01
9046, 11, 77, Status.SNAKE, 0.01
9047, 4, 17, Status.SNAKE, 0.01
9048, 5, 41, Status.WALL, 0.01
9049, 8, 71, Status.SNAKE, 0.01
9050, 1, 6, Status.SNAKE, 0.01
9051, 8, 56, Status.SNAKE, 0.01
9052, 12, 54, Status.SNAKE, 0.01
9053, 7, 37, Status.SNAKE, 0.01
9054, 7, 44, Status.WALL, 0.01
9055, 4, 41, Status.SNAKE, 0.01
9056, 10, 69, Status.SNAKE, 0.01
9057, 8, 58, Status.SNAKE, 0.01
9058, 14, 129, Status.SNAKE, 0.01
9059, 8, 62, Status.SNAKE, 0.01
9060, 11, 79, Status.SNAKE, 0.01
9061, 14, 93, Status.SNAKE, 0.01
9062, 14, 119, Status.SNAKE, 0.01
9063, 3, 22, Status.WALL, 0.01
9064, 1, 7, Status.SNAKE, 0.01
9065, 2, 21, Status.SNAKE, 0.01
9066, 6, 49, Status.WALL, 0.01
9067, 11, 76, Status.SNAKE, 0.01
9068, 11, 82, Status.SNAKE, 0.01
9069, 10, 58, Status.SNAKE, 0.01
9070, 1, 17, Status.WALL, 0.01
9071, 5, 36, Status.SNAKE, 0.01
9072, 10, 65, Status.SNAKE, 0.01
9073, 7, 33, Status.WALL, 0.01
9074, 7, 27, Status.SNAKE, 0.01
9075, 2, 23, Status.WALL, 0.01
9076, 5, 50, Status.SNAKE, 0.01
9077, 3, 20, Status.WALL, 0.01
9078, 4, 24, Status.SNAKE, 0.01
9079, 8, 56, Status.SNAKE, 0.01
9080, 6, 36, Status.SNAKE, 0.01
9081, 14, 92, Status.SNAKE, 0.01
9082, 8, 55, Status.SNAKE, 0.01
9083, 11, 66, Status.SNAKE, 0.01
9084, 6, 31, Status.WALL, 0.01
9085, 16, 135, Status.SNAKE, 0.01
9086, 9, 48, Status.SNAKE, 0.01
9087, 15, 108, Status.WALL, 0.01
9088, 12, 89, Status.SNAKE, 0.01
9089, 5, 32, Status.WALL, 0.01
9090, 15, 129, Status.SNAKE, 0.01
9091, 6, 41, Status.WALL, 0.01
9092, 12, 87, Status.WALL, 0.01
9093, 5, 41, Status.SNAKE, 0.01
9094, 7, 44, Status.SNAKE, 0.01
9095, 5, 42, Status.SNAKE, 0.01
9096, 8, 57, Status.WALL, 0.01
9097, 6, 33, Status.SNAKE, 0.01
9098, 12, 70, Status.SNAKE, 0.01
9099, 10, 53, Status.SNAKE, 0.01
9100, 10, 69, Status.SNAKE, 0.01
9101, 10, 77, Status.WALL, 0.01
9102, 7, 51, Status.SNAKE, 0.01
9103, 10, 67, Status.SNAKE, 0.01
9104, 9, 65, Status.SNAKE, 0.01
9105, 9, 50, Status.SNAKE, 0.01
9106, 13, 98, Status.WALL, 0.01
9107, 4, 30, Status.WALL, 0.01
9108, 10, 61, Status.SNAKE, 0.01
9109, 6, 33, Status.SNAKE, 0.01
9110, 8, 61, Status.SNAKE, 0.01
9111, 3, 19, Status.SNAKE, 0.01
9112, 3, 21, Status.SNAKE, 0.01
9113, 20, 110, Status.WALL, 0.01
9114, 15, 108, Status.SNAKE, 0.01
9115, 11, 78, Status.SNAKE, 0.01
9116, 11, 67, Status.SNAKE, 0.01
9117, 9, 62, Status.SNAKE, 0.01
9118, 8, 45, Status.SNAKE, 0.01
9119, 6, 37, Status.WALL, 0.01
9120, 1, 3, Status.SNAKE, 0.01
9121, 13, 69, Status.SNAKE, 0.01
9122, 8, 44, Status.SNAKE, 0.01
9123, 5, 47, Status.SNAKE, 0.01
9124, 8, 46, Status.WALL, 0.01
9125, 2, 13, Status.SNAKE, 0.01
9126, 10, 65, Status.WALL, 0.01
9127, 6, 32, Status.WALL, 0.01
9128, 1, 8, Status.SNAKE, 0.01
9129, 18, 133, Status.SNAKE, 0.01
9130, 6, 43, Status.WALL, 0.01
9131, 1, 15, Status.WALL, 0.01
9132, 11, 101, Status.SNAKE, 0.01
9133, 8, 51, Status.SNAKE, 0.01
9134, 5, 33, Status.SNAKE, 0.01
9135, 6, 45, Status.SNAKE, 0.01
9136, 1, 3, Status.SNAKE, 0.01
9137, 16, 127, Status.SNAKE, 0.01
9138, 5, 38, Status.SNAKE, 0.01
9139, 14, 87, Status.SNAKE, 0.01
9140, 8, 54, Status.SNAKE, 0.01
9141, 3, 32, Status.WALL, 0.01
9142, 14, 118, Status.SNAKE, 0.01
9143, 11, 57, Status.SNAKE, 0.01
9144, 11, 63, Status.SNAKE, 0.01
9145, 18, 131, Status.SNAKE, 0.01
9146, 8, 50, Status.SNAKE, 0.01
9147, 12, 91, Status.SNAKE, 0.01
9148, 6, 28, Status.SNAKE, 0.01
9149, 13, 103, Status.SNAKE, 0.01
9150, 2, 20, Status.SNAKE, 0.01
9151, 13, 79, Status.WALL, 0.01
9152, 7, 37, Status.SNAKE, 0.01
9153, 11, 97, Status.SNAKE, 0.01
9154, 3, 12, Status.SNAKE, 0.01
9155, 9, 58, Status.SNAKE, 0.01
9156, 4, 26, Status.SNAKE, 0.01
9157, 13, 69, Status.SNAKE, 0.01
9158, 6, 56, Status.SNAKE, 0.01
9159, 16, 121, Status.SNAKE, 0.01
9160, 10, 72, Status.WALL, 0.01
9161, 11, 75, Status.SNAKE, 0.01
9162, 12, 86, Status.WALL, 0.01
9163, 7, 56, Status.SNAKE, 0.01
9164, 7, 33, Status.SNAKE, 0.01
9165, 6, 35, Status.SNAKE, 0.01
9166, 2, 8, Status.SNAKE, 0.01
9167, 4, 28, Status.SNAKE, 0.01
9168, 3, 20, Status.SNAKE, 0.01
9169, 4, 36, Status.SNAKE, 0.01
9170, 17, 104, Status.SNAKE, 0.01
9171, 4, 23, Status.SNAKE, 0.01
9172, 12, 90, Status.WALL, 0.01
9173, 7, 48, Status.SNAKE, 0.01
9174, 6, 30, Status.SNAKE, 0.01
9175, 14, 95, Status.WALL, 0.01
9176, 9, 64, Status.WALL, 0.01
9177, 1, 5, Status.SNAKE, 0.01
9178, 6, 36, Status.SNAKE, 0.01
9179, 14, 107, Status.WALL, 0.01
9180, 11, 73, Status.SNAKE, 0.01
9181, 6, 41, Status.SNAKE, 0.01
9182, 5, 25, Status.SNAKE, 0.01
9183, 8, 55, Status.SNAKE, 0.01
9184, 16, 96, Status.SNAKE, 0.01
9185, 10, 79, Status.SNAKE, 0.01
9186, 7, 60, Status.SNAKE, 0.01
9187, 24, 174, Status.SNAKE, 0.01
9188, 7, 48, Status.SNAKE, 0.01
9189, 15, 118, Status.WALL, 0.01
9190, 13, 85, Status.WALL, 0.01
9191, 8, 47, Status.SNAKE, 0.01
9192, 2, 18, Status.SNAKE, 0.01
9193, 11, 70, Status.SNAKE, 0.01
9194, 10, 78, Status.SNAKE, 0.01
9195, 9, 51, Status.SNAKE, 0.01
9196, 8, 45, Status.SNAKE, 0.01
9197, 1, 5, Status.SNAKE, 0.01
9198, 5, 30, Status.SNAKE, 0.01
9199, 5, 23, Status.SNAKE, 0.01
9200, 6, 28, Status.WALL, 0.01
9201, 6, 44, Status.SNAKE, 0.01
9202, 10, 64, Status.WALL, 0.01
9203, 11, 94, Status.SNAKE, 0.01
9204, 15, 95, Status.SNAKE, 0.01
9205, 3, 34, Status.WALL, 0.01
9206, 5, 29, Status.SNAKE, 0.01
9207, 12, 98, Status.SNAKE, 0.01
9208, 12, 61, Status.SNAKE, 0.01
9209, 9, 56, Status.WALL, 0.01
9210, 13, 102, Status.SNAKE, 0.01
9211, 6, 40, Status.SNAKE, 0.01
9212, 9, 42, Status.SNAKE, 0.01
9213, 10, 84, Status.SNAKE, 0.01
9214, 10, 53, Status.SNAKE, 0.01
9215, 10, 62, Status.SNAKE, 0.01
9216, 1, 5, Status.SNAKE, 0.01
9217, 4, 28, Status.SNAKE, 0.01
9218, 11, 69, Status.WALL, 0.01
9219, 13, 87, Status.SNAKE, 0.01
9220, 13, 100, Status.SNAKE, 0.01
9221, 4, 16, Status.WALL, 0.01
9222, 7, 52, Status.WALL, 0.01
9223, 8, 49, Status.SNAKE, 0.01
9224, 6, 25, Status.SNAKE, 0.01
9225, 6, 30, Status.SNAKE, 0.01
9226, 13, 83, Status.SNAKE, 0.01
9227, 15, 124, Status.SNAKE, 0.01
9228, 17, 114, Status.WALL, 0.01
9229, 3, 21, Status.SNAKE, 0.01
9230, 8, 52, Status.SNAKE, 0.01
9231, 8, 53, Status.WALL, 0.01
9232, 7, 36, Status.SNAKE, 0.01
9233, 5, 21, Status.SNAKE, 0.01
9234, 13, 81, Status.SNAKE, 0.01
9235, 4, 24, Status.SNAKE, 0.01
9236, 6, 39, Status.SNAKE, 0.01
9237, 12, 80, Status.SNAKE, 0.01
9238, 12, 84, Status.SNAKE, 0.01
9239, 8, 38, Status.SNAKE, 0.01
9240, 8, 68, Status.WALL, 0.01
9241, 17, 122, Status.SNAKE, 0.01
9242, 4, 41, Status.WALL, 0.01
9243, 6, 64, Status.WALL, 0.01
9244, 2, 16, Status.WALL, 0.01
9245, 14, 79, Status.SNAKE, 0.01
9246, 8, 48, Status.SNAKE, 0.01
9247, 7, 50, Status.WALL, 0.01
9248, 4, 30, Status.SNAKE, 0.01
9249, 13, 92, Status.SNAKE, 0.01
9250, 10, 74, Status.SNAKE, 0.01
9251, 6, 44, Status.WALL, 0.01
9252, 12, 85, Status.SNAKE, 0.01
9253, 3, 28, Status.WALL, 0.01
9254, 2, 6, Status.SNAKE, 0.01
9255, 13, 92, Status.SNAKE, 0.01
9256, 19, 122, Status.SNAKE, 0.01
9257, 7, 47, Status.WALL, 0.01
9258, 8, 61, Status.SNAKE, 0.01
9259, 9, 72, Status.SNAKE, 0.01
9260, 9, 65, Status.SNAKE, 0.01
9261, 10, 84, Status.SNAKE, 0.01
9262, 2, 11, Status.WALL, 0.01
9263, 8, 66, Status.SNAKE, 0.01
9264, 8, 52, Status.SNAKE, 0.01
9265, 11, 82, Status.SNAKE, 0.01
9266, 2, 22, Status.WALL, 0.01
9267, 3, 19, Status.SNAKE, 0.01
9268, 8, 53, Status.WALL, 0.01
9269, 15, 106, Status.SNAKE, 0.01
9270, 3, 15, Status.SNAKE, 0.01
9271, 10, 51, Status.SNAKE, 0.01
9272, 4, 34, Status.SNAKE, 0.01
9273, 9, 78, Status.WALL, 0.01
9274, 6, 64, Status.SNAKE, 0.01
9275, 3, 12, Status.SNAKE, 0.01
9276, 2, 14, Status.WALL, 0.01
9277, 10, 84, Status.SNAKE, 0.01
9278, 11, 68, Status.SNAKE, 0.01
9279, 11, 80, Status.SNAKE, 0.01
9280, 13, 88, Status.WALL, 0.01
9281, 7, 40, Status.WALL, 0.01
9282, 5, 38, Status.SNAKE, 0.01
9283, 7, 59, Status.SNAKE, 0.01
9284, 16, 129, Status.SNAKE, 0.01
9285, 12, 99, Status.WALL, 0.01
9286, 12, 94, Status.SNAKE, 0.01
9287, 15, 121, Status.WALL, 0.01
9288, 8, 51, Status.SNAKE, 0.01
9289, 6, 48, Status.SNAKE, 0.01
9290, 3, 18, Status.SNAKE, 0.01
9291, 9, 59, Status.WALL, 0.01
9292, 11, 100, Status.SNAKE, 0.01
9293, 12, 71, Status.SNAKE, 0.01
9294, 16, 129, Status.WALL, 0.01
9295, 5, 24, Status.SNAKE, 0.01
9296, 12, 97, Status.SNAKE, 0.01
9297, 9, 56, Status.SNAKE, 0.01
9298, 14, 97, Status.SNAKE, 0.01
9299, 20, 127, Status.SNAKE, 0.01
9300, 11, 77, Status.WALL, 0.01
9301, 13, 106, Status.SNAKE, 0.01
9302, 4, 21, Status.SNAKE, 0.01
9303, 6, 40, Status.SNAKE, 0.01
9304, 5, 28, Status.WALL, 0.01
9305, 14, 73, Status.SNAKE, 0.01
9306, 13, 56, Status.SNAKE, 0.01
9307, 8, 52, Status.SNAKE, 0.01
9308, 17, 99, Status.SNAKE, 0.01
9309, 11, 59, Status.SNAKE, 0.01
9310, 3, 26, Status.SNAKE, 0.01
9311, 4, 22, Status.SNAKE, 0.01
9312, 6, 47, Status.SNAKE, 0.01
9313, 13, 88, Status.SNAKE, 0.01
9314, 12, 97, Status.SNAKE, 0.01
9315, 12, 80, Status.SNAKE, 0.01
9316, 19, 88, Status.SNAKE, 0.01
9317, 5, 32, Status.SNAKE, 0.01
9318, 21, 126, Status.SNAKE, 0.01
9319, 11, 68, Status.SNAKE, 0.01
9320, 11, 80, Status.SNAKE, 0.01
9321, 13, 77, Status.WALL, 0.01
9322, 10, 65, Status.WALL, 0.01
9323, 3, 14, Status.SNAKE, 0.01
9324, 7, 46, Status.SNAKE, 0.01
9325, 6, 32, Status.SNAKE, 0.01
9326, 5, 44, Status.SNAKE, 0.01
9327, 9, 70, Status.SNAKE, 0.01
9328, 6, 43, Status.WALL, 0.01
9329, 9, 73, Status.SNAKE, 0.01
9330, 2, 12, Status.SNAKE, 0.01
9331, 9, 48, Status.SNAKE, 0.01
9332, 8, 49, Status.SNAKE, 0.01
9333, 11, 78, Status.SNAKE, 0.01
9334, 14, 109, Status.SNAKE, 0.01
9335, 9, 43, Status.SNAKE, 0.01
9336, 2, 19, Status.SNAKE, 0.01
9337, 8, 60, Status.WALL, 0.01
9338, 13, 90, Status.SNAKE, 0.01
9339, 14, 104, Status.SNAKE, 0.01
9340, 5, 24, Status.SNAKE, 0.01
9341, 1, 13, Status.WALL, 0.01
9342, 2, 21, Status.WALL, 0.01
9343, 13, 86, Status.SNAKE, 0.01
9344, 7, 52, Status.SNAKE, 0.01
9345, 9, 57, Status.SNAKE, 0.01
9346, 7, 50, Status.SNAKE, 0.01
9347, 8, 43, Status.SNAKE, 0.01
9348, 9, 65, Status.SNAKE, 0.01
9349, 12, 76, Status.SNAKE, 0.01
9350, 10, 65, Status.SNAKE, 0.01
9351, 13, 61, Status.SNAKE, 0.01
9352, 9, 59, Status.SNAKE, 0.01
9353, 7, 52, Status.SNAKE, 0.01
9354, 4, 39, Status.WALL, 0.01
9355, 12, 84, Status.SNAKE, 0.01
9356, 20, 147, Status.SNAKE, 0.01
9357, 16, 109, Status.WALL, 0.01
9358, 6, 37, Status.SNAKE, 0.01
9359, 6, 43, Status.SNAKE, 0.01
9360, 3, 24, Status.WALL, 0.01
9361, 13, 86, Status.SNAKE, 0.01
9362, 5, 42, Status.SNAKE, 0.01
9363, 10, 71, Status.SNAKE, 0.01
9364, 7, 71, Status.SNAKE, 0.01
9365, 12, 77, Status.SNAKE, 0.01
9366, 14, 125, Status.SNAKE, 0.01
9367, 9, 51, Status.SNAKE, 0.01
9368, 10, 66, Status.SNAKE, 0.01
9369, 1, 5, Status.SNAKE, 0.01
9370, 3, 18, Status.SNAKE, 0.01
9371, 3, 27, Status.WALL, 0.01
9372, 16, 118, Status.SNAKE, 0.01
9373, 18, 117, Status.WALL, 0.01
9374, 9, 61, Status.SNAKE, 0.01
9375, 19, 131, Status.SNAKE, 0.01
9376, 13, 70, Status.SNAKE, 0.01
9377, 14, 104, Status.WALL, 0.01
9378, 8, 66, Status.SNAKE, 0.01
9379, 11, 57, Status.WALL, 0.01
9380, 8, 49, Status.WALL, 0.01
9381, 4, 46, Status.SNAKE, 0.01
9382, 18, 108, Status.SNAKE, 0.01
9383, 9, 71, Status.SNAKE, 0.01
9384, 7, 61, Status.WALL, 0.01
9385, 8, 41, Status.SNAKE, 0.01
9386, 2, 10, Status.WALL, 0.01
9387, 10, 82, Status.SNAKE, 0.01
9388, 7, 44, Status.SNAKE, 0.01
9389, 8, 34, Status.SNAKE, 0.01
9390, 3, 23, Status.SNAKE, 0.01
9391, 17, 109, Status.SNAKE, 0.01
9392, 8, 47, Status.SNAKE, 0.01
9393, 10, 61, Status.SNAKE, 0.01
9394, 2, 17, Status.SNAKE, 0.01
9395, 11, 62, Status.SNAKE, 0.01
9396, 16, 91, Status.SNAKE, 0.01
9397, 5, 20, Status.SNAKE, 0.01
9398, 6, 46, Status.SNAKE, 0.01
9399, 2, 17, Status.SNAKE, 0.01
9400, 14, 92, Status.SNAKE, 0.01
9401, 6, 42, Status.SNAKE, 0.01
9402, 4, 30, Status.WALL, 0.01
9403, 10, 70, Status.SNAKE, 0.01
9404, 7, 51, Status.SNAKE, 0.01
9405, 14, 108, Status.SNAKE, 0.01
9406, 12, 79, Status.SNAKE, 0.01
9407, 10, 60, Status.SNAKE, 0.01
9408, 10, 52, Status.SNAKE, 0.01
9409, 22, 148, Status.SNAKE, 0.01
9410, 16, 110, Status.SNAKE, 0.01
9411, 7, 36, Status.SNAKE, 0.01
9412, 4, 28, Status.WALL, 0.01
9413, 12, 80, Status.SNAKE, 0.01
9414, 10, 79, Status.WALL, 0.01
9415, 17, 108, Status.SNAKE, 0.01
9416, 7, 72, Status.SNAKE, 0.01
9417, 10, 55, Status.SNAKE, 0.01
9418, 5, 30, Status.SNAKE, 0.01
9419, 7, 44, Status.SNAKE, 0.01
9420, 14, 116, Status.SNAKE, 0.01
9421, 16, 113, Status.WALL, 0.01
9422, 4, 16, Status.WALL, 0.01
9423, 15, 114, Status.SNAKE, 0.01
9424, 12, 67, Status.SNAKE, 0.01
9425, 1, 8, Status.WALL, 0.01
9426, 6, 31, Status.WALL, 0.01
9427, 18, 129, Status.SNAKE, 0.01
9428, 11, 90, Status.WALL, 0.01
9429, 11, 64, Status.SNAKE, 0.01
9430, 10, 64, Status.SNAKE, 0.01
9431, 9, 58, Status.SNAKE, 0.01
9432, 10, 77, Status.SNAKE, 0.01
9433, 12, 72, Status.SNAKE, 0.01
9434, 4, 21, Status.SNAKE, 0.01
9435, 10, 72, Status.SNAKE, 0.01
9436, 9, 68, Status.WALL, 0.01
9437, 7, 55, Status.SNAKE, 0.01
9438, 5, 27, Status.SNAKE, 0.01
9439, 7, 45, Status.SNAKE, 0.01
9440, 4, 28, Status.WALL, 0.01
9441, 4, 26, Status.WALL, 0.01
9442, 7, 42, Status.WALL, 0.01
9443, 8, 76, Status.SNAKE, 0.01
9444, 1, 5, Status.SNAKE, 0.01
9445, 6, 31, Status.SNAKE, 0.01
9446, 9, 72, Status.SNAKE, 0.01
9447, 10, 63, Status.WALL, 0.01
9448, 13, 92, Status.SNAKE, 0.01
9449, 14, 99, Status.SNAKE, 0.01
9450, 13, 93, Status.WALL, 0.01
9451, 0, 4, Status.WALL, 0.01
9452, 5, 39, Status.SNAKE, 0.01
9453, 6, 46, Status.SNAKE, 0.01
9454, 5, 39, Status.SNAKE, 0.01
9455, 2, 17, Status.SNAKE, 0.01
9456, 2, 12, Status.SNAKE, 0.01
9457, 12, 70, Status.SNAKE, 0.01
9458, 5, 23, Status.SNAKE, 0.01
9459, 1, 7, Status.SNAKE, 0.01
9460, 9, 76, Status.SNAKE, 0.01
9461, 11, 82, Status.SNAKE, 0.01
9462, 19, 115, Status.SNAKE, 0.01
9463, 6, 31, Status.SNAKE, 0.01
9464, 3, 12, Status.SNAKE, 0.01
9465, 15, 123, Status.SNAKE, 0.01
9466, 5, 35, Status.SNAKE, 0.01
9467, 8, 60, Status.WALL, 0.01
9468, 9, 84, Status.SNAKE, 0.01
9469, 5, 41, Status.WALL, 0.01
9470, 10, 66, Status.SNAKE, 0.01
9471, 8, 53, Status.SNAKE, 0.01
9472, 7, 47, Status.SNAKE, 0.01
9473, 13, 100, Status.SNAKE, 0.01
9474, 9, 73, Status.SNAKE, 0.01
9475, 11, 86, Status.SNAKE, 0.01
9476, 17, 111, Status.SNAKE, 0.01
9477, 11, 76, Status.SNAKE, 0.01
9478, 2, 7, Status.SNAKE, 0.01
9479, 3, 22, Status.WALL, 0.01
9480, 11, 66, Status.SNAKE, 0.01
9481, 7, 52, Status.SNAKE, 0.01
9482, 14, 69, Status.SNAKE, 0.01
9483, 13, 102, Status.SNAKE, 0.01
9484, 9, 66, Status.SNAKE, 0.01
9485, 12, 79, Status.SNAKE, 0.01
9486, 8, 52, Status.SNAKE, 0.01
9487, 1, 9, Status.WALL, 0.01
9488, 11, 79, Status.SNAKE, 0.01
9489, 4, 28, Status.SNAKE, 0.01
9490, 11, 71, Status.SNAKE, 0.01
9491, 8, 41, Status.SNAKE, 0.01
9492, 17, 110, Status.WALL, 0.01
9493, 14, 90, Status.SNAKE, 0.01
9494, 16, 102, Status.SNAKE, 0.01
9495, 4, 46, Status.WALL, 0.01
9496, 14, 96, Status.SNAKE, 0.01
9497, 2, 15, Status.SNAKE, 0.01
9498, 2, 17, Status.SNAKE, 0.01
9499, 14, 107, Status.SNAKE, 0.01
9500, 11, 75, Status.SNAKE, 0.01
9501, 6, 45, Status.WALL, 0.01
9502, 9, 59, Status.WALL, 0.01
9503, 3, 15, Status.SNAKE, 0.01
9504, 14, 118, Status.SNAKE, 0.01
9505, 11, 88, Status.SNAKE, 0.01
9506, 1, 5, Status.SNAKE, 0.01
9507, 18, 120, Status.SNAKE, 0.01
9508, 2, 14, Status.SNAKE, 0.01
9509, 3, 24, Status.SNAKE, 0.01
9510, 4, 30, Status.SNAKE, 0.01
9511, 13, 106, Status.SNAKE, 0.01
9512, 8, 36, Status.SNAKE, 0.01
9513, 7, 44, Status.SNAKE, 0.01
9514, 5, 34, Status.SNAKE, 0.01
9515, 7, 62, Status.SNAKE, 0.01
9516, 11, 53, Status.SNAKE, 0.01
9517, 7, 38, Status.SNAKE, 0.01
9518, 2, 8, Status.SNAKE, 0.01
9519, 1, 5, Status.SNAKE, 0.01
9520, 5, 34, Status.SNAKE, 0.01
9521, 7, 39, Status.SNAKE, 0.01
9522, 8, 37, Status.SNAKE, 0.01
9523, 6, 50, Status.SNAKE, 0.01
9524, 11, 78, Status.SNAKE, 0.01
9525, 6, 38, Status.SNAKE, 0.01
9526, 14, 72, Status.SNAKE, 0.01
9527, 3, 21, Status.SNAKE, 0.01
9528, 12, 77, Status.SNAKE, 0.01
9529, 9, 67, Status.SNAKE, 0.01
9530, 8, 39, Status.SNAKE, 0.01
9531, 19, 125, Status.SNAKE, 0.01
9532, 13, 83, Status.SNAKE, 0.01
9533, 13, 93, Status.SNAKE, 0.01
9534, 9, 65, Status.SNAKE, 0.01
9535, 10, 72, Status.WALL, 0.01
9536, 11, 85, Status.SNAKE, 0.01
9537, 9, 53, Status.SNAKE, 0.01
9538, 1, 5, Status.SNAKE, 0.01
9539, 13, 100, Status.SNAKE, 0.01
9540, 13, 118, Status.SNAKE, 0.01
9541, 4, 33, Status.SNAKE, 0.01
9542, 7, 42, Status.SNAKE, 0.01
9543, 25, 159, Status.SNAKE, 0.01
9544, 12, 57, Status.SNAKE, 0.01
9545, 9, 73, Status.SNAKE, 0.01
9546, 10, 59, Status.SNAKE, 0.01
9547, 4, 31, Status.SNAKE, 0.01
9548, 8, 63, Status.SNAKE, 0.01
9549, 9, 58, Status.SNAKE, 0.01
9550, 10, 82, Status.SNAKE, 0.01
9551, 10, 65, Status.WALL, 0.01
9552, 10, 73, Status.SNAKE, 0.01
9553, 7, 43, Status.SNAKE, 0.01
9554, 9, 56, Status.SNAKE, 0.01
9555, 6, 45, Status.WALL, 0.01
9556, 9, 56, Status.WALL, 0.01
9557, 1, 6, Status.WALL, 0.01
9558, 5, 29, Status.SNAKE, 0.01
9559, 2, 8, Status.WALL, 0.01
9560, 9, 44, Status.SNAKE, 0.01
9561, 8, 60, Status.SNAKE, 0.01
9562, 12, 73, Status.SNAKE, 0.01
9563, 11, 68, Status.SNAKE, 0.01
9564, 8, 60, Status.SNAKE, 0.01
9565, 17, 126, Status.SNAKE, 0.01
9566, 1, 13, Status.WALL, 0.01
9567, 16, 138, Status.SNAKE, 0.01
9568, 3, 22, Status.SNAKE, 0.01
9569, 12, 86, Status.SNAKE, 0.01
9570, 5, 43, Status.SNAKE, 0.01
9571, 8, 64, Status.SNAKE, 0.01
9572, 17, 101, Status.SNAKE, 0.01
9573, 2, 8, Status.SNAKE, 0.01
9574, 6, 29, Status.SNAKE, 0.01
9575, 6, 40, Status.SNAKE, 0.01
9576, 7, 39, Status.SNAKE, 0.01
9577, 17, 123, Status.SNAKE, 0.01
9578, 3, 23, Status.SNAKE, 0.01
9579, 1, 10, Status.WALL, 0.01
9580, 23, 169, Status.SNAKE, 0.01
9581, 1, 10, Status.WALL, 0.01
9582, 13, 101, Status.WALL, 0.01
9583, 10, 74, Status.SNAKE, 0.01
9584, 4, 33, Status.WALL, 0.01
9585, 7, 64, Status.SNAKE, 0.01
9586, 9, 68, Status.SNAKE, 0.01
9587, 10, 75, Status.SNAKE, 0.01
9588, 7, 41, Status.SNAKE, 0.01
9589, 4, 26, Status.SNAKE, 0.01
9590, 7, 71, Status.SNAKE, 0.01
9591, 3, 18, Status.WALL, 0.01
9592, 10, 73, Status.SNAKE, 0.01
9593, 13, 92, Status.SNAKE, 0.01
9594, 16, 106, Status.SNAKE, 0.01
9595, 15, 113, Status.SNAKE, 0.01
9596, 15, 85, Status.SNAKE, 0.01
9597, 3, 12, Status.SNAKE, 0.01
9598, 13, 103, Status.SNAKE, 0.01
9599, 13, 97, Status.SNAKE, 0.01
9600, 10, 66, Status.SNAKE, 0.01
9601, 11, 54, Status.SNAKE, 0.01
9602, 12, 66, Status.WALL, 0.01
9603, 4, 29, Status.WALL, 0.01
9604, 7, 48, Status.SNAKE, 0.01
9605, 13, 97, Status.SNAKE, 0.01
9606, 2, 10, Status.SNAKE, 0.01
9607, 8, 59, Status.SNAKE, 0.01
9608, 1, 9, Status.WALL, 0.01
9609, 12, 88, Status.SNAKE, 0.01
9610, 7, 46, Status.SNAKE, 0.01
9611, 12, 78, Status.SNAKE, 0.01
9612, 13, 110, Status.SNAKE, 0.01
9613, 3, 22, Status.SNAKE, 0.01
9614, 6, 32, Status.SNAKE, 0.01
9615, 13, 85, Status.SNAKE, 0.01
9616, 9, 47, Status.SNAKE, 0.01
9617, 8, 49, Status.SNAKE, 0.01
9618, 12, 79, Status.WALL, 0.01
9619, 3, 11, Status.SNAKE, 0.01
9620, 10, 60, Status.SNAKE, 0.01
9621, 6, 45, Status.SNAKE, 0.01
9622, 7, 46, Status.SNAKE, 0.01
9623, 15, 104, Status.WALL, 0.01
9624, 7, 49, Status.SNAKE, 0.01
9625, 15, 132, Status.SNAKE, 0.01
9626, 5, 43, Status.SNAKE, 0.01
9627, 5, 28, Status.SNAKE, 0.01
9628, 7, 56, Status.SNAKE, 0.01
9629, 6, 41, Status.SNAKE, 0.01
9630, 5, 22, Status.SNAKE, 0.01
9631, 9, 37, Status.SNAKE, 0.01
9632, 10, 75, Status.SNAKE, 0.01
9633, 3, 21, Status.SNAKE, 0.01
9634, 5, 31, Status.SNAKE, 0.01
9635, 9, 50, Status.SNAKE, 0.01
9636, 8, 26, Status.SNAKE, 0.01
9637, 7, 42, Status.WALL, 0.01
9638, 2, 13, Status.SNAKE, 0.01
9639, 17, 134, Status.WALL, 0.01
9640, 3, 13, Status.WALL, 0.01
9641, 7, 46, Status.SNAKE, 0.01
9642, 7, 58, Status.WALL, 0.01
9643, 6, 38, Status.SNAKE, 0.01
9644, 15, 83, Status.SNAKE, 0.01
9645, 9, 47, Status.SNAKE, 0.01
9646, 15, 112, Status.SNAKE, 0.01
9647, 13, 87, Status.SNAKE, 0.01
9648, 14, 113, Status.SNAKE, 0.01
9649, 3, 23, Status.SNAKE, 0.01
9650, 20, 94, Status.SNAKE, 0.01
9651, 6, 40, Status.SNAKE, 0.01
9652, 13, 75, Status.SNAKE, 0.01
9653, 2, 24, Status.WALL, 0.01
9654, 7, 40, Status.SNAKE, 0.01
9655, 8, 57, Status.SNAKE, 0.01
9656, 8, 54, Status.WALL, 0.01
9657, 3, 18, Status.SNAKE, 0.01
9658, 14, 107, Status.SNAKE, 0.01
9659, 1, 6, Status.WALL, 0.01
9660, 13, 99, Status.SNAKE, 0.01
9661, 13, 57, Status.SNAKE, 0.01
9662, 9, 49, Status.WALL, 0.01
9663, 11, 57, Status.SNAKE, 0.01
9664, 12, 70, Status.SNAKE, 0.01
9665, 1, 11, Status.WALL, 0.01
9666, 3, 29, Status.SNAKE, 0.01
9667, 13, 98, Status.SNAKE, 0.01
9668, 9, 62, Status.SNAKE, 0.01
9669, 4, 34, Status.SNAKE, 0.01
9670, 3, 26, Status.SNAKE, 0.01
9671, 13, 106, Status.SNAKE, 0.01
9672, 10, 79, Status.SNAKE, 0.01
9673, 16, 112, Status.SNAKE, 0.01
9674, 16, 118, Status.SNAKE, 0.01
9675, 8, 59, Status.SNAKE, 0.01
9676, 4, 24, Status.WALL, 0.01
9677, 3, 23, Status.SNAKE, 0.01
9678, 12, 91, Status.SNAKE, 0.01
9679, 6, 44, Status.SNAKE, 0.01
9680, 4, 19, Status.WALL, 0.01
9681, 8, 62, Status.SNAKE, 0.01
9682, 8, 54, Status.SNAKE, 0.01
9683, 1, 3, Status.SNAKE, 0.01
9684, 8, 68, Status.WALL, 0.01
9685, 2, 21, Status.SNAKE, 0.01
9686, 9, 62, Status.WALL, 0.01
9687, 3, 30, Status.WALL, 0.01
9688, 1, 6, Status.SNAKE, 0.01
9689, 7, 71, Status.SNAKE, 0.01
9690, 18, 114, Status.WALL, 0.01
9691, 1, 8, Status.WALL, 0.01
9692, 15, 123, Status.SNAKE, 0.01
9693, 8, 88, Status.SNAKE, 0.01
9694, 1, 3, Status.SNAKE, 0.01
9695, 11, 71, Status.WALL, 0.01
9696, 8, 49, Status.SNAKE, 0.01
9697, 10, 52, Status.SNAKE, 0.01
9698, 13, 81, Status.SNAKE, 0.01
9699, 3, 24, Status.SNAKE, 0.01
9700, 7, 76, Status.SNAKE, 0.01
9701, 4, 42, Status.SNAKE, 0.01
9702, 12, 95, Status.SNAKE, 0.01
9703, 2, 19, Status.SNAKE, 0.01
9704, 11, 76, Status.SNAKE, 0.01
9705, 13, 108, Status.SNAKE, 0.01
9706, 14, 108, Status.SNAKE, 0.01
9707, 4, 20, Status.SNAKE, 0.01
9708, 4, 25, Status.SNAKE, 0.01
9709, 8, 60, Status.SNAKE, 0.01
9710, 8, 82, Status.SNAKE, 0.01
9711, 9, 78, Status.SNAKE, 0.01
9712, 9, 70, Status.SNAKE, 0.01
9713, 5, 40, Status.SNAKE, 0.01
9714, 10, 65, Status.SNAKE, 0.01
9715, 3, 19, Status.SNAKE, 0.01
9716, 7, 39, Status.WALL, 0.01
9717, 3, 12, Status.WALL, 0.01
9718, 6, 39, Status.SNAKE, 0.01
9719, 6, 39, Status.SNAKE, 0.01
9720, 5, 31, Status.WALL, 0.01
9721, 10, 60, Status.SNAKE, 0.01
9722, 4, 24, Status.SNAKE, 0.01
9723, 5, 19, Status.SNAKE, 0.01
9724, 8, 55, Status.SNAKE, 0.01
9725, 8, 34, Status.SNAKE, 0.01
9726, 8, 63, Status.SNAKE, 0.01
9727, 3, 23, Status.SNAKE, 0.01
9728, 8, 59, Status.SNAKE, 0.01
9729, 10, 82, Status.SNAKE, 0.01
9730, 4, 26, Status.WALL, 0.01
9731, 2, 11, Status.SNAKE, 0.01
9732, 11, 80, Status.SNAKE, 0.01
9733, 1, 3, Status.SNAKE, 0.01
9734, 14, 130, Status.SNAKE, 0.01
9735, 6, 45, Status.SNAKE, 0.01
9736, 16, 80, Status.WALL, 0.01
9737, 5, 39, Status.SNAKE, 0.01
9738, 4, 33, Status.SNAKE, 0.01
9739, 8, 48, Status.SNAKE, 0.01
9740, 13, 91, Status.SNAKE, 0.01
9741, 3, 23, Status.SNAKE, 0.01
9742, 17, 105, Status.SNAKE, 0.01
9743, 4, 34, Status.SNAKE, 0.01
9744, 3, 35, Status.SNAKE, 0.01
9745, 11, 70, Status.WALL, 0.01
9746, 7, 47, Status.SNAKE, 0.01
9747, 4, 31, Status.SNAKE, 0.01
9748, 3, 25, Status.WALL, 0.01
9749, 5, 36, Status.WALL, 0.01
9750, 6, 35, Status.WALL, 0.01
9751, 9, 65, Status.SNAKE, 0.01
9752, 4, 31, Status.SNAKE, 0.01
9753, 7, 42, Status.SNAKE, 0.01
9754, 4, 27, Status.SNAKE, 0.01
9755, 5, 18, Status.SNAKE, 0.01
9756, 11, 86, Status.WALL, 0.01
9757, 6, 59, Status.SNAKE, 0.01
9758, 6, 26, Status.SNAKE, 0.01
9759, 10, 92, Status.SNAKE, 0.01
9760, 5, 24, Status.SNAKE, 0.01
9761, 10, 67, Status.SNAKE, 0.01
9762, 7, 36, Status.SNAKE, 0.01
9763, 3, 20, Status.SNAKE, 0.01
9764, 6, 42, Status.SNAKE, 0.01
9765, 2, 19, Status.WALL, 0.01
9766, 7, 49, Status.SNAKE, 0.01
9767, 12, 85, Status.SNAKE, 0.01
9768, 11, 79, Status.SNAKE, 0.01
9769, 10, 78, Status.SNAKE, 0.01
9770, 8, 57, Status.SNAKE, 0.01
9771, 9, 73, Status.SNAKE, 0.01
9772, 9, 70, Status.SNAKE, 0.01
9773, 5, 36, Status.SNAKE, 0.01
9774, 17, 108, Status.SNAKE, 0.01
9775, 17, 146, Status.SNAKE, 0.01
9776, 0, 4, Status.WALL, 0.01
9777, 5, 32, Status.SNAKE, 0.01
9778, 8, 41, Status.SNAKE, 0.01
9779, 7, 48, Status.SNAKE, 0.01
9780, 9, 55, Status.SNAKE, 0.01
9781, 9, 63, Status.SNAKE, 0.01
9782, 9, 66, Status.SNAKE, 0.01
9783, 6, 50, Status.SNAKE, 0.01
9784, 11, 67, Status.SNAKE, 0.01
9785, 12, 117, Status.SNAKE, 0.01
9786, 8, 66, Status.SNAKE, 0.01
9787, 4, 28, Status.SNAKE, 0.01
9788, 12, 76, Status.SNAKE, 0.01
9789, 12, 90, Status.SNAKE, 0.01
9790, 3, 28, Status.SNAKE, 0.01
9791, 7, 44, Status.SNAKE, 0.01
9792, 8, 48, Status.SNAKE, 0.01
9793, 6, 47, Status.SNAKE, 0.01
9794, 9, 56, Status.SNAKE, 0.01
9795, 8, 75, Status.SNAKE, 0.01
9796, 9, 47, Status.SNAKE, 0.01
9797, 1, 5, Status.SNAKE, 0.01
9798, 6, 48, Status.WALL, 0.01
9799, 17, 151, Status.WALL, 0.01
9800, 11, 104, Status.SNAKE, 0.01
9801, 5, 34, Status.SNAKE, 0.01
9802, 1, 9, Status.WALL, 0.01
9803, 3, 13, Status.SNAKE, 0.01
9804, 5, 28, Status.SNAKE, 0.01
9805, 15, 110, Status.SNAKE, 0.01
9806, 3, 26, Status.WALL, 0.01
9807, 3, 21, Status.SNAKE, 0.01
9808, 6, 53, Status.SNAKE, 0.01
9809, 9, 57, Status.SNAKE, 0.01
9810, 4, 19, Status.SNAKE, 0.01
9811, 4, 20, Status.SNAKE, 0.01
9812, 8, 47, Status.SNAKE, 0.01
9813, 11, 54, Status.SNAKE, 0.01
9814, 12, 71, Status.SNAKE, 0.01
9815, 3, 23, Status.SNAKE, 0.01
9816, 12, 66, Status.WALL, 0.01
9817, 21, 164, Status.SNAKE, 0.01
9818, 6, 31, Status.SNAKE, 0.01
9819, 3, 24, Status.SNAKE, 0.01
9820, 9, 53, Status.SNAKE, 0.01
9821, 3, 12, Status.SNAKE, 0.01
9822, 8, 55, Status.SNAKE, 0.01
9823, 3, 20, Status.SNAKE, 0.01
9824, 13, 97, Status.SNAKE, 0.01
9825, 1, 10, Status.WALL, 0.01
9826, 1, 9, Status.SNAKE, 0.01
9827, 2, 15, Status.SNAKE, 0.01
9828, 11, 63, Status.SNAKE, 0.01
9829, 7, 47, Status.SNAKE, 0.01
9830, 19, 118, Status.SNAKE, 0.01
9831, 7, 56, Status.WALL, 0.01
9832, 18, 127, Status.SNAKE, 0.01
9833, 9, 77, Status.SNAKE, 0.01
9834, 10, 82, Status.SNAKE, 0.01
9835, 7, 56, Status.SNAKE, 0.01
9836, 11, 84, Status.SNAKE, 0.01
9837, 1, 6, Status.SNAKE, 0.01
9838, 6, 38, Status.SNAKE, 0.01
9839, 5, 50, Status.WALL, 0.01
9840, 1, 7, Status.SNAKE, 0.01
9841, 1, 15, Status.WALL, 0.01
9842, 5, 41, Status.SNAKE, 0.01
9843, 2, 13, Status.SNAKE, 0.01
9844, 5, 36, Status.WALL, 0.01
9845, 9, 57, Status.SNAKE, 0.01
9846, 1, 3, Status.SNAKE, 0.01
9847, 18, 137, Status.WALL, 0.01
9848, 9, 83, Status.SNAKE, 0.01
9849, 12, 72, Status.SNAKE, 0.01
9850, 14, 96, Status.SNAKE, 0.01
9851, 5, 36, Status.SNAKE, 0.01
9852, 13, 103, Status.SNAKE, 0.01
9853, 11, 74, Status.SNAKE, 0.01
9854, 12, 67, Status.SNAKE, 0.01
9855, 9, 53, Status.SNAKE, 0.01
9856, 5, 37, Status.SNAKE, 0.01
9857, 5, 46, Status.WALL, 0.01
9858, 4, 29, Status.SNAKE, 0.01
9859, 5, 39, Status.WALL, 0.01
9860, 1, 10, Status.WALL, 0.01
9861, 6, 36, Status.SNAKE, 0.01
9862, 10, 87, Status.SNAKE, 0.01
9863, 8, 57, Status.SNAKE, 0.01
9864, 13, 109, Status.SNAKE, 0.01
9865, 1, 6, Status.SNAKE, 0.01
9866, 11, 77, Status.SNAKE, 0.01
9867, 5, 50, Status.SNAKE, 0.01
9868, 9, 64, Status.SNAKE, 0.01
9869, 16, 117, Status.SNAKE, 0.01
9870, 9, 59, Status.SNAKE, 0.01
9871, 15, 109, Status.SNAKE, 0.01
9872, 2, 14, Status.SNAKE, 0.01
9873, 9, 49, Status.WALL, 0.01
9874, 19, 147, Status.SNAKE, 0.01
9875, 8, 56, Status.SNAKE, 0.01
9876, 12, 72, Status.SNAKE, 0.01
9877, 13, 116, Status.SNAKE, 0.01
9878, 3, 21, Status.SNAKE, 0.01
9879, 4, 21, Status.SNAKE, 0.01
9880, 1, 5, Status.SNAKE, 0.01
9881, 11, 85, Status.SNAKE, 0.01
9882, 5, 39, Status.SNAKE, 0.01
9883, 0, 7, Status.WALL, 0.01
9884, 2, 16, Status.WALL, 0.01
9885, 12, 83, Status.SNAKE, 0.01
9886, 3, 18, Status.SNAKE, 0.01
9887, 3, 28, Status.WALL, 0.01
9888, 7, 64, Status.SNAKE, 0.01
9889, 8, 66, Status.SNAKE, 0.01
9890, 4, 31, Status.SNAKE, 0.01
9891, 7, 51, Status.SNAKE, 0.01
9892, 6, 33, Status.WALL, 0.01
9893, 7, 33, Status.WALL, 0.01
9894, 4, 25, Status.SNAKE, 0.01
9895, 1, 5, Status.SNAKE, 0.01
9896, 6, 41, Status.SNAKE, 0.01
9897, 6, 45, Status.SNAKE, 0.01
9898, 10, 71, Status.SNAKE, 0.01
9899, 4, 29, Status.SNAKE, 0.01
9900, 6, 50, Status.SNAKE, 0.01
9901, 19, 134, Status.SNAKE, 0.01
9902, 16, 125, Status.SNAKE, 0.01
9903, 7, 47, Status.SNAKE, 0.01
9904, 15, 110, Status.SNAKE, 0.01
9905, 10, 80, Status.WALL, 0.01
9906, 6, 34, Status.WALL, 0.01
9907, 7, 38, Status.SNAKE, 0.01
9908, 5, 46, Status.WALL, 0.01
9909, 24, 140, Status.SNAKE, 0.01
9910, 3, 27, Status.WALL, 0.01
9911, 2, 17, Status.SNAKE, 0.01
9912, 8, 77, Status.SNAKE, 0.01
9913, 2, 14, Status.WALL, 0.01
9914, 7, 65, Status.WALL, 0.01
9915, 14, 109, Status.SNAKE, 0.01
9916, 1, 10, Status.WALL, 0.01
9917, 9, 71, Status.SNAKE, 0.01
9918, 8, 56, Status.SNAKE, 0.01
9919, 10, 80, Status.SNAKE, 0.01
9920, 8, 70, Status.SNAKE, 0.01
9921, 11, 62, Status.SNAKE, 0.01
9922, 7, 66, Status.SNAKE, 0.01
9923, 13, 109, Status.SNAKE, 0.01
9924, 10, 71, Status.SNAKE, 0.01
9925, 12, 99, Status.SNAKE, 0.01
9926, 15, 131, Status.SNAKE, 0.01
9927, 7, 34, Status.SNAKE, 0.01
9928, 8, 39, Status.SNAKE, 0.01
9929, 11, 97, Status.WALL, 0.01
9930, 1, 6, Status.SNAKE, 0.01
9931, 10, 65, Status.SNAKE, 0.01
9932, 1, 11, Status.WALL, 0.01
9933, 2, 11, Status.SNAKE, 0.01
9934, 7, 54, Status.SNAKE, 0.01
9935, 2, 19, Status.WALL, 0.01
9936, 3, 35, Status.SNAKE, 0.01
9937, 10, 79, Status.SNAKE, 0.01
9938, 1, 11, Status.SNAKE, 0.01
9939, 13, 100, Status.SNAKE, 0.01
9940, 0, 10, Status.WALL, 0.01
9941, 8, 33, Status.SNAKE, 0.01
9942, 17, 133, Status.WALL, 0.01
9943, 1, 9, Status.SNAKE, 0.01
9944, 7, 49, Status.SNAKE, 0.01
9945, 2, 17, Status.SNAKE, 0.01
9946, 10, 77, Status.SNAKE, 0.01
9947, 2, 16, Status.SNAKE, 0.01
9948, 10, 75, Status.SNAKE, 0.01
9949, 10, 80, Status.WALL, 0.01
9950, 2, 20, Status.WALL, 0.01
9951, 11, 100, Status.SNAKE, 0.01
9952, 8, 48, Status.SNAKE, 0.01
9953, 7, 60, Status.SNAKE, 0.01
9954, 13, 88, Status.SNAKE, 0.01
9955, 4, 34, Status.SNAKE, 0.01
9956, 2, 26, Status.WALL, 0.01
9957, 8, 49, Status.WALL, 0.01
9958, 3, 16, Status.WALL, 0.01
9959, 12, 84, Status.SNAKE, 0.01
9960, 12, 77, Status.SNAKE, 0.01
9961, 9, 60, Status.SNAKE, 0.01
9962, 13, 98, Status.SNAKE, 0.01
9963, 6, 44, Status.SNAKE, 0.01
9964, 8, 71, Status.SNAKE, 0.01
9965, 8, 71, Status.SNAKE, 0.01
9966, 9, 75, Status.SNAKE, 0.01
9967, 10, 76, Status.WALL, 0.01
9968, 16, 111, Status.SNAKE, 0.01
9969, 7, 47, Status.SNAKE, 0.01
9970, 2, 15, Status.SNAKE, 0.01
9971, 9, 72, Status.SNAKE, 0.01
9972, 6, 37, Status.WALL, 0.01
9973, 9, 75, Status.SNAKE, 0.01
9974, 14, 97, Status.WALL, 0.01
9975, 11, 75, Status.SNAKE, 0.01
9976, 10, 83, Status.SNAKE, 0.01
9977, 5, 36, Status.SNAKE, 0.01
9978, 8, 72, Status.SNAKE, 0.01
9979, 5, 36, Status.SNAKE, 0.01
9980, 13, 89, Status.SNAKE, 0.01
9981, 9, 57, Status.SNAKE, 0.01
9982, 11, 105, Status.SNAKE, 0.01
9983, 5, 38, Status.SNAKE, 0.01
9984, 1, 8, Status.WALL, 0.01
9985, 6, 30, Status.SNAKE, 0.01
9986, 9, 59, Status.SNAKE, 0.01
9987, 3, 16, Status.SNAKE, 0.01
9988, 9, 66, Status.SNAKE, 0.01
9989, 12, 75, Status.SNAKE, 0.01
9990, 7, 54, Status.SNAKE, 0.01
9991, 3, 11, Status.SNAKE, 0.01
9992, 15, 124, Status.SNAKE, 0.01
9993, 5, 40, Status.SNAKE, 0.01
9994, 3, 17, Status.SNAKE, 0.01
9995, 3, 33, Status.SNAKE, 0.01
9996, 8, 76, Status.WALL, 0.01
9997, 4, 26, Status.SNAKE, 0.01
9998, 16, 118, Status.WALL, 0.01
9999, 17, 121, Status.SNAKE, 0.01
10000, 7, 62, Status.SNAKE, 0.01
