Episode,Score,Total Steps,Death,Epsilon
1, 0, 10, Status.WALL, 1.0
2, 0, 20, Status.WALL, 0.999
3, 0, 6, Status.WALL, 0.998001
4, 0, 5, Status.WALL, 0.997002999
5, 0, 7, Status.WALL, 0.996005996001
6, 0, 8, Status.WALL, 0.995009990004999
7, 1, 4, Status.SNAKE, 0.994014980014994
8, 0, 30, Status.WALL, 0.993020965034979
9, 0, 14, Status.WALL, 0.9920279440699441
10, 1, 25, Status.WALL, 0.9910359161258742
11, 0, 5, Status.WALL, 0.9900448802097482
12, 0, 6, Status.WALL, 0.9890548353295385
13, 0, 8, Status.WALL, 0.988065780494209
14, 0, 12, Status.WALL, 0.9870777147137147
15, 0, 6, Status.WALL, 0.986090636999001
16, 0, 10, Status.WALL, 0.9851045463620021
17, 0, 28, Status.WALL, 0.98411944181564
18, 1, 4, Status.SNAKE, 0.9831353223738244
19, 0, 28, Status.WALL, 0.9821521870514506
20, 1, 21, Status.SNAKE, 0.9811700348643991
21, 0, 7, Status.WALL, 0.9801888648295347
22, 0, 8, Status.WALL, 0.9792086759647052
23, 1, 9, Status.WALL, 0.9782294672887405
24, 0, 10, Status.WALL, 0.9772512378214517
25, 0, 15, Status.WALL, 0.9762739865836303
26, 0, 8, Status.WALL, 0.9752977125970467
27, 0, 20, Status.WALL, 0.9743224148844496
28, 0, 9, Status.WALL, 0.9733480924695651
29, 0, 9, Status.WALL, 0.9723747443770956
30, 0, 14, Status.WALL, 0.9714023696327185
31, 1, 23, Status.WALL, 0.9704309672630859
32, 0, 25, Status.WALL, 0.9694605362958227
33, 0, 28, Status.WALL, 0.9684910757595269
34, 0, 25, Status.WALL, 0.9675225846837673
35, 0, 11, Status.WALL, 0.9665550620990835
36, 0, 7, Status.WALL, 0.9655885070369844
37, 0, 19, Status.WALL, 0.9646229185299474
38, 0, 7, Status.WALL, 0.9636582956114175
39, 1, 15, Status.SNAKE, 0.9626946373158061
40, 0, 7, Status.WALL, 0.9617319426784903
41, 0, 20, Status.WALL, 0.9607702107358118
42, 0, 6, Status.WALL, 0.959809440525076
43, 0, 13, Status.WALL, 0.9588496310845509
44, 0, 7, Status.WALL, 0.9578907814534664
45, 0, 9, Status.WALL, 0.9569328906720129
46, 0, 13, Status.WALL, 0.9559759577813409
47, 0, 27, Status.WALL, 0.9550199818235596
48, 0, 9, Status.WALL, 0.9540649618417361
49, 0, 5, Status.WALL, 0.9531108968798944
50, 0, 7, Status.WALL, 0.9521577859830145
51, 0, 8, Status.WALL, 0.9512056281970315
52, 0, 13, Status.WALL, 0.9502544225688344
53, 0, 10, Status.WALL, 0.9493041681462656
54, 0, 7, Status.WALL, 0.9483548639781193
55, 1, 6, Status.WALL, 0.9474065091141411
56, 1, 3, Status.SNAKE, 0.946459102605027
57, 0, 4, Status.WALL, 0.9455126435024219
58, 1, 13, Status.SNAKE, 0.9445671308589195
59, 0, 21, Status.WALL, 0.9436225637280606
60, 0, 40, Status.WALL, 0.9426789411643326
61, 0, 7, Status.WALL, 0.9417362622231683
62, 0, 24, Status.WALL, 0.9407945259609451
63, 0, 11, Status.WALL, 0.9398537314349842
64, 0, 34, Status.WALL, 0.9389138777035492
65, 0, 5, Status.WALL, 0.9379749638258457
66, 0, 10, Status.WALL, 0.9370369888620198
67, 1, 19, Status.WALL, 0.9360999518731578
68, 0, 15, Status.WALL, 0.9351638519212846
69, 0, 24, Status.WALL, 0.9342286880693633
70, 1, 9, Status.WALL, 0.933294459381294
71, 0, 10, Status.WALL, 0.9323611649219127
72, 0, 7, Status.WALL, 0.9314288037569908
73, 0, 11, Status.WALL, 0.9304973749532338
74, 0, 18, Status.WALL, 0.9295668775782806
75, 0, 7, Status.WALL, 0.9286373107007023
76, 1, 29, Status.SNAKE, 0.9277086733900016
77, 0, 5, Status.WALL, 0.9267809647166116
78, 0, 7, Status.WALL, 0.925854183751895
79, 1, 5, Status.WALL, 0.9249283295681431
80, 1, 10, Status.SNAKE, 0.9240034012385749
81, 0, 11, Status.WALL, 0.9230793978373364
82, 0, 18, Status.WALL, 0.9221563184394991
83, 1, 23, Status.WALL, 0.9212341621210596
84, 0, 10, Status.WALL, 0.9203129279589385
85, 0, 8, Status.WALL, 0.9193926150309796
86, 0, 20, Status.WALL, 0.9184732224159486
87, 0, 29, Status.WALL, 0.9175547491935327
88, 2, 9, Status.WALL, 0.9166371944443392
89, 0, 9, Status.WALL, 0.9157205572498949
90, 0, 13, Status.WALL, 0.914804836692645
91, 0, 23, Status.WALL, 0.9138900318559524
92, 0, 14, Status.WALL, 0.9129761418240965
93, 0, 14, Status.WALL, 0.9120631656822724
94, 0, 11, Status.WALL, 0.9111511025165902
95, 1, 12, Status.WALL, 0.9102399514140735
96, 0, 17, Status.WALL, 0.9093297114626595
97, 1, 6, Status.WALL, 0.9084203817511969
98, 1, 8, Status.WALL, 0.9075119613694457
99, 0, 23, Status.WALL, 0.9066044494080763
100, 0, 15, Status.WALL, 0.9056978449586682
101, 0, 19, Status.WALL, 0.9047921471137096
102, 0, 15, Status.WALL, 0.9038873549665959
103, 0, 10, Status.WALL, 0.9029834676116293
104, 1, 30, Status.WALL, 0.9020804841440176
105, 0, 27, Status.WALL, 0.9011784036598737
106, 1, 14, Status.SNAKE, 0.9002772252562138
107, 0, 9, Status.WALL, 0.8993769480309576
108, 0, 8, Status.WALL, 0.8984775710829266
109, 0, 7, Status.WALL, 0.8975790935118436
110, 0, 12, Status.WALL, 0.8966815144183318
111, 0, 15, Status.WALL, 0.8957848329039134
112, 1, 6, Status.SNAKE, 0.8948890480710096
113, 0, 5, Status.WALL, 0.8939941590229386
114, 0, 27, Status.WALL, 0.8931001648639156
115, 0, 11, Status.WALL, 0.8922070646990518
116, 0, 6, Status.WALL, 0.8913148576343527
117, 0, 10, Status.WALL, 0.8904235427767183
118, 1, 19, Status.WALL, 0.8895331192339416
119, 0, 15, Status.WALL, 0.8886435861147077
120, 0, 4, Status.WALL, 0.887754942528593
121, 2, 11, Status.SNAKE, 0.8868671875860644
122, 0, 5, Status.WALL, 0.8859803203984784
123, 1, 17, Status.WALL, 0.88509434007808
124, 0, 38, Status.WALL, 0.8842092457380019
125, 1, 24, Status.WALL, 0.8833250364922639
126, 0, 7, Status.WALL, 0.8824417114557717
127, 0, 6, Status.WALL, 0.8815592697443159
128, 0, 20, Status.WALL, 0.8806777104745716
129, 1, 10, Status.WALL, 0.8797970327640969
130, 2, 10, Status.WALL, 0.8789172357313328
131, 0, 19, Status.WALL, 0.8780383184956015
132, 0, 32, Status.WALL, 0.8771602801771059
133, 0, 8, Status.WALL, 0.8762831198969288
134, 0, 11, Status.WALL, 0.8754068367770318
135, 2, 14, Status.SNAKE, 0.8745314299402548
136, 0, 39, Status.WALL, 0.8736568985103146
137, 0, 15, Status.WALL, 0.8727832416118043
138, 0, 7, Status.WALL, 0.8719104583701925
139, 1, 27, Status.WALL, 0.8710385479118223
140, 0, 9, Status.WALL, 0.8701675093639105
141, 0, 4, Status.WALL, 0.8692973418545467
142, 1, 17, Status.WALL, 0.8684280445126921
143, 0, 8, Status.WALL, 0.8675596164681794
144, 0, 6, Status.WALL, 0.8666920568517111
145, 0, 12, Status.WALL, 0.8658253647948594
146, 0, 8, Status.WALL, 0.8649595394300645
147, 0, 11, Status.WALL, 0.8640945798906344
148, 0, 10, Status.WALL, 0.8632304853107438
149, 1, 9, Status.WALL, 0.862367254825433
150, 1, 22, Status.SNAKE, 0.8615048875706075
151, 0, 7, Status.WALL, 0.8606433826830369
152, 0, 22, Status.WALL, 0.8597827393003539
153, 2, 25, Status.WALL, 0.8589229565610536
154, 0, 4, Status.WALL, 0.8580640336044925
155, 0, 16, Status.WALL, 0.857205969570888
156, 0, 18, Status.WALL, 0.8563487636013172
157, 0, 38, Status.WALL, 0.8554924148377159
158, 0, 13, Status.WALL, 0.8546369224228781
159, 0, 10, Status.WALL, 0.8537822855004553
160, 2, 24, Status.SNAKE, 0.8529285032149548
161, 0, 5, Status.WALL, 0.8520755747117399
162, 0, 10, Status.WALL, 0.8512234991370281
163, 0, 7, Status.WALL, 0.8503722756378911
164, 0, 6, Status.WALL, 0.8495219033622532
165, 0, 31, Status.WALL, 0.8486723814588909
166, 0, 7, Status.WALL, 0.847823709077432
167, 1, 17, Status.WALL, 0.8469758853683546
168, 0, 6, Status.WALL, 0.8461289094829862
169, 0, 6, Status.WALL, 0.8452827805735033
170, 1, 17, Status.SNAKE, 0.8444374977929298
171, 0, 9, Status.WALL, 0.8435930602951368
172, 0, 11, Status.WALL, 0.8427494672348417
173, 1, 6, Status.WALL, 0.8419067177676068
174, 1, 12, Status.WALL, 0.8410648110498392
175, 1, 11, Status.WALL, 0.8402237462387894
176, 1, 17, Status.SNAKE, 0.8393835224925505
177, 0, 18, Status.WALL, 0.838544138970058
178, 0, 21, Status.WALL, 0.8377055948310879
179, 0, 8, Status.WALL, 0.8368678892362568
180, 2, 22, Status.WALL, 0.8360310213470206
181, 0, 6, Status.WALL, 0.8351949903256736
182, 0, 18, Status.WALL, 0.8343597953353479
183, 1, 3, Status.SNAKE, 0.8335254355400126
184, 0, 22, Status.WALL, 0.8326919101044725
185, 1, 34, Status.WALL, 0.831859218194368
186, 0, 26, Status.WALL, 0.8310273589761736
187, 0, 11, Status.WALL, 0.8301963316171974
188, 1, 15, Status.SNAKE, 0.8293661352855802
189, 0, 5, Status.WALL, 0.8285367691502946
190, 0, 8, Status.WALL, 0.8277082323811443
191, 0, 10, Status.WALL, 0.8268805241487632
192, 0, 17, Status.WALL, 0.8260536436246144
193, 1, 6, Status.SNAKE, 0.8252275899809898
194, 1, 10, Status.WALL, 0.8244023623910088
195, 0, 13, Status.WALL, 0.8235779600286178
196, 2, 15, Status.WALL, 0.8227543820685892
197, 0, 21, Status.WALL, 0.8219316276865206
198, 0, 46, Status.WALL, 0.8211096960588341
199, 1, 16, Status.WALL, 0.8202885863627752
200, 1, 22, Status.WALL, 0.8194682977764125
201, 2, 17, Status.WALL, 0.818648829478636
202, 0, 22, Status.WALL, 0.8178301806491574
203, 0, 15, Status.WALL, 0.8170123504685082
204, 1, 8, Status.SNAKE, 0.8161953381180397
205, 0, 53, Status.WALL, 0.8153791427799216
206, 1, 12, Status.SNAKE, 0.8145637636371417
207, 1, 37, Status.WALL, 0.8137491998735046
208, 1, 14, Status.WALL, 0.812935450673631
209, 0, 17, Status.WALL, 0.8121225152229574
210, 2, 30, Status.SNAKE, 0.8113103927077344
211, 0, 23, Status.WALL, 0.8104990823150267
212, 0, 45, Status.WALL, 0.8096885832327116
213, 1, 11, Status.WALL, 0.8088788946494789
214, 1, 9, Status.SNAKE, 0.8080700157548294
215, 2, 14, Status.SNAKE, 0.8072619457390746
216, 0, 21, Status.WALL, 0.8064546837933355
217, 0, 8, Status.WALL, 0.8056482291095421
218, 0, 30, Status.WALL, 0.8048425808804326
219, 1, 7, Status.WALL, 0.8040377382995522
220, 0, 6, Status.WALL, 0.8032337005612527
221, 0, 11, Status.WALL, 0.8024304668606914
222, 0, 13, Status.WALL, 0.8016280363938307
223, 1, 23, Status.SNAKE, 0.8008264083574369
224, 0, 5, Status.WALL, 0.8000255819490795
225, 1, 21, Status.WALL, 0.7992255563671304
226, 0, 26, Status.WALL, 0.7984263308107633
227, 1, 19, Status.SNAKE, 0.7976279044799526
228, 1, 7, Status.WALL, 0.7968302765754727
229, 0, 5, Status.WALL, 0.7960334462988972
230, 1, 29, Status.WALL, 0.7952374128525983
231, 0, 11, Status.WALL, 0.7944421754397457
232, 0, 11, Status.WALL, 0.7936477332643059
233, 1, 6, Status.WALL, 0.7928540855310416
234, 6, 41, Status.SNAKE, 0.7920612314455105
235, 1, 19, Status.WALL, 0.7912691702140651
236, 0, 15, Status.WALL, 0.790477901043851
237, 0, 9, Status.WALL, 0.7896874231428072
238, 1, 7, Status.SNAKE, 0.7888977357196644
239, 0, 13, Status.WALL, 0.7881088379839447
240, 0, 20, Status.WALL, 0.7873207291459607
241, 0, 8, Status.WALL, 0.7865334084168147
242, 0, 37, Status.WALL, 0.7857468750083979
243, 0, 10, Status.WALL, 0.7849611281333895
244, 0, 7, Status.WALL, 0.784176167005256
245, 1, 21, Status.WALL, 0.7833919908382508
246, 0, 6, Status.WALL, 0.7826085988474126
247, 1, 9, Status.WALL, 0.7818259902485653
248, 1, 15, Status.WALL, 0.7810441642583167
249, 1, 43, Status.WALL, 0.7802631200940584
250, 0, 8, Status.WALL, 0.7794828569739644
251, 1, 11, Status.WALL, 0.7787033741169904
252, 1, 15, Status.WALL, 0.7779246707428734
253, 1, 17, Status.WALL, 0.7771467460721305
254, 1, 14, Status.SNAKE, 0.7763695993260584
255, 0, 13, Status.WALL, 0.7755932297267324
256, 0, 23, Status.WALL, 0.7748176364970056
257, 0, 5, Status.WALL, 0.7740428188605086
258, 0, 10, Status.WALL, 0.7732687760416481
259, 0, 12, Status.WALL, 0.7724955072656065
260, 1, 13, Status.SNAKE, 0.7717230117583408
261, 0, 11, Status.WALL, 0.7709512887465825
262, 1, 8, Status.WALL, 0.7701803374578359
263, 0, 15, Status.WALL, 0.7694101571203781
264, 1, 33, Status.SNAKE, 0.7686407469632577
265, 2, 37, Status.WALL, 0.7678721062162944
266, 1, 37, Status.WALL, 0.7671042341100781
267, 0, 4, Status.WALL, 0.766337129875968
268, 0, 7, Status.WALL, 0.7655707927460921
269, 0, 6, Status.WALL, 0.764805221953346
270, 1, 7, Status.WALL, 0.7640404167313927
271, 0, 11, Status.WALL, 0.7632763763146613
272, 0, 9, Status.WALL, 0.7625130999383466
273, 0, 15, Status.WALL, 0.7617505868384082
274, 0, 24, Status.WALL, 0.7609888362515699
275, 0, 7, Status.WALL, 0.7602278474153183
276, 1, 13, Status.WALL, 0.759467619567903
277, 0, 14, Status.WALL, 0.7587081519483351
278, 0, 8, Status.WALL, 0.7579494437963867
279, 1, 25, Status.WALL, 0.7571914943525904
280, 0, 20, Status.WALL, 0.7564343028582378
281, 1, 8, Status.SNAKE, 0.7556778685553796
282, 1, 21, Status.WALL, 0.7549221906868242
283, 0, 11, Status.WALL, 0.7541672684961374
284, 0, 4, Status.WALL, 0.7534131012276413
285, 1, 19, Status.WALL, 0.7526596881264136
286, 0, 8, Status.WALL, 0.7519070284382872
287, 0, 11, Status.WALL, 0.7511551214098489
288, 0, 15, Status.WALL, 0.750403966288439
289, 0, 6, Status.WALL, 0.7496535623221505
290, 1, 10, Status.WALL, 0.7489039087598284
291, 0, 13, Status.WALL, 0.7481550048510686
292, 0, 26, Status.WALL, 0.7474068498462175
293, 0, 14, Status.WALL, 0.7466594429963713
294, 0, 17, Status.WALL, 0.745912783553375
295, 0, 5, Status.WALL, 0.7451668707698216
296, 0, 20, Status.WALL, 0.7444217038990517
297, 0, 15, Status.WALL, 0.7436772821951526
298, 0, 16, Status.WALL, 0.7429336049129575
299, 0, 6, Status.WALL, 0.7421906713080445
300, 0, 10, Status.WALL, 0.7414484806367364
301, 0, 8, Status.WALL, 0.7407070321560997
302, 1, 7, Status.WALL, 0.7399663251239436
303, 1, 24, Status.WALL, 0.7392263587988196
304, 3, 26, Status.WALL, 0.7384871324400207
305, 0, 7, Status.WALL, 0.7377486453075807
306, 1, 22, Status.SNAKE, 0.737010896662273
307, 1, 9, Status.SNAKE, 0.7362738857656108
308, 0, 5, Status.WALL, 0.7355376118798452
309, 0, 13, Status.WALL, 0.7348020742679654
310, 0, 8, Status.WALL, 0.7340672721936974
311, 0, 5, Status.WALL, 0.7333332049215037
312, 0, 16, Status.WALL, 0.7325998717165821
313, 0, 9, Status.WALL, 0.7318672718448656
314, 1, 17, Status.SNAKE, 0.7311354045730207
315, 0, 14, Status.WALL, 0.7304042691684477
316, 1, 9, Status.WALL, 0.7296738648992792
317, 1, 18, Status.WALL, 0.7289441910343799
318, 0, 49, Status.WALL, 0.7282152468433455
319, 0, 6, Status.WALL, 0.7274870315965022
320, 1, 3, Status.SNAKE, 0.7267595445649057
321, 1, 7, Status.SNAKE, 0.7260327850203407
322, 0, 9, Status.WALL, 0.7253067522353204
323, 0, 11, Status.WALL, 0.724581445483085
324, 0, 8, Status.WALL, 0.723856864037602
325, 0, 8, Status.WALL, 0.7231330071735643
326, 0, 11, Status.WALL, 0.7224098741663908
327, 0, 8, Status.WALL, 0.7216874642922244
328, 1, 29, Status.WALL, 0.7209657768279322
329, 1, 8, Status.WALL, 0.7202448110511043
330, 1, 9, Status.WALL, 0.7195245662400531
331, 0, 6, Status.WALL, 0.7188050416738131
332, 0, 8, Status.WALL, 0.7180862366321393
333, 0, 16, Status.WALL, 0.7173681503955072
334, 0, 11, Status.WALL, 0.7166507822451117
335, 0, 5, Status.WALL, 0.7159341314628666
336, 1, 28, Status.WALL, 0.7152181973314037
337, 0, 13, Status.WALL, 0.7145029791340722
338, 0, 11, Status.WALL, 0.7137884761549381
339, 2, 35, Status.SNAKE, 0.7130746876787832
340, 0, 12, Status.WALL, 0.7123616129911045
341, 1, 6, Status.WALL, 0.7116492513781133
342, 0, 18, Status.WALL, 0.7109376021267352
343, 0, 25, Status.WALL, 0.7102266645246085
344, 0, 7, Status.WALL, 0.7095164378600839
345, 1, 19, Status.WALL, 0.7088069214222238
346, 0, 13, Status.WALL, 0.7080981145008015
347, 3, 29, Status.SNAKE, 0.7073900163863007
348, 1, 12, Status.WALL, 0.7066826263699144
349, 0, 6, Status.WALL, 0.7059759437435444
350, 0, 9, Status.WALL, 0.7052699677998009
351, 0, 19, Status.WALL, 0.704564697832001
352, 1, 6, Status.SNAKE, 0.7038601331341691
353, 0, 14, Status.WALL, 0.7031562730010349
354, 0, 6, Status.WALL, 0.7024531167280339
355, 0, 9, Status.WALL, 0.7017506636113059
356, 2, 8, Status.WALL, 0.7010489129476946
357, 0, 5, Status.WALL, 0.7003478640347469
358, 1, 9, Status.WALL, 0.6996475161707122
359, 1, 10, Status.SNAKE, 0.6989478686545415
360, 2, 30, Status.SNAKE, 0.698248920785887
361, 0, 7, Status.WALL, 0.6975506718651011
362, 0, 9, Status.WALL, 0.6968531211932361
363, 0, 13, Status.WALL, 0.6961562680720428
364, 0, 6, Status.WALL, 0.6954601118039707
365, 0, 23, Status.WALL, 0.6947646516921667
366, 0, 5, Status.WALL, 0.6940698870404746
367, 1, 37, Status.WALL, 0.6933758171534341
368, 3, 30, Status.WALL, 0.6926824413362807
369, 4, 23, Status.WALL, 0.6919897588949444
370, 2, 18, Status.WALL, 0.6912977691360495
371, 0, 6, Status.WALL, 0.6906064713669134
372, 0, 7, Status.WALL, 0.6899158648955466
373, 0, 15, Status.WALL, 0.689225949030651
374, 1, 20, Status.SNAKE, 0.6885367230816204
375, 0, 6, Status.WALL, 0.6878481863585387
376, 0, 8, Status.WALL, 0.6871603381721801
377, 1, 10, Status.WALL, 0.686473177834008
378, 0, 22, Status.WALL, 0.685786704656174
379, 1, 9, Status.SNAKE, 0.6851009179515178
380, 0, 19, Status.WALL, 0.6844158170335664
381, 1, 46, Status.WALL, 0.6837314012165328
382, 1, 16, Status.WALL, 0.6830476698153162
383, 0, 6, Status.WALL, 0.6823646221455009
384, 2, 14, Status.WALL, 0.6816822575233553
385, 0, 7, Status.WALL, 0.6810005752658319
386, 1, 18, Status.WALL, 0.680319574690566
387, 2, 18, Status.WALL, 0.6796392551158754
388, 0, 9, Status.WALL, 0.6789596158607596
389, 2, 22, Status.WALL, 0.6782806562448989
390, 0, 6, Status.WALL, 0.677602375588654
391, 0, 22, Status.WALL, 0.6769247732130653
392, 1, 4, Status.SNAKE, 0.6762478484398523
393, 1, 25, Status.WALL, 0.6755716005914124
394, 1, 12, Status.WALL, 0.674896028990821
395, 0, 12, Status.WALL, 0.6742211329618302
396, 0, 5, Status.WALL, 0.6735469118288684
397, 0, 31, Status.WALL, 0.6728733649170395
398, 0, 7, Status.WALL, 0.6722004915521225
399, 0, 10, Status.WALL, 0.6715282910605703
400, 1, 4, Status.WALL, 0.6708567627695098
401, 1, 6, Status.SNAKE, 0.6701859060067403
402, 1, 15, Status.WALL, 0.6695157201007336
403, 1, 9, Status.WALL, 0.6688462043806328
404, 1, 3, Status.SNAKE, 0.6681773581762521
405, 0, 5, Status.WALL, 0.6675091808180759
406, 0, 16, Status.WALL, 0.6668416716372578
407, 1, 6, Status.WALL, 0.6661748299656206
408, 0, 22, Status.WALL, 0.6655086551356549
409, 0, 6, Status.WALL, 0.6648431464805192
410, 1, 9, Status.WALL, 0.6641783033340387
411, 1, 6, Status.WALL, 0.6635141250307047
412, 2, 11, Status.SNAKE, 0.662850610905674
413, 0, 10, Status.WALL, 0.6621877602947683
414, 0, 14, Status.WALL, 0.6615255725344735
415, 0, 6, Status.WALL, 0.660864046961939
416, 0, 8, Status.WALL, 0.660203182914977
417, 1, 23, Status.WALL, 0.6595429797320621
418, 0, 16, Status.WALL, 0.6588834367523301
419, 0, 10, Status.WALL, 0.6582245533155777
420, 0, 5, Status.WALL, 0.6575663287622622
421, 1, 18, Status.SNAKE, 0.6569087624334999
422, 0, 15, Status.WALL, 0.6562518536710664
423, 0, 13, Status.WALL, 0.6555956018173954
424, 0, 9, Status.WALL, 0.654940006215578
425, 0, 11, Status.WALL, 0.6542850662093624
426, 0, 7, Status.WALL, 0.6536307811431531
427, 0, 8, Status.WALL, 0.65297715036201
428, 1, 11, Status.SNAKE, 0.6523241732116479
429, 2, 22, Status.WALL, 0.6516718490384363
430, 0, 4, Status.WALL, 0.6510201771893979
431, 2, 15, Status.WALL, 0.6503691570122084
432, 0, 5, Status.WALL, 0.6497187878551962
433, 1, 4, Status.SNAKE, 0.649069069067341
434, 2, 11, Status.WALL, 0.6484199999982736
435, 1, 25, Status.WALL, 0.6477715799982753
436, 0, 11, Status.WALL, 0.647123808418277
437, 2, 21, Status.WALL, 0.6464766846098587
438, 0, 24, Status.WALL, 0.6458302079252489
439, 4, 49, Status.WALL, 0.6451843777173236
440, 3, 16, Status.SNAKE, 0.6445391933396063
441, 1, 7, Status.SNAKE, 0.6438946541462667
442, 0, 17, Status.WALL, 0.6432507594921204
443, 0, 6, Status.WALL, 0.6426075087326283
444, 1, 15, Status.WALL, 0.6419649012238956
445, 0, 14, Status.WALL, 0.6413229363226717
446, 2, 26, Status.SNAKE, 0.640681613386349
447, 1, 9, Status.WALL, 0.6400409317729626
448, 1, 16, Status.SNAKE, 0.6394008908411897
449, 0, 9, Status.WALL, 0.6387614899503485
450, 0, 68, Status.WALL, 0.6381227284603982
451, 0, 7, Status.WALL, 0.6374846057319378
452, 0, 7, Status.WALL, 0.6368471211262058
453, 1, 14, Status.SNAKE, 0.6362102740050796
454, 0, 11, Status.WALL, 0.6355740637310745
455, 2, 20, Status.WALL, 0.6349384896673435
456, 2, 10, Status.WALL, 0.6343035511776761
457, 0, 21, Status.WALL, 0.6336692476264985
458, 1, 7, Status.WALL, 0.6330355783788719
459, 2, 19, Status.SNAKE, 0.632402542800493
460, 0, 11, Status.WALL, 0.6317701402576925
461, 0, 11, Status.WALL, 0.6311383701174348
462, 0, 5, Status.WALL, 0.6305072317473174
463, 3, 36, Status.SNAKE, 0.6298767245155701
464, 1, 14, Status.WALL, 0.6292468477910546
465, 2, 31, Status.WALL, 0.6286176009432635
466, 0, 7, Status.WALL, 0.6279889833423202
467, 1, 13, Status.WALL, 0.6273609943589779
468, 1, 14, Status.WALL, 0.6267336333646188
469, 1, 16, Status.SNAKE, 0.6261068997312542
470, 2, 13, Status.SNAKE, 0.6254807928315229
471, 1, 17, Status.WALL, 0.6248553120386914
472, 1, 21, Status.SNAKE, 0.6242304567266527
473, 0, 8, Status.WALL, 0.623606226269926
474, 1, 9, Status.WALL, 0.6229826200436561
475, 2, 17, Status.SNAKE, 0.6223596374236124
476, 0, 12, Status.WALL, 0.6217372777861888
477, 1, 15, Status.WALL, 0.6211155405084027
478, 1, 8, Status.WALL, 0.6204944249678943
479, 1, 32, Status.WALL, 0.6198739305429264
480, 0, 11, Status.WALL, 0.6192540566123834
481, 2, 22, Status.SNAKE, 0.6186348025557711
482, 0, 8, Status.WALL, 0.6180161677532153
483, 1, 11, Status.WALL, 0.6173981515854621
484, 1, 15, Status.WALL, 0.6167807534338766
485, 0, 9, Status.WALL, 0.6161639726804428
486, 1, 56, Status.WALL, 0.6155478087077623
487, 2, 25, Status.SNAKE, 0.6149322608990545
488, 0, 6, Status.WALL, 0.6143173286381555
489, 0, 6, Status.WALL, 0.6137030113095173
490, 0, 11, Status.WALL, 0.6130893082982078
491, 0, 7, Status.WALL, 0.6124762189899097
492, 1, 32, Status.SNAKE, 0.6118637427709198
493, 0, 13, Status.WALL, 0.6112518790281489
494, 0, 14, Status.WALL, 0.6106406271491208
495, 2, 10, Status.SNAKE, 0.6100299865219717
496, 0, 33, Status.WALL, 0.6094199565354498
497, 1, 24, Status.SNAKE, 0.6088105365789144
498, 1, 14, Status.WALL, 0.6082017260423355
499, 0, 21, Status.WALL, 0.6075935243162931
500, 0, 8, Status.WALL, 0.6069859307919768
501, 1, 22, Status.WALL, 0.6063789448611848
502, 0, 8, Status.WALL, 0.6057725659163237
503, 1, 8, Status.SNAKE, 0.6051667933504074
504, 1, 11, Status.WALL, 0.6045616265570569
505, 1, 8, Status.SNAKE, 0.6039570649304998
506, 1, 6, Status.WALL, 0.6033531078655693
507, 1, 6, Status.WALL, 0.6027497547577038
508, 0, 7, Status.WALL, 0.602147005002946
509, 1, 27, Status.SNAKE, 0.6015448579979431
510, 2, 67, Status.WALL, 0.6009433131399452
511, 1, 36, Status.SNAKE, 0.6003423698268052
512, 2, 15, Status.WALL, 0.5997420274569785
513, 1, 15, Status.SNAKE, 0.5991422854295215
514, 1, 14, Status.WALL, 0.598543143144092
515, 0, 10, Status.WALL, 0.5979446000009478
516, 1, 14, Status.WALL, 0.5973466554009469
517, 0, 7, Status.WALL, 0.596749308745546
518, 2, 30, Status.WALL, 0.5961525594368005
519, 1, 18, Status.SNAKE, 0.5955564068773637
520, 0, 8, Status.WALL, 0.5949608504704863
521, 1, 14, Status.SNAKE, 0.5943658896200158
522, 1, 17, Status.WALL, 0.5937715237303958
523, 2, 32, Status.WALL, 0.5931777522066654
524, 1, 15, Status.SNAKE, 0.5925845744544587
525, 1, 14, Status.WALL, 0.5919919898800042
526, 0, 5, Status.WALL, 0.5913999978901242
527, 0, 6, Status.WALL, 0.590808597892234
528, 1, 13, Status.WALL, 0.5902177892943418
529, 0, 7, Status.WALL, 0.5896275715050474
530, 1, 35, Status.SNAKE, 0.5890379439335424
531, 0, 15, Status.WALL, 0.5884489059896089
532, 1, 19, Status.WALL, 0.5878604570836192
533, 0, 9, Status.WALL, 0.5872725966265356
534, 0, 8, Status.WALL, 0.5866853240299091
535, 0, 15, Status.WALL, 0.5860986387058792
536, 0, 9, Status.WALL, 0.5855125400671733
537, 3, 17, Status.SNAKE, 0.5849270275271061
538, 1, 10, Status.WALL, 0.584342100499579
539, 1, 35, Status.SNAKE, 0.5837577583990794
540, 1, 22, Status.SNAKE, 0.5831740006406804
541, 0, 13, Status.WALL, 0.5825908266400397
542, 0, 12, Status.WALL, 0.5820082358133997
543, 0, 9, Status.WALL, 0.5814262275775862
544, 1, 13, Status.WALL, 0.5808448013500086
545, 4, 50, Status.WALL, 0.5802639565486586
546, 2, 24, Status.SNAKE, 0.57968369259211
547, 0, 6, Status.WALL, 0.5791040088995179
548, 0, 9, Status.WALL, 0.5785249048906184
549, 3, 29, Status.WALL, 0.5779463799857277
550, 0, 11, Status.WALL, 0.577368433605742
551, 3, 52, Status.SNAKE, 0.5767910651721362
552, 1, 9, Status.WALL, 0.576214274106964
553, 1, 26, Status.WALL, 0.5756380598328571
554, 1, 20, Status.WALL, 0.5750624217730242
555, 2, 34, Status.WALL, 0.5744873593512512
556, 2, 14, Status.WALL, 0.5739128719918999
557, 0, 54, Status.WALL, 0.573338959119908
558, 1, 72, Status.WALL, 0.572765620160788
559, 2, 7, Status.WALL, 0.5721928545406272
560, 0, 6, Status.WALL, 0.5716206616860866
561, 1, 17, Status.WALL, 0.5710490410244006
562, 0, 14, Status.WALL, 0.5704779919833761
563, 0, 19, Status.WALL, 0.5699075139913927
564, 1, 10, Status.WALL, 0.5693376064774013
565, 1, 11, Status.SNAKE, 0.5687682688709239
566, 1, 11, Status.SNAKE, 0.5681995006020529
567, 0, 11, Status.WALL, 0.5676313011014509
568, 0, 6, Status.WALL, 0.5670636698003494
569, 0, 7, Status.WALL, 0.5664966061305491
570, 1, 6, Status.WALL, 0.5659301095244186
571, 1, 11, Status.SNAKE, 0.5653641794148941
572, 2, 26, Status.WALL, 0.5647988152354793
573, 2, 34, Status.SNAKE, 0.5642340164202437
574, 2, 22, Status.WALL, 0.5636697824038235
575, 1, 11, Status.WALL, 0.5631061126214196
576, 1, 9, Status.WALL, 0.5625430065087982
577, 1, 23, Status.WALL, 0.5619804635022894
578, 1, 13, Status.WALL, 0.561418483038787
579, 0, 17, Status.WALL, 0.5608570645557482
580, 2, 22, Status.WALL, 0.5602962074911925
581, 3, 19, Status.SNAKE, 0.5597359112837013
582, 3, 80, Status.SNAKE, 0.5591761753724176
583, 2, 19, Status.SNAKE, 0.5586169991970452
584, 3, 22, Status.WALL, 0.5580583821978482
585, 1, 12, Status.SNAKE, 0.5575003238156504
586, 1, 12, Status.SNAKE, 0.5569428234918348
587, 0, 11, Status.WALL, 0.5563858806683429
588, 0, 30, Status.WALL, 0.5558294947876746
589, 1, 6, Status.SNAKE, 0.5552736652928869
590, 1, 15, Status.WALL, 0.5547183916275941
591, 0, 31, Status.WALL, 0.5541636732359665
592, 0, 5, Status.WALL, 0.5536095095627305
593, 0, 4, Status.WALL, 0.5530559000531677
594, 2, 17, Status.SNAKE, 0.5525028441531146
595, 1, 15, Status.WALL, 0.5519503413089615
596, 2, 27, Status.SNAKE, 0.5513983909676525
597, 0, 34, Status.WALL, 0.5508469925766849
598, 0, 10, Status.WALL, 0.5502961455841082
599, 1, 31, Status.SNAKE, 0.5497458494385241
600, 1, 29, Status.WALL, 0.5491961035890855
601, 1, 20, Status.SNAKE, 0.5486469074854965
602, 2, 23, Status.SNAKE, 0.548098260578011
603, 2, 27, Status.WALL, 0.547550162317433
604, 1, 13, Status.WALL, 0.5470026121551156
605, 2, 16, Status.WALL, 0.5464556095429605
606, 0, 10, Status.WALL, 0.5459091539334175
607, 1, 5, Status.SNAKE, 0.5453632447794842
608, 1, 17, Status.WALL, 0.5448178815347047
609, 4, 41, Status.WALL, 0.54427306365317
610, 0, 18, Status.WALL, 0.5437287905895168
611, 1, 31, Status.SNAKE, 0.5431850617989273
612, 1, 5, Status.SNAKE, 0.5426418767371284
613, 0, 9, Status.WALL, 0.5420992348603912
614, 0, 7, Status.WALL, 0.5415571356255309
615, 1, 9, Status.WALL, 0.5410155784899053
616, 2, 17, Status.WALL, 0.5404745629114154
617, 2, 21, Status.WALL, 0.539934088348504
618, 0, 5, Status.WALL, 0.5393941542601555
619, 0, 5, Status.WALL, 0.5388547601058953
620, 0, 11, Status.WALL, 0.5383159053457894
621, 0, 14, Status.WALL, 0.5377775894404436
622, 1, 35, Status.WALL, 0.5372398118510032
623, 3, 38, Status.WALL, 0.5367025720391522
624, 0, 12, Status.WALL, 0.536165869467113
625, 0, 17, Status.WALL, 0.5356297035976458
626, 0, 40, Status.WALL, 0.5350940738940482
627, 2, 25, Status.SNAKE, 0.5345589798201541
628, 2, 35, Status.SNAKE, 0.534024420840334
629, 0, 4, Status.WALL, 0.5334903964194936
630, 1, 13, Status.SNAKE, 0.5329569060230741
631, 1, 8, Status.SNAKE, 0.532423949117051
632, 0, 10, Status.WALL, 0.531891525167934
633, 3, 13, Status.WALL, 0.5313596336427661
634, 1, 28, Status.WALL, 0.5308282740091232
635, 1, 8, Status.SNAKE, 0.5302974457351142
636, 0, 5, Status.WALL, 0.5297671482893791
637, 2, 30, Status.SNAKE, 0.5292373811410898
638, 0, 11, Status.WALL, 0.5287081437599487
639, 2, 25, Status.SNAKE, 0.5281794356161887
640, 0, 33, Status.WALL, 0.5276512561805725
641, 2, 36, Status.SNAKE, 0.5271236049243919
642, 1, 12, Status.WALL, 0.5265964813194676
643, 1, 24, Status.WALL, 0.5260698848381481
644, 0, 6, Status.WALL, 0.5255438149533099
645, 2, 25, Status.WALL, 0.5250182711383566
646, 1, 10, Status.SNAKE, 0.5244932528672183
647, 1, 10, Status.WALL, 0.5239687596143511
648, 0, 10, Status.WALL, 0.5234447908547367
649, 0, 8, Status.WALL, 0.522921346063882
650, 2, 22, Status.WALL, 0.522398424717818
651, 0, 13, Status.WALL, 0.5218760262931003
652, 2, 17, Status.SNAKE, 0.5213541502668072
653, 1, 21, Status.WALL, 0.5208327961165404
654, 1, 18, Status.WALL, 0.5203119633204238
655, 1, 21, Status.WALL, 0.5197916513571034
656, 0, 15, Status.WALL, 0.5192718597057463
657, 0, 14, Status.WALL, 0.5187525878460405
658, 1, 9, Status.WALL, 0.5182338352581944
659, 1, 14, Status.SNAKE, 0.5177156014229363
660, 0, 19, Status.WALL, 0.5171978858215134
661, 0, 7, Status.WALL, 0.5166806879356919
662, 0, 7, Status.WALL, 0.5161640072477562
663, 0, 12, Status.WALL, 0.5156478432405085
664, 1, 7, Status.SNAKE, 0.515132195397268
665, 0, 13, Status.WALL, 0.5146170632018707
666, 1, 9, Status.WALL, 0.5141024461386688
667, 0, 9, Status.WALL, 0.5135883436925301
668, 0, 12, Status.WALL, 0.5130747553488376
669, 1, 47, Status.SNAKE, 0.5125616805934888
670, 1, 6, Status.WALL, 0.5120491189128954
671, 1, 15, Status.WALL, 0.5115370697939825
672, 2, 14, Status.WALL, 0.5110255327241885
673, 0, 7, Status.WALL, 0.5105145071914643
674, 1, 22, Status.WALL, 0.5100039926842729
675, 1, 22, Status.WALL, 0.5094939886915886
676, 2, 16, Status.SNAKE, 0.508984494702897
677, 0, 6, Status.WALL, 0.508475510208194
678, 1, 6, Status.SNAKE, 0.5079670346979859
679, 0, 17, Status.WALL, 0.5074590676632879
680, 1, 10, Status.SNAKE, 0.5069516085956246
681, 4, 22, Status.WALL, 0.506444656987029
682, 1, 9, Status.SNAKE, 0.505938212330042
683, 2, 36, Status.WALL, 0.505432274117712
684, 1, 53, Status.WALL, 0.5049268418435943
685, 1, 11, Status.SNAKE, 0.5044219150017507
686, 1, 15, Status.WALL, 0.5039174930867489
687, 1, 14, Status.WALL, 0.5034135755936622
688, 0, 13, Status.WALL, 0.5029101620180685
689, 1, 27, Status.SNAKE, 0.5024072518560504
690, 0, 15, Status.WALL, 0.5019048446041944
691, 0, 12, Status.WALL, 0.5014029397595902
692, 1, 11, Status.SNAKE, 0.5009015368198305
693, 0, 8, Status.WALL, 0.5004006352830107
694, 1, 15, Status.WALL, 0.4999002346477277
695, 0, 5, Status.WALL, 0.49940033441307996
696, 1, 15, Status.WALL, 0.49890093407866687
697, 0, 8, Status.WALL, 0.4984020331445882
698, 7, 54, Status.SNAKE, 0.4979036311114436
699, 0, 9, Status.WALL, 0.4974057274803321
700, 2, 23, Status.SNAKE, 0.49690832175285177
701, 1, 9, Status.WALL, 0.4964114134310989
702, 0, 4, Status.WALL, 0.4959150020176678
703, 2, 5, Status.SNAKE, 0.49541908701565013
704, 0, 7, Status.WALL, 0.49492366792863446
705, 0, 9, Status.WALL, 0.4944287442607058
706, 1, 13, Status.SNAKE, 0.4939343155164451
707, 0, 9, Status.WALL, 0.4934403812009287
708, 1, 14, Status.WALL, 0.4929469408197278
709, 0, 8, Status.WALL, 0.49245399387890804
710, 0, 5, Status.WALL, 0.4919615398850291
711, 0, 7, Status.WALL, 0.4914695783451441
712, 0, 9, Status.WALL, 0.4909781087667989
713, 1, 7, Status.WALL, 0.4904871306580321
714, 0, 8, Status.WALL, 0.4899966435273741
715, 2, 22, Status.WALL, 0.4895066468838467
716, 1, 22, Status.SNAKE, 0.48901714023696286
717, 0, 11, Status.WALL, 0.4885281230967259
718, 0, 18, Status.WALL, 0.48803959497362914
719, 5, 35, Status.SNAKE, 0.4875515553786555
720, 1, 7, Status.WALL, 0.48706400382327686
721, 1, 8, Status.WALL, 0.4865769398194536
722, 2, 36, Status.WALL, 0.48609036287963414
723, 2, 27, Status.WALL, 0.48560427251675453
724, 2, 15, Status.WALL, 0.48511866824423777
725, 0, 8, Status.WALL, 0.4846335495759935
726, 1, 37, Status.WALL, 0.4841489160264175
727, 0, 8, Status.WALL, 0.4836647671103911
728, 0, 13, Status.WALL, 0.4831811023432807
729, 1, 16, Status.WALL, 0.4826979212409374
730, 3, 26, Status.SNAKE, 0.48221522331969646
731, 4, 15, Status.WALL, 0.48173300809637676
732, 4, 22, Status.SNAKE, 0.48125127508828036
733, 1, 13, Status.WALL, 0.48077002381319206
734, 0, 20, Status.WALL, 0.48028925378937887
735, 4, 25, Status.WALL, 0.47980896453558947
736, 0, 6, Status.WALL, 0.4793291555710539
737, 1, 9, Status.WALL, 0.47884982641548285
738, 0, 28, Status.WALL, 0.47837097658906735
739, 1, 20, Status.WALL, 0.47789260561247826
740, 4, 56, Status.SNAKE, 0.4774147130068658
741, 0, 13, Status.WALL, 0.4769372982938589
742, 2, 16, Status.WALL, 0.47646036099556505
743, 3, 20, Status.WALL, 0.47598390063456947
744, 1, 18, Status.WALL, 0.4755079167339349
745, 0, 5, Status.WALL, 0.47503240881720094
746, 1, 11, Status.WALL, 0.47455737640838375
747, 3, 39, Status.WALL, 0.47408281903197536
748, 3, 29, Status.SNAKE, 0.47360873621294336
749, 1, 11, Status.WALL, 0.4731351274767304
750, 1, 39, Status.WALL, 0.4726619923492537
751, 0, 10, Status.WALL, 0.47218933035690447
752, 1, 6, Status.WALL, 0.47171714102654755
753, 1, 5, Status.SNAKE, 0.471245423885521
754, 1, 5, Status.SNAKE, 0.47077417846163544
755, 0, 9, Status.WALL, 0.4703034042831738
756, 0, 8, Status.WALL, 0.46983310087889063
757, 0, 5, Status.WALL, 0.46936326777801174
758, 3, 18, Status.WALL, 0.4688939045102337
759, 1, 9, Status.WALL, 0.4684250106057235
760, 1, 5, Status.WALL, 0.46795658559511777
761, 0, 93, Status.WALL, 0.46748862900952265
762, 0, 9, Status.WALL, 0.4670211403805131
763, 1, 26, Status.SNAKE, 0.4665541192401326
764, 3, 47, Status.SNAKE, 0.4660875651208925
765, 2, 12, Status.WALL, 0.4656214775557716
766, 0, 7, Status.WALL, 0.46515585607821586
767, 1, 26, Status.WALL, 0.46469070022213765
768, 2, 28, Status.SNAKE, 0.4642260095219155
769, 5, 59, Status.WALL, 0.4637617835123936
770, 0, 7, Status.WALL, 0.46329802172888124
771, 1, 21, Status.SNAKE, 0.46283472370715234
772, 1, 14, Status.SNAKE, 0.46237188898344517
773, 0, 12, Status.WALL, 0.4619095170944617
774, 0, 6, Status.WALL, 0.46144760757736725
775, 2, 23, Status.WALL, 0.46098615996978987
776, 1, 9, Status.WALL, 0.46052517380982005
777, 0, 4, Status.WALL, 0.4600646486360102
778, 0, 6, Status.WALL, 0.4596045839873742
779, 2, 13, Status.WALL, 0.45914497940338683
780, 0, 8, Status.WALL, 0.4586858344239834
781, 1, 11, Status.SNAKE, 0.45822714858955943
782, 1, 7, Status.WALL, 0.45776892144096987
783, 0, 6, Status.WALL, 0.4573111525195289
784, 0, 23, Status.WALL, 0.4568538413670094
785, 0, 6, Status.WALL, 0.4563969875256424
786, 0, 20, Status.WALL, 0.45594059053811675
787, 1, 10, Status.WALL, 0.45548464994757865
788, 2, 26, Status.SNAKE, 0.45502916529763104
789, 0, 18, Status.WALL, 0.45457413613233344
790, 1, 30, Status.WALL, 0.4541195619962011
791, 0, 15, Status.WALL, 0.4536654424342049
792, 0, 7, Status.WALL, 0.45321177699177073
793, 2, 10, Status.SNAKE, 0.452758565214779
794, 1, 29, Status.SNAKE, 0.4523058066495642
795, 4, 43, Status.WALL, 0.45185350084291465
796, 0, 10, Status.WALL, 0.4514016473420717
797, 0, 6, Status.WALL, 0.45095024569472963
798, 1, 12, Status.SNAKE, 0.4504992954490349
799, 1, 3, Status.SNAKE, 0.45004879615358584
800, 2, 41, Status.SNAKE, 0.44959874735743227
801, 0, 7, Status.WALL, 0.4491491486100748
802, 1, 37, Status.SNAKE, 0.44869999946146477
803, 1, 7, Status.WALL, 0.4482512994620033
804, 2, 10, Status.WALL, 0.4478030481625413
805, 3, 21, Status.SNAKE, 0.44735524511437874
806, 0, 13, Status.WALL, 0.4469078898692644
807, 3, 33, Status.SNAKE, 0.4464609819793951
808, 0, 10, Status.WALL, 0.44601452099741573
809, 1, 12, Status.SNAKE, 0.4455685064764183
810, 0, 5, Status.WALL, 0.4451229379699419
811, 2, 24, Status.SNAKE, 0.44467781503197196
812, 0, 5, Status.WALL, 0.44423313721693997
813, 1, 24, Status.WALL, 0.44378890407972305
814, 1, 11, Status.SNAKE, 0.44334511517564335
815, 1, 4, Status.SNAKE, 0.4429017700604677
816, 1, 14, Status.WALL, 0.44245886829040726
817, 0, 7, Status.WALL, 0.44201640942211684
818, 0, 7, Status.WALL, 0.44157439301269474
819, 2, 29, Status.WALL, 0.44113281861968207
820, 3, 18, Status.WALL, 0.4406916858010624
821, 0, 8, Status.WALL, 0.4402509941152613
822, 2, 16, Status.SNAKE, 0.43981074312114604
823, 1, 14, Status.WALL, 0.4393709323780249
824, 0, 12, Status.WALL, 0.4389315614456469
825, 3, 24, Status.SNAKE, 0.43849262988420123
826, 1, 10, Status.SNAKE, 0.438054137254317
827, 0, 9, Status.WALL, 0.4376160831170627
828, 0, 20, Status.WALL, 0.43717846703394564
829, 0, 15, Status.WALL, 0.4367412885669117
830, 1, 24, Status.WALL, 0.4363045472783448
831, 1, 23, Status.WALL, 0.43586824273106645
832, 2, 29, Status.WALL, 0.4354323744883354
833, 1, 11, Status.WALL, 0.43499694211384704
834, 3, 31, Status.SNAKE, 0.4345619451717332
835, 0, 5, Status.WALL, 0.43412738322656147
836, 1, 8, Status.WALL, 0.4336932558433349
837, 3, 40, Status.WALL, 0.43325956258749154
838, 3, 23, Status.WALL, 0.43282630302490405
839, 4, 35, Status.WALL, 0.43239347672187917
840, 0, 8, Status.WALL, 0.4319610832451573
841, 1, 6, Status.SNAKE, 0.43152912216191214
842, 6, 22, Status.WALL, 0.4310975930397502
843, 2, 16, Status.WALL, 0.43066649544671043
844, 0, 4, Status.WALL, 0.4302358289512637
845, 1, 17, Status.SNAKE, 0.4298055931223125
846, 1, 13, Status.SNAKE, 0.42937578752919014
847, 2, 29, Status.WALL, 0.4289464117416609
848, 0, 18, Status.WALL, 0.42851746532991924
849, 2, 10, Status.SNAKE, 0.42808894786458934
850, 2, 24, Status.WALL, 0.42766085891672473
851, 2, 17, Status.WALL, 0.427233198057808
852, 2, 47, Status.SNAKE, 0.4268059648597502
853, 2, 22, Status.SNAKE, 0.4263791588948904
854, 2, 24, Status.WALL, 0.42595277973599555
855, 0, 8, Status.WALL, 0.42552682695625954
856, 0, 5, Status.WALL, 0.4251013001293033
857, 2, 29, Status.WALL, 0.424676198829174
858, 0, 4, Status.WALL, 0.4242515226303448
859, 1, 23, Status.WALL, 0.42382727110771445
860, 4, 40, Status.WALL, 0.4234034438366067
861, 0, 10, Status.WALL, 0.4229800403927701
862, 1, 20, Status.WALL, 0.42255706035237733
863, 4, 40, Status.SNAKE, 0.42213450329202495
864, 1, 5, Status.WALL, 0.4217123687887329
865, 1, 4, Status.SNAKE, 0.4212906564199442
866, 2, 27, Status.WALL, 0.42086936576352424
867, 0, 11, Status.WALL, 0.4204484963977607
868, 2, 21, Status.WALL, 0.42002804790136294
869, 4, 59, Status.SNAKE, 0.4196080198534616
870, 1, 29, Status.WALL, 0.4191884118336081
871, 4, 29, Status.WALL, 0.41876922342177453
872, 0, 6, Status.WALL, 0.41835045419835276
873, 1, 6, Status.WALL, 0.4179321037441544
874, 1, 15, Status.SNAKE, 0.41751417164041027
875, 1, 24, Status.SNAKE, 0.41709665746876984
876, 2, 16, Status.WALL, 0.4166795608113011
877, 0, 8, Status.WALL, 0.41626288125048977
878, 2, 9, Status.WALL, 0.41584661836923925
879, 1, 22, Status.SNAKE, 0.41543077175087
880, 5, 35, Status.SNAKE, 0.41501534097911913
881, 0, 6, Status.WALL, 0.41460032563814003
882, 1, 20, Status.SNAKE, 0.4141857253125019
883, 4, 40, Status.SNAKE, 0.41377153958718943
884, 0, 12, Status.WALL, 0.4133577680476022
885, 1, 11, Status.WALL, 0.4129444102795546
886, 0, 5, Status.WALL, 0.412531465869275
887, 1, 15, Status.WALL, 0.41211893440340575
888, 1, 29, Status.WALL, 0.41170681546900234
889, 1, 17, Status.WALL, 0.41129510865353336
890, 4, 23, Status.WALL, 0.41088381354487985
891, 1, 5, Status.SNAKE, 0.410472929731335
892, 1, 12, Status.SNAKE, 0.41006245680160364
893, 1, 13, Status.SNAKE, 0.40965239434480205
894, 1, 14, Status.SNAKE, 0.40924274195045723
895, 1, 21, Status.WALL, 0.40883349920850676
896, 3, 36, Status.SNAKE, 0.40842466570929825
897, 4, 21, Status.SNAKE, 0.40801624104358897
898, 1, 13, Status.WALL, 0.4076082248025454
899, 1, 8, Status.SNAKE, 0.4072006165777428
900, 1, 6, Status.SNAKE, 0.4067934159611651
901, 1, 25, Status.WALL, 0.4063866225452039
902, 2, 30, Status.SNAKE, 0.4059802359226587
903, 2, 20, Status.SNAKE, 0.40557425568673605
904, 0, 12, Status.WALL, 0.40516868143104934
905, 0, 6, Status.WALL, 0.4047635127496183
906, 2, 38, Status.WALL, 0.4043587492368687
907, 0, 4, Status.WALL, 0.4039543904876318
908, 2, 14, Status.SNAKE, 0.4035504360971442
909, 2, 22, Status.SNAKE, 0.40314688566104706
910, 1, 6, Status.WALL, 0.402743738775386
911, 3, 26, Status.SNAKE, 0.4023409950366106
912, 0, 10, Status.WALL, 0.401938654041574
913, 2, 12, Status.SNAKE, 0.4015367153875324
914, 1, 15, Status.WALL, 0.4011351786721449
915, 2, 22, Status.SNAKE, 0.40073404349347275
916, 1, 5, Status.WALL, 0.40033330944997925
917, 1, 10, Status.WALL, 0.39993297614052925
918, 1, 14, Status.WALL, 0.3995330431643887
919, 2, 17, Status.WALL, 0.39913351012122433
920, 4, 13, Status.WALL, 0.3987343766111031
921, 2, 15, Status.SNAKE, 0.398335642234492
922, 1, 6, Status.SNAKE, 0.3979373065922575
923, 2, 13, Status.SNAKE, 0.39753936928566525
924, 1, 6, Status.WALL, 0.3971418299163796
925, 0, 7, Status.WALL, 0.3967446880864632
926, 1, 13, Status.SNAKE, 0.3963479433983767
927, 0, 4, Status.WALL, 0.3959515954549783
928, 0, 6, Status.WALL, 0.39555564385952335
929, 0, 4, Status.WALL, 0.39516008821566384
930, 0, 19, Status.WALL, 0.3947649281274482
931, 1, 7, Status.SNAKE, 0.3943701631993207
932, 1, 7, Status.WALL, 0.3939757930361214
933, 1, 17, Status.WALL, 0.3935818172430853
934, 1, 8, Status.WALL, 0.3931882354258422
935, 0, 5, Status.WALL, 0.39279504719041636
936, 0, 8, Status.WALL, 0.39240225214322594
937, 1, 21, Status.WALL, 0.39200984989108273
938, 3, 30, Status.SNAKE, 0.39161784004119166
939, 2, 12, Status.WALL, 0.39122622220115044
940, 1, 16, Status.WALL, 0.3908349959789493
941, 1, 11, Status.WALL, 0.3904441609829703
942, 0, 9, Status.WALL, 0.3900537168219873
943, 1, 25, Status.SNAKE, 0.3896636631051653
944, 1, 10, Status.WALL, 0.38927399944206015
945, 2, 19, Status.SNAKE, 0.3888847254426181
946, 4, 33, Status.WALL, 0.38849584071717547
947, 1, 15, Status.WALL, 0.3881073448764583
948, 2, 22, Status.WALL, 0.3877192375315819
949, 1, 18, Status.SNAKE, 0.3873315182940503
950, 1, 8, Status.SNAKE, 0.38694418677575626
951, 1, 9, Status.SNAKE, 0.3865572425889805
952, 0, 8, Status.WALL, 0.38617068534639154
953, 3, 25, Status.SNAKE, 0.38578451466104513
954, 0, 21, Status.WALL, 0.3853987301463841
955, 1, 40, Status.WALL, 0.3850133314162377
956, 1, 4, Status.WALL, 0.3846283180848215
957, 0, 18, Status.WALL, 0.3842436897667367
958, 1, 18, Status.SNAKE, 0.3838594460769699
959, 0, 4, Status.WALL, 0.38347558663089293
960, 1, 5, Status.WALL, 0.38309211104426205
961, 1, 34, Status.WALL, 0.3827090189332178
962, 1, 8, Status.WALL, 0.38232630991428457
963, 1, 8, Status.WALL, 0.38194398360437026
964, 5, 34, Status.SNAKE, 0.3815620396207659
965, 1, 11, Status.SNAKE, 0.38118047758114515
966, 0, 5, Status.WALL, 0.380799297103564
967, 1, 22, Status.SNAKE, 0.3804184978064605
968, 0, 4, Status.WALL, 0.380038079308654
969, 3, 35, Status.WALL, 0.3796580412293454
970, 1, 12, Status.WALL, 0.379278383188116
971, 0, 5, Status.WALL, 0.3788991048049279
972, 3, 25, Status.SNAKE, 0.37852020570012296
973, 1, 6, Status.WALL, 0.37814168549442284
974, 3, 25, Status.WALL, 0.3777635438089284
975, 1, 4, Status.WALL, 0.3773857802651195
976, 0, 5, Status.WALL, 0.37700839448485435
977, 1, 27, Status.WALL, 0.3766313860903695
978, 0, 4, Status.WALL, 0.37625475470427916
979, 0, 6, Status.WALL, 0.3758784999495749
980, 0, 5, Status.WALL, 0.3755026214496253
981, 0, 34, Status.WALL, 0.3751271188281757
982, 0, 4, Status.WALL, 0.3747519917093475
983, 3, 38, Status.SNAKE, 0.37437723971763814
984, 5, 33, Status.SNAKE, 0.37400286247792053
985, 5, 40, Status.SNAKE, 0.3736288596154426
986, 0, 8, Status.WALL, 0.37325523075582717
987, 0, 4, Status.WALL, 0.37288197552507135
988, 0, 7, Status.WALL, 0.37250909354954626
989, 1, 23, Status.SNAKE, 0.37213658445599673
990, 2, 28, Status.WALL, 0.3717644478715407
991, 2, 10, Status.SNAKE, 0.3713926834236692
992, 1, 7, Status.SNAKE, 0.37102129074024554
993, 0, 6, Status.WALL, 0.3706502694495053
994, 0, 6, Status.WALL, 0.3702796191800558
995, 2, 43, Status.WALL, 0.36990933956087574
996, 5, 23, Status.SNAKE, 0.36953943022131486
997, 0, 20, Status.WALL, 0.3691698907910935
998, 1, 6, Status.SNAKE, 0.3688007209003024
999, 1, 6, Status.SNAKE, 0.36843192017940213
1000, 0, 4, Status.WALL, 0.36806348825922275
1001, 1, 8, Status.WALL, 0.3676954247709635
1002, 2, 21, Status.WALL, 0.36732772934619257
1003, 4, 35, Status.WALL, 0.3669604016168464
1004, 2, 18, Status.SNAKE, 0.3665934412152296
1005, 3, 20, Status.SNAKE, 0.3662268477740143
1006, 1, 6, Status.WALL, 0.36586062092624033
1007, 4, 54, Status.WALL, 0.3654947603053141
1008, 1, 7, Status.SNAKE, 0.36512926554500874
1009, 1, 13, Status.WALL, 0.36476413627946375
1010, 1, 8, Status.WALL, 0.3643993721431843
1011, 4, 56, Status.SNAKE, 0.36403497277104113
1012, 2, 16, Status.WALL, 0.3636709377982701
1013, 3, 19, Status.WALL, 0.3633072668604718
1014, 6, 44, Status.WALL, 0.36294395959361136
1015, 4, 35, Status.SNAKE, 0.36258101563401773
1016, 0, 26, Status.WALL, 0.3622184346183837
1017, 4, 44, Status.WALL, 0.36185621618376534
1018, 0, 6, Status.WALL, 0.36149435996758156
1019, 1, 25, Status.SNAKE, 0.361132865607614
1020, 1, 21, Status.SNAKE, 0.36077173274200636
1021, 1, 11, Status.SNAKE, 0.36041096100926434
1022, 1, 8, Status.WALL, 0.3600505500482551
1023, 2, 13, Status.WALL, 0.35969049949820686
1024, 4, 39, Status.WALL, 0.3593308089987087
1025, 1, 9, Status.WALL, 0.35897147818971
1026, 1, 24, Status.SNAKE, 0.3586125067115203
1027, 1, 18, Status.WALL, 0.35825389420480874
1028, 1, 12, Status.WALL, 0.35789564031060395
1029, 0, 6, Status.WALL, 0.35753774467029337
1030, 1, 6, Status.WALL, 0.3571802069256231
1031, 0, 5, Status.WALL, 0.3568230267186975
1032, 0, 4, Status.WALL, 0.3564662036919788
1033, 1, 31, Status.WALL, 0.35610973748828684
1034, 1, 30, Status.WALL, 0.35575362775079855
1035, 3, 23, Status.WALL, 0.35539787412304774
1036, 5, 42, Status.WALL, 0.3550424762489247
1037, 2, 32, Status.WALL, 0.3546874337726758
1038, 0, 11, Status.WALL, 0.35433274633890316
1039, 1, 16, Status.SNAKE, 0.35397841359256427
1040, 3, 29, Status.SNAKE, 0.3536244351789717
1041, 2, 8, Status.WALL, 0.35327081074379274
1042, 1, 13, Status.WALL, 0.352917539933049
1043, 1, 8, Status.SNAKE, 0.3525646223931159
1044, 3, 31, Status.SNAKE, 0.3522120577707228
1045, 3, 25, Status.SNAKE, 0.3518598457129521
1046, 0, 8, Status.WALL, 0.35150798586723914
1047, 2, 42, Status.SNAKE, 0.3511564778813719
1048, 1, 20, Status.SNAKE, 0.3508053214034905
1049, 0, 12, Status.WALL, 0.35045451608208705
1050, 2, 19, Status.SNAKE, 0.350104061566005
1051, 2, 18, Status.SNAKE, 0.349753957504439
1052, 1, 6, Status.WALL, 0.3494042035469346
1053, 1, 20, Status.WALL, 0.3490547993433876
1054, 1, 17, Status.WALL, 0.34870574454404424
1055, 2, 40, Status.SNAKE, 0.3483570387995002
1056, 2, 8, Status.SNAKE, 0.3480086817607007
1057, 1, 14, Status.WALL, 0.34766067307894
1058, 1, 6, Status.WALL, 0.34731301240586104
1059, 2, 40, Status.SNAKE, 0.3469656993934552
1060, 3, 28, Status.SNAKE, 0.3466187336940617
1061, 6, 49, Status.WALL, 0.34627211496036764
1062, 5, 42, Status.SNAKE, 0.3459258428454073
1063, 2, 11, Status.WALL, 0.34557991700256185
1064, 3, 28, Status.SNAKE, 0.3452343370855593
1065, 0, 9, Status.WALL, 0.34488910274847373
1066, 2, 16, Status.SNAKE, 0.34454421364572524
1067, 1, 11, Status.SNAKE, 0.3441996694320795
1068, 3, 24, Status.SNAKE, 0.34385546976264747
1069, 0, 9, Status.WALL, 0.34351161429288485
1070, 2, 46, Status.SNAKE, 0.34316810267859194
1071, 1, 12, Status.WALL, 0.34282493457591334
1072, 4, 33, Status.WALL, 0.3424821096413374
1073, 2, 19, Status.SNAKE, 0.3421396275316961
1074, 0, 5, Status.WALL, 0.34179748790416437
1075, 1, 25, Status.WALL, 0.3414556904162602
1076, 1, 18, Status.SNAKE, 0.34111423472584396
1077, 0, 4, Status.WALL, 0.34077312049111813
1078, 2, 12, Status.SNAKE, 0.340432347370627
1079, 1, 10, Status.SNAKE, 0.34009191502325636
1080, 2, 6, Status.WALL, 0.3397518231082331
1081, 4, 20, Status.SNAKE, 0.33941207128512485
1082, 1, 5, Status.SNAKE, 0.3390726592138397
1083, 0, 6, Status.WALL, 0.3387335865546259
1084, 2, 18, Status.WALL, 0.33839485296807126
1085, 1, 12, Status.WALL, 0.3380564581151032
1086, 1, 11, Status.WALL, 0.33771840165698813
1087, 0, 6, Status.WALL, 0.33738068325533116
1088, 1, 8, Status.WALL, 0.3370433025720758
1089, 2, 28, Status.WALL, 0.33670625926950376
1090, 1, 16, Status.WALL, 0.33636955301023425
1091, 0, 14, Status.WALL, 0.336033183457224
1092, 2, 22, Status.WALL, 0.3356971502737668
1093, 2, 17, Status.WALL, 0.335361453123493
1094, 1, 14, Status.WALL, 0.3350260916703695
1095, 1, 11, Status.SNAKE, 0.33469106557869915
1096, 0, 26, Status.WALL, 0.33435637451312045
1097, 3, 40, Status.SNAKE, 0.3340220181386073
1098, 1, 3, Status.SNAKE, 0.33368799612046873
1099, 9, 76, Status.WALL, 0.33335430812434824
1100, 1, 12, Status.SNAKE, 0.3330209538162239
1101, 0, 6, Status.WALL, 0.33268793286240766
1102, 0, 10, Status.WALL, 0.33235524492954527
1103, 5, 33, Status.SNAKE, 0.33202288968461574
1104, 0, 8, Status.WALL, 0.33169086679493115
1105, 0, 6, Status.WALL, 0.33135917592813624
1106, 2, 15, Status.SNAKE, 0.3310278167522081
1107, 1, 6, Status.SNAKE, 0.3306967889354559
1108, 3, 17, Status.SNAKE, 0.33036609214652046
1109, 2, 33, Status.WALL, 0.3300357260543739
1110, 1, 12, Status.WALL, 0.32970569032831953
1111, 3, 28, Status.WALL, 0.3293759846379912
1112, 0, 15, Status.WALL, 0.3290466086533532
1113, 3, 24, Status.SNAKE, 0.3287175620446999
1114, 1, 9, Status.WALL, 0.32838884448265515
1115, 2, 25, Status.SNAKE, 0.3280604556381725
1116, 0, 8, Status.WALL, 0.32773239518253433
1117, 2, 16, Status.WALL, 0.3274046627873518
1118, 0, 7, Status.WALL, 0.32707725812456445
1119, 1, 9, Status.WALL, 0.32675018086643987
1120, 0, 16, Status.WALL, 0.32642343068557345
1121, 2, 29, Status.WALL, 0.3260970072548879
1122, 3, 30, Status.WALL, 0.325770910247633
1123, 0, 9, Status.WALL, 0.32544513933738534
1124, 1, 15, Status.WALL, 0.3251196941980479
1125, 0, 9, Status.WALL, 0.32479457450384985
1126, 0, 11, Status.WALL, 0.324469779929346
1127, 2, 19, Status.SNAKE, 0.32414531014941667
1128, 2, 20, Status.WALL, 0.32382116483926726
1129, 0, 9, Status.WALL, 0.323497343674428
1130, 1, 9, Status.WALL, 0.3231738463307536
1131, 0, 10, Status.WALL, 0.32285067248442284
1132, 0, 9, Status.WALL, 0.3225278218119384
1133, 0, 7, Status.WALL, 0.3222052939901265
1134, 2, 15, Status.WALL, 0.32188308869613635
1135, 0, 9, Status.WALL, 0.3215612056074402
1136, 5, 42, Status.SNAKE, 0.3212396444018328
1137, 1, 10, Status.SNAKE, 0.32091840475743094
1138, 0, 8, Status.WALL, 0.3205974863526735
1139, 0, 12, Status.WALL, 0.32027688886632083
1140, 1, 31, Status.WALL, 0.3199566119774545
1141, 0, 17, Status.WALL, 0.31963665536547703
1142, 0, 7, Status.WALL, 0.31931701871011153
1143, 1, 8, Status.SNAKE, 0.3189977016914014
1144, 3, 55, Status.WALL, 0.31867870398971
1145, 1, 26, Status.WALL, 0.31836002528572027
1146, 2, 21, Status.SNAKE, 0.31804166526043454
1147, 1, 14, Status.SNAKE, 0.3177236235951741
1148, 1, 12, Status.WALL, 0.3174058999715789
1149, 0, 7, Status.WALL, 0.31708849407160733
1150, 4, 30, Status.WALL, 0.31677140557753575
1151, 1, 15, Status.WALL, 0.31645463417195824
1152, 1, 4, Status.WALL, 0.3161381795377863
1153, 1, 12, Status.WALL, 0.3158220413582485
1154, 3, 21, Status.SNAKE, 0.3155062193168902
1155, 1, 5, Status.WALL, 0.31519071309757335
1156, 0, 7, Status.WALL, 0.3148755223844758
1157, 5, 53, Status.SNAKE, 0.31456064686209134
1158, 0, 6, Status.WALL, 0.31424608621522926
1159, 3, 21, Status.SNAKE, 0.31393184012901404
1160, 1, 9, Status.WALL, 0.31361790828888503
1161, 2, 24, Status.WALL, 0.31330429038059615
1162, 1, 21, Status.WALL, 0.31299098609021553
1163, 0, 7, Status.WALL, 0.3126779951041253
1164, 3, 40, Status.WALL, 0.31236531710902116
1165, 1, 10, Status.WALL, 0.3120529517919121
1166, 1, 30, Status.WALL, 0.3117408988401202
1167, 0, 5, Status.WALL, 0.31142915794128007
1168, 1, 10, Status.WALL, 0.31111772878333877
1169, 0, 8, Status.WALL, 0.3108066110545554
1170, 1, 5, Status.WALL, 0.3104958044435009
1171, 3, 26, Status.SNAKE, 0.3101853086390574
1172, 3, 36, Status.SNAKE, 0.30987512333041833
1173, 3, 36, Status.WALL, 0.3095652482070879
1174, 3, 30, Status.SNAKE, 0.30925568295888084
1175, 0, 10, Status.WALL, 0.308946427275922
1176, 1, 11, Status.SNAKE, 0.30863748084864606
1177, 2, 24, Status.SNAKE, 0.3083288433677974
1178, 1, 16, Status.WALL, 0.30802051452442963
1179, 1, 27, Status.WALL, 0.3077124940099052
1180, 1, 12, Status.WALL, 0.3074047815158953
1181, 1, 21, Status.WALL, 0.30709737673437937
1182, 1, 34, Status.WALL, 0.30679027935764497
1183, 1, 6, Status.SNAKE, 0.3064834890782873
1184, 2, 28, Status.SNAKE, 0.306177005589209
1185, 2, 18, Status.WALL, 0.3058708285836198
1186, 2, 20, Status.WALL, 0.30556495775503617
1187, 5, 18, Status.SNAKE, 0.30525939279728115
1188, 0, 6, Status.WALL, 0.30495413340448385
1189, 2, 44, Status.WALL, 0.3046491792710794
1190, 1, 6, Status.WALL, 0.3043445300918083
1191, 1, 20, Status.WALL, 0.30404018556171647
1192, 3, 17, Status.WALL, 0.30373614537615473
1193, 2, 26, Status.WALL, 0.3034324092307786
1194, 1, 3, Status.SNAKE, 0.3031289768215478
1195, 1, 18, Status.WALL, 0.30282584784472627
1196, 1, 12, Status.SNAKE, 0.3025230219968815
1197, 1, 16, Status.WALL, 0.3022204989748846
1198, 1, 7, Status.WALL, 0.30191827847590974
1199, 5, 40, Status.SNAKE, 0.3016163601974338
1200, 5, 23, Status.WALL, 0.3013147438372364
1201, 2, 21, Status.WALL, 0.3010134290933992
1202, 0, 6, Status.WALL, 0.3007124156643058
1203, 1, 23, Status.WALL, 0.30041170324864147
1204, 1, 11, Status.WALL, 0.30011129154539284
1205, 4, 34, Status.SNAKE, 0.29981118025384745
1206, 1, 11, Status.WALL, 0.2995113690735936
1207, 4, 30, Status.SNAKE, 0.29921185770452
1208, 0, 15, Status.WALL, 0.2989126458468155
1209, 1, 22, Status.WALL, 0.2986137332009687
1210, 2, 18, Status.WALL, 0.29831511946776773
1211, 2, 15, Status.SNAKE, 0.29801680434829997
1212, 1, 18, Status.SNAKE, 0.29771878754395165
1213, 2, 18, Status.SNAKE, 0.29742106875640767
1214, 2, 23, Status.WALL, 0.29712364768765126
1215, 0, 7, Status.WALL, 0.2968265240399636
1216, 1, 11, Status.WALL, 0.2965296975159237
1217, 1, 7, Status.WALL, 0.29623316781840775
1218, 1, 10, Status.SNAKE, 0.29593693465058934
1219, 2, 15, Status.WALL, 0.29564099771593877
1220, 1, 14, Status.WALL, 0.2953453567182228
1221, 0, 7, Status.WALL, 0.2950500113615046
1222, 3, 24, Status.SNAKE, 0.2947549613501431
1223, 0, 8, Status.WALL, 0.294460206388793
1224, 0, 8, Status.WALL, 0.2941657461824042
1225, 4, 37, Status.SNAKE, 0.2938715804362218
1226, 6, 41, Status.SNAKE, 0.2935777088557856
1227, 1, 8, Status.SNAKE, 0.2932841311469298
1228, 1, 7, Status.WALL, 0.2929908470157829
1229, 0, 5, Status.WALL, 0.2926978561687671
1230, 2, 17, Status.SNAKE, 0.29240515831259833
1231, 0, 11, Status.WALL, 0.29211275315428575
1232, 2, 21, Status.SNAKE, 0.2918206404011315
1233, 1, 6, Status.WALL, 0.29152881976073036
1234, 5, 31, Status.WALL, 0.2912372909409696
1235, 1, 10, Status.WALL, 0.2909460536500286
1236, 2, 24, Status.WALL, 0.2906551075963786
1237, 0, 11, Status.WALL, 0.2903644524887822
1238, 5, 34, Status.WALL, 0.2900740880362934
1239, 1, 7, Status.WALL, 0.28978401394825715
1240, 1, 19, Status.WALL, 0.2894942299343089
1241, 1, 9, Status.WALL, 0.2892047357043746
1242, 0, 7, Status.WALL, 0.28891553096867023
1243, 2, 18, Status.WALL, 0.2886266154377016
1244, 8, 69, Status.WALL, 0.28833798882226386
1245, 5, 39, Status.WALL, 0.2880496508334416
1246, 3, 25, Status.WALL, 0.28776160118260813
1247, 0, 7, Status.WALL, 0.2874738395814255
1248, 0, 6, Status.WALL, 0.2871863657418441
1249, 5, 43, Status.WALL, 0.28689917937610226
1250, 1, 14, Status.WALL, 0.2866122801967262
1251, 2, 26, Status.WALL, 0.28632566791652947
1252, 2, 12, Status.WALL, 0.28603934224861294
1253, 2, 18, Status.SNAKE, 0.2857533029063643
1254, 5, 54, Status.WALL, 0.28546754960345794
1255, 3, 16, Status.WALL, 0.2851820820538545
1256, 1, 4, Status.SNAKE, 0.2848968999718006
1257, 1, 9, Status.WALL, 0.2846120030718288
1258, 1, 17, Status.WALL, 0.284327391068757
1259, 5, 24, Status.WALL, 0.2840430636776882
1260, 1, 7, Status.WALL, 0.28375902061401054
1261, 1, 19, Status.SNAKE, 0.28347526159339653
1262, 4, 37, Status.WALL, 0.28319178633180314
1263, 0, 6, Status.WALL, 0.28290859454547135
1264, 1, 10, Status.SNAKE, 0.28262568595092585
1265, 2, 21, Status.SNAKE, 0.2823430602649749
1266, 4, 11, Status.WALL, 0.28206071720470993
1267, 0, 7, Status.WALL, 0.2817786564875052
1268, 3, 18, Status.WALL, 0.28149687783101773
1269, 3, 23, Status.WALL, 0.2812153809531867
1270, 2, 16, Status.WALL, 0.28093416557223355
1271, 1, 14, Status.WALL, 0.2806532314066613
1272, 3, 26, Status.WALL, 0.2803725781752547
1273, 3, 44, Status.SNAKE, 0.2800922055970794
1274, 4, 30, Status.SNAKE, 0.2798121133914823
1275, 3, 18, Status.WALL, 0.2795323012780908
1276, 0, 9, Status.WALL, 0.2792527689768127
1277, 0, 6, Status.WALL, 0.2789735162078359
1278, 4, 59, Status.SNAKE, 0.2786945426916281
1279, 1, 15, Status.SNAKE, 0.27841584814893644
1280, 4, 46, Status.SNAKE, 0.2781374323007875
1281, 1, 24, Status.SNAKE, 0.27785929486848676
1282, 1, 13, Status.SNAKE, 0.27758143557361825
1283, 2, 20, Status.SNAKE, 0.27730385413804465
1284, 7, 51, Status.SNAKE, 0.2770265502839066
1285, 0, 10, Status.WALL, 0.2767495237336227
1286, 2, 11, Status.WALL, 0.2764727742098891
1287, 1, 8, Status.WALL, 0.2761963014356792
1288, 6, 42, Status.SNAKE, 0.27592010513424353
1289, 2, 5, Status.WALL, 0.2756441850291093
1290, 0, 8, Status.WALL, 0.2753685408440802
1291, 1, 5, Status.SNAKE, 0.2750931723032361
1292, 2, 12, Status.WALL, 0.27481807913093287
1293, 1, 13, Status.WALL, 0.27454326105180193
1294, 2, 25, Status.WALL, 0.2742687177907501
1295, 2, 15, Status.SNAKE, 0.2739944490729594
1296, 5, 36, Status.SNAKE, 0.27372045462388644
1297, 1, 12, Status.SNAKE, 0.2734467341692626
1298, 2, 25, Status.WALL, 0.27317328743509334
1299, 3, 21, Status.SNAKE, 0.27290011414765825
1300, 2, 20, Status.WALL, 0.2726272140335106
1301, 3, 20, Status.WALL, 0.27235458681947705
1302, 1, 12, Status.WALL, 0.2720822322326576
1303, 1, 15, Status.WALL, 0.2718101500004249
1304, 1, 11, Status.WALL, 0.27153833985042447
1305, 2, 27, Status.WALL, 0.27126680151057403
1306, 2, 28, Status.SNAKE, 0.27099553470906346
1307, 3, 36, Status.WALL, 0.2707245391743544
1308, 2, 14, Status.WALL, 0.27045381463518003
1309, 5, 44, Status.WALL, 0.27018336082054484
1310, 2, 27, Status.WALL, 0.2699131774597243
1311, 0, 6, Status.WALL, 0.2696432642822646
1312, 2, 13, Status.SNAKE, 0.26937362101798235
1313, 6, 66, Status.WALL, 0.26910424739696437
1314, 2, 11, Status.WALL, 0.2688351431495674
1315, 1, 19, Status.WALL, 0.26856630800641784
1316, 0, 13, Status.WALL, 0.2682977416984114
1317, 0, 7, Status.WALL, 0.268029443956713
1318, 2, 29, Status.WALL, 0.2677614145127563
1319, 1, 10, Status.WALL, 0.2674936530982436
1320, 0, 6, Status.WALL, 0.26722615944514533
1321, 3, 19, Status.SNAKE, 0.2669589332857002
1322, 0, 14, Status.WALL, 0.2666919743524145
1323, 1, 21, Status.WALL, 0.26642528237806207
1324, 0, 7, Status.WALL, 0.266158857095684
1325, 3, 35, Status.WALL, 0.2658926982385883
1326, 1, 15, Status.WALL, 0.26562680554034973
1327, 2, 23, Status.WALL, 0.26536117873480936
1328, 0, 6, Status.WALL, 0.26509581755607453
1329, 0, 17, Status.WALL, 0.26483072173851846
1330, 7, 52, Status.SNAKE, 0.26456589101677996
1331, 0, 7, Status.WALL, 0.2643013251257632
1332, 1, 7, Status.WALL, 0.2640370238006374
1333, 0, 12, Status.WALL, 0.2637729867768368
1334, 6, 38, Status.SNAKE, 0.26350921379006
1335, 7, 52, Status.WALL, 0.26324570457626995
1336, 1, 18, Status.WALL, 0.2629824588716937
1337, 0, 6, Status.WALL, 0.262719476412822
1338, 1, 9, Status.WALL, 0.2624567569364092
1339, 1, 9, Status.WALL, 0.26219430017947276
1340, 1, 3, Status.SNAKE, 0.2619321058792933
1341, 0, 6, Status.WALL, 0.261670173773414
1342, 1, 14, Status.WALL, 0.2614085035996406
1343, 6, 72, Status.WALL, 0.26114709509604095
1344, 1, 6, Status.WALL, 0.2608859480009449
1345, 1, 8, Status.WALL, 0.26062506205294395
1346, 0, 8, Status.WALL, 0.260364436990891
1347, 1, 7, Status.WALL, 0.2601040725539001
1348, 4, 32, Status.WALL, 0.2598439684813462
1349, 1, 17, Status.SNAKE, 0.2595841245128649
1350, 2, 22, Status.SNAKE, 0.259324540388352
1351, 1, 6, Status.WALL, 0.25906521584796366
1352, 2, 23, Status.WALL, 0.2588061506321157
1353, 1, 8, Status.WALL, 0.2585473444814836
1354, 1, 8, Status.SNAKE, 0.2582887971370021
1355, 1, 7, Status.WALL, 0.2580305083398651
1356, 2, 12, Status.WALL, 0.2577724778315252
1357, 1, 11, Status.WALL, 0.25751470535369364
1358, 1, 28, Status.SNAKE, 0.25725719064833996
1359, 1, 5, Status.WALL, 0.2569999334576916
1360, 2, 12, Status.WALL, 0.25674293352423394
1361, 0, 11, Status.WALL, 0.2564861905907097
1362, 2, 14, Status.WALL, 0.256229704400119
1363, 1, 8, Status.SNAKE, 0.25597347469571885
1364, 1, 22, Status.SNAKE, 0.25571750122102316
1365, 0, 8, Status.WALL, 0.25546178371980216
1366, 5, 24, Status.SNAKE, 0.25520632193608234
1367, 0, 6, Status.WALL, 0.25495111561414624
1368, 2, 11, Status.WALL, 0.2546961644985321
1369, 1, 11, Status.WALL, 0.2544414683340336
1370, 2, 21, Status.SNAKE, 0.25418702686569955
1371, 0, 7, Status.WALL, 0.25393283983883386
1372, 3, 18, Status.SNAKE, 0.25367890699899504
1373, 3, 38, Status.SNAKE, 0.253425228091996
1374, 5, 38, Status.SNAKE, 0.253171802863904
1375, 3, 39, Status.SNAKE, 0.2529186310610401
1376, 0, 12, Status.WALL, 0.2526657124299791
1377, 2, 14, Status.SNAKE, 0.2524130467175491
1378, 0, 25, Status.WALL, 0.2521606336708316
1379, 1, 12, Status.SNAKE, 0.25190847303716074
1380, 3, 8, Status.WALL, 0.25165656456412355
1381, 3, 39, Status.WALL, 0.25140490799955945
1382, 2, 24, Status.WALL, 0.25115350309155987
1383, 2, 24, Status.WALL, 0.2509023495884683
1384, 3, 18, Status.SNAKE, 0.25065144723887983
1385, 2, 26, Status.SNAKE, 0.25040079579164093
1386, 4, 37, Status.WALL, 0.2501503949958493
1387, 3, 35, Status.WALL, 0.24990024460085344
1388, 3, 26, Status.WALL, 0.24965034435625258
1389, 1, 8, Status.WALL, 0.24940069401189632
1390, 6, 31, Status.SNAKE, 0.24915129331788444
1391, 1, 8, Status.WALL, 0.24890214202456656
1392, 1, 13, Status.SNAKE, 0.248653239882542
1393, 2, 19, Status.SNAKE, 0.24840458664265946
1394, 3, 20, Status.WALL, 0.2481561820560168
1395, 1, 10, Status.SNAKE, 0.2479080258739608
1396, 3, 18, Status.WALL, 0.24766011784808684
1397, 2, 27, Status.WALL, 0.24741245773023876
1398, 3, 24, Status.WALL, 0.24716504527250852
1399, 2, 25, Status.WALL, 0.24691788022723601
1400, 6, 31, Status.SNAKE, 0.24667096234700878
1401, 2, 19, Status.SNAKE, 0.24642429138466176
1402, 1, 14, Status.WALL, 0.2461778670932771
1403, 2, 29, Status.WALL, 0.24593168922618383
1404, 2, 29, Status.WALL, 0.24568575753695765
1405, 2, 13, Status.WALL, 0.2454400717794207
1406, 1, 5, Status.SNAKE, 0.24519463170764128
1407, 0, 5, Status.WALL, 0.24494943707593364
1408, 4, 22, Status.WALL, 0.24470448763885772
1409, 4, 29, Status.SNAKE, 0.24445978315121886
1410, 4, 21, Status.SNAKE, 0.24421532336806764
1411, 4, 29, Status.SNAKE, 0.24397110804469957
1412, 1, 18, Status.SNAKE, 0.24372713693665488
1413, 1, 7, Status.WALL, 0.24348340979971822
1414, 3, 17, Status.SNAKE, 0.2432399263899185
1415, 1, 7, Status.WALL, 0.2429966864635286
1416, 2, 13, Status.WALL, 0.24275368977706507
1417, 3, 25, Status.SNAKE, 0.24251093608728802
1418, 2, 16, Status.SNAKE, 0.24226842515120073
1419, 1, 11, Status.WALL, 0.24202615672604952
1420, 0, 10, Status.WALL, 0.24178413056932346
1421, 3, 15, Status.WALL, 0.24154234643875414
1422, 3, 25, Status.WALL, 0.24130080409231539
1423, 1, 7, Status.WALL, 0.24105950328822306
1424, 5, 68, Status.WALL, 0.24081844378493483
1425, 5, 40, Status.SNAKE, 0.2405776253411499
1426, 4, 55, Status.WALL, 0.24033704771580874
1427, 8, 74, Status.SNAKE, 0.24009671066809293
1428, 7, 64, Status.SNAKE, 0.23985661395742483
1429, 0, 4, Status.WALL, 0.2396167573434674
1430, 1, 4, Status.SNAKE, 0.23937714058612394
1431, 1, 13, Status.WALL, 0.23913776344553783
1432, 2, 20, Status.SNAKE, 0.2388986256820923
1433, 1, 11, Status.SNAKE, 0.2386597270564102
1434, 6, 48, Status.SNAKE, 0.23842106732935378
1435, 5, 39, Status.SNAKE, 0.23818264626202443
1436, 5, 37, Status.SNAKE, 0.2379444636157624
1437, 1, 8, Status.WALL, 0.23770651915214663
1438, 3, 27, Status.WALL, 0.2374688126329945
1439, 6, 46, Status.SNAKE, 0.23723134382036148
1440, 8, 56, Status.SNAKE, 0.23699411247654112
1441, 1, 12, Status.WALL, 0.23675711836406457
1442, 2, 12, Status.SNAKE, 0.2365203612457005
1443, 1, 7, Status.WALL, 0.2362838408844548
1444, 2, 6, Status.SNAKE, 0.23604755704357036
1445, 1, 6, Status.SNAKE, 0.2358115094865268
1446, 6, 32, Status.SNAKE, 0.23557569797704025
1447, 1, 12, Status.SNAKE, 0.2353401222790632
1448, 3, 34, Status.SNAKE, 0.23510478215678413
1449, 1, 8, Status.WALL, 0.23486967737462733
1450, 2, 26, Status.WALL, 0.2346348076972527
1451, 2, 18, Status.WALL, 0.23440017288955545
1452, 2, 26, Status.SNAKE, 0.2341657727166659
1453, 3, 17, Status.SNAKE, 0.2339316069439492
1454, 3, 30, Status.WALL, 0.23369767533700525
1455, 3, 24, Status.WALL, 0.23346397766166824
1456, 4, 19, Status.SNAKE, 0.23323051368400657
1457, 6, 41, Status.SNAKE, 0.23299728317032256
1458, 3, 17, Status.SNAKE, 0.23276428588715223
1459, 2, 11, Status.SNAKE, 0.23253152160126508
1460, 6, 44, Status.WALL, 0.23229899007966381
1461, 4, 27, Status.WALL, 0.23206669108958414
1462, 1, 11, Status.WALL, 0.23183462439849456
1463, 10, 75, Status.SNAKE, 0.23160278977409607
1464, 2, 26, Status.WALL, 0.23137118698432196
1465, 3, 19, Status.SNAKE, 0.23113981579733764
1466, 8, 52, Status.SNAKE, 0.2309086759815403
1467, 1, 6, Status.WALL, 0.23067776730555875
1468, 3, 19, Status.SNAKE, 0.23044708953825319
1469, 1, 9, Status.WALL, 0.23021664244871493
1470, 2, 28, Status.WALL, 0.22998642580626621
1471, 2, 22, Status.SNAKE, 0.22975643938045995
1472, 3, 25, Status.WALL, 0.2295266829410795
1473, 3, 15, Status.WALL, 0.22929715625813843
1474, 3, 38, Status.SNAKE, 0.2290678591018803
1475, 1, 14, Status.WALL, 0.22883879124277842
1476, 0, 10, Status.WALL, 0.22860995245153565
1477, 4, 26, Status.SNAKE, 0.22838134249908412
1478, 1, 22, Status.SNAKE, 0.22815296115658504
1479, 4, 27, Status.WALL, 0.22792480819542846
1480, 1, 19, Status.WALL, 0.22769688338723304
1481, 0, 6, Status.WALL, 0.22746918650384582
1482, 4, 35, Status.WALL, 0.22724171731734197
1483, 3, 16, Status.WALL, 0.22701447560002463
1484, 4, 29, Status.SNAKE, 0.2267874611244246
1485, 2, 19, Status.SNAKE, 0.22656067366330018
1486, 3, 17, Status.WALL, 0.22633411298963688
1487, 5, 37, Status.SNAKE, 0.22610777887664724
1488, 1, 9, Status.WALL, 0.22588167109777058
1489, 2, 19, Status.WALL, 0.2256557894266728
1490, 3, 36, Status.WALL, 0.22543013363724612
1491, 1, 14, Status.WALL, 0.22520470350360888
1492, 4, 32, Status.SNAKE, 0.2249794988001053
1493, 5, 41, Status.SNAKE, 0.2247545193013052
1494, 1, 11, Status.SNAKE, 0.22452976478200387
1495, 7, 50, Status.WALL, 0.22430523501722185
1496, 2, 9, Status.WALL, 0.22408092978220462
1497, 4, 31, Status.WALL, 0.2238568488524224
1498, 2, 22, Status.WALL, 0.22363299200356998
1499, 1, 8, Status.WALL, 0.22340935901156642
1500, 2, 15, Status.WALL, 0.22318594965255484
1501, 4, 44, Status.SNAKE, 0.22296276370290227
1502, 7, 75, Status.WALL, 0.22273980093919937
1503, 5, 44, Status.SNAKE, 0.22251706113826017
1504, 2, 26, Status.WALL, 0.2222945440771219
1505, 1, 9, Status.SNAKE, 0.22207224953304477
1506, 5, 52, Status.WALL, 0.22185017728351172
1507, 2, 23, Status.WALL, 0.2216283271062282
1508, 5, 26, Status.WALL, 0.22140669877912197
1509, 1, 7, Status.SNAKE, 0.22118529208034285
1510, 0, 13, Status.WALL, 0.2209641067882625
1511, 2, 30, Status.WALL, 0.22074314268147424
1512, 1, 8, Status.SNAKE, 0.22052239953879277
1513, 4, 15, Status.WALL, 0.22030187713925398
1514, 2, 13, Status.WALL, 0.22008157526211472
1515, 3, 31, Status.SNAKE, 0.2198614936868526
1516, 2, 19, Status.WALL, 0.21964163219316574
1517, 4, 26, Status.SNAKE, 0.21942199056097256
1518, 3, 36, Status.SNAKE, 0.2192025685704116
1519, 2, 9, Status.SNAKE, 0.21898336600184118
1520, 4, 33, Status.SNAKE, 0.21876438263583933
1521, 2, 9, Status.SNAKE, 0.21854561825320348
1522, 3, 21, Status.SNAKE, 0.21832707263495027
1523, 2, 16, Status.SNAKE, 0.21810874556231533
1524, 2, 15, Status.SNAKE, 0.217890636816753
1525, 2, 25, Status.WALL, 0.21767274617993623
1526, 6, 64, Status.SNAKE, 0.2174550734337563
1527, 2, 12, Status.SNAKE, 0.21723761836032254
1528, 2, 22, Status.WALL, 0.21702038074196223
1529, 5, 23, Status.WALL, 0.21680336036122028
1530, 2, 12, Status.WALL, 0.21658655700085905
1531, 5, 23, Status.WALL, 0.2163699704438582
1532, 2, 30, Status.SNAKE, 0.21615360047341434
1533, 1, 3, Status.SNAKE, 0.21593744687294092
1534, 4, 24, Status.WALL, 0.21572150942606796
1535, 1, 4, Status.WALL, 0.2155057879166419
1536, 3, 27, Status.WALL, 0.21529028212872525
1537, 2, 15, Status.SNAKE, 0.21507499184659654
1538, 0, 10, Status.WALL, 0.21485991685474995
1539, 1, 27, Status.SNAKE, 0.2146450569378952
1540, 1, 5, Status.SNAKE, 0.21443041188095732
1541, 6, 30, Status.SNAKE, 0.21421598146907636
1542, 0, 14, Status.WALL, 0.21400176548760727
1543, 6, 75, Status.SNAKE, 0.21378776372211966
1544, 3, 26, Status.SNAKE, 0.21357397595839755
1545, 3, 14, Status.WALL, 0.21336040198243916
1546, 1, 8, Status.WALL, 0.21314704158045672
1547, 1, 17, Status.WALL, 0.21293389453887626
1548, 2, 30, Status.WALL, 0.21272096064433738
1549, 1, 5, Status.WALL, 0.21250823968369303
1550, 1, 18, Status.WALL, 0.21229573144400934
1551, 9, 60, Status.WALL, 0.21208343571256533
1552, 1, 6, Status.SNAKE, 0.21187135227685275
1553, 1, 12, Status.WALL, 0.2116594809245759
1554, 1, 6, Status.WALL, 0.21144782144365132
1555, 6, 37, Status.SNAKE, 0.21123637362220768
1556, 0, 4, Status.WALL, 0.21102513724858546
1557, 2, 8, Status.SNAKE, 0.21081411211133688
1558, 1, 25, Status.WALL, 0.21060329799922556
1559, 1, 7, Status.SNAKE, 0.21039269470122635
1560, 6, 54, Status.SNAKE, 0.21018230200652513
1561, 5, 60, Status.SNAKE, 0.2099721197045186
1562, 4, 34, Status.WALL, 0.20976214758481407
1563, 1, 14, Status.SNAKE, 0.20955238543722926
1564, 1, 8, Status.SNAKE, 0.20934283305179202
1565, 0, 4, Status.WALL, 0.20913349021874023
1566, 5, 38, Status.SNAKE, 0.2089243567285215
1567, 2, 23, Status.WALL, 0.20871543237179296
1568, 1, 9, Status.WALL, 0.20850671693942116
1569, 1, 5, Status.WALL, 0.20829821022248174
1570, 3, 32, Status.WALL, 0.20808991201225926
1571, 1, 10, Status.WALL, 0.207881822100247
1572, 3, 28, Status.WALL, 0.20767394027814676
1573, 2, 15, Status.WALL, 0.2074662663378686
1574, 2, 14, Status.SNAKE, 0.20725880007153075
1575, 7, 42, Status.WALL, 0.20705154127145922
1576, 1, 8, Status.WALL, 0.20684448973018776
1577, 4, 48, Status.SNAKE, 0.20663764524045758
1578, 4, 25, Status.SNAKE, 0.20643100759521713
1579, 6, 38, Status.WALL, 0.20622457658762192
1580, 4, 48, Status.SNAKE, 0.2060183520110343
1581, 4, 25, Status.WALL, 0.20581233365902327
1582, 1, 5, Status.WALL, 0.20560652132536425
1583, 5, 42, Status.WALL, 0.20540091480403888
1584, 0, 6, Status.WALL, 0.20519551388923485
1585, 0, 5, Status.WALL, 0.20499031837534562
1586, 1, 15, Status.WALL, 0.20478532805697028
1587, 1, 10, Status.WALL, 0.2045805427289133
1588, 3, 41, Status.WALL, 0.20437596218618437
1589, 2, 33, Status.SNAKE, 0.2041715862239982
1590, 3, 15, Status.WALL, 0.2039674146377742
1591, 6, 45, Status.WALL, 0.20376344722313644
1592, 1, 3, Status.SNAKE, 0.2035596837759133
1593, 3, 33, Status.WALL, 0.20335612409213738
1594, 4, 20, Status.SNAKE, 0.20315276796804524
1595, 4, 31, Status.SNAKE, 0.2029496152000772
1596, 2, 3, Status.SNAKE, 0.20274666558487714
1597, 2, 27, Status.SNAKE, 0.20254391891929227
1598, 2, 14, Status.WALL, 0.20234137500037297
1599, 1, 9, Status.WALL, 0.20213903362537258
1600, 6, 45, Status.SNAKE, 0.2019368945917472
1601, 1, 4, Status.SNAKE, 0.20173495769715546
1602, 3, 15, Status.WALL, 0.2015332227394583
1603, 2, 23, Status.WALL, 0.20133168951671884
1604, 4, 34, Status.WALL, 0.20113035782720212
1605, 2, 26, Status.SNAKE, 0.20092922746937492
1606, 1, 9, Status.WALL, 0.20072829824190555
1607, 4, 23, Status.WALL, 0.20052756994366364
1608, 1, 15, Status.WALL, 0.20032704237371998
1609, 1, 6, Status.WALL, 0.20012671533134627
1610, 1, 14, Status.WALL, 0.19992658861601492
1611, 2, 11, Status.WALL, 0.19972666202739892
1612, 1, 5, Status.SNAKE, 0.19952693536537153
1613, 0, 4, Status.WALL, 0.19932740843000615
1614, 2, 20, Status.WALL, 0.19912808102157614
1615, 3, 21, Status.SNAKE, 0.19892895294055457
1616, 4, 26, Status.SNAKE, 0.19873002398761402
1617, 2, 22, Status.WALL, 0.1985312939636264
1618, 2, 22, Status.WALL, 0.19833276266966277
1619, 4, 34, Status.SNAKE, 0.1981344299069931
1620, 6, 47, Status.SNAKE, 0.1979362954770861
1621, 5, 29, Status.SNAKE, 0.197738359181609
1622, 1, 13, Status.WALL, 0.1975406208224274
1623, 3, 23, Status.SNAKE, 0.197343080201605
1624, 5, 36, Status.WALL, 0.19714573712140337
1625, 7, 57, Status.WALL, 0.19694859138428197
1626, 1, 15, Status.WALL, 0.1967516427928977
1627, 4, 21, Status.WALL, 0.1965548911501048
1628, 3, 28, Status.WALL, 0.19635833625895469
1629, 6, 54, Status.WALL, 0.19616197792269574
1630, 1, 3, Status.SNAKE, 0.19596581594477305
1631, 5, 53, Status.SNAKE, 0.19576985012882828
1632, 4, 38, Status.SNAKE, 0.19557408027869944
1633, 5, 36, Status.WALL, 0.19537850619842073
1634, 2, 6, Status.SNAKE, 0.19518312769222232
1635, 7, 37, Status.SNAKE, 0.19498794456453009
1636, 3, 24, Status.SNAKE, 0.19479295661996557
1637, 3, 23, Status.WALL, 0.1945981636633456
1638, 4, 34, Status.WALL, 0.19440356549968224
1639, 1, 9, Status.WALL, 0.19420916193418256
1640, 7, 43, Status.SNAKE, 0.19401495277224837
1641, 2, 12, Status.SNAKE, 0.19382093781947612
1642, 2, 19, Status.WALL, 0.19362711688165665
1643, 2, 21, Status.WALL, 0.193433489764775
1644, 8, 68, Status.WALL, 0.19324005627501023
1645, 1, 5, Status.WALL, 0.1930468162187352
1646, 1, 12, Status.SNAKE, 0.19285376940251647
1647, 0, 5, Status.WALL, 0.19266091563311397
1648, 0, 5, Status.WALL, 0.19246825471748086
1649, 1, 7, Status.WALL, 0.1922757864627634
1650, 1, 7, Status.WALL, 0.1920835106763006
1651, 2, 11, Status.SNAKE, 0.19189142716562432
1652, 1, 10, Status.SNAKE, 0.1916995357384587
1653, 3, 23, Status.WALL, 0.19150783620272022
1654, 7, 34, Status.SNAKE, 0.1913163283665175
1655, 1, 10, Status.WALL, 0.19112501203815097
1656, 5, 48, Status.SNAKE, 0.1909338870261128
1657, 5, 46, Status.SNAKE, 0.19074295313908668
1658, 2, 9, Status.WALL, 0.1905522101859476
1659, 0, 7, Status.WALL, 0.19036165797576166
1660, 1, 13, Status.WALL, 0.1901712963177859
1661, 1, 7, Status.WALL, 0.1899811250214681
1662, 1, 3, Status.SNAKE, 0.18979114389644663
1663, 3, 20, Status.SNAKE, 0.1896013527525502
1664, 5, 68, Status.SNAKE, 0.18941175139979763
1665, 2, 20, Status.WALL, 0.18922233964839782
1666, 2, 24, Status.SNAKE, 0.18903311730874942
1667, 4, 28, Status.SNAKE, 0.18884408419144066
1668, 1, 8, Status.WALL, 0.1886552401072492
1669, 1, 13, Status.SNAKE, 0.18846658486714196
1670, 2, 28, Status.WALL, 0.1882781182822748
1671, 1, 11, Status.WALL, 0.18808984016399252
1672, 3, 23, Status.WALL, 0.18790175032382853
1673, 3, 25, Status.WALL, 0.1877138485735047
1674, 0, 4, Status.WALL, 0.1875261347249312
1675, 3, 27, Status.SNAKE, 0.1873386085902063
1676, 6, 44, Status.SNAKE, 0.18715126998161608
1677, 2, 15, Status.WALL, 0.18696411871163446
1678, 5, 27, Status.WALL, 0.18677715459292282
1679, 2, 14, Status.WALL, 0.1865903774383299
1680, 2, 24, Status.WALL, 0.18640378706089158
1681, 4, 32, Status.WALL, 0.1862173832738307
1682, 6, 68, Status.SNAKE, 0.18603116589055688
1683, 4, 18, Status.WALL, 0.18584513472466632
1684, 4, 35, Status.WALL, 0.18565928958994166
1685, 1, 12, Status.WALL, 0.18547363030035172
1686, 2, 12, Status.WALL, 0.18528815667005136
1687, 0, 5, Status.WALL, 0.1851028685133813
1688, 6, 26, Status.SNAKE, 0.18491776564486792
1689, 1, 31, Status.WALL, 0.18473284787922306
1690, 1, 6, Status.WALL, 0.18454811503134383
1691, 2, 35, Status.WALL, 0.18436356691631248
1692, 1, 8, Status.WALL, 0.18417920334939616
1693, 2, 15, Status.WALL, 0.18399502414604677
1694, 3, 27, Status.SNAKE, 0.18381102912190073
1695, 6, 43, Status.SNAKE, 0.18362721809277882
1696, 3, 18, Status.SNAKE, 0.18344359087468604
1697, 1, 24, Status.WALL, 0.18326014728381135
1698, 0, 4, Status.WALL, 0.18307688713652753
1699, 7, 62, Status.WALL, 0.182893810249391
1700, 1, 3, Status.SNAKE, 0.1827109164391416
1701, 4, 22, Status.SNAKE, 0.18252820552270246
1702, 3, 35, Status.WALL, 0.18234567731717977
1703, 5, 30, Status.SNAKE, 0.1821633316398626
1704, 0, 9, Status.WALL, 0.18198116830822272
1705, 3, 16, Status.WALL, 0.1817991871399145
1706, 4, 32, Status.SNAKE, 0.18161738795277457
1707, 2, 15, Status.SNAKE, 0.1814357705648218
1708, 0, 7, Status.WALL, 0.18125433479425698
1709, 1, 11, Status.WALL, 0.18107308045946272
1710, 2, 23, Status.SNAKE, 0.18089200737900324
1711, 3, 17, Status.WALL, 0.18071111537162424
1712, 6, 33, Status.WALL, 0.1805304042562526
1713, 5, 54, Status.SNAKE, 0.18034987385199636
1714, 0, 8, Status.WALL, 0.18016952397814437
1715, 7, 62, Status.SNAKE, 0.17998935445416622
1716, 5, 38, Status.SNAKE, 0.17980936509971204
1717, 2, 12, Status.WALL, 0.17962955573461234
1718, 3, 34, Status.SNAKE, 0.17944992617887773
1719, 2, 12, Status.WALL, 0.17927047625269885
1720, 3, 19, Status.WALL, 0.17909120577644616
1721, 0, 6, Status.WALL, 0.17891211457066972
1722, 2, 21, Status.SNAKE, 0.17873320245609906
1723, 3, 18, Status.SNAKE, 0.17855446925364296
1724, 0, 5, Status.WALL, 0.17837591478438933
1725, 5, 55, Status.WALL, 0.17819753886960493
1726, 5, 32, Status.SNAKE, 0.17801934133073533
1727, 1, 9, Status.SNAKE, 0.17784132198940458
1728, 1, 13, Status.WALL, 0.1776634806674152
1729, 1, 10, Status.WALL, 0.17748581718674777
1730, 0, 4, Status.WALL, 0.17730833136956103
1731, 1, 8, Status.WALL, 0.17713102303819148
1732, 5, 43, Status.SNAKE, 0.1769538920151533
1733, 3, 39, Status.WALL, 0.17677693812313813
1734, 5, 46, Status.WALL, 0.17660016118501498
1735, 0, 4, Status.WALL, 0.17642356102382997
1736, 9, 100, Status.SNAKE, 0.17624713746280615
1737, 2, 7, Status.WALL, 0.17607089032534334
1738, 2, 19, Status.WALL, 0.175894819435018
1739, 6, 43, Status.SNAKE, 0.17571892461558297
1740, 2, 21, Status.WALL, 0.1755432056909674
1741, 3, 19, Status.SNAKE, 0.17536766248527644
1742, 4, 29, Status.WALL, 0.17519229482279117
1743, 0, 4, Status.WALL, 0.17501710252796837
1744, 2, 18, Status.WALL, 0.1748420854254404
1745, 2, 5, Status.WALL, 0.17466724334001496
1746, 1, 7, Status.WALL, 0.17449257609667496
1747, 1, 5, Status.SNAKE, 0.1743180835205783
1748, 0, 17, Status.WALL, 0.1741437654370577
1749, 4, 29, Status.WALL, 0.17396962167162064
1750, 7, 45, Status.SNAKE, 0.173795652049949
1751, 5, 45, Status.WALL, 0.17362185639789907
1752, 1, 8, Status.WALL, 0.17344823454150116
1753, 5, 58, Status.SNAKE, 0.17327478630695967
1754, 2, 12, Status.WALL, 0.1731015115206527
1755, 6, 38, Status.SNAKE, 0.17292841000913206
1756, 2, 14, Status.SNAKE, 0.17275548159912293
1757, 1, 8, Status.WALL, 0.17258272611752382
1758, 1, 5, Status.WALL, 0.17241014339140628
1759, 1, 8, Status.SNAKE, 0.1722377332480149
1760, 2, 18, Status.WALL, 0.17206549551476688
1761, 3, 33, Status.WALL, 0.1718934300192521
1762, 1, 8, Status.SNAKE, 0.17172153658923286
1763, 6, 56, Status.SNAKE, 0.17154981505264363
1764, 5, 38, Status.SNAKE, 0.17137826523759098
1765, 4, 30, Status.SNAKE, 0.1712068869723534
1766, 5, 20, Status.SNAKE, 0.17103568008538103
1767, 7, 50, Status.SNAKE, 0.17086464440529564
1768, 1, 8, Status.WALL, 0.17069377976089034
1769, 8, 59, Status.SNAKE, 0.17052308598112945
1770, 9, 70, Status.SNAKE, 0.17035256289514833
1771, 1, 8, Status.WALL, 0.17018221033225317
1772, 5, 42, Status.SNAKE, 0.17001202812192093
1773, 2, 21, Status.WALL, 0.169842016093799
1774, 3, 21, Status.WALL, 0.1696721740777052
1775, 4, 31, Status.SNAKE, 0.1695025019036275
1776, 0, 5, Status.WALL, 0.1693329994017239
1777, 0, 10, Status.WALL, 0.16916366640232217
1778, 1, 5, Status.SNAKE, 0.16899450273591984
1779, 1, 7, Status.WALL, 0.16882550823318393
1780, 9, 51, Status.SNAKE, 0.16865668272495074
1781, 5, 32, Status.SNAKE, 0.1684880260422258
1782, 0, 6, Status.WALL, 0.16831953801618357
1783, 4, 19, Status.WALL, 0.16815121847816739
1784, 7, 44, Status.SNAKE, 0.16798306725968923
1785, 6, 33, Status.SNAKE, 0.16781508419242955
1786, 3, 29, Status.SNAKE, 0.16764726910823713
1787, 4, 29, Status.SNAKE, 0.1674796218391289
1788, 0, 9, Status.WALL, 0.16731214221728977
1789, 1, 18, Status.WALL, 0.16714483007507247
1790, 1, 6, Status.WALL, 0.1669776852449974
1791, 4, 41, Status.WALL, 0.1668107075597524
1792, 4, 49, Status.SNAKE, 0.16664389685219266
1793, 3, 15, Status.WALL, 0.16647725295534047
1794, 4, 28, Status.WALL, 0.16631077570238512
1795, 3, 19, Status.SNAKE, 0.16614446492668272
1796, 4, 39, Status.WALL, 0.16597832046175603
1797, 0, 5, Status.WALL, 0.16581234214129428
1798, 4, 21, Status.WALL, 0.16564652979915298
1799, 3, 26, Status.SNAKE, 0.16548088326935384
1800, 5, 40, Status.WALL, 0.1653154023860845
1801, 3, 26, Status.SNAKE, 0.1651500869836984
1802, 6, 57, Status.WALL, 0.1649849368967147
1803, 1, 12, Status.WALL, 0.164819951959818
1804, 0, 6, Status.WALL, 0.16465513200785817
1805, 2, 16, Status.SNAKE, 0.1644904768758503
1806, 2, 19, Status.WALL, 0.16432598639897444
1807, 2, 13, Status.SNAKE, 0.16416166041257546
1808, 4, 30, Status.SNAKE, 0.16399749875216288
1809, 2, 21, Status.WALL, 0.16383350125341073
1810, 3, 28, Status.SNAKE, 0.16366966775215733
1811, 5, 43, Status.WALL, 0.16350599808440516
1812, 7, 52, Status.SNAKE, 0.16334249208632076
1813, 2, 15, Status.WALL, 0.16317914959423443
1814, 9, 69, Status.WALL, 0.1630159704446402
1815, 1, 7, Status.WALL, 0.16285295447419557
1816, 1, 4, Status.SNAKE, 0.16269010151972138
1817, 3, 17, Status.WALL, 0.16252741141820165
1818, 4, 31, Status.WALL, 0.16236488400678345
1819, 2, 20, Status.WALL, 0.16220251912277667
1820, 4, 15, Status.WALL, 0.1620403166036539
1821, 6, 34, Status.WALL, 0.16187827628705023
1822, 9, 53, Status.SNAKE, 0.16171639801076318
1823, 3, 28, Status.SNAKE, 0.1615546816127524
1824, 3, 15, Status.SNAKE, 0.16139312693113966
1825, 1, 6, Status.SNAKE, 0.16123173380420852
1826, 4, 27, Status.SNAKE, 0.16107050207040433
1827, 1, 3, Status.SNAKE, 0.16090943156833393
1828, 6, 48, Status.SNAKE, 0.1607485221367656
1829, 1, 8, Status.SNAKE, 0.16058777361462884
1830, 3, 29, Status.WALL, 0.1604271858410142
1831, 2, 12, Status.WALL, 0.16026675865517317
1832, 2, 16, Status.WALL, 0.160106491896518
1833, 1, 11, Status.WALL, 0.15994638540462147
1834, 2, 20, Status.WALL, 0.15978643901921685
1835, 8, 48, Status.SNAKE, 0.15962665258019765
1836, 3, 30, Status.WALL, 0.15946702592761744
1837, 4, 33, Status.WALL, 0.15930755890168982
1838, 6, 47, Status.SNAKE, 0.15914825134278812
1839, 5, 29, Status.SNAKE, 0.15898910309144534
1840, 3, 7, Status.SNAKE, 0.1588301139883539
1841, 6, 30, Status.WALL, 0.15867128387436555
1842, 4, 43, Status.WALL, 0.15851261259049118
1843, 1, 6, Status.SNAKE, 0.1583540999779007
1844, 1, 12, Status.SNAKE, 0.1581957458779228
1845, 5, 29, Status.SNAKE, 0.15803755013204487
1846, 1, 6, Status.WALL, 0.15787951258191282
1847, 5, 41, Status.WALL, 0.1577216330693309
1848, 8, 59, Status.SNAKE, 0.15756391143626158
1849, 1, 12, Status.WALL, 0.15740634752482532
1850, 4, 30, Status.WALL, 0.1572489411773005
1851, 4, 20, Status.SNAKE, 0.1570916922361232
1852, 12, 66, Status.SNAKE, 0.15693460054388708
1853, 5, 29, Status.WALL, 0.1567776659433432
1854, 2, 12, Status.SNAKE, 0.15662088827739984
1855, 2, 32, Status.SNAKE, 0.15646426738912245
1856, 1, 7, Status.WALL, 0.1563078031217333
1857, 2, 14, Status.WALL, 0.15615149531861158
1858, 2, 16, Status.WALL, 0.15599534382329297
1859, 2, 14, Status.SNAKE, 0.15583934847946967
1860, 1, 11, Status.WALL, 0.15568350913099022
1861, 2, 17, Status.WALL, 0.15552782562185924
1862, 4, 51, Status.WALL, 0.15537229779623737
1863, 1, 7, Status.SNAKE, 0.15521692549844113
1864, 3, 18, Status.SNAKE, 0.15506170857294269
1865, 4, 19, Status.SNAKE, 0.15490664686436975
1866, 2, 15, Status.SNAKE, 0.15475174021750537
1867, 1, 3, Status.SNAKE, 0.15459698847728787
1868, 2, 24, Status.SNAKE, 0.1544423914888106
1869, 3, 16, Status.SNAKE, 0.15428794909732177
1870, 8, 60, Status.WALL, 0.15413366114822444
1871, 5, 43, Status.SNAKE, 0.15397952748707622
1872, 1, 9, Status.WALL, 0.15382554795958914
1873, 1, 9, Status.SNAKE, 0.15367172241162955
1874, 2, 18, Status.WALL, 0.15351805068921792
1875, 2, 19, Status.WALL, 0.1533645326385287
1876, 1, 17, Status.SNAKE, 0.15321116810589017
1877, 1, 9, Status.SNAKE, 0.1530579569377843
1878, 5, 26, Status.SNAKE, 0.1529048989808465
1879, 1, 6, Status.SNAKE, 0.15275199408186566
1880, 2, 15, Status.SNAKE, 0.15259924208778378
1881, 0, 5, Status.WALL, 0.15244664284569598
1882, 2, 11, Status.WALL, 0.15229419620285028
1883, 2, 13, Status.WALL, 0.15214190200664743
1884, 3, 14, Status.SNAKE, 0.15198976010464077
1885, 3, 30, Status.SNAKE, 0.15183777034453613
1886, 3, 31, Status.WALL, 0.1516859325741916
1887, 2, 16, Status.SNAKE, 0.1515342466416174
1888, 9, 70, Status.SNAKE, 0.1513827123949758
1889, 2, 8, Status.WALL, 0.15123132968258082
1890, 4, 23, Status.WALL, 0.15108009835289823
1891, 10, 40, Status.SNAKE, 0.15092901825454533
1892, 1, 21, Status.SNAKE, 0.15077808923629077
1893, 4, 32, Status.WALL, 0.15062731114705447
1894, 8, 51, Status.SNAKE, 0.1504766838359074
1895, 3, 23, Status.SNAKE, 0.15032620715207148
1896, 2, 23, Status.SNAKE, 0.1501758809449194
1897, 5, 22, Status.WALL, 0.15002570506397447
1898, 4, 28, Status.SNAKE, 0.1498756793589105
1899, 10, 58, Status.SNAKE, 0.14972580367955157
1900, 3, 13, Status.WALL, 0.14957607787587202
1901, 6, 52, Status.WALL, 0.14942650179799613
1902, 3, 18, Status.WALL, 0.14927707529619813
1903, 6, 48, Status.SNAKE, 0.14912779822090194
1904, 4, 27, Status.SNAKE, 0.14897867042268104
1905, 1, 22, Status.WALL, 0.14882969175225835
1906, 1, 5, Status.SNAKE, 0.1486808620605061
1907, 4, 23, Status.WALL, 0.14853218119844558
1908, 3, 20, Status.WALL, 0.14838364901724713
1909, 2, 15, Status.WALL, 0.14823526536822987
1910, 7, 48, Status.SNAKE, 0.14808703010286164
1911, 2, 22, Status.WALL, 0.1479389430727588
1912, 6, 43, Status.SNAKE, 0.14779100412968604
1913, 7, 37, Status.SNAKE, 0.14764321312555637
1914, 1, 9, Status.SNAKE, 0.14749556991243082
1915, 1, 13, Status.SNAKE, 0.1473480743425184
1916, 1, 12, Status.WALL, 0.14720072626817587
1917, 6, 32, Status.SNAKE, 0.1470535255419077
1918, 3, 25, Status.SNAKE, 0.1469064720163658
1919, 3, 21, Status.WALL, 0.14675956554434944
1920, 5, 20, Status.SNAKE, 0.14661280597880508
1921, 0, 10, Status.WALL, 0.14646619317282628
1922, 1, 6, Status.WALL, 0.14631972697965345
1923, 1, 12, Status.WALL, 0.1461734072526738
1924, 1, 7, Status.WALL, 0.14602723384542113
1925, 3, 21, Status.SNAKE, 0.14588120661157572
1926, 1, 10, Status.SNAKE, 0.14573532540496414
1927, 1, 8, Status.WALL, 0.14558959007955918
1928, 2, 15, Status.SNAKE, 0.1454440004894796
1929, 5, 39, Status.WALL, 0.14529855648899012
1930, 3, 10, Status.SNAKE, 0.14515325793250114
1931, 3, 15, Status.SNAKE, 0.14500810467456865
1932, 7, 42, Status.SNAKE, 0.14486309656989407
1933, 2, 11, Status.SNAKE, 0.1447182334733242
1934, 8, 42, Status.WALL, 0.14457351523985087
1935, 6, 47, Status.WALL, 0.14442894172461102
1936, 6, 34, Status.SNAKE, 0.1442845127828864
1937, 8, 59, Status.WALL, 0.1441402282701035
1938, 3, 24, Status.SNAKE, 0.1439960880418334
1939, 7, 58, Status.WALL, 0.14385209195379156
1940, 1, 9, Status.WALL, 0.14370823986183776
1941, 1, 16, Status.SNAKE, 0.1435645316219759
1942, 8, 62, Status.WALL, 0.14342096709035393
1943, 3, 23, Status.SNAKE, 0.14327754612326357
1944, 6, 42, Status.WALL, 0.14313426857714032
1945, 1, 5, Status.WALL, 0.14299113430856317
1946, 1, 7, Status.SNAKE, 0.1428481431742546
1947, 0, 7, Status.WALL, 0.14270529503108034
1948, 4, 19, Status.SNAKE, 0.14256258973604927
1949, 4, 25, Status.SNAKE, 0.14242002714631322
1950, 1, 7, Status.SNAKE, 0.1422776071191669
1951, 9, 65, Status.SNAKE, 0.14213532951204774
1952, 3, 28, Status.SNAKE, 0.1419931941825357
1953, 5, 41, Status.SNAKE, 0.14185120098835316
1954, 4, 20, Status.SNAKE, 0.1417093497873648
1955, 6, 27, Status.WALL, 0.14156764043757744
1956, 0, 6, Status.WALL, 0.14142607279713987
1957, 3, 18, Status.WALL, 0.14128464672434274
1958, 1, 10, Status.SNAKE, 0.1411433620776184
1959, 7, 65, Status.SNAKE, 0.14100221871554078
1960, 1, 9, Status.SNAKE, 0.14086121649682523
1961, 1, 9, Status.WALL, 0.14072035528032842
1962, 4, 19, Status.WALL, 0.1405796349250481
1963, 2, 23, Status.SNAKE, 0.14043905529012304
1964, 3, 22, Status.SNAKE, 0.14029861623483292
1965, 6, 39, Status.WALL, 0.1401583176185981
1966, 1, 6, Status.SNAKE, 0.1400181593009795
1967, 0, 12, Status.WALL, 0.1398781411416785
1968, 8, 57, Status.SNAKE, 0.13973826300053682
1969, 2, 19, Status.WALL, 0.13959852473753628
1970, 4, 33, Status.SNAKE, 0.13945892621279873
1971, 15, 71, Status.WALL, 0.13931946728658592
1972, 1, 23, Status.WALL, 0.13918014781929933
1973, 5, 19, Status.SNAKE, 0.13904096767148003
1974, 1, 8, Status.SNAKE, 0.13890192670380855
1975, 2, 20, Status.SNAKE, 0.13876302477710473
1976, 0, 11, Status.WALL, 0.13862426175232762
1977, 7, 43, Status.WALL, 0.1384856374905753
1978, 1, 5, Status.WALL, 0.13834715185308472
1979, 0, 5, Status.WALL, 0.13820880470123162
1980, 3, 24, Status.SNAKE, 0.1380705958965304
1981, 2, 10, Status.SNAKE, 0.13793252530063388
1982, 1, 10, Status.WALL, 0.13779459277533324
1983, 4, 12, Status.SNAKE, 0.1376567981825579
1984, 7, 61, Status.SNAKE, 0.13751914138437535
1985, 3, 30, Status.SNAKE, 0.13738162224299097
1986, 5, 25, Status.WALL, 0.13724424062074797
1987, 0, 8, Status.WALL, 0.13710699638012722
1988, 10, 69, Status.SNAKE, 0.1369698893837471
1989, 13, 105, Status.SNAKE, 0.13683291949436335
1990, 3, 18, Status.SNAKE, 0.13669608657486898
1991, 9, 68, Status.WALL, 0.1365593904882941
1992, 3, 36, Status.SNAKE, 0.1364228310978058
1993, 3, 18, Status.SNAKE, 0.13628640826670801
1994, 8, 34, Status.WALL, 0.1361501218584413
1995, 8, 57, Status.SNAKE, 0.13601397173658286
1996, 4, 26, Status.WALL, 0.1358779577648463
1997, 1, 5, Status.SNAKE, 0.13574207980708144
1998, 1, 6, Status.WALL, 0.13560633772727437
1999, 3, 22, Status.SNAKE, 0.1354707313895471
2000, 3, 36, Status.SNAKE, 0.13533526065815754
2001, 4, 24, Status.SNAKE, 0.1351999253974994
2002, 1, 9, Status.SNAKE, 0.13506472547210188
2003, 2, 12, Status.WALL, 0.1349296607466298
2004, 2, 15, Status.WALL, 0.13479473108588316
2005, 6, 41, Status.SNAKE, 0.13465993635479728
2006, 9, 73, Status.SNAKE, 0.13452527641844247
2007, 6, 45, Status.WALL, 0.13439075114202403
2008, 4, 26, Status.SNAKE, 0.134256360390882
2009, 8, 47, Status.SNAKE, 0.13412210403049113
2010, 5, 41, Status.SNAKE, 0.13398798192646064
2011, 4, 22, Status.SNAKE, 0.13385399394453418
2012, 3, 16, Status.SNAKE, 0.13372013995058965
2013, 2, 24, Status.WALL, 0.13358641981063907
2014, 1, 12, Status.SNAKE, 0.13345283339082842
2015, 2, 18, Status.WALL, 0.13331938055743758
2016, 2, 23, Status.WALL, 0.13318606117688014
2017, 1, 9, Status.WALL, 0.13305287511570327
2018, 5, 44, Status.SNAKE, 0.13291982224058757
2019, 1, 3, Status.SNAKE, 0.13278690241834698
2020, 5, 33, Status.WALL, 0.13265411551592862
2021, 2, 30, Status.WALL, 0.13252146140041268
2022, 5, 32, Status.SNAKE, 0.13238893993901227
2023, 3, 6, Status.SNAKE, 0.13225655099907327
2024, 3, 15, Status.SNAKE, 0.1321242944480742
2025, 5, 39, Status.SNAKE, 0.13199217015362613
2026, 1, 6, Status.WALL, 0.1318601779834725
2027, 6, 44, Status.SNAKE, 0.13172831780548902
2028, 9, 36, Status.SNAKE, 0.13159658948768352
2029, 6, 31, Status.SNAKE, 0.13146499289819583
2030, 1, 7, Status.WALL, 0.13133352790529762
2031, 3, 26, Status.WALL, 0.13120219437739233
2032, 0, 5, Status.WALL, 0.13107099218301493
2033, 1, 14, Status.WALL, 0.13093992119083192
2034, 2, 10, Status.SNAKE, 0.13080898126964108
2035, 1, 8, Status.WALL, 0.13067817228837145
2036, 10, 45, Status.SNAKE, 0.13054749411608307
2037, 2, 10, Status.WALL, 0.13041694662196698
2038, 3, 34, Status.WALL, 0.13028652967534501
2039, 10, 57, Status.SNAKE, 0.13015624314566968
2040, 0, 6, Status.WALL, 0.130026086902524
2041, 4, 41, Status.WALL, 0.1298960608156215
2042, 1, 9, Status.WALL, 0.12976616475480587
2043, 2, 22, Status.SNAKE, 0.12963639859005108
2044, 1, 9, Status.SNAKE, 0.12950676219146104
2045, 1, 8, Status.WALL, 0.1293772554292696
2046, 9, 62, Status.WALL, 0.1292478781738403
2047, 5, 25, Status.SNAKE, 0.12911863029566648
2048, 2, 12, Status.WALL, 0.12898951166537082
2049, 6, 38, Status.SNAKE, 0.12886052215370544
2050, 7, 56, Status.WALL, 0.12873166163155172
2051, 4, 34, Status.SNAKE, 0.12860292996992018
2052, 4, 20, Status.WALL, 0.12847432703995026
2053, 5, 28, Status.SNAKE, 0.12834585271291032
2054, 9, 61, Status.SNAKE, 0.12821750686019742
2055, 3, 18, Status.SNAKE, 0.12808928935333722
2056, 2, 8, Status.SNAKE, 0.12796120006398387
2057, 1, 9, Status.WALL, 0.1278332388639199
2058, 1, 5, Status.SNAKE, 0.12770540562505597
2059, 3, 37, Status.WALL, 0.1275777002194309
2060, 5, 16, Status.SNAKE, 0.12745012251921148
2061, 2, 8, Status.WALL, 0.12732267239669226
2062, 4, 32, Status.SNAKE, 0.12719534972429558
2063, 6, 48, Status.WALL, 0.12706815437457128
2064, 2, 11, Status.SNAKE, 0.1269410862201967
2065, 7, 83, Status.WALL, 0.1268141451339765
2066, 2, 17, Status.WALL, 0.12668733098884255
2067, 3, 16, Status.SNAKE, 0.12656064365785372
2068, 7, 65, Status.WALL, 0.12643408301419587
2069, 2, 34, Status.SNAKE, 0.12630764893118168
2070, 0, 6, Status.WALL, 0.1261813412822505
2071, 1, 14, Status.SNAKE, 0.12605515994096825
2072, 3, 16, Status.SNAKE, 0.12592910478102728
2073, 4, 20, Status.SNAKE, 0.12580317567624627
2074, 1, 9, Status.WALL, 0.12567737250057
2075, 2, 10, Status.WALL, 0.12555169512806943
2076, 4, 40, Status.WALL, 0.12542614343294137
2077, 4, 15, Status.WALL, 0.12530071728950842
2078, 3, 27, Status.SNAKE, 0.12517541657221892
2079, 5, 21, Status.WALL, 0.1250502411556467
2080, 11, 69, Status.WALL, 0.12492519091449104
2081, 2, 13, Status.WALL, 0.12480026572357655
2082, 3, 19, Status.SNAKE, 0.12467546545785298
2083, 2, 13, Status.SNAKE, 0.12455078999239512
2084, 6, 37, Status.SNAKE, 0.12442623920240273
2085, 1, 6, Status.WALL, 0.12430181296320032
2086, 2, 13, Status.WALL, 0.12417751115023712
2087, 3, 14, Status.SNAKE, 0.12405333363908688
2088, 6, 41, Status.WALL, 0.1239292803054478
2089, 1, 3, Status.SNAKE, 0.12380535102514234
2090, 2, 8, Status.SNAKE, 0.1236815456741172
2091, 4, 26, Status.WALL, 0.12355786412844308
2092, 4, 28, Status.WALL, 0.12343430626431463
2093, 9, 46, Status.SNAKE, 0.12331087195805032
2094, 7, 76, Status.WALL, 0.12318756108609227
2095, 1, 3, Status.SNAKE, 0.12306437352500618
2096, 1, 13, Status.WALL, 0.12294130915148117
2097, 2, 17, Status.SNAKE, 0.12281836784232969
2098, 5, 36, Status.SNAKE, 0.12269554947448735
2099, 1, 12, Status.WALL, 0.12257285392501287
2100, 2, 10, Status.SNAKE, 0.12245028107108785
2101, 3, 18, Status.SNAKE, 0.12232783079001676
2102, 4, 20, Status.SNAKE, 0.12220550295922675
2103, 6, 51, Status.WALL, 0.12208329745626752
2104, 8, 53, Status.SNAKE, 0.12196121415881125
2105, 4, 24, Status.SNAKE, 0.12183925294465245
2106, 6, 31, Status.SNAKE, 0.1217174136917078
2107, 6, 36, Status.WALL, 0.12159569627801609
2108, 1, 7, Status.SNAKE, 0.12147410058173808
2109, 8, 45, Status.SNAKE, 0.12135262648115634
2110, 1, 8, Status.SNAKE, 0.12123127385467519
2111, 5, 22, Status.SNAKE, 0.12111004258082052
2112, 7, 36, Status.SNAKE, 0.1209889325382397
2113, 4, 24, Status.SNAKE, 0.12086794360570145
2114, 6, 46, Status.SNAKE, 0.12074707566209575
2115, 5, 36, Status.SNAKE, 0.12062632858643366
2116, 6, 59, Status.SNAKE, 0.12050570225784722
2117, 4, 30, Status.WALL, 0.12038519655558938
2118, 3, 23, Status.WALL, 0.12026481135903379
2119, 4, 35, Status.WALL, 0.12014454654767476
2120, 7, 51, Status.SNAKE, 0.12002440200112709
2121, 6, 60, Status.WALL, 0.11990437759912596
2122, 0, 5, Status.WALL, 0.11978447322152684
2123, 9, 70, Status.SNAKE, 0.11966468874830531
2124, 4, 41, Status.WALL, 0.11954502405955701
2125, 6, 41, Status.SNAKE, 0.11942547903549745
2126, 4, 31, Status.WALL, 0.11930605355646196
2127, 6, 44, Status.WALL, 0.11918674750290549
2128, 3, 32, Status.SNAKE, 0.11906756075540259
2129, 4, 15, Status.WALL, 0.11894849319464719
2130, 1, 3, Status.SNAKE, 0.11882954470145254
2131, 1, 9, Status.WALL, 0.11871071515675109
2132, 5, 43, Status.WALL, 0.11859200444159435
2133, 5, 44, Status.SNAKE, 0.11847341243715274
2134, 4, 26, Status.SNAKE, 0.1183549390247156
2135, 3, 27, Status.SNAKE, 0.11823658408569088
2136, 8, 74, Status.SNAKE, 0.11811834750160519
2137, 1, 8, Status.SNAKE, 0.11800022915410358
2138, 4, 18, Status.SNAKE, 0.11788222892494947
2139, 0, 5, Status.WALL, 0.11776434669602452
2140, 3, 28, Status.SNAKE, 0.1176465823493285
2141, 6, 43, Status.SNAKE, 0.11752893576697916
2142, 1, 19, Status.WALL, 0.11741140683121218
2143, 1, 23, Status.SNAKE, 0.11729399542438097
2144, 3, 34, Status.WALL, 0.11717670142895659
2145, 1, 8, Status.WALL, 0.11705952472752763
2146, 3, 31, Status.WALL, 0.1169424652028001
2147, 7, 43, Status.SNAKE, 0.1168255227375973
2148, 5, 45, Status.SNAKE, 0.1167086972148597
2149, 7, 34, Status.SNAKE, 0.11659198851764484
2150, 1, 12, Status.WALL, 0.1164753965291272
2151, 1, 17, Status.WALL, 0.11635892113259806
2152, 1, 15, Status.WALL, 0.11624256221146546
2153, 1, 19, Status.WALL, 0.116126319649254
2154, 2, 9, Status.WALL, 0.11601019332960474
2155, 1, 3, Status.SNAKE, 0.11589418313627514
2156, 3, 27, Status.WALL, 0.11577828895313887
2157, 2, 33, Status.SNAKE, 0.11566251066418573
2158, 3, 33, Status.WALL, 0.11554684815352155
2159, 1, 8, Status.WALL, 0.11543130130536802
2160, 5, 33, Status.SNAKE, 0.11531587000406265
2161, 4, 32, Status.SNAKE, 0.1152005541340586
2162, 4, 35, Status.SNAKE, 0.11508535357992454
2163, 1, 16, Status.WALL, 0.11497026822634461
2164, 3, 17, Status.SNAKE, 0.11485529795811826
2165, 9, 45, Status.SNAKE, 0.11474044266016015
2166, 5, 37, Status.SNAKE, 0.11462570221749999
2167, 1, 3, Status.SNAKE, 0.11451107651528249
2168, 3, 25, Status.SNAKE, 0.11439656543876721
2169, 4, 15, Status.SNAKE, 0.11428216887332844
2170, 4, 44, Status.SNAKE, 0.11416788670445512
2171, 8, 66, Status.SNAKE, 0.11405371881775066
2172, 1, 8, Status.WALL, 0.11393966509893291
2173, 6, 37, Status.SNAKE, 0.11382572543383399
2174, 1, 8, Status.WALL, 0.11371189970840015
2175, 3, 20, Status.WALL, 0.11359818780869176
2176, 3, 16, Status.WALL, 0.11348458962088306
2177, 7, 42, Status.SNAKE, 0.11337110503126219
2178, 8, 71, Status.SNAKE, 0.11325773392623092
2179, 6, 28, Status.SNAKE, 0.1131444761923047
2180, 4, 18, Status.WALL, 0.11303133171611239
2181, 1, 5, Status.SNAKE, 0.11291830038439628
2182, 6, 42, Status.SNAKE, 0.11280538208401188
2183, 3, 27, Status.WALL, 0.11269257670192787
2184, 2, 19, Status.WALL, 0.11257988412522593
2185, 6, 31, Status.WALL, 0.1124673042411007
2186, 6, 33, Status.SNAKE, 0.1123548369368596
2187, 3, 30, Status.SNAKE, 0.11224248209992274
2188, 6, 45, Status.SNAKE, 0.11213023961782281
2189, 1, 17, Status.WALL, 0.11201810937820499
2190, 1, 4, Status.SNAKE, 0.11190609126882678
2191, 9, 78, Status.WALL, 0.11179418517755796
2192, 1, 9, Status.WALL, 0.1116823909923804
2193, 4, 28, Status.SNAKE, 0.11157070860138803
2194, 5, 20, Status.SNAKE, 0.11145913789278664
2195, 3, 17, Status.SNAKE, 0.11134767875489385
2196, 9, 75, Status.SNAKE, 0.11123633107613895
2197, 5, 34, Status.SNAKE, 0.11112509474506281
2198, 3, 19, Status.SNAKE, 0.11101396965031775
2199, 2, 19, Status.WALL, 0.11090295568066744
2200, 3, 18, Status.SNAKE, 0.11079205272498677
2201, 6, 37, Status.SNAKE, 0.11068126067226178
2202, 2, 13, Status.WALL, 0.11057057941158951
2203, 4, 24, Status.WALL, 0.11046000883217792
2204, 7, 48, Status.SNAKE, 0.11034954882334574
2205, 2, 10, Status.WALL, 0.1102391992745224
2206, 2, 20, Status.WALL, 0.11012896007524788
2207, 3, 23, Status.SNAKE, 0.11001883111517263
2208, 10, 59, Status.SNAKE, 0.10990881228405747
2209, 4, 39, Status.SNAKE, 0.10979890347177342
2210, 4, 40, Status.WALL, 0.10968910456830164
2211, 4, 49, Status.WALL, 0.10957941546373333
2212, 7, 41, Status.WALL, 0.1094698360482696
2213, 0, 8, Status.WALL, 0.10936036621222132
2214, 4, 48, Status.SNAKE, 0.10925100584600911
2215, 1, 3, Status.SNAKE, 0.1091417548401631
2216, 0, 12, Status.WALL, 0.10903261308532293
2217, 6, 48, Status.SNAKE, 0.1089235804722376
2218, 1, 3, Status.SNAKE, 0.10881465689176537
2219, 2, 20, Status.WALL, 0.1087058422348736
2220, 9, 55, Status.SNAKE, 0.10859713639263872
2221, 5, 36, Status.SNAKE, 0.10848853925624609
2222, 3, 13, Status.WALL, 0.10838005071698985
2223, 3, 23, Status.SNAKE, 0.10827167066627286
2224, 5, 23, Status.SNAKE, 0.10816339899560658
2225, 2, 16, Status.WALL, 0.10805523559661097
2226, 6, 33, Status.WALL, 0.10794718036101436
2227, 1, 8, Status.SNAKE, 0.10783923318065335
2228, 6, 28, Status.SNAKE, 0.10773139394747269
2229, 3, 15, Status.WALL, 0.10762366255352522
2230, 1, 9, Status.WALL, 0.1075160388909717
2231, 1, 7, Status.WALL, 0.10740852285208072
2232, 5, 28, Status.SNAKE, 0.10730111432922863
2233, 3, 10, Status.SNAKE, 0.1071938132148994
2234, 6, 37, Status.WALL, 0.1070866194016845
2235, 4, 26, Status.SNAKE, 0.10697953278228281
2236, 4, 32, Status.SNAKE, 0.10687255324950053
2237, 4, 31, Status.WALL, 0.10676568069625103
2238, 1, 4, Status.WALL, 0.10665891501555477
2239, 4, 21, Status.SNAKE, 0.10655225610053921
2240, 5, 35, Status.SNAKE, 0.10644570384443867
2241, 1, 15, Status.SNAKE, 0.10633925814059424
2242, 5, 40, Status.SNAKE, 0.10623291888245365
2243, 2, 25, Status.SNAKE, 0.1061266859635712
2244, 1, 10, Status.WALL, 0.10602055927760762
2245, 0, 8, Status.WALL, 0.10591453871833001
2246, 5, 48, Status.SNAKE, 0.10580862417961168
2247, 2, 19, Status.SNAKE, 0.10570281555543207
2248, 5, 48, Status.WALL, 0.10559711273987664
2249, 4, 34, Status.WALL, 0.10549151562713677
2250, 1, 9, Status.WALL, 0.10538602411150963
2251, 3, 12, Status.SNAKE, 0.10528063808739813
2252, 1, 13, Status.WALL, 0.10517535744931072
2253, 3, 25, Status.SNAKE, 0.10507018209186142
2254, 1, 31, Status.SNAKE, 0.10496511190976955
2255, 1, 18, Status.SNAKE, 0.10486014679785978
2256, 8, 57, Status.SNAKE, 0.10475528665106192
2257, 1, 18, Status.SNAKE, 0.10465053136441085
2258, 11, 101, Status.WALL, 0.10454588083304645
2259, 0, 6, Status.WALL, 0.1044413349522134
2260, 2, 18, Status.SNAKE, 0.10433689361726119
2261, 1, 11, Status.SNAKE, 0.10423255672364393
2262, 8, 63, Status.SNAKE, 0.10412832416692028
2263, 1, 7, Status.WALL, 0.10402419584275335
2264, 2, 30, Status.WALL, 0.1039201716469106
2265, 1, 5, Status.SNAKE, 0.10381625147526369
2266, 1, 9, Status.WALL, 0.10371243522378842
2267, 7, 45, Status.SNAKE, 0.10360872278856463
2268, 1, 10, Status.SNAKE, 0.10350511406577606
2269, 1, 12, Status.WALL, 0.10340160895171029
2270, 1, 16, Status.WALL, 0.10329820734275857
2271, 3, 30, Status.WALL, 0.10319490913541582
2272, 3, 26, Status.SNAKE, 0.1030917142262804
2273, 1, 11, Status.SNAKE, 0.10298862251205412
2274, 8, 58, Status.SNAKE, 0.10288563388954207
2275, 1, 4, Status.SNAKE, 0.10278274825565252
2276, 2, 8, Status.WALL, 0.10267996550739687
2277, 6, 52, Status.SNAKE, 0.10257728554188948
2278, 2, 14, Status.SNAKE, 0.1024747082563476
2279, 8, 54, Status.SNAKE, 0.10237223354809125
2280, 5, 31, Status.SNAKE, 0.10226986131454316
2281, 3, 25, Status.SNAKE, 0.10216759145322861
2282, 5, 39, Status.SNAKE, 0.10206542386177538
2283, 2, 16, Status.WALL, 0.1019633584379136
2284, 2, 18, Status.SNAKE, 0.10186139507947568
2285, 1, 17, Status.WALL, 0.1017595336843962
2286, 4, 29, Status.WALL, 0.10165777415071181
2287, 2, 27, Status.WALL, 0.1015561163765611
2288, 2, 24, Status.SNAKE, 0.10145456026018454
2289, 1, 7, Status.WALL, 0.10135310569992435
2290, 7, 43, Status.SNAKE, 0.10125175259422443
2291, 1, 4, Status.WALL, 0.10115050084163021
2292, 1, 11, Status.WALL, 0.10104935034078859
2293, 1, 16, Status.WALL, 0.1009483009904478
2294, 2, 25, Status.WALL, 0.10084735268945735
2295, 2, 9, Status.SNAKE, 0.10074650533676789
2296, 5, 44, Status.WALL, 0.10064575883143112
2297, 6, 35, Status.SNAKE, 0.1005451130725997
2298, 3, 11, Status.SNAKE, 0.1004445679595271
2299, 6, 55, Status.SNAKE, 0.10034412339156756
2300, 2, 9, Status.WALL, 0.100243779268176
2301, 6, 43, Status.WALL, 0.10014353548890782
2302, 3, 19, Status.SNAKE, 0.10004339195341891
2303, 2, 8, Status.SNAKE, 0.09994334856146549
2304, 7, 52, Status.SNAKE, 0.09984340521290402
2305, 1, 5, Status.SNAKE, 0.09974356180769112
2306, 1, 3, Status.SNAKE, 0.09964381824588342
2307, 1, 8, Status.WALL, 0.09954417442763754
2308, 1, 4, Status.SNAKE, 0.0994446302532099
2309, 10, 48, Status.SNAKE, 0.09934518562295669
2310, 5, 33, Status.SNAKE, 0.09924584043733373
2311, 8, 42, Status.SNAKE, 0.0991465945968964
2312, 1, 9, Status.WALL, 0.0990474480022995
2313, 5, 51, Status.WALL, 0.09894840055429721
2314, 3, 12, Status.SNAKE, 0.09884945215374291
2315, 3, 26, Status.WALL, 0.09875060270158917
2316, 2, 11, Status.WALL, 0.09865185209888758
2317, 4, 39, Status.WALL, 0.0985532002467887
2318, 0, 10, Status.WALL, 0.0984546470465419
2319, 7, 29, Status.WALL, 0.09835619239949536
2320, 1, 5, Status.SNAKE, 0.09825783620709587
2321, 3, 19, Status.SNAKE, 0.09815957837088878
2322, 7, 41, Status.SNAKE, 0.09806141879251788
2323, 8, 42, Status.SNAKE, 0.09796335737372537
2324, 9, 63, Status.WALL, 0.09786539401635165
2325, 7, 40, Status.SNAKE, 0.0977675286223353
2326, 9, 52, Status.SNAKE, 0.09766976109371296
2327, 11, 63, Status.SNAKE, 0.09757209133261925
2328, 1, 3, Status.SNAKE, 0.09747451924128663
2329, 8, 49, Status.WALL, 0.09737704472204534
2330, 5, 40, Status.WALL, 0.0972796676773233
2331, 3, 24, Status.SNAKE, 0.09718238800964597
2332, 5, 41, Status.SNAKE, 0.09708520562163633
2333, 2, 11, Status.WALL, 0.09698812041601469
2334, 2, 22, Status.WALL, 0.09689113229559868
2335, 7, 52, Status.WALL, 0.09679424116330308
2336, 3, 17, Status.SNAKE, 0.09669744692213977
2337, 4, 29, Status.SNAKE, 0.09660074947521763
2338, 4, 12, Status.SNAKE, 0.09650414872574241
2339, 3, 20, Status.SNAKE, 0.09640764457701667
2340, 3, 31, Status.SNAKE, 0.09631123693243965
2341, 2, 19, Status.SNAKE, 0.09621492569550721
2342, 1, 3, Status.SNAKE, 0.09611871076981171
2343, 1, 6, Status.SNAKE, 0.0960225920590419
2344, 7, 60, Status.SNAKE, 0.09592656946698286
2345, 3, 12, Status.SNAKE, 0.09583064289751587
2346, 5, 32, Status.WALL, 0.09573481225461836
2347, 1, 17, Status.WALL, 0.09563907744236373
2348, 2, 12, Status.WALL, 0.09554343836492137
2349, 7, 34, Status.SNAKE, 0.09544789492655645
2350, 4, 39, Status.WALL, 0.09535244703162989
2351, 1, 13, Status.WALL, 0.09525709458459826
2352, 4, 26, Status.WALL, 0.09516183749001367
2353, 6, 36, Status.SNAKE, 0.09506667565252365
2354, 5, 39, Status.SNAKE, 0.09497160897687112
2355, 7, 50, Status.WALL, 0.09487663736789426
2356, 4, 15, Status.SNAKE, 0.09478176073052637
2357, 4, 27, Status.SNAKE, 0.09468697896979585
2358, 6, 51, Status.SNAKE, 0.09459229199082606
2359, 5, 34, Status.WALL, 0.09449769969883523
2360, 8, 53, Status.SNAKE, 0.09440320199913639
2361, 5, 36, Status.SNAKE, 0.09430879879713726
2362, 1, 6, Status.WALL, 0.09421448999834012
2363, 3, 14, Status.SNAKE, 0.09412027550834177
2364, 1, 10, Status.WALL, 0.09402615523283343
2365, 1, 3, Status.SNAKE, 0.0939321290776006
2366, 2, 14, Status.SNAKE, 0.093838196948523
2367, 4, 29, Status.SNAKE, 0.09374435875157447
2368, 4, 31, Status.WALL, 0.09365061439282289
2369, 4, 36, Status.SNAKE, 0.09355696377843006
2370, 1, 15, Status.WALL, 0.09346340681465164
2371, 6, 35, Status.WALL, 0.09336994340783698
2372, 11, 69, Status.SNAKE, 0.09327657346442915
2373, 15, 103, Status.SNAKE, 0.09318329689096472
2374, 6, 35, Status.SNAKE, 0.09309011359407375
2375, 10, 45, Status.SNAKE, 0.09299702348047968
2376, 3, 23, Status.WALL, 0.0929040264569992
2377, 5, 39, Status.SNAKE, 0.09281112243054221
2378, 3, 23, Status.WALL, 0.09271831130811167
2379, 5, 32, Status.SNAKE, 0.09262559299680356
2380, 10, 70, Status.WALL, 0.09253296740380676
2381, 2, 20, Status.SNAKE, 0.09244043443640296
2382, 5, 59, Status.SNAKE, 0.09234799400196655
2383, 9, 44, Status.SNAKE, 0.09225564600796458
2384, 2, 21, Status.WALL, 0.09216339036195662
2385, 9, 67, Status.SNAKE, 0.09207122697159466
2386, 6, 55, Status.WALL, 0.09197915574462306
2387, 8, 44, Status.SNAKE, 0.09188717658887845
2388, 1, 5, Status.WALL, 0.09179528941228957
2389, 1, 9, Status.WALL, 0.09170349412287727
2390, 2, 10, Status.SNAKE, 0.0916117906287544
2391, 5, 25, Status.SNAKE, 0.09152017883812565
2392, 1, 7, Status.WALL, 0.09142865865928752
2393, 5, 48, Status.SNAKE, 0.09133723000062824
2394, 7, 38, Status.SNAKE, 0.09124589277062761
2395, 6, 26, Status.WALL, 0.09115464687785699
2396, 6, 52, Status.WALL, 0.09106349223097913
2397, 6, 32, Status.WALL, 0.09097242873874815
2398, 8, 37, Status.SNAKE, 0.0908814563100094
2399, 7, 40, Status.SNAKE, 0.0907905748536994
2400, 11, 70, Status.SNAKE, 0.0906997842788457
2401, 5, 47, Status.WALL, 0.09060908449456685
2402, 9, 58, Status.SNAKE, 0.09051847541007228
2403, 3, 26, Status.SNAKE, 0.09042795693466221
2404, 6, 47, Status.SNAKE, 0.09033752897772755
2405, 3, 18, Status.SNAKE, 0.09024719144874982
2406, 9, 47, Status.SNAKE, 0.09015694425730107
2407, 4, 29, Status.SNAKE, 0.09006678731304377
2408, 6, 47, Status.WALL, 0.08997672052573072
2409, 2, 10, Status.WALL, 0.08988674380520499
2410, 11, 90, Status.SNAKE, 0.08979685706139978
2411, 4, 46, Status.WALL, 0.08970706020433838
2412, 6, 27, Status.SNAKE, 0.08961735314413405
2413, 1, 14, Status.WALL, 0.08952773579098991
2414, 10, 63, Status.SNAKE, 0.08943820805519892
2415, 2, 30, Status.WALL, 0.08934876984714372
2416, 1, 5, Status.WALL, 0.08925942107729658
2417, 3, 20, Status.WALL, 0.08917016165621929
2418, 1, 3, Status.SNAKE, 0.08908099149456307
2419, 4, 36, Status.WALL, 0.08899191050306851
2420, 7, 36, Status.SNAKE, 0.08890291859256544
2421, 11, 61, Status.SNAKE, 0.08881401567397287
2422, 1, 9, Status.WALL, 0.0887252016582989
2423, 1, 7, Status.WALL, 0.0886364764566406
2424, 3, 15, Status.WALL, 0.08854783998018396
2425, 6, 35, Status.WALL, 0.08845929214020377
2426, 3, 22, Status.WALL, 0.08837083284806357
2427, 0, 10, Status.WALL, 0.08828246201521552
2428, 1, 10, Status.SNAKE, 0.0881941795532003
2429, 1, 5, Status.SNAKE, 0.0881059853736471
2430, 4, 21, Status.SNAKE, 0.08801787938827345
2431, 4, 28, Status.SNAKE, 0.08792986150888517
2432, 3, 15, Status.WALL, 0.08784193164737629
2433, 2, 7, Status.SNAKE, 0.08775408971572891
2434, 7, 39, Status.SNAKE, 0.08766633562601318
2435, 7, 43, Status.WALL, 0.08757866929038717
2436, 6, 38, Status.SNAKE, 0.08749109062109678
2437, 4, 32, Status.SNAKE, 0.08740359953047568
2438, 4, 14, Status.WALL, 0.0873161959309452
2439, 0, 5, Status.WALL, 0.08722887973501425
2440, 5, 31, Status.WALL, 0.08714165085527924
2441, 7, 39, Status.SNAKE, 0.08705450920442395
2442, 3, 21, Status.SNAKE, 0.08696745469521953
2443, 3, 17, Status.SNAKE, 0.08688048724052432
2444, 3, 23, Status.SNAKE, 0.08679360675328379
2445, 6, 36, Status.SNAKE, 0.0867068131465305
2446, 2, 36, Status.WALL, 0.08662010633338398
2447, 2, 20, Status.SNAKE, 0.0865334862270506
2448, 1, 10, Status.WALL, 0.08644695274082355
2449, 9, 62, Status.WALL, 0.08636050578808273
2450, 6, 42, Status.WALL, 0.08627414528229464
2451, 8, 51, Status.SNAKE, 0.08618787113701235
2452, 1, 3, Status.SNAKE, 0.08610168326587533
2453, 9, 54, Status.SNAKE, 0.08601558158260945
2454, 7, 39, Status.SNAKE, 0.08592956600102684
2455, 7, 49, Status.SNAKE, 0.08584363643502582
2456, 1, 13, Status.SNAKE, 0.08575779279859079
2457, 3, 20, Status.SNAKE, 0.0856720350057922
2458, 2, 22, Status.WALL, 0.0855863629707864
2459, 8, 54, Status.WALL, 0.0855007766078156
2460, 10, 56, Status.SNAKE, 0.08541527583120778
2461, 5, 31, Status.SNAKE, 0.08532986055537657
2462, 5, 48, Status.SNAKE, 0.0852445306948212
2463, 7, 34, Status.SNAKE, 0.08515928616412638
2464, 7, 46, Status.SNAKE, 0.08507412687796226
2465, 1, 5, Status.WALL, 0.0849890527510843
2466, 7, 41, Status.WALL, 0.08490406369833321
2467, 7, 46, Status.WALL, 0.08481915963463488
2468, 3, 8, Status.SNAKE, 0.08473434047500024
2469, 2, 20, Status.WALL, 0.08464960613452524
2470, 8, 46, Status.SNAKE, 0.08456495652839072
2471, 1, 9, Status.WALL, 0.08448039157186232
2472, 2, 12, Status.WALL, 0.08439591118029047
2473, 4, 31, Status.WALL, 0.08431151526911018
2474, 1, 9, Status.SNAKE, 0.08422720375384107
2475, 6, 34, Status.WALL, 0.08414297655008723
2476, 4, 26, Status.SNAKE, 0.08405883357353715
2477, 1, 6, Status.WALL, 0.0839747747399636
2478, 4, 17, Status.SNAKE, 0.08389079996522364
2479, 5, 33, Status.WALL, 0.08380690916525842
2480, 8, 57, Status.SNAKE, 0.08372310225609315
2481, 2, 11, Status.WALL, 0.08363937915383707
2482, 3, 26, Status.WALL, 0.08355573977468322
2483, 10, 51, Status.SNAKE, 0.08347218403490854
2484, 2, 16, Status.SNAKE, 0.08338871185087363
2485, 1, 7, Status.SNAKE, 0.08330532313902275
2486, 5, 38, Status.SNAKE, 0.08322201781588373
2487, 0, 5, Status.WALL, 0.08313879579806785
2488, 4, 31, Status.WALL, 0.08305565700226979
2489, 4, 20, Status.SNAKE, 0.08297260134526752
2490, 4, 15, Status.SNAKE, 0.08288962874392225
2491, 4, 32, Status.WALL, 0.08280673911517833
2492, 8, 54, Status.SNAKE, 0.08272393237606315
2493, 3, 13, Status.WALL, 0.0826412084436871
2494, 6, 36, Status.SNAKE, 0.08255856723524341
2495, 6, 23, Status.SNAKE, 0.08247600866800817
2496, 5, 33, Status.WALL, 0.08239353265934016
2497, 3, 44, Status.WALL, 0.08231113912668082
2498, 0, 4, Status.WALL, 0.08222882798755414
2499, 4, 33, Status.SNAKE, 0.08214659915956658
2500, 2, 21, Status.WALL, 0.08206445256040702
2501, 0, 7, Status.WALL, 0.08198238810784661
2502, 3, 22, Status.SNAKE, 0.08190040571973876
2503, 7, 44, Status.SNAKE, 0.08181850531401902
2504, 2, 21, Status.WALL, 0.081736686808705
2505, 2, 20, Status.WALL, 0.08165495012189629
2506, 1, 8, Status.WALL, 0.08157329517177439
2507, 3, 22, Status.SNAKE, 0.08149172187660261
2508, 3, 22, Status.SNAKE, 0.08141023015472601
2509, 6, 36, Status.WALL, 0.08132881992457128
2510, 3, 20, Status.WALL, 0.0812474911046467
2511, 3, 27, Status.SNAKE, 0.08116624361354205
2512, 1, 13, Status.WALL, 0.08108507736992851
2513, 4, 21, Status.SNAKE, 0.08100399229255859
2514, 9, 40, Status.SNAKE, 0.08092298830026602
2515, 6, 53, Status.WALL, 0.08084206531196575
2516, 2, 19, Status.WALL, 0.08076122324665379
2517, 0, 9, Status.WALL, 0.08068046202340713
2518, 1, 6, Status.SNAKE, 0.08059978156138373
2519, 0, 11, Status.WALL, 0.08051918177982234
2520, 1, 9, Status.SNAKE, 0.08043866259804251
2521, 1, 11, Status.SNAKE, 0.08035822393544446
2522, 2, 16, Status.SNAKE, 0.08027786571150902
2523, 3, 19, Status.SNAKE, 0.08019758784579752
2524, 2, 8, Status.SNAKE, 0.08011739025795171
2525, 7, 47, Status.SNAKE, 0.08003727286769376
2526, 2, 14, Status.WALL, 0.07995723559482606
2527, 6, 39, Status.WALL, 0.07987727835923124
2528, 1, 5, Status.WALL, 0.07979740108087201
2529, 1, 27, Status.SNAKE, 0.07971760367979114
2530, 3, 17, Status.SNAKE, 0.07963788607611134
2531, 3, 24, Status.WALL, 0.07955824819003524
2532, 1, 14, Status.WALL, 0.0794786899418452
2533, 1, 23, Status.SNAKE, 0.07939921125190336
2534, 7, 56, Status.SNAKE, 0.07931981204065146
2535, 2, 23, Status.WALL, 0.0792404922286108
2536, 1, 20, Status.WALL, 0.0791612517363822
2537, 2, 11, Status.WALL, 0.07908209048464582
2538, 7, 60, Status.SNAKE, 0.07900300839416118
2539, 3, 30, Status.SNAKE, 0.07892400538576702
2540, 5, 29, Status.SNAKE, 0.07884508138038125
2541, 1, 6, Status.SNAKE, 0.07876623629900087
2542, 1, 23, Status.WALL, 0.07868747006270187
2543, 3, 31, Status.SNAKE, 0.07860878259263916
2544, 4, 40, Status.SNAKE, 0.07853017381004652
2545, 3, 25, Status.WALL, 0.07845164363623648
2546, 1, 10, Status.SNAKE, 0.07837319199260025
2547, 2, 16, Status.WALL, 0.07829481880060765
2548, 0, 9, Status.WALL, 0.07821652398180705
2549, 5, 40, Status.SNAKE, 0.07813830745782524
2550, 1, 3, Status.SNAKE, 0.07806016915036741
2551, 2, 54, Status.WALL, 0.07798210898121705
2552, 2, 22, Status.WALL, 0.07790412687223583
2553, 5, 34, Status.SNAKE, 0.07782622274536359
2554, 4, 30, Status.SNAKE, 0.07774839652261822
2555, 3, 21, Status.SNAKE, 0.0776706481260956
2556, 2, 15, Status.WALL, 0.0775929774779695
2557, 5, 24, Status.SNAKE, 0.07751538450049153
2558, 2, 25, Status.WALL, 0.07743786911599104
2559, 2, 41, Status.WALL, 0.07736043124687506
2560, 3, 26, Status.SNAKE, 0.07728307081562819
2561, 1, 36, Status.SNAKE, 0.07720578774481256
2562, 2, 12, Status.WALL, 0.07712858195706775
2563, 4, 23, Status.WALL, 0.07705145337511068
2564, 1, 8, Status.SNAKE, 0.07697440192173557
2565, 1, 5, Status.SNAKE, 0.07689742751981384
2566, 1, 13, Status.WALL, 0.07682053009229402
2567, 1, 13, Status.WALL, 0.07674370956220172
2568, 0, 13, Status.WALL, 0.07666696585263952
2569, 1, 17, Status.SNAKE, 0.07659029888678688
2570, 2, 17, Status.WALL, 0.07651370858790009
2571, 0, 7, Status.WALL, 0.07643719487931219
2572, 2, 24, Status.SNAKE, 0.07636075768443289
2573, 1, 15, Status.WALL, 0.07628439692674846
2574, 2, 20, Status.WALL, 0.07620811252982171
2575, 2, 38, Status.WALL, 0.07613190441729188
2576, 1, 11, Status.WALL, 0.07605577251287458
2577, 6, 63, Status.SNAKE, 0.0759797167403617
2578, 1, 8, Status.WALL, 0.07590373702362134
2579, 7, 39, Status.SNAKE, 0.07582783328659772
2580, 1, 18, Status.SNAKE, 0.07575200545331112
2581, 0, 7, Status.WALL, 0.0756762534478578
2582, 2, 24, Status.SNAKE, 0.07560057719440995
2583, 1, 8, Status.SNAKE, 0.07552497661721554
2584, 8, 71, Status.WALL, 0.07544945164059833
2585, 4, 29, Status.SNAKE, 0.07537400218895772
2586, 0, 6, Status.WALL, 0.07529862818676876
2587, 1, 12, Status.SNAKE, 0.07522332955858199
2588, 1, 13, Status.SNAKE, 0.0751481062290234
2589, 2, 27, Status.WALL, 0.07507295812279438
2590, 1, 3, Status.SNAKE, 0.07499788516467158
2591, 2, 54, Status.SNAKE, 0.07492288727950691
2592, 3, 17, Status.WALL, 0.0748479643922274
2593, 4, 57, Status.SNAKE, 0.07477311642783518
2594, 1, 8, Status.SNAKE, 0.07469834331140734
2595, 1, 8, Status.SNAKE, 0.07462364496809594
2596, 1, 10, Status.SNAKE, 0.07454902132312784
2597, 2, 101, Status.WALL, 0.0744744723018047
2598, 2, 25, Status.SNAKE, 0.0743999978295029
2599, 0, 17, Status.WALL, 0.0743255978316734
2600, 4, 24, Status.WALL, 0.07425127223384173
2601, 1, 10, Status.SNAKE, 0.07417702096160789
2602, 4, 45, Status.SNAKE, 0.07410284394064628
2603, 1, 24, Status.SNAKE, 0.07402874109670564
2604, 2, 19, Status.SNAKE, 0.07395471235560894
2605, 8, 111, Status.WALL, 0.07388075764325333
2606, 3, 33, Status.WALL, 0.07380687688561008
2607, 2, 42, Status.WALL, 0.07373307000872446
2608, 6, 59, Status.WALL, 0.07365933693871574
2609, 0, 9, Status.WALL, 0.07358567760177702
2610, 2, 22, Status.SNAKE, 0.07351209192417524
2611, 4, 27, Status.SNAKE, 0.07343857983225106
2612, 3, 27, Status.WALL, 0.07336514125241882
2613, 1, 10, Status.WALL, 0.0732917761111664
2614, 2, 37, Status.SNAKE, 0.07321848433505523
2615, 5, 46, Status.SNAKE, 0.07314526585072018
2616, 5, 52, Status.WALL, 0.07307212058486945
2617, 4, 46, Status.WALL, 0.07299904846428458
2618, 8, 59, Status.SNAKE, 0.0729260494158203
2619, 1, 13, Status.WALL, 0.07285312336640448
2620, 5, 25, Status.SNAKE, 0.07278027024303808
2621, 1, 16, Status.SNAKE, 0.07270748997279504
2622, 4, 140, Status.WALL, 0.07263478248282225
2623, 6, 57, Status.SNAKE, 0.07256214770033943
2624, 1, 18, Status.SNAKE, 0.0724895855526391
2625, 2, 38, Status.WALL, 0.07241709596708645
2626, 4, 43, Status.SNAKE, 0.07234467887111937
2627, 6, 60, Status.SNAKE, 0.07227233419224825
2628, 3, 14, Status.WALL, 0.07220006185805601
2629, 3, 22, Status.WALL, 0.07212786179619796
2630, 1, 10, Status.WALL, 0.07205573393440176
2631, 3, 30, Status.SNAKE, 0.07198367820046736
2632, 1, 10, Status.WALL, 0.0719116945222669
2633, 1, 7, Status.SNAKE, 0.07183978282774463
2634, 6, 35, Status.SNAKE, 0.07176794304491688
2635, 1, 11, Status.WALL, 0.07169617510187196
2636, 0, 17, Status.WALL, 0.07162447892677008
2637, 3, 50, Status.WALL, 0.07155285444784332
2638, 1, 14, Status.WALL, 0.07148130159339547
2639, 0, 6, Status.WALL, 0.07140982029180207
2640, 1, 25, Status.SNAKE, 0.07133841047151027
2641, 2, 11, Status.WALL, 0.07126707206103876
2642, 4, 27, Status.WALL, 0.07119580498897772
2643, 1, 20, Status.SNAKE, 0.07112460918398875
2644, 3, 35, Status.SNAKE, 0.07105348457480476
2645, 0, 9, Status.WALL, 0.07098243109022996
2646, 1, 22, Status.SNAKE, 0.07091144865913973
2647, 1, 17, Status.SNAKE, 0.07084053721048059
2648, 2, 18, Status.SNAKE, 0.0707696966732701
2649, 5, 33, Status.SNAKE, 0.07069892697659683
2650, 6, 52, Status.WALL, 0.07062822804962023
2651, 6, 37, Status.SNAKE, 0.0705575998215706
2652, 4, 19, Status.SNAKE, 0.07048704222174904
2653, 3, 20, Status.SNAKE, 0.07041655517952729
2654, 4, 30, Status.WALL, 0.07034613862434776
2655, 2, 19, Status.SNAKE, 0.07027579248572341
2656, 8, 58, Status.SNAKE, 0.07020551669323769
2657, 3, 26, Status.SNAKE, 0.07013531117654445
2658, 7, 58, Status.WALL, 0.07006517586536791
2659, 0, 6, Status.WALL, 0.06999511068950254
2660, 7, 54, Status.WALL, 0.06992511557881304
2661, 1, 11, Status.WALL, 0.06985519046323423
2662, 12, 88, Status.SNAKE, 0.06978533527277099
2663, 7, 42, Status.SNAKE, 0.06971554993749822
2664, 1, 10, Status.WALL, 0.06964583438756072
2665, 2, 16, Status.WALL, 0.06957618855317316
2666, 8, 53, Status.WALL, 0.06950661236461998
2667, 3, 21, Status.WALL, 0.06943710575225537
2668, 6, 25, Status.WALL, 0.06936766864650311
2669, 5, 30, Status.SNAKE, 0.06929830097785661
2670, 0, 6, Status.WALL, 0.06922900267687875
2671, 2, 16, Status.SNAKE, 0.06915977367420187
2672, 2, 10, Status.SNAKE, 0.06909061390052766
2673, 8, 66, Status.WALL, 0.06902152328662714
2674, 3, 28, Status.WALL, 0.06895250176334052
2675, 7, 46, Status.SNAKE, 0.06888354926157718
2676, 7, 41, Status.WALL, 0.0688146657123156
2677, 7, 65, Status.SNAKE, 0.06874585104660329
2678, 1, 3, Status.SNAKE, 0.06867710519555668
2679, 6, 37, Status.WALL, 0.06860842809036113
2680, 3, 25, Status.WALL, 0.06853981966227077
2681, 1, 3, Status.SNAKE, 0.06847127984260849
2682, 3, 41, Status.WALL, 0.06840280856276588
2683, 5, 37, Status.WALL, 0.06833440575420312
2684, 3, 22, Status.SNAKE, 0.06826607134844892
2685, 6, 34, Status.SNAKE, 0.06819780527710047
2686, 3, 23, Status.WALL, 0.06812960747182337
2687, 6, 33, Status.SNAKE, 0.06806147786435154
2688, 1, 3, Status.SNAKE, 0.06799341638648719
2689, 2, 17, Status.WALL, 0.06792542297010071
2690, 5, 45, Status.WALL, 0.06785749754713061
2691, 8, 46, Status.SNAKE, 0.06778964004958347
2692, 5, 37, Status.WALL, 0.06772185040953389
2693, 3, 26, Status.WALL, 0.06765412855912437
2694, 1, 6, Status.WALL, 0.06758647443056524
2695, 3, 30, Status.WALL, 0.06751888795613468
2696, 7, 48, Status.SNAKE, 0.06745136906817856
2697, 0, 4, Status.WALL, 0.06738391769911038
2698, 4, 27, Status.WALL, 0.06731653378141127
2699, 2, 19, Status.SNAKE, 0.06724921724762986
2700, 4, 34, Status.WALL, 0.06718196803038223
2701, 2, 18, Status.WALL, 0.06711478606235186
2702, 6, 54, Status.WALL, 0.06704767127628951
2703, 3, 20, Status.SNAKE, 0.06698062360501322
2704, 3, 14, Status.SNAKE, 0.06691364298140821
2705, 1, 6, Status.SNAKE, 0.06684672933842681
2706, 1, 6, Status.WALL, 0.06677988260908838
2707, 8, 64, Status.SNAKE, 0.06671310272647929
2708, 4, 38, Status.WALL, 0.06664638962375281
2709, 3, 24, Status.SNAKE, 0.06657974323412906
2710, 4, 26, Status.SNAKE, 0.06651316349089494
2711, 11, 54, Status.SNAKE, 0.06644665032740404
2712, 1, 6, Status.WALL, 0.06638020367707664
2713, 7, 79, Status.SNAKE, 0.06631382347339956
2714, 6, 33, Status.SNAKE, 0.06624750964992616
2715, 3, 15, Status.WALL, 0.06618126214027624
2716, 3, 19, Status.SNAKE, 0.06611508087813596
2717, 7, 55, Status.SNAKE, 0.06604896579725783
2718, 5, 37, Status.SNAKE, 0.06598291683146057
2719, 0, 7, Status.WALL, 0.0659169339146291
2720, 4, 35, Status.SNAKE, 0.06585101698071448
2721, 1, 7, Status.WALL, 0.06578516596373377
2722, 1, 12, Status.WALL, 0.06571938079777004
2723, 14, 99, Status.SNAKE, 0.06565366141697226
2724, 6, 50, Status.SNAKE, 0.06558800775555529
2725, 8, 74, Status.WALL, 0.06552241974779974
2726, 3, 13, Status.WALL, 0.06545689732805193
2727, 6, 36, Status.SNAKE, 0.06539144043072388
2728, 1, 5, Status.WALL, 0.06532604899029316
2729, 1, 3, Status.SNAKE, 0.06526072294130288
2730, 5, 27, Status.SNAKE, 0.06519546221836157
2731, 8, 45, Status.SNAKE, 0.06513026675614321
2732, 4, 42, Status.WALL, 0.06506513648938707
2733, 4, 30, Status.WALL, 0.06500007135289768
2734, 6, 48, Status.SNAKE, 0.06493507128154478
2735, 5, 45, Status.WALL, 0.06487013621026325
2736, 1, 3, Status.SNAKE, 0.06480526607405299
2737, 5, 36, Status.SNAKE, 0.06474046080797893
2738, 0, 4, Status.WALL, 0.06467572034717095
2739, 1, 3, Status.SNAKE, 0.06461104462682378
2740, 6, 47, Status.SNAKE, 0.06454643358219696
2741, 1, 18, Status.SNAKE, 0.06448188714861476
2742, 10, 50, Status.SNAKE, 0.06441740526146615
2743, 5, 40, Status.WALL, 0.06435298785620469
2744, 3, 23, Status.WALL, 0.06428863486834849
2745, 5, 40, Status.SNAKE, 0.06422434623348014
2746, 2, 10, Status.WALL, 0.06416012188724667
2747, 3, 25, Status.WALL, 0.06409596176535942
2748, 2, 13, Status.WALL, 0.06403186580359406
2749, 8, 54, Status.SNAKE, 0.06396783393779047
2750, 3, 17, Status.SNAKE, 0.06390386610385268
2751, 1, 12, Status.SNAKE, 0.06383996223774882
2752, 4, 29, Status.SNAKE, 0.06377612227551108
2753, 3, 19, Status.SNAKE, 0.06371234615323557
2754, 4, 25, Status.SNAKE, 0.06364863380708233
2755, 2, 11, Status.WALL, 0.06358498517327525
2756, 6, 47, Status.SNAKE, 0.06352140018810197
2757, 3, 20, Status.WALL, 0.06345787878791387
2758, 5, 33, Status.WALL, 0.06339442090912595
2759, 9, 74, Status.SNAKE, 0.06333102648821683
2760, 2, 8, Status.SNAKE, 0.06326769546172861
2761, 6, 30, Status.SNAKE, 0.06320442776626688
2762, 6, 41, Status.SNAKE, 0.06314122333850061
2763, 9, 79, Status.WALL, 0.06307808211516211
2764, 3, 17, Status.WALL, 0.06301500403304695
2765, 6, 39, Status.SNAKE, 0.0629519890290139
2766, 7, 49, Status.SNAKE, 0.06288903703998489
2767, 4, 21, Status.SNAKE, 0.0628261480029449
2768, 5, 41, Status.WALL, 0.06276332185494196
2769, 0, 5, Status.WALL, 0.06270055853308702
2770, 11, 67, Status.SNAKE, 0.06263785797455393
2771, 5, 39, Status.SNAKE, 0.06257522011657937
2772, 7, 41, Status.SNAKE, 0.0625126448964628
2773, 5, 36, Status.SNAKE, 0.062450132251566336
2774, 6, 26, Status.SNAKE, 0.062387682119314766
2775, 5, 17, Status.SNAKE, 0.06232529443719545
2776, 5, 38, Status.SNAKE, 0.06226296914275825
2777, 3, 29, Status.WALL, 0.06220070617361549
2778, 12, 69, Status.SNAKE, 0.062138505467441874
2779, 4, 41, Status.WALL, 0.06207636696197443
2780, 2, 43, Status.WALL, 0.062014290595012456
2781, 6, 43, Status.WALL, 0.06195227630441744
2782, 0, 4, Status.WALL, 0.06189032402811302
2783, 7, 61, Status.SNAKE, 0.06182843370408491
2784, 7, 33, Status.WALL, 0.061766605270380824
2785, 6, 48, Status.WALL, 0.061704838665110444
2786, 2, 9, Status.WALL, 0.06164313382644533
2787, 1, 17, Status.WALL, 0.06158149069261889
2788, 7, 46, Status.SNAKE, 0.06151990920192627
2789, 5, 40, Status.SNAKE, 0.06145838929272435
2790, 1, 21, Status.SNAKE, 0.061396930903431624
2791, 4, 31, Status.SNAKE, 0.061335533972528195
2792, 1, 7, Status.WALL, 0.061274198438555666
2793, 8, 61, Status.WALL, 0.06121292424011711
2794, 7, 51, Status.SNAKE, 0.06115171131587699
2795, 3, 31, Status.WALL, 0.06109055960456111
2796, 3, 14, Status.SNAKE, 0.06102946904495655
2797, 1, 4, Status.SNAKE, 0.06096843957591159
2798, 2, 11, Status.WALL, 0.06090747113633568
2799, 3, 19, Status.SNAKE, 0.06084656366519934
2800, 4, 36, Status.WALL, 0.06078571710153414
2801, 2, 15, Status.WALL, 0.06072493138443261
2802, 8, 46, Status.WALL, 0.060664206453048174
2803, 6, 44, Status.WALL, 0.06060354224659512
2804, 8, 46, Status.SNAKE, 0.06054293870434853
2805, 17, 91, Status.SNAKE, 0.06048239576564418
2806, 1, 9, Status.WALL, 0.06042191336987854
2807, 10, 55, Status.WALL, 0.06036149145650866
2808, 8, 73, Status.SNAKE, 0.06030112996505215
2809, 9, 70, Status.SNAKE, 0.0602408288350871
2810, 2, 10, Status.WALL, 0.06018058800625201
2811, 8, 52, Status.SNAKE, 0.06012040741824576
2812, 0, 4, Status.WALL, 0.06006028701082751
2813, 4, 25, Status.SNAKE, 0.060000226723816684
2814, 2, 15, Status.SNAKE, 0.059940226497092866
2815, 2, 13, Status.WALL, 0.05988028627059577
2816, 4, 22, Status.WALL, 0.05982040598432518
2817, 7, 44, Status.WALL, 0.05976058557834085
2818, 5, 33, Status.SNAKE, 0.05970082499276251
2819, 5, 60, Status.SNAKE, 0.059641124167769746
2820, 1, 10, Status.WALL, 0.059581483043601974
2821, 7, 46, Status.SNAKE, 0.05952190156055837
2822, 7, 57, Status.SNAKE, 0.05946237965899782
2823, 0, 4, Status.WALL, 0.05940291727933882
2824, 6, 48, Status.SNAKE, 0.05934351436205949
2825, 1, 17, Status.WALL, 0.05928417084769743
2826, 5, 41, Status.SNAKE, 0.05922488667684973
2827, 3, 19, Status.SNAKE, 0.05916566179017289
2828, 4, 26, Status.SNAKE, 0.059106496128382716
2829, 3, 15, Status.SNAKE, 0.05904738963225433
2830, 6, 25, Status.WALL, 0.058988342242622074
2831, 6, 47, Status.WALL, 0.058929353900379455
2832, 6, 24, Status.SNAKE, 0.058870424546479075
2833, 9, 46, Status.SNAKE, 0.0588115541219326
2834, 0, 4, Status.WALL, 0.05875274256781066
2835, 4, 36, Status.SNAKE, 0.058693989825242855
2836, 5, 31, Status.SNAKE, 0.058635295835417614
2837, 5, 44, Status.SNAKE, 0.058576660539582194
2838, 7, 37, Status.SNAKE, 0.058518083879042615
2839, 6, 53, Status.WALL, 0.05845956579516357
2840, 3, 13, Status.WALL, 0.05840110622936841
2841, 9, 77, Status.WALL, 0.05834270512313904
2842, 5, 36, Status.SNAKE, 0.058284362418015906
2843, 6, 51, Status.WALL, 0.05822607805559789
2844, 7, 49, Status.WALL, 0.05816785197754229
2845, 0, 9, Status.WALL, 0.05810968412556475
2846, 1, 11, Status.WALL, 0.058051574441439185
2847, 4, 25, Status.WALL, 0.05799352286699774
2848, 4, 27, Status.WALL, 0.057935529344130744
2849, 7, 55, Status.SNAKE, 0.05787759381478661
2850, 2, 24, Status.WALL, 0.057819716220971824
2851, 6, 40, Status.SNAKE, 0.05776189650475085
2852, 10, 49, Status.WALL, 0.0577041346082461
2853, 2, 19, Status.SNAKE, 0.05764643047363786
2854, 3, 22, Status.SNAKE, 0.05758878404316422
2855, 1, 5, Status.SNAKE, 0.05753119525912106
2856, 6, 41, Status.SNAKE, 0.05747366406386194
2857, 13, 80, Status.SNAKE, 0.057416190399798075
2858, 1, 9, Status.WALL, 0.05735877420939828
2859, 7, 47, Status.SNAKE, 0.05730141543518888
2860, 5, 37, Status.SNAKE, 0.05724411401975369
2861, 2, 20, Status.SNAKE, 0.057186869905733934
2862, 1, 13, Status.WALL, 0.0571296830358282
2863, 1, 9, Status.WALL, 0.05707255335279238
2864, 16, 98, Status.SNAKE, 0.057015480799439584
2865, 8, 49, Status.SNAKE, 0.05695846531864014
2866, 1, 8, Status.SNAKE, 0.0569015068533215
2867, 2, 11, Status.SNAKE, 0.05684460534646818
2868, 7, 43, Status.SNAKE, 0.05678776074112171
2869, 8, 56, Status.WALL, 0.056730972980380594
2870, 6, 26, Status.SNAKE, 0.05667424200740021
2871, 5, 26, Status.SNAKE, 0.05661756776539281
2872, 1, 5, Status.WALL, 0.05656095019762742
2873, 5, 34, Status.WALL, 0.056504389247429794
2874, 3, 19, Status.SNAKE, 0.05644788485818236
2875, 2, 12, Status.WALL, 0.05639143697332418
2876, 4, 32, Status.SNAKE, 0.05633504553635086
2877, 3, 20, Status.SNAKE, 0.05627871049081451
2878, 2, 10, Status.WALL, 0.0562224317803237
2879, 4, 39, Status.SNAKE, 0.056166209348543376
2880, 7, 67, Status.WALL, 0.056110043139194835
2881, 3, 41, Status.WALL, 0.05605393309605564
2882, 6, 43, Status.SNAKE, 0.055997879162959584
2883, 2, 10, Status.SNAKE, 0.055941881283796624
2884, 5, 36, Status.SNAKE, 0.055885939402512824
2885, 6, 51, Status.SNAKE, 0.05583005346311031
2886, 2, 16, Status.SNAKE, 0.0557742234096472
2887, 1, 8, Status.SNAKE, 0.055718449186237556
2888, 6, 42, Status.WALL, 0.055662730737051316
2889, 5, 32, Status.SNAKE, 0.055607068006314264
2890, 7, 45, Status.WALL, 0.05555146093830795
2891, 8, 48, Status.SNAKE, 0.05549590947736964
2892, 3, 19, Status.SNAKE, 0.05544041356789227
2893, 1, 4, Status.WALL, 0.05538497315432438
2894, 4, 28, Status.SNAKE, 0.05532958818117005
2895, 1, 8, Status.WALL, 0.05527425859298888
2896, 1, 9, Status.WALL, 0.05521898433439589
2897, 3, 23, Status.SNAKE, 0.0551637653500615
2898, 2, 14, Status.SNAKE, 0.05510860158471143
2899, 0, 8, Status.WALL, 0.05505349298312672
2900, 7, 46, Status.SNAKE, 0.054998439490143596
2901, 7, 38, Status.SNAKE, 0.05494344105065345
2902, 6, 55, Status.SNAKE, 0.05488849760960279
2903, 4, 29, Status.WALL, 0.05483360911199319
2904, 9, 52, Status.SNAKE, 0.0547787755028812
2905, 2, 18, Status.WALL, 0.054723996727378314
2906, 7, 46, Status.SNAKE, 0.054669272730650934
2907, 2, 18, Status.WALL, 0.05461460345792028
2908, 4, 21, Status.SNAKE, 0.054559988854462366
2909, 1, 3, Status.SNAKE, 0.054505428865607906
2910, 15, 109, Status.SNAKE, 0.0544509234367423
2911, 5, 32, Status.SNAKE, 0.05439647251330556
2912, 2, 8, Status.SNAKE, 0.054342076040792255
2913, 8, 78, Status.SNAKE, 0.054287733964751464
2914, 4, 19, Status.SNAKE, 0.054233446230786714
2915, 3, 16, Status.SNAKE, 0.054179212784555925
2916, 6, 47, Status.WALL, 0.05412503357177137
2917, 3, 21, Status.SNAKE, 0.0540709085381996
2918, 2, 6, Status.WALL, 0.0540168376296614
2919, 3, 19, Status.WALL, 0.053962820792031733
2920, 1, 6, Status.SNAKE, 0.053908857971239704
2921, 8, 51, Status.SNAKE, 0.05385494911326846
2922, 6, 45, Status.SNAKE, 0.0538010941641552
2923, 3, 29, Status.SNAKE, 0.05374729306999104
2924, 3, 20, Status.SNAKE, 0.05369354577692105
2925, 11, 77, Status.SNAKE, 0.053639852231144126
2926, 1, 3, Status.SNAKE, 0.053586212378912985
2927, 1, 6, Status.SNAKE, 0.05353262616653407
2928, 1, 14, Status.SNAKE, 0.053479093540367534
2929, 0, 4, Status.WALL, 0.05342561444682717
2930, 5, 31, Status.SNAKE, 0.05337218883238034
2931, 4, 32, Status.WALL, 0.053318816643547956
2932, 1, 7, Status.SNAKE, 0.05326549782690441
2933, 9, 63, Status.SNAKE, 0.053212232329077506
2934, 3, 22, Status.SNAKE, 0.05315902009674843
2935, 8, 49, Status.WALL, 0.05310586107665168
2936, 6, 41, Status.SNAKE, 0.05305275521557503
2937, 3, 10, Status.SNAKE, 0.052999702460359455
2938, 5, 23, Status.SNAKE, 0.052946702757899096
2939, 3, 23, Status.SNAKE, 0.0528937560551412
2940, 3, 18, Status.SNAKE, 0.05284086229908606
2941, 7, 46, Status.SNAKE, 0.05278802143678697
2942, 2, 7, Status.WALL, 0.052735233415350184
2943, 5, 27, Status.WALL, 0.052682498181934836
2944, 1, 3, Status.SNAKE, 0.052629815683752905
2945, 6, 33, Status.SNAKE, 0.05257718586806915
2946, 13, 93, Status.SNAKE, 0.05252460868220108
2947, 4, 46, Status.WALL, 0.05247208407351888
2948, 4, 43, Status.WALL, 0.052419611989445364
2949, 3, 17, Status.SNAKE, 0.05236719237745592
2950, 5, 58, Status.SNAKE, 0.05231482518507846
2951, 3, 20, Status.SNAKE, 0.052262510359893384
2952, 9, 57, Status.SNAKE, 0.05221024784953349
2953, 5, 24, Status.SNAKE, 0.05215803760168396
2954, 1, 17, Status.WALL, 0.052105879564082275
2955, 8, 53, Status.SNAKE, 0.05205377368451819
2956, 11, 55, Status.SNAKE, 0.052001719910833674
2957, 2, 11, Status.WALL, 0.05194971819092284
2958, 8, 64, Status.SNAKE, 0.05189776847273191
2959, 6, 42, Status.WALL, 0.05184587070425918
2960, 6, 75, Status.WALL, 0.05179402483355492
2961, 14, 100, Status.WALL, 0.05174223080872137
2962, 5, 38, Status.SNAKE, 0.05169048857791265
2963, 1, 10, Status.SNAKE, 0.051638798089334734
2964, 12, 81, Status.WALL, 0.051587159291245396
2965, 3, 25, Status.SNAKE, 0.05153557213195415
2966, 9, 61, Status.SNAKE, 0.0514840365598222
2967, 5, 38, Status.WALL, 0.05143255252326238
2968, 3, 20, Status.SNAKE, 0.05138111997073912
2969, 5, 45, Status.SNAKE, 0.05132973885076838
2970, 2, 20, Status.WALL, 0.05127840911191761
2971, 4, 38, Status.SNAKE, 0.05122713070280569
2972, 1, 17, Status.SNAKE, 0.05117590357210289
2973, 3, 14, Status.SNAKE, 0.05112472766853079
2974, 1, 5, Status.SNAKE, 0.05107360294086226
2975, 4, 20, Status.WALL, 0.051022529337921396
2976, 5, 46, Status.WALL, 0.05097150680858348
2977, 2, 11, Status.WALL, 0.05092053530177489
2978, 4, 21, Status.SNAKE, 0.050869614766473115
2979, 7, 40, Status.WALL, 0.05081874515170664
2980, 5, 34, Status.SNAKE, 0.050767926406554933
2981, 6, 35, Status.WALL, 0.05071715848014838
2982, 7, 44, Status.WALL, 0.050666441321668226
2983, 7, 36, Status.SNAKE, 0.050615774880346555
2984, 5, 38, Status.SNAKE, 0.05056515910546621
2985, 11, 62, Status.SNAKE, 0.05051459394636074
2986, 8, 67, Status.SNAKE, 0.050464079352414384
2987, 4, 23, Status.SNAKE, 0.05041361527306197
2988, 7, 57, Status.SNAKE, 0.05036320165778891
2989, 8, 54, Status.WALL, 0.05031283845613112
2990, 5, 42, Status.SNAKE, 0.05026252561767499
2991, 5, 67, Status.WALL, 0.05021226309205731
2992, 7, 49, Status.WALL, 0.05016205082896526
2993, 3, 14, Status.SNAKE, 0.05011188877813629
2994, 5, 35, Status.SNAKE, 0.05006177688935816
2995, 3, 22, Status.WALL, 0.0500117151124688
2996, 8, 55, Status.WALL, 0.04996170339735633
2997, 5, 29, Status.WALL, 0.049911741693958976
2998, 1, 6, Status.SNAKE, 0.04986182995226502
2999, 2, 26, Status.WALL, 0.049811968122312755
3000, 4, 21, Status.SNAKE, 0.04976215615419044
3001, 0, 7, Status.WALL, 0.04971239399803625
3002, 6, 29, Status.SNAKE, 0.049662681604038215
3003, 3, 20, Status.WALL, 0.04961301892243418
3004, 4, 20, Status.SNAKE, 0.04956340590351174
3005, 7, 39, Status.SNAKE, 0.04951384249760823
3006, 3, 23, Status.WALL, 0.04946432865511062
3007, 5, 51, Status.SNAKE, 0.04941486432645551
3008, 7, 38, Status.WALL, 0.049365449462129056
3009, 9, 47, Status.SNAKE, 0.049316084012666926
3010, 4, 38, Status.SNAKE, 0.04926676792865426
3011, 3, 7, Status.SNAKE, 0.0492175011607256
3012, 3, 14, Status.SNAKE, 0.049168283659564875
3013, 3, 15, Status.SNAKE, 0.04911911537590531
3014, 5, 42, Status.SNAKE, 0.04906999626052941
3015, 5, 30, Status.WALL, 0.04902092626426888
3016, 4, 24, Status.SNAKE, 0.04897190533800461
3017, 11, 71, Status.SNAKE, 0.0489229334326666
3018, 2, 10, Status.SNAKE, 0.048874010499233934
3019, 2, 14, Status.WALL, 0.048825136488734704
3020, 10, 74, Status.WALL, 0.04877631135224597
3021, 2, 16, Status.WALL, 0.04872753504089373
3022, 4, 23, Status.WALL, 0.048678807505852836
3023, 10, 74, Status.WALL, 0.048630128698346986
3024, 6, 31, Status.SNAKE, 0.04858149856964864
3025, 4, 22, Status.SNAKE, 0.04853291707107899
3026, 0, 6, Status.WALL, 0.048484384154007916
3027, 2, 15, Status.SNAKE, 0.04843589976985391
3028, 3, 19, Status.SNAKE, 0.04838746387008405
3029, 1, 8, Status.WALL, 0.04833907640621397
3030, 5, 55, Status.WALL, 0.04829073732980775
3031, 7, 52, Status.SNAKE, 0.04824244659247794
3032, 4, 33, Status.WALL, 0.04819420414588547
3033, 8, 53, Status.SNAKE, 0.048146009941739586
3034, 7, 39, Status.WALL, 0.048097863931797845
3035, 2, 17, Status.SNAKE, 0.04804976606786605
3036, 2, 34, Status.SNAKE, 0.048001716301798183
3037, 3, 33, Status.WALL, 0.04795371458549638
3038, 11, 76, Status.WALL, 0.047905760870910884
3039, 5, 40, Status.SNAKE, 0.047857855110039975
3040, 4, 30, Status.SNAKE, 0.04780999725492994
3041, 3, 10, Status.SNAKE, 0.04776218725767501
3042, 7, 61, Status.SNAKE, 0.047714425070417336
3043, 3, 19, Status.SNAKE, 0.047666710645346916
3044, 9, 54, Status.SNAKE, 0.047619043934701566
3045, 4, 30, Status.SNAKE, 0.047571424890766864
3046, 5, 45, Status.WALL, 0.0475238534658761
3047, 2, 19, Status.SNAKE, 0.047476329612410224
3048, 3, 14, Status.SNAKE, 0.04742885328279781
3049, 7, 34, Status.SNAKE, 0.04738142442951501
3050, 7, 58, Status.WALL, 0.047334043005085494
3051, 2, 7, Status.SNAKE, 0.047286708962080405
3052, 5, 40, Status.SNAKE, 0.04723942225311833
3053, 7, 55, Status.SNAKE, 0.04719218283086521
3054, 11, 55, Status.SNAKE, 0.047144990648034346
3055, 3, 19, Status.SNAKE, 0.04709784565738631
3056, 2, 17, Status.SNAKE, 0.047050747811728924
3057, 5, 39, Status.SNAKE, 0.047003697063917195
3058, 7, 56, Status.WALL, 0.04695669336685328
3059, 13, 93, Status.WALL, 0.04690973667348643
3060, 3, 14, Status.SNAKE, 0.04686282693681294
3061, 3, 17, Status.WALL, 0.04681596410987613
3062, 2, 18, Status.SNAKE, 0.04676914814576626
3063, 5, 15, Status.SNAKE, 0.04672237899762049
3064, 5, 56, Status.SNAKE, 0.046675656618622864
3065, 2, 22, Status.WALL, 0.04662898096200424
3066, 9, 72, Status.SNAKE, 0.046582351981042235
3067, 5, 51, Status.SNAKE, 0.04653576962906119
3068, 4, 49, Status.WALL, 0.04648923385943213
3069, 2, 17, Status.SNAKE, 0.04644274462557269
3070, 9, 66, Status.SNAKE, 0.04639630188094712
3071, 7, 50, Status.SNAKE, 0.046349905579066174
3072, 8, 49, Status.SNAKE, 0.04630355567348711
3073, 3, 32, Status.SNAKE, 0.046257252117813626
3074, 6, 39, Status.SNAKE, 0.04621099486569581
3075, 1, 15, Status.WALL, 0.04616478387083012
3076, 1, 3, Status.SNAKE, 0.04611861908695929
3077, 7, 42, Status.SNAKE, 0.04607250046787233
3078, 2, 13, Status.WALL, 0.04602642796740446
3079, 3, 28, Status.SNAKE, 0.045980401539437055
3080, 6, 37, Status.SNAKE, 0.04593442113789762
3081, 2, 25, Status.SNAKE, 0.04588848671675972
3082, 3, 25, Status.WALL, 0.04584259823004296
3083, 4, 29, Status.SNAKE, 0.045796755631812916
3084, 11, 111, Status.SNAKE, 0.0457509588761811
3085, 2, 8, Status.SNAKE, 0.04570520791730492
3086, 4, 38, Status.SNAKE, 0.04565950270938761
3087, 5, 38, Status.WALL, 0.045613843206678224
3088, 2, 10, Status.SNAKE, 0.045568229363471546
3089, 6, 42, Status.WALL, 0.04552266113410808
3090, 6, 51, Status.SNAKE, 0.04547713847297397
3091, 1, 12, Status.SNAKE, 0.045431661334501
3092, 8, 75, Status.WALL, 0.0453862296731665
3093, 3, 16, Status.SNAKE, 0.04534084344349334
3094, 1, 6, Status.SNAKE, 0.045295502600049845
3095, 8, 85, Status.WALL, 0.04525020709744979
3096, 5, 45, Status.SNAKE, 0.045204956890352345
3097, 8, 76, Status.WALL, 0.04515975193346199
3098, 4, 22, Status.WALL, 0.04511459218152853
3099, 10, 49, Status.SNAKE, 0.045069477589347
3100, 5, 37, Status.SNAKE, 0.045024408111757654
3101, 1, 6, Status.SNAKE, 0.044979383703645896
3102, 1, 6, Status.SNAKE, 0.04493440431994225
3103, 9, 46, Status.SNAKE, 0.04488946991562231
3104, 8, 58, Status.SNAKE, 0.04484458044570669
3105, 3, 22, Status.WALL, 0.04479973586526098
3106, 4, 39, Status.WALL, 0.04475493612939572
3107, 8, 59, Status.SNAKE, 0.04471018119326632
3108, 7, 41, Status.SNAKE, 0.044665471012073056
3109, 6, 46, Status.SNAKE, 0.04462080554106098
3110, 10, 90, Status.SNAKE, 0.04457618473551992
3111, 4, 30, Status.SNAKE, 0.0445316085507844
3112, 3, 23, Status.WALL, 0.04448707694223361
3113, 5, 44, Status.SNAKE, 0.04444258986529138
3114, 6, 41, Status.SNAKE, 0.044398147275426084
3115, 1, 9, Status.WALL, 0.044353749128150655
3116, 9, 58, Status.SNAKE, 0.0443093953790225
3117, 3, 23, Status.SNAKE, 0.04426508598364348
3118, 2, 14, Status.WALL, 0.044220820897659836
3119, 2, 7, Status.WALL, 0.044176600076762176
3120, 1, 14, Status.SNAKE, 0.04413242347668542
3121, 7, 45, Status.WALL, 0.04408829105320873
3122, 6, 73, Status.WALL, 0.044044202762155524
3123, 1, 3, Status.SNAKE, 0.04400015855939337
3124, 1, 6, Status.SNAKE, 0.04395615840083398
3125, 6, 28, Status.SNAKE, 0.04391220224243315
3126, 4, 22, Status.WALL, 0.043868290040190716
3127, 5, 23, Status.SNAKE, 0.04382442175015053
3128, 7, 38, Status.WALL, 0.043780597328400374
3129, 2, 22, Status.SNAKE, 0.04373681673107197
3130, 12, 54, Status.SNAKE, 0.0436930799143409
3131, 2, 5, Status.SNAKE, 0.043649386834426554
3132, 1, 7, Status.SNAKE, 0.04360573744759213
3133, 4, 32, Status.WALL, 0.04356213171014454
3134, 1, 6, Status.SNAKE, 0.04351856957843439
3135, 5, 25, Status.SNAKE, 0.04347505100885596
3136, 2, 19, Status.WALL, 0.0434315759578471
3137, 6, 42, Status.WALL, 0.04338814438188925
3138, 11, 75, Status.SNAKE, 0.043344756237507366
3139, 2, 27, Status.WALL, 0.043301411481269855
3140, 11, 59, Status.SNAKE, 0.04325811006978859
3141, 3, 32, Status.WALL, 0.043214851959718796
3142, 4, 26, Status.WALL, 0.04317163710775908
3143, 2, 17, Status.SNAKE, 0.04312846547065132
3144, 5, 34, Status.SNAKE, 0.04308533700518067
3145, 4, 29, Status.WALL, 0.04304225166817549
3146, 9, 81, Status.SNAKE, 0.04299920941650732
3147, 5, 30, Status.WALL, 0.04295621020709081
3148, 9, 63, Status.SNAKE, 0.04291325399688372
3149, 7, 46, Status.WALL, 0.042870340742886835
3150, 2, 23, Status.WALL, 0.04282747040214395
3151, 10, 62, Status.WALL, 0.042784642931741806
3152, 4, 25, Status.SNAKE, 0.04274185828881007
3153, 2, 17, Status.WALL, 0.04269911643052126
3154, 9, 51, Status.SNAKE, 0.04265641731409074
3155, 10, 47, Status.SNAKE, 0.04261376089677665
3156, 2, 17, Status.SNAKE, 0.042571147135879873
3157, 7, 42, Status.SNAKE, 0.042528575988743995
3158, 7, 53, Status.WALL, 0.04248604741275525
3159, 3, 14, Status.SNAKE, 0.0424435613653425
3160, 7, 37, Status.SNAKE, 0.04240111780397716
3161, 2, 22, Status.SNAKE, 0.04235871668617318
3162, 2, 16, Status.WALL, 0.042316357969487
3163, 3, 24, Status.WALL, 0.042274041611517515
3164, 1, 10, Status.WALL, 0.042231767569906
3165, 2, 18, Status.SNAKE, 0.042189535802336094
3166, 7, 36, Status.SNAKE, 0.042147346266533756
3167, 5, 32, Status.SNAKE, 0.04210519892026722
3168, 1, 15, Status.WALL, 0.04206309372134695
3169, 0, 8, Status.WALL, 0.042021030627625605
3170, 3, 15, Status.SNAKE, 0.041979009596997977
3171, 4, 22, Status.SNAKE, 0.041937030587400975
3172, 6, 41, Status.WALL, 0.041895093556813576
3173, 4, 38, Status.WALL, 0.04185319846325676
3174, 0, 6, Status.WALL, 0.041811345264793506
3175, 5, 35, Status.WALL, 0.041769533919528715
3176, 8, 62, Status.WALL, 0.041727764385609184
3177, 3, 17, Status.SNAKE, 0.041686036621223575
3178, 4, 30, Status.SNAKE, 0.04164435058460235
3179, 0, 6, Status.WALL, 0.041602706234017746
3180, 3, 20, Status.WALL, 0.04156110352778373
3181, 4, 42, Status.WALL, 0.04151954242425594
3182, 4, 22, Status.SNAKE, 0.04147802288183169
3183, 3, 21, Status.WALL, 0.041436544858949854
3184, 2, 13, Status.WALL, 0.041395108314090906
3185, 13, 78, Status.SNAKE, 0.04135371320577681
3186, 0, 7, Status.WALL, 0.04131235949257103
3187, 6, 33, Status.SNAKE, 0.04127104713307846
3188, 4, 19, Status.SNAKE, 0.041229776085945385
3189, 1, 18, Status.SNAKE, 0.04118854630985944
3190, 7, 44, Status.SNAKE, 0.04114735776354959
3191, 11, 79, Status.SNAKE, 0.04110621040578604
3192, 7, 45, Status.SNAKE, 0.04106510419538025
3193, 4, 23, Status.WALL, 0.04102403909118487
3194, 4, 38, Status.WALL, 0.04098301505209369
3195, 2, 16, Status.WALL, 0.040942032037041595
3196, 5, 43, Status.SNAKE, 0.04090109000500455
3197, 4, 41, Status.WALL, 0.04086018891499955
3198, 4, 36, Status.WALL, 0.04081932872608455
3199, 5, 34, Status.SNAKE, 0.04077850939735846
3200, 9, 58, Status.SNAKE, 0.04073773088796111
3201, 3, 18, Status.WALL, 0.04069699315707315
3202, 4, 24, Status.WALL, 0.04065629616391608
3203, 2, 8, Status.SNAKE, 0.040615639867752164
3204, 3, 25, Status.WALL, 0.040575024227884414
3205, 5, 32, Status.SNAKE, 0.04053444920365653
3206, 4, 19, Status.SNAKE, 0.040493914754452874
3207, 0, 7, Status.WALL, 0.04045342083969842
3208, 6, 36, Status.SNAKE, 0.04041296741885872
3209, 1, 8, Status.SNAKE, 0.04037255445143986
3210, 5, 36, Status.WALL, 0.04033218189698842
3211, 7, 64, Status.SNAKE, 0.040291849715091435
3212, 1, 6, Status.SNAKE, 0.04025155786537634
3213, 3, 31, Status.SNAKE, 0.04021130630751096
3214, 1, 8, Status.SNAKE, 0.04017109500120345
3215, 3, 20, Status.WALL, 0.040130923906202244
3216, 1, 12, Status.WALL, 0.04009079298229604
3217, 7, 47, Status.WALL, 0.040050702189313746
3218, 9, 72, Status.SNAKE, 0.04001065148712443
3219, 3, 13, Status.WALL, 0.03997064083563731
3220, 2, 19, Status.WALL, 0.039930670194801676
3221, 2, 11, Status.SNAKE, 0.03989073952460687
3222, 1, 11, Status.WALL, 0.039850848785082264
3223, 0, 8, Status.WALL, 0.03981099793629718
3224, 5, 32, Status.SNAKE, 0.03977118693836088
3225, 10, 66, Status.SNAKE, 0.03973141575142252
3226, 9, 61, Status.SNAKE, 0.0396916843356711
3227, 10, 64, Status.SNAKE, 0.03965199265133543
3228, 6, 39, Status.SNAKE, 0.03961234065868409
3229, 2, 5, Status.WALL, 0.039572728318025406
3230, 5, 26, Status.SNAKE, 0.03953315558970738
3231, 4, 25, Status.WALL, 0.03949362243411767
3232, 6, 43, Status.SNAKE, 0.03945412881168355
3233, 1, 11, Status.WALL, 0.03941467468287187
3234, 11, 58, Status.SNAKE, 0.03937526000818899
3235, 1, 8, Status.SNAKE, 0.039335884748180804
3236, 13, 89, Status.SNAKE, 0.039296548863432625
3237, 1, 20, Status.WALL, 0.03925725231456919
3238, 1, 8, Status.WALL, 0.039217995062254624
3239, 5, 41, Status.SNAKE, 0.03917877706719237
3240, 3, 16, Status.SNAKE, 0.03913959829012518
3241, 5, 37, Status.SNAKE, 0.03910045869183505
3242, 3, 19, Status.WALL, 0.03906135823314322
3243, 4, 27, Status.SNAKE, 0.03902229687491007
3244, 9, 53, Status.SNAKE, 0.03898327457803516
3245, 7, 47, Status.SNAKE, 0.038944291303457126
3246, 1, 6, Status.SNAKE, 0.03890534701215367
3247, 4, 27, Status.WALL, 0.03886644166514151
3248, 8, 56, Status.WALL, 0.03882757522347637
3249, 4, 32, Status.SNAKE, 0.038788747648252894
3250, 1, 6, Status.SNAKE, 0.03874995890060464
3251, 1, 8, Status.WALL, 0.03871120894170404
3252, 2, 22, Status.SNAKE, 0.03867249773276234
3253, 9, 60, Status.SNAKE, 0.038633825235029576
3254, 5, 25, Status.SNAKE, 0.038595191409794546
3255, 3, 16, Status.WALL, 0.03855659621838475
3256, 4, 22, Status.WALL, 0.03851803962216637
3257, 9, 57, Status.SNAKE, 0.0384795215825442
3258, 1, 5, Status.WALL, 0.03844104206096166
3259, 7, 34, Status.WALL, 0.0384026010189007
3260, 0, 7, Status.WALL, 0.0383641984178818
3261, 1, 6, Status.SNAKE, 0.03832583421946392
3262, 1, 3, Status.SNAKE, 0.03828750838524446
3263, 9, 54, Status.SNAKE, 0.03824922087685922
3264, 12, 91, Status.WALL, 0.038210971655982355
3265, 6, 35, Status.SNAKE, 0.03817276068432637
3266, 4, 33, Status.SNAKE, 0.03813458792364205
3267, 6, 51, Status.WALL, 0.03809645333571841
3268, 6, 40, Status.SNAKE, 0.03805835688238269
3269, 12, 70, Status.SNAKE, 0.038020298525500304
3270, 9, 60, Status.SNAKE, 0.0379822782269748
3271, 3, 27, Status.WALL, 0.037944295948747826
3272, 5, 35, Status.SNAKE, 0.03790635165279908
3273, 5, 43, Status.WALL, 0.037868445301146275
3274, 5, 40, Status.SNAKE, 0.03783057685584513
3275, 1, 17, Status.WALL, 0.037792746278989285
3276, 4, 35, Status.WALL, 0.03775495353271029
3277, 9, 55, Status.SNAKE, 0.03771719857917758
3278, 2, 24, Status.WALL, 0.0376794813805984
3279, 4, 33, Status.WALL, 0.0376418018992178
3280, 3, 12, Status.SNAKE, 0.03760416009731858
3281, 6, 43, Status.WALL, 0.03756655593722126
3282, 5, 32, Status.SNAKE, 0.03752898938128404
3283, 2, 13, Status.WALL, 0.03749146039190275
3284, 5, 23, Status.SNAKE, 0.037453968931510845
3285, 1, 3, Status.SNAKE, 0.037416514962579334
3286, 8, 48, Status.WALL, 0.037379098447616756
3287, 3, 17, Status.WALL, 0.03734171934916914
3288, 4, 23, Status.SNAKE, 0.037304377629819974
3289, 1, 8, Status.SNAKE, 0.037267073252190155
3290, 2, 10, Status.SNAKE, 0.037229806178937966
3291, 10, 45, Status.SNAKE, 0.03719257637275903
3292, 1, 7, Status.SNAKE, 0.03715538379638627
3293, 3, 15, Status.SNAKE, 0.03711822841258988
3294, 4, 23, Status.SNAKE, 0.03708111018417729
3295, 7, 54, Status.SNAKE, 0.037044029073993116
3296, 3, 30, Status.SNAKE, 0.03700698504491912
3297, 8, 52, Status.SNAKE, 0.0369699780598742
3298, 3, 7, Status.WALL, 0.03693300808181433
3299, 1, 9, Status.SNAKE, 0.036896075073732514
3300, 5, 36, Status.WALL, 0.03685917899865878
3301, 1, 9, Status.WALL, 0.036822319819660124
3302, 3, 23, Status.SNAKE, 0.03678549749984046
3303, 4, 26, Status.SNAKE, 0.036748712002340624
3304, 8, 60, Status.WALL, 0.03671196329033828
3305, 5, 42, Status.SNAKE, 0.03667525132704794
3306, 3, 18, Status.SNAKE, 0.036638576075720894
3307, 1, 7, Status.WALL, 0.036601937499645174
3308, 1, 8, Status.SNAKE, 0.03656533556214553
3309, 8, 54, Status.SNAKE, 0.036528770226583386
3310, 6, 36, Status.WALL, 0.0364922414563568
3311, 3, 27, Status.SNAKE, 0.03645574921490045
3312, 9, 68, Status.SNAKE, 0.036419293465685544
3313, 1, 3, Status.SNAKE, 0.03638287417221986
3314, 4, 30, Status.WALL, 0.03634649129804764
3315, 4, 21, Status.SNAKE, 0.036310144806749586
3316, 1, 3, Status.SNAKE, 0.03627383466194284
3317, 3, 12, Status.SNAKE, 0.0362375608272809
3318, 7, 50, Status.WALL, 0.03620132326645362
3319, 4, 38, Status.SNAKE, 0.03616512194318716
3320, 4, 25, Status.SNAKE, 0.03612895682124397
3321, 1, 8, Status.SNAKE, 0.03609282786442273
3322, 8, 49, Status.WALL, 0.036056735036558304
3323, 1, 12, Status.WALL, 0.036020678301521745
3324, 1, 6, Status.SNAKE, 0.03598465762322022
3325, 0, 7, Status.WALL, 0.035948672965597
3326, 6, 33, Status.WALL, 0.035912724292631405
3327, 4, 24, Status.WALL, 0.03587681156833877
3328, 7, 37, Status.WALL, 0.035840934756770436
3329, 3, 17, Status.SNAKE, 0.03580509382201367
3330, 5, 25, Status.SNAKE, 0.035769288728191656
3331, 7, 52, Status.SNAKE, 0.035733519439463464
3332, 5, 23, Status.SNAKE, 0.035697785920024
3333, 5, 36, Status.SNAKE, 0.03566208813410397
3334, 6, 44, Status.SNAKE, 0.03562642604596987
3335, 9, 40, Status.SNAKE, 0.035590799619923896
3336, 5, 31, Status.SNAKE, 0.035555208820303975
3337, 2, 18, Status.WALL, 0.035519653611483674
3338, 4, 39, Status.SNAKE, 0.03548413395787219
3339, 6, 44, Status.WALL, 0.03544864982391432
3340, 10, 43, Status.SNAKE, 0.0354132011740904
3341, 3, 22, Status.WALL, 0.03537778797291631
3342, 1, 7, Status.WALL, 0.03534241018494339
3343, 16, 89, Status.SNAKE, 0.03530706777475845
3344, 8, 44, Status.WALL, 0.03527176070698369
3345, 6, 34, Status.SNAKE, 0.035236488946276706
3346, 3, 14, Status.SNAKE, 0.03520125245733043
3347, 9, 62, Status.WALL, 0.0351660512048731
3348, 8, 40, Status.SNAKE, 0.03513088515366823
3349, 3, 20, Status.WALL, 0.035095754268514565
3350, 7, 41, Status.WALL, 0.03506065851424605
3351, 1, 6, Status.WALL, 0.0350255978557318
3352, 8, 59, Status.WALL, 0.03499057225787607
3353, 5, 26, Status.SNAKE, 0.034955581685618194
3354, 7, 52, Status.WALL, 0.034920626103932574
3355, 4, 30, Status.SNAKE, 0.03488570547782864
3356, 8, 43, Status.WALL, 0.03485081977235081
3357, 2, 19, Status.WALL, 0.03481596895257846
3358, 3, 21, Status.SNAKE, 0.034781152983625885
3359, 4, 34, Status.WALL, 0.03474637183064226
3360, 5, 33, Status.SNAKE, 0.03471162545881162
3361, 5, 47, Status.SNAKE, 0.03467691383335281
3362, 1, 15, Status.WALL, 0.034642236919519453
3363, 6, 42, Status.SNAKE, 0.03460759468259993
3364, 5, 26, Status.SNAKE, 0.03457298708791733
3365, 9, 45, Status.SNAKE, 0.03453841410082942
3366, 9, 48, Status.SNAKE, 0.03450387568672859
3367, 5, 42, Status.SNAKE, 0.03446937181104186
3368, 4, 27, Status.SNAKE, 0.034434902439230815
3369, 2, 17, Status.WALL, 0.03440046753679158
3370, 7, 43, Status.SNAKE, 0.03436606706925479
3371, 3, 13, Status.SNAKE, 0.034331701002185536
3372, 2, 9, Status.SNAKE, 0.03429736930118335
3373, 1, 8, Status.WALL, 0.03426307193188217
3374, 3, 18, Status.SNAKE, 0.034228808859950284
3375, 8, 55, Status.SNAKE, 0.034194580051090336
3376, 10, 78, Status.SNAKE, 0.034160385471039244
3377, 4, 28, Status.SNAKE, 0.0341262250855682
3378, 4, 43, Status.WALL, 0.03409209886048263
3379, 1, 8, Status.WALL, 0.03405800676162215
3380, 6, 56, Status.SNAKE, 0.03402394875486053
3381, 0, 7, Status.WALL, 0.033989924806105666
3382, 4, 25, Status.WALL, 0.03395593488129956
3383, 5, 30, Status.SNAKE, 0.03392197894641826
3384, 3, 29, Status.WALL, 0.033888056967471845
3385, 0, 6, Status.WALL, 0.03385416891050437
3386, 2, 14, Status.SNAKE, 0.03382031474159387
3387, 5, 28, Status.SNAKE, 0.033786494426852276
3388, 1, 6, Status.SNAKE, 0.03375270793242542
3389, 3, 26, Status.WALL, 0.033718955224492995
3390, 1, 3, Status.SNAKE, 0.033685236269268504
3391, 3, 18, Status.SNAKE, 0.03365155103299924
3392, 7, 65, Status.SNAKE, 0.03361789948196624
3393, 2, 17, Status.SNAKE, 0.03358428158248427
3394, 2, 38, Status.SNAKE, 0.03355069730090179
3395, 6, 47, Status.WALL, 0.03351714660360088
3396, 1, 14, Status.SNAKE, 0.03348362945699728
3397, 0, 16, Status.WALL, 0.03345014582754029
3398, 1, 27, Status.WALL, 0.033416695681712745
3399, 7, 54, Status.SNAKE, 0.03338327898603103
3400, 1, 9, Status.SNAKE, 0.033349895707044996
3401, 7, 61, Status.WALL, 0.03331654581133795
3402, 7, 62, Status.SNAKE, 0.03328322926552661
3403, 2, 19, Status.SNAKE, 0.03324994603626109
3404, 4, 34, Status.SNAKE, 0.033216696090224825
3405, 9, 67, Status.SNAKE, 0.0331834793941346
3406, 4, 22, Status.SNAKE, 0.03315029591474047
3407, 3, 20, Status.SNAKE, 0.03311714561882573
3408, 9, 64, Status.SNAKE, 0.0330840284732069
3409, 2, 21, Status.SNAKE, 0.03305094444473369
3410, 1, 8, Status.SNAKE, 0.03301789350028896
3411, 4, 43, Status.SNAKE, 0.03298487560678867
3412, 1, 11, Status.SNAKE, 0.03295189073118188
3413, 2, 15, Status.WALL, 0.032918938840450704
3414, 2, 15, Status.WALL, 0.032886019901610254
3415, 6, 38, Status.SNAKE, 0.03285313388170864
3416, 2, 21, Status.SNAKE, 0.03282028074782693
3417, 5, 25, Status.SNAKE, 0.03278746046707911
3418, 1, 24, Status.WALL, 0.03275467300661203
3419, 3, 26, Status.SNAKE, 0.03272191833360542
3420, 3, 29, Status.SNAKE, 0.032689196415271814
3421, 2, 14, Status.SNAKE, 0.032656507218856545
3422, 14, 78, Status.SNAKE, 0.03262385071163769
3423, 7, 47, Status.SNAKE, 0.032591226860926054
3424, 4, 27, Status.SNAKE, 0.03255863563406513
3425, 2, 14, Status.SNAKE, 0.03252607699843106
3426, 3, 19, Status.WALL, 0.03249355092143263
3427, 5, 38, Status.SNAKE, 0.03246105737051119
3428, 8, 69, Status.SNAKE, 0.032428596313140684
3429, 3, 25, Status.SNAKE, 0.032396167716827545
3430, 3, 17, Status.WALL, 0.032363771549110715
3431, 4, 24, Status.WALL, 0.032331407777561605
3432, 4, 32, Status.SNAKE, 0.03229907636978405
3433, 3, 29, Status.SNAKE, 0.03226677729341426
3434, 5, 30, Status.SNAKE, 0.03223451051612085
3435, 6, 44, Status.SNAKE, 0.03220227600560473
3436, 1, 14, Status.WALL, 0.032170073729599125
3437, 7, 41, Status.SNAKE, 0.03213790365586953
3438, 1, 10, Status.SNAKE, 0.03210576575221366
3439, 1, 10, Status.SNAKE, 0.032073659986461445
3440, 2, 18, Status.WALL, 0.03204158632647498
3441, 5, 27, Status.SNAKE, 0.032009544740148506
3442, 0, 10, Status.WALL, 0.03197753519540836
3443, 8, 68, Status.SNAKE, 0.031945557660212946
3444, 4, 30, Status.SNAKE, 0.03191361210255273
3445, 1, 6, Status.SNAKE, 0.03188169849045018
3446, 4, 33, Status.SNAKE, 0.03184981679195973
3447, 2, 11, Status.SNAKE, 0.03181796697516777
3448, 0, 9, Status.WALL, 0.0317861490081926
3449, 2, 14, Status.SNAKE, 0.031754362859184405
3450, 7, 58, Status.WALL, 0.03172260849632522
3451, 3, 18, Status.WALL, 0.031690885887828896
3452, 2, 6, Status.WALL, 0.031659195001941066
3453, 6, 71, Status.WALL, 0.031627535806939125
3454, 4, 26, Status.SNAKE, 0.031595908271132185
3455, 0, 10, Status.WALL, 0.03156431236286105
3456, 3, 42, Status.SNAKE, 0.03153274805049819
3457, 3, 15, Status.SNAKE, 0.03150121530244769
3458, 2, 16, Status.WALL, 0.031469714087145245
3459, 3, 27, Status.SNAKE, 0.0314382443730581
3460, 7, 64, Status.SNAKE, 0.031406806128685044
3461, 6, 41, Status.SNAKE, 0.03137539932255636
3462, 3, 27, Status.SNAKE, 0.03134402392323381
3463, 4, 33, Status.SNAKE, 0.03131267989931057
3464, 3, 19, Status.WALL, 0.031281367219411264
3465, 8, 68, Status.SNAKE, 0.031250085852191856
3466, 2, 15, Status.WALL, 0.031218835766339662
3467, 3, 39, Status.SNAKE, 0.03118761693057332
3468, 1, 11, Status.SNAKE, 0.031156429313642747
3469, 2, 16, Status.WALL, 0.031125272884329105
3470, 7, 56, Status.SNAKE, 0.031094147611444776
3471, 4, 27, Status.SNAKE, 0.03106305346383333
3472, 7, 41, Status.SNAKE, 0.031031990410369498
3473, 9, 74, Status.SNAKE, 0.03100095841995913
3474, 6, 35, Status.SNAKE, 0.03096995746153917
3475, 5, 36, Status.SNAKE, 0.03093898750407763
3476, 7, 32, Status.SNAKE, 0.030908048516573555
3477, 7, 60, Status.SNAKE, 0.030877140468056983
3478, 8, 42, Status.SNAKE, 0.030846263327588927
3479, 7, 55, Status.SNAKE, 0.030815417064261337
3480, 3, 11, Status.SNAKE, 0.030784601647197075
3481, 10, 78, Status.SNAKE, 0.03075381704554988
3482, 3, 30, Status.WALL, 0.03072306322850433
3483, 7, 45, Status.WALL, 0.030692340165275823
3484, 3, 27, Status.WALL, 0.030661647825110546
3485, 2, 10, Status.SNAKE, 0.030630986177285435
3486, 10, 74, Status.SNAKE, 0.03060035519110815
3487, 15, 80, Status.SNAKE, 0.03056975483591704
3488, 13, 81, Status.SNAKE, 0.030539185081081124
3489, 1, 8, Status.SNAKE, 0.030508645896000042
3490, 6, 40, Status.SNAKE, 0.030478137250104044
3491, 8, 59, Status.SNAKE, 0.03044765911285394
3492, 7, 54, Status.SNAKE, 0.030417211453741086
3493, 7, 47, Status.WALL, 0.030386794242287345
3494, 3, 25, Status.SNAKE, 0.030356407448045058
3495, 7, 45, Status.SNAKE, 0.03032605104059701
3496, 8, 47, Status.WALL, 0.030295724989556416
3497, 8, 46, Status.SNAKE, 0.030265429264566858
3498, 6, 44, Status.SNAKE, 0.03023516383530229
3499, 1, 7, Status.WALL, 0.03020492867146699
3500, 5, 23, Status.SNAKE, 0.03017472374279552
3501, 5, 39, Status.SNAKE, 0.030144549019052724
3502, 5, 25, Status.WALL, 0.030114404470033673
3503, 9, 62, Status.SNAKE, 0.030084290065563637
3504, 6, 40, Status.SNAKE, 0.030054205775498073
3505, 11, 69, Status.WALL, 0.030024151569722574
3506, 5, 33, Status.SNAKE, 0.02999412741815285
3507, 3, 17, Status.WALL, 0.029964133290734697
3508, 9, 69, Status.SNAKE, 0.029934169157443964
3509, 5, 39, Status.SNAKE, 0.02990423498828652
3510, 2, 24, Status.WALL, 0.029874330753298234
3511, 1, 3, Status.SNAKE, 0.029844456422544935
3512, 2, 11, Status.WALL, 0.029814611966122388
3513, 1, 11, Status.WALL, 0.029784797354156265
3514, 6, 25, Status.SNAKE, 0.02975501255680211
3515, 9, 60, Status.SNAKE, 0.029725257544245307
3516, 5, 36, Status.WALL, 0.029695532286701062
3517, 4, 23, Status.SNAKE, 0.029665836754414362
3518, 5, 31, Status.SNAKE, 0.029636170917659948
3519, 10, 64, Status.SNAKE, 0.029606534746742286
3520, 6, 48, Status.SNAKE, 0.029576928211995545
3521, 1, 15, Status.WALL, 0.029547351283783548
3522, 1, 15, Status.WALL, 0.029517803932499764
3523, 7, 60, Status.WALL, 0.029488286128567263
3524, 2, 14, Status.WALL, 0.029458797842438697
3525, 10, 69, Status.WALL, 0.02942933904459626
3526, 5, 24, Status.SNAKE, 0.029399909705551664
3527, 2, 13, Status.WALL, 0.02937050979584611
3528, 1, 6, Status.WALL, 0.029341139286050266
3529, 3, 23, Status.SNAKE, 0.029311798146764215
3530, 2, 11, Status.WALL, 0.02928248634861745
3531, 12, 77, Status.SNAKE, 0.029253203862268835
3532, 3, 14, Status.WALL, 0.029223950658406567
3533, 8, 32, Status.SNAKE, 0.02919472670774816
3534, 7, 64, Status.WALL, 0.02916553198104041
3535, 3, 11, Status.SNAKE, 0.02913636644905937
3536, 3, 20, Status.SNAKE, 0.02910723008261031
3537, 7, 34, Status.SNAKE, 0.0290781228525277
3538, 4, 22, Status.SNAKE, 0.02904904472967517
3539, 1, 15, Status.WALL, 0.029019995684945496
3540, 2, 30, Status.WALL, 0.02899097568926055
3541, 5, 43, Status.WALL, 0.02896198471357129
3542, 5, 22, Status.SNAKE, 0.028933022728857716
3543, 6, 37, Status.WALL, 0.028904089706128858
3544, 2, 12, Status.SNAKE, 0.02887518561642273
3545, 3, 19, Status.SNAKE, 0.028846310430806307
3546, 3, 28, Status.SNAKE, 0.028817464120375502
3547, 1, 3, Status.SNAKE, 0.028788646656255128
3548, 12, 68, Status.SNAKE, 0.028759858009598873
3549, 8, 50, Status.SNAKE, 0.028731098151589272
3550, 2, 12, Status.WALL, 0.028702367053437684
3551, 10, 78, Status.SNAKE, 0.028673664686384246
3552, 8, 50, Status.SNAKE, 0.02864499102169786
3553, 6, 44, Status.SNAKE, 0.028616346030676164
3554, 11, 60, Status.SNAKE, 0.02858772968464549
3555, 1, 5, Status.SNAKE, 0.028559141954960843
3556, 2, 14, Status.WALL, 0.02853058281300588
3557, 3, 19, Status.SNAKE, 0.028502052230192875
3558, 5, 29, Status.SNAKE, 0.028473550177962683
3559, 1, 9, Status.SNAKE, 0.02844507662778472
3560, 6, 53, Status.SNAKE, 0.028416631551156934
3561, 12, 109, Status.SNAKE, 0.028388214919605775
3562, 6, 39, Status.SNAKE, 0.028359826704686168
3563, 1, 13, Status.WALL, 0.028331466877981482
3564, 2, 15, Status.WALL, 0.028303135411103502
3565, 9, 73, Status.SNAKE, 0.0282748322756924
3566, 7, 34, Status.SNAKE, 0.028246557443416708
3567, 2, 4, Status.SNAKE, 0.02821831088597329
3568, 2, 9, Status.SNAKE, 0.028190092575087318
3569, 3, 19, Status.SNAKE, 0.02816190248251223
3570, 8, 77, Status.SNAKE, 0.02813374058002972
3571, 8, 48, Status.WALL, 0.02810560683944969
3572, 6, 42, Status.SNAKE, 0.028077501232610238
3573, 14, 79, Status.SNAKE, 0.02804942373137763
3574, 1, 5, Status.WALL, 0.02802137430764625
3575, 7, 42, Status.SNAKE, 0.027993352933338603
3576, 3, 17, Status.SNAKE, 0.027965359580405264
3577, 4, 35, Status.WALL, 0.02793739422082486
3578, 4, 24, Status.SNAKE, 0.027909456826604034
3579, 1, 6, Status.WALL, 0.02788154736977743
3580, 4, 33, Status.SNAKE, 0.027853665822407652
3581, 2, 13, Status.SNAKE, 0.027825812156585243
3582, 1, 9, Status.WALL, 0.02779798634442866
3583, 3, 20, Status.SNAKE, 0.02777018835808423
3584, 7, 52, Status.SNAKE, 0.027742418169726144
3585, 1, 3, Status.SNAKE, 0.02771467575155642
3586, 3, 19, Status.WALL, 0.027686961075804862
3587, 1, 12, Status.WALL, 0.027659274114729057
3588, 3, 9, Status.SNAKE, 0.027631614840614327
3589, 3, 19, Status.SNAKE, 0.027603983225773714
3590, 1, 4, Status.SNAKE, 0.02757637924254794
3591, 7, 57, Status.SNAKE, 0.027548802863305393
3592, 7, 51, Status.SNAKE, 0.027521254060442087
3593, 4, 24, Status.SNAKE, 0.027493732806381645
3594, 2, 11, Status.SNAKE, 0.027466239073575264
3595, 5, 39, Status.SNAKE, 0.02743877283450169
3596, 9, 62, Status.SNAKE, 0.027411334061667188
3597, 5, 39, Status.SNAKE, 0.02738392272760552
3598, 1, 15, Status.WALL, 0.027356538804877914
3599, 11, 75, Status.WALL, 0.027329182266073036
3600, 3, 22, Status.SNAKE, 0.027301853083806962
3601, 3, 18, Status.SNAKE, 0.027274551230723157
3602, 12, 95, Status.SNAKE, 0.027247276679492435
3603, 5, 37, Status.WALL, 0.027220029402812942
3604, 8, 52, Status.SNAKE, 0.02719280937341013
3605, 9, 74, Status.SNAKE, 0.02716561656403672
3606, 1, 5, Status.SNAKE, 0.027138450947472685
3607, 4, 30, Status.WALL, 0.027111312496525212
3608, 4, 22, Status.SNAKE, 0.027084201184028687
3609, 5, 36, Status.SNAKE, 0.02705711698284466
3610, 6, 29, Status.SNAKE, 0.027030059865861815
3611, 2, 15, Status.SNAKE, 0.027003029805995952
3612, 6, 35, Status.SNAKE, 0.026976026776189956
3613, 3, 19, Status.SNAKE, 0.026949050749413766
3614, 3, 19, Status.WALL, 0.026922101698664352
3615, 1, 3, Status.SNAKE, 0.026895179596965687
3616, 5, 38, Status.SNAKE, 0.026868284417368722
3617, 11, 68, Status.SNAKE, 0.026841416132951355
3618, 3, 26, Status.SNAKE, 0.026814574716818404
3619, 7, 35, Status.SNAKE, 0.026787760142101585
3620, 8, 51, Status.SNAKE, 0.026760972381959482
3621, 15, 97, Status.SNAKE, 0.026734211409577522
3622, 2, 14, Status.WALL, 0.026707477198167944
3623, 1, 3, Status.SNAKE, 0.026680769720969777
3624, 10, 60, Status.WALL, 0.02665408895124881
3625, 7, 43, Status.WALL, 0.026627434862297558
3626, 7, 43, Status.SNAKE, 0.02660080742743526
3627, 11, 79, Status.SNAKE, 0.026574206620007826
3628, 6, 49, Status.SNAKE, 0.02654763241338782
3629, 9, 31, Status.WALL, 0.02652108478097443
3630, 2, 22, Status.SNAKE, 0.026494563696193456
3631, 1, 13, Status.SNAKE, 0.026468069132497263
3632, 3, 14, Status.SNAKE, 0.026441601063364767
3633, 9, 74, Status.SNAKE, 0.026415159462301403
3634, 7, 36, Status.WALL, 0.0263887443028391
3635, 5, 28, Status.WALL, 0.02636235555853626
3636, 8, 54, Status.SNAKE, 0.026335993202977723
3637, 6, 29, Status.SNAKE, 0.026309657209774746
3638, 3, 27, Status.SNAKE, 0.02628334755256497
3639, 7, 54, Status.SNAKE, 0.026257064205012406
3640, 7, 54, Status.WALL, 0.026230807140807395
3641, 7, 49, Status.SNAKE, 0.026204576333666588
3642, 6, 34, Status.SNAKE, 0.02617837175733292
3643, 9, 67, Status.SNAKE, 0.02615219338557559
3644, 10, 74, Status.SNAKE, 0.026126041192190013
3645, 3, 20, Status.WALL, 0.026099915150997823
3646, 6, 50, Status.SNAKE, 0.026073815235846825
3647, 3, 14, Status.SNAKE, 0.02604774142061098
3648, 3, 18, Status.SNAKE, 0.02602169367919037
3649, 10, 57, Status.SNAKE, 0.025995671985511178
3650, 8, 44, Status.SNAKE, 0.025969676313525668
3651, 3, 20, Status.SNAKE, 0.02594370663721214
3652, 4, 45, Status.SNAKE, 0.02591776293057493
3653, 4, 28, Status.SNAKE, 0.025891845167644353
3654, 7, 52, Status.WALL, 0.02586595332247671
3655, 6, 36, Status.SNAKE, 0.025840087369154233
3656, 6, 38, Status.SNAKE, 0.02581424728178508
3657, 6, 35, Status.SNAKE, 0.025788433034503296
3658, 8, 58, Status.SNAKE, 0.025762644601468793
3659, 1, 4, Status.WALL, 0.025736881956867325
3660, 5, 31, Status.SNAKE, 0.025711145074910458
3661, 4, 25, Status.SNAKE, 0.025685433929835546
3662, 14, 91, Status.WALL, 0.025659748495905712
3663, 7, 39, Status.WALL, 0.025634088747409807
3664, 7, 44, Status.SNAKE, 0.025608454658662398
3665, 3, 29, Status.WALL, 0.025582846204003737
3666, 3, 16, Status.SNAKE, 0.025557263357799734
3667, 1, 8, Status.SNAKE, 0.025531706094441935
3668, 5, 26, Status.WALL, 0.025506174388347493
3669, 9, 60, Status.WALL, 0.025480668213959144
3670, 3, 23, Status.SNAKE, 0.025455187545745186
3671, 5, 32, Status.SNAKE, 0.02542973235819944
3672, 14, 78, Status.SNAKE, 0.02540430262584124
3673, 7, 44, Status.SNAKE, 0.0253788983232154
3674, 5, 30, Status.SNAKE, 0.025353519424892185
3675, 3, 22, Status.SNAKE, 0.025328165905467295
3676, 4, 20, Status.SNAKE, 0.025302837739561827
3677, 0, 4, Status.WALL, 0.025277534901822264
3678, 3, 28, Status.WALL, 0.025252257366920442
3679, 1, 3, Status.SNAKE, 0.025227005109553523
3680, 4, 20, Status.SNAKE, 0.02520177810444397
3681, 3, 20, Status.SNAKE, 0.025176576326339524
3682, 1, 3, Status.SNAKE, 0.025151399750013185
3683, 1, 5, Status.SNAKE, 0.025126248350263173
3684, 6, 43, Status.WALL, 0.02510112210191291
3685, 8, 57, Status.SNAKE, 0.025076020979810997
3686, 5, 35, Status.SNAKE, 0.025050944958831187
3687, 1, 8, Status.SNAKE, 0.025025894013872355
3688, 4, 21, Status.SNAKE, 0.025000868119858483
3689, 5, 25, Status.SNAKE, 0.024975867251738625
3690, 4, 19, Status.WALL, 0.024950891384486886
3691, 3, 29, Status.WALL, 0.0249259404931024
3692, 8, 62, Status.SNAKE, 0.024901014552609298
3693, 4, 35, Status.SNAKE, 0.024876113538056688
3694, 3, 29, Status.SNAKE, 0.02485123742451863
3695, 3, 24, Status.SNAKE, 0.02482638618709411
3696, 8, 57, Status.SNAKE, 0.024801559800907015
3697, 6, 41, Status.SNAKE, 0.024776758241106107
3698, 5, 25, Status.SNAKE, 0.024751981482865
3699, 6, 33, Status.SNAKE, 0.024727229501382137
3700, 4, 31, Status.WALL, 0.024702502271880755
3701, 1, 5, Status.WALL, 0.024677799769608873
3702, 1, 9, Status.WALL, 0.024653121969839265
3703, 5, 42, Status.SNAKE, 0.024628468847869425
3704, 5, 35, Status.SNAKE, 0.024603840379021556
3705, 5, 35, Status.SNAKE, 0.024579236538642534
3706, 8, 77, Status.WALL, 0.02455465730210389
3707, 6, 62, Status.WALL, 0.024530102644801786
3708, 3, 14, Status.SNAKE, 0.024505572542156986
3709, 2, 11, Status.SNAKE, 0.02448106696961483
3710, 6, 29, Status.SNAKE, 0.024456585902645215
3711, 1, 8, Status.SNAKE, 0.02443212931674257
3712, 5, 18, Status.WALL, 0.024407697187425827
3713, 2, 22, Status.WALL, 0.0243832894902384
3714, 6, 33, Status.WALL, 0.02435890620074816
3715, 5, 40, Status.SNAKE, 0.024334547294547412
3716, 6, 36, Status.SNAKE, 0.024310212747252865
3717, 5, 36, Status.WALL, 0.02428590253450561
3718, 8, 47, Status.WALL, 0.024261616631971107
3719, 1, 5, Status.SNAKE, 0.024237355015339135
3720, 3, 14, Status.WALL, 0.024213117660323795
3721, 5, 38, Status.SNAKE, 0.02418890454266347
3722, 9, 51, Status.SNAKE, 0.024164715638120806
3723, 2, 12, Status.SNAKE, 0.024140550922482684
3724, 8, 44, Status.SNAKE, 0.0241164103715602
3725, 3, 20, Status.SNAKE, 0.02409229396118864
3726, 8, 54, Status.SNAKE, 0.02406820166722745
3727, 9, 52, Status.WALL, 0.024044133465560225
3728, 5, 49, Status.SNAKE, 0.024020089332094666
3729, 4, 31, Status.WALL, 0.023996069242762572
3730, 5, 18, Status.SNAKE, 0.02397207317351981
3731, 0, 4, Status.WALL, 0.02394810110034629
3732, 5, 43, Status.SNAKE, 0.023924152999245944
3733, 7, 48, Status.WALL, 0.023900228846246697
3734, 0, 4, Status.WALL, 0.02387632861740045
3735, 1, 12, Status.SNAKE, 0.02385245228878305
3736, 3, 29, Status.WALL, 0.023828599836494265
3737, 4, 27, Status.SNAKE, 0.023804771236657772
3738, 7, 51, Status.SNAKE, 0.023780966465421115
3739, 7, 53, Status.SNAKE, 0.023757185498955693
3740, 13, 50, Status.SNAKE, 0.023733428313456737
3741, 7, 35, Status.SNAKE, 0.02370969488514328
3742, 3, 21, Status.SNAKE, 0.02368598519025814
3743, 3, 22, Status.SNAKE, 0.02366229920506788
3744, 9, 58, Status.SNAKE, 0.023638636905862813
3745, 1, 3, Status.SNAKE, 0.02361499826895695
3746, 5, 31, Status.WALL, 0.023591383270687993
3747, 1, 8, Status.WALL, 0.023567791887417304
3748, 3, 22, Status.SNAKE, 0.023544224095529885
3749, 9, 59, Status.SNAKE, 0.023520679871434354
3750, 7, 43, Status.SNAKE, 0.02349715919156292
3751, 1, 3, Status.SNAKE, 0.023473662032371355
3752, 12, 74, Status.SNAKE, 0.023450188370338982
3753, 9, 68, Status.WALL, 0.023426738181968644
3754, 7, 33, Status.SNAKE, 0.023403311443786677
3755, 3, 17, Status.SNAKE, 0.02337990813234289
3756, 7, 46, Status.WALL, 0.023356528224210547
3757, 3, 13, Status.WALL, 0.023333171695986338
3758, 7, 62, Status.SNAKE, 0.02330983852429035
3759, 3, 20, Status.SNAKE, 0.02328652868576606
3760, 2, 17, Status.SNAKE, 0.023263242157080293
3761, 0, 4, Status.WALL, 0.02323997891492321
3762, 0, 4, Status.WALL, 0.02321673893600829
3763, 5, 42, Status.SNAKE, 0.02319352219707228
3764, 4, 26, Status.SNAKE, 0.023170328674875208
3765, 3, 23, Status.WALL, 0.023147158346200333
3766, 4, 22, Status.WALL, 0.02312401118785413
3767, 11, 89, Status.SNAKE, 0.023100887176666276
3768, 4, 20, Status.WALL, 0.02307778628948961
3769, 0, 4, Status.WALL, 0.02305470850320012
3770, 6, 34, Status.WALL, 0.023031653794696922
3771, 1, 14, Status.WALL, 0.023008622140902227
3772, 4, 13, Status.WALL, 0.022985613518761324
3773, 10, 62, Status.SNAKE, 0.022962627905242564
3774, 7, 44, Status.SNAKE, 0.02293966527733732
3775, 3, 24, Status.SNAKE, 0.022916725612059985
3776, 7, 50, Status.SNAKE, 0.022893808886447924
3777, 5, 21, Status.SNAKE, 0.022870915077561477
3778, 5, 29, Status.WALL, 0.022848044162483917
3779, 5, 22, Status.SNAKE, 0.02282519611832143
3780, 8, 37, Status.SNAKE, 0.02280237092220311
3781, 4, 30, Status.SNAKE, 0.02277956855128091
3782, 14, 61, Status.SNAKE, 0.02275678898272963
3783, 6, 42, Status.SNAKE, 0.0227340321937469
3784, 9, 57, Status.SNAKE, 0.022711298161553154
3785, 0, 5, Status.WALL, 0.0226885868633916
3786, 9, 74, Status.SNAKE, 0.02266589827652821
3787, 7, 47, Status.SNAKE, 0.022643232378251683
3788, 1, 4, Status.SNAKE, 0.02262058914587343
3789, 3, 27, Status.SNAKE, 0.02259796855672756
3790, 4, 30, Status.SNAKE, 0.022575370588170832
3791, 1, 3, Status.SNAKE, 0.02255279521758266
3792, 10, 59, Status.SNAKE, 0.02253024242236508
3793, 9, 65, Status.SNAKE, 0.022507712179942713
3794, 10, 69, Status.WALL, 0.02248520446776277
3795, 5, 30, Status.WALL, 0.02246271926329501
3796, 6, 27, Status.SNAKE, 0.022440256544031714
3797, 11, 64, Status.SNAKE, 0.022417816287487683
3798, 6, 39, Status.SNAKE, 0.022395398471200194
3799, 6, 50, Status.WALL, 0.022373003072728992
3800, 10, 86, Status.SNAKE, 0.022350630069656263
3801, 8, 75, Status.SNAKE, 0.022328279439586606
3802, 7, 46, Status.WALL, 0.022305951160147018
3803, 6, 46, Status.SNAKE, 0.02228364520898687
3804, 3, 24, Status.WALL, 0.022261361563777882
3805, 5, 40, Status.SNAKE, 0.022239100202214104
3806, 4, 11, Status.WALL, 0.02221686110201189
3807, 5, 33, Status.SNAKE, 0.02219464424090988
3808, 12, 75, Status.SNAKE, 0.022172449596668968
3809, 4, 21, Status.SNAKE, 0.022150277147072298
3810, 5, 38, Status.SNAKE, 0.022128126869925227
3811, 2, 14, Status.WALL, 0.022105998743055303
3812, 6, 37, Status.SNAKE, 0.022083892744312248
3813, 7, 54, Status.SNAKE, 0.022061808851567936
3814, 5, 36, Status.SNAKE, 0.022039747042716367
3815, 3, 20, Status.SNAKE, 0.02201770729567365
3816, 1, 11, Status.WALL, 0.021995689588377977
3817, 4, 22, Status.SNAKE, 0.0219736938987896
3818, 9, 54, Status.WALL, 0.02195172020489081
3819, 5, 47, Status.SNAKE, 0.02192976848468592
3820, 4, 23, Status.SNAKE, 0.021907838716201233
3821, 1, 3, Status.SNAKE, 0.02188593087748503
3822, 11, 66, Status.SNAKE, 0.021864044946607545
3823, 1, 7, Status.SNAKE, 0.021842180901660936
3824, 1, 8, Status.WALL, 0.021820338720759277
3825, 3, 13, Status.WALL, 0.021798518382038518
3826, 10, 82, Status.SNAKE, 0.02177671986365648
3827, 7, 65, Status.SNAKE, 0.021754943143792824
3828, 6, 22, Status.SNAKE, 0.02173318820064903
3829, 1, 8, Status.WALL, 0.02171145501244838
3830, 4, 33, Status.WALL, 0.02168974355743593
3831, 4, 26, Status.WALL, 0.021668053813878495
3832, 2, 12, Status.SNAKE, 0.021646385760064616
3833, 7, 55, Status.WALL, 0.021624739374304553
3834, 4, 24, Status.SNAKE, 0.021603114634930247
3835, 0, 5, Status.WALL, 0.02158151152029532
3836, 13, 94, Status.SNAKE, 0.021559930008775024
3837, 4, 41, Status.WALL, 0.021538370078766248
3838, 10, 90, Status.SNAKE, 0.02151683170868748
3839, 2, 14, Status.SNAKE, 0.021495314876978793
3840, 13, 90, Status.SNAKE, 0.021473819562101815
3841, 6, 67, Status.WALL, 0.02145234574253971
3842, 8, 52, Status.WALL, 0.02143089339679717
3843, 1, 5, Status.SNAKE, 0.021409462503400374
3844, 1, 14, Status.WALL, 0.021388053040896974
3845, 2, 21, Status.SNAKE, 0.021366664987856075
3846, 10, 76, Status.SNAKE, 0.02134529832286822
3847, 7, 42, Status.WALL, 0.02132395302454535
3848, 5, 21, Status.SNAKE, 0.021302629071520807
3849, 7, 44, Status.SNAKE, 0.021281326442449285
3850, 3, 20, Status.WALL, 0.021260045116006834
3851, 1, 5, Status.WALL, 0.021238785070890828
3852, 4, 23, Status.WALL, 0.021217546285819937
3853, 2, 9, Status.WALL, 0.02119632873953412
3854, 1, 7, Status.WALL, 0.021175132410794585
3855, 5, 44, Status.SNAKE, 0.02115395727838379
3856, 5, 30, Status.SNAKE, 0.021132803321105405
3857, 6, 34, Status.SNAKE, 0.0211116705177843
3858, 3, 22, Status.SNAKE, 0.021090558847266516
3859, 4, 30, Status.WALL, 0.02106946828841925
3860, 1, 6, Status.WALL, 0.02104839882013083
3861, 12, 91, Status.WALL, 0.0210273504213107
3862, 2, 11, Status.SNAKE, 0.02100632307088939
3863, 1, 6, Status.SNAKE, 0.0209853167478185
3864, 2, 7, Status.SNAKE, 0.02096433143107068
3865, 3, 20, Status.SNAKE, 0.020943367099639607
3866, 14, 102, Status.WALL, 0.020922423732539965
3867, 0, 5, Status.WALL, 0.020901501308807423
3868, 9, 71, Status.SNAKE, 0.020880599807498616
3869, 2, 18, Status.WALL, 0.020859719207691117
3870, 2, 23, Status.WALL, 0.020838859488483425
3871, 3, 20, Status.WALL, 0.020818020628994943
3872, 5, 35, Status.WALL, 0.02079720260836595
3873, 2, 22, Status.WALL, 0.02077640540575758
3874, 1, 3, Status.SNAKE, 0.020755629000351824
3875, 3, 9, Status.SNAKE, 0.02073487337135147
3876, 6, 40, Status.SNAKE, 0.02071413849798012
3877, 7, 44, Status.SNAKE, 0.02069342435948214
3878, 5, 39, Status.WALL, 0.020672730935122657
3879, 2, 21, Status.WALL, 0.020652058204187532
3880, 3, 27, Status.WALL, 0.020631406145983345
3881, 5, 35, Status.SNAKE, 0.02061077473983736
3882, 1, 8, Status.WALL, 0.02059016396509752
3883, 3, 24, Status.SNAKE, 0.020569573801132425
3884, 7, 55, Status.WALL, 0.020549004227331292
3885, 2, 16, Status.WALL, 0.02052845522310396
3886, 1, 7, Status.SNAKE, 0.020507926767880855
3887, 3, 20, Status.SNAKE, 0.020487418841112975
3888, 3, 13, Status.WALL, 0.02046693142227186
3889, 17, 176, Status.SNAKE, 0.020446464490849588
3890, 3, 38, Status.SNAKE, 0.02042601802635874
3891, 3, 22, Status.SNAKE, 0.02040559200833238
3892, 7, 37, Status.SNAKE, 0.020385186416324048
3893, 4, 31, Status.SNAKE, 0.020364801229907723
3894, 5, 51, Status.WALL, 0.020344436428677816
3895, 3, 28, Status.SNAKE, 0.02032409199224914
3896, 1, 7, Status.WALL, 0.02030376790025689
3897, 2, 9, Status.WALL, 0.020283464132356634
3898, 1, 14, Status.WALL, 0.020263180668224277
3899, 0, 5, Status.WALL, 0.020242917487556054
3900, 4, 29, Status.WALL, 0.0202226745700685
3901, 4, 24, Status.SNAKE, 0.02020245189549843
3902, 2, 10, Status.SNAKE, 0.02018224944360293
3903, 7, 31, Status.SNAKE, 0.02016206719415933
3904, 4, 30, Status.SNAKE, 0.02014190512696517
3905, 1, 5, Status.SNAKE, 0.020121763221838205
3906, 7, 57, Status.WALL, 0.020101641458616367
3907, 3, 20, Status.SNAKE, 0.02008153981715775
3908, 2, 19, Status.WALL, 0.020061458277340592
3909, 0, 5, Status.WALL, 0.02004139681906325
3910, 7, 55, Status.WALL, 0.02002135542224419
3911, 1, 15, Status.WALL, 0.020001334066821943
3912, 0, 5, Status.WALL, 0.01998133273275512
3913, 9, 47, Status.WALL, 0.019961351400022365
3914, 2, 15, Status.SNAKE, 0.019941390048622342
3915, 2, 17, Status.WALL, 0.01992144865857372
3916, 3, 14, Status.SNAKE, 0.019901527209915146
3917, 2, 12, Status.WALL, 0.019881625682705233
3918, 2, 9, Status.WALL, 0.019861744057022526
3919, 3, 31, Status.WALL, 0.019841882312965502
3920, 7, 46, Status.SNAKE, 0.019822040430652537
3921, 10, 73, Status.WALL, 0.019802218390221886
3922, 9, 56, Status.SNAKE, 0.019782416171831664
3923, 1, 16, Status.WALL, 0.01976263375565983
3924, 8, 78, Status.WALL, 0.019742871121904173
3925, 4, 33, Status.SNAKE, 0.01972312825078227
3926, 3, 10, Status.WALL, 0.01970340512253149
3927, 3, 15, Status.SNAKE, 0.019683701717408957
3928, 6, 29, Status.WALL, 0.019664018015691547
3929, 2, 9, Status.WALL, 0.019644353997675855
3930, 4, 36, Status.SNAKE, 0.01962470964367818
3931, 2, 27, Status.WALL, 0.019605084934034504
3932, 6, 50, Status.WALL, 0.01958547984910047
3933, 2, 24, Status.SNAKE, 0.01956589436925137
3934, 3, 25, Status.SNAKE, 0.019546328474882118
3935, 6, 40, Status.SNAKE, 0.019526782146407237
3936, 1, 17, Status.SNAKE, 0.01950725536426083
3937, 0, 7, Status.WALL, 0.01948774810889657
3938, 5, 34, Status.SNAKE, 0.019468260360787675
3939, 1, 6, Status.WALL, 0.01944879210042689
3940, 1, 8, Status.WALL, 0.019429343308326463
3941, 4, 24, Status.WALL, 0.019409913965018136
3942, 8, 41, Status.WALL, 0.019390504051053116
3943, 5, 32, Status.WALL, 0.019371113547002064
3944, 6, 58, Status.SNAKE, 0.01935174243345506
3945, 1, 6, Status.SNAKE, 0.019332390691021606
3946, 1, 22, Status.WALL, 0.019313058300330584
3947, 5, 32, Status.SNAKE, 0.019293745242030255
3948, 3, 21, Status.SNAKE, 0.019274451496788223
3949, 3, 23, Status.SNAKE, 0.019255177045291436
3950, 2, 5, Status.SNAKE, 0.019235921868246145
3951, 1, 8, Status.SNAKE, 0.019216685946377897
3952, 2, 13, Status.WALL, 0.01919746926043152
3953, 4, 35, Status.WALL, 0.019178271791171087
3954, 2, 17, Status.SNAKE, 0.019159093519379916
3955, 0, 7, Status.WALL, 0.019139934425860535
3956, 3, 28, Status.SNAKE, 0.019120794491434674
3957, 9, 58, Status.SNAKE, 0.01910167369694324
3958, 2, 24, Status.WALL, 0.019082572023246296
3959, 3, 15, Status.SNAKE, 0.01906348945122305
3960, 2, 14, Status.WALL, 0.01904442596177183
3961, 1, 14, Status.WALL, 0.019025381535810057
3962, 4, 34, Status.WALL, 0.019006356154274248
3963, 3, 46, Status.SNAKE, 0.018987349798119973
3964, 0, 14, Status.WALL, 0.018968362448321854
3965, 4, 32, Status.SNAKE, 0.018949394085873532
3966, 4, 127, Status.WALL, 0.01893044469178766
3967, 2, 24, Status.WALL, 0.018911514247095872
3968, 2, 19, Status.WALL, 0.018892602732848776
3969, 2, 10, Status.WALL, 0.018873710130115927
3970, 5, 63, Status.SNAKE, 0.01885483641998581
3971, 0, 28, Status.WALL, 0.018835981583565822
3972, 6, 33, Status.SNAKE, 0.018817145601982256
3973, 0, 9, Status.WALL, 0.018798328456380273
3974, 3, 29, Status.WALL, 0.018779530127923893
3975, 1, 5, Status.WALL, 0.01876075059779597
3976, 2, 23, Status.WALL, 0.018741989847198173
3977, 3, 23, Status.SNAKE, 0.018723247857350977
3978, 1, 43, Status.WALL, 0.018704524609493626
3979, 1, 5, Status.SNAKE, 0.018685820084884133
3980, 1, 7, Status.WALL, 0.01866713426479925
3981, 0, 10, Status.WALL, 0.01864846713053445
3982, 1, 3, Status.SNAKE, 0.018629818663403915
3983, 1, 11, Status.WALL, 0.01861118884474051
3984, 3, 53, Status.WALL, 0.01859257765589577
3985, 0, 10, Status.WALL, 0.018573985078239874
3986, 1, 11, Status.WALL, 0.018555411093161635
3987, 5, 27, Status.WALL, 0.018536855682068473
3988, 1, 7, Status.WALL, 0.018518318826386403
3989, 3, 13, Status.WALL, 0.018499800507560015
3990, 1, 6, Status.SNAKE, 0.018481300707052454
3991, 3, 19, Status.WALL, 0.0184628194063454
3992, 1, 11, Status.WALL, 0.018444356586939055
3993, 3, 33, Status.WALL, 0.018425912230352115
3994, 1, 6, Status.WALL, 0.018407486318121762
3995, 0, 8, Status.WALL, 0.01838907883180364
3996, 2, 9, Status.SNAKE, 0.018370689752971837
3997, 1, 10, Status.WALL, 0.018352319063218867
3998, 0, 10, Status.WALL, 0.018333966744155647
3999, 9, 48, Status.SNAKE, 0.01831563277741149
4000, 3, 25, Status.WALL, 0.01829731714463408
4001, 9, 69, Status.SNAKE, 0.018279019827489446
4002, 2, 22, Status.WALL, 0.018260740807661956
4003, 3, 29, Status.SNAKE, 0.018242480066854295
4004, 3, 21, Status.WALL, 0.01822423758678744
4005, 9, 68, Status.SNAKE, 0.01820601334920065
4006, 6, 38, Status.SNAKE, 0.01818780733585145
4007, 2, 22, Status.WALL, 0.0181696195285156
4008, 2, 13, Status.SNAKE, 0.018151449908987084
4009, 12, 118, Status.SNAKE, 0.018133298459078098
4010, 4, 30, Status.WALL, 0.01811516516061902
4011, 1, 6, Status.SNAKE, 0.0180970499954584
4012, 4, 31, Status.SNAKE, 0.018078952945462943
4013, 2, 21, Status.SNAKE, 0.01806087399251748
4014, 2, 9, Status.SNAKE, 0.018042813118524962
4015, 1, 3, Status.SNAKE, 0.01802477030540644
4016, 4, 26, Status.SNAKE, 0.01800674553510103
4017, 1, 9, Status.SNAKE, 0.01798873878956593
4018, 1, 5, Status.SNAKE, 0.017970750050776366
4019, 5, 39, Status.SNAKE, 0.01795277930072559
4020, 5, 23, Status.SNAKE, 0.017934826521424863
4021, 6, 43, Status.WALL, 0.017916891694903438
4022, 1, 8, Status.SNAKE, 0.017898974803208532
4023, 6, 28, Status.WALL, 0.017881075828405323
4024, 7, 40, Status.SNAKE, 0.017863194752576916
4025, 4, 27, Status.SNAKE, 0.017845331557824338
4026, 0, 10, Status.WALL, 0.017827486226266512
4027, 7, 34, Status.SNAKE, 0.017809658740040247
4028, 2, 22, Status.WALL, 0.017791849081300208
4029, 2, 32, Status.WALL, 0.017774057232218907
4030, 7, 51, Status.SNAKE, 0.017756283174986686
4031, 1, 3, Status.SNAKE, 0.0177385268918117
4032, 2, 22, Status.WALL, 0.017720788364919887
4033, 7, 45, Status.SNAKE, 0.017703067576554966
4034, 1, 6, Status.WALL, 0.01768536450897841
4035, 3, 22, Status.WALL, 0.01766767914446943
4036, 10, 77, Status.SNAKE, 0.017650011465324963
4037, 4, 31, Status.SNAKE, 0.017632361453859637
4038, 6, 52, Status.SNAKE, 0.017614729092405777
4039, 2, 18, Status.SNAKE, 0.01759711436331337
4040, 1, 6, Status.SNAKE, 0.017579517248950054
4041, 3, 17, Status.WALL, 0.017561937731701106
4042, 9, 81, Status.SNAKE, 0.017544375793969405
4043, 1, 6, Status.SNAKE, 0.017526831418175435
4044, 2, 14, Status.WALL, 0.01750930458675726
4045, 8, 61, Status.SNAKE, 0.017491795282170503
4046, 3, 32, Status.WALL, 0.017474303486888332
4047, 1, 9, Status.WALL, 0.017456829183401443
4048, 7, 58, Status.WALL, 0.017439372354218042
4049, 2, 23, Status.WALL, 0.017421932981863824
4050, 1, 8, Status.SNAKE, 0.01740451104888196
4051, 7, 50, Status.SNAKE, 0.017387106537833076
4052, 3, 19, Status.SNAKE, 0.01736971943129524
4053, 5, 30, Status.SNAKE, 0.017352349711863946
4054, 1, 8, Status.WALL, 0.01733499736215208
4055, 4, 27, Status.WALL, 0.01731766236478993
4056, 5, 41, Status.WALL, 0.017300344702425138
4057, 5, 52, Status.SNAKE, 0.017283044357722713
4058, 5, 35, Status.WALL, 0.01726576131336499
4059, 3, 19, Status.SNAKE, 0.017248495552051626
4060, 7, 51, Status.SNAKE, 0.017231247056499574
4061, 3, 25, Status.SNAKE, 0.017214015809443074
4062, 3, 22, Status.SNAKE, 0.017196801793633632
4063, 3, 24, Status.SNAKE, 0.01717960499184
4064, 1, 8, Status.WALL, 0.01716242538684816
4065, 2, 21, Status.SNAKE, 0.01714526296146131
4066, 11, 69, Status.SNAKE, 0.01712811769849985
4067, 3, 21, Status.WALL, 0.01711098958080135
4068, 11, 69, Status.WALL, 0.01709387859122055
4069, 8, 56, Status.SNAKE, 0.01707678471262933
4070, 2, 21, Status.SNAKE, 0.017059707927916702
4071, 3, 17, Status.SNAKE, 0.017042648219988785
4072, 13, 67, Status.SNAKE, 0.017025605571768795
4073, 4, 28, Status.SNAKE, 0.017008579966197025
4074, 1, 8, Status.WALL, 0.01699157138623083
4075, 9, 95, Status.SNAKE, 0.016974579814844598
4076, 6, 32, Status.SNAKE, 0.016957605235029753
4077, 3, 20, Status.SNAKE, 0.016940647629794723
4078, 3, 24, Status.SNAKE, 0.01692370698216493
4079, 0, 11, Status.WALL, 0.016906783275182764
4080, 5, 19, Status.SNAKE, 0.016889876491907582
4081, 2, 17, Status.WALL, 0.016872986615415676
4082, 4, 29, Status.SNAKE, 0.01685611362880026
4083, 1, 6, Status.SNAKE, 0.01683925751517146
4084, 1, 8, Status.WALL, 0.01682241825765629
4085, 3, 27, Status.SNAKE, 0.016805595839398633
4086, 5, 24, Status.SNAKE, 0.016788790243559233
4087, 1, 18, Status.WALL, 0.016772001453315675
4088, 6, 39, Status.WALL, 0.01675522945186236
4089, 3, 15, Status.SNAKE, 0.016738474222410496
4090, 6, 59, Status.SNAKE, 0.016721735748188086
4091, 6, 52, Status.WALL, 0.016705014012439897
4092, 3, 21, Status.SNAKE, 0.016688308998427458
4093, 11, 90, Status.SNAKE, 0.01667162068942903
4094, 2, 18, Status.SNAKE, 0.0166549490687396
4095, 5, 46, Status.SNAKE, 0.01663829411967086
4096, 6, 48, Status.SNAKE, 0.01662165582555119
4097, 1, 7, Status.WALL, 0.016605034169725637
4098, 1, 14, Status.WALL, 0.016588429135555912
4099, 1, 8, Status.SNAKE, 0.016571840706420357
4100, 2, 17, Status.WALL, 0.016555268865713936
4101, 4, 29, Status.SNAKE, 0.016538713596848224
4102, 1, 6, Status.SNAKE, 0.016522174883251375
4103, 3, 51, Status.WALL, 0.016505652708368124
4104, 1, 15, Status.SNAKE, 0.016489147055659757
4105, 2, 10, Status.SNAKE, 0.016472657908604096
4106, 1, 11, Status.SNAKE, 0.016456185250695494
4107, 1, 6, Status.SNAKE, 0.0164397290654448
4108, 5, 42, Status.SNAKE, 0.016423289336379356
4109, 8, 47, Status.SNAKE, 0.016406866047042976
4110, 0, 8, Status.WALL, 0.016390459180995933
4111, 0, 11, Status.WALL, 0.016374068721814936
4112, 1, 12, Status.SNAKE, 0.01635769465309312
4113, 0, 9, Status.WALL, 0.016341336958440027
4114, 2, 28, Status.WALL, 0.016324995621481587
4115, 0, 10, Status.WALL, 0.016308670625860104
4116, 2, 15, Status.SNAKE, 0.016292361955234244
4117, 0, 9, Status.WALL, 0.01627606959327901
4118, 7, 62, Status.SNAKE, 0.016259793523685732
4119, 3, 30, Status.WALL, 0.016243533730162046
4120, 2, 8, Status.WALL, 0.016227290196431883
4121, 0, 10, Status.WALL, 0.01621106290623545
4122, 5, 49, Status.SNAKE, 0.016194851843329215
4123, 4, 25, Status.WALL, 0.016178656991485886
4124, 4, 39, Status.WALL, 0.0161624783344944
4125, 2, 9, Status.WALL, 0.016146315856159905
4126, 2, 35, Status.WALL, 0.016130169540303746
4127, 5, 31, Status.SNAKE, 0.01611403937076344
4128, 1, 3, Status.SNAKE, 0.016097925331392676
4129, 1, 7, Status.WALL, 0.016081827406061285
4130, 8, 55, Status.SNAKE, 0.016065745578655224
4131, 8, 55, Status.SNAKE, 0.01604967983307657
4132, 0, 11, Status.WALL, 0.016033630153243494
4133, 11, 65, Status.SNAKE, 0.01601759652309025
4134, 3, 18, Status.WALL, 0.01600157892656716
4135, 2, 31, Status.WALL, 0.01598557734764059
4136, 1, 13, Status.WALL, 0.01596959177029295
4137, 4, 25, Status.SNAKE, 0.015953622178522656
4138, 4, 38, Status.SNAKE, 0.015937668556344133
4139, 3, 29, Status.SNAKE, 0.01592173088778779
4140, 1, 6, Status.SNAKE, 0.015905809156900003
4141, 3, 18, Status.SNAKE, 0.015889903347743102
4142, 3, 34, Status.SNAKE, 0.01587401344439536
4143, 2, 21, Status.SNAKE, 0.015858139430950966
4144, 7, 39, Status.WALL, 0.015842281291520016
4145, 3, 20, Status.SNAKE, 0.015826439010228496
4146, 2, 8, Status.WALL, 0.01581061257121827
4147, 4, 31, Status.SNAKE, 0.01579480195864705
4148, 2, 17, Status.WALL, 0.015779007156688403
4149, 2, 20, Status.WALL, 0.015763228149531714
4150, 1, 15, Status.WALL, 0.01574746492138218
4151, 2, 16, Status.SNAKE, 0.0157317174564608
4152, 2, 35, Status.SNAKE, 0.01571598573900434
4153, 5, 47, Status.SNAKE, 0.015700269753265335
4154, 0, 7, Status.WALL, 0.01568456948351207
4155, 1, 25, Status.SNAKE, 0.01566888491402856
4156, 2, 22, Status.WALL, 0.01565321602911453
4157, 5, 34, Status.SNAKE, 0.015637562813085416
4158, 1, 7, Status.SNAKE, 0.01562192525027233
4159, 5, 58, Status.SNAKE, 0.015606303325022058
4160, 5, 38, Status.SNAKE, 0.015590697021697035
4161, 2, 18, Status.SNAKE, 0.015575106324675339
4162, 1, 11, Status.WALL, 0.015559531218350664
4163, 4, 37, Status.SNAKE, 0.015543971687132313
4164, 2, 16, Status.SNAKE, 0.015528427715445181
4165, 1, 8, Status.SNAKE, 0.015512899287729736
4166, 4, 33, Status.WALL, 0.015497386388442006
4167, 3, 22, Status.WALL, 0.015481889002053564
4168, 4, 42, Status.WALL, 0.01546640711305151
4169, 0, 6, Status.WALL, 0.015450940705938459
4170, 5, 58, Status.WALL, 0.01543548976523252
4171, 6, 83, Status.WALL, 0.015420054275467287
4172, 7, 47, Status.WALL, 0.015404634221191819
4173, 2, 57, Status.SNAKE, 0.015389229586970627
4174, 6, 63, Status.SNAKE, 0.015373840357383657
4175, 11, 82, Status.SNAKE, 0.015358466517026274
4176, 1, 33, Status.WALL, 0.015343108050509247
4177, 9, 44, Status.SNAKE, 0.015327764942458738
4178, 2, 97, Status.SNAKE, 0.01531243717751628
4179, 6, 55, Status.SNAKE, 0.015297124740338763
4180, 1, 13, Status.WALL, 0.015281827615598424
4181, 1, 12, Status.WALL, 0.015266545787982826
4182, 2, 18, Status.SNAKE, 0.015251279242194844
4183, 0, 10, Status.WALL, 0.015236027962952649
4184, 4, 22, Status.SNAKE, 0.015220791934989696
4185, 1, 9, Status.SNAKE, 0.015205571143054706
4186, 3, 17, Status.SNAKE, 0.01519036557191165
4187, 5, 33, Status.WALL, 0.01517517520633974
4188, 4, 33, Status.WALL, 0.0151600000311334
4189, 0, 7, Status.WALL, 0.015144840031102266
4190, 1, 7, Status.WALL, 0.015129695191071164
4191, 4, 28, Status.WALL, 0.015114565495880094
4192, 3, 29, Status.WALL, 0.015099450930384214
4193, 1, 23, Status.WALL, 0.01508435147945383
4194, 1, 20, Status.WALL, 0.015069267127974377
4195, 2, 16, Status.SNAKE, 0.015054197860846403
4196, 3, 39, Status.WALL, 0.015039143662985557
4197, 2, 9, Status.WALL, 0.015024104519322571
4198, 0, 13, Status.WALL, 0.015009080414803248
4199, 3, 38, Status.WALL, 0.014994071334388445
4200, 1, 12, Status.WALL, 0.014979077263054056
4201, 0, 13, Status.WALL, 0.014964098185791003
4202, 5, 23, Status.WALL, 0.014949134087605212
4203, 1, 8, Status.WALL, 0.014934184953517607
4204, 1, 16, Status.WALL, 0.01491925076856409
4205, 3, 36, Status.SNAKE, 0.014904331517795525
4206, 2, 15, Status.WALL, 0.01488942718627773
4207, 5, 55, Status.WALL, 0.014874537759091451
4208, 2, 12, Status.SNAKE, 0.014859663221332359
4209, 2, 12, Status.WALL, 0.014844803558111026
4210, 3, 42, Status.SNAKE, 0.014829958754552916
4211, 2, 13, Status.WALL, 0.014815128795798363
4212, 0, 10, Status.WALL, 0.014800313667002565
4213, 3, 34, Status.WALL, 0.014785513353335562
4214, 1, 26, Status.SNAKE, 0.014770727839982227
4215, 1, 6, Status.SNAKE, 0.014755957112142245
4216, 2, 32, Status.SNAKE, 0.014741201155030102
4217, 6, 68, Status.WALL, 0.014726459953875072
4218, 1, 32, Status.WALL, 0.014711733493921197
4219, 9, 83, Status.SNAKE, 0.014697021760427276
4220, 1, 25, Status.WALL, 0.014682324738666848
4221, 3, 19, Status.WALL, 0.014667642413928181
4222, 6, 38, Status.SNAKE, 0.014652974771514253
4223, 3, 26, Status.SNAKE, 0.014638321796742739
4224, 4, 49, Status.SNAKE, 0.014623683474945996
4225, 1, 12, Status.WALL, 0.014609059791471049
4226, 3, 26, Status.SNAKE, 0.014594450731679578
4227, 3, 43, Status.WALL, 0.014579856280947899
4228, 2, 14, Status.WALL, 0.014565276424666951
4229, 4, 24, Status.WALL, 0.014550711148242284
4230, 0, 15, Status.WALL, 0.014536160437094041
4231, 2, 29, Status.WALL, 0.014521624276656948
4232, 4, 38, Status.SNAKE, 0.014507102652380291
4233, 7, 71, Status.SNAKE, 0.014492595549727911
4234, 6, 45, Status.WALL, 0.014478102954178184
4235, 0, 13, Status.WALL, 0.014463624851224006
4236, 3, 35, Status.WALL, 0.014449161226372782
4237, 6, 86, Status.SNAKE, 0.01443471206514641
4238, 4, 103, Status.WALL, 0.014420277353081263
4239, 3, 20, Status.SNAKE, 0.014405857075728182
4240, 3, 25, Status.SNAKE, 0.014391451218652453
4241, 4, 26, Status.SNAKE, 0.014377059767433802
4242, 6, 54, Status.WALL, 0.014362682707666368
4243, 3, 32, Status.WALL, 0.014348320024958701
4244, 8, 52, Status.WALL, 0.014333971704933742
4245, 1, 25, Status.WALL, 0.014319637733228809
4246, 9, 59, Status.WALL, 0.01430531809549558
4247, 1, 12, Status.WALL, 0.014291012777400084
4248, 1, 17, Status.WALL, 0.014276721764622684
4249, 5, 35, Status.WALL, 0.014262445042858061
4250, 1, 9, Status.WALL, 0.014248182597815203
4251, 9, 50, Status.SNAKE, 0.014233934415217388
4252, 3, 16, Status.WALL, 0.01421970048080217
4253, 2, 13, Status.WALL, 0.014205480780321368
4254, 5, 26, Status.SNAKE, 0.014191275299541046
4255, 1, 8, Status.WALL, 0.014177084024241506
4256, 3, 20, Status.SNAKE, 0.014162906940217265
4257, 6, 50, Status.SNAKE, 0.014148744033277047
4258, 3, 21, Status.WALL, 0.014134595289243771
4259, 1, 6, Status.SNAKE, 0.014120460693954527
4260, 1, 16, Status.SNAKE, 0.014106340233260573
4261, 2, 12, Status.WALL, 0.014092233893027313
4262, 2, 18, Status.WALL, 0.014078141659134286
4263, 2, 17, Status.WALL, 0.014064063517475151
4264, 1, 7, Status.SNAKE, 0.014049999453957676
4265, 5, 46, Status.WALL, 0.014035949454503718
4266, 2, 20, Status.WALL, 0.014021913505049215
4267, 2, 12, Status.SNAKE, 0.014007891591544166
4268, 0, 6, Status.WALL, 0.013993883699952622
4269, 4, 37, Status.WALL, 0.01397988981625267
4270, 2, 26, Status.WALL, 0.013965909926436417
4271, 5, 39, Status.WALL, 0.013951944016509982
4272, 1, 15, Status.SNAKE, 0.013937992072493471
4273, 6, 70, Status.WALL, 0.013924054080420977
4274, 6, 50, Status.SNAKE, 0.013910130026340556
4275, 5, 33, Status.SNAKE, 0.013896219896314215
4276, 4, 41, Status.WALL, 0.013882323676417901
4277, 7, 64, Status.WALL, 0.013868441352741484
4278, 1, 6, Status.SNAKE, 0.013854572911388743
4279, 2, 14, Status.WALL, 0.013840718338477354
4280, 6, 38, Status.WALL, 0.013826877620138877
4281, 2, 11, Status.WALL, 0.013813050742518738
4282, 6, 37, Status.SNAKE, 0.013799237691776219
4283, 6, 51, Status.SNAKE, 0.013785438454084442
4284, 9, 61, Status.WALL, 0.013771653015630358
4285, 3, 20, Status.WALL, 0.013757881362614728
4286, 5, 30, Status.WALL, 0.013744123481252113
4287, 1, 12, Status.WALL, 0.01373037935777086
4288, 0, 7, Status.WALL, 0.01371664897841309
4289, 5, 42, Status.SNAKE, 0.013702932329434677
4290, 3, 14, Status.WALL, 0.013689229397105242
4291, 6, 44, Status.SNAKE, 0.013675540167708137
4292, 1, 16, Status.SNAKE, 0.013661864627540429
4293, 10, 82, Status.SNAKE, 0.013648202762912889
4294, 3, 17, Status.SNAKE, 0.013634554560149977
4295, 3, 19, Status.WALL, 0.013620920005589827
4296, 5, 28, Status.SNAKE, 0.013607299085584237
4297, 4, 35, Status.SNAKE, 0.013593691786498652
4298, 5, 34, Status.SNAKE, 0.013580098094712154
4299, 5, 30, Status.SNAKE, 0.013566517996617442
4300, 3, 23, Status.SNAKE, 0.013552951478620824
4301, 5, 40, Status.WALL, 0.013539398527142203
4302, 0, 5, Status.WALL, 0.01352585912861506
4303, 6, 50, Status.SNAKE, 0.013512333269486445
4304, 9, 65, Status.SNAKE, 0.013498820936216958
4305, 10, 57, Status.SNAKE, 0.01348532211528074
4306, 4, 21, Status.SNAKE, 0.01347183679316546
4307, 6, 42, Status.SNAKE, 0.013458364956372294
4308, 8, 45, Status.SNAKE, 0.013444906591415923
4309, 4, 31, Status.WALL, 0.013431461684824507
4310, 9, 64, Status.SNAKE, 0.013418030223139681
4311, 4, 24, Status.SNAKE, 0.013404612192916542
4312, 5, 41, Status.WALL, 0.013391207580723626
4313, 5, 42, Status.SNAKE, 0.013377816373142903
4314, 10, 72, Status.SNAKE, 0.01336443855676976
4315, 4, 25, Status.WALL, 0.01335107411821299
4316, 2, 17, Status.WALL, 0.013337723044094777
4317, 6, 29, Status.SNAKE, 0.013324385321050682
4318, 7, 48, Status.WALL, 0.01331106093572963
4319, 0, 6, Status.WALL, 0.013297749874793902
4320, 1, 10, Status.WALL, 0.013284452124919108
4321, 6, 49, Status.SNAKE, 0.013271167672794189
4322, 2, 24, Status.WALL, 0.013257896505121394
4323, 6, 52, Status.SNAKE, 0.013244638608616273
4324, 9, 73, Status.SNAKE, 0.013231393970007657
4325, 10, 75, Status.SNAKE, 0.013218162576037648
4326, 5, 45, Status.WALL, 0.01320494441346161
4327, 5, 28, Status.WALL, 0.013191739469048148
4328, 3, 24, Status.WALL, 0.0131785477295791
4329, 6, 43, Status.WALL, 0.013165369181849521
4330, 7, 57, Status.SNAKE, 0.013152203812667672
4331, 6, 43, Status.SNAKE, 0.013139051608855005
4332, 3, 17, Status.SNAKE, 0.01312591255724615
4333, 2, 17, Status.WALL, 0.013112786644688904
4334, 5, 40, Status.WALL, 0.013099673858044215
4335, 3, 20, Status.SNAKE, 0.01308657418418617
4336, 3, 15, Status.SNAKE, 0.013073487610001983
4337, 2, 16, Status.WALL, 0.013060414122391981
4338, 4, 21, Status.SNAKE, 0.01304735370826959
4339, 8, 51, Status.SNAKE, 0.01303430635456132
4340, 14, 68, Status.SNAKE, 0.013021272048206758
4341, 7, 48, Status.WALL, 0.013008250776158551
4342, 5, 42, Status.SNAKE, 0.012995242525382393
4343, 7, 54, Status.SNAKE, 0.012982247282857011
4344, 1, 8, Status.WALL, 0.012969265035574154
4345, 4, 33, Status.SNAKE, 0.012956295770538579
4346, 0, 5, Status.WALL, 0.01294333947476804
4347, 3, 30, Status.WALL, 0.012930396135293273
4348, 7, 41, Status.WALL, 0.01291746573915798
4349, 0, 5, Status.WALL, 0.012904548273418822
4350, 2, 15, Status.WALL, 0.012891643725145403
4351, 1, 15, Status.WALL, 0.012878752081420258
4352, 3, 18, Status.SNAKE, 0.012865873329338837
4353, 1, 10, Status.SNAKE, 0.012853007456009499
4354, 4, 20, Status.SNAKE, 0.012840154448553489
4355, 5, 28, Status.SNAKE, 0.012827314294104936
4356, 3, 14, Status.SNAKE, 0.012814486979810831
4357, 5, 26, Status.SNAKE, 0.01280167249283102
4358, 4, 23, Status.WALL, 0.01278887082033819
4359, 1, 5, Status.WALL, 0.012776081949517853
4360, 8, 57, Status.SNAKE, 0.012763305867568336
4361, 10, 67, Status.SNAKE, 0.012750542561700768
4362, 10, 80, Status.SNAKE, 0.012737792019139067
4363, 12, 78, Status.SNAKE, 0.012725054227119928
4364, 10, 71, Status.SNAKE, 0.012712329172892809
4365, 4, 21, Status.WALL, 0.012699616843719915
4366, 12, 92, Status.SNAKE, 0.012686917226876196
4367, 2, 17, Status.WALL, 0.01267423030964932
4368, 1, 10, Status.WALL, 0.012661556079339671
4369, 3, 21, Status.WALL, 0.012648894523260332
4370, 2, 11, Status.WALL, 0.012636245628737072
4371, 10, 68, Status.SNAKE, 0.012623609383108334
4372, 2, 7, Status.WALL, 0.012610985773725226
4373, 7, 39, Status.SNAKE, 0.012598374787951502
4374, 4, 44, Status.WALL, 0.01258577641316355
4375, 4, 32, Status.SNAKE, 0.012573190636750387
4376, 4, 24, Status.SNAKE, 0.012560617446113637
4377, 8, 75, Status.WALL, 0.012548056828667524
4378, 3, 26, Status.SNAKE, 0.012535508771838856
4379, 5, 36, Status.SNAKE, 0.012522973263067018
4380, 3, 20, Status.WALL, 0.012510450289803951
4381, 4, 32, Status.SNAKE, 0.012497939839514147
4382, 0, 5, Status.WALL, 0.012485441899674633
4383, 7, 45, Status.WALL, 0.012472956457774959
4384, 2, 15, Status.WALL, 0.012460483501317184
4385, 3, 12, Status.SNAKE, 0.012448023017815866
4386, 1, 10, Status.WALL, 0.01243557499479805
4387, 9, 49, Status.WALL, 0.012423139419803253
4388, 7, 43, Status.SNAKE, 0.01241071628038345
4389, 0, 7, Status.WALL, 0.012398305564103066
4390, 8, 60, Status.WALL, 0.012385907258538963
4391, 5, 33, Status.SNAKE, 0.012373521351280423
4392, 6, 40, Status.WALL, 0.012361147829929142
4393, 4, 37, Status.WALL, 0.012348786682099213
4394, 3, 19, Status.WALL, 0.012336437895417114
4395, 8, 53, Status.SNAKE, 0.012324101457521696
4396, 9, 51, Status.SNAKE, 0.012311777356064174
4397, 0, 5, Status.WALL, 0.01229946557870811
4398, 8, 55, Status.SNAKE, 0.012287166113129402
4399, 3, 23, Status.WALL, 0.012274878947016272
4400, 0, 5, Status.WALL, 0.012262604068069257
4401, 4, 27, Status.SNAKE, 0.012250341464001188
4402, 1, 8, Status.WALL, 0.012238091122537187
4403, 10, 85, Status.WALL, 0.012225853031414649
4404, 3, 20, Status.SNAKE, 0.012213627178383235
4405, 2, 12, Status.WALL, 0.012201413551204852
4406, 4, 32, Status.SNAKE, 0.012189212137653647
4407, 4, 33, Status.SNAKE, 0.012177022925515993
4408, 0, 5, Status.WALL, 0.012164845902590477
4409, 2, 13, Status.WALL, 0.012152681056687886
4410, 1, 8, Status.WALL, 0.012140528375631197
4411, 3, 29, Status.WALL, 0.012128387847255567
4412, 1, 14, Status.WALL, 0.01211625945940831
4413, 1, 7, Status.WALL, 0.012104143199948902
4414, 5, 31, Status.SNAKE, 0.012092039056748953
4415, 9, 71, Status.WALL, 0.012079947017692204
4416, 1, 6, Status.SNAKE, 0.012067867070674513
4417, 3, 18, Status.WALL, 0.012055799203603838
4418, 3, 21, Status.SNAKE, 0.012043743404400235
4419, 7, 44, Status.SNAKE, 0.012031699660995834
4420, 7, 51, Status.SNAKE, 0.012019667961334838
4421, 4, 32, Status.SNAKE, 0.012007648293373504
4422, 6, 41, Status.WALL, 0.01199564064508013
4423, 1, 10, Status.WALL, 0.01198364500443505
4424, 6, 34, Status.SNAKE, 0.011971661359430615
4425, 7, 54, Status.WALL, 0.011959689698071185
4426, 2, 7, Status.SNAKE, 0.011947730008373113
4427, 8, 57, Status.SNAKE, 0.01193578227836474
4428, 4, 35, Status.WALL, 0.011923846496086375
4429, 4, 29, Status.WALL, 0.01191192264959029
4430, 3, 19, Status.SNAKE, 0.0119000107269407
4431, 6, 42, Status.SNAKE, 0.011888110716213759
4432, 2, 16, Status.SNAKE, 0.011876222605497545
4433, 5, 32, Status.SNAKE, 0.011864346382892048
4434, 0, 5, Status.WALL, 0.011852482036509156
4435, 4, 30, Status.WALL, 0.011840629554472647
4436, 4, 20, Status.SNAKE, 0.011828788924918175
4437, 6, 43, Status.SNAKE, 0.011816960135993256
4438, 8, 46, Status.WALL, 0.011805143175857263
4439, 1, 10, Status.WALL, 0.011793338032681407
4440, 1, 10, Status.WALL, 0.011781544694648725
4441, 1, 9, Status.WALL, 0.011769763149954076
4442, 3, 25, Status.SNAKE, 0.011757993386804121
4443, 3, 22, Status.WALL, 0.011746235393417317
4444, 4, 27, Status.WALL, 0.0117344891580239
4445, 4, 40, Status.WALL, 0.011722754668865876
4446, 0, 5, Status.WALL, 0.01171103191419701
4447, 3, 23, Status.SNAKE, 0.011699320882282814
4448, 3, 15, Status.SNAKE, 0.01168762156140053
4449, 1, 15, Status.WALL, 0.01167593393983913
4450, 6, 54, Status.SNAKE, 0.01166425800589929
4451, 1, 5, Status.WALL, 0.01165259374789339
4452, 6, 32, Status.WALL, 0.011640941154145497
4453, 3, 18, Status.WALL, 0.01162930021299135
4454, 3, 15, Status.SNAKE, 0.01161767091277836
4455, 4, 26, Status.WALL, 0.011606053241865581
4456, 5, 39, Status.SNAKE, 0.011594447188623716
4457, 5, 30, Status.SNAKE, 0.011582852741435093
4458, 1, 16, Status.WALL, 0.011571269888693659
4459, 6, 34, Status.WALL, 0.011559698618804966
4460, 6, 36, Status.WALL, 0.011548138920186161
4461, 7, 58, Status.SNAKE, 0.011536590781265975
4462, 2, 23, Status.WALL, 0.01152505419048471
4463, 0, 5, Status.WALL, 0.011513529136294224
4464, 6, 29, Status.WALL, 0.011502015607157929
4465, 2, 21, Status.WALL, 0.011490513591550771
4466, 1, 8, Status.WALL, 0.01147902307795922
4467, 2, 14, Status.WALL, 0.01146754405488126
4468, 8, 61, Status.SNAKE, 0.011456076510826379
4469, 6, 52, Status.SNAKE, 0.011444620434315551
4470, 8, 64, Status.SNAKE, 0.011433175813881235
4471, 5, 34, Status.SNAKE, 0.011421742638067355
4472, 5, 31, Status.SNAKE, 0.011410320895429288
4473, 10, 75, Status.SNAKE, 0.011398910574533858
4474, 5, 48, Status.WALL, 0.011387511663959324
4475, 6, 51, Status.WALL, 0.011376124152295365
4476, 6, 53, Status.WALL, 0.01136474802814307
4477, 2, 9, Status.SNAKE, 0.011353383280114928
4478, 0, 5, Status.WALL, 0.011342029896834813
4479, 19, 132, Status.SNAKE, 0.011330687866937979
4480, 4, 33, Status.SNAKE, 0.011319357179071041
4481, 11, 86, Status.WALL, 0.011308037821891971
4482, 5, 32, Status.WALL, 0.01129672978407008
4483, 4, 24, Status.SNAKE, 0.011285433054286009
4484, 3, 33, Status.WALL, 0.011274147621231722
4485, 2, 10, Status.SNAKE, 0.01126287347361049
4486, 3, 8, Status.SNAKE, 0.01125161060013688
4487, 2, 23, Status.WALL, 0.011240358989536743
4488, 4, 34, Status.SNAKE, 0.011229118630547206
4489, 1, 16, Status.WALL, 0.011217889511916658
4490, 1, 13, Status.WALL, 0.011206671622404742
4491, 4, 19, Status.WALL, 0.011195464950782337
4492, 6, 46, Status.SNAKE, 0.011184269485831554
4493, 9, 70, Status.SNAKE, 0.011173085216345722
4494, 7, 62, Status.SNAKE, 0.011161912131129376
4495, 5, 28, Status.SNAKE, 0.011150750218998246
4496, 1, 3, Status.SNAKE, 0.011139599468779248
4497, 6, 55, Status.WALL, 0.01112845986931047
4498, 5, 28, Status.SNAKE, 0.01111733140944116
4499, 0, 7, Status.WALL, 0.011106214078031718
4500, 3, 24, Status.WALL, 0.011095107863953686
4501, 5, 28, Status.WALL, 0.011084012756089733
4502, 2, 21, Status.WALL, 0.011072928743333644
4503, 1, 6, Status.SNAKE, 0.01106185581459031
4504, 5, 39, Status.SNAKE, 0.01105079395877572
4505, 4, 36, Status.SNAKE, 0.011039743164816944
4506, 0, 5, Status.WALL, 0.011028703421652127
4507, 2, 23, Status.WALL, 0.011017674718230475
4508, 2, 22, Status.WALL, 0.011006657043512244
4509, 10, 77, Status.SNAKE, 0.010995650386468731
4510, 4, 38, Status.WALL, 0.010984654736082263
4511, 6, 65, Status.WALL, 0.010973670081346181
4512, 3, 27, Status.WALL, 0.010962696411264836
4513, 4, 21, Status.WALL, 0.01095173371485357
4514, 7, 72, Status.WALL, 0.010940781981138717
4515, 1, 6, Status.WALL, 0.010929841199157578
4516, 4, 24, Status.SNAKE, 0.010918911357958421
4517, 2, 15, Status.SNAKE, 0.010907992446600463
4518, 4, 34, Status.SNAKE, 0.010897084454153863
4519, 3, 38, Status.WALL, 0.01088618736969971
4520, 5, 49, Status.SNAKE, 0.010875301182330011
4521, 5, 40, Status.SNAKE, 0.010864425881147681
4522, 10, 68, Status.SNAKE, 0.010853561455266534
4523, 0, 5, Status.WALL, 0.010842707893811268
4524, 6, 25, Status.SNAKE, 0.010831865185917456
4525, 6, 45, Status.SNAKE, 0.01082103332073154
4526, 8, 60, Status.WALL, 0.010810212287410808
4527, 2, 20, Status.WALL, 0.010799402075123397
4528, 6, 36, Status.WALL, 0.010788602673048273
4529, 6, 55, Status.WALL, 0.010777814070375225
4530, 4, 29, Status.SNAKE, 0.01076703625630485
4531, 6, 43, Status.SNAKE, 0.010756269220048544
4532, 5, 41, Status.SNAKE, 0.010745512950828496
4533, 7, 56, Status.SNAKE, 0.010734767437877667
4534, 2, 10, Status.WALL, 0.01072403267043979
4535, 2, 21, Status.WALL, 0.01071330863776935
4536, 5, 34, Status.SNAKE, 0.010702595329131582
4537, 5, 38, Status.SNAKE, 0.01069189273380245
4538, 6, 38, Status.SNAKE, 0.010681200841068649
4539, 2, 20, Status.WALL, 0.01067051964022758
4540, 5, 35, Status.WALL, 0.010659849120587353
4541, 0, 5, Status.WALL, 0.010649189271466766
4542, 10, 82, Status.WALL, 0.0106385400821953
4543, 2, 14, Status.WALL, 0.010627901542113105
4544, 0, 5, Status.WALL, 0.010617273640570992
4545, 7, 51, Status.SNAKE, 0.01060665636693042
4546, 6, 30, Status.SNAKE, 0.01059604971056349
4547, 2, 23, Status.WALL, 0.010585453660852926
4548, 4, 30, Status.SNAKE, 0.010574868207192074
4549, 1, 3, Status.SNAKE, 0.01056429333898488
4550, 10, 84, Status.SNAKE, 0.010553729045645896
4551, 4, 30, Status.WALL, 0.01054317531660025
4552, 8, 45, Status.SNAKE, 0.01053263214128365
4553, 1, 16, Status.WALL, 0.010522099509142365
4554, 9, 66, Status.SNAKE, 0.010511577409633223
4555, 4, 35, Status.SNAKE, 0.010501065832223589
4556, 8, 74, Status.SNAKE, 0.010490564766391366
4557, 6, 43, Status.WALL, 0.010480074201624974
4558, 10, 72, Status.SNAKE, 0.01046959412742335
4559, 9, 83, Status.SNAKE, 0.010459124533295927
4560, 8, 67, Status.WALL, 0.01044866540876263
4561, 5, 26, Status.WALL, 0.010438216743353868
4562, 1, 5, Status.WALL, 0.010427778526610514
4563, 5, 43, Status.SNAKE, 0.010417350748083904
4564, 3, 16, Status.WALL, 0.01040693339733582
4565, 2, 16, Status.WALL, 0.010396526463938485
4566, 1, 5, Status.SNAKE, 0.010386129937474547
4567, 7, 45, Status.SNAKE, 0.010375743807537072
4568, 1, 5, Status.SNAKE, 0.010365368063729535
4569, 1, 6, Status.SNAKE, 0.010355002695665807
4570, 2, 23, Status.WALL, 0.010344647692970142
4571, 2, 17, Status.WALL, 0.010334303045277172
4572, 1, 8, Status.WALL, 0.010323968742231895
4573, 3, 24, Status.WALL, 0.010313644773489663
4574, 6, 49, Status.WALL, 0.010303331128716174
4575, 4, 17, Status.SNAKE, 0.010293027797587458
4576, 8, 56, Status.SNAKE, 0.01028273476978987
4577, 7, 47, Status.SNAKE, 0.01027245203502008
4578, 6, 46, Status.SNAKE, 0.01026217958298506
4579, 5, 41, Status.WALL, 0.010251917403402075
4580, 3, 23, Status.SNAKE, 0.010241665485998672
4581, 1, 14, Status.WALL, 0.010231423820512673
4582, 2, 12, Status.WALL, 0.01022119239669216
4583, 3, 27, Status.SNAKE, 0.010210971204295469
4584, 6, 43, Status.SNAKE, 0.010200760233091173
4585, 4, 33, Status.WALL, 0.010190559472858081
4586, 7, 49, Status.SNAKE, 0.010180368913385222
4587, 1, 3, Status.SNAKE, 0.010170188544471838
4588, 6, 34, Status.SNAKE, 0.010160018355927366
4589, 4, 23, Status.SNAKE, 0.010149858337571439
4590, 3, 11, Status.SNAKE, 0.010139708479233867
4591, 3, 16, Status.SNAKE, 0.010129568770754632
4592, 13, 77, Status.WALL, 0.010119439201983878
4593, 1, 3, Status.SNAKE, 0.010109319762781895
4594, 1, 15, Status.WALL, 0.010099210443019114
4595, 9, 51, Status.SNAKE, 0.010089111232576095
4596, 7, 39, Status.SNAKE, 0.010079022121343519
4597, 2, 19, Status.WALL, 0.010068943099222174
4598, 0, 5, Status.WALL, 0.010058874156122952
4599, 5, 44, Status.SNAKE, 0.01004881528196683
4600, 8, 70, Status.SNAKE, 0.010038766466684862
4601, 10, 55, Status.SNAKE, 0.010028727700218176
4602, 1, 4, Status.SNAKE, 0.010018698972517958
4603, 1, 7, Status.SNAKE, 0.01000868027354544
4604, 3, 21, Status.WALL, 0.01
4605, 2, 16, Status.WALL, 0.01
4606, 2, 14, Status.WALL, 0.01
4607, 2, 19, Status.WALL, 0.01
4608, 2, 20, Status.WALL, 0.01
4609, 4, 28, Status.WALL, 0.01
4610, 3, 17, Status.SNAKE, 0.01
4611, 8, 47, Status.WALL, 0.01
4612, 3, 27, Status.SNAKE, 0.01
4613, 3, 19, Status.WALL, 0.01
4614, 10, 70, Status.SNAKE, 0.01
4615, 5, 31, Status.SNAKE, 0.01
4616, 1, 11, Status.SNAKE, 0.01
4617, 2, 11, Status.WALL, 0.01
4618, 5, 37, Status.SNAKE, 0.01
4619, 3, 41, Status.WALL, 0.01
4620, 4, 27, Status.WALL, 0.01
4621, 4, 32, Status.SNAKE, 0.01
4622, 9, 53, Status.SNAKE, 0.01
4623, 4, 24, Status.SNAKE, 0.01
4624, 3, 25, Status.SNAKE, 0.01
4625, 2, 23, Status.WALL, 0.01
4626, 3, 22, Status.WALL, 0.01
4627, 1, 3, Status.SNAKE, 0.01
4628, 5, 44, Status.SNAKE, 0.01
4629, 6, 65, Status.SNAKE, 0.01
4630, 4, 21, Status.WALL, 0.01
4631, 4, 31, Status.WALL, 0.01
4632, 1, 9, Status.WALL, 0.01
4633, 4, 33, Status.WALL, 0.01
4634, 3, 17, Status.WALL, 0.01
4635, 2, 17, Status.WALL, 0.01
4636, 7, 65, Status.WALL, 0.01
4637, 3, 22, Status.WALL, 0.01
4638, 1, 13, Status.WALL, 0.01
4639, 4, 25, Status.WALL, 0.01
4640, 5, 39, Status.SNAKE, 0.01
4641, 7, 70, Status.WALL, 0.01
4642, 9, 85, Status.WALL, 0.01
4643, 10, 70, Status.SNAKE, 0.01
4644, 5, 38, Status.WALL, 0.01
4645, 8, 56, Status.SNAKE, 0.01
4646, 7, 42, Status.SNAKE, 0.01
4647, 11, 86, Status.SNAKE, 0.01
4648, 6, 33, Status.SNAKE, 0.01
4649, 5, 43, Status.SNAKE, 0.01
4650, 1, 6, Status.SNAKE, 0.01
4651, 7, 53, Status.SNAKE, 0.01
4652, 4, 36, Status.SNAKE, 0.01
4653, 4, 18, Status.SNAKE, 0.01
4654, 0, 5, Status.WALL, 0.01
4655, 2, 22, Status.WALL, 0.01
4656, 2, 16, Status.WALL, 0.01
4657, 1, 5, Status.SNAKE, 0.01
4658, 4, 22, Status.WALL, 0.01
4659, 3, 23, Status.WALL, 0.01
4660, 2, 23, Status.WALL, 0.01
4661, 4, 32, Status.SNAKE, 0.01
4662, 10, 60, Status.WALL, 0.01
4663, 4, 27, Status.SNAKE, 0.01
4664, 2, 17, Status.WALL, 0.01
4665, 11, 75, Status.SNAKE, 0.01
4666, 5, 39, Status.SNAKE, 0.01
4667, 2, 13, Status.SNAKE, 0.01
4668, 6, 40, Status.SNAKE, 0.01
4669, 1, 16, Status.WALL, 0.01
4670, 3, 13, Status.SNAKE, 0.01
4671, 5, 32, Status.SNAKE, 0.01
4672, 4, 38, Status.WALL, 0.01
4673, 7, 51, Status.SNAKE, 0.01
4674, 0, 5, Status.WALL, 0.01
4675, 1, 5, Status.WALL, 0.01
4676, 6, 38, Status.SNAKE, 0.01
4677, 7, 63, Status.SNAKE, 0.01
4678, 3, 29, Status.SNAKE, 0.01
4679, 1, 12, Status.WALL, 0.01
4680, 6, 48, Status.WALL, 0.01
4681, 5, 37, Status.WALL, 0.01
4682, 6, 49, Status.SNAKE, 0.01
4683, 9, 70, Status.SNAKE, 0.01
4684, 6, 53, Status.WALL, 0.01
4685, 4, 31, Status.WALL, 0.01
4686, 1, 8, Status.WALL, 0.01
4687, 0, 5, Status.WALL, 0.01
4688, 1, 7, Status.WALL, 0.01
4689, 8, 62, Status.WALL, 0.01
4690, 7, 45, Status.SNAKE, 0.01
4691, 3, 28, Status.WALL, 0.01
4692, 9, 67, Status.SNAKE, 0.01
4693, 11, 70, Status.SNAKE, 0.01
4694, 1, 9, Status.WALL, 0.01
4695, 5, 28, Status.SNAKE, 0.01
4696, 10, 65, Status.WALL, 0.01
4697, 7, 43, Status.WALL, 0.01
4698, 2, 11, Status.SNAKE, 0.01
4699, 1, 6, Status.WALL, 0.01
4700, 3, 29, Status.SNAKE, 0.01
4701, 7, 48, Status.SNAKE, 0.01
4702, 7, 58, Status.WALL, 0.01
4703, 6, 29, Status.WALL, 0.01
4704, 4, 40, Status.WALL, 0.01
4705, 3, 28, Status.WALL, 0.01
4706, 5, 33, Status.SNAKE, 0.01
4707, 9, 49, Status.SNAKE, 0.01
4708, 3, 33, Status.WALL, 0.01
4709, 3, 22, Status.SNAKE, 0.01
4710, 4, 23, Status.SNAKE, 0.01
4711, 3, 35, Status.WALL, 0.01
4712, 1, 15, Status.WALL, 0.01
4713, 0, 5, Status.WALL, 0.01
4714, 3, 20, Status.SNAKE, 0.01
4715, 8, 58, Status.SNAKE, 0.01
4716, 3, 18, Status.SNAKE, 0.01
4717, 3, 16, Status.SNAKE, 0.01
4718, 8, 55, Status.WALL, 0.01
4719, 2, 23, Status.WALL, 0.01
4720, 3, 41, Status.WALL, 0.01
4721, 5, 38, Status.WALL, 0.01
4722, 1, 10, Status.WALL, 0.01
4723, 3, 19, Status.SNAKE, 0.01
4724, 2, 14, Status.WALL, 0.01
4725, 7, 53, Status.SNAKE, 0.01
4726, 4, 30, Status.SNAKE, 0.01
4727, 8, 62, Status.SNAKE, 0.01
4728, 3, 32, Status.WALL, 0.01
4729, 5, 40, Status.SNAKE, 0.01
4730, 6, 38, Status.WALL, 0.01
4731, 4, 29, Status.WALL, 0.01
4732, 6, 51, Status.WALL, 0.01
4733, 1, 16, Status.WALL, 0.01
4734, 3, 28, Status.WALL, 0.01
4735, 3, 13, Status.WALL, 0.01
4736, 2, 8, Status.WALL, 0.01
4737, 2, 21, Status.WALL, 0.01
4738, 4, 25, Status.WALL, 0.01
4739, 10, 71, Status.WALL, 0.01
4740, 1, 9, Status.WALL, 0.01
4741, 7, 64, Status.SNAKE, 0.01
4742, 5, 45, Status.SNAKE, 0.01
4743, 1, 12, Status.WALL, 0.01
4744, 7, 48, Status.SNAKE, 0.01
4745, 4, 36, Status.SNAKE, 0.01
4746, 3, 21, Status.WALL, 0.01
4747, 8, 63, Status.WALL, 0.01
4748, 0, 5, Status.WALL, 0.01
4749, 3, 12, Status.SNAKE, 0.01
4750, 7, 30, Status.WALL, 0.01
4751, 0, 5, Status.WALL, 0.01
4752, 3, 25, Status.WALL, 0.01
4753, 5, 23, Status.SNAKE, 0.01
4754, 5, 37, Status.SNAKE, 0.01
4755, 4, 24, Status.SNAKE, 0.01
4756, 1, 7, Status.WALL, 0.01
4757, 7, 47, Status.SNAKE, 0.01
4758, 3, 33, Status.WALL, 0.01
4759, 9, 52, Status.SNAKE, 0.01
4760, 13, 79, Status.WALL, 0.01
4761, 2, 17, Status.WALL, 0.01
4762, 7, 40, Status.WALL, 0.01
4763, 5, 40, Status.WALL, 0.01
4764, 5, 24, Status.SNAKE, 0.01
4765, 6, 38, Status.WALL, 0.01
4766, 4, 24, Status.SNAKE, 0.01
4767, 8, 45, Status.SNAKE, 0.01
4768, 2, 21, Status.WALL, 0.01
4769, 6, 53, Status.SNAKE, 0.01
4770, 3, 21, Status.WALL, 0.01
4771, 0, 5, Status.WALL, 0.01
4772, 8, 44, Status.SNAKE, 0.01
4773, 5, 34, Status.SNAKE, 0.01
4774, 13, 67, Status.SNAKE, 0.01
4775, 4, 36, Status.SNAKE, 0.01
4776, 2, 11, Status.SNAKE, 0.01
4777, 7, 37, Status.SNAKE, 0.01
4778, 1, 10, Status.WALL, 0.01
4779, 5, 29, Status.SNAKE, 0.01
4780, 5, 42, Status.WALL, 0.01
4781, 3, 25, Status.SNAKE, 0.01
4782, 6, 36, Status.SNAKE, 0.01
4783, 4, 24, Status.SNAKE, 0.01
4784, 2, 14, Status.WALL, 0.01
4785, 8, 51, Status.SNAKE, 0.01
4786, 9, 75, Status.SNAKE, 0.01
4787, 1, 6, Status.WALL, 0.01
4788, 2, 15, Status.WALL, 0.01
4789, 6, 48, Status.SNAKE, 0.01
4790, 5, 23, Status.SNAKE, 0.01
4791, 9, 64, Status.SNAKE, 0.01
4792, 9, 43, Status.SNAKE, 0.01
4793, 6, 41, Status.SNAKE, 0.01
4794, 4, 25, Status.SNAKE, 0.01
4795, 5, 46, Status.SNAKE, 0.01
4796, 3, 20, Status.WALL, 0.01
4797, 0, 5, Status.WALL, 0.01
4798, 10, 71, Status.WALL, 0.01
4799, 2, 12, Status.WALL, 0.01
4800, 4, 32, Status.SNAKE, 0.01
4801, 2, 18, Status.WALL, 0.01
4802, 6, 36, Status.WALL, 0.01
4803, 2, 14, Status.WALL, 0.01
4804, 5, 46, Status.SNAKE, 0.01
4805, 5, 35, Status.WALL, 0.01
4806, 5, 34, Status.WALL, 0.01
4807, 6, 38, Status.SNAKE, 0.01
4808, 3, 17, Status.SNAKE, 0.01
4809, 4, 33, Status.WALL, 0.01
4810, 0, 5, Status.WALL, 0.01
4811, 1, 6, Status.SNAKE, 0.01
4812, 9, 80, Status.SNAKE, 0.01
4813, 1, 10, Status.WALL, 0.01
4814, 3, 19, Status.SNAKE, 0.01
4815, 4, 23, Status.SNAKE, 0.01
4816, 4, 33, Status.SNAKE, 0.01
4817, 2, 8, Status.WALL, 0.01
4818, 1, 3, Status.SNAKE, 0.01
4819, 3, 23, Status.SNAKE, 0.01
4820, 1, 13, Status.WALL, 0.01
4821, 1, 10, Status.WALL, 0.01
4822, 3, 26, Status.SNAKE, 0.01
4823, 2, 29, Status.WALL, 0.01
4824, 3, 22, Status.SNAKE, 0.01
4825, 0, 5, Status.WALL, 0.01
4826, 5, 25, Status.SNAKE, 0.01
4827, 4, 32, Status.SNAKE, 0.01
4828, 12, 98, Status.SNAKE, 0.01
4829, 4, 30, Status.SNAKE, 0.01
4830, 1, 10, Status.WALL, 0.01
4831, 3, 21, Status.SNAKE, 0.01
4832, 9, 64, Status.SNAKE, 0.01
4833, 2, 13, Status.WALL, 0.01
4834, 3, 21, Status.SNAKE, 0.01
4835, 1, 6, Status.SNAKE, 0.01
4836, 4, 31, Status.SNAKE, 0.01
4837, 7, 40, Status.WALL, 0.01
4838, 4, 33, Status.WALL, 0.01
4839, 7, 59, Status.SNAKE, 0.01
4840, 5, 47, Status.SNAKE, 0.01
4841, 2, 21, Status.WALL, 0.01
4842, 7, 59, Status.WALL, 0.01
4843, 8, 65, Status.SNAKE, 0.01
4844, 1, 10, Status.WALL, 0.01
4845, 8, 55, Status.SNAKE, 0.01
4846, 3, 29, Status.WALL, 0.01
4847, 5, 35, Status.SNAKE, 0.01
4848, 5, 32, Status.SNAKE, 0.01
4849, 8, 63, Status.WALL, 0.01
4850, 8, 61, Status.SNAKE, 0.01
4851, 2, 31, Status.WALL, 0.01
4852, 0, 5, Status.WALL, 0.01
4853, 11, 89, Status.SNAKE, 0.01
4854, 4, 25, Status.WALL, 0.01
4855, 7, 51, Status.SNAKE, 0.01
4856, 2, 11, Status.WALL, 0.01
4857, 7, 42, Status.SNAKE, 0.01
4858, 12, 96, Status.SNAKE, 0.01
4859, 1, 7, Status.WALL, 0.01
4860, 8, 62, Status.SNAKE, 0.01
4861, 3, 20, Status.SNAKE, 0.01
4862, 4, 21, Status.SNAKE, 0.01
4863, 4, 38, Status.WALL, 0.01
4864, 1, 3, Status.SNAKE, 0.01
4865, 2, 16, Status.WALL, 0.01
4866, 3, 29, Status.WALL, 0.01
4867, 3, 21, Status.SNAKE, 0.01
4868, 4, 39, Status.SNAKE, 0.01
4869, 4, 28, Status.WALL, 0.01
4870, 8, 39, Status.WALL, 0.01
4871, 6, 38, Status.SNAKE, 0.01
4872, 7, 54, Status.WALL, 0.01
4873, 9, 63, Status.SNAKE, 0.01
4874, 5, 32, Status.WALL, 0.01
4875, 0, 5, Status.WALL, 0.01
4876, 8, 57, Status.SNAKE, 0.01
4877, 3, 23, Status.SNAKE, 0.01
4878, 0, 5, Status.WALL, 0.01
4879, 1, 11, Status.WALL, 0.01
4880, 6, 44, Status.WALL, 0.01
4881, 6, 37, Status.SNAKE, 0.01
4882, 0, 5, Status.WALL, 0.01
4883, 6, 43, Status.WALL, 0.01
4884, 5, 44, Status.SNAKE, 0.01
4885, 4, 36, Status.SNAKE, 0.01
4886, 7, 46, Status.SNAKE, 0.01
4887, 8, 73, Status.SNAKE, 0.01
4888, 6, 45, Status.SNAKE, 0.01
4889, 3, 17, Status.SNAKE, 0.01
4890, 7, 53, Status.SNAKE, 0.01
4891, 6, 63, Status.SNAKE, 0.01
4892, 3, 19, Status.WALL, 0.01
4893, 3, 37, Status.WALL, 0.01
4894, 3, 24, Status.SNAKE, 0.01
4895, 3, 17, Status.WALL, 0.01
4896, 4, 32, Status.WALL, 0.01
4897, 6, 47, Status.WALL, 0.01
4898, 3, 29, Status.WALL, 0.01
4899, 3, 18, Status.SNAKE, 0.01
4900, 7, 56, Status.SNAKE, 0.01
4901, 3, 25, Status.WALL, 0.01
4902, 4, 33, Status.WALL, 0.01
4903, 4, 20, Status.SNAKE, 0.01
4904, 1, 6, Status.WALL, 0.01
4905, 3, 38, Status.WALL, 0.01
4906, 2, 19, Status.WALL, 0.01
4907, 4, 26, Status.WALL, 0.01
4908, 0, 5, Status.WALL, 0.01
4909, 1, 10, Status.WALL, 0.01
4910, 4, 33, Status.SNAKE, 0.01
4911, 3, 17, Status.SNAKE, 0.01
4912, 6, 48, Status.SNAKE, 0.01
4913, 5, 28, Status.SNAKE, 0.01
4914, 4, 23, Status.SNAKE, 0.01
4915, 6, 35, Status.SNAKE, 0.01
4916, 1, 17, Status.WALL, 0.01
4917, 7, 49, Status.SNAKE, 0.01
4918, 6, 39, Status.WALL, 0.01
4919, 7, 59, Status.SNAKE, 0.01
4920, 1, 8, Status.WALL, 0.01
4921, 4, 47, Status.WALL, 0.01
4922, 0, 5, Status.WALL, 0.01
4923, 8, 55, Status.SNAKE, 0.01
4924, 5, 46, Status.SNAKE, 0.01
4925, 5, 34, Status.SNAKE, 0.01
4926, 1, 16, Status.WALL, 0.01
4927, 8, 48, Status.SNAKE, 0.01
4928, 0, 5, Status.WALL, 0.01
4929, 4, 19, Status.SNAKE, 0.01
4930, 2, 21, Status.WALL, 0.01
4931, 4, 31, Status.WALL, 0.01
4932, 3, 26, Status.SNAKE, 0.01
4933, 5, 38, Status.WALL, 0.01
4934, 7, 48, Status.WALL, 0.01
4935, 8, 50, Status.SNAKE, 0.01
4936, 7, 33, Status.SNAKE, 0.01
4937, 3, 21, Status.SNAKE, 0.01
4938, 6, 30, Status.SNAKE, 0.01
4939, 1, 7, Status.WALL, 0.01
4940, 6, 42, Status.SNAKE, 0.01
4941, 10, 64, Status.SNAKE, 0.01
4942, 1, 13, Status.WALL, 0.01
4943, 5, 45, Status.SNAKE, 0.01
4944, 8, 64, Status.WALL, 0.01
4945, 3, 15, Status.SNAKE, 0.01
4946, 2, 11, Status.SNAKE, 0.01
4947, 7, 39, Status.WALL, 0.01
4948, 1, 8, Status.WALL, 0.01
4949, 5, 28, Status.WALL, 0.01
4950, 2, 13, Status.WALL, 0.01
4951, 7, 40, Status.SNAKE, 0.01
4952, 4, 26, Status.WALL, 0.01
4953, 3, 17, Status.SNAKE, 0.01
4954, 4, 29, Status.SNAKE, 0.01
4955, 7, 44, Status.SNAKE, 0.01
4956, 1, 10, Status.WALL, 0.01
4957, 3, 20, Status.WALL, 0.01
4958, 6, 44, Status.WALL, 0.01
4959, 2, 19, Status.WALL, 0.01
4960, 6, 51, Status.SNAKE, 0.01
4961, 3, 11, Status.WALL, 0.01
4962, 1, 9, Status.WALL, 0.01
4963, 5, 44, Status.SNAKE, 0.01
4964, 2, 18, Status.SNAKE, 0.01
4965, 3, 33, Status.WALL, 0.01
4966, 2, 20, Status.WALL, 0.01
4967, 4, 43, Status.WALL, 0.01
4968, 3, 33, Status.SNAKE, 0.01
4969, 1, 9, Status.SNAKE, 0.01
4970, 1, 13, Status.WALL, 0.01
4971, 8, 75, Status.SNAKE, 0.01
4972, 6, 44, Status.WALL, 0.01
4973, 5, 50, Status.SNAKE, 0.01
4974, 1, 3, Status.SNAKE, 0.01
4975, 2, 6, Status.SNAKE, 0.01
4976, 3, 26, Status.WALL, 0.01
4977, 2, 17, Status.SNAKE, 0.01
4978, 7, 59, Status.SNAKE, 0.01
4979, 4, 42, Status.SNAKE, 0.01
4980, 4, 33, Status.WALL, 0.01
4981, 8, 49, Status.SNAKE, 0.01
4982, 6, 37, Status.SNAKE, 0.01
4983, 3, 15, Status.WALL, 0.01
4984, 5, 35, Status.SNAKE, 0.01
4985, 16, 89, Status.SNAKE, 0.01
4986, 7, 36, Status.WALL, 0.01
4987, 7, 39, Status.WALL, 0.01
4988, 3, 19, Status.WALL, 0.01
4989, 5, 46, Status.SNAKE, 0.01
4990, 5, 34, Status.SNAKE, 0.01
4991, 5, 34, Status.SNAKE, 0.01
4992, 4, 34, Status.SNAKE, 0.01
4993, 1, 6, Status.SNAKE, 0.01
4994, 5, 32, Status.SNAKE, 0.01
4995, 1, 3, Status.SNAKE, 0.01
4996, 2, 6, Status.SNAKE, 0.01
4997, 3, 23, Status.WALL, 0.01
4998, 4, 45, Status.SNAKE, 0.01
4999, 7, 43, Status.SNAKE, 0.01
5000, 3, 25, Status.SNAKE, 0.01
5001, 1, 3, Status.SNAKE, 0.01
5002, 2, 16, Status.SNAKE, 0.01
5003, 5, 43, Status.SNAKE, 0.01
5004, 15, 121, Status.SNAKE, 0.01
5005, 5, 41, Status.SNAKE, 0.01
5006, 2, 24, Status.WALL, 0.01
5007, 2, 23, Status.WALL, 0.01
5008, 1, 8, Status.SNAKE, 0.01
5009, 3, 24, Status.SNAKE, 0.01
5010, 9, 43, Status.SNAKE, 0.01
5011, 5, 26, Status.SNAKE, 0.01
5012, 14, 94, Status.SNAKE, 0.01
5013, 7, 48, Status.SNAKE, 0.01
5014, 3, 20, Status.SNAKE, 0.01
5015, 1, 15, Status.WALL, 0.01
5016, 1, 14, Status.SNAKE, 0.01
5017, 2, 12, Status.WALL, 0.01
5018, 7, 58, Status.SNAKE, 0.01
5019, 8, 49, Status.SNAKE, 0.01
5020, 3, 29, Status.WALL, 0.01
5021, 6, 40, Status.SNAKE, 0.01
5022, 1, 9, Status.WALL, 0.01
5023, 5, 41, Status.SNAKE, 0.01
5024, 7, 51, Status.SNAKE, 0.01
5025, 2, 13, Status.WALL, 0.01
5026, 9, 52, Status.SNAKE, 0.01
5027, 0, 7, Status.WALL, 0.01
5028, 3, 24, Status.SNAKE, 0.01
5029, 1, 6, Status.SNAKE, 0.01
5030, 1, 6, Status.SNAKE, 0.01
5031, 2, 23, Status.WALL, 0.01
5032, 8, 65, Status.SNAKE, 0.01
5033, 1, 8, Status.SNAKE, 0.01
5034, 6, 55, Status.SNAKE, 0.01
5035, 5, 24, Status.WALL, 0.01
5036, 2, 19, Status.WALL, 0.01
5037, 5, 44, Status.WALL, 0.01
5038, 3, 24, Status.WALL, 0.01
5039, 4, 17, Status.WALL, 0.01
5040, 1, 8, Status.SNAKE, 0.01
5041, 2, 12, Status.SNAKE, 0.01
5042, 6, 46, Status.WALL, 0.01
5043, 4, 41, Status.WALL, 0.01
5044, 2, 27, Status.WALL, 0.01
5045, 6, 55, Status.SNAKE, 0.01
5046, 2, 5, Status.SNAKE, 0.01
5047, 3, 21, Status.WALL, 0.01
5048, 6, 40, Status.SNAKE, 0.01
5049, 2, 15, Status.WALL, 0.01
5050, 3, 29, Status.SNAKE, 0.01
5051, 4, 38, Status.WALL, 0.01
5052, 3, 28, Status.SNAKE, 0.01
5053, 3, 28, Status.WALL, 0.01
5054, 10, 69, Status.SNAKE, 0.01
5055, 5, 35, Status.SNAKE, 0.01
5056, 3, 10, Status.SNAKE, 0.01
5057, 9, 54, Status.WALL, 0.01
5058, 4, 27, Status.SNAKE, 0.01
5059, 2, 20, Status.SNAKE, 0.01
5060, 3, 11, Status.SNAKE, 0.01
5061, 12, 114, Status.WALL, 0.01
5062, 4, 30, Status.WALL, 0.01
5063, 5, 37, Status.WALL, 0.01
5064, 5, 23, Status.SNAKE, 0.01
5065, 6, 38, Status.SNAKE, 0.01
5066, 3, 23, Status.WALL, 0.01
5067, 0, 7, Status.WALL, 0.01
5068, 1, 8, Status.SNAKE, 0.01
5069, 1, 7, Status.WALL, 0.01
5070, 1, 6, Status.WALL, 0.01
5071, 3, 19, Status.WALL, 0.01
5072, 11, 87, Status.SNAKE, 0.01
5073, 0, 6, Status.WALL, 0.01
5074, 2, 16, Status.SNAKE, 0.01
5075, 8, 56, Status.WALL, 0.01
5076, 4, 20, Status.WALL, 0.01
5077, 2, 14, Status.SNAKE, 0.01
5078, 5, 39, Status.WALL, 0.01
5079, 2, 13, Status.WALL, 0.01
5080, 6, 35, Status.SNAKE, 0.01
5081, 4, 37, Status.SNAKE, 0.01
5082, 0, 7, Status.WALL, 0.01
5083, 14, 104, Status.SNAKE, 0.01
5084, 9, 57, Status.SNAKE, 0.01
5085, 13, 93, Status.WALL, 0.01
5086, 4, 27, Status.WALL, 0.01
5087, 5, 34, Status.SNAKE, 0.01
5088, 10, 87, Status.SNAKE, 0.01
5089, 4, 33, Status.WALL, 0.01
5090, 6, 37, Status.SNAKE, 0.01
5091, 5, 53, Status.SNAKE, 0.01
5092, 3, 16, Status.SNAKE, 0.01
5093, 6, 35, Status.SNAKE, 0.01
5094, 11, 79, Status.SNAKE, 0.01
5095, 6, 45, Status.SNAKE, 0.01
5096, 2, 10, Status.SNAKE, 0.01
5097, 3, 40, Status.SNAKE, 0.01
5098, 6, 72, Status.SNAKE, 0.01
5099, 1, 6, Status.SNAKE, 0.01
5100, 3, 27, Status.SNAKE, 0.01
5101, 5, 24, Status.SNAKE, 0.01
5102, 8, 52, Status.SNAKE, 0.01
5103, 1, 15, Status.WALL, 0.01
5104, 2, 6, Status.SNAKE, 0.01
5105, 9, 83, Status.SNAKE, 0.01
5106, 6, 42, Status.SNAKE, 0.01
5107, 8, 61, Status.SNAKE, 0.01
5108, 2, 13, Status.SNAKE, 0.01
5109, 5, 33, Status.WALL, 0.01
5110, 2, 12, Status.SNAKE, 0.01
5111, 3, 19, Status.WALL, 0.01
5112, 2, 19, Status.SNAKE, 0.01
5113, 3, 21, Status.WALL, 0.01
5114, 10, 75, Status.SNAKE, 0.01
5115, 11, 89, Status.SNAKE, 0.01
5116, 2, 25, Status.WALL, 0.01
5117, 11, 74, Status.SNAKE, 0.01
5118, 6, 51, Status.WALL, 0.01
5119, 4, 34, Status.SNAKE, 0.01
5120, 9, 67, Status.SNAKE, 0.01
5121, 3, 16, Status.WALL, 0.01
5122, 7, 58, Status.WALL, 0.01
5123, 2, 18, Status.SNAKE, 0.01
5124, 1, 3, Status.SNAKE, 0.01
5125, 3, 16, Status.SNAKE, 0.01
5126, 2, 15, Status.WALL, 0.01
5127, 9, 58, Status.SNAKE, 0.01
5128, 4, 19, Status.SNAKE, 0.01
5129, 4, 29, Status.SNAKE, 0.01
5130, 3, 29, Status.WALL, 0.01
5131, 1, 8, Status.WALL, 0.01
5132, 4, 26, Status.WALL, 0.01
5133, 5, 32, Status.SNAKE, 0.01
5134, 4, 20, Status.WALL, 0.01
5135, 2, 10, Status.SNAKE, 0.01
5136, 4, 26, Status.SNAKE, 0.01
5137, 5, 35, Status.SNAKE, 0.01
5138, 7, 61, Status.SNAKE, 0.01
5139, 4, 24, Status.SNAKE, 0.01
5140, 6, 42, Status.WALL, 0.01
5141, 2, 15, Status.SNAKE, 0.01
5142, 1, 9, Status.WALL, 0.01
5143, 1, 5, Status.SNAKE, 0.01
5144, 0, 7, Status.WALL, 0.01
5145, 5, 53, Status.SNAKE, 0.01
5146, 3, 15, Status.SNAKE, 0.01
5147, 7, 35, Status.SNAKE, 0.01
5148, 5, 38, Status.SNAKE, 0.01
5149, 6, 42, Status.SNAKE, 0.01
5150, 7, 62, Status.WALL, 0.01
5151, 4, 31, Status.WALL, 0.01
5152, 5, 29, Status.SNAKE, 0.01
5153, 6, 60, Status.WALL, 0.01
5154, 3, 16, Status.SNAKE, 0.01
5155, 10, 62, Status.SNAKE, 0.01
5156, 9, 68, Status.SNAKE, 0.01
5157, 5, 45, Status.WALL, 0.01
5158, 2, 12, Status.WALL, 0.01
5159, 3, 17, Status.SNAKE, 0.01
5160, 2, 15, Status.WALL, 0.01
5161, 3, 31, Status.WALL, 0.01
5162, 3, 22, Status.SNAKE, 0.01
5163, 6, 39, Status.SNAKE, 0.01
5164, 6, 28, Status.WALL, 0.01
5165, 2, 9, Status.SNAKE, 0.01
5166, 1, 9, Status.SNAKE, 0.01
5167, 1, 11, Status.WALL, 0.01
5168, 4, 24, Status.WALL, 0.01
5169, 6, 45, Status.WALL, 0.01
5170, 4, 33, Status.WALL, 0.01
5171, 3, 27, Status.WALL, 0.01
5172, 7, 35, Status.SNAKE, 0.01
5173, 9, 64, Status.WALL, 0.01
5174, 3, 22, Status.SNAKE, 0.01
5175, 1, 15, Status.WALL, 0.01
5176, 2, 14, Status.WALL, 0.01
5177, 5, 49, Status.SNAKE, 0.01
5178, 5, 28, Status.SNAKE, 0.01
5179, 1, 9, Status.SNAKE, 0.01
5180, 3, 21, Status.SNAKE, 0.01
5181, 6, 48, Status.WALL, 0.01
5182, 2, 18, Status.SNAKE, 0.01
5183, 3, 17, Status.SNAKE, 0.01
5184, 2, 14, Status.WALL, 0.01
5185, 12, 73, Status.SNAKE, 0.01
5186, 5, 35, Status.SNAKE, 0.01
5187, 6, 33, Status.SNAKE, 0.01
5188, 1, 7, Status.WALL, 0.01
5189, 1, 3, Status.SNAKE, 0.01
5190, 11, 76, Status.SNAKE, 0.01
5191, 3, 21, Status.WALL, 0.01
5192, 5, 37, Status.SNAKE, 0.01
5193, 1, 8, Status.SNAKE, 0.01
5194, 2, 14, Status.WALL, 0.01
5195, 2, 12, Status.SNAKE, 0.01
5196, 7, 38, Status.SNAKE, 0.01
5197, 3, 15, Status.WALL, 0.01
5198, 1, 9, Status.WALL, 0.01
5199, 2, 17, Status.SNAKE, 0.01
5200, 5, 43, Status.WALL, 0.01
5201, 0, 7, Status.WALL, 0.01
5202, 7, 48, Status.SNAKE, 0.01
5203, 1, 6, Status.SNAKE, 0.01
5204, 8, 69, Status.WALL, 0.01
5205, 4, 25, Status.SNAKE, 0.01
5206, 5, 46, Status.WALL, 0.01
5207, 5, 34, Status.SNAKE, 0.01
5208, 1, 10, Status.WALL, 0.01
5209, 1, 6, Status.SNAKE, 0.01
5210, 3, 21, Status.WALL, 0.01
5211, 6, 48, Status.SNAKE, 0.01
5212, 1, 13, Status.WALL, 0.01
5213, 4, 20, Status.SNAKE, 0.01
5214, 4, 30, Status.WALL, 0.01
5215, 1, 8, Status.WALL, 0.01
5216, 3, 19, Status.SNAKE, 0.01
5217, 2, 28, Status.WALL, 0.01
5218, 5, 32, Status.WALL, 0.01
5219, 1, 3, Status.SNAKE, 0.01
5220, 5, 39, Status.WALL, 0.01
5221, 0, 9, Status.WALL, 0.01
5222, 1, 15, Status.SNAKE, 0.01
5223, 5, 23, Status.SNAKE, 0.01
5224, 1, 15, Status.SNAKE, 0.01
5225, 11, 83, Status.SNAKE, 0.01
5226, 9, 70, Status.WALL, 0.01
5227, 9, 64, Status.SNAKE, 0.01
5228, 10, 73, Status.WALL, 0.01
5229, 3, 17, Status.SNAKE, 0.01
5230, 2, 21, Status.SNAKE, 0.01
5231, 7, 56, Status.SNAKE, 0.01
5232, 2, 18, Status.SNAKE, 0.01
5233, 4, 17, Status.SNAKE, 0.01
5234, 1, 9, Status.SNAKE, 0.01
5235, 7, 55, Status.SNAKE, 0.01
5236, 2, 19, Status.WALL, 0.01
5237, 5, 43, Status.WALL, 0.01
5238, 4, 23, Status.SNAKE, 0.01
5239, 2, 13, Status.SNAKE, 0.01
5240, 6, 45, Status.SNAKE, 0.01
5241, 4, 27, Status.WALL, 0.01
5242, 2, 20, Status.SNAKE, 0.01
5243, 5, 39, Status.SNAKE, 0.01
5244, 1, 6, Status.SNAKE, 0.01
5245, 3, 16, Status.SNAKE, 0.01
5246, 4, 23, Status.WALL, 0.01
5247, 0, 10, Status.WALL, 0.01
5248, 8, 54, Status.SNAKE, 0.01
5249, 1, 8, Status.SNAKE, 0.01
5250, 3, 17, Status.WALL, 0.01
5251, 9, 73, Status.SNAKE, 0.01
5252, 7, 41, Status.SNAKE, 0.01
5253, 6, 48, Status.SNAKE, 0.01
5254, 4, 39, Status.WALL, 0.01
5255, 2, 17, Status.SNAKE, 0.01
5256, 7, 47, Status.SNAKE, 0.01
5257, 5, 47, Status.WALL, 0.01
5258, 4, 35, Status.WALL, 0.01
5259, 0, 10, Status.WALL, 0.01
5260, 7, 39, Status.SNAKE, 0.01
5261, 5, 45, Status.SNAKE, 0.01
5262, 5, 30, Status.SNAKE, 0.01
5263, 2, 20, Status.SNAKE, 0.01
5264, 1, 3, Status.SNAKE, 0.01
5265, 3, 11, Status.WALL, 0.01
5266, 6, 51, Status.WALL, 0.01
5267, 4, 34, Status.SNAKE, 0.01
5268, 1, 8, Status.WALL, 0.01
5269, 1, 6, Status.SNAKE, 0.01
5270, 3, 35, Status.WALL, 0.01
5271, 5, 49, Status.WALL, 0.01
5272, 5, 30, Status.SNAKE, 0.01
5273, 3, 18, Status.WALL, 0.01
5274, 3, 22, Status.SNAKE, 0.01
5275, 4, 23, Status.WALL, 0.01
5276, 5, 28, Status.SNAKE, 0.01
5277, 9, 65, Status.SNAKE, 0.01
5278, 6, 36, Status.WALL, 0.01
5279, 2, 10, Status.SNAKE, 0.01
5280, 3, 8, Status.SNAKE, 0.01
5281, 7, 50, Status.SNAKE, 0.01
5282, 3, 12, Status.WALL, 0.01
5283, 5, 21, Status.SNAKE, 0.01
5284, 10, 58, Status.SNAKE, 0.01
5285, 3, 20, Status.WALL, 0.01
5286, 1, 7, Status.WALL, 0.01
5287, 2, 17, Status.SNAKE, 0.01
5288, 1, 8, Status.SNAKE, 0.01
5289, 2, 16, Status.WALL, 0.01
5290, 2, 19, Status.WALL, 0.01
5291, 2, 17, Status.SNAKE, 0.01
5292, 2, 14, Status.SNAKE, 0.01
5293, 1, 22, Status.WALL, 0.01
5294, 4, 24, Status.SNAKE, 0.01
5295, 4, 30, Status.SNAKE, 0.01
5296, 5, 47, Status.WALL, 0.01
5297, 3, 19, Status.WALL, 0.01
5298, 5, 39, Status.SNAKE, 0.01
5299, 1, 13, Status.WALL, 0.01
5300, 6, 42, Status.SNAKE, 0.01
5301, 1, 17, Status.WALL, 0.01
5302, 0, 10, Status.WALL, 0.01
5303, 9, 63, Status.SNAKE, 0.01
5304, 2, 7, Status.WALL, 0.01
5305, 4, 34, Status.SNAKE, 0.01
5306, 6, 47, Status.SNAKE, 0.01
5307, 5, 40, Status.SNAKE, 0.01
5308, 7, 43, Status.WALL, 0.01
5309, 2, 17, Status.SNAKE, 0.01
5310, 1, 24, Status.WALL, 0.01
5311, 1, 6, Status.SNAKE, 0.01
5312, 2, 23, Status.WALL, 0.01
5313, 2, 8, Status.SNAKE, 0.01
5314, 2, 9, Status.SNAKE, 0.01
5315, 4, 36, Status.WALL, 0.01
5316, 6, 46, Status.SNAKE, 0.01
5317, 12, 74, Status.SNAKE, 0.01
5318, 7, 47, Status.SNAKE, 0.01
5319, 5, 30, Status.SNAKE, 0.01
5320, 3, 14, Status.SNAKE, 0.01
5321, 2, 10, Status.WALL, 0.01
5322, 3, 20, Status.WALL, 0.01
5323, 8, 36, Status.SNAKE, 0.01
5324, 6, 46, Status.WALL, 0.01
5325, 7, 38, Status.SNAKE, 0.01
5326, 7, 34, Status.SNAKE, 0.01
5327, 2, 11, Status.WALL, 0.01
5328, 2, 9, Status.WALL, 0.01
5329, 3, 19, Status.SNAKE, 0.01
5330, 4, 35, Status.SNAKE, 0.01
5331, 7, 36, Status.SNAKE, 0.01
5332, 1, 5, Status.SNAKE, 0.01
5333, 8, 62, Status.SNAKE, 0.01
5334, 5, 29, Status.SNAKE, 0.01
5335, 14, 118, Status.SNAKE, 0.01
5336, 8, 56, Status.SNAKE, 0.01
5337, 12, 81, Status.SNAKE, 0.01
5338, 2, 20, Status.WALL, 0.01
5339, 8, 48, Status.WALL, 0.01
5340, 6, 37, Status.SNAKE, 0.01
5341, 10, 65, Status.WALL, 0.01
5342, 11, 78, Status.SNAKE, 0.01
5343, 2, 25, Status.WALL, 0.01
5344, 8, 32, Status.SNAKE, 0.01
5345, 5, 43, Status.SNAKE, 0.01
5346, 2, 18, Status.WALL, 0.01
5347, 11, 80, Status.SNAKE, 0.01
5348, 5, 34, Status.SNAKE, 0.01
5349, 2, 18, Status.SNAKE, 0.01
5350, 8, 63, Status.SNAKE, 0.01
5351, 6, 47, Status.SNAKE, 0.01
5352, 6, 39, Status.SNAKE, 0.01
5353, 1, 5, Status.SNAKE, 0.01
5354, 2, 12, Status.SNAKE, 0.01
5355, 4, 24, Status.SNAKE, 0.01
5356, 4, 33, Status.SNAKE, 0.01
5357, 3, 14, Status.SNAKE, 0.01
5358, 8, 67, Status.WALL, 0.01
5359, 5, 37, Status.WALL, 0.01
5360, 1, 6, Status.SNAKE, 0.01
5361, 3, 25, Status.SNAKE, 0.01
5362, 11, 89, Status.WALL, 0.01
5363, 6, 28, Status.WALL, 0.01
5364, 9, 52, Status.SNAKE, 0.01
5365, 17, 115, Status.SNAKE, 0.01
5366, 5, 36, Status.WALL, 0.01
5367, 6, 29, Status.SNAKE, 0.01
5368, 7, 47, Status.SNAKE, 0.01
5369, 8, 64, Status.SNAKE, 0.01
5370, 10, 73, Status.SNAKE, 0.01
5371, 8, 56, Status.SNAKE, 0.01
5372, 2, 8, Status.WALL, 0.01
5373, 5, 30, Status.SNAKE, 0.01
5374, 3, 14, Status.SNAKE, 0.01
5375, 3, 20, Status.WALL, 0.01
5376, 2, 19, Status.WALL, 0.01
5377, 7, 40, Status.SNAKE, 0.01
5378, 4, 30, Status.SNAKE, 0.01
5379, 6, 43, Status.SNAKE, 0.01
5380, 3, 17, Status.SNAKE, 0.01
5381, 4, 24, Status.WALL, 0.01
5382, 1, 6, Status.SNAKE, 0.01
5383, 7, 50, Status.SNAKE, 0.01
5384, 2, 7, Status.SNAKE, 0.01
5385, 5, 22, Status.SNAKE, 0.01
5386, 2, 13, Status.SNAKE, 0.01
5387, 11, 59, Status.WALL, 0.01
5388, 6, 36, Status.SNAKE, 0.01
5389, 8, 60, Status.WALL, 0.01
5390, 5, 40, Status.WALL, 0.01
5391, 12, 81, Status.WALL, 0.01
5392, 7, 58, Status.SNAKE, 0.01
5393, 3, 27, Status.SNAKE, 0.01
5394, 6, 34, Status.SNAKE, 0.01
5395, 9, 47, Status.SNAKE, 0.01
5396, 1, 5, Status.SNAKE, 0.01
5397, 10, 82, Status.SNAKE, 0.01
5398, 2, 15, Status.WALL, 0.01
5399, 3, 17, Status.SNAKE, 0.01
5400, 2, 11, Status.WALL, 0.01
5401, 12, 84, Status.SNAKE, 0.01
5402, 1, 10, Status.WALL, 0.01
5403, 3, 28, Status.WALL, 0.01
5404, 8, 50, Status.WALL, 0.01
5405, 1, 15, Status.WALL, 0.01
5406, 16, 98, Status.SNAKE, 0.01
5407, 8, 48, Status.SNAKE, 0.01
5408, 10, 75, Status.SNAKE, 0.01
5409, 7, 60, Status.SNAKE, 0.01
5410, 10, 62, Status.SNAKE, 0.01
5411, 10, 60, Status.SNAKE, 0.01
5412, 4, 26, Status.SNAKE, 0.01
5413, 7, 40, Status.SNAKE, 0.01
5414, 16, 97, Status.SNAKE, 0.01
5415, 10, 37, Status.SNAKE, 0.01
5416, 8, 76, Status.SNAKE, 0.01
5417, 7, 30, Status.SNAKE, 0.01
5418, 12, 91, Status.SNAKE, 0.01
5419, 3, 14, Status.SNAKE, 0.01
5420, 5, 40, Status.SNAKE, 0.01
5421, 8, 70, Status.WALL, 0.01
5422, 5, 28, Status.SNAKE, 0.01
5423, 6, 39, Status.SNAKE, 0.01
5424, 5, 35, Status.SNAKE, 0.01
5425, 3, 23, Status.SNAKE, 0.01
5426, 3, 18, Status.SNAKE, 0.01
5427, 6, 43, Status.SNAKE, 0.01
5428, 10, 47, Status.SNAKE, 0.01
5429, 2, 8, Status.SNAKE, 0.01
5430, 3, 13, Status.SNAKE, 0.01
5431, 1, 16, Status.SNAKE, 0.01
5432, 13, 75, Status.SNAKE, 0.01
5433, 2, 9, Status.SNAKE, 0.01
5434, 5, 32, Status.SNAKE, 0.01
5435, 13, 83, Status.SNAKE, 0.01
5436, 8, 41, Status.SNAKE, 0.01
5437, 4, 26, Status.SNAKE, 0.01
5438, 9, 55, Status.SNAKE, 0.01
5439, 5, 19, Status.SNAKE, 0.01
5440, 7, 52, Status.SNAKE, 0.01
5441, 3, 25, Status.SNAKE, 0.01
5442, 2, 22, Status.SNAKE, 0.01
5443, 7, 59, Status.WALL, 0.01
5444, 2, 10, Status.WALL, 0.01
5445, 2, 15, Status.WALL, 0.01
5446, 7, 31, Status.SNAKE, 0.01
5447, 8, 41, Status.SNAKE, 0.01
5448, 2, 15, Status.WALL, 0.01
5449, 2, 12, Status.SNAKE, 0.01
5450, 3, 22, Status.SNAKE, 0.01
5451, 8, 57, Status.SNAKE, 0.01
5452, 4, 37, Status.WALL, 0.01
5453, 2, 22, Status.WALL, 0.01
5454, 3, 20, Status.WALL, 0.01
5455, 8, 56, Status.WALL, 0.01
5456, 3, 22, Status.SNAKE, 0.01
5457, 2, 6, Status.SNAKE, 0.01
5458, 5, 31, Status.SNAKE, 0.01
5459, 7, 44, Status.SNAKE, 0.01
5460, 6, 32, Status.SNAKE, 0.01
5461, 4, 35, Status.SNAKE, 0.01
5462, 12, 93, Status.SNAKE, 0.01
5463, 1, 8, Status.WALL, 0.01
5464, 5, 24, Status.SNAKE, 0.01
5465, 5, 27, Status.SNAKE, 0.01
5466, 4, 29, Status.SNAKE, 0.01
5467, 7, 51, Status.SNAKE, 0.01
5468, 2, 10, Status.WALL, 0.01
5469, 7, 36, Status.WALL, 0.01
5470, 2, 9, Status.SNAKE, 0.01
5471, 3, 20, Status.SNAKE, 0.01
5472, 5, 33, Status.SNAKE, 0.01
5473, 3, 28, Status.WALL, 0.01
5474, 3, 31, Status.SNAKE, 0.01
5475, 13, 92, Status.SNAKE, 0.01
5476, 4, 26, Status.SNAKE, 0.01
5477, 8, 53, Status.SNAKE, 0.01
5478, 4, 30, Status.WALL, 0.01
5479, 11, 92, Status.SNAKE, 0.01
5480, 8, 56, Status.SNAKE, 0.01
5481, 9, 57, Status.WALL, 0.01
5482, 8, 57, Status.SNAKE, 0.01
5483, 4, 27, Status.SNAKE, 0.01
5484, 4, 21, Status.SNAKE, 0.01
5485, 7, 44, Status.SNAKE, 0.01
5486, 7, 44, Status.SNAKE, 0.01
5487, 3, 31, Status.SNAKE, 0.01
5488, 5, 30, Status.SNAKE, 0.01
5489, 17, 95, Status.SNAKE, 0.01
5490, 1, 7, Status.WALL, 0.01
5491, 4, 30, Status.WALL, 0.01
5492, 3, 26, Status.SNAKE, 0.01
5493, 5, 35, Status.SNAKE, 0.01
5494, 11, 70, Status.WALL, 0.01
5495, 10, 53, Status.SNAKE, 0.01
5496, 5, 36, Status.SNAKE, 0.01
5497, 3, 15, Status.SNAKE, 0.01
5498, 11, 77, Status.SNAKE, 0.01
5499, 8, 47, Status.SNAKE, 0.01
5500, 8, 43, Status.SNAKE, 0.01
5501, 2, 10, Status.SNAKE, 0.01
5502, 12, 81, Status.SNAKE, 0.01
5503, 5, 33, Status.SNAKE, 0.01
5504, 6, 42, Status.SNAKE, 0.01
5505, 14, 77, Status.SNAKE, 0.01
5506, 2, 8, Status.SNAKE, 0.01
5507, 1, 14, Status.WALL, 0.01
5508, 7, 43, Status.SNAKE, 0.01
5509, 2, 18, Status.WALL, 0.01
5510, 3, 13, Status.SNAKE, 0.01
5511, 3, 16, Status.WALL, 0.01
5512, 11, 90, Status.SNAKE, 0.01
5513, 5, 38, Status.SNAKE, 0.01
5514, 8, 44, Status.SNAKE, 0.01
5515, 7, 53, Status.WALL, 0.01
5516, 8, 39, Status.SNAKE, 0.01
5517, 8, 46, Status.WALL, 0.01
5518, 7, 26, Status.SNAKE, 0.01
5519, 11, 69, Status.WALL, 0.01
5520, 3, 28, Status.WALL, 0.01
5521, 7, 45, Status.SNAKE, 0.01
5522, 4, 17, Status.SNAKE, 0.01
5523, 5, 26, Status.SNAKE, 0.01
5524, 9, 41, Status.SNAKE, 0.01
5525, 8, 58, Status.WALL, 0.01
5526, 6, 24, Status.SNAKE, 0.01
5527, 1, 3, Status.SNAKE, 0.01
5528, 7, 56, Status.SNAKE, 0.01
5529, 5, 28, Status.SNAKE, 0.01
5530, 17, 109, Status.SNAKE, 0.01
5531, 7, 42, Status.SNAKE, 0.01
5532, 10, 55, Status.SNAKE, 0.01
5533, 15, 80, Status.SNAKE, 0.01
5534, 2, 14, Status.SNAKE, 0.01
5535, 7, 44, Status.SNAKE, 0.01
5536, 14, 97, Status.SNAKE, 0.01
5537, 2, 16, Status.SNAKE, 0.01
5538, 8, 56, Status.SNAKE, 0.01
5539, 3, 12, Status.SNAKE, 0.01
5540, 5, 35, Status.WALL, 0.01
5541, 6, 46, Status.WALL, 0.01
5542, 4, 15, Status.SNAKE, 0.01
5543, 1, 7, Status.SNAKE, 0.01
5544, 1, 15, Status.WALL, 0.01
5545, 9, 51, Status.SNAKE, 0.01
5546, 5, 37, Status.SNAKE, 0.01
5547, 5, 40, Status.SNAKE, 0.01
5548, 13, 91, Status.SNAKE, 0.01
5549, 13, 84, Status.SNAKE, 0.01
5550, 13, 112, Status.SNAKE, 0.01
5551, 3, 26, Status.WALL, 0.01
5552, 7, 47, Status.WALL, 0.01
5553, 7, 38, Status.SNAKE, 0.01
5554, 3, 23, Status.SNAKE, 0.01
5555, 10, 53, Status.SNAKE, 0.01
5556, 11, 56, Status.SNAKE, 0.01
5557, 6, 46, Status.WALL, 0.01
5558, 8, 53, Status.SNAKE, 0.01
5559, 2, 3, Status.SNAKE, 0.01
5560, 5, 24, Status.WALL, 0.01
5561, 4, 28, Status.WALL, 0.01
5562, 1, 3, Status.SNAKE, 0.01
5563, 3, 16, Status.SNAKE, 0.01
5564, 4, 29, Status.SNAKE, 0.01
5565, 9, 64, Status.SNAKE, 0.01
5566, 4, 31, Status.SNAKE, 0.01
5567, 5, 29, Status.SNAKE, 0.01
5568, 3, 24, Status.SNAKE, 0.01
5569, 7, 49, Status.SNAKE, 0.01
5570, 4, 30, Status.SNAKE, 0.01
5571, 10, 65, Status.WALL, 0.01
5572, 3, 14, Status.SNAKE, 0.01
5573, 3, 19, Status.SNAKE, 0.01
5574, 9, 78, Status.SNAKE, 0.01
5575, 1, 14, Status.WALL, 0.01
5576, 9, 90, Status.SNAKE, 0.01
5577, 15, 99, Status.SNAKE, 0.01
5578, 1, 9, Status.WALL, 0.01
5579, 8, 49, Status.SNAKE, 0.01
5580, 6, 43, Status.SNAKE, 0.01
5581, 3, 20, Status.SNAKE, 0.01
5582, 7, 47, Status.SNAKE, 0.01
5583, 5, 32, Status.WALL, 0.01
5584, 8, 45, Status.SNAKE, 0.01
5585, 2, 19, Status.SNAKE, 0.01
5586, 9, 55, Status.SNAKE, 0.01
5587, 2, 8, Status.WALL, 0.01
5588, 6, 35, Status.SNAKE, 0.01
5589, 3, 12, Status.SNAKE, 0.01
5590, 5, 42, Status.SNAKE, 0.01
5591, 10, 50, Status.SNAKE, 0.01
5592, 6, 50, Status.SNAKE, 0.01
5593, 1, 3, Status.SNAKE, 0.01
5594, 2, 9, Status.SNAKE, 0.01
5595, 2, 19, Status.WALL, 0.01
5596, 4, 36, Status.SNAKE, 0.01
5597, 7, 57, Status.SNAKE, 0.01
5598, 10, 51, Status.SNAKE, 0.01
5599, 7, 37, Status.SNAKE, 0.01
5600, 2, 6, Status.WALL, 0.01
5601, 2, 17, Status.SNAKE, 0.01
5602, 4, 26, Status.SNAKE, 0.01
5603, 1, 15, Status.SNAKE, 0.01
5604, 4, 22, Status.SNAKE, 0.01
5605, 8, 42, Status.SNAKE, 0.01
5606, 5, 32, Status.WALL, 0.01
5607, 13, 75, Status.SNAKE, 0.01
5608, 5, 29, Status.SNAKE, 0.01
5609, 4, 18, Status.SNAKE, 0.01
5610, 1, 7, Status.SNAKE, 0.01
5611, 3, 12, Status.SNAKE, 0.01
5612, 6, 28, Status.SNAKE, 0.01
5613, 12, 76, Status.SNAKE, 0.01
5614, 10, 65, Status.SNAKE, 0.01
5615, 13, 82, Status.SNAKE, 0.01
5616, 12, 79, Status.SNAKE, 0.01
5617, 1, 3, Status.SNAKE, 0.01
5618, 3, 18, Status.SNAKE, 0.01
5619, 6, 27, Status.SNAKE, 0.01
5620, 2, 10, Status.SNAKE, 0.01
5621, 14, 80, Status.WALL, 0.01
5622, 6, 27, Status.WALL, 0.01
5623, 12, 52, Status.SNAKE, 0.01
5624, 7, 40, Status.SNAKE, 0.01
5625, 16, 113, Status.SNAKE, 0.01
5626, 2, 18, Status.SNAKE, 0.01
5627, 4, 32, Status.SNAKE, 0.01
5628, 3, 19, Status.SNAKE, 0.01
5629, 2, 24, Status.SNAKE, 0.01
5630, 4, 34, Status.SNAKE, 0.01
5631, 7, 41, Status.SNAKE, 0.01
5632, 1, 5, Status.SNAKE, 0.01
5633, 5, 28, Status.SNAKE, 0.01
5634, 3, 13, Status.SNAKE, 0.01
5635, 9, 36, Status.SNAKE, 0.01
5636, 6, 40, Status.SNAKE, 0.01
5637, 9, 56, Status.WALL, 0.01
5638, 4, 35, Status.WALL, 0.01
5639, 1, 5, Status.SNAKE, 0.01
5640, 4, 24, Status.WALL, 0.01
5641, 9, 55, Status.SNAKE, 0.01
5642, 6, 60, Status.SNAKE, 0.01
5643, 4, 30, Status.WALL, 0.01
5644, 2, 6, Status.SNAKE, 0.01
5645, 11, 48, Status.SNAKE, 0.01
5646, 4, 35, Status.SNAKE, 0.01
5647, 2, 19, Status.WALL, 0.01
5648, 6, 30, Status.WALL, 0.01
5649, 4, 33, Status.SNAKE, 0.01
5650, 5, 42, Status.WALL, 0.01
5651, 9, 80, Status.WALL, 0.01
5652, 3, 19, Status.WALL, 0.01
5653, 8, 47, Status.SNAKE, 0.01
5654, 10, 69, Status.WALL, 0.01
5655, 4, 21, Status.WALL, 0.01
5656, 9, 87, Status.WALL, 0.01
5657, 2, 7, Status.SNAKE, 0.01
5658, 4, 31, Status.SNAKE, 0.01
5659, 5, 29, Status.SNAKE, 0.01
5660, 4, 30, Status.SNAKE, 0.01
5661, 5, 33, Status.SNAKE, 0.01
5662, 1, 8, Status.SNAKE, 0.01
5663, 7, 58, Status.SNAKE, 0.01
5664, 4, 34, Status.SNAKE, 0.01
5665, 12, 58, Status.SNAKE, 0.01
5666, 3, 13, Status.SNAKE, 0.01
5667, 4, 23, Status.SNAKE, 0.01
5668, 9, 63, Status.SNAKE, 0.01
5669, 3, 24, Status.SNAKE, 0.01
5670, 11, 58, Status.SNAKE, 0.01
5671, 13, 83, Status.SNAKE, 0.01
5672, 14, 84, Status.SNAKE, 0.01
5673, 3, 26, Status.WALL, 0.01
5674, 3, 18, Status.WALL, 0.01
5675, 1, 5, Status.SNAKE, 0.01
5676, 5, 31, Status.SNAKE, 0.01
5677, 4, 29, Status.WALL, 0.01
5678, 4, 35, Status.SNAKE, 0.01
5679, 6, 35, Status.SNAKE, 0.01
5680, 0, 11, Status.WALL, 0.01
5681, 4, 20, Status.WALL, 0.01
5682, 6, 44, Status.SNAKE, 0.01
5683, 4, 14, Status.SNAKE, 0.01
5684, 5, 27, Status.SNAKE, 0.01
5685, 3, 25, Status.SNAKE, 0.01
5686, 1, 3, Status.SNAKE, 0.01
5687, 12, 75, Status.SNAKE, 0.01
5688, 8, 59, Status.SNAKE, 0.01
5689, 6, 30, Status.SNAKE, 0.01
5690, 2, 25, Status.WALL, 0.01
5691, 1, 6, Status.SNAKE, 0.01
5692, 3, 9, Status.SNAKE, 0.01
5693, 4, 39, Status.SNAKE, 0.01
5694, 4, 28, Status.SNAKE, 0.01
5695, 6, 41, Status.SNAKE, 0.01
5696, 8, 59, Status.SNAKE, 0.01
5697, 3, 18, Status.SNAKE, 0.01
5698, 7, 59, Status.SNAKE, 0.01
5699, 5, 45, Status.SNAKE, 0.01
5700, 9, 63, Status.SNAKE, 0.01
5701, 8, 55, Status.SNAKE, 0.01
5702, 1, 3, Status.SNAKE, 0.01
5703, 2, 18, Status.WALL, 0.01
5704, 8, 46, Status.SNAKE, 0.01
5705, 9, 60, Status.SNAKE, 0.01
5706, 7, 40, Status.SNAKE, 0.01
5707, 3, 17, Status.SNAKE, 0.01
5708, 11, 80, Status.SNAKE, 0.01
5709, 7, 42, Status.WALL, 0.01
5710, 7, 61, Status.WALL, 0.01
5711, 5, 33, Status.WALL, 0.01
5712, 2, 14, Status.SNAKE, 0.01
5713, 5, 36, Status.SNAKE, 0.01
5714, 1, 14, Status.WALL, 0.01
5715, 10, 69, Status.SNAKE, 0.01
5716, 5, 34, Status.WALL, 0.01
5717, 2, 9, Status.SNAKE, 0.01
5718, 5, 39, Status.SNAKE, 0.01
5719, 3, 13, Status.SNAKE, 0.01
5720, 9, 37, Status.SNAKE, 0.01
5721, 4, 39, Status.SNAKE, 0.01
5722, 12, 99, Status.SNAKE, 0.01
5723, 13, 80, Status.SNAKE, 0.01
5724, 11, 78, Status.SNAKE, 0.01
5725, 9, 44, Status.SNAKE, 0.01
5726, 3, 10, Status.SNAKE, 0.01
5727, 11, 74, Status.SNAKE, 0.01
5728, 5, 35, Status.SNAKE, 0.01
5729, 4, 34, Status.SNAKE, 0.01
5730, 7, 43, Status.SNAKE, 0.01
5731, 5, 26, Status.SNAKE, 0.01
5732, 2, 21, Status.WALL, 0.01
5733, 1, 3, Status.SNAKE, 0.01
5734, 3, 30, Status.WALL, 0.01
5735, 3, 11, Status.SNAKE, 0.01
5736, 3, 15, Status.SNAKE, 0.01
5737, 2, 21, Status.WALL, 0.01
5738, 3, 20, Status.WALL, 0.01
5739, 7, 48, Status.SNAKE, 0.01
5740, 13, 100, Status.SNAKE, 0.01
5741, 14, 80, Status.WALL, 0.01
5742, 1, 4, Status.SNAKE, 0.01
5743, 8, 39, Status.WALL, 0.01
5744, 9, 72, Status.SNAKE, 0.01
5745, 8, 55, Status.WALL, 0.01
5746, 7, 59, Status.SNAKE, 0.01
5747, 8, 51, Status.SNAKE, 0.01
5748, 6, 44, Status.WALL, 0.01
5749, 10, 66, Status.SNAKE, 0.01
5750, 4, 17, Status.SNAKE, 0.01
5751, 6, 37, Status.SNAKE, 0.01
5752, 4, 33, Status.SNAKE, 0.01
5753, 4, 18, Status.SNAKE, 0.01
5754, 9, 65, Status.SNAKE, 0.01
5755, 1, 6, Status.SNAKE, 0.01
5756, 5, 32, Status.SNAKE, 0.01
5757, 4, 17, Status.SNAKE, 0.01
5758, 5, 35, Status.SNAKE, 0.01
5759, 5, 27, Status.SNAKE, 0.01
5760, 6, 30, Status.SNAKE, 0.01
5761, 17, 109, Status.SNAKE, 0.01
5762, 11, 62, Status.SNAKE, 0.01
5763, 5, 25, Status.SNAKE, 0.01
5764, 7, 53, Status.SNAKE, 0.01
5765, 4, 22, Status.SNAKE, 0.01
5766, 6, 36, Status.WALL, 0.01
5767, 7, 53, Status.WALL, 0.01
5768, 3, 30, Status.SNAKE, 0.01
5769, 12, 76, Status.SNAKE, 0.01
5770, 4, 23, Status.SNAKE, 0.01
5771, 11, 50, Status.WALL, 0.01
5772, 3, 27, Status.SNAKE, 0.01
5773, 6, 47, Status.WALL, 0.01
5774, 13, 76, Status.WALL, 0.01
5775, 6, 62, Status.SNAKE, 0.01
5776, 5, 29, Status.SNAKE, 0.01
5777, 8, 39, Status.SNAKE, 0.01
5778, 3, 11, Status.SNAKE, 0.01
5779, 8, 41, Status.SNAKE, 0.01
5780, 4, 30, Status.WALL, 0.01
5781, 7, 49, Status.SNAKE, 0.01
5782, 7, 53, Status.SNAKE, 0.01
5783, 3, 20, Status.SNAKE, 0.01
5784, 6, 40, Status.SNAKE, 0.01
5785, 14, 67, Status.SNAKE, 0.01
5786, 9, 49, Status.SNAKE, 0.01
5787, 8, 43, Status.SNAKE, 0.01
5788, 6, 39, Status.SNAKE, 0.01
5789, 15, 93, Status.SNAKE, 0.01
5790, 4, 25, Status.SNAKE, 0.01
5791, 1, 6, Status.SNAKE, 0.01
5792, 6, 40, Status.SNAKE, 0.01
5793, 6, 45, Status.SNAKE, 0.01
5794, 4, 25, Status.SNAKE, 0.01
5795, 14, 86, Status.SNAKE, 0.01
5796, 4, 23, Status.WALL, 0.01
5797, 4, 26, Status.SNAKE, 0.01
5798, 12, 76, Status.SNAKE, 0.01
5799, 7, 37, Status.SNAKE, 0.01
5800, 9, 63, Status.SNAKE, 0.01
5801, 4, 29, Status.SNAKE, 0.01
5802, 6, 35, Status.SNAKE, 0.01
5803, 7, 64, Status.SNAKE, 0.01
5804, 2, 13, Status.WALL, 0.01
5805, 8, 48, Status.WALL, 0.01
5806, 13, 70, Status.SNAKE, 0.01
5807, 5, 35, Status.WALL, 0.01
5808, 12, 75, Status.SNAKE, 0.01
5809, 13, 81, Status.SNAKE, 0.01
5810, 2, 14, Status.WALL, 0.01
5811, 3, 17, Status.SNAKE, 0.01
5812, 3, 17, Status.WALL, 0.01
5813, 8, 39, Status.SNAKE, 0.01
5814, 9, 98, Status.SNAKE, 0.01
5815, 5, 45, Status.WALL, 0.01
5816, 10, 61, Status.SNAKE, 0.01
5817, 3, 11, Status.SNAKE, 0.01
5818, 3, 23, Status.SNAKE, 0.01
5819, 1, 14, Status.SNAKE, 0.01
5820, 14, 102, Status.SNAKE, 0.01
5821, 7, 51, Status.SNAKE, 0.01
5822, 9, 47, Status.SNAKE, 0.01
5823, 8, 58, Status.SNAKE, 0.01
5824, 9, 74, Status.SNAKE, 0.01
5825, 1, 6, Status.SNAKE, 0.01
5826, 7, 42, Status.SNAKE, 0.01
5827, 5, 30, Status.SNAKE, 0.01
5828, 2, 14, Status.SNAKE, 0.01
5829, 2, 18, Status.WALL, 0.01
5830, 9, 61, Status.WALL, 0.01
5831, 7, 61, Status.SNAKE, 0.01
5832, 1, 3, Status.SNAKE, 0.01
5833, 4, 48, Status.WALL, 0.01
5834, 5, 35, Status.SNAKE, 0.01
5835, 12, 86, Status.SNAKE, 0.01
5836, 4, 22, Status.WALL, 0.01
5837, 6, 43, Status.SNAKE, 0.01
5838, 9, 55, Status.SNAKE, 0.01
5839, 1, 6, Status.SNAKE, 0.01
5840, 4, 33, Status.SNAKE, 0.01
5841, 7, 51, Status.SNAKE, 0.01
5842, 1, 3, Status.SNAKE, 0.01
5843, 8, 45, Status.SNAKE, 0.01
5844, 4, 30, Status.SNAKE, 0.01
5845, 2, 17, Status.SNAKE, 0.01
5846, 4, 41, Status.SNAKE, 0.01
5847, 3, 26, Status.SNAKE, 0.01
5848, 4, 26, Status.SNAKE, 0.01
5849, 3, 15, Status.SNAKE, 0.01
5850, 9, 54, Status.SNAKE, 0.01
5851, 5, 33, Status.WALL, 0.01
5852, 1, 14, Status.WALL, 0.01
5853, 5, 33, Status.SNAKE, 0.01
5854, 3, 25, Status.SNAKE, 0.01
5855, 3, 15, Status.SNAKE, 0.01
5856, 1, 4, Status.SNAKE, 0.01
5857, 8, 55, Status.WALL, 0.01
5858, 8, 60, Status.SNAKE, 0.01
5859, 5, 37, Status.WALL, 0.01
5860, 5, 28, Status.SNAKE, 0.01
5861, 5, 35, Status.WALL, 0.01
5862, 5, 44, Status.SNAKE, 0.01
5863, 5, 21, Status.SNAKE, 0.01
5864, 2, 13, Status.WALL, 0.01
5865, 14, 112, Status.SNAKE, 0.01
5866, 13, 97, Status.SNAKE, 0.01
5867, 6, 38, Status.SNAKE, 0.01
5868, 9, 50, Status.SNAKE, 0.01
5869, 2, 20, Status.SNAKE, 0.01
5870, 6, 38, Status.WALL, 0.01
5871, 9, 44, Status.SNAKE, 0.01
5872, 5, 33, Status.SNAKE, 0.01
5873, 3, 9, Status.SNAKE, 0.01
5874, 4, 35, Status.SNAKE, 0.01
5875, 2, 7, Status.SNAKE, 0.01
5876, 8, 56, Status.WALL, 0.01
5877, 1, 6, Status.WALL, 0.01
5878, 5, 25, Status.SNAKE, 0.01
5879, 8, 46, Status.SNAKE, 0.01
5880, 1, 10, Status.SNAKE, 0.01
5881, 6, 34, Status.SNAKE, 0.01
5882, 6, 38, Status.WALL, 0.01
5883, 13, 85, Status.SNAKE, 0.01
5884, 11, 76, Status.SNAKE, 0.01
5885, 4, 25, Status.WALL, 0.01
5886, 3, 21, Status.SNAKE, 0.01
5887, 8, 43, Status.SNAKE, 0.01
5888, 6, 39, Status.SNAKE, 0.01
5889, 3, 17, Status.SNAKE, 0.01
5890, 6, 45, Status.SNAKE, 0.01
5891, 4, 24, Status.SNAKE, 0.01
5892, 6, 25, Status.SNAKE, 0.01
5893, 5, 30, Status.SNAKE, 0.01
5894, 12, 66, Status.SNAKE, 0.01
5895, 8, 46, Status.SNAKE, 0.01
5896, 5, 33, Status.SNAKE, 0.01
5897, 4, 32, Status.SNAKE, 0.01
5898, 1, 9, Status.WALL, 0.01
5899, 10, 54, Status.SNAKE, 0.01
5900, 2, 14, Status.SNAKE, 0.01
5901, 11, 58, Status.SNAKE, 0.01
5902, 2, 11, Status.SNAKE, 0.01
5903, 4, 30, Status.SNAKE, 0.01
5904, 3, 18, Status.WALL, 0.01
5905, 5, 18, Status.SNAKE, 0.01
5906, 8, 40, Status.SNAKE, 0.01
5907, 22, 148, Status.SNAKE, 0.01
5908, 10, 71, Status.SNAKE, 0.01
5909, 3, 21, Status.WALL, 0.01
5910, 5, 49, Status.SNAKE, 0.01
5911, 2, 25, Status.SNAKE, 0.01
5912, 2, 25, Status.SNAKE, 0.01
5913, 7, 44, Status.SNAKE, 0.01
5914, 3, 20, Status.SNAKE, 0.01
5915, 7, 52, Status.SNAKE, 0.01
5916, 4, 38, Status.SNAKE, 0.01
5917, 2, 15, Status.SNAKE, 0.01
5918, 5, 23, Status.SNAKE, 0.01
5919, 6, 47, Status.SNAKE, 0.01
5920, 5, 30, Status.SNAKE, 0.01
5921, 7, 43, Status.SNAKE, 0.01
5922, 3, 19, Status.SNAKE, 0.01
5923, 3, 18, Status.SNAKE, 0.01
5924, 6, 53, Status.WALL, 0.01
5925, 7, 64, Status.SNAKE, 0.01
5926, 4, 29, Status.WALL, 0.01
5927, 9, 52, Status.SNAKE, 0.01
5928, 1, 7, Status.SNAKE, 0.01
5929, 7, 61, Status.SNAKE, 0.01
5930, 7, 58, Status.SNAKE, 0.01
5931, 4, 26, Status.SNAKE, 0.01
5932, 6, 46, Status.SNAKE, 0.01
5933, 6, 33, Status.SNAKE, 0.01
5934, 8, 45, Status.SNAKE, 0.01
5935, 9, 80, Status.SNAKE, 0.01
5936, 2, 23, Status.SNAKE, 0.01
5937, 6, 26, Status.SNAKE, 0.01
5938, 10, 75, Status.SNAKE, 0.01
5939, 16, 103, Status.SNAKE, 0.01
5940, 5, 45, Status.SNAKE, 0.01
5941, 3, 16, Status.SNAKE, 0.01
5942, 6, 41, Status.SNAKE, 0.01
5943, 7, 39, Status.SNAKE, 0.01
5944, 5, 27, Status.SNAKE, 0.01
5945, 2, 10, Status.WALL, 0.01
5946, 15, 110, Status.SNAKE, 0.01
5947, 13, 66, Status.SNAKE, 0.01
5948, 3, 26, Status.SNAKE, 0.01
5949, 2, 8, Status.WALL, 0.01
5950, 4, 24, Status.WALL, 0.01
5951, 1, 7, Status.SNAKE, 0.01
5952, 4, 27, Status.WALL, 0.01
5953, 5, 28, Status.SNAKE, 0.01
5954, 10, 53, Status.SNAKE, 0.01
5955, 4, 34, Status.SNAKE, 0.01
5956, 3, 16, Status.SNAKE, 0.01
5957, 3, 30, Status.WALL, 0.01
5958, 4, 19, Status.SNAKE, 0.01
5959, 1, 8, Status.WALL, 0.01
5960, 11, 76, Status.SNAKE, 0.01
5961, 7, 48, Status.WALL, 0.01
5962, 10, 44, Status.SNAKE, 0.01
5963, 4, 27, Status.SNAKE, 0.01
5964, 3, 17, Status.SNAKE, 0.01
5965, 9, 51, Status.SNAKE, 0.01
5966, 5, 36, Status.SNAKE, 0.01
5967, 7, 51, Status.SNAKE, 0.01
5968, 3, 21, Status.WALL, 0.01
5969, 1, 11, Status.SNAKE, 0.01
5970, 5, 36, Status.SNAKE, 0.01
5971, 9, 71, Status.SNAKE, 0.01
5972, 8, 65, Status.SNAKE, 0.01
5973, 3, 27, Status.SNAKE, 0.01
5974, 2, 10, Status.SNAKE, 0.01
5975, 1, 8, Status.WALL, 0.01
5976, 4, 25, Status.SNAKE, 0.01
5977, 5, 29, Status.SNAKE, 0.01
5978, 3, 26, Status.WALL, 0.01
5979, 5, 52, Status.SNAKE, 0.01
5980, 4, 20, Status.SNAKE, 0.01
5981, 2, 12, Status.WALL, 0.01
5982, 3, 21, Status.SNAKE, 0.01
5983, 2, 14, Status.WALL, 0.01
5984, 7, 46, Status.SNAKE, 0.01
5985, 7, 56, Status.SNAKE, 0.01
5986, 8, 47, Status.SNAKE, 0.01
5987, 1, 3, Status.SNAKE, 0.01
5988, 4, 23, Status.WALL, 0.01
5989, 2, 13, Status.SNAKE, 0.01
5990, 6, 39, Status.SNAKE, 0.01
5991, 5, 29, Status.SNAKE, 0.01
5992, 2, 8, Status.SNAKE, 0.01
5993, 3, 22, Status.WALL, 0.01
5994, 10, 74, Status.SNAKE, 0.01
5995, 2, 18, Status.SNAKE, 0.01
5996, 17, 99, Status.SNAKE, 0.01
5997, 7, 49, Status.SNAKE, 0.01
5998, 1, 9, Status.WALL, 0.01
5999, 13, 77, Status.SNAKE, 0.01
6000, 9, 70, Status.SNAKE, 0.01
6001, 10, 49, Status.SNAKE, 0.01
6002, 13, 90, Status.SNAKE, 0.01
6003, 4, 17, Status.WALL, 0.01
6004, 3, 21, Status.SNAKE, 0.01
6005, 7, 41, Status.SNAKE, 0.01
6006, 6, 31, Status.SNAKE, 0.01
6007, 1, 16, Status.SNAKE, 0.01
6008, 7, 40, Status.SNAKE, 0.01
6009, 10, 58, Status.SNAKE, 0.01
6010, 15, 127, Status.SNAKE, 0.01
6011, 4, 22, Status.SNAKE, 0.01
6012, 13, 85, Status.SNAKE, 0.01
6013, 4, 25, Status.SNAKE, 0.01
6014, 3, 16, Status.SNAKE, 0.01
6015, 7, 39, Status.WALL, 0.01
6016, 5, 37, Status.SNAKE, 0.01
6017, 9, 57, Status.SNAKE, 0.01
6018, 8, 62, Status.SNAKE, 0.01
6019, 7, 47, Status.SNAKE, 0.01
6020, 6, 36, Status.SNAKE, 0.01
6021, 2, 9, Status.SNAKE, 0.01
6022, 4, 34, Status.SNAKE, 0.01
6023, 2, 16, Status.WALL, 0.01
6024, 6, 52, Status.SNAKE, 0.01
6025, 3, 21, Status.SNAKE, 0.01
6026, 2, 17, Status.SNAKE, 0.01
6027, 6, 37, Status.WALL, 0.01
6028, 2, 15, Status.WALL, 0.01
6029, 8, 60, Status.SNAKE, 0.01
6030, 12, 60, Status.SNAKE, 0.01
6031, 7, 47, Status.WALL, 0.01
6032, 6, 40, Status.WALL, 0.01
6033, 4, 28, Status.SNAKE, 0.01
6034, 3, 18, Status.SNAKE, 0.01
6035, 2, 5, Status.SNAKE, 0.01
6036, 9, 43, Status.SNAKE, 0.01
6037, 5, 21, Status.SNAKE, 0.01
6038, 10, 67, Status.WALL, 0.01
6039, 8, 37, Status.SNAKE, 0.01
6040, 4, 41, Status.SNAKE, 0.01
6041, 4, 26, Status.SNAKE, 0.01
6042, 4, 29, Status.SNAKE, 0.01
6043, 1, 8, Status.WALL, 0.01
6044, 2, 15, Status.SNAKE, 0.01
6045, 7, 42, Status.SNAKE, 0.01
6046, 8, 48, Status.SNAKE, 0.01
6047, 10, 84, Status.SNAKE, 0.01
6048, 7, 54, Status.SNAKE, 0.01
6049, 12, 94, Status.SNAKE, 0.01
6050, 5, 32, Status.SNAKE, 0.01
6051, 10, 73, Status.SNAKE, 0.01
6052, 6, 40, Status.SNAKE, 0.01
6053, 5, 46, Status.SNAKE, 0.01
6054, 7, 45, Status.WALL, 0.01
6055, 12, 75, Status.SNAKE, 0.01
6056, 3, 17, Status.SNAKE, 0.01
6057, 12, 77, Status.SNAKE, 0.01
6058, 8, 61, Status.SNAKE, 0.01
6059, 7, 51, Status.WALL, 0.01
6060, 3, 24, Status.SNAKE, 0.01
6061, 4, 18, Status.SNAKE, 0.01
6062, 8, 52, Status.SNAKE, 0.01
6063, 1, 6, Status.SNAKE, 0.01
6064, 0, 6, Status.WALL, 0.01
6065, 4, 28, Status.SNAKE, 0.01
6066, 7, 47, Status.WALL, 0.01
6067, 6, 41, Status.SNAKE, 0.01
6068, 5, 41, Status.SNAKE, 0.01
6069, 7, 52, Status.SNAKE, 0.01
6070, 3, 20, Status.SNAKE, 0.01
6071, 5, 34, Status.SNAKE, 0.01
6072, 8, 59, Status.SNAKE, 0.01
6073, 6, 34, Status.SNAKE, 0.01
6074, 2, 17, Status.SNAKE, 0.01
6075, 5, 40, Status.SNAKE, 0.01
6076, 5, 43, Status.SNAKE, 0.01
6077, 11, 43, Status.SNAKE, 0.01
6078, 2, 6, Status.SNAKE, 0.01
6079, 8, 47, Status.SNAKE, 0.01
6080, 2, 16, Status.SNAKE, 0.01
6081, 13, 87, Status.SNAKE, 0.01
6082, 8, 45, Status.WALL, 0.01
6083, 6, 56, Status.WALL, 0.01
6084, 6, 43, Status.SNAKE, 0.01
6085, 2, 25, Status.SNAKE, 0.01
6086, 3, 19, Status.WALL, 0.01
6087, 10, 50, Status.SNAKE, 0.01
6088, 5, 35, Status.SNAKE, 0.01
6089, 2, 20, Status.SNAKE, 0.01
6090, 6, 46, Status.SNAKE, 0.01
6091, 6, 31, Status.SNAKE, 0.01
6092, 10, 75, Status.SNAKE, 0.01
6093, 5, 45, Status.SNAKE, 0.01
6094, 2, 25, Status.WALL, 0.01
6095, 8, 67, Status.SNAKE, 0.01
6096, 5, 28, Status.SNAKE, 0.01
6097, 2, 3, Status.SNAKE, 0.01
6098, 3, 21, Status.SNAKE, 0.01
6099, 7, 41, Status.SNAKE, 0.01
6100, 7, 39, Status.SNAKE, 0.01
6101, 12, 74, Status.WALL, 0.01
6102, 6, 32, Status.SNAKE, 0.01
6103, 10, 77, Status.SNAKE, 0.01
6104, 5, 21, Status.SNAKE, 0.01
6105, 14, 93, Status.SNAKE, 0.01
6106, 16, 93, Status.WALL, 0.01
6107, 3, 17, Status.WALL, 0.01
6108, 6, 32, Status.SNAKE, 0.01
6109, 2, 20, Status.SNAKE, 0.01
6110, 3, 26, Status.SNAKE, 0.01
6111, 7, 50, Status.SNAKE, 0.01
6112, 5, 57, Status.SNAKE, 0.01
6113, 5, 39, Status.SNAKE, 0.01
6114, 1, 8, Status.WALL, 0.01
6115, 8, 59, Status.SNAKE, 0.01
6116, 6, 26, Status.WALL, 0.01
6117, 5, 36, Status.SNAKE, 0.01
6118, 1, 12, Status.WALL, 0.01
6119, 2, 8, Status.SNAKE, 0.01
6120, 5, 34, Status.SNAKE, 0.01
6121, 6, 28, Status.WALL, 0.01
6122, 2, 16, Status.WALL, 0.01
6123, 11, 72, Status.SNAKE, 0.01
6124, 6, 48, Status.WALL, 0.01
6125, 4, 27, Status.SNAKE, 0.01
6126, 8, 59, Status.SNAKE, 0.01
6127, 8, 52, Status.SNAKE, 0.01
6128, 2, 21, Status.SNAKE, 0.01
6129, 2, 17, Status.SNAKE, 0.01
6130, 2, 19, Status.WALL, 0.01
6131, 7, 49, Status.SNAKE, 0.01
6132, 9, 55, Status.SNAKE, 0.01
6133, 15, 116, Status.WALL, 0.01
6134, 3, 15, Status.SNAKE, 0.01
6135, 2, 11, Status.WALL, 0.01
6136, 13, 74, Status.SNAKE, 0.01
6137, 8, 47, Status.SNAKE, 0.01
6138, 1, 17, Status.SNAKE, 0.01
6139, 7, 45, Status.SNAKE, 0.01
6140, 4, 15, Status.SNAKE, 0.01
6141, 1, 15, Status.WALL, 0.01
6142, 8, 43, Status.SNAKE, 0.01
6143, 8, 44, Status.WALL, 0.01
6144, 3, 22, Status.SNAKE, 0.01
6145, 8, 52, Status.SNAKE, 0.01
6146, 10, 60, Status.SNAKE, 0.01
6147, 2, 8, Status.SNAKE, 0.01
6148, 5, 31, Status.SNAKE, 0.01
6149, 4, 22, Status.SNAKE, 0.01
6150, 1, 7, Status.WALL, 0.01
6151, 3, 14, Status.SNAKE, 0.01
6152, 5, 41, Status.SNAKE, 0.01
6153, 8, 58, Status.SNAKE, 0.01
6154, 10, 53, Status.SNAKE, 0.01
6155, 6, 34, Status.SNAKE, 0.01
6156, 7, 40, Status.SNAKE, 0.01
6157, 3, 11, Status.SNAKE, 0.01
6158, 4, 16, Status.SNAKE, 0.01
6159, 8, 39, Status.SNAKE, 0.01
6160, 10, 51, Status.SNAKE, 0.01
6161, 5, 40, Status.WALL, 0.01
6162, 3, 23, Status.SNAKE, 0.01
6163, 1, 15, Status.SNAKE, 0.01
6164, 10, 57, Status.SNAKE, 0.01
6165, 8, 39, Status.SNAKE, 0.01
6166, 3, 18, Status.SNAKE, 0.01
6167, 5, 37, Status.SNAKE, 0.01
6168, 5, 34, Status.WALL, 0.01
6169, 6, 28, Status.SNAKE, 0.01
6170, 6, 33, Status.SNAKE, 0.01
6171, 5, 38, Status.SNAKE, 0.01
6172, 2, 13, Status.SNAKE, 0.01
6173, 5, 44, Status.SNAKE, 0.01
6174, 7, 58, Status.SNAKE, 0.01
6175, 2, 20, Status.WALL, 0.01
6176, 1, 6, Status.WALL, 0.01
6177, 7, 45, Status.SNAKE, 0.01
6178, 18, 120, Status.SNAKE, 0.01
6179, 4, 23, Status.SNAKE, 0.01
6180, 5, 23, Status.SNAKE, 0.01
6181, 8, 50, Status.SNAKE, 0.01
6182, 9, 49, Status.SNAKE, 0.01
6183, 1, 3, Status.SNAKE, 0.01
6184, 8, 65, Status.SNAKE, 0.01
6185, 9, 52, Status.SNAKE, 0.01
6186, 9, 73, Status.WALL, 0.01
6187, 5, 40, Status.SNAKE, 0.01
6188, 5, 31, Status.SNAKE, 0.01
6189, 8, 43, Status.SNAKE, 0.01
6190, 11, 69, Status.SNAKE, 0.01
6191, 7, 50, Status.SNAKE, 0.01
6192, 1, 6, Status.SNAKE, 0.01
6193, 1, 14, Status.WALL, 0.01
6194, 9, 60, Status.WALL, 0.01
6195, 1, 3, Status.SNAKE, 0.01
6196, 6, 38, Status.SNAKE, 0.01
6197, 5, 34, Status.SNAKE, 0.01
6198, 3, 13, Status.SNAKE, 0.01
6199, 5, 46, Status.SNAKE, 0.01
6200, 12, 71, Status.SNAKE, 0.01
6201, 16, 87, Status.SNAKE, 0.01
6202, 6, 49, Status.SNAKE, 0.01
6203, 6, 30, Status.SNAKE, 0.01
6204, 2, 11, Status.WALL, 0.01
6205, 10, 56, Status.SNAKE, 0.01
6206, 12, 89, Status.SNAKE, 0.01
6207, 14, 89, Status.WALL, 0.01
6208, 1, 3, Status.SNAKE, 0.01
6209, 11, 76, Status.SNAKE, 0.01
6210, 6, 45, Status.WALL, 0.01
6211, 7, 45, Status.SNAKE, 0.01
6212, 8, 57, Status.SNAKE, 0.01
6213, 2, 14, Status.WALL, 0.01
6214, 7, 54, Status.WALL, 0.01
6215, 4, 29, Status.SNAKE, 0.01
6216, 9, 51, Status.SNAKE, 0.01
6217, 13, 99, Status.WALL, 0.01
6218, 6, 39, Status.SNAKE, 0.01
6219, 5, 36, Status.SNAKE, 0.01
6220, 8, 94, Status.SNAKE, 0.01
6221, 4, 21, Status.WALL, 0.01
6222, 6, 41, Status.SNAKE, 0.01
6223, 7, 53, Status.SNAKE, 0.01
6224, 5, 23, Status.WALL, 0.01
6225, 8, 57, Status.SNAKE, 0.01
6226, 9, 58, Status.SNAKE, 0.01
6227, 3, 16, Status.WALL, 0.01
6228, 6, 25, Status.WALL, 0.01
6229, 5, 27, Status.SNAKE, 0.01
6230, 1, 4, Status.SNAKE, 0.01
6231, 5, 30, Status.SNAKE, 0.01
6232, 4, 20, Status.SNAKE, 0.01
6233, 1, 16, Status.WALL, 0.01
6234, 15, 89, Status.SNAKE, 0.01
6235, 3, 19, Status.SNAKE, 0.01
6236, 2, 11, Status.WALL, 0.01
6237, 2, 12, Status.SNAKE, 0.01
6238, 5, 39, Status.SNAKE, 0.01
6239, 4, 20, Status.SNAKE, 0.01
6240, 6, 52, Status.SNAKE, 0.01
6241, 9, 69, Status.SNAKE, 0.01
6242, 1, 3, Status.SNAKE, 0.01
6243, 3, 14, Status.WALL, 0.01
6244, 10, 70, Status.SNAKE, 0.01
6245, 1, 3, Status.SNAKE, 0.01
6246, 10, 50, Status.SNAKE, 0.01
6247, 5, 29, Status.SNAKE, 0.01
6248, 6, 43, Status.SNAKE, 0.01
6249, 11, 84, Status.SNAKE, 0.01
6250, 6, 41, Status.SNAKE, 0.01
6251, 9, 71, Status.SNAKE, 0.01
6252, 6, 46, Status.SNAKE, 0.01
6253, 8, 45, Status.SNAKE, 0.01
6254, 2, 21, Status.SNAKE, 0.01
6255, 4, 25, Status.SNAKE, 0.01
6256, 7, 39, Status.SNAKE, 0.01
6257, 3, 17, Status.SNAKE, 0.01
6258, 4, 40, Status.SNAKE, 0.01
6259, 7, 43, Status.SNAKE, 0.01
6260, 12, 76, Status.SNAKE, 0.01
6261, 3, 10, Status.SNAKE, 0.01
6262, 7, 53, Status.SNAKE, 0.01
6263, 6, 41, Status.SNAKE, 0.01
6264, 6, 32, Status.SNAKE, 0.01
6265, 5, 35, Status.SNAKE, 0.01
6266, 4, 36, Status.SNAKE, 0.01
6267, 3, 18, Status.WALL, 0.01
6268, 8, 55, Status.SNAKE, 0.01
6269, 5, 30, Status.SNAKE, 0.01
6270, 7, 35, Status.SNAKE, 0.01
6271, 11, 77, Status.WALL, 0.01
6272, 5, 30, Status.SNAKE, 0.01
6273, 5, 20, Status.SNAKE, 0.01
6274, 12, 73, Status.SNAKE, 0.01
6275, 7, 41, Status.SNAKE, 0.01
6276, 10, 57, Status.SNAKE, 0.01
6277, 11, 80, Status.WALL, 0.01
6278, 2, 19, Status.SNAKE, 0.01
6279, 7, 49, Status.SNAKE, 0.01
6280, 4, 25, Status.SNAKE, 0.01
6281, 3, 23, Status.SNAKE, 0.01
6282, 11, 85, Status.SNAKE, 0.01
6283, 10, 65, Status.SNAKE, 0.01
6284, 7, 44, Status.SNAKE, 0.01
6285, 3, 43, Status.SNAKE, 0.01
6286, 4, 32, Status.WALL, 0.01
6287, 4, 29, Status.SNAKE, 0.01
6288, 1, 7, Status.SNAKE, 0.01
6289, 4, 17, Status.SNAKE, 0.01
6290, 3, 10, Status.SNAKE, 0.01
6291, 9, 73, Status.SNAKE, 0.01
6292, 8, 38, Status.SNAKE, 0.01
6293, 3, 14, Status.SNAKE, 0.01
6294, 3, 18, Status.SNAKE, 0.01
6295, 4, 20, Status.SNAKE, 0.01
6296, 1, 3, Status.SNAKE, 0.01
6297, 14, 78, Status.WALL, 0.01
6298, 1, 3, Status.SNAKE, 0.01
6299, 3, 24, Status.WALL, 0.01
6300, 1, 6, Status.SNAKE, 0.01
6301, 15, 118, Status.SNAKE, 0.01
6302, 1, 4, Status.SNAKE, 0.01
6303, 6, 46, Status.SNAKE, 0.01
6304, 4, 29, Status.WALL, 0.01
6305, 7, 49, Status.SNAKE, 0.01
6306, 9, 85, Status.SNAKE, 0.01
6307, 4, 27, Status.SNAKE, 0.01
6308, 7, 44, Status.WALL, 0.01
6309, 4, 29, Status.WALL, 0.01
6310, 5, 30, Status.SNAKE, 0.01
6311, 2, 9, Status.SNAKE, 0.01
6312, 5, 24, Status.SNAKE, 0.01
6313, 4, 23, Status.SNAKE, 0.01
6314, 6, 41, Status.SNAKE, 0.01
6315, 2, 15, Status.SNAKE, 0.01
6316, 9, 51, Status.SNAKE, 0.01
6317, 4, 23, Status.SNAKE, 0.01
6318, 6, 26, Status.SNAKE, 0.01
6319, 2, 16, Status.SNAKE, 0.01
6320, 8, 48, Status.WALL, 0.01
6321, 8, 57, Status.SNAKE, 0.01
6322, 6, 33, Status.SNAKE, 0.01
6323, 7, 58, Status.SNAKE, 0.01
6324, 1, 17, Status.WALL, 0.01
6325, 1, 8, Status.WALL, 0.01
6326, 5, 49, Status.SNAKE, 0.01
6327, 1, 3, Status.SNAKE, 0.01
6328, 8, 54, Status.SNAKE, 0.01
6329, 7, 46, Status.SNAKE, 0.01
6330, 7, 40, Status.SNAKE, 0.01
6331, 1, 17, Status.WALL, 0.01
6332, 4, 34, Status.WALL, 0.01
6333, 3, 14, Status.SNAKE, 0.01
6334, 14, 103, Status.SNAKE, 0.01
6335, 7, 67, Status.WALL, 0.01
6336, 10, 61, Status.WALL, 0.01
6337, 3, 26, Status.SNAKE, 0.01
6338, 7, 43, Status.SNAKE, 0.01
6339, 8, 57, Status.WALL, 0.01
6340, 3, 24, Status.SNAKE, 0.01
6341, 13, 73, Status.SNAKE, 0.01
6342, 4, 37, Status.SNAKE, 0.01
6343, 12, 90, Status.SNAKE, 0.01
6344, 3, 18, Status.WALL, 0.01
6345, 2, 13, Status.SNAKE, 0.01
6346, 1, 4, Status.SNAKE, 0.01
6347, 4, 27, Status.SNAKE, 0.01
6348, 2, 15, Status.WALL, 0.01
6349, 6, 64, Status.WALL, 0.01
6350, 5, 41, Status.WALL, 0.01
6351, 3, 40, Status.SNAKE, 0.01
6352, 2, 15, Status.SNAKE, 0.01
6353, 5, 37, Status.SNAKE, 0.01
6354, 5, 53, Status.SNAKE, 0.01
6355, 1, 17, Status.WALL, 0.01
6356, 7, 61, Status.WALL, 0.01
6357, 3, 8, Status.SNAKE, 0.01
6358, 6, 39, Status.SNAKE, 0.01
6359, 4, 38, Status.SNAKE, 0.01
6360, 4, 37, Status.SNAKE, 0.01
6361, 0, 9, Status.WALL, 0.01
6362, 5, 59, Status.SNAKE, 0.01
6363, 1, 8, Status.WALL, 0.01
6364, 5, 35, Status.SNAKE, 0.01
6365, 2, 20, Status.WALL, 0.01
6366, 10, 70, Status.SNAKE, 0.01
6367, 8, 64, Status.SNAKE, 0.01
6368, 5, 18, Status.SNAKE, 0.01
6369, 6, 39, Status.SNAKE, 0.01
6370, 3, 24, Status.SNAKE, 0.01
6371, 4, 27, Status.SNAKE, 0.01
6372, 3, 13, Status.SNAKE, 0.01
6373, 8, 66, Status.SNAKE, 0.01
6374, 10, 64, Status.SNAKE, 0.01
6375, 12, 83, Status.SNAKE, 0.01
6376, 14, 92, Status.SNAKE, 0.01
6377, 15, 111, Status.SNAKE, 0.01
6378, 26, 158, Status.SNAKE, 0.01
6379, 4, 28, Status.SNAKE, 0.01
6380, 4, 23, Status.SNAKE, 0.01
6381, 4, 31, Status.SNAKE, 0.01
6382, 7, 45, Status.SNAKE, 0.01
6383, 1, 6, Status.SNAKE, 0.01
6384, 8, 48, Status.SNAKE, 0.01
6385, 7, 43, Status.WALL, 0.01
6386, 6, 30, Status.SNAKE, 0.01
6387, 1, 3, Status.SNAKE, 0.01
6388, 7, 48, Status.SNAKE, 0.01
6389, 7, 48, Status.SNAKE, 0.01
6390, 6, 58, Status.SNAKE, 0.01
6391, 13, 86, Status.SNAKE, 0.01
6392, 4, 42, Status.SNAKE, 0.01
6393, 8, 49, Status.SNAKE, 0.01
6394, 13, 85, Status.WALL, 0.01
6395, 4, 22, Status.SNAKE, 0.01
6396, 15, 117, Status.SNAKE, 0.01
6397, 4, 55, Status.WALL, 0.01
6398, 4, 14, Status.SNAKE, 0.01
6399, 7, 38, Status.SNAKE, 0.01
6400, 4, 33, Status.SNAKE, 0.01
6401, 2, 19, Status.SNAKE, 0.01
6402, 4, 16, Status.SNAKE, 0.01
6403, 5, 42, Status.WALL, 0.01
6404, 8, 42, Status.SNAKE, 0.01
6405, 4, 25, Status.SNAKE, 0.01
6406, 5, 36, Status.SNAKE, 0.01
6407, 7, 46, Status.SNAKE, 0.01
6408, 9, 42, Status.SNAKE, 0.01
6409, 11, 80, Status.SNAKE, 0.01
6410, 7, 39, Status.SNAKE, 0.01
6411, 5, 28, Status.SNAKE, 0.01
6412, 13, 70, Status.SNAKE, 0.01
6413, 5, 19, Status.SNAKE, 0.01
6414, 12, 89, Status.SNAKE, 0.01
6415, 1, 8, Status.WALL, 0.01
6416, 5, 17, Status.SNAKE, 0.01
6417, 1, 7, Status.WALL, 0.01
6418, 11, 76, Status.WALL, 0.01
6419, 5, 24, Status.SNAKE, 0.01
6420, 4, 33, Status.WALL, 0.01
6421, 3, 31, Status.SNAKE, 0.01
6422, 4, 29, Status.WALL, 0.01
6423, 1, 8, Status.WALL, 0.01
6424, 6, 22, Status.SNAKE, 0.01
6425, 5, 36, Status.SNAKE, 0.01
6426, 7, 40, Status.SNAKE, 0.01
6427, 6, 31, Status.WALL, 0.01
6428, 5, 20, Status.SNAKE, 0.01
6429, 9, 56, Status.SNAKE, 0.01
6430, 11, 63, Status.SNAKE, 0.01
6431, 2, 21, Status.SNAKE, 0.01
6432, 5, 43, Status.SNAKE, 0.01
6433, 7, 36, Status.SNAKE, 0.01
6434, 5, 48, Status.SNAKE, 0.01
6435, 2, 8, Status.SNAKE, 0.01
6436, 7, 66, Status.WALL, 0.01
6437, 4, 24, Status.WALL, 0.01
6438, 9, 57, Status.SNAKE, 0.01
6439, 8, 35, Status.SNAKE, 0.01
6440, 3, 21, Status.SNAKE, 0.01
6441, 5, 31, Status.SNAKE, 0.01
6442, 1, 14, Status.WALL, 0.01
6443, 2, 17, Status.SNAKE, 0.01
6444, 8, 39, Status.SNAKE, 0.01
6445, 2, 10, Status.SNAKE, 0.01
6446, 7, 50, Status.SNAKE, 0.01
6447, 8, 52, Status.SNAKE, 0.01
6448, 10, 78, Status.SNAKE, 0.01
6449, 10, 81, Status.SNAKE, 0.01
6450, 11, 55, Status.SNAKE, 0.01
6451, 6, 49, Status.SNAKE, 0.01
6452, 6, 31, Status.SNAKE, 0.01
6453, 7, 52, Status.WALL, 0.01
6454, 6, 65, Status.SNAKE, 0.01
6455, 4, 11, Status.SNAKE, 0.01
6456, 10, 71, Status.SNAKE, 0.01
6457, 2, 11, Status.SNAKE, 0.01
6458, 5, 35, Status.WALL, 0.01
6459, 6, 48, Status.WALL, 0.01
6460, 4, 49, Status.WALL, 0.01
6461, 3, 16, Status.SNAKE, 0.01
6462, 4, 32, Status.WALL, 0.01
6463, 11, 69, Status.SNAKE, 0.01
6464, 4, 27, Status.SNAKE, 0.01
6465, 6, 38, Status.SNAKE, 0.01
6466, 8, 55, Status.WALL, 0.01
6467, 2, 9, Status.WALL, 0.01
6468, 13, 57, Status.SNAKE, 0.01
6469, 6, 43, Status.SNAKE, 0.01
6470, 10, 76, Status.SNAKE, 0.01
6471, 6, 51, Status.SNAKE, 0.01
6472, 5, 47, Status.SNAKE, 0.01
6473, 4, 20, Status.SNAKE, 0.01
6474, 5, 33, Status.SNAKE, 0.01
6475, 3, 23, Status.SNAKE, 0.01
6476, 4, 34, Status.WALL, 0.01
6477, 8, 56, Status.SNAKE, 0.01
6478, 10, 68, Status.SNAKE, 0.01
6479, 2, 13, Status.SNAKE, 0.01
6480, 5, 26, Status.SNAKE, 0.01
6481, 7, 56, Status.SNAKE, 0.01
6482, 2, 18, Status.SNAKE, 0.01
6483, 1, 8, Status.SNAKE, 0.01
6484, 11, 84, Status.SNAKE, 0.01
6485, 3, 11, Status.SNAKE, 0.01
6486, 7, 52, Status.SNAKE, 0.01
6487, 4, 36, Status.WALL, 0.01
6488, 4, 39, Status.WALL, 0.01
6489, 5, 41, Status.WALL, 0.01
6490, 2, 8, Status.SNAKE, 0.01
6491, 1, 3, Status.SNAKE, 0.01
6492, 9, 44, Status.SNAKE, 0.01
6493, 5, 53, Status.SNAKE, 0.01
6494, 1, 8, Status.WALL, 0.01
6495, 3, 15, Status.WALL, 0.01
6496, 1, 7, Status.SNAKE, 0.01
6497, 6, 39, Status.SNAKE, 0.01
6498, 6, 35, Status.SNAKE, 0.01
6499, 2, 20, Status.SNAKE, 0.01
6500, 2, 9, Status.SNAKE, 0.01
6501, 4, 22, Status.SNAKE, 0.01
6502, 7, 44, Status.SNAKE, 0.01
6503, 7, 39, Status.SNAKE, 0.01
6504, 6, 24, Status.SNAKE, 0.01
6505, 4, 38, Status.WALL, 0.01
6506, 7, 40, Status.SNAKE, 0.01
6507, 2, 8, Status.SNAKE, 0.01
6508, 1, 8, Status.WALL, 0.01
6509, 7, 51, Status.SNAKE, 0.01
6510, 6, 42, Status.WALL, 0.01
6511, 5, 37, Status.SNAKE, 0.01
6512, 15, 88, Status.SNAKE, 0.01
6513, 1, 15, Status.WALL, 0.01
6514, 7, 43, Status.SNAKE, 0.01
6515, 5, 40, Status.SNAKE, 0.01
6516, 9, 52, Status.SNAKE, 0.01
6517, 5, 38, Status.SNAKE, 0.01
6518, 2, 13, Status.WALL, 0.01
6519, 12, 80, Status.SNAKE, 0.01
6520, 2, 15, Status.SNAKE, 0.01
6521, 5, 48, Status.SNAKE, 0.01
6522, 5, 22, Status.SNAKE, 0.01
6523, 8, 58, Status.SNAKE, 0.01
6524, 7, 46, Status.SNAKE, 0.01
6525, 6, 33, Status.SNAKE, 0.01
6526, 13, 107, Status.WALL, 0.01
6527, 2, 41, Status.WALL, 0.01
6528, 2, 18, Status.SNAKE, 0.01
6529, 6, 27, Status.SNAKE, 0.01
6530, 3, 19, Status.SNAKE, 0.01
6531, 4, 42, Status.SNAKE, 0.01
6532, 8, 45, Status.WALL, 0.01
6533, 5, 31, Status.SNAKE, 0.01
6534, 4, 14, Status.SNAKE, 0.01
6535, 10, 62, Status.SNAKE, 0.01
6536, 6, 42, Status.SNAKE, 0.01
6537, 4, 28, Status.SNAKE, 0.01
6538, 8, 46, Status.SNAKE, 0.01
6539, 2, 16, Status.SNAKE, 0.01
6540, 7, 74, Status.SNAKE, 0.01
6541, 6, 43, Status.WALL, 0.01
6542, 8, 79, Status.SNAKE, 0.01
6543, 3, 27, Status.SNAKE, 0.01
6544, 6, 31, Status.WALL, 0.01
6545, 8, 60, Status.SNAKE, 0.01
6546, 3, 25, Status.SNAKE, 0.01
6547, 4, 17, Status.SNAKE, 0.01
6548, 3, 13, Status.SNAKE, 0.01
6549, 7, 42, Status.SNAKE, 0.01
6550, 5, 32, Status.SNAKE, 0.01
6551, 1, 15, Status.WALL, 0.01
6552, 3, 26, Status.SNAKE, 0.01
6553, 10, 66, Status.SNAKE, 0.01
6554, 1, 3, Status.SNAKE, 0.01
6555, 6, 21, Status.SNAKE, 0.01
6556, 2, 8, Status.WALL, 0.01
6557, 13, 87, Status.SNAKE, 0.01
6558, 8, 44, Status.SNAKE, 0.01
6559, 2, 10, Status.SNAKE, 0.01
6560, 1, 8, Status.WALL, 0.01
6561, 8, 36, Status.SNAKE, 0.01
6562, 1, 6, Status.SNAKE, 0.01
6563, 3, 15, Status.SNAKE, 0.01
6564, 3, 20, Status.SNAKE, 0.01
6565, 1, 3, Status.SNAKE, 0.01
6566, 5, 34, Status.SNAKE, 0.01
6567, 11, 60, Status.SNAKE, 0.01
6568, 7, 38, Status.SNAKE, 0.01
6569, 7, 54, Status.SNAKE, 0.01
6570, 8, 41, Status.SNAKE, 0.01
6571, 1, 6, Status.SNAKE, 0.01
6572, 5, 19, Status.SNAKE, 0.01
6573, 2, 18, Status.WALL, 0.01
6574, 4, 17, Status.SNAKE, 0.01
6575, 5, 34, Status.SNAKE, 0.01
6576, 1, 8, Status.WALL, 0.01
6577, 9, 38, Status.SNAKE, 0.01
6578, 9, 69, Status.SNAKE, 0.01
6579, 1, 16, Status.SNAKE, 0.01
6580, 10, 64, Status.SNAKE, 0.01
6581, 1, 15, Status.WALL, 0.01
6582, 3, 17, Status.WALL, 0.01
6583, 5, 34, Status.SNAKE, 0.01
6584, 1, 6, Status.SNAKE, 0.01
6585, 3, 21, Status.SNAKE, 0.01
6586, 5, 36, Status.SNAKE, 0.01
6587, 8, 46, Status.SNAKE, 0.01
6588, 9, 56, Status.SNAKE, 0.01
6589, 4, 26, Status.SNAKE, 0.01
6590, 4, 17, Status.SNAKE, 0.01
6591, 1, 15, Status.SNAKE, 0.01
6592, 2, 6, Status.SNAKE, 0.01
6593, 10, 65, Status.WALL, 0.01
6594, 1, 17, Status.SNAKE, 0.01
6595, 4, 38, Status.SNAKE, 0.01
6596, 5, 154, Status.SNAKE, 0.01
6597, 2, 11, Status.WALL, 0.01
6598, 4, 33, Status.SNAKE, 0.01
6599, 8, 59, Status.WALL, 0.01
6600, 1, 7, Status.SNAKE, 0.01
6601, 6, 38, Status.SNAKE, 0.01
6602, 1, 4, Status.SNAKE, 0.01
6603, 6, 54, Status.SNAKE, 0.01
6604, 0, 16, Status.WALL, 0.01
6605, 5, 42, Status.SNAKE, 0.01
6606, 3, 22, Status.SNAKE, 0.01
6607, 6, 47, Status.WALL, 0.01
6608, 4, 26, Status.SNAKE, 0.01
6609, 2, 19, Status.WALL, 0.01
6610, 11, 90, Status.SNAKE, 0.01
6611, 8, 47, Status.SNAKE, 0.01
6612, 8, 42, Status.SNAKE, 0.01
6613, 2, 12, Status.SNAKE, 0.01
6614, 7, 48, Status.WALL, 0.01
6615, 3, 32, Status.SNAKE, 0.01
6616, 8, 50, Status.WALL, 0.01
6617, 3, 10, Status.WALL, 0.01
6618, 3, 27, Status.WALL, 0.01
6619, 1, 3, Status.SNAKE, 0.01
6620, 6, 44, Status.SNAKE, 0.01
6621, 3, 26, Status.WALL, 0.01
6622, 12, 73, Status.SNAKE, 0.01
6623, 6, 25, Status.SNAKE, 0.01
6624, 5, 27, Status.SNAKE, 0.01
6625, 3, 31, Status.WALL, 0.01
6626, 3, 21, Status.SNAKE, 0.01
6627, 4, 21, Status.WALL, 0.01
6628, 8, 68, Status.SNAKE, 0.01
6629, 5, 31, Status.SNAKE, 0.01
6630, 3, 25, Status.SNAKE, 0.01
6631, 8, 45, Status.SNAKE, 0.01
6632, 3, 12, Status.SNAKE, 0.01
6633, 5, 24, Status.WALL, 0.01
6634, 9, 49, Status.SNAKE, 0.01
6635, 5, 23, Status.SNAKE, 0.01
6636, 5, 20, Status.WALL, 0.01
6637, 2, 11, Status.SNAKE, 0.01
6638, 7, 46, Status.SNAKE, 0.01
6639, 1, 6, Status.SNAKE, 0.01
6640, 8, 68, Status.SNAKE, 0.01
6641, 2, 16, Status.SNAKE, 0.01
6642, 9, 52, Status.SNAKE, 0.01
6643, 3, 25, Status.SNAKE, 0.01
6644, 7, 50, Status.SNAKE, 0.01
6645, 3, 33, Status.SNAKE, 0.01
6646, 9, 67, Status.WALL, 0.01
6647, 7, 50, Status.WALL, 0.01
6648, 6, 25, Status.SNAKE, 0.01
6649, 4, 28, Status.SNAKE, 0.01
6650, 5, 39, Status.SNAKE, 0.01
6651, 2, 9, Status.SNAKE, 0.01
6652, 2, 13, Status.WALL, 0.01
6653, 5, 42, Status.WALL, 0.01
6654, 9, 70, Status.SNAKE, 0.01
6655, 3, 17, Status.SNAKE, 0.01
6656, 7, 49, Status.SNAKE, 0.01
6657, 1, 15, Status.SNAKE, 0.01
6658, 9, 58, Status.SNAKE, 0.01
6659, 5, 55, Status.SNAKE, 0.01
6660, 11, 82, Status.SNAKE, 0.01
6661, 3, 20, Status.WALL, 0.01
6662, 3, 18, Status.SNAKE, 0.01
6663, 10, 48, Status.WALL, 0.01
6664, 8, 51, Status.SNAKE, 0.01
6665, 4, 37, Status.SNAKE, 0.01
6666, 6, 27, Status.SNAKE, 0.01
6667, 5, 39, Status.SNAKE, 0.01
6668, 13, 67, Status.SNAKE, 0.01
6669, 7, 40, Status.SNAKE, 0.01
6670, 1, 8, Status.SNAKE, 0.01
6671, 5, 32, Status.SNAKE, 0.01
6672, 10, 64, Status.SNAKE, 0.01
6673, 6, 48, Status.SNAKE, 0.01
6674, 7, 30, Status.SNAKE, 0.01
6675, 3, 26, Status.SNAKE, 0.01
6676, 2, 20, Status.SNAKE, 0.01
6677, 7, 28, Status.SNAKE, 0.01
6678, 3, 9, Status.SNAKE, 0.01
6679, 5, 28, Status.SNAKE, 0.01
6680, 8, 68, Status.SNAKE, 0.01
6681, 5, 33, Status.SNAKE, 0.01
6682, 11, 58, Status.WALL, 0.01
6683, 6, 30, Status.WALL, 0.01
6684, 2, 11, Status.WALL, 0.01
6685, 9, 54, Status.SNAKE, 0.01
6686, 9, 59, Status.SNAKE, 0.01
6687, 4, 9, Status.SNAKE, 0.01
6688, 8, 58, Status.SNAKE, 0.01
6689, 12, 79, Status.SNAKE, 0.01
6690, 3, 11, Status.SNAKE, 0.01
6691, 7, 38, Status.SNAKE, 0.01
6692, 16, 89, Status.SNAKE, 0.01
6693, 11, 46, Status.SNAKE, 0.01
6694, 10, 64, Status.SNAKE, 0.01
6695, 7, 46, Status.SNAKE, 0.01
6696, 5, 37, Status.SNAKE, 0.01
6697, 9, 46, Status.SNAKE, 0.01
6698, 9, 40, Status.SNAKE, 0.01
6699, 7, 52, Status.SNAKE, 0.01
6700, 5, 35, Status.SNAKE, 0.01
6701, 4, 18, Status.SNAKE, 0.01
6702, 3, 16, Status.SNAKE, 0.01
6703, 8, 48, Status.WALL, 0.01
6704, 7, 33, Status.SNAKE, 0.01
6705, 9, 53, Status.SNAKE, 0.01
6706, 6, 45, Status.SNAKE, 0.01
6707, 9, 43, Status.SNAKE, 0.01
6708, 6, 26, Status.SNAKE, 0.01
6709, 2, 7, Status.SNAKE, 0.01
6710, 6, 40, Status.SNAKE, 0.01
6711, 11, 66, Status.SNAKE, 0.01
6712, 8, 57, Status.SNAKE, 0.01
6713, 12, 66, Status.SNAKE, 0.01
6714, 10, 53, Status.SNAKE, 0.01
6715, 5, 24, Status.SNAKE, 0.01
6716, 6, 35, Status.SNAKE, 0.01
6717, 5, 34, Status.WALL, 0.01
6718, 2, 19, Status.SNAKE, 0.01
6719, 9, 66, Status.SNAKE, 0.01
6720, 2, 16, Status.WALL, 0.01
6721, 3, 18, Status.WALL, 0.01
6722, 12, 75, Status.SNAKE, 0.01
6723, 6, 35, Status.SNAKE, 0.01
6724, 9, 60, Status.WALL, 0.01
6725, 5, 25, Status.WALL, 0.01
6726, 3, 14, Status.WALL, 0.01
6727, 8, 60, Status.SNAKE, 0.01
6728, 3, 8, Status.SNAKE, 0.01
6729, 14, 82, Status.WALL, 0.01
6730, 4, 22, Status.SNAKE, 0.01
6731, 12, 99, Status.SNAKE, 0.01
6732, 8, 45, Status.SNAKE, 0.01
6733, 5, 30, Status.SNAKE, 0.01
6734, 11, 59, Status.SNAKE, 0.01
6735, 11, 65, Status.SNAKE, 0.01
6736, 3, 25, Status.SNAKE, 0.01
6737, 12, 68, Status.SNAKE, 0.01
6738, 4, 41, Status.SNAKE, 0.01
6739, 2, 11, Status.SNAKE, 0.01
6740, 4, 24, Status.SNAKE, 0.01
6741, 10, 49, Status.SNAKE, 0.01
6742, 10, 82, Status.SNAKE, 0.01
6743, 8, 47, Status.SNAKE, 0.01
6744, 7, 47, Status.SNAKE, 0.01
6745, 5, 34, Status.SNAKE, 0.01
6746, 8, 67, Status.SNAKE, 0.01
6747, 1, 4, Status.SNAKE, 0.01
6748, 3, 11, Status.SNAKE, 0.01
6749, 8, 46, Status.WALL, 0.01
6750, 7, 41, Status.SNAKE, 0.01
6751, 7, 44, Status.SNAKE, 0.01
6752, 3, 21, Status.SNAKE, 0.01
6753, 10, 60, Status.SNAKE, 0.01
6754, 8, 50, Status.SNAKE, 0.01
6755, 11, 64, Status.SNAKE, 0.01
6756, 8, 55, Status.SNAKE, 0.01
6757, 12, 66, Status.SNAKE, 0.01
6758, 7, 33, Status.SNAKE, 0.01
6759, 6, 36, Status.SNAKE, 0.01
6760, 8, 52, Status.SNAKE, 0.01
6761, 7, 49, Status.SNAKE, 0.01
6762, 8, 69, Status.SNAKE, 0.01
6763, 5, 33, Status.SNAKE, 0.01
6764, 10, 65, Status.SNAKE, 0.01
6765, 8, 60, Status.SNAKE, 0.01
6766, 3, 19, Status.WALL, 0.01
6767, 9, 44, Status.SNAKE, 0.01
6768, 9, 42, Status.SNAKE, 0.01
6769, 2, 10, Status.WALL, 0.01
6770, 11, 83, Status.WALL, 0.01
6771, 6, 36, Status.SNAKE, 0.01
6772, 8, 37, Status.SNAKE, 0.01
6773, 6, 37, Status.WALL, 0.01
6774, 10, 58, Status.WALL, 0.01
6775, 3, 25, Status.SNAKE, 0.01
6776, 17, 87, Status.SNAKE, 0.01
6777, 6, 36, Status.SNAKE, 0.01
6778, 7, 50, Status.WALL, 0.01
6779, 4, 21, Status.SNAKE, 0.01
6780, 9, 84, Status.SNAKE, 0.01
6781, 8, 52, Status.WALL, 0.01
6782, 7, 37, Status.SNAKE, 0.01
6783, 5, 38, Status.SNAKE, 0.01
6784, 6, 44, Status.SNAKE, 0.01
6785, 4, 28, Status.SNAKE, 0.01
6786, 10, 61, Status.SNAKE, 0.01
6787, 10, 67, Status.SNAKE, 0.01
6788, 6, 54, Status.SNAKE, 0.01
6789, 9, 64, Status.SNAKE, 0.01
6790, 1, 3, Status.SNAKE, 0.01
6791, 7, 34, Status.WALL, 0.01
6792, 1, 3, Status.SNAKE, 0.01
6793, 9, 47, Status.SNAKE, 0.01
6794, 15, 88, Status.SNAKE, 0.01
6795, 1, 12, Status.WALL, 0.01
6796, 2, 14, Status.SNAKE, 0.01
6797, 7, 38, Status.SNAKE, 0.01
6798, 5, 21, Status.SNAKE, 0.01
6799, 9, 65, Status.SNAKE, 0.01
6800, 5, 31, Status.SNAKE, 0.01
6801, 3, 15, Status.WALL, 0.01
6802, 4, 14, Status.SNAKE, 0.01
6803, 9, 56, Status.SNAKE, 0.01
6804, 4, 26, Status.WALL, 0.01
6805, 3, 30, Status.SNAKE, 0.01
6806, 11, 72, Status.SNAKE, 0.01
6807, 1, 15, Status.SNAKE, 0.01
6808, 3, 18, Status.SNAKE, 0.01
6809, 12, 87, Status.SNAKE, 0.01
6810, 9, 64, Status.SNAKE, 0.01
6811, 12, 87, Status.WALL, 0.01
6812, 5, 38, Status.SNAKE, 0.01
6813, 2, 12, Status.WALL, 0.01
6814, 4, 25, Status.SNAKE, 0.01
6815, 13, 62, Status.SNAKE, 0.01
6816, 9, 51, Status.WALL, 0.01
6817, 7, 47, Status.SNAKE, 0.01
6818, 5, 22, Status.WALL, 0.01
6819, 15, 64, Status.SNAKE, 0.01
6820, 2, 14, Status.WALL, 0.01
6821, 9, 68, Status.SNAKE, 0.01
6822, 11, 53, Status.SNAKE, 0.01
6823, 2, 18, Status.SNAKE, 0.01
6824, 4, 21, Status.WALL, 0.01
6825, 3, 28, Status.SNAKE, 0.01
6826, 2, 9, Status.SNAKE, 0.01
6827, 7, 49, Status.SNAKE, 0.01
6828, 15, 89, Status.WALL, 0.01
6829, 1, 8, Status.WALL, 0.01
6830, 8, 42, Status.SNAKE, 0.01
6831, 1, 3, Status.SNAKE, 0.01
6832, 4, 28, Status.SNAKE, 0.01
6833, 12, 79, Status.SNAKE, 0.01
6834, 3, 19, Status.SNAKE, 0.01
6835, 7, 51, Status.SNAKE, 0.01
6836, 2, 16, Status.SNAKE, 0.01
6837, 1, 7, Status.SNAKE, 0.01
6838, 6, 28, Status.SNAKE, 0.01
6839, 7, 39, Status.SNAKE, 0.01
6840, 10, 70, Status.SNAKE, 0.01
6841, 3, 18, Status.SNAKE, 0.01
6842, 7, 41, Status.SNAKE, 0.01
6843, 5, 29, Status.SNAKE, 0.01
6844, 1, 3, Status.SNAKE, 0.01
6845, 6, 30, Status.WALL, 0.01
6846, 3, 21, Status.SNAKE, 0.01
6847, 3, 20, Status.SNAKE, 0.01
6848, 9, 50, Status.SNAKE, 0.01
6849, 1, 6, Status.SNAKE, 0.01
6850, 3, 17, Status.SNAKE, 0.01
6851, 5, 36, Status.WALL, 0.01
6852, 19, 106, Status.SNAKE, 0.01
6853, 5, 20, Status.WALL, 0.01
6854, 5, 29, Status.SNAKE, 0.01
6855, 5, 27, Status.SNAKE, 0.01
6856, 3, 20, Status.SNAKE, 0.01
6857, 3, 12, Status.WALL, 0.01
6858, 10, 57, Status.SNAKE, 0.01
6859, 2, 10, Status.SNAKE, 0.01
6860, 3, 21, Status.SNAKE, 0.01
6861, 8, 43, Status.SNAKE, 0.01
6862, 4, 25, Status.SNAKE, 0.01
6863, 12, 93, Status.SNAKE, 0.01
6864, 9, 42, Status.SNAKE, 0.01
6865, 8, 69, Status.SNAKE, 0.01
6866, 3, 26, Status.WALL, 0.01
6867, 2, 18, Status.SNAKE, 0.01
6868, 5, 22, Status.SNAKE, 0.01
6869, 7, 46, Status.SNAKE, 0.01
6870, 3, 19, Status.SNAKE, 0.01
6871, 13, 91, Status.SNAKE, 0.01
6872, 12, 81, Status.SNAKE, 0.01
6873, 6, 31, Status.WALL, 0.01
6874, 11, 78, Status.SNAKE, 0.01
6875, 2, 11, Status.SNAKE, 0.01
6876, 6, 37, Status.SNAKE, 0.01
6877, 8, 35, Status.SNAKE, 0.01
6878, 3, 22, Status.SNAKE, 0.01
6879, 13, 84, Status.SNAKE, 0.01
6880, 1, 3, Status.SNAKE, 0.01
6881, 10, 66, Status.SNAKE, 0.01
6882, 12, 70, Status.SNAKE, 0.01
6883, 2, 13, Status.SNAKE, 0.01
6884, 15, 73, Status.SNAKE, 0.01
6885, 6, 42, Status.SNAKE, 0.01
6886, 8, 64, Status.SNAKE, 0.01
6887, 14, 83, Status.SNAKE, 0.01
6888, 9, 55, Status.SNAKE, 0.01
6889, 12, 90, Status.WALL, 0.01
6890, 3, 23, Status.WALL, 0.01
6891, 6, 41, Status.SNAKE, 0.01
6892, 10, 49, Status.SNAKE, 0.01
6893, 7, 50, Status.SNAKE, 0.01
6894, 9, 53, Status.SNAKE, 0.01
6895, 4, 39, Status.SNAKE, 0.01
6896, 7, 35, Status.SNAKE, 0.01
6897, 10, 52, Status.SNAKE, 0.01
6898, 9, 58, Status.SNAKE, 0.01
6899, 13, 81, Status.SNAKE, 0.01
6900, 5, 35, Status.SNAKE, 0.01
6901, 8, 32, Status.SNAKE, 0.01
6902, 3, 14, Status.SNAKE, 0.01
6903, 5, 31, Status.SNAKE, 0.01
6904, 3, 23, Status.SNAKE, 0.01
6905, 10, 60, Status.SNAKE, 0.01
6906, 5, 41, Status.SNAKE, 0.01
6907, 2, 7, Status.SNAKE, 0.01
6908, 5, 28, Status.SNAKE, 0.01
6909, 3, 18, Status.SNAKE, 0.01
6910, 1, 8, Status.WALL, 0.01
6911, 9, 71, Status.SNAKE, 0.01
6912, 6, 33, Status.SNAKE, 0.01
6913, 6, 27, Status.SNAKE, 0.01
6914, 4, 31, Status.SNAKE, 0.01
6915, 2, 8, Status.SNAKE, 0.01
6916, 7, 43, Status.WALL, 0.01
6917, 11, 54, Status.SNAKE, 0.01
6918, 2, 13, Status.SNAKE, 0.01
6919, 3, 19, Status.SNAKE, 0.01
6920, 3, 15, Status.SNAKE, 0.01
6921, 4, 36, Status.SNAKE, 0.01
6922, 12, 61, Status.SNAKE, 0.01
6923, 2, 9, Status.SNAKE, 0.01
6924, 7, 43, Status.SNAKE, 0.01
6925, 2, 9, Status.WALL, 0.01
6926, 6, 44, Status.SNAKE, 0.01
6927, 3, 19, Status.SNAKE, 0.01
6928, 4, 17, Status.SNAKE, 0.01
6929, 12, 69, Status.SNAKE, 0.01
6930, 6, 34, Status.WALL, 0.01
6931, 5, 35, Status.SNAKE, 0.01
6932, 2, 7, Status.WALL, 0.01
6933, 10, 60, Status.SNAKE, 0.01
6934, 3, 22, Status.SNAKE, 0.01
6935, 3, 14, Status.SNAKE, 0.01
6936, 9, 43, Status.SNAKE, 0.01
6937, 7, 35, Status.SNAKE, 0.01
6938, 14, 100, Status.SNAKE, 0.01
6939, 10, 69, Status.SNAKE, 0.01
6940, 14, 102, Status.SNAKE, 0.01
6941, 6, 45, Status.WALL, 0.01
6942, 3, 13, Status.SNAKE, 0.01
6943, 10, 58, Status.SNAKE, 0.01
6944, 6, 39, Status.SNAKE, 0.01
6945, 1, 5, Status.SNAKE, 0.01
6946, 3, 21, Status.SNAKE, 0.01
6947, 8, 46, Status.SNAKE, 0.01
6948, 5, 31, Status.SNAKE, 0.01
6949, 6, 52, Status.SNAKE, 0.01
6950, 10, 66, Status.SNAKE, 0.01
6951, 5, 38, Status.SNAKE, 0.01
6952, 11, 65, Status.SNAKE, 0.01
6953, 7, 62, Status.SNAKE, 0.01
6954, 8, 56, Status.SNAKE, 0.01
6955, 5, 25, Status.SNAKE, 0.01
6956, 6, 28, Status.WALL, 0.01
6957, 3, 15, Status.SNAKE, 0.01
6958, 8, 59, Status.SNAKE, 0.01
6959, 8, 43, Status.SNAKE, 0.01
6960, 5, 39, Status.SNAKE, 0.01
6961, 5, 22, Status.SNAKE, 0.01
6962, 5, 46, Status.SNAKE, 0.01
6963, 8, 52, Status.SNAKE, 0.01
6964, 1, 8, Status.WALL, 0.01
6965, 6, 44, Status.SNAKE, 0.01
6966, 8, 52, Status.WALL, 0.01
6967, 15, 75, Status.SNAKE, 0.01
6968, 9, 45, Status.SNAKE, 0.01
6969, 1, 5, Status.SNAKE, 0.01
6970, 13, 66, Status.SNAKE, 0.01
6971, 7, 28, Status.SNAKE, 0.01
6972, 4, 34, Status.SNAKE, 0.01
6973, 7, 34, Status.SNAKE, 0.01
6974, 8, 58, Status.SNAKE, 0.01
6975, 1, 3, Status.SNAKE, 0.01
6976, 8, 47, Status.SNAKE, 0.01
6977, 4, 31, Status.SNAKE, 0.01
6978, 7, 43, Status.SNAKE, 0.01
6979, 4, 19, Status.SNAKE, 0.01
6980, 11, 79, Status.SNAKE, 0.01
6981, 11, 68, Status.SNAKE, 0.01
6982, 10, 55, Status.SNAKE, 0.01
6983, 2, 13, Status.SNAKE, 0.01
6984, 6, 27, Status.WALL, 0.01
6985, 6, 47, Status.SNAKE, 0.01
6986, 11, 73, Status.SNAKE, 0.01
6987, 8, 57, Status.SNAKE, 0.01
6988, 5, 26, Status.SNAKE, 0.01
6989, 6, 39, Status.SNAKE, 0.01
6990, 5, 24, Status.SNAKE, 0.01
6991, 6, 36, Status.SNAKE, 0.01
6992, 1, 5, Status.SNAKE, 0.01
6993, 7, 54, Status.SNAKE, 0.01
6994, 6, 32, Status.SNAKE, 0.01
6995, 7, 46, Status.SNAKE, 0.01
6996, 8, 36, Status.WALL, 0.01
6997, 3, 9, Status.SNAKE, 0.01
6998, 3, 24, Status.SNAKE, 0.01
6999, 5, 33, Status.SNAKE, 0.01
7000, 3, 20, Status.SNAKE, 0.01
7001, 7, 46, Status.SNAKE, 0.01
7002, 6, 47, Status.SNAKE, 0.01
7003, 9, 47, Status.SNAKE, 0.01
7004, 3, 17, Status.SNAKE, 0.01
7005, 5, 38, Status.SNAKE, 0.01
7006, 8, 38, Status.SNAKE, 0.01
7007, 12, 67, Status.SNAKE, 0.01
7008, 10, 78, Status.WALL, 0.01
7009, 6, 34, Status.SNAKE, 0.01
7010, 7, 39, Status.SNAKE, 0.01
7011, 9, 36, Status.SNAKE, 0.01
7012, 9, 55, Status.SNAKE, 0.01
7013, 10, 66, Status.SNAKE, 0.01
7014, 10, 46, Status.SNAKE, 0.01
7015, 3, 20, Status.WALL, 0.01
7016, 8, 52, Status.SNAKE, 0.01
7017, 7, 51, Status.WALL, 0.01
7018, 4, 24, Status.WALL, 0.01
7019, 7, 42, Status.SNAKE, 0.01
7020, 5, 34, Status.SNAKE, 0.01
7021, 13, 69, Status.SNAKE, 0.01
7022, 4, 29, Status.SNAKE, 0.01
7023, 1, 5, Status.SNAKE, 0.01
7024, 7, 44, Status.SNAKE, 0.01
7025, 9, 56, Status.SNAKE, 0.01
7026, 5, 31, Status.SNAKE, 0.01
7027, 1, 6, Status.WALL, 0.01
7028, 5, 28, Status.SNAKE, 0.01
7029, 4, 24, Status.SNAKE, 0.01
7030, 7, 35, Status.SNAKE, 0.01
7031, 7, 41, Status.SNAKE, 0.01
7032, 2, 11, Status.SNAKE, 0.01
7033, 7, 37, Status.SNAKE, 0.01
7034, 3, 20, Status.SNAKE, 0.01
7035, 4, 29, Status.SNAKE, 0.01
7036, 5, 22, Status.SNAKE, 0.01
7037, 3, 11, Status.SNAKE, 0.01
7038, 12, 78, Status.SNAKE, 0.01
7039, 8, 61, Status.WALL, 0.01
7040, 7, 36, Status.WALL, 0.01
7041, 7, 46, Status.SNAKE, 0.01
7042, 8, 35, Status.SNAKE, 0.01
7043, 5, 28, Status.WALL, 0.01
7044, 8, 51, Status.SNAKE, 0.01
7045, 8, 40, Status.SNAKE, 0.01
7046, 10, 54, Status.SNAKE, 0.01
7047, 8, 46, Status.SNAKE, 0.01
7048, 7, 54, Status.SNAKE, 0.01
7049, 2, 13, Status.WALL, 0.01
7050, 9, 63, Status.SNAKE, 0.01
7051, 5, 29, Status.WALL, 0.01
7052, 7, 40, Status.SNAKE, 0.01
7053, 14, 95, Status.WALL, 0.01
7054, 3, 25, Status.SNAKE, 0.01
7055, 9, 55, Status.SNAKE, 0.01
7056, 10, 58, Status.SNAKE, 0.01
7057, 2, 12, Status.SNAKE, 0.01
7058, 8, 44, Status.SNAKE, 0.01
7059, 4, 30, Status.SNAKE, 0.01
7060, 11, 68, Status.SNAKE, 0.01
7061, 1, 7, Status.SNAKE, 0.01
7062, 4, 23, Status.SNAKE, 0.01
7063, 4, 23, Status.WALL, 0.01
7064, 4, 30, Status.WALL, 0.01
7065, 6, 32, Status.SNAKE, 0.01
7066, 4, 24, Status.SNAKE, 0.01
7067, 3, 8, Status.WALL, 0.01
7068, 1, 3, Status.SNAKE, 0.01
7069, 1, 3, Status.SNAKE, 0.01
7070, 4, 21, Status.SNAKE, 0.01
7071, 5, 32, Status.SNAKE, 0.01
7072, 14, 83, Status.SNAKE, 0.01
7073, 9, 57, Status.SNAKE, 0.01
7074, 7, 57, Status.SNAKE, 0.01
7075, 9, 67, Status.SNAKE, 0.01
7076, 3, 19, Status.SNAKE, 0.01
7077, 2, 14, Status.WALL, 0.01
7078, 11, 69, Status.SNAKE, 0.01
7079, 7, 38, Status.SNAKE, 0.01
7080, 7, 41, Status.SNAKE, 0.01
7081, 1, 3, Status.SNAKE, 0.01
7082, 11, 66, Status.SNAKE, 0.01
7083, 13, 103, Status.SNAKE, 0.01
7084, 1, 8, Status.SNAKE, 0.01
7085, 1, 7, Status.SNAKE, 0.01
7086, 6, 40, Status.SNAKE, 0.01
7087, 17, 103, Status.SNAKE, 0.01
7088, 16, 104, Status.SNAKE, 0.01
7089, 2, 7, Status.SNAKE, 0.01
7090, 13, 72, Status.SNAKE, 0.01
7091, 2, 17, Status.SNAKE, 0.01
7092, 4, 16, Status.WALL, 0.01
7093, 13, 60, Status.SNAKE, 0.01
7094, 2, 31, Status.SNAKE, 0.01
7095, 6, 50, Status.WALL, 0.01
7096, 14, 85, Status.SNAKE, 0.01
7097, 10, 71, Status.SNAKE, 0.01
7098, 3, 13, Status.WALL, 0.01
7099, 14, 82, Status.WALL, 0.01
7100, 5, 22, Status.SNAKE, 0.01
7101, 8, 39, Status.SNAKE, 0.01
7102, 4, 18, Status.SNAKE, 0.01
7103, 5, 46, Status.SNAKE, 0.01
7104, 9, 52, Status.WALL, 0.01
7105, 2, 5, Status.WALL, 0.01
7106, 5, 26, Status.SNAKE, 0.01
7107, 7, 45, Status.SNAKE, 0.01
7108, 6, 42, Status.SNAKE, 0.01
7109, 4, 27, Status.SNAKE, 0.01
7110, 1, 5, Status.SNAKE, 0.01
7111, 4, 36, Status.SNAKE, 0.01
7112, 3, 12, Status.SNAKE, 0.01
7113, 6, 56, Status.WALL, 0.01
7114, 8, 54, Status.WALL, 0.01
7115, 7, 40, Status.SNAKE, 0.01
7116, 2, 18, Status.WALL, 0.01
7117, 2, 18, Status.WALL, 0.01
7118, 10, 61, Status.SNAKE, 0.01
7119, 10, 81, Status.SNAKE, 0.01
7120, 5, 27, Status.SNAKE, 0.01
7121, 7, 32, Status.SNAKE, 0.01
7122, 7, 49, Status.SNAKE, 0.01
7123, 10, 65, Status.SNAKE, 0.01
7124, 3, 28, Status.SNAKE, 0.01
7125, 7, 37, Status.SNAKE, 0.01
7126, 6, 43, Status.SNAKE, 0.01
7127, 8, 50, Status.SNAKE, 0.01
7128, 6, 23, Status.WALL, 0.01
7129, 6, 40, Status.SNAKE, 0.01
7130, 4, 14, Status.SNAKE, 0.01
7131, 11, 66, Status.SNAKE, 0.01
7132, 15, 85, Status.SNAKE, 0.01
7133, 6, 43, Status.SNAKE, 0.01
7134, 4, 28, Status.SNAKE, 0.01
7135, 10, 54, Status.SNAKE, 0.01
7136, 7, 48, Status.SNAKE, 0.01
7137, 2, 11, Status.SNAKE, 0.01
7138, 15, 107, Status.SNAKE, 0.01
7139, 10, 58, Status.SNAKE, 0.01
7140, 9, 66, Status.SNAKE, 0.01
7141, 4, 26, Status.SNAKE, 0.01
7142, 16, 94, Status.SNAKE, 0.01
7143, 6, 47, Status.SNAKE, 0.01
7144, 11, 77, Status.SNAKE, 0.01
7145, 4, 17, Status.SNAKE, 0.01
7146, 1, 4, Status.WALL, 0.01
7147, 6, 38, Status.SNAKE, 0.01
7148, 2, 5, Status.SNAKE, 0.01
7149, 8, 39, Status.SNAKE, 0.01
7150, 3, 7, Status.WALL, 0.01
7151, 4, 26, Status.SNAKE, 0.01
7152, 2, 19, Status.SNAKE, 0.01
7153, 5, 18, Status.SNAKE, 0.01
7154, 4, 23, Status.SNAKE, 0.01
7155, 6, 33, Status.SNAKE, 0.01
7156, 1, 7, Status.SNAKE, 0.01
7157, 10, 54, Status.WALL, 0.01
7158, 2, 16, Status.SNAKE, 0.01
7159, 4, 19, Status.SNAKE, 0.01
7160, 4, 22, Status.SNAKE, 0.01
7161, 2, 12, Status.SNAKE, 0.01
7162, 5, 41, Status.SNAKE, 0.01
7163, 11, 65, Status.SNAKE, 0.01
7164, 7, 41, Status.SNAKE, 0.01
7165, 8, 68, Status.SNAKE, 0.01
7166, 3, 21, Status.SNAKE, 0.01
7167, 4, 23, Status.SNAKE, 0.01
7168, 3, 17, Status.SNAKE, 0.01
7169, 6, 37, Status.SNAKE, 0.01
7170, 11, 64, Status.SNAKE, 0.01
7171, 8, 45, Status.SNAKE, 0.01
7172, 5, 24, Status.WALL, 0.01
7173, 7, 48, Status.WALL, 0.01
7174, 9, 69, Status.SNAKE, 0.01
7175, 4, 34, Status.WALL, 0.01
7176, 6, 44, Status.SNAKE, 0.01
7177, 9, 41, Status.WALL, 0.01
7178, 11, 67, Status.SNAKE, 0.01
7179, 4, 26, Status.SNAKE, 0.01
7180, 8, 56, Status.SNAKE, 0.01
7181, 7, 43, Status.SNAKE, 0.01
7182, 6, 43, Status.SNAKE, 0.01
7183, 1, 7, Status.SNAKE, 0.01
7184, 5, 23, Status.SNAKE, 0.01
7185, 2, 13, Status.WALL, 0.01
7186, 6, 37, Status.SNAKE, 0.01
7187, 6, 45, Status.SNAKE, 0.01
7188, 7, 42, Status.SNAKE, 0.01
7189, 15, 110, Status.SNAKE, 0.01
7190, 5, 33, Status.SNAKE, 0.01
7191, 5, 34, Status.SNAKE, 0.01
7192, 4, 23, Status.SNAKE, 0.01
7193, 5, 29, Status.WALL, 0.01
7194, 5, 32, Status.SNAKE, 0.01
7195, 1, 7, Status.WALL, 0.01
7196, 7, 30, Status.SNAKE, 0.01
7197, 1, 5, Status.SNAKE, 0.01
7198, 8, 54, Status.SNAKE, 0.01
7199, 1, 3, Status.SNAKE, 0.01
7200, 7, 50, Status.SNAKE, 0.01
7201, 7, 45, Status.SNAKE, 0.01
7202, 4, 32, Status.SNAKE, 0.01
7203, 7, 50, Status.SNAKE, 0.01
7204, 1, 8, Status.SNAKE, 0.01
7205, 13, 83, Status.SNAKE, 0.01
7206, 2, 16, Status.SNAKE, 0.01
7207, 2, 11, Status.WALL, 0.01
7208, 3, 21, Status.SNAKE, 0.01
7209, 8, 51, Status.SNAKE, 0.01
7210, 5, 41, Status.SNAKE, 0.01
7211, 7, 37, Status.SNAKE, 0.01
7212, 4, 17, Status.SNAKE, 0.01
7213, 7, 36, Status.SNAKE, 0.01
7214, 4, 22, Status.SNAKE, 0.01
7215, 12, 66, Status.SNAKE, 0.01
7216, 4, 21, Status.SNAKE, 0.01
7217, 2, 12, Status.SNAKE, 0.01
7218, 3, 9, Status.SNAKE, 0.01
7219, 3, 13, Status.WALL, 0.01
7220, 5, 28, Status.SNAKE, 0.01
7221, 3, 15, Status.WALL, 0.01
7222, 7, 40, Status.SNAKE, 0.01
7223, 5, 35, Status.SNAKE, 0.01
7224, 1, 3, Status.SNAKE, 0.01
7225, 8, 35, Status.SNAKE, 0.01
7226, 1, 3, Status.SNAKE, 0.01
7227, 1, 7, Status.SNAKE, 0.01
7228, 5, 36, Status.WALL, 0.01
7229, 11, 63, Status.SNAKE, 0.01
7230, 5, 37, Status.SNAKE, 0.01
7231, 5, 28, Status.SNAKE, 0.01
7232, 2, 18, Status.WALL, 0.01
7233, 6, 27, Status.SNAKE, 0.01
7234, 1, 3, Status.SNAKE, 0.01
7235, 1, 5, Status.SNAKE, 0.01
7236, 8, 50, Status.SNAKE, 0.01
7237, 4, 24, Status.SNAKE, 0.01
7238, 3, 21, Status.SNAKE, 0.01
7239, 1, 7, Status.SNAKE, 0.01
7240, 15, 95, Status.SNAKE, 0.01
7241, 7, 45, Status.SNAKE, 0.01
7242, 13, 71, Status.SNAKE, 0.01
7243, 6, 40, Status.SNAKE, 0.01
7244, 1, 8, Status.WALL, 0.01
7245, 9, 65, Status.WALL, 0.01
7246, 13, 56, Status.SNAKE, 0.01
7247, 7, 33, Status.SNAKE, 0.01
7248, 6, 31, Status.SNAKE, 0.01
7249, 2, 15, Status.WALL, 0.01
7250, 12, 53, Status.SNAKE, 0.01
7251, 4, 24, Status.SNAKE, 0.01
7252, 5, 33, Status.SNAKE, 0.01
7253, 6, 29, Status.SNAKE, 0.01
7254, 7, 37, Status.SNAKE, 0.01
7255, 5, 31, Status.SNAKE, 0.01
7256, 4, 20, Status.SNAKE, 0.01
7257, 2, 10, Status.WALL, 0.01
7258, 6, 37, Status.SNAKE, 0.01
7259, 6, 37, Status.SNAKE, 0.01
7260, 8, 49, Status.SNAKE, 0.01
7261, 6, 40, Status.SNAKE, 0.01
7262, 5, 37, Status.SNAKE, 0.01
7263, 5, 26, Status.SNAKE, 0.01
7264, 5, 34, Status.SNAKE, 0.01
7265, 11, 57, Status.SNAKE, 0.01
7266, 4, 27, Status.SNAKE, 0.01
7267, 2, 18, Status.SNAKE, 0.01
7268, 13, 87, Status.WALL, 0.01
7269, 1, 7, Status.SNAKE, 0.01
7270, 3, 14, Status.SNAKE, 0.01
7271, 12, 74, Status.WALL, 0.01
7272, 6, 22, Status.SNAKE, 0.01
7273, 15, 109, Status.SNAKE, 0.01
7274, 5, 25, Status.SNAKE, 0.01
7275, 4, 23, Status.WALL, 0.01
7276, 3, 27, Status.SNAKE, 0.01
7277, 3, 17, Status.WALL, 0.01
7278, 5, 20, Status.SNAKE, 0.01
7279, 11, 72, Status.SNAKE, 0.01
7280, 8, 37, Status.SNAKE, 0.01
7281, 14, 86, Status.SNAKE, 0.01
7282, 3, 25, Status.WALL, 0.01
7283, 9, 47, Status.SNAKE, 0.01
7284, 14, 68, Status.SNAKE, 0.01
7285, 7, 42, Status.SNAKE, 0.01
7286, 2, 12, Status.SNAKE, 0.01
7287, 8, 62, Status.SNAKE, 0.01
7288, 5, 28, Status.SNAKE, 0.01
7289, 1, 3, Status.SNAKE, 0.01
7290, 5, 33, Status.SNAKE, 0.01
7291, 7, 44, Status.SNAKE, 0.01
7292, 13, 82, Status.SNAKE, 0.01
7293, 4, 34, Status.SNAKE, 0.01
7294, 5, 22, Status.SNAKE, 0.01
7295, 7, 34, Status.SNAKE, 0.01
7296, 1, 5, Status.SNAKE, 0.01
7297, 3, 12, Status.WALL, 0.01
7298, 3, 23, Status.WALL, 0.01
7299, 4, 17, Status.SNAKE, 0.01
7300, 9, 58, Status.SNAKE, 0.01
7301, 1, 6, Status.WALL, 0.01
7302, 8, 51, Status.WALL, 0.01
7303, 8, 48, Status.SNAKE, 0.01
7304, 3, 24, Status.SNAKE, 0.01
7305, 7, 43, Status.SNAKE, 0.01
7306, 6, 37, Status.SNAKE, 0.01
7307, 7, 40, Status.SNAKE, 0.01
7308, 8, 47, Status.SNAKE, 0.01
7309, 3, 22, Status.SNAKE, 0.01
7310, 15, 88, Status.SNAKE, 0.01
7311, 11, 72, Status.SNAKE, 0.01
7312, 8, 33, Status.SNAKE, 0.01
7313, 4, 16, Status.SNAKE, 0.01
7314, 10, 52, Status.SNAKE, 0.01
7315, 1, 5, Status.SNAKE, 0.01
7316, 6, 38, Status.SNAKE, 0.01
7317, 6, 30, Status.SNAKE, 0.01
7318, 8, 71, Status.SNAKE, 0.01
7319, 7, 33, Status.SNAKE, 0.01
7320, 3, 20, Status.SNAKE, 0.01
7321, 5, 25, Status.WALL, 0.01
7322, 4, 16, Status.SNAKE, 0.01
7323, 9, 48, Status.SNAKE, 0.01
7324, 7, 50, Status.SNAKE, 0.01
7325, 5, 26, Status.WALL, 0.01
7326, 16, 99, Status.SNAKE, 0.01
7327, 7, 42, Status.SNAKE, 0.01
7328, 1, 3, Status.SNAKE, 0.01
7329, 5, 21, Status.SNAKE, 0.01
7330, 5, 36, Status.SNAKE, 0.01
7331, 4, 24, Status.WALL, 0.01
7332, 4, 19, Status.SNAKE, 0.01
7333, 5, 23, Status.SNAKE, 0.01
7334, 10, 70, Status.SNAKE, 0.01
7335, 11, 71, Status.SNAKE, 0.01
7336, 4, 31, Status.SNAKE, 0.01
7337, 7, 34, Status.SNAKE, 0.01
7338, 4, 29, Status.WALL, 0.01
7339, 2, 23, Status.SNAKE, 0.01
7340, 8, 65, Status.WALL, 0.01
7341, 4, 18, Status.SNAKE, 0.01
7342, 4, 21, Status.SNAKE, 0.01
7343, 3, 19, Status.SNAKE, 0.01
7344, 9, 59, Status.SNAKE, 0.01
7345, 5, 43, Status.SNAKE, 0.01
7346, 5, 36, Status.SNAKE, 0.01
7347, 9, 62, Status.SNAKE, 0.01
7348, 5, 42, Status.SNAKE, 0.01
7349, 8, 42, Status.SNAKE, 0.01
7350, 5, 24, Status.SNAKE, 0.01
7351, 9, 63, Status.SNAKE, 0.01
7352, 4, 23, Status.SNAKE, 0.01
7353, 2, 15, Status.WALL, 0.01
7354, 9, 60, Status.SNAKE, 0.01
7355, 5, 26, Status.SNAKE, 0.01
7356, 5, 22, Status.SNAKE, 0.01
7357, 6, 29, Status.WALL, 0.01
7358, 5, 43, Status.WALL, 0.01
7359, 1, 3, Status.SNAKE, 0.01
7360, 4, 24, Status.SNAKE, 0.01
7361, 7, 56, Status.SNAKE, 0.01
7362, 5, 33, Status.SNAKE, 0.01
7363, 4, 11, Status.SNAKE, 0.01
7364, 7, 58, Status.SNAKE, 0.01
7365, 13, 75, Status.SNAKE, 0.01
7366, 5, 29, Status.WALL, 0.01
7367, 9, 64, Status.SNAKE, 0.01
7368, 15, 89, Status.SNAKE, 0.01
7369, 2, 16, Status.SNAKE, 0.01
7370, 10, 61, Status.SNAKE, 0.01
7371, 13, 79, Status.SNAKE, 0.01
7372, 3, 24, Status.SNAKE, 0.01
7373, 8, 47, Status.SNAKE, 0.01
7374, 3, 19, Status.SNAKE, 0.01
7375, 6, 36, Status.SNAKE, 0.01
7376, 7, 54, Status.SNAKE, 0.01
7377, 5, 33, Status.SNAKE, 0.01
7378, 4, 20, Status.SNAKE, 0.01
7379, 4, 24, Status.WALL, 0.01
7380, 3, 18, Status.SNAKE, 0.01
7381, 2, 10, Status.WALL, 0.01
7382, 7, 37, Status.SNAKE, 0.01
7383, 3, 17, Status.SNAKE, 0.01
7384, 6, 35, Status.SNAKE, 0.01
7385, 3, 21, Status.SNAKE, 0.01
7386, 4, 26, Status.SNAKE, 0.01
7387, 9, 47, Status.SNAKE, 0.01
7388, 2, 10, Status.SNAKE, 0.01
7389, 5, 31, Status.SNAKE, 0.01
7390, 1, 5, Status.SNAKE, 0.01
7391, 1, 29, Status.SNAKE, 0.01
7392, 6, 51, Status.SNAKE, 0.01
7393, 1, 7, Status.SNAKE, 0.01
7394, 1, 15, Status.WALL, 0.01
7395, 7, 54, Status.SNAKE, 0.01
7396, 4, 25, Status.SNAKE, 0.01
7397, 1, 8, Status.WALL, 0.01
7398, 3, 22, Status.WALL, 0.01
7399, 6, 64, Status.SNAKE, 0.01
7400, 2, 27, Status.WALL, 0.01
7401, 3, 29, Status.WALL, 0.01
7402, 5, 31, Status.SNAKE, 0.01
7403, 4, 28, Status.SNAKE, 0.01
7404, 7, 43, Status.SNAKE, 0.01
7405, 7, 42, Status.SNAKE, 0.01
7406, 5, 44, Status.SNAKE, 0.01
7407, 6, 46, Status.SNAKE, 0.01
7408, 7, 42, Status.SNAKE, 0.01
7409, 0, 15, Status.WALL, 0.01
7410, 3, 14, Status.WALL, 0.01
7411, 4, 35, Status.SNAKE, 0.01
7412, 1, 13, Status.SNAKE, 0.01
7413, 4, 26, Status.SNAKE, 0.01
7414, 4, 17, Status.SNAKE, 0.01
7415, 8, 53, Status.WALL, 0.01
7416, 6, 72, Status.SNAKE, 0.01
7417, 0, 16, Status.WALL, 0.01
7418, 4, 21, Status.SNAKE, 0.01
7419, 2, 16, Status.WALL, 0.01
7420, 0, 9, Status.WALL, 0.01
7421, 6, 51, Status.SNAKE, 0.01
7422, 5, 25, Status.SNAKE, 0.01
7423, 3, 27, Status.SNAKE, 0.01
7424, 8, 58, Status.SNAKE, 0.01
7425, 2, 13, Status.SNAKE, 0.01
7426, 6, 24, Status.SNAKE, 0.01
7427, 7, 43, Status.SNAKE, 0.01
7428, 5, 31, Status.SNAKE, 0.01
7429, 3, 23, Status.SNAKE, 0.01
7430, 6, 47, Status.WALL, 0.01
7431, 1, 6, Status.SNAKE, 0.01
7432, 5, 50, Status.SNAKE, 0.01
7433, 7, 52, Status.WALL, 0.01
7434, 9, 57, Status.SNAKE, 0.01
7435, 6, 44, Status.SNAKE, 0.01
7436, 6, 52, Status.WALL, 0.01
7437, 3, 15, Status.SNAKE, 0.01
7438, 2, 13, Status.SNAKE, 0.01
7439, 5, 40, Status.WALL, 0.01
7440, 11, 82, Status.SNAKE, 0.01
7441, 10, 70, Status.SNAKE, 0.01
7442, 1, 10, Status.WALL, 0.01
7443, 8, 56, Status.SNAKE, 0.01
7444, 1, 9, Status.WALL, 0.01
7445, 9, 89, Status.WALL, 0.01
7446, 2, 14, Status.SNAKE, 0.01
7447, 1, 3, Status.SNAKE, 0.01
7448, 9, 52, Status.SNAKE, 0.01
7449, 5, 35, Status.SNAKE, 0.01
7450, 11, 72, Status.SNAKE, 0.01
7451, 8, 66, Status.SNAKE, 0.01
7452, 6, 37, Status.SNAKE, 0.01
7453, 5, 26, Status.SNAKE, 0.01
7454, 7, 59, Status.SNAKE, 0.01
7455, 3, 21, Status.SNAKE, 0.01
7456, 2, 14, Status.SNAKE, 0.01
7457, 3, 16, Status.WALL, 0.01
7458, 17, 106, Status.SNAKE, 0.01
7459, 4, 34, Status.WALL, 0.01
7460, 1, 8, Status.SNAKE, 0.01
7461, 3, 27, Status.SNAKE, 0.01
7462, 5, 38, Status.SNAKE, 0.01
7463, 7, 56, Status.SNAKE, 0.01
7464, 5, 33, Status.SNAKE, 0.01
7465, 5, 50, Status.SNAKE, 0.01
7466, 3, 19, Status.SNAKE, 0.01
7467, 11, 83, Status.SNAKE, 0.01
7468, 1, 14, Status.WALL, 0.01
7469, 6, 51, Status.SNAKE, 0.01
7470, 6, 51, Status.SNAKE, 0.01
7471, 7, 60, Status.WALL, 0.01
7472, 7, 45, Status.SNAKE, 0.01
7473, 2, 15, Status.SNAKE, 0.01
7474, 5, 37, Status.SNAKE, 0.01
7475, 2, 16, Status.SNAKE, 0.01
7476, 1, 20, Status.WALL, 0.01
7477, 5, 48, Status.WALL, 0.01
7478, 1, 9, Status.WALL, 0.01
7479, 2, 17, Status.SNAKE, 0.01
7480, 9, 70, Status.SNAKE, 0.01
7481, 4, 32, Status.WALL, 0.01
7482, 6, 42, Status.WALL, 0.01
7483, 1, 6, Status.WALL, 0.01
7484, 13, 89, Status.WALL, 0.01
7485, 2, 23, Status.WALL, 0.01
7486, 4, 27, Status.SNAKE, 0.01
7487, 14, 112, Status.SNAKE, 0.01
7488, 4, 31, Status.WALL, 0.01
7489, 7, 44, Status.SNAKE, 0.01
7490, 8, 40, Status.WALL, 0.01
7491, 1, 8, Status.SNAKE, 0.01
7492, 2, 13, Status.WALL, 0.01
7493, 6, 43, Status.SNAKE, 0.01
7494, 1, 8, Status.WALL, 0.01
7495, 4, 24, Status.SNAKE, 0.01
7496, 10, 73, Status.SNAKE, 0.01
7497, 6, 58, Status.SNAKE, 0.01
7498, 6, 24, Status.SNAKE, 0.01
7499, 4, 27, Status.WALL, 0.01
7500, 7, 66, Status.SNAKE, 0.01
7501, 3, 15, Status.SNAKE, 0.01
7502, 3, 21, Status.SNAKE, 0.01
7503, 7, 37, Status.WALL, 0.01
7504, 2, 14, Status.SNAKE, 0.01
7505, 20, 95, Status.SNAKE, 0.01
7506, 5, 39, Status.WALL, 0.01
7507, 6, 31, Status.SNAKE, 0.01
7508, 5, 48, Status.SNAKE, 0.01
7509, 2, 11, Status.WALL, 0.01
7510, 2, 6, Status.SNAKE, 0.01
7511, 10, 73, Status.SNAKE, 0.01
7512, 2, 21, Status.WALL, 0.01
7513, 9, 52, Status.SNAKE, 0.01
7514, 1, 8, Status.WALL, 0.01
7515, 4, 30, Status.SNAKE, 0.01
7516, 5, 36, Status.SNAKE, 0.01
7517, 1, 7, Status.WALL, 0.01
7518, 3, 25, Status.SNAKE, 0.01
7519, 16, 104, Status.SNAKE, 0.01
7520, 5, 29, Status.WALL, 0.01
7521, 5, 21, Status.WALL, 0.01
7522, 12, 90, Status.WALL, 0.01
7523, 8, 49, Status.WALL, 0.01
7524, 6, 25, Status.WALL, 0.01
7525, 4, 25, Status.WALL, 0.01
7526, 6, 55, Status.WALL, 0.01
7527, 1, 15, Status.WALL, 0.01
7528, 9, 63, Status.SNAKE, 0.01
7529, 8, 31, Status.SNAKE, 0.01
7530, 7, 71, Status.WALL, 0.01
7531, 3, 11, Status.SNAKE, 0.01
7532, 4, 19, Status.WALL, 0.01
7533, 8, 49, Status.SNAKE, 0.01
7534, 1, 6, Status.SNAKE, 0.01
7535, 10, 66, Status.SNAKE, 0.01
7536, 2, 10, Status.SNAKE, 0.01
7537, 6, 39, Status.SNAKE, 0.01
7538, 2, 11, Status.WALL, 0.01
7539, 2, 19, Status.WALL, 0.01
7540, 5, 40, Status.SNAKE, 0.01
7541, 3, 21, Status.SNAKE, 0.01
7542, 3, 8, Status.SNAKE, 0.01
7543, 2, 17, Status.SNAKE, 0.01
7544, 2, 17, Status.SNAKE, 0.01
7545, 1, 3, Status.SNAKE, 0.01
7546, 5, 27, Status.SNAKE, 0.01
7547, 2, 16, Status.WALL, 0.01
7548, 5, 26, Status.SNAKE, 0.01
7549, 3, 23, Status.WALL, 0.01
7550, 2, 13, Status.SNAKE, 0.01
7551, 4, 22, Status.WALL, 0.01
7552, 6, 50, Status.SNAKE, 0.01
7553, 12, 64, Status.WALL, 0.01
7554, 1, 10, Status.WALL, 0.01
7555, 8, 47, Status.SNAKE, 0.01
7556, 1, 8, Status.SNAKE, 0.01
7557, 4, 24, Status.SNAKE, 0.01
7558, 1, 5, Status.SNAKE, 0.01
7559, 9, 62, Status.SNAKE, 0.01
7560, 9, 57, Status.SNAKE, 0.01
7561, 5, 31, Status.WALL, 0.01
7562, 13, 85, Status.SNAKE, 0.01
7563, 8, 49, Status.SNAKE, 0.01
7564, 8, 62, Status.SNAKE, 0.01
7565, 6, 37, Status.WALL, 0.01
7566, 1, 8, Status.SNAKE, 0.01
7567, 5, 33, Status.SNAKE, 0.01
7568, 1, 10, Status.WALL, 0.01
7569, 3, 22, Status.SNAKE, 0.01
7570, 2, 10, Status.SNAKE, 0.01
7571, 6, 30, Status.SNAKE, 0.01
7572, 2, 16, Status.SNAKE, 0.01
7573, 6, 39, Status.SNAKE, 0.01
7574, 4, 21, Status.SNAKE, 0.01
7575, 5, 23, Status.SNAKE, 0.01
7576, 2, 13, Status.WALL, 0.01
7577, 5, 57, Status.WALL, 0.01
7578, 5, 33, Status.SNAKE, 0.01
7579, 5, 25, Status.SNAKE, 0.01
7580, 9, 64, Status.SNAKE, 0.01
7581, 10, 62, Status.SNAKE, 0.01
7582, 6, 37, Status.WALL, 0.01
7583, 2, 22, Status.SNAKE, 0.01
7584, 2, 18, Status.SNAKE, 0.01
7585, 4, 30, Status.SNAKE, 0.01
7586, 2, 13, Status.WALL, 0.01
7587, 0, 9, Status.WALL, 0.01
7588, 5, 28, Status.WALL, 0.01
7589, 3, 29, Status.SNAKE, 0.01
7590, 1, 6, Status.SNAKE, 0.01
7591, 1, 6, Status.SNAKE, 0.01
7592, 2, 13, Status.WALL, 0.01
7593, 9, 59, Status.SNAKE, 0.01
7594, 7, 60, Status.WALL, 0.01
7595, 6, 39, Status.SNAKE, 0.01
7596, 0, 15, Status.WALL, 0.01
7597, 9, 82, Status.WALL, 0.01
7598, 2, 25, Status.SNAKE, 0.01
7599, 8, 57, Status.SNAKE, 0.01
7600, 2, 13, Status.SNAKE, 0.01
7601, 9, 60, Status.SNAKE, 0.01
7602, 3, 26, Status.WALL, 0.01
7603, 4, 27, Status.WALL, 0.01
7604, 7, 50, Status.WALL, 0.01
7605, 3, 19, Status.WALL, 0.01
7606, 7, 48, Status.SNAKE, 0.01
7607, 1, 17, Status.WALL, 0.01
7608, 7, 32, Status.SNAKE, 0.01
7609, 2, 19, Status.SNAKE, 0.01
7610, 9, 61, Status.SNAKE, 0.01
7611, 1, 5, Status.SNAKE, 0.01
7612, 5, 27, Status.WALL, 0.01
7613, 7, 69, Status.SNAKE, 0.01
7614, 1, 8, Status.WALL, 0.01
7615, 1, 6, Status.SNAKE, 0.01
7616, 2, 16, Status.SNAKE, 0.01
7617, 6, 27, Status.SNAKE, 0.01
7618, 4, 26, Status.SNAKE, 0.01
7619, 6, 61, Status.WALL, 0.01
7620, 8, 72, Status.SNAKE, 0.01
7621, 7, 57, Status.WALL, 0.01
7622, 6, 35, Status.WALL, 0.01
7623, 1, 5, Status.SNAKE, 0.01
7624, 8, 50, Status.SNAKE, 0.01
7625, 8, 76, Status.WALL, 0.01
7626, 6, 38, Status.SNAKE, 0.01
7627, 3, 46, Status.SNAKE, 0.01
7628, 3, 35, Status.WALL, 0.01
7629, 7, 50, Status.SNAKE, 0.01
7630, 1, 17, Status.WALL, 0.01
7631, 2, 16, Status.SNAKE, 0.01
7632, 4, 38, Status.SNAKE, 0.01
7633, 3, 30, Status.SNAKE, 0.01
7634, 4, 30, Status.SNAKE, 0.01
7635, 3, 23, Status.SNAKE, 0.01
7636, 3, 20, Status.SNAKE, 0.01
7637, 7, 55, Status.SNAKE, 0.01
7638, 3, 15, Status.SNAKE, 0.01
7639, 1, 7, Status.WALL, 0.01
7640, 1, 10, Status.WALL, 0.01
7641, 11, 94, Status.WALL, 0.01
7642, 9, 78, Status.SNAKE, 0.01
7643, 7, 41, Status.WALL, 0.01
7644, 4, 25, Status.SNAKE, 0.01
7645, 6, 44, Status.SNAKE, 0.01
7646, 8, 62, Status.SNAKE, 0.01
7647, 3, 20, Status.WALL, 0.01
7648, 10, 73, Status.SNAKE, 0.01
7649, 5, 47, Status.WALL, 0.01
7650, 6, 33, Status.SNAKE, 0.01
7651, 2, 12, Status.SNAKE, 0.01
7652, 2, 13, Status.WALL, 0.01
7653, 8, 55, Status.SNAKE, 0.01
7654, 0, 6, Status.WALL, 0.01
7655, 1, 7, Status.SNAKE, 0.01
7656, 1, 10, Status.SNAKE, 0.01
7657, 4, 35, Status.SNAKE, 0.01
7658, 1, 6, Status.WALL, 0.01
7659, 7, 53, Status.WALL, 0.01
7660, 1, 6, Status.WALL, 0.01
7661, 8, 44, Status.SNAKE, 0.01
7662, 0, 14, Status.WALL, 0.01
7663, 1, 10, Status.WALL, 0.01
7664, 2, 19, Status.SNAKE, 0.01
7665, 3, 34, Status.SNAKE, 0.01
7666, 3, 24, Status.WALL, 0.01
7667, 6, 36, Status.WALL, 0.01
7668, 4, 36, Status.WALL, 0.01
7669, 1, 12, Status.WALL, 0.01
7670, 6, 42, Status.SNAKE, 0.01
7671, 2, 32, Status.WALL, 0.01
7672, 3, 36, Status.SNAKE, 0.01
7673, 1, 7, Status.WALL, 0.01
7674, 1, 7, Status.SNAKE, 0.01
7675, 1, 14, Status.WALL, 0.01
7676, 4, 31, Status.WALL, 0.01
7677, 3, 14, Status.SNAKE, 0.01
7678, 9, 58, Status.WALL, 0.01
7679, 2, 17, Status.WALL, 0.01
7680, 4, 27, Status.WALL, 0.01
7681, 3, 25, Status.WALL, 0.01
7682, 3, 35, Status.WALL, 0.01
7683, 5, 33, Status.SNAKE, 0.01
7684, 11, 52, Status.SNAKE, 0.01
7685, 6, 49, Status.WALL, 0.01
7686, 4, 18, Status.SNAKE, 0.01
7687, 6, 56, Status.WALL, 0.01
7688, 5, 19, Status.WALL, 0.01
7689, 3, 16, Status.SNAKE, 0.01
7690, 4, 39, Status.WALL, 0.01
7691, 1, 22, Status.WALL, 0.01
7692, 2, 7, Status.SNAKE, 0.01
7693, 1, 13, Status.WALL, 0.01
7694, 2, 15, Status.WALL, 0.01
7695, 2, 12, Status.SNAKE, 0.01
7696, 1, 12, Status.WALL, 0.01
7697, 2, 65, Status.SNAKE, 0.01
7698, 1, 9, Status.WALL, 0.01
7699, 3, 30, Status.WALL, 0.01
7700, 3, 28, Status.WALL, 0.01
7701, 1, 25, Status.WALL, 0.01
7702, 2, 16, Status.WALL, 0.01
7703, 4, 39, Status.WALL, 0.01
7704, 3, 31, Status.WALL, 0.01
7705, 0, 6, Status.WALL, 0.01
7706, 1, 9, Status.WALL, 0.01
7707, 2, 20, Status.WALL, 0.01
7708, 2, 13, Status.WALL, 0.01
7709, 3, 31, Status.WALL, 0.01
7710, 2, 24, Status.WALL, 0.01
7711, 2, 30, Status.WALL, 0.01
7712, 6, 51, Status.WALL, 0.01
7713, 1, 15, Status.WALL, 0.01
7714, 4, 38, Status.SNAKE, 0.01
7715, 1, 16, Status.WALL, 0.01
7716, 2, 5, Status.SNAKE, 0.01
7717, 0, 13, Status.WALL, 0.01
7718, 1, 10, Status.WALL, 0.01
7719, 3, 18, Status.WALL, 0.01
7720, 1, 16, Status.WALL, 0.01
7721, 3, 27, Status.SNAKE, 0.01
7722, 6, 59, Status.WALL, 0.01
7723, 0, 19, Status.WALL, 0.01
7724, 1, 21, Status.WALL, 0.01
7725, 2, 19, Status.SNAKE, 0.01
7726, 2, 30, Status.SNAKE, 0.01
7727, 2, 34, Status.WALL, 0.01
7728, 8, 95, Status.SNAKE, 0.01
7729, 3, 25, Status.WALL, 0.01
7730, 8, 54, Status.SNAKE, 0.01
7731, 2, 16, Status.SNAKE, 0.01
7732, 5, 42, Status.WALL, 0.01
7733, 6, 53, Status.SNAKE, 0.01
7734, 5, 45, Status.SNAKE, 0.01
7735, 7, 37, Status.SNAKE, 0.01
7736, 3, 27, Status.WALL, 0.01
7737, 8, 73, Status.SNAKE, 0.01
7738, 4, 34, Status.WALL, 0.01
7739, 2, 12, Status.SNAKE, 0.01
7740, 1, 12, Status.WALL, 0.01
7741, 4, 23, Status.WALL, 0.01
7742, 1, 8, Status.WALL, 0.01
7743, 8, 64, Status.WALL, 0.01
7744, 3, 39, Status.WALL, 0.01
7745, 2, 51, Status.WALL, 0.01
7746, 5, 41, Status.SNAKE, 0.01
7747, 3, 37, Status.SNAKE, 0.01
7748, 4, 38, Status.WALL, 0.01
7749, 1, 16, Status.SNAKE, 0.01
7750, 4, 37, Status.SNAKE, 0.01
7751, 0, 21, Status.WALL, 0.01
7752, 5, 61, Status.SNAKE, 0.01
7753, 1, 21, Status.WALL, 0.01
7754, 7, 71, Status.WALL, 0.01
7755, 1, 17, Status.SNAKE, 0.01
7756, 3, 31, Status.SNAKE, 0.01
7757, 3, 37, Status.SNAKE, 0.01
7758, 1, 22, Status.SNAKE, 0.01
7759, 0, 6, Status.WALL, 0.01
7760, 2, 39, Status.SNAKE, 0.01
7761, 2, 29, Status.SNAKE, 0.01
7762, 1, 13, Status.WALL, 0.01
7763, 3, 31, Status.WALL, 0.01
7764, 1, 69, Status.WALL, 0.01
7765, 1, 28, Status.WALL, 0.01
7766, 0, 6, Status.WALL, 0.01
7767, 4, 32, Status.SNAKE, 0.01
7768, 1, 29, Status.WALL, 0.01
7769, 1, 37, Status.SNAKE, 0.01
7770, 2, 24, Status.SNAKE, 0.01
7771, 0, 6, Status.WALL, 0.01
7772, 2, 19, Status.SNAKE, 0.01
7773, 0, 8, Status.WALL, 0.01
7774, 0, 32, Status.WALL, 0.01
7775, 7, 56, Status.WALL, 0.01
7776, 2, 8, Status.WALL, 0.01
7777, 3, 58, Status.WALL, 0.01
7778, 2, 34, Status.WALL, 0.01
7779, 1, 29, Status.WALL, 0.01
7780, 0, 5, Status.WALL, 0.01
7781, 1, 11, Status.WALL, 0.01
7782, 3, 34, Status.WALL, 0.01
7783, 1, 28, Status.WALL, 0.01
7784, 3, 16, Status.SNAKE, 0.01
7785, 2, 17, Status.WALL, 0.01
7786, 2, 37, Status.WALL, 0.01
7787, 3, 27, Status.WALL, 0.01
7788, 2, 9, Status.WALL, 0.01
7789, 1, 26, Status.WALL, 0.01
7790, 1, 15, Status.WALL, 0.01
7791, 0, 16, Status.WALL, 0.01
7792, 3, 73, Status.WALL, 0.01
7793, 0, 8, Status.WALL, 0.01
7794, 1, 28, Status.WALL, 0.01
7795, 1, 24, Status.WALL, 0.01
7796, 4, 31, Status.WALL, 0.01
7797, 0, 25, Status.WALL, 0.01
7798, 1, 11, Status.WALL, 0.01
7799, 2, 23, Status.WALL, 0.01
7800, 2, 16, Status.WALL, 0.01
7801, 1, 18, Status.WALL, 0.01
7802, 3, 54, Status.WALL, 0.01
7803, 1, 32, Status.WALL, 0.01
7804, 1, 27, Status.WALL, 0.01
7805, 1, 47, Status.WALL, 0.01
7806, 1, 22, Status.WALL, 0.01
7807, 1, 16, Status.WALL, 0.01
7808, 0, 15, Status.WALL, 0.01
7809, 1, 7, Status.SNAKE, 0.01
7810, 1, 27, Status.WALL, 0.01
7811, 1, 13, Status.WALL, 0.01
7812, 0, 9, Status.WALL, 0.01
7813, 4, 48, Status.WALL, 0.01
7814, 2, 40, Status.SNAKE, 0.01
7815, 3, 122, Status.WALL, 0.01
7816, 2, 43, Status.WALL, 0.01
7817, 6, 40, Status.SNAKE, 0.01
7818, 1, 17, Status.SNAKE, 0.01
7819, 1, 8, Status.WALL, 0.01
7820, 3, 26, Status.SNAKE, 0.01
7821, 1, 27, Status.WALL, 0.01
7822, 0, 13, Status.WALL, 0.01
7823, 7, 70, Status.WALL, 0.01
7824, 0, 5, Status.WALL, 0.01
7825, 3, 23, Status.WALL, 0.01
7826, 1, 6, Status.SNAKE, 0.01
7827, 2, 27, Status.SNAKE, 0.01
7828, 1, 6, Status.WALL, 0.01
7829, 4, 40, Status.SNAKE, 0.01
7830, 3, 21, Status.WALL, 0.01
7831, 1, 18, Status.SNAKE, 0.01
7832, 1, 23, Status.WALL, 0.01
7833, 1, 22, Status.SNAKE, 0.01
7834, 0, 229, Status.WALL, 0.01
7835, 0, 11, Status.WALL, 0.01
7836, 0, 9, Status.WALL, 0.01
7837, 0, 14, Status.WALL, 0.01
7838, 1, 11, Status.WALL, 0.01
7839, 1, 23, Status.WALL, 0.01
7840, 0, 14, Status.WALL, 0.01
7841, 1, 19, Status.WALL, 0.01
7842, 0, 15, Status.WALL, 0.01
7843, 1, 19, Status.WALL, 0.01
7844, 1, 18, Status.WALL, 0.01
7845, 1, 75, Status.WALL, 0.01
7846, 0, 15, Status.WALL, 0.01
7847, 1, 20, Status.WALL, 0.01
7848, 0, 10, Status.WALL, 0.01
7849, 2, 36, Status.SNAKE, 0.01
7850, 1, 8, Status.WALL, 0.01
7851, 0, 16, Status.WALL, 0.01
7852, 2, 39, Status.SNAKE, 0.01
7853, 1, 10, Status.SNAKE, 0.01
7854, 4, 53, Status.WALL, 0.01
7855, 3, 91, Status.WALL, 0.01
7856, 1, 16, Status.WALL, 0.01
7857, 0, 10, Status.WALL, 0.01
7858, 1, 18, Status.WALL, 0.01
7859, 3, 25, Status.WALL, 0.01
7860, 0, 7, Status.WALL, 0.01
7861, 1, 13, Status.WALL, 0.01
7862, 1, 11, Status.WALL, 0.01
7863, 1, 14, Status.SNAKE, 0.01
7864, 2, 28, Status.WALL, 0.01
7865, 2, 54, Status.WALL, 0.01
7866, 1, 13, Status.SNAKE, 0.01
7867, 0, 8, Status.WALL, 0.01
7868, 1, 18, Status.SNAKE, 0.01
7869, 1, 10, Status.WALL, 0.01
7870, 1, 20, Status.SNAKE, 0.01
7871, 3, 50, Status.WALL, 0.01
7872, 0, 16, Status.WALL, 0.01
7873, 2, 34, Status.WALL, 0.01
7874, 0, 17, Status.WALL, 0.01
7875, 1, 14, Status.WALL, 0.01
7876, 2, 45, Status.WALL, 0.01
7877, 2, 45, Status.WALL, 0.01
7878, 0, 8, Status.WALL, 0.01
7879, 0, 13, Status.WALL, 0.01
7880, 4, 34, Status.WALL, 0.01
7881, 2, 22, Status.SNAKE, 0.01
7882, 4, 54, Status.WALL, 0.01
7883, 0, 5, Status.WALL, 0.01
7884, 3, 21, Status.SNAKE, 0.01
7885, 0, 9, Status.WALL, 0.01
7886, 1, 18, Status.SNAKE, 0.01
7887, 2, 30, Status.WALL, 0.01
7888, 3, 39, Status.WALL, 0.01
7889, 0, 8, Status.WALL, 0.01
7890, 0, 6, Status.WALL, 0.01
7891, 1, 24, Status.WALL, 0.01
7892, 1, 11, Status.WALL, 0.01
7893, 3, 34, Status.WALL, 0.01
7894, 0, 15, Status.WALL, 0.01
7895, 1, 17, Status.SNAKE, 0.01
7896, 2, 26, Status.SNAKE, 0.01
7897, 1, 17, Status.SNAKE, 0.01
7898, 3, 24, Status.WALL, 0.01
7899, 0, 5, Status.WALL, 0.01
7900, 1, 12, Status.WALL, 0.01
7901, 0, 14, Status.WALL, 0.01
7902, 0, 19, Status.WALL, 0.01
7903, 2, 9, Status.SNAKE, 0.01
7904, 5, 61, Status.SNAKE, 0.01
7905, 3, 30, Status.SNAKE, 0.01
7906, 3, 38, Status.WALL, 0.01
7907, 1, 29, Status.SNAKE, 0.01
7908, 1, 6, Status.WALL, 0.01
7909, 3, 29, Status.WALL, 0.01
7910, 0, 6, Status.WALL, 0.01
7911, 1, 19, Status.WALL, 0.01
7912, 2, 21, Status.WALL, 0.01
7913, 2, 17, Status.WALL, 0.01
7914, 5, 45, Status.WALL, 0.01
7915, 8, 59, Status.WALL, 0.01
7916, 3, 39, Status.WALL, 0.01
7917, 1, 6, Status.WALL, 0.01
7918, 1, 15, Status.WALL, 0.01
7919, 4, 49, Status.WALL, 0.01
7920, 1, 12, Status.WALL, 0.01
7921, 1, 24, Status.WALL, 0.01
7922, 0, 8, Status.WALL, 0.01
7923, 2, 22, Status.WALL, 0.01
7924, 1, 19, Status.WALL, 0.01
7925, 0, 9, Status.WALL, 0.01
7926, 3, 50, Status.SNAKE, 0.01
7927, 3, 85, Status.WALL, 0.01
7928, 1, 10, Status.WALL, 0.01
7929, 1, 10, Status.SNAKE, 0.01
7930, 1, 7, Status.WALL, 0.01
7931, 2, 37, Status.WALL, 0.01
7932, 3, 38, Status.SNAKE, 0.01
7933, 1, 28, Status.SNAKE, 0.01
7934, 2, 20, Status.WALL, 0.01
7935, 0, 18, Status.WALL, 0.01
7936, 1, 14, Status.WALL, 0.01
7937, 4, 60, Status.WALL, 0.01
7938, 2, 25, Status.WALL, 0.01
7939, 4, 47, Status.WALL, 0.01
7940, 1, 35, Status.SNAKE, 0.01
7941, 3, 361, Status.SNAKE, 0.01
7942, 0, 13, Status.WALL, 0.01
7943, 1, 18, Status.SNAKE, 0.01
7944, 1, 10, Status.WALL, 0.01
7945, 1, 17, Status.SNAKE, 0.01
7946, 0, 13, Status.WALL, 0.01
7947, 1, 14, Status.SNAKE, 0.01
7948, 1, 10, Status.SNAKE, 0.01
7949, 0, 5, Status.WALL, 0.01
7950, 0, 7, Status.WALL, 0.01
7951, 0, 16, Status.WALL, 0.01
7952, 5, 70, Status.SNAKE, 0.01
7953, 0, 7, Status.WALL, 0.01
7954, 1, 14, Status.SNAKE, 0.01
7955, 3, 14, Status.WALL, 0.01
7956, 6, 30, Status.WALL, 0.01
7957, 1, 11, Status.SNAKE, 0.01
7958, 1, 8, Status.SNAKE, 0.01
7959, 0, 21, Status.WALL, 0.01
7960, 2, 22, Status.WALL, 0.01
7961, 1, 7, Status.WALL, 0.01
7962, 3, 19, Status.WALL, 0.01
7963, 4, 49, Status.WALL, 0.01
7964, 3, 47, Status.WALL, 0.01
7965, 3, 38, Status.SNAKE, 0.01
7966, 2, 17, Status.WALL, 0.01
7967, 3, 14, Status.WALL, 0.01
7968, 2, 18, Status.SNAKE, 0.01
7969, 2, 10, Status.WALL, 0.01
7970, 1, 16, Status.SNAKE, 0.01
7971, 0, 10, Status.WALL, 0.01
7972, 1, 19, Status.SNAKE, 0.01
7973, 4, 34, Status.SNAKE, 0.01
7974, 1, 6, Status.WALL, 0.01
7975, 1, 11, Status.SNAKE, 0.01
7976, 2, 24, Status.WALL, 0.01
7977, 1, 21, Status.SNAKE, 0.01
7978, 3, 20, Status.SNAKE, 0.01
7979, 2, 21, Status.SNAKE, 0.01
7980, 1, 22, Status.SNAKE, 0.01
7981, 2, 59, Status.WALL, 0.01
7982, 0, 7, Status.WALL, 0.01
7983, 1, 30, Status.SNAKE, 0.01
7984, 2, 32, Status.WALL, 0.01
7985, 0, 87, Status.WALL, 0.01
7986, 0, 5, Status.WALL, 0.01
7987, 1, 13, Status.WALL, 0.01
7988, 0, 9, Status.WALL, 0.01
7989, 1, 42, Status.SNAKE, 0.01
7990, 2, 12, Status.SNAKE, 0.01
7991, 0, 6, Status.WALL, 0.01
7992, 1, 17, Status.WALL, 0.01
7993, 1, 26, Status.WALL, 0.01
7994, 0, 13, Status.WALL, 0.01
7995, 3, 33, Status.SNAKE, 0.01
7996, 2, 25, Status.SNAKE, 0.01
7997, 1, 11, Status.WALL, 0.01
7998, 2, 60, Status.SNAKE, 0.01
7999, 0, 7, Status.WALL, 0.01
8000, 0, 13, Status.WALL, 0.01
8001, 0, 14, Status.WALL, 0.01
8002, 0, 5, Status.WALL, 0.01
8003, 0, 7, Status.WALL, 0.01
8004, 7, 91, Status.WALL, 0.01
8005, 1, 19, Status.WALL, 0.01
8006, 0, 9, Status.WALL, 0.01
8007, 2, 19, Status.SNAKE, 0.01
8008, 2, 13, Status.WALL, 0.01
8009, 3, 51, Status.SNAKE, 0.01
8010, 1, 5, Status.WALL, 0.01
8011, 0, 21, Status.WALL, 0.01
8012, 2, 39, Status.WALL, 0.01
8013, 5, 48, Status.SNAKE, 0.01
8014, 1, 24, Status.SNAKE, 0.01
8015, 1, 7, Status.SNAKE, 0.01
8016, 1, 46, Status.SNAKE, 0.01
8017, 2, 44, Status.WALL, 0.01
8018, 0, 7, Status.WALL, 0.01
8019, 1, 12, Status.WALL, 0.01
8020, 2, 65, Status.SNAKE, 0.01
8021, 1, 28, Status.WALL, 0.01
8022, 4, 50, Status.WALL, 0.01
8023, 1, 10, Status.WALL, 0.01
8024, 2, 45, Status.SNAKE, 0.01
8025, 1, 9, Status.SNAKE, 0.01
8026, 1, 14, Status.WALL, 0.01
8027, 0, 12, Status.WALL, 0.01
8028, 1, 21, Status.WALL, 0.01
8029, 0, 28, Status.WALL, 0.01
8030, 2, 36, Status.WALL, 0.01
8031, 1, 5, Status.SNAKE, 0.01
8032, 1, 36, Status.WALL, 0.01
8033, 2, 24, Status.WALL, 0.01
8034, 1, 7, Status.SNAKE, 0.01
8035, 1, 8, Status.WALL, 0.01
8036, 0, 6, Status.WALL, 0.01
8037, 1, 14, Status.SNAKE, 0.01
8038, 3, 32, Status.WALL, 0.01
8039, 1, 24, Status.SNAKE, 0.01
8040, 2, 26, Status.SNAKE, 0.01
8041, 0, 6, Status.WALL, 0.01
8042, 0, 14, Status.WALL, 0.01
8043, 0, 7, Status.WALL, 0.01
8044, 0, 15, Status.WALL, 0.01
8045, 1, 11, Status.WALL, 0.01
8046, 2, 32, Status.WALL, 0.01
8047, 0, 9, Status.WALL, 0.01
8048, 0, 6, Status.WALL, 0.01
8049, 0, 9, Status.WALL, 0.01
8050, 1, 8, Status.WALL, 0.01
8051, 1, 16, Status.WALL, 0.01
8052, 0, 9, Status.WALL, 0.01
8053, 2, 28, Status.WALL, 0.01
8054, 2, 37, Status.SNAKE, 0.01
8055, 1, 12, Status.SNAKE, 0.01
8056, 1, 8, Status.WALL, 0.01
8057, 0, 10, Status.WALL, 0.01
8058, 0, 6, Status.WALL, 0.01
8059, 2, 41, Status.SNAKE, 0.01
8060, 0, 8, Status.WALL, 0.01
8061, 3, 27, Status.WALL, 0.01
8062, 1, 16, Status.WALL, 0.01
8063, 0, 5, Status.WALL, 0.01
8064, 1, 9, Status.WALL, 0.01
8065, 0, 10, Status.WALL, 0.01
8066, 0, 11, Status.WALL, 0.01
8067, 0, 7, Status.WALL, 0.01
8068, 1, 15, Status.SNAKE, 0.01
8069, 2, 15, Status.WALL, 0.01
8070, 1, 27, Status.WALL, 0.01
8071, 0, 18, Status.WALL, 0.01
8072, 1, 53, Status.SNAKE, 0.01
8073, 1, 15, Status.WALL, 0.01
8074, 1, 59, Status.WALL, 0.01
8075, 3, 39, Status.WALL, 0.01
8076, 0, 27, Status.WALL, 0.01
8077, 0, 26, Status.WALL, 0.01
8078, 1, 26, Status.SNAKE, 0.01
8079, 2, 20, Status.SNAKE, 0.01
8080, 2, 23, Status.WALL, 0.01
8081, 0, 10, Status.WALL, 0.01
8082, 1, 18, Status.SNAKE, 0.01
8083, 2, 22, Status.WALL, 0.01
8084, 0, 9, Status.WALL, 0.01
8085, 1, 10, Status.WALL, 0.01
8086, 2, 22, Status.WALL, 0.01
8087, 1, 30, Status.SNAKE, 0.01
8088, 2, 17, Status.WALL, 0.01
8089, 3, 47, Status.WALL, 0.01
8090, 2, 10, Status.WALL, 0.01
8091, 1, 11, Status.SNAKE, 0.01
8092, 1, 19, Status.WALL, 0.01
8093, 0, 38, Status.WALL, 0.01
8094, 1, 12, Status.SNAKE, 0.01
8095, 2, 49, Status.SNAKE, 0.01
8096, 1, 23, Status.WALL, 0.01
8097, 1, 32, Status.SNAKE, 0.01
8098, 0, 10, Status.WALL, 0.01
8099, 3, 17, Status.SNAKE, 0.01
8100, 1, 25, Status.SNAKE, 0.01
8101, 2, 18, Status.WALL, 0.01
8102, 1, 23, Status.SNAKE, 0.01
8103, 3, 26, Status.WALL, 0.01
8104, 2, 21, Status.WALL, 0.01
8105, 1, 13, Status.WALL, 0.01
8106, 1, 17, Status.WALL, 0.01
8107, 2, 24, Status.SNAKE, 0.01
8108, 1, 10, Status.SNAKE, 0.01
8109, 1, 10, Status.SNAKE, 0.01
8110, 0, 35, Status.WALL, 0.01
8111, 1, 12, Status.WALL, 0.01
8112, 2, 32, Status.WALL, 0.01
8113, 1, 19, Status.WALL, 0.01
8114, 6, 50, Status.SNAKE, 0.01
8115, 0, 14, Status.WALL, 0.01
8116, 0, 8, Status.WALL, 0.01
8117, 0, 25, Status.WALL, 0.01
8118, 1, 20, Status.WALL, 0.01
8119, 2, 18, Status.WALL, 0.01
8120, 1, 10, Status.WALL, 0.01
8121, 1, 9, Status.WALL, 0.01
8122, 2, 19, Status.WALL, 0.01
8123, 0, 12, Status.WALL, 0.01
8124, 1, 20, Status.WALL, 0.01
8125, 1, 11, Status.SNAKE, 0.01
8126, 1, 20, Status.WALL, 0.01
8127, 0, 27, Status.WALL, 0.01
8128, 2, 43, Status.SNAKE, 0.01
8129, 2, 44, Status.WALL, 0.01
8130, 1, 19, Status.WALL, 0.01
8131, 2, 46, Status.SNAKE, 0.01
8132, 0, 8, Status.WALL, 0.01
8133, 1, 9, Status.SNAKE, 0.01
8134, 2, 60, Status.SNAKE, 0.01
8135, 1, 69, Status.SNAKE, 0.01
8136, 0, 20, Status.WALL, 0.01
8137, 1, 8, Status.SNAKE, 0.01
8138, 0, 13, Status.WALL, 0.01
8139, 1, 14, Status.WALL, 0.01
8140, 0, 10, Status.WALL, 0.01
8141, 1, 9, Status.WALL, 0.01
8142, 1, 45, Status.SNAKE, 0.01
8143, 1, 27, Status.WALL, 0.01
8144, 1, 5, Status.WALL, 0.01
8145, 2, 48, Status.WALL, 0.01
8146, 1, 11, Status.WALL, 0.01
8147, 1, 5, Status.WALL, 0.01
8148, 1, 23, Status.WALL, 0.01
8149, 1, 22, Status.WALL, 0.01
8150, 0, 18, Status.WALL, 0.01
8151, 0, 11, Status.WALL, 0.01
8152, 0, 9, Status.WALL, 0.01
8153, 0, 14, Status.WALL, 0.01
8154, 2, 36, Status.WALL, 0.01
8155, 1, 32, Status.SNAKE, 0.01
8156, 1, 19, Status.WALL, 0.01
8157, 2, 41, Status.SNAKE, 0.01
8158, 1, 30, Status.WALL, 0.01
8159, 2, 17, Status.WALL, 0.01
8160, 3, 49, Status.WALL, 0.01
8161, 2, 18, Status.SNAKE, 0.01
8162, 0, 8, Status.WALL, 0.01
8163, 0, 14, Status.WALL, 0.01
8164, 0, 14, Status.WALL, 0.01
8165, 0, 5, Status.WALL, 0.01
8166, 0, 10, Status.WALL, 0.01
8167, 3, 39, Status.WALL, 0.01
8168, 1, 17, Status.WALL, 0.01
8169, 1, 24, Status.WALL, 0.01
8170, 1, 29, Status.WALL, 0.01
8171, 3, 51, Status.WALL, 0.01
8172, 1, 9, Status.SNAKE, 0.01
8173, 1, 11, Status.SNAKE, 0.01
8174, 1, 10, Status.WALL, 0.01
8175, 0, 6, Status.WALL, 0.01
8176, 2, 27, Status.WALL, 0.01
8177, 2, 50, Status.WALL, 0.01
8178, 1, 23, Status.WALL, 0.01
8179, 0, 9, Status.WALL, 0.01
8180, 1, 14, Status.WALL, 0.01
8181, 0, 10, Status.WALL, 0.01
8182, 1, 20, Status.SNAKE, 0.01
8183, 0, 11, Status.WALL, 0.01
8184, 1, 17, Status.SNAKE, 0.01
8185, 3, 18, Status.WALL, 0.01
8186, 1, 18, Status.WALL, 0.01
8187, 2, 80, Status.SNAKE, 0.01
8188, 0, 13, Status.WALL, 0.01
8189, 1, 16, Status.WALL, 0.01
8190, 0, 21, Status.WALL, 0.01
8191, 2, 19, Status.WALL, 0.01
8192, 2, 27, Status.WALL, 0.01
8193, 0, 23, Status.WALL, 0.01
8194, 1, 12, Status.SNAKE, 0.01
8195, 1, 17, Status.WALL, 0.01
8196, 0, 6, Status.WALL, 0.01
8197, 0, 13, Status.WALL, 0.01
8198, 1, 18, Status.SNAKE, 0.01
8199, 1, 22, Status.WALL, 0.01
8200, 0, 15, Status.WALL, 0.01
8201, 2, 28, Status.WALL, 0.01
8202, 1, 7, Status.WALL, 0.01
8203, 4, 25, Status.WALL, 0.01
8204, 1, 17, Status.SNAKE, 0.01
8205, 1, 7, Status.WALL, 0.01
8206, 0, 12, Status.WALL, 0.01
8207, 0, 11, Status.WALL, 0.01
8208, 1, 6, Status.SNAKE, 0.01
8209, 1, 26, Status.WALL, 0.01
8210, 1, 11, Status.WALL, 0.01
8211, 1, 24, Status.WALL, 0.01
8212, 0, 35, Status.WALL, 0.01
8213, 0, 23, Status.WALL, 0.01
8214, 2, 25, Status.WALL, 0.01
8215, 0, 19, Status.WALL, 0.01
8216, 0, 9, Status.WALL, 0.01
8217, 1, 10, Status.WALL, 0.01
8218, 1, 20, Status.WALL, 0.01
8219, 0, 19, Status.WALL, 0.01
8220, 3, 19, Status.WALL, 0.01
8221, 5, 40, Status.WALL, 0.01
8222, 3, 27, Status.SNAKE, 0.01
8223, 0, 8, Status.WALL, 0.01
8224, 2, 6, Status.SNAKE, 0.01
8225, 0, 13, Status.WALL, 0.01
8226, 0, 16, Status.WALL, 0.01
8227, 1, 24, Status.WALL, 0.01
8228, 1, 8, Status.SNAKE, 0.01
8229, 0, 8, Status.WALL, 0.01
8230, 0, 8, Status.WALL, 0.01
8231, 3, 36, Status.SNAKE, 0.01
8232, 2, 14, Status.WALL, 0.01
8233, 0, 8, Status.WALL, 0.01
8234, 2, 38, Status.WALL, 0.01
8235, 1, 16, Status.WALL, 0.01
8236, 6, 37, Status.WALL, 0.01
8237, 1, 13, Status.SNAKE, 0.01
8238, 0, 43, Status.WALL, 0.01
8239, 0, 14, Status.WALL, 0.01
8240, 1, 30, Status.WALL, 0.01
8241, 1, 19, Status.WALL, 0.01
8242, 1, 49, Status.WALL, 0.01
8243, 1, 13, Status.SNAKE, 0.01
8244, 1, 5, Status.WALL, 0.01
8245, 0, 6, Status.WALL, 0.01
8246, 3, 26, Status.WALL, 0.01
8247, 2, 21, Status.SNAKE, 0.01
8248, 4, 33, Status.SNAKE, 0.01
8249, 5, 31, Status.SNAKE, 0.01
8250, 6, 42, Status.WALL, 0.01
8251, 4, 20, Status.SNAKE, 0.01
8252, 5, 51, Status.WALL, 0.01
8253, 1, 8, Status.SNAKE, 0.01
8254, 1, 4, Status.WALL, 0.01
8255, 3, 31, Status.SNAKE, 0.01
8256, 0, 6, Status.WALL, 0.01
8257, 1, 4, Status.SNAKE, 0.01
8258, 7, 70, Status.WALL, 0.01
8259, 0, 14, Status.WALL, 0.01
8260, 1, 9, Status.WALL, 0.01
8261, 1, 12, Status.SNAKE, 0.01
8262, 1, 4, Status.WALL, 0.01
8263, 5, 32, Status.WALL, 0.01
8264, 1, 10, Status.WALL, 0.01
8265, 0, 9, Status.WALL, 0.01
8266, 3, 14, Status.WALL, 0.01
8267, 0, 4, Status.WALL, 0.01
8268, 2, 20, Status.SNAKE, 0.01
8269, 1, 25, Status.WALL, 0.01
8270, 0, 4, Status.WALL, 0.01
8271, 0, 26, Status.WALL, 0.01
8272, 0, 4, Status.WALL, 0.01
8273, 0, 9, Status.WALL, 0.01
8274, 0, 4, Status.WALL, 0.01
8275, 6, 89, Status.SNAKE, 0.01
8276, 1, 8, Status.WALL, 0.01
8277, 4, 20, Status.WALL, 0.01
8278, 2, 12, Status.WALL, 0.01
8279, 3, 33, Status.WALL, 0.01
8280, 2, 25, Status.SNAKE, 0.01
8281, 3, 36, Status.WALL, 0.01
8282, 3, 25, Status.WALL, 0.01
8283, 2, 18, Status.SNAKE, 0.01
8284, 5, 39, Status.SNAKE, 0.01
8285, 2, 524, Status.WALL, 0.01
8286, 2, 23, Status.SNAKE, 0.01
8287, 6, 37, Status.SNAKE, 0.01
8288, 3, 26, Status.WALL, 0.01
8289, 0, 11, Status.WALL, 0.01
8290, 1, 10, Status.WALL, 0.01
8291, 0, 5, Status.WALL, 0.01
8292, 10, 94, Status.WALL, 0.01
8293, 3, 416, Status.SNAKE, 0.01
8294, 2, 13, Status.SNAKE, 0.01
8295, 0, 12, Status.WALL, 0.01
8296, 1, 10, Status.SNAKE, 0.01
8297, 0, 9, Status.WALL, 0.01
8298, 1, 11, Status.SNAKE, 0.01
8299, 2, 12, Status.WALL, 0.01
8300, 4, 34, Status.SNAKE, 0.01
8301, 0, 8, Status.WALL, 0.01
8302, 9, 94, Status.WALL, 0.01
8303, 0, 9, Status.WALL, 0.01
8304, 2, 14, Status.WALL, 0.01
8305, 1, 6, Status.SNAKE, 0.01
8306, 4, 26, Status.SNAKE, 0.01
8307, 2, 21, Status.SNAKE, 0.01
8308, 3, 32, Status.WALL, 0.01
8309, 11, 80, Status.SNAKE, 0.01
8310, 9, 82, Status.SNAKE, 0.01
8311, 2, 24, Status.SNAKE, 0.01
8312, 3, 29, Status.SNAKE, 0.01
8313, 0, 9, Status.WALL, 0.01
8314, 1, 10, Status.SNAKE, 0.01
8315, 4, 322, Status.SNAKE, 0.01
8316, 2, 22, Status.WALL, 0.01
8317, 3, 89, Status.SNAKE, 0.01
8318, 2, 26, Status.SNAKE, 0.01
8319, 4, 35, Status.WALL, 0.01
8320, 3, 35, Status.SNAKE, 0.01
8321, 1, 3, Status.SNAKE, 0.01
8322, 1, 14, Status.WALL, 0.01
8323, 1, 11, Status.WALL, 0.01
8324, 3, 15, Status.WALL, 0.01
8325, 2, 18, Status.WALL, 0.01
8326, 2, 12, Status.WALL, 0.01
8327, 1, 10, Status.SNAKE, 0.01
8328, 1, 14, Status.SNAKE, 0.01
8329, 0, 8, Status.WALL, 0.01
8330, 0, 13, Status.WALL, 0.01
8331, 1, 3, Status.SNAKE, 0.01
8332, 7, 71, Status.SNAKE, 0.01
8333, 0, 13, Status.WALL, 0.01
8334, 1, 10, Status.SNAKE, 0.01
8335, 7, 62, Status.SNAKE, 0.01
8336, 0, 13, Status.WALL, 0.01
8337, 14, 119, Status.SNAKE, 0.01
8338, 3, 16, Status.SNAKE, 0.01
8339, 1, 10, Status.SNAKE, 0.01
8340, 6, 57, Status.SNAKE, 0.01
8341, 1, 15, Status.SNAKE, 0.01
8342, 2, 16, Status.SNAKE, 0.01
8343, 2, 27, Status.WALL, 0.01
8344, 2, 12, Status.WALL, 0.01
8345, 6, 53, Status.WALL, 0.01
8346, 4, 17, Status.SNAKE, 0.01
8347, 3, 23, Status.SNAKE, 0.01
8348, 7, 49, Status.WALL, 0.01
8349, 1, 8, Status.SNAKE, 0.01
8350, 2, 19, Status.WALL, 0.01
8351, 1, 3, Status.SNAKE, 0.01
8352, 2, 24, Status.WALL, 0.01
8353, 11, 85, Status.WALL, 0.01
8354, 1, 13, Status.WALL, 0.01
8355, 2, 16, Status.WALL, 0.01
8356, 1, 17, Status.SNAKE, 0.01
8357, 1, 3, Status.SNAKE, 0.01
8358, 2, 25, Status.WALL, 0.01
8359, 1, 9, Status.SNAKE, 0.01
8360, 0, 13, Status.WALL, 0.01
8361, 6, 30, Status.SNAKE, 0.01
8362, 2, 16, Status.SNAKE, 0.01
8363, 0, 13, Status.WALL, 0.01
8364, 6, 35, Status.SNAKE, 0.01
8365, 3, 29, Status.SNAKE, 0.01
8366, 2, 17, Status.SNAKE, 0.01
8367, 11, 88, Status.SNAKE, 0.01
8368, 6, 177, Status.SNAKE, 0.01
8369, 1, 10, Status.WALL, 0.01
8370, 0, 13, Status.WALL, 0.01
8371, 4, 28, Status.SNAKE, 0.01
8372, 1, 5, Status.SNAKE, 0.01
8373, 1, 17, Status.SNAKE, 0.01
8374, 1, 5, Status.SNAKE, 0.01
8375, 1, 10, Status.SNAKE, 0.01
8376, 7, 46, Status.SNAKE, 0.01
8377, 2, 37, Status.WALL, 0.01
8378, 0, 13, Status.WALL, 0.01
8379, 2, 14, Status.SNAKE, 0.01
8380, 1, 12, Status.WALL, 0.01
8381, 2, 13, Status.SNAKE, 0.01
8382, 3, 24, Status.SNAKE, 0.01
8383, 2, 216, Status.SNAKE, 0.01
8384, 1, 4, Status.WALL, 0.01
8385, 0, 13, Status.WALL, 0.01
8386, 0, 13, Status.WALL, 0.01
8387, 0, 13, Status.WALL, 0.01
8388, 1, 6, Status.SNAKE, 0.01
8389, 11, 57, Status.WALL, 0.01
8390, 1, 9, Status.WALL, 0.01
8391, 5, 31, Status.SNAKE, 0.01
8392, 1, 23, Status.SNAKE, 0.01
8393, 1, 13, Status.SNAKE, 0.01
8394, 5, 53, Status.WALL, 0.01
8395, 0, 13, Status.WALL, 0.01
8396, 7, 43, Status.SNAKE, 0.01
8397, 5, 39, Status.SNAKE, 0.01
8398, 5, 39, Status.SNAKE, 0.01
8399, 4, 47, Status.WALL, 0.01
8400, 4, 22, Status.SNAKE, 0.01
8401, 6, 48, Status.WALL, 0.01
8402, 4, 39, Status.SNAKE, 0.01
8403, 9, 105, Status.SNAKE, 0.01
8404, 2, 17, Status.SNAKE, 0.01
8405, 1, 16, Status.SNAKE, 0.01
8406, 6, 50, Status.SNAKE, 0.01
8407, 1, 10, Status.SNAKE, 0.01
8408, 1, 5, Status.SNAKE, 0.01
8409, 2, 16, Status.WALL, 0.01
8410, 1, 15, Status.SNAKE, 0.01
8411, 0, 8, Status.WALL, 0.01
8412, 1, 8, Status.WALL, 0.01
8413, 4, 31, Status.WALL, 0.01
8414, 0, 13, Status.WALL, 0.01
8415, 0, 13, Status.WALL, 0.01
8416, 1, 13, Status.WALL, 0.01
8417, 3, 57, Status.SNAKE, 0.01
8418, 2, 30, Status.WALL, 0.01
8419, 7, 53, Status.WALL, 0.01
8420, 1, 4, Status.SNAKE, 0.01
8421, 2, 6, Status.SNAKE, 0.01
8422, 0, 14, Status.WALL, 0.01
8423, 2, 13, Status.SNAKE, 0.01
8424, 4, 31, Status.WALL, 0.01
8425, 1, 6, Status.SNAKE, 0.01
8426, 4, 29, Status.WALL, 0.01
8427, 2, 20, Status.WALL, 0.01
8428, 2, 13, Status.SNAKE, 0.01
8429, 4, 41, Status.WALL, 0.01
8430, 3, 31, Status.SNAKE, 0.01
8431, 11, 70, Status.WALL, 0.01
8432, 2, 21, Status.WALL, 0.01
8433, 6, 65, Status.WALL, 0.01
8434, 7, 55, Status.WALL, 0.01
8435, 0, 13, Status.WALL, 0.01
8436, 7, 238, Status.SNAKE, 0.01
8437, 6, 41, Status.SNAKE, 0.01
8438, 0, 8, Status.WALL, 0.01
8439, 3, 29, Status.WALL, 0.01
8440, 4, 86, Status.SNAKE, 0.01
8441, 4, 33, Status.SNAKE, 0.01
8442, 0, 13, Status.WALL, 0.01
8443, 5, 33, Status.SNAKE, 0.01
8444, 5, 42, Status.WALL, 0.01
8445, 1, 6, Status.SNAKE, 0.01
8446, 2, 32, Status.SNAKE, 0.01
8447, 1, 13, Status.WALL, 0.01
8448, 5, 38, Status.SNAKE, 0.01
8449, 5, 41, Status.WALL, 0.01
8450, 10, 85, Status.SNAKE, 0.01
8451, 1, 13, Status.SNAKE, 0.01
8452, 2, 22, Status.WALL, 0.01
8453, 1, 12, Status.SNAKE, 0.01
8454, 6, 50, Status.SNAKE, 0.01
8455, 1, 6, Status.WALL, 0.01
8456, 1, 11, Status.WALL, 0.01
8457, 4, 31, Status.WALL, 0.01
8458, 1, 3, Status.SNAKE, 0.01
8459, 8, 51, Status.SNAKE, 0.01
8460, 1, 12, Status.SNAKE, 0.01
8461, 3, 33, Status.SNAKE, 0.01
8462, 0, 13, Status.WALL, 0.01
8463, 5, 492, Status.SNAKE, 0.01
8464, 13, 113, Status.SNAKE, 0.01
8465, 0, 13, Status.WALL, 0.01
8466, 2, 18, Status.WALL, 0.01
8467, 0, 13, Status.WALL, 0.01
8468, 5, 47, Status.WALL, 0.01
8469, 0, 19, Status.WALL, 0.01
8470, 1, 8, Status.SNAKE, 0.01
8471, 5, 31, Status.SNAKE, 0.01
8472, 12, 83, Status.SNAKE, 0.01
8473, 3, 24, Status.WALL, 0.01
8474, 5, 47, Status.WALL, 0.01
8475, 1, 13, Status.SNAKE, 0.01
8476, 1, 8, Status.WALL, 0.01
8477, 1, 8, Status.SNAKE, 0.01
8478, 6, 31, Status.WALL, 0.01
8479, 3, 21, Status.WALL, 0.01
8480, 3, 10, Status.SNAKE, 0.01
8481, 0, 13, Status.WALL, 0.01
8482, 7, 45, Status.SNAKE, 0.01
8483, 3, 87, Status.WALL, 0.01
8484, 1, 9, Status.SNAKE, 0.01
8485, 0, 13, Status.WALL, 0.01
8486, 5, 36, Status.WALL, 0.01
8487, 5, 30, Status.SNAKE, 0.01
8488, 1, 15, Status.SNAKE, 0.01
8489, 0, 14, Status.WALL, 0.01
8490, 1, 7, Status.WALL, 0.01
8491, 16, 106, Status.SNAKE, 0.01
8492, 0, 8, Status.WALL, 0.01
8493, 2, 15, Status.WALL, 0.01
8494, 6, 46, Status.SNAKE, 0.01
8495, 1, 13, Status.SNAKE, 0.01
8496, 8, 83, Status.SNAKE, 0.01
8497, 4, 47, Status.WALL, 0.01
8498, 3, 39, Status.WALL, 0.01
8499, 4, 28, Status.SNAKE, 0.01
8500, 1, 9, Status.SNAKE, 0.01
8501, 3, 16, Status.SNAKE, 0.01
8502, 3, 18, Status.WALL, 0.01
8503, 4, 27, Status.WALL, 0.01
8504, 11, 85, Status.SNAKE, 0.01
8505, 2, 19, Status.SNAKE, 0.01
8506, 2, 20, Status.SNAKE, 0.01
8507, 2, 17, Status.WALL, 0.01
8508, 9, 68, Status.SNAKE, 0.01
8509, 8, 65, Status.SNAKE, 0.01
8510, 1, 12, Status.SNAKE, 0.01
8511, 3, 27, Status.WALL, 0.01
8512, 2, 22, Status.SNAKE, 0.01
8513, 2, 25, Status.SNAKE, 0.01
8514, 3, 32, Status.WALL, 0.01
8515, 5, 31, Status.SNAKE, 0.01
8516, 1, 7, Status.WALL, 0.01
8517, 2, 30, Status.WALL, 0.01
8518, 1, 15, Status.SNAKE, 0.01
8519, 3, 21, Status.SNAKE, 0.01
8520, 3, 22, Status.SNAKE, 0.01
8521, 1, 8, Status.WALL, 0.01
8522, 11, 66, Status.SNAKE, 0.01
8523, 1, 5, Status.WALL, 0.01
8524, 2, 23, Status.WALL, 0.01
8525, 1, 11, Status.SNAKE, 0.01
8526, 0, 13, Status.WALL, 0.01
8527, 0, 13, Status.WALL, 0.01
8528, 3, 21, Status.WALL, 0.01
8529, 1, 11, Status.WALL, 0.01
8530, 1, 13, Status.SNAKE, 0.01
8531, 7, 63, Status.SNAKE, 0.01
8532, 3, 18, Status.WALL, 0.01
8533, 1, 10, Status.WALL, 0.01
8534, 1, 6, Status.SNAKE, 0.01
8535, 1, 15, Status.SNAKE, 0.01
8536, 5, 33, Status.SNAKE, 0.01
8537, 1, 6, Status.SNAKE, 0.01
8538, 0, 13, Status.WALL, 0.01
8539, 2, 24, Status.WALL, 0.01
8540, 1, 13, Status.WALL, 0.01
8541, 1, 7, Status.WALL, 0.01
8542, 1, 8, Status.SNAKE, 0.01
8543, 3, 26, Status.SNAKE, 0.01
8544, 2, 17, Status.SNAKE, 0.01
8545, 6, 216, Status.SNAKE, 0.01
8546, 3, 157, Status.SNAKE, 0.01
8547, 4, 26, Status.WALL, 0.01
8548, 3, 12, Status.SNAKE, 0.01
8549, 3, 26, Status.WALL, 0.01
8550, 1, 15, Status.SNAKE, 0.01
8551, 11, 76, Status.SNAKE, 0.01
8552, 1, 9, Status.SNAKE, 0.01
8553, 0, 13, Status.WALL, 0.01
8554, 7, 50, Status.SNAKE, 0.01
8555, 1, 19, Status.SNAKE, 0.01
8556, 1, 5, Status.SNAKE, 0.01
8557, 3, 8, Status.WALL, 0.01
8558, 1, 14, Status.SNAKE, 0.01
8559, 10, 96, Status.SNAKE, 0.01
8560, 13, 89, Status.WALL, 0.01
8561, 1, 13, Status.SNAKE, 0.01
8562, 1, 6, Status.SNAKE, 0.01
8563, 3, 26, Status.WALL, 0.01
8564, 14, 125, Status.WALL, 0.01
8565, 4, 31, Status.SNAKE, 0.01
8566, 10, 71, Status.SNAKE, 0.01
8567, 3, 19, Status.WALL, 0.01
8568, 5, 38, Status.WALL, 0.01
8569, 1, 21, Status.WALL, 0.01
8570, 5, 44, Status.SNAKE, 0.01
8571, 2, 21, Status.WALL, 0.01
8572, 2, 25, Status.WALL, 0.01
8573, 7, 56, Status.SNAKE, 0.01
8574, 4, 44, Status.WALL, 0.01
8575, 1, 3, Status.SNAKE, 0.01
8576, 8, 69, Status.SNAKE, 0.01
8577, 0, 8, Status.WALL, 0.01
8578, 5, 38, Status.SNAKE, 0.01
8579, 12, 119, Status.WALL, 0.01
8580, 1, 8, Status.WALL, 0.01
8581, 8, 69, Status.SNAKE, 0.01
8582, 1, 4, Status.SNAKE, 0.01
8583, 1, 13, Status.SNAKE, 0.01
8584, 0, 8, Status.WALL, 0.01
8585, 2, 14, Status.SNAKE, 0.01
8586, 1, 15, Status.WALL, 0.01
8587, 3, 31, Status.WALL, 0.01
8588, 5, 230, Status.WALL, 0.01
8589, 12, 108, Status.SNAKE, 0.01
8590, 1, 6, Status.SNAKE, 0.01
8591, 2, 374, Status.SNAKE, 0.01
8592, 3, 209, Status.SNAKE, 0.01
8593, 7, 52, Status.SNAKE, 0.01
8594, 4, 19, Status.WALL, 0.01
8595, 5, 66, Status.WALL, 0.01
8596, 1, 12, Status.SNAKE, 0.01
8597, 4, 31, Status.WALL, 0.01
8598, 3, 37, Status.SNAKE, 0.01
8599, 7, 71, Status.SNAKE, 0.01
8600, 1, 12, Status.WALL, 0.01
8601, 12, 100, Status.SNAKE, 0.01
8602, 1, 11, Status.WALL, 0.01
8603, 6, 37, Status.WALL, 0.01
8604, 3, 17, Status.SNAKE, 0.01
8605, 6, 25, Status.SNAKE, 0.01
8606, 1, 18, Status.SNAKE, 0.01
8607, 0, 13, Status.WALL, 0.01
8608, 1, 3, Status.SNAKE, 0.01
8609, 7, 44, Status.WALL, 0.01
8610, 2, 10, Status.WALL, 0.01
8611, 7, 45, Status.WALL, 0.01
8612, 1, 6, Status.SNAKE, 0.01
8613, 9, 93, Status.SNAKE, 0.01
8614, 1, 14, Status.WALL, 0.01
8615, 0, 14, Status.WALL, 0.01
8616, 4, 49, Status.WALL, 0.01
8617, 0, 13, Status.WALL, 0.01
8618, 0, 14, Status.WALL, 0.01
8619, 7, 61, Status.WALL, 0.01
8620, 6, 177, Status.SNAKE, 0.01
8621, 6, 37, Status.SNAKE, 0.01
8622, 1, 10, Status.SNAKE, 0.01
8623, 1, 18, Status.WALL, 0.01
8624, 2, 11, Status.SNAKE, 0.01
8625, 2, 27, Status.WALL, 0.01
8626, 0, 13, Status.WALL, 0.01
8627, 4, 28, Status.WALL, 0.01
8628, 2, 18, Status.WALL, 0.01
8629, 3, 23, Status.WALL, 0.01
8630, 9, 84, Status.SNAKE, 0.01
8631, 5, 34, Status.SNAKE, 0.01
8632, 0, 13, Status.WALL, 0.01
8633, 0, 8, Status.WALL, 0.01
8634, 1, 19, Status.SNAKE, 0.01
8635, 0, 13, Status.WALL, 0.01
8636, 11, 90, Status.WALL, 0.01
8637, 0, 13, Status.WALL, 0.01
8638, 1, 11, Status.SNAKE, 0.01
8639, 2, 19, Status.WALL, 0.01
8640, 9, 70, Status.SNAKE, 0.01
8641, 5, 41, Status.SNAKE, 0.01
8642, 1, 18, Status.SNAKE, 0.01
8643, 2, 15, Status.WALL, 0.01
8644, 3, 27, Status.WALL, 0.01
8645, 3, 39, Status.WALL, 0.01
8646, 9, 77, Status.SNAKE, 0.01
8647, 1, 5, Status.SNAKE, 0.01
8648, 1, 8, Status.SNAKE, 0.01
8649, 3, 25, Status.SNAKE, 0.01
8650, 1, 13, Status.SNAKE, 0.01
8651, 3, 35, Status.WALL, 0.01
8652, 4, 22, Status.WALL, 0.01
8653, 1, 14, Status.SNAKE, 0.01
8654, 1, 13, Status.WALL, 0.01
8655, 1, 11, Status.SNAKE, 0.01
8656, 3, 26, Status.SNAKE, 0.01
8657, 3, 29, Status.SNAKE, 0.01
8658, 2, 9, Status.WALL, 0.01
8659, 0, 13, Status.WALL, 0.01
8660, 0, 4, Status.WALL, 0.01
8661, 2, 18, Status.SNAKE, 0.01
8662, 10, 83, Status.WALL, 0.01
8663, 5, 49, Status.WALL, 0.01
8664, 6, 352, Status.WALL, 0.01
8665, 4, 40, Status.WALL, 0.01
8666, 3, 21, Status.WALL, 0.01
8667, 1, 24, Status.SNAKE, 0.01
8668, 2, 15, Status.WALL, 0.01
8669, 4, 22, Status.WALL, 0.01
8670, 6, 67, Status.WALL, 0.01
8671, 1, 8, Status.WALL, 0.01
8672, 7, 61, Status.SNAKE, 0.01
8673, 9, 97, Status.SNAKE, 0.01
8674, 4, 21, Status.SNAKE, 0.01
8675, 1, 15, Status.WALL, 0.01
8676, 3, 29, Status.SNAKE, 0.01
8677, 1, 12, Status.SNAKE, 0.01
8678, 1, 16, Status.SNAKE, 0.01
8679, 1, 11, Status.SNAKE, 0.01
8680, 4, 40, Status.WALL, 0.01
8681, 1, 7, Status.WALL, 0.01
8682, 1, 7, Status.SNAKE, 0.01
8683, 1, 16, Status.SNAKE, 0.01
8684, 1, 3, Status.SNAKE, 0.01
8685, 1, 7, Status.SNAKE, 0.01
8686, 0, 13, Status.WALL, 0.01
8687, 1, 12, Status.SNAKE, 0.01
8688, 5, 50, Status.SNAKE, 0.01
8689, 4, 39, Status.WALL, 0.01
8690, 6, 58, Status.SNAKE, 0.01
8691, 1, 13, Status.SNAKE, 0.01
8692, 3, 24, Status.SNAKE, 0.01
8693, 1, 14, Status.SNAKE, 0.01
8694, 4, 28, Status.WALL, 0.01
8695, 3, 28, Status.WALL, 0.01
8696, 1, 9, Status.WALL, 0.01
8697, 0, 13, Status.WALL, 0.01
8698, 0, 13, Status.WALL, 0.01
8699, 4, 31, Status.WALL, 0.01
8700, 2, 19, Status.SNAKE, 0.01
8701, 8, 75, Status.SNAKE, 0.01
8702, 3, 47, Status.WALL, 0.01
8703, 1, 12, Status.SNAKE, 0.01
8704, 3, 20, Status.SNAKE, 0.01
8705, 5, 32, Status.SNAKE, 0.01
8706, 6, 48, Status.SNAKE, 0.01
8707, 1, 11, Status.WALL, 0.01
8708, 6, 53, Status.SNAKE, 0.01
8709, 4, 1000, Status.SNAKE, 0.01
8710, 3, 18, Status.WALL, 0.01
8711, 3, 25, Status.WALL, 0.01
8712, 1, 15, Status.WALL, 0.01
8713, 2, 155, Status.WALL, 0.01
8714, 2, 21, Status.WALL, 0.01
8715, 2, 17, Status.SNAKE, 0.01
8716, 1, 13, Status.WALL, 0.01
8717, 5, 40, Status.SNAKE, 0.01
8718, 2, 608, Status.SNAKE, 0.01
8719, 4, 46, Status.WALL, 0.01
8720, 3, 23, Status.WALL, 0.01
8721, 5, 36, Status.WALL, 0.01
8722, 3, 25, Status.SNAKE, 0.01
8723, 2, 15, Status.WALL, 0.01
8724, 7, 62, Status.SNAKE, 0.01
8725, 6, 63, Status.WALL, 0.01
8726, 1, 12, Status.SNAKE, 0.01
8727, 1, 13, Status.WALL, 0.01
8728, 3, 31, Status.WALL, 0.01
8729, 7, 55, Status.SNAKE, 0.01
8730, 1, 9, Status.WALL, 0.01
8731, 9, 86, Status.SNAKE, 0.01
8732, 5, 47, Status.WALL, 0.01
8733, 3, 25, Status.WALL, 0.01
8734, 6, 25, Status.SNAKE, 0.01
8735, 2, 13, Status.SNAKE, 0.01
8736, 1, 23, Status.SNAKE, 0.01
8737, 1, 15, Status.SNAKE, 0.01
8738, 4, 29, Status.WALL, 0.01
8739, 2, 13, Status.SNAKE, 0.01
8740, 4, 17, Status.WALL, 0.01
8741, 1, 12, Status.WALL, 0.01
8742, 3, 17, Status.SNAKE, 0.01
8743, 1, 15, Status.WALL, 0.01
8744, 7, 64, Status.SNAKE, 0.01
8745, 3, 13, Status.SNAKE, 0.01
8746, 5, 31, Status.WALL, 0.01
8747, 4, 22, Status.WALL, 0.01
8748, 3, 10, Status.SNAKE, 0.01
8749, 5, 105, Status.SNAKE, 0.01
8750, 1, 9, Status.SNAKE, 0.01
8751, 5, 39, Status.SNAKE, 0.01
8752, 9, 92, Status.SNAKE, 0.01
8753, 1, 14, Status.SNAKE, 0.01
8754, 0, 8, Status.WALL, 0.01
8755, 1, 15, Status.WALL, 0.01
8756, 4, 32, Status.SNAKE, 0.01
8757, 8, 65, Status.WALL, 0.01
8758, 0, 18, Status.WALL, 0.01
8759, 2, 9, Status.SNAKE, 0.01
8760, 1, 6, Status.SNAKE, 0.01
8761, 1, 9, Status.WALL, 0.01
8762, 0, 14, Status.WALL, 0.01
8763, 6, 75, Status.WALL, 0.01
8764, 0, 13, Status.WALL, 0.01
8765, 4, 39, Status.WALL, 0.01
8766, 0, 8, Status.WALL, 0.01
8767, 8, 70, Status.WALL, 0.01
8768, 5, 43, Status.SNAKE, 0.01
8769, 5, 46, Status.WALL, 0.01
8770, 0, 13, Status.WALL, 0.01
8771, 8, 207, Status.SNAKE, 0.01
8772, 2, 23, Status.WALL, 0.01
8773, 1, 14, Status.WALL, 0.01
8774, 1, 11, Status.SNAKE, 0.01
8775, 1, 15, Status.SNAKE, 0.01
8776, 1, 10, Status.SNAKE, 0.01
8777, 8, 90, Status.SNAKE, 0.01
8778, 1, 14, Status.SNAKE, 0.01
8779, 7, 48, Status.SNAKE, 0.01
8780, 7, 47, Status.WALL, 0.01
8781, 1, 12, Status.SNAKE, 0.01
8782, 7, 49, Status.SNAKE, 0.01
8783, 1, 12, Status.SNAKE, 0.01
8784, 6, 42, Status.SNAKE, 0.01
8785, 1, 10, Status.WALL, 0.01
8786, 5, 41, Status.SNAKE, 0.01
8787, 1, 12, Status.SNAKE, 0.01
8788, 4, 45, Status.WALL, 0.01
8789, 2, 18, Status.WALL, 0.01
8790, 1, 14, Status.SNAKE, 0.01
8791, 8, 60, Status.SNAKE, 0.01
8792, 1, 10, Status.SNAKE, 0.01
8793, 1, 8, Status.WALL, 0.01
8794, 1, 15, Status.WALL, 0.01
8795, 0, 13, Status.WALL, 0.01
8796, 9, 66, Status.SNAKE, 0.01
8797, 4, 31, Status.WALL, 0.01
8798, 1, 10, Status.SNAKE, 0.01
8799, 1, 20, Status.SNAKE, 0.01
8800, 1, 6, Status.SNAKE, 0.01
8801, 1, 17, Status.SNAKE, 0.01
8802, 0, 13, Status.WALL, 0.01
8803, 1, 8, Status.WALL, 0.01
8804, 4, 32, Status.WALL, 0.01
8805, 3, 27, Status.WALL, 0.01
8806, 4, 46, Status.WALL, 0.01
8807, 1, 6, Status.WALL, 0.01
8808, 1, 9, Status.SNAKE, 0.01
8809, 0, 13, Status.WALL, 0.01
8810, 13, 83, Status.SNAKE, 0.01
8811, 1, 5, Status.SNAKE, 0.01
8812, 7, 60, Status.WALL, 0.01
8813, 1, 7, Status.SNAKE, 0.01
8814, 5, 18, Status.WALL, 0.01
8815, 2, 18, Status.WALL, 0.01
8816, 1, 7, Status.WALL, 0.01
8817, 3, 16, Status.SNAKE, 0.01
8818, 1, 20, Status.SNAKE, 0.01
8819, 0, 13, Status.WALL, 0.01
8820, 5, 28, Status.SNAKE, 0.01
8821, 2, 17, Status.WALL, 0.01
8822, 3, 19, Status.WALL, 0.01
8823, 1, 10, Status.WALL, 0.01
8824, 3, 16, Status.SNAKE, 0.01
8825, 9, 47, Status.SNAKE, 0.01
8826, 10, 221, Status.SNAKE, 0.01
8827, 1, 3, Status.SNAKE, 0.01
8828, 2, 118, Status.SNAKE, 0.01
8829, 1, 13, Status.WALL, 0.01
8830, 2, 28, Status.SNAKE, 0.01
8831, 1, 8, Status.SNAKE, 0.01
8832, 2, 15, Status.WALL, 0.01
8833, 5, 48, Status.WALL, 0.01
8834, 0, 14, Status.WALL, 0.01
8835, 0, 13, Status.WALL, 0.01
8836, 5, 110, Status.SNAKE, 0.01
8837, 1, 6, Status.WALL, 0.01
8838, 1, 8, Status.SNAKE, 0.01
8839, 7, 53, Status.WALL, 0.01
8840, 3, 24, Status.WALL, 0.01
8841, 3, 23, Status.WALL, 0.01
8842, 4, 22, Status.SNAKE, 0.01
8843, 6, 46, Status.SNAKE, 0.01
8844, 1, 6, Status.SNAKE, 0.01
8845, 11, 89, Status.SNAKE, 0.01
8846, 6, 36, Status.SNAKE, 0.01
8847, 3, 32, Status.WALL, 0.01
8848, 2, 8, Status.SNAKE, 0.01
8849, 5, 44, Status.SNAKE, 0.01
8850, 2, 11, Status.SNAKE, 0.01
8851, 3, 18, Status.WALL, 0.01
8852, 1, 4, Status.SNAKE, 0.01
8853, 10, 95, Status.WALL, 0.01
8854, 1, 9, Status.WALL, 0.01
8855, 2, 7, Status.SNAKE, 0.01
8856, 6, 46, Status.WALL, 0.01
8857, 1, 15, Status.SNAKE, 0.01
8858, 2, 14, Status.WALL, 0.01
8859, 4, 37, Status.WALL, 0.01
8860, 5, 36, Status.SNAKE, 0.01
8861, 5, 53, Status.WALL, 0.01
8862, 7, 54, Status.SNAKE, 0.01
8863, 2, 11, Status.SNAKE, 0.01
8864, 2, 5, Status.SNAKE, 0.01
8865, 0, 16, Status.WALL, 0.01
8866, 7, 70, Status.WALL, 0.01
8867, 2, 15, Status.WALL, 0.01
8868, 5, 26, Status.SNAKE, 0.01
8869, 1, 11, Status.SNAKE, 0.01
8870, 2, 575, Status.SNAKE, 0.01
8871, 1, 15, Status.SNAKE, 0.01
8872, 2, 13, Status.SNAKE, 0.01
8873, 10, 102, Status.SNAKE, 0.01
8874, 7, 43, Status.SNAKE, 0.01
8875, 2, 17, Status.WALL, 0.01
8876, 6, 54, Status.SNAKE, 0.01
8877, 1, 13, Status.SNAKE, 0.01
8878, 2, 8, Status.SNAKE, 0.01
8879, 2, 18, Status.WALL, 0.01
8880, 1, 13, Status.WALL, 0.01
8881, 6, 35, Status.SNAKE, 0.01
8882, 3, 20, Status.WALL, 0.01
8883, 1, 4, Status.SNAKE, 0.01
8884, 5, 37, Status.SNAKE, 0.01
8885, 3, 14, Status.SNAKE, 0.01
8886, 3, 47, Status.WALL, 0.01
8887, 1, 15, Status.SNAKE, 0.01
8888, 0, 8, Status.WALL, 0.01
8889, 2, 9, Status.WALL, 0.01
8890, 2, 18, Status.WALL, 0.01
8891, 2, 11, Status.WALL, 0.01
8892, 1, 12, Status.SNAKE, 0.01
8893, 3, 18, Status.SNAKE, 0.01
8894, 4, 14, Status.WALL, 0.01
8895, 3, 14, Status.SNAKE, 0.01
8896, 3, 22, Status.SNAKE, 0.01
8897, 5, 40, Status.WALL, 0.01
8898, 4, 37, Status.SNAKE, 0.01
8899, 2, 31, Status.WALL, 0.01
8900, 6, 47, Status.SNAKE, 0.01
8901, 5, 30, Status.WALL, 0.01
8902, 2, 17, Status.WALL, 0.01
8903, 3, 30, Status.WALL, 0.01
8904, 2, 18, Status.SNAKE, 0.01
8905, 1, 7, Status.WALL, 0.01
8906, 6, 48, Status.WALL, 0.01
8907, 2, 18, Status.SNAKE, 0.01
8908, 1, 17, Status.SNAKE, 0.01
8909, 5, 45, Status.WALL, 0.01
8910, 1, 9, Status.SNAKE, 0.01
8911, 7, 48, Status.WALL, 0.01
8912, 1, 13, Status.SNAKE, 0.01
8913, 3, 19, Status.SNAKE, 0.01
8914, 0, 13, Status.WALL, 0.01
8915, 1, 19, Status.SNAKE, 0.01
8916, 1, 8, Status.WALL, 0.01
8917, 1, 15, Status.SNAKE, 0.01
8918, 2, 9, Status.SNAKE, 0.01
8919, 1, 13, Status.SNAKE, 0.01
8920, 5, 29, Status.WALL, 0.01
8921, 5, 37, Status.WALL, 0.01
8922, 7, 46, Status.SNAKE, 0.01
8923, 1, 15, Status.SNAKE, 0.01
8924, 6, 43, Status.SNAKE, 0.01
8925, 0, 13, Status.WALL, 0.01
8926, 1, 17, Status.SNAKE, 0.01
8927, 8, 69, Status.WALL, 0.01
8928, 0, 13, Status.WALL, 0.01
8929, 3, 14, Status.SNAKE, 0.01
8930, 1, 22, Status.SNAKE, 0.01
8931, 1, 3, Status.SNAKE, 0.01
8932, 3, 24, Status.WALL, 0.01
8933, 10, 77, Status.SNAKE, 0.01
8934, 1, 8, Status.SNAKE, 0.01
8935, 10, 298, Status.SNAKE, 0.01
8936, 1, 8, Status.SNAKE, 0.01
8937, 1, 15, Status.SNAKE, 0.01
8938, 3, 403, Status.SNAKE, 0.01
8939, 7, 38, Status.SNAKE, 0.01
8940, 3, 21, Status.SNAKE, 0.01
8941, 2, 17, Status.SNAKE, 0.01
8942, 1, 10, Status.WALL, 0.01
8943, 2, 31, Status.WALL, 0.01
8944, 0, 14, Status.WALL, 0.01
8945, 4, 311, Status.SNAKE, 0.01
8946, 1, 11, Status.SNAKE, 0.01
8947, 1, 23, Status.SNAKE, 0.01
8948, 0, 14, Status.WALL, 0.01
8949, 2, 27, Status.WALL, 0.01
8950, 4, 35, Status.WALL, 0.01
8951, 5, 71, Status.SNAKE, 0.01
8952, 4, 34, Status.WALL, 0.01
8953, 1, 12, Status.SNAKE, 0.01
8954, 17, 94, Status.SNAKE, 0.01
8955, 6, 28, Status.WALL, 0.01
8956, 0, 13, Status.WALL, 0.01
8957, 1, 13, Status.WALL, 0.01
8958, 4, 35, Status.SNAKE, 0.01
8959, 4, 29, Status.WALL, 0.01
8960, 0, 13, Status.WALL, 0.01
8961, 5, 32, Status.SNAKE, 0.01
8962, 1, 3, Status.SNAKE, 0.01
8963, 1, 9, Status.SNAKE, 0.01
8964, 2, 10, Status.WALL, 0.01
8965, 6, 44, Status.WALL, 0.01
8966, 5, 31, Status.SNAKE, 0.01
8967, 5, 56, Status.SNAKE, 0.01
8968, 2, 12, Status.SNAKE, 0.01
8969, 0, 13, Status.WALL, 0.01
8970, 5, 33, Status.SNAKE, 0.01
8971, 0, 13, Status.WALL, 0.01
8972, 0, 13, Status.WALL, 0.01
8973, 1, 14, Status.SNAKE, 0.01
8974, 4, 25, Status.WALL, 0.01
8975, 4, 24, Status.WALL, 0.01
8976, 1, 15, Status.SNAKE, 0.01
8977, 5, 30, Status.WALL, 0.01
8978, 0, 14, Status.WALL, 0.01
8979, 1, 11, Status.SNAKE, 0.01
8980, 4, 26, Status.WALL, 0.01
8981, 6, 50, Status.SNAKE, 0.01
8982, 1, 8, Status.SNAKE, 0.01
8983, 4, 34, Status.SNAKE, 0.01
8984, 8, 50, Status.WALL, 0.01
8985, 2, 19, Status.WALL, 0.01
8986, 2, 12, Status.WALL, 0.01
8987, 3, 23, Status.SNAKE, 0.01
8988, 1, 20, Status.SNAKE, 0.01
8989, 1, 6, Status.SNAKE, 0.01
8990, 4, 33, Status.WALL, 0.01
8991, 0, 13, Status.WALL, 0.01
8992, 7, 33, Status.SNAKE, 0.01
8993, 1, 16, Status.SNAKE, 0.01
8994, 9, 65, Status.WALL, 0.01
8995, 6, 44, Status.SNAKE, 0.01
8996, 10, 73, Status.SNAKE, 0.01
8997, 1, 11, Status.SNAKE, 0.01
8998, 2, 10, Status.SNAKE, 0.01
8999, 6, 40, Status.SNAKE, 0.01
9000, 3, 28, Status.SNAKE, 0.01
9001, 4, 449, Status.SNAKE, 0.01
9002, 0, 8, Status.WALL, 0.01
9003, 7, 41, Status.SNAKE, 0.01
9004, 1, 11, Status.SNAKE, 0.01
9005, 3, 23, Status.WALL, 0.01
9006, 8, 59, Status.WALL, 0.01
9007, 1, 13, Status.WALL, 0.01
9008, 4, 38, Status.WALL, 0.01
9009, 0, 14, Status.WALL, 0.01
9010, 1, 10, Status.SNAKE, 0.01
9011, 1, 5, Status.SNAKE, 0.01
9012, 1, 3, Status.SNAKE, 0.01
9013, 5, 75, Status.SNAKE, 0.01
9014, 2, 14, Status.SNAKE, 0.01
9015, 2, 12, Status.SNAKE, 0.01
9016, 2, 18, Status.WALL, 0.01
9017, 5, 43, Status.WALL, 0.01
9018, 0, 13, Status.WALL, 0.01
9019, 6, 46, Status.SNAKE, 0.01
9020, 5, 37, Status.SNAKE, 0.01
9021, 3, 41, Status.SNAKE, 0.01
9022, 2, 14, Status.SNAKE, 0.01
9023, 2, 10, Status.WALL, 0.01
9024, 7, 35, Status.SNAKE, 0.01
9025, 3, 23, Status.WALL, 0.01
9026, 0, 13, Status.WALL, 0.01
9027, 2, 26, Status.SNAKE, 0.01
9028, 5, 64, Status.SNAKE, 0.01
9029, 1, 3, Status.SNAKE, 0.01
9030, 1, 8, Status.SNAKE, 0.01
9031, 7, 48, Status.SNAKE, 0.01
9032, 3, 33, Status.WALL, 0.01
9033, 4, 28, Status.SNAKE, 0.01
9034, 3, 25, Status.WALL, 0.01
9035, 4, 29, Status.SNAKE, 0.01
9036, 5, 39, Status.SNAKE, 0.01
9037, 1, 3, Status.SNAKE, 0.01
9038, 5, 32, Status.SNAKE, 0.01
9039, 2, 13, Status.SNAKE, 0.01
9040, 2, 26, Status.SNAKE, 0.01
9041, 1, 13, Status.WALL, 0.01
9042, 5, 53, Status.WALL, 0.01
9043, 3, 26, Status.WALL, 0.01
9044, 3, 32, Status.WALL, 0.01
9045, 1, 9, Status.WALL, 0.01
9046, 1, 10, Status.WALL, 0.01
9047, 5, 62, Status.SNAKE, 0.01
9048, 2, 7, Status.WALL, 0.01
9049, 3, 30, Status.WALL, 0.01
9050, 1, 11, Status.WALL, 0.01
9051, 2, 22, Status.SNAKE, 0.01
9052, 1, 11, Status.SNAKE, 0.01
9053, 1, 4, Status.SNAKE, 0.01
9054, 5, 26, Status.SNAKE, 0.01
9055, 3, 18, Status.WALL, 0.01
9056, 5, 45, Status.WALL, 0.01
9057, 6, 35, Status.WALL, 0.01
9058, 1, 13, Status.WALL, 0.01
9059, 4, 37, Status.SNAKE, 0.01
9060, 3, 31, Status.SNAKE, 0.01
9061, 3, 14, Status.WALL, 0.01
9062, 10, 103, Status.SNAKE, 0.01
9063, 1, 14, Status.SNAKE, 0.01
9064, 1, 11, Status.SNAKE, 0.01
9065, 3, 28, Status.SNAKE, 0.01
9066, 3, 21, Status.WALL, 0.01
9067, 4, 41, Status.WALL, 0.01
9068, 3, 19, Status.SNAKE, 0.01
9069, 0, 13, Status.WALL, 0.01
9070, 0, 8, Status.WALL, 0.01
9071, 1, 13, Status.WALL, 0.01
9072, 2, 15, Status.WALL, 0.01
9073, 1, 18, Status.SNAKE, 0.01
9074, 3, 16, Status.SNAKE, 0.01
9075, 3, 30, Status.WALL, 0.01
9076, 2, 13, Status.SNAKE, 0.01
9077, 3, 38, Status.WALL, 0.01
9078, 12, 61, Status.SNAKE, 0.01
9079, 6, 34, Status.WALL, 0.01
9080, 1, 16, Status.WALL, 0.01
9081, 1, 13, Status.WALL, 0.01
9082, 7, 63, Status.SNAKE, 0.01
9083, 4, 24, Status.WALL, 0.01
9084, 5, 47, Status.SNAKE, 0.01
9085, 7, 49, Status.SNAKE, 0.01
9086, 1, 5, Status.SNAKE, 0.01
9087, 3, 28, Status.WALL, 0.01
9088, 2, 13, Status.WALL, 0.01
9089, 5, 39, Status.SNAKE, 0.01
9090, 5, 41, Status.SNAKE, 0.01
9091, 1, 12, Status.WALL, 0.01
9092, 7, 51, Status.WALL, 0.01
9093, 5, 21, Status.SNAKE, 0.01
9094, 1, 12, Status.WALL, 0.01
9095, 5, 23, Status.WALL, 0.01
9096, 1, 17, Status.WALL, 0.01
9097, 4, 32, Status.WALL, 0.01
9098, 5, 43, Status.WALL, 0.01
9099, 1, 13, Status.WALL, 0.01
9100, 6, 40, Status.SNAKE, 0.01
9101, 8, 73, Status.SNAKE, 0.01
9102, 7, 61, Status.SNAKE, 0.01
9103, 3, 20, Status.WALL, 0.01
9104, 1, 10, Status.WALL, 0.01
9105, 8, 82, Status.SNAKE, 0.01
9106, 5, 48, Status.WALL, 0.01
9107, 8, 33, Status.SNAKE, 0.01
9108, 3, 25, Status.SNAKE, 0.01
9109, 3, 28, Status.SNAKE, 0.01
9110, 1, 9, Status.WALL, 0.01
9111, 8, 74, Status.WALL, 0.01
9112, 10, 75, Status.SNAKE, 0.01
9113, 1, 14, Status.WALL, 0.01
9114, 3, 17, Status.SNAKE, 0.01
9115, 11, 78, Status.SNAKE, 0.01
9116, 9, 70, Status.SNAKE, 0.01
9117, 3, 23, Status.SNAKE, 0.01
9118, 6, 59, Status.WALL, 0.01
9119, 4, 36, Status.SNAKE, 0.01
9120, 8, 60, Status.WALL, 0.01
9121, 3, 34, Status.WALL, 0.01
9122, 4, 32, Status.SNAKE, 0.01
9123, 1, 13, Status.WALL, 0.01
9124, 9, 63, Status.SNAKE, 0.01
9125, 1, 17, Status.WALL, 0.01
9126, 5, 29, Status.SNAKE, 0.01
9127, 1, 7, Status.SNAKE, 0.01
9128, 1, 11, Status.SNAKE, 0.01
9129, 2, 17, Status.WALL, 0.01
9130, 2, 19, Status.SNAKE, 0.01
9131, 2, 14, Status.WALL, 0.01
9132, 1, 14, Status.WALL, 0.01
9133, 5, 54, Status.SNAKE, 0.01
9134, 4, 35, Status.WALL, 0.01
9135, 1, 3, Status.SNAKE, 0.01
9136, 1, 23, Status.SNAKE, 0.01
9137, 2, 12, Status.WALL, 0.01
9138, 6, 56, Status.WALL, 0.01
9139, 7, 50, Status.WALL, 0.01
9140, 2, 18, Status.WALL, 0.01
9141, 3, 30, Status.SNAKE, 0.01
9142, 6, 57, Status.WALL, 0.01
9143, 5, 35, Status.SNAKE, 0.01
9144, 12, 88, Status.WALL, 0.01
9145, 2, 22, Status.WALL, 0.01
9146, 5, 43, Status.WALL, 0.01
9147, 1, 6, Status.SNAKE, 0.01
9148, 8, 58, Status.SNAKE, 0.01
9149, 6, 61, Status.SNAKE, 0.01
9150, 3, 18, Status.WALL, 0.01
9151, 1, 14, Status.SNAKE, 0.01
9152, 4, 47, Status.WALL, 0.01
9153, 8, 54, Status.SNAKE, 0.01
9154, 6, 48, Status.SNAKE, 0.01
9155, 2, 8, Status.WALL, 0.01
9156, 1, 16, Status.WALL, 0.01
9157, 11, 66, Status.WALL, 0.01
9158, 11, 84, Status.SNAKE, 0.01
9159, 2, 15, Status.SNAKE, 0.01
9160, 6, 37, Status.WALL, 0.01
9161, 4, 35, Status.SNAKE, 0.01
9162, 3, 21, Status.SNAKE, 0.01
9163, 2, 25, Status.WALL, 0.01
9164, 18, 147, Status.SNAKE, 0.01
9165, 1, 8, Status.SNAKE, 0.01
9166, 9, 52, Status.WALL, 0.01
9167, 4, 25, Status.SNAKE, 0.01
9168, 4, 44, Status.WALL, 0.01
9169, 7, 60, Status.SNAKE, 0.01
9170, 3, 29, Status.SNAKE, 0.01
9171, 3, 23, Status.SNAKE, 0.01
9172, 1, 16, Status.WALL, 0.01
9173, 1, 13, Status.WALL, 0.01
9174, 1, 3, Status.SNAKE, 0.01
9175, 7, 39, Status.SNAKE, 0.01
9176, 5, 24, Status.SNAKE, 0.01
9177, 3, 25, Status.SNAKE, 0.01
9178, 4, 24, Status.SNAKE, 0.01
9179, 2, 9, Status.WALL, 0.01
9180, 1, 8, Status.WALL, 0.01
9181, 1, 3, Status.SNAKE, 0.01
9182, 2, 17, Status.SNAKE, 0.01
9183, 7, 63, Status.SNAKE, 0.01
9184, 1, 6, Status.WALL, 0.01
9185, 1, 16, Status.WALL, 0.01
9186, 1, 11, Status.WALL, 0.01
9187, 2, 7, Status.SNAKE, 0.01
9188, 2, 21, Status.WALL, 0.01
9189, 12, 114, Status.SNAKE, 0.01
9190, 2, 10, Status.WALL, 0.01
9191, 1, 14, Status.WALL, 0.01
9192, 2, 24, Status.WALL, 0.01
9193, 5, 41, Status.SNAKE, 0.01
9194, 1, 8, Status.SNAKE, 0.01
9195, 4, 31, Status.SNAKE, 0.01
9196, 7, 42, Status.WALL, 0.01
9197, 7, 35, Status.WALL, 0.01
9198, 4, 40, Status.SNAKE, 0.01
9199, 7, 72, Status.WALL, 0.01
9200, 3, 23, Status.SNAKE, 0.01
9201, 1, 15, Status.SNAKE, 0.01
9202, 2, 26, Status.WALL, 0.01
9203, 9, 56, Status.SNAKE, 0.01
9204, 3, 30, Status.WALL, 0.01
9205, 5, 30, Status.SNAKE, 0.01
9206, 2, 10, Status.SNAKE, 0.01
9207, 1, 8, Status.SNAKE, 0.01
9208, 5, 43, Status.SNAKE, 0.01
9209, 7, 36, Status.WALL, 0.01
9210, 3, 10, Status.WALL, 0.01
9211, 7, 59, Status.SNAKE, 0.01
9212, 3, 23, Status.WALL, 0.01
9213, 1, 13, Status.WALL, 0.01
9214, 3, 24, Status.SNAKE, 0.01
9215, 1, 7, Status.SNAKE, 0.01
9216, 5, 39, Status.WALL, 0.01
9217, 2, 18, Status.WALL, 0.01
9218, 3, 22, Status.WALL, 0.01
9219, 4, 60, Status.WALL, 0.01
9220, 0, 17, Status.WALL, 0.01
9221, 9, 75, Status.SNAKE, 0.01
9222, 2, 34, Status.WALL, 0.01
9223, 5, 35, Status.WALL, 0.01
9224, 1, 8, Status.SNAKE, 0.01
9225, 3, 22, Status.WALL, 0.01
9226, 3, 26, Status.SNAKE, 0.01
9227, 3, 38, Status.SNAKE, 0.01
9228, 1, 13, Status.WALL, 0.01
9229, 2, 28, Status.WALL, 0.01
9230, 1, 6, Status.SNAKE, 0.01
9231, 9, 75, Status.SNAKE, 0.01
9232, 1, 13, Status.SNAKE, 0.01
9233, 4, 42, Status.WALL, 0.01
9234, 6, 44, Status.WALL, 0.01
9235, 2, 15, Status.WALL, 0.01
9236, 3, 30, Status.WALL, 0.01
9237, 1, 13, Status.WALL, 0.01
9238, 1, 8, Status.SNAKE, 0.01
9239, 5, 36, Status.SNAKE, 0.01
9240, 6, 60, Status.SNAKE, 0.01
9241, 7, 57, Status.SNAKE, 0.01
9242, 3, 27, Status.SNAKE, 0.01
9243, 3, 34, Status.WALL, 0.01
9244, 3, 20, Status.SNAKE, 0.01
9245, 1, 8, Status.SNAKE, 0.01
9246, 1, 13, Status.WALL, 0.01
9247, 5, 54, Status.WALL, 0.01
9248, 1, 5, Status.SNAKE, 0.01
9249, 4, 36, Status.WALL, 0.01
9250, 1, 6, Status.SNAKE, 0.01
9251, 15, 99, Status.SNAKE, 0.01
9252, 0, 8, Status.WALL, 0.01
9253, 4, 33, Status.WALL, 0.01
9254, 7, 56, Status.WALL, 0.01
9255, 1, 10, Status.WALL, 0.01
9256, 1, 8, Status.WALL, 0.01
9257, 1, 12, Status.WALL, 0.01
9258, 4, 27, Status.SNAKE, 0.01
9259, 3, 23, Status.SNAKE, 0.01
9260, 1, 6, Status.SNAKE, 0.01
9261, 4, 54, Status.WALL, 0.01
9262, 1, 8, Status.SNAKE, 0.01
9263, 5, 34, Status.SNAKE, 0.01
9264, 1, 6, Status.SNAKE, 0.01
9265, 2, 14, Status.SNAKE, 0.01
9266, 1, 13, Status.WALL, 0.01
9267, 4, 14, Status.SNAKE, 0.01
9268, 1, 7, Status.SNAKE, 0.01
9269, 3, 29, Status.WALL, 0.01
9270, 1, 7, Status.SNAKE, 0.01
9271, 4, 18, Status.SNAKE, 0.01
9272, 11, 79, Status.SNAKE, 0.01
9273, 0, 8, Status.WALL, 0.01
9274, 5, 51, Status.SNAKE, 0.01
9275, 4, 30, Status.WALL, 0.01
9276, 0, 8, Status.WALL, 0.01
9277, 9, 44, Status.WALL, 0.01
9278, 3, 12, Status.SNAKE, 0.01
9279, 1, 8, Status.SNAKE, 0.01
9280, 3, 30, Status.SNAKE, 0.01
9281, 1, 13, Status.WALL, 0.01
9282, 1, 18, Status.WALL, 0.01
9283, 1, 13, Status.WALL, 0.01
9284, 5, 45, Status.WALL, 0.01
9285, 5, 31, Status.SNAKE, 0.01
9286, 5, 24, Status.SNAKE, 0.01
9287, 2, 11, Status.SNAKE, 0.01
9288, 2, 11, Status.SNAKE, 0.01
9289, 1, 14, Status.WALL, 0.01
9290, 5, 28, Status.WALL, 0.01
9291, 1, 6, Status.SNAKE, 0.01
9292, 3, 32, Status.WALL, 0.01
9293, 3, 16, Status.WALL, 0.01
9294, 3, 8, Status.WALL, 0.01
9295, 1, 8, Status.WALL, 0.01
9296, 6, 40, Status.WALL, 0.01
9297, 4, 35, Status.SNAKE, 0.01
9298, 5, 51, Status.SNAKE, 0.01
9299, 4, 27, Status.SNAKE, 0.01
9300, 3, 30, Status.SNAKE, 0.01
9301, 6, 57, Status.WALL, 0.01
9302, 9, 79, Status.SNAKE, 0.01
9303, 2, 20, Status.WALL, 0.01
9304, 1, 5, Status.SNAKE, 0.01
9305, 7, 51, Status.WALL, 0.01
9306, 4, 47, Status.SNAKE, 0.01
9307, 1, 5, Status.SNAKE, 0.01
9308, 3, 17, Status.SNAKE, 0.01
9309, 2, 9, Status.SNAKE, 0.01
9310, 8, 55, Status.WALL, 0.01
9311, 1, 4, Status.SNAKE, 0.01
9312, 1, 12, Status.WALL, 0.01
9313, 1, 17, Status.WALL, 0.01
9314, 4, 31, Status.WALL, 0.01
9315, 3, 34, Status.SNAKE, 0.01
9316, 1, 4, Status.SNAKE, 0.01
9317, 2, 14, Status.SNAKE, 0.01
9318, 6, 53, Status.SNAKE, 0.01
9319, 3, 20, Status.WALL, 0.01
9320, 4, 36, Status.SNAKE, 0.01
9321, 2, 20, Status.WALL, 0.01
9322, 7, 47, Status.SNAKE, 0.01
9323, 5, 48, Status.SNAKE, 0.01
9324, 3, 44, Status.WALL, 0.01
9325, 1, 8, Status.SNAKE, 0.01
9326, 9, 53, Status.SNAKE, 0.01
9327, 8, 67, Status.SNAKE, 0.01
9328, 3, 39, Status.SNAKE, 0.01
9329, 5, 31, Status.WALL, 0.01
9330, 4, 42, Status.WALL, 0.01
9331, 8, 54, Status.SNAKE, 0.01
9332, 1, 13, Status.WALL, 0.01
9333, 1, 17, Status.WALL, 0.01
9334, 3, 35, Status.SNAKE, 0.01
9335, 9, 62, Status.SNAKE, 0.01
9336, 5, 38, Status.SNAKE, 0.01
9337, 3, 21, Status.SNAKE, 0.01
9338, 4, 27, Status.WALL, 0.01
9339, 5, 24, Status.SNAKE, 0.01
9340, 6, 54, Status.WALL, 0.01
9341, 1, 13, Status.WALL, 0.01
9342, 1, 16, Status.WALL, 0.01
9343, 1, 13, Status.WALL, 0.01
9344, 4, 37, Status.SNAKE, 0.01
9345, 9, 86, Status.SNAKE, 0.01
9346, 2, 22, Status.WALL, 0.01
9347, 7, 63, Status.SNAKE, 0.01
9348, 3, 30, Status.WALL, 0.01
9349, 3, 23, Status.SNAKE, 0.01
9350, 3, 28, Status.WALL, 0.01
9351, 5, 47, Status.WALL, 0.01
9352, 2, 12, Status.WALL, 0.01
9353, 2, 22, Status.WALL, 0.01
9354, 0, 8, Status.WALL, 0.01
9355, 6, 57, Status.WALL, 0.01
9356, 2, 10, Status.WALL, 0.01
9357, 2, 7, Status.SNAKE, 0.01
9358, 1, 13, Status.WALL, 0.01
9359, 5, 19, Status.SNAKE, 0.01
9360, 5, 31, Status.SNAKE, 0.01
9361, 5, 42, Status.SNAKE, 0.01
9362, 2, 20, Status.WALL, 0.01
9363, 1, 6, Status.SNAKE, 0.01
9364, 3, 21, Status.SNAKE, 0.01
9365, 3, 29, Status.WALL, 0.01
9366, 1, 6, Status.SNAKE, 0.01
9367, 2, 17, Status.SNAKE, 0.01
9368, 10, 58, Status.SNAKE, 0.01
9369, 2, 16, Status.WALL, 0.01
9370, 12, 81, Status.SNAKE, 0.01
9371, 3, 33, Status.WALL, 0.01
9372, 9, 63, Status.SNAKE, 0.01
9373, 7, 48, Status.WALL, 0.01
9374, 3, 17, Status.WALL, 0.01
9375, 1, 8, Status.WALL, 0.01
9376, 5, 45, Status.SNAKE, 0.01
9377, 4, 23, Status.SNAKE, 0.01
9378, 6, 53, Status.SNAKE, 0.01
9379, 11, 85, Status.SNAKE, 0.01
9380, 7, 52, Status.WALL, 0.01
9381, 2, 8, Status.SNAKE, 0.01
9382, 2, 10, Status.WALL, 0.01
9383, 1, 13, Status.WALL, 0.01
9384, 0, 8, Status.WALL, 0.01
9385, 4, 21, Status.SNAKE, 0.01
9386, 7, 46, Status.SNAKE, 0.01
9387, 4, 28, Status.WALL, 0.01
9388, 1, 4, Status.SNAKE, 0.01
9389, 8, 62, Status.WALL, 0.01
9390, 5, 38, Status.WALL, 0.01
9391, 5, 44, Status.WALL, 0.01
9392, 4, 50, Status.WALL, 0.01
9393, 1, 5, Status.SNAKE, 0.01
9394, 3, 26, Status.WALL, 0.01
9395, 4, 34, Status.SNAKE, 0.01
9396, 1, 16, Status.WALL, 0.01
9397, 3, 17, Status.SNAKE, 0.01
9398, 4, 26, Status.SNAKE, 0.01
9399, 2, 12, Status.SNAKE, 0.01
9400, 2, 11, Status.SNAKE, 0.01
9401, 5, 32, Status.SNAKE, 0.01
9402, 9, 64, Status.SNAKE, 0.01
9403, 5, 32, Status.WALL, 0.01
9404, 4, 29, Status.SNAKE, 0.01
9405, 2, 19, Status.WALL, 0.01
9406, 7, 59, Status.SNAKE, 0.01
9407, 4, 39, Status.WALL, 0.01
9408, 6, 45, Status.WALL, 0.01
9409, 7, 43, Status.WALL, 0.01
9410, 4, 38, Status.WALL, 0.01
9411, 8, 76, Status.WALL, 0.01
9412, 2, 14, Status.SNAKE, 0.01
9413, 5, 41, Status.WALL, 0.01
9414, 11, 72, Status.SNAKE, 0.01
9415, 2, 34, Status.WALL, 0.01
9416, 2, 11, Status.SNAKE, 0.01
9417, 3, 25, Status.WALL, 0.01
9418, 9, 55, Status.WALL, 0.01
9419, 7, 52, Status.SNAKE, 0.01
9420, 11, 84, Status.SNAKE, 0.01
9421, 4, 36, Status.SNAKE, 0.01
9422, 6, 40, Status.SNAKE, 0.01
9423, 3, 25, Status.WALL, 0.01
9424, 4, 35, Status.WALL, 0.01
9425, 3, 34, Status.SNAKE, 0.01
9426, 0, 8, Status.WALL, 0.01
9427, 6, 48, Status.SNAKE, 0.01
9428, 1, 17, Status.WALL, 0.01
9429, 3, 9, Status.SNAKE, 0.01
9430, 6, 36, Status.SNAKE, 0.01
9431, 3, 16, Status.WALL, 0.01
9432, 2, 19, Status.WALL, 0.01
9433, 5, 30, Status.SNAKE, 0.01
9434, 5, 47, Status.WALL, 0.01
9435, 1, 7, Status.SNAKE, 0.01
9436, 2, 12, Status.SNAKE, 0.01
9437, 1, 4, Status.SNAKE, 0.01
9438, 4, 18, Status.SNAKE, 0.01
9439, 8, 67, Status.WALL, 0.01
9440, 1, 14, Status.WALL, 0.01
9441, 2, 13, Status.WALL, 0.01
9442, 4, 34, Status.SNAKE, 0.01
9443, 6, 41, Status.SNAKE, 0.01
9444, 1, 14, Status.WALL, 0.01
9445, 2, 20, Status.WALL, 0.01
9446, 1, 6, Status.SNAKE, 0.01
9447, 2, 24, Status.WALL, 0.01
9448, 5, 47, Status.SNAKE, 0.01
9449, 0, 8, Status.WALL, 0.01
9450, 3, 37, Status.SNAKE, 0.01
9451, 1, 4, Status.SNAKE, 0.01
9452, 4, 38, Status.WALL, 0.01
9453, 1, 4, Status.SNAKE, 0.01
9454, 3, 19, Status.WALL, 0.01
9455, 3, 26, Status.WALL, 0.01
9456, 1, 14, Status.WALL, 0.01
9457, 2, 14, Status.SNAKE, 0.01
9458, 5, 37, Status.SNAKE, 0.01
9459, 3, 14, Status.WALL, 0.01
9460, 1, 5, Status.SNAKE, 0.01
9461, 1, 7, Status.WALL, 0.01
9462, 2, 18, Status.SNAKE, 0.01
9463, 8, 77, Status.SNAKE, 0.01
9464, 2, 9, Status.SNAKE, 0.01
9465, 2, 12, Status.WALL, 0.01
9466, 1, 17, Status.SNAKE, 0.01
9467, 1, 7, Status.SNAKE, 0.01
9468, 4, 46, Status.SNAKE, 0.01
9469, 1, 5, Status.WALL, 0.01
9470, 4, 47, Status.SNAKE, 0.01
9471, 5, 40, Status.SNAKE, 0.01
9472, 3, 20, Status.SNAKE, 0.01
9473, 3, 29, Status.SNAKE, 0.01
9474, 6, 35, Status.SNAKE, 0.01
9475, 4, 40, Status.WALL, 0.01
9476, 2, 15, Status.WALL, 0.01
9477, 6, 62, Status.SNAKE, 0.01
9478, 1, 8, Status.SNAKE, 0.01
9479, 3, 25, Status.SNAKE, 0.01
9480, 1, 8, Status.SNAKE, 0.01
9481, 1, 6, Status.SNAKE, 0.01
9482, 1, 9, Status.WALL, 0.01
9483, 1, 12, Status.WALL, 0.01
9484, 5, 32, Status.SNAKE, 0.01
9485, 1, 5, Status.SNAKE, 0.01
9486, 2, 14, Status.WALL, 0.01
9487, 8, 78, Status.SNAKE, 0.01
9488, 1, 7, Status.SNAKE, 0.01
9489, 1, 6, Status.SNAKE, 0.01
9490, 1, 7, Status.SNAKE, 0.01
9491, 7, 62, Status.SNAKE, 0.01
9492, 7, 55, Status.SNAKE, 0.01
9493, 4, 24, Status.WALL, 0.01
9494, 1, 12, Status.WALL, 0.01
9495, 2, 3, Status.SNAKE, 0.01
9496, 0, 8, Status.WALL, 0.01
9497, 2, 9, Status.WALL, 0.01
9498, 1, 17, Status.WALL, 0.01
9499, 1, 8, Status.WALL, 0.01
9500, 1, 6, Status.WALL, 0.01
9501, 8, 71, Status.WALL, 0.01
9502, 4, 40, Status.SNAKE, 0.01
9503, 1, 6, Status.SNAKE, 0.01
9504, 1, 10, Status.SNAKE, 0.01
9505, 4, 30, Status.WALL, 0.01
9506, 3, 17, Status.SNAKE, 0.01
9507, 2, 11, Status.SNAKE, 0.01
9508, 3, 18, Status.WALL, 0.01
9509, 2, 14, Status.SNAKE, 0.01
9510, 2, 13, Status.SNAKE, 0.01
9511, 6, 60, Status.SNAKE, 0.01
9512, 12, 99, Status.WALL, 0.01
9513, 7, 46, Status.WALL, 0.01
9514, 1, 14, Status.WALL, 0.01
9515, 2, 10, Status.SNAKE, 0.01
9516, 6, 60, Status.SNAKE, 0.01
9517, 6, 50, Status.WALL, 0.01
9518, 3, 8, Status.SNAKE, 0.01
9519, 1, 8, Status.WALL, 0.01
9520, 4, 37, Status.SNAKE, 0.01
9521, 3, 15, Status.SNAKE, 0.01
9522, 6, 38, Status.WALL, 0.01
9523, 7, 64, Status.SNAKE, 0.01
9524, 9, 86, Status.WALL, 0.01
9525, 1, 13, Status.WALL, 0.01
9526, 1, 17, Status.WALL, 0.01
9527, 4, 36, Status.WALL, 0.01
9528, 6, 37, Status.WALL, 0.01
9529, 12, 74, Status.WALL, 0.01
9530, 5, 31, Status.SNAKE, 0.01
9531, 3, 31, Status.SNAKE, 0.01
9532, 6, 50, Status.SNAKE, 0.01
9533, 3, 16, Status.WALL, 0.01
9534, 1, 6, Status.SNAKE, 0.01
9535, 3, 20, Status.WALL, 0.01
9536, 6, 48, Status.WALL, 0.01
9537, 1, 9, Status.WALL, 0.01
9538, 1, 13, Status.WALL, 0.01
9539, 4, 36, Status.SNAKE, 0.01
9540, 4, 25, Status.SNAKE, 0.01
9541, 3, 33, Status.SNAKE, 0.01
9542, 14, 90, Status.SNAKE, 0.01
9543, 4, 39, Status.WALL, 0.01
9544, 6, 39, Status.SNAKE, 0.01
9545, 7, 58, Status.SNAKE, 0.01
9546, 1, 6, Status.SNAKE, 0.01
9547, 1, 10, Status.SNAKE, 0.01
9548, 8, 51, Status.SNAKE, 0.01
9549, 1, 17, Status.WALL, 0.01
9550, 2, 16, Status.WALL, 0.01
9551, 8, 58, Status.SNAKE, 0.01
9552, 4, 38, Status.SNAKE, 0.01
9553, 2, 18, Status.WALL, 0.01
9554, 17, 149, Status.SNAKE, 0.01
9555, 9, 76, Status.WALL, 0.01
9556, 8, 67, Status.SNAKE, 0.01
9557, 3, 27, Status.SNAKE, 0.01
9558, 5, 50, Status.SNAKE, 0.01
9559, 6, 39, Status.SNAKE, 0.01
9560, 2, 30, Status.WALL, 0.01
9561, 1, 3, Status.SNAKE, 0.01
9562, 9, 64, Status.WALL, 0.01
9563, 2, 14, Status.SNAKE, 0.01
9564, 2, 23, Status.SNAKE, 0.01
9565, 1, 9, Status.WALL, 0.01
9566, 13, 106, Status.SNAKE, 0.01
9567, 1, 3, Status.SNAKE, 0.01
9568, 8, 57, Status.SNAKE, 0.01
9569, 1, 3, Status.SNAKE, 0.01
9570, 4, 43, Status.SNAKE, 0.01
9571, 2, 10, Status.WALL, 0.01
9572, 3, 15, Status.SNAKE, 0.01
9573, 5, 47, Status.WALL, 0.01
9574, 5, 44, Status.WALL, 0.01
9575, 1, 5, Status.SNAKE, 0.01
9576, 1, 17, Status.WALL, 0.01
9577, 3, 24, Status.SNAKE, 0.01
9578, 7, 67, Status.SNAKE, 0.01
9579, 5, 44, Status.SNAKE, 0.01
9580, 11, 92, Status.SNAKE, 0.01
9581, 5, 51, Status.SNAKE, 0.01
9582, 4, 22, Status.SNAKE, 0.01
9583, 3, 19, Status.WALL, 0.01
9584, 5, 58, Status.WALL, 0.01
9585, 1, 14, Status.WALL, 0.01
9586, 1, 17, Status.SNAKE, 0.01
9587, 3, 10, Status.SNAKE, 0.01
9588, 4, 46, Status.WALL, 0.01
9589, 3, 19, Status.WALL, 0.01
9590, 1, 8, Status.SNAKE, 0.01
9591, 1, 6, Status.WALL, 0.01
9592, 5, 25, Status.WALL, 0.01
9593, 7, 37, Status.WALL, 0.01
9594, 3, 28, Status.SNAKE, 0.01
9595, 5, 40, Status.WALL, 0.01
9596, 4, 26, Status.WALL, 0.01
9597, 4, 34, Status.WALL, 0.01
9598, 10, 66, Status.SNAKE, 0.01
9599, 1, 3, Status.SNAKE, 0.01
9600, 2, 16, Status.WALL, 0.01
9601, 3, 20, Status.WALL, 0.01
9602, 3, 19, Status.SNAKE, 0.01
9603, 9, 68, Status.WALL, 0.01
9604, 2, 14, Status.WALL, 0.01
9605, 6, 40, Status.SNAKE, 0.01
9606, 1, 14, Status.WALL, 0.01
9607, 2, 23, Status.WALL, 0.01
9608, 8, 54, Status.SNAKE, 0.01
9609, 4, 20, Status.WALL, 0.01
9610, 4, 38, Status.SNAKE, 0.01
9611, 3, 17, Status.SNAKE, 0.01
9612, 7, 39, Status.SNAKE, 0.01
9613, 9, 62, Status.SNAKE, 0.01
9614, 1, 9, Status.WALL, 0.01
9615, 8, 87, Status.WALL, 0.01
9616, 1, 9, Status.WALL, 0.01
9617, 4, 25, Status.SNAKE, 0.01
9618, 4, 29, Status.WALL, 0.01
9619, 2, 14, Status.WALL, 0.01
9620, 4, 23, Status.SNAKE, 0.01
9621, 11, 84, Status.WALL, 0.01
9622, 0, 8, Status.WALL, 0.01
9623, 3, 37, Status.SNAKE, 0.01
9624, 0, 8, Status.WALL, 0.01
9625, 7, 62, Status.SNAKE, 0.01
9626, 1, 13, Status.WALL, 0.01
9627, 10, 74, Status.SNAKE, 0.01
9628, 1, 14, Status.WALL, 0.01
9629, 2, 18, Status.SNAKE, 0.01
9630, 4, 27, Status.SNAKE, 0.01
9631, 4, 38, Status.WALL, 0.01
9632, 1, 6, Status.SNAKE, 0.01
9633, 6, 50, Status.SNAKE, 0.01
9634, 7, 81, Status.WALL, 0.01
9635, 1, 5, Status.SNAKE, 0.01
9636, 9, 58, Status.SNAKE, 0.01
9637, 5, 52, Status.SNAKE, 0.01
9638, 4, 40, Status.WALL, 0.01
9639, 3, 29, Status.SNAKE, 0.01
9640, 6, 68, Status.WALL, 0.01
9641, 3, 32, Status.WALL, 0.01
9642, 14, 131, Status.SNAKE, 0.01
9643, 2, 12, Status.WALL, 0.01
9644, 3, 14, Status.SNAKE, 0.01
9645, 6, 36, Status.SNAKE, 0.01
9646, 2, 18, Status.WALL, 0.01
9647, 1, 8, Status.WALL, 0.01
9648, 2, 16, Status.WALL, 0.01
9649, 5, 41, Status.SNAKE, 0.01
9650, 5, 48, Status.WALL, 0.01
9651, 4, 36, Status.WALL, 0.01
9652, 4, 27, Status.SNAKE, 0.01
9653, 4, 35, Status.WALL, 0.01
9654, 6, 45, Status.WALL, 0.01
9655, 8, 63, Status.SNAKE, 0.01
9656, 4, 28, Status.WALL, 0.01
9657, 6, 56, Status.WALL, 0.01
9658, 10, 66, Status.SNAKE, 0.01
9659, 5, 38, Status.WALL, 0.01
9660, 7, 41, Status.SNAKE, 0.01
9661, 4, 42, Status.SNAKE, 0.01
9662, 3, 29, Status.WALL, 0.01
9663, 1, 5, Status.SNAKE, 0.01
9664, 5, 39, Status.SNAKE, 0.01
9665, 4, 41, Status.WALL, 0.01
9666, 1, 8, Status.WALL, 0.01
9667, 7, 51, Status.SNAKE, 0.01
9668, 15, 118, Status.WALL, 0.01
9669, 2, 15, Status.WALL, 0.01
9670, 4, 26, Status.SNAKE, 0.01
9671, 0, 8, Status.WALL, 0.01
9672, 2, 42, Status.WALL, 0.01
9673, 7, 53, Status.WALL, 0.01
9674, 6, 41, Status.SNAKE, 0.01
9675, 6, 49, Status.SNAKE, 0.01
9676, 1, 6, Status.SNAKE, 0.01
9677, 3, 46, Status.WALL, 0.01
9678, 9, 55, Status.SNAKE, 0.01
9679, 3, 26, Status.SNAKE, 0.01
9680, 3, 29, Status.SNAKE, 0.01
9681, 8, 63, Status.WALL, 0.01
9682, 3, 24, Status.WALL, 0.01
9683, 7, 63, Status.SNAKE, 0.01
9684, 2, 23, Status.WALL, 0.01
9685, 5, 66, Status.WALL, 0.01
9686, 5, 55, Status.WALL, 0.01
9687, 1, 16, Status.WALL, 0.01
9688, 3, 23, Status.WALL, 0.01
9689, 3, 26, Status.WALL, 0.01
9690, 9, 64, Status.SNAKE, 0.01
9691, 0, 7, Status.WALL, 0.01
9692, 1, 8, Status.WALL, 0.01
9693, 1, 16, Status.WALL, 0.01
9694, 5, 28, Status.SNAKE, 0.01
9695, 2, 14, Status.WALL, 0.01
9696, 6, 45, Status.SNAKE, 0.01
9697, 5, 36, Status.WALL, 0.01
9698, 3, 34, Status.WALL, 0.01
9699, 1, 6, Status.SNAKE, 0.01
9700, 1, 8, Status.WALL, 0.01
9701, 8, 38, Status.WALL, 0.01
9702, 2, 8, Status.WALL, 0.01
9703, 9, 82, Status.WALL, 0.01
9704, 2, 12, Status.WALL, 0.01
9705, 5, 56, Status.WALL, 0.01
9706, 1, 3, Status.SNAKE, 0.01
9707, 1, 16, Status.WALL, 0.01
9708, 4, 50, Status.WALL, 0.01
9709, 2, 20, Status.WALL, 0.01
9710, 2, 24, Status.WALL, 0.01
9711, 6, 52, Status.SNAKE, 0.01
9712, 7, 47, Status.SNAKE, 0.01
9713, 2, 18, Status.WALL, 0.01
9714, 6, 39, Status.SNAKE, 0.01
9715, 1, 5, Status.SNAKE, 0.01
9716, 5, 42, Status.WALL, 0.01
9717, 1, 12, Status.SNAKE, 0.01
9718, 2, 21, Status.SNAKE, 0.01
9719, 1, 7, Status.WALL, 0.01
9720, 4, 27, Status.WALL, 0.01
9721, 1, 13, Status.WALL, 0.01
9722, 4, 29, Status.WALL, 0.01
9723, 7, 50, Status.WALL, 0.01
9724, 6, 55, Status.WALL, 0.01
9725, 1, 14, Status.WALL, 0.01
9726, 4, 37, Status.WALL, 0.01
9727, 4, 27, Status.WALL, 0.01
9728, 5, 44, Status.SNAKE, 0.01
9729, 10, 92, Status.SNAKE, 0.01
9730, 9, 60, Status.SNAKE, 0.01
9731, 2, 16, Status.WALL, 0.01
9732, 2, 12, Status.SNAKE, 0.01
9733, 4, 21, Status.SNAKE, 0.01
9734, 2, 10, Status.WALL, 0.01
9735, 5, 58, Status.WALL, 0.01
9736, 1, 8, Status.SNAKE, 0.01
9737, 7, 59, Status.SNAKE, 0.01
9738, 3, 19, Status.SNAKE, 0.01
9739, 3, 12, Status.WALL, 0.01
9740, 5, 26, Status.SNAKE, 0.01
9741, 7, 67, Status.SNAKE, 0.01
9742, 6, 33, Status.SNAKE, 0.01
9743, 5, 38, Status.SNAKE, 0.01
9744, 4, 35, Status.SNAKE, 0.01
9745, 4, 32, Status.SNAKE, 0.01
9746, 6, 44, Status.WALL, 0.01
9747, 4, 38, Status.WALL, 0.01
9748, 1, 17, Status.WALL, 0.01
9749, 2, 19, Status.SNAKE, 0.01
9750, 10, 88, Status.SNAKE, 0.01
9751, 5, 33, Status.SNAKE, 0.01
9752, 2, 30, Status.SNAKE, 0.01
9753, 0, 7, Status.WALL, 0.01
9754, 7, 73, Status.SNAKE, 0.01
9755, 3, 28, Status.WALL, 0.01
9756, 6, 64, Status.WALL, 0.01
9757, 8, 56, Status.SNAKE, 0.01
9758, 5, 48, Status.WALL, 0.01
9759, 6, 43, Status.SNAKE, 0.01
9760, 10, 75, Status.SNAKE, 0.01
9761, 1, 14, Status.WALL, 0.01
9762, 4, 31, Status.SNAKE, 0.01
9763, 3, 26, Status.SNAKE, 0.01
9764, 1, 5, Status.WALL, 0.01
9765, 3, 36, Status.WALL, 0.01
9766, 3, 15, Status.SNAKE, 0.01
9767, 3, 15, Status.WALL, 0.01
9768, 1, 17, Status.WALL, 0.01
9769, 3, 27, Status.SNAKE, 0.01
9770, 3, 28, Status.WALL, 0.01
9771, 1, 7, Status.SNAKE, 0.01
9772, 2, 11, Status.WALL, 0.01
9773, 1, 13, Status.WALL, 0.01
9774, 2, 17, Status.WALL, 0.01
9775, 6, 34, Status.SNAKE, 0.01
9776, 5, 43, Status.WALL, 0.01
9777, 1, 5, Status.WALL, 0.01
9778, 7, 56, Status.WALL, 0.01
9779, 3, 32, Status.SNAKE, 0.01
9780, 5, 35, Status.WALL, 0.01
9781, 3, 31, Status.SNAKE, 0.01
9782, 1, 7, Status.SNAKE, 0.01
9783, 9, 52, Status.WALL, 0.01
9784, 13, 94, Status.WALL, 0.01
9785, 4, 31, Status.WALL, 0.01
9786, 10, 83, Status.SNAKE, 0.01
9787, 4, 17, Status.SNAKE, 0.01
9788, 2, 20, Status.WALL, 0.01
9789, 2, 15, Status.SNAKE, 0.01
9790, 1, 11, Status.SNAKE, 0.01
9791, 7, 51, Status.SNAKE, 0.01
9792, 7, 56, Status.SNAKE, 0.01
9793, 3, 28, Status.SNAKE, 0.01
9794, 5, 32, Status.WALL, 0.01
9795, 1, 6, Status.SNAKE, 0.01
9796, 2, 20, Status.SNAKE, 0.01
9797, 9, 105, Status.SNAKE, 0.01
9798, 2, 18, Status.WALL, 0.01
9799, 10, 49, Status.SNAKE, 0.01
9800, 1, 7, Status.SNAKE, 0.01
9801, 12, 74, Status.WALL, 0.01
9802, 5, 31, Status.WALL, 0.01
9803, 6, 41, Status.SNAKE, 0.01
9804, 5, 44, Status.WALL, 0.01
9805, 4, 29, Status.WALL, 0.01
9806, 0, 8, Status.WALL, 0.01
9807, 5, 36, Status.WALL, 0.01
9808, 8, 63, Status.WALL, 0.01
9809, 7, 55, Status.SNAKE, 0.01
9810, 1, 8, Status.WALL, 0.01
9811, 9, 81, Status.SNAKE, 0.01
9812, 3, 37, Status.SNAKE, 0.01
9813, 4, 35, Status.WALL, 0.01
9814, 1, 3, Status.SNAKE, 0.01
9815, 6, 34, Status.WALL, 0.01
9816, 7, 45, Status.SNAKE, 0.01
9817, 6, 58, Status.SNAKE, 0.01
9818, 3, 26, Status.SNAKE, 0.01
9819, 6, 43, Status.SNAKE, 0.01
9820, 1, 10, Status.WALL, 0.01
9821, 7, 39, Status.WALL, 0.01
9822, 9, 74, Status.SNAKE, 0.01
9823, 6, 49, Status.SNAKE, 0.01
9824, 5, 32, Status.SNAKE, 0.01
9825, 3, 11, Status.SNAKE, 0.01
9826, 5, 44, Status.WALL, 0.01
9827, 6, 38, Status.SNAKE, 0.01
9828, 2, 16, Status.WALL, 0.01
9829, 1, 17, Status.WALL, 0.01
9830, 3, 26, Status.WALL, 0.01
9831, 3, 17, Status.SNAKE, 0.01
9832, 2, 19, Status.SNAKE, 0.01
9833, 5, 38, Status.WALL, 0.01
9834, 8, 72, Status.WALL, 0.01
9835, 2, 12, Status.WALL, 0.01
9836, 6, 71, Status.SNAKE, 0.01
9837, 3, 22, Status.WALL, 0.01
9838, 3, 41, Status.SNAKE, 0.01
9839, 4, 37, Status.SNAKE, 0.01
9840, 2, 14, Status.WALL, 0.01
9841, 2, 21, Status.WALL, 0.01
9842, 8, 41, Status.SNAKE, 0.01
9843, 7, 66, Status.SNAKE, 0.01
9844, 6, 37, Status.SNAKE, 0.01
9845, 2, 12, Status.WALL, 0.01
9846, 3, 25, Status.SNAKE, 0.01
9847, 7, 56, Status.WALL, 0.01
9848, 1, 16, Status.WALL, 0.01
9849, 7, 66, Status.SNAKE, 0.01
9850, 4, 35, Status.WALL, 0.01
9851, 7, 52, Status.WALL, 0.01
9852, 3, 21, Status.WALL, 0.01
9853, 15, 144, Status.SNAKE, 0.01
9854, 1, 13, Status.WALL, 0.01
9855, 1, 13, Status.WALL, 0.01
9856, 2, 20, Status.SNAKE, 0.01
9857, 3, 45, Status.SNAKE, 0.01
9858, 1, 5, Status.SNAKE, 0.01
9859, 10, 81, Status.SNAKE, 0.01
9860, 1, 17, Status.WALL, 0.01
9861, 2, 19, Status.SNAKE, 0.01
9862, 3, 26, Status.SNAKE, 0.01
9863, 2, 29, Status.WALL, 0.01
9864, 1, 13, Status.WALL, 0.01
9865, 7, 28, Status.WALL, 0.01
9866, 1, 9, Status.WALL, 0.01
9867, 1, 24, Status.SNAKE, 0.01
9868, 3, 10, Status.SNAKE, 0.01
9869, 2, 13, Status.WALL, 0.01
9870, 8, 61, Status.SNAKE, 0.01
9871, 5, 49, Status.SNAKE, 0.01
9872, 10, 53, Status.SNAKE, 0.01
9873, 2, 27, Status.WALL, 0.01
9874, 5, 19, Status.SNAKE, 0.01
9875, 1, 12, Status.WALL, 0.01
9876, 7, 49, Status.SNAKE, 0.01
9877, 4, 15, Status.SNAKE, 0.01
9878, 2, 5, Status.SNAKE, 0.01
9879, 6, 44, Status.WALL, 0.01
9880, 5, 29, Status.SNAKE, 0.01
9881, 7, 40, Status.SNAKE, 0.01
9882, 5, 38, Status.WALL, 0.01
9883, 2, 19, Status.SNAKE, 0.01
9884, 5, 46, Status.WALL, 0.01
9885, 3, 33, Status.SNAKE, 0.01
9886, 7, 58, Status.WALL, 0.01
9887, 8, 70, Status.SNAKE, 0.01
9888, 5, 38, Status.WALL, 0.01
9889, 1, 12, Status.WALL, 0.01
9890, 2, 11, Status.SNAKE, 0.01
9891, 2, 19, Status.WALL, 0.01
9892, 10, 81, Status.SNAKE, 0.01
9893, 1, 8, Status.SNAKE, 0.01
9894, 1, 10, Status.WALL, 0.01
9895, 9, 58, Status.SNAKE, 0.01
9896, 1, 14, Status.WALL, 0.01
9897, 5, 46, Status.SNAKE, 0.01
9898, 7, 46, Status.SNAKE, 0.01
9899, 1, 16, Status.WALL, 0.01
9900, 9, 62, Status.SNAKE, 0.01
9901, 5, 23, Status.SNAKE, 0.01
9902, 1, 3, Status.SNAKE, 0.01
9903, 1, 12, Status.WALL, 0.01
9904, 2, 30, Status.WALL, 0.01
9905, 5, 54, Status.WALL, 0.01
9906, 3, 23, Status.SNAKE, 0.01
9907, 7, 59, Status.SNAKE, 0.01
9908, 2, 15, Status.WALL, 0.01
9909, 6, 33, Status.WALL, 0.01
9910, 0, 8, Status.WALL, 0.01
9911, 5, 41, Status.WALL, 0.01
9912, 4, 32, Status.SNAKE, 0.01
9913, 1, 8, Status.SNAKE, 0.01
9914, 4, 31, Status.WALL, 0.01
9915, 5, 29, Status.WALL, 0.01
9916, 1, 3, Status.SNAKE, 0.01
9917, 2, 21, Status.SNAKE, 0.01
9918, 1, 13, Status.WALL, 0.01
9919, 5, 54, Status.WALL, 0.01
9920, 6, 41, Status.SNAKE, 0.01
9921, 4, 24, Status.SNAKE, 0.01
9922, 1, 8, Status.SNAKE, 0.01
9923, 1, 5, Status.SNAKE, 0.01
9924, 2, 23, Status.SNAKE, 0.01
9925, 0, 8, Status.WALL, 0.01
9926, 2, 16, Status.WALL, 0.01
9927, 1, 13, Status.WALL, 0.01
9928, 1, 14, Status.WALL, 0.01
9929, 1, 6, Status.SNAKE, 0.01
9930, 12, 107, Status.WALL, 0.01
9931, 2, 23, Status.WALL, 0.01
9932, 7, 52, Status.WALL, 0.01
9933, 3, 24, Status.WALL, 0.01
9934, 1, 19, Status.SNAKE, 0.01
9935, 2, 12, Status.WALL, 0.01
9936, 1, 13, Status.WALL, 0.01
9937, 3, 29, Status.SNAKE, 0.01
9938, 9, 79, Status.SNAKE, 0.01
9939, 1, 13, Status.WALL, 0.01
9940, 9, 69, Status.WALL, 0.01
9941, 1, 13, Status.SNAKE, 0.01
9942, 3, 29, Status.SNAKE, 0.01
9943, 5, 30, Status.SNAKE, 0.01
9944, 4, 30, Status.SNAKE, 0.01
9945, 2, 14, Status.WALL, 0.01
9946, 1, 7, Status.SNAKE, 0.01
9947, 3, 20, Status.SNAKE, 0.01
9948, 8, 59, Status.SNAKE, 0.01
9949, 7, 31, Status.WALL, 0.01
9950, 1, 17, Status.WALL, 0.01
9951, 6, 49, Status.SNAKE, 0.01
9952, 0, 8, Status.WALL, 0.01
9953, 3, 23, Status.SNAKE, 0.01
9954, 5, 32, Status.SNAKE, 0.01
9955, 3, 22, Status.WALL, 0.01
9956, 7, 68, Status.WALL, 0.01
9957, 3, 22, Status.SNAKE, 0.01
9958, 3, 45, Status.WALL, 0.01
9959, 2, 20, Status.WALL, 0.01
9960, 2, 18, Status.WALL, 0.01
9961, 2, 28, Status.WALL, 0.01
9962, 3, 23, Status.WALL, 0.01
9963, 4, 45, Status.WALL, 0.01
9964, 6, 51, Status.WALL, 0.01
9965, 1, 6, Status.SNAKE, 0.01
9966, 6, 45, Status.SNAKE, 0.01
9967, 5, 23, Status.WALL, 0.01
9968, 1, 14, Status.WALL, 0.01
9969, 1, 8, Status.SNAKE, 0.01
9970, 5, 34, Status.WALL, 0.01
9971, 5, 38, Status.WALL, 0.01
9972, 4, 34, Status.WALL, 0.01
9973, 5, 41, Status.SNAKE, 0.01
9974, 7, 55, Status.SNAKE, 0.01
9975, 3, 16, Status.SNAKE, 0.01
9976, 1, 3, Status.SNAKE, 0.01
9977, 9, 43, Status.SNAKE, 0.01
9978, 2, 16, Status.WALL, 0.01
9979, 7, 68, Status.WALL, 0.01
9980, 2, 19, Status.SNAKE, 0.01
9981, 14, 90, Status.WALL, 0.01
9982, 1, 14, Status.WALL, 0.01
9983, 1, 8, Status.WALL, 0.01
9984, 7, 46, Status.WALL, 0.01
9985, 2, 13, Status.SNAKE, 0.01
9986, 3, 36, Status.SNAKE, 0.01
9987, 1, 5, Status.SNAKE, 0.01
9988, 4, 35, Status.SNAKE, 0.01
9989, 13, 89, Status.WALL, 0.01
9990, 1, 8, Status.SNAKE, 0.01
9991, 2, 19, Status.WALL, 0.01
9992, 3, 19, Status.SNAKE, 0.01
9993, 2, 21, Status.WALL, 0.01
9994, 3, 21, Status.WALL, 0.01
9995, 6, 40, Status.WALL, 0.01
9996, 0, 8, Status.WALL, 0.01
9997, 2, 23, Status.WALL, 0.01
9998, 5, 29, Status.SNAKE, 0.01
9999, 6, 41, Status.SNAKE, 0.01
10000, 3, 30, Status.SNAKE, 0.01
